t, x , y, z , scale_x, scale_y, scale_z, stimulusOn
1199.856, 2021-07-05T16:07:08.1353700+08:00, 0, 12.94095, 48.29629, 1, 1, 1, False
1199.86, 2021-07-05T16:07:08.1387340+08:00, 0, 12.94095, 48.29629, 1, 1, 1, False
1199.864, 2021-07-05T16:07:08.1427660+08:00, 0, 12.94095, 48.29629, 1, 1, 1, False
1199.868, 2021-07-05T16:07:08.1468460+08:00, 0, 12.94095, 48.29629, 1, 1, 1, False
1199.872, 2021-07-05T16:07:08.1507670+08:00, 0, 12.94095, 48.29629, 1, 1, 1, False
1199.876, 2021-07-05T16:07:08.1550120+08:00, 0, 12.94095, 48.29629, 1, 1, 1, False
1199.88, 2021-07-05T16:07:08.1585890+08:00, 0, 12.94095, 48.29629, 1, 1, 1, False
1199.884, 2021-07-05T16:07:08.1627510+08:00, 0, 12.94095, 48.29629, 1, 1, 1, False
1199.89, 2021-07-05T16:07:08.1687980+08:00, 0, 12.94095, 48.29629, 1, 1, 1, False
1199.897, 2021-07-05T16:07:08.1757240+08:00, 0, 12.94095, 48.29629, 1, 1, 1, False
1199.944, 2021-07-05T16:07:08.2233990+08:00, 0, 12.94095, 48.29629, 1, 1, 1, False
1199.953, 2021-07-05T16:07:08.2315600+08:00, 0, 12.94095, 48.29629, 1, 1, 1, False
1199.956, 2021-07-05T16:07:08.2347940+08:00, 0, 12.94095, 48.29629, 1, 1, 1, False
1199.96, 2021-07-05T16:07:08.2388810+08:00, 0, 12.94095, 48.29629, 1, 1, 1, False
1199.964, 2021-07-05T16:07:08.2428570+08:00, 0, 12.94095, 48.29629, 1, 1, 1, False
1199.968, 2021-07-05T16:07:08.2469340+08:00, 0, 12.94095, 48.29629, 1, 1, 1, False
1199.972, 2021-07-05T16:07:08.2508690+08:00, 0, 12.94095, 48.29629, 1, 1, 1, False
1199.976, 2021-07-05T16:07:08.2547430+08:00, 0, 12.94095, 48.29629, 1, 1, 1, False
1199.981, 2021-07-05T16:07:08.2598430+08:00, 0, 12.94095, 48.29629, 1, 1, 1, False
1199.987, 2021-07-05T16:07:08.2658430+08:00, 0, 12.94095, 48.29629, 1, 1, 1, False
1199.993, 2021-07-05T16:07:08.2725340+08:00, 0, 12.94095, 48.29629, 1, 1, 1, False
1200, 2021-07-05T16:07:08.2794140+08:00, 0, 12.94095, 48.29629, 1, 1, 1, False
1200.006, 2021-07-05T16:07:08.2850210+08:00, 0, 12.94095, 48.29629, 1, 1, 1, False
1200.012, 2021-07-05T16:07:08.2912300+08:00, 0, 12.94095, 48.29629, 1, 1, 1, False
1200.019, 2021-07-05T16:07:08.2977050+08:00, 0, 12.94095, 48.29629, 1, 1, 1, False
1200.024, 2021-07-05T16:07:08.3036410+08:00, 0, 12.94095, 48.29629, 1, 1, 1, False
1200.033, 2021-07-05T16:07:08.3116100+08:00, 0, 12.94095, 48.29629, 1, 1, 1, False
1200.037, 2021-07-05T16:07:08.3165080+08:00, 0, 12.94095, 48.29629, 1, 1, 1, False
1200.044, 2021-07-05T16:07:08.3230960+08:00, 0, 12.94095, 48.29629, 1, 1, 1, False
1200.05, 2021-07-05T16:07:08.3287530+08:00, 0, 12.94095, 48.29629, 1, 1, 1, False
1200.056, 2021-07-05T16:07:08.3353440+08:00, 0, 12.94095, 48.29629, 1, 1, 1, False
1200.062, 2021-07-05T16:07:08.3413610+08:00, 0, 12.94095, 48.29629, 1, 1, 1, False
1200.069, 2021-07-05T16:07:08.3479880+08:00, 0, 12.94095, 48.29629, 1, 1, 1, False
1200.076, 2021-07-05T16:07:08.3553170+08:00, 0, 12.94095, 48.29629, 1, 1, 1, False
1200.081, 2021-07-05T16:07:08.3600240+08:00, 0, 12.94095, 48.29629, 1, 1, 1, False
1200.088, 2021-07-05T16:07:08.3670090+08:00, 0, 12.94095, 48.29629, 1, 1, 1, False
1200.094, 2021-07-05T16:07:08.3729860+08:00, 0, 12.94095, 48.29629, 1, 1, 1, False
1200.1, 2021-07-05T16:07:08.3790150+08:00, 0, 12.94095, 48.29629, 1, 1, 1, False
1200.106, 2021-07-05T16:07:08.3853180+08:00, 0, 12.94095, 48.29629, 1, 1, 1, False
1200.112, 2021-07-05T16:07:08.3914790+08:00, 0, 12.94095, 48.29629, 1, 1, 1, False
1200.118, 2021-07-05T16:07:08.3974740+08:00, 0, 12.94095, 48.29629, 1, 1, 1, False
1200.125, 2021-07-05T16:07:08.4040650+08:00, 0, 12.94095, 48.29629, 1, 1, 1, False
1200.132, 2021-07-05T16:07:08.4112620+08:00, 0, 12.94095, 48.29629, 1, 1, 1, False
1200.141, 2021-07-05T16:07:08.4198510+08:00, 0, 12.94095, 48.29629, 1, 1, 1, False
1200.149, 2021-07-05T16:07:08.4277350+08:00, 0, 12.94095, 48.29629, 1, 1, 1, False
1200.156, 2021-07-05T16:07:08.4353180+08:00, 0, 12.94095, 48.29629, 1, 1, 1, False
1200.164, 2021-07-05T16:07:08.4432370+08:00, 0, 12.94095, 48.29629, 1, 1, 1, False
1200.168, 2021-07-05T16:07:08.4469270+08:00, 0, 12.94095, 48.29629, 1, 1, 1, False
1200.172, 2021-07-05T16:07:08.4507440+08:00, 0, 12.94095, 48.29629, 1, 1, 1, False
1200.176, 2021-07-05T16:07:08.4547280+08:00, 0, 12.94095, 48.29629, 1, 1, 1, False
1200.181, 2021-07-05T16:07:08.4600350+08:00, 0, 12.94095, 48.29629, 1, 1, 1, False
1200.187, 2021-07-05T16:07:08.4663450+08:00, 0, 12.94095, 48.29629, 1, 1, 1, False
1200.193, 2021-07-05T16:07:08.4726020+08:00, 0, 12.94095, 48.29629, 1, 1, 1, False
1200.2, 2021-07-05T16:07:08.4790790+08:00, 0, 12.94095, 48.29629, 1, 1, 1, False
1200.206, 2021-07-05T16:07:08.4852150+08:00, 0, 12.94095, 48.29629, 1, 1, 1, False
1200.212, 2021-07-05T16:07:08.4914520+08:00, 0, 12.94095, 48.29629, 1, 1, 1, False
1200.219, 2021-07-05T16:07:08.4978080+08:00, 0, 12.94095, 48.29629, 1, 1, 1, False
1200.225, 2021-07-05T16:07:08.5041880+08:00, 0, 12.94095, 48.29629, 1, 1, 1, False
1200.232, 2021-07-05T16:07:08.5108070+08:00, 0, 12.94095, 48.29629, 1, 1, 1, False
1200.237, 2021-07-05T16:07:08.5163010+08:00, 0, 12.94095, 48.29629, 1, 1, 1, False
1200.244, 2021-07-05T16:07:08.5234270+08:00, 0, 12.94095, 48.29629, 1, 1, 1, False
1200.25, 2021-07-05T16:07:08.5290920+08:00, 0, 12.94095, 48.29629, 1, 1, 1, False
1200.256, 2021-07-05T16:07:08.5353760+08:00, 0, 12.94095, 48.29629, 1, 1, 1, False
1200.262, 2021-07-05T16:07:08.5413680+08:00, 0, 12.94095, 48.29629, 1, 1, 1, False
1200.269, 2021-07-05T16:07:08.5479380+08:00, 0, 12.94095, 48.29629, 1, 1, 1, False
1200.276, 2021-07-05T16:07:08.5550840+08:00, 0, 12.94095, 48.29629, 1, 1, 1, False
1200.281, 2021-07-05T16:07:08.5604420+08:00, 0, 12.94095, 48.29629, 1, 1, 1, False
1200.288, 2021-07-05T16:07:08.5670730+08:00, 0, 12.94095, 48.29629, 1, 1, 1, False
1200.294, 2021-07-05T16:07:08.5728080+08:00, 0, 12.94095, 48.29629, 1, 1, 1, False
1200.3, 2021-07-05T16:07:08.5793970+08:00, 0, 12.94095, 48.29629, 1, 1, 1, False
1200.306, 2021-07-05T16:07:08.5848670+08:00, 0, 12.94095, 48.29629, 1, 1, 1, False
1200.312, 2021-07-05T16:07:08.5915330+08:00, 0, 12.94095, 48.29629, 1, 1, 1, False
1200.319, 2021-07-05T16:07:08.5980470+08:00, 0, 12.94095, 48.29629, 1, 1, 1, False
1200.325, 2021-07-05T16:07:08.6042230+08:00, 0, 12.94095, 48.29629, 1, 1, 1, False
1200.333, 2021-07-05T16:07:08.6116890+08:00, 0, 12.94095, 48.29629, 1, 1, 1, False
1200.341, 2021-07-05T16:07:08.6198190+08:00, 0, 12.94095, 48.29629, 1, 1, 1, False
1200.349, 2021-07-05T16:07:08.6277370+08:00, 0, 12.94095, 48.29629, 1, 1, 1, False
1200.357, 2021-07-05T16:07:08.6358860+08:00, 0, 12.94095, 48.29629, 1, 1, 1, False
1200.364, 2021-07-05T16:07:08.6431350+08:00, 0, 12.94095, 48.29629, 1, 1, 1, False
1200.368, 2021-07-05T16:07:08.6469580+08:00, 0, 12.94095, 48.29629, 1, 1, 1, False
1200.372, 2021-07-05T16:07:08.6506610+08:00, 0, 12.94095, 48.29629, 1, 1, 1, False
1200.376, 2021-07-05T16:07:08.6549790+08:00, 0, 12.94095, 48.29629, 1, 1, 1, False
1200.381, 2021-07-05T16:07:08.6606460+08:00, 0, 12.94095, 48.29629, 1, 1, 1, False
1200.388, 2021-07-05T16:07:08.6671820+08:00, 0, 12.94095, 48.29629, 1, 1, 1, False
1200.394, 2021-07-05T16:07:08.6734010+08:00, 0, 12.94095, 48.29629, 1, 1, 1, False
1200.401, 2021-07-05T16:07:08.6796890+08:00, 0, 12.94095, 48.29629, 1, 1, 1, False
1200.406, 2021-07-05T16:07:08.6854860+08:00, 0, 12.94095, 48.29629, 1, 1, 1, False
1200.413, 2021-07-05T16:07:08.6922050+08:00, 0, 12.94095, 48.29629, 1, 1, 1, False
1200.421, 2021-07-05T16:07:08.6997480+08:00, 0, 12.94095, 48.29629, 1, 1, 1, False
1200.429, 2021-07-05T16:07:08.7077960+08:00, 0, 12.94095, 48.29629, 1, 1, 1, False
1200.437, 2021-07-05T16:07:08.7157720+08:00, 0, 12.94095, 48.29629, 1, 1, 1, False
1200.444, 2021-07-05T16:07:08.7234500+08:00, 0, 12.94095, 48.29629, 1, 1, 1, False
1200.452, 2021-07-05T16:07:08.7310900+08:00, 0, 12.94095, 48.29629, 1, 1, 1, False
1200.461, 2021-07-05T16:07:08.7397220+08:00, 0, 12.94095, 48.29629, 1, 1, 1, False
1200.469, 2021-07-05T16:07:08.7476560+08:00, 0, 12.94095, 48.29629, 1, 1, 1, False
1200.476, 2021-07-05T16:07:08.7551310+08:00, 0, 12.94095, 48.29629, 1, 1, 1, False
1200.48, 2021-07-05T16:07:08.7586530+08:00, 0, 12.94095, 48.29629, 1, 1, 1, False
1200.484, 2021-07-05T16:07:08.7627960+08:00, 0, 12.94095, 48.29629, 1, 1, 1, False
1200.488, 2021-07-05T16:07:08.7669040+08:00, 0, 12.94095, 48.29629, 1, 1, 1, False
1200.492, 2021-07-05T16:07:08.7708970+08:00, 0, 12.94095, 48.29629, 1, 1, 1, False
1200.496, 2021-07-05T16:07:08.7746480+08:00, 0, 12.94095, 48.29629, 1, 1, 1, False
1200.5, 2021-07-05T16:07:08.7793190+08:00, 0, 12.94095, 48.29629, 1, 1, 1, False
1200.506, 2021-07-05T16:07:08.7849240+08:00, 0, 12.94095, 48.29629, 1, 1, 1, False
1200.513, 2021-07-05T16:07:08.7916820+08:00, 0, 12.94095, 48.29629, 1, 1, 1, False
1200.52, 2021-07-05T16:07:08.7988010+08:00, 0, 12.94095, 48.29629, 1, 1, 1, False
1200.525, 2021-07-05T16:07:08.8040630+08:00, 0, 12.94095, 48.29629, 1, 1, 1, False
1200.532, 2021-07-05T16:07:08.8109850+08:00, 0, 12.94095, 48.29629, 1, 1, 1, False
1200.537, 2021-07-05T16:07:08.8166350+08:00, 0, 12.94095, 48.29629, 1, 1, 1, False
1200.544, 2021-07-05T16:07:08.8235010+08:00, 0, 12.94095, 48.29629, 1, 1, 1, False
1200.55, 2021-07-05T16:07:08.8292430+08:00, 0, 12.94095, 48.29629, 1, 1, 1, False
1200.556, 2021-07-05T16:07:08.8352870+08:00, 0, 12.94095, 48.29629, 1, 1, 1, False
1200.562, 2021-07-05T16:07:08.8412630+08:00, 0, 12.94095, 48.29629, 1, 1, 1, False
1200.569, 2021-07-05T16:07:08.8478640+08:00, 0, 12.94095, 48.29629, 1, 1, 1, False
1200.576, 2021-07-05T16:07:08.8551080+08:00, 0, 12.94095, 48.29629, 1, 1, 1, False
1200.585, 2021-07-05T16:07:08.8639360+08:00, 0, 12.94095, 48.29629, 1, 1, 1, False
1200.593, 2021-07-05T16:07:08.8716510+08:00, 0, 12.94095, 48.29629, 1, 1, 1, False
1200.6, 2021-07-05T16:07:08.8792420+08:00, 0, 12.94095, 48.29629, 1, 1, 1, False
1200.608, 2021-07-05T16:07:08.8874370+08:00, 0, 12.94095, 48.29629, 1, 1, 1, False
1200.617, 2021-07-05T16:07:08.8957630+08:00, 0, 12.94095, 48.29629, 1, 1, 1, False
1200.624, 2021-07-05T16:07:08.9029740+08:00, 0, 12.94095, 48.29629, 1, 1, 1, False
1200.628, 2021-07-05T16:07:08.9067940+08:00, 0, 12.94095, 48.29629, 1, 1, 1, False
1200.632, 2021-07-05T16:07:08.9108240+08:00, 0, 12.94095, 48.29629, 1, 1, 1, False
1200.636, 2021-07-05T16:07:08.9150440+08:00, 0, 12.94095, 48.29629, 1, 1, 1, False
1200.64, 2021-07-05T16:07:08.9185380+08:00, 0, 12.94095, 48.29629, 1, 1, 1, False
1200.644, 2021-07-05T16:07:08.9229030+08:00, 0, 12.94095, 48.29629, 1, 1, 1, False
1200.65, 2021-07-05T16:07:08.9287130+08:00, 0, 12.94095, 48.29629, 1, 1, 1, False
1200.656, 2021-07-05T16:07:08.9354340+08:00, 0, 12.94095, 48.29629, 1, 1, 1, False
1200.662, 2021-07-05T16:07:08.9410430+08:00, 0, 12.94095, 48.29629, 1, 1, 1, False
1200.669, 2021-07-05T16:07:08.9478300+08:00, 0, 12.94095, 48.29629, 1, 1, 1, False
1200.676, 2021-07-05T16:07:08.9549920+08:00, 0, 12.94095, 48.29629, 1, 1, 1, False
1200.681, 2021-07-05T16:07:08.9603500+08:00, 0, 12.94095, 48.29629, 1, 1, 1, False
1200.689, 2021-07-05T16:07:08.9679240+08:00, 0, 12.94095, 48.29629, 1, 1, 1, False
1200.697, 2021-07-05T16:07:08.9756990+08:00, 0, 12.94095, 48.29629, 1, 1, 1, False
1200.705, 2021-07-05T16:07:08.9838280+08:00, 0, 12.94095, 48.29629, 1, 1, 1, False
1200.712, 2021-07-05T16:07:08.9915700+08:00, 0, 12.94095, 48.29629, 1, 1, 1, False
1200.721, 2021-07-05T16:07:08.9998750+08:00, 0, 12.94095, 48.29629, 1, 1, 1, False
1200.729, 2021-07-05T16:07:09.0076650+08:00, 0, 12.94095, 48.29629, 1, 1, 1, False
1200.737, 2021-07-05T16:07:09.0157530+08:00, 0, 12.94095, 48.29629, 1, 1, 1, False
1200.744, 2021-07-05T16:07:09.0229400+08:00, 0, 12.94095, 48.29629, 1, 1, 1, False
1200.75, 2021-07-05T16:07:09.0290540+08:00, 0, 12.94095, 48.29629, 1, 1, 1, False
1200.756, 2021-07-05T16:07:09.0348170+08:00, 0, 12.94095, 48.29629, 1, 1, 1, False
1200.76, 2021-07-05T16:07:09.0388180+08:00, 0, 12.94095, 48.29629, 1, 1, 1, False
1200.764, 2021-07-05T16:07:09.0427940+08:00, 0, 12.94095, 48.29629, 1, 1, 1, False
1200.768, 2021-07-05T16:07:09.0469470+08:00, 0, 12.94095, 48.29629, 1, 1, 1, False
1200.772, 2021-07-05T16:07:09.0511920+08:00, 0, 12.94095, 48.29629, 1, 1, 1, False
1200.776, 2021-07-05T16:07:09.0546030+08:00, 0, 12.94095, 48.29629, 1, 1, 1, False
1200.78, 2021-07-05T16:07:09.0593330+08:00, 0, 12.94095, 48.29629, 1, 1, 1, False
1200.786, 2021-07-05T16:07:09.0654360+08:00, 0, 12.94095, 48.29629, 1, 1, 1, False
1200.793, 2021-07-05T16:07:09.0718440+08:00, 0, 12.94095, 48.29629, 1, 1, 1, False
1200.8, 2021-07-05T16:07:09.0788180+08:00, 0, 12.94095, 48.29629, 1, 1, 1, False
1200.805, 2021-07-05T16:07:09.0839230+08:00, 0, 12.94095, 48.29629, 1, 1, 1, False
1200.812, 2021-07-05T16:07:09.0914130+08:00, 0, 12.94095, 48.29629, 1, 1, 1, False
1200.818, 2021-07-05T16:07:09.0968680+08:00, 0, 12.94095, 48.29629, 1, 1, 1, False
1200.824, 2021-07-05T16:07:09.1033700+08:00, 0, 12.94095, 48.29629, 1, 1, 1, False
1200.83, 2021-07-05T16:07:09.1093380+08:00, 0, 12.94095, 48.29629, 1, 1, 1, False
1200.837, 2021-07-05T16:07:09.1158740+08:00, 0, 12.94095, 48.29629, 1, 1, 1, False
1200.844, 2021-07-05T16:07:09.1234680+08:00, 0, 12.94095, 48.29629, 1, 1, 1, False
1200.849, 2021-07-05T16:07:09.1283690+08:00, 0, 12.94095, 48.29629, 1, 1, 1, False
1200.856, 2021-07-05T16:07:09.1349780+08:00, 0, 12.94095, 48.29629, 1, 1, 1, False
1200.862, 2021-07-05T16:07:09.1407500+08:00, 0, 12.94095, 48.29629, 1, 1, 1, False
1200.868, 2021-07-05T16:07:09.1474210+08:00, 0, 12.94095, 48.29629, 1, 1, 1, False
1200.874, 2021-07-05T16:07:09.1534280+08:00, 0, 12.94095, 48.29629, 1, 1, 1, False
1200.88, 2021-07-05T16:07:09.1592930+08:00, 0, 12.94095, 48.29629, 1, 1, 1, False
1200.887, 2021-07-05T16:07:09.1658940+08:00, 0, 12.94095, 48.29629, 1, 1, 1, False
1200.893, 2021-07-05T16:07:09.1721630+08:00, 0, 12.94095, 48.29629, 1, 1, 1, False
1200.9, 2021-07-05T16:07:09.1790170+08:00, 0, 12.94095, 48.29629, 1, 1, 1, False
1200.906, 2021-07-05T16:07:09.1846950+08:00, 0, 12.94095, 48.29629, 1, 1, 1, False
1200.913, 2021-07-05T16:07:09.1918730+08:00, 0, 12.94095, 48.29629, 1, 1, 1, False
1200.921, 2021-07-05T16:07:09.1997840+08:00, 0, 12.94095, 48.29629, 1, 1, 1, False
1200.929, 2021-07-05T16:07:09.2078210+08:00, 0, 12.94095, 48.29629, 1, 1, 1, False
1200.937, 2021-07-05T16:07:09.2158260+08:00, 0, 12.94095, 48.29629, 1, 1, 1, False
1200.944, 2021-07-05T16:07:09.2258960+08:00, 0, 12.94095, 48.29629, 1, 1, 1, False
1200.952, 2021-07-05T16:07:09.2354910+08:00, 0, 12.94095, 48.29629, 1, 1, 1, False
1200.96, 2021-07-05T16:07:09.2386130+08:00, 0, 12.94095, 48.29629, 1, 1, 1, False
1200.964, 2021-07-05T16:07:09.2428850+08:00, 0, 12.94095, 48.29629, 1, 1, 1, False
1200.968, 2021-07-05T16:07:09.2470600+08:00, 0, 12.94095, 48.29629, 1, 1, 1, False
1200.972, 2021-07-05T16:07:09.2508790+08:00, 0, 12.94095, 48.29629, 1, 1, 1, False
1200.976, 2021-07-05T16:07:09.2548000+08:00, 0, 12.94095, 48.29629, 1, 1, 1, False
1200.981, 2021-07-05T16:07:09.2597940+08:00, 0, 12.94095, 48.29629, 1, 1, 1, False
1200.986, 2021-07-05T16:07:09.2656030+08:00, 0, 12.94095, 48.29629, 1, 1, 1, False
1200.993, 2021-07-05T16:07:09.2723430+08:00, 0, 12.94095, 48.29629, 1, 1, 1, False
1201, 2021-07-05T16:07:09.2793310+08:00, 0, 12.94095, 48.29629, 1, 1, 1, False
1201.008, 2021-07-05T16:07:09.2873500+08:00, 0, 12.94095, 48.29629, 1, 1, 1, False
1201.012, 2021-07-05T16:07:09.2911370+08:00, 0, 12.94095, 48.29629, 1, 1, 1, False
1201.018, 2021-07-05T16:07:09.2975360+08:00, 0, 12.94095, 48.29629, 1, 1, 1, False
1201.025, 2021-07-05T16:07:09.3037710+08:00, 0, 12.94095, 48.29629, 1, 1, 1, False
1201.032, 2021-07-05T16:07:09.3115340+08:00, 0, 12.94095, 48.29629, 1, 1, 1, False
1201.037, 2021-07-05T16:07:09.3163000+08:00, 0, 12.94095, 48.29629, 1, 1, 1, False
1201.044, 2021-07-05T16:07:09.3231950+08:00, 0, 12.94095, 48.29629, 1, 1, 1, False
1201.05, 2021-07-05T16:07:09.3287820+08:00, 0, 12.94095, 48.29629, 1, 1, 1, False
1201.056, 2021-07-05T16:07:09.3353720+08:00, 0, 12.94095, 48.29629, 1, 1, 1, False
1201.062, 2021-07-05T16:07:09.3412220+08:00, 0, 12.94095, 48.29629, 1, 1, 1, False
1201.069, 2021-07-05T16:07:09.3478240+08:00, 0, 12.94095, 48.29629, 1, 1, 1, False
1201.076, 2021-07-05T16:07:09.3553760+08:00, 0, 12.94095, 48.29629, 1, 1, 1, False
1201.081, 2021-07-05T16:07:09.3600060+08:00, 0, 12.94095, 48.29629, 1, 1, 1, False
1201.088, 2021-07-05T16:07:09.3669850+08:00, 0, 12.94095, 48.29629, 1, 1, 1, False
1201.093, 2021-07-05T16:07:09.3724940+08:00, 0, 12.94095, 48.29629, 1, 1, 1, False
1201.1, 2021-07-05T16:07:09.3792290+08:00, 0, 12.94095, 48.29629, 1, 1, 1, False
1201.106, 2021-07-05T16:07:09.3851020+08:00, 0, 12.94095, 48.29629, 1, 1, 1, False
1201.113, 2021-07-05T16:07:09.3916670+08:00, 0, 12.94095, 48.29629, 1, 1, 1, False
1201.119, 2021-07-05T16:07:09.3978790+08:00, 0, 12.94095, 48.29629, 1, 1, 1, False
1201.125, 2021-07-05T16:07:09.4041910+08:00, 0, 12.94095, 48.29629, 1, 1, 1, False
1201.132, 2021-07-05T16:07:09.4108870+08:00, 0, 12.94095, 48.29629, 1, 1, 1, False
1201.137, 2021-07-05T16:07:09.4161720+08:00, 0, 12.94095, 48.29629, 1, 1, 1, False
1201.144, 2021-07-05T16:07:09.4230440+08:00, 0, 12.94095, 48.29629, 1, 1, 1, False
1201.15, 2021-07-05T16:07:09.4286890+08:00, 0, 12.94095, 48.29629, 1, 1, 1, False
1201.156, 2021-07-05T16:07:09.4353160+08:00, 0, 12.94095, 48.29629, 1, 1, 1, False
1201.162, 2021-07-05T16:07:09.4416390+08:00, 0, 12.94095, 48.29629, 1, 1, 1, False
1201.169, 2021-07-05T16:07:09.4479560+08:00, 0, 12.94095, 48.29629, 1, 1, 1, False
1201.176, 2021-07-05T16:07:09.4551780+08:00, 0, 12.94095, 48.29629, 1, 1, 1, False
1201.181, 2021-07-05T16:07:09.4605000+08:00, 0, 12.94095, 48.29629, 1, 1, 1, False
1201.188, 2021-07-05T16:07:09.4670280+08:00, 0, 12.94095, 48.29629, 1, 1, 1, False
1201.193, 2021-07-05T16:07:09.4726050+08:00, 0, 12.94095, 48.29629, 1, 1, 1, False
1201.2, 2021-07-05T16:07:09.4795610+08:00, 0, 12.94095, 48.29629, 1, 1, 1, False
1201.206, 2021-07-05T16:07:09.4850490+08:00, 0, 12.94095, 48.29629, 1, 1, 1, False
1201.212, 2021-07-05T16:07:09.4914610+08:00, 0, 12.94095, 48.29629, 1, 1, 1, False
1201.219, 2021-07-05T16:07:09.4980600+08:00, 0, 12.94095, 48.29629, 1, 1, 1, False
1201.225, 2021-07-05T16:07:09.5043660+08:00, 0, 12.94095, 48.29629, 1, 1, 1, False
1201.232, 2021-07-05T16:07:09.5110550+08:00, 0, 12.94095, 48.29629, 1, 1, 1, False
1201.241, 2021-07-05T16:07:09.5198980+08:00, 0, 12.94095, 48.29629, 1, 1, 1, False
1201.249, 2021-07-05T16:07:09.5276610+08:00, 0, 12.94095, 48.29629, 1, 1, 1, False
1201.257, 2021-07-05T16:07:09.5360060+08:00, 0, 12.94095, 48.29629, 1, 1, 1, False
1201.264, 2021-07-05T16:07:09.5431610+08:00, 0, 12.94095, 48.29629, 1, 1, 1, False
1201.268, 2021-07-05T16:07:09.5466200+08:00, 0, 12.94095, 48.29629, 1, 1, 1, False
1201.272, 2021-07-05T16:07:09.5509470+08:00, 0, 12.94095, 48.29629, 1, 1, 1, False
1201.276, 2021-07-05T16:07:09.5547220+08:00, 0, 12.94095, 48.29629, 1, 1, 1, False
1201.281, 2021-07-05T16:07:09.5602950+08:00, 0, 12.94095, 48.29629, 1, 1, 1, False
1201.288, 2021-07-05T16:07:09.5675350+08:00, 0, 12.94095, 48.29629, 1, 1, 1, False
1201.294, 2021-07-05T16:07:09.5731710+08:00, 0, 12.94095, 48.29629, 1, 1, 1, False
1201.3, 2021-07-05T16:07:09.5792830+08:00, 0, 12.94095, 48.29629, 1, 1, 1, False
1201.306, 2021-07-05T16:07:09.5851410+08:00, 0, 12.94095, 48.29629, 1, 1, 1, False
1201.313, 2021-07-05T16:07:09.5916760+08:00, 0, 12.94095, 48.29629, 1, 1, 1, False
1201.319, 2021-07-05T16:07:09.5981300+08:00, 0, 12.94095, 48.29629, 1, 1, 1, False
1201.325, 2021-07-05T16:07:09.6042170+08:00, 0, 12.94095, 48.29629, 1, 1, 1, False
1201.332, 2021-07-05T16:07:09.6113420+08:00, 0, 12.94095, 48.29629, 1, 1, 1, False
1201.338, 2021-07-05T16:07:09.6171700+08:00, 0, 12.94095, 48.29629, 1, 1, 1, False
1201.344, 2021-07-05T16:07:09.6236180+08:00, 0, 12.94095, 48.29629, 1, 1, 1, False
1201.351, 2021-07-05T16:07:09.6300160+08:00, 0, 12.94095, 48.29629, 1, 1, 1, False
1201.357, 2021-07-05T16:07:09.6362270+08:00, 0, 12.94095, 48.29629, 1, 1, 1, False
1201.364, 2021-07-05T16:07:09.6426430+08:00, 0, 12.94095, 48.29629, 1, 1, 1, False
1201.37, 2021-07-05T16:07:09.6488230+08:00, 0, 12.94095, 48.29629, 1, 1, 1, False
1201.376, 2021-07-05T16:07:09.6554180+08:00, 0, 12.94095, 48.29629, 1, 1, 1, False
1201.382, 2021-07-05T16:07:09.6609120+08:00, 0, 12.94095, 48.29629, 1, 1, 1, False
1201.389, 2021-07-05T16:07:09.6682880+08:00, 0, 12.94095, 48.29629, 1, 1, 1, False
1201.396, 2021-07-05T16:07:09.6753460+08:00, 0, 12.94095, 48.29629, 1, 1, 1, False
1201.402, 2021-07-05T16:07:09.6815060+08:00, 0, 12.94095, 48.29629, 1, 1, 1, False
1201.41, 2021-07-05T16:07:09.6887000+08:00, 0, 12.94095, 48.29629, 1, 1, 1, False
1201.417, 2021-07-05T16:07:09.6956610+08:00, 0, 12.94095, 48.29629, 1, 1, 1, False
1201.423, 2021-07-05T16:07:09.7021080+08:00, 0, 12.94095, 48.29629, 1, 1, 1, False
1201.43, 2021-07-05T16:07:09.7088700+08:00, 0, 12.94095, 48.29629, 1, 1, 1, False
1201.436, 2021-07-05T16:07:09.7154080+08:00, 0, 12.94095, 48.29629, 1, 1, 1, False
1201.442, 2021-07-05T16:07:09.7210900+08:00, 0, 12.94095, 48.29629, 1, 1, 1, False
1201.448, 2021-07-05T16:07:09.7276330+08:00, 0, 12.94095, 48.29629, 1, 1, 1, False
1201.455, 2021-07-05T16:07:09.7339260+08:00, 0, 12.94095, 48.29629, 1, 1, 1, False
1201.461, 2021-07-05T16:07:09.7399160+08:00, 0, 12.94095, 48.29629, 1, 1, 1, False
1201.468, 2021-07-05T16:07:09.7468630+08:00, 0, 12.94095, 48.29629, 1, 1, 1, False
1201.474, 2021-07-05T16:07:09.7527050+08:00, 0, 12.94095, 48.29629, 1, 1, 1, False
1201.48, 2021-07-05T16:07:09.7591230+08:00, 0, 12.94095, 48.29629, 1, 1, 1, False
1201.486, 2021-07-05T16:07:09.7649450+08:00, 0, 12.94095, 48.29629, 1, 1, 1, False
1201.492, 2021-07-05T16:07:09.7714630+08:00, 0, 12.94095, 48.29629, 1, 1, 1, False
1201.498, 2021-07-05T16:07:09.7773530+08:00, 0, 12.94095, 48.29629, 1, 1, 1, False
1201.505, 2021-07-05T16:07:09.7839860+08:00, 0, 12.94095, 48.29629, 1, 1, 1, False
1201.512, 2021-07-05T16:07:09.7909640+08:00, 0, 12.94095, 48.29629, 1, 1, 1, False
1201.517, 2021-07-05T16:07:09.7963450+08:00, 0, 12.94095, 48.29629, 1, 1, 1, False
1201.524, 2021-07-05T16:07:09.8035910+08:00, 0, 12.94095, 48.29629, 1, 1, 1, False
1201.53, 2021-07-05T16:07:09.8087990+08:00, 0, 12.94095, 48.29629, 1, 1, 1, False
1201.556, 2021-07-05T16:07:09.8353060+08:00, 0, 12.94095, 48.29629, 1, 1, 1, False
1201.56, 2021-07-05T16:07:09.8386610+08:00, 0, 12.94095, 48.29629, 1, 1, 1, False
1201.564, 2021-07-05T16:07:09.8431510+08:00, 0, 12.94095, 48.29629, 1, 1, 1, False
1201.568, 2021-07-05T16:07:09.8467510+08:00, 0, 12.94095, 48.29629, 1, 1, 1, False
1201.572, 2021-07-05T16:07:09.8508250+08:00, 0, 12.94095, 48.29629, 1, 1, 1, False
1201.576, 2021-07-05T16:07:09.8549150+08:00, 0, 12.94095, 48.29629, 1, 1, 1, False
1201.58, 2021-07-05T16:07:09.8587550+08:00, 0, 12.94095, 48.29629, 1, 1, 1, False
1201.583, 2021-07-05T16:07:09.8626410+08:00, 0, 12.94095, 48.29629, 1, 1, 1, False
1201.589, 2021-07-05T16:07:09.8679660+08:00, 0, 12.94095, 48.29629, 1, 1, 1, False
1201.596, 2021-07-05T16:07:09.8753570+08:00, 0, 12.94095, 48.29629, 1, 1, 1, False
1201.602, 2021-07-05T16:07:09.8810860+08:00, 0, 12.94095, 48.29629, 1, 1, 1, False
1201.608, 2021-07-05T16:07:09.8873140+08:00, 0, 12.94095, 48.29629, 1, 1, 1, False
1201.614, 2021-07-05T16:07:09.8933860+08:00, 0, 12.94095, 48.29629, 1, 1, 1, False
1201.621, 2021-07-05T16:07:09.9000130+08:00, 0, 12.94095, 48.29629, 1, 1, 1, False
1201.628, 2021-07-05T16:07:09.9069360+08:00, 0, 12.94095, 48.29629, 1, 1, 1, False
1201.633, 2021-07-05T16:07:09.9123320+08:00, 0, 12.94095, 48.29629, 1, 1, 1, False
1201.64, 2021-07-05T16:07:09.9191830+08:00, 0, 12.94095, 48.29629, 1, 1, 1, False
1201.648, 2021-07-05T16:07:09.9274530+08:00, 0, 12.94095, 48.29629, 1, 1, 1, False
1201.657, 2021-07-05T16:07:09.9360690+08:00, 0, 12.94095, 48.29629, 1, 1, 1, False
1201.665, 2021-07-05T16:07:09.9437630+08:00, 0, 12.94095, 48.29629, 1, 1, 1, False
1201.672, 2021-07-05T16:07:09.9510120+08:00, 0, 12.94095, 48.29629, 1, 1, 1, False
1201.676, 2021-07-05T16:07:09.9546880+08:00, 0, 12.94095, 48.29629, 1, 1, 1, False
1201.68, 2021-07-05T16:07:09.9587290+08:00, 0, 12.94095, 48.29629, 1, 1, 1, False
1201.684, 2021-07-05T16:07:09.9627200+08:00, 0, 12.94095, 48.29629, 1, 1, 1, False
1201.689, 2021-07-05T16:07:09.9678670+08:00, 0, 12.94095, 48.29629, 1, 1, 1, False
1201.697, 2021-07-05T16:07:09.9756220+08:00, 0, 12.94095, 48.29629, 1, 1, 1, False
1201.702, 2021-07-05T16:07:09.9808800+08:00, 0, 12.94095, 48.29629, 1, 1, 1, False
1201.708, 2021-07-05T16:07:09.9872330+08:00, 0, 12.94095, 48.29629, 1, 1, 1, False
1201.714, 2021-07-05T16:07:09.9931450+08:00, 0, 12.94095, 48.29629, 1, 1, 1, False
1201.721, 2021-07-05T16:07:09.9998770+08:00, 0, 12.94095, 48.29629, 1, 1, 1, False
1201.727, 2021-07-05T16:07:10.0058570+08:00, 0, 12.94095, 48.29629, 1, 1, 1, False
1201.733, 2021-07-05T16:07:10.0123970+08:00, 0, 12.94095, 48.29629, 1, 1, 1, False
1201.74, 2021-07-05T16:07:10.0192030+08:00, 0, 12.94095, 48.29629, 1, 1, 1, False
1201.745, 2021-07-05T16:07:10.0244060+08:00, 0, 12.94095, 48.29629, 1, 1, 1, False
1201.753, 2021-07-05T16:07:10.0318320+08:00, 0, 12.94095, 48.29629, 1, 1, 1, False
1201.76, 2021-07-05T16:07:10.0395670+08:00, 0, 12.94095, 48.29629, 1, 1, 1, False
1201.769, 2021-07-05T16:07:10.0476920+08:00, 0, 12.94095, 48.29629, 1, 1, 1, False
1201.777, 2021-07-05T16:07:10.0556830+08:00, 0, 12.94095, 48.29629, 1, 1, 1, False
1201.785, 2021-07-05T16:07:10.0639670+08:00, 0, 12.94095, 48.29629, 1, 1, 1, False
1201.792, 2021-07-05T16:07:10.0715330+08:00, 0, 12.94095, 48.29629, 1, 1, 1, False
1201.801, 2021-07-05T16:07:10.0797880+08:00, 0, 12.94095, 48.29629, 1, 1, 1, False
1201.808, 2021-07-05T16:07:10.0874750+08:00, 0, 12.94095, 48.29629, 1, 1, 1, False
1201.816, 2021-07-05T16:07:10.0948320+08:00, 0, 12.94095, 48.29629, 1, 1, 1, False
1201.82, 2021-07-05T16:07:10.0987630+08:00, 0, 12.94095, 48.29629, 1, 1, 1, False
1201.824, 2021-07-05T16:07:10.1026940+08:00, 0, 12.94095, 48.29629, 1, 1, 1, False
1201.828, 2021-07-05T16:07:10.1070760+08:00, 0, 12.94095, 48.29629, 1, 1, 1, False
1201.832, 2021-07-05T16:07:10.1107910+08:00, 0, 12.94095, 48.29629, 1, 1, 1, False
1201.836, 2021-07-05T16:07:10.1147080+08:00, 0, 12.94095, 48.29629, 1, 1, 1, False
1201.84, 2021-07-05T16:07:10.1189580+08:00, 0, 12.94095, 48.29629, 1, 1, 1, False
1201.846, 2021-07-05T16:07:10.1250520+08:00, 0, 12.94095, 48.29629, 1, 1, 1, False
1201.853, 2021-07-05T16:07:10.1322690+08:00, 0, 12.94095, 48.29629, 1, 1, 1, False
1201.86, 2021-07-05T16:07:10.1394750+08:00, 0, 12.94095, 48.29629, 1, 1, 1, False
1201.867, 2021-07-05T16:07:10.1463130+08:00, 0, 12.94095, 48.29629, 1, 1, 1, False
1201.874, 2021-07-05T16:07:10.1534020+08:00, 0, 12.94095, 48.29629, 1, 1, 1, False
1201.891, 2021-07-05T16:07:10.1699830+08:00, 0, 12.94095, 48.29629, 1, 1, 1, False
1201.899, 2021-07-05T16:07:10.1785020+08:00, 0, 12.94095, 48.29629, 1, 1, 1, False
1201.904, 2021-07-05T16:07:10.1832670+08:00, 0, 12.94095, 48.29629, 1, 1, 1, False
1201.907, 2021-07-05T16:07:10.1866200+08:00, 0, 12.94095, 48.29629, 1, 1, 1, False
1201.912, 2021-07-05T16:07:10.1911550+08:00, 0, 12.94095, 48.29629, 1, 1, 1, False
1201.917, 2021-07-05T16:07:10.1966810+08:00, 0, 12.94095, 48.29629, 1, 1, 1, False
1201.925, 2021-07-05T16:07:10.2040060+08:00, 0, 12.94095, 48.29629, 1, 1, 1, False
1201.931, 2021-07-05T16:07:10.2103360+08:00, 0, 12.94095, 48.29629, 1, 1, 1, False
1201.938, 2021-07-05T16:07:10.2169390+08:00, 0, 12.94095, 48.29629, 1, 1, 1, False
1201.944, 2021-07-05T16:07:10.2235070+08:00, 0, 12.94095, 48.29629, 1, 1, 1, False
1201.95, 2021-07-05T16:07:10.2295080+08:00, 0, 12.94095, 48.29629, 1, 1, 1, False
1201.957, 2021-07-05T16:07:10.2358120+08:00, 0, 12.94095, 48.29629, 1, 1, 1, False
1201.964, 2021-07-05T16:07:10.2430600+08:00, 0, 12.94095, 48.29629, 1, 1, 1, False
1201.969, 2021-07-05T16:07:10.2485920+08:00, 0, 12.94095, 48.29629, 1, 1, 1, False
1201.976, 2021-07-05T16:07:10.2552360+08:00, 0, 12.94095, 48.29629, 1, 1, 1, False
1201.982, 2021-07-05T16:07:10.2608660+08:00, 0, 12.94095, 48.29629, 1, 1, 1, False
1201.988, 2021-07-05T16:07:10.2675380+08:00, 0, 12.94095, 48.29629, 1, 1, 1, False
1201.995, 2021-07-05T16:07:10.2737260+08:00, 0, 12.94095, 48.29629, 1, 1, 1, False
1202, 2021-07-05T16:07:10.2795830+08:00, 0, 12.94095, 48.29629, 1, 1, 1, False
1202.007, 2021-07-05T16:07:10.2862580+08:00, 0, 12.94095, 48.29629, 1, 1, 1, False
1202.014, 2021-07-05T16:07:10.2926110+08:00, 0, 12.94095, 48.29629, 1, 1, 1, False
1202.02, 2021-07-05T16:07:10.2988820+08:00, 0, 12.94095, 48.29629, 1, 1, 1, False
1202.026, 2021-07-05T16:07:10.3048070+08:00, 0, 12.94095, 48.29629, 1, 1, 1, False
1202.032, 2021-07-05T16:07:10.3114470+08:00, 0, 12.94095, 48.29629, 1, 1, 1, False
1202.039, 2021-07-05T16:07:10.3177490+08:00, 0, 12.94095, 48.29629, 1, 1, 1, False
1202.044, 2021-07-05T16:07:10.3234040+08:00, 0, 12.94095, 48.29629, 1, 1, 1, False
1202.051, 2021-07-05T16:07:10.3301230+08:00, 0, 12.94095, 48.29629, 1, 1, 1, False
1202.057, 2021-07-05T16:07:10.3359880+08:00, 0, 12.94095, 48.29629, 1, 1, 1, False
1202.064, 2021-07-05T16:07:10.3431070+08:00, 0, 12.94095, 48.29629, 1, 1, 1, False
1202.07, 2021-07-05T16:07:10.3487890+08:00, 0, 12.94095, 48.29629, 1, 1, 1, False
1202.076, 2021-07-05T16:07:10.3550230+08:00, 0, 12.94095, 48.29629, 1, 1, 1, False
1202.082, 2021-07-05T16:07:10.3614010+08:00, 0, 12.94095, 48.29629, 1, 1, 1, False
1202.088, 2021-07-05T16:07:10.3675600+08:00, 0, 12.94095, 48.29629, 1, 1, 1, False
1202.094, 2021-07-05T16:07:10.3734740+08:00, 0, 12.94095, 48.29629, 1, 1, 1, False
1202.101, 2021-07-05T16:07:10.3801330+08:00, 0, 12.94095, 48.29629, 1, 1, 1, False
1202.109, 2021-07-05T16:07:10.3876050+08:00, 0, 12.94095, 48.29629, 1, 1, 1, False
1202.117, 2021-07-05T16:07:10.3957380+08:00, 0, 12.94095, 48.29629, 1, 1, 1, False
1202.125, 2021-07-05T16:07:10.4037400+08:00, 0, 12.94095, 48.29629, 1, 1, 1, False
1202.132, 2021-07-05T16:07:10.4113010+08:00, 0, 12.94095, 48.29629, 1, 1, 1, False
1202.14, 2021-07-05T16:07:10.4190370+08:00, 0, 12.94095, 48.29629, 1, 1, 1, False
1202.149, 2021-07-05T16:07:10.4277730+08:00, 0, 12.94095, 48.29629, 1, 1, 1, False
1202.157, 2021-07-05T16:07:10.4357660+08:00, 0, 12.94095, 48.29629, 1, 1, 1, False
1202.164, 2021-07-05T16:07:10.4458080+08:00, 0, 12.94095, 48.29629, 1, 1, 1, False
1202.176, 2021-07-05T16:07:10.4553560+08:00, 0, 12.94095, 48.29629, 1, 1, 1, False
1202.179, 2021-07-05T16:07:10.4585690+08:00, 0, 12.94095, 48.29629, 1, 1, 1, False
1202.184, 2021-07-05T16:07:10.4630440+08:00, 0, 12.94095, 48.29629, 1, 1, 1, False
1202.188, 2021-07-05T16:07:10.4667810+08:00, 0, 12.94095, 48.29629, 1, 1, 1, False
1202.192, 2021-07-05T16:07:10.4708600+08:00, 0, 12.94095, 48.29629, 1, 1, 1, False
1202.196, 2021-07-05T16:07:10.4747620+08:00, 0, 12.94095, 48.29629, 1, 1, 1, False
1202.2, 2021-07-05T16:07:10.4789430+08:00, 0, 12.94095, 48.29629, 1, 1, 1, False
1202.204, 2021-07-05T16:07:10.4827440+08:00, 0, 12.94095, 48.29629, 1, 1, 1, False
1202.209, 2021-07-05T16:07:10.4885900+08:00, 0, 12.94095, 48.29629, 1, 1, 1, False
1202.216, 2021-07-05T16:07:10.4954480+08:00, 0, 12.94095, 48.29629, 1, 1, 1, False
1202.222, 2021-07-05T16:07:10.5012630+08:00, 0, 12.94095, 48.29629, 1, 1, 1, False
1202.228, 2021-07-05T16:07:10.5075300+08:00, 0, 12.94095, 48.29629, 1, 1, 1, False
1202.235, 2021-07-05T16:07:10.5140110+08:00, 0, 12.94095, 48.29629, 1, 1, 1, False
1202.241, 2021-07-05T16:07:10.5202300+08:00, 0, 12.94095, 48.29629, 1, 1, 1, False
1202.248, 2021-07-05T16:07:10.5271420+08:00, 0, 12.94095, 48.29629, 1, 1, 1, False
1202.254, 2021-07-05T16:07:10.5327290+08:00, 0, 12.94095, 48.29629, 1, 1, 1, False
1202.26, 2021-07-05T16:07:10.5392830+08:00, 0, 12.94095, 48.29629, 1, 1, 1, False
1202.265, 2021-07-05T16:07:10.5445930+08:00, 0, 12.94095, 48.29629, 1, 1, 1, False
1202.273, 2021-07-05T16:07:10.5516830+08:00, 0, 12.94095, 48.29629, 1, 1, 1, False
1202.28, 2021-07-05T16:07:10.5590270+08:00, 0, 12.94095, 48.29629, 1, 1, 1, False
1202.284, 2021-07-05T16:07:10.5634270+08:00, 0, 12.94095, 48.29629, 1, 1, 1, False
1202.291, 2021-07-05T16:07:10.5699840+08:00, 0, 12.94095, 48.29629, 1, 1, 1, False
1202.297, 2021-07-05T16:07:10.5762940+08:00, 0, 12.94095, 48.29629, 1, 1, 1, False
1202.304, 2021-07-05T16:07:10.5829330+08:00, 0, 12.94095, 48.29629, 1, 1, 1, False
1202.31, 2021-07-05T16:07:10.5886510+08:00, 0, 12.94095, 48.29629, 1, 1, 1, False
1202.316, 2021-07-05T16:07:10.5954030+08:00, 0, 12.94095, 48.29629, 1, 1, 1, False
1202.322, 2021-07-05T16:07:10.6009290+08:00, 0, 12.94095, 48.29629, 1, 1, 1, False
1202.328, 2021-07-05T16:07:10.6076020+08:00, 0, 12.94095, 48.29629, 1, 1, 1, False
1202.337, 2021-07-05T16:07:10.6158000+08:00, 0, 12.94095, 48.29629, 1, 1, 1, False
1202.345, 2021-07-05T16:07:10.6239810+08:00, 0, 12.94095, 48.29629, 1, 1, 1, False
1202.352, 2021-07-05T16:07:10.6315740+08:00, 0, 12.94095, 48.29629, 1, 1, 1, False
1202.36, 2021-07-05T16:07:10.6390630+08:00, 0, 12.94095, 48.29629, 1, 1, 1, False
1202.364, 2021-07-05T16:07:10.6426880+08:00, 0, 12.94095, 48.29629, 1, 1, 1, False
1202.368, 2021-07-05T16:07:10.6468960+08:00, 0, 12.94095, 48.29629, 1, 1, 1, False
1202.372, 2021-07-05T16:07:10.6507730+08:00, 0, 12.94095, 48.29629, 1, 1, 1, False
1202.378, 2021-07-05T16:07:10.6573840+08:00, 0, 12.94095, 48.29629, 1, 1, 1, False
1202.385, 2021-07-05T16:07:10.6636730+08:00, 0, 12.94095, 48.29629, 1, 1, 1, False
1202.391, 2021-07-05T16:07:10.6698330+08:00, 0, 12.94095, 48.29629, 1, 1, 1, False
1202.397, 2021-07-05T16:07:10.6760820+08:00, 0, 12.94095, 48.29629, 1, 1, 1, False
1202.405, 2021-07-05T16:07:10.6837490+08:00, 0, 12.94095, 48.29629, 1, 1, 1, False
1202.412, 2021-07-05T16:07:10.6916480+08:00, 0, 12.94095, 48.29629, 1, 1, 1, False
1202.421, 2021-07-05T16:07:10.7000360+08:00, 0, 12.94095, 48.29629, 1, 1, 1, False
1202.429, 2021-07-05T16:07:10.7077510+08:00, 0, 12.94095, 48.29629, 1, 1, 1, False
1202.437, 2021-07-05T16:07:10.7156530+08:00, 0, 12.94095, 48.29629, 1, 1, 1, False
1202.445, 2021-07-05T16:07:10.7239760+08:00, 0, 12.94095, 48.29629, 1, 1, 1, False
1202.453, 2021-07-05T16:07:10.7317080+08:00, 0, 12.94095, 48.29629, 1, 1, 1, False
1202.46, 2021-07-05T16:07:10.7390260+08:00, 0, 12.94095, 48.29629, 1, 1, 1, False
1202.464, 2021-07-05T16:07:10.7428420+08:00, 0, 12.94095, 48.29629, 1, 1, 1, False
1202.468, 2021-07-05T16:07:10.7466720+08:00, 0, 12.94095, 48.29629, 1, 1, 1, False
1202.472, 2021-07-05T16:07:10.7508860+08:00, 0, 12.94095, 48.29629, 1, 1, 1, False
1202.476, 2021-07-05T16:07:10.7548760+08:00, 0, 12.94095, 48.29629, 1, 1, 1, False
1202.48, 2021-07-05T16:07:10.7586920+08:00, 0, 12.94095, 48.29629, 1, 1, 1, False
1202.484, 2021-07-05T16:07:10.7631280+08:00, 0, 12.94095, 48.29629, 1, 1, 1, False
1202.49, 2021-07-05T16:07:10.7689890+08:00, 0, 12.94095, 48.29629, 1, 1, 1, False
1202.497, 2021-07-05T16:07:10.7756870+08:00, 0, 12.94095, 48.29629, 1, 1, 1, False
1202.503, 2021-07-05T16:07:10.7820720+08:00, 0, 12.94095, 48.29629, 1, 1, 1, False
1202.509, 2021-07-05T16:07:10.7880070+08:00, 0, 12.94095, 48.29629, 1, 1, 1, False
1202.516, 2021-07-05T16:07:10.7954060+08:00, 0, 12.94095, 48.29629, 1, 1, 1, False
1202.525, 2021-07-05T16:07:10.8039220+08:00, 0, 12.94095, 48.29629, 1, 1, 1, False
1202.532, 2021-07-05T16:07:10.8111220+08:00, 0, 12.94095, 48.29629, 1, 1, 1, False
1202.541, 2021-07-05T16:07:10.8201250+08:00, 0, 12.94095, 48.29629, 1, 1, 1, False
1202.548, 2021-07-05T16:07:10.8276280+08:00, 0, 12.94095, 48.29629, 1, 1, 1, False
1202.557, 2021-07-05T16:07:10.8358780+08:00, 0, 12.94095, 48.29629, 1, 1, 1, False
1202.564, 2021-07-05T16:07:10.8434470+08:00, 0, 12.94095, 48.29629, 1, 1, 1, False
1202.572, 2021-07-05T16:07:10.8508470+08:00, 0, 12.94095, 48.29629, 1, 1, 1, False
1202.576, 2021-07-05T16:07:10.8547190+08:00, 0, 12.94095, 48.29629, 1, 1, 1, False
1202.58, 2021-07-05T16:07:10.8588480+08:00, 0, 12.94095, 48.29629, 1, 1, 1, False
1202.584, 2021-07-05T16:07:10.8629170+08:00, 0, 12.94095, 48.29629, 1, 1, 1, False
1202.588, 2021-07-05T16:07:10.8668520+08:00, 0, 12.94095, 48.29629, 1, 1, 1, False
1202.592, 2021-07-05T16:07:10.8708280+08:00, 0, 12.94095, 48.29629, 1, 1, 1, False
1202.596, 2021-07-05T16:07:10.8752640+08:00, 0, 12.94095, 48.29629, 1, 1, 1, False
1202.602, 2021-07-05T16:07:10.8812710+08:00, 0, 12.94095, 48.29629, 1, 1, 1, False
1202.609, 2021-07-05T16:07:10.8879400+08:00, 0, 12.94095, 48.29629, 1, 1, 1, False
1202.616, 2021-07-05T16:07:10.8951480+08:00, 0, 12.94095, 48.29629, 1, 1, 1, False
1202.621, 2021-07-05T16:07:10.9002060+08:00, 0, 12.94095, 48.29629, 1, 1, 1, False
1202.628, 2021-07-05T16:07:10.9075330+08:00, 0, 12.94095, 48.29629, 1, 1, 1, False
1202.637, 2021-07-05T16:07:10.9158340+08:00, 0, 12.94095, 48.29629, 1, 1, 1, False
1202.645, 2021-07-05T16:07:10.9237970+08:00, 0, 12.94095, 48.29629, 1, 1, 1, False
1202.653, 2021-07-05T16:07:10.9317440+08:00, 0, 12.94095, 48.29629, 1, 1, 1, False
1202.661, 2021-07-05T16:07:10.9398690+08:00, 0, 12.94095, 48.29629, 1, 1, 1, False
1202.669, 2021-07-05T16:07:10.9479340+08:00, 0, 12.94095, 48.29629, 1, 1, 1, False
1202.676, 2021-07-05T16:07:10.9555370+08:00, 0, 12.94095, 48.29629, 1, 1, 1, False
1202.684, 2021-07-05T16:07:10.9633480+08:00, 0, 12.94095, 48.29629, 1, 1, 1, False
1202.692, 2021-07-05T16:07:10.9710780+08:00, 0, 12.94095, 48.29629, 1, 1, 1, False
1202.696, 2021-07-05T16:07:10.9749790+08:00, 0, 12.94095, 48.29629, 1, 1, 1, False
1202.699, 2021-07-05T16:07:10.9786170+08:00, 0, 12.94095, 48.29629, 1, 1, 1, False
1202.704, 2021-07-05T16:07:10.9829470+08:00, 0, 12.94095, 48.29629, 1, 1, 1, False
1202.708, 2021-07-05T16:07:10.9870040+08:00, 0, 12.94095, 48.29629, 1, 1, 1, False
1202.711, 2021-07-05T16:07:10.9905140+08:00, 0, 12.94095, 48.29629, 1, 1, 1, False
1202.716, 2021-07-05T16:07:10.9949100+08:00, 0, 12.94095, 48.29629, 1, 1, 1, False
1202.721, 2021-07-05T16:07:10.9999790+08:00, 0, 12.94095, 48.29629, 1, 1, 1, False
1202.728, 2021-07-05T16:07:11.0069670+08:00, 0, 12.94095, 48.29629, 1, 1, 1, False
1202.734, 2021-07-05T16:07:11.0126400+08:00, 0, 12.94095, 48.29629, 1, 1, 1, False
1202.74, 2021-07-05T16:07:11.0195540+08:00, 0, 12.94095, 48.29629, 1, 1, 1, False
1202.746, 2021-07-05T16:07:11.0254500+08:00, 0, 12.94095, 48.29629, 1, 1, 1, False
1202.753, 2021-07-05T16:07:11.0320180+08:00, 0, 12.94095, 48.29629, 1, 1, 1, False
1202.761, 2021-07-05T16:07:11.0398430+08:00, 0, 12.94095, 48.29629, 1, 1, 1, False
1202.769, 2021-07-05T16:07:11.0478170+08:00, 0, 12.94095, 48.29629, 1, 1, 1, False
1202.777, 2021-07-05T16:07:11.0556960+08:00, 0, 12.94095, 48.29629, 1, 1, 1, False
1202.785, 2021-07-05T16:07:11.0639080+08:00, 0, 12.94095, 48.29629, 1, 1, 1, False
1202.793, 2021-07-05T16:07:11.0717020+08:00, 0, 12.94095, 48.29629, 1, 1, 1, False
1202.8, 2021-07-05T16:07:11.0796430+08:00, 0, 12.94095, 48.29629, 1, 1, 1, False
1202.808, 2021-07-05T16:07:11.0875730+08:00, 0, 12.94095, 48.29629, 1, 1, 1, False
1202.816, 2021-07-05T16:07:11.0951350+08:00, 0, 12.94095, 48.29629, 1, 1, 1, False
1202.825, 2021-07-05T16:07:11.1042220+08:00, 0, 12.94095, 48.29629, 1, 1, 1, False
1202.836, 2021-07-05T16:07:11.1150950+08:00, 0, 12.94095, 48.29629, 1, 1, 1, False
1202.84, 2021-07-05T16:07:11.1187050+08:00, 0, 12.94095, 48.29629, 1, 1, 1, False
1202.844, 2021-07-05T16:07:11.1230330+08:00, 0, 12.94095, 48.29629, 1, 1, 1, False
1202.848, 2021-07-05T16:07:11.1268690+08:00, 0, 12.94095, 48.29629, 1, 1, 1, False
1202.852, 2021-07-05T16:07:11.1308780+08:00, 0, 12.94095, 48.29629, 1, 1, 1, False
1202.856, 2021-07-05T16:07:11.1347910+08:00, 0, 12.94095, 48.29629, 1, 1, 1, False
1202.86, 2021-07-05T16:07:11.1389730+08:00, 0, 12.94095, 48.29629, 1, 1, 1, False
1202.865, 2021-07-05T16:07:11.1446230+08:00, 0, 12.94095, 48.29629, 1, 1, 1, False
1202.872, 2021-07-05T16:07:11.1513010+08:00, 0, 12.94095, 48.29629, 1, 1, 1, False
1202.879, 2021-07-05T16:07:11.1576650+08:00, 0, 12.94095, 48.29629, 1, 1, 1, False
1202.885, 2021-07-05T16:07:11.1636530+08:00, 0, 12.94095, 48.29629, 1, 1, 1, False
1202.893, 2021-07-05T16:07:11.1716340+08:00, 0, 12.94095, 48.29629, 1, 1, 1, False
1202.897, 2021-07-05T16:07:11.1765450+08:00, 0, 12.94095, 48.29629, 1, 1, 1, False
1202.904, 2021-07-05T16:07:11.1831510+08:00, 0, 12.94095, 48.29629, 1, 1, 1, False
1202.91, 2021-07-05T16:07:11.1887720+08:00, 0, 12.94095, 48.29629, 1, 1, 1, False
1202.917, 2021-07-05T16:07:11.1956810+08:00, 0, 12.94095, 48.29629, 1, 1, 1, False
1202.925, 2021-07-05T16:07:11.2038660+08:00, 0, 12.94095, 48.29629, 1, 1, 1, False
1202.932, 2021-07-05T16:07:11.2116610+08:00, 0, 12.94095, 48.29629, 1, 1, 1, False
1202.941, 2021-07-05T16:07:11.2200210+08:00, 0, 12.94095, 48.29629, 1, 1, 1, False
1202.948, 2021-07-05T16:07:11.2271420+08:00, 0, 12.94095, 48.29629, 1, 1, 1, False
1202.957, 2021-07-05T16:07:11.2358680+08:00, 0, 12.94095, 48.29629, 1, 1, 1, False
1202.964, 2021-07-05T16:07:11.2430950+08:00, 0, 12.94095, 48.29629, 1, 1, 1, False
1202.972, 2021-07-05T16:07:11.2512740+08:00, 0, 12.94095, 48.29629, 1, 1, 1, False
1202.98, 2021-07-05T16:07:11.2590540+08:00, 0, 12.94095, 48.29629, 1, 1, 1, False
1202.984, 2021-07-05T16:07:11.2628760+08:00, 0, 12.94095, 48.29629, 1, 1, 1, False
1202.988, 2021-07-05T16:07:11.2667110+08:00, 0, 12.94095, 48.29629, 1, 1, 1, False
1202.992, 2021-07-05T16:07:11.2709270+08:00, 0, 12.94095, 48.29629, 1, 1, 1, False
1202.996, 2021-07-05T16:07:11.2749230+08:00, 0, 12.94095, 48.29629, 1, 1, 1, False
1203, 2021-07-05T16:07:11.2786920+08:00, 0, 12.94095, 48.29629, 1, 1, 1, False
1203.004, 2021-07-05T16:07:11.2827790+08:00, 0, 12.94095, 48.29629, 1, 1, 1, False
1203.009, 2021-07-05T16:07:11.2881180+08:00, 0, 12.94095, 48.29629, 1, 1, 1, False
1203.016, 2021-07-05T16:07:11.2954240+08:00, 0, 12.94095, 48.29629, 1, 1, 1, False
1203.025, 2021-07-05T16:07:11.3040880+08:00, 0, 12.94095, 48.29629, 1, 1, 1, False
1203.032, 2021-07-05T16:07:11.3116490+08:00, 0, 12.94095, 48.29629, 1, 1, 1, False
1203.04, 2021-07-05T16:07:11.3192110+08:00, 0, 12.94095, 48.29629, 1, 1, 1, False
1203.044, 2021-07-05T16:07:11.3227520+08:00, 0, 12.94095, 48.29629, 1, 1, 1, False
1203.048, 2021-07-05T16:07:11.3268730+08:00, 0, 12.94095, 48.29629, 1, 1, 1, False
1203.054, 2021-07-05T16:07:11.3327250+08:00, 0, 12.94095, 48.29629, 1, 1, 1, False
1203.06, 2021-07-05T16:07:11.3395500+08:00, 0, 12.94095, 48.29629, 1, 1, 1, False
1203.069, 2021-07-05T16:07:11.3478270+08:00, 0, 12.94095, 48.29629, 1, 1, 1, False
1203.077, 2021-07-05T16:07:11.3557560+08:00, 0, 12.94095, 48.29629, 1, 1, 1, False
1203.085, 2021-07-05T16:07:11.3638780+08:00, 0, 12.94095, 48.29629, 1, 1, 1, False
1203.092, 2021-07-05T16:07:11.3710500+08:00, 0, 12.94095, 48.29629, 1, 1, 1, False
1203.096, 2021-07-05T16:07:11.3750090+08:00, 0, 12.94095, 48.29629, 1, 1, 1, False
1203.1, 2021-07-05T16:07:11.3787540+08:00, 0, 12.94095, 48.29629, 1, 1, 1, False
1203.104, 2021-07-05T16:07:11.3829730+08:00, 0, 12.94095, 48.29629, 1, 1, 1, False
1203.11, 2021-07-05T16:07:11.3886680+08:00, 0, 12.94095, 48.29629, 1, 1, 1, False
1203.116, 2021-07-05T16:07:11.3954790+08:00, 0, 12.94095, 48.29629, 1, 1, 1, False
1203.122, 2021-07-05T16:07:11.4012540+08:00, 0, 12.94095, 48.29629, 1, 1, 1, False
1203.128, 2021-07-05T16:07:11.4075620+08:00, 0, 12.94095, 48.29629, 1, 1, 1, False
1203.137, 2021-07-05T16:07:11.4158040+08:00, 0, 12.94095, 48.29629, 1, 1, 1, False
1203.145, 2021-07-05T16:07:11.4237980+08:00, 0, 12.94095, 48.29629, 1, 1, 1, False
1203.153, 2021-07-05T16:07:11.4318650+08:00, 0, 12.94095, 48.29629, 1, 1, 1, False
1203.161, 2021-07-05T16:07:11.4397180+08:00, 0, 12.94095, 48.29629, 1, 1, 1, False
1203.169, 2021-07-05T16:07:11.4478580+08:00, 0, 12.94095, 48.29629, 1, 1, 1, False
1203.177, 2021-07-05T16:07:11.4556900+08:00, 0, 12.94095, 48.29629, 1, 1, 1, False
1203.184, 2021-07-05T16:07:11.4636430+08:00, 0, 12.94095, 48.29629, 1, 1, 1, False
1203.192, 2021-07-05T16:07:11.4715570+08:00, 0, 12.94095, 48.29629, 1, 1, 1, False
1203.201, 2021-07-05T16:07:11.4797950+08:00, 0, 12.94095, 48.29629, 1, 1, 1, False
1203.208, 2021-07-05T16:07:11.4874920+08:00, 0, 12.94095, 48.29629, 1, 1, 1, False
1203.219, 2021-07-05T16:07:11.4975770+08:00, 0, 12.94095, 48.29629, 1, 1, 1, False
1203.224, 2021-07-05T16:07:11.5030270+08:00, 0, 12.94095, 48.29629, 1, 1, 1, False
1203.228, 2021-07-05T16:07:11.5066870+08:00, 0, 12.94095, 48.29629, 1, 1, 1, False
1203.232, 2021-07-05T16:07:11.5107120+08:00, 0, 12.94095, 48.29629, 1, 1, 1, False
1203.236, 2021-07-05T16:07:11.5151180+08:00, 0, 12.94095, 48.29629, 1, 1, 1, False
1203.24, 2021-07-05T16:07:11.5188120+08:00, 0, 12.94095, 48.29629, 1, 1, 1, False
1203.244, 2021-07-05T16:07:11.5228720+08:00, 0, 12.94095, 48.29629, 1, 1, 1, False
1203.248, 2021-07-05T16:07:11.5274130+08:00, 0, 12.94095, 48.29629, 1, 1, 1, False
1203.254, 2021-07-05T16:07:11.5333030+08:00, 0, 12.94095, 48.29629, 1, 1, 1, False
1203.261, 2021-07-05T16:07:11.5400600+08:00, 0, 12.94095, 48.29629, 1, 1, 1, False
1203.268, 2021-07-05T16:07:11.5470860+08:00, 0, 12.94095, 48.29629, 1, 1, 1, False
1203.277, 2021-07-05T16:07:11.5558470+08:00, 0, 12.94095, 48.29629, 1, 1, 1, False
1203.285, 2021-07-05T16:07:11.5638230+08:00, 0, 12.94095, 48.29629, 1, 1, 1, False
1203.292, 2021-07-05T16:07:11.5711850+08:00, 0, 12.94095, 48.29629, 1, 1, 1, False
1203.296, 2021-07-05T16:07:11.5750210+08:00, 0, 12.94095, 48.29629, 1, 1, 1, False
1203.3, 2021-07-05T16:07:11.5786740+08:00, 0, 12.94095, 48.29629, 1, 1, 1, False
1203.305, 2021-07-05T16:07:11.5837980+08:00, 0, 12.94095, 48.29629, 1, 1, 1, False
1203.312, 2021-07-05T16:07:11.5906760+08:00, 0, 12.94095, 48.29629, 1, 1, 1, False
1203.317, 2021-07-05T16:07:11.5960130+08:00, 0, 12.94095, 48.29629, 1, 1, 1, False
1203.324, 2021-07-05T16:07:11.6031240+08:00, 0, 12.94095, 48.29629, 1, 1, 1, False
1203.33, 2021-07-05T16:07:11.6090070+08:00, 0, 12.94095, 48.29629, 1, 1, 1, False
1203.336, 2021-07-05T16:07:11.6153110+08:00, 0, 12.94095, 48.29629, 1, 1, 1, False
1203.342, 2021-07-05T16:07:11.6211630+08:00, 0, 12.94095, 48.29629, 1, 1, 1, False
1203.349, 2021-07-05T16:07:11.6277830+08:00, 0, 12.94095, 48.29629, 1, 1, 1, False
1203.356, 2021-07-05T16:07:11.6355230+08:00, 0, 12.94095, 48.29629, 1, 1, 1, False
1203.364, 2021-07-05T16:07:11.6435730+08:00, 0, 12.94095, 48.29629, 1, 1, 1, False
1203.372, 2021-07-05T16:07:11.6511630+08:00, 0, 12.94095, 48.29629, 1, 1, 1, False
1203.38, 2021-07-05T16:07:11.6620330+08:00, 0, 12.94095, 48.29629, 1, 1, 1, False
1203.388, 2021-07-05T16:07:11.6712860+08:00, 0, 12.94095, 48.29629, 1, 1, 1, False
1203.396, 2021-07-05T16:07:11.6746770+08:00, 0, 12.94095, 48.29629, 1, 1, 1, False
1203.4, 2021-07-05T16:07:11.6789990+08:00, 0, 12.94095, 48.29629, 1, 1, 1, False
1203.404, 2021-07-05T16:07:11.6829370+08:00, 0, 12.94095, 48.29629, 1, 1, 1, False
1203.408, 2021-07-05T16:07:11.6866810+08:00, 0, 12.94095, 48.29629, 1, 1, 1, False
1203.412, 2021-07-05T16:07:11.6907220+08:00, 0, 12.94095, 48.29629, 1, 1, 1, False
1203.417, 2021-07-05T16:07:11.6960900+08:00, 0, 12.94095, 48.29629, 1, 1, 1, False
1203.424, 2021-07-05T16:07:11.7034990+08:00, 0, 12.94095, 48.29629, 1, 1, 1, False
1203.43, 2021-07-05T16:07:11.7091720+08:00, 0, 12.94095, 48.29629, 1, 1, 1, False
1203.436, 2021-07-05T16:07:11.7152590+08:00, 0, 12.94095, 48.29629, 1, 1, 1, False
1203.442, 2021-07-05T16:07:11.7213420+08:00, 0, 12.94095, 48.29629, 1, 1, 1, False
1203.449, 2021-07-05T16:07:11.7278110+08:00, 0, 12.94095, 48.29629, 1, 1, 1, False
1203.455, 2021-07-05T16:07:11.7337150+08:00, 0, 12.94095, 48.29629, 1, 1, 1, False
1203.461, 2021-07-05T16:07:11.7404060+08:00, 0, 12.94095, 48.29629, 1, 1, 1, False
1203.468, 2021-07-05T16:07:11.7469980+08:00, 0, 12.94095, 48.29629, 1, 1, 1, False
1203.474, 2021-07-05T16:07:11.7526970+08:00, 0, 12.94095, 48.29629, 1, 1, 1, False
1203.48, 2021-07-05T16:07:11.7591510+08:00, 0, 12.94095, 48.29629, 1, 1, 1, False
1203.486, 2021-07-05T16:07:11.7653850+08:00, 0, 12.94095, 48.29629, 1, 1, 1, False
1203.492, 2021-07-05T16:07:11.7712930+08:00, 0, 12.94095, 48.29629, 1, 1, 1, False
1203.499, 2021-07-05T16:07:11.7778210+08:00, 0, 12.94095, 48.29629, 1, 1, 1, False
1203.505, 2021-07-05T16:07:11.7839800+08:00, 0, 12.94095, 48.29629, 1, 1, 1, False
1203.512, 2021-07-05T16:07:11.7908750+08:00, 0, 12.94095, 48.29629, 1, 1, 1, False
1203.517, 2021-07-05T16:07:11.7963540+08:00, 0, 12.94095, 48.29629, 1, 1, 1, False
1203.524, 2021-07-05T16:07:11.8031710+08:00, 0, 12.94095, 48.29629, 1, 1, 1, False
1203.529, 2021-07-05T16:07:11.8085800+08:00, 0, 12.94095, 48.29629, 1, 1, 1, False
1203.536, 2021-07-05T16:07:11.8157370+08:00, 0, 12.94095, 48.29629, 1, 1, 1, False
1203.545, 2021-07-05T16:07:11.8238120+08:00, 0, 12.94095, 48.29629, 1, 1, 1, False
1203.552, 2021-07-05T16:07:11.8312180+08:00, 0, 12.94095, 48.29629, 1, 1, 1, False
1203.556, 2021-07-05T16:07:11.8346990+08:00, 0, 12.94095, 48.29629, 1, 1, 1, False
1203.56, 2021-07-05T16:07:11.8394300+08:00, 0, 12.94095, 48.29629, 1, 1, 1, False
1203.567, 2021-07-05T16:07:11.8457810+08:00, 0, 12.94095, 48.29629, 1, 1, 1, False
1203.573, 2021-07-05T16:07:11.8524420+08:00, 0, 12.94095, 48.29629, 1, 1, 1, False
1203.58, 2021-07-05T16:07:11.8587950+08:00, 0, 12.94095, 48.29629, 1, 1, 1, False
1203.586, 2021-07-05T16:07:11.8648820+08:00, 0, 12.94095, 48.29629, 1, 1, 1, False
1203.593, 2021-07-05T16:07:11.8723330+08:00, 0, 12.94095, 48.29629, 1, 1, 1, False
1203.6, 2021-07-05T16:07:11.8791400+08:00, 0, 12.94095, 48.29629, 1, 1, 1, False
1203.606, 2021-07-05T16:07:11.8854620+08:00, 0, 12.94095, 48.29629, 1, 1, 1, False
1203.614, 2021-07-05T16:07:11.8927900+08:00, 0, 12.94095, 48.29629, 1, 1, 1, False
1203.621, 2021-07-05T16:07:11.9001560+08:00, 0, 12.94095, 48.29629, 1, 1, 1, False
1203.628, 2021-07-05T16:07:11.9071270+08:00, 0, 12.94095, 48.29629, 1, 1, 1, False
1203.634, 2021-07-05T16:07:11.9131820+08:00, 0, 12.94095, 48.29629, 1, 1, 1, False
1203.641, 2021-07-05T16:07:11.9205210+08:00, 0, 12.94095, 48.29629, 1, 1, 1, False
1203.648, 2021-07-05T16:07:11.9271560+08:00, 0, 12.94095, 48.29629, 1, 1, 1, False
1203.655, 2021-07-05T16:07:11.9341270+08:00, 0, 12.94095, 48.29629, 1, 1, 1, False
1203.662, 2021-07-05T16:07:11.9412180+08:00, 0, 12.94095, 48.29629, 1, 1, 1, False
1203.669, 2021-07-05T16:07:11.9482880+08:00, 0, 12.94095, 48.29629, 1, 1, 1, False
1203.676, 2021-07-05T16:07:11.9554340+08:00, 0, 12.94095, 48.29629, 1, 1, 1, False
1203.683, 2021-07-05T16:07:11.9623800+08:00, 0, 12.94095, 48.29629, 1, 1, 1, False
1203.69, 2021-07-05T16:07:11.9687910+08:00, 0, 12.94095, 48.29629, 1, 1, 1, False
1203.697, 2021-07-05T16:07:11.9762690+08:00, 0, 12.94095, 48.29629, 1, 1, 1, False
1203.705, 2021-07-05T16:07:11.9839150+08:00, 0, 12.94095, 48.29629, 1, 1, 1, False
1203.711, 2021-07-05T16:07:11.9898810+08:00, 0, 12.94095, 48.29629, 1, 1, 1, False
1203.718, 2021-07-05T16:07:11.9973620+08:00, 0, 12.94095, 48.29629, 1, 1, 1, False
1203.725, 2021-07-05T16:07:12.0039670+08:00, 0, 12.94095, 48.29629, 1, 1, 1, False
1203.731, 2021-07-05T16:07:12.0100170+08:00, 0, 12.94095, 48.29629, 1, 1, 1, False
1203.738, 2021-07-05T16:07:12.0173570+08:00, 0, 12.94095, 48.29629, 1, 1, 1, False
1203.745, 2021-07-05T16:07:12.0241550+08:00, 0, 12.94095, 48.29629, 1, 1, 1, False
1203.751, 2021-07-05T16:07:12.0305900+08:00, 0, 12.94095, 48.29629, 1, 1, 1, False
1203.759, 2021-07-05T16:07:12.0377960+08:00, 0, 12.94095, 48.29629, 1, 1, 1, False
1203.766, 2021-07-05T16:07:12.0451970+08:00, 0, 12.94095, 48.29629, 1, 1, 1, False
1203.772, 2021-07-05T16:07:12.0515370+08:00, 0, 12.94095, 48.29629, 1, 1, 1, False
1203.779, 2021-07-05T16:07:12.0585590+08:00, 0, 12.94095, 48.29629, 1, 1, 1, False
1203.786, 2021-07-05T16:07:12.0656490+08:00, 0, 12.94095, 48.29629, 1, 1, 1, False
1203.793, 2021-07-05T16:07:12.0723690+08:00, 0, 12.94095, 48.29629, 1, 1, 1, False
1203.8, 2021-07-05T16:07:12.0794980+08:00, 0, 12.94095, 48.29629, 1, 1, 1, False
1203.807, 2021-07-05T16:07:12.0861380+08:00, 0, 12.94095, 48.29629, 1, 1, 1, False
1203.814, 2021-07-05T16:07:12.0931320+08:00, 0, 12.94095, 48.29629, 1, 1, 1, False
1203.821, 2021-07-05T16:07:12.1004440+08:00, 0, 12.94095, 48.29629, 1, 1, 1, False
1203.829, 2021-07-05T16:07:12.1077230+08:00, 0, 12.94095, 48.29629, 1, 1, 1, False
1203.835, 2021-07-05T16:07:12.1137140+08:00, 0, 12.94095, 48.29629, 1, 1, 1, False
1203.842, 2021-07-05T16:07:12.1208810+08:00, 0, 12.94095, 48.29629, 1, 1, 1, False
1203.849, 2021-07-05T16:07:12.1276850+08:00, 0, 12.94095, 48.29629, 1, 1, 1, False
1203.855, 2021-07-05T16:07:12.1339860+08:00, 0, 12.94095, 48.29629, 1, 1, 1, False
1203.863, 2021-07-05T16:07:12.1421440+08:00, 0, 12.94095, 48.29629, 1, 1, 1, False
1203.87, 2021-07-05T16:07:12.1489100+08:00, 0, 12.94095, 48.29629, 1, 1, 1, False
1203.877, 2021-07-05T16:07:12.1559850+08:00, 0, 12.94095, 48.29629, 1, 1, 1, False
1203.884, 2021-07-05T16:07:12.1633570+08:00, 0, 12.94095, 48.29629, 1, 1, 1, False
1203.89, 2021-07-05T16:07:12.1693090+08:00, 0, 12.94095, 48.29629, 1, 1, 1, False
1203.897, 2021-07-05T16:07:12.1761770+08:00, 0, 12.94095, 48.29629, 1, 1, 1, False
1203.905, 2021-07-05T16:07:12.1837130+08:00, 0, 12.94095, 48.29629, 1, 1, 1, False
1203.912, 2021-07-05T16:07:12.1910730+08:00, 0, 12.94095, 48.29629, 1, 1, 1, False
1203.919, 2021-07-05T16:07:12.1979390+08:00, 0, 12.94095, 48.29629, 1, 1, 1, False
1203.926, 2021-07-05T16:07:12.2052230+08:00, 0, 12.94095, 48.29629, 1, 1, 1, False
1203.933, 2021-07-05T16:07:12.2120310+08:00, 0, 12.94095, 48.29629, 1, 1, 1, False
1203.939, 2021-07-05T16:07:12.2184780+08:00, 0, 12.94095, 48.29629, 1, 1, 1, False
1203.947, 2021-07-05T16:07:12.2256480+08:00, 0, 12.94095, 48.29629, 1, 1, 1, False
1203.953, 2021-07-05T16:07:12.2324190+08:00, 0, 12.94095, 48.29629, 1, 1, 1, False
1203.961, 2021-07-05T16:07:12.2397220+08:00, 0, 12.94095, 48.29629, 1, 1, 1, False
1203.968, 2021-07-05T16:07:12.2472510+08:00, 0, 12.94095, 48.29629, 1, 1, 1, False
1203.975, 2021-07-05T16:07:12.2538540+08:00, 0, 12.94095, 48.29629, 1, 1, 1, False
1203.981, 2021-07-05T16:07:12.2606920+08:00, 0, 12.94095, 48.29629, 1, 1, 1, False
1203.989, 2021-07-05T16:07:12.2679250+08:00, 0, 12.94095, 48.29629, 1, 1, 1, False
1203.995, 2021-07-05T16:07:12.2745670+08:00, 0, 12.94095, 48.29629, 1, 1, 1, False
1204.002, 2021-07-05T16:07:12.2809140+08:00, 0, 12.94095, 48.29629, 1, 1, 1, False
1204.009, 2021-07-05T16:07:12.2881850+08:00, 0, 12.94095, 48.29629, 1, 1, 1, False
1204.016, 2021-07-05T16:07:12.2956190+08:00, 0, 12.94095, 48.29629, 1, 1, 1, False
1204.022, 2021-07-05T16:07:12.3011410+08:00, 0, 12.94095, 48.29629, 1, 1, 1, False
1204.029, 2021-07-05T16:07:12.3083620+08:00, 0, 12.94095, 48.29629, 1, 1, 1, False
1204.036, 2021-07-05T16:07:12.3153220+08:00, 0, 12.94095, 48.29629, 1, 1, 1, False
1204.042, 2021-07-05T16:07:12.3215940+08:00, 0, 12.94095, 48.29629, 1, 1, 1, False
1204.063, 2021-07-05T16:07:12.3424140+08:00, 0, 12.94095, 48.29629, 1, 1, 1, False
1204.068, 2021-07-05T16:07:12.3473370+08:00, 0, 12.94095, 48.29629, 1, 1, 1, False
1204.072, 2021-07-05T16:07:12.3507430+08:00, 0, 12.94095, 48.29629, 1, 1, 1, False
1204.076, 2021-07-05T16:07:12.3546020+08:00, 0, 12.94095, 48.29629, 1, 1, 1, False
1204.08, 2021-07-05T16:07:12.3589670+08:00, 0, 12.94095, 48.29629, 1, 1, 1, False
1204.083, 2021-07-05T16:07:12.3626420+08:00, 0, 12.94095, 48.29629, 1, 1, 1, False
1204.088, 2021-07-05T16:07:12.3669610+08:00, 0, 12.94095, 48.29629, 1, 1, 1, False
1204.094, 2021-07-05T16:07:12.3726020+08:00, 0, 12.94095, 48.29629, 1, 1, 1, False
1204.1, 2021-07-05T16:07:12.3788500+08:00, 0, 12.94095, 48.29629, 1, 1, 1, False
1204.106, 2021-07-05T16:07:12.3852330+08:00, 0, 12.94095, 48.29629, 1, 1, 1, False
1204.112, 2021-07-05T16:07:12.3912770+08:00, 0, 12.94095, 48.29629, 1, 1, 1, False
1204.119, 2021-07-05T16:07:12.3976920+08:00, 0, 12.94095, 48.29629, 1, 1, 1, False
1204.125, 2021-07-05T16:07:12.4039180+08:00, 0, 12.94095, 48.29629, 1, 1, 1, False
1204.132, 2021-07-05T16:07:12.4114900+08:00, 0, 12.94095, 48.29629, 1, 1, 1, False
1204.14, 2021-07-05T16:07:12.4186090+08:00, 0, 12.94095, 48.29629, 1, 1, 1, False
1204.144, 2021-07-05T16:07:12.4227700+08:00, 0, 12.94095, 48.29629, 1, 1, 1, False
1204.149, 2021-07-05T16:07:12.4285580+08:00, 0, 12.94095, 48.29629, 1, 1, 1, False
1204.156, 2021-07-05T16:07:12.4355810+08:00, 0, 12.94095, 48.29629, 1, 1, 1, False
1204.162, 2021-07-05T16:07:12.4412860+08:00, 0, 12.94095, 48.29629, 1, 1, 1, False
1204.168, 2021-07-05T16:07:12.4474860+08:00, 0, 12.94095, 48.29629, 1, 1, 1, False
1204.175, 2021-07-05T16:07:12.4540750+08:00, 0, 12.94095, 48.29629, 1, 1, 1, False
1204.181, 2021-07-05T16:07:12.4604880+08:00, 0, 12.94095, 48.29629, 1, 1, 1, False
1204.188, 2021-07-05T16:07:12.4671360+08:00, 0, 12.94095, 48.29629, 1, 1, 1, False
1204.194, 2021-07-05T16:07:12.4729990+08:00, 0, 12.94095, 48.29629, 1, 1, 1, False
1204.2, 2021-07-05T16:07:12.4790970+08:00, 0, 12.94095, 48.29629, 1, 1, 1, False
1204.206, 2021-07-05T16:07:12.4855390+08:00, 0, 12.94095, 48.29629, 1, 1, 1, False
1204.213, 2021-07-05T16:07:12.4916100+08:00, 0, 12.94095, 48.29629, 1, 1, 1, False
1204.221, 2021-07-05T16:07:12.5001620+08:00, 0, 12.94095, 48.29629, 1, 1, 1, False
1204.229, 2021-07-05T16:07:12.5076780+08:00, 0, 12.94095, 48.29629, 1, 1, 1, False
1204.236, 2021-07-05T16:07:12.5155440+08:00, 0, 12.94095, 48.29629, 1, 1, 1, False
1204.244, 2021-07-05T16:07:12.5232520+08:00, 0, 12.94095, 48.29629, 1, 1, 1, False
1204.248, 2021-07-05T16:07:12.5268000+08:00, 0, 12.94095, 48.29629, 1, 1, 1, False
1204.252, 2021-07-05T16:07:12.5307680+08:00, 0, 12.94095, 48.29629, 1, 1, 1, False
1204.256, 2021-07-05T16:07:12.5351420+08:00, 0, 12.94095, 48.29629, 1, 1, 1, False
1204.263, 2021-07-05T16:07:12.5419110+08:00, 0, 12.94095, 48.29629, 1, 1, 1, False
1204.269, 2021-07-05T16:07:12.5476760+08:00, 0, 12.94095, 48.29629, 1, 1, 1, False
1204.276, 2021-07-05T16:07:12.5554630+08:00, 0, 12.94095, 48.29629, 1, 1, 1, False
1204.281, 2021-07-05T16:07:12.5606140+08:00, 0, 12.94095, 48.29629, 1, 1, 1, False
1204.288, 2021-07-05T16:07:12.5670730+08:00, 0, 12.94095, 48.29629, 1, 1, 1, False
1204.294, 2021-07-05T16:07:12.5727630+08:00, 0, 12.94095, 48.29629, 1, 1, 1, False
1204.3, 2021-07-05T16:07:12.5794600+08:00, 0, 12.94095, 48.29629, 1, 1, 1, False
1204.306, 2021-07-05T16:07:12.5855410+08:00, 0, 12.94095, 48.29629, 1, 1, 1, False
1204.313, 2021-07-05T16:07:12.5917200+08:00, 0, 12.94095, 48.29629, 1, 1, 1, False
1204.32, 2021-07-05T16:07:12.5987510+08:00, 0, 12.94095, 48.29629, 1, 1, 1, False
1204.325, 2021-07-05T16:07:12.6040220+08:00, 0, 12.94095, 48.29629, 1, 1, 1, False
1204.332, 2021-07-05T16:07:12.6110830+08:00, 0, 12.94095, 48.29629, 1, 1, 1, False
1204.338, 2021-07-05T16:07:12.6167170+08:00, 0, 12.94095, 48.29629, 1, 1, 1, False
1204.344, 2021-07-05T16:07:12.6231730+08:00, 0, 12.94095, 48.29629, 1, 1, 1, False
1204.35, 2021-07-05T16:07:12.6290320+08:00, 0, 12.94095, 48.29629, 1, 1, 1, False
1204.356, 2021-07-05T16:07:12.6356580+08:00, 0, 12.94095, 48.29629, 1, 1, 1, False
1204.364, 2021-07-05T16:07:12.6430960+08:00, 0, 12.94095, 48.29629, 1, 1, 1, False
1204.369, 2021-07-05T16:07:12.6481320+08:00, 0, 12.94095, 48.29629, 1, 1, 1, False
1204.376, 2021-07-05T16:07:12.6552040+08:00, 0, 12.94095, 48.29629, 1, 1, 1, False
1204.381, 2021-07-05T16:07:12.6602610+08:00, 0, 12.94095, 48.29629, 1, 1, 1, False
1204.388, 2021-07-05T16:07:12.6674030+08:00, 0, 12.94095, 48.29629, 1, 1, 1, False
1204.394, 2021-07-05T16:07:12.6730780+08:00, 0, 12.94095, 48.29629, 1, 1, 1, False
1204.401, 2021-07-05T16:07:12.6797210+08:00, 0, 12.94095, 48.29629, 1, 1, 1, False
1204.408, 2021-07-05T16:07:12.6873950+08:00, 0, 12.94095, 48.29629, 1, 1, 1, False
1204.413, 2021-07-05T16:07:12.6919500+08:00, 0, 12.94095, 48.29629, 1, 1, 1, False
1204.42, 2021-07-05T16:07:12.6995850+08:00, 0, 12.94095, 48.29629, 1, 1, 1, False
1204.425, 2021-07-05T16:07:12.7043860+08:00, 0, 12.94095, 48.29629, 1, 1, 1, False
1204.432, 2021-07-05T16:07:12.7110570+08:00, 0, 12.94095, 48.29629, 1, 1, 1, False
1204.437, 2021-07-05T16:07:12.7165190+08:00, 0, 12.94095, 48.29629, 1, 1, 1, False
1204.444, 2021-07-05T16:07:12.7235130+08:00, 0, 12.94095, 48.29629, 1, 1, 1, False
1204.45, 2021-07-05T16:07:12.7292120+08:00, 0, 12.94095, 48.29629, 1, 1, 1, False
1204.456, 2021-07-05T16:07:12.7354790+08:00, 0, 12.94095, 48.29629, 1, 1, 1, False
1204.462, 2021-07-05T16:07:12.7414780+08:00, 0, 12.94095, 48.29629, 1, 1, 1, False
1204.469, 2021-07-05T16:07:12.7479680+08:00, 0, 12.94095, 48.29629, 1, 1, 1, False
1204.476, 2021-07-05T16:07:12.7555930+08:00, 0, 12.94095, 48.29629, 1, 1, 1, False
1204.481, 2021-07-05T16:07:12.7606220+08:00, 0, 12.94095, 48.29629, 1, 1, 1, False
1204.488, 2021-07-05T16:07:12.7675950+08:00, 0, 12.94095, 48.29629, 1, 1, 1, False
1204.494, 2021-07-05T16:07:12.7730090+08:00, 0, 12.94095, 48.29629, 1, 1, 1, False
1204.5, 2021-07-05T16:07:12.7795020+08:00, 0, 12.94095, 48.29629, 1, 1, 1, False
1204.506, 2021-07-05T16:07:12.7855550+08:00, 0, 12.94095, 48.29629, 1, 1, 1, False
1204.512, 2021-07-05T16:07:12.7915190+08:00, 0, 12.94095, 48.29629, 1, 1, 1, False
1204.519, 2021-07-05T16:07:12.7980920+08:00, 0, 12.94095, 48.29629, 1, 1, 1, False
1204.525, 2021-07-05T16:07:12.8043730+08:00, 0, 12.94095, 48.29629, 1, 1, 1, False
1204.532, 2021-07-05T16:07:12.8116090+08:00, 0, 12.94095, 48.29629, 1, 1, 1, False
1204.538, 2021-07-05T16:07:12.8167350+08:00, 0, 12.94095, 48.29629, 1, 1, 1, False
1204.544, 2021-07-05T16:07:12.8233840+08:00, 0, 12.94095, 48.29629, 1, 1, 1, False
1204.55, 2021-07-05T16:07:12.8292390+08:00, 0, 12.94095, 48.29629, 1, 1, 1, False
1204.556, 2021-07-05T16:07:12.8354950+08:00, 0, 12.94095, 48.29629, 1, 1, 1, False
1204.563, 2021-07-05T16:07:12.8417560+08:00, 0, 12.94095, 48.29629, 1, 1, 1, False
1204.569, 2021-07-05T16:07:12.8479690+08:00, 0, 12.94095, 48.29629, 1, 1, 1, False
1204.576, 2021-07-05T16:07:12.8552190+08:00, 0, 12.94095, 48.29629, 1, 1, 1, False
1204.581, 2021-07-05T16:07:12.8605830+08:00, 0, 12.94095, 48.29629, 1, 1, 1, False
1204.588, 2021-07-05T16:07:12.8668160+08:00, 0, 12.94095, 48.29629, 1, 1, 1, False
1204.594, 2021-07-05T16:07:12.8726870+08:00, 0, 12.94095, 48.29629, 1, 1, 1, False
1204.6, 2021-07-05T16:07:12.8795370+08:00, 0, 12.94095, 48.29629, 1, 1, 1, False
1204.606, 2021-07-05T16:07:12.8853330+08:00, 0, 12.94095, 48.29629, 1, 1, 1, False
1204.613, 2021-07-05T16:07:12.8919300+08:00, 0, 12.94095, 48.29629, 1, 1, 1, False
1204.62, 2021-07-05T16:07:12.8989080+08:00, 0, 12.94095, 48.29629, 1, 1, 1, False
1204.625, 2021-07-05T16:07:12.9041240+08:00, 0, 12.94095, 48.29629, 1, 1, 1, False
1204.633, 2021-07-05T16:07:12.9117960+08:00, 0, 12.94095, 48.29629, 1, 1, 1, False
1204.64, 2021-07-05T16:07:12.9243830+08:00, 0, 12.94095, 48.29629, 1, 1, 1, False
1204.652, 2021-07-05T16:07:12.9316340+08:00, 0, 12.94095, 48.29629, 1, 1, 1, False
1204.656, 2021-07-05T16:07:12.9352840+08:00, 0, 12.94095, 48.29629, 1, 1, 1, False
1204.659, 2021-07-05T16:07:12.9385210+08:00, 0, 12.94095, 48.29629, 1, 1, 1, False
1204.664, 2021-07-05T16:07:12.9429800+08:00, 0, 12.94095, 48.29629, 1, 1, 1, False
1204.668, 2021-07-05T16:07:12.9476350+08:00, 0, 12.94095, 48.29629, 1, 1, 1, False
1204.675, 2021-07-05T16:07:12.9545840+08:00, 0, 12.94095, 48.29629, 1, 1, 1, False
1204.682, 2021-07-05T16:07:12.9609130+08:00, 0, 12.94095, 48.29629, 1, 1, 1, False
1204.688, 2021-07-05T16:07:12.9672380+08:00, 0, 12.94095, 48.29629, 1, 1, 1, False
1204.694, 2021-07-05T16:07:12.9731010+08:00, 0, 12.94095, 48.29629, 1, 1, 1, False
1204.701, 2021-07-05T16:07:12.9796650+08:00, 0, 12.94095, 48.29629, 1, 1, 1, False
1204.706, 2021-07-05T16:07:12.9853850+08:00, 0, 12.94095, 48.29629, 1, 1, 1, False
1204.713, 2021-07-05T16:07:12.9919510+08:00, 0, 12.94095, 48.29629, 1, 1, 1, False
1204.72, 2021-07-05T16:07:12.9989840+08:00, 0, 12.94095, 48.29629, 1, 1, 1, False
1204.725, 2021-07-05T16:07:13.0040840+08:00, 0, 12.94095, 48.29629, 1, 1, 1, False
1204.732, 2021-07-05T16:07:13.0112480+08:00, 0, 12.94095, 48.29629, 1, 1, 1, False
1204.738, 2021-07-05T16:07:13.0168220+08:00, 0, 12.94095, 48.29629, 1, 1, 1, False
1204.744, 2021-07-05T16:07:13.0232760+08:00, 0, 12.94095, 48.29629, 1, 1, 1, False
1204.75, 2021-07-05T16:07:13.0292250+08:00, 0, 12.94095, 48.29629, 1, 1, 1, False
1204.757, 2021-07-05T16:07:13.0356850+08:00, 0, 12.94095, 48.29629, 1, 1, 1, False
1204.764, 2021-07-05T16:07:13.0430570+08:00, 0, 12.94095, 48.29629, 1, 1, 1, False
1204.769, 2021-07-05T16:07:13.0482060+08:00, 0, 12.94095, 48.29629, 1, 1, 1, False
1204.776, 2021-07-05T16:07:13.0551250+08:00, 0, 12.94095, 48.29629, 1, 1, 1, False
1204.781, 2021-07-05T16:07:13.0604120+08:00, 0, 12.94095, 48.29629, 1, 1, 1, False
1204.788, 2021-07-05T16:07:13.0676190+08:00, 0, 12.94095, 48.29629, 1, 1, 1, False
1204.796, 2021-07-05T16:07:13.0750160+08:00, 0, 12.94095, 48.29629, 1, 1, 1, False
1204.8, 2021-07-05T16:07:13.0790110+08:00, 0, 12.94095, 48.29629, 1, 1, 1, False
1204.807, 2021-07-05T16:07:13.0856790+08:00, 0, 12.94095, 48.29629, 1, 1, 1, False
1204.813, 2021-07-05T16:07:13.0919320+08:00, 0, 12.94095, 48.29629, 1, 1, 1, False
1204.821, 2021-07-05T16:07:13.0996760+08:00, 0, 12.94095, 48.29629, 1, 1, 1, False
1204.825, 2021-07-05T16:07:13.1041940+08:00, 0, 12.94095, 48.29629, 1, 1, 1, False
1204.832, 2021-07-05T16:07:13.1108770+08:00, 0, 12.94095, 48.29629, 1, 1, 1, False
1204.837, 2021-07-05T16:07:13.1163530+08:00, 0, 12.94095, 48.29629, 1, 1, 1, False
1204.865, 2021-07-05T16:07:13.1437440+08:00, 0, 12.94095, 48.29629, 1, 1, 1, False
1204.872, 2021-07-05T16:07:13.1514500+08:00, 0, 12.94095, 48.29629, 1, 1, 1, False
1204.88, 2021-07-05T16:07:13.1591930+08:00, 0, 12.94095, 48.29629, 1, 1, 1, False
1204.884, 2021-07-05T16:07:13.1627460+08:00, 0, 12.94095, 48.29629, 1, 1, 1, False
1204.888, 2021-07-05T16:07:13.1669280+08:00, 0, 12.94095, 48.29629, 1, 1, 1, False
1204.892, 2021-07-05T16:07:13.1708580+08:00, 0, 12.94095, 48.29629, 1, 1, 1, False
1204.896, 2021-07-05T16:07:13.1747770+08:00, 0, 12.94095, 48.29629, 1, 1, 1, False
1204.9, 2021-07-05T16:07:13.1790560+08:00, 0, 12.94095, 48.29629, 1, 1, 1, False
1204.904, 2021-07-05T16:07:13.1826450+08:00, 0, 12.94095, 48.29629, 1, 1, 1, False
1204.908, 2021-07-05T16:07:13.1869150+08:00, 0, 12.94095, 48.29629, 1, 1, 1, False
1204.913, 2021-07-05T16:07:13.1922880+08:00, 0, 12.94095, 48.29629, 1, 1, 1, False
1204.921, 2021-07-05T16:07:13.1996170+08:00, 0, 12.94095, 48.29629, 1, 1, 1, False
1204.926, 2021-07-05T16:07:13.2053870+08:00, 0, 12.94095, 48.29629, 1, 1, 1, False
1204.932, 2021-07-05T16:07:13.2114380+08:00, 0, 12.94095, 48.29629, 1, 1, 1, False
1204.939, 2021-07-05T16:07:13.2180020+08:00, 0, 12.94095, 48.29629, 1, 1, 1, False
1204.945, 2021-07-05T16:07:13.2241780+08:00, 0, 12.94095, 48.29629, 1, 1, 1, False
1204.953, 2021-07-05T16:07:13.2316410+08:00, 0, 12.94095, 48.29629, 1, 1, 1, False
1204.957, 2021-07-05T16:07:13.2365900+08:00, 0, 12.94095, 48.29629, 1, 1, 1, False
1204.964, 2021-07-05T16:07:13.2432330+08:00, 0, 12.94095, 48.29629, 1, 1, 1, False
1204.973, 2021-07-05T16:07:13.2518800+08:00, 0, 12.94095, 48.29629, 1, 1, 1, False
1204.98, 2021-07-05T16:07:13.2589400+08:00, 0, 12.94095, 48.29629, 1, 1, 1, False
1204.984, 2021-07-05T16:07:13.2627370+08:00, 0, 12.94095, 48.29629, 1, 1, 1, False
1204.988, 2021-07-05T16:07:13.2673920+08:00, 0, 12.94095, 48.29629, 1, 1, 1, False
1204.995, 2021-07-05T16:07:13.2741750+08:00, 0, 12.94095, 48.29629, 1, 1, 1, False
1205.001, 2021-07-05T16:07:13.2798320+08:00, 0, 12.94095, 48.29629, 1, 1, 1, False
1205.008, 2021-07-05T16:07:13.2875880+08:00, 0, 12.94095, 48.29629, 1, 1, 1, False
1205.017, 2021-07-05T16:07:13.2959520+08:00, 0, 12.94095, 48.29629, 1, 1, 1, False
1205.024, 2021-07-05T16:07:13.3036020+08:00, 0, 12.94095, 48.29629, 1, 1, 1, False
1205.033, 2021-07-05T16:07:13.3121350+08:00, 0, 12.94095, 48.29629, 1, 1, 1, False
1205.041, 2021-07-05T16:07:13.3200960+08:00, 0, 12.94095, 48.29629, 1, 1, 1, False
1205.049, 2021-07-05T16:07:13.3277010+08:00, 0, 12.94095, 48.29629, 1, 1, 1, False
1205.056, 2021-07-05T16:07:13.3348150+08:00, 0, 12.94095, 48.29629, 1, 1, 1, False
1205.06, 2021-07-05T16:07:13.3386650+08:00, 0, 12.94095, 48.29629, 1, 1, 1, False
1205.064, 2021-07-05T16:07:13.3430570+08:00, 0, 12.94095, 48.29629, 1, 1, 1, False
1205.068, 2021-07-05T16:07:13.3468190+08:00, 0, 12.94095, 48.29629, 1, 1, 1, False
1205.072, 2021-07-05T16:07:13.3507720+08:00, 0, 12.94095, 48.29629, 1, 1, 1, False
1205.076, 2021-07-05T16:07:13.3552800+08:00, 0, 12.94095, 48.29629, 1, 1, 1, False
1205.082, 2021-07-05T16:07:13.3614010+08:00, 0, 12.94095, 48.29629, 1, 1, 1, False
1205.089, 2021-07-05T16:07:13.3679210+08:00, 0, 12.94095, 48.29629, 1, 1, 1, False
1205.096, 2021-07-05T16:07:13.3750430+08:00, 0, 12.94095, 48.29629, 1, 1, 1, False
1205.101, 2021-07-05T16:07:13.3804840+08:00, 0, 12.94095, 48.29629, 1, 1, 1, False
1205.108, 2021-07-05T16:07:13.3873500+08:00, 0, 12.94095, 48.29629, 1, 1, 1, False
1205.114, 2021-07-05T16:07:13.3929060+08:00, 0, 12.94095, 48.29629, 1, 1, 1, False
1205.12, 2021-07-05T16:07:13.3992620+08:00, 0, 12.94095, 48.29629, 1, 1, 1, False
1205.126, 2021-07-05T16:07:13.4053830+08:00, 0, 12.94095, 48.29629, 1, 1, 1, False
1205.132, 2021-07-05T16:07:13.4115710+08:00, 0, 12.94095, 48.29629, 1, 1, 1, False
1205.138, 2021-07-05T16:07:13.4174990+08:00, 0, 12.94095, 48.29629, 1, 1, 1, False
1205.145, 2021-07-05T16:07:13.4242170+08:00, 0, 12.94095, 48.29629, 1, 1, 1, False
1205.152, 2021-07-05T16:07:13.4310730+08:00, 0, 12.94095, 48.29629, 1, 1, 1, False
1205.157, 2021-07-05T16:07:13.4364010+08:00, 0, 12.94095, 48.29629, 1, 1, 1, False
1205.164, 2021-07-05T16:07:13.4429800+08:00, 0, 12.94095, 48.29629, 1, 1, 1, False
1205.17, 2021-07-05T16:07:13.4492140+08:00, 0, 12.94095, 48.29629, 1, 1, 1, False
1205.176, 2021-07-05T16:07:13.4554410+08:00, 0, 12.94095, 48.29629, 1, 1, 1, False
1205.182, 2021-07-05T16:07:13.4615670+08:00, 0, 12.94095, 48.29629, 1, 1, 1, False
1205.189, 2021-07-05T16:07:13.4680300+08:00, 0, 12.94095, 48.29629, 1, 1, 1, False
1205.196, 2021-07-05T16:07:13.4750010+08:00, 0, 12.94095, 48.29629, 1, 1, 1, False
1205.202, 2021-07-05T16:07:13.4806680+08:00, 0, 12.94095, 48.29629, 1, 1, 1, False
1205.208, 2021-07-05T16:07:13.4872960+08:00, 0, 12.94095, 48.29629, 1, 1, 1, False
1205.213, 2021-07-05T16:07:13.4925150+08:00, 0, 12.94095, 48.29629, 1, 1, 1, False
1205.221, 2021-07-05T16:07:13.4998950+08:00, 0, 12.94095, 48.29629, 1, 1, 1, False
1205.228, 2021-07-05T16:07:13.5073560+08:00, 0, 12.94095, 48.29629, 1, 1, 1, False
1205.237, 2021-07-05T16:07:13.5157170+08:00, 0, 12.94095, 48.29629, 1, 1, 1, False
1205.245, 2021-07-05T16:07:13.5238980+08:00, 0, 12.94095, 48.29629, 1, 1, 1, False
1205.252, 2021-07-05T16:07:13.5310200+08:00, 0, 12.94095, 48.29629, 1, 1, 1, False
1205.256, 2021-07-05T16:07:13.5346920+08:00, 0, 12.94095, 48.29629, 1, 1, 1, False
1205.26, 2021-07-05T16:07:13.5388550+08:00, 0, 12.94095, 48.29629, 1, 1, 1, False
1205.264, 2021-07-05T16:07:13.5429870+08:00, 0, 12.94095, 48.29629, 1, 1, 1, False
1205.27, 2021-07-05T16:07:13.5492940+08:00, 0, 12.94095, 48.29629, 1, 1, 1, False
1205.276, 2021-07-05T16:07:13.5554980+08:00, 0, 12.94095, 48.29629, 1, 1, 1, False
1205.283, 2021-07-05T16:07:13.5618680+08:00, 0, 12.94095, 48.29629, 1, 1, 1, False
1205.289, 2021-07-05T16:07:13.5682910+08:00, 0, 12.94095, 48.29629, 1, 1, 1, False
1205.296, 2021-07-05T16:07:13.5748520+08:00, 0, 12.94095, 48.29629, 1, 1, 1, False
1205.302, 2021-07-05T16:07:13.5807320+08:00, 0, 12.94095, 48.29629, 1, 1, 1, False
1205.308, 2021-07-05T16:07:13.5876080+08:00, 0, 12.94095, 48.29629, 1, 1, 1, False
1205.314, 2021-07-05T16:07:13.5935930+08:00, 0, 12.94095, 48.29629, 1, 1, 1, False
1205.321, 2021-07-05T16:07:13.6003100+08:00, 0, 12.94095, 48.29629, 1, 1, 1, False
1205.328, 2021-07-05T16:07:13.6075010+08:00, 0, 12.94095, 48.29629, 1, 1, 1, False
1205.333, 2021-07-05T16:07:13.6124920+08:00, 0, 12.94095, 48.29629, 1, 1, 1, False
1205.34, 2021-07-05T16:07:13.6195810+08:00, 0, 12.94095, 48.29629, 1, 1, 1, False
1205.347, 2021-07-05T16:07:13.6258550+08:00, 0, 12.94095, 48.29629, 1, 1, 1, False
1205.353, 2021-07-05T16:07:13.6319300+08:00, 0, 12.94095, 48.29629, 1, 1, 1, False
1205.36, 2021-07-05T16:07:13.6388920+08:00, 0, 12.94095, 48.29629, 1, 1, 1, False
1205.366, 2021-07-05T16:07:13.6454280+08:00, 0, 12.94095, 48.29629, 1, 1, 1, False
1205.373, 2021-07-05T16:07:13.6517940+08:00, 0, 12.94095, 48.29629, 1, 1, 1, False
1205.379, 2021-07-05T16:07:13.6583810+08:00, 0, 12.94095, 48.29629, 1, 1, 1, False
1205.386, 2021-07-05T16:07:13.6648330+08:00, 0, 12.94095, 48.29629, 1, 1, 1, False
1205.392, 2021-07-05T16:07:13.6709640+08:00, 0, 12.94095, 48.29629, 1, 1, 1, False
1205.399, 2021-07-05T16:07:13.6776670+08:00, 0, 12.94095, 48.29629, 1, 1, 1, False
1205.405, 2021-07-05T16:07:13.6840340+08:00, 0, 12.94095, 48.29629, 1, 1, 1, False
1205.411, 2021-07-05T16:07:13.6900240+08:00, 0, 12.94095, 48.29629, 1, 1, 1, False
1205.418, 2021-07-05T16:07:13.6968180+08:00, 0, 12.94095, 48.29629, 1, 1, 1, False
1205.424, 2021-07-05T16:07:13.7034490+08:00, 0, 12.94095, 48.29629, 1, 1, 1, False
1205.43, 2021-07-05T16:07:13.7091900+08:00, 0, 12.94095, 48.29629, 1, 1, 1, False
1205.436, 2021-07-05T16:07:13.7155840+08:00, 0, 12.94095, 48.29629, 1, 1, 1, False
1205.443, 2021-07-05T16:07:13.7223300+08:00, 0, 12.94095, 48.29629, 1, 1, 1, False
1205.45, 2021-07-05T16:07:13.7287250+08:00, 0, 12.94095, 48.29629, 1, 1, 1, False
1205.456, 2021-07-05T16:07:13.7350110+08:00, 0, 12.94095, 48.29629, 1, 1, 1, False
1205.462, 2021-07-05T16:07:13.7415330+08:00, 0, 12.94095, 48.29629, 1, 1, 1, False
1205.468, 2021-07-05T16:07:13.7474530+08:00, 0, 12.94095, 48.29629, 1, 1, 1, False
1205.475, 2021-07-05T16:07:13.7543450+08:00, 0, 12.94095, 48.29629, 1, 1, 1, False
1205.482, 2021-07-05T16:07:13.7606860+08:00, 0, 12.94095, 48.29629, 1, 1, 1, False
1205.488, 2021-07-05T16:07:13.7669860+08:00, 0, 12.94095, 48.29629, 1, 1, 1, False
1205.495, 2021-07-05T16:07:13.7736770+08:00, 0, 12.94095, 48.29629, 1, 1, 1, False
1205.501, 2021-07-05T16:07:13.7803200+08:00, 0, 12.94095, 48.29629, 1, 1, 1, False
1205.507, 2021-07-05T16:07:13.7861940+08:00, 0, 12.94095, 48.29629, 1, 1, 1, False
1205.514, 2021-07-05T16:07:13.7931190+08:00, 0, 12.94095, 48.29629, 1, 1, 1, False
1205.521, 2021-07-05T16:07:13.7996190+08:00, 0, 12.94095, 48.29629, 1, 1, 1, False
1205.527, 2021-07-05T16:07:13.8057030+08:00, 0, 12.94095, 48.29629, 1, 1, 1, False
1205.534, 2021-07-05T16:07:13.8126310+08:00, 0, 12.94095, 48.29629, 1, 1, 1, False
1205.541, 2021-07-05T16:07:13.8197680+08:00, 0, 12.94095, 48.29629, 1, 1, 1, False
1205.547, 2021-07-05T16:07:13.8267340+08:00, 0, 12.94095, 48.29629, 1, 1, 1, False
1205.554, 2021-07-05T16:07:13.8335910+08:00, 0, 12.94095, 48.29629, 1, 1, 1, False
1205.561, 2021-07-05T16:07:13.8400750+08:00, 0, 12.94095, 48.29629, 1, 1, 1, False
1205.567, 2021-07-05T16:07:13.8461900+08:00, 0, 12.94095, 48.29629, 1, 1, 1, False
1205.574, 2021-07-05T16:07:13.8529330+08:00, 0, 12.94095, 48.29629, 1, 1, 1, False
1205.58, 2021-07-05T16:07:13.8593600+08:00, 0, 12.94095, 48.29629, 1, 1, 1, False
1205.586, 2021-07-05T16:07:13.8650660+08:00, 0, 12.94095, 48.29629, 1, 1, 1, False
1205.593, 2021-07-05T16:07:13.8720750+08:00, 0, 12.94095, 48.29629, 1, 1, 1, False
1205.599, 2021-07-05T16:07:13.8784720+08:00, 0, 12.94095, 48.29629, 1, 1, 1, False
1205.606, 2021-07-05T16:07:13.8847720+08:00, 0, 12.94095, 48.29629, 1, 1, 1, False
1205.612, 2021-07-05T16:07:13.8914530+08:00, 0, 12.94095, 48.29629, 1, 1, 1, False
1205.618, 2021-07-05T16:07:13.8975840+08:00, 0, 12.94095, 48.29629, 1, 1, 1, False
1205.624, 2021-07-05T16:07:13.9037210+08:00, 0, 12.94095, 48.29629, 1, 1, 1, False
1205.631, 2021-07-05T16:07:13.9102960+08:00, 0, 12.94095, 48.29629, 1, 1, 1, False
1205.638, 2021-07-05T16:07:13.9167330+08:00, 0, 12.94095, 48.29629, 1, 1, 1, False
1205.644, 2021-07-05T16:07:13.9233070+08:00, 0, 12.94095, 48.29629, 1, 1, 1, False
1205.651, 2021-07-05T16:07:13.9299680+08:00, 0, 12.94095, 48.29629, 1, 1, 1, False
1205.658, 2021-07-05T16:07:13.9366840+08:00, 0, 12.94095, 48.29629, 1, 1, 1, False
1205.664, 2021-07-05T16:07:13.9428300+08:00, 0, 12.94095, 48.29629, 1, 1, 1, False
1205.67, 2021-07-05T16:07:13.9492090+08:00, 0, 12.94095, 48.29629, 1, 1, 1, False
1205.676, 2021-07-05T16:07:13.9554970+08:00, 0, 12.94095, 48.29629, 1, 1, 1, False
1205.697, 2021-07-05T16:07:13.9757370+08:00, 0, 12.94095, 48.29629, 1, 1, 1, False
1205.699, 2021-07-05T16:07:13.9786120+08:00, 0, 12.94095, 48.29629, 1, 1, 1, False
1205.704, 2021-07-05T16:07:13.9829890+08:00, 0, 12.94095, 48.29629, 1, 1, 1, False
1205.708, 2021-07-05T16:07:13.9867630+08:00, 0, 12.94095, 48.29629, 1, 1, 1, False
1205.711, 2021-07-05T16:07:13.9905190+08:00, 0, 12.94095, 48.29629, 1, 1, 1, False
1205.716, 2021-07-05T16:07:13.9947500+08:00, 0, 12.94095, 48.29629, 1, 1, 1, False
1205.722, 2021-07-05T16:07:14.0010490+08:00, 0, 12.94095, 48.29629, 1, 1, 1, False
1205.729, 2021-07-05T16:07:14.0076670+08:00, 0, 12.94095, 48.29629, 1, 1, 1, False
1205.735, 2021-07-05T16:07:14.0140930+08:00, 0, 12.94095, 48.29629, 1, 1, 1, False
1205.741, 2021-07-05T16:07:14.0202640+08:00, 0, 12.94095, 48.29629, 1, 1, 1, False
1205.748, 2021-07-05T16:07:14.0272530+08:00, 0, 12.94095, 48.29629, 1, 1, 1, False
1205.754, 2021-07-05T16:07:14.0334950+08:00, 0, 12.94095, 48.29629, 1, 1, 1, False
1205.76, 2021-07-05T16:07:14.0394590+08:00, 0, 12.94095, 48.29629, 1, 1, 1, False
1205.767, 2021-07-05T16:07:14.0462520+08:00, 0, 12.94095, 48.29629, 1, 1, 1, False
1205.773, 2021-07-05T16:07:14.0524650+08:00, 0, 12.94095, 48.29629, 1, 1, 1, False
1205.78, 2021-07-05T16:07:14.0589260+08:00, 0, 12.94095, 48.29629, 1, 1, 1, False
1205.786, 2021-07-05T16:07:14.0650530+08:00, 0, 12.94095, 48.29629, 1, 1, 1, False
1205.792, 2021-07-05T16:07:14.0713240+08:00, 0, 12.94095, 48.29629, 1, 1, 1, False
1205.798, 2021-07-05T16:07:14.0774800+08:00, 0, 12.94095, 48.29629, 1, 1, 1, False
1205.805, 2021-07-05T16:07:14.0843250+08:00, 0, 12.94095, 48.29629, 1, 1, 1, False
1205.812, 2021-07-05T16:07:14.0910320+08:00, 0, 12.94095, 48.29629, 1, 1, 1, False
1205.817, 2021-07-05T16:07:14.0965990+08:00, 0, 12.94095, 48.29629, 1, 1, 1, False
1205.824, 2021-07-05T16:07:14.1032870+08:00, 0, 12.94095, 48.29629, 1, 1, 1, False
1205.83, 2021-07-05T16:07:14.1096150+08:00, 0, 12.94095, 48.29629, 1, 1, 1, False
1205.836, 2021-07-05T16:07:14.1155540+08:00, 0, 12.94095, 48.29629, 1, 1, 1, False
1205.843, 2021-07-05T16:07:14.1225270+08:00, 0, 12.94095, 48.29629, 1, 1, 1, False
1205.85, 2021-07-05T16:07:14.1289140+08:00, 0, 12.94095, 48.29629, 1, 1, 1, False
1205.856, 2021-07-05T16:07:14.1354940+08:00, 0, 12.94095, 48.29629, 1, 1, 1, False
1205.863, 2021-07-05T16:07:14.1420050+08:00, 0, 12.94095, 48.29629, 1, 1, 1, False
1205.869, 2021-07-05T16:07:14.1484500+08:00, 0, 12.94095, 48.29629, 1, 1, 1, False
1205.876, 2021-07-05T16:07:14.1547600+08:00, 0, 12.94095, 48.29629, 1, 1, 1, False
1205.883, 2021-07-05T16:07:14.1653280+08:00, 0, 12.94095, 48.29629, 1, 1, 1, False
1205.892, 2021-07-05T16:07:14.1739700+08:00, 0, 12.94095, 48.29629, 1, 1, 1, False
1205.9, 2021-07-05T16:07:14.1827400+08:00, 0, 12.94095, 48.29629, 1, 1, 1, False
1205.908, 2021-07-05T16:07:14.1867680+08:00, 0, 12.94095, 48.29629, 1, 1, 1, False
1205.911, 2021-07-05T16:07:14.1905040+08:00, 0, 12.94095, 48.29629, 1, 1, 1, False
1205.917, 2021-07-05T16:07:14.1959250+08:00, 0, 12.94095, 48.29629, 1, 1, 1, False
1205.924, 2021-07-05T16:07:14.2028470+08:00, 0, 12.94095, 48.29629, 1, 1, 1, False
1205.93, 2021-07-05T16:07:14.2092460+08:00, 0, 12.94095, 48.29629, 1, 1, 1, False
1205.936, 2021-07-05T16:07:14.2151500+08:00, 0, 12.94095, 48.29629, 1, 1, 1, False
1205.943, 2021-07-05T16:07:14.2220210+08:00, 0, 12.94095, 48.29629, 1, 1, 1, False
1205.949, 2021-07-05T16:07:14.2282430+08:00, 0, 12.94095, 48.29629, 1, 1, 1, False
1205.956, 2021-07-05T16:07:14.2349250+08:00, 0, 12.94095, 48.29629, 1, 1, 1, False
1205.962, 2021-07-05T16:07:14.2409940+08:00, 0, 12.94095, 48.29629, 1, 1, 1, False
1205.968, 2021-07-05T16:07:14.2472440+08:00, 0, 12.94095, 48.29629, 1, 1, 1, False
1205.974, 2021-07-05T16:07:14.2531630+08:00, 0, 12.94095, 48.29629, 1, 1, 1, False
1205.981, 2021-07-05T16:07:14.2599080+08:00, 0, 12.94095, 48.29629, 1, 1, 1, False
1205.988, 2021-07-05T16:07:14.2670150+08:00, 0, 12.94095, 48.29629, 1, 1, 1, False
1205.993, 2021-07-05T16:07:14.2724240+08:00, 0, 12.94095, 48.29629, 1, 1, 1, False
1206, 2021-07-05T16:07:14.2796930+08:00, 0, 12.94095, 48.29629, 1, 1, 1, False
1206.008, 2021-07-05T16:07:14.2872310+08:00, 0, 12.94095, 48.29629, 1, 1, 1, False
1206.012, 2021-07-05T16:07:14.2915850+08:00, 0, 12.94095, 48.29629, 1, 1, 1, False
1206.019, 2021-07-05T16:07:14.2982840+08:00, 0, 12.94095, 48.29629, 1, 1, 1, False
1206.026, 2021-07-05T16:07:14.3047600+08:00, 0, 12.94095, 48.29629, 1, 1, 1, False
1206.032, 2021-07-05T16:07:14.3111110+08:00, 0, 12.94095, 48.29629, 1, 1, 1, False
1206.038, 2021-07-05T16:07:14.3173360+08:00, 0, 12.94095, 48.29629, 1, 1, 1, False
1206.045, 2021-07-05T16:07:14.3243510+08:00, 0, 12.94095, 48.29629, 1, 1, 1, False
1206.052, 2021-07-05T16:07:14.3310670+08:00, 0, 12.94095, 48.29629, 1, 1, 1, False
1206.058, 2021-07-05T16:07:14.3373310+08:00, 0, 12.94095, 48.29629, 1, 1, 1, False
1206.065, 2021-07-05T16:07:14.3440650+08:00, 0, 12.94095, 48.29629, 1, 1, 1, False
1206.071, 2021-07-05T16:07:14.3502040+08:00, 0, 12.94095, 48.29629, 1, 1, 1, False
1206.078, 2021-07-05T16:07:14.3570820+08:00, 0, 12.94095, 48.29629, 1, 1, 1, False
1206.085, 2021-07-05T16:07:14.3638030+08:00, 0, 12.94095, 48.29629, 1, 1, 1, False
1206.091, 2021-07-05T16:07:14.3698000+08:00, 0, 12.94095, 48.29629, 1, 1, 1, False
1206.098, 2021-07-05T16:07:14.3770000+08:00, 0, 12.94095, 48.29629, 1, 1, 1, False
1206.104, 2021-07-05T16:07:14.3835400+08:00, 0, 12.94095, 48.29629, 1, 1, 1, False
1206.111, 2021-07-05T16:07:14.3900360+08:00, 0, 12.94095, 48.29629, 1, 1, 1, False
1206.119, 2021-07-05T16:07:14.3979150+08:00, 0, 12.94095, 48.29629, 1, 1, 1, False
1206.126, 2021-07-05T16:07:14.4047040+08:00, 0, 12.94095, 48.29629, 1, 1, 1, False
1206.132, 2021-07-05T16:07:14.4114070+08:00, 0, 12.94095, 48.29629, 1, 1, 1, False
1206.14, 2021-07-05T16:07:14.4188160+08:00, 0, 12.94095, 48.29629, 1, 1, 1, False
1206.147, 2021-07-05T16:07:14.4257190+08:00, 0, 12.94095, 48.29629, 1, 1, 1, False
1206.153, 2021-07-05T16:07:14.4318550+08:00, 0, 12.94095, 48.29629, 1, 1, 1, False
1206.16, 2021-07-05T16:07:14.4387230+08:00, 0, 12.94095, 48.29629, 1, 1, 1, False
1206.166, 2021-07-05T16:07:14.4453170+08:00, 0, 12.94095, 48.29629, 1, 1, 1, False
1206.172, 2021-07-05T16:07:14.4513210+08:00, 0, 12.94095, 48.29629, 1, 1, 1, False
1206.179, 2021-07-05T16:07:14.4585770+08:00, 0, 12.94095, 48.29629, 1, 1, 1, False
1206.186, 2021-07-05T16:07:14.4652090+08:00, 0, 12.94095, 48.29629, 1, 1, 1, False
1206.193, 2021-07-05T16:07:14.4717530+08:00, 0, 12.94095, 48.29629, 1, 1, 1, False
1206.199, 2021-07-05T16:07:14.4783090+08:00, 0, 12.94095, 48.29629, 1, 1, 1, False
1206.206, 2021-07-05T16:07:14.4852360+08:00, 0, 12.94095, 48.29629, 1, 1, 1, False
1206.212, 2021-07-05T16:07:14.4916250+08:00, 0, 12.94095, 48.29629, 1, 1, 1, False
1206.219, 2021-07-05T16:07:14.4982650+08:00, 0, 12.94095, 48.29629, 1, 1, 1, False
1206.226, 2021-07-05T16:07:14.5047310+08:00, 0, 12.94095, 48.29629, 1, 1, 1, False
1206.232, 2021-07-05T16:07:14.5112590+08:00, 0, 12.94095, 48.29629, 1, 1, 1, False
1206.239, 2021-07-05T16:07:14.5183540+08:00, 0, 12.94095, 48.29629, 1, 1, 1, False
1206.246, 2021-07-05T16:07:14.5250590+08:00, 0, 12.94095, 48.29629, 1, 1, 1, False
1206.252, 2021-07-05T16:07:14.5315980+08:00, 0, 12.94095, 48.29629, 1, 1, 1, False
1206.259, 2021-07-05T16:07:14.5380970+08:00, 0, 12.94095, 48.29629, 1, 1, 1, False
1206.266, 2021-07-05T16:07:14.5455060+08:00, 0, 12.94095, 48.29629, 1, 1, 1, False
1206.273, 2021-07-05T16:07:14.5519220+08:00, 0, 12.94095, 48.29629, 1, 1, 1, False
1206.279, 2021-07-05T16:07:14.5581900+08:00, 0, 12.94095, 48.29629, 1, 1, 1, False
1206.286, 2021-07-05T16:07:14.5646260+08:00, 0, 12.94095, 48.29629, 1, 1, 1, False
1206.292, 2021-07-05T16:07:14.5716630+08:00, 0, 12.94095, 48.29629, 1, 1, 1, False
1206.298, 2021-07-05T16:07:14.5776310+08:00, 0, 12.94095, 48.29629, 1, 1, 1, False
1206.305, 2021-07-05T16:07:14.5842630+08:00, 0, 12.94095, 48.29629, 1, 1, 1, False
1206.311, 2021-07-05T16:07:14.5902910+08:00, 0, 12.94095, 48.29629, 1, 1, 1, False
1206.318, 2021-07-05T16:07:14.5976310+08:00, 0, 12.94095, 48.29629, 1, 1, 1, False
1206.325, 2021-07-05T16:07:14.6047080+08:00, 0, 12.94095, 48.29629, 1, 1, 1, False
1206.332, 2021-07-05T16:07:14.6112990+08:00, 0, 12.94095, 48.29629, 1, 1, 1, False
1206.339, 2021-07-05T16:07:14.6179810+08:00, 0, 12.94095, 48.29629, 1, 1, 1, False
1206.346, 2021-07-05T16:07:14.6250430+08:00, 0, 12.94095, 48.29629, 1, 1, 1, False
1206.353, 2021-07-05T16:07:14.6319910+08:00, 0, 12.94095, 48.29629, 1, 1, 1, False
1206.36, 2021-07-05T16:07:14.6392140+08:00, 0, 12.94095, 48.29629, 1, 1, 1, False
1206.367, 2021-07-05T16:07:14.6458800+08:00, 0, 12.94095, 48.29629, 1, 1, 1, False
1206.373, 2021-07-05T16:07:14.6517960+08:00, 0, 12.94095, 48.29629, 1, 1, 1, False
1206.38, 2021-07-05T16:07:14.6589080+08:00, 0, 12.94095, 48.29629, 1, 1, 1, False
1206.385, 2021-07-05T16:07:14.6647480+08:00, 0, 12.94095, 48.29629, 1, 1, 1, False
1206.392, 2021-07-05T16:07:14.6713140+08:00, 0, 12.94095, 48.29629, 1, 1, 1, False
1206.399, 2021-07-05T16:07:14.6782070+08:00, 0, 12.94095, 48.29629, 1, 1, 1, False
1206.406, 2021-07-05T16:07:14.6848070+08:00, 0, 12.94095, 48.29629, 1, 1, 1, False
1206.412, 2021-07-05T16:07:14.6915090+08:00, 0, 12.94095, 48.29629, 1, 1, 1, False
1206.419, 2021-07-05T16:07:14.6983600+08:00, 0, 12.94095, 48.29629, 1, 1, 1, False
1206.426, 2021-07-05T16:07:14.7054230+08:00, 0, 12.94095, 48.29629, 1, 1, 1, False
1206.434, 2021-07-05T16:07:14.7130480+08:00, 0, 12.94095, 48.29629, 1, 1, 1, False
1206.441, 2021-07-05T16:07:14.7205530+08:00, 0, 12.94095, 48.29629, 1, 1, 1, False
1206.449, 2021-07-05T16:07:14.7278130+08:00, 0, 12.94095, 48.29629, 1, 1, 1, False
1206.455, 2021-07-05T16:07:14.7343250+08:00, 0, 12.94095, 48.29629, 1, 1, 1, False
1206.463, 2021-07-05T16:07:14.7418450+08:00, 0, 12.94095, 48.29629, 1, 1, 1, False
1206.469, 2021-07-05T16:07:14.7482890+08:00, 0, 12.94095, 48.29629, 1, 1, 1, False
1206.475, 2021-07-05T16:07:14.7548680+08:00, 0, 12.94095, 48.29629, 1, 1, 1, False
1206.483, 2021-07-05T16:07:14.7616710+08:00, 0, 12.94095, 48.29629, 1, 1, 1, False
1206.489, 2021-07-05T16:07:14.7682190+08:00, 0, 12.94095, 48.29629, 1, 1, 1, False
1206.495, 2021-07-05T16:07:14.7741300+08:00, 0, 12.94095, 48.29629, 1, 1, 1, False
1206.502, 2021-07-05T16:07:14.7813760+08:00, 0, 12.94095, 48.29629, 1, 1, 1, False
1206.509, 2021-07-05T16:07:14.7878650+08:00, 0, 12.94095, 48.29629, 1, 1, 1, False
1206.515, 2021-07-05T16:07:14.7943660+08:00, 0, 12.94095, 48.29629, 1, 1, 1, False
1206.542, 2021-07-05T16:07:14.8215010+08:00, 0, 12.94095, 48.29629, 1, 1, 1, False
1206.548, 2021-07-05T16:07:14.8275160+08:00, 0, 12.94095, 48.29629, 1, 1, 1, False
1206.552, 2021-07-05T16:07:14.8306270+08:00, 0, 12.94095, 48.29629, 1, 1, 1, False
1206.556, 2021-07-05T16:07:14.8347390+08:00, 0, 12.94095, 48.29629, 1, 1, 1, False
1206.56, 2021-07-05T16:07:14.8388010+08:00, 0, 12.94095, 48.29629, 1, 1, 1, False
1206.564, 2021-07-05T16:07:14.8430140+08:00, 0, 12.94095, 48.29629, 1, 1, 1, False
1206.568, 2021-07-05T16:07:14.8470610+08:00, 0, 12.94095, 48.29629, 1, 1, 1, False
1206.572, 2021-07-05T16:07:14.8513330+08:00, 0, 12.94095, 48.29629, 1, 1, 1, False
1206.578, 2021-07-05T16:07:14.8568700+08:00, 0, 12.94095, 48.29629, 1, 1, 1, False
1206.584, 2021-07-05T16:07:14.8633770+08:00, 0, 12.94095, 48.29629, 1, 1, 1, False
1206.59, 2021-07-05T16:07:14.8689950+08:00, 0, 12.94095, 48.29629, 1, 1, 1, False
1206.597, 2021-07-05T16:07:14.8758500+08:00, 0, 12.94095, 48.29629, 1, 1, 1, False
1206.602, 2021-07-05T16:07:14.8816220+08:00, 0, 12.94095, 48.29629, 1, 1, 1, False
1206.609, 2021-07-05T16:07:14.8883240+08:00, 0, 12.94095, 48.29629, 1, 1, 1, False
1206.616, 2021-07-05T16:07:14.8950690+08:00, 0, 12.94095, 48.29629, 1, 1, 1, False
1206.621, 2021-07-05T16:07:14.9005900+08:00, 0, 12.94095, 48.29629, 1, 1, 1, False
1206.629, 2021-07-05T16:07:14.9076620+08:00, 0, 12.94095, 48.29629, 1, 1, 1, False
1206.634, 2021-07-05T16:07:14.9133630+08:00, 0, 12.94095, 48.29629, 1, 1, 1, False
1206.64, 2021-07-05T16:07:14.9195510+08:00, 0, 12.94095, 48.29629, 1, 1, 1, False
1206.646, 2021-07-05T16:07:14.9247940+08:00, 0, 12.94095, 48.29629, 1, 1, 1, False
1206.652, 2021-07-05T16:07:14.9314740+08:00, 0, 12.94095, 48.29629, 1, 1, 1, False
1206.658, 2021-07-05T16:07:14.9374240+08:00, 0, 12.94095, 48.29629, 1, 1, 1, False
1206.665, 2021-07-05T16:07:14.9441050+08:00, 0, 12.94095, 48.29629, 1, 1, 1, False
1206.672, 2021-07-05T16:07:14.9508950+08:00, 0, 12.94095, 48.29629, 1, 1, 1, False
1206.677, 2021-07-05T16:07:14.9564740+08:00, 0, 12.94095, 48.29629, 1, 1, 1, False
1206.684, 2021-07-05T16:07:14.9628780+08:00, 0, 12.94095, 48.29629, 1, 1, 1, False
1206.69, 2021-07-05T16:07:14.9693650+08:00, 0, 12.94095, 48.29629, 1, 1, 1, False
1206.696, 2021-07-05T16:07:14.9754790+08:00, 0, 12.94095, 48.29629, 1, 1, 1, False
1206.703, 2021-07-05T16:07:14.9824860+08:00, 0, 12.94095, 48.29629, 1, 1, 1, False
1206.71, 2021-07-05T16:07:14.9891180+08:00, 0, 12.94095, 48.29629, 1, 1, 1, False
1206.716, 2021-07-05T16:07:14.9950380+08:00, 0, 12.94095, 48.29629, 1, 1, 1, False
1206.723, 2021-07-05T16:07:15.0020370+08:00, 0, 12.94095, 48.29629, 1, 1, 1, False
1206.729, 2021-07-05T16:07:15.0085070+08:00, 0, 12.94095, 48.29629, 1, 1, 1, False
1206.736, 2021-07-05T16:07:15.0150750+08:00, 0, 12.94095, 48.29629, 1, 1, 1, False
1206.742, 2021-07-05T16:07:15.0209830+08:00, 0, 12.94095, 48.29629, 1, 1, 1, False
1206.749, 2021-07-05T16:07:15.0278310+08:00, 0, 12.94095, 48.29629, 1, 1, 1, False
1206.756, 2021-07-05T16:07:15.0347210+08:00, 0, 12.94095, 48.29629, 1, 1, 1, False
1206.761, 2021-07-05T16:07:15.0407200+08:00, 0, 12.94095, 48.29629, 1, 1, 1, False
1206.768, 2021-07-05T16:07:15.0475910+08:00, 0, 12.94095, 48.29629, 1, 1, 1, False
1206.774, 2021-07-05T16:07:15.0535500+08:00, 0, 12.94095, 48.29629, 1, 1, 1, False
1206.781, 2021-07-05T16:07:15.0602390+08:00, 0, 12.94095, 48.29629, 1, 1, 1, False
1206.788, 2021-07-05T16:07:15.0669750+08:00, 0, 12.94095, 48.29629, 1, 1, 1, False
1206.793, 2021-07-05T16:07:15.0724400+08:00, 0, 12.94095, 48.29629, 1, 1, 1, False
1206.8, 2021-07-05T16:07:15.0793380+08:00, 0, 12.94095, 48.29629, 1, 1, 1, False
1206.807, 2021-07-05T16:07:15.0857110+08:00, 0, 12.94095, 48.29629, 1, 1, 1, False
1206.813, 2021-07-05T16:07:15.0916520+08:00, 0, 12.94095, 48.29629, 1, 1, 1, False
1206.819, 2021-07-05T16:07:15.0983210+08:00, 0, 12.94095, 48.29629, 1, 1, 1, False
1206.825, 2021-07-05T16:07:15.1045230+08:00, 0, 12.94095, 48.29629, 1, 1, 1, False
1206.832, 2021-07-05T16:07:15.1110960+08:00, 0, 12.94095, 48.29629, 1, 1, 1, False
1206.838, 2021-07-05T16:07:15.1168140+08:00, 0, 12.94095, 48.29629, 1, 1, 1, False
1206.844, 2021-07-05T16:07:15.1236780+08:00, 0, 12.94095, 48.29629, 1, 1, 1, False
1206.85, 2021-07-05T16:07:15.1295800+08:00, 0, 12.94095, 48.29629, 1, 1, 1, False
1206.857, 2021-07-05T16:07:15.1361890+08:00, 0, 12.94095, 48.29629, 1, 1, 1, False
1206.864, 2021-07-05T16:07:15.1429170+08:00, 0, 12.94095, 48.29629, 1, 1, 1, False
1206.869, 2021-07-05T16:07:15.1482630+08:00, 0, 12.94095, 48.29629, 1, 1, 1, False
1206.876, 2021-07-05T16:07:15.1554410+08:00, 0, 12.94095, 48.29629, 1, 1, 1, False
1206.882, 2021-07-05T16:07:15.1611540+08:00, 0, 12.94095, 48.29629, 1, 1, 1, False
1206.888, 2021-07-05T16:07:15.1675920+08:00, 0, 12.94095, 48.29629, 1, 1, 1, False
1206.894, 2021-07-05T16:07:15.1734070+08:00, 0, 12.94095, 48.29629, 1, 1, 1, False
1206.901, 2021-07-05T16:07:15.1800670+08:00, 0, 12.94095, 48.29629, 1, 1, 1, False
1206.908, 2021-07-05T16:07:15.1873110+08:00, 0, 12.94095, 48.29629, 1, 1, 1, False
1206.913, 2021-07-05T16:07:15.1924280+08:00, 0, 12.94095, 48.29629, 1, 1, 1, False
1206.92, 2021-07-05T16:07:15.1991120+08:00, 0, 12.94095, 48.29629, 1, 1, 1, False
1206.925, 2021-07-05T16:07:15.2046310+08:00, 0, 12.94095, 48.29629, 1, 1, 1, False
1206.932, 2021-07-05T16:07:15.2114710+08:00, 0, 12.94095, 48.29629, 1, 1, 1, False
1206.938, 2021-07-05T16:07:15.2171490+08:00, 0, 12.94095, 48.29629, 1, 1, 1, False
1206.944, 2021-07-05T16:07:15.2234740+08:00, 0, 12.94095, 48.29629, 1, 1, 1, False
1206.951, 2021-07-05T16:07:15.2297360+08:00, 0, 12.94095, 48.29629, 1, 1, 1, False
1206.961, 2021-07-05T16:07:15.2461630+08:00, 0, 12.94095, 48.29629, 1, 1, 1, False
1206.972, 2021-07-05T16:07:15.2510260+08:00, 0, 12.94095, 48.29629, 1, 1, 1, False
1206.976, 2021-07-05T16:07:15.2549060+08:00, 0, 12.94095, 48.29629, 1, 1, 1, False
1206.98, 2021-07-05T16:07:15.2588080+08:00, 0, 12.94095, 48.29629, 1, 1, 1, False
1206.984, 2021-07-05T16:07:15.2628710+08:00, 0, 12.94095, 48.29629, 1, 1, 1, False
1206.989, 2021-07-05T16:07:15.2678440+08:00, 0, 12.94095, 48.29629, 1, 1, 1, False
1206.995, 2021-07-05T16:07:15.2738870+08:00, 0, 12.94095, 48.29629, 1, 1, 1, False
1207.001, 2021-07-05T16:07:15.2806540+08:00, 0, 12.94095, 48.29629, 1, 1, 1, False
1207.008, 2021-07-05T16:07:15.2875640+08:00, 0, 12.94095, 48.29629, 1, 1, 1, False
1207.014, 2021-07-05T16:07:15.2927310+08:00, 0, 12.94095, 48.29629, 1, 1, 1, False
1207.02, 2021-07-05T16:07:15.2993660+08:00, 0, 12.94095, 48.29629, 1, 1, 1, False
1207.026, 2021-07-05T16:07:15.3056650+08:00, 0, 12.94095, 48.29629, 1, 1, 1, False
1207.032, 2021-07-05T16:07:15.3114960+08:00, 0, 12.94095, 48.29629, 1, 1, 1, False
1207.039, 2021-07-05T16:07:15.3182560+08:00, 0, 12.94095, 48.29629, 1, 1, 1, False
1207.045, 2021-07-05T16:07:15.3244080+08:00, 0, 12.94095, 48.29629, 1, 1, 1, False
1207.052, 2021-07-05T16:07:15.3311390+08:00, 0, 12.94095, 48.29629, 1, 1, 1, False
1207.058, 2021-07-05T16:07:15.3367860+08:00, 0, 12.94095, 48.29629, 1, 1, 1, False
1207.064, 2021-07-05T16:07:15.3432180+08:00, 0, 12.94095, 48.29629, 1, 1, 1, False
1207.07, 2021-07-05T16:07:15.3490080+08:00, 0, 12.94095, 48.29629, 1, 1, 1, False
1207.076, 2021-07-05T16:07:15.3555520+08:00, 0, 12.94095, 48.29629, 1, 1, 1, False
1207.083, 2021-07-05T16:07:15.3620420+08:00, 0, 12.94095, 48.29629, 1, 1, 1, False
1207.089, 2021-07-05T16:07:15.3676710+08:00, 0, 12.94095, 48.29629, 1, 1, 1, False
1207.095, 2021-07-05T16:07:15.3743030+08:00, 0, 12.94095, 48.29629, 1, 1, 1, False
1207.102, 2021-07-05T16:07:15.3807520+08:00, 0, 12.94095, 48.29629, 1, 1, 1, False
1207.108, 2021-07-05T16:07:15.3874000+08:00, 0, 12.94095, 48.29629, 1, 1, 1, False
1207.114, 2021-07-05T16:07:15.3932410+08:00, 0, 12.94095, 48.29629, 1, 1, 1, False
1207.12, 2021-07-05T16:07:15.3995760+08:00, 0, 12.94095, 48.29629, 1, 1, 1, False
1207.127, 2021-07-05T16:07:15.4059040+08:00, 0, 12.94095, 48.29629, 1, 1, 1, False
1207.133, 2021-07-05T16:07:15.4122430+08:00, 0, 12.94095, 48.29629, 1, 1, 1, False
1207.14, 2021-07-05T16:07:15.4191740+08:00, 0, 12.94095, 48.29629, 1, 1, 1, False
1207.145, 2021-07-05T16:07:15.4242880+08:00, 0, 12.94095, 48.29629, 1, 1, 1, False
1207.152, 2021-07-05T16:07:15.4313960+08:00, 0, 12.94095, 48.29629, 1, 1, 1, False
1207.158, 2021-07-05T16:07:15.4372480+08:00, 0, 12.94095, 48.29629, 1, 1, 1, False
1207.165, 2021-07-05T16:07:15.4436920+08:00, 0, 12.94095, 48.29629, 1, 1, 1, False
1207.171, 2021-07-05T16:07:15.4496570+08:00, 0, 12.94095, 48.29629, 1, 1, 1, False
1207.177, 2021-07-05T16:07:15.4562200+08:00, 0, 12.94095, 48.29629, 1, 1, 1, False
1207.184, 2021-07-05T16:07:15.4630770+08:00, 0, 12.94095, 48.29629, 1, 1, 1, False
1207.19, 2021-07-05T16:07:15.4686940+08:00, 0, 12.94095, 48.29629, 1, 1, 1, False
1207.197, 2021-07-05T16:07:15.4758930+08:00, 0, 12.94095, 48.29629, 1, 1, 1, False
1207.205, 2021-07-05T16:07:15.4839130+08:00, 0, 12.94095, 48.29629, 1, 1, 1, False
1207.212, 2021-07-05T16:07:15.4914810+08:00, 0, 12.94095, 48.29629, 1, 1, 1, False
1207.221, 2021-07-05T16:07:15.4997530+08:00, 0, 12.94095, 48.29629, 1, 1, 1, False
1207.229, 2021-07-05T16:07:15.5077890+08:00, 0, 12.94095, 48.29629, 1, 1, 1, False
1207.237, 2021-07-05T16:07:15.5161930+08:00, 0, 12.94095, 48.29629, 1, 1, 1, False
1207.244, 2021-07-05T16:07:15.5234170+08:00, 0, 12.94095, 48.29629, 1, 1, 1, False
1207.248, 2021-07-05T16:07:15.5267460+08:00, 0, 12.94095, 48.29629, 1, 1, 1, False
1207.252, 2021-07-05T16:07:15.5309340+08:00, 0, 12.94095, 48.29629, 1, 1, 1, False
1207.256, 2021-07-05T16:07:15.5349950+08:00, 0, 12.94095, 48.29629, 1, 1, 1, False
1207.26, 2021-07-05T16:07:15.5388280+08:00, 0, 12.94095, 48.29629, 1, 1, 1, False
1207.264, 2021-07-05T16:07:15.5435750+08:00, 0, 12.94095, 48.29629, 1, 1, 1, False
1207.27, 2021-07-05T16:07:15.5493730+08:00, 0, 12.94095, 48.29629, 1, 1, 1, False
1207.277, 2021-07-05T16:07:15.5561290+08:00, 0, 12.94095, 48.29629, 1, 1, 1, False
1207.284, 2021-07-05T16:07:15.5636430+08:00, 0, 12.94095, 48.29629, 1, 1, 1, False
1207.289, 2021-07-05T16:07:15.5685010+08:00, 0, 12.94095, 48.29629, 1, 1, 1, False
1207.296, 2021-07-05T16:07:15.5751910+08:00, 0, 12.94095, 48.29629, 1, 1, 1, False
1207.302, 2021-07-05T16:07:15.5817110+08:00, 0, 12.94095, 48.29629, 1, 1, 1, False
1207.308, 2021-07-05T16:07:15.5875510+08:00, 0, 12.94095, 48.29629, 1, 1, 1, False
1207.315, 2021-07-05T16:07:15.5942170+08:00, 0, 12.94095, 48.29629, 1, 1, 1, False
1207.322, 2021-07-05T16:07:15.6006500+08:00, 0, 12.94095, 48.29629, 1, 1, 1, False
1207.328, 2021-07-05T16:07:15.6073010+08:00, 0, 12.94095, 48.29629, 1, 1, 1, False
1207.334, 2021-07-05T16:07:15.6129570+08:00, 0, 12.94095, 48.29629, 1, 1, 1, False
1207.341, 2021-07-05T16:07:15.6196940+08:00, 0, 12.94095, 48.29629, 1, 1, 1, False
1207.36, 2021-07-05T16:07:15.6394330+08:00, 0, 12.94095, 48.29629, 1, 1, 1, False
1207.364, 2021-07-05T16:07:15.6427310+08:00, 0, 12.94095, 48.29629, 1, 1, 1, False
1207.368, 2021-07-05T16:07:15.6468620+08:00, 0, 12.94095, 48.29629, 1, 1, 1, False
1207.377, 2021-07-05T16:07:15.6558190+08:00, 0, 12.94095, 48.29629, 1, 1, 1, False
1207.385, 2021-07-05T16:07:15.6637450+08:00, 0, 12.94095, 48.29629, 1, 1, 1, False
1207.388, 2021-07-05T16:07:15.6668590+08:00, 0, 12.94095, 48.29629, 1, 1, 1, False
1207.392, 2021-07-05T16:07:15.6709110+08:00, 0, 12.94095, 48.29629, 1, 1, 1, False
1207.396, 2021-07-05T16:07:15.6747850+08:00, 0, 12.94095, 48.29629, 1, 1, 1, False
1207.4, 2021-07-05T16:07:15.6789150+08:00, 0, 12.94095, 48.29629, 1, 1, 1, False
1207.403, 2021-07-05T16:07:15.6825810+08:00, 0, 12.94095, 48.29629, 1, 1, 1, False
1207.41, 2021-07-05T16:07:15.6886910+08:00, 0, 12.94095, 48.29629, 1, 1, 1, False
1207.417, 2021-07-05T16:07:15.6956570+08:00, 0, 12.94095, 48.29629, 1, 1, 1, False
1207.422, 2021-07-05T16:07:15.7014780+08:00, 0, 12.94095, 48.29629, 1, 1, 1, False
1207.429, 2021-07-05T16:07:15.7077370+08:00, 0, 12.94095, 48.29629, 1, 1, 1, False
1207.435, 2021-07-05T16:07:15.7142250+08:00, 0, 12.94095, 48.29629, 1, 1, 1, False
1207.441, 2021-07-05T16:07:15.7205300+08:00, 0, 12.94095, 48.29629, 1, 1, 1, False
1207.448, 2021-07-05T16:07:15.7270950+08:00, 0, 12.94095, 48.29629, 1, 1, 1, False
1207.454, 2021-07-05T16:07:15.7327740+08:00, 0, 12.94095, 48.29629, 1, 1, 1, False
1207.46, 2021-07-05T16:07:15.7390930+08:00, 0, 12.94095, 48.29629, 1, 1, 1, False
1207.466, 2021-07-05T16:07:15.7453400+08:00, 0, 12.94095, 48.29629, 1, 1, 1, False
1207.472, 2021-07-05T16:07:15.7516040+08:00, 0, 12.94095, 48.29629, 1, 1, 1, False
1207.479, 2021-07-05T16:07:15.7579990+08:00, 0, 12.94095, 48.29629, 1, 1, 1, False
1207.485, 2021-07-05T16:07:15.7639660+08:00, 0, 12.94095, 48.29629, 1, 1, 1, False
1207.492, 2021-07-05T16:07:15.7709680+08:00, 0, 12.94095, 48.29629, 1, 1, 1, False
1207.498, 2021-07-05T16:07:15.7767020+08:00, 0, 12.94095, 48.29629, 1, 1, 1, False
1207.504, 2021-07-05T16:07:15.7830090+08:00, 0, 12.94095, 48.29629, 1, 1, 1, False
1207.51, 2021-07-05T16:07:15.7889730+08:00, 0, 12.94095, 48.29629, 1, 1, 1, False
1207.517, 2021-07-05T16:07:15.7956970+08:00, 0, 12.94095, 48.29629, 1, 1, 1, False
1207.522, 2021-07-05T16:07:15.8015090+08:00, 0, 12.94095, 48.29629, 1, 1, 1, False
1207.529, 2021-07-05T16:07:15.8082770+08:00, 0, 12.94095, 48.29629, 1, 1, 1, False
1207.536, 2021-07-05T16:07:15.8148730+08:00, 0, 12.94095, 48.29629, 1, 1, 1, False
1207.542, 2021-07-05T16:07:15.8206750+08:00, 0, 12.94095, 48.29629, 1, 1, 1, False
1207.548, 2021-07-05T16:07:15.8269370+08:00, 0, 12.94095, 48.29629, 1, 1, 1, False
1207.554, 2021-07-05T16:07:15.8331660+08:00, 0, 12.94095, 48.29629, 1, 1, 1, False
1207.56, 2021-07-05T16:07:15.8395400+08:00, 0, 12.94095, 48.29629, 1, 1, 1, False
1207.567, 2021-07-05T16:07:15.8461430+08:00, 0, 12.94095, 48.29629, 1, 1, 1, False
1207.573, 2021-07-05T16:07:15.8526690+08:00, 0, 12.94095, 48.29629, 1, 1, 1, False
1207.58, 2021-07-05T16:07:15.8591860+08:00, 0, 12.94095, 48.29629, 1, 1, 1, False
1207.586, 2021-07-05T16:07:15.8650440+08:00, 0, 12.94095, 48.29629, 1, 1, 1, False
1207.593, 2021-07-05T16:07:15.8716390+08:00, 0, 12.94095, 48.29629, 1, 1, 1, False
1207.599, 2021-07-05T16:07:15.8776640+08:00, 0, 12.94095, 48.29629, 1, 1, 1, False
1207.605, 2021-07-05T16:07:15.8843320+08:00, 0, 12.94095, 48.29629, 1, 1, 1, False
1207.612, 2021-07-05T16:07:15.8913870+08:00, 0, 12.94095, 48.29629, 1, 1, 1, False
1207.62, 2021-07-05T16:07:15.8992710+08:00, 0, 12.94095, 48.29629, 1, 1, 1, False
1207.625, 2021-07-05T16:07:15.9043400+08:00, 0, 12.94095, 48.29629, 1, 1, 1, False
1207.632, 2021-07-05T16:07:15.9111930+08:00, 0, 12.94095, 48.29629, 1, 1, 1, False
1207.638, 2021-07-05T16:07:15.9167180+08:00, 0, 12.94095, 48.29629, 1, 1, 1, False
1207.644, 2021-07-05T16:07:15.9235500+08:00, 0, 12.94095, 48.29629, 1, 1, 1, False
1207.65, 2021-07-05T16:07:15.9293270+08:00, 0, 12.94095, 48.29629, 1, 1, 1, False
1207.656, 2021-07-05T16:07:15.9357400+08:00, 0, 12.94095, 48.29629, 1, 1, 1, False
1207.664, 2021-07-05T16:07:15.9431160+08:00, 0, 12.94095, 48.29629, 1, 1, 1, False
1207.67, 2021-07-05T16:07:15.9493050+08:00, 0, 12.94095, 48.29629, 1, 1, 1, False
1207.676, 2021-07-05T16:07:15.9554910+08:00, 0, 12.94095, 48.29629, 1, 1, 1, False
1207.683, 2021-07-05T16:07:15.9622530+08:00, 0, 12.94095, 48.29629, 1, 1, 1, False
1207.689, 2021-07-05T16:07:15.9686050+08:00, 0, 12.94095, 48.29629, 1, 1, 1, False
1207.696, 2021-07-05T16:07:15.9749150+08:00, 0, 12.94095, 48.29629, 1, 1, 1, False
1207.702, 2021-07-05T16:07:15.9813150+08:00, 0, 12.94095, 48.29629, 1, 1, 1, False
1207.709, 2021-07-05T16:07:15.9878530+08:00, 0, 12.94095, 48.29629, 1, 1, 1, False
1207.716, 2021-07-05T16:07:15.9947720+08:00, 0, 12.94095, 48.29629, 1, 1, 1, False
1207.722, 2021-07-05T16:07:16.0007680+08:00, 0, 12.94095, 48.29629, 1, 1, 1, False
1207.728, 2021-07-05T16:07:16.0075520+08:00, 0, 12.94095, 48.29629, 1, 1, 1, False
1207.734, 2021-07-05T16:07:16.0132940+08:00, 0, 12.94095, 48.29629, 1, 1, 1, False
1207.741, 2021-07-05T16:07:16.0201340+08:00, 0, 12.94095, 48.29629, 1, 1, 1, False
1207.748, 2021-07-05T16:07:16.0272360+08:00, 0, 12.94095, 48.29629, 1, 1, 1, False
1207.753, 2021-07-05T16:07:16.0325130+08:00, 0, 12.94095, 48.29629, 1, 1, 1, False
1207.76, 2021-07-05T16:07:16.0396240+08:00, 0, 12.94095, 48.29629, 1, 1, 1, False
1207.766, 2021-07-05T16:07:16.0455220+08:00, 0, 12.94095, 48.29629, 1, 1, 1, False
1207.772, 2021-07-05T16:07:16.0516820+08:00, 0, 12.94095, 48.29629, 1, 1, 1, False
1207.779, 2021-07-05T16:07:16.0582620+08:00, 0, 12.94095, 48.29629, 1, 1, 1, False
1207.785, 2021-07-05T16:07:16.0645690+08:00, 0, 12.94095, 48.29629, 1, 1, 1, False
1207.792, 2021-07-05T16:07:16.0712510+08:00, 0, 12.94095, 48.29629, 1, 1, 1, False
1207.798, 2021-07-05T16:07:16.0769610+08:00, 0, 12.94095, 48.29629, 1, 1, 1, False
1207.804, 2021-07-05T16:07:16.0835170+08:00, 0, 12.94095, 48.29629, 1, 1, 1, False
1207.81, 2021-07-05T16:07:16.0891110+08:00, 0, 12.94095, 48.29629, 1, 1, 1, False
1207.817, 2021-07-05T16:07:16.0961250+08:00, 0, 12.94095, 48.29629, 1, 1, 1, False
1207.824, 2021-07-05T16:07:16.1028360+08:00, 0, 12.94095, 48.29629, 1, 1, 1, False
1207.829, 2021-07-05T16:07:16.1084620+08:00, 0, 12.94095, 48.29629, 1, 1, 1, False
1207.837, 2021-07-05T16:07:16.1157160+08:00, 0, 12.94095, 48.29629, 1, 1, 1, False
1207.845, 2021-07-05T16:07:16.1238320+08:00, 0, 12.94095, 48.29629, 1, 1, 1, False
1207.853, 2021-07-05T16:07:16.1317820+08:00, 0, 12.94095, 48.29629, 1, 1, 1, False
1207.86, 2021-07-05T16:07:16.1394490+08:00, 0, 12.94095, 48.29629, 1, 1, 1, False
1207.868, 2021-07-05T16:07:16.1470220+08:00, 0, 12.94095, 48.29629, 1, 1, 1, False
1207.872, 2021-07-05T16:07:16.1507490+08:00, 0, 12.94095, 48.29629, 1, 1, 1, False
1207.876, 2021-07-05T16:07:16.1548220+08:00, 0, 12.94095, 48.29629, 1, 1, 1, False
1207.88, 2021-07-05T16:07:16.1590260+08:00, 0, 12.94095, 48.29629, 1, 1, 1, False
1207.886, 2021-07-05T16:07:16.1655220+08:00, 0, 12.94095, 48.29629, 1, 1, 1, False
1207.892, 2021-07-05T16:07:16.1712540+08:00, 0, 12.94095, 48.29629, 1, 1, 1, False
1207.899, 2021-07-05T16:07:16.1779220+08:00, 0, 12.94095, 48.29629, 1, 1, 1, False
1207.905, 2021-07-05T16:07:16.1843230+08:00, 0, 12.94095, 48.29629, 1, 1, 1, False
1207.912, 2021-07-05T16:07:16.1907470+08:00, 0, 12.94095, 48.29629, 1, 1, 1, False
1207.917, 2021-07-05T16:07:16.1965280+08:00, 0, 12.94095, 48.29629, 1, 1, 1, False
1207.924, 2021-07-05T16:07:16.2034670+08:00, 0, 12.94095, 48.29629, 1, 1, 1, False
1207.93, 2021-07-05T16:07:16.2094760+08:00, 0, 12.94095, 48.29629, 1, 1, 1, False
1207.937, 2021-07-05T16:07:16.2157960+08:00, 0, 12.94095, 48.29629, 1, 1, 1, False
1207.945, 2021-07-05T16:07:16.2240750+08:00, 0, 12.94095, 48.29629, 1, 1, 1, False
1207.953, 2021-07-05T16:07:16.2317060+08:00, 0, 12.94095, 48.29629, 1, 1, 1, False
1207.961, 2021-07-05T16:07:16.2397300+08:00, 0, 12.94095, 48.29629, 1, 1, 1, False
1207.968, 2021-07-05T16:07:16.2474460+08:00, 0, 12.94095, 48.29629, 1, 1, 1, False
1207.971, 2021-07-05T16:07:16.2505840+08:00, 0, 12.94095, 48.29629, 1, 1, 1, False
1207.976, 2021-07-05T16:07:16.2550170+08:00, 0, 12.94095, 48.29629, 1, 1, 1, False
1207.98, 2021-07-05T16:07:16.2593810+08:00, 0, 12.94095, 48.29629, 1, 1, 1, False
1207.987, 2021-07-05T16:07:16.2660690+08:00, 0, 12.94095, 48.29629, 1, 1, 1, False
1207.993, 2021-07-05T16:07:16.2723350+08:00, 0, 12.94095, 48.29629, 1, 1, 1, False
1208, 2021-07-05T16:07:16.2831220+08:00, 0, 12.94095, 48.29629, 1, 1, 1, False
1208.008, 2021-07-05T16:07:16.2867570+08:00, 0, 12.94095, 48.29629, 1, 1, 1, False
1208.013, 2021-07-05T16:07:16.2916630+08:00, 0, 12.94095, 48.29629, 1, 1, 1, False
1208.018, 2021-07-05T16:07:16.2975060+08:00, 0, 12.94095, 48.29629, 1, 1, 1, False
1208.025, 2021-07-05T16:07:16.3042860+08:00, 0, 12.94095, 48.29629, 1, 1, 1, False
1208.032, 2021-07-05T16:07:16.3108550+08:00, 0, 12.94095, 48.29629, 1, 1, 1, False
1208.037, 2021-07-05T16:07:16.3162840+08:00, 0, 12.94095, 48.29629, 1, 1, 1, False
1208.044, 2021-07-05T16:07:16.3232730+08:00, 0, 12.94095, 48.29629, 1, 1, 1, False
1208.05, 2021-07-05T16:07:16.3289290+08:00, 0, 12.94095, 48.29629, 1, 1, 1, False
1208.056, 2021-07-05T16:07:16.3352870+08:00, 0, 12.94095, 48.29629, 1, 1, 1, False
1208.063, 2021-07-05T16:07:16.3417800+08:00, 0, 12.94095, 48.29629, 1, 1, 1, False
1208.069, 2021-07-05T16:07:16.3481780+08:00, 0, 12.94095, 48.29629, 1, 1, 1, False
1208.076, 2021-07-05T16:07:16.3547680+08:00, 0, 12.94095, 48.29629, 1, 1, 1, False
1208.081, 2021-07-05T16:07:16.3605220+08:00, 0, 12.94095, 48.29629, 1, 1, 1, False
1208.088, 2021-07-05T16:07:16.3674810+08:00, 0, 12.94095, 48.29629, 1, 1, 1, False
1208.094, 2021-07-05T16:07:16.3734170+08:00, 0, 12.94095, 48.29629, 1, 1, 1, False
1208.101, 2021-07-05T16:07:16.3802350+08:00, 0, 12.94095, 48.29629, 1, 1, 1, False
1208.108, 2021-07-05T16:07:16.3872040+08:00, 0, 12.94095, 48.29629, 1, 1, 1, False
1208.113, 2021-07-05T16:07:16.3923990+08:00, 0, 12.94095, 48.29629, 1, 1, 1, False
1208.12, 2021-07-05T16:07:16.3992850+08:00, 0, 12.94095, 48.29629, 1, 1, 1, False
1208.126, 2021-07-05T16:07:16.4055050+08:00, 0, 12.94095, 48.29629, 1, 1, 1, False
1208.133, 2021-07-05T16:07:16.4118310+08:00, 0, 12.94095, 48.29629, 1, 1, 1, False
1208.139, 2021-07-05T16:07:16.4185270+08:00, 0, 12.94095, 48.29629, 1, 1, 1, False
1208.146, 2021-07-05T16:07:16.4253280+08:00, 0, 12.94095, 48.29629, 1, 1, 1, False
1208.181, 2021-07-05T16:07:16.4597550+08:00, 0, 12.94095, 48.29629, 1, 1, 1, False
1208.189, 2021-07-05T16:07:16.4680290+08:00, 0, 12.94095, 48.29629, 1, 1, 1, False
1208.196, 2021-07-05T16:07:16.4750430+08:00, 0, 12.94095, 48.29629, 1, 1, 1, False
1208.205, 2021-07-05T16:07:16.4840340+08:00, 0, 12.94095, 48.29629, 1, 1, 1, False
1208.213, 2021-07-05T16:07:16.4916910+08:00, 0, 12.94095, 48.29629, 1, 1, 1, False
1208.221, 2021-07-05T16:07:16.5001400+08:00, 0, 12.94095, 48.29629, 1, 1, 1, False
1208.228, 2021-07-05T16:07:16.5076480+08:00, 0, 12.94095, 48.29629, 1, 1, 1, False
1208.24, 2021-07-05T16:07:16.5186480+08:00, 0, 12.94095, 48.29629, 1, 1, 1, False
1208.244, 2021-07-05T16:07:16.5230470+08:00, 0, 12.94095, 48.29629, 1, 1, 1, False
1208.248, 2021-07-05T16:07:16.5268180+08:00, 0, 12.94095, 48.29629, 1, 1, 1, False
1208.252, 2021-07-05T16:07:16.5309690+08:00, 0, 12.94095, 48.29629, 1, 1, 1, False
1208.256, 2021-07-05T16:07:16.5349710+08:00, 0, 12.94095, 48.29629, 1, 1, 1, False
1208.26, 2021-07-05T16:07:16.5388270+08:00, 0, 12.94095, 48.29629, 1, 1, 1, False
1208.264, 2021-07-05T16:07:16.5429380+08:00, 0, 12.94095, 48.29629, 1, 1, 1, False
1208.269, 2021-07-05T16:07:16.5480180+08:00, 0, 12.94095, 48.29629, 1, 1, 1, False
1208.276, 2021-07-05T16:07:16.5553220+08:00, 0, 12.94095, 48.29629, 1, 1, 1, False
1208.282, 2021-07-05T16:07:16.5611910+08:00, 0, 12.94095, 48.29629, 1, 1, 1, False
1208.288, 2021-07-05T16:07:16.5674370+08:00, 0, 12.94095, 48.29629, 1, 1, 1, False
1208.294, 2021-07-05T16:07:16.5734130+08:00, 0, 12.94095, 48.29629, 1, 1, 1, False
1208.301, 2021-07-05T16:07:16.5799500+08:00, 0, 12.94095, 48.29629, 1, 1, 1, False
1208.308, 2021-07-05T16:07:16.5875590+08:00, 0, 12.94095, 48.29629, 1, 1, 1, False
1208.313, 2021-07-05T16:07:16.5926290+08:00, 0, 12.94095, 48.29629, 1, 1, 1, False
1208.32, 2021-07-05T16:07:16.5993680+08:00, 0, 12.94095, 48.29629, 1, 1, 1, False
1208.326, 2021-07-05T16:07:16.6056240+08:00, 0, 12.94095, 48.29629, 1, 1, 1, False
1208.333, 2021-07-05T16:07:16.6123980+08:00, 0, 12.94095, 48.29629, 1, 1, 1, False
1208.34, 2021-07-05T16:07:16.6194800+08:00, 0, 12.94095, 48.29629, 1, 1, 1, False
1208.346, 2021-07-05T16:07:16.6250290+08:00, 0, 12.94095, 48.29629, 1, 1, 1, False
1208.353, 2021-07-05T16:07:16.6316370+08:00, 0, 12.94095, 48.29629, 1, 1, 1, False
1208.359, 2021-07-05T16:07:16.6379570+08:00, 0, 12.94095, 48.29629, 1, 1, 1, False
1208.365, 2021-07-05T16:07:16.6439820+08:00, 0, 12.94095, 48.29629, 1, 1, 1, False
1208.372, 2021-07-05T16:07:16.6512560+08:00, 0, 12.94095, 48.29629, 1, 1, 1, False
1208.379, 2021-07-05T16:07:16.6578640+08:00, 0, 12.94095, 48.29629, 1, 1, 1, False
1208.386, 2021-07-05T16:07:16.6648880+08:00, 0, 12.94095, 48.29629, 1, 1, 1, False
1208.393, 2021-07-05T16:07:16.6719880+08:00, 0, 12.94095, 48.29629, 1, 1, 1, False
1208.4, 2021-07-05T16:07:16.6792690+08:00, 0, 12.94095, 48.29629, 1, 1, 1, False
1208.407, 2021-07-05T16:07:16.6860010+08:00, 0, 12.94095, 48.29629, 1, 1, 1, False
1208.414, 2021-07-05T16:07:16.6929430+08:00, 0, 12.94095, 48.29629, 1, 1, 1, False
1208.421, 2021-07-05T16:07:16.7003050+08:00, 0, 12.94095, 48.29629, 1, 1, 1, False
1208.427, 2021-07-05T16:07:16.7065020+08:00, 0, 12.94095, 48.29629, 1, 1, 1, False
1208.434, 2021-07-05T16:07:16.7133680+08:00, 0, 12.94095, 48.29629, 1, 1, 1, False
1208.44, 2021-07-05T16:07:16.7196030+08:00, 0, 12.94095, 48.29629, 1, 1, 1, False
1208.446, 2021-07-05T16:07:16.7255150+08:00, 0, 12.94095, 48.29629, 1, 1, 1, False
1208.453, 2021-07-05T16:07:16.7320640+08:00, 0, 12.94095, 48.29629, 1, 1, 1, False
1208.46, 2021-07-05T16:07:16.7390250+08:00, 0, 12.94095, 48.29629, 1, 1, 1, False
1208.465, 2021-07-05T16:07:16.7445550+08:00, 0, 12.94095, 48.29629, 1, 1, 1, False
1208.473, 2021-07-05T16:07:16.7518120+08:00, 0, 12.94095, 48.29629, 1, 1, 1, False
1208.478, 2021-07-05T16:07:16.7571050+08:00, 0, 12.94095, 48.29629, 1, 1, 1, False
1208.484, 2021-07-05T16:07:16.7634300+08:00, 0, 12.94095, 48.29629, 1, 1, 1, False
1208.49, 2021-07-05T16:07:16.7696270+08:00, 0, 12.94095, 48.29629, 1, 1, 1, False
1208.497, 2021-07-05T16:07:16.7758840+08:00, 0, 12.94095, 48.29629, 1, 1, 1, False
1208.503, 2021-07-05T16:07:16.7818660+08:00, 0, 12.94095, 48.29629, 1, 1, 1, False
1208.509, 2021-07-05T16:07:16.7886180+08:00, 0, 12.94095, 48.29629, 1, 1, 1, False
1208.516, 2021-07-05T16:07:16.7953100+08:00, 0, 12.94095, 48.29629, 1, 1, 1, False
1208.522, 2021-07-05T16:07:16.8007700+08:00, 0, 12.94095, 48.29629, 1, 1, 1, False
1208.529, 2021-07-05T16:07:16.8077720+08:00, 0, 12.94095, 48.29629, 1, 1, 1, False
1208.537, 2021-07-05T16:07:16.8157230+08:00, 0, 12.94095, 48.29629, 1, 1, 1, False
1208.545, 2021-07-05T16:07:16.8240770+08:00, 0, 12.94095, 48.29629, 1, 1, 1, False
1208.552, 2021-07-05T16:07:16.8314130+08:00, 0, 12.94095, 48.29629, 1, 1, 1, False
1208.555, 2021-07-05T16:07:16.8345920+08:00, 0, 12.94095, 48.29629, 1, 1, 1, False
1208.56, 2021-07-05T16:07:16.8389270+08:00, 0, 12.94095, 48.29629, 1, 1, 1, False
1208.566, 2021-07-05T16:07:16.8454750+08:00, 0, 12.94095, 48.29629, 1, 1, 1, False
1208.572, 2021-07-05T16:07:16.8513160+08:00, 0, 12.94095, 48.29629, 1, 1, 1, False
1208.579, 2021-07-05T16:07:16.8581240+08:00, 0, 12.94095, 48.29629, 1, 1, 1, False
1208.585, 2021-07-05T16:07:16.8644770+08:00, 0, 12.94095, 48.29629, 1, 1, 1, False
1208.592, 2021-07-05T16:07:16.8711630+08:00, 0, 12.94095, 48.29629, 1, 1, 1, False
1208.598, 2021-07-05T16:07:16.8774110+08:00, 0, 12.94095, 48.29629, 1, 1, 1, False
1208.605, 2021-07-05T16:07:16.8838920+08:00, 0, 12.94095, 48.29629, 1, 1, 1, False
1208.611, 2021-07-05T16:07:16.8899840+08:00, 0, 12.94095, 48.29629, 1, 1, 1, False
1208.618, 2021-07-05T16:07:16.8967100+08:00, 0, 12.94095, 48.29629, 1, 1, 1, False
1208.625, 2021-07-05T16:07:16.9036770+08:00, 0, 12.94095, 48.29629, 1, 1, 1, False
1208.63, 2021-07-05T16:07:16.9090330+08:00, 0, 12.94095, 48.29629, 1, 1, 1, False
1208.637, 2021-07-05T16:07:16.9158440+08:00, 0, 12.94095, 48.29629, 1, 1, 1, False
1208.643, 2021-07-05T16:07:16.9222490+08:00, 0, 12.94095, 48.29629, 1, 1, 1, False
1208.649, 2021-07-05T16:07:16.9279090+08:00, 0, 12.94095, 48.29629, 1, 1, 1, False
1208.656, 2021-07-05T16:07:16.9348770+08:00, 0, 12.94095, 48.29629, 1, 1, 1, False
1208.662, 2021-07-05T16:07:16.9410850+08:00, 0, 12.94095, 48.29629, 1, 1, 1, False
1208.668, 2021-07-05T16:07:16.9475440+08:00, 0, 12.94095, 48.29629, 1, 1, 1, False
1208.675, 2021-07-05T16:07:16.9539430+08:00, 0, 12.94095, 48.29629, 1, 1, 1, False
1208.681, 2021-07-05T16:07:16.9602530+08:00, 0, 12.94095, 48.29629, 1, 1, 1, False
1208.688, 2021-07-05T16:07:16.9671540+08:00, 0, 12.94095, 48.29629, 1, 1, 1, False
1208.694, 2021-07-05T16:07:16.9727170+08:00, 0, 12.94095, 48.29629, 1, 1, 1, False
1208.7, 2021-07-05T16:07:16.9789840+08:00, 0, 12.94095, 48.29629, 1, 1, 1, False
1208.706, 2021-07-05T16:07:16.9849200+08:00, 0, 12.94095, 48.29629, 1, 1, 1, False
1208.712, 2021-07-05T16:07:16.9914730+08:00, 0, 12.94095, 48.29629, 1, 1, 1, False
1208.719, 2021-07-05T16:07:16.9981170+08:00, 0, 12.94095, 48.29629, 1, 1, 1, False
1208.725, 2021-07-05T16:07:17.0038450+08:00, 0, 12.94095, 48.29629, 1, 1, 1, False
1208.732, 2021-07-05T16:07:17.0111550+08:00, 0, 12.94095, 48.29629, 1, 1, 1, False
1208.738, 2021-07-05T16:07:17.0168100+08:00, 0, 12.94095, 48.29629, 1, 1, 1, False
1208.744, 2021-07-05T16:07:17.0234370+08:00, 0, 12.94095, 48.29629, 1, 1, 1, False
1208.75, 2021-07-05T16:07:17.0290720+08:00, 0, 12.94095, 48.29629, 1, 1, 1, False
1208.756, 2021-07-05T16:07:17.0355430+08:00, 0, 12.94095, 48.29629, 1, 1, 1, False
1208.762, 2021-07-05T16:07:17.0411620+08:00, 0, 12.94095, 48.29629, 1, 1, 1, False
1208.768, 2021-07-05T16:07:17.0476330+08:00, 0, 12.94095, 48.29629, 1, 1, 1, False
1208.776, 2021-07-05T16:07:17.0556630+08:00, 0, 12.94095, 48.29629, 1, 1, 1, False
1208.785, 2021-07-05T16:07:17.0639370+08:00, 0, 12.94095, 48.29629, 1, 1, 1, False
1208.792, 2021-07-05T16:07:17.0715950+08:00, 0, 12.94095, 48.29629, 1, 1, 1, False
1208.8, 2021-07-05T16:07:17.0789240+08:00, 0, 12.94095, 48.29629, 1, 1, 1, False
1208.804, 2021-07-05T16:07:17.0828970+08:00, 0, 12.94095, 48.29629, 1, 1, 1, False
1208.808, 2021-07-05T16:07:17.0868160+08:00, 0, 12.94095, 48.29629, 1, 1, 1, False
1208.812, 2021-07-05T16:07:17.0913010+08:00, 0, 12.94095, 48.29629, 1, 1, 1, False
1208.818, 2021-07-05T16:07:17.0976160+08:00, 0, 12.94095, 48.29629, 1, 1, 1, False
1208.825, 2021-07-05T16:07:17.1038960+08:00, 0, 12.94095, 48.29629, 1, 1, 1, False
1208.832, 2021-07-05T16:07:17.1114230+08:00, 0, 12.94095, 48.29629, 1, 1, 1, False
1208.837, 2021-07-05T16:07:17.1162710+08:00, 0, 12.94095, 48.29629, 1, 1, 1, False
1208.844, 2021-07-05T16:07:17.1229720+08:00, 0, 12.94095, 48.29629, 1, 1, 1, False
1208.849, 2021-07-05T16:07:17.1285710+08:00, 0, 12.94095, 48.29629, 1, 1, 1, False
1208.857, 2021-07-05T16:07:17.1358490+08:00, 0, 12.94095, 48.29629, 1, 1, 1, False
1208.864, 2021-07-05T16:07:17.1433920+08:00, 0, 12.94095, 48.29629, 1, 1, 1, False
1208.869, 2021-07-05T16:07:17.1477340+08:00, 0, 12.94095, 48.29629, 1, 1, 1, False
1208.875, 2021-07-05T16:07:17.1536730+08:00, 0, 12.94095, 48.29629, 1, 1, 1, False
1208.881, 2021-07-05T16:07:17.1601460+08:00, 0, 12.94095, 48.29629, 1, 1, 1, False
1208.889, 2021-07-05T16:07:17.1678030+08:00, 0, 12.94095, 48.29629, 1, 1, 1, False
1208.897, 2021-07-05T16:07:17.1759990+08:00, 0, 12.94095, 48.29629, 1, 1, 1, False
1208.905, 2021-07-05T16:07:17.1837460+08:00, 0, 12.94095, 48.29629, 1, 1, 1, False
1208.913, 2021-07-05T16:07:17.1917030+08:00, 0, 12.94095, 48.29629, 1, 1, 1, False
1208.921, 2021-07-05T16:07:17.1998630+08:00, 0, 12.94095, 48.29629, 1, 1, 1, False
1208.929, 2021-07-05T16:07:17.2076840+08:00, 0, 12.94095, 48.29629, 1, 1, 1, False
1208.937, 2021-07-05T16:07:17.2157990+08:00, 0, 12.94095, 48.29629, 1, 1, 1, False
1208.944, 2021-07-05T16:07:17.2233630+08:00, 0, 12.94095, 48.29629, 1, 1, 1, False
1208.948, 2021-07-05T16:07:17.2270490+08:00, 0, 12.94095, 48.29629, 1, 1, 1, False
1208.952, 2021-07-05T16:07:17.2306390+08:00, 0, 12.94095, 48.29629, 1, 1, 1, False
1208.956, 2021-07-05T16:07:17.2351570+08:00, 0, 12.94095, 48.29629, 1, 1, 1, False
1208.96, 2021-07-05T16:07:17.2389490+08:00, 0, 12.94095, 48.29629, 1, 1, 1, False
1208.964, 2021-07-05T16:07:17.2428340+08:00, 0, 12.94095, 48.29629, 1, 1, 1, False
1208.968, 2021-07-05T16:07:17.2473330+08:00, 0, 12.94095, 48.29629, 1, 1, 1, False
1208.974, 2021-07-05T16:07:17.2531710+08:00, 0, 12.94095, 48.29629, 1, 1, 1, False
1208.981, 2021-07-05T16:07:17.2599400+08:00, 0, 12.94095, 48.29629, 1, 1, 1, False
1208.988, 2021-07-05T16:07:17.2668940+08:00, 0, 12.94095, 48.29629, 1, 1, 1, False
1208.993, 2021-07-05T16:07:17.2719680+08:00, 0, 12.94095, 48.29629, 1, 1, 1, False
1209.001, 2021-07-05T16:07:17.2799230+08:00, 0, 12.94095, 48.29629, 1, 1, 1, False
1209.008, 2021-07-05T16:07:17.2872960+08:00, 0, 12.94095, 48.29629, 1, 1, 1, False
1209.012, 2021-07-05T16:07:17.2915670+08:00, 0, 12.94095, 48.29629, 1, 1, 1, False
1209.018, 2021-07-05T16:07:17.2975090+08:00, 0, 12.94095, 48.29629, 1, 1, 1, False
1209.025, 2021-07-05T16:07:17.3038510+08:00, 0, 12.94095, 48.29629, 1, 1, 1, False
1209.031, 2021-07-05T16:07:17.3096720+08:00, 0, 12.94095, 48.29629, 1, 1, 1, False
1209.05, 2021-07-05T16:07:17.3295770+08:00, 0, 12.94095, 48.29629, 1, 1, 1, False
1209.056, 2021-07-05T16:07:17.3353570+08:00, 0, 12.94095, 48.29629, 1, 1, 1, False
1209.06, 2021-07-05T16:07:17.3388270+08:00, 0, 12.94095, 48.29629, 1, 1, 1, False
1209.064, 2021-07-05T16:07:17.3426710+08:00, 0, 12.94095, 48.29629, 1, 1, 1, False
1209.068, 2021-07-05T16:07:17.3470930+08:00, 0, 12.94095, 48.29629, 1, 1, 1, False
1209.072, 2021-07-05T16:07:17.3507640+08:00, 0, 12.94095, 48.29629, 1, 1, 1, False
1209.076, 2021-07-05T16:07:17.3550240+08:00, 0, 12.94095, 48.29629, 1, 1, 1, False
1209.08, 2021-07-05T16:07:17.3626210+08:00, 0, 12.94095, 48.29629, 1, 1, 1, False
1209.088, 2021-07-05T16:07:17.3709350+08:00, 0, 12.94095, 48.29629, 1, 1, 1, False
1209.096, 2021-07-05T16:07:17.3746810+08:00, 0, 12.94095, 48.29629, 1, 1, 1, False
1209.1, 2021-07-05T16:07:17.3788230+08:00, 0, 12.94095, 48.29629, 1, 1, 1, False
1209.106, 2021-07-05T16:07:17.3848020+08:00, 0, 12.94095, 48.29629, 1, 1, 1, False
1209.112, 2021-07-05T16:07:17.3916650+08:00, 0, 12.94095, 48.29629, 1, 1, 1, False
1209.118, 2021-07-05T16:07:17.3972140+08:00, 0, 12.94095, 48.29629, 1, 1, 1, False
1209.124, 2021-07-05T16:07:17.4035820+08:00, 0, 12.94095, 48.29629, 1, 1, 1, False
1209.13, 2021-07-05T16:07:17.4094790+08:00, 0, 12.94095, 48.29629, 1, 1, 1, False
1209.137, 2021-07-05T16:07:17.4159470+08:00, 0, 12.94095, 48.29629, 1, 1, 1, False
1209.143, 2021-07-05T16:07:17.4222680+08:00, 0, 12.94095, 48.29629, 1, 1, 1, False
1209.149, 2021-07-05T16:07:17.4285440+08:00, 0, 12.94095, 48.29629, 1, 1, 1, False
1209.156, 2021-07-05T16:07:17.4356090+08:00, 0, 12.94095, 48.29629, 1, 1, 1, False
1209.165, 2021-07-05T16:07:17.4437530+08:00, 0, 12.94095, 48.29629, 1, 1, 1, False
1209.173, 2021-07-05T16:07:17.4519000+08:00, 0, 12.94095, 48.29629, 1, 1, 1, False
1209.18, 2021-07-05T16:07:17.4591170+08:00, 0, 12.94095, 48.29629, 1, 1, 1, False
1209.184, 2021-07-05T16:07:17.4628410+08:00, 0, 12.94095, 48.29629, 1, 1, 1, False
1209.188, 2021-07-05T16:07:17.4668690+08:00, 0, 12.94095, 48.29629, 1, 1, 1, False
1209.193, 2021-07-05T16:07:17.4718570+08:00, 0, 12.94095, 48.29629, 1, 1, 1, False
1209.2, 2021-07-05T16:07:17.4787500+08:00, 0, 12.94095, 48.29629, 1, 1, 1, False
1209.205, 2021-07-05T16:07:17.4845300+08:00, 0, 12.94095, 48.29629, 1, 1, 1, False
1209.212, 2021-07-05T16:07:17.4916020+08:00, 0, 12.94095, 48.29629, 1, 1, 1, False
1209.218, 2021-07-05T16:07:17.4974400+08:00, 0, 12.94095, 48.29629, 1, 1, 1, False
1209.224, 2021-07-05T16:07:17.5036930+08:00, 0, 12.94095, 48.29629, 1, 1, 1, False
1209.232, 2021-07-05T16:07:17.5111380+08:00, 0, 12.94095, 48.29629, 1, 1, 1, False
1209.237, 2021-07-05T16:07:17.5160520+08:00, 0, 12.94095, 48.29629, 1, 1, 1, False
1209.244, 2021-07-05T16:07:17.5230760+08:00, 0, 12.94095, 48.29629, 1, 1, 1, False
1209.249, 2021-07-05T16:07:17.5281070+08:00, 0, 12.94095, 48.29629, 1, 1, 1, False
1209.256, 2021-07-05T16:07:17.5351270+08:00, 0, 12.94095, 48.29629, 1, 1, 1, False
1209.261, 2021-07-05T16:07:17.5406990+08:00, 0, 12.94095, 48.29629, 1, 1, 1, False
1209.268, 2021-07-05T16:07:17.5474670+08:00, 0, 12.94095, 48.29629, 1, 1, 1, False
1209.277, 2021-07-05T16:07:17.5558590+08:00, 0, 12.94095, 48.29629, 1, 1, 1, False
1209.285, 2021-07-05T16:07:17.5637410+08:00, 0, 12.94095, 48.29629, 1, 1, 1, False
1209.292, 2021-07-05T16:07:17.5712710+08:00, 0, 12.94095, 48.29629, 1, 1, 1, False
1209.296, 2021-07-05T16:07:17.5747790+08:00, 0, 12.94095, 48.29629, 1, 1, 1, False
1209.3, 2021-07-05T16:07:17.5787950+08:00, 0, 12.94095, 48.29629, 1, 1, 1, False
1209.305, 2021-07-05T16:07:17.5842370+08:00, 0, 12.94095, 48.29629, 1, 1, 1, False
1209.313, 2021-07-05T16:07:17.5918040+08:00, 0, 12.94095, 48.29629, 1, 1, 1, False
1209.32, 2021-07-05T16:07:17.5990680+08:00, 0, 12.94095, 48.29629, 1, 1, 1, False
1209.324, 2021-07-05T16:07:17.6033540+08:00, 0, 12.94095, 48.29629, 1, 1, 1, False
1209.332, 2021-07-05T16:07:17.6113060+08:00, 0, 12.94095, 48.29629, 1, 1, 1, False
1209.337, 2021-07-05T16:07:17.6162310+08:00, 0, 12.94095, 48.29629, 1, 1, 1, False
1209.345, 2021-07-05T16:07:17.6238480+08:00, 0, 12.94095, 48.29629, 1, 1, 1, False
1209.353, 2021-07-05T16:07:17.6319120+08:00, 0, 12.94095, 48.29629, 1, 1, 1, False
1209.361, 2021-07-05T16:07:17.6397300+08:00, 0, 12.94095, 48.29629, 1, 1, 1, False
1209.368, 2021-07-05T16:07:17.6474630+08:00, 0, 12.94095, 48.29629, 1, 1, 1, False
1209.376, 2021-07-05T16:07:17.6549680+08:00, 0, 12.94095, 48.29629, 1, 1, 1, False
1209.38, 2021-07-05T16:07:17.6588270+08:00, 0, 12.94095, 48.29629, 1, 1, 1, False
1209.384, 2021-07-05T16:07:17.6629730+08:00, 0, 12.94095, 48.29629, 1, 1, 1, False
1209.388, 2021-07-05T16:07:17.6669170+08:00, 0, 12.94095, 48.29629, 1, 1, 1, False
1209.393, 2021-07-05T16:07:17.6723110+08:00, 0, 12.94095, 48.29629, 1, 1, 1, False
1209.4, 2021-07-05T16:07:17.6789150+08:00, 0, 12.94095, 48.29629, 1, 1, 1, False
1209.405, 2021-07-05T16:07:17.6846340+08:00, 0, 12.94095, 48.29629, 1, 1, 1, False
1209.412, 2021-07-05T16:07:17.6916660+08:00, 0, 12.94095, 48.29629, 1, 1, 1, False
1209.418, 2021-07-05T16:07:17.6972840+08:00, 0, 12.94095, 48.29629, 1, 1, 1, False
1209.425, 2021-07-05T16:07:17.7038020+08:00, 0, 12.94095, 48.29629, 1, 1, 1, False
1209.432, 2021-07-05T16:07:17.7108960+08:00, 0, 12.94095, 48.29629, 1, 1, 1, False
1209.437, 2021-07-05T16:07:17.7158140+08:00, 0, 12.94095, 48.29629, 1, 1, 1, False
1209.443, 2021-07-05T16:07:17.7226330+08:00, 0, 12.94095, 48.29629, 1, 1, 1, False
1209.45, 2021-07-05T16:07:17.7288660+08:00, 0, 12.94095, 48.29629, 1, 1, 1, False
1209.456, 2021-07-05T16:07:17.7352810+08:00, 0, 12.94095, 48.29629, 1, 1, 1, False
1209.464, 2021-07-05T16:07:17.7433250+08:00, 0, 12.94095, 48.29629, 1, 1, 1, False
1209.473, 2021-07-05T16:07:17.7521550+08:00, 0, 12.94095, 48.29629, 1, 1, 1, False
1209.48, 2021-07-05T16:07:17.7593170+08:00, 0, 12.94095, 48.29629, 1, 1, 1, False
1209.488, 2021-07-05T16:07:17.7674160+08:00, 0, 12.94095, 48.29629, 1, 1, 1, False
1209.497, 2021-07-05T16:07:17.7759430+08:00, 0, 12.94095, 48.29629, 1, 1, 1, False
1209.504, 2021-07-05T16:07:17.7834320+08:00, 0, 12.94095, 48.29629, 1, 1, 1, False
1209.508, 2021-07-05T16:07:17.7868590+08:00, 0, 12.94095, 48.29629, 1, 1, 1, False
1209.512, 2021-07-05T16:07:17.7915300+08:00, 0, 12.94095, 48.29629, 1, 1, 1, False
1209.516, 2021-07-05T16:07:17.7946620+08:00, 0, 12.94095, 48.29629, 1, 1, 1, False
1209.52, 2021-07-05T16:07:17.7988820+08:00, 0, 12.94095, 48.29629, 1, 1, 1, False
1209.524, 2021-07-05T16:07:17.8032630+08:00, 0, 12.94095, 48.29629, 1, 1, 1, False
1209.53, 2021-07-05T16:07:17.8095260+08:00, 0, 12.94095, 48.29629, 1, 1, 1, False
1209.537, 2021-07-05T16:07:17.8161120+08:00, 0, 12.94095, 48.29629, 1, 1, 1, False
1209.544, 2021-07-05T16:07:17.8233120+08:00, 0, 12.94095, 48.29629, 1, 1, 1, False
1209.549, 2021-07-05T16:07:17.8283770+08:00, 0, 12.94095, 48.29629, 1, 1, 1, False
1209.557, 2021-07-05T16:07:17.8357260+08:00, 0, 12.94095, 48.29629, 1, 1, 1, False
1209.562, 2021-07-05T16:07:17.8413860+08:00, 0, 12.94095, 48.29629, 1, 1, 1, False
1209.568, 2021-07-05T16:07:17.8471590+08:00, 0, 12.94095, 48.29629, 1, 1, 1, False
1209.575, 2021-07-05T16:07:17.8539860+08:00, 0, 12.94095, 48.29629, 1, 1, 1, False
1209.581, 2021-07-05T16:07:17.8601680+08:00, 0, 12.94095, 48.29629, 1, 1, 1, False
1209.588, 2021-07-05T16:07:17.8673670+08:00, 0, 12.94095, 48.29629, 1, 1, 1, False
1209.594, 2021-07-05T16:07:17.8726260+08:00, 0, 12.94095, 48.29629, 1, 1, 1, False
1209.601, 2021-07-05T16:07:17.8797910+08:00, 0, 12.94095, 48.29629, 1, 1, 1, False
1209.608, 2021-07-05T16:07:17.8873860+08:00, 0, 12.94095, 48.29629, 1, 1, 1, False
1209.617, 2021-07-05T16:07:17.8960050+08:00, 0, 12.94095, 48.29629, 1, 1, 1, False
1209.624, 2021-07-05T16:07:17.9033620+08:00, 0, 12.94095, 48.29629, 1, 1, 1, False
1209.628, 2021-07-05T16:07:17.9068170+08:00, 0, 12.94095, 48.29629, 1, 1, 1, False
1209.632, 2021-07-05T16:07:17.9110230+08:00, 0, 12.94095, 48.29629, 1, 1, 1, False
1209.637, 2021-07-05T16:07:17.9161900+08:00, 0, 12.94095, 48.29629, 1, 1, 1, False
1209.644, 2021-07-05T16:07:17.9228390+08:00, 0, 12.94095, 48.29629, 1, 1, 1, False
1209.649, 2021-07-05T16:07:17.9284250+08:00, 0, 12.94095, 48.29629, 1, 1, 1, False
1209.656, 2021-07-05T16:07:17.9350690+08:00, 0, 12.94095, 48.29629, 1, 1, 1, False
1209.662, 2021-07-05T16:07:17.9412370+08:00, 0, 12.94095, 48.29629, 1, 1, 1, False
1209.668, 2021-07-05T16:07:17.9476120+08:00, 0, 12.94095, 48.29629, 1, 1, 1, False
1209.674, 2021-07-05T16:07:17.9535790+08:00, 0, 12.94095, 48.29629, 1, 1, 1, False
1209.681, 2021-07-05T16:07:17.9602510+08:00, 0, 12.94095, 48.29629, 1, 1, 1, False
1209.688, 2021-07-05T16:07:17.9673870+08:00, 0, 12.94095, 48.29629, 1, 1, 1, False
1209.696, 2021-07-05T16:07:17.9751000+08:00, 0, 12.94095, 48.29629, 1, 1, 1, False
1209.7, 2021-07-05T16:07:17.9788530+08:00, 0, 12.94095, 48.29629, 1, 1, 1, False
1209.706, 2021-07-05T16:07:17.9852820+08:00, 0, 12.94095, 48.29629, 1, 1, 1, False
1209.712, 2021-07-05T16:07:17.9914230+08:00, 0, 12.94095, 48.29629, 1, 1, 1, False
1209.718, 2021-07-05T16:07:17.9972580+08:00, 0, 12.94095, 48.29629, 1, 1, 1, False
1209.725, 2021-07-05T16:07:18.0038930+08:00, 0, 12.94095, 48.29629, 1, 1, 1, False
1209.73, 2021-07-05T16:07:18.0096340+08:00, 0, 12.94095, 48.29629, 1, 1, 1, False
1209.737, 2021-07-05T16:07:18.0163330+08:00, 0, 12.94095, 48.29629, 1, 1, 1, False
1209.744, 2021-07-05T16:07:18.0235650+08:00, 0, 12.94095, 48.29629, 1, 1, 1, False
1209.749, 2021-07-05T16:07:18.0285400+08:00, 0, 12.94095, 48.29629, 1, 1, 1, False
1209.756, 2021-07-05T16:07:18.0355620+08:00, 0, 12.94095, 48.29629, 1, 1, 1, False
1209.763, 2021-07-05T16:07:18.0421310+08:00, 0, 12.94095, 48.29629, 1, 1, 1, False
1209.769, 2021-07-05T16:07:18.0480870+08:00, 0, 12.94095, 48.29629, 1, 1, 1, False
1209.776, 2021-07-05T16:07:18.0552690+08:00, 0, 12.94095, 48.29629, 1, 1, 1, False
1209.782, 2021-07-05T16:07:18.0609650+08:00, 0, 12.94095, 48.29629, 1, 1, 1, False
1209.788, 2021-07-05T16:07:18.0675030+08:00, 0, 12.94095, 48.29629, 1, 1, 1, False
1209.794, 2021-07-05T16:07:18.0731040+08:00, 0, 12.94095, 48.29629, 1, 1, 1, False
1209.801, 2021-07-05T16:07:18.0797800+08:00, 0, 12.94095, 48.29629, 1, 1, 1, False
1209.808, 2021-07-05T16:07:18.0872770+08:00, 0, 12.94095, 48.29629, 1, 1, 1, False
1209.813, 2021-07-05T16:07:18.0920440+08:00, 0, 12.94095, 48.29629, 1, 1, 1, False
1209.82, 2021-07-05T16:07:18.0991860+08:00, 0, 12.94095, 48.29629, 1, 1, 1, False
1209.825, 2021-07-05T16:07:18.1040820+08:00, 0, 12.94095, 48.29629, 1, 1, 1, False
1209.853, 2021-07-05T16:07:18.1317080+08:00, 0, 12.94095, 48.29629, 1, 1, 1, False
1209.861, 2021-07-05T16:07:18.1404480+08:00, 0, 12.94095, 48.29629, 1, 1, 1, False
1209.868, 2021-07-05T16:07:18.1476180+08:00, 0, 12.94095, 48.29629, 1, 1, 1, False
1209.877, 2021-07-05T16:07:18.1558760+08:00, 0, 12.94095, 48.29629, 1, 1, 1, False
1209.885, 2021-07-05T16:07:18.1638250+08:00, 0, 12.94095, 48.29629, 1, 1, 1, False
1209.892, 2021-07-05T16:07:18.1713460+08:00, 0, 12.94095, 48.29629, 1, 1, 1, False
1209.896, 2021-07-05T16:07:18.1749740+08:00, 0, 12.94095, 48.29629, 1, 1, 1, False
1209.9, 2021-07-05T16:07:18.1789990+08:00, 0, 12.94095, 48.29629, 1, 1, 1, False
1209.904, 2021-07-05T16:07:18.1828680+08:00, 0, 12.94095, 48.29629, 1, 1, 1, False
1209.908, 2021-07-05T16:07:18.1870980+08:00, 0, 12.94095, 48.29629, 1, 1, 1, False
1209.912, 2021-07-05T16:07:18.1914470+08:00, 0, 12.94095, 48.29629, 1, 1, 1, False
1209.916, 2021-07-05T16:07:18.1946070+08:00, 0, 12.94095, 48.29629, 1, 1, 1, False
1209.92, 2021-07-05T16:07:18.1991600+08:00, 0, 12.94095, 48.29629, 1, 1, 1, False
1209.926, 2021-07-05T16:07:18.2050820+08:00, 0, 12.94095, 48.29629, 1, 1, 1, False
1209.933, 2021-07-05T16:07:18.2117250+08:00, 0, 12.94095, 48.29629, 1, 1, 1, False
1209.938, 2021-07-05T16:07:18.2173790+08:00, 0, 12.94095, 48.29629, 1, 1, 1, False
1209.945, 2021-07-05T16:07:18.2237480+08:00, 0, 12.94095, 48.29629, 1, 1, 1, False
1209.952, 2021-07-05T16:07:18.2311640+08:00, 0, 12.94095, 48.29629, 1, 1, 1, False
1209.957, 2021-07-05T16:07:18.2365470+08:00, 0, 12.94095, 48.29629, 1, 1, 1, False
1209.964, 2021-07-05T16:07:18.2431310+08:00, 0, 12.94095, 48.29629, 1, 1, 1, False
1209.97, 2021-07-05T16:07:18.2488090+08:00, 0, 12.94095, 48.29629, 1, 1, 1, False
1209.976, 2021-07-05T16:07:18.2553620+08:00, 0, 12.94095, 48.29629, 1, 1, 1, False
1209.982, 2021-07-05T16:07:18.2608120+08:00, 0, 12.94095, 48.29629, 1, 1, 1, False
1209.989, 2021-07-05T16:07:18.2678250+08:00, 0, 12.94095, 48.29629, 1, 1, 1, False
1209.996, 2021-07-05T16:07:18.2749320+08:00, 0, 12.94095, 48.29629, 1, 1, 1, False
1210, 2021-07-05T16:07:18.2795710+08:00, 0, 12.94095, 48.29629, 1, 1, 1, False
1210.007, 2021-07-05T16:07:18.2863740+08:00, 0, 12.94095, 48.29629, 1, 1, 1, False
1210.013, 2021-07-05T16:07:18.2924390+08:00, 0, 12.94095, 48.29629, 1, 1, 1, False
1210.02, 2021-07-05T16:07:18.2988520+08:00, 0, 12.94095, 48.29629, 1, 1, 1, False
1210.026, 2021-07-05T16:07:18.3048940+08:00, 0, 12.94095, 48.29629, 1, 1, 1, False
1210.032, 2021-07-05T16:07:18.3113440+08:00, 0, 12.94095, 48.29629, 1, 1, 1, False
1210.038, 2021-07-05T16:07:18.3173070+08:00, 0, 12.94095, 48.29629, 1, 1, 1, False
1210.045, 2021-07-05T16:07:18.3239950+08:00, 0, 12.94095, 48.29629, 1, 1, 1, False
1210.052, 2021-07-05T16:07:18.3310840+08:00, 0, 12.94095, 48.29629, 1, 1, 1, False
1210.06, 2021-07-05T16:07:18.3389570+08:00, 0, 12.94095, 48.29629, 1, 1, 1, False
1210.064, 2021-07-05T16:07:18.3428500+08:00, 0, 12.94095, 48.29629, 1, 1, 1, False
1210.069, 2021-07-05T16:07:18.3485190+08:00, 0, 12.94095, 48.29629, 1, 1, 1, False
1210.076, 2021-07-05T16:07:18.3551620+08:00, 0, 12.94095, 48.29629, 1, 1, 1, False
1210.082, 2021-07-05T16:07:18.3613410+08:00, 0, 12.94095, 48.29629, 1, 1, 1, False
1210.089, 2021-07-05T16:07:18.3677830+08:00, 0, 12.94095, 48.29629, 1, 1, 1, False
1210.094, 2021-07-05T16:07:18.3736670+08:00, 0, 12.94095, 48.29629, 1, 1, 1, False
1210.101, 2021-07-05T16:07:18.3804910+08:00, 0, 12.94095, 48.29629, 1, 1, 1, False
1210.108, 2021-07-05T16:07:18.3871930+08:00, 0, 12.94095, 48.29629, 1, 1, 1, False
1210.113, 2021-07-05T16:07:18.3922790+08:00, 0, 12.94095, 48.29629, 1, 1, 1, False
1210.121, 2021-07-05T16:07:18.3997970+08:00, 0, 12.94095, 48.29629, 1, 1, 1, False
1210.129, 2021-07-05T16:07:18.4079430+08:00, 0, 12.94095, 48.29629, 1, 1, 1, False
1210.136, 2021-07-05T16:07:18.4157060+08:00, 0, 12.94095, 48.29629, 1, 1, 1, False
1210.144, 2021-07-05T16:07:18.4236180+08:00, 0, 12.94095, 48.29629, 1, 1, 1, False
1210.148, 2021-07-05T16:07:18.4267630+08:00, 0, 12.94095, 48.29629, 1, 1, 1, False
1210.156, 2021-07-05T16:07:18.4410150+08:00, 0, 12.94095, 48.29629, 1, 1, 1, False
1210.168, 2021-07-05T16:07:18.4471280+08:00, 0, 12.94095, 48.29629, 1, 1, 1, False
1210.172, 2021-07-05T16:07:18.4507450+08:00, 0, 12.94095, 48.29629, 1, 1, 1, False
1210.176, 2021-07-05T16:07:18.4550520+08:00, 0, 12.94095, 48.29629, 1, 1, 1, False
1210.18, 2021-07-05T16:07:18.4589210+08:00, 0, 12.94095, 48.29629, 1, 1, 1, False
1210.184, 2021-07-05T16:07:18.4627920+08:00, 0, 12.94095, 48.29629, 1, 1, 1, False
1210.189, 2021-07-05T16:07:18.4681240+08:00, 0, 12.94095, 48.29629, 1, 1, 1, False
1210.197, 2021-07-05T16:07:18.4757580+08:00, 0, 12.94095, 48.29629, 1, 1, 1, False
1210.205, 2021-07-05T16:07:18.4843850+08:00, 0, 12.94095, 48.29629, 1, 1, 1, False
1210.212, 2021-07-05T16:07:18.4915190+08:00, 0, 12.94095, 48.29629, 1, 1, 1, False
1210.221, 2021-07-05T16:07:18.4999350+08:00, 0, 12.94095, 48.29629, 1, 1, 1, False
1210.228, 2021-07-05T16:07:18.5073950+08:00, 0, 12.94095, 48.29629, 1, 1, 1, False
1210.237, 2021-07-05T16:07:18.5159820+08:00, 0, 12.94095, 48.29629, 1, 1, 1, False
1210.245, 2021-07-05T16:07:18.5240560+08:00, 0, 12.94095, 48.29629, 1, 1, 1, False
1210.252, 2021-07-05T16:07:18.5313770+08:00, 0, 12.94095, 48.29629, 1, 1, 1, False
1210.261, 2021-07-05T16:07:18.5401080+08:00, 0, 12.94095, 48.29629, 1, 1, 1, False
1210.269, 2021-07-05T16:07:18.5477320+08:00, 0, 12.94095, 48.29629, 1, 1, 1, False
1210.276, 2021-07-05T16:07:18.5557010+08:00, 0, 12.94095, 48.29629, 1, 1, 1, False
1210.285, 2021-07-05T16:07:18.5639720+08:00, 0, 12.94095, 48.29629, 1, 1, 1, False
1210.292, 2021-07-05T16:07:18.5712900+08:00, 0, 12.94095, 48.29629, 1, 1, 1, False
1210.302, 2021-07-05T16:07:18.5817480+08:00, 0, 12.94095, 48.29629, 1, 1, 1, False
1210.308, 2021-07-05T16:07:18.5870830+08:00, 0, 12.94095, 48.29629, 1, 1, 1, False
1210.312, 2021-07-05T16:07:18.5908120+08:00, 0, 12.94095, 48.29629, 1, 1, 1, False
1210.316, 2021-07-05T16:07:18.5948740+08:00, 0, 12.94095, 48.29629, 1, 1, 1, False
1210.32, 2021-07-05T16:07:18.5989390+08:00, 0, 12.94095, 48.29629, 1, 1, 1, False
1210.324, 2021-07-05T16:07:18.6029400+08:00, 0, 12.94095, 48.29629, 1, 1, 1, False
1210.328, 2021-07-05T16:07:18.6068750+08:00, 0, 12.94095, 48.29629, 1, 1, 1, False
1210.332, 2021-07-05T16:07:18.6114150+08:00, 0, 12.94095, 48.29629, 1, 1, 1, False
1210.338, 2021-07-05T16:07:18.6172640+08:00, 0, 12.94095, 48.29629, 1, 1, 1, False
1210.345, 2021-07-05T16:07:18.6240020+08:00, 0, 12.94095, 48.29629, 1, 1, 1, False
1210.353, 2021-07-05T16:07:18.6318720+08:00, 0, 12.94095, 48.29629, 1, 1, 1, False
1210.36, 2021-07-05T16:07:18.6397160+08:00, 0, 12.94095, 48.29629, 1, 1, 1, False
1210.369, 2021-07-05T16:07:18.6478880+08:00, 0, 12.94095, 48.29629, 1, 1, 1, False
1210.376, 2021-07-05T16:07:18.6551660+08:00, 0, 12.94095, 48.29629, 1, 1, 1, False
1210.38, 2021-07-05T16:07:18.6589630+08:00, 0, 12.94095, 48.29629, 1, 1, 1, False
1210.384, 2021-07-05T16:07:18.6626820+08:00, 0, 12.94095, 48.29629, 1, 1, 1, False
1210.388, 2021-07-05T16:07:18.6673780+08:00, 0, 12.94095, 48.29629, 1, 1, 1, False
1210.394, 2021-07-05T16:07:18.6736000+08:00, 0, 12.94095, 48.29629, 1, 1, 1, False
1210.4, 2021-07-05T16:07:18.6795470+08:00, 0, 12.94095, 48.29629, 1, 1, 1, False
1210.407, 2021-07-05T16:07:18.6862910+08:00, 0, 12.94095, 48.29629, 1, 1, 1, False
1210.413, 2021-07-05T16:07:18.6925870+08:00, 0, 12.94095, 48.29629, 1, 1, 1, False
1210.42, 2021-07-05T16:07:18.6992030+08:00, 0, 12.94095, 48.29629, 1, 1, 1, False
1210.426, 2021-07-05T16:07:18.7049030+08:00, 0, 12.94095, 48.29629, 1, 1, 1, False
1210.432, 2021-07-05T16:07:18.7116930+08:00, 0, 12.94095, 48.29629, 1, 1, 1, False
1210.438, 2021-07-05T16:07:18.7175530+08:00, 0, 12.94095, 48.29629, 1, 1, 1, False
1210.445, 2021-07-05T16:07:18.7241090+08:00, 0, 12.94095, 48.29629, 1, 1, 1, False
1210.453, 2021-07-05T16:07:18.7318810+08:00, 0, 12.94095, 48.29629, 1, 1, 1, False
1210.461, 2021-07-05T16:07:18.7398200+08:00, 0, 12.94095, 48.29629, 1, 1, 1, False
1210.468, 2021-07-05T16:07:18.7470940+08:00, 0, 12.94095, 48.29629, 1, 1, 1, False
1210.476, 2021-07-05T16:07:18.7555320+08:00, 0, 12.94095, 48.29629, 1, 1, 1, False
1210.484, 2021-07-05T16:07:18.7637110+08:00, 0, 12.94095, 48.29629, 1, 1, 1, False
1210.493, 2021-07-05T16:07:18.7719010+08:00, 0, 12.94095, 48.29629, 1, 1, 1, False
1210.501, 2021-07-05T16:07:18.7798470+08:00, 0, 12.94095, 48.29629, 1, 1, 1, False
1210.508, 2021-07-05T16:07:18.7873990+08:00, 0, 12.94095, 48.29629, 1, 1, 1, False
1210.512, 2021-07-05T16:07:18.7907960+08:00, 0, 12.94095, 48.29629, 1, 1, 1, False
1210.516, 2021-07-05T16:07:18.7948540+08:00, 0, 12.94095, 48.29629, 1, 1, 1, False
1210.52, 2021-07-05T16:07:18.7987960+08:00, 0, 12.94095, 48.29629, 1, 1, 1, False
1210.524, 2021-07-05T16:07:18.8029960+08:00, 0, 12.94095, 48.29629, 1, 1, 1, False
1210.528, 2021-07-05T16:07:18.8069020+08:00, 0, 12.94095, 48.29629, 1, 1, 1, False
1210.532, 2021-07-05T16:07:18.8113260+08:00, 0, 12.94095, 48.29629, 1, 1, 1, False
1210.538, 2021-07-05T16:07:18.8170850+08:00, 0, 12.94095, 48.29629, 1, 1, 1, False
1210.545, 2021-07-05T16:07:18.8238650+08:00, 0, 12.94095, 48.29629, 1, 1, 1, False
1210.551, 2021-07-05T16:07:18.8300490+08:00, 0, 12.94095, 48.29629, 1, 1, 1, False
1210.557, 2021-07-05T16:07:18.8358910+08:00, 0, 12.94095, 48.29629, 1, 1, 1, False
1210.564, 2021-07-05T16:07:18.8430310+08:00, 0, 12.94095, 48.29629, 1, 1, 1, False
1210.57, 2021-07-05T16:07:18.8487150+08:00, 0, 12.94095, 48.29629, 1, 1, 1, False
1210.577, 2021-07-05T16:07:18.8558070+08:00, 0, 12.94095, 48.29629, 1, 1, 1, False
1210.582, 2021-07-05T16:07:18.8613070+08:00, 0, 12.94095, 48.29629, 1, 1, 1, False
1210.588, 2021-07-05T16:07:18.8675470+08:00, 0, 12.94095, 48.29629, 1, 1, 1, False
1210.594, 2021-07-05T16:07:18.8733180+08:00, 0, 12.94095, 48.29629, 1, 1, 1, False
1210.601, 2021-07-05T16:07:18.8800520+08:00, 0, 12.94095, 48.29629, 1, 1, 1, False
1210.608, 2021-07-05T16:07:18.8873370+08:00, 0, 12.94095, 48.29629, 1, 1, 1, False
1210.613, 2021-07-05T16:07:18.8921910+08:00, 0, 12.94095, 48.29629, 1, 1, 1, False
1210.62, 2021-07-05T16:07:18.8990980+08:00, 0, 12.94095, 48.29629, 1, 1, 1, False
1210.626, 2021-07-05T16:07:18.9050230+08:00, 0, 12.94095, 48.29629, 1, 1, 1, False
1210.632, 2021-07-05T16:07:18.9112280+08:00, 0, 12.94095, 48.29629, 1, 1, 1, False
1210.638, 2021-07-05T16:07:18.9171570+08:00, 0, 12.94095, 48.29629, 1, 1, 1, False
1210.645, 2021-07-05T16:07:18.9237030+08:00, 0, 12.94095, 48.29629, 1, 1, 1, False
1210.651, 2021-07-05T16:07:18.9296580+08:00, 0, 12.94095, 48.29629, 1, 1, 1, False
1210.657, 2021-07-05T16:07:18.9362510+08:00, 0, 12.94095, 48.29629, 1, 1, 1, False
1210.664, 2021-07-05T16:07:18.9429360+08:00, 0, 12.94095, 48.29629, 1, 1, 1, False
1210.669, 2021-07-05T16:07:18.9482620+08:00, 0, 12.94095, 48.29629, 1, 1, 1, False
1210.676, 2021-07-05T16:07:18.9553010+08:00, 0, 12.94095, 48.29629, 1, 1, 1, False
1210.682, 2021-07-05T16:07:18.9609850+08:00, 0, 12.94095, 48.29629, 1, 1, 1, False
1210.688, 2021-07-05T16:07:18.9673190+08:00, 0, 12.94095, 48.29629, 1, 1, 1, False
1210.694, 2021-07-05T16:07:18.9735180+08:00, 0, 12.94095, 48.29629, 1, 1, 1, False
1210.701, 2021-07-05T16:07:18.9798200+08:00, 0, 12.94095, 48.29629, 1, 1, 1, False
1210.706, 2021-07-05T16:07:18.9856370+08:00, 0, 12.94095, 48.29629, 1, 1, 1, False
1210.713, 2021-07-05T16:07:18.9923000+08:00, 0, 12.94095, 48.29629, 1, 1, 1, False
1210.72, 2021-07-05T16:07:18.9996970+08:00, 0, 12.94095, 48.29629, 1, 1, 1, False
1210.729, 2021-07-05T16:07:19.0080120+08:00, 0, 12.94095, 48.29629, 1, 1, 1, False
1210.737, 2021-07-05T16:07:19.0158080+08:00, 0, 12.94095, 48.29629, 1, 1, 1, False
1210.745, 2021-07-05T16:07:19.0239610+08:00, 0, 12.94095, 48.29629, 1, 1, 1, False
1210.753, 2021-07-05T16:07:19.0317090+08:00, 0, 12.94095, 48.29629, 1, 1, 1, False
1210.761, 2021-07-05T16:07:19.0401600+08:00, 0, 12.94095, 48.29629, 1, 1, 1, False
1210.769, 2021-07-05T16:07:19.0477460+08:00, 0, 12.94095, 48.29629, 1, 1, 1, False
1210.777, 2021-07-05T16:07:19.0559020+08:00, 0, 12.94095, 48.29629, 1, 1, 1, False
1210.784, 2021-07-05T16:07:19.0636600+08:00, 0, 12.94095, 48.29629, 1, 1, 1, False
1210.788, 2021-07-05T16:07:19.0671040+08:00, 0, 12.94095, 48.29629, 1, 1, 1, False
1210.792, 2021-07-05T16:07:19.0708630+08:00, 0, 12.94095, 48.29629, 1, 1, 1, False
1210.796, 2021-07-05T16:07:19.0747670+08:00, 0, 12.94095, 48.29629, 1, 1, 1, False
1210.8, 2021-07-05T16:07:19.0793910+08:00, 0, 12.94095, 48.29629, 1, 1, 1, False
1210.804, 2021-07-05T16:07:19.0828310+08:00, 0, 12.94095, 48.29629, 1, 1, 1, False
1210.808, 2021-07-05T16:07:19.0867070+08:00, 0, 12.94095, 48.29629, 1, 1, 1, False
1210.813, 2021-07-05T16:07:19.0918300+08:00, 0, 12.94095, 48.29629, 1, 1, 1, False
1210.819, 2021-07-05T16:07:19.0978200+08:00, 0, 12.94095, 48.29629, 1, 1, 1, False
1210.825, 2021-07-05T16:07:19.1046000+08:00, 0, 12.94095, 48.29629, 1, 1, 1, False
1210.832, 2021-07-05T16:07:19.1112480+08:00, 0, 12.94095, 48.29629, 1, 1, 1, False
1210.838, 2021-07-05T16:07:19.1168250+08:00, 0, 12.94095, 48.29629, 1, 1, 1, False
1210.845, 2021-07-05T16:07:19.1238740+08:00, 0, 12.94095, 48.29629, 1, 1, 1, False
1210.852, 2021-07-05T16:07:19.1315870+08:00, 0, 12.94095, 48.29629, 1, 1, 1, False
1210.861, 2021-07-05T16:07:19.1399770+08:00, 0, 12.94095, 48.29629, 1, 1, 1, False
1210.868, 2021-07-05T16:07:19.1476550+08:00, 0, 12.94095, 48.29629, 1, 1, 1, False
1210.876, 2021-07-05T16:07:19.1552980+08:00, 0, 12.94095, 48.29629, 1, 1, 1, False
1210.88, 2021-07-05T16:07:19.1588840+08:00, 0, 12.94095, 48.29629, 1, 1, 1, False
1210.884, 2021-07-05T16:07:19.1628190+08:00, 0, 12.94095, 48.29629, 1, 1, 1, False
1210.888, 2021-07-05T16:07:19.1671390+08:00, 0, 12.94095, 48.29629, 1, 1, 1, False
1210.894, 2021-07-05T16:07:19.1733790+08:00, 0, 12.94095, 48.29629, 1, 1, 1, False
1210.9, 2021-07-05T16:07:19.1795150+08:00, 0, 12.94095, 48.29629, 1, 1, 1, False
1210.907, 2021-07-05T16:07:19.1859860+08:00, 0, 12.94095, 48.29629, 1, 1, 1, False
1210.913, 2021-07-05T16:07:19.1921270+08:00, 0, 12.94095, 48.29629, 1, 1, 1, False
1210.921, 2021-07-05T16:07:19.1999160+08:00, 0, 12.94095, 48.29629, 1, 1, 1, False
1210.929, 2021-07-05T16:07:19.2080560+08:00, 0, 12.94095, 48.29629, 1, 1, 1, False
1210.937, 2021-07-05T16:07:19.2156860+08:00, 0, 12.94095, 48.29629, 1, 1, 1, False
1210.945, 2021-07-05T16:07:19.2239270+08:00, 0, 12.94095, 48.29629, 1, 1, 1, False
1210.952, 2021-07-05T16:07:19.2316180+08:00, 0, 12.94095, 48.29629, 1, 1, 1, False
1210.961, 2021-07-05T16:07:19.2398630+08:00, 0, 12.94095, 48.29629, 1, 1, 1, False
1210.968, 2021-07-05T16:07:19.2474550+08:00, 0, 12.94095, 48.29629, 1, 1, 1, False
1210.976, 2021-07-05T16:07:19.2550830+08:00, 0, 12.94095, 48.29629, 1, 1, 1, False
1210.98, 2021-07-05T16:07:19.2588160+08:00, 0, 12.94095, 48.29629, 1, 1, 1, False
1210.984, 2021-07-05T16:07:19.2628450+08:00, 0, 12.94095, 48.29629, 1, 1, 1, False
1210.988, 2021-07-05T16:07:19.2668180+08:00, 0, 12.94095, 48.29629, 1, 1, 1, False
1210.992, 2021-07-05T16:07:19.2709960+08:00, 0, 12.94095, 48.29629, 1, 1, 1, False
1210.996, 2021-07-05T16:07:19.2747060+08:00, 0, 12.94095, 48.29629, 1, 1, 1, False
1211, 2021-07-05T16:07:19.2789790+08:00, 0, 12.94095, 48.29629, 1, 1, 1, False
1211.005, 2021-07-05T16:07:19.2847230+08:00, 0, 12.94095, 48.29629, 1, 1, 1, False
1211.012, 2021-07-05T16:07:19.2914410+08:00, 0, 12.94095, 48.29629, 1, 1, 1, False
1211.019, 2021-07-05T16:07:19.2978070+08:00, 0, 12.94095, 48.29629, 1, 1, 1, False
1211.024, 2021-07-05T16:07:19.3036760+08:00, 0, 12.94095, 48.29629, 1, 1, 1, False
1211.031, 2021-07-05T16:07:19.3104600+08:00, 0, 12.94095, 48.29629, 1, 1, 1, False
1211.038, 2021-07-05T16:07:19.3167920+08:00, 0, 12.94095, 48.29629, 1, 1, 1, False
1211.045, 2021-07-05T16:07:19.3237970+08:00, 0, 12.94095, 48.29629, 1, 1, 1, False
1211.053, 2021-07-05T16:07:19.3317940+08:00, 0, 12.94095, 48.29629, 1, 1, 1, False
1211.06, 2021-07-05T16:07:19.3392210+08:00, 0, 12.94095, 48.29629, 1, 1, 1, False
1211.064, 2021-07-05T16:07:19.3427480+08:00, 0, 12.94095, 48.29629, 1, 1, 1, False
1211.069, 2021-07-05T16:07:19.3478700+08:00, 0, 12.94095, 48.29629, 1, 1, 1, False
1211.076, 2021-07-05T16:07:19.3549650+08:00, 0, 12.94095, 48.29629, 1, 1, 1, False
1211.081, 2021-07-05T16:07:19.3605300+08:00, 0, 12.94095, 48.29629, 1, 1, 1, False
1211.101, 2021-07-05T16:07:19.3804590+08:00, 0, 12.94095, 48.29629, 1, 1, 1, False
1211.108, 2021-07-05T16:07:19.3870960+08:00, 0, 12.94095, 48.29629, 1, 1, 1, False
1211.112, 2021-07-05T16:07:19.3906820+08:00, 0, 12.94095, 48.29629, 1, 1, 1, False
1211.116, 2021-07-05T16:07:19.3949680+08:00, 0, 12.94095, 48.29629, 1, 1, 1, False
1211.12, 2021-07-05T16:07:19.3990390+08:00, 0, 12.94095, 48.29629, 1, 1, 1, False
1211.124, 2021-07-05T16:07:19.4031070+08:00, 0, 12.94095, 48.29629, 1, 1, 1, False
1211.128, 2021-07-05T16:07:19.4068200+08:00, 0, 12.94095, 48.29629, 1, 1, 1, False
1211.132, 2021-07-05T16:07:19.4107700+08:00, 0, 12.94095, 48.29629, 1, 1, 1, False
1211.137, 2021-07-05T16:07:19.4161510+08:00, 0, 12.94095, 48.29629, 1, 1, 1, False
1211.144, 2021-07-05T16:07:19.4229490+08:00, 0, 12.94095, 48.29629, 1, 1, 1, False
1211.15, 2021-07-05T16:07:19.4293060+08:00, 0, 12.94095, 48.29629, 1, 1, 1, False
1211.156, 2021-07-05T16:07:19.4354760+08:00, 0, 12.94095, 48.29629, 1, 1, 1, False
1211.162, 2021-07-05T16:07:19.4414190+08:00, 0, 12.94095, 48.29629, 1, 1, 1, False
1211.169, 2021-07-05T16:07:19.4480480+08:00, 0, 12.94095, 48.29629, 1, 1, 1, False
1211.175, 2021-07-05T16:07:19.4538510+08:00, 0, 12.94095, 48.29629, 1, 1, 1, False
1211.181, 2021-07-05T16:07:19.4606510+08:00, 0, 12.94095, 48.29629, 1, 1, 1, False
1211.188, 2021-07-05T16:07:19.4676430+08:00, 0, 12.94095, 48.29629, 1, 1, 1, False
1211.196, 2021-07-05T16:07:19.4750330+08:00, 0, 12.94095, 48.29629, 1, 1, 1, False
1211.2, 2021-07-05T16:07:19.4793430+08:00, 0, 12.94095, 48.29629, 1, 1, 1, False
1211.206, 2021-07-05T16:07:19.4854650+08:00, 0, 12.94095, 48.29629, 1, 1, 1, False
1211.212, 2021-07-05T16:07:19.4915860+08:00, 0, 12.94095, 48.29629, 1, 1, 1, False
1211.219, 2021-07-05T16:07:19.4979470+08:00, 0, 12.94095, 48.29629, 1, 1, 1, False
1211.228, 2021-07-05T16:07:19.5140390+08:00, 0, 12.94095, 48.29629, 1, 1, 1, False
1211.24, 2021-07-05T16:07:19.5192060+08:00, 0, 12.94095, 48.29629, 1, 1, 1, False
1211.244, 2021-07-05T16:07:19.5228090+08:00, 0, 12.94095, 48.29629, 1, 1, 1, False
1211.248, 2021-07-05T16:07:19.5269940+08:00, 0, 12.94095, 48.29629, 1, 1, 1, False
1211.252, 2021-07-05T16:07:19.5309530+08:00, 0, 12.94095, 48.29629, 1, 1, 1, False
1211.256, 2021-07-05T16:07:19.5355820+08:00, 0, 12.94095, 48.29629, 1, 1, 1, False
1211.262, 2021-07-05T16:07:19.5416290+08:00, 0, 12.94095, 48.29629, 1, 1, 1, False
1211.269, 2021-07-05T16:07:19.5483090+08:00, 0, 12.94095, 48.29629, 1, 1, 1, False
1211.276, 2021-07-05T16:07:19.5556870+08:00, 0, 12.94095, 48.29629, 1, 1, 1, False
1211.281, 2021-07-05T16:07:19.5606160+08:00, 0, 12.94095, 48.29629, 1, 1, 1, False
1211.289, 2021-07-05T16:07:19.5677420+08:00, 0, 12.94095, 48.29629, 1, 1, 1, False
1211.296, 2021-07-05T16:07:19.5749900+08:00, 0, 12.94095, 48.29629, 1, 1, 1, False
1211.3, 2021-07-05T16:07:19.5796220+08:00, 0, 12.94095, 48.29629, 1, 1, 1, False
1211.307, 2021-07-05T16:07:19.5857740+08:00, 0, 12.94095, 48.29629, 1, 1, 1, False
1211.313, 2021-07-05T16:07:19.5919800+08:00, 0, 12.94095, 48.29629, 1, 1, 1, False
1211.321, 2021-07-05T16:07:19.5997570+08:00, 0, 12.94095, 48.29629, 1, 1, 1, False
1211.325, 2021-07-05T16:07:19.6044340+08:00, 0, 12.94095, 48.29629, 1, 1, 1, False
1211.333, 2021-07-05T16:07:19.6118410+08:00, 0, 12.94095, 48.29629, 1, 1, 1, False
1211.341, 2021-07-05T16:07:19.6199840+08:00, 0, 12.94095, 48.29629, 1, 1, 1, False
1211.349, 2021-07-05T16:07:19.6278250+08:00, 0, 12.94095, 48.29629, 1, 1, 1, False
1211.357, 2021-07-05T16:07:19.6359010+08:00, 0, 12.94095, 48.29629, 1, 1, 1, False
1211.364, 2021-07-05T16:07:19.6435160+08:00, 0, 12.94095, 48.29629, 1, 1, 1, False
1211.373, 2021-07-05T16:07:19.6521210+08:00, 0, 12.94095, 48.29629, 1, 1, 1, False
1211.38, 2021-07-05T16:07:19.6587980+08:00, 0, 12.94095, 48.29629, 1, 1, 1, False
1211.384, 2021-07-05T16:07:19.6628190+08:00, 0, 12.94095, 48.29629, 1, 1, 1, False
1211.388, 2021-07-05T16:07:19.6669110+08:00, 0, 12.94095, 48.29629, 1, 1, 1, False
1211.392, 2021-07-05T16:07:19.6709020+08:00, 0, 12.94095, 48.29629, 1, 1, 1, False
1211.396, 2021-07-05T16:07:19.6747570+08:00, 0, 12.94095, 48.29629, 1, 1, 1, False
1211.4, 2021-07-05T16:07:19.6790690+08:00, 0, 12.94095, 48.29629, 1, 1, 1, False
1211.406, 2021-07-05T16:07:19.6849180+08:00, 0, 12.94095, 48.29629, 1, 1, 1, False
1211.413, 2021-07-05T16:07:19.6917800+08:00, 0, 12.94095, 48.29629, 1, 1, 1, False
1211.42, 2021-07-05T16:07:19.6988320+08:00, 0, 12.94095, 48.29629, 1, 1, 1, False
1211.425, 2021-07-05T16:07:19.7039730+08:00, 0, 12.94095, 48.29629, 1, 1, 1, False
1211.432, 2021-07-05T16:07:19.7112460+08:00, 0, 12.94095, 48.29629, 1, 1, 1, False
1211.438, 2021-07-05T16:07:19.7168530+08:00, 0, 12.94095, 48.29629, 1, 1, 1, False
1211.444, 2021-07-05T16:07:19.7232540+08:00, 0, 12.94095, 48.29629, 1, 1, 1, False
1211.45, 2021-07-05T16:07:19.7291510+08:00, 0, 12.94095, 48.29629, 1, 1, 1, False
1211.456, 2021-07-05T16:07:19.7356190+08:00, 0, 12.94095, 48.29629, 1, 1, 1, False
1211.464, 2021-07-05T16:07:19.7432940+08:00, 0, 12.94095, 48.29629, 1, 1, 1, False
1211.473, 2021-07-05T16:07:19.7519120+08:00, 0, 12.94095, 48.29629, 1, 1, 1, False
1211.48, 2021-07-05T16:07:19.7592810+08:00, 0, 12.94095, 48.29629, 1, 1, 1, False
1211.488, 2021-07-05T16:07:19.7675490+08:00, 0, 12.94095, 48.29629, 1, 1, 1, False
1211.492, 2021-07-05T16:07:19.7709620+08:00, 0, 12.94095, 48.29629, 1, 1, 1, False
1211.496, 2021-07-05T16:07:19.7748030+08:00, 0, 12.94095, 48.29629, 1, 1, 1, False
1211.5, 2021-07-05T16:07:19.7793470+08:00, 0, 12.94095, 48.29629, 1, 1, 1, False
1211.506, 2021-07-05T16:07:19.7851650+08:00, 0, 12.94095, 48.29629, 1, 1, 1, False
1211.513, 2021-07-05T16:07:19.7917550+08:00, 0, 12.94095, 48.29629, 1, 1, 1, False
1211.52, 2021-07-05T16:07:19.7988140+08:00, 0, 12.94095, 48.29629, 1, 1, 1, False
1211.525, 2021-07-05T16:07:19.8038910+08:00, 0, 12.94095, 48.29629, 1, 1, 1, False
1211.531, 2021-07-05T16:07:19.8106070+08:00, 0, 12.94095, 48.29629, 1, 1, 1, False
1211.538, 2021-07-05T16:07:19.8167570+08:00, 0, 12.94095, 48.29629, 1, 1, 1, False
1211.544, 2021-07-05T16:07:19.8229770+08:00, 0, 12.94095, 48.29629, 1, 1, 1, False
1211.55, 2021-07-05T16:07:19.8289880+08:00, 0, 12.94095, 48.29629, 1, 1, 1, False
1211.556, 2021-07-05T16:07:19.8355610+08:00, 0, 12.94095, 48.29629, 1, 1, 1, False
1211.562, 2021-07-05T16:07:19.8413570+08:00, 0, 12.94095, 48.29629, 1, 1, 1, False
1211.569, 2021-07-05T16:07:19.8480120+08:00, 0, 12.94095, 48.29629, 1, 1, 1, False
1211.576, 2021-07-05T16:07:19.8550070+08:00, 0, 12.94095, 48.29629, 1, 1, 1, False
1211.581, 2021-07-05T16:07:19.8604800+08:00, 0, 12.94095, 48.29629, 1, 1, 1, False
1211.588, 2021-07-05T16:07:19.8671220+08:00, 0, 12.94095, 48.29629, 1, 1, 1, False
1211.594, 2021-07-05T16:07:19.8728680+08:00, 0, 12.94095, 48.29629, 1, 1, 1, False
1211.6, 2021-07-05T16:07:19.8790530+08:00, 0, 12.94095, 48.29629, 1, 1, 1, False
1211.606, 2021-07-05T16:07:19.8853580+08:00, 0, 12.94095, 48.29629, 1, 1, 1, False
1211.612, 2021-07-05T16:07:19.8915040+08:00, 0, 12.94095, 48.29629, 1, 1, 1, False
1211.618, 2021-07-05T16:07:19.8974870+08:00, 0, 12.94095, 48.29629, 1, 1, 1, False
1211.625, 2021-07-05T16:07:19.9040590+08:00, 0, 12.94095, 48.29629, 1, 1, 1, False
1211.632, 2021-07-05T16:07:19.9113500+08:00, 0, 12.94095, 48.29629, 1, 1, 1, False
1211.637, 2021-07-05T16:07:19.9162340+08:00, 0, 12.94095, 48.29629, 1, 1, 1, False
1211.644, 2021-07-05T16:07:19.9235060+08:00, 0, 12.94095, 48.29629, 1, 1, 1, False
1211.65, 2021-07-05T16:07:19.9291800+08:00, 0, 12.94095, 48.29629, 1, 1, 1, False
1211.656, 2021-07-05T16:07:19.9354840+08:00, 0, 12.94095, 48.29629, 1, 1, 1, False
1211.664, 2021-07-05T16:07:19.9431400+08:00, 0, 12.94095, 48.29629, 1, 1, 1, False
1211.668, 2021-07-05T16:07:19.9476900+08:00, 0, 12.94095, 48.29629, 1, 1, 1, False
1211.674, 2021-07-05T16:07:19.9536280+08:00, 0, 12.94095, 48.29629, 1, 1, 1, False
1211.681, 2021-07-05T16:07:19.9601230+08:00, 0, 12.94095, 48.29629, 1, 1, 1, False
1211.688, 2021-07-05T16:07:19.9671950+08:00, 0, 12.94095, 48.29629, 1, 1, 1, False
1211.693, 2021-07-05T16:07:19.9722810+08:00, 0, 12.94095, 48.29629, 1, 1, 1, False
1211.7, 2021-07-05T16:07:19.9794430+08:00, 0, 12.94095, 48.29629, 1, 1, 1, False
1211.706, 2021-07-05T16:07:19.9852340+08:00, 0, 12.94095, 48.29629, 1, 1, 1, False
1211.712, 2021-07-05T16:07:19.9915270+08:00, 0, 12.94095, 48.29629, 1, 1, 1, False
1211.718, 2021-07-05T16:07:19.9975140+08:00, 0, 12.94095, 48.29629, 1, 1, 1, False
1211.725, 2021-07-05T16:07:20.0040760+08:00, 0, 12.94095, 48.29629, 1, 1, 1, False
1211.732, 2021-07-05T16:07:20.0111380+08:00, 0, 12.94095, 48.29629, 1, 1, 1, False
1211.737, 2021-07-05T16:07:20.0162740+08:00, 0, 12.94095, 48.29629, 1, 1, 1, False
1211.744, 2021-07-05T16:07:20.0228750+08:00, 0, 12.94095, 48.29629, 1, 1, 1, False
1211.749, 2021-07-05T16:07:20.0284230+08:00, 0, 12.94095, 48.29629, 1, 1, 1, False
1211.757, 2021-07-05T16:07:20.0357600+08:00, 0, 12.94095, 48.29629, 1, 1, 1, False
1211.764, 2021-07-05T16:07:20.0432850+08:00, 0, 12.94095, 48.29629, 1, 1, 1, False
1211.768, 2021-07-05T16:07:20.0471670+08:00, 0, 12.94095, 48.29629, 1, 1, 1, False
1211.775, 2021-07-05T16:07:20.0539740+08:00, 0, 12.94095, 48.29629, 1, 1, 1, False
1211.781, 2021-07-05T16:07:20.0602310+08:00, 0, 12.94095, 48.29629, 1, 1, 1, False
1211.788, 2021-07-05T16:07:20.0673170+08:00, 0, 12.94095, 48.29629, 1, 1, 1, False
1211.793, 2021-07-05T16:07:20.0726180+08:00, 0, 12.94095, 48.29629, 1, 1, 1, False
1211.8, 2021-07-05T16:07:20.0797250+08:00, 0, 12.94095, 48.29629, 1, 1, 1, False
1211.808, 2021-07-05T16:07:20.0872070+08:00, 0, 12.94095, 48.29629, 1, 1, 1, False
1211.812, 2021-07-05T16:07:20.0912490+08:00, 0, 12.94095, 48.29629, 1, 1, 1, False
1211.818, 2021-07-05T16:07:20.0974960+08:00, 0, 12.94095, 48.29629, 1, 1, 1, False
1211.824, 2021-07-05T16:07:20.1036350+08:00, 0, 12.94095, 48.29629, 1, 1, 1, False
1211.833, 2021-07-05T16:07:20.1117630+08:00, 0, 12.94095, 48.29629, 1, 1, 1, False
1211.841, 2021-07-05T16:07:20.1200920+08:00, 0, 12.94095, 48.29629, 1, 1, 1, False
1211.848, 2021-07-05T16:07:20.1276200+08:00, 0, 12.94095, 48.29629, 1, 1, 1, False
1211.856, 2021-07-05T16:07:20.1356500+08:00, 0, 12.94095, 48.29629, 1, 1, 1, False
1211.864, 2021-07-05T16:07:20.1433410+08:00, 0, 12.94095, 48.29629, 1, 1, 1, False
1211.872, 2021-07-05T16:07:20.1510780+08:00, 0, 12.94095, 48.29629, 1, 1, 1, False
1211.876, 2021-07-05T16:07:20.1549550+08:00, 0, 12.94095, 48.29629, 1, 1, 1, False
1211.88, 2021-07-05T16:07:20.1588580+08:00, 0, 12.94095, 48.29629, 1, 1, 1, False
1211.901, 2021-07-05T16:07:20.1802340+08:00, 0, 12.94095, 48.29629, 1, 1, 1, False
1211.908, 2021-07-05T16:07:20.1872440+08:00, 0, 12.94095, 48.29629, 1, 1, 1, False
1211.911, 2021-07-05T16:07:20.1906820+08:00, 0, 12.94095, 48.29629, 1, 1, 1, False
1211.916, 2021-07-05T16:07:20.1951990+08:00, 0, 12.94095, 48.29629, 1, 1, 1, False
1211.92, 2021-07-05T16:07:20.1986980+08:00, 0, 12.94095, 48.29629, 1, 1, 1, False
1211.924, 2021-07-05T16:07:20.2029940+08:00, 0, 12.94095, 48.29629, 1, 1, 1, False
1211.928, 2021-07-05T16:07:20.2069790+08:00, 0, 12.94095, 48.29629, 1, 1, 1, False
1211.932, 2021-07-05T16:07:20.2106840+08:00, 0, 12.94095, 48.29629, 1, 1, 1, False
1211.936, 2021-07-05T16:07:20.2146220+08:00, 0, 12.94095, 48.29629, 1, 1, 1, False
1211.941, 2021-07-05T16:07:20.2203730+08:00, 0, 12.94095, 48.29629, 1, 1, 1, False
1211.948, 2021-07-05T16:07:20.2273860+08:00, 0, 12.94095, 48.29629, 1, 1, 1, False
1211.954, 2021-07-05T16:07:20.2328590+08:00, 0, 12.94095, 48.29629, 1, 1, 1, False
1211.96, 2021-07-05T16:07:20.2392460+08:00, 0, 12.94095, 48.29629, 1, 1, 1, False
1211.967, 2021-07-05T16:07:20.2457850+08:00, 0, 12.94095, 48.29629, 1, 1, 1, False
1211.973, 2021-07-05T16:07:20.2521070+08:00, 0, 12.94095, 48.29629, 1, 1, 1, False
1211.98, 2021-07-05T16:07:20.2591360+08:00, 0, 12.94095, 48.29629, 1, 1, 1, False
1211.985, 2021-07-05T16:07:20.2646350+08:00, 0, 12.94095, 48.29629, 1, 1, 1, False
1211.992, 2021-07-05T16:07:20.2712850+08:00, 0, 12.94095, 48.29629, 1, 1, 1, False
1212.001, 2021-07-05T16:07:20.2799110+08:00, 0, 12.94095, 48.29629, 1, 1, 1, False
1212.008, 2021-07-05T16:07:20.2872540+08:00, 0, 12.94095, 48.29629, 1, 1, 1, False
1212.012, 2021-07-05T16:07:20.2907380+08:00, 0, 12.94095, 48.29629, 1, 1, 1, False
1212.016, 2021-07-05T16:07:20.2954740+08:00, 0, 12.94095, 48.29629, 1, 1, 1, False
1212.023, 2021-07-05T16:07:20.3020950+08:00, 0, 12.94095, 48.29629, 1, 1, 1, False
1212.029, 2021-07-05T16:07:20.3084230+08:00, 0, 12.94095, 48.29629, 1, 1, 1, False
1212.037, 2021-07-05T16:07:20.3158280+08:00, 0, 12.94095, 48.29629, 1, 1, 1, False
1212.045, 2021-07-05T16:07:20.3237790+08:00, 0, 12.94095, 48.29629, 1, 1, 1, False
1212.052, 2021-07-05T16:07:20.3317490+08:00, 0, 12.94095, 48.29629, 1, 1, 1, False
1212.061, 2021-07-05T16:07:20.3398250+08:00, 0, 12.94095, 48.29629, 1, 1, 1, False
1212.068, 2021-07-05T16:07:20.3471370+08:00, 0, 12.94095, 48.29629, 1, 1, 1, False
1212.072, 2021-07-05T16:07:20.3507050+08:00, 0, 12.94095, 48.29629, 1, 1, 1, False
1212.076, 2021-07-05T16:07:20.3550480+08:00, 0, 12.94095, 48.29629, 1, 1, 1, False
1212.08, 2021-07-05T16:07:20.3589430+08:00, 0, 12.94095, 48.29629, 1, 1, 1, False
1212.085, 2021-07-05T16:07:20.3645870+08:00, 0, 12.94095, 48.29629, 1, 1, 1, False
1212.092, 2021-07-05T16:07:20.3708850+08:00, 0, 12.94095, 48.29629, 1, 1, 1, False
1212.098, 2021-07-05T16:07:20.3768810+08:00, 0, 12.94095, 48.29629, 1, 1, 1, False
1212.104, 2021-07-05T16:07:20.3836760+08:00, 0, 12.94095, 48.29629, 1, 1, 1, False
1212.11, 2021-07-05T16:07:20.3894160+08:00, 0, 12.94095, 48.29629, 1, 1, 1, False
1212.117, 2021-07-05T16:07:20.3959730+08:00, 0, 12.94095, 48.29629, 1, 1, 1, False
1212.124, 2021-07-05T16:07:20.4029010+08:00, 0, 12.94095, 48.29629, 1, 1, 1, False
1212.129, 2021-07-05T16:07:20.4080490+08:00, 0, 12.94095, 48.29629, 1, 1, 1, False
1212.137, 2021-07-05T16:07:20.4158020+08:00, 0, 12.94095, 48.29629, 1, 1, 1, False
1212.145, 2021-07-05T16:07:20.4239340+08:00, 0, 12.94095, 48.29629, 1, 1, 1, False
1212.153, 2021-07-05T16:07:20.4317780+08:00, 0, 12.94095, 48.29629, 1, 1, 1, False
1212.161, 2021-07-05T16:07:20.4401190+08:00, 0, 12.94095, 48.29629, 1, 1, 1, False
1212.168, 2021-07-05T16:07:20.4474220+08:00, 0, 12.94095, 48.29629, 1, 1, 1, False
1212.177, 2021-07-05T16:07:20.4557940+08:00, 0, 12.94095, 48.29629, 1, 1, 1, False
1212.184, 2021-07-05T16:07:20.4637210+08:00, 0, 12.94095, 48.29629, 1, 1, 1, False
1212.192, 2021-07-05T16:07:20.4712950+08:00, 0, 12.94095, 48.29629, 1, 1, 1, False
1212.196, 2021-07-05T16:07:20.4749380+08:00, 0, 12.94095, 48.29629, 1, 1, 1, False
1212.2, 2021-07-05T16:07:20.4787890+08:00, 0, 12.94095, 48.29629, 1, 1, 1, False
1212.204, 2021-07-05T16:07:20.4831650+08:00, 0, 12.94095, 48.29629, 1, 1, 1, False
1212.208, 2021-07-05T16:07:20.4869110+08:00, 0, 12.94095, 48.29629, 1, 1, 1, False
1212.212, 2021-07-05T16:07:20.4913030+08:00, 0, 12.94095, 48.29629, 1, 1, 1, False
1212.217, 2021-07-05T16:07:20.4960830+08:00, 0, 12.94095, 48.29629, 1, 1, 1, False
1212.223, 2021-07-05T16:07:20.5020180+08:00, 0, 12.94095, 48.29629, 1, 1, 1, False
1212.229, 2021-07-05T16:07:20.5086510+08:00, 0, 12.94095, 48.29629, 1, 1, 1, False
1212.236, 2021-07-05T16:07:20.5152890+08:00, 0, 12.94095, 48.29629, 1, 1, 1, False
1212.242, 2021-07-05T16:07:20.5209200+08:00, 0, 12.94095, 48.29629, 1, 1, 1, False
1212.249, 2021-07-05T16:07:20.5277270+08:00, 0, 12.94095, 48.29629, 1, 1, 1, False
1212.257, 2021-07-05T16:07:20.5358580+08:00, 0, 12.94095, 48.29629, 1, 1, 1, False
1212.264, 2021-07-05T16:07:20.5433790+08:00, 0, 12.94095, 48.29629, 1, 1, 1, False
1212.268, 2021-07-05T16:07:20.5467230+08:00, 0, 12.94095, 48.29629, 1, 1, 1, False
1212.273, 2021-07-05T16:07:20.5519870+08:00, 0, 12.94095, 48.29629, 1, 1, 1, False
1212.28, 2021-07-05T16:07:20.5593090+08:00, 0, 12.94095, 48.29629, 1, 1, 1, False
1212.286, 2021-07-05T16:07:20.5647900+08:00, 0, 12.94095, 48.29629, 1, 1, 1, False
1212.292, 2021-07-05T16:07:20.5712520+08:00, 0, 12.94095, 48.29629, 1, 1, 1, False
1212.3, 2021-07-05T16:07:20.5848660+08:00, 0, 12.94095, 48.29629, 1, 1, 1, False
1212.312, 2021-07-05T16:07:20.5909970+08:00, 0, 12.94095, 48.29629, 1, 1, 1, False
1212.316, 2021-07-05T16:07:20.5949360+08:00, 0, 12.94095, 48.29629, 1, 1, 1, False
1212.32, 2021-07-05T16:07:20.5988030+08:00, 0, 12.94095, 48.29629, 1, 1, 1, False
1212.324, 2021-07-05T16:07:20.6029670+08:00, 0, 12.94095, 48.29629, 1, 1, 1, False
1212.329, 2021-07-05T16:07:20.6084790+08:00, 0, 12.94095, 48.29629, 1, 1, 1, False
1212.336, 2021-07-05T16:07:20.6156460+08:00, 0, 12.94095, 48.29629, 1, 1, 1, False
1212.342, 2021-07-05T16:07:20.6210730+08:00, 0, 12.94095, 48.29629, 1, 1, 1, False
1212.349, 2021-07-05T16:07:20.6276650+08:00, 0, 12.94095, 48.29629, 1, 1, 1, False
1212.354, 2021-07-05T16:07:20.6337000+08:00, 0, 12.94095, 48.29629, 1, 1, 1, False
1212.361, 2021-07-05T16:07:20.6403190+08:00, 0, 12.94095, 48.29629, 1, 1, 1, False
1212.369, 2021-07-05T16:07:20.6478780+08:00, 0, 12.94095, 48.29629, 1, 1, 1, False
1212.377, 2021-07-05T16:07:20.6559260+08:00, 0, 12.94095, 48.29629, 1, 1, 1, False
1212.384, 2021-07-05T16:07:20.6630380+08:00, 0, 12.94095, 48.29629, 1, 1, 1, False
1212.388, 2021-07-05T16:07:20.6668520+08:00, 0, 12.94095, 48.29629, 1, 1, 1, False
1212.392, 2021-07-05T16:07:20.6714810+08:00, 0, 12.94095, 48.29629, 1, 1, 1, False
1212.398, 2021-07-05T16:07:20.6773510+08:00, 0, 12.94095, 48.29629, 1, 1, 1, False
1212.405, 2021-07-05T16:07:20.6840680+08:00, 0, 12.94095, 48.29629, 1, 1, 1, False
1212.412, 2021-07-05T16:07:20.6910850+08:00, 0, 12.94095, 48.29629, 1, 1, 1, False
1212.417, 2021-07-05T16:07:20.6961530+08:00, 0, 12.94095, 48.29629, 1, 1, 1, False
1212.424, 2021-07-05T16:07:20.7030870+08:00, 0, 12.94095, 48.29629, 1, 1, 1, False
1212.43, 2021-07-05T16:07:20.7088160+08:00, 0, 12.94095, 48.29629, 1, 1, 1, False
1212.436, 2021-07-05T16:07:20.7155770+08:00, 0, 12.94095, 48.29629, 1, 1, 1, False
1212.442, 2021-07-05T16:07:20.7214530+08:00, 0, 12.94095, 48.29629, 1, 1, 1, False
1212.449, 2021-07-05T16:07:20.7277600+08:00, 0, 12.94095, 48.29629, 1, 1, 1, False
1212.457, 2021-07-05T16:07:20.7359980+08:00, 0, 12.94095, 48.29629, 1, 1, 1, False
1212.464, 2021-07-05T16:07:20.7434900+08:00, 0, 12.94095, 48.29629, 1, 1, 1, False
1212.473, 2021-07-05T16:07:20.7520920+08:00, 0, 12.94095, 48.29629, 1, 1, 1, False
1212.48, 2021-07-05T16:07:20.7590800+08:00, 0, 12.94095, 48.29629, 1, 1, 1, False
1212.484, 2021-07-05T16:07:20.7627540+08:00, 0, 12.94095, 48.29629, 1, 1, 1, False
1212.488, 2021-07-05T16:07:20.7668590+08:00, 0, 12.94095, 48.29629, 1, 1, 1, False
1212.492, 2021-07-05T16:07:20.7711430+08:00, 0, 12.94095, 48.29629, 1, 1, 1, False
1212.498, 2021-07-05T16:07:20.7775890+08:00, 0, 12.94095, 48.29629, 1, 1, 1, False
1212.505, 2021-07-05T16:07:20.7842270+08:00, 0, 12.94095, 48.29629, 1, 1, 1, False
1212.512, 2021-07-05T16:07:20.7912450+08:00, 0, 12.94095, 48.29629, 1, 1, 1, False
1212.517, 2021-07-05T16:07:20.7963840+08:00, 0, 12.94095, 48.29629, 1, 1, 1, False
1212.524, 2021-07-05T16:07:20.8033740+08:00, 0, 12.94095, 48.29629, 1, 1, 1, False
1212.53, 2021-07-05T16:07:20.8095280+08:00, 0, 12.94095, 48.29629, 1, 1, 1, False
1212.536, 2021-07-05T16:07:20.8155980+08:00, 0, 12.94095, 48.29629, 1, 1, 1, False
1212.543, 2021-07-05T16:07:20.8220290+08:00, 0, 12.94095, 48.29629, 1, 1, 1, False
1212.549, 2021-07-05T16:07:20.8281740+08:00, 0, 12.94095, 48.29629, 1, 1, 1, False
1212.556, 2021-07-05T16:07:20.8352580+08:00, 0, 12.94095, 48.29629, 1, 1, 1, False
1212.562, 2021-07-05T16:07:20.8406910+08:00, 0, 12.94095, 48.29629, 1, 1, 1, False
1212.568, 2021-07-05T16:07:20.8469480+08:00, 0, 12.94095, 48.29629, 1, 1, 1, False
1212.574, 2021-07-05T16:07:20.8527640+08:00, 0, 12.94095, 48.29629, 1, 1, 1, False
1212.58, 2021-07-05T16:07:20.8595340+08:00, 0, 12.94095, 48.29629, 1, 1, 1, False
1212.587, 2021-07-05T16:07:20.8656980+08:00, 0, 12.94095, 48.29629, 1, 1, 1, False
1212.592, 2021-07-05T16:07:20.8715330+08:00, 0, 12.94095, 48.29629, 1, 1, 1, False
1212.599, 2021-07-05T16:07:20.8781870+08:00, 0, 12.94095, 48.29629, 1, 1, 1, False
1212.605, 2021-07-05T16:07:20.8846400+08:00, 0, 12.94095, 48.29629, 1, 1, 1, False
1212.612, 2021-07-05T16:07:20.8916650+08:00, 0, 12.94095, 48.29629, 1, 1, 1, False
1212.621, 2021-07-05T16:07:20.8999320+08:00, 0, 12.94095, 48.29629, 1, 1, 1, False
1212.629, 2021-07-05T16:07:20.9076630+08:00, 0, 12.94095, 48.29629, 1, 1, 1, False
1212.632, 2021-07-05T16:07:20.9109010+08:00, 0, 12.94095, 48.29629, 1, 1, 1, False
1212.636, 2021-07-05T16:07:20.9156640+08:00, 0, 12.94095, 48.29629, 1, 1, 1, False
1212.642, 2021-07-05T16:07:20.9216090+08:00, 0, 12.94095, 48.29629, 1, 1, 1, False
1212.649, 2021-07-05T16:07:20.9282430+08:00, 0, 12.94095, 48.29629, 1, 1, 1, False
1212.656, 2021-07-05T16:07:20.9349190+08:00, 0, 12.94095, 48.29629, 1, 1, 1, False
1212.661, 2021-07-05T16:07:20.9404960+08:00, 0, 12.94095, 48.29629, 1, 1, 1, False
1212.668, 2021-07-05T16:07:20.9475900+08:00, 0, 12.94095, 48.29629, 1, 1, 1, False
1212.674, 2021-07-05T16:07:20.9533360+08:00, 0, 12.94095, 48.29629, 1, 1, 1, False
1212.68, 2021-07-05T16:07:20.9592780+08:00, 0, 12.94095, 48.29629, 1, 1, 1, False
1212.687, 2021-07-05T16:07:20.9658940+08:00, 0, 12.94095, 48.29629, 1, 1, 1, False
1212.693, 2021-07-05T16:07:20.9721570+08:00, 0, 12.94095, 48.29629, 1, 1, 1, False
1212.713, 2021-07-05T16:07:20.9919020+08:00, 0, 12.94095, 48.29629, 1, 1, 1, False
1212.721, 2021-07-05T16:07:21.0001420+08:00, 0, 12.94095, 48.29629, 1, 1, 1, False
1212.729, 2021-07-05T16:07:21.0077720+08:00, 0, 12.94095, 48.29629, 1, 1, 1, False
1212.739, 2021-07-05T16:07:21.0182260+08:00, 0, 12.94095, 48.29629, 1, 1, 1, False
1212.744, 2021-07-05T16:07:21.0231620+08:00, 0, 12.94095, 48.29629, 1, 1, 1, False
1212.748, 2021-07-05T16:07:21.0266920+08:00, 0, 12.94095, 48.29629, 1, 1, 1, False
1212.752, 2021-07-05T16:07:21.0310120+08:00, 0, 12.94095, 48.29629, 1, 1, 1, False
1212.756, 2021-07-05T16:07:21.0348730+08:00, 0, 12.94095, 48.29629, 1, 1, 1, False
1212.76, 2021-07-05T16:07:21.0388570+08:00, 0, 12.94095, 48.29629, 1, 1, 1, False
1212.764, 2021-07-05T16:07:21.0429230+08:00, 0, 12.94095, 48.29629, 1, 1, 1, False
1212.769, 2021-07-05T16:07:21.0478790+08:00, 0, 12.94095, 48.29629, 1, 1, 1, False
1212.776, 2021-07-05T16:07:21.0546780+08:00, 0, 12.94095, 48.29629, 1, 1, 1, False
1212.782, 2021-07-05T16:07:21.0609320+08:00, 0, 12.94095, 48.29629, 1, 1, 1, False
1212.788, 2021-07-05T16:07:21.0673730+08:00, 0, 12.94095, 48.29629, 1, 1, 1, False
1212.794, 2021-07-05T16:07:21.0731930+08:00, 0, 12.94095, 48.29629, 1, 1, 1, False
1212.801, 2021-07-05T16:07:21.0799570+08:00, 0, 12.94095, 48.29629, 1, 1, 1, False
1212.808, 2021-07-05T16:07:21.0873130+08:00, 0, 12.94095, 48.29629, 1, 1, 1, False
1212.813, 2021-07-05T16:07:21.0924090+08:00, 0, 12.94095, 48.29629, 1, 1, 1, False
1212.82, 2021-07-05T16:07:21.0989120+08:00, 0, 12.94095, 48.29629, 1, 1, 1, False
1212.825, 2021-07-05T16:07:21.1046290+08:00, 0, 12.94095, 48.29629, 1, 1, 1, False
1212.832, 2021-07-05T16:07:21.1116000+08:00, 0, 12.94095, 48.29629, 1, 1, 1, False
1212.838, 2021-07-05T16:07:21.1171740+08:00, 0, 12.94095, 48.29629, 1, 1, 1, False
1212.844, 2021-07-05T16:07:21.1235080+08:00, 0, 12.94095, 48.29629, 1, 1, 1, False
1212.85, 2021-07-05T16:07:21.1294960+08:00, 0, 12.94095, 48.29629, 1, 1, 1, False
1212.857, 2021-07-05T16:07:21.1360800+08:00, 0, 12.94095, 48.29629, 1, 1, 1, False
1212.864, 2021-07-05T16:07:21.1430900+08:00, 0, 12.94095, 48.29629, 1, 1, 1, False
1212.869, 2021-07-05T16:07:21.1484080+08:00, 0, 12.94095, 48.29629, 1, 1, 1, False
1212.876, 2021-07-05T16:07:21.1552790+08:00, 0, 12.94095, 48.29629, 1, 1, 1, False
1212.882, 2021-07-05T16:07:21.1608460+08:00, 0, 12.94095, 48.29629, 1, 1, 1, False
1212.888, 2021-07-05T16:07:21.1674310+08:00, 0, 12.94095, 48.29629, 1, 1, 1, False
1212.894, 2021-07-05T16:07:21.1730980+08:00, 0, 12.94095, 48.29629, 1, 1, 1, False
1212.9, 2021-07-05T16:07:21.1795760+08:00, 0, 12.94095, 48.29629, 1, 1, 1, False
1212.907, 2021-07-05T16:07:21.1858860+08:00, 0, 12.94095, 48.29629, 1, 1, 1, False
1212.913, 2021-07-05T16:07:21.1922250+08:00, 0, 12.94095, 48.29629, 1, 1, 1, False
1212.92, 2021-07-05T16:07:21.1993360+08:00, 0, 12.94095, 48.29629, 1, 1, 1, False
1212.925, 2021-07-05T16:07:21.2046060+08:00, 0, 12.94095, 48.29629, 1, 1, 1, False
1212.932, 2021-07-05T16:07:21.2117350+08:00, 0, 12.94095, 48.29629, 1, 1, 1, False
1212.941, 2021-07-05T16:07:21.2199550+08:00, 0, 12.94095, 48.29629, 1, 1, 1, False
1212.948, 2021-07-05T16:07:21.2276050+08:00, 0, 12.94095, 48.29629, 1, 1, 1, False
1212.957, 2021-07-05T16:07:21.2360070+08:00, 0, 12.94095, 48.29629, 1, 1, 1, False
1212.964, 2021-07-05T16:07:21.2431050+08:00, 0, 12.94095, 48.29629, 1, 1, 1, False
1212.968, 2021-07-05T16:07:21.2468580+08:00, 0, 12.94095, 48.29629, 1, 1, 1, False
1212.972, 2021-07-05T16:07:21.2507400+08:00, 0, 12.94095, 48.29629, 1, 1, 1, False
1212.976, 2021-07-05T16:07:21.2550890+08:00, 0, 12.94095, 48.29629, 1, 1, 1, False
1212.981, 2021-07-05T16:07:21.2606420+08:00, 0, 12.94095, 48.29629, 1, 1, 1, False
1212.988, 2021-07-05T16:07:21.2676530+08:00, 0, 12.94095, 48.29629, 1, 1, 1, False
1212.994, 2021-07-05T16:07:21.2736390+08:00, 0, 12.94095, 48.29629, 1, 1, 1, False
1213, 2021-07-05T16:07:21.2796200+08:00, 0, 12.94095, 48.29629, 1, 1, 1, False
1213.008, 2021-07-05T16:07:21.2873590+08:00, 0, 12.94095, 48.29629, 1, 1, 1, False
1213.013, 2021-07-05T16:07:21.2920250+08:00, 0, 12.94095, 48.29629, 1, 1, 1, False
1213.02, 2021-07-05T16:07:21.2996640+08:00, 0, 12.94095, 48.29629, 1, 1, 1, False
1213.025, 2021-07-05T16:07:21.3044170+08:00, 0, 12.94095, 48.29629, 1, 1, 1, False
1213.032, 2021-07-05T16:07:21.3112690+08:00, 0, 12.94095, 48.29629, 1, 1, 1, False
1213.037, 2021-07-05T16:07:21.3165810+08:00, 0, 12.94095, 48.29629, 1, 1, 1, False
1213.044, 2021-07-05T16:07:21.3235260+08:00, 0, 12.94095, 48.29629, 1, 1, 1, False
1213.053, 2021-07-05T16:07:21.3318610+08:00, 0, 12.94095, 48.29629, 1, 1, 1, False
1213.061, 2021-07-05T16:07:21.3398390+08:00, 0, 12.94095, 48.29629, 1, 1, 1, False
1213.069, 2021-07-05T16:07:21.3479750+08:00, 0, 12.94095, 48.29629, 1, 1, 1, False
1213.076, 2021-07-05T16:07:21.3551260+08:00, 0, 12.94095, 48.29629, 1, 1, 1, False
1213.08, 2021-07-05T16:07:21.3588970+08:00, 0, 12.94095, 48.29629, 1, 1, 1, False
1213.084, 2021-07-05T16:07:21.3628670+08:00, 0, 12.94095, 48.29629, 1, 1, 1, False
1213.088, 2021-07-05T16:07:21.3667660+08:00, 0, 12.94095, 48.29629, 1, 1, 1, False
1213.094, 2021-07-05T16:07:21.3730440+08:00, 0, 12.94095, 48.29629, 1, 1, 1, False
1213.1, 2021-07-05T16:07:21.3791910+08:00, 0, 12.94095, 48.29629, 1, 1, 1, False
1213.106, 2021-07-05T16:07:21.3857070+08:00, 0, 12.94095, 48.29629, 1, 1, 1, False
1213.113, 2021-07-05T16:07:21.3920180+08:00, 0, 12.94095, 48.29629, 1, 1, 1, False
1213.12, 2021-07-05T16:07:21.3991530+08:00, 0, 12.94095, 48.29629, 1, 1, 1, False
1213.125, 2021-07-05T16:07:21.4044540+08:00, 0, 12.94095, 48.29629, 1, 1, 1, False
1213.132, 2021-07-05T16:07:21.4112280+08:00, 0, 12.94095, 48.29629, 1, 1, 1, False
1213.138, 2021-07-05T16:07:21.4167710+08:00, 0, 12.94095, 48.29629, 1, 1, 1, False
1213.145, 2021-07-05T16:07:21.4238080+08:00, 0, 12.94095, 48.29629, 1, 1, 1, False
1213.153, 2021-07-05T16:07:21.4317520+08:00, 0, 12.94095, 48.29629, 1, 1, 1, False
1213.161, 2021-07-05T16:07:21.4399560+08:00, 0, 12.94095, 48.29629, 1, 1, 1, False
1213.169, 2021-07-05T16:07:21.4478300+08:00, 0, 12.94095, 48.29629, 1, 1, 1, False
1213.177, 2021-07-05T16:07:21.4556840+08:00, 0, 12.94095, 48.29629, 1, 1, 1, False
1213.185, 2021-07-05T16:07:21.4640340+08:00, 0, 12.94095, 48.29629, 1, 1, 1, False
1213.192, 2021-07-05T16:07:21.4715550+08:00, 0, 12.94095, 48.29629, 1, 1, 1, False
1213.201, 2021-07-05T16:07:21.4798360+08:00, 0, 12.94095, 48.29629, 1, 1, 1, False
1213.208, 2021-07-05T16:07:21.4872000+08:00, 0, 12.94095, 48.29629, 1, 1, 1, False
1213.212, 2021-07-05T16:07:21.4912160+08:00, 0, 12.94095, 48.29629, 1, 1, 1, False
1213.216, 2021-07-05T16:07:21.4948490+08:00, 0, 12.94095, 48.29629, 1, 1, 1, False
1213.22, 2021-07-05T16:07:21.4989610+08:00, 0, 12.94095, 48.29629, 1, 1, 1, False
1213.224, 2021-07-05T16:07:21.5030800+08:00, 0, 12.94095, 48.29629, 1, 1, 1, False
1213.228, 2021-07-05T16:07:21.5069030+08:00, 0, 12.94095, 48.29629, 1, 1, 1, False
1213.232, 2021-07-05T16:07:21.5109380+08:00, 0, 12.94095, 48.29629, 1, 1, 1, False
1213.237, 2021-07-05T16:07:21.5160570+08:00, 0, 12.94095, 48.29629, 1, 1, 1, False
1213.243, 2021-07-05T16:07:21.5220900+08:00, 0, 12.94095, 48.29629, 1, 1, 1, False
1213.25, 2021-07-05T16:07:21.5286490+08:00, 0, 12.94095, 48.29629, 1, 1, 1, False
1213.256, 2021-07-05T16:07:21.5354610+08:00, 0, 12.94095, 48.29629, 1, 1, 1, False
1213.264, 2021-07-05T16:07:21.5433400+08:00, 0, 12.94095, 48.29629, 1, 1, 1, False
1213.273, 2021-07-05T16:07:21.5521090+08:00, 0, 12.94095, 48.29629, 1, 1, 1, False
1213.28, 2021-07-05T16:07:21.5591910+08:00, 0, 12.94095, 48.29629, 1, 1, 1, False
1213.284, 2021-07-05T16:07:21.5627430+08:00, 0, 12.94095, 48.29629, 1, 1, 1, False
1213.288, 2021-07-05T16:07:21.5669740+08:00, 0, 12.94095, 48.29629, 1, 1, 1, False
1213.293, 2021-07-05T16:07:21.5718090+08:00, 0, 12.94095, 48.29629, 1, 1, 1, False
1213.299, 2021-07-05T16:07:21.5787390+08:00, 0, 12.94095, 48.29629, 1, 1, 1, False
1213.306, 2021-07-05T16:07:21.5849040+08:00, 0, 12.94095, 48.29629, 1, 1, 1, False
1213.313, 2021-07-05T16:07:21.5917180+08:00, 0, 12.94095, 48.29629, 1, 1, 1, False
1213.321, 2021-07-05T16:07:21.5999300+08:00, 0, 12.94095, 48.29629, 1, 1, 1, False
1213.329, 2021-07-05T16:07:21.6080510+08:00, 0, 12.94095, 48.29629, 1, 1, 1, False
1213.337, 2021-07-05T16:07:21.6159150+08:00, 0, 12.94095, 48.29629, 1, 1, 1, False
1213.344, 2021-07-05T16:07:21.6229590+08:00, 0, 12.94095, 48.29629, 1, 1, 1, False
1213.348, 2021-07-05T16:07:21.6269120+08:00, 0, 12.94095, 48.29629, 1, 1, 1, False
1213.352, 2021-07-05T16:07:21.6308110+08:00, 0, 12.94095, 48.29629, 1, 1, 1, False
1213.356, 2021-07-05T16:07:21.6350530+08:00, 0, 12.94095, 48.29629, 1, 1, 1, False
1213.362, 2021-07-05T16:07:21.6411750+08:00, 0, 12.94095, 48.29629, 1, 1, 1, False
1213.368, 2021-07-05T16:07:21.6473690+08:00, 0, 12.94095, 48.29629, 1, 1, 1, False
1213.374, 2021-07-05T16:07:21.6536110+08:00, 0, 12.94095, 48.29629, 1, 1, 1, False
1213.38, 2021-07-05T16:07:21.6593920+08:00, 0, 12.94095, 48.29629, 1, 1, 1, False
1213.388, 2021-07-05T16:07:21.6741180+08:00, 0, 12.94095, 48.29629, 1, 1, 1, False
1213.4, 2021-07-05T16:07:21.6791210+08:00, 0, 12.94095, 48.29629, 1, 1, 1, False
1213.404, 2021-07-05T16:07:21.6830240+08:00, 0, 12.94095, 48.29629, 1, 1, 1, False
1213.408, 2021-07-05T16:07:21.6870040+08:00, 0, 12.94095, 48.29629, 1, 1, 1, False
1213.412, 2021-07-05T16:07:21.6915140+08:00, 0, 12.94095, 48.29629, 1, 1, 1, False
1213.418, 2021-07-05T16:07:21.6971950+08:00, 0, 12.94095, 48.29629, 1, 1, 1, False
1213.424, 2021-07-05T16:07:21.7036560+08:00, 0, 12.94095, 48.29629, 1, 1, 1, False
1213.431, 2021-07-05T16:07:21.7100650+08:00, 0, 12.94095, 48.29629, 1, 1, 1, False
1213.437, 2021-07-05T16:07:21.7163930+08:00, 0, 12.94095, 48.29629, 1, 1, 1, False
1213.445, 2021-07-05T16:07:21.7239370+08:00, 0, 12.94095, 48.29629, 1, 1, 1, False
1213.453, 2021-07-05T16:07:21.7317100+08:00, 0, 12.94095, 48.29629, 1, 1, 1, False
1213.461, 2021-07-05T16:07:21.7398930+08:00, 0, 12.94095, 48.29629, 1, 1, 1, False
1213.468, 2021-07-05T16:07:21.7473840+08:00, 0, 12.94095, 48.29629, 1, 1, 1, False
1213.476, 2021-07-05T16:07:21.7551950+08:00, 0, 12.94095, 48.29629, 1, 1, 1, False
1213.48, 2021-07-05T16:07:21.7587570+08:00, 0, 12.94095, 48.29629, 1, 1, 1, False
1213.484, 2021-07-05T16:07:21.7628340+08:00, 0, 12.94095, 48.29629, 1, 1, 1, False
1213.488, 2021-07-05T16:07:21.7668350+08:00, 0, 12.94095, 48.29629, 1, 1, 1, False
1213.493, 2021-07-05T16:07:21.7721330+08:00, 0, 12.94095, 48.29629, 1, 1, 1, False
1213.5, 2021-07-05T16:07:21.7790300+08:00, 0, 12.94095, 48.29629, 1, 1, 1, False
1213.506, 2021-07-05T16:07:21.7853000+08:00, 0, 12.94095, 48.29629, 1, 1, 1, False
1213.512, 2021-07-05T16:07:21.7914750+08:00, 0, 12.94095, 48.29629, 1, 1, 1, False
1213.519, 2021-07-05T16:07:21.7979620+08:00, 0, 12.94095, 48.29629, 1, 1, 1, False
1213.539, 2021-07-05T16:07:21.8180150+08:00, 0, 12.94095, 48.29629, 1, 1, 1, False
1213.544, 2021-07-05T16:07:21.8233040+08:00, 0, 12.94095, 48.29629, 1, 1, 1, False
1213.548, 2021-07-05T16:07:21.8268700+08:00, 0, 12.94095, 48.29629, 1, 1, 1, False
1213.552, 2021-07-05T16:07:21.8308140+08:00, 0, 12.94095, 48.29629, 1, 1, 1, False
1213.556, 2021-07-05T16:07:21.8353490+08:00, 0, 12.94095, 48.29629, 1, 1, 1, False
1213.56, 2021-07-05T16:07:21.8387100+08:00, 0, 12.94095, 48.29629, 1, 1, 1, False
1213.564, 2021-07-05T16:07:21.8430800+08:00, 0, 12.94095, 48.29629, 1, 1, 1, False
1213.569, 2021-07-05T16:07:21.8480730+08:00, 0, 12.94095, 48.29629, 1, 1, 1, False
1213.575, 2021-07-05T16:07:21.8541670+08:00, 0, 12.94095, 48.29629, 1, 1, 1, False
1213.582, 2021-07-05T16:07:21.8613160+08:00, 0, 12.94095, 48.29629, 1, 1, 1, False
1213.589, 2021-07-05T16:07:21.8681620+08:00, 0, 12.94095, 48.29629, 1, 1, 1, False
1213.595, 2021-07-05T16:07:21.8743270+08:00, 0, 12.94095, 48.29629, 1, 1, 1, False
1213.603, 2021-07-05T16:07:21.8817770+08:00, 0, 12.94095, 48.29629, 1, 1, 1, False
1213.61, 2021-07-05T16:07:21.8888130+08:00, 0, 12.94095, 48.29629, 1, 1, 1, False
1213.617, 2021-07-05T16:07:21.8957000+08:00, 0, 12.94095, 48.29629, 1, 1, 1, False
1213.624, 2021-07-05T16:07:21.9030060+08:00, 0, 12.94095, 48.29629, 1, 1, 1, False
1213.631, 2021-07-05T16:07:21.9098940+08:00, 0, 12.94095, 48.29629, 1, 1, 1, False
1213.638, 2021-07-05T16:07:21.9167250+08:00, 0, 12.94095, 48.29629, 1, 1, 1, False
1213.645, 2021-07-05T16:07:21.9238200+08:00, 0, 12.94095, 48.29629, 1, 1, 1, False
1213.651, 2021-07-05T16:07:21.9300230+08:00, 0, 12.94095, 48.29629, 1, 1, 1, False
1213.658, 2021-07-05T16:07:21.9367960+08:00, 0, 12.94095, 48.29629, 1, 1, 1, False
1213.665, 2021-07-05T16:07:21.9442770+08:00, 0, 12.94095, 48.29629, 1, 1, 1, False
1213.673, 2021-07-05T16:07:21.9517760+08:00, 0, 12.94095, 48.29629, 1, 1, 1, False
1213.678, 2021-07-05T16:07:21.9574450+08:00, 0, 12.94095, 48.29629, 1, 1, 1, False
1213.686, 2021-07-05T16:07:21.9648040+08:00, 0, 12.94095, 48.29629, 1, 1, 1, False
1213.692, 2021-07-05T16:07:21.9716310+08:00, 0, 12.94095, 48.29629, 1, 1, 1, False
1213.699, 2021-07-05T16:07:21.9780330+08:00, 0, 12.94095, 48.29629, 1, 1, 1, False
1213.706, 2021-07-05T16:07:21.9854070+08:00, 0, 12.94095, 48.29629, 1, 1, 1, False
1213.713, 2021-07-05T16:07:21.9922960+08:00, 0, 12.94095, 48.29629, 1, 1, 1, False
1213.72, 2021-07-05T16:07:21.9995560+08:00, 0, 12.94095, 48.29629, 1, 1, 1, False
1213.727, 2021-07-05T16:07:22.0063500+08:00, 0, 12.94095, 48.29629, 1, 1, 1, False
1213.734, 2021-07-05T16:07:22.0131350+08:00, 0, 12.94095, 48.29629, 1, 1, 1, False
1213.741, 2021-07-05T16:07:22.0197680+08:00, 0, 12.94095, 48.29629, 1, 1, 1, False
1213.748, 2021-07-05T16:07:22.0269080+08:00, 0, 12.94095, 48.29629, 1, 1, 1, False
1213.755, 2021-07-05T16:07:22.0337630+08:00, 0, 12.94095, 48.29629, 1, 1, 1, False
1213.761, 2021-07-05T16:07:22.0403240+08:00, 0, 12.94095, 48.29629, 1, 1, 1, False
1213.769, 2021-07-05T16:07:22.0477940+08:00, 0, 12.94095, 48.29629, 1, 1, 1, False
1213.775, 2021-07-05T16:07:22.0542380+08:00, 0, 12.94095, 48.29629, 1, 1, 1, False
1213.782, 2021-07-05T16:07:22.0610430+08:00, 0, 12.94095, 48.29629, 1, 1, 1, False
1213.789, 2021-07-05T16:07:22.0681250+08:00, 0, 12.94095, 48.29629, 1, 1, 1, False
1213.797, 2021-07-05T16:07:22.0760690+08:00, 0, 12.94095, 48.29629, 1, 1, 1, False
1213.802, 2021-07-05T16:07:22.0817380+08:00, 0, 12.94095, 48.29629, 1, 1, 1, False
1213.81, 2021-07-05T16:07:22.0889130+08:00, 0, 12.94095, 48.29629, 1, 1, 1, False
1213.817, 2021-07-05T16:07:22.0961040+08:00, 0, 12.94095, 48.29629, 1, 1, 1, False
1213.824, 2021-07-05T16:07:22.1033130+08:00, 0, 12.94095, 48.29629, 1, 1, 1, False
1213.831, 2021-07-05T16:07:22.1105340+08:00, 0, 12.94095, 48.29629, 1, 1, 1, False
1213.838, 2021-07-05T16:07:22.1171600+08:00, 0, 12.94095, 48.29629, 1, 1, 1, False
1213.845, 2021-07-05T16:07:22.1239660+08:00, 0, 12.94095, 48.29629, 1, 1, 1, False
1213.851, 2021-07-05T16:07:22.1304130+08:00, 0, 12.94095, 48.29629, 1, 1, 1, False
1213.859, 2021-07-05T16:07:22.1379240+08:00, 0, 12.94095, 48.29629, 1, 1, 1, False
1213.865, 2021-07-05T16:07:22.1447060+08:00, 0, 12.94095, 48.29629, 1, 1, 1, False
1213.873, 2021-07-05T16:07:22.1522780+08:00, 0, 12.94095, 48.29629, 1, 1, 1, False
1213.88, 2021-07-05T16:07:22.1591080+08:00, 0, 12.94095, 48.29629, 1, 1, 1, False
1213.887, 2021-07-05T16:07:22.1659020+08:00, 0, 12.94095, 48.29629, 1, 1, 1, False
1213.893, 2021-07-05T16:07:22.1725910+08:00, 0, 12.94095, 48.29629, 1, 1, 1, False
1213.901, 2021-07-05T16:07:22.1797860+08:00, 0, 12.94095, 48.29629, 1, 1, 1, False
1213.907, 2021-07-05T16:07:22.1863380+08:00, 0, 12.94095, 48.29629, 1, 1, 1, False
1213.914, 2021-07-05T16:07:22.1935970+08:00, 0, 12.94095, 48.29629, 1, 1, 1, False
1213.922, 2021-07-05T16:07:22.2011330+08:00, 0, 12.94095, 48.29629, 1, 1, 1, False
1213.929, 2021-07-05T16:07:22.2078690+08:00, 0, 12.94095, 48.29629, 1, 1, 1, False
1213.936, 2021-07-05T16:07:22.2151490+08:00, 0, 12.94095, 48.29629, 1, 1, 1, False
1213.943, 2021-07-05T16:07:22.2221510+08:00, 0, 12.94095, 48.29629, 1, 1, 1, False
1213.949, 2021-07-05T16:07:22.2285670+08:00, 0, 12.94095, 48.29629, 1, 1, 1, False
1213.957, 2021-07-05T16:07:22.2357530+08:00, 0, 12.94095, 48.29629, 1, 1, 1, False
1213.964, 2021-07-05T16:07:22.2428830+08:00, 0, 12.94095, 48.29629, 1, 1, 1, False
1213.971, 2021-07-05T16:07:22.2500410+08:00, 0, 12.94095, 48.29629, 1, 1, 1, False
1213.978, 2021-07-05T16:07:22.2569530+08:00, 0, 12.94095, 48.29629, 1, 1, 1, False
1213.985, 2021-07-05T16:07:22.2639020+08:00, 0, 12.94095, 48.29629, 1, 1, 1, False
1213.991, 2021-07-05T16:07:22.2702500+08:00, 0, 12.94095, 48.29629, 1, 1, 1, False
1213.998, 2021-07-05T16:07:22.2775830+08:00, 0, 12.94095, 48.29629, 1, 1, 1, False
1214.005, 2021-07-05T16:07:22.2845660+08:00, 0, 12.94095, 48.29629, 1, 1, 1, False
1214.012, 2021-07-05T16:07:22.2911250+08:00, 0, 12.94095, 48.29629, 1, 1, 1, False
1214.02, 2021-07-05T16:07:22.2989400+08:00, 0, 12.94095, 48.29629, 1, 1, 1, False
1214.026, 2021-07-05T16:07:22.3056090+08:00, 0, 12.94095, 48.29629, 1, 1, 1, False
1214.033, 2021-07-05T16:07:22.3122030+08:00, 0, 12.94095, 48.29629, 1, 1, 1, False
1214.041, 2021-07-05T16:07:22.3198290+08:00, 0, 12.94095, 48.29629, 1, 1, 1, False
1214.048, 2021-07-05T16:07:22.3274620+08:00, 0, 12.94095, 48.29629, 1, 1, 1, False
1214.054, 2021-07-05T16:07:22.3329880+08:00, 0, 12.94095, 48.29629, 1, 1, 1, False
1214.06, 2021-07-05T16:07:22.3397460+08:00, 0, 12.94095, 48.29629, 1, 1, 1, False
1214.068, 2021-07-05T16:07:22.3466500+08:00, 0, 12.94095, 48.29629, 1, 1, 1, False
1214.073, 2021-07-05T16:07:22.3523770+08:00, 0, 12.94095, 48.29629, 1, 1, 1, False
1214.08, 2021-07-05T16:07:22.3590030+08:00, 0, 12.94095, 48.29629, 1, 1, 1, False
1214.086, 2021-07-05T16:07:22.3654440+08:00, 0, 12.94095, 48.29629, 1, 1, 1, False
1214.092, 2021-07-05T16:07:22.3712060+08:00, 0, 12.94095, 48.29629, 1, 1, 1, False
1214.099, 2021-07-05T16:07:22.3778720+08:00, 0, 12.94095, 48.29629, 1, 1, 1, False
1214.105, 2021-07-05T16:07:22.3842090+08:00, 0, 12.94095, 48.29629, 1, 1, 1, False
1214.112, 2021-07-05T16:07:22.3914290+08:00, 0, 12.94095, 48.29629, 1, 1, 1, False
1214.118, 2021-07-05T16:07:22.3967610+08:00, 0, 12.94095, 48.29629, 1, 1, 1, False
1214.124, 2021-07-05T16:07:22.4033660+08:00, 0, 12.94095, 48.29629, 1, 1, 1, False
1214.13, 2021-07-05T16:07:22.4091660+08:00, 0, 12.94095, 48.29629, 1, 1, 1, False
1214.136, 2021-07-05T16:07:22.4153730+08:00, 0, 12.94095, 48.29629, 1, 1, 1, False
1214.142, 2021-07-05T16:07:22.4216650+08:00, 0, 12.94095, 48.29629, 1, 1, 1, False
1214.148, 2021-07-05T16:07:22.4275910+08:00, 0, 12.94095, 48.29629, 1, 1, 1, False
1214.155, 2021-07-05T16:07:22.4340390+08:00, 0, 12.94095, 48.29629, 1, 1, 1, False
1214.161, 2021-07-05T16:07:22.4404300+08:00, 0, 12.94095, 48.29629, 1, 1, 1, False
1214.169, 2021-07-05T16:07:22.4479610+08:00, 0, 12.94095, 48.29629, 1, 1, 1, False
1214.176, 2021-07-05T16:07:22.4555810+08:00, 0, 12.94095, 48.29629, 1, 1, 1, False
1214.185, 2021-07-05T16:07:22.4638330+08:00, 0, 12.94095, 48.29629, 1, 1, 1, False
1214.192, 2021-07-05T16:07:22.4715560+08:00, 0, 12.94095, 48.29629, 1, 1, 1, False
1214.2, 2021-07-05T16:07:22.4793460+08:00, 0, 12.94095, 48.29629, 1, 1, 1, False
1214.204, 2021-07-05T16:07:22.4827870+08:00, 0, 12.94095, 48.29629, 1, 1, 1, False
1214.208, 2021-07-05T16:07:22.4868440+08:00, 0, 12.94095, 48.29629, 1, 1, 1, False
1214.212, 2021-07-05T16:07:22.4909370+08:00, 0, 12.94095, 48.29629, 1, 1, 1, False
1214.217, 2021-07-05T16:07:22.4961090+08:00, 0, 12.94095, 48.29629, 1, 1, 1, False
1214.224, 2021-07-05T16:07:22.5032980+08:00, 0, 12.94095, 48.29629, 1, 1, 1, False
1214.23, 2021-07-05T16:07:22.5089470+08:00, 0, 12.94095, 48.29629, 1, 1, 1, False
1214.236, 2021-07-05T16:07:22.5155140+08:00, 0, 12.94095, 48.29629, 1, 1, 1, False
1214.242, 2021-07-05T16:07:22.5214320+08:00, 0, 12.94095, 48.29629, 1, 1, 1, False
1214.249, 2021-07-05T16:07:22.5279710+08:00, 0, 12.94095, 48.29629, 1, 1, 1, False
1214.256, 2021-07-05T16:07:22.5353050+08:00, 0, 12.94095, 48.29629, 1, 1, 1, False
1214.261, 2021-07-05T16:07:22.5405220+08:00, 0, 12.94095, 48.29629, 1, 1, 1, False
1214.268, 2021-07-05T16:07:22.5471650+08:00, 0, 12.94095, 48.29629, 1, 1, 1, False
1214.274, 2021-07-05T16:07:22.5529370+08:00, 0, 12.94095, 48.29629, 1, 1, 1, False
1214.28, 2021-07-05T16:07:22.5592780+08:00, 0, 12.94095, 48.29629, 1, 1, 1, False
1214.286, 2021-07-05T16:07:22.5656030+08:00, 0, 12.94095, 48.29629, 1, 1, 1, False
1214.292, 2021-07-05T16:07:22.5713410+08:00, 0, 12.94095, 48.29629, 1, 1, 1, False
1214.299, 2021-07-05T16:07:22.5780120+08:00, 0, 12.94095, 48.29629, 1, 1, 1, False
1214.305, 2021-07-05T16:07:22.5842480+08:00, 0, 12.94095, 48.29629, 1, 1, 1, False
1214.312, 2021-07-05T16:07:22.5914580+08:00, 0, 12.94095, 48.29629, 1, 1, 1, False
1214.317, 2021-07-05T16:07:22.5966390+08:00, 0, 12.94095, 48.29629, 1, 1, 1, False
1214.324, 2021-07-05T16:07:22.6032570+08:00, 0, 12.94095, 48.29629, 1, 1, 1, False
1214.329, 2021-07-05T16:07:22.6086970+08:00, 0, 12.94095, 48.29629, 1, 1, 1, False
1214.336, 2021-07-05T16:07:22.6155660+08:00, 0, 12.94095, 48.29629, 1, 1, 1, False
1214.342, 2021-07-05T16:07:22.6212480+08:00, 0, 12.94095, 48.29629, 1, 1, 1, False
1214.349, 2021-07-05T16:07:22.6277680+08:00, 0, 12.94095, 48.29629, 1, 1, 1, False
1214.357, 2021-07-05T16:07:22.6360780+08:00, 0, 12.94095, 48.29629, 1, 1, 1, False
1214.365, 2021-07-05T16:07:22.6438000+08:00, 0, 12.94095, 48.29629, 1, 1, 1, False
1214.388, 2021-07-05T16:07:22.6675660+08:00, 0, 12.94095, 48.29629, 1, 1, 1, False
1214.392, 2021-07-05T16:07:22.6709750+08:00, 0, 12.94095, 48.29629, 1, 1, 1, False
1214.396, 2021-07-05T16:07:22.6749310+08:00, 0, 12.94095, 48.29629, 1, 1, 1, False
1214.4, 2021-07-05T16:07:22.6788750+08:00, 0, 12.94095, 48.29629, 1, 1, 1, False
1214.404, 2021-07-05T16:07:22.6829510+08:00, 0, 12.94095, 48.29629, 1, 1, 1, False
1214.408, 2021-07-05T16:07:22.6872120+08:00, 0, 12.94095, 48.29629, 1, 1, 1, False
1214.411, 2021-07-05T16:07:22.6906140+08:00, 0, 12.94095, 48.29629, 1, 1, 1, False
1214.416, 2021-07-05T16:07:22.6948550+08:00, 0, 12.94095, 48.29629, 1, 1, 1, False
1214.422, 2021-07-05T16:07:22.7008000+08:00, 0, 12.94095, 48.29629, 1, 1, 1, False
1214.428, 2021-07-05T16:07:22.7074590+08:00, 0, 12.94095, 48.29629, 1, 1, 1, False
1214.434, 2021-07-05T16:07:22.7132230+08:00, 0, 12.94095, 48.29629, 1, 1, 1, False
1214.44, 2021-07-05T16:07:22.7194020+08:00, 0, 12.94095, 48.29629, 1, 1, 1, False
1214.447, 2021-07-05T16:07:22.7257410+08:00, 0, 12.94095, 48.29629, 1, 1, 1, False
1214.453, 2021-07-05T16:07:22.7319810+08:00, 0, 12.94095, 48.29629, 1, 1, 1, False
1214.461, 2021-07-05T16:07:22.7399120+08:00, 0, 12.94095, 48.29629, 1, 1, 1, False
1214.469, 2021-07-05T16:07:22.7480510+08:00, 0, 12.94095, 48.29629, 1, 1, 1, False
1214.476, 2021-07-05T16:07:22.7555890+08:00, 0, 12.94095, 48.29629, 1, 1, 1, False
1214.485, 2021-07-05T16:07:22.7638580+08:00, 0, 12.94095, 48.29629, 1, 1, 1, False
1214.492, 2021-07-05T16:07:22.7712670+08:00, 0, 12.94095, 48.29629, 1, 1, 1, False
1214.495, 2021-07-05T16:07:22.7747080+08:00, 0, 12.94095, 48.29629, 1, 1, 1, False
1214.5, 2021-07-05T16:07:22.7790490+08:00, 0, 12.94095, 48.29629, 1, 1, 1, False
1214.504, 2021-07-05T16:07:22.7830670+08:00, 0, 12.94095, 48.29629, 1, 1, 1, False
1214.509, 2021-07-05T16:07:22.7881110+08:00, 0, 12.94095, 48.29629, 1, 1, 1, False
1214.516, 2021-07-05T16:07:22.7951780+08:00, 0, 12.94095, 48.29629, 1, 1, 1, False
1214.521, 2021-07-05T16:07:22.8006170+08:00, 0, 12.94095, 48.29629, 1, 1, 1, False
1214.528, 2021-07-05T16:07:22.8115550+08:00, 0, 12.94095, 48.29629, 1, 1, 1, False
1214.536, 2021-07-05T16:07:22.8147060+08:00, 0, 12.94095, 48.29629, 1, 1, 1, False
1214.54, 2021-07-05T16:07:22.8196480+08:00, 0, 12.94095, 48.29629, 1, 1, 1, False
1214.547, 2021-07-05T16:07:22.8259360+08:00, 0, 12.94095, 48.29629, 1, 1, 1, False
1214.553, 2021-07-05T16:07:22.8318990+08:00, 0, 12.94095, 48.29629, 1, 1, 1, False
1214.56, 2021-07-05T16:07:22.8390610+08:00, 0, 12.94095, 48.29629, 1, 1, 1, False
1214.566, 2021-07-05T16:07:22.8447920+08:00, 0, 12.94095, 48.29629, 1, 1, 1, False
1214.573, 2021-07-05T16:07:22.8516990+08:00, 0, 12.94095, 48.29629, 1, 1, 1, False
1214.578, 2021-07-05T16:07:22.8573350+08:00, 0, 12.94095, 48.29629, 1, 1, 1, False
1214.584, 2021-07-05T16:07:22.8635760+08:00, 0, 12.94095, 48.29629, 1, 1, 1, False
1214.59, 2021-07-05T16:07:22.8695660+08:00, 0, 12.94095, 48.29629, 1, 1, 1, False
1214.597, 2021-07-05T16:07:22.8759750+08:00, 0, 12.94095, 48.29629, 1, 1, 1, False
1214.604, 2021-07-05T16:07:22.8830940+08:00, 0, 12.94095, 48.29629, 1, 1, 1, False
1214.609, 2021-07-05T16:07:22.8881270+08:00, 0, 12.94095, 48.29629, 1, 1, 1, False
1214.616, 2021-07-05T16:07:22.8951640+08:00, 0, 12.94095, 48.29629, 1, 1, 1, False
1214.622, 2021-07-05T16:07:22.9009260+08:00, 0, 12.94095, 48.29629, 1, 1, 1, False
1214.629, 2021-07-05T16:07:22.9079010+08:00, 0, 12.94095, 48.29629, 1, 1, 1, False
1214.636, 2021-07-05T16:07:22.9156400+08:00, 0, 12.94095, 48.29629, 1, 1, 1, False
1214.644, 2021-07-05T16:07:22.9233220+08:00, 0, 12.94095, 48.29629, 1, 1, 1, False
1214.648, 2021-07-05T16:07:22.9270710+08:00, 0, 12.94095, 48.29629, 1, 1, 1, False
1214.653, 2021-07-05T16:07:22.9321680+08:00, 0, 12.94095, 48.29629, 1, 1, 1, False
1214.66, 2021-07-05T16:07:22.9389910+08:00, 0, 12.94095, 48.29629, 1, 1, 1, False
1214.665, 2021-07-05T16:07:22.9442470+08:00, 0, 12.94095, 48.29629, 1, 1, 1, False
1214.673, 2021-07-05T16:07:22.9518540+08:00, 0, 12.94095, 48.29629, 1, 1, 1, False
1214.68, 2021-07-05T16:07:22.9588300+08:00, 0, 12.94095, 48.29629, 1, 1, 1, False
1214.684, 2021-07-05T16:07:22.9631630+08:00, 0, 12.94095, 48.29629, 1, 1, 1, False
1214.69, 2021-07-05T16:07:22.9695140+08:00, 0, 12.94095, 48.29629, 1, 1, 1, False
1214.697, 2021-07-05T16:07:22.9759910+08:00, 0, 12.94095, 48.29629, 1, 1, 1, False
1214.704, 2021-07-05T16:07:22.9834220+08:00, 0, 12.94095, 48.29629, 1, 1, 1, False
1214.709, 2021-07-05T16:07:22.9884090+08:00, 0, 12.94095, 48.29629, 1, 1, 1, False
1214.717, 2021-07-05T16:07:22.9957580+08:00, 0, 12.94095, 48.29629, 1, 1, 1, False
1214.721, 2021-07-05T16:07:23.0003040+08:00, 0, 12.94095, 48.29629, 1, 1, 1, False
1214.728, 2021-07-05T16:07:23.0073940+08:00, 0, 12.94095, 48.29629, 1, 1, 1, False
1214.734, 2021-07-05T16:07:23.0131500+08:00, 0, 12.94095, 48.29629, 1, 1, 1, False
1214.74, 2021-07-05T16:07:23.0193840+08:00, 0, 12.94095, 48.29629, 1, 1, 1, False
1214.746, 2021-07-05T16:07:23.0255510+08:00, 0, 12.94095, 48.29629, 1, 1, 1, False
1214.753, 2021-07-05T16:07:23.0318150+08:00, 0, 12.94095, 48.29629, 1, 1, 1, False
1214.759, 2021-07-05T16:07:23.0377640+08:00, 0, 12.94095, 48.29629, 1, 1, 1, False
1214.765, 2021-07-05T16:07:23.0443810+08:00, 0, 12.94095, 48.29629, 1, 1, 1, False
1214.772, 2021-07-05T16:07:23.0508740+08:00, 0, 12.94095, 48.29629, 1, 1, 1, False
1214.778, 2021-07-05T16:07:23.0568890+08:00, 0, 12.94095, 48.29629, 1, 1, 1, False
1214.784, 2021-07-05T16:07:23.0635480+08:00, 0, 12.94095, 48.29629, 1, 1, 1, False
1214.79, 2021-07-05T16:07:23.0692250+08:00, 0, 12.94095, 48.29629, 1, 1, 1, False
1214.797, 2021-07-05T16:07:23.0759230+08:00, 0, 12.94095, 48.29629, 1, 1, 1, False
1214.805, 2021-07-05T16:07:23.0840590+08:00, 0, 12.94095, 48.29629, 1, 1, 1, False
1214.813, 2021-07-05T16:07:23.0916530+08:00, 0, 12.94095, 48.29629, 1, 1, 1, False
1214.821, 2021-07-05T16:07:23.1000800+08:00, 0, 12.94095, 48.29629, 1, 1, 1, False
1214.828, 2021-07-05T16:07:23.1077550+08:00, 0, 12.94095, 48.29629, 1, 1, 1, False
1214.837, 2021-07-05T16:07:23.1158950+08:00, 0, 12.94095, 48.29629, 1, 1, 1, False
1214.845, 2021-07-05T16:07:23.1238300+08:00, 0, 12.94095, 48.29629, 1, 1, 1, False
1214.853, 2021-07-05T16:07:23.1320890+08:00, 0, 12.94095, 48.29629, 1, 1, 1, False
1214.86, 2021-07-05T16:07:23.1396550+08:00, 0, 12.94095, 48.29629, 1, 1, 1, False
1214.868, 2021-07-05T16:07:23.1473040+08:00, 0, 12.94095, 48.29629, 1, 1, 1, False
1214.872, 2021-07-05T16:07:23.1508030+08:00, 0, 12.94095, 48.29629, 1, 1, 1, False
1214.876, 2021-07-05T16:07:23.1550960+08:00, 0, 12.94095, 48.29629, 1, 1, 1, False
1214.88, 2021-07-05T16:07:23.1586450+08:00, 0, 12.94095, 48.29629, 1, 1, 1, False
1214.884, 2021-07-05T16:07:23.1628440+08:00, 0, 12.94095, 48.29629, 1, 1, 1, False
1214.888, 2021-07-05T16:07:23.1670860+08:00, 0, 12.94095, 48.29629, 1, 1, 1, False
1214.891, 2021-07-05T16:07:23.1706580+08:00, 0, 12.94095, 48.29629, 1, 1, 1, False
1214.896, 2021-07-05T16:07:23.1749690+08:00, 0, 12.94095, 48.29629, 1, 1, 1, False
1214.902, 2021-07-05T16:07:23.1809850+08:00, 0, 12.94095, 48.29629, 1, 1, 1, False
1214.908, 2021-07-05T16:07:23.1876210+08:00, 0, 12.94095, 48.29629, 1, 1, 1, False
1214.915, 2021-07-05T16:07:23.1940240+08:00, 0, 12.94095, 48.29629, 1, 1, 1, False
1214.921, 2021-07-05T16:07:23.1999770+08:00, 0, 12.94095, 48.29629, 1, 1, 1, False
1214.928, 2021-07-05T16:07:23.2074290+08:00, 0, 12.94095, 48.29629, 1, 1, 1, False
1214.937, 2021-07-05T16:07:23.2159870+08:00, 0, 12.94095, 48.29629, 1, 1, 1, False
1214.944, 2021-07-05T16:07:23.2237290+08:00, 0, 12.94095, 48.29629, 1, 1, 1, False
1214.953, 2021-07-05T16:07:23.2319170+08:00, 0, 12.94095, 48.29629, 1, 1, 1, False
1214.961, 2021-07-05T16:07:23.2399730+08:00, 0, 12.94095, 48.29629, 1, 1, 1, False
1214.968, 2021-07-05T16:07:23.2472170+08:00, 0, 12.94095, 48.29629, 1, 1, 1, False
1214.977, 2021-07-05T16:07:23.2559850+08:00, 0, 12.94095, 48.29629, 1, 1, 1, False
1214.985, 2021-07-05T16:07:23.2639630+08:00, 0, 12.94095, 48.29629, 1, 1, 1, False
1214.992, 2021-07-05T16:07:23.2711330+08:00, 0, 12.94095, 48.29629, 1, 1, 1, False
1214.996, 2021-07-05T16:07:23.2748230+08:00, 0, 12.94095, 48.29629, 1, 1, 1, False
1215, 2021-07-05T16:07:23.2791120+08:00, 0, 12.94095, 48.29629, 1, 1, 1, False
1215.004, 2021-07-05T16:07:23.2827970+08:00, 0, 12.94095, 48.29629, 1, 1, 1, False
1215.008, 2021-07-05T16:07:23.2867420+08:00, 0, 12.94095, 48.29629, 1, 1, 1, False
1215.012, 2021-07-05T16:07:23.2914480+08:00, 0, 12.94095, 48.29629, 1, 1, 1, False
1215.016, 2021-07-05T16:07:23.2946990+08:00, 0, 12.94095, 48.29629, 1, 1, 1, False
1215.021, 2021-07-05T16:07:23.2997790+08:00, 0, 12.94095, 48.29629, 1, 1, 1, False
1215.027, 2021-07-05T16:07:23.3059940+08:00, 0, 12.94095, 48.29629, 1, 1, 1, False
1215.034, 2021-07-05T16:07:23.3127560+08:00, 0, 12.94095, 48.29629, 1, 1, 1, False
1215.04, 2021-07-05T16:07:23.3195260+08:00, 0, 12.94095, 48.29629, 1, 1, 1, False
1215.048, 2021-07-05T16:07:23.3276470+08:00, 0, 12.94095, 48.29629, 1, 1, 1, False
1215.057, 2021-07-05T16:07:23.3358980+08:00, 0, 12.94095, 48.29629, 1, 1, 1, False
1215.064, 2021-07-05T16:07:23.3432960+08:00, 0, 12.94095, 48.29629, 1, 1, 1, False
1215.068, 2021-07-05T16:07:23.3469470+08:00, 0, 12.94095, 48.29629, 1, 1, 1, False
1215.072, 2021-07-05T16:07:23.3508410+08:00, 0, 12.94095, 48.29629, 1, 1, 1, False
1215.077, 2021-07-05T16:07:23.3560450+08:00, 0, 12.94095, 48.29629, 1, 1, 1, False
1215.084, 2021-07-05T16:07:23.3631150+08:00, 0, 12.94095, 48.29629, 1, 1, 1, False
1215.09, 2021-07-05T16:07:23.3689730+08:00, 0, 12.94095, 48.29629, 1, 1, 1, False
1215.096, 2021-07-05T16:07:23.3754850+08:00, 0, 12.94095, 48.29629, 1, 1, 1, False
1215.102, 2021-07-05T16:07:23.3812520+08:00, 0, 12.94095, 48.29629, 1, 1, 1, False
1215.109, 2021-07-05T16:07:23.3877580+08:00, 0, 12.94095, 48.29629, 1, 1, 1, False
1215.115, 2021-07-05T16:07:23.3937010+08:00, 0, 12.94095, 48.29629, 1, 1, 1, False
1215.121, 2021-07-05T16:07:23.4003430+08:00, 0, 12.94095, 48.29629, 1, 1, 1, False
1215.128, 2021-07-05T16:07:23.4071590+08:00, 0, 12.94095, 48.29629, 1, 1, 1, False
1215.134, 2021-07-05T16:07:23.4128370+08:00, 0, 12.94095, 48.29629, 1, 1, 1, False
1215.14, 2021-07-05T16:07:23.4197050+08:00, 0, 12.94095, 48.29629, 1, 1, 1, False
1215.148, 2021-07-05T16:07:23.4276570+08:00, 0, 12.94095, 48.29629, 1, 1, 1, False
1215.157, 2021-07-05T16:07:23.4359130+08:00, 0, 12.94095, 48.29629, 1, 1, 1, False
1215.164, 2021-07-05T16:07:23.4432630+08:00, 0, 12.94095, 48.29629, 1, 1, 1, False
1215.168, 2021-07-05T16:07:23.4469010+08:00, 0, 12.94095, 48.29629, 1, 1, 1, False
1215.172, 2021-07-05T16:07:23.4510240+08:00, 0, 12.94095, 48.29629, 1, 1, 1, False
1215.177, 2021-07-05T16:07:23.4564040+08:00, 0, 12.94095, 48.29629, 1, 1, 1, False
1215.184, 2021-07-05T16:07:23.4636060+08:00, 0, 12.94095, 48.29629, 1, 1, 1, False
1215.19, 2021-07-05T16:07:23.4688520+08:00, 0, 12.94095, 48.29629, 1, 1, 1, False
1215.196, 2021-07-05T16:07:23.4756350+08:00, 0, 12.94095, 48.29629, 1, 1, 1, False
1215.202, 2021-07-05T16:07:23.4809890+08:00, 0, 12.94095, 48.29629, 1, 1, 1, False
1215.208, 2021-07-05T16:07:23.4874650+08:00, 0, 12.94095, 48.29629, 1, 1, 1, False
1215.215, 2021-07-05T16:07:23.4938910+08:00, 0, 12.94095, 48.29629, 1, 1, 1, False
1215.221, 2021-07-05T16:07:23.4998560+08:00, 0, 12.94095, 48.29629, 1, 1, 1, False
1215.228, 2021-07-05T16:07:23.5075600+08:00, 0, 12.94095, 48.29629, 1, 1, 1, False
1215.237, 2021-07-05T16:07:23.5159320+08:00, 0, 12.94095, 48.29629, 1, 1, 1, False
1215.245, 2021-07-05T16:07:23.5238640+08:00, 0, 12.94095, 48.29629, 1, 1, 1, False
1215.253, 2021-07-05T16:07:23.5319590+08:00, 0, 12.94095, 48.29629, 1, 1, 1, False
1215.26, 2021-07-05T16:07:23.5397200+08:00, 0, 12.94095, 48.29629, 1, 1, 1, False
1215.269, 2021-07-05T16:07:23.5478980+08:00, 0, 12.94095, 48.29629, 1, 1, 1, False
1215.276, 2021-07-05T16:07:23.5555730+08:00, 0, 12.94095, 48.29629, 1, 1, 1, False
1215.28, 2021-07-05T16:07:23.5590340+08:00, 0, 12.94095, 48.29629, 1, 1, 1, False
1215.284, 2021-07-05T16:07:23.5631630+08:00, 0, 12.94095, 48.29629, 1, 1, 1, False
1215.288, 2021-07-05T16:07:23.5668930+08:00, 0, 12.94095, 48.29629, 1, 1, 1, False
1215.292, 2021-07-05T16:07:23.5707800+08:00, 0, 12.94095, 48.29629, 1, 1, 1, False
1215.296, 2021-07-05T16:07:23.5749080+08:00, 0, 12.94095, 48.29629, 1, 1, 1, False
1215.301, 2021-07-05T16:07:23.5806220+08:00, 0, 12.94095, 48.29629, 1, 1, 1, False
1215.308, 2021-07-05T16:07:23.5873360+08:00, 0, 12.94095, 48.29629, 1, 1, 1, False
1215.314, 2021-07-05T16:07:23.5936700+08:00, 0, 12.94095, 48.29629, 1, 1, 1, False
1215.32, 2021-07-05T16:07:23.5996220+08:00, 0, 12.94095, 48.29629, 1, 1, 1, False
1215.328, 2021-07-05T16:07:23.6076770+08:00, 0, 12.94095, 48.29629, 1, 1, 1, False
1215.333, 2021-07-05T16:07:23.6125090+08:00, 0, 12.94095, 48.29629, 1, 1, 1, False
1215.34, 2021-07-05T16:07:23.6191020+08:00, 0, 12.94095, 48.29629, 1, 1, 1, False
1215.346, 2021-07-05T16:07:23.6248990+08:00, 0, 12.94095, 48.29629, 1, 1, 1, False
1215.352, 2021-07-05T16:07:23.6314910+08:00, 0, 12.94095, 48.29629, 1, 1, 1, False
1215.358, 2021-07-05T16:07:23.6376370+08:00, 0, 12.94095, 48.29629, 1, 1, 1, False
1215.365, 2021-07-05T16:07:23.6439630+08:00, 0, 12.94095, 48.29629, 1, 1, 1, False
1215.372, 2021-07-05T16:07:23.6510070+08:00, 0, 12.94095, 48.29629, 1, 1, 1, False
1215.377, 2021-07-05T16:07:23.6559270+08:00, 0, 12.94095, 48.29629, 1, 1, 1, False
1215.384, 2021-07-05T16:07:23.6630480+08:00, 0, 12.94095, 48.29629, 1, 1, 1, False
1215.389, 2021-07-05T16:07:23.6686680+08:00, 0, 12.94095, 48.29629, 1, 1, 1, False
1215.396, 2021-07-05T16:07:23.6755320+08:00, 0, 12.94095, 48.29629, 1, 1, 1, False
1215.402, 2021-07-05T16:07:23.6810610+08:00, 0, 12.94095, 48.29629, 1, 1, 1, False
1215.408, 2021-07-05T16:07:23.6873950+08:00, 0, 12.94095, 48.29629, 1, 1, 1, False
1215.414, 2021-07-05T16:07:23.6934760+08:00, 0, 12.94095, 48.29629, 1, 1, 1, False
1215.421, 2021-07-05T16:07:23.7001750+08:00, 0, 12.94095, 48.29629, 1, 1, 1, False
1215.428, 2021-07-05T16:07:23.7069780+08:00, 0, 12.94095, 48.29629, 1, 1, 1, False
1215.433, 2021-07-05T16:07:23.7124910+08:00, 0, 12.94095, 48.29629, 1, 1, 1, False
1215.44, 2021-07-05T16:07:23.7190950+08:00, 0, 12.94095, 48.29629, 1, 1, 1, False
1215.445, 2021-07-05T16:07:23.7240910+08:00, 0, 12.94095, 48.29629, 1, 1, 1, False
1215.451, 2021-07-05T16:07:23.7306380+08:00, 0, 12.94095, 48.29629, 1, 1, 1, False
1215.458, 2021-07-05T16:07:23.7371050+08:00, 0, 12.94095, 48.29629, 1, 1, 1, False
1215.464, 2021-07-05T16:07:23.7437070+08:00, 0, 12.94095, 48.29629, 1, 1, 1, False
1215.473, 2021-07-05T16:07:23.7519330+08:00, 0, 12.94095, 48.29629, 1, 1, 1, False
1215.48, 2021-07-05T16:07:23.7591480+08:00, 0, 12.94095, 48.29629, 1, 1, 1, False
1215.484, 2021-07-05T16:07:23.7629500+08:00, 0, 12.94095, 48.29629, 1, 1, 1, False
1215.489, 2021-07-05T16:07:23.7680870+08:00, 0, 12.94095, 48.29629, 1, 1, 1, False
1215.496, 2021-07-05T16:07:23.7750140+08:00, 0, 12.94095, 48.29629, 1, 1, 1, False
1215.501, 2021-07-05T16:07:23.7802850+08:00, 0, 12.94095, 48.29629, 1, 1, 1, False
1215.508, 2021-07-05T16:07:23.7874300+08:00, 0, 12.94095, 48.29629, 1, 1, 1, False
1215.514, 2021-07-05T16:07:23.7931580+08:00, 0, 12.94095, 48.29629, 1, 1, 1, False
1215.521, 2021-07-05T16:07:23.7997170+08:00, 0, 12.94095, 48.29629, 1, 1, 1, False
1215.526, 2021-07-05T16:07:23.8053830+08:00, 0, 12.94095, 48.29629, 1, 1, 1, False
1215.533, 2021-07-05T16:07:23.8119660+08:00, 0, 12.94095, 48.29629, 1, 1, 1, False
1215.54, 2021-07-05T16:07:23.8192950+08:00, 0, 12.94095, 48.29629, 1, 1, 1, False
1215.545, 2021-07-05T16:07:23.8245480+08:00, 0, 12.94095, 48.29629, 1, 1, 1, False
1215.552, 2021-07-05T16:07:23.8312350+08:00, 0, 12.94095, 48.29629, 1, 1, 1, False
1215.558, 2021-07-05T16:07:23.8369800+08:00, 0, 12.94095, 48.29629, 1, 1, 1, False
1215.564, 2021-07-05T16:07:23.8436640+08:00, 0, 12.94095, 48.29629, 1, 1, 1, False
1215.573, 2021-07-05T16:07:23.8519190+08:00, 0, 12.94095, 48.29629, 1, 1, 1, False
1215.58, 2021-07-05T16:07:23.8591300+08:00, 0, 12.94095, 48.29629, 1, 1, 1, False
1215.584, 2021-07-05T16:07:23.8627840+08:00, 0, 12.94095, 48.29629, 1, 1, 1, False
1215.589, 2021-07-05T16:07:23.8679720+08:00, 0, 12.94095, 48.29629, 1, 1, 1, False
1215.596, 2021-07-05T16:07:23.8748800+08:00, 0, 12.94095, 48.29629, 1, 1, 1, False
1215.601, 2021-07-05T16:07:23.8806180+08:00, 0, 12.94095, 48.29629, 1, 1, 1, False
1215.608, 2021-07-05T16:07:23.8872420+08:00, 0, 12.94095, 48.29629, 1, 1, 1, False
1215.614, 2021-07-05T16:07:23.8928460+08:00, 0, 12.94095, 48.29629, 1, 1, 1, False
1215.621, 2021-07-05T16:07:23.8998240+08:00, 0, 12.94095, 48.29629, 1, 1, 1, False
1215.628, 2021-07-05T16:07:23.9128530+08:00, 0, 12.94095, 48.29629, 1, 1, 1, False
1215.64, 2021-07-05T16:07:23.9195750+08:00, 0, 12.94095, 48.29629, 1, 1, 1, False
1215.644, 2021-07-05T16:07:23.9226690+08:00, 0, 12.94095, 48.29629, 1, 1, 1, False
1215.648, 2021-07-05T16:07:23.9268410+08:00, 0, 12.94095, 48.29629, 1, 1, 1, False
1215.672, 2021-07-05T16:07:23.9513970+08:00, 0, 12.94095, 48.29629, 1, 1, 1, False
1215.675, 2021-07-05T16:07:23.9545990+08:00, 0, 12.94095, 48.29629, 1, 1, 1, False
1215.68, 2021-07-05T16:07:23.9592780+08:00, 0, 12.94095, 48.29629, 1, 1, 1, False
1215.684, 2021-07-05T16:07:23.9627270+08:00, 0, 12.94095, 48.29629, 1, 1, 1, False
1215.688, 2021-07-05T16:07:23.9669980+08:00, 0, 12.94095, 48.29629, 1, 1, 1, False
1215.692, 2021-07-05T16:07:23.9709770+08:00, 0, 12.94095, 48.29629, 1, 1, 1, False
1215.696, 2021-07-05T16:07:23.9746740+08:00, 0, 12.94095, 48.29629, 1, 1, 1, False
1215.7, 2021-07-05T16:07:23.9787200+08:00, 0, 12.94095, 48.29629, 1, 1, 1, False
1215.705, 2021-07-05T16:07:23.9841580+08:00, 0, 12.94095, 48.29629, 1, 1, 1, False
1215.712, 2021-07-05T16:07:23.9916210+08:00, 0, 12.94095, 48.29629, 1, 1, 1, False
1215.718, 2021-07-05T16:07:23.9970990+08:00, 0, 12.94095, 48.29629, 1, 1, 1, False
1215.724, 2021-07-05T16:07:24.0036130+08:00, 0, 12.94095, 48.29629, 1, 1, 1, False
1215.73, 2021-07-05T16:07:24.0091880+08:00, 0, 12.94095, 48.29629, 1, 1, 1, False
1215.737, 2021-07-05T16:07:24.0157420+08:00, 0, 12.94095, 48.29629, 1, 1, 1, False
1215.742, 2021-07-05T16:07:24.0215170+08:00, 0, 12.94095, 48.29629, 1, 1, 1, False
1215.749, 2021-07-05T16:07:24.0281290+08:00, 0, 12.94095, 48.29629, 1, 1, 1, False
1215.756, 2021-07-05T16:07:24.0350540+08:00, 0, 12.94095, 48.29629, 1, 1, 1, False
1215.761, 2021-07-05T16:07:24.0402310+08:00, 0, 12.94095, 48.29629, 1, 1, 1, False
1215.768, 2021-07-05T16:07:24.0471610+08:00, 0, 12.94095, 48.29629, 1, 1, 1, False
1215.774, 2021-07-05T16:07:24.0528970+08:00, 0, 12.94095, 48.29629, 1, 1, 1, False
1215.78, 2021-07-05T16:07:24.0590950+08:00, 0, 12.94095, 48.29629, 1, 1, 1, False
1215.786, 2021-07-05T16:07:24.0655780+08:00, 0, 12.94095, 48.29629, 1, 1, 1, False
1215.793, 2021-07-05T16:07:24.0718620+08:00, 0, 12.94095, 48.29629, 1, 1, 1, False
1215.798, 2021-07-05T16:07:24.0777550+08:00, 0, 12.94095, 48.29629, 1, 1, 1, False
1215.805, 2021-07-05T16:07:24.0844060+08:00, 0, 12.94095, 48.29629, 1, 1, 1, False
1215.812, 2021-07-05T16:07:24.0915280+08:00, 0, 12.94095, 48.29629, 1, 1, 1, False
1215.818, 2021-07-05T16:07:24.0970030+08:00, 0, 12.94095, 48.29629, 1, 1, 1, False
1215.825, 2021-07-05T16:07:24.1039500+08:00, 0, 12.94095, 48.29629, 1, 1, 1, False
1215.832, 2021-07-05T16:07:24.1116030+08:00, 0, 12.94095, 48.29629, 1, 1, 1, False
1215.84, 2021-07-05T16:07:24.1195380+08:00, 0, 12.94095, 48.29629, 1, 1, 1, False
1215.849, 2021-07-05T16:07:24.1279610+08:00, 0, 12.94095, 48.29629, 1, 1, 1, False
1215.856, 2021-07-05T16:07:24.1353700+08:00, 0, 12.94095, 48.29629, 1, 1, 1, False
1215.86, 2021-07-05T16:07:24.1389720+08:00, 0, 12.94095, 48.29629, 1, 1, 1, False
1215.864, 2021-07-05T16:07:24.1427420+08:00, 0, 12.94095, 48.29629, 1, 1, 1, False
1215.868, 2021-07-05T16:07:24.1469880+08:00, 0, 12.94095, 48.29629, 1, 1, 1, False
1215.874, 2021-07-05T16:07:24.1526750+08:00, 0, 12.94095, 48.29629, 1, 1, 1, False
1215.88, 2021-07-05T16:07:24.1590790+08:00, 0, 12.94095, 48.29629, 1, 1, 1, False
1215.886, 2021-07-05T16:07:24.1656870+08:00, 0, 12.94095, 48.29629, 1, 1, 1, False
1215.893, 2021-07-05T16:07:24.1718780+08:00, 0, 12.94095, 48.29629, 1, 1, 1, False
1215.899, 2021-07-05T16:07:24.1777630+08:00, 0, 12.94095, 48.29629, 1, 1, 1, False
1215.905, 2021-07-05T16:07:24.1844850+08:00, 0, 12.94095, 48.29629, 1, 1, 1, False
1215.912, 2021-07-05T16:07:24.1912680+08:00, 0, 12.94095, 48.29629, 1, 1, 1, False
1215.917, 2021-07-05T16:07:24.1964490+08:00, 0, 12.94095, 48.29629, 1, 1, 1, False
1215.924, 2021-07-05T16:07:24.2032250+08:00, 0, 12.94095, 48.29629, 1, 1, 1, False
1215.93, 2021-07-05T16:07:24.2093000+08:00, 0, 12.94095, 48.29629, 1, 1, 1, False
1215.936, 2021-07-05T16:07:24.2154820+08:00, 0, 12.94095, 48.29629, 1, 1, 1, False
1215.943, 2021-07-05T16:07:24.2218800+08:00, 0, 12.94095, 48.29629, 1, 1, 1, False
1215.949, 2021-07-05T16:07:24.2280500+08:00, 0, 12.94095, 48.29629, 1, 1, 1, False
1215.956, 2021-07-05T16:07:24.2351920+08:00, 0, 12.94095, 48.29629, 1, 1, 1, False
1215.961, 2021-07-05T16:07:24.2403860+08:00, 0, 12.94095, 48.29629, 1, 1, 1, False
1215.968, 2021-07-05T16:07:24.2469480+08:00, 0, 12.94095, 48.29629, 1, 1, 1, False
1215.973, 2021-07-05T16:07:24.2524590+08:00, 0, 12.94095, 48.29629, 1, 1, 1, False
1215.98, 2021-07-05T16:07:24.2590840+08:00, 0, 12.94095, 48.29629, 1, 1, 1, False
1215.986, 2021-07-05T16:07:24.2653990+08:00, 0, 12.94095, 48.29629, 1, 1, 1, False
1215.992, 2021-07-05T16:07:24.2713650+08:00, 0, 12.94095, 48.29629, 1, 1, 1, False
1215.999, 2021-07-05T16:07:24.2777080+08:00, 0, 12.94095, 48.29629, 1, 1, 1, False
1216.005, 2021-07-05T16:07:24.2839730+08:00, 0, 12.94095, 48.29629, 1, 1, 1, False
1216.012, 2021-07-05T16:07:24.2910000+08:00, 0, 12.94095, 48.29629, 1, 1, 1, False
1216.017, 2021-07-05T16:07:24.2964500+08:00, 0, 12.94095, 48.29629, 1, 1, 1, False
1216.024, 2021-07-05T16:07:24.3029830+08:00, 0, 12.94095, 48.29629, 1, 1, 1, False
1216.029, 2021-07-05T16:07:24.3083850+08:00, 0, 12.94095, 48.29629, 1, 1, 1, False
1216.036, 2021-07-05T16:07:24.3153890+08:00, 0, 12.94095, 48.29629, 1, 1, 1, False
1216.042, 2021-07-05T16:07:24.3211710+08:00, 0, 12.94095, 48.29629, 1, 1, 1, False
1216.048, 2021-07-05T16:07:24.3271420+08:00, 0, 12.94095, 48.29629, 1, 1, 1, False
1216.054, 2021-07-05T16:07:24.3335030+08:00, 0, 12.94095, 48.29629, 1, 1, 1, False
1216.061, 2021-07-05T16:07:24.3398240+08:00, 0, 12.94095, 48.29629, 1, 1, 1, False
1216.066, 2021-07-05T16:07:24.3455970+08:00, 0, 12.94095, 48.29629, 1, 1, 1, False
1216.073, 2021-07-05T16:07:24.3522080+08:00, 0, 12.94095, 48.29629, 1, 1, 1, False
1216.08, 2021-07-05T16:07:24.3589450+08:00, 0, 12.94095, 48.29629, 1, 1, 1, False
1216.085, 2021-07-05T16:07:24.3647130+08:00, 0, 12.94095, 48.29629, 1, 1, 1, False
1216.092, 2021-07-05T16:07:24.3712730+08:00, 0, 12.94095, 48.29629, 1, 1, 1, False
1216.098, 2021-07-05T16:07:24.3773390+08:00, 0, 12.94095, 48.29629, 1, 1, 1, False
1216.104, 2021-07-05T16:07:24.3837200+08:00, 0, 12.94095, 48.29629, 1, 1, 1, False
1216.111, 2021-07-05T16:07:24.3898290+08:00, 0, 12.94095, 48.29629, 1, 1, 1, False
1216.117, 2021-07-05T16:07:24.3960810+08:00, 0, 12.94095, 48.29629, 1, 1, 1, False
1216.124, 2021-07-05T16:07:24.4032890+08:00, 0, 12.94095, 48.29629, 1, 1, 1, False
1216.129, 2021-07-05T16:07:24.4085620+08:00, 0, 12.94095, 48.29629, 1, 1, 1, False
1216.136, 2021-07-05T16:07:24.4151770+08:00, 0, 12.94095, 48.29629, 1, 1, 1, False
1216.141, 2021-07-05T16:07:24.4207720+08:00, 0, 12.94095, 48.29629, 1, 1, 1, False
1216.149, 2021-07-05T16:07:24.4277360+08:00, 0, 12.94095, 48.29629, 1, 1, 1, False
1216.157, 2021-07-05T16:07:24.4360780+08:00, 0, 12.94095, 48.29629, 1, 1, 1, False
1216.164, 2021-07-05T16:07:24.4436310+08:00, 0, 12.94095, 48.29629, 1, 1, 1, False
1216.173, 2021-07-05T16:07:24.4520740+08:00, 0, 12.94095, 48.29629, 1, 1, 1, False
1216.18, 2021-07-05T16:07:24.4591020+08:00, 0, 12.94095, 48.29629, 1, 1, 1, False
1216.184, 2021-07-05T16:07:24.4628870+08:00, 0, 12.94095, 48.29629, 1, 1, 1, False
1216.188, 2021-07-05T16:07:24.4669560+08:00, 0, 12.94095, 48.29629, 1, 1, 1, False
1216.192, 2021-07-05T16:07:24.4708740+08:00, 0, 12.94095, 48.29629, 1, 1, 1, False
1216.198, 2021-07-05T16:07:24.4771060+08:00, 0, 12.94095, 48.29629, 1, 1, 1, False
1216.204, 2021-07-05T16:07:24.4835680+08:00, 0, 12.94095, 48.29629, 1, 1, 1, False
1216.21, 2021-07-05T16:07:24.4896150+08:00, 0, 12.94095, 48.29629, 1, 1, 1, False
1216.217, 2021-07-05T16:07:24.4960010+08:00, 0, 12.94095, 48.29629, 1, 1, 1, False
1216.224, 2021-07-05T16:07:24.5031270+08:00, 0, 12.94095, 48.29629, 1, 1, 1, False
1216.229, 2021-07-05T16:07:24.5084710+08:00, 0, 12.94095, 48.29629, 1, 1, 1, False
1216.236, 2021-07-05T16:07:24.5156740+08:00, 0, 12.94095, 48.29629, 1, 1, 1, False
1216.241, 2021-07-05T16:07:24.5205810+08:00, 0, 12.94095, 48.29629, 1, 1, 1, False
1216.249, 2021-07-05T16:07:24.5279050+08:00, 0, 12.94095, 48.29629, 1, 1, 1, False
1216.256, 2021-07-05T16:07:24.5350250+08:00, 0, 12.94095, 48.29629, 1, 1, 1, False
1216.265, 2021-07-05T16:07:24.5438270+08:00, 0, 12.94095, 48.29629, 1, 1, 1, False
1216.272, 2021-07-05T16:07:24.5510850+08:00, 0, 12.94095, 48.29629, 1, 1, 1, False
1216.276, 2021-07-05T16:07:24.5549300+08:00, 0, 12.94095, 48.29629, 1, 1, 1, False
1216.28, 2021-07-05T16:07:24.5589010+08:00, 0, 12.94095, 48.29629, 1, 1, 1, False
1216.285, 2021-07-05T16:07:24.5646070+08:00, 0, 12.94095, 48.29629, 1, 1, 1, False
1216.292, 2021-07-05T16:07:24.5713540+08:00, 0, 12.94095, 48.29629, 1, 1, 1, False
1216.298, 2021-07-05T16:07:24.5774100+08:00, 0, 12.94095, 48.29629, 1, 1, 1, False
1216.304, 2021-07-05T16:07:24.5835540+08:00, 0, 12.94095, 48.29629, 1, 1, 1, False
1216.31, 2021-07-05T16:07:24.5895490+08:00, 0, 12.94095, 48.29629, 1, 1, 1, False
1216.317, 2021-07-05T16:07:24.5962500+08:00, 0, 12.94095, 48.29629, 1, 1, 1, False
1216.324, 2021-07-05T16:07:24.6033780+08:00, 0, 12.94095, 48.29629, 1, 1, 1, False
1216.329, 2021-07-05T16:07:24.6084160+08:00, 0, 12.94095, 48.29629, 1, 1, 1, False
1216.336, 2021-07-05T16:07:24.6156610+08:00, 0, 12.94095, 48.29629, 1, 1, 1, False
1216.342, 2021-07-05T16:07:24.6213660+08:00, 0, 12.94095, 48.29629, 1, 1, 1, False
1216.348, 2021-07-05T16:07:24.6274600+08:00, 0, 12.94095, 48.29629, 1, 1, 1, False
1216.355, 2021-07-05T16:07:24.6337940+08:00, 0, 12.94095, 48.29629, 1, 1, 1, False
1216.361, 2021-07-05T16:07:24.6401150+08:00, 0, 12.94095, 48.29629, 1, 1, 1, False
1216.369, 2021-07-05T16:07:24.6477150+08:00, 0, 12.94095, 48.29629, 1, 1, 1, False
1216.373, 2021-07-05T16:07:24.6525770+08:00, 0, 12.94095, 48.29629, 1, 1, 1, False
1216.38, 2021-07-05T16:07:24.6589890+08:00, 0, 12.94095, 48.29629, 1, 1, 1, False
1216.385, 2021-07-05T16:07:24.6645790+08:00, 0, 12.94095, 48.29629, 1, 1, 1, False
1216.392, 2021-07-05T16:07:24.6711270+08:00, 0, 12.94095, 48.29629, 1, 1, 1, False
1216.398, 2021-07-05T16:07:24.6775510+08:00, 0, 12.94095, 48.29629, 1, 1, 1, False
1216.404, 2021-07-05T16:07:24.6836380+08:00, 0, 12.94095, 48.29629, 1, 1, 1, False
1216.411, 2021-07-05T16:07:24.6901030+08:00, 0, 12.94095, 48.29629, 1, 1, 1, False
1216.417, 2021-07-05T16:07:24.6964430+08:00, 0, 12.94095, 48.29629, 1, 1, 1, False
1216.424, 2021-07-05T16:07:24.7029400+08:00, 0, 12.94095, 48.29629, 1, 1, 1, False
1216.429, 2021-07-05T16:07:24.7084580+08:00, 0, 12.94095, 48.29629, 1, 1, 1, False
1216.436, 2021-07-05T16:07:24.7155980+08:00, 0, 12.94095, 48.29629, 1, 1, 1, False
1216.442, 2021-07-05T16:07:24.7210320+08:00, 0, 12.94095, 48.29629, 1, 1, 1, False
1216.448, 2021-07-05T16:07:24.7277390+08:00, 0, 12.94095, 48.29629, 1, 1, 1, False
1216.457, 2021-07-05T16:07:24.7358850+08:00, 0, 12.94095, 48.29629, 1, 1, 1, False
1216.474, 2021-07-05T16:07:24.7537090+08:00, 0, 12.94095, 48.29629, 1, 1, 1, False
1216.48, 2021-07-05T16:07:24.7593320+08:00, 0, 12.94095, 48.29629, 1, 1, 1, False
1216.484, 2021-07-05T16:07:24.7628030+08:00, 0, 12.94095, 48.29629, 1, 1, 1, False
1216.488, 2021-07-05T16:07:24.7670240+08:00, 0, 12.94095, 48.29629, 1, 1, 1, False
1216.492, 2021-07-05T16:07:24.7710640+08:00, 0, 12.94095, 48.29629, 1, 1, 1, False
1216.496, 2021-07-05T16:07:24.7749980+08:00, 0, 12.94095, 48.29629, 1, 1, 1, False
1216.5, 2021-07-05T16:07:24.7789410+08:00, 0, 12.94095, 48.29629, 1, 1, 1, False
1216.504, 2021-07-05T16:07:24.7834230+08:00, 0, 12.94095, 48.29629, 1, 1, 1, False
1216.51, 2021-07-05T16:07:24.7892810+08:00, 0, 12.94095, 48.29629, 1, 1, 1, False
1216.517, 2021-07-05T16:07:24.7959290+08:00, 0, 12.94095, 48.29629, 1, 1, 1, False
1216.525, 2021-07-05T16:07:24.8036970+08:00, 0, 12.94095, 48.29629, 1, 1, 1, False
1216.529, 2021-07-05T16:07:24.8079200+08:00, 0, 12.94095, 48.29629, 1, 1, 1, False
1216.537, 2021-07-05T16:07:24.8159550+08:00, 0, 12.94095, 48.29629, 1, 1, 1, False
1216.545, 2021-07-05T16:07:24.8241470+08:00, 0, 12.94095, 48.29629, 1, 1, 1, False
1216.552, 2021-07-05T16:07:24.8317650+08:00, 0, 12.94095, 48.29629, 1, 1, 1, False
1216.561, 2021-07-05T16:07:24.8399600+08:00, 0, 12.94095, 48.29629, 1, 1, 1, False
1216.568, 2021-07-05T16:07:24.8475280+08:00, 0, 12.94095, 48.29629, 1, 1, 1, False
1216.572, 2021-07-05T16:07:24.8507890+08:00, 0, 12.94095, 48.29629, 1, 1, 1, False
1216.576, 2021-07-05T16:07:24.8549260+08:00, 0, 12.94095, 48.29629, 1, 1, 1, False
1216.58, 2021-07-05T16:07:24.8590090+08:00, 0, 12.94095, 48.29629, 1, 1, 1, False
1216.585, 2021-07-05T16:07:24.8646040+08:00, 0, 12.94095, 48.29629, 1, 1, 1, False
1216.592, 2021-07-05T16:07:24.8712340+08:00, 0, 12.94095, 48.29629, 1, 1, 1, False
1216.598, 2021-07-05T16:07:24.8776080+08:00, 0, 12.94095, 48.29629, 1, 1, 1, False
1216.605, 2021-07-05T16:07:24.8837930+08:00, 0, 12.94095, 48.29629, 1, 1, 1, False
1216.61, 2021-07-05T16:07:24.8897780+08:00, 0, 12.94095, 48.29629, 1, 1, 1, False
1216.617, 2021-07-05T16:07:24.8963060+08:00, 0, 12.94095, 48.29629, 1, 1, 1, False
1216.624, 2021-07-05T16:07:24.9028900+08:00, 0, 12.94095, 48.29629, 1, 1, 1, False
1216.629, 2021-07-05T16:07:24.9083860+08:00, 0, 12.94095, 48.29629, 1, 1, 1, False
1216.636, 2021-07-05T16:07:24.9155490+08:00, 0, 12.94095, 48.29629, 1, 1, 1, False
1216.642, 2021-07-05T16:07:24.9212140+08:00, 0, 12.94095, 48.29629, 1, 1, 1, False
1216.648, 2021-07-05T16:07:24.9276380+08:00, 0, 12.94095, 48.29629, 1, 1, 1, False
1216.656, 2021-07-05T16:07:24.9350770+08:00, 0, 12.94095, 48.29629, 1, 1, 1, False
1216.661, 2021-07-05T16:07:24.9400780+08:00, 0, 12.94095, 48.29629, 1, 1, 1, False
1216.668, 2021-07-05T16:07:24.9472940+08:00, 0, 12.94095, 48.29629, 1, 1, 1, False
1216.673, 2021-07-05T16:07:24.9525790+08:00, 0, 12.94095, 48.29629, 1, 1, 1, False
1216.68, 2021-07-05T16:07:24.9590390+08:00, 0, 12.94095, 48.29629, 1, 1, 1, False
1216.685, 2021-07-05T16:07:24.9647140+08:00, 0, 12.94095, 48.29629, 1, 1, 1, False
1216.692, 2021-07-05T16:07:24.9712400+08:00, 0, 12.94095, 48.29629, 1, 1, 1, False
1216.698, 2021-07-05T16:07:24.9775530+08:00, 0, 12.94095, 48.29629, 1, 1, 1, False
1216.704, 2021-07-05T16:07:24.9835070+08:00, 0, 12.94095, 48.29629, 1, 1, 1, False
1216.711, 2021-07-05T16:07:24.9900820+08:00, 0, 12.94095, 48.29629, 1, 1, 1, False
1216.717, 2021-07-05T16:07:24.9964090+08:00, 0, 12.94095, 48.29629, 1, 1, 1, False
1216.725, 2021-07-05T16:07:25.0041300+08:00, 0, 12.94095, 48.29629, 1, 1, 1, False
1216.732, 2021-07-05T16:07:25.0116810+08:00, 0, 12.94095, 48.29629, 1, 1, 1, False
1216.741, 2021-07-05T16:07:25.0231430+08:00, 0, 12.94095, 48.29629, 1, 1, 1, False
1216.748, 2021-07-05T16:07:25.0299240+08:00, 0, 12.94095, 48.29629, 1, 1, 1, False
1216.756, 2021-07-05T16:07:25.0383560+08:00, 0, 12.94095, 48.29629, 1, 1, 1, False
1216.764, 2021-07-05T16:07:25.0430950+08:00, 0, 12.94095, 48.29629, 1, 1, 1, False
1216.768, 2021-07-05T16:07:25.0468580+08:00, 0, 12.94095, 48.29629, 1, 1, 1, False
1216.772, 2021-07-05T16:07:25.0507220+08:00, 0, 12.94095, 48.29629, 1, 1, 1, False
1216.776, 2021-07-05T16:07:25.0549340+08:00, 0, 12.94095, 48.29629, 1, 1, 1, False
1216.78, 2021-07-05T16:07:25.0589640+08:00, 0, 12.94095, 48.29629, 1, 1, 1, False
1216.786, 2021-07-05T16:07:25.0649540+08:00, 0, 12.94095, 48.29629, 1, 1, 1, False
1216.792, 2021-07-05T16:07:25.0715710+08:00, 0, 12.94095, 48.29629, 1, 1, 1, False
1216.799, 2021-07-05T16:07:25.0780080+08:00, 0, 12.94095, 48.29629, 1, 1, 1, False
1216.805, 2021-07-05T16:07:25.0838510+08:00, 0, 12.94095, 48.29629, 1, 1, 1, False
1216.812, 2021-07-05T16:07:25.0911350+08:00, 0, 12.94095, 48.29629, 1, 1, 1, False
1216.818, 2021-07-05T16:07:25.0966980+08:00, 0, 12.94095, 48.29629, 1, 1, 1, False
1216.824, 2021-07-05T16:07:25.1029570+08:00, 0, 12.94095, 48.29629, 1, 1, 1, False
1216.83, 2021-07-05T16:07:25.1089490+08:00, 0, 12.94095, 48.29629, 1, 1, 1, False
1216.836, 2021-07-05T16:07:25.1156490+08:00, 0, 12.94095, 48.29629, 1, 1, 1, False
1216.842, 2021-07-05T16:07:25.1216080+08:00, 0, 12.94095, 48.29629, 1, 1, 1, False
1216.849, 2021-07-05T16:07:25.1282050+08:00, 0, 12.94095, 48.29629, 1, 1, 1, False
1216.856, 2021-07-05T16:07:25.1349980+08:00, 0, 12.94095, 48.29629, 1, 1, 1, False
1216.861, 2021-07-05T16:07:25.1402480+08:00, 0, 12.94095, 48.29629, 1, 1, 1, False
1216.869, 2021-07-05T16:07:25.1479880+08:00, 0, 12.94095, 48.29629, 1, 1, 1, False
1216.877, 2021-07-05T16:07:25.1559840+08:00, 0, 12.94095, 48.29629, 1, 1, 1, False
1216.884, 2021-07-05T16:07:25.1636350+08:00, 0, 12.94095, 48.29629, 1, 1, 1, False
1216.892, 2021-07-05T16:07:25.1716760+08:00, 0, 12.94095, 48.29629, 1, 1, 1, False
1216.9, 2021-07-05T16:07:25.1793680+08:00, 0, 12.94095, 48.29629, 1, 1, 1, False
1216.904, 2021-07-05T16:07:25.1829070+08:00, 0, 12.94095, 48.29629, 1, 1, 1, False
1216.908, 2021-07-05T16:07:25.1869540+08:00, 0, 12.94095, 48.29629, 1, 1, 1, False
1216.912, 2021-07-05T16:07:25.1908000+08:00, 0, 12.94095, 48.29629, 1, 1, 1, False
1216.917, 2021-07-05T16:07:25.1965460+08:00, 0, 12.94095, 48.29629, 1, 1, 1, False
1216.925, 2021-07-05T16:07:25.2038330+08:00, 0, 12.94095, 48.29629, 1, 1, 1, False
1216.93, 2021-07-05T16:07:25.2094990+08:00, 0, 12.94095, 48.29629, 1, 1, 1, False
1216.937, 2021-07-05T16:07:25.2156830+08:00, 0, 12.94095, 48.29629, 1, 1, 1, False
1216.943, 2021-07-05T16:07:25.2220810+08:00, 0, 12.94095, 48.29629, 1, 1, 1, False
1216.949, 2021-07-05T16:07:25.2282120+08:00, 0, 12.94095, 48.29629, 1, 1, 1, False
1216.957, 2021-07-05T16:07:25.2357760+08:00, 0, 12.94095, 48.29629, 1, 1, 1, False
1216.964, 2021-07-05T16:07:25.2432540+08:00, 0, 12.94095, 48.29629, 1, 1, 1, False
1216.968, 2021-07-05T16:07:25.2468610+08:00, 0, 12.94095, 48.29629, 1, 1, 1, False
1216.974, 2021-07-05T16:07:25.2531420+08:00, 0, 12.94095, 48.29629, 1, 1, 1, False
1216.98, 2021-07-05T16:07:25.2592170+08:00, 0, 12.94095, 48.29629, 1, 1, 1, False
1216.986, 2021-07-05T16:07:25.2655960+08:00, 0, 12.94095, 48.29629, 1, 1, 1, False
1216.993, 2021-07-05T16:07:25.2718530+08:00, 0, 12.94095, 48.29629, 1, 1, 1, False
1216.999, 2021-07-05T16:07:25.2778150+08:00, 0, 12.94095, 48.29629, 1, 1, 1, False
1217.005, 2021-07-05T16:07:25.2844220+08:00, 0, 12.94095, 48.29629, 1, 1, 1, False
1217.012, 2021-07-05T16:07:25.2914670+08:00, 0, 12.94095, 48.29629, 1, 1, 1, False
1217.018, 2021-07-05T16:07:25.2969980+08:00, 0, 12.94095, 48.29629, 1, 1, 1, False
1217.024, 2021-07-05T16:07:25.3036810+08:00, 0, 12.94095, 48.29629, 1, 1, 1, False
1217.03, 2021-07-05T16:07:25.3094530+08:00, 0, 12.94095, 48.29629, 1, 1, 1, False
1217.036, 2021-07-05T16:07:25.3154650+08:00, 0, 12.94095, 48.29629, 1, 1, 1, False
1217.043, 2021-07-05T16:07:25.3218900+08:00, 0, 12.94095, 48.29629, 1, 1, 1, False
1217.049, 2021-07-05T16:07:25.3280650+08:00, 0, 12.94095, 48.29629, 1, 1, 1, False
1217.056, 2021-07-05T16:07:25.3354610+08:00, 0, 12.94095, 48.29629, 1, 1, 1, False
1217.064, 2021-07-05T16:07:25.3436660+08:00, 0, 12.94095, 48.29629, 1, 1, 1, False
1217.072, 2021-07-05T16:07:25.3511070+08:00, 0, 12.94095, 48.29629, 1, 1, 1, False
1217.08, 2021-07-05T16:07:25.3593100+08:00, 0, 12.94095, 48.29629, 1, 1, 1, False
1217.084, 2021-07-05T16:07:25.3628020+08:00, 0, 12.94095, 48.29629, 1, 1, 1, False
1217.088, 2021-07-05T16:07:25.3668550+08:00, 0, 12.94095, 48.29629, 1, 1, 1, False
1217.092, 2021-07-05T16:07:25.3714490+08:00, 0, 12.94095, 48.29629, 1, 1, 1, False
1217.099, 2021-07-05T16:07:25.3778620+08:00, 0, 12.94095, 48.29629, 1, 1, 1, False
1217.105, 2021-07-05T16:07:25.3844750+08:00, 0, 12.94095, 48.29629, 1, 1, 1, False
1217.112, 2021-07-05T16:07:25.3914330+08:00, 0, 12.94095, 48.29629, 1, 1, 1, False
1217.117, 2021-07-05T16:07:25.3965950+08:00, 0, 12.94095, 48.29629, 1, 1, 1, False
1217.125, 2021-07-05T16:07:25.4039170+08:00, 0, 12.94095, 48.29629, 1, 1, 1, False
1217.133, 2021-07-05T16:07:25.4118390+08:00, 0, 12.94095, 48.29629, 1, 1, 1, False
1217.141, 2021-07-05T16:07:25.4201870+08:00, 0, 12.94095, 48.29629, 1, 1, 1, False
1217.148, 2021-07-05T16:07:25.4277900+08:00, 0, 12.94095, 48.29629, 1, 1, 1, False
1217.156, 2021-07-05T16:07:25.4355230+08:00, 0, 12.94095, 48.29629, 1, 1, 1, False
1217.164, 2021-07-05T16:07:25.4435340+08:00, 0, 12.94095, 48.29629, 1, 1, 1, False
1217.173, 2021-07-05T16:07:25.4520420+08:00, 0, 12.94095, 48.29629, 1, 1, 1, False
1217.18, 2021-07-05T16:07:25.4593720+08:00, 0, 12.94095, 48.29629, 1, 1, 1, False
1217.184, 2021-07-05T16:07:25.4628350+08:00, 0, 12.94095, 48.29629, 1, 1, 1, False
1217.188, 2021-07-05T16:07:25.4668880+08:00, 0, 12.94095, 48.29629, 1, 1, 1, False
1217.192, 2021-07-05T16:07:25.4709040+08:00, 0, 12.94095, 48.29629, 1, 1, 1, False
1217.196, 2021-07-05T16:07:25.4748770+08:00, 0, 12.94095, 48.29629, 1, 1, 1, False
1217.2, 2021-07-05T16:07:25.4790920+08:00, 0, 12.94095, 48.29629, 1, 1, 1, False
1217.205, 2021-07-05T16:07:25.4841870+08:00, 0, 12.94095, 48.29629, 1, 1, 1, False
1217.211, 2021-07-05T16:07:25.4902030+08:00, 0, 12.94095, 48.29629, 1, 1, 1, False
1217.218, 2021-07-05T16:07:25.4968640+08:00, 0, 12.94095, 48.29629, 1, 1, 1, False
1217.224, 2021-07-05T16:07:25.5035670+08:00, 0, 12.94095, 48.29629, 1, 1, 1, False
1217.23, 2021-07-05T16:07:25.5092300+08:00, 0, 12.94095, 48.29629, 1, 1, 1, False
1217.236, 2021-07-05T16:07:25.5155450+08:00, 0, 12.94095, 48.29629, 1, 1, 1, False
1217.243, 2021-07-05T16:07:25.5218250+08:00, 0, 12.94095, 48.29629, 1, 1, 1, False
1217.249, 2021-07-05T16:07:25.5277760+08:00, 0, 12.94095, 48.29629, 1, 1, 1, False
1217.276, 2021-07-05T16:07:25.5558590+08:00, 0, 12.94095, 48.29629, 1, 1, 1, False
1217.285, 2021-07-05T16:07:25.5638680+08:00, 0, 12.94095, 48.29629, 1, 1, 1, False
1217.292, 2021-07-05T16:07:25.5713780+08:00, 0, 12.94095, 48.29629, 1, 1, 1, False
1217.296, 2021-07-05T16:07:25.5749440+08:00, 0, 12.94095, 48.29629, 1, 1, 1, False
1217.3, 2021-07-05T16:07:25.5790940+08:00, 0, 12.94095, 48.29629, 1, 1, 1, False
1217.304, 2021-07-05T16:07:25.5827800+08:00, 0, 12.94095, 48.29629, 1, 1, 1, False
1217.308, 2021-07-05T16:07:25.5868420+08:00, 0, 12.94095, 48.29629, 1, 1, 1, False
1217.312, 2021-07-05T16:07:25.5914780+08:00, 0, 12.94095, 48.29629, 1, 1, 1, False
1217.316, 2021-07-05T16:07:25.5946850+08:00, 0, 12.94095, 48.29629, 1, 1, 1, False
1217.32, 2021-07-05T16:07:25.5989920+08:00, 0, 12.94095, 48.29629, 1, 1, 1, False
1217.326, 2021-07-05T16:07:25.6050340+08:00, 0, 12.94095, 48.29629, 1, 1, 1, False
1217.332, 2021-07-05T16:07:25.6114060+08:00, 0, 12.94095, 48.29629, 1, 1, 1, False
1217.338, 2021-07-05T16:07:25.6173560+08:00, 0, 12.94095, 48.29629, 1, 1, 1, False
1217.344, 2021-07-05T16:07:25.6236070+08:00, 0, 12.94095, 48.29629, 1, 1, 1, False
1217.351, 2021-07-05T16:07:25.6300500+08:00, 0, 12.94095, 48.29629, 1, 1, 1, False
1217.357, 2021-07-05T16:07:25.6362380+08:00, 0, 12.94095, 48.29629, 1, 1, 1, False
1217.364, 2021-07-05T16:07:25.6432950+08:00, 0, 12.94095, 48.29629, 1, 1, 1, False
1217.37, 2021-07-05T16:07:25.6487390+08:00, 0, 12.94095, 48.29629, 1, 1, 1, False
1217.376, 2021-07-05T16:07:25.6555890+08:00, 0, 12.94095, 48.29629, 1, 1, 1, False
1217.382, 2021-07-05T16:07:25.6607920+08:00, 0, 12.94095, 48.29629, 1, 1, 1, False
1217.388, 2021-07-05T16:07:25.6676940+08:00, 0, 12.94095, 48.29629, 1, 1, 1, False
1217.394, 2021-07-05T16:07:25.6732400+08:00, 0, 12.94095, 48.29629, 1, 1, 1, False
1217.4, 2021-07-05T16:07:25.6795870+08:00, 0, 12.94095, 48.29629, 1, 1, 1, False
1217.407, 2021-07-05T16:07:25.6860740+08:00, 0, 12.94095, 48.29629, 1, 1, 1, False
1217.413, 2021-07-05T16:07:25.6925650+08:00, 0, 12.94095, 48.29629, 1, 1, 1, False
1217.42, 2021-07-05T16:07:25.6993880+08:00, 0, 12.94095, 48.29629, 1, 1, 1, False
1217.426, 2021-07-05T16:07:25.7049780+08:00, 0, 12.94095, 48.29629, 1, 1, 1, False
1217.432, 2021-07-05T16:07:25.7114910+08:00, 0, 12.94095, 48.29629, 1, 1, 1, False
1217.438, 2021-07-05T16:07:25.7169780+08:00, 0, 12.94095, 48.29629, 1, 1, 1, False
1217.444, 2021-07-05T16:07:25.7236540+08:00, 0, 12.94095, 48.29629, 1, 1, 1, False
1217.451, 2021-07-05T16:07:25.7298480+08:00, 0, 12.94095, 48.29629, 1, 1, 1, False
1217.456, 2021-07-05T16:07:25.7356680+08:00, 0, 12.94095, 48.29629, 1, 1, 1, False
1217.463, 2021-07-05T16:07:25.7424290+08:00, 0, 12.94095, 48.29629, 1, 1, 1, False
1217.469, 2021-07-05T16:07:25.7486960+08:00, 0, 12.94095, 48.29629, 1, 1, 1, False
1217.477, 2021-07-05T16:07:25.7557430+08:00, 0, 12.94095, 48.29629, 1, 1, 1, False
1217.485, 2021-07-05T16:07:25.7640590+08:00, 0, 12.94095, 48.29629, 1, 1, 1, False
1217.492, 2021-07-05T16:07:25.7714780+08:00, 0, 12.94095, 48.29629, 1, 1, 1, False
1217.501, 2021-07-05T16:07:25.7800930+08:00, 0, 12.94095, 48.29629, 1, 1, 1, False
1217.508, 2021-07-05T16:07:25.7873720+08:00, 0, 12.94095, 48.29629, 1, 1, 1, False
1217.512, 2021-07-05T16:07:25.7909080+08:00, 0, 12.94095, 48.29629, 1, 1, 1, False
1217.516, 2021-07-05T16:07:25.7950250+08:00, 0, 12.94095, 48.29629, 1, 1, 1, False
1217.52, 2021-07-05T16:07:25.7987430+08:00, 0, 12.94095, 48.29629, 1, 1, 1, False
1217.525, 2021-07-05T16:07:25.8044710+08:00, 0, 12.94095, 48.29629, 1, 1, 1, False
1217.532, 2021-07-05T16:07:25.8116680+08:00, 0, 12.94095, 48.29629, 1, 1, 1, False
1217.538, 2021-07-05T16:07:25.8172060+08:00, 0, 12.94095, 48.29629, 1, 1, 1, False
1217.544, 2021-07-05T16:07:25.8234270+08:00, 0, 12.94095, 48.29629, 1, 1, 1, False
1217.55, 2021-07-05T16:07:25.8292500+08:00, 0, 12.94095, 48.29629, 1, 1, 1, False
1217.557, 2021-07-05T16:07:25.8358160+08:00, 0, 12.94095, 48.29629, 1, 1, 1, False
1217.564, 2021-07-05T16:07:25.8429120+08:00, 0, 12.94095, 48.29629, 1, 1, 1, False
1217.569, 2021-07-05T16:07:25.8479350+08:00, 0, 12.94095, 48.29629, 1, 1, 1, False
1217.576, 2021-07-05T16:07:25.8550050+08:00, 0, 12.94095, 48.29629, 1, 1, 1, False
1217.581, 2021-07-05T16:07:25.8607350+08:00, 0, 12.94095, 48.29629, 1, 1, 1, False
1217.588, 2021-07-05T16:07:25.8674940+08:00, 0, 12.94095, 48.29629, 1, 1, 1, False
1217.596, 2021-07-05T16:07:25.8752370+08:00, 0, 12.94095, 48.29629, 1, 1, 1, False
1217.601, 2021-07-05T16:07:25.8798360+08:00, 0, 12.94095, 48.29629, 1, 1, 1, False
1217.606, 2021-07-05T16:07:25.8857070+08:00, 0, 12.94095, 48.29629, 1, 1, 1, False
1217.613, 2021-07-05T16:07:25.8923800+08:00, 0, 12.94095, 48.29629, 1, 1, 1, False
1217.62, 2021-07-05T16:07:25.8989760+08:00, 0, 12.94095, 48.29629, 1, 1, 1, False
1217.625, 2021-07-05T16:07:25.9040890+08:00, 0, 12.94095, 48.29629, 1, 1, 1, False
1217.632, 2021-07-05T16:07:25.9117030+08:00, 0, 12.94095, 48.29629, 1, 1, 1, False
1217.638, 2021-07-05T16:07:25.9168760+08:00, 0, 12.94095, 48.29629, 1, 1, 1, False
1217.644, 2021-07-05T16:07:25.9230530+08:00, 0, 12.94095, 48.29629, 1, 1, 1, False
1217.65, 2021-07-05T16:07:25.9294440+08:00, 0, 12.94095, 48.29629, 1, 1, 1, False
1217.656, 2021-07-05T16:07:25.9356570+08:00, 0, 12.94095, 48.29629, 1, 1, 1, False
1217.664, 2021-07-05T16:07:25.9434560+08:00, 0, 12.94095, 48.29629, 1, 1, 1, False
1217.672, 2021-07-05T16:07:25.9510870+08:00, 0, 12.94095, 48.29629, 1, 1, 1, False
1217.676, 2021-07-05T16:07:25.9551900+08:00, 0, 12.94095, 48.29629, 1, 1, 1, False
1217.681, 2021-07-05T16:07:25.9606970+08:00, 0, 12.94095, 48.29629, 1, 1, 1, False
1217.688, 2021-07-05T16:07:25.9673450+08:00, 0, 12.94095, 48.29629, 1, 1, 1, False
1217.693, 2021-07-05T16:07:25.9726580+08:00, 0, 12.94095, 48.29629, 1, 1, 1, False
1217.7, 2021-07-05T16:07:25.9796370+08:00, 0, 12.94095, 48.29629, 1, 1, 1, False
1217.706, 2021-07-05T16:07:25.9852660+08:00, 0, 12.94095, 48.29629, 1, 1, 1, False
1217.712, 2021-07-05T16:07:25.9914690+08:00, 0, 12.94095, 48.29629, 1, 1, 1, False
1217.719, 2021-07-05T16:07:25.9981580+08:00, 0, 12.94095, 48.29629, 1, 1, 1, False
1217.725, 2021-07-05T16:07:26.0044570+08:00, 0, 12.94095, 48.29629, 1, 1, 1, False
1217.732, 2021-07-05T16:07:26.0109620+08:00, 0, 12.94095, 48.29629, 1, 1, 1, False
1217.737, 2021-07-05T16:07:26.0165610+08:00, 0, 12.94095, 48.29629, 1, 1, 1, False
1217.745, 2021-07-05T16:07:26.0237650+08:00, 0, 12.94095, 48.29629, 1, 1, 1, False
1217.75, 2021-07-05T16:07:26.0294040+08:00, 0, 12.94095, 48.29629, 1, 1, 1, False
1217.756, 2021-07-05T16:07:26.0354850+08:00, 0, 12.94095, 48.29629, 1, 1, 1, False
1217.763, 2021-07-05T16:07:26.0419880+08:00, 0, 12.94095, 48.29629, 1, 1, 1, False
1217.768, 2021-07-05T16:07:26.0476370+08:00, 0, 12.94095, 48.29629, 1, 1, 1, False
1217.775, 2021-07-05T16:07:26.0544430+08:00, 0, 12.94095, 48.29629, 1, 1, 1, False
1217.781, 2021-07-05T16:07:26.0607000+08:00, 0, 12.94095, 48.29629, 1, 1, 1, False
1217.788, 2021-07-05T16:07:26.0672840+08:00, 0, 12.94095, 48.29629, 1, 1, 1, False
1217.796, 2021-07-05T16:07:26.0751000+08:00, 0, 12.94095, 48.29629, 1, 1, 1, False
1217.8, 2021-07-05T16:07:26.0794800+08:00, 0, 12.94095, 48.29629, 1, 1, 1, False
1217.806, 2021-07-05T16:07:26.0853060+08:00, 0, 12.94095, 48.29629, 1, 1, 1, False
1217.813, 2021-07-05T16:07:26.0919360+08:00, 0, 12.94095, 48.29629, 1, 1, 1, False
1217.82, 2021-07-05T16:07:26.0989390+08:00, 0, 12.94095, 48.29629, 1, 1, 1, False
1217.825, 2021-07-05T16:07:26.1042760+08:00, 0, 12.94095, 48.29629, 1, 1, 1, False
1217.832, 2021-07-05T16:07:26.1110710+08:00, 0, 12.94095, 48.29629, 1, 1, 1, False
1217.838, 2021-07-05T16:07:26.1169340+08:00, 0, 12.94095, 48.29629, 1, 1, 1, False
1217.844, 2021-07-05T16:07:26.1234150+08:00, 0, 12.94095, 48.29629, 1, 1, 1, False
1217.85, 2021-07-05T16:07:26.1291360+08:00, 0, 12.94095, 48.29629, 1, 1, 1, False
1217.857, 2021-07-05T16:07:26.1357860+08:00, 0, 12.94095, 48.29629, 1, 1, 1, False
1217.864, 2021-07-05T16:07:26.1432470+08:00, 0, 12.94095, 48.29629, 1, 1, 1, False
1217.869, 2021-07-05T16:07:26.1481290+08:00, 0, 12.94095, 48.29629, 1, 1, 1, False
1217.876, 2021-07-05T16:07:26.1603820+08:00, 0, 12.94095, 48.29629, 1, 1, 1, False
1217.888, 2021-07-05T16:07:26.1673200+08:00, 0, 12.94095, 48.29629, 1, 1, 1, False
1217.892, 2021-07-05T16:07:26.1707840+08:00, 0, 12.94095, 48.29629, 1, 1, 1, False
1217.896, 2021-07-05T16:07:26.1748790+08:00, 0, 12.94095, 48.29629, 1, 1, 1, False
1217.9, 2021-07-05T16:07:26.1793620+08:00, 0, 12.94095, 48.29629, 1, 1, 1, False
1217.906, 2021-07-05T16:07:26.1854800+08:00, 0, 12.94095, 48.29629, 1, 1, 1, False
1217.913, 2021-07-05T16:07:26.1918270+08:00, 0, 12.94095, 48.29629, 1, 1, 1, False
1217.919, 2021-07-05T16:07:26.1981750+08:00, 0, 12.94095, 48.29629, 1, 1, 1, False
1217.925, 2021-07-05T16:07:26.2041030+08:00, 0, 12.94095, 48.29629, 1, 1, 1, False
1217.932, 2021-07-05T16:07:26.2110640+08:00, 0, 12.94095, 48.29629, 1, 1, 1, False
1217.938, 2021-07-05T16:07:26.2168220+08:00, 0, 12.94095, 48.29629, 1, 1, 1, False
1217.945, 2021-07-05T16:07:26.2238430+08:00, 0, 12.94095, 48.29629, 1, 1, 1, False
1217.95, 2021-07-05T16:07:26.2291590+08:00, 0, 12.94095, 48.29629, 1, 1, 1, False
1217.956, 2021-07-05T16:07:26.2355310+08:00, 0, 12.94095, 48.29629, 1, 1, 1, False
1217.962, 2021-07-05T16:07:26.2413400+08:00, 0, 12.94095, 48.29629, 1, 1, 1, False
1217.969, 2021-07-05T16:07:26.2479120+08:00, 0, 12.94095, 48.29629, 1, 1, 1, False
1217.976, 2021-07-05T16:07:26.2550760+08:00, 0, 12.94095, 48.29629, 1, 1, 1, False
1217.981, 2021-07-05T16:07:26.2599600+08:00, 0, 12.94095, 48.29629, 1, 1, 1, False
1217.988, 2021-07-05T16:07:26.2669590+08:00, 0, 12.94095, 48.29629, 1, 1, 1, False
1217.994, 2021-07-05T16:07:26.2728140+08:00, 0, 12.94095, 48.29629, 1, 1, 1, False
1218, 2021-07-05T16:07:26.2797210+08:00, 0, 12.94095, 48.29629, 1, 1, 1, False
1218.006, 2021-07-05T16:07:26.2854610+08:00, 0, 12.94095, 48.29629, 1, 1, 1, False
1218.013, 2021-07-05T16:07:26.2922960+08:00, 0, 12.94095, 48.29629, 1, 1, 1, False
1218.021, 2021-07-05T16:07:26.2999710+08:00, 0, 12.94095, 48.29629, 1, 1, 1, False
1218.029, 2021-07-05T16:07:26.3077870+08:00, 0, 12.94095, 48.29629, 1, 1, 1, False
1218.036, 2021-07-05T16:07:26.3153330+08:00, 0, 12.94095, 48.29629, 1, 1, 1, False
1218.045, 2021-07-05T16:07:26.3242060+08:00, 0, 12.94095, 48.29629, 1, 1, 1, False
1218.052, 2021-07-05T16:07:26.3314000+08:00, 0, 12.94095, 48.29629, 1, 1, 1, False
1218.06, 2021-07-05T16:07:26.3390820+08:00, 0, 12.94095, 48.29629, 1, 1, 1, False
1218.064, 2021-07-05T16:07:26.3428700+08:00, 0, 12.94095, 48.29629, 1, 1, 1, False
1218.068, 2021-07-05T16:07:26.3470830+08:00, 0, 12.94095, 48.29629, 1, 1, 1, False
1218.072, 2021-07-05T16:07:26.3508380+08:00, 0, 12.94095, 48.29629, 1, 1, 1, False
1218.076, 2021-07-05T16:07:26.3548180+08:00, 0, 12.94095, 48.29629, 1, 1, 1, False
1218.095, 2021-07-05T16:07:26.3745280+08:00, 0, 12.94095, 48.29629, 1, 1, 1, False
1218.1, 2021-07-05T16:07:26.3791480+08:00, 0, 12.94095, 48.29629, 1, 1, 1, False
1218.104, 2021-07-05T16:07:26.3829130+08:00, 0, 12.94095, 48.29629, 1, 1, 1, False
1218.108, 2021-07-05T16:07:26.3870090+08:00, 0, 12.94095, 48.29629, 1, 1, 1, False
1218.112, 2021-07-05T16:07:26.3915660+08:00, 0, 12.94095, 48.29629, 1, 1, 1, False
1218.115, 2021-07-05T16:07:26.3946310+08:00, 0, 12.94095, 48.29629, 1, 1, 1, False
1218.12, 2021-07-05T16:07:26.3987350+08:00, 0, 12.94095, 48.29629, 1, 1, 1, False
1218.125, 2021-07-05T16:07:26.4042000+08:00, 0, 12.94095, 48.29629, 1, 1, 1, False
1218.132, 2021-07-05T16:07:26.4112490+08:00, 0, 12.94095, 48.29629, 1, 1, 1, False
1218.138, 2021-07-05T16:07:26.4175210+08:00, 0, 12.94095, 48.29629, 1, 1, 1, False
1218.144, 2021-07-05T16:07:26.4234230+08:00, 0, 12.94095, 48.29629, 1, 1, 1, False
1218.151, 2021-07-05T16:07:26.4299480+08:00, 0, 12.94095, 48.29629, 1, 1, 1, False
1218.157, 2021-07-05T16:07:26.4361480+08:00, 0, 12.94095, 48.29629, 1, 1, 1, False
1218.164, 2021-07-05T16:07:26.4434130+08:00, 0, 12.94095, 48.29629, 1, 1, 1, False
1218.169, 2021-07-05T16:07:26.4485080+08:00, 0, 12.94095, 48.29629, 1, 1, 1, False
1218.176, 2021-07-05T16:07:26.4552110+08:00, 0, 12.94095, 48.29629, 1, 1, 1, False
1218.181, 2021-07-05T16:07:26.4605770+08:00, 0, 12.94095, 48.29629, 1, 1, 1, False
1218.188, 2021-07-05T16:07:26.4677740+08:00, 0, 12.94095, 48.29629, 1, 1, 1, False
1218.196, 2021-07-05T16:07:26.4752110+08:00, 0, 12.94095, 48.29629, 1, 1, 1, False
1218.205, 2021-07-05T16:07:26.4841820+08:00, 0, 12.94095, 48.29629, 1, 1, 1, False
1218.213, 2021-07-05T16:07:26.4918760+08:00, 0, 12.94095, 48.29629, 1, 1, 1, False
1218.22, 2021-07-05T16:07:26.4995600+08:00, 0, 12.94095, 48.29629, 1, 1, 1, False
1218.224, 2021-07-05T16:07:26.5030570+08:00, 0, 12.94095, 48.29629, 1, 1, 1, False
1218.228, 2021-07-05T16:07:26.5067090+08:00, 0, 12.94095, 48.29629, 1, 1, 1, False
1218.232, 2021-07-05T16:07:26.5111940+08:00, 0, 12.94095, 48.29629, 1, 1, 1, False
1218.238, 2021-07-05T16:07:26.5168400+08:00, 0, 12.94095, 48.29629, 1, 1, 1, False
1218.245, 2021-07-05T16:07:26.5237880+08:00, 0, 12.94095, 48.29629, 1, 1, 1, False
1218.25, 2021-07-05T16:07:26.5294620+08:00, 0, 12.94095, 48.29629, 1, 1, 1, False
1218.257, 2021-07-05T16:07:26.5360200+08:00, 0, 12.94095, 48.29629, 1, 1, 1, False
1218.264, 2021-07-05T16:07:26.5431620+08:00, 0, 12.94095, 48.29629, 1, 1, 1, False
1218.269, 2021-07-05T16:07:26.5486170+08:00, 0, 12.94095, 48.29629, 1, 1, 1, False
1218.276, 2021-07-05T16:07:26.5552230+08:00, 0, 12.94095, 48.29629, 1, 1, 1, False
1218.282, 2021-07-05T16:07:26.5608150+08:00, 0, 12.94095, 48.29629, 1, 1, 1, False
1218.288, 2021-07-05T16:07:26.5677000+08:00, 0, 12.94095, 48.29629, 1, 1, 1, False
1218.294, 2021-07-05T16:07:26.5736550+08:00, 0, 12.94095, 48.29629, 1, 1, 1, False
1218.301, 2021-07-05T16:07:26.5797890+08:00, 0, 12.94095, 48.29629, 1, 1, 1, False
1218.307, 2021-07-05T16:07:26.5861530+08:00, 0, 12.94095, 48.29629, 1, 1, 1, False
1218.313, 2021-07-05T16:07:26.5924080+08:00, 0, 12.94095, 48.29629, 1, 1, 1, False
1218.32, 2021-07-05T16:07:26.5994280+08:00, 0, 12.94095, 48.29629, 1, 1, 1, False
1218.326, 2021-07-05T16:07:26.6050110+08:00, 0, 12.94095, 48.29629, 1, 1, 1, False
1218.332, 2021-07-05T16:07:26.6115770+08:00, 0, 12.94095, 48.29629, 1, 1, 1, False
1218.338, 2021-07-05T16:07:26.6171380+08:00, 0, 12.94095, 48.29629, 1, 1, 1, False
1218.345, 2021-07-05T16:07:26.6239390+08:00, 0, 12.94095, 48.29629, 1, 1, 1, False
1218.352, 2021-07-05T16:07:26.6309510+08:00, 0, 12.94095, 48.29629, 1, 1, 1, False
1218.357, 2021-07-05T16:07:26.6360660+08:00, 0, 12.94095, 48.29629, 1, 1, 1, False
1218.364, 2021-07-05T16:07:26.6430110+08:00, 0, 12.94095, 48.29629, 1, 1, 1, False
1218.37, 2021-07-05T16:07:26.6492130+08:00, 0, 12.94095, 48.29629, 1, 1, 1, False
1218.376, 2021-07-05T16:07:26.6555260+08:00, 0, 12.94095, 48.29629, 1, 1, 1, False
1218.383, 2021-07-05T16:07:26.6619410+08:00, 0, 12.94095, 48.29629, 1, 1, 1, False
1218.389, 2021-07-05T16:07:26.6682860+08:00, 0, 12.94095, 48.29629, 1, 1, 1, False
1218.395, 2021-07-05T16:07:26.6743290+08:00, 0, 12.94095, 48.29629, 1, 1, 1, False
1218.402, 2021-07-05T16:07:26.6809630+08:00, 0, 12.94095, 48.29629, 1, 1, 1, False
1218.408, 2021-07-05T16:07:26.6873230+08:00, 0, 12.94095, 48.29629, 1, 1, 1, False
1218.414, 2021-07-05T16:07:26.6929680+08:00, 0, 12.94095, 48.29629, 1, 1, 1, False
1218.42, 2021-07-05T16:07:26.6996660+08:00, 0, 12.94095, 48.29629, 1, 1, 1, False
1218.427, 2021-07-05T16:07:26.7059830+08:00, 0, 12.94095, 48.29629, 1, 1, 1, False
1218.433, 2021-07-05T16:07:26.7119110+08:00, 0, 12.94095, 48.29629, 1, 1, 1, False
1218.44, 2021-07-05T16:07:26.7190290+08:00, 0, 12.94095, 48.29629, 1, 1, 1, False
1218.445, 2021-07-05T16:07:26.7246780+08:00, 0, 12.94095, 48.29629, 1, 1, 1, False
1218.452, 2021-07-05T16:07:26.7311650+08:00, 0, 12.94095, 48.29629, 1, 1, 1, False
1218.458, 2021-07-05T16:07:26.7368360+08:00, 0, 12.94095, 48.29629, 1, 1, 1, False
1218.464, 2021-07-05T16:07:26.7432500+08:00, 0, 12.94095, 48.29629, 1, 1, 1, False
1218.47, 2021-07-05T16:07:26.7490250+08:00, 0, 12.94095, 48.29629, 1, 1, 1, False
1218.476, 2021-07-05T16:07:26.7555390+08:00, 0, 12.94095, 48.29629, 1, 1, 1, False
1218.483, 2021-07-05T16:07:26.7618200+08:00, 0, 12.94095, 48.29629, 1, 1, 1, False
1218.488, 2021-07-05T16:07:26.7674360+08:00, 0, 12.94095, 48.29629, 1, 1, 1, False
1218.495, 2021-07-05T16:07:26.7742700+08:00, 0, 12.94095, 48.29629, 1, 1, 1, False
1218.501, 2021-07-05T16:07:26.7805090+08:00, 0, 12.94095, 48.29629, 1, 1, 1, False
1218.508, 2021-07-05T16:07:26.7875100+08:00, 0, 12.94095, 48.29629, 1, 1, 1, False
1218.517, 2021-07-05T16:07:26.7959200+08:00, 0, 12.94095, 48.29629, 1, 1, 1, False
1218.524, 2021-07-05T16:07:26.8036810+08:00, 0, 12.94095, 48.29629, 1, 1, 1, False
1218.533, 2021-07-05T16:07:26.8120950+08:00, 0, 12.94095, 48.29629, 1, 1, 1, False
1218.54, 2021-07-05T16:07:26.8191330+08:00, 0, 12.94095, 48.29629, 1, 1, 1, False
1218.544, 2021-07-05T16:07:26.8229150+08:00, 0, 12.94095, 48.29629, 1, 1, 1, False
1218.548, 2021-07-05T16:07:26.8271500+08:00, 0, 12.94095, 48.29629, 1, 1, 1, False
1218.552, 2021-07-05T16:07:26.8308640+08:00, 0, 12.94095, 48.29629, 1, 1, 1, False
1218.557, 2021-07-05T16:07:26.8364370+08:00, 0, 12.94095, 48.29629, 1, 1, 1, False
1218.564, 2021-07-05T16:07:26.8432620+08:00, 0, 12.94095, 48.29629, 1, 1, 1, False
1218.57, 2021-07-05T16:07:26.8490440+08:00, 0, 12.94095, 48.29629, 1, 1, 1, False
1218.576, 2021-07-05T16:07:26.8554920+08:00, 0, 12.94095, 48.29629, 1, 1, 1, False
1218.582, 2021-07-05T16:07:26.8610220+08:00, 0, 12.94095, 48.29629, 1, 1, 1, False
1218.588, 2021-07-05T16:07:26.8676360+08:00, 0, 12.94095, 48.29629, 1, 1, 1, False
1218.595, 2021-07-05T16:07:26.8739380+08:00, 0, 12.94095, 48.29629, 1, 1, 1, False
1218.601, 2021-07-05T16:07:26.8799260+08:00, 0, 12.94095, 48.29629, 1, 1, 1, False
1218.608, 2021-07-05T16:07:26.8873950+08:00, 0, 12.94095, 48.29629, 1, 1, 1, False
1218.614, 2021-07-05T16:07:26.8928580+08:00, 0, 12.94095, 48.29629, 1, 1, 1, False
1218.621, 2021-07-05T16:07:26.8999290+08:00, 0, 12.94095, 48.29629, 1, 1, 1, False
1218.629, 2021-07-05T16:07:26.9078740+08:00, 0, 12.94095, 48.29629, 1, 1, 1, False
1218.637, 2021-07-05T16:07:26.9158690+08:00, 0, 12.94095, 48.29629, 1, 1, 1, False
1218.645, 2021-07-05T16:07:26.9240630+08:00, 0, 12.94095, 48.29629, 1, 1, 1, False
1218.653, 2021-07-05T16:07:26.9318400+08:00, 0, 12.94095, 48.29629, 1, 1, 1, False
1218.661, 2021-07-05T16:07:26.9399370+08:00, 0, 12.94095, 48.29629, 1, 1, 1, False
1218.669, 2021-07-05T16:07:26.9479750+08:00, 0, 12.94095, 48.29629, 1, 1, 1, False
1218.676, 2021-07-05T16:07:26.9553070+08:00, 0, 12.94095, 48.29629, 1, 1, 1, False
1218.68, 2021-07-05T16:07:26.9587440+08:00, 0, 12.94095, 48.29629, 1, 1, 1, False
1218.684, 2021-07-05T16:07:26.9629170+08:00, 0, 12.94095, 48.29629, 1, 1, 1, False
1218.688, 2021-07-05T16:07:26.9670970+08:00, 0, 12.94095, 48.29629, 1, 1, 1, False
1218.692, 2021-07-05T16:07:26.9709500+08:00, 0, 12.94095, 48.29629, 1, 1, 1, False
1218.696, 2021-07-05T16:07:26.9747070+08:00, 0, 12.94095, 48.29629, 1, 1, 1, False
1218.701, 2021-07-05T16:07:26.9800180+08:00, 0, 12.94095, 48.29629, 1, 1, 1, False
1218.707, 2021-07-05T16:07:26.9858870+08:00, 0, 12.94095, 48.29629, 1, 1, 1, False
1218.713, 2021-07-05T16:07:26.9926160+08:00, 0, 12.94095, 48.29629, 1, 1, 1, False
1218.72, 2021-07-05T16:07:26.9992410+08:00, 0, 12.94095, 48.29629, 1, 1, 1, False
1218.726, 2021-07-05T16:07:27.0047760+08:00, 0, 12.94095, 48.29629, 1, 1, 1, False
1218.732, 2021-07-05T16:07:27.0116590+08:00, 0, 12.94095, 48.29629, 1, 1, 1, False
1218.738, 2021-07-05T16:07:27.0173120+08:00, 0, 12.94095, 48.29629, 1, 1, 1, False
1218.745, 2021-07-05T16:07:27.0237430+08:00, 0, 12.94095, 48.29629, 1, 1, 1, False
1218.751, 2021-07-05T16:07:27.0301520+08:00, 0, 12.94095, 48.29629, 1, 1, 1, False
1218.757, 2021-07-05T16:07:27.0364100+08:00, 0, 12.94095, 48.29629, 1, 1, 1, False
1218.764, 2021-07-05T16:07:27.0430670+08:00, 0, 12.94095, 48.29629, 1, 1, 1, False
1218.77, 2021-07-05T16:07:27.0487230+08:00, 0, 12.94095, 48.29629, 1, 1, 1, False
1218.776, 2021-07-05T16:07:27.0556590+08:00, 0, 12.94095, 48.29629, 1, 1, 1, False
1218.782, 2021-07-05T16:07:27.0613400+08:00, 0, 12.94095, 48.29629, 1, 1, 1, False
1218.789, 2021-07-05T16:07:27.0678580+08:00, 0, 12.94095, 48.29629, 1, 1, 1, False
1218.796, 2021-07-05T16:07:27.0749840+08:00, 0, 12.94095, 48.29629, 1, 1, 1, False
1218.801, 2021-07-05T16:07:27.0799380+08:00, 0, 12.94095, 48.29629, 1, 1, 1, False
1218.808, 2021-07-05T16:07:27.0871310+08:00, 0, 12.94095, 48.29629, 1, 1, 1, False
1218.814, 2021-07-05T16:07:27.0928780+08:00, 0, 12.94095, 48.29629, 1, 1, 1, False
1218.82, 2021-07-05T16:07:27.0996810+08:00, 0, 12.94095, 48.29629, 1, 1, 1, False
1218.826, 2021-07-05T16:07:27.1055200+08:00, 0, 12.94095, 48.29629, 1, 1, 1, False
1218.833, 2021-07-05T16:07:27.1116840+08:00, 0, 12.94095, 48.29629, 1, 1, 1, False
1218.838, 2021-07-05T16:07:27.1176280+08:00, 0, 12.94095, 48.29629, 1, 1, 1, False
1218.845, 2021-07-05T16:07:27.1244050+08:00, 0, 12.94095, 48.29629, 1, 1, 1, False
1218.853, 2021-07-05T16:07:27.1318130+08:00, 0, 12.94095, 48.29629, 1, 1, 1, False
1218.858, 2021-07-05T16:07:27.1369630+08:00, 0, 12.94095, 48.29629, 1, 1, 1, False
1218.865, 2021-07-05T16:07:27.1438610+08:00, 0, 12.94095, 48.29629, 1, 1, 1, False
1218.873, 2021-07-05T16:07:27.1520560+08:00, 0, 12.94095, 48.29629, 1, 1, 1, False
1218.897, 2021-07-05T16:07:27.1763510+08:00, 0, 12.94095, 48.29629, 1, 1, 1, False
1218.906, 2021-07-05T16:07:27.1854880+08:00, 0, 12.94095, 48.29629, 1, 1, 1, False
1218.912, 2021-07-05T16:07:27.1912940+08:00, 0, 12.94095, 48.29629, 1, 1, 1, False
1218.916, 2021-07-05T16:07:27.1949620+08:00, 0, 12.94095, 48.29629, 1, 1, 1, False
1218.92, 2021-07-05T16:07:27.1988830+08:00, 0, 12.94095, 48.29629, 1, 1, 1, False
1218.924, 2021-07-05T16:07:27.2031770+08:00, 0, 12.94095, 48.29629, 1, 1, 1, False
1218.928, 2021-07-05T16:07:27.2070720+08:00, 0, 12.94095, 48.29629, 1, 1, 1, False
1218.932, 2021-07-05T16:07:27.2108310+08:00, 0, 12.94095, 48.29629, 1, 1, 1, False
1218.936, 2021-07-05T16:07:27.2152150+08:00, 0, 12.94095, 48.29629, 1, 1, 1, False
1218.942, 2021-07-05T16:07:27.2210520+08:00, 0, 12.94095, 48.29629, 1, 1, 1, False
1218.948, 2021-07-05T16:07:27.2277110+08:00, 0, 12.94095, 48.29629, 1, 1, 1, False
1218.955, 2021-07-05T16:07:27.2339690+08:00, 0, 12.94095, 48.29629, 1, 1, 1, False
1218.961, 2021-07-05T16:07:27.2399980+08:00, 0, 12.94095, 48.29629, 1, 1, 1, False
1218.968, 2021-07-05T16:07:27.2470460+08:00, 0, 12.94095, 48.29629, 1, 1, 1, False
1218.974, 2021-07-05T16:07:27.2528460+08:00, 0, 12.94095, 48.29629, 1, 1, 1, False
1218.98, 2021-07-05T16:07:27.2594350+08:00, 0, 12.94095, 48.29629, 1, 1, 1, False
1218.986, 2021-07-05T16:07:27.2651300+08:00, 0, 12.94095, 48.29629, 1, 1, 1, False
1218.992, 2021-07-05T16:07:27.2716750+08:00, 0, 12.94095, 48.29629, 1, 1, 1, False
1219.001, 2021-07-05T16:07:27.2798550+08:00, 0, 12.94095, 48.29629, 1, 1, 1, False
1219.008, 2021-07-05T16:07:27.2874890+08:00, 0, 12.94095, 48.29629, 1, 1, 1, False
1219.017, 2021-07-05T16:07:27.2961780+08:00, 0, 12.94095, 48.29629, 1, 1, 1, False
1219.028, 2021-07-05T16:07:27.3105630+08:00, 0, 12.94095, 48.29629, 1, 1, 1, False
1219.036, 2021-07-05T16:07:27.3189110+08:00, 0, 12.94095, 48.29629, 1, 1, 1, False
1219.044, 2021-07-05T16:07:27.3229670+08:00, 0, 12.94095, 48.29629, 1, 1, 1, False
1219.048, 2021-07-05T16:07:27.3271400+08:00, 0, 12.94095, 48.29629, 1, 1, 1, False
1219.052, 2021-07-05T16:07:27.3308160+08:00, 0, 12.94095, 48.29629, 1, 1, 1, False
1219.056, 2021-07-05T16:07:27.3349870+08:00, 0, 12.94095, 48.29629, 1, 1, 1, False
1219.06, 2021-07-05T16:07:27.3388500+08:00, 0, 12.94095, 48.29629, 1, 1, 1, False
1219.064, 2021-07-05T16:07:27.3427850+08:00, 0, 12.94095, 48.29629, 1, 1, 1, False
1219.068, 2021-07-05T16:07:27.3470930+08:00, 0, 12.94095, 48.29629, 1, 1, 1, False
1219.073, 2021-07-05T16:07:27.3521520+08:00, 0, 12.94095, 48.29629, 1, 1, 1, False
1219.08, 2021-07-05T16:07:27.3590790+08:00, 0, 12.94095, 48.29629, 1, 1, 1, False
1219.086, 2021-07-05T16:07:27.3654080+08:00, 0, 12.94095, 48.29629, 1, 1, 1, False
1219.092, 2021-07-05T16:07:27.3712670+08:00, 0, 12.94095, 48.29629, 1, 1, 1, False
1219.099, 2021-07-05T16:07:27.3778930+08:00, 0, 12.94095, 48.29629, 1, 1, 1, False
1219.105, 2021-07-05T16:07:27.3841670+08:00, 0, 12.94095, 48.29629, 1, 1, 1, False
1219.112, 2021-07-05T16:07:27.3910950+08:00, 0, 12.94095, 48.29629, 1, 1, 1, False
1219.117, 2021-07-05T16:07:27.3966600+08:00, 0, 12.94095, 48.29629, 1, 1, 1, False
1219.124, 2021-07-05T16:07:27.4031800+08:00, 0, 12.94095, 48.29629, 1, 1, 1, False
1219.13, 2021-07-05T16:07:27.4088810+08:00, 0, 12.94095, 48.29629, 1, 1, 1, False
1219.136, 2021-07-05T16:07:27.4153710+08:00, 0, 12.94095, 48.29629, 1, 1, 1, False
1219.142, 2021-07-05T16:07:27.4216660+08:00, 0, 12.94095, 48.29629, 1, 1, 1, False
1219.148, 2021-07-05T16:07:27.4273560+08:00, 0, 12.94095, 48.29629, 1, 1, 1, False
1219.155, 2021-07-05T16:07:27.4341950+08:00, 0, 12.94095, 48.29629, 1, 1, 1, False
1219.161, 2021-07-05T16:07:27.4405210+08:00, 0, 12.94095, 48.29629, 1, 1, 1, False
1219.168, 2021-07-05T16:07:27.4471470+08:00, 0, 12.94095, 48.29629, 1, 1, 1, False
1219.174, 2021-07-05T16:07:27.4530060+08:00, 0, 12.94095, 48.29629, 1, 1, 1, False
1219.18, 2021-07-05T16:07:27.4593340+08:00, 0, 12.94095, 48.29629, 1, 1, 1, False
1219.186, 2021-07-05T16:07:27.4654210+08:00, 0, 12.94095, 48.29629, 1, 1, 1, False
1219.193, 2021-07-05T16:07:27.4716770+08:00, 0, 12.94095, 48.29629, 1, 1, 1, False
1219.199, 2021-07-05T16:07:27.4780090+08:00, 0, 12.94095, 48.29629, 1, 1, 1, False
1219.205, 2021-07-05T16:07:27.4839410+08:00, 0, 12.94095, 48.29629, 1, 1, 1, False
1219.212, 2021-07-05T16:07:27.4912380+08:00, 0, 12.94095, 48.29629, 1, 1, 1, False
1219.217, 2021-07-05T16:07:27.4966880+08:00, 0, 12.94095, 48.29629, 1, 1, 1, False
1219.224, 2021-07-05T16:07:27.5029990+08:00, 0, 12.94095, 48.29629, 1, 1, 1, False
1219.23, 2021-07-05T16:07:27.5093500+08:00, 0, 12.94095, 48.29629, 1, 1, 1, False
1219.236, 2021-07-05T16:07:27.5155930+08:00, 0, 12.94095, 48.29629, 1, 1, 1, False
1219.242, 2021-07-05T16:07:27.5216050+08:00, 0, 12.94095, 48.29629, 1, 1, 1, False
1219.249, 2021-07-05T16:07:27.5282380+08:00, 0, 12.94095, 48.29629, 1, 1, 1, False
1219.256, 2021-07-05T16:07:27.5351190+08:00, 0, 12.94095, 48.29629, 1, 1, 1, False
1219.261, 2021-07-05T16:07:27.5406480+08:00, 0, 12.94095, 48.29629, 1, 1, 1, False
1219.268, 2021-07-05T16:07:27.5475120+08:00, 0, 12.94095, 48.29629, 1, 1, 1, False
1219.277, 2021-07-05T16:07:27.5558600+08:00, 0, 12.94095, 48.29629, 1, 1, 1, False
1219.285, 2021-07-05T16:07:27.5640400+08:00, 0, 12.94095, 48.29629, 1, 1, 1, False
1219.292, 2021-07-05T16:07:27.5712830+08:00, 0, 12.94095, 48.29629, 1, 1, 1, False
1219.296, 2021-07-05T16:07:27.5748000+08:00, 0, 12.94095, 48.29629, 1, 1, 1, False
1219.3, 2021-07-05T16:07:27.5791430+08:00, 0, 12.94095, 48.29629, 1, 1, 1, False
1219.305, 2021-07-05T16:07:27.5844220+08:00, 0, 12.94095, 48.29629, 1, 1, 1, False
1219.312, 2021-07-05T16:07:27.5909240+08:00, 0, 12.94095, 48.29629, 1, 1, 1, False
1219.318, 2021-07-05T16:07:27.5967150+08:00, 0, 12.94095, 48.29629, 1, 1, 1, False
1219.324, 2021-07-05T16:07:27.6038250+08:00, 0, 12.94095, 48.29629, 1, 1, 1, False
1219.333, 2021-07-05T16:07:27.6119570+08:00, 0, 12.94095, 48.29629, 1, 1, 1, False
1219.341, 2021-07-05T16:07:27.6201540+08:00, 0, 12.94095, 48.29629, 1, 1, 1, False
1219.349, 2021-07-05T16:07:27.6278910+08:00, 0, 12.94095, 48.29629, 1, 1, 1, False
1219.356, 2021-07-05T16:07:27.6354300+08:00, 0, 12.94095, 48.29629, 1, 1, 1, False
1219.36, 2021-07-05T16:07:27.6390150+08:00, 0, 12.94095, 48.29629, 1, 1, 1, False
1219.364, 2021-07-05T16:07:27.6427110+08:00, 0, 12.94095, 48.29629, 1, 1, 1, False
1219.368, 2021-07-05T16:07:27.6472870+08:00, 0, 12.94095, 48.29629, 1, 1, 1, False
1219.374, 2021-07-05T16:07:27.6530560+08:00, 0, 12.94095, 48.29629, 1, 1, 1, False
1219.38, 2021-07-05T16:07:27.6593890+08:00, 0, 12.94095, 48.29629, 1, 1, 1, False
1219.386, 2021-07-05T16:07:27.6655980+08:00, 0, 12.94095, 48.29629, 1, 1, 1, False
1219.392, 2021-07-05T16:07:27.6715090+08:00, 0, 12.94095, 48.29629, 1, 1, 1, False
1219.399, 2021-07-05T16:07:27.6782310+08:00, 0, 12.94095, 48.29629, 1, 1, 1, False
1219.405, 2021-07-05T16:07:27.6845790+08:00, 0, 12.94095, 48.29629, 1, 1, 1, False
1219.412, 2021-07-05T16:07:27.6912360+08:00, 0, 12.94095, 48.29629, 1, 1, 1, False
1219.418, 2021-07-05T16:07:27.6969020+08:00, 0, 12.94095, 48.29629, 1, 1, 1, False
1219.424, 2021-07-05T16:07:27.7036710+08:00, 0, 12.94095, 48.29629, 1, 1, 1, False
1219.43, 2021-07-05T16:07:27.7090990+08:00, 0, 12.94095, 48.29629, 1, 1, 1, False
1219.437, 2021-07-05T16:07:27.7158690+08:00, 0, 12.94095, 48.29629, 1, 1, 1, False
1219.444, 2021-07-05T16:07:27.7232170+08:00, 0, 12.94095, 48.29629, 1, 1, 1, False
1219.448, 2021-07-05T16:07:27.7278100+08:00, 0, 12.94095, 48.29629, 1, 1, 1, False
1219.456, 2021-07-05T16:07:27.7350040+08:00, 0, 12.94095, 48.29629, 1, 1, 1, False
1219.461, 2021-07-05T16:07:27.7407310+08:00, 0, 12.94095, 48.29629, 1, 1, 1, False
1219.468, 2021-07-05T16:07:27.7469490+08:00, 0, 12.94095, 48.29629, 1, 1, 1, False
1219.474, 2021-07-05T16:07:27.7531930+08:00, 0, 12.94095, 48.29629, 1, 1, 1, False
1219.48, 2021-07-05T16:07:27.7593710+08:00, 0, 12.94095, 48.29629, 1, 1, 1, False
1219.486, 2021-07-05T16:07:27.7653570+08:00, 0, 12.94095, 48.29629, 1, 1, 1, False
1219.493, 2021-07-05T16:07:27.7719670+08:00, 0, 12.94095, 48.29629, 1, 1, 1, False
1219.5, 2021-07-05T16:07:27.7797580+08:00, 0, 12.94095, 48.29629, 1, 1, 1, False
1219.508, 2021-07-05T16:07:27.7873390+08:00, 0, 12.94095, 48.29629, 1, 1, 1, False
1219.512, 2021-07-05T16:07:27.7907850+08:00, 0, 12.94095, 48.29629, 1, 1, 1, False
1219.518, 2021-07-05T16:07:27.7967930+08:00, 0, 12.94095, 48.29629, 1, 1, 1, False
1219.524, 2021-07-05T16:07:27.8029680+08:00, 0, 12.94095, 48.29629, 1, 1, 1, False
1219.53, 2021-07-05T16:07:27.8089120+08:00, 0, 12.94095, 48.29629, 1, 1, 1, False
1219.536, 2021-07-05T16:07:27.8156660+08:00, 0, 12.94095, 48.29629, 1, 1, 1, False
1219.542, 2021-07-05T16:07:27.8218320+08:00, 0, 12.94095, 48.29629, 1, 1, 1, False
1219.549, 2021-07-05T16:07:27.8280270+08:00, 0, 12.94095, 48.29629, 1, 1, 1, False
1219.556, 2021-07-05T16:07:27.8351580+08:00, 0, 12.94095, 48.29629, 1, 1, 1, False
1219.564, 2021-07-05T16:07:27.8437300+08:00, 0, 12.94095, 48.29629, 1, 1, 1, False
1219.573, 2021-07-05T16:07:27.8519400+08:00, 0, 12.94095, 48.29629, 1, 1, 1, False
1219.58, 2021-07-05T16:07:27.8593770+08:00, 0, 12.94095, 48.29629, 1, 1, 1, False
1219.589, 2021-07-05T16:07:27.8680830+08:00, 0, 12.94095, 48.29629, 1, 1, 1, False
1219.597, 2021-07-05T16:07:27.8757920+08:00, 0, 12.94095, 48.29629, 1, 1, 1, False
1219.605, 2021-07-05T16:07:27.8842170+08:00, 0, 12.94095, 48.29629, 1, 1, 1, False
1219.612, 2021-07-05T16:07:27.8913490+08:00, 0, 12.94095, 48.29629, 1, 1, 1, False
1219.616, 2021-07-05T16:07:27.8948540+08:00, 0, 12.94095, 48.29629, 1, 1, 1, False
1219.62, 2021-07-05T16:07:27.8989070+08:00, 0, 12.94095, 48.29629, 1, 1, 1, False
1219.624, 2021-07-05T16:07:27.9030770+08:00, 0, 12.94095, 48.29629, 1, 1, 1, False
1219.628, 2021-07-05T16:07:27.9069550+08:00, 0, 12.94095, 48.29629, 1, 1, 1, False
1219.632, 2021-07-05T16:07:27.9108030+08:00, 0, 12.94095, 48.29629, 1, 1, 1, False
1219.636, 2021-07-05T16:07:27.9151970+08:00, 0, 12.94095, 48.29629, 1, 1, 1, False
1219.642, 2021-07-05T16:07:27.9213860+08:00, 0, 12.94095, 48.29629, 1, 1, 1, False
1219.649, 2021-07-05T16:07:27.9280430+08:00, 0, 12.94095, 48.29629, 1, 1, 1, False
1219.656, 2021-07-05T16:07:27.9352110+08:00, 0, 12.94095, 48.29629, 1, 1, 1, False
1219.661, 2021-07-05T16:07:27.9403020+08:00, 0, 12.94095, 48.29629, 1, 1, 1, False
1219.668, 2021-07-05T16:07:27.9473980+08:00, 0, 12.94095, 48.29629, 1, 1, 1, False
1219.677, 2021-07-05T16:07:27.9559050+08:00, 0, 12.94095, 48.29629, 1, 1, 1, False
1219.685, 2021-07-05T16:07:27.9639940+08:00, 0, 12.94095, 48.29629, 1, 1, 1, False
1219.692, 2021-07-05T16:07:27.9713100+08:00, 0, 12.94095, 48.29629, 1, 1, 1, False
1219.706, 2021-07-05T16:07:27.9853400+08:00, 0, 12.94095, 48.29629, 1, 1, 1, False
1219.712, 2021-07-05T16:07:27.9910510+08:00, 0, 12.94095, 48.29629, 1, 1, 1, False
1219.716, 2021-07-05T16:07:27.9949640+08:00, 0, 12.94095, 48.29629, 1, 1, 1, False
1219.72, 2021-07-05T16:07:27.9989860+08:00, 0, 12.94095, 48.29629, 1, 1, 1, False
1219.724, 2021-07-05T16:07:28.0031080+08:00, 0, 12.94095, 48.29629, 1, 1, 1, False
1219.728, 2021-07-05T16:07:28.0069530+08:00, 0, 12.94095, 48.29629, 1, 1, 1, False
1219.732, 2021-07-05T16:07:28.0109850+08:00, 0, 12.94095, 48.29629, 1, 1, 1, False
1219.736, 2021-07-05T16:07:28.0151990+08:00, 0, 12.94095, 48.29629, 1, 1, 1, False
1219.742, 2021-07-05T16:07:28.0212120+08:00, 0, 12.94095, 48.29629, 1, 1, 1, False
1219.749, 2021-07-05T16:07:28.0279470+08:00, 0, 12.94095, 48.29629, 1, 1, 1, False
1219.756, 2021-07-05T16:07:28.0348870+08:00, 0, 12.94095, 48.29629, 1, 1, 1, False
1219.761, 2021-07-05T16:07:28.0400020+08:00, 0, 12.94095, 48.29629, 1, 1, 1, False
1219.769, 2021-07-05T16:07:28.0479640+08:00, 0, 12.94095, 48.29629, 1, 1, 1, False
1219.777, 2021-07-05T16:07:28.0559380+08:00, 0, 12.94095, 48.29629, 1, 1, 1, False
1219.784, 2021-07-05T16:07:28.0637460+08:00, 0, 12.94095, 48.29629, 1, 1, 1, False
1219.792, 2021-07-05T16:07:28.0715560+08:00, 0, 12.94095, 48.29629, 1, 1, 1, False
1219.801, 2021-07-05T16:07:28.0799370+08:00, 0, 12.94095, 48.29629, 1, 1, 1, False
1219.808, 2021-07-05T16:07:28.0872290+08:00, 0, 12.94095, 48.29629, 1, 1, 1, False
1219.812, 2021-07-05T16:07:28.0911430+08:00, 0, 12.94095, 48.29629, 1, 1, 1, False
1219.816, 2021-07-05T16:07:28.0948730+08:00, 0, 12.94095, 48.29629, 1, 1, 1, False
1219.82, 2021-07-05T16:07:28.0989470+08:00, 0, 12.94095, 48.29629, 1, 1, 1, False
1219.824, 2021-07-05T16:07:28.1028820+08:00, 0, 12.94095, 48.29629, 1, 1, 1, False
1219.829, 2021-07-05T16:07:28.1085450+08:00, 0, 12.94095, 48.29629, 1, 1, 1, False
1219.836, 2021-07-05T16:07:28.1153730+08:00, 0, 12.94095, 48.29629, 1, 1, 1, False
1219.842, 2021-07-05T16:07:28.1214290+08:00, 0, 12.94095, 48.29629, 1, 1, 1, False
1219.849, 2021-07-05T16:07:28.1280190+08:00, 0, 12.94095, 48.29629, 1, 1, 1, False
1219.856, 2021-07-05T16:07:28.1352350+08:00, 0, 12.94095, 48.29629, 1, 1, 1, False
1219.864, 2021-07-05T16:07:28.1436590+08:00, 0, 12.94095, 48.29629, 1, 1, 1, False
1219.872, 2021-07-05T16:07:28.1512860+08:00, 0, 12.94095, 48.29629, 1, 1, 1, False
1219.876, 2021-07-05T16:07:28.1549690+08:00, 0, 12.94095, 48.29629, 1, 1, 1, False
1219.88, 2021-07-05T16:07:28.1590100+08:00, 0, 12.94095, 48.29629, 1, 1, 1, False
1219.886, 2021-07-05T16:07:28.1651460+08:00, 0, 12.94095, 48.29629, 1, 1, 1, False
1219.892, 2021-07-05T16:07:28.1716820+08:00, 0, 12.94095, 48.29629, 1, 1, 1, False
1219.901, 2021-07-05T16:07:28.1800090+08:00, 0, 12.94095, 48.29629, 1, 1, 1, False
1219.908, 2021-07-05T16:07:28.1875020+08:00, 0, 12.94095, 48.29629, 1, 1, 1, False
1219.916, 2021-07-05T16:07:28.1954180+08:00, 0, 12.94095, 48.29629, 1, 1, 1, False
1219.925, 2021-07-05T16:07:28.2041520+08:00, 0, 12.94095, 48.29629, 1, 1, 1, False
1219.933, 2021-07-05T16:07:28.2117910+08:00, 0, 12.94095, 48.29629, 1, 1, 1, False
1219.941, 2021-07-05T16:07:28.2199570+08:00, 0, 12.94095, 48.29629, 1, 1, 1, False
1219.949, 2021-07-05T16:07:28.2281000+08:00, 0, 12.94095, 48.29629, 1, 1, 1, False
1219.956, 2021-07-05T16:07:28.2352760+08:00, 0, 12.94095, 48.29629, 1, 1, 1, False
1219.964, 2021-07-05T16:07:28.2436370+08:00, 0, 12.94095, 48.29629, 1, 1, 1, False
1219.972, 2021-07-05T16:07:28.2510940+08:00, 0, 12.94095, 48.29629, 1, 1, 1, False
1219.976, 2021-07-05T16:07:28.2547900+08:00, 0, 12.94095, 48.29629, 1, 1, 1, False
1219.98, 2021-07-05T16:07:28.2590590+08:00, 0, 12.94095, 48.29629, 1, 1, 1, False
1219.984, 2021-07-05T16:07:28.2628830+08:00, 0, 12.94095, 48.29629, 1, 1, 1, False
1219.988, 2021-07-05T16:07:28.2669870+08:00, 0, 12.94095, 48.29629, 1, 1, 1, False
1219.992, 2021-07-05T16:07:28.2710200+08:00, 0, 12.94095, 48.29629, 1, 1, 1, False
1219.995, 2021-07-05T16:07:28.2745650+08:00, 0, 12.94095, 48.29629, 1, 1, 1, False
1220, 2021-07-05T16:07:28.2786740+08:00, 0, 12.94095, 48.29629, 1, 1, 1, False
1220.005, 2021-07-05T16:07:28.2842660+08:00, 0, 12.94095, 48.29629, 1, 1, 1, False
1220.013, 2021-07-05T16:07:28.2919490+08:00, 0, 12.94095, 48.29629, 1, 1, 1, False
1220.02, 2021-07-05T16:07:28.2990060+08:00, 0, 12.94095, 48.29629, 1, 1, 1, False
1220.024, 2021-07-05T16:07:28.3032700+08:00, 0, 12.94095, 48.29629, 1, 1, 1, False
1220.031, 2021-07-05T16:07:28.3098660+08:00, 0, 12.94095, 48.29629, 1, 1, 1, False
1220.037, 2021-07-05T16:07:28.3161390+08:00, 0, 12.94095, 48.29629, 1, 1, 1, False
1220.044, 2021-07-05T16:07:28.3231490+08:00, 0, 12.94095, 48.29629, 1, 1, 1, False
1220.049, 2021-07-05T16:07:28.3285930+08:00, 0, 12.94095, 48.29629, 1, 1, 1, False
1220.057, 2021-07-05T16:07:28.3357210+08:00, 0, 12.94095, 48.29629, 1, 1, 1, False
1220.064, 2021-07-05T16:07:28.3432270+08:00, 0, 12.94095, 48.29629, 1, 1, 1, False
1220.068, 2021-07-05T16:07:28.3470580+08:00, 0, 12.94095, 48.29629, 1, 1, 1, False
1220.074, 2021-07-05T16:07:28.3534300+08:00, 0, 12.94095, 48.29629, 1, 1, 1, False
1220.08, 2021-07-05T16:07:28.3593320+08:00, 0, 12.94095, 48.29629, 1, 1, 1, False
1220.087, 2021-07-05T16:07:28.3659930+08:00, 0, 12.94095, 48.29629, 1, 1, 1, False
1220.093, 2021-07-05T16:07:28.3723380+08:00, 0, 12.94095, 48.29629, 1, 1, 1, False
1220.1, 2021-07-05T16:07:28.3790480+08:00, 0, 12.94095, 48.29629, 1, 1, 1, False
1220.106, 2021-07-05T16:07:28.3850230+08:00, 0, 12.94095, 48.29629, 1, 1, 1, False
1220.112, 2021-07-05T16:07:28.3915290+08:00, 0, 12.94095, 48.29629, 1, 1, 1, False
1220.118, 2021-07-05T16:07:28.3973190+08:00, 0, 12.94095, 48.29629, 1, 1, 1, False
1220.124, 2021-07-05T16:07:28.4035370+08:00, 0, 12.94095, 48.29629, 1, 1, 1, False
1220.131, 2021-07-05T16:07:28.4099030+08:00, 0, 12.94095, 48.29629, 1, 1, 1, False
1220.136, 2021-07-05T16:07:28.4157670+08:00, 0, 12.94095, 48.29629, 1, 1, 1, False
1220.144, 2021-07-05T16:07:28.4233120+08:00, 0, 12.94095, 48.29629, 1, 1, 1, False
1220.149, 2021-07-05T16:07:28.4285560+08:00, 0, 12.94095, 48.29629, 1, 1, 1, False
1220.156, 2021-07-05T16:07:28.4350290+08:00, 0, 12.94095, 48.29629, 1, 1, 1, False
1220.161, 2021-07-05T16:07:28.4437880+08:00, 0, 12.94095, 48.29629, 1, 1, 1, False
1220.168, 2021-07-05T16:07:28.4523530+08:00, 0, 12.94095, 48.29629, 1, 1, 1, False
1220.18, 2021-07-05T16:07:28.4592760+08:00, 0, 12.94095, 48.29629, 1, 1, 1, False
1220.184, 2021-07-05T16:07:28.4628520+08:00, 0, 12.94095, 48.29629, 1, 1, 1, False
1220.188, 2021-07-05T16:07:28.4667510+08:00, 0, 12.94095, 48.29629, 1, 1, 1, False
1220.193, 2021-07-05T16:07:28.4725150+08:00, 0, 12.94095, 48.29629, 1, 1, 1, False
1220.2, 2021-07-05T16:07:28.4791810+08:00, 0, 12.94095, 48.29629, 1, 1, 1, False
1220.205, 2021-07-05T16:07:28.4847880+08:00, 0, 12.94095, 48.29629, 1, 1, 1, False
1220.212, 2021-07-05T16:07:28.4914910+08:00, 0, 12.94095, 48.29629, 1, 1, 1, False
1220.219, 2021-07-05T16:07:28.4977650+08:00, 0, 12.94095, 48.29629, 1, 1, 1, False
1220.225, 2021-07-05T16:07:28.5041060+08:00, 0, 12.94095, 48.29629, 1, 1, 1, False
1220.232, 2021-07-05T16:07:28.5112830+08:00, 0, 12.94095, 48.29629, 1, 1, 1, False
1220.237, 2021-07-05T16:07:28.5165540+08:00, 0, 12.94095, 48.29629, 1, 1, 1, False
1220.244, 2021-07-05T16:07:28.5232580+08:00, 0, 12.94095, 48.29629, 1, 1, 1, False
1220.249, 2021-07-05T16:07:28.5286580+08:00, 0, 12.94095, 48.29629, 1, 1, 1, False
1220.257, 2021-07-05T16:07:28.5358040+08:00, 0, 12.94095, 48.29629, 1, 1, 1, False
1220.262, 2021-07-05T16:07:28.5415820+08:00, 0, 12.94095, 48.29629, 1, 1, 1, False
1220.269, 2021-07-05T16:07:28.5477360+08:00, 0, 12.94095, 48.29629, 1, 1, 1, False
1220.275, 2021-07-05T16:07:28.5540240+08:00, 0, 12.94095, 48.29629, 1, 1, 1, False
1220.281, 2021-07-05T16:07:28.5603890+08:00, 0, 12.94095, 48.29629, 1, 1, 1, False
1220.288, 2021-07-05T16:07:28.5672240+08:00, 0, 12.94095, 48.29629, 1, 1, 1, False
1220.296, 2021-07-05T16:07:28.5750300+08:00, 0, 12.94095, 48.29629, 1, 1, 1, False
1220.3, 2021-07-05T16:07:28.5789120+08:00, 0, 12.94095, 48.29629, 1, 1, 1, False
1220.306, 2021-07-05T16:07:28.5850290+08:00, 0, 12.94095, 48.29629, 1, 1, 1, False
1220.312, 2021-07-05T16:07:28.5916580+08:00, 0, 12.94095, 48.29629, 1, 1, 1, False
1220.319, 2021-07-05T16:07:28.5980690+08:00, 0, 12.94095, 48.29629, 1, 1, 1, False
1220.325, 2021-07-05T16:07:28.6043570+08:00, 0, 12.94095, 48.29629, 1, 1, 1, False
1220.332, 2021-07-05T16:07:28.6109930+08:00, 0, 12.94095, 48.29629, 1, 1, 1, False
1220.337, 2021-07-05T16:07:28.6166170+08:00, 0, 12.94095, 48.29629, 1, 1, 1, False
1220.344, 2021-07-05T16:07:28.6234870+08:00, 0, 12.94095, 48.29629, 1, 1, 1, False
1220.35, 2021-07-05T16:07:28.6290610+08:00, 0, 12.94095, 48.29629, 1, 1, 1, False
1220.356, 2021-07-05T16:07:28.6356420+08:00, 0, 12.94095, 48.29629, 1, 1, 1, False
1220.362, 2021-07-05T16:07:28.6416000+08:00, 0, 12.94095, 48.29629, 1, 1, 1, False
1220.369, 2021-07-05T16:07:28.6482100+08:00, 0, 12.94095, 48.29629, 1, 1, 1, False
1220.376, 2021-07-05T16:07:28.6552700+08:00, 0, 12.94095, 48.29629, 1, 1, 1, False
1220.381, 2021-07-05T16:07:28.6603330+08:00, 0, 12.94095, 48.29629, 1, 1, 1, False
1220.388, 2021-07-05T16:07:28.6674200+08:00, 0, 12.94095, 48.29629, 1, 1, 1, False
1220.394, 2021-07-05T16:07:28.6731830+08:00, 0, 12.94095, 48.29629, 1, 1, 1, False
1220.4, 2021-07-05T16:07:28.6796350+08:00, 0, 12.94095, 48.29629, 1, 1, 1, False
1220.408, 2021-07-05T16:07:28.6873940+08:00, 0, 12.94095, 48.29629, 1, 1, 1, False
1220.417, 2021-07-05T16:07:28.6959970+08:00, 0, 12.94095, 48.29629, 1, 1, 1, False
1220.425, 2021-07-05T16:07:28.7039150+08:00, 0, 12.94095, 48.29629, 1, 1, 1, False
1220.432, 2021-07-05T16:07:28.7112470+08:00, 0, 12.94095, 48.29629, 1, 1, 1, False
1220.436, 2021-07-05T16:07:28.7149500+08:00, 0, 12.94095, 48.29629, 1, 1, 1, False
1220.44, 2021-07-05T16:07:28.7190300+08:00, 0, 12.94095, 48.29629, 1, 1, 1, False
1220.444, 2021-07-05T16:07:28.7230550+08:00, 0, 12.94095, 48.29629, 1, 1, 1, False
1220.45, 2021-07-05T16:07:28.7288630+08:00, 0, 12.94095, 48.29629, 1, 1, 1, False
1220.456, 2021-07-05T16:07:28.7356710+08:00, 0, 12.94095, 48.29629, 1, 1, 1, False
1220.463, 2021-07-05T16:07:28.7418860+08:00, 0, 12.94095, 48.29629, 1, 1, 1, False
1220.469, 2021-07-05T16:07:28.7480860+08:00, 0, 12.94095, 48.29629, 1, 1, 1, False
1220.476, 2021-07-05T16:07:28.7552490+08:00, 0, 12.94095, 48.29629, 1, 1, 1, False
1220.481, 2021-07-05T16:07:28.7605680+08:00, 0, 12.94095, 48.29629, 1, 1, 1, False
1220.488, 2021-07-05T16:07:28.7671340+08:00, 0, 12.94095, 48.29629, 1, 1, 1, False
1220.494, 2021-07-05T16:07:28.7728170+08:00, 0, 12.94095, 48.29629, 1, 1, 1, False
1220.5, 2021-07-05T16:07:28.7796960+08:00, 0, 12.94095, 48.29629, 1, 1, 1, False
1220.508, 2021-07-05T16:07:28.7873300+08:00, 0, 12.94095, 48.29629, 1, 1, 1, False
1220.512, 2021-07-05T16:07:28.7916640+08:00, 0, 12.94095, 48.29629, 1, 1, 1, False
1220.52, 2021-07-05T16:07:28.7991820+08:00, 0, 12.94095, 48.29629, 1, 1, 1, False
1220.525, 2021-07-05T16:07:28.8041480+08:00, 0, 12.94095, 48.29629, 1, 1, 1, False
1220.532, 2021-07-05T16:07:28.8112190+08:00, 0, 12.94095, 48.29629, 1, 1, 1, False
1220.537, 2021-07-05T16:07:28.8166640+08:00, 0, 12.94095, 48.29629, 1, 1, 1, False
1220.545, 2021-07-05T16:07:28.8239130+08:00, 0, 12.94095, 48.29629, 1, 1, 1, False
1220.553, 2021-07-05T16:07:28.8320410+08:00, 0, 12.94095, 48.29629, 1, 1, 1, False
1220.561, 2021-07-05T16:07:28.8402120+08:00, 0, 12.94095, 48.29629, 1, 1, 1, False
1220.568, 2021-07-05T16:07:28.8473530+08:00, 0, 12.94095, 48.29629, 1, 1, 1, False
1220.576, 2021-07-05T16:07:28.8555590+08:00, 0, 12.94095, 48.29629, 1, 1, 1, False
1220.585, 2021-07-05T16:07:28.8640080+08:00, 0, 12.94095, 48.29629, 1, 1, 1, False
1220.592, 2021-07-05T16:07:28.8712160+08:00, 0, 12.94095, 48.29629, 1, 1, 1, False
1220.601, 2021-07-05T16:07:28.8800260+08:00, 0, 12.94095, 48.29629, 1, 1, 1, False
1220.608, 2021-07-05T16:07:28.8872700+08:00, 0, 12.94095, 48.29629, 1, 1, 1, False
1220.612, 2021-07-05T16:07:28.8910790+08:00, 0, 12.94095, 48.29629, 1, 1, 1, False
1220.616, 2021-07-05T16:07:28.8948930+08:00, 0, 12.94095, 48.29629, 1, 1, 1, False
1220.62, 2021-07-05T16:07:28.8988410+08:00, 0, 12.94095, 48.29629, 1, 1, 1, False
1220.624, 2021-07-05T16:07:28.9031870+08:00, 0, 12.94095, 48.29629, 1, 1, 1, False
1220.628, 2021-07-05T16:07:28.9068870+08:00, 0, 12.94095, 48.29629, 1, 1, 1, False
1220.632, 2021-07-05T16:07:28.9110390+08:00, 0, 12.94095, 48.29629, 1, 1, 1, False
1220.637, 2021-07-05T16:07:28.9159460+08:00, 0, 12.94095, 48.29629, 1, 1, 1, False
1220.643, 2021-07-05T16:07:28.9219790+08:00, 0, 12.94095, 48.29629, 1, 1, 1, False
1220.649, 2021-07-05T16:07:28.9284990+08:00, 0, 12.94095, 48.29629, 1, 1, 1, False
1220.656, 2021-07-05T16:07:28.9351090+08:00, 0, 12.94095, 48.29629, 1, 1, 1, False
1220.661, 2021-07-05T16:07:28.9405650+08:00, 0, 12.94095, 48.29629, 1, 1, 1, False
1220.668, 2021-07-05T16:07:28.9473100+08:00, 0, 12.94095, 48.29629, 1, 1, 1, False
1220.674, 2021-07-05T16:07:28.9536890+08:00, 0, 12.94095, 48.29629, 1, 1, 1, False
1220.68, 2021-07-05T16:07:28.9593490+08:00, 0, 12.94095, 48.29629, 1, 1, 1, False
1220.687, 2021-07-05T16:07:28.9661180+08:00, 0, 12.94095, 48.29629, 1, 1, 1, False
1220.693, 2021-07-05T16:07:28.9721920+08:00, 0, 12.94095, 48.29629, 1, 1, 1, False
1220.701, 2021-07-05T16:07:28.9798730+08:00, 0, 12.94095, 48.29629, 1, 1, 1, False
1220.708, 2021-07-05T16:07:28.9872680+08:00, 0, 12.94095, 48.29629, 1, 1, 1, False
1220.712, 2021-07-05T16:07:28.9910410+08:00, 0, 12.94095, 48.29629, 1, 1, 1, False
1220.718, 2021-07-05T16:07:28.9967720+08:00, 0, 12.94095, 48.29629, 1, 1, 1, False
1220.724, 2021-07-05T16:07:29.0037770+08:00, 0, 12.94095, 48.29629, 1, 1, 1, False
1220.73, 2021-07-05T16:07:29.0096850+08:00, 0, 12.94095, 48.29629, 1, 1, 1, False
1220.737, 2021-07-05T16:07:29.0157740+08:00, 0, 12.94095, 48.29629, 1, 1, 1, False
1220.743, 2021-07-05T16:07:29.0220200+08:00, 0, 12.94095, 48.29629, 1, 1, 1, False
1220.749, 2021-07-05T16:07:29.0282620+08:00, 0, 12.94095, 48.29629, 1, 1, 1, False
1220.756, 2021-07-05T16:07:29.0348970+08:00, 0, 12.94095, 48.29629, 1, 1, 1, False
1220.775, 2021-07-05T16:07:29.0545900+08:00, 0, 12.94095, 48.29629, 1, 1, 1, False
1220.78, 2021-07-05T16:07:29.0591990+08:00, 0, 12.94095, 48.29629, 1, 1, 1, False
1220.784, 2021-07-05T16:07:29.0628440+08:00, 0, 12.94095, 48.29629, 1, 1, 1, False
1220.788, 2021-07-05T16:07:29.0667760+08:00, 0, 12.94095, 48.29629, 1, 1, 1, False
1220.792, 2021-07-05T16:07:29.0711480+08:00, 0, 12.94095, 48.29629, 1, 1, 1, False
1220.796, 2021-07-05T16:07:29.0748230+08:00, 0, 12.94095, 48.29629, 1, 1, 1, False
1220.799, 2021-07-05T16:07:29.0786970+08:00, 0, 12.94095, 48.29629, 1, 1, 1, False
1220.805, 2021-07-05T16:07:29.0839310+08:00, 0, 12.94095, 48.29629, 1, 1, 1, False
1220.812, 2021-07-05T16:07:29.0913170+08:00, 0, 12.94095, 48.29629, 1, 1, 1, False
1220.818, 2021-07-05T16:07:29.0968670+08:00, 0, 12.94095, 48.29629, 1, 1, 1, False
1220.825, 2021-07-05T16:07:29.1039760+08:00, 0, 12.94095, 48.29629, 1, 1, 1, False
1220.832, 2021-07-05T16:07:29.1116550+08:00, 0, 12.94095, 48.29629, 1, 1, 1, False
1220.841, 2021-07-05T16:07:29.1201070+08:00, 0, 12.94095, 48.29629, 1, 1, 1, False
1220.849, 2021-07-05T16:07:29.1278230+08:00, 0, 12.94095, 48.29629, 1, 1, 1, False
1220.856, 2021-07-05T16:07:29.1352340+08:00, 0, 12.94095, 48.29629, 1, 1, 1, False
1220.865, 2021-07-05T16:07:29.1438330+08:00, 0, 12.94095, 48.29629, 1, 1, 1, False
1220.873, 2021-07-05T16:07:29.1519600+08:00, 0, 12.94095, 48.29629, 1, 1, 1, False
1220.88, 2021-07-05T16:07:29.1591280+08:00, 0, 12.94095, 48.29629, 1, 1, 1, False
1220.884, 2021-07-05T16:07:29.1629280+08:00, 0, 12.94095, 48.29629, 1, 1, 1, False
1220.888, 2021-07-05T16:07:29.1669750+08:00, 0, 12.94095, 48.29629, 1, 1, 1, False
1220.892, 2021-07-05T16:07:29.1711000+08:00, 0, 12.94095, 48.29629, 1, 1, 1, False
1220.895, 2021-07-05T16:07:29.1746320+08:00, 0, 12.94095, 48.29629, 1, 1, 1, False
1220.9, 2021-07-05T16:07:29.1791360+08:00, 0, 12.94095, 48.29629, 1, 1, 1, False
1220.905, 2021-07-05T16:07:29.1840280+08:00, 0, 12.94095, 48.29629, 1, 1, 1, False
1220.911, 2021-07-05T16:07:29.1900980+08:00, 0, 12.94095, 48.29629, 1, 1, 1, False
1220.917, 2021-07-05T16:07:29.1966170+08:00, 0, 12.94095, 48.29629, 1, 1, 1, False
1220.924, 2021-07-05T16:07:29.2032970+08:00, 0, 12.94095, 48.29629, 1, 1, 1, False
1220.929, 2021-07-05T16:07:29.2087040+08:00, 0, 12.94095, 48.29629, 1, 1, 1, False
1220.937, 2021-07-05T16:07:29.2157580+08:00, 0, 12.94095, 48.29629, 1, 1, 1, False
1220.942, 2021-07-05T16:07:29.2214200+08:00, 0, 12.94095, 48.29629, 1, 1, 1, False
1220.948, 2021-07-05T16:07:29.2277440+08:00, 0, 12.94095, 48.29629, 1, 1, 1, False
1220.957, 2021-07-05T16:07:29.2361560+08:00, 0, 12.94095, 48.29629, 1, 1, 1, False
1220.964, 2021-07-05T16:07:29.2433830+08:00, 0, 12.94095, 48.29629, 1, 1, 1, False
1220.968, 2021-07-05T16:07:29.2470950+08:00, 0, 12.94095, 48.29629, 1, 1, 1, False
1220.973, 2021-07-05T16:07:29.2525220+08:00, 0, 12.94095, 48.29629, 1, 1, 1, False
1220.98, 2021-07-05T16:07:29.2593040+08:00, 0, 12.94095, 48.29629, 1, 1, 1, False
1220.986, 2021-07-05T16:07:29.2654480+08:00, 0, 12.94095, 48.29629, 1, 1, 1, False
1220.992, 2021-07-05T16:07:29.2716280+08:00, 0, 12.94095, 48.29629, 1, 1, 1, False
1220.999, 2021-07-05T16:07:29.2779180+08:00, 0, 12.94095, 48.29629, 1, 1, 1, False
1221.005, 2021-07-05T16:07:29.2838260+08:00, 0, 12.94095, 48.29629, 1, 1, 1, False
1221.012, 2021-07-05T16:07:29.2911180+08:00, 0, 12.94095, 48.29629, 1, 1, 1, False
1221.017, 2021-07-05T16:07:29.2966650+08:00, 0, 12.94095, 48.29629, 1, 1, 1, False
1221.024, 2021-07-05T16:07:29.3031620+08:00, 0, 12.94095, 48.29629, 1, 1, 1, False
1221.03, 2021-07-05T16:07:29.3088830+08:00, 0, 12.94095, 48.29629, 1, 1, 1, False
1221.036, 2021-07-05T16:07:29.3155660+08:00, 0, 12.94095, 48.29629, 1, 1, 1, False
1221.042, 2021-07-05T16:07:29.3213870+08:00, 0, 12.94095, 48.29629, 1, 1, 1, False
1221.049, 2021-07-05T16:07:29.3280160+08:00, 0, 12.94095, 48.29629, 1, 1, 1, False
1221.056, 2021-07-05T16:07:29.3351710+08:00, 0, 12.94095, 48.29629, 1, 1, 1, False
1221.061, 2021-07-05T16:07:29.3404120+08:00, 0, 12.94095, 48.29629, 1, 1, 1, False
1221.068, 2021-07-05T16:07:29.3469750+08:00, 0, 12.94095, 48.29629, 1, 1, 1, False
1221.073, 2021-07-05T16:07:29.3527140+08:00, 0, 12.94095, 48.29629, 1, 1, 1, False
1221.08, 2021-07-05T16:07:29.3591180+08:00, 0, 12.94095, 48.29629, 1, 1, 1, False
1221.086, 2021-07-05T16:07:29.3648990+08:00, 0, 12.94095, 48.29629, 1, 1, 1, False
1221.092, 2021-07-05T16:07:29.3715740+08:00, 0, 12.94095, 48.29629, 1, 1, 1, False
1221.098, 2021-07-05T16:07:29.3774650+08:00, 0, 12.94095, 48.29629, 1, 1, 1, False
1221.105, 2021-07-05T16:07:29.3840930+08:00, 0, 12.94095, 48.29629, 1, 1, 1, False
1221.112, 2021-07-05T16:07:29.3910420+08:00, 0, 12.94095, 48.29629, 1, 1, 1, False
1221.117, 2021-07-05T16:07:29.3960780+08:00, 0, 12.94095, 48.29629, 1, 1, 1, False
1221.125, 2021-07-05T16:07:29.4040030+08:00, 0, 12.94095, 48.29629, 1, 1, 1, False
1221.133, 2021-07-05T16:07:29.4117860+08:00, 0, 12.94095, 48.29629, 1, 1, 1, False
1221.141, 2021-07-05T16:07:29.4201010+08:00, 0, 12.94095, 48.29629, 1, 1, 1, False
1221.148, 2021-07-05T16:07:29.4276370+08:00, 0, 12.94095, 48.29629, 1, 1, 1, False
1221.156, 2021-07-05T16:07:29.4355000+08:00, 0, 12.94095, 48.29629, 1, 1, 1, False
1221.16, 2021-07-05T16:07:29.4390490+08:00, 0, 12.94095, 48.29629, 1, 1, 1, False
1221.164, 2021-07-05T16:07:29.4429470+08:00, 0, 12.94095, 48.29629, 1, 1, 1, False
1221.168, 2021-07-05T16:07:29.4472630+08:00, 0, 12.94095, 48.29629, 1, 1, 1, False
1221.173, 2021-07-05T16:07:29.4526830+08:00, 0, 12.94095, 48.29629, 1, 1, 1, False
1221.18, 2021-07-05T16:07:29.4592010+08:00, 0, 12.94095, 48.29629, 1, 1, 1, False
1221.186, 2021-07-05T16:07:29.4653330+08:00, 0, 12.94095, 48.29629, 1, 1, 1, False
1221.192, 2021-07-05T16:07:29.4716140+08:00, 0, 12.94095, 48.29629, 1, 1, 1, False
1221.198, 2021-07-05T16:07:29.4774160+08:00, 0, 12.94095, 48.29629, 1, 1, 1, False
1221.205, 2021-07-05T16:07:29.4840330+08:00, 0, 12.94095, 48.29629, 1, 1, 1, False
1221.212, 2021-07-05T16:07:29.4910480+08:00, 0, 12.94095, 48.29629, 1, 1, 1, False
1221.217, 2021-07-05T16:07:29.4962120+08:00, 0, 12.94095, 48.29629, 1, 1, 1, False
1221.224, 2021-07-05T16:07:29.5031800+08:00, 0, 12.94095, 48.29629, 1, 1, 1, False
1221.23, 2021-07-05T16:07:29.5089460+08:00, 0, 12.94095, 48.29629, 1, 1, 1, False
1221.236, 2021-07-05T16:07:29.5156790+08:00, 0, 12.94095, 48.29629, 1, 1, 1, False
1221.242, 2021-07-05T16:07:29.5213590+08:00, 0, 12.94095, 48.29629, 1, 1, 1, False
1221.249, 2021-07-05T16:07:29.5279290+08:00, 0, 12.94095, 48.29629, 1, 1, 1, False
1221.256, 2021-07-05T16:07:29.5349950+08:00, 0, 12.94095, 48.29629, 1, 1, 1, False
1221.261, 2021-07-05T16:07:29.5403460+08:00, 0, 12.94095, 48.29629, 1, 1, 1, False
1221.268, 2021-07-05T16:07:29.5469780+08:00, 0, 12.94095, 48.29629, 1, 1, 1, False
1221.273, 2021-07-05T16:07:29.5524630+08:00, 0, 12.94095, 48.29629, 1, 1, 1, False
1221.28, 2021-07-05T16:07:29.5593840+08:00, 0, 12.94095, 48.29629, 1, 1, 1, False
1221.286, 2021-07-05T16:07:29.5652740+08:00, 0, 12.94095, 48.29629, 1, 1, 1, False
1221.292, 2021-07-05T16:07:29.5710940+08:00, 0, 12.94095, 48.29629, 1, 1, 1, False
1221.299, 2021-07-05T16:07:29.5777790+08:00, 0, 12.94095, 48.29629, 1, 1, 1, False
1221.305, 2021-07-05T16:07:29.5841870+08:00, 0, 12.94095, 48.29629, 1, 1, 1, False
1221.312, 2021-07-05T16:07:29.5909940+08:00, 0, 12.94095, 48.29629, 1, 1, 1, False
1221.32, 2021-07-05T16:07:29.6056130+08:00, 0, 12.94095, 48.29629, 1, 1, 1, False
1221.332, 2021-07-05T16:07:29.6113750+08:00, 0, 12.94095, 48.29629, 1, 1, 1, False
1221.336, 2021-07-05T16:07:29.6148340+08:00, 0, 12.94095, 48.29629, 1, 1, 1, False
1221.34, 2021-07-05T16:07:29.6190730+08:00, 0, 12.94095, 48.29629, 1, 1, 1, False
1221.344, 2021-07-05T16:07:29.6230670+08:00, 0, 12.94095, 48.29629, 1, 1, 1, False
1221.348, 2021-07-05T16:07:29.6277030+08:00, 0, 12.94095, 48.29629, 1, 1, 1, False
1221.355, 2021-07-05T16:07:29.6340890+08:00, 0, 12.94095, 48.29629, 1, 1, 1, False
1221.361, 2021-07-05T16:07:29.6407140+08:00, 0, 12.94095, 48.29629, 1, 1, 1, False
1221.368, 2021-07-05T16:07:29.6472930+08:00, 0, 12.94095, 48.29629, 1, 1, 1, False
1221.376, 2021-07-05T16:07:29.6554240+08:00, 0, 12.94095, 48.29629, 1, 1, 1, False
1221.385, 2021-07-05T16:07:29.6639860+08:00, 0, 12.94095, 48.29629, 1, 1, 1, False
1221.392, 2021-07-05T16:07:29.6713170+08:00, 0, 12.94095, 48.29629, 1, 1, 1, False
1221.396, 2021-07-05T16:07:29.6748240+08:00, 0, 12.94095, 48.29629, 1, 1, 1, False
1221.4, 2021-07-05T16:07:29.6789350+08:00, 0, 12.94095, 48.29629, 1, 1, 1, False
1221.405, 2021-07-05T16:07:29.6839040+08:00, 0, 12.94095, 48.29629, 1, 1, 1, False
1221.412, 2021-07-05T16:07:29.6912100+08:00, 0, 12.94095, 48.29629, 1, 1, 1, False
1221.417, 2021-07-05T16:07:29.6967280+08:00, 0, 12.94095, 48.29629, 1, 1, 1, False
1221.424, 2021-07-05T16:07:29.7030650+08:00, 0, 12.94095, 48.29629, 1, 1, 1, False
1221.43, 2021-07-05T16:07:29.7093730+08:00, 0, 12.94095, 48.29629, 1, 1, 1, False
1221.436, 2021-07-05T16:07:29.7156130+08:00, 0, 12.94095, 48.29629, 1, 1, 1, False
1221.442, 2021-07-05T16:07:29.7216290+08:00, 0, 12.94095, 48.29629, 1, 1, 1, False
1221.449, 2021-07-05T16:07:29.7283270+08:00, 0, 12.94095, 48.29629, 1, 1, 1, False
1221.456, 2021-07-05T16:07:29.7356970+08:00, 0, 12.94095, 48.29629, 1, 1, 1, False
1221.461, 2021-07-05T16:07:29.7404730+08:00, 0, 12.94095, 48.29629, 1, 1, 1, False
1221.468, 2021-07-05T16:07:29.7473010+08:00, 0, 12.94095, 48.29629, 1, 1, 1, False
1221.474, 2021-07-05T16:07:29.7529920+08:00, 0, 12.94095, 48.29629, 1, 1, 1, False
1221.48, 2021-07-05T16:07:29.7594580+08:00, 0, 12.94095, 48.29629, 1, 1, 1, False
1221.488, 2021-07-05T16:07:29.7672110+08:00, 0, 12.94095, 48.29629, 1, 1, 1, False
1221.493, 2021-07-05T16:07:29.7720900+08:00, 0, 12.94095, 48.29629, 1, 1, 1, False
1221.501, 2021-07-05T16:07:29.7799450+08:00, 0, 12.94095, 48.29629, 1, 1, 1, False
1221.508, 2021-07-05T16:07:29.7873680+08:00, 0, 12.94095, 48.29629, 1, 1, 1, False
1221.512, 2021-07-05T16:07:29.7911950+08:00, 0, 12.94095, 48.29629, 1, 1, 1, False
1221.518, 2021-07-05T16:07:29.7972200+08:00, 0, 12.94095, 48.29629, 1, 1, 1, False
1221.524, 2021-07-05T16:07:29.8036980+08:00, 0, 12.94095, 48.29629, 1, 1, 1, False
1221.53, 2021-07-05T16:07:29.8093440+08:00, 0, 12.94095, 48.29629, 1, 1, 1, False
1221.537, 2021-07-05T16:07:29.8158950+08:00, 0, 12.94095, 48.29629, 1, 1, 1, False
1221.544, 2021-07-05T16:07:29.8229750+08:00, 0, 12.94095, 48.29629, 1, 1, 1, False
1221.549, 2021-07-05T16:07:29.8283870+08:00, 0, 12.94095, 48.29629, 1, 1, 1, False
1221.576, 2021-07-05T16:07:29.8550780+08:00, 0, 12.94095, 48.29629, 1, 1, 1, False
1221.585, 2021-07-05T16:07:29.8647520+08:00, 0, 12.94095, 48.29629, 1, 1, 1, False
1221.592, 2021-07-05T16:07:29.8711000+08:00, 0, 12.94095, 48.29629, 1, 1, 1, False
1221.596, 2021-07-05T16:07:29.8748240+08:00, 0, 12.94095, 48.29629, 1, 1, 1, False
1221.6, 2021-07-05T16:07:29.8789220+08:00, 0, 12.94095, 48.29629, 1, 1, 1, False
1221.604, 2021-07-05T16:07:29.8831740+08:00, 0, 12.94095, 48.29629, 1, 1, 1, False
1221.608, 2021-07-05T16:07:29.8870340+08:00, 0, 12.94095, 48.29629, 1, 1, 1, False
1221.612, 2021-07-05T16:07:29.8907470+08:00, 0, 12.94095, 48.29629, 1, 1, 1, False
1221.615, 2021-07-05T16:07:29.8947430+08:00, 0, 12.94095, 48.29629, 1, 1, 1, False
1221.621, 2021-07-05T16:07:29.9005530+08:00, 0, 12.94095, 48.29629, 1, 1, 1, False
1221.628, 2021-07-05T16:07:29.9070700+08:00, 0, 12.94095, 48.29629, 1, 1, 1, False
1221.634, 2021-07-05T16:07:29.9132650+08:00, 0, 12.94095, 48.29629, 1, 1, 1, False
1221.64, 2021-07-05T16:07:29.9195850+08:00, 0, 12.94095, 48.29629, 1, 1, 1, False
1221.646, 2021-07-05T16:07:29.9256230+08:00, 0, 12.94095, 48.29629, 1, 1, 1, False
1221.653, 2021-07-05T16:07:29.9321430+08:00, 0, 12.94095, 48.29629, 1, 1, 1, False
1221.66, 2021-07-05T16:07:29.9391840+08:00, 0, 12.94095, 48.29629, 1, 1, 1, False
1221.665, 2021-07-05T16:07:29.9446500+08:00, 0, 12.94095, 48.29629, 1, 1, 1, False
1221.672, 2021-07-05T16:07:29.9512120+08:00, 0, 12.94095, 48.29629, 1, 1, 1, False
1221.677, 2021-07-05T16:07:29.9566150+08:00, 0, 12.94095, 48.29629, 1, 1, 1, False
1221.684, 2021-07-05T16:07:29.9633380+08:00, 0, 12.94095, 48.29629, 1, 1, 1, False
1221.692, 2021-07-05T16:07:29.9713730+08:00, 0, 12.94095, 48.29629, 1, 1, 1, False
1221.696, 2021-07-05T16:07:29.9753590+08:00, 0, 12.94095, 48.29629, 1, 1, 1, False
1221.703, 2021-07-05T16:07:29.9821450+08:00, 0, 12.94095, 48.29629, 1, 1, 1, False
1221.709, 2021-07-05T16:07:29.9882780+08:00, 0, 12.94095, 48.29629, 1, 1, 1, False
1221.716, 2021-07-05T16:07:29.9956460+08:00, 0, 12.94095, 48.29629, 1, 1, 1, False
1221.725, 2021-07-05T16:07:30.0041590+08:00, 0, 12.94095, 48.29629, 1, 1, 1, False
1221.732, 2021-07-05T16:07:30.0117130+08:00, 0, 12.94095, 48.29629, 1, 1, 1, False
1221.741, 2021-07-05T16:07:30.0200530+08:00, 0, 12.94095, 48.29629, 1, 1, 1, False
1221.748, 2021-07-05T16:07:30.0272260+08:00, 0, 12.94095, 48.29629, 1, 1, 1, False
1221.752, 2021-07-05T16:07:30.0309270+08:00, 0, 12.94095, 48.29629, 1, 1, 1, False
1221.756, 2021-07-05T16:07:30.0349090+08:00, 0, 12.94095, 48.29629, 1, 1, 1, False
1221.76, 2021-07-05T16:07:30.0390190+08:00, 0, 12.94095, 48.29629, 1, 1, 1, False
1221.765, 2021-07-05T16:07:30.0444690+08:00, 0, 12.94095, 48.29629, 1, 1, 1, False
1221.772, 2021-07-05T16:07:30.0508280+08:00, 0, 12.94095, 48.29629, 1, 1, 1, False
1221.777, 2021-07-05T16:07:30.0566110+08:00, 0, 12.94095, 48.29629, 1, 1, 1, False
1221.785, 2021-07-05T16:07:30.0638850+08:00, 0, 12.94095, 48.29629, 1, 1, 1, False
1221.792, 2021-07-05T16:07:30.0713650+08:00, 0, 12.94095, 48.29629, 1, 1, 1, False
1221.801, 2021-07-05T16:07:30.0801220+08:00, 0, 12.94095, 48.29629, 1, 1, 1, False
1221.808, 2021-07-05T16:07:30.0874600+08:00, 0, 12.94095, 48.29629, 1, 1, 1, False
1221.817, 2021-07-05T16:07:30.0957830+08:00, 0, 12.94095, 48.29629, 1, 1, 1, False
1221.825, 2021-07-05T16:07:30.1040290+08:00, 0, 12.94095, 48.29629, 1, 1, 1, False
1221.833, 2021-07-05T16:07:30.1118250+08:00, 0, 12.94095, 48.29629, 1, 1, 1, False
1221.841, 2021-07-05T16:07:30.1198780+08:00, 0, 12.94095, 48.29629, 1, 1, 1, False
1221.849, 2021-07-05T16:07:30.1277900+08:00, 0, 12.94095, 48.29629, 1, 1, 1, False
1221.857, 2021-07-05T16:07:30.1358490+08:00, 0, 12.94095, 48.29629, 1, 1, 1, False
1221.864, 2021-07-05T16:07:30.1433120+08:00, 0, 12.94095, 48.29629, 1, 1, 1, False
1221.873, 2021-07-05T16:07:30.1521720+08:00, 0, 12.94095, 48.29629, 1, 1, 1, False
1221.885, 2021-07-05T16:07:30.1639130+08:00, 0, 12.94095, 48.29629, 1, 1, 1, False
1221.892, 2021-07-05T16:07:30.1712640+08:00, 0, 12.94095, 48.29629, 1, 1, 1, False
1221.896, 2021-07-05T16:07:30.1750090+08:00, 0, 12.94095, 48.29629, 1, 1, 1, False
1221.9, 2021-07-05T16:07:30.1789460+08:00, 0, 12.94095, 48.29629, 1, 1, 1, False
1221.904, 2021-07-05T16:07:30.1829750+08:00, 0, 12.94095, 48.29629, 1, 1, 1, False
1221.908, 2021-07-05T16:07:30.1870390+08:00, 0, 12.94095, 48.29629, 1, 1, 1, False
1221.912, 2021-07-05T16:07:30.1907800+08:00, 0, 12.94095, 48.29629, 1, 1, 1, False
1221.916, 2021-07-05T16:07:30.1948050+08:00, 0, 12.94095, 48.29629, 1, 1, 1, False
1221.924, 2021-07-05T16:07:30.2030010+08:00, 0, 12.94095, 48.29629, 1, 1, 1, False
1221.928, 2021-07-05T16:07:30.2069490+08:00, 0, 12.94095, 48.29629, 1, 1, 1, False
1221.934, 2021-07-05T16:07:30.2133380+08:00, 0, 12.94095, 48.29629, 1, 1, 1, False
1221.941, 2021-07-05T16:07:30.2199520+08:00, 0, 12.94095, 48.29629, 1, 1, 1, False
1221.948, 2021-07-05T16:07:30.2274740+08:00, 0, 12.94095, 48.29629, 1, 1, 1, False
1221.957, 2021-07-05T16:07:30.2360090+08:00, 0, 12.94095, 48.29629, 1, 1, 1, False
1221.964, 2021-07-05T16:07:30.2436320+08:00, 0, 12.94095, 48.29629, 1, 1, 1, False
1221.973, 2021-07-05T16:07:30.2518970+08:00, 0, 12.94095, 48.29629, 1, 1, 1, False
1221.98, 2021-07-05T16:07:30.2593570+08:00, 0, 12.94095, 48.29629, 1, 1, 1, False
1221.984, 2021-07-05T16:07:30.2632670+08:00, 0, 12.94095, 48.29629, 1, 1, 1, False
1221.988, 2021-07-05T16:07:30.2668830+08:00, 0, 12.94095, 48.29629, 1, 1, 1, False
1221.993, 2021-07-05T16:07:30.2722400+08:00, 0, 12.94095, 48.29629, 1, 1, 1, False
1222, 2021-07-05T16:07:30.2794540+08:00, 0, 12.94095, 48.29629, 1, 1, 1, False
1222.006, 2021-07-05T16:07:30.2848850+08:00, 0, 12.94095, 48.29629, 1, 1, 1, False
1222.013, 2021-07-05T16:07:30.2917870+08:00, 0, 12.94095, 48.29629, 1, 1, 1, False
1222.02, 2021-07-05T16:07:30.2991440+08:00, 0, 12.94095, 48.29629, 1, 1, 1, False
1222.025, 2021-07-05T16:07:30.3039300+08:00, 0, 12.94095, 48.29629, 1, 1, 1, False
1222.033, 2021-07-05T16:07:30.3119150+08:00, 0, 12.94095, 48.29629, 1, 1, 1, False
1222.041, 2021-07-05T16:07:30.3199000+08:00, 0, 12.94095, 48.29629, 1, 1, 1, False
1222.048, 2021-07-05T16:07:30.3274850+08:00, 0, 12.94095, 48.29629, 1, 1, 1, False
1222.052, 2021-07-05T16:07:30.3307640+08:00, 0, 12.94095, 48.29629, 1, 1, 1, False
1222.056, 2021-07-05T16:07:30.3350700+08:00, 0, 12.94095, 48.29629, 1, 1, 1, False
1222.062, 2021-07-05T16:07:30.3415390+08:00, 0, 12.94095, 48.29629, 1, 1, 1, False
1222.069, 2021-07-05T16:07:30.3478490+08:00, 0, 12.94095, 48.29629, 1, 1, 1, False
1222.077, 2021-07-05T16:07:30.3558980+08:00, 0, 12.94095, 48.29629, 1, 1, 1, False
1222.085, 2021-07-05T16:07:30.3640720+08:00, 0, 12.94095, 48.29629, 1, 1, 1, False
1222.092, 2021-07-05T16:07:30.3710350+08:00, 0, 12.94095, 48.29629, 1, 1, 1, False
1222.095, 2021-07-05T16:07:30.3746990+08:00, 0, 12.94095, 48.29629, 1, 1, 1, False
1222.1, 2021-07-05T16:07:30.3791730+08:00, 0, 12.94095, 48.29629, 1, 1, 1, False
1222.105, 2021-07-05T16:07:30.3848000+08:00, 0, 12.94095, 48.29629, 1, 1, 1, False
1222.112, 2021-07-05T16:07:30.3914110+08:00, 0, 12.94095, 48.29629, 1, 1, 1, False
1222.118, 2021-07-05T16:07:30.3975510+08:00, 0, 12.94095, 48.29629, 1, 1, 1, False
1222.125, 2021-07-05T16:07:30.4038860+08:00, 0, 12.94095, 48.29629, 1, 1, 1, False
1222.13, 2021-07-05T16:07:30.4096060+08:00, 0, 12.94095, 48.29629, 1, 1, 1, False
1222.137, 2021-07-05T16:07:30.4163060+08:00, 0, 12.94095, 48.29629, 1, 1, 1, False
1222.144, 2021-07-05T16:07:30.4233830+08:00, 0, 12.94095, 48.29629, 1, 1, 1, False
1222.149, 2021-07-05T16:07:30.4284000+08:00, 0, 12.94095, 48.29629, 1, 1, 1, False
1222.156, 2021-07-05T16:07:30.4353990+08:00, 0, 12.94095, 48.29629, 1, 1, 1, False
1222.162, 2021-07-05T16:07:30.4410600+08:00, 0, 12.94095, 48.29629, 1, 1, 1, False
1222.168, 2021-07-05T16:07:30.4472910+08:00, 0, 12.94095, 48.29629, 1, 1, 1, False
1222.176, 2021-07-05T16:07:30.4551130+08:00, 0, 12.94095, 48.29629, 1, 1, 1, False
1222.181, 2021-07-05T16:07:30.4601530+08:00, 0, 12.94095, 48.29629, 1, 1, 1, False
1222.188, 2021-07-05T16:07:30.4672650+08:00, 0, 12.94095, 48.29629, 1, 1, 1, False
1222.193, 2021-07-05T16:07:30.4725680+08:00, 0, 12.94095, 48.29629, 1, 1, 1, False
1222.2, 2021-07-05T16:07:30.4797520+08:00, 0, 12.94095, 48.29629, 1, 1, 1, False
1222.205, 2021-07-05T16:07:30.4844710+08:00, 0, 12.94095, 48.29629, 1, 1, 1, False
1222.213, 2021-07-05T16:07:30.4919810+08:00, 0, 12.94095, 48.29629, 1, 1, 1, False
1222.221, 2021-07-05T16:07:30.4999430+08:00, 0, 12.94095, 48.29629, 1, 1, 1, False
1222.229, 2021-07-05T16:07:30.5080910+08:00, 0, 12.94095, 48.29629, 1, 1, 1, False
1222.237, 2021-07-05T16:07:30.5158470+08:00, 0, 12.94095, 48.29629, 1, 1, 1, False
1222.244, 2021-07-05T16:07:30.5233930+08:00, 0, 12.94095, 48.29629, 1, 1, 1, False
1222.248, 2021-07-05T16:07:30.5269620+08:00, 0, 12.94095, 48.29629, 1, 1, 1, False
1222.252, 2021-07-05T16:07:30.5308810+08:00, 0, 12.94095, 48.29629, 1, 1, 1, False
1222.256, 2021-07-05T16:07:30.5351660+08:00, 0, 12.94095, 48.29629, 1, 1, 1, False
1222.262, 2021-07-05T16:07:30.5414260+08:00, 0, 12.94095, 48.29629, 1, 1, 1, False
1222.268, 2021-07-05T16:07:30.5476180+08:00, 0, 12.94095, 48.29629, 1, 1, 1, False
1222.275, 2021-07-05T16:07:30.5539530+08:00, 0, 12.94095, 48.29629, 1, 1, 1, False
1222.281, 2021-07-05T16:07:30.5602330+08:00, 0, 12.94095, 48.29629, 1, 1, 1, False
1222.288, 2021-07-05T16:07:30.5676460+08:00, 0, 12.94095, 48.29629, 1, 1, 1, False
1222.296, 2021-07-05T16:07:30.5750260+08:00, 0, 12.94095, 48.29629, 1, 1, 1, False
1222.3, 2021-07-05T16:07:30.5788920+08:00, 0, 12.94095, 48.29629, 1, 1, 1, False
1222.306, 2021-07-05T16:07:30.5849450+08:00, 0, 12.94095, 48.29629, 1, 1, 1, False
1222.312, 2021-07-05T16:07:30.5916530+08:00, 0, 12.94095, 48.29629, 1, 1, 1, False
1222.318, 2021-07-05T16:07:30.5977460+08:00, 0, 12.94095, 48.29629, 1, 1, 1, False
1222.325, 2021-07-05T16:07:30.6038840+08:00, 0, 12.94095, 48.29629, 1, 1, 1, False
1222.333, 2021-07-05T16:07:30.6117750+08:00, 0, 12.94095, 48.29629, 1, 1, 1, False
1222.341, 2021-07-05T16:07:30.6201470+08:00, 0, 12.94095, 48.29629, 1, 1, 1, False
1222.348, 2021-07-05T16:07:30.6274610+08:00, 0, 12.94095, 48.29629, 1, 1, 1, False
1222.357, 2021-07-05T16:07:30.6361750+08:00, 0, 12.94095, 48.29629, 1, 1, 1, False
1222.364, 2021-07-05T16:07:30.6432090+08:00, 0, 12.94095, 48.29629, 1, 1, 1, False
1222.368, 2021-07-05T16:07:30.6469360+08:00, 0, 12.94095, 48.29629, 1, 1, 1, False
1222.372, 2021-07-05T16:07:30.6510130+08:00, 0, 12.94095, 48.29629, 1, 1, 1, False
1222.376, 2021-07-05T16:07:30.6550160+08:00, 0, 12.94095, 48.29629, 1, 1, 1, False
1222.381, 2021-07-05T16:07:30.6604730+08:00, 0, 12.94095, 48.29629, 1, 1, 1, False
1222.389, 2021-07-05T16:07:30.6678900+08:00, 0, 12.94095, 48.29629, 1, 1, 1, False
1222.396, 2021-07-05T16:07:30.6750640+08:00, 0, 12.94095, 48.29629, 1, 1, 1, False
1222.4, 2021-07-05T16:07:30.6792070+08:00, 0, 12.94095, 48.29629, 1, 1, 1, False
1222.406, 2021-07-05T16:07:30.6852280+08:00, 0, 12.94095, 48.29629, 1, 1, 1, False
1222.413, 2021-07-05T16:07:30.6918690+08:00, 0, 12.94095, 48.29629, 1, 1, 1, False
1222.421, 2021-07-05T16:07:30.6999620+08:00, 0, 12.94095, 48.29629, 1, 1, 1, False
1222.429, 2021-07-05T16:07:30.7080920+08:00, 0, 12.94095, 48.29629, 1, 1, 1, False
1222.436, 2021-07-05T16:07:30.7156110+08:00, 0, 12.94095, 48.29629, 1, 1, 1, False
1222.445, 2021-07-05T16:07:30.7242230+08:00, 0, 12.94095, 48.29629, 1, 1, 1, False
1222.452, 2021-07-05T16:07:30.7309810+08:00, 0, 12.94095, 48.29629, 1, 1, 1, False
1222.456, 2021-07-05T16:07:30.7349610+08:00, 0, 12.94095, 48.29629, 1, 1, 1, False
1222.46, 2021-07-05T16:07:30.7390130+08:00, 0, 12.94095, 48.29629, 1, 1, 1, False
1222.464, 2021-07-05T16:07:30.7429430+08:00, 0, 12.94095, 48.29629, 1, 1, 1, False
1222.468, 2021-07-05T16:07:30.7475490+08:00, 0, 12.94095, 48.29629, 1, 1, 1, False
1222.475, 2021-07-05T16:07:30.7542260+08:00, 0, 12.94095, 48.29629, 1, 1, 1, False
1222.481, 2021-07-05T16:07:30.7606240+08:00, 0, 12.94095, 48.29629, 1, 1, 1, False
1222.489, 2021-07-05T16:07:30.7678650+08:00, 0, 12.94095, 48.29629, 1, 1, 1, False
1222.496, 2021-07-05T16:07:30.7751590+08:00, 0, 12.94095, 48.29629, 1, 1, 1, False
1222.5, 2021-07-05T16:07:30.7790560+08:00, 0, 12.94095, 48.29629, 1, 1, 1, False
1222.508, 2021-07-05T16:07:30.7932410+08:00, 0, 12.94095, 48.29629, 1, 1, 1, False
1222.52, 2021-07-05T16:07:30.7993510+08:00, 0, 12.94095, 48.29629, 1, 1, 1, False
1222.524, 2021-07-05T16:07:30.8029190+08:00, 0, 12.94095, 48.29629, 1, 1, 1, False
1222.528, 2021-07-05T16:07:30.8068210+08:00, 0, 12.94095, 48.29629, 1, 1, 1, False
1222.532, 2021-07-05T16:07:30.8109280+08:00, 0, 12.94095, 48.29629, 1, 1, 1, False
1222.537, 2021-07-05T16:07:30.8164530+08:00, 0, 12.94095, 48.29629, 1, 1, 1, False
1222.544, 2021-07-05T16:07:30.8235980+08:00, 0, 12.94095, 48.29629, 1, 1, 1, False
1222.55, 2021-07-05T16:07:30.8293300+08:00, 0, 12.94095, 48.29629, 1, 1, 1, False
1222.557, 2021-07-05T16:07:30.8357520+08:00, 0, 12.94095, 48.29629, 1, 1, 1, False
1222.564, 2021-07-05T16:07:30.8431370+08:00, 0, 12.94095, 48.29629, 1, 1, 1, False
1222.569, 2021-07-05T16:07:30.8481590+08:00, 0, 12.94095, 48.29629, 1, 1, 1, False
1222.576, 2021-07-05T16:07:30.8553190+08:00, 0, 12.94095, 48.29629, 1, 1, 1, False
1222.581, 2021-07-05T16:07:30.8607150+08:00, 0, 12.94095, 48.29629, 1, 1, 1, False
1222.588, 2021-07-05T16:07:30.8672400+08:00, 0, 12.94095, 48.29629, 1, 1, 1, False
1222.594, 2021-07-05T16:07:30.8730430+08:00, 0, 12.94095, 48.29629, 1, 1, 1, False
1222.6, 2021-07-05T16:07:30.8796970+08:00, 0, 12.94095, 48.29629, 1, 1, 1, False
1222.606, 2021-07-05T16:07:30.8853270+08:00, 0, 12.94095, 48.29629, 1, 1, 1, False
1222.612, 2021-07-05T16:07:30.8915930+08:00, 0, 12.94095, 48.29629, 1, 1, 1, False
1222.62, 2021-07-05T16:07:30.8993610+08:00, 0, 12.94095, 48.29629, 1, 1, 1, False
1222.625, 2021-07-05T16:07:30.9043550+08:00, 0, 12.94095, 48.29629, 1, 1, 1, False
1222.633, 2021-07-05T16:07:30.9120910+08:00, 0, 12.94095, 48.29629, 1, 1, 1, False
1222.641, 2021-07-05T16:07:30.9199160+08:00, 0, 12.94095, 48.29629, 1, 1, 1, False
1222.648, 2021-07-05T16:07:30.9277630+08:00, 0, 12.94095, 48.29629, 1, 1, 1, False
1222.657, 2021-07-05T16:07:30.9359160+08:00, 0, 12.94095, 48.29629, 1, 1, 1, False
1222.664, 2021-07-05T16:07:30.9431930+08:00, 0, 12.94095, 48.29629, 1, 1, 1, False
1222.668, 2021-07-05T16:07:30.9468510+08:00, 0, 12.94095, 48.29629, 1, 1, 1, False
1222.672, 2021-07-05T16:07:30.9508800+08:00, 0, 12.94095, 48.29629, 1, 1, 1, False
1222.688, 2021-07-05T16:07:30.9677670+08:00, 0, 12.94095, 48.29629, 1, 1, 1, False
1222.692, 2021-07-05T16:07:30.9707740+08:00, 0, 12.94095, 48.29629, 1, 1, 1, False
1222.696, 2021-07-05T16:07:30.9748010+08:00, 0, 12.94095, 48.29629, 1, 1, 1, False
1222.7, 2021-07-05T16:07:30.9793280+08:00, 0, 12.94095, 48.29629, 1, 1, 1, False
1222.704, 2021-07-05T16:07:30.9828980+08:00, 0, 12.94095, 48.29629, 1, 1, 1, False
1222.708, 2021-07-05T16:07:30.9869180+08:00, 0, 12.94095, 48.29629, 1, 1, 1, False
1222.712, 2021-07-05T16:07:30.9914590+08:00, 0, 12.94095, 48.29629, 1, 1, 1, False
1222.718, 2021-07-05T16:07:30.9975140+08:00, 0, 12.94095, 48.29629, 1, 1, 1, False
1222.725, 2021-07-05T16:07:31.0038710+08:00, 0, 12.94095, 48.29629, 1, 1, 1, False
1222.731, 2021-07-05T16:07:31.0100620+08:00, 0, 12.94095, 48.29629, 1, 1, 1, False
1222.737, 2021-07-05T16:07:31.0158900+08:00, 0, 12.94095, 48.29629, 1, 1, 1, False
1222.744, 2021-07-05T16:07:31.0230740+08:00, 0, 12.94095, 48.29629, 1, 1, 1, False
1222.75, 2021-07-05T16:07:31.0288180+08:00, 0, 12.94095, 48.29629, 1, 1, 1, False
1222.756, 2021-07-05T16:07:31.0357410+08:00, 0, 12.94095, 48.29629, 1, 1, 1, False
1222.762, 2021-07-05T16:07:31.0413850+08:00, 0, 12.94095, 48.29629, 1, 1, 1, False
1222.768, 2021-07-05T16:07:31.0477790+08:00, 0, 12.94095, 48.29629, 1, 1, 1, False
1222.776, 2021-07-05T16:07:31.0557710+08:00, 0, 12.94095, 48.29629, 1, 1, 1, False
1222.785, 2021-07-05T16:07:31.0640060+08:00, 0, 12.94095, 48.29629, 1, 1, 1, False
1222.792, 2021-07-05T16:07:31.0711310+08:00, 0, 12.94095, 48.29629, 1, 1, 1, False
1222.796, 2021-07-05T16:07:31.0748140+08:00, 0, 12.94095, 48.29629, 1, 1, 1, False
1222.8, 2021-07-05T16:07:31.0788940+08:00, 0, 12.94095, 48.29629, 1, 1, 1, False
1222.805, 2021-07-05T16:07:31.0847310+08:00, 0, 12.94095, 48.29629, 1, 1, 1, False
1222.813, 2021-07-05T16:07:31.0918020+08:00, 0, 12.94095, 48.29629, 1, 1, 1, False
1222.818, 2021-07-05T16:07:31.0973280+08:00, 0, 12.94095, 48.29629, 1, 1, 1, False
1222.824, 2021-07-05T16:07:31.1035290+08:00, 0, 12.94095, 48.29629, 1, 1, 1, False
1222.83, 2021-07-05T16:07:31.1097130+08:00, 0, 12.94095, 48.29629, 1, 1, 1, False
1222.837, 2021-07-05T16:07:31.1158690+08:00, 0, 12.94095, 48.29629, 1, 1, 1, False
1222.843, 2021-07-05T16:07:31.1220250+08:00, 0, 12.94095, 48.29629, 1, 1, 1, False
1222.849, 2021-07-05T16:07:31.1286100+08:00, 0, 12.94095, 48.29629, 1, 1, 1, False
1222.856, 2021-07-05T16:07:31.1354670+08:00, 0, 12.94095, 48.29629, 1, 1, 1, False
1222.864, 2021-07-05T16:07:31.1430590+08:00, 0, 12.94095, 48.29629, 1, 1, 1, False
1222.868, 2021-07-05T16:07:31.1473480+08:00, 0, 12.94095, 48.29629, 1, 1, 1, False
1222.874, 2021-07-05T16:07:31.1535990+08:00, 0, 12.94095, 48.29629, 1, 1, 1, False
1222.881, 2021-07-05T16:07:31.1598830+08:00, 0, 12.94095, 48.29629, 1, 1, 1, False
1222.887, 2021-07-05T16:07:31.1661710+08:00, 0, 12.94095, 48.29629, 1, 1, 1, False
1222.893, 2021-07-05T16:07:31.1724320+08:00, 0, 12.94095, 48.29629, 1, 1, 1, False
1222.9, 2021-07-05T16:07:31.1794080+08:00, 0, 12.94095, 48.29629, 1, 1, 1, False
1222.908, 2021-07-05T16:07:31.1871740+08:00, 0, 12.94095, 48.29629, 1, 1, 1, False
1222.912, 2021-07-05T16:07:31.1909830+08:00, 0, 12.94095, 48.29629, 1, 1, 1, False
1222.917, 2021-07-05T16:07:31.1967570+08:00, 0, 12.94095, 48.29629, 1, 1, 1, False
1222.924, 2021-07-05T16:07:31.2037020+08:00, 0, 12.94095, 48.29629, 1, 1, 1, False
1222.93, 2021-07-05T16:07:31.2093110+08:00, 0, 12.94095, 48.29629, 1, 1, 1, False
1222.936, 2021-07-05T16:07:31.2156270+08:00, 0, 12.94095, 48.29629, 1, 1, 1, False
1222.943, 2021-07-05T16:07:31.2222420+08:00, 0, 12.94095, 48.29629, 1, 1, 1, False
1222.949, 2021-07-05T16:07:31.2284960+08:00, 0, 12.94095, 48.29629, 1, 1, 1, False
1222.956, 2021-07-05T16:07:31.2351410+08:00, 0, 12.94095, 48.29629, 1, 1, 1, False
1222.962, 2021-07-05T16:07:31.2409160+08:00, 0, 12.94095, 48.29629, 1, 1, 1, False
1222.968, 2021-07-05T16:07:31.2474540+08:00, 0, 12.94095, 48.29629, 1, 1, 1, False
1222.977, 2021-07-05T16:07:31.2560630+08:00, 0, 12.94095, 48.29629, 1, 1, 1, False
1222.985, 2021-07-05T16:07:31.2638970+08:00, 0, 12.94095, 48.29629, 1, 1, 1, False
1222.992, 2021-07-05T16:07:31.2713150+08:00, 0, 12.94095, 48.29629, 1, 1, 1, False
1222.996, 2021-07-05T16:07:31.2749390+08:00, 0, 12.94095, 48.29629, 1, 1, 1, False
1223, 2021-07-05T16:07:31.2788490+08:00, 0, 12.94095, 48.29629, 1, 1, 1, False
1223.005, 2021-07-05T16:07:31.2843740+08:00, 0, 12.94095, 48.29629, 1, 1, 1, False
1223.012, 2021-07-05T16:07:31.2914020+08:00, 0, 12.94095, 48.29629, 1, 1, 1, False
1223.018, 2021-07-05T16:07:31.2968920+08:00, 0, 12.94095, 48.29629, 1, 1, 1, False
1223.024, 2021-07-05T16:07:31.3032170+08:00, 0, 12.94095, 48.29629, 1, 1, 1, False
1223.03, 2021-07-05T16:07:31.3093420+08:00, 0, 12.94095, 48.29629, 1, 1, 1, False
1223.036, 2021-07-05T16:07:31.3155190+08:00, 0, 12.94095, 48.29629, 1, 1, 1, False
1223.042, 2021-07-05T16:07:31.3214960+08:00, 0, 12.94095, 48.29629, 1, 1, 1, False
1223.049, 2021-07-05T16:07:31.3281370+08:00, 0, 12.94095, 48.29629, 1, 1, 1, False
1223.056, 2021-07-05T16:07:31.3352340+08:00, 0, 12.94095, 48.29629, 1, 1, 1, False
1223.061, 2021-07-05T16:07:31.3402870+08:00, 0, 12.94095, 48.29629, 1, 1, 1, False
1223.068, 2021-07-05T16:07:31.3474240+08:00, 0, 12.94095, 48.29629, 1, 1, 1, False
1223.074, 2021-07-05T16:07:31.3531820+08:00, 0, 12.94095, 48.29629, 1, 1, 1, False
1223.08, 2021-07-05T16:07:31.3593460+08:00, 0, 12.94095, 48.29629, 1, 1, 1, False
1223.086, 2021-07-05T16:07:31.3656880+08:00, 0, 12.94095, 48.29629, 1, 1, 1, False
1223.093, 2021-07-05T16:07:31.3718440+08:00, 0, 12.94095, 48.29629, 1, 1, 1, False
1223.101, 2021-07-05T16:07:31.3801060+08:00, 0, 12.94095, 48.29629, 1, 1, 1, False
1223.108, 2021-07-05T16:07:31.3873020+08:00, 0, 12.94095, 48.29629, 1, 1, 1, False
1223.112, 2021-07-05T16:07:31.3910810+08:00, 0, 12.94095, 48.29629, 1, 1, 1, False
1223.117, 2021-07-05T16:07:31.3963300+08:00, 0, 12.94095, 48.29629, 1, 1, 1, False
1223.124, 2021-07-05T16:07:31.4034030+08:00, 0, 12.94095, 48.29629, 1, 1, 1, False
1223.129, 2021-07-05T16:07:31.4086610+08:00, 0, 12.94095, 48.29629, 1, 1, 1, False
1223.136, 2021-07-05T16:07:31.4157290+08:00, 0, 12.94095, 48.29629, 1, 1, 1, False
1223.142, 2021-07-05T16:07:31.4215240+08:00, 0, 12.94095, 48.29629, 1, 1, 1, False
1223.148, 2021-07-05T16:07:31.4277370+08:00, 0, 12.94095, 48.29629, 1, 1, 1, False
1223.156, 2021-07-05T16:07:31.4351080+08:00, 0, 12.94095, 48.29629, 1, 1, 1, False
1223.161, 2021-07-05T16:07:31.4402670+08:00, 0, 12.94095, 48.29629, 1, 1, 1, False
1223.169, 2021-07-05T16:07:31.4480530+08:00, 0, 12.94095, 48.29629, 1, 1, 1, False
1223.177, 2021-07-05T16:07:31.4557630+08:00, 0, 12.94095, 48.29629, 1, 1, 1, False
1223.185, 2021-07-05T16:07:31.4638230+08:00, 0, 12.94095, 48.29629, 1, 1, 1, False
1223.192, 2021-07-05T16:07:31.4715030+08:00, 0, 12.94095, 48.29629, 1, 1, 1, False
1223.2, 2021-07-05T16:07:31.4792060+08:00, 0, 12.94095, 48.29629, 1, 1, 1, False
1223.204, 2021-07-05T16:07:31.4828940+08:00, 0, 12.94095, 48.29629, 1, 1, 1, False
1223.208, 2021-07-05T16:07:31.4869290+08:00, 0, 12.94095, 48.29629, 1, 1, 1, False
1223.212, 2021-07-05T16:07:31.4907860+08:00, 0, 12.94095, 48.29629, 1, 1, 1, False
1223.217, 2021-07-05T16:07:31.4960650+08:00, 0, 12.94095, 48.29629, 1, 1, 1, False
1223.225, 2021-07-05T16:07:31.5040590+08:00, 0, 12.94095, 48.29629, 1, 1, 1, False
1223.233, 2021-07-05T16:07:31.5120110+08:00, 0, 12.94095, 48.29629, 1, 1, 1, False
1223.24, 2021-07-05T16:07:31.5198290+08:00, 0, 12.94095, 48.29629, 1, 1, 1, False
1223.249, 2021-07-05T16:07:31.5278810+08:00, 0, 12.94095, 48.29629, 1, 1, 1, False
1223.256, 2021-07-05T16:07:31.5353990+08:00, 0, 12.94095, 48.29629, 1, 1, 1, False
1223.26, 2021-07-05T16:07:31.5390080+08:00, 0, 12.94095, 48.29629, 1, 1, 1, False
1223.264, 2021-07-05T16:07:31.5428910+08:00, 0, 12.94095, 48.29629, 1, 1, 1, False
1223.268, 2021-07-05T16:07:31.5471670+08:00, 0, 12.94095, 48.29629, 1, 1, 1, False
1223.273, 2021-07-05T16:07:31.5526600+08:00, 0, 12.94095, 48.29629, 1, 1, 1, False
1223.28, 2021-07-05T16:07:31.5591160+08:00, 0, 12.94095, 48.29629, 1, 1, 1, False
1223.286, 2021-07-05T16:07:31.5648790+08:00, 0, 12.94095, 48.29629, 1, 1, 1, False
1223.292, 2021-07-05T16:07:31.5714720+08:00, 0, 12.94095, 48.29629, 1, 1, 1, False
1223.298, 2021-07-05T16:07:31.5773080+08:00, 0, 12.94095, 48.29629, 1, 1, 1, False
1223.305, 2021-07-05T16:07:31.5839360+08:00, 0, 12.94095, 48.29629, 1, 1, 1, False
1223.313, 2021-07-05T16:07:31.5920450+08:00, 0, 12.94095, 48.29629, 1, 1, 1, False
1223.32, 2021-07-05T16:07:31.5994890+08:00, 0, 12.94095, 48.29629, 1, 1, 1, False
1223.324, 2021-07-05T16:07:31.6034090+08:00, 0, 12.94095, 48.29629, 1, 1, 1, False
1223.33, 2021-07-05T16:07:31.6090100+08:00, 0, 12.94095, 48.29629, 1, 1, 1, False
1223.336, 2021-07-05T16:07:31.6156200+08:00, 0, 12.94095, 48.29629, 1, 1, 1, False
1223.342, 2021-07-05T16:07:31.6214430+08:00, 0, 12.94095, 48.29629, 1, 1, 1, False
1223.348, 2021-07-05T16:07:31.6276020+08:00, 0, 12.94095, 48.29629, 1, 1, 1, False
1223.354, 2021-07-05T16:07:31.6332650+08:00, 0, 12.94095, 48.29629, 1, 1, 1, False
1223.361, 2021-07-05T16:07:31.6398980+08:00, 0, 12.94095, 48.29629, 1, 1, 1, False
1223.369, 2021-07-05T16:07:31.6477400+08:00, 0, 12.94095, 48.29629, 1, 1, 1, False
1223.377, 2021-07-05T16:07:31.6559850+08:00, 0, 12.94095, 48.29629, 1, 1, 1, False
1223.385, 2021-07-05T16:07:31.6639910+08:00, 0, 12.94095, 48.29629, 1, 1, 1, False
1223.392, 2021-07-05T16:07:31.6711140+08:00, 0, 12.94095, 48.29629, 1, 1, 1, False
1223.396, 2021-07-05T16:07:31.6748000+08:00, 0, 12.94095, 48.29629, 1, 1, 1, False
1223.4, 2021-07-05T16:07:31.6790550+08:00, 0, 12.94095, 48.29629, 1, 1, 1, False
1223.405, 2021-07-05T16:07:31.6838430+08:00, 0, 12.94095, 48.29629, 1, 1, 1, False
1223.411, 2021-07-05T16:07:31.6901640+08:00, 0, 12.94095, 48.29629, 1, 1, 1, False
1223.417, 2021-07-05T16:07:31.6964910+08:00, 0, 12.94095, 48.29629, 1, 1, 1, False
1223.425, 2021-07-05T16:07:31.7038160+08:00, 0, 12.94095, 48.29629, 1, 1, 1, False
1223.429, 2021-07-05T16:07:31.7086460+08:00, 0, 12.94095, 48.29629, 1, 1, 1, False
1223.436, 2021-07-05T16:07:31.7157230+08:00, 0, 12.94095, 48.29629, 1, 1, 1, False
1223.442, 2021-07-05T16:07:31.7208730+08:00, 0, 12.94095, 48.29629, 1, 1, 1, False
1223.448, 2021-07-05T16:07:31.7276800+08:00, 0, 12.94095, 48.29629, 1, 1, 1, False
1223.454, 2021-07-05T16:07:31.7337930+08:00, 0, 12.94095, 48.29629, 1, 1, 1, False
1223.46, 2021-07-05T16:07:31.7396610+08:00, 0, 12.94095, 48.29629, 1, 1, 1, False
1223.488, 2021-07-05T16:07:31.7670860+08:00, 0, 12.94095, 48.29629, 1, 1, 1, False
1223.496, 2021-07-05T16:07:31.7757290+08:00, 0, 12.94095, 48.29629, 1, 1, 1, False
1223.505, 2021-07-05T16:07:31.7840640+08:00, 0, 12.94095, 48.29629, 1, 1, 1, False
1223.513, 2021-07-05T16:07:31.7918890+08:00, 0, 12.94095, 48.29629, 1, 1, 1, False
1223.521, 2021-07-05T16:07:31.7998880+08:00, 0, 12.94095, 48.29629, 1, 1, 1, False
1223.529, 2021-07-05T16:07:31.8082180+08:00, 0, 12.94095, 48.29629, 1, 1, 1, False
1223.536, 2021-07-05T16:07:31.8157860+08:00, 0, 12.94095, 48.29629, 1, 1, 1, False
1223.548, 2021-07-05T16:07:31.8268880+08:00, 0, 12.94095, 48.29629, 1, 1, 1, False
1223.557, 2021-07-05T16:07:31.8361000+08:00, 0, 12.94095, 48.29629, 1, 1, 1, False
1223.564, 2021-07-05T16:07:31.8437810+08:00, 0, 12.94095, 48.29629, 1, 1, 1, False
1223.572, 2021-07-05T16:07:31.8511800+08:00, 0, 12.94095, 48.29629, 1, 1, 1, False
1223.576, 2021-07-05T16:07:31.8547480+08:00, 0, 12.94095, 48.29629, 1, 1, 1, False
1223.58, 2021-07-05T16:07:31.8590880+08:00, 0, 12.94095, 48.29629, 1, 1, 1, False
1223.584, 2021-07-05T16:07:31.8630370+08:00, 0, 12.94095, 48.29629, 1, 1, 1, False
1223.588, 2021-07-05T16:07:31.8669850+08:00, 0, 12.94095, 48.29629, 1, 1, 1, False
1223.592, 2021-07-05T16:07:31.8708210+08:00, 0, 12.94095, 48.29629, 1, 1, 1, False
1223.596, 2021-07-05T16:07:31.8749670+08:00, 0, 12.94095, 48.29629, 1, 1, 1, False
1223.6, 2021-07-05T16:07:31.8794250+08:00, 0, 12.94095, 48.29629, 1, 1, 1, False
1223.606, 2021-07-05T16:07:31.8855830+08:00, 0, 12.94095, 48.29629, 1, 1, 1, False
1223.614, 2021-07-05T16:07:31.8929530+08:00, 0, 12.94095, 48.29629, 1, 1, 1, False
1223.621, 2021-07-05T16:07:31.8999670+08:00, 0, 12.94095, 48.29629, 1, 1, 1, False
1223.627, 2021-07-05T16:07:31.9067330+08:00, 0, 12.94095, 48.29629, 1, 1, 1, False
1223.635, 2021-07-05T16:07:31.9138370+08:00, 0, 12.94095, 48.29629, 1, 1, 1, False
1223.642, 2021-07-05T16:07:31.9208580+08:00, 0, 12.94095, 48.29629, 1, 1, 1, False
1223.649, 2021-07-05T16:07:31.9277630+08:00, 0, 12.94095, 48.29629, 1, 1, 1, False
1223.655, 2021-07-05T16:07:31.9344890+08:00, 0, 12.94095, 48.29629, 1, 1, 1, False
1223.662, 2021-07-05T16:07:31.9412300+08:00, 0, 12.94095, 48.29629, 1, 1, 1, False
1223.668, 2021-07-05T16:07:31.9477910+08:00, 0, 12.94095, 48.29629, 1, 1, 1, False
1223.677, 2021-07-05T16:07:31.9558110+08:00, 0, 12.94095, 48.29629, 1, 1, 1, False
1223.683, 2021-07-05T16:07:31.9627590+08:00, 0, 12.94095, 48.29629, 1, 1, 1, False
1223.69, 2021-07-05T16:07:31.9690880+08:00, 0, 12.94095, 48.29629, 1, 1, 1, False
1223.697, 2021-07-05T16:07:31.9764450+08:00, 0, 12.94095, 48.29629, 1, 1, 1, False
1223.704, 2021-07-05T16:07:31.9835130+08:00, 0, 12.94095, 48.29629, 1, 1, 1, False
1223.711, 2021-07-05T16:07:31.9898080+08:00, 0, 12.94095, 48.29629, 1, 1, 1, False
1223.72, 2021-07-05T16:07:32.0045450+08:00, 0, 12.94095, 48.29629, 1, 1, 1, False
1223.732, 2021-07-05T16:07:32.0111770+08:00, 0, 12.94095, 48.29629, 1, 1, 1, False
1223.736, 2021-07-05T16:07:32.0150550+08:00, 0, 12.94095, 48.29629, 1, 1, 1, False
1223.74, 2021-07-05T16:07:32.0188520+08:00, 0, 12.94095, 48.29629, 1, 1, 1, False
1223.745, 2021-07-05T16:07:32.0243550+08:00, 0, 12.94095, 48.29629, 1, 1, 1, False
1223.752, 2021-07-05T16:07:32.0315050+08:00, 0, 12.94095, 48.29629, 1, 1, 1, False
1223.759, 2021-07-05T16:07:32.0381650+08:00, 0, 12.94095, 48.29629, 1, 1, 1, False
1223.766, 2021-07-05T16:07:32.0450280+08:00, 0, 12.94095, 48.29629, 1, 1, 1, False
1223.773, 2021-07-05T16:07:32.0526570+08:00, 0, 12.94095, 48.29629, 1, 1, 1, False
1223.78, 2021-07-05T16:07:32.0596060+08:00, 0, 12.94095, 48.29629, 1, 1, 1, False
1223.787, 2021-07-05T16:07:32.0658690+08:00, 0, 12.94095, 48.29629, 1, 1, 1, False
1223.794, 2021-07-05T16:07:32.0728980+08:00, 0, 12.94095, 48.29629, 1, 1, 1, False
1223.801, 2021-07-05T16:07:32.0798220+08:00, 0, 12.94095, 48.29629, 1, 1, 1, False
1223.807, 2021-07-05T16:07:32.0864980+08:00, 0, 12.94095, 48.29629, 1, 1, 1, False
1223.814, 2021-07-05T16:07:32.0934410+08:00, 0, 12.94095, 48.29629, 1, 1, 1, False
1223.822, 2021-07-05T16:07:32.1009480+08:00, 0, 12.94095, 48.29629, 1, 1, 1, False
1223.828, 2021-07-05T16:07:32.1077760+08:00, 0, 12.94095, 48.29629, 1, 1, 1, False
1223.835, 2021-07-05T16:07:32.1144770+08:00, 0, 12.94095, 48.29629, 1, 1, 1, False
1223.842, 2021-07-05T16:07:32.1214570+08:00, 0, 12.94095, 48.29629, 1, 1, 1, False
1223.849, 2021-07-05T16:07:32.1277600+08:00, 0, 12.94095, 48.29629, 1, 1, 1, False
1223.856, 2021-07-05T16:07:32.1350580+08:00, 0, 12.94095, 48.29629, 1, 1, 1, False
1223.863, 2021-07-05T16:07:32.1419110+08:00, 0, 12.94095, 48.29629, 1, 1, 1, False
1223.87, 2021-07-05T16:07:32.1488980+08:00, 0, 12.94095, 48.29629, 1, 1, 1, False
1223.877, 2021-07-05T16:07:32.1559280+08:00, 0, 12.94095, 48.29629, 1, 1, 1, False
1223.884, 2021-07-05T16:07:32.1629320+08:00, 0, 12.94095, 48.29629, 1, 1, 1, False
1223.89, 2021-07-05T16:07:32.1696130+08:00, 0, 12.94095, 48.29629, 1, 1, 1, False
1223.897, 2021-07-05T16:07:32.1764630+08:00, 0, 12.94095, 48.29629, 1, 1, 1, False
1223.904, 2021-07-05T16:07:32.1835960+08:00, 0, 12.94095, 48.29629, 1, 1, 1, False
1223.91, 2021-07-05T16:07:32.1895870+08:00, 0, 12.94095, 48.29629, 1, 1, 1, False
1223.918, 2021-07-05T16:07:32.1975430+08:00, 0, 12.94095, 48.29629, 1, 1, 1, False
1223.925, 2021-07-05T16:07:32.2045320+08:00, 0, 12.94095, 48.29629, 1, 1, 1, False
1223.932, 2021-07-05T16:07:32.2112480+08:00, 0, 12.94095, 48.29629, 1, 1, 1, False
1223.938, 2021-07-05T16:07:32.2177570+08:00, 0, 12.94095, 48.29629, 1, 1, 1, False
1223.946, 2021-07-05T16:07:32.2249410+08:00, 0, 12.94095, 48.29629, 1, 1, 1, False
1223.953, 2021-07-05T16:07:32.2320480+08:00, 0, 12.94095, 48.29629, 1, 1, 1, False
1223.959, 2021-07-05T16:07:32.2383580+08:00, 0, 12.94095, 48.29629, 1, 1, 1, False
1223.967, 2021-07-05T16:07:32.2464280+08:00, 0, 12.94095, 48.29629, 1, 1, 1, False
1223.974, 2021-07-05T16:07:32.2534830+08:00, 0, 12.94095, 48.29629, 1, 1, 1, False
1223.981, 2021-07-05T16:07:32.2603410+08:00, 0, 12.94095, 48.29629, 1, 1, 1, False
1223.989, 2021-07-05T16:07:32.2677400+08:00, 0, 12.94095, 48.29629, 1, 1, 1, False
1223.994, 2021-07-05T16:07:32.2734560+08:00, 0, 12.94095, 48.29629, 1, 1, 1, False
1224.002, 2021-07-05T16:07:32.2809570+08:00, 0, 12.94095, 48.29629, 1, 1, 1, False
1224.009, 2021-07-05T16:07:32.2878200+08:00, 0, 12.94095, 48.29629, 1, 1, 1, False
1224.015, 2021-07-05T16:07:32.2947480+08:00, 0, 12.94095, 48.29629, 1, 1, 1, False
1224.023, 2021-07-05T16:07:32.3021260+08:00, 0, 12.94095, 48.29629, 1, 1, 1, False
1224.03, 2021-07-05T16:07:32.3091240+08:00, 0, 12.94095, 48.29629, 1, 1, 1, False
1224.037, 2021-07-05T16:07:32.3159060+08:00, 0, 12.94095, 48.29629, 1, 1, 1, False
1224.043, 2021-07-05T16:07:32.3227430+08:00, 0, 12.94095, 48.29629, 1, 1, 1, False
1224.05, 2021-07-05T16:07:32.3294180+08:00, 0, 12.94095, 48.29629, 1, 1, 1, False
1224.057, 2021-07-05T16:07:32.3360970+08:00, 0, 12.94095, 48.29629, 1, 1, 1, False
1224.064, 2021-07-05T16:07:32.3434020+08:00, 0, 12.94095, 48.29629, 1, 1, 1, False
1224.069, 2021-07-05T16:07:32.3487540+08:00, 0, 12.94095, 48.29629, 1, 1, 1, False
1224.076, 2021-07-05T16:07:32.3555290+08:00, 0, 12.94095, 48.29629, 1, 1, 1, False
1224.082, 2021-07-05T16:07:32.3616390+08:00, 0, 12.94095, 48.29629, 1, 1, 1, False
1224.089, 2021-07-05T16:07:32.3678820+08:00, 0, 12.94095, 48.29629, 1, 1, 1, False
1224.096, 2021-07-05T16:07:32.3751500+08:00, 0, 12.94095, 48.29629, 1, 1, 1, False
1224.101, 2021-07-05T16:07:32.3804870+08:00, 0, 12.94095, 48.29629, 1, 1, 1, False
1224.108, 2021-07-05T16:07:32.3872770+08:00, 0, 12.94095, 48.29629, 1, 1, 1, False
1224.113, 2021-07-05T16:07:32.3926110+08:00, 0, 12.94095, 48.29629, 1, 1, 1, False
1224.12, 2021-07-05T16:07:32.3998030+08:00, 0, 12.94095, 48.29629, 1, 1, 1, False
1224.129, 2021-07-05T16:07:32.4081100+08:00, 0, 12.94095, 48.29629, 1, 1, 1, False
1224.136, 2021-07-05T16:07:32.4154220+08:00, 0, 12.94095, 48.29629, 1, 1, 1, False
1224.14, 2021-07-05T16:07:32.4187380+08:00, 0, 12.94095, 48.29629, 1, 1, 1, False
1224.145, 2021-07-05T16:07:32.4241780+08:00, 0, 12.94095, 48.29629, 1, 1, 1, False
1224.151, 2021-07-05T16:07:32.4300510+08:00, 0, 12.94095, 48.29629, 1, 1, 1, False
1224.157, 2021-07-05T16:07:32.4366860+08:00, 0, 12.94095, 48.29629, 1, 1, 1, False
1224.164, 2021-07-05T16:07:32.4432360+08:00, 0, 12.94095, 48.29629, 1, 1, 1, False
1224.17, 2021-07-05T16:07:32.4489800+08:00, 0, 12.94095, 48.29629, 1, 1, 1, False
1224.177, 2021-07-05T16:07:32.4557690+08:00, 0, 12.94095, 48.29629, 1, 1, 1, False
1224.184, 2021-07-05T16:07:32.4631970+08:00, 0, 12.94095, 48.29629, 1, 1, 1, False
1224.189, 2021-07-05T16:07:32.4678680+08:00, 0, 12.94095, 48.29629, 1, 1, 1, False
1224.196, 2021-07-05T16:07:32.4750410+08:00, 0, 12.94095, 48.29629, 1, 1, 1, False
1224.201, 2021-07-05T16:07:32.4804150+08:00, 0, 12.94095, 48.29629, 1, 1, 1, False
1224.208, 2021-07-05T16:07:32.4871060+08:00, 0, 12.94095, 48.29629, 1, 1, 1, False
1224.213, 2021-07-05T16:07:32.4919720+08:00, 0, 12.94095, 48.29629, 1, 1, 1, False
1224.219, 2021-07-05T16:07:32.4986870+08:00, 0, 12.94095, 48.29629, 1, 1, 1, False
1224.225, 2021-07-05T16:07:32.5046150+08:00, 0, 12.94095, 48.29629, 1, 1, 1, False
1224.232, 2021-07-05T16:07:32.5114730+08:00, 0, 12.94095, 48.29629, 1, 1, 1, False
1224.238, 2021-07-05T16:07:32.5173940+08:00, 0, 12.94095, 48.29629, 1, 1, 1, False
1224.244, 2021-07-05T16:07:32.5233850+08:00, 0, 12.94095, 48.29629, 1, 1, 1, False
1224.251, 2021-07-05T16:07:32.5300250+08:00, 0, 12.94095, 48.29629, 1, 1, 1, False
1224.257, 2021-07-05T16:07:32.5362160+08:00, 0, 12.94095, 48.29629, 1, 1, 1, False
1224.264, 2021-07-05T16:07:32.5436150+08:00, 0, 12.94095, 48.29629, 1, 1, 1, False
1224.273, 2021-07-05T16:07:32.5520270+08:00, 0, 12.94095, 48.29629, 1, 1, 1, False
1224.28, 2021-07-05T16:07:32.5591870+08:00, 0, 12.94095, 48.29629, 1, 1, 1, False
1224.288, 2021-07-05T16:07:32.5672510+08:00, 0, 12.94095, 48.29629, 1, 1, 1, False
1224.292, 2021-07-05T16:07:32.5709560+08:00, 0, 12.94095, 48.29629, 1, 1, 1, False
1224.296, 2021-07-05T16:07:32.5748970+08:00, 0, 12.94095, 48.29629, 1, 1, 1, False
1224.3, 2021-07-05T16:07:32.5794850+08:00, 0, 12.94095, 48.29629, 1, 1, 1, False
1224.306, 2021-07-05T16:07:32.5855580+08:00, 0, 12.94095, 48.29629, 1, 1, 1, False
1224.313, 2021-07-05T16:07:32.5919690+08:00, 0, 12.94095, 48.29629, 1, 1, 1, False
1224.32, 2021-07-05T16:07:32.5989690+08:00, 0, 12.94095, 48.29629, 1, 1, 1, False
1224.325, 2021-07-05T16:07:32.6042310+08:00, 0, 12.94095, 48.29629, 1, 1, 1, False
1224.332, 2021-07-05T16:07:32.6112120+08:00, 0, 12.94095, 48.29629, 1, 1, 1, False
1224.338, 2021-07-05T16:07:32.6169800+08:00, 0, 12.94095, 48.29629, 1, 1, 1, False
1224.344, 2021-07-05T16:07:32.6237400+08:00, 0, 12.94095, 48.29629, 1, 1, 1, False
1224.35, 2021-07-05T16:07:32.6294270+08:00, 0, 12.94095, 48.29629, 1, 1, 1, False
1224.356, 2021-07-05T16:07:32.6356550+08:00, 0, 12.94095, 48.29629, 1, 1, 1, False
1224.362, 2021-07-05T16:07:32.6414680+08:00, 0, 12.94095, 48.29629, 1, 1, 1, False
1224.369, 2021-07-05T16:07:32.6480940+08:00, 0, 12.94095, 48.29629, 1, 1, 1, False
1224.376, 2021-07-05T16:07:32.6552230+08:00, 0, 12.94095, 48.29629, 1, 1, 1, False
1224.381, 2021-07-05T16:07:32.6604900+08:00, 0, 12.94095, 48.29629, 1, 1, 1, False
1224.388, 2021-07-05T16:07:32.6670130+08:00, 0, 12.94095, 48.29629, 1, 1, 1, False
1224.393, 2021-07-05T16:07:32.6727110+08:00, 0, 12.94095, 48.29629, 1, 1, 1, False
1224.4, 2021-07-05T16:07:32.6796770+08:00, 0, 12.94095, 48.29629, 1, 1, 1, False
1224.42, 2021-07-05T16:07:32.6989830+08:00, 0, 12.94095, 48.29629, 1, 1, 1, False
1224.424, 2021-07-05T16:07:32.7034610+08:00, 0, 12.94095, 48.29629, 1, 1, 1, False
1224.428, 2021-07-05T16:07:32.7068320+08:00, 0, 12.94095, 48.29629, 1, 1, 1, False
1224.432, 2021-07-05T16:07:32.7111080+08:00, 0, 12.94095, 48.29629, 1, 1, 1, False
1224.436, 2021-07-05T16:07:32.7150680+08:00, 0, 12.94095, 48.29629, 1, 1, 1, False
1224.44, 2021-07-05T16:07:32.7188540+08:00, 0, 12.94095, 48.29629, 1, 1, 1, False
1224.444, 2021-07-05T16:07:32.7231140+08:00, 0, 12.94095, 48.29629, 1, 1, 1, False
1224.449, 2021-07-05T16:07:32.7284510+08:00, 0, 12.94095, 48.29629, 1, 1, 1, False
1224.457, 2021-07-05T16:07:32.7359230+08:00, 0, 12.94095, 48.29629, 1, 1, 1, False
1224.464, 2021-07-05T16:07:32.7432790+08:00, 0, 12.94095, 48.29629, 1, 1, 1, False
1224.468, 2021-07-05T16:07:32.7472210+08:00, 0, 12.94095, 48.29629, 1, 1, 1, False
1224.475, 2021-07-05T16:07:32.7539490+08:00, 0, 12.94095, 48.29629, 1, 1, 1, False
1224.481, 2021-07-05T16:07:32.7602270+08:00, 0, 12.94095, 48.29629, 1, 1, 1, False
1224.488, 2021-07-05T16:07:32.7673190+08:00, 0, 12.94095, 48.29629, 1, 1, 1, False
1224.493, 2021-07-05T16:07:32.7726610+08:00, 0, 12.94095, 48.29629, 1, 1, 1, False
1224.5, 2021-07-05T16:07:32.7791480+08:00, 0, 12.94095, 48.29629, 1, 1, 1, False
1224.505, 2021-07-05T16:07:32.7846000+08:00, 0, 12.94095, 48.29629, 1, 1, 1, False
1224.512, 2021-07-05T16:07:32.7915910+08:00, 0, 12.94095, 48.29629, 1, 1, 1, False
1224.518, 2021-07-05T16:07:32.7971710+08:00, 0, 12.94095, 48.29629, 1, 1, 1, False
1224.524, 2021-07-05T16:07:32.8036710+08:00, 0, 12.94095, 48.29629, 1, 1, 1, False
1224.531, 2021-07-05T16:07:32.8099690+08:00, 0, 12.94095, 48.29629, 1, 1, 1, False
1224.537, 2021-07-05T16:07:32.8164550+08:00, 0, 12.94095, 48.29629, 1, 1, 1, False
1224.545, 2021-07-05T16:07:32.8240330+08:00, 0, 12.94095, 48.29629, 1, 1, 1, False
1224.553, 2021-07-05T16:07:32.8319700+08:00, 0, 12.94095, 48.29629, 1, 1, 1, False
1224.561, 2021-07-05T16:07:32.8400940+08:00, 0, 12.94095, 48.29629, 1, 1, 1, False
1224.568, 2021-07-05T16:07:32.8472710+08:00, 0, 12.94095, 48.29629, 1, 1, 1, False
1224.572, 2021-07-05T16:07:32.8511710+08:00, 0, 12.94095, 48.29629, 1, 1, 1, False
1224.576, 2021-07-05T16:07:32.8550530+08:00, 0, 12.94095, 48.29629, 1, 1, 1, False
1224.581, 2021-07-05T16:07:32.8601360+08:00, 0, 12.94095, 48.29629, 1, 1, 1, False
1224.588, 2021-07-05T16:07:32.8673930+08:00, 0, 12.94095, 48.29629, 1, 1, 1, False
1224.593, 2021-07-05T16:07:32.8726860+08:00, 0, 12.94095, 48.29629, 1, 1, 1, False
1224.6, 2021-07-05T16:07:32.8794200+08:00, 0, 12.94095, 48.29629, 1, 1, 1, False
1224.605, 2021-07-05T16:07:32.8847990+08:00, 0, 12.94095, 48.29629, 1, 1, 1, False
1224.613, 2021-07-05T16:07:32.8917870+08:00, 0, 12.94095, 48.29629, 1, 1, 1, False
1224.618, 2021-07-05T16:07:32.8975810+08:00, 0, 12.94095, 48.29629, 1, 1, 1, False
1224.625, 2021-07-05T16:07:32.9039870+08:00, 0, 12.94095, 48.29629, 1, 1, 1, False
1224.632, 2021-07-05T16:07:32.9114020+08:00, 0, 12.94095, 48.29629, 1, 1, 1, False
1224.641, 2021-07-05T16:07:32.9201060+08:00, 0, 12.94095, 48.29629, 1, 1, 1, False
1224.649, 2021-07-05T16:07:32.9278380+08:00, 0, 12.94095, 48.29629, 1, 1, 1, False
1224.657, 2021-07-05T16:07:32.9359490+08:00, 0, 12.94095, 48.29629, 1, 1, 1, False
1224.664, 2021-07-05T16:07:32.9436570+08:00, 0, 12.94095, 48.29629, 1, 1, 1, False
1224.673, 2021-07-05T16:07:32.9518780+08:00, 0, 12.94095, 48.29629, 1, 1, 1, False
1224.68, 2021-07-05T16:07:32.9591820+08:00, 0, 12.94095, 48.29629, 1, 1, 1, False
1224.688, 2021-07-05T16:07:32.9675130+08:00, 0, 12.94095, 48.29629, 1, 1, 1, False
1224.697, 2021-07-05T16:07:32.9761560+08:00, 0, 12.94095, 48.29629, 1, 1, 1, False
1224.704, 2021-07-05T16:07:32.9832260+08:00, 0, 12.94095, 48.29629, 1, 1, 1, False
1224.713, 2021-07-05T16:07:32.9920670+08:00, 0, 12.94095, 48.29629, 1, 1, 1, False
1224.72, 2021-07-05T16:07:32.9998670+08:00, 0, 12.94095, 48.29629, 1, 1, 1, False
1224.729, 2021-07-05T16:07:33.0080120+08:00, 0, 12.94095, 48.29629, 1, 1, 1, False
1224.737, 2021-07-05T16:07:33.0158740+08:00, 0, 12.94095, 48.29629, 1, 1, 1, False
1224.746, 2021-07-05T16:07:33.0250810+08:00, 0, 12.94095, 48.29629, 1, 1, 1, False
1224.752, 2021-07-05T16:07:33.0316970+08:00, 0, 12.94095, 48.29629, 1, 1, 1, False
1224.761, 2021-07-05T16:07:33.0402060+08:00, 0, 12.94095, 48.29629, 1, 1, 1, False
1224.768, 2021-07-05T16:07:33.0476990+08:00, 0, 12.94095, 48.29629, 1, 1, 1, False
1224.777, 2021-07-05T16:07:33.0558740+08:00, 0, 12.94095, 48.29629, 1, 1, 1, False
1224.785, 2021-07-05T16:07:33.0638920+08:00, 0, 12.94095, 48.29629, 1, 1, 1, False
1224.795, 2021-07-05T16:07:33.0738000+08:00, 0, 12.94095, 48.29629, 1, 1, 1, False
1224.8, 2021-07-05T16:07:33.0791580+08:00, 0, 12.94095, 48.29629, 1, 1, 1, False
1224.804, 2021-07-05T16:07:33.0830340+08:00, 0, 12.94095, 48.29629, 1, 1, 1, False
1224.808, 2021-07-05T16:07:33.0869980+08:00, 0, 12.94095, 48.29629, 1, 1, 1, False
1224.812, 2021-07-05T16:07:33.0912930+08:00, 0, 12.94095, 48.29629, 1, 1, 1, False
1224.816, 2021-07-05T16:07:33.0950100+08:00, 0, 12.94095, 48.29629, 1, 1, 1, False
1224.82, 2021-07-05T16:07:33.0989300+08:00, 0, 12.94095, 48.29629, 1, 1, 1, False
1224.824, 2021-07-05T16:07:33.1032980+08:00, 0, 12.94095, 48.29629, 1, 1, 1, False
1224.83, 2021-07-05T16:07:33.1091630+08:00, 0, 12.94095, 48.29629, 1, 1, 1, False
1224.837, 2021-07-05T16:07:33.1157730+08:00, 0, 12.94095, 48.29629, 1, 1, 1, False
1224.843, 2021-07-05T16:07:33.1220420+08:00, 0, 12.94095, 48.29629, 1, 1, 1, False
1224.849, 2021-07-05T16:07:33.1280210+08:00, 0, 12.94095, 48.29629, 1, 1, 1, False
1224.857, 2021-07-05T16:07:33.1360650+08:00, 0, 12.94095, 48.29629, 1, 1, 1, False
1224.864, 2021-07-05T16:07:33.1436330+08:00, 0, 12.94095, 48.29629, 1, 1, 1, False
1224.868, 2021-07-05T16:07:33.1472320+08:00, 0, 12.94095, 48.29629, 1, 1, 1, False
1224.874, 2021-07-05T16:07:33.1533520+08:00, 0, 12.94095, 48.29629, 1, 1, 1, False
1224.881, 2021-07-05T16:07:33.1598910+08:00, 0, 12.94095, 48.29629, 1, 1, 1, False
1224.886, 2021-07-05T16:07:33.1655690+08:00, 0, 12.94095, 48.29629, 1, 1, 1, False
1224.893, 2021-07-05T16:07:33.1723100+08:00, 0, 12.94095, 48.29629, 1, 1, 1, False
1224.9, 2021-07-05T16:07:33.1792810+08:00, 0, 12.94095, 48.29629, 1, 1, 1, False
1224.905, 2021-07-05T16:07:33.1842560+08:00, 0, 12.94095, 48.29629, 1, 1, 1, False
1224.913, 2021-07-05T16:07:33.1921210+08:00, 0, 12.94095, 48.29629, 1, 1, 1, False
1224.921, 2021-07-05T16:07:33.1998050+08:00, 0, 12.94095, 48.29629, 1, 1, 1, False
1224.929, 2021-07-05T16:07:33.2078290+08:00, 0, 12.94095, 48.29629, 1, 1, 1, False
1224.936, 2021-07-05T16:07:33.2157110+08:00, 0, 12.94095, 48.29629, 1, 1, 1, False
1224.94, 2021-07-05T16:07:33.2190390+08:00, 0, 12.94095, 48.29629, 1, 1, 1, False
1224.944, 2021-07-05T16:07:33.2228880+08:00, 0, 12.94095, 48.29629, 1, 1, 1, False
1224.949, 2021-07-05T16:07:33.2282010+08:00, 0, 12.94095, 48.29629, 1, 1, 1, False
1224.956, 2021-07-05T16:07:33.2390850+08:00, 0, 12.94095, 48.29629, 1, 1, 1, False
1224.964, 2021-07-05T16:07:33.2429740+08:00, 0, 12.94095, 48.29629, 1, 1, 1, False
1224.968, 2021-07-05T16:07:33.2471810+08:00, 0, 12.94095, 48.29629, 1, 1, 1, False
1224.974, 2021-07-05T16:07:33.2532480+08:00, 0, 12.94095, 48.29629, 1, 1, 1, False
1224.98, 2021-07-05T16:07:33.2597840+08:00, 0, 12.94095, 48.29629, 1, 1, 1, False
1224.987, 2021-07-05T16:07:33.2660890+08:00, 0, 12.94095, 48.29629, 1, 1, 1, False
1224.993, 2021-07-05T16:07:33.2719820+08:00, 0, 12.94095, 48.29629, 1, 1, 1, False
1224.999, 2021-07-05T16:07:33.2785480+08:00, 0, 12.94095, 48.29629, 1, 1, 1, False
1225.006, 2021-07-05T16:07:33.2848780+08:00, 0, 12.94095, 48.29629, 1, 1, 1, False
1225.012, 2021-07-05T16:07:33.2913320+08:00, 0, 12.94095, 48.29629, 1, 1, 1, False
1225.018, 2021-07-05T16:07:33.2969720+08:00, 0, 12.94095, 48.29629, 1, 1, 1, False
1225.024, 2021-07-05T16:07:33.3037410+08:00, 0, 12.94095, 48.29629, 1, 1, 1, False
1225.03, 2021-07-05T16:07:33.3092800+08:00, 0, 12.94095, 48.29629, 1, 1, 1, False
1225.037, 2021-07-05T16:07:33.3158320+08:00, 0, 12.94095, 48.29629, 1, 1, 1, False
1225.045, 2021-07-05T16:07:33.3240130+08:00, 0, 12.94095, 48.29629, 1, 1, 1, False
1225.053, 2021-07-05T16:07:33.3319700+08:00, 0, 12.94095, 48.29629, 1, 1, 1, False
1225.061, 2021-07-05T16:07:33.3400030+08:00, 0, 12.94095, 48.29629, 1, 1, 1, False
1225.068, 2021-07-05T16:07:33.3472750+08:00, 0, 12.94095, 48.29629, 1, 1, 1, False
1225.077, 2021-07-05T16:07:33.3558740+08:00, 0, 12.94095, 48.29629, 1, 1, 1, False
1225.085, 2021-07-05T16:07:33.3640230+08:00, 0, 12.94095, 48.29629, 1, 1, 1, False
1225.092, 2021-07-05T16:07:33.3714080+08:00, 0, 12.94095, 48.29629, 1, 1, 1, False
1225.096, 2021-07-05T16:07:33.3750350+08:00, 0, 12.94095, 48.29629, 1, 1, 1, False
1225.1, 2021-07-05T16:07:33.3790520+08:00, 0, 12.94095, 48.29629, 1, 1, 1, False
1225.104, 2021-07-05T16:07:33.3831900+08:00, 0, 12.94095, 48.29629, 1, 1, 1, False
1225.108, 2021-07-05T16:07:33.3867800+08:00, 0, 12.94095, 48.29629, 1, 1, 1, False
1225.112, 2021-07-05T16:07:33.3913240+08:00, 0, 12.94095, 48.29629, 1, 1, 1, False
1225.117, 2021-07-05T16:07:33.3967630+08:00, 0, 12.94095, 48.29629, 1, 1, 1, False
1225.124, 2021-07-05T16:07:33.4035540+08:00, 0, 12.94095, 48.29629, 1, 1, 1, False
1225.13, 2021-07-05T16:07:33.4095880+08:00, 0, 12.94095, 48.29629, 1, 1, 1, False
1225.136, 2021-07-05T16:07:33.4154760+08:00, 0, 12.94095, 48.29629, 1, 1, 1, False
1225.143, 2021-07-05T16:07:33.4222930+08:00, 0, 12.94095, 48.29629, 1, 1, 1, False
1225.149, 2021-07-05T16:07:33.4285180+08:00, 0, 12.94095, 48.29629, 1, 1, 1, False
1225.157, 2021-07-05T16:07:33.4359630+08:00, 0, 12.94095, 48.29629, 1, 1, 1, False
1225.164, 2021-07-05T16:07:33.4431060+08:00, 0, 12.94095, 48.29629, 1, 1, 1, False
1225.168, 2021-07-05T16:07:33.4470330+08:00, 0, 12.94095, 48.29629, 1, 1, 1, False
1225.174, 2021-07-05T16:07:33.4529010+08:00, 0, 12.94095, 48.29629, 1, 1, 1, False
1225.18, 2021-07-05T16:07:33.4594500+08:00, 0, 12.94095, 48.29629, 1, 1, 1, False
1225.186, 2021-07-05T16:07:33.4656910+08:00, 0, 12.94095, 48.29629, 1, 1, 1, False
1225.192, 2021-07-05T16:07:33.4717100+08:00, 0, 12.94095, 48.29629, 1, 1, 1, False
1225.199, 2021-07-05T16:07:33.4783950+08:00, 0, 12.94095, 48.29629, 1, 1, 1, False
1225.205, 2021-07-05T16:07:33.4846280+08:00, 0, 12.94095, 48.29629, 1, 1, 1, False
1225.212, 2021-07-05T16:07:33.4913020+08:00, 0, 12.94095, 48.29629, 1, 1, 1, False
1225.221, 2021-07-05T16:07:33.5003050+08:00, 0, 12.94095, 48.29629, 1, 1, 1, False
1225.229, 2021-07-05T16:07:33.5077880+08:00, 0, 12.94095, 48.29629, 1, 1, 1, False
1225.237, 2021-07-05T16:07:33.5159890+08:00, 0, 12.94095, 48.29629, 1, 1, 1, False
1225.244, 2021-07-05T16:07:33.5233360+08:00, 0, 12.94095, 48.29629, 1, 1, 1, False
1225.248, 2021-07-05T16:07:33.5270670+08:00, 0, 12.94095, 48.29629, 1, 1, 1, False
1225.252, 2021-07-05T16:07:33.5308680+08:00, 0, 12.94095, 48.29629, 1, 1, 1, False
1225.256, 2021-07-05T16:07:33.5351330+08:00, 0, 12.94095, 48.29629, 1, 1, 1, False
1225.261, 2021-07-05T16:07:33.5406890+08:00, 0, 12.94095, 48.29629, 1, 1, 1, False
1225.268, 2021-07-05T16:07:33.5473960+08:00, 0, 12.94095, 48.29629, 1, 1, 1, False
1225.274, 2021-07-05T16:07:33.5532980+08:00, 0, 12.94095, 48.29629, 1, 1, 1, False
1225.28, 2021-07-05T16:07:33.5595390+08:00, 0, 12.94095, 48.29629, 1, 1, 1, False
1225.286, 2021-07-05T16:07:33.5654260+08:00, 0, 12.94095, 48.29629, 1, 1, 1, False
1225.293, 2021-07-05T16:07:33.5719260+08:00, 0, 12.94095, 48.29629, 1, 1, 1, False
1225.301, 2021-07-05T16:07:33.5799410+08:00, 0, 12.94095, 48.29629, 1, 1, 1, False
1225.308, 2021-07-05T16:07:33.5872880+08:00, 0, 12.94095, 48.29629, 1, 1, 1, False
1225.312, 2021-07-05T16:07:33.5913100+08:00, 0, 12.94095, 48.29629, 1, 1, 1, False
1225.317, 2021-07-05T16:07:33.5961870+08:00, 0, 12.94095, 48.29629, 1, 1, 1, False
1225.325, 2021-07-05T16:07:33.6041070+08:00, 0, 12.94095, 48.29629, 1, 1, 1, False
1225.332, 2021-07-05T16:07:33.6108830+08:00, 0, 12.94095, 48.29629, 1, 1, 1, False
1225.336, 2021-07-05T16:07:33.6153630+08:00, 0, 12.94095, 48.29629, 1, 1, 1, False
1225.342, 2021-07-05T16:07:33.6213430+08:00, 0, 12.94095, 48.29629, 1, 1, 1, False
1225.349, 2021-07-05T16:07:33.6279570+08:00, 0, 12.94095, 48.29629, 1, 1, 1, False
1225.356, 2021-07-05T16:07:33.6349860+08:00, 0, 12.94095, 48.29629, 1, 1, 1, False
1225.361, 2021-07-05T16:07:33.6400960+08:00, 0, 12.94095, 48.29629, 1, 1, 1, False
1225.368, 2021-07-05T16:07:33.6472030+08:00, 0, 12.94095, 48.29629, 1, 1, 1, False
1225.374, 2021-07-05T16:07:33.6529110+08:00, 0, 12.94095, 48.29629, 1, 1, 1, False
1225.38, 2021-07-05T16:07:33.6592250+08:00, 0, 12.94095, 48.29629, 1, 1, 1, False
1225.386, 2021-07-05T16:07:33.6657550+08:00, 0, 12.94095, 48.29629, 1, 1, 1, False
1225.392, 2021-07-05T16:07:33.6717600+08:00, 0, 12.94095, 48.29629, 1, 1, 1, False
1225.398, 2021-07-05T16:07:33.6776820+08:00, 0, 12.94095, 48.29629, 1, 1, 1, False
1225.405, 2021-07-05T16:07:33.6842920+08:00, 0, 12.94095, 48.29629, 1, 1, 1, False
1225.412, 2021-07-05T16:07:33.6911300+08:00, 0, 12.94095, 48.29629, 1, 1, 1, False
1225.417, 2021-07-05T16:07:33.6963370+08:00, 0, 12.94095, 48.29629, 1, 1, 1, False
1225.425, 2021-07-05T16:07:33.7039650+08:00, 0, 12.94095, 48.29629, 1, 1, 1, False
1225.433, 2021-07-05T16:07:33.7120850+08:00, 0, 12.94095, 48.29629, 1, 1, 1, False
1225.441, 2021-07-05T16:07:33.7199240+08:00, 0, 12.94095, 48.29629, 1, 1, 1, False
1225.449, 2021-07-05T16:07:33.7279670+08:00, 0, 12.94095, 48.29629, 1, 1, 1, False
1225.456, 2021-07-05T16:07:33.7352730+08:00, 0, 12.94095, 48.29629, 1, 1, 1, False
1225.46, 2021-07-05T16:07:33.7388760+08:00, 0, 12.94095, 48.29629, 1, 1, 1, False
1225.464, 2021-07-05T16:07:33.7429570+08:00, 0, 12.94095, 48.29629, 1, 1, 1, False
1225.468, 2021-07-05T16:07:33.7469220+08:00, 0, 12.94095, 48.29629, 1, 1, 1, False
1225.473, 2021-07-05T16:07:33.7524800+08:00, 0, 12.94095, 48.29629, 1, 1, 1, False
1225.48, 2021-07-05T16:07:33.7592010+08:00, 0, 12.94095, 48.29629, 1, 1, 1, False
1225.486, 2021-07-05T16:07:33.7654900+08:00, 0, 12.94095, 48.29629, 1, 1, 1, False
1225.492, 2021-07-05T16:07:33.7716770+08:00, 0, 12.94095, 48.29629, 1, 1, 1, False
1225.499, 2021-07-05T16:07:33.7777630+08:00, 0, 12.94095, 48.29629, 1, 1, 1, False
1225.505, 2021-07-05T16:07:33.7839850+08:00, 0, 12.94095, 48.29629, 1, 1, 1, False
1225.511, 2021-07-05T16:07:33.7903230+08:00, 0, 12.94095, 48.29629, 1, 1, 1, False
1225.517, 2021-07-05T16:07:33.7963040+08:00, 0, 12.94095, 48.29629, 1, 1, 1, False
1225.524, 2021-07-05T16:07:33.8030300+08:00, 0, 12.94095, 48.29629, 1, 1, 1, False
1225.53, 2021-07-05T16:07:33.8091180+08:00, 0, 12.94095, 48.29629, 1, 1, 1, False
1225.536, 2021-07-05T16:07:33.8149980+08:00, 0, 12.94095, 48.29629, 1, 1, 1, False
1225.542, 2021-07-05T16:07:33.8215020+08:00, 0, 12.94095, 48.29629, 1, 1, 1, False
1225.548, 2021-07-05T16:07:33.8277630+08:00, 0, 12.94095, 48.29629, 1, 1, 1, False
1225.554, 2021-07-05T16:07:33.8335860+08:00, 0, 12.94095, 48.29629, 1, 1, 1, False
1225.561, 2021-07-05T16:07:33.8401840+08:00, 0, 12.94095, 48.29629, 1, 1, 1, False
1225.569, 2021-07-05T16:07:33.8479670+08:00, 0, 12.94095, 48.29629, 1, 1, 1, False
1225.577, 2021-07-05T16:07:33.8559770+08:00, 0, 12.94095, 48.29629, 1, 1, 1, False
1225.593, 2021-07-05T16:07:33.8727470+08:00, 0, 12.94095, 48.29629, 1, 1, 1, False
1225.6, 2021-07-05T16:07:33.8794820+08:00, 0, 12.94095, 48.29629, 1, 1, 1, False
1225.604, 2021-07-05T16:07:33.8831000+08:00, 0, 12.94095, 48.29629, 1, 1, 1, False
1225.608, 2021-07-05T16:07:33.8870120+08:00, 0, 12.94095, 48.29629, 1, 1, 1, False
1225.612, 2021-07-05T16:07:33.8908930+08:00, 0, 12.94095, 48.29629, 1, 1, 1, False
1225.616, 2021-07-05T16:07:33.8952030+08:00, 0, 12.94095, 48.29629, 1, 1, 1, False
1225.62, 2021-07-05T16:07:33.8988830+08:00, 0, 12.94095, 48.29629, 1, 1, 1, False
1225.624, 2021-07-05T16:07:33.9032940+08:00, 0, 12.94095, 48.29629, 1, 1, 1, False
1225.629, 2021-07-05T16:07:33.9083820+08:00, 0, 12.94095, 48.29629, 1, 1, 1, False
1225.636, 2021-07-05T16:07:33.9150860+08:00, 0, 12.94095, 48.29629, 1, 1, 1, False
1225.641, 2021-07-05T16:07:33.9207710+08:00, 0, 12.94095, 48.29629, 1, 1, 1, False
1225.648, 2021-07-05T16:07:33.9276530+08:00, 0, 12.94095, 48.29629, 1, 1, 1, False
1225.654, 2021-07-05T16:07:33.9335680+08:00, 0, 12.94095, 48.29629, 1, 1, 1, False
1225.66, 2021-07-05T16:07:33.9397230+08:00, 0, 12.94095, 48.29629, 1, 1, 1, False
1225.667, 2021-07-05T16:07:33.9461550+08:00, 0, 12.94095, 48.29629, 1, 1, 1, False
1225.673, 2021-07-05T16:07:33.9520100+08:00, 0, 12.94095, 48.29629, 1, 1, 1, False
1225.68, 2021-07-05T16:07:33.9591080+08:00, 0, 12.94095, 48.29629, 1, 1, 1, False
1225.686, 2021-07-05T16:07:33.9649070+08:00, 0, 12.94095, 48.29629, 1, 1, 1, False
1225.692, 2021-07-05T16:07:33.9710600+08:00, 0, 12.94095, 48.29629, 1, 1, 1, False
1225.698, 2021-07-05T16:07:33.9773920+08:00, 0, 12.94095, 48.29629, 1, 1, 1, False
1225.704, 2021-07-05T16:07:33.9835620+08:00, 0, 12.94095, 48.29629, 1, 1, 1, False
1225.71, 2021-07-05T16:07:33.9894520+08:00, 0, 12.94095, 48.29629, 1, 1, 1, False
1225.717, 2021-07-05T16:07:33.9961330+08:00, 0, 12.94095, 48.29629, 1, 1, 1, False
1225.725, 2021-07-05T16:07:34.0038740+08:00, 0, 12.94095, 48.29629, 1, 1, 1, False
1225.733, 2021-07-05T16:07:34.0119990+08:00, 0, 12.94095, 48.29629, 1, 1, 1, False
1225.741, 2021-07-05T16:07:34.0198650+08:00, 0, 12.94095, 48.29629, 1, 1, 1, False
1225.744, 2021-07-05T16:07:34.0228900+08:00, 0, 12.94095, 48.29629, 1, 1, 1, False
1225.748, 2021-07-05T16:07:34.0271680+08:00, 0, 12.94095, 48.29629, 1, 1, 1, False
1225.754, 2021-07-05T16:07:34.0335890+08:00, 0, 12.94095, 48.29629, 1, 1, 1, False
1225.761, 2021-07-05T16:07:34.0398860+08:00, 0, 12.94095, 48.29629, 1, 1, 1, False
1225.767, 2021-07-05T16:07:34.0461390+08:00, 0, 12.94095, 48.29629, 1, 1, 1, False
1225.773, 2021-07-05T16:07:34.0523600+08:00, 0, 12.94095, 48.29629, 1, 1, 1, False
1225.78, 2021-07-05T16:07:34.0594210+08:00, 0, 12.94095, 48.29629, 1, 1, 1, False
1225.789, 2021-07-05T16:07:34.0682720+08:00, 0, 12.94095, 48.29629, 1, 1, 1, False
1225.797, 2021-07-05T16:07:34.0759830+08:00, 0, 12.94095, 48.29629, 1, 1, 1, False
1225.805, 2021-07-05T16:07:34.0840820+08:00, 0, 12.94095, 48.29629, 1, 1, 1, False
1225.812, 2021-07-05T16:07:34.0913570+08:00, 0, 12.94095, 48.29629, 1, 1, 1, False
1225.816, 2021-07-05T16:07:34.0948620+08:00, 0, 12.94095, 48.29629, 1, 1, 1, False
1225.82, 2021-07-05T16:07:34.0991090+08:00, 0, 12.94095, 48.29629, 1, 1, 1, False
1225.824, 2021-07-05T16:07:34.1030450+08:00, 0, 12.94095, 48.29629, 1, 1, 1, False
1225.828, 2021-07-05T16:07:34.1077600+08:00, 0, 12.94095, 48.29629, 1, 1, 1, False
1225.835, 2021-07-05T16:07:34.1140850+08:00, 0, 12.94095, 48.29629, 1, 1, 1, False
1225.841, 2021-07-05T16:07:34.1207730+08:00, 0, 12.94095, 48.29629, 1, 1, 1, False
1225.848, 2021-07-05T16:07:34.1273550+08:00, 0, 12.94095, 48.29629, 1, 1, 1, False
1225.854, 2021-07-05T16:07:34.1328940+08:00, 0, 12.94095, 48.29629, 1, 1, 1, False
1225.86, 2021-07-05T16:07:34.1396340+08:00, 0, 12.94095, 48.29629, 1, 1, 1, False
1225.866, 2021-07-05T16:07:34.1456760+08:00, 0, 12.94095, 48.29629, 1, 1, 1, False
1225.873, 2021-07-05T16:07:34.1519830+08:00, 0, 12.94095, 48.29629, 1, 1, 1, False
1225.88, 2021-07-05T16:07:34.1590140+08:00, 0, 12.94095, 48.29629, 1, 1, 1, False
1225.885, 2021-07-05T16:07:34.1645140+08:00, 0, 12.94095, 48.29629, 1, 1, 1, False
1225.892, 2021-07-05T16:07:34.1712920+08:00, 0, 12.94095, 48.29629, 1, 1, 1, False
1225.898, 2021-07-05T16:07:34.1770140+08:00, 0, 12.94095, 48.29629, 1, 1, 1, False
1225.904, 2021-07-05T16:07:34.1836020+08:00, 0, 12.94095, 48.29629, 1, 1, 1, False
1225.91, 2021-07-05T16:07:34.1890250+08:00, 0, 12.94095, 48.29629, 1, 1, 1, False
1225.916, 2021-07-05T16:07:34.1956620+08:00, 0, 12.94095, 48.29629, 1, 1, 1, False
1225.923, 2021-07-05T16:07:34.2020890+08:00, 0, 12.94095, 48.29629, 1, 1, 1, False
1225.929, 2021-07-05T16:07:34.2079840+08:00, 0, 12.94095, 48.29629, 1, 1, 1, False
1225.936, 2021-07-05T16:07:34.2156880+08:00, 0, 12.94095, 48.29629, 1, 1, 1, False
1225.945, 2021-07-05T16:07:34.2239720+08:00, 0, 12.94095, 48.29629, 1, 1, 1, False
1225.952, 2021-07-05T16:07:34.2310700+08:00, 0, 12.94095, 48.29629, 1, 1, 1, False
1225.956, 2021-07-05T16:07:34.2348930+08:00, 0, 12.94095, 48.29629, 1, 1, 1, False
1225.96, 2021-07-05T16:07:34.2394920+08:00, 0, 12.94095, 48.29629, 1, 1, 1, False
1225.966, 2021-07-05T16:07:34.2452550+08:00, 0, 12.94095, 48.29629, 1, 1, 1, False
1225.973, 2021-07-05T16:07:34.2519580+08:00, 0, 12.94095, 48.29629, 1, 1, 1, False
1225.98, 2021-07-05T16:07:34.2592310+08:00, 0, 12.94095, 48.29629, 1, 1, 1, False
1225.989, 2021-07-05T16:07:34.2682460+08:00, 0, 12.94095, 48.29629, 1, 1, 1, False
1225.997, 2021-07-05T16:07:34.2759750+08:00, 0, 12.94095, 48.29629, 1, 1, 1, False
1226.004, 2021-07-05T16:07:34.2836030+08:00, 0, 12.94095, 48.29629, 1, 1, 1, False
1226.012, 2021-07-05T16:07:34.2916940+08:00, 0, 12.94095, 48.29629, 1, 1, 1, False
1226.021, 2021-07-05T16:07:34.3000290+08:00, 0, 12.94095, 48.29629, 1, 1, 1, False
1226.029, 2021-07-05T16:07:34.3082870+08:00, 0, 12.94095, 48.29629, 1, 1, 1, False
1226.036, 2021-07-05T16:07:34.3153700+08:00, 0, 12.94095, 48.29629, 1, 1, 1, False
1226.04, 2021-07-05T16:07:34.3189930+08:00, 0, 12.94095, 48.29629, 1, 1, 1, False
1226.044, 2021-07-05T16:07:34.3229380+08:00, 0, 12.94095, 48.29629, 1, 1, 1, False
1226.048, 2021-07-05T16:07:34.3270440+08:00, 0, 12.94095, 48.29629, 1, 1, 1, False
1226.052, 2021-07-05T16:07:34.3311040+08:00, 0, 12.94095, 48.29629, 1, 1, 1, False
1226.056, 2021-07-05T16:07:34.3347640+08:00, 0, 12.94095, 48.29629, 1, 1, 1, False
1226.06, 2021-07-05T16:07:34.3391080+08:00, 0, 12.94095, 48.29629, 1, 1, 1, False
1226.066, 2021-07-05T16:07:34.3449010+08:00, 0, 12.94095, 48.29629, 1, 1, 1, False
1226.072, 2021-07-05T16:07:34.3517090+08:00, 0, 12.94095, 48.29629, 1, 1, 1, False
1226.08, 2021-07-05T16:07:34.3591500+08:00, 0, 12.94095, 48.29629, 1, 1, 1, False
1226.084, 2021-07-05T16:07:34.3637280+08:00, 0, 12.94095, 48.29629, 1, 1, 1, False
1226.092, 2021-07-05T16:07:34.3711510+08:00, 0, 12.94095, 48.29629, 1, 1, 1, False
1226.097, 2021-07-05T16:07:34.3764740+08:00, 0, 12.94095, 48.29629, 1, 1, 1, False
1226.104, 2021-07-05T16:07:34.3831180+08:00, 0, 12.94095, 48.29629, 1, 1, 1, False
1226.11, 2021-07-05T16:07:34.3889510+08:00, 0, 12.94095, 48.29629, 1, 1, 1, False
1226.116, 2021-07-05T16:07:34.3950980+08:00, 0, 12.94095, 48.29629, 1, 1, 1, False
1226.122, 2021-07-05T16:07:34.4011660+08:00, 0, 12.94095, 48.29629, 1, 1, 1, False
1226.128, 2021-07-05T16:07:34.4077320+08:00, 0, 12.94095, 48.29629, 1, 1, 1, False
1226.135, 2021-07-05T16:07:34.4140970+08:00, 0, 12.94095, 48.29629, 1, 1, 1, False
1226.141, 2021-07-05T16:07:34.4199030+08:00, 0, 12.94095, 48.29629, 1, 1, 1, False
1226.148, 2021-07-05T16:07:34.4326640+08:00, 0, 12.94095, 48.29629, 1, 1, 1, False
1226.16, 2021-07-05T16:07:34.4393280+08:00, 0, 12.94095, 48.29629, 1, 1, 1, False
1226.164, 2021-07-05T16:07:34.4429280+08:00, 0, 12.94095, 48.29629, 1, 1, 1, False
1226.168, 2021-07-05T16:07:34.4469410+08:00, 0, 12.94095, 48.29629, 1, 1, 1, False
1226.172, 2021-07-05T16:07:34.4514170+08:00, 0, 12.94095, 48.29629, 1, 1, 1, False
1226.179, 2021-07-05T16:07:34.4581490+08:00, 0, 12.94095, 48.29629, 1, 1, 1, False
1226.185, 2021-07-05T16:07:34.4645300+08:00, 0, 12.94095, 48.29629, 1, 1, 1, False
1226.192, 2021-07-05T16:07:34.4711710+08:00, 0, 12.94095, 48.29629, 1, 1, 1, False
1226.198, 2021-07-05T16:07:34.4768480+08:00, 0, 12.94095, 48.29629, 1, 1, 1, False
1226.204, 2021-07-05T16:07:34.4832560+08:00, 0, 12.94095, 48.29629, 1, 1, 1, False
1226.21, 2021-07-05T16:07:34.4891150+08:00, 0, 12.94095, 48.29629, 1, 1, 1, False
1226.217, 2021-07-05T16:07:34.4958100+08:00, 0, 12.94095, 48.29629, 1, 1, 1, False
1226.223, 2021-07-05T16:07:34.5022230+08:00, 0, 12.94095, 48.29629, 1, 1, 1, False
1226.229, 2021-07-05T16:07:34.5083460+08:00, 0, 12.94095, 48.29629, 1, 1, 1, False
1226.236, 2021-07-05T16:07:34.5157060+08:00, 0, 12.94095, 48.29629, 1, 1, 1, False
1226.245, 2021-07-05T16:07:34.5240440+08:00, 0, 12.94095, 48.29629, 1, 1, 1, False
1226.252, 2021-07-05T16:07:34.5316550+08:00, 0, 12.94095, 48.29629, 1, 1, 1, False
1226.261, 2021-07-05T16:07:34.5399170+08:00, 0, 12.94095, 48.29629, 1, 1, 1, False
1226.268, 2021-07-05T16:07:34.5472330+08:00, 0, 12.94095, 48.29629, 1, 1, 1, False
1226.272, 2021-07-05T16:07:34.5508170+08:00, 0, 12.94095, 48.29629, 1, 1, 1, False
1226.276, 2021-07-05T16:07:34.5550180+08:00, 0, 12.94095, 48.29629, 1, 1, 1, False
1226.28, 2021-07-05T16:07:34.5589560+08:00, 0, 12.94095, 48.29629, 1, 1, 1, False
1226.285, 2021-07-05T16:07:34.5643710+08:00, 0, 12.94095, 48.29629, 1, 1, 1, False
1226.292, 2021-07-05T16:07:34.5711340+08:00, 0, 12.94095, 48.29629, 1, 1, 1, False
1226.298, 2021-07-05T16:07:34.5768290+08:00, 0, 12.94095, 48.29629, 1, 1, 1, False
1226.304, 2021-07-05T16:07:34.5835110+08:00, 0, 12.94095, 48.29629, 1, 1, 1, False
1226.31, 2021-07-05T16:07:34.5889880+08:00, 0, 12.94095, 48.29629, 1, 1, 1, False
1226.316, 2021-07-05T16:07:34.5956330+08:00, 0, 12.94095, 48.29629, 1, 1, 1, False
1226.323, 2021-07-05T16:07:34.6019540+08:00, 0, 12.94095, 48.29629, 1, 1, 1, False
1226.328, 2021-07-05T16:07:34.6075330+08:00, 0, 12.94095, 48.29629, 1, 1, 1, False
1226.335, 2021-07-05T16:07:34.6143230+08:00, 0, 12.94095, 48.29629, 1, 1, 1, False
1226.341, 2021-07-05T16:07:34.6205580+08:00, 0, 12.94095, 48.29629, 1, 1, 1, False
1226.348, 2021-07-05T16:07:34.6272580+08:00, 0, 12.94095, 48.29629, 1, 1, 1, False
1226.354, 2021-07-05T16:07:34.6330350+08:00, 0, 12.94095, 48.29629, 1, 1, 1, False
1226.36, 2021-07-05T16:07:34.6396180+08:00, 0, 12.94095, 48.29629, 1, 1, 1, False
1226.366, 2021-07-05T16:07:34.6450770+08:00, 0, 12.94095, 48.29629, 1, 1, 1, False
1226.393, 2021-07-05T16:07:34.6728060+08:00, 0, 12.94095, 48.29629, 1, 1, 1, False
1226.4, 2021-07-05T16:07:34.6797310+08:00, 0, 12.94095, 48.29629, 1, 1, 1, False
1226.408, 2021-07-05T16:07:34.6874090+08:00, 0, 12.94095, 48.29629, 1, 1, 1, False
1226.418, 2021-07-05T16:07:34.6971470+08:00, 0, 12.94095, 48.29629, 1, 1, 1, False
1226.425, 2021-07-05T16:07:34.7037980+08:00, 0, 12.94095, 48.29629, 1, 1, 1, False
1226.433, 2021-07-05T16:07:34.7119590+08:00, 0, 12.94095, 48.29629, 1, 1, 1, False
1226.441, 2021-07-05T16:07:34.7199980+08:00, 0, 12.94095, 48.29629, 1, 1, 1, False
1226.448, 2021-07-05T16:07:34.7276210+08:00, 0, 12.94095, 48.29629, 1, 1, 1, False
1226.457, 2021-07-05T16:07:34.7362400+08:00, 0, 12.94095, 48.29629, 1, 1, 1, False
1226.466, 2021-07-05T16:07:34.7453380+08:00, 0, 12.94095, 48.29629, 1, 1, 1, False
1226.472, 2021-07-05T16:07:34.7511460+08:00, 0, 12.94095, 48.29629, 1, 1, 1, False
1226.476, 2021-07-05T16:07:34.7549470+08:00, 0, 12.94095, 48.29629, 1, 1, 1, False
1226.48, 2021-07-05T16:07:34.7589210+08:00, 0, 12.94095, 48.29629, 1, 1, 1, False
1226.484, 2021-07-05T16:07:34.7629630+08:00, 0, 12.94095, 48.29629, 1, 1, 1, False
1226.488, 2021-07-05T16:07:34.7672100+08:00, 0, 12.94095, 48.29629, 1, 1, 1, False
1226.492, 2021-07-05T16:07:34.7709270+08:00, 0, 12.94095, 48.29629, 1, 1, 1, False
1226.496, 2021-07-05T16:07:34.7750740+08:00, 0, 12.94095, 48.29629, 1, 1, 1, False
1226.502, 2021-07-05T16:07:34.7813860+08:00, 0, 12.94095, 48.29629, 1, 1, 1, False
1226.508, 2021-07-05T16:07:34.7875920+08:00, 0, 12.94095, 48.29629, 1, 1, 1, False
1226.515, 2021-07-05T16:07:34.7939160+08:00, 0, 12.94095, 48.29629, 1, 1, 1, False
1226.521, 2021-07-05T16:07:34.7999320+08:00, 0, 12.94095, 48.29629, 1, 1, 1, False
1226.529, 2021-07-05T16:07:34.8078920+08:00, 0, 12.94095, 48.29629, 1, 1, 1, False
1226.537, 2021-07-05T16:07:34.8161310+08:00, 0, 12.94095, 48.29629, 1, 1, 1, False
1226.545, 2021-07-05T16:07:34.8238470+08:00, 0, 12.94095, 48.29629, 1, 1, 1, False
1226.553, 2021-07-05T16:07:34.8318950+08:00, 0, 12.94095, 48.29629, 1, 1, 1, False
1226.56, 2021-07-05T16:07:34.8392290+08:00, 0, 12.94095, 48.29629, 1, 1, 1, False
1226.564, 2021-07-05T16:07:34.8430630+08:00, 0, 12.94095, 48.29629, 1, 1, 1, False
1226.568, 2021-07-05T16:07:34.8470080+08:00, 0, 12.94095, 48.29629, 1, 1, 1, False
1226.572, 2021-07-05T16:07:34.8511680+08:00, 0, 12.94095, 48.29629, 1, 1, 1, False
1226.577, 2021-07-05T16:07:34.8566240+08:00, 0, 12.94095, 48.29629, 1, 1, 1, False
1226.585, 2021-07-05T16:07:34.8638850+08:00, 0, 12.94095, 48.29629, 1, 1, 1, False
1226.59, 2021-07-05T16:07:34.8691430+08:00, 0, 12.94095, 48.29629, 1, 1, 1, False
1226.597, 2021-07-05T16:07:34.8761000+08:00, 0, 12.94095, 48.29629, 1, 1, 1, False
1226.604, 2021-07-05T16:07:34.8838440+08:00, 0, 12.94095, 48.29629, 1, 1, 1, False
1226.613, 2021-07-05T16:07:34.8921410+08:00, 0, 12.94095, 48.29629, 1, 1, 1, False
1226.621, 2021-07-05T16:07:34.9000350+08:00, 0, 12.94095, 48.29629, 1, 1, 1, False
1226.628, 2021-07-05T16:07:34.9074890+08:00, 0, 12.94095, 48.29629, 1, 1, 1, False
1226.632, 2021-07-05T16:07:34.9109070+08:00, 0, 12.94095, 48.29629, 1, 1, 1, False
1226.636, 2021-07-05T16:07:34.9150260+08:00, 0, 12.94095, 48.29629, 1, 1, 1, False
1226.64, 2021-07-05T16:07:34.9191200+08:00, 0, 12.94095, 48.29629, 1, 1, 1, False
1226.646, 2021-07-05T16:07:34.9254170+08:00, 0, 12.94095, 48.29629, 1, 1, 1, False
1226.652, 2021-07-05T16:07:34.9316490+08:00, 0, 12.94095, 48.29629, 1, 1, 1, False
1226.659, 2021-07-05T16:07:34.9379700+08:00, 0, 12.94095, 48.29629, 1, 1, 1, False
1226.665, 2021-07-05T16:07:34.9439430+08:00, 0, 12.94095, 48.29629, 1, 1, 1, False
1226.672, 2021-07-05T16:07:34.9515660+08:00, 0, 12.94095, 48.29629, 1, 1, 1, False
1226.68, 2021-07-05T16:07:34.9593070+08:00, 0, 12.94095, 48.29629, 1, 1, 1, False
1226.684, 2021-07-05T16:07:34.9632370+08:00, 0, 12.94095, 48.29629, 1, 1, 1, False
1226.69, 2021-07-05T16:07:34.9692570+08:00, 0, 12.94095, 48.29629, 1, 1, 1, False
1226.697, 2021-07-05T16:07:34.9760160+08:00, 0, 12.94095, 48.29629, 1, 1, 1, False
1226.704, 2021-07-05T16:07:34.9830450+08:00, 0, 12.94095, 48.29629, 1, 1, 1, False
1226.709, 2021-07-05T16:07:34.9880410+08:00, 0, 12.94095, 48.29629, 1, 1, 1, False
1226.715, 2021-07-05T16:07:34.9942530+08:00, 0, 12.94095, 48.29629, 1, 1, 1, False
1226.721, 2021-07-05T16:07:35.0006150+08:00, 0, 12.94095, 48.29629, 1, 1, 1, False
1226.728, 2021-07-05T16:07:35.0075640+08:00, 0, 12.94095, 48.29629, 1, 1, 1, False
1226.737, 2021-07-05T16:07:35.0159440+08:00, 0, 12.94095, 48.29629, 1, 1, 1, False
1226.745, 2021-07-05T16:07:35.0240420+08:00, 0, 12.94095, 48.29629, 1, 1, 1, False
1226.753, 2021-07-05T16:07:35.0318060+08:00, 0, 12.94095, 48.29629, 1, 1, 1, False
1226.76, 2021-07-05T16:07:35.0392520+08:00, 0, 12.94095, 48.29629, 1, 1, 1, False
1226.764, 2021-07-05T16:07:35.0428670+08:00, 0, 12.94095, 48.29629, 1, 1, 1, False
1226.768, 2021-07-05T16:07:35.0469730+08:00, 0, 12.94095, 48.29629, 1, 1, 1, False
1226.772, 2021-07-05T16:07:35.0511950+08:00, 0, 12.94095, 48.29629, 1, 1, 1, False
1226.777, 2021-07-05T16:07:35.0566410+08:00, 0, 12.94095, 48.29629, 1, 1, 1, False
1226.785, 2021-07-05T16:07:35.0638830+08:00, 0, 12.94095, 48.29629, 1, 1, 1, False
1226.79, 2021-07-05T16:07:35.0689840+08:00, 0, 12.94095, 48.29629, 1, 1, 1, False
1226.797, 2021-07-05T16:07:35.0761260+08:00, 0, 12.94095, 48.29629, 1, 1, 1, False
1226.805, 2021-07-05T16:07:35.0839750+08:00, 0, 12.94095, 48.29629, 1, 1, 1, False
1226.812, 2021-07-05T16:07:35.0912780+08:00, 0, 12.94095, 48.29629, 1, 1, 1, False
1226.821, 2021-07-05T16:07:35.1001760+08:00, 0, 12.94095, 48.29629, 1, 1, 1, False
1226.828, 2021-07-05T16:07:35.1072740+08:00, 0, 12.94095, 48.29629, 1, 1, 1, False
1226.832, 2021-07-05T16:07:35.1109010+08:00, 0, 12.94095, 48.29629, 1, 1, 1, False
1226.836, 2021-07-05T16:07:35.1148490+08:00, 0, 12.94095, 48.29629, 1, 1, 1, False
1226.84, 2021-07-05T16:07:35.1189180+08:00, 0, 12.94095, 48.29629, 1, 1, 1, False
1226.845, 2021-07-05T16:07:35.1245120+08:00, 0, 12.94095, 48.29629, 1, 1, 1, False
1226.852, 2021-07-05T16:07:35.1315830+08:00, 0, 12.94095, 48.29629, 1, 1, 1, False
1226.858, 2021-07-05T16:07:35.1374500+08:00, 0, 12.94095, 48.29629, 1, 1, 1, False
1226.864, 2021-07-05T16:07:35.1435590+08:00, 0, 12.94095, 48.29629, 1, 1, 1, False
1226.87, 2021-07-05T16:07:35.1498160+08:00, 0, 12.94095, 48.29629, 1, 1, 1, False
1226.877, 2021-07-05T16:07:35.1561240+08:00, 0, 12.94095, 48.29629, 1, 1, 1, False
1226.884, 2021-07-05T16:07:35.1633810+08:00, 0, 12.94095, 48.29629, 1, 1, 1, False
1226.889, 2021-07-05T16:07:35.1685450+08:00, 0, 12.94095, 48.29629, 1, 1, 1, False
1226.896, 2021-07-05T16:07:35.1750090+08:00, 0, 12.94095, 48.29629, 1, 1, 1, False
1226.902, 2021-07-05T16:07:35.1810780+08:00, 0, 12.94095, 48.29629, 1, 1, 1, False
1226.908, 2021-07-05T16:07:35.1873440+08:00, 0, 12.94095, 48.29629, 1, 1, 1, False
1226.914, 2021-07-05T16:07:35.1935330+08:00, 0, 12.94095, 48.29629, 1, 1, 1, False
1226.92, 2021-07-05T16:07:35.1994330+08:00, 0, 12.94095, 48.29629, 1, 1, 1, False
1226.927, 2021-07-05T16:07:35.2060630+08:00, 0, 12.94095, 48.29629, 1, 1, 1, False
1226.933, 2021-07-05T16:07:35.2123440+08:00, 0, 12.94095, 48.29629, 1, 1, 1, False
1226.94, 2021-07-05T16:07:35.2192260+08:00, 0, 12.94095, 48.29629, 1, 1, 1, False
1226.945, 2021-07-05T16:07:35.2248030+08:00, 0, 12.94095, 48.29629, 1, 1, 1, False
1226.952, 2021-07-05T16:07:35.2316980+08:00, 0, 12.94095, 48.29629, 1, 1, 1, False
1226.961, 2021-07-05T16:07:35.2400600+08:00, 0, 12.94095, 48.29629, 1, 1, 1, False
1226.968, 2021-07-05T16:07:35.2473330+08:00, 0, 12.94095, 48.29629, 1, 1, 1, False
1226.977, 2021-07-05T16:07:35.2560700+08:00, 0, 12.94095, 48.29629, 1, 1, 1, False
1226.984, 2021-07-05T16:07:35.2634920+08:00, 0, 12.94095, 48.29629, 1, 1, 1, False
1226.992, 2021-07-05T16:07:35.2712800+08:00, 0, 12.94095, 48.29629, 1, 1, 1, False
1226.996, 2021-07-05T16:07:35.2749610+08:00, 0, 12.94095, 48.29629, 1, 1, 1, False
1227, 2021-07-05T16:07:35.2791820+08:00, 0, 12.94095, 48.29629, 1, 1, 1, False
1227.004, 2021-07-05T16:07:35.2828640+08:00, 0, 12.94095, 48.29629, 1, 1, 1, False
1227.008, 2021-07-05T16:07:35.2873970+08:00, 0, 12.94095, 48.29629, 1, 1, 1, False
1227.014, 2021-07-05T16:07:35.2935390+08:00, 0, 12.94095, 48.29629, 1, 1, 1, False
1227.021, 2021-07-05T16:07:35.2998580+08:00, 0, 12.94095, 48.29629, 1, 1, 1, False
1227.027, 2021-07-05T16:07:35.3062480+08:00, 0, 12.94095, 48.29629, 1, 1, 1, False
1227.033, 2021-07-05T16:07:35.3119600+08:00, 0, 12.94095, 48.29629, 1, 1, 1, False
1227.04, 2021-07-05T16:07:35.3192360+08:00, 0, 12.94095, 48.29629, 1, 1, 1, False
1227.046, 2021-07-05T16:07:35.3248850+08:00, 0, 12.94095, 48.29629, 1, 1, 1, False
1227.053, 2021-07-05T16:07:35.3319150+08:00, 0, 12.94095, 48.29629, 1, 1, 1, False
1227.061, 2021-07-05T16:07:35.3398310+08:00, 0, 12.94095, 48.29629, 1, 1, 1, False
1227.069, 2021-07-05T16:07:35.3480920+08:00, 0, 12.94095, 48.29629, 1, 1, 1, False
1227.077, 2021-07-05T16:07:35.3558070+08:00, 0, 12.94095, 48.29629, 1, 1, 1, False
1227.085, 2021-07-05T16:07:35.3639170+08:00, 0, 12.94095, 48.29629, 1, 1, 1, False
1227.092, 2021-07-05T16:07:35.3712270+08:00, 0, 12.94095, 48.29629, 1, 1, 1, False
1227.096, 2021-07-05T16:07:35.3748380+08:00, 0, 12.94095, 48.29629, 1, 1, 1, False
1227.1, 2021-07-05T16:07:35.3792920+08:00, 0, 12.94095, 48.29629, 1, 1, 1, False
1227.104, 2021-07-05T16:07:35.3828910+08:00, 0, 12.94095, 48.29629, 1, 1, 1, False
1227.108, 2021-07-05T16:07:35.3870630+08:00, 0, 12.94095, 48.29629, 1, 1, 1, False
1227.114, 2021-07-05T16:07:35.3932310+08:00, 0, 12.94095, 48.29629, 1, 1, 1, False
1227.12, 2021-07-05T16:07:35.3998090+08:00, 0, 12.94095, 48.29629, 1, 1, 1, False
1227.129, 2021-07-05T16:07:35.4079100+08:00, 0, 12.94095, 48.29629, 1, 1, 1, False
1227.137, 2021-07-05T16:07:35.4160990+08:00, 0, 12.94095, 48.29629, 1, 1, 1, False
1227.145, 2021-07-05T16:07:35.4239960+08:00, 0, 12.94095, 48.29629, 1, 1, 1, False
1227.152, 2021-07-05T16:07:35.4318070+08:00, 0, 12.94095, 48.29629, 1, 1, 1, False
1227.161, 2021-07-05T16:07:35.4400740+08:00, 0, 12.94095, 48.29629, 1, 1, 1, False
1227.168, 2021-07-05T16:07:35.4477600+08:00, 0, 12.94095, 48.29629, 1, 1, 1, False
1227.177, 2021-07-05T16:07:35.4561980+08:00, 0, 12.94095, 48.29629, 1, 1, 1, False
1227.184, 2021-07-05T16:07:35.4636620+08:00, 0, 12.94095, 48.29629, 1, 1, 1, False
1227.192, 2021-07-05T16:07:35.4716400+08:00, 0, 12.94095, 48.29629, 1, 1, 1, False
1227.201, 2021-07-05T16:07:35.4801690+08:00, 0, 12.94095, 48.29629, 1, 1, 1, False
1227.208, 2021-07-05T16:07:35.4872640+08:00, 0, 12.94095, 48.29629, 1, 1, 1, False
1227.212, 2021-07-05T16:07:35.4911460+08:00, 0, 12.94095, 48.29629, 1, 1, 1, False
1227.216, 2021-07-05T16:07:35.4950810+08:00, 0, 12.94095, 48.29629, 1, 1, 1, False
1227.22, 2021-07-05T16:07:35.4988330+08:00, 0, 12.94095, 48.29629, 1, 1, 1, False
1227.224, 2021-07-05T16:07:35.5034280+08:00, 0, 12.94095, 48.29629, 1, 1, 1, False
1227.228, 2021-07-05T16:07:35.5070860+08:00, 0, 12.94095, 48.29629, 1, 1, 1, False
1227.232, 2021-07-05T16:07:35.5108280+08:00, 0, 12.94095, 48.29629, 1, 1, 1, False
1227.236, 2021-07-05T16:07:35.5149440+08:00, 0, 12.94095, 48.29629, 1, 1, 1, False
1227.242, 2021-07-05T16:07:35.5210090+08:00, 0, 12.94095, 48.29629, 1, 1, 1, False
1227.248, 2021-07-05T16:07:35.5277170+08:00, 0, 12.94095, 48.29629, 1, 1, 1, False
1227.255, 2021-07-05T16:07:35.5338380+08:00, 0, 12.94095, 48.29629, 1, 1, 1, False
1227.26, 2021-07-05T16:07:35.5398470+08:00, 0, 12.94095, 48.29629, 1, 1, 1, False
1227.269, 2021-07-05T16:07:35.5479070+08:00, 0, 12.94095, 48.29629, 1, 1, 1, False
1227.277, 2021-07-05T16:07:35.5559530+08:00, 0, 12.94095, 48.29629, 1, 1, 1, False
1227.284, 2021-07-05T16:07:35.5635460+08:00, 0, 12.94095, 48.29629, 1, 1, 1, False
1227.292, 2021-07-05T16:07:35.5713130+08:00, 0, 12.94095, 48.29629, 1, 1, 1, False
1227.296, 2021-07-05T16:07:35.5750090+08:00, 0, 12.94095, 48.29629, 1, 1, 1, False
1227.3, 2021-07-05T16:07:35.5789960+08:00, 0, 12.94095, 48.29629, 1, 1, 1, False
1227.305, 2021-07-05T16:07:35.5839640+08:00, 0, 12.94095, 48.29629, 1, 1, 1, False
1227.311, 2021-07-05T16:07:35.5899100+08:00, 0, 12.94095, 48.29629, 1, 1, 1, False
1227.317, 2021-07-05T16:07:35.5964470+08:00, 0, 12.94095, 48.29629, 1, 1, 1, False
1227.324, 2021-07-05T16:07:35.6031300+08:00, 0, 12.94095, 48.29629, 1, 1, 1, False
1227.333, 2021-07-05T16:07:35.6120850+08:00, 0, 12.94095, 48.29629, 1, 1, 1, False
1227.34, 2021-07-05T16:07:35.6197550+08:00, 0, 12.94095, 48.29629, 1, 1, 1, False
1227.348, 2021-07-05T16:07:35.6273910+08:00, 0, 12.94095, 48.29629, 1, 1, 1, False
1227.352, 2021-07-05T16:07:35.6309440+08:00, 0, 12.94095, 48.29629, 1, 1, 1, False
1227.356, 2021-07-05T16:07:35.6349690+08:00, 0, 12.94095, 48.29629, 1, 1, 1, False
1227.361, 2021-07-05T16:07:35.6398710+08:00, 0, 12.94095, 48.29629, 1, 1, 1, False
1227.368, 2021-07-05T16:07:35.6475350+08:00, 0, 12.94095, 48.29629, 1, 1, 1, False
1227.373, 2021-07-05T16:07:35.6526640+08:00, 0, 12.94095, 48.29629, 1, 1, 1, False
1227.38, 2021-07-05T16:07:35.6648250+08:00, 0, 12.94095, 48.29629, 1, 1, 1, False
1227.392, 2021-07-05T16:07:35.6710200+08:00, 0, 12.94095, 48.29629, 1, 1, 1, False
1227.396, 2021-07-05T16:07:35.6749170+08:00, 0, 12.94095, 48.29629, 1, 1, 1, False
1227.4, 2021-07-05T16:07:35.6791260+08:00, 0, 12.94095, 48.29629, 1, 1, 1, False
1227.405, 2021-07-05T16:07:35.6842310+08:00, 0, 12.94095, 48.29629, 1, 1, 1, False
1227.411, 2021-07-05T16:07:35.6902350+08:00, 0, 12.94095, 48.29629, 1, 1, 1, False
1227.417, 2021-07-05T16:07:35.6967620+08:00, 0, 12.94095, 48.29629, 1, 1, 1, False
1227.424, 2021-07-05T16:07:35.7037660+08:00, 0, 12.94095, 48.29629, 1, 1, 1, False
1227.43, 2021-07-05T16:07:35.7092540+08:00, 0, 12.94095, 48.29629, 1, 1, 1, False
1227.436, 2021-07-05T16:07:35.7157030+08:00, 0, 12.94095, 48.29629, 1, 1, 1, False
1227.444, 2021-07-05T16:07:35.7232130+08:00, 0, 12.94095, 48.29629, 1, 1, 1, False
1227.448, 2021-07-05T16:07:35.7276870+08:00, 0, 12.94095, 48.29629, 1, 1, 1, False
1227.455, 2021-07-05T16:07:35.7343550+08:00, 0, 12.94095, 48.29629, 1, 1, 1, False
1227.461, 2021-07-05T16:07:35.7405860+08:00, 0, 12.94095, 48.29629, 1, 1, 1, False
1227.468, 2021-07-05T16:07:35.7472330+08:00, 0, 12.94095, 48.29629, 1, 1, 1, False
1227.474, 2021-07-05T16:07:35.7529830+08:00, 0, 12.94095, 48.29629, 1, 1, 1, False
1227.48, 2021-07-05T16:07:35.7594190+08:00, 0, 12.94095, 48.29629, 1, 1, 1, False
1227.486, 2021-07-05T16:07:35.7651620+08:00, 0, 12.94095, 48.29629, 1, 1, 1, False
1227.492, 2021-07-05T16:07:35.7716720+08:00, 0, 12.94095, 48.29629, 1, 1, 1, False
1227.499, 2021-07-05T16:07:35.7780150+08:00, 0, 12.94095, 48.29629, 1, 1, 1, False
1227.504, 2021-07-05T16:07:35.7837050+08:00, 0, 12.94095, 48.29629, 1, 1, 1, False
1227.512, 2021-07-05T16:07:35.7914120+08:00, 0, 12.94095, 48.29629, 1, 1, 1, False
1227.517, 2021-07-05T16:07:35.7965290+08:00, 0, 12.94095, 48.29629, 1, 1, 1, False
1227.524, 2021-07-05T16:07:35.8031520+08:00, 0, 12.94095, 48.29629, 1, 1, 1, False
1227.53, 2021-07-05T16:07:35.8089310+08:00, 0, 12.94095, 48.29629, 1, 1, 1, False
1227.536, 2021-07-05T16:07:35.8156210+08:00, 0, 12.94095, 48.29629, 1, 1, 1, False
1227.542, 2021-07-05T16:07:35.8211710+08:00, 0, 12.94095, 48.29629, 1, 1, 1, False
1227.548, 2021-07-05T16:07:35.8277760+08:00, 0, 12.94095, 48.29629, 1, 1, 1, False
1227.557, 2021-07-05T16:07:35.8360510+08:00, 0, 12.94095, 48.29629, 1, 1, 1, False
1227.564, 2021-07-05T16:07:35.8436840+08:00, 0, 12.94095, 48.29629, 1, 1, 1, False
1227.573, 2021-07-05T16:07:35.8520040+08:00, 0, 12.94095, 48.29629, 1, 1, 1, False
1227.58, 2021-07-05T16:07:35.8594080+08:00, 0, 12.94095, 48.29629, 1, 1, 1, False
1227.589, 2021-07-05T16:07:35.8680050+08:00, 0, 12.94095, 48.29629, 1, 1, 1, False
1227.597, 2021-07-05T16:07:35.8761520+08:00, 0, 12.94095, 48.29629, 1, 1, 1, False
1227.604, 2021-07-05T16:07:35.8839160+08:00, 0, 12.94095, 48.29629, 1, 1, 1, False
1227.612, 2021-07-05T16:07:35.8915820+08:00, 0, 12.94095, 48.29629, 1, 1, 1, False
1227.621, 2021-07-05T16:07:35.9001460+08:00, 0, 12.94095, 48.29629, 1, 1, 1, False
1227.629, 2021-07-05T16:07:35.9079910+08:00, 0, 12.94095, 48.29629, 1, 1, 1, False
1227.636, 2021-07-05T16:07:35.9158500+08:00, 0, 12.94095, 48.29629, 1, 1, 1, False
1227.646, 2021-07-05T16:07:35.9252330+08:00, 0, 12.94095, 48.29629, 1, 1, 1, False
1227.652, 2021-07-05T16:07:35.9311460+08:00, 0, 12.94095, 48.29629, 1, 1, 1, False
1227.656, 2021-07-05T16:07:35.9355760+08:00, 0, 12.94095, 48.29629, 1, 1, 1, False
1227.659, 2021-07-05T16:07:35.9387000+08:00, 0, 12.94095, 48.29629, 1, 1, 1, False
1227.664, 2021-07-05T16:07:35.9433370+08:00, 0, 12.94095, 48.29629, 1, 1, 1, False
1227.668, 2021-07-05T16:07:35.9470510+08:00, 0, 12.94095, 48.29629, 1, 1, 1, False
1227.672, 2021-07-05T16:07:35.9509320+08:00, 0, 12.94095, 48.29629, 1, 1, 1, False
1227.676, 2021-07-05T16:07:35.9550990+08:00, 0, 12.94095, 48.29629, 1, 1, 1, False
1227.682, 2021-07-05T16:07:35.9610120+08:00, 0, 12.94095, 48.29629, 1, 1, 1, False
1227.688, 2021-07-05T16:07:35.9676530+08:00, 0, 12.94095, 48.29629, 1, 1, 1, False
1227.694, 2021-07-05T16:07:35.9733100+08:00, 0, 12.94095, 48.29629, 1, 1, 1, False
1227.7, 2021-07-05T16:07:35.9797260+08:00, 0, 12.94095, 48.29629, 1, 1, 1, False
1227.707, 2021-07-05T16:07:35.9861780+08:00, 0, 12.94095, 48.29629, 1, 1, 1, False
1227.713, 2021-07-05T16:07:35.9926140+08:00, 0, 12.94095, 48.29629, 1, 1, 1, False
1227.72, 2021-07-05T16:07:35.9995830+08:00, 0, 12.94095, 48.29629, 1, 1, 1, False
1227.728, 2021-07-05T16:07:36.0072540+08:00, 0, 12.94095, 48.29629, 1, 1, 1, False
1227.732, 2021-07-05T16:07:36.0112690+08:00, 0, 12.94095, 48.29629, 1, 1, 1, False
1227.738, 2021-07-05T16:07:36.0175460+08:00, 0, 12.94095, 48.29629, 1, 1, 1, False
1227.744, 2021-07-05T16:07:36.0237360+08:00, 0, 12.94095, 48.29629, 1, 1, 1, False
1227.751, 2021-07-05T16:07:36.0300610+08:00, 0, 12.94095, 48.29629, 1, 1, 1, False
1227.757, 2021-07-05T16:07:36.0359530+08:00, 0, 12.94095, 48.29629, 1, 1, 1, False
1227.764, 2021-07-05T16:07:36.0430320+08:00, 0, 12.94095, 48.29629, 1, 1, 1, False
1227.769, 2021-07-05T16:07:36.0487270+08:00, 0, 12.94095, 48.29629, 1, 1, 1, False
1227.776, 2021-07-05T16:07:36.0552160+08:00, 0, 12.94095, 48.29629, 1, 1, 1, False
1227.782, 2021-07-05T16:07:36.0609220+08:00, 0, 12.94095, 48.29629, 1, 1, 1, False
1227.788, 2021-07-05T16:07:36.0677180+08:00, 0, 12.94095, 48.29629, 1, 1, 1, False
1227.796, 2021-07-05T16:07:36.0752270+08:00, 0, 12.94095, 48.29629, 1, 1, 1, False
1227.801, 2021-07-05T16:07:36.0799170+08:00, 0, 12.94095, 48.29629, 1, 1, 1, False
1227.808, 2021-07-05T16:07:36.0871530+08:00, 0, 12.94095, 48.29629, 1, 1, 1, False
1227.813, 2021-07-05T16:07:36.0919140+08:00, 0, 12.94095, 48.29629, 1, 1, 1, False
1227.819, 2021-07-05T16:07:36.0985610+08:00, 0, 12.94095, 48.29629, 1, 1, 1, False
1227.825, 2021-07-05T16:07:36.1047470+08:00, 0, 12.94095, 48.29629, 1, 1, 1, False
1227.832, 2021-07-05T16:07:36.1112770+08:00, 0, 12.94095, 48.29629, 1, 1, 1, False
1227.838, 2021-07-05T16:07:36.1170410+08:00, 0, 12.94095, 48.29629, 1, 1, 1, False
1227.844, 2021-07-05T16:07:36.1238170+08:00, 0, 12.94095, 48.29629, 1, 1, 1, False
1227.852, 2021-07-05T16:07:36.1316990+08:00, 0, 12.94095, 48.29629, 1, 1, 1, False
1227.857, 2021-07-05T16:07:36.1361450+08:00, 0, 12.94095, 48.29629, 1, 1, 1, False
1227.864, 2021-07-05T16:07:36.1430750+08:00, 0, 12.94095, 48.29629, 1, 1, 1, False
1227.869, 2021-07-05T16:07:36.1483420+08:00, 0, 12.94095, 48.29629, 1, 1, 1, False
1227.876, 2021-07-05T16:07:36.1555370+08:00, 0, 12.94095, 48.29629, 1, 1, 1, False
1227.882, 2021-07-05T16:07:36.1613110+08:00, 0, 12.94095, 48.29629, 1, 1, 1, False
1227.888, 2021-07-05T16:07:36.1676630+08:00, 0, 12.94095, 48.29629, 1, 1, 1, False
1227.894, 2021-07-05T16:07:36.1733970+08:00, 0, 12.94095, 48.29629, 1, 1, 1, False
1227.901, 2021-07-05T16:07:36.1800610+08:00, 0, 12.94095, 48.29629, 1, 1, 1, False
1227.908, 2021-07-05T16:07:36.1872490+08:00, 0, 12.94095, 48.29629, 1, 1, 1, False
1227.913, 2021-07-05T16:07:36.1922120+08:00, 0, 12.94095, 48.29629, 1, 1, 1, False
1227.92, 2021-07-05T16:07:36.1991250+08:00, 0, 12.94095, 48.29629, 1, 1, 1, False
1227.925, 2021-07-05T16:07:36.2045040+08:00, 0, 12.94095, 48.29629, 1, 1, 1, False
1227.932, 2021-07-05T16:07:36.2116460+08:00, 0, 12.94095, 48.29629, 1, 1, 1, False
1227.941, 2021-07-05T16:07:36.2199650+08:00, 0, 12.94095, 48.29629, 1, 1, 1, False
1227.948, 2021-07-05T16:07:36.2276610+08:00, 0, 12.94095, 48.29629, 1, 1, 1, False
1227.956, 2021-07-05T16:07:36.2352880+08:00, 0, 12.94095, 48.29629, 1, 1, 1, False
1227.964, 2021-07-05T16:07:36.2432480+08:00, 0, 12.94095, 48.29629, 1, 1, 1, False
1227.968, 2021-07-05T16:07:36.2469010+08:00, 0, 12.94095, 48.29629, 1, 1, 1, False
1227.972, 2021-07-05T16:07:36.2508860+08:00, 0, 12.94095, 48.29629, 1, 1, 1, False
1227.976, 2021-07-05T16:07:36.2548720+08:00, 0, 12.94095, 48.29629, 1, 1, 1, False
1227.981, 2021-07-05T16:07:36.2604950+08:00, 0, 12.94095, 48.29629, 1, 1, 1, False
1227.988, 2021-07-05T16:07:36.2671750+08:00, 0, 12.94095, 48.29629, 1, 1, 1, False
1227.994, 2021-07-05T16:07:36.2730160+08:00, 0, 12.94095, 48.29629, 1, 1, 1, False
1228, 2021-07-05T16:07:36.2797230+08:00, 0, 12.94095, 48.29629, 1, 1, 1, False
1228.007, 2021-07-05T16:07:36.2859800+08:00, 0, 12.94095, 48.29629, 1, 1, 1, False
1228.013, 2021-07-05T16:07:36.2922530+08:00, 0, 12.94095, 48.29629, 1, 1, 1, False
1228.021, 2021-07-05T16:07:36.2997840+08:00, 0, 12.94095, 48.29629, 1, 1, 1, False
1228.025, 2021-07-05T16:07:36.3043980+08:00, 0, 12.94095, 48.29629, 1, 1, 1, False
1228.032, 2021-07-05T16:07:36.3115860+08:00, 0, 12.94095, 48.29629, 1, 1, 1, False
1228.041, 2021-07-05T16:07:36.3199520+08:00, 0, 12.94095, 48.29629, 1, 1, 1, False
1228.049, 2021-07-05T16:07:36.3278560+08:00, 0, 12.94095, 48.29629, 1, 1, 1, False
1228.056, 2021-07-05T16:07:36.3357360+08:00, 0, 12.94095, 48.29629, 1, 1, 1, False
1228.064, 2021-07-05T16:07:36.3433180+08:00, 0, 12.94095, 48.29629, 1, 1, 1, False
1228.068, 2021-07-05T16:07:36.3468540+08:00, 0, 12.94095, 48.29629, 1, 1, 1, False
1228.072, 2021-07-05T16:07:36.3510430+08:00, 0, 12.94095, 48.29629, 1, 1, 1, False
1228.076, 2021-07-05T16:07:36.3551060+08:00, 0, 12.94095, 48.29629, 1, 1, 1, False
1228.082, 2021-07-05T16:07:36.3608970+08:00, 0, 12.94095, 48.29629, 1, 1, 1, False
1228.088, 2021-07-05T16:07:36.3671750+08:00, 0, 12.94095, 48.29629, 1, 1, 1, False
1228.094, 2021-07-05T16:07:36.3734400+08:00, 0, 12.94095, 48.29629, 1, 1, 1, False
1228.1, 2021-07-05T16:07:36.3796960+08:00, 0, 12.94095, 48.29629, 1, 1, 1, False
1228.106, 2021-07-05T16:07:36.3855890+08:00, 0, 12.94095, 48.29629, 1, 1, 1, False
1228.113, 2021-07-05T16:07:36.3921760+08:00, 0, 12.94095, 48.29629, 1, 1, 1, False
1228.12, 2021-07-05T16:07:36.3997610+08:00, 0, 12.94095, 48.29629, 1, 1, 1, False
1228.129, 2021-07-05T16:07:36.4079810+08:00, 0, 12.94095, 48.29629, 1, 1, 1, False
1228.137, 2021-07-05T16:07:36.4159260+08:00, 0, 12.94095, 48.29629, 1, 1, 1, False
1228.145, 2021-07-05T16:07:36.4239910+08:00, 0, 12.94095, 48.29629, 1, 1, 1, False
1228.152, 2021-07-05T16:07:36.4310470+08:00, 0, 12.94095, 48.29629, 1, 1, 1, False
1228.156, 2021-07-05T16:07:36.4350270+08:00, 0, 12.94095, 48.29629, 1, 1, 1, False
1228.16, 2021-07-05T16:07:36.4389160+08:00, 0, 12.94095, 48.29629, 1, 1, 1, False
1228.163, 2021-07-05T16:07:36.4428400+08:00, 0, 12.94095, 48.29629, 1, 1, 1, False
1228.169, 2021-07-05T16:07:36.4484010+08:00, 0, 12.94095, 48.29629, 1, 1, 1, False
1228.176, 2021-07-05T16:07:36.4553800+08:00, 0, 12.94095, 48.29629, 1, 1, 1, False
1228.182, 2021-07-05T16:07:36.4609870+08:00, 0, 12.94095, 48.29629, 1, 1, 1, False
1228.188, 2021-07-05T16:07:36.4676110+08:00, 0, 12.94095, 48.29629, 1, 1, 1, False
1228.196, 2021-07-05T16:07:36.4754250+08:00, 0, 12.94095, 48.29629, 1, 1, 1, False
1228.205, 2021-07-05T16:07:36.4841090+08:00, 0, 12.94095, 48.29629, 1, 1, 1, False
1228.212, 2021-07-05T16:07:36.4914110+08:00, 0, 12.94095, 48.29629, 1, 1, 1, False
1228.22, 2021-07-05T16:07:36.4995820+08:00, 0, 12.94095, 48.29629, 1, 1, 1, False
1228.229, 2021-07-05T16:07:36.5079990+08:00, 0, 12.94095, 48.29629, 1, 1, 1, False
1228.237, 2021-07-05T16:07:36.5159480+08:00, 0, 12.94095, 48.29629, 1, 1, 1, False
1228.245, 2021-07-05T16:07:36.5240030+08:00, 0, 12.94095, 48.29629, 1, 1, 1, False
1228.252, 2021-07-05T16:07:36.5317730+08:00, 0, 12.94095, 48.29629, 1, 1, 1, False
1228.261, 2021-07-05T16:07:36.5400070+08:00, 0, 12.94095, 48.29629, 1, 1, 1, False
1228.269, 2021-07-05T16:07:36.5478150+08:00, 0, 12.94095, 48.29629, 1, 1, 1, False
1228.277, 2021-07-05T16:07:36.5560930+08:00, 0, 12.94095, 48.29629, 1, 1, 1, False
1228.287, 2021-07-05T16:07:36.5664570+08:00, 0, 12.94095, 48.29629, 1, 1, 1, False
1228.292, 2021-07-05T16:07:36.5712980+08:00, 0, 12.94095, 48.29629, 1, 1, 1, False
1228.296, 2021-07-05T16:07:36.5749370+08:00, 0, 12.94095, 48.29629, 1, 1, 1, False
1228.3, 2021-07-05T16:07:36.5790500+08:00, 0, 12.94095, 48.29629, 1, 1, 1, False
1228.304, 2021-07-05T16:07:36.5831900+08:00, 0, 12.94095, 48.29629, 1, 1, 1, False
1228.308, 2021-07-05T16:07:36.5868990+08:00, 0, 12.94095, 48.29629, 1, 1, 1, False
1228.312, 2021-07-05T16:07:36.5907300+08:00, 0, 12.94095, 48.29629, 1, 1, 1, False
1228.317, 2021-07-05T16:07:36.5958720+08:00, 0, 12.94095, 48.29629, 1, 1, 1, False
1228.323, 2021-07-05T16:07:36.6027450+08:00, 0, 12.94095, 48.29629, 1, 1, 1, False
1228.33, 2021-07-05T16:07:36.6090850+08:00, 0, 12.94095, 48.29629, 1, 1, 1, False
1228.336, 2021-07-05T16:07:36.6154170+08:00, 0, 12.94095, 48.29629, 1, 1, 1, False
1228.342, 2021-07-05T16:07:36.6214040+08:00, 0, 12.94095, 48.29629, 1, 1, 1, False
1228.349, 2021-07-05T16:07:36.6280140+08:00, 0, 12.94095, 48.29629, 1, 1, 1, False
1228.356, 2021-07-05T16:07:36.6351570+08:00, 0, 12.94095, 48.29629, 1, 1, 1, False
1228.361, 2021-07-05T16:07:36.6403680+08:00, 0, 12.94095, 48.29629, 1, 1, 1, False
1228.368, 2021-07-05T16:07:36.6472800+08:00, 0, 12.94095, 48.29629, 1, 1, 1, False
1228.373, 2021-07-05T16:07:36.6526180+08:00, 0, 12.94095, 48.29629, 1, 1, 1, False
1228.38, 2021-07-05T16:07:36.6593170+08:00, 0, 12.94095, 48.29629, 1, 1, 1, False
1228.386, 2021-07-05T16:07:36.6655270+08:00, 0, 12.94095, 48.29629, 1, 1, 1, False
1228.392, 2021-07-05T16:07:36.6713470+08:00, 0, 12.94095, 48.29629, 1, 1, 1, False
1228.399, 2021-07-05T16:07:36.6779710+08:00, 0, 12.94095, 48.29629, 1, 1, 1, False
1228.405, 2021-07-05T16:07:36.6844470+08:00, 0, 12.94095, 48.29629, 1, 1, 1, False
1228.412, 2021-07-05T16:07:36.6913490+08:00, 0, 12.94095, 48.29629, 1, 1, 1, False
1228.418, 2021-07-05T16:07:36.6970410+08:00, 0, 12.94095, 48.29629, 1, 1, 1, False
1228.424, 2021-07-05T16:07:36.7038010+08:00, 0, 12.94095, 48.29629, 1, 1, 1, False
1228.43, 2021-07-05T16:07:36.7096090+08:00, 0, 12.94095, 48.29629, 1, 1, 1, False
1228.437, 2021-07-05T16:07:36.7159320+08:00, 0, 12.94095, 48.29629, 1, 1, 1, False
1228.443, 2021-07-05T16:07:36.7227110+08:00, 0, 12.94095, 48.29629, 1, 1, 1, False
1228.449, 2021-07-05T16:07:36.7284320+08:00, 0, 12.94095, 48.29629, 1, 1, 1, False
1228.457, 2021-07-05T16:07:36.7357870+08:00, 0, 12.94095, 48.29629, 1, 1, 1, False
1228.462, 2021-07-05T16:07:36.7413780+08:00, 0, 12.94095, 48.29629, 1, 1, 1, False
1228.468, 2021-07-05T16:07:36.7474920+08:00, 0, 12.94095, 48.29629, 1, 1, 1, False
1228.475, 2021-07-05T16:07:36.7538760+08:00, 0, 12.94095, 48.29629, 1, 1, 1, False
1228.481, 2021-07-05T16:07:36.7601990+08:00, 0, 12.94095, 48.29629, 1, 1, 1, False
1228.488, 2021-07-05T16:07:36.7672660+08:00, 0, 12.94095, 48.29629, 1, 1, 1, False
1228.493, 2021-07-05T16:07:36.7725690+08:00, 0, 12.94095, 48.29629, 1, 1, 1, False
1228.5, 2021-07-05T16:07:36.7795250+08:00, 0, 12.94095, 48.29629, 1, 1, 1, False
1228.508, 2021-07-05T16:07:36.7872710+08:00, 0, 12.94095, 48.29629, 1, 1, 1, False
1228.512, 2021-07-05T16:07:36.7912200+08:00, 0, 12.94095, 48.29629, 1, 1, 1, False
1228.518, 2021-07-05T16:07:36.7976430+08:00, 0, 12.94095, 48.29629, 1, 1, 1, False
1228.524, 2021-07-05T16:07:36.8037320+08:00, 0, 12.94095, 48.29629, 1, 1, 1, False
1228.531, 2021-07-05T16:07:36.8101530+08:00, 0, 12.94095, 48.29629, 1, 1, 1, False
1228.537, 2021-07-05T16:07:36.8164050+08:00, 0, 12.94095, 48.29629, 1, 1, 1, False
1228.545, 2021-07-05T16:07:36.8240230+08:00, 0, 12.94095, 48.29629, 1, 1, 1, False
1228.552, 2021-07-05T16:07:36.8318090+08:00, 0, 12.94095, 48.29629, 1, 1, 1, False
1228.561, 2021-07-05T16:07:36.8401630+08:00, 0, 12.94095, 48.29629, 1, 1, 1, False
1228.568, 2021-07-05T16:07:36.8475550+08:00, 0, 12.94095, 48.29629, 1, 1, 1, False
1228.576, 2021-07-05T16:07:36.8551220+08:00, 0, 12.94095, 48.29629, 1, 1, 1, False
1228.58, 2021-07-05T16:07:36.8590890+08:00, 0, 12.94095, 48.29629, 1, 1, 1, False
1228.584, 2021-07-05T16:07:36.8630890+08:00, 0, 12.94095, 48.29629, 1, 1, 1, False
1228.588, 2021-07-05T16:07:36.8670140+08:00, 0, 12.94095, 48.29629, 1, 1, 1, False
1228.593, 2021-07-05T16:07:36.8724000+08:00, 0, 12.94095, 48.29629, 1, 1, 1, False
1228.6, 2021-07-05T16:07:36.8791060+08:00, 0, 12.94095, 48.29629, 1, 1, 1, False
1228.605, 2021-07-05T16:07:36.8840630+08:00, 0, 12.94095, 48.29629, 1, 1, 1, False
1228.612, 2021-07-05T16:07:36.8951710+08:00, 0, 12.94095, 48.29629, 1, 1, 1, False
1228.62, 2021-07-05T16:07:36.9018470+08:00, 0, 12.94095, 48.29629, 1, 1, 1, False
1228.628, 2021-07-05T16:07:36.9104660+08:00, 0, 12.94095, 48.29629, 1, 1, 1, False
1228.636, 2021-07-05T16:07:36.9191340+08:00, 0, 12.94095, 48.29629, 1, 1, 1, False
1228.644, 2021-07-05T16:07:36.9230460+08:00, 0, 12.94095, 48.29629, 1, 1, 1, False
1228.648, 2021-07-05T16:07:36.9271430+08:00, 0, 12.94095, 48.29629, 1, 1, 1, False
1228.651, 2021-07-05T16:07:36.9306750+08:00, 0, 12.94095, 48.29629, 1, 1, 1, False
1228.656, 2021-07-05T16:07:36.9352380+08:00, 0, 12.94095, 48.29629, 1, 1, 1, False
1228.662, 2021-07-05T16:07:36.9412770+08:00, 0, 12.94095, 48.29629, 1, 1, 1, False
1228.668, 2021-07-05T16:07:36.9477070+08:00, 0, 12.94095, 48.29629, 1, 1, 1, False
1228.675, 2021-07-05T16:07:36.9541140+08:00, 0, 12.94095, 48.29629, 1, 1, 1, False
1228.681, 2021-07-05T16:07:36.9598630+08:00, 0, 12.94095, 48.29629, 1, 1, 1, False
1228.688, 2021-07-05T16:07:36.9675290+08:00, 0, 12.94095, 48.29629, 1, 1, 1, False
1228.697, 2021-07-05T16:07:36.9762720+08:00, 0, 12.94095, 48.29629, 1, 1, 1, False
1228.704, 2021-07-05T16:07:36.9838290+08:00, 0, 12.94095, 48.29629, 1, 1, 1, False
1228.713, 2021-07-05T16:07:36.9921320+08:00, 0, 12.94095, 48.29629, 1, 1, 1, False
1228.72, 2021-07-05T16:07:36.9998200+08:00, 0, 12.94095, 48.29629, 1, 1, 1, False
1228.729, 2021-07-05T16:07:37.0081050+08:00, 0, 12.94095, 48.29629, 1, 1, 1, False
1228.737, 2021-07-05T16:07:37.0160140+08:00, 0, 12.94095, 48.29629, 1, 1, 1, False
1228.744, 2021-07-05T16:07:37.0233360+08:00, 0, 12.94095, 48.29629, 1, 1, 1, False
1228.748, 2021-07-05T16:07:37.0269110+08:00, 0, 12.94095, 48.29629, 1, 1, 1, False
1228.752, 2021-07-05T16:07:37.0309360+08:00, 0, 12.94095, 48.29629, 1, 1, 1, False
1228.756, 2021-07-05T16:07:37.0351370+08:00, 0, 12.94095, 48.29629, 1, 1, 1, False
1228.76, 2021-07-05T16:07:37.0392090+08:00, 0, 12.94095, 48.29629, 1, 1, 1, False
1228.764, 2021-07-05T16:07:37.0428870+08:00, 0, 12.94095, 48.29629, 1, 1, 1, False
1228.768, 2021-07-05T16:07:37.0471820+08:00, 0, 12.94095, 48.29629, 1, 1, 1, False
1228.774, 2021-07-05T16:07:37.0532460+08:00, 0, 12.94095, 48.29629, 1, 1, 1, False
1228.781, 2021-07-05T16:07:37.0597960+08:00, 0, 12.94095, 48.29629, 1, 1, 1, False
1228.787, 2021-07-05T16:07:37.0662570+08:00, 0, 12.94095, 48.29629, 1, 1, 1, False
1228.793, 2021-07-05T16:07:37.0720940+08:00, 0, 12.94095, 48.29629, 1, 1, 1, False
1228.8, 2021-07-05T16:07:37.0790070+08:00, 0, 12.94095, 48.29629, 1, 1, 1, False
1228.805, 2021-07-05T16:07:37.0846300+08:00, 0, 12.94095, 48.29629, 1, 1, 1, False
1228.813, 2021-07-05T16:07:37.0919290+08:00, 0, 12.94095, 48.29629, 1, 1, 1, False
1228.82, 2021-07-05T16:07:37.0993920+08:00, 0, 12.94095, 48.29629, 1, 1, 1, False
1228.829, 2021-07-05T16:07:37.1081000+08:00, 0, 12.94095, 48.29629, 1, 1, 1, False
1228.837, 2021-07-05T16:07:37.1159120+08:00, 0, 12.94095, 48.29629, 1, 1, 1, False
1228.844, 2021-07-05T16:07:37.1232230+08:00, 0, 12.94095, 48.29629, 1, 1, 1, False
1228.848, 2021-07-05T16:07:37.1268920+08:00, 0, 12.94095, 48.29629, 1, 1, 1, False
1228.851, 2021-07-05T16:07:37.1307280+08:00, 0, 12.94095, 48.29629, 1, 1, 1, False
1228.856, 2021-07-05T16:07:37.1350900+08:00, 0, 12.94095, 48.29629, 1, 1, 1, False
1228.862, 2021-07-05T16:07:37.1410360+08:00, 0, 12.94095, 48.29629, 1, 1, 1, False
1228.869, 2021-07-05T16:07:37.1478360+08:00, 0, 12.94095, 48.29629, 1, 1, 1, False
1228.874, 2021-07-05T16:07:37.1534500+08:00, 0, 12.94095, 48.29629, 1, 1, 1, False
1228.88, 2021-07-05T16:07:37.1595820+08:00, 0, 12.94095, 48.29629, 1, 1, 1, False
1228.887, 2021-07-05T16:07:37.1661750+08:00, 0, 12.94095, 48.29629, 1, 1, 1, False
1228.893, 2021-07-05T16:07:37.1724480+08:00, 0, 12.94095, 48.29629, 1, 1, 1, False
1228.9, 2021-07-05T16:07:37.1797640+08:00, 0, 12.94095, 48.29629, 1, 1, 1, False
1228.908, 2021-07-05T16:07:37.1872940+08:00, 0, 12.94095, 48.29629, 1, 1, 1, False
1228.912, 2021-07-05T16:07:37.1910080+08:00, 0, 12.94095, 48.29629, 1, 1, 1, False
1228.918, 2021-07-05T16:07:37.1969130+08:00, 0, 12.94095, 48.29629, 1, 1, 1, False
1228.924, 2021-07-05T16:07:37.2037880+08:00, 0, 12.94095, 48.29629, 1, 1, 1, False
1228.93, 2021-07-05T16:07:37.2093180+08:00, 0, 12.94095, 48.29629, 1, 1, 1, False
1228.936, 2021-07-05T16:07:37.2156960+08:00, 0, 12.94095, 48.29629, 1, 1, 1, False
1228.943, 2021-07-05T16:07:37.2223900+08:00, 0, 12.94095, 48.29629, 1, 1, 1, False
1228.949, 2021-07-05T16:07:37.2286140+08:00, 0, 12.94095, 48.29629, 1, 1, 1, False
1228.956, 2021-07-05T16:07:37.2353110+08:00, 0, 12.94095, 48.29629, 1, 1, 1, False
1228.962, 2021-07-05T16:07:37.2411500+08:00, 0, 12.94095, 48.29629, 1, 1, 1, False
1228.968, 2021-07-05T16:07:37.2478140+08:00, 0, 12.94095, 48.29629, 1, 1, 1, False
1228.976, 2021-07-05T16:07:37.2551340+08:00, 0, 12.94095, 48.29629, 1, 1, 1, False
1228.98, 2021-07-05T16:07:37.2596360+08:00, 0, 12.94095, 48.29629, 1, 1, 1, False
1228.987, 2021-07-05T16:07:37.2659080+08:00, 0, 12.94095, 48.29629, 1, 1, 1, False
1228.992, 2021-07-05T16:07:37.2717630+08:00, 0, 12.94095, 48.29629, 1, 1, 1, False
1228.999, 2021-07-05T16:07:37.2782540+08:00, 0, 12.94095, 48.29629, 1, 1, 1, False
1229.005, 2021-07-05T16:07:37.2846060+08:00, 0, 12.94095, 48.29629, 1, 1, 1, False
1229.012, 2021-07-05T16:07:37.2911160+08:00, 0, 12.94095, 48.29629, 1, 1, 1, False
1229.018, 2021-07-05T16:07:37.2968780+08:00, 0, 12.94095, 48.29629, 1, 1, 1, False
1229.024, 2021-07-05T16:07:37.3036650+08:00, 0, 12.94095, 48.29629, 1, 1, 1, False
1229.03, 2021-07-05T16:07:37.3096650+08:00, 0, 12.94095, 48.29629, 1, 1, 1, False
1229.037, 2021-07-05T16:07:37.3159210+08:00, 0, 12.94095, 48.29629, 1, 1, 1, False
1229.045, 2021-07-05T16:07:37.3241740+08:00, 0, 12.94095, 48.29629, 1, 1, 1, False
1229.053, 2021-07-05T16:07:37.3320260+08:00, 0, 12.94095, 48.29629, 1, 1, 1, False
1229.06, 2021-07-05T16:07:37.3397910+08:00, 0, 12.94095, 48.29629, 1, 1, 1, False
1229.068, 2021-07-05T16:07:37.3475270+08:00, 0, 12.94095, 48.29629, 1, 1, 1, False
1229.072, 2021-07-05T16:07:37.3509480+08:00, 0, 12.94095, 48.29629, 1, 1, 1, False
1229.087, 2021-07-05T16:07:37.3666540+08:00, 0, 12.94095, 48.29629, 1, 1, 1, False
1229.092, 2021-07-05T16:07:37.3711430+08:00, 0, 12.94095, 48.29629, 1, 1, 1, False
1229.096, 2021-07-05T16:07:37.3749120+08:00, 0, 12.94095, 48.29629, 1, 1, 1, False
1229.099, 2021-07-05T16:07:37.3787880+08:00, 0, 12.94095, 48.29629, 1, 1, 1, False
1229.104, 2021-07-05T16:07:37.3832300+08:00, 0, 12.94095, 48.29629, 1, 1, 1, False
1229.108, 2021-07-05T16:07:37.3870020+08:00, 0, 12.94095, 48.29629, 1, 1, 1, False
1229.112, 2021-07-05T16:07:37.3915330+08:00, 0, 12.94095, 48.29629, 1, 1, 1, False
1229.117, 2021-07-05T16:07:37.3960890+08:00, 0, 12.94095, 48.29629, 1, 1, 1, False
1229.124, 2021-07-05T16:07:37.4029850+08:00, 0, 12.94095, 48.29629, 1, 1, 1, False
1229.13, 2021-07-05T16:07:37.4092330+08:00, 0, 12.94095, 48.29629, 1, 1, 1, False
1229.136, 2021-07-05T16:07:37.4153290+08:00, 0, 12.94095, 48.29629, 1, 1, 1, False
1229.142, 2021-07-05T16:07:37.4216440+08:00, 0, 12.94095, 48.29629, 1, 1, 1, False
1229.149, 2021-07-05T16:07:37.4279060+08:00, 0, 12.94095, 48.29629, 1, 1, 1, False
1229.155, 2021-07-05T16:07:37.4338880+08:00, 0, 12.94095, 48.29629, 1, 1, 1, False
1229.161, 2021-07-05T16:07:37.4406040+08:00, 0, 12.94095, 48.29629, 1, 1, 1, False
1229.168, 2021-07-05T16:07:37.4471520+08:00, 0, 12.94095, 48.29629, 1, 1, 1, False
1229.174, 2021-07-05T16:07:37.4528340+08:00, 0, 12.94095, 48.29629, 1, 1, 1, False
1229.18, 2021-07-05T16:07:37.4592460+08:00, 0, 12.94095, 48.29629, 1, 1, 1, False
1229.186, 2021-07-05T16:07:37.4654850+08:00, 0, 12.94095, 48.29629, 1, 1, 1, False
1229.192, 2021-07-05T16:07:37.4712960+08:00, 0, 12.94095, 48.29629, 1, 1, 1, False
1229.199, 2021-07-05T16:07:37.4779320+08:00, 0, 12.94095, 48.29629, 1, 1, 1, False
1229.205, 2021-07-05T16:07:37.4843660+08:00, 0, 12.94095, 48.29629, 1, 1, 1, False
1229.213, 2021-07-05T16:07:37.4917780+08:00, 0, 12.94095, 48.29629, 1, 1, 1, False
1229.217, 2021-07-05T16:07:37.4967250+08:00, 0, 12.94095, 48.29629, 1, 1, 1, False
1229.224, 2021-07-05T16:07:37.5033520+08:00, 0, 12.94095, 48.29629, 1, 1, 1, False
1229.229, 2021-07-05T16:07:37.5088240+08:00, 0, 12.94095, 48.29629, 1, 1, 1, False
1229.236, 2021-07-05T16:07:37.5156760+08:00, 0, 12.94095, 48.29629, 1, 1, 1, False
1229.242, 2021-07-05T16:07:37.5213730+08:00, 0, 12.94095, 48.29629, 1, 1, 1, False
1229.248, 2021-07-05T16:07:37.5275810+08:00, 0, 12.94095, 48.29629, 1, 1, 1, False
1229.255, 2021-07-05T16:07:37.5340440+08:00, 0, 12.94095, 48.29629, 1, 1, 1, False
1229.261, 2021-07-05T16:07:37.5403900+08:00, 0, 12.94095, 48.29629, 1, 1, 1, False
1229.269, 2021-07-05T16:07:37.5479200+08:00, 0, 12.94095, 48.29629, 1, 1, 1, False
1229.277, 2021-07-05T16:07:37.5560510+08:00, 0, 12.94095, 48.29629, 1, 1, 1, False
1229.285, 2021-07-05T16:07:37.5639140+08:00, 0, 12.94095, 48.29629, 1, 1, 1, False
1229.292, 2021-07-05T16:07:37.5718370+08:00, 0, 12.94095, 48.29629, 1, 1, 1, False
1229.296, 2021-07-05T16:07:37.5751830+08:00, 0, 12.94095, 48.29629, 1, 1, 1, False
1229.3, 2021-07-05T16:07:37.5790930+08:00, 0, 12.94095, 48.29629, 1, 1, 1, False
1229.305, 2021-07-05T16:07:37.5842630+08:00, 0, 12.94095, 48.29629, 1, 1, 1, False
1229.312, 2021-07-05T16:07:37.5911970+08:00, 0, 12.94095, 48.29629, 1, 1, 1, False
1229.318, 2021-07-05T16:07:37.5969130+08:00, 0, 12.94095, 48.29629, 1, 1, 1, False
1229.324, 2021-07-05T16:07:37.6038290+08:00, 0, 12.94095, 48.29629, 1, 1, 1, False
1229.33, 2021-07-05T16:07:37.6090770+08:00, 0, 12.94095, 48.29629, 1, 1, 1, False
1229.337, 2021-07-05T16:07:37.6159190+08:00, 0, 12.94095, 48.29629, 1, 1, 1, False
1229.345, 2021-07-05T16:07:37.6239940+08:00, 0, 12.94095, 48.29629, 1, 1, 1, False
1229.353, 2021-07-05T16:07:37.6322570+08:00, 0, 12.94095, 48.29629, 1, 1, 1, False
1229.36, 2021-07-05T16:07:37.6394000+08:00, 0, 12.94095, 48.29629, 1, 1, 1, False
1229.364, 2021-07-05T16:07:37.6428370+08:00, 0, 12.94095, 48.29629, 1, 1, 1, False
1229.368, 2021-07-05T16:07:37.6472940+08:00, 0, 12.94095, 48.29629, 1, 1, 1, False
1229.375, 2021-07-05T16:07:37.6538590+08:00, 0, 12.94095, 48.29629, 1, 1, 1, False
1229.38, 2021-07-05T16:07:37.6596720+08:00, 0, 12.94095, 48.29629, 1, 1, 1, False
1229.387, 2021-07-05T16:07:37.6664200+08:00, 0, 12.94095, 48.29629, 1, 1, 1, False
1229.393, 2021-07-05T16:07:37.6726210+08:00, 0, 12.94095, 48.29629, 1, 1, 1, False
1229.4, 2021-07-05T16:07:37.6790240+08:00, 0, 12.94095, 48.29629, 1, 1, 1, False
1229.405, 2021-07-05T16:07:37.6846310+08:00, 0, 12.94095, 48.29629, 1, 1, 1, False
1229.412, 2021-07-05T16:07:37.6917070+08:00, 0, 12.94095, 48.29629, 1, 1, 1, False
1229.418, 2021-07-05T16:07:37.6971550+08:00, 0, 12.94095, 48.29629, 1, 1, 1, False
1229.424, 2021-07-05T16:07:37.7036830+08:00, 0, 12.94095, 48.29629, 1, 1, 1, False
1229.431, 2021-07-05T16:07:37.7099810+08:00, 0, 12.94095, 48.29629, 1, 1, 1, False
1229.437, 2021-07-05T16:07:37.7158630+08:00, 0, 12.94095, 48.29629, 1, 1, 1, False
1229.444, 2021-07-05T16:07:37.7238000+08:00, 0, 12.94095, 48.29629, 1, 1, 1, False
1229.449, 2021-07-05T16:07:37.7286920+08:00, 0, 12.94095, 48.29629, 1, 1, 1, False
1229.456, 2021-07-05T16:07:37.7352300+08:00, 0, 12.94095, 48.29629, 1, 1, 1, False
1229.462, 2021-07-05T16:07:37.7410230+08:00, 0, 12.94095, 48.29629, 1, 1, 1, False
1229.468, 2021-07-05T16:07:37.7475350+08:00, 0, 12.94095, 48.29629, 1, 1, 1, False
1229.474, 2021-07-05T16:07:37.7533580+08:00, 0, 12.94095, 48.29629, 1, 1, 1, False
1229.481, 2021-07-05T16:07:37.7599880+08:00, 0, 12.94095, 48.29629, 1, 1, 1, False
1229.489, 2021-07-05T16:07:37.7679820+08:00, 0, 12.94095, 48.29629, 1, 1, 1, False
1229.497, 2021-07-05T16:07:37.7760300+08:00, 0, 12.94095, 48.29629, 1, 1, 1, False
1229.505, 2021-07-05T16:07:37.7842660+08:00, 0, 12.94095, 48.29629, 1, 1, 1, False
1229.512, 2021-07-05T16:07:37.7914640+08:00, 0, 12.94095, 48.29629, 1, 1, 1, False
1229.516, 2021-07-05T16:07:37.7949230+08:00, 0, 12.94095, 48.29629, 1, 1, 1, False
1229.52, 2021-07-05T16:07:37.7990310+08:00, 0, 12.94095, 48.29629, 1, 1, 1, False
1229.524, 2021-07-05T16:07:37.8036700+08:00, 0, 12.94095, 48.29629, 1, 1, 1, False
1229.531, 2021-07-05T16:07:37.8098330+08:00, 0, 12.94095, 48.29629, 1, 1, 1, False
1229.536, 2021-07-05T16:07:37.8157030+08:00, 0, 12.94095, 48.29629, 1, 1, 1, False
1229.543, 2021-07-05T16:07:37.8223150+08:00, 0, 12.94095, 48.29629, 1, 1, 1, False
1229.549, 2021-07-05T16:07:37.8285290+08:00, 0, 12.94095, 48.29629, 1, 1, 1, False
1229.557, 2021-07-05T16:07:37.8358960+08:00, 0, 12.94095, 48.29629, 1, 1, 1, False
1229.562, 2021-07-05T16:07:37.8411380+08:00, 0, 12.94095, 48.29629, 1, 1, 1, False
1229.568, 2021-07-05T16:07:37.8475810+08:00, 0, 12.94095, 48.29629, 1, 1, 1, False
1229.574, 2021-07-05T16:07:37.8531640+08:00, 0, 12.94095, 48.29629, 1, 1, 1, False
1229.58, 2021-07-05T16:07:37.8597670+08:00, 0, 12.94095, 48.29629, 1, 1, 1, False
1229.587, 2021-07-05T16:07:37.8660250+08:00, 0, 12.94095, 48.29629, 1, 1, 1, False
1229.593, 2021-07-05T16:07:37.8718300+08:00, 0, 12.94095, 48.29629, 1, 1, 1, False
1229.599, 2021-07-05T16:07:37.8784860+08:00, 0, 12.94095, 48.29629, 1, 1, 1, False
1229.605, 2021-07-05T16:07:37.8848200+08:00, 0, 12.94095, 48.29629, 1, 1, 1, False
1229.612, 2021-07-05T16:07:37.8917140+08:00, 0, 12.94095, 48.29629, 1, 1, 1, False
1229.621, 2021-07-05T16:07:37.8999310+08:00, 0, 12.94095, 48.29629, 1, 1, 1, False
1229.629, 2021-07-05T16:07:37.9081930+08:00, 0, 12.94095, 48.29629, 1, 1, 1, False
1229.636, 2021-07-05T16:07:37.9158420+08:00, 0, 12.94095, 48.29629, 1, 1, 1, False
1229.644, 2021-07-05T16:07:37.9233230+08:00, 0, 12.94095, 48.29629, 1, 1, 1, False
1229.652, 2021-07-05T16:07:37.9384810+08:00, 0, 12.94095, 48.29629, 1, 1, 1, False
1229.664, 2021-07-05T16:07:37.9433250+08:00, 0, 12.94095, 48.29629, 1, 1, 1, False
1229.668, 2021-07-05T16:07:37.9471420+08:00, 0, 12.94095, 48.29629, 1, 1, 1, False
1229.672, 2021-07-05T16:07:37.9511280+08:00, 0, 12.94095, 48.29629, 1, 1, 1, False
1229.676, 2021-07-05T16:07:37.9549540+08:00, 0, 12.94095, 48.29629, 1, 1, 1, False
1229.68, 2021-07-05T16:07:37.9592740+08:00, 0, 12.94095, 48.29629, 1, 1, 1, False
1229.684, 2021-07-05T16:07:37.9630110+08:00, 0, 12.94095, 48.29629, 1, 1, 1, False
1229.688, 2021-07-05T16:07:37.9669480+08:00, 0, 12.94095, 48.29629, 1, 1, 1, False
1229.693, 2021-07-05T16:07:37.9719470+08:00, 0, 12.94095, 48.29629, 1, 1, 1, False
1229.699, 2021-07-05T16:07:37.9779490+08:00, 0, 12.94095, 48.29629, 1, 1, 1, False
1229.705, 2021-07-05T16:07:37.9846660+08:00, 0, 12.94095, 48.29629, 1, 1, 1, False
1229.712, 2021-07-05T16:07:37.9917100+08:00, 0, 12.94095, 48.29629, 1, 1, 1, False
1229.718, 2021-07-05T16:07:37.9968180+08:00, 0, 12.94095, 48.29629, 1, 1, 1, False
1229.724, 2021-07-05T16:07:38.0037120+08:00, 0, 12.94095, 48.29629, 1, 1, 1, False
1229.73, 2021-07-05T16:07:38.0093200+08:00, 0, 12.94095, 48.29629, 1, 1, 1, False
1229.736, 2021-07-05T16:07:38.0156830+08:00, 0, 12.94095, 48.29629, 1, 1, 1, False
1229.743, 2021-07-05T16:07:38.0222560+08:00, 0, 12.94095, 48.29629, 1, 1, 1, False
1229.749, 2021-07-05T16:07:38.0283890+08:00, 0, 12.94095, 48.29629, 1, 1, 1, False
1229.757, 2021-07-05T16:07:38.0358740+08:00, 0, 12.94095, 48.29629, 1, 1, 1, False
1229.764, 2021-07-05T16:07:38.0434810+08:00, 0, 12.94095, 48.29629, 1, 1, 1, False
1229.768, 2021-07-05T16:07:38.0471490+08:00, 0, 12.94095, 48.29629, 1, 1, 1, False
1229.774, 2021-07-05T16:07:38.0529720+08:00, 0, 12.94095, 48.29629, 1, 1, 1, False
1229.78, 2021-07-05T16:07:38.0596590+08:00, 0, 12.94095, 48.29629, 1, 1, 1, False
1229.787, 2021-07-05T16:07:38.0659880+08:00, 0, 12.94095, 48.29629, 1, 1, 1, False
1229.792, 2021-07-05T16:07:38.0717910+08:00, 0, 12.94095, 48.29629, 1, 1, 1, False
1229.799, 2021-07-05T16:07:38.0784870+08:00, 0, 12.94095, 48.29629, 1, 1, 1, False
1229.805, 2021-07-05T16:07:38.0847360+08:00, 0, 12.94095, 48.29629, 1, 1, 1, False
1229.812, 2021-07-05T16:07:38.0916070+08:00, 0, 12.94095, 48.29629, 1, 1, 1, False
1229.821, 2021-07-05T16:07:38.0998730+08:00, 0, 12.94095, 48.29629, 1, 1, 1, False
1229.828, 2021-07-05T16:07:38.1076810+08:00, 0, 12.94095, 48.29629, 1, 1, 1, False
1229.837, 2021-07-05T16:07:38.1159130+08:00, 0, 12.94095, 48.29629, 1, 1, 1, False
1229.844, 2021-07-05T16:07:38.1233280+08:00, 0, 12.94095, 48.29629, 1, 1, 1, False
1229.848, 2021-07-05T16:07:38.1268620+08:00, 0, 12.94095, 48.29629, 1, 1, 1, False
1229.852, 2021-07-05T16:07:38.1309140+08:00, 0, 12.94095, 48.29629, 1, 1, 1, False
1229.856, 2021-07-05T16:07:38.1349810+08:00, 0, 12.94095, 48.29629, 1, 1, 1, False
1229.861, 2021-07-05T16:07:38.1403410+08:00, 0, 12.94095, 48.29629, 1, 1, 1, False
1229.868, 2021-07-05T16:07:38.1470960+08:00, 0, 12.94095, 48.29629, 1, 1, 1, False
1229.874, 2021-07-05T16:07:38.1532760+08:00, 0, 12.94095, 48.29629, 1, 1, 1, False
1229.88, 2021-07-05T16:07:38.1596590+08:00, 0, 12.94095, 48.29629, 1, 1, 1, False
1229.886, 2021-07-05T16:07:38.1657040+08:00, 0, 12.94095, 48.29629, 1, 1, 1, False
1229.893, 2021-07-05T16:07:38.1720910+08:00, 0, 12.94095, 48.29629, 1, 1, 1, False
1229.899, 2021-07-05T16:07:38.1780860+08:00, 0, 12.94095, 48.29629, 1, 1, 1, False
1229.905, 2021-07-05T16:07:38.1848050+08:00, 0, 12.94095, 48.29629, 1, 1, 1, False
1229.913, 2021-07-05T16:07:38.1919530+08:00, 0, 12.94095, 48.29629, 1, 1, 1, False
1229.921, 2021-07-05T16:07:38.1999910+08:00, 0, 12.94095, 48.29629, 1, 1, 1, False
1229.929, 2021-07-05T16:07:38.2081080+08:00, 0, 12.94095, 48.29629, 1, 1, 1, False
1229.937, 2021-07-05T16:07:38.2158750+08:00, 0, 12.94095, 48.29629, 1, 1, 1, False
1229.945, 2021-07-05T16:07:38.2239440+08:00, 0, 12.94095, 48.29629, 1, 1, 1, False
1229.953, 2021-07-05T16:07:38.2320880+08:00, 0, 12.94095, 48.29629, 1, 1, 1, False
1229.96, 2021-07-05T16:07:38.2395860+08:00, 0, 12.94095, 48.29629, 1, 1, 1, False
1229.968, 2021-07-05T16:07:38.2474020+08:00, 0, 12.94095, 48.29629, 1, 1, 1, False
1229.977, 2021-07-05T16:07:38.2561730+08:00, 0, 12.94095, 48.29629, 1, 1, 1, False
1229.984, 2021-07-05T16:07:38.2638360+08:00, 0, 12.94095, 48.29629, 1, 1, 1, False
1229.992, 2021-07-05T16:07:38.2713890+08:00, 0, 12.94095, 48.29629, 1, 1, 1, False
1230.002, 2021-07-05T16:07:38.2813390+08:00, 0, 12.94095, 48.29629, 1, 1, 1, False
1230.008, 2021-07-05T16:07:38.2872980+08:00, 0, 12.94095, 48.29629, 1, 1, 1, False
1230.012, 2021-07-05T16:07:38.2911510+08:00, 0, 12.94095, 48.29629, 1, 1, 1, False
1230.016, 2021-07-05T16:07:38.2949500+08:00, 0, 12.94095, 48.29629, 1, 1, 1, False
1230.02, 2021-07-05T16:07:38.2989430+08:00, 0, 12.94095, 48.29629, 1, 1, 1, False
1230.024, 2021-07-05T16:07:38.3031990+08:00, 0, 12.94095, 48.29629, 1, 1, 1, False
1230.028, 2021-07-05T16:07:38.3068030+08:00, 0, 12.94095, 48.29629, 1, 1, 1, False
1230.032, 2021-07-05T16:07:38.3111840+08:00, 0, 12.94095, 48.29629, 1, 1, 1, False
1230.038, 2021-07-05T16:07:38.3169820+08:00, 0, 12.94095, 48.29629, 1, 1, 1, False
1230.044, 2021-07-05T16:07:38.3238010+08:00, 0, 12.94095, 48.29629, 1, 1, 1, False
1230.051, 2021-07-05T16:07:38.3298810+08:00, 0, 12.94095, 48.29629, 1, 1, 1, False
1230.056, 2021-07-05T16:07:38.3355910+08:00, 0, 12.94095, 48.29629, 1, 1, 1, False
1230.064, 2021-07-05T16:07:38.3432170+08:00, 0, 12.94095, 48.29629, 1, 1, 1, False
1230.069, 2021-07-05T16:07:38.3486550+08:00, 0, 12.94095, 48.29629, 1, 1, 1, False
1230.076, 2021-07-05T16:07:38.3552390+08:00, 0, 12.94095, 48.29629, 1, 1, 1, False
1230.082, 2021-07-05T16:07:38.3610110+08:00, 0, 12.94095, 48.29629, 1, 1, 1, False
1230.088, 2021-07-05T16:07:38.3676960+08:00, 0, 12.94095, 48.29629, 1, 1, 1, False
1230.095, 2021-07-05T16:07:38.3739390+08:00, 0, 12.94095, 48.29629, 1, 1, 1, False
1230.101, 2021-07-05T16:07:38.3802330+08:00, 0, 12.94095, 48.29629, 1, 1, 1, False
1230.108, 2021-07-05T16:07:38.3872440+08:00, 0, 12.94095, 48.29629, 1, 1, 1, False
1230.113, 2021-07-05T16:07:38.3923800+08:00, 0, 12.94095, 48.29629, 1, 1, 1, False
1230.12, 2021-07-05T16:07:38.3990490+08:00, 0, 12.94095, 48.29629, 1, 1, 1, False
1230.125, 2021-07-05T16:07:38.4048200+08:00, 0, 12.94095, 48.29629, 1, 1, 1, False
1230.133, 2021-07-05T16:07:38.4119110+08:00, 0, 12.94095, 48.29629, 1, 1, 1, False
1230.138, 2021-07-05T16:07:38.4171440+08:00, 0, 12.94095, 48.29629, 1, 1, 1, False
1230.144, 2021-07-05T16:07:38.4236470+08:00, 0, 12.94095, 48.29629, 1, 1, 1, False
1230.15, 2021-07-05T16:07:38.4292030+08:00, 0, 12.94095, 48.29629, 1, 1, 1, False
1230.156, 2021-07-05T16:07:38.4357550+08:00, 0, 12.94095, 48.29629, 1, 1, 1, False
1230.164, 2021-07-05T16:07:38.4430370+08:00, 0, 12.94095, 48.29629, 1, 1, 1, False
1230.169, 2021-07-05T16:07:38.4484310+08:00, 0, 12.94095, 48.29629, 1, 1, 1, False
1230.176, 2021-07-05T16:07:38.4550260+08:00, 0, 12.94095, 48.29629, 1, 1, 1, False
1230.182, 2021-07-05T16:07:38.4610800+08:00, 0, 12.94095, 48.29629, 1, 1, 1, False
1230.188, 2021-07-05T16:07:38.4673090+08:00, 0, 12.94095, 48.29629, 1, 1, 1, False
1230.194, 2021-07-05T16:07:38.4735860+08:00, 0, 12.94095, 48.29629, 1, 1, 1, False
1230.201, 2021-07-05T16:07:38.4798680+08:00, 0, 12.94095, 48.29629, 1, 1, 1, False
1230.207, 2021-07-05T16:07:38.4859570+08:00, 0, 12.94095, 48.29629, 1, 1, 1, False
1230.213, 2021-07-05T16:07:38.4922650+08:00, 0, 12.94095, 48.29629, 1, 1, 1, False
1230.22, 2021-07-05T16:07:38.4995760+08:00, 0, 12.94095, 48.29629, 1, 1, 1, False
1230.229, 2021-07-05T16:07:38.5078280+08:00, 0, 12.94095, 48.29629, 1, 1, 1, False
1230.237, 2021-07-05T16:07:38.5161930+08:00, 0, 12.94095, 48.29629, 1, 1, 1, False
1230.245, 2021-07-05T16:07:38.5239640+08:00, 0, 12.94095, 48.29629, 1, 1, 1, False
1230.252, 2021-07-05T16:07:38.5318090+08:00, 0, 12.94095, 48.29629, 1, 1, 1, False
1230.261, 2021-07-05T16:07:38.5399450+08:00, 0, 12.94095, 48.29629, 1, 1, 1, False
1230.269, 2021-07-05T16:07:38.5481080+08:00, 0, 12.94095, 48.29629, 1, 1, 1, False
1230.277, 2021-07-05T16:07:38.5559450+08:00, 0, 12.94095, 48.29629, 1, 1, 1, False
1230.285, 2021-07-05T16:07:38.5642750+08:00, 0, 12.94095, 48.29629, 1, 1, 1, False
1230.292, 2021-07-05T16:07:38.5712150+08:00, 0, 12.94095, 48.29629, 1, 1, 1, False
1230.296, 2021-07-05T16:07:38.5749800+08:00, 0, 12.94095, 48.29629, 1, 1, 1, False
1230.3, 2021-07-05T16:07:38.5791080+08:00, 0, 12.94095, 48.29629, 1, 1, 1, False
1230.304, 2021-07-05T16:07:38.5831020+08:00, 0, 12.94095, 48.29629, 1, 1, 1, False
1230.308, 2021-07-05T16:07:38.5869480+08:00, 0, 12.94095, 48.29629, 1, 1, 1, False
1230.312, 2021-07-05T16:07:38.5916580+08:00, 0, 12.94095, 48.29629, 1, 1, 1, False
1230.315, 2021-07-05T16:07:38.5946230+08:00, 0, 12.94095, 48.29629, 1, 1, 1, False
1230.32, 2021-07-05T16:07:38.5988160+08:00, 0, 12.94095, 48.29629, 1, 1, 1, False
1230.325, 2021-07-05T16:07:38.6046860+08:00, 0, 12.94095, 48.29629, 1, 1, 1, False
1230.332, 2021-07-05T16:07:38.6117940+08:00, 0, 12.94095, 48.29629, 1, 1, 1, False
1230.338, 2021-07-05T16:07:38.6173700+08:00, 0, 12.94095, 48.29629, 1, 1, 1, False
1230.344, 2021-07-05T16:07:38.6236230+08:00, 0, 12.94095, 48.29629, 1, 1, 1, False
1230.35, 2021-07-05T16:07:38.6295000+08:00, 0, 12.94095, 48.29629, 1, 1, 1, False
1230.357, 2021-07-05T16:07:38.6361510+08:00, 0, 12.94095, 48.29629, 1, 1, 1, False
1230.364, 2021-07-05T16:07:38.6432860+08:00, 0, 12.94095, 48.29629, 1, 1, 1, False
1230.369, 2021-07-05T16:07:38.6485880+08:00, 0, 12.94095, 48.29629, 1, 1, 1, False
1230.376, 2021-07-05T16:07:38.6555270+08:00, 0, 12.94095, 48.29629, 1, 1, 1, False
1230.381, 2021-07-05T16:07:38.6607910+08:00, 0, 12.94095, 48.29629, 1, 1, 1, False
1230.388, 2021-07-05T16:07:38.6677350+08:00, 0, 12.94095, 48.29629, 1, 1, 1, False
1230.396, 2021-07-05T16:07:38.6751680+08:00, 0, 12.94095, 48.29629, 1, 1, 1, False
1230.4, 2021-07-05T16:07:38.6796740+08:00, 0, 12.94095, 48.29629, 1, 1, 1, False
1230.407, 2021-07-05T16:07:38.6862040+08:00, 0, 12.94095, 48.29629, 1, 1, 1, False
1230.413, 2021-07-05T16:07:38.6925560+08:00, 0, 12.94095, 48.29629, 1, 1, 1, False
1230.42, 2021-07-05T16:07:38.6990370+08:00, 0, 12.94095, 48.29629, 1, 1, 1, False
1230.425, 2021-07-05T16:07:38.7046940+08:00, 0, 12.94095, 48.29629, 1, 1, 1, False
1230.432, 2021-07-05T16:07:38.7118440+08:00, 0, 12.94095, 48.29629, 1, 1, 1, False
1230.441, 2021-07-05T16:07:38.7205260+08:00, 0, 12.94095, 48.29629, 1, 1, 1, False
1230.448, 2021-07-05T16:07:38.7277450+08:00, 0, 12.94095, 48.29629, 1, 1, 1, False
1230.457, 2021-07-05T16:07:38.7361670+08:00, 0, 12.94095, 48.29629, 1, 1, 1, False
1230.464, 2021-07-05T16:07:38.7431370+08:00, 0, 12.94095, 48.29629, 1, 1, 1, False
1230.468, 2021-07-05T16:07:38.7467840+08:00, 0, 12.94095, 48.29629, 1, 1, 1, False
1230.472, 2021-07-05T16:07:38.7510670+08:00, 0, 12.94095, 48.29629, 1, 1, 1, False
1230.476, 2021-07-05T16:07:38.7550400+08:00, 0, 12.94095, 48.29629, 1, 1, 1, False
1230.482, 2021-07-05T16:07:38.7609820+08:00, 0, 12.94095, 48.29629, 1, 1, 1, False
1230.488, 2021-07-05T16:07:38.7676570+08:00, 0, 12.94095, 48.29629, 1, 1, 1, False
1230.496, 2021-07-05T16:07:38.7752510+08:00, 0, 12.94095, 48.29629, 1, 1, 1, False
1230.501, 2021-07-05T16:07:38.7800190+08:00, 0, 12.94095, 48.29629, 1, 1, 1, False
1230.508, 2021-07-05T16:07:38.7872280+08:00, 0, 12.94095, 48.29629, 1, 1, 1, False
1230.513, 2021-07-05T16:07:38.7924900+08:00, 0, 12.94095, 48.29629, 1, 1, 1, False
1230.521, 2021-07-05T16:07:38.7999710+08:00, 0, 12.94095, 48.29629, 1, 1, 1, False
1230.529, 2021-07-05T16:07:38.8081530+08:00, 0, 12.94095, 48.29629, 1, 1, 1, False
1230.536, 2021-07-05T16:07:38.8158910+08:00, 0, 12.94095, 48.29629, 1, 1, 1, False
1230.545, 2021-07-05T16:07:38.8240120+08:00, 0, 12.94095, 48.29629, 1, 1, 1, False
1230.552, 2021-07-05T16:07:38.8311370+08:00, 0, 12.94095, 48.29629, 1, 1, 1, False
1230.556, 2021-07-05T16:07:38.8349280+08:00, 0, 12.94095, 48.29629, 1, 1, 1, False
1230.56, 2021-07-05T16:07:38.8389810+08:00, 0, 12.94095, 48.29629, 1, 1, 1, False
1230.564, 2021-07-05T16:07:38.8429980+08:00, 0, 12.94095, 48.29629, 1, 1, 1, False
1230.569, 2021-07-05T16:07:38.8482720+08:00, 0, 12.94095, 48.29629, 1, 1, 1, False
1230.576, 2021-07-05T16:07:38.8550450+08:00, 0, 12.94095, 48.29629, 1, 1, 1, False
1230.582, 2021-07-05T16:07:38.8609340+08:00, 0, 12.94095, 48.29629, 1, 1, 1, False
1230.588, 2021-07-05T16:07:38.8675800+08:00, 0, 12.94095, 48.29629, 1, 1, 1, False
1230.594, 2021-07-05T16:07:38.8731110+08:00, 0, 12.94095, 48.29629, 1, 1, 1, False
1230.6, 2021-07-05T16:07:38.8799090+08:00, 0, 12.94095, 48.29629, 1, 1, 1, False
1230.608, 2021-07-05T16:07:38.8871900+08:00, 0, 12.94095, 48.29629, 1, 1, 1, False
1230.612, 2021-07-05T16:07:38.8917360+08:00, 0, 12.94095, 48.29629, 1, 1, 1, False
1230.62, 2021-07-05T16:07:38.8995000+08:00, 0, 12.94095, 48.29629, 1, 1, 1, False
1230.625, 2021-07-05T16:07:38.9046520+08:00, 0, 12.94095, 48.29629, 1, 1, 1, False
1230.632, 2021-07-05T16:07:38.9110890+08:00, 0, 12.94095, 48.29629, 1, 1, 1, False
1230.638, 2021-07-05T16:07:38.9168370+08:00, 0, 12.94095, 48.29629, 1, 1, 1, False
1230.644, 2021-07-05T16:07:38.9234230+08:00, 0, 12.94095, 48.29629, 1, 1, 1, False
1230.65, 2021-07-05T16:07:38.9290340+08:00, 0, 12.94095, 48.29629, 1, 1, 1, False
1230.656, 2021-07-05T16:07:38.9356670+08:00, 0, 12.94095, 48.29629, 1, 1, 1, False
1230.663, 2021-07-05T16:07:38.9419500+08:00, 0, 12.94095, 48.29629, 1, 1, 1, False
1230.669, 2021-07-05T16:07:38.9478710+08:00, 0, 12.94095, 48.29629, 1, 1, 1, False
1230.676, 2021-07-05T16:07:38.9554330+08:00, 0, 12.94095, 48.29629, 1, 1, 1, False
1230.684, 2021-07-05T16:07:38.9690150+08:00, 0, 12.94095, 48.29629, 1, 1, 1, False
1230.696, 2021-07-05T16:07:38.9750690+08:00, 0, 12.94095, 48.29629, 1, 1, 1, False
1230.7, 2021-07-05T16:07:38.9792670+08:00, 0, 12.94095, 48.29629, 1, 1, 1, False
1230.704, 2021-07-05T16:07:38.9831370+08:00, 0, 12.94095, 48.29629, 1, 1, 1, False
1230.708, 2021-07-05T16:07:38.9868910+08:00, 0, 12.94095, 48.29629, 1, 1, 1, False
1230.713, 2021-07-05T16:07:38.9918150+08:00, 0, 12.94095, 48.29629, 1, 1, 1, False
1230.719, 2021-07-05T16:07:38.9983880+08:00, 0, 12.94095, 48.29629, 1, 1, 1, False
1230.725, 2021-07-05T16:07:39.0045760+08:00, 0, 12.94095, 48.29629, 1, 1, 1, False
1230.732, 2021-07-05T16:07:39.0111760+08:00, 0, 12.94095, 48.29629, 1, 1, 1, False
1230.737, 2021-07-05T16:07:39.0167310+08:00, 0, 12.94095, 48.29629, 1, 1, 1, False
1230.745, 2021-07-05T16:07:39.0238860+08:00, 0, 12.94095, 48.29629, 1, 1, 1, False
1230.75, 2021-07-05T16:07:39.0292700+08:00, 0, 12.94095, 48.29629, 1, 1, 1, False
1230.756, 2021-07-05T16:07:39.0358100+08:00, 0, 12.94095, 48.29629, 1, 1, 1, False
1230.764, 2021-07-05T16:07:39.0431440+08:00, 0, 12.94095, 48.29629, 1, 1, 1, False
1230.769, 2021-07-05T16:07:39.0484110+08:00, 0, 12.94095, 48.29629, 1, 1, 1, False
1230.776, 2021-07-05T16:07:39.0555880+08:00, 0, 12.94095, 48.29629, 1, 1, 1, False
1230.781, 2021-07-05T16:07:39.0605950+08:00, 0, 12.94095, 48.29629, 1, 1, 1, False
1230.788, 2021-07-05T16:07:39.0671450+08:00, 0, 12.94095, 48.29629, 1, 1, 1, False
1230.793, 2021-07-05T16:07:39.0728050+08:00, 0, 12.94095, 48.29629, 1, 1, 1, False
1230.8, 2021-07-05T16:07:39.0797370+08:00, 0, 12.94095, 48.29629, 1, 1, 1, False
1230.806, 2021-07-05T16:07:39.0852030+08:00, 0, 12.94095, 48.29629, 1, 1, 1, False
1230.813, 2021-07-05T16:07:39.0918590+08:00, 0, 12.94095, 48.29629, 1, 1, 1, False
1230.821, 2021-07-05T16:07:39.1000150+08:00, 0, 12.94095, 48.29629, 1, 1, 1, False
1230.829, 2021-07-05T16:07:39.1079680+08:00, 0, 12.94095, 48.29629, 1, 1, 1, False
1230.836, 2021-07-05T16:07:39.1158080+08:00, 0, 12.94095, 48.29629, 1, 1, 1, False
1230.844, 2021-07-05T16:07:39.1230770+08:00, 0, 12.94095, 48.29629, 1, 1, 1, False
1230.848, 2021-07-05T16:07:39.1270300+08:00, 0, 12.94095, 48.29629, 1, 1, 1, False
1230.852, 2021-07-05T16:07:39.1309860+08:00, 0, 12.94095, 48.29629, 1, 1, 1, False
1230.856, 2021-07-05T16:07:39.1355400+08:00, 0, 12.94095, 48.29629, 1, 1, 1, False
1230.863, 2021-07-05T16:07:39.1423800+08:00, 0, 12.94095, 48.29629, 1, 1, 1, False
1230.869, 2021-07-05T16:07:39.1485020+08:00, 0, 12.94095, 48.29629, 1, 1, 1, False
1230.876, 2021-07-05T16:07:39.1552360+08:00, 0, 12.94095, 48.29629, 1, 1, 1, False
1230.881, 2021-07-05T16:07:39.1608750+08:00, 0, 12.94095, 48.29629, 1, 1, 1, False
1230.888, 2021-07-05T16:07:39.1677350+08:00, 0, 12.94095, 48.29629, 1, 1, 1, False
1230.896, 2021-07-05T16:07:39.1753010+08:00, 0, 12.94095, 48.29629, 1, 1, 1, False
1230.9, 2021-07-05T16:07:39.1796370+08:00, 0, 12.94095, 48.29629, 1, 1, 1, False
1230.906, 2021-07-05T16:07:39.1858190+08:00, 0, 12.94095, 48.29629, 1, 1, 1, False
1230.912, 2021-07-05T16:07:39.1916840+08:00, 0, 12.94095, 48.29629, 1, 1, 1, False
1230.919, 2021-07-05T16:07:39.1983750+08:00, 0, 12.94095, 48.29629, 1, 1, 1, False
1230.925, 2021-07-05T16:07:39.2044980+08:00, 0, 12.94095, 48.29629, 1, 1, 1, False
1230.932, 2021-07-05T16:07:39.2112950+08:00, 0, 12.94095, 48.29629, 1, 1, 1, False
1230.938, 2021-07-05T16:07:39.2168740+08:00, 0, 12.94095, 48.29629, 1, 1, 1, False
1230.944, 2021-07-05T16:07:39.2237730+08:00, 0, 12.94095, 48.29629, 1, 1, 1, False
1230.95, 2021-07-05T16:07:39.2289460+08:00, 0, 12.94095, 48.29629, 1, 1, 1, False
1230.956, 2021-07-05T16:07:39.2356520+08:00, 0, 12.94095, 48.29629, 1, 1, 1, False
1230.963, 2021-07-05T16:07:39.2418570+08:00, 0, 12.94095, 48.29629, 1, 1, 1, False
1230.969, 2021-07-05T16:07:39.2479330+08:00, 0, 12.94095, 48.29629, 1, 1, 1, False
1230.976, 2021-07-05T16:07:39.2554770+08:00, 0, 12.94095, 48.29629, 1, 1, 1, False
1230.981, 2021-07-05T16:07:39.2605880+08:00, 0, 12.94095, 48.29629, 1, 1, 1, False
1230.988, 2021-07-05T16:07:39.2675540+08:00, 0, 12.94095, 48.29629, 1, 1, 1, False
1230.994, 2021-07-05T16:07:39.2733280+08:00, 0, 12.94095, 48.29629, 1, 1, 1, False
1231, 2021-07-05T16:07:39.2796560+08:00, 0, 12.94095, 48.29629, 1, 1, 1, False
1231.006, 2021-07-05T16:07:39.2855350+08:00, 0, 12.94095, 48.29629, 1, 1, 1, False
1231.013, 2021-07-05T16:07:39.2920980+08:00, 0, 12.94095, 48.29629, 1, 1, 1, False
1231.021, 2021-07-05T16:07:39.2999830+08:00, 0, 12.94095, 48.29629, 1, 1, 1, False
1231.029, 2021-07-05T16:07:39.3082860+08:00, 0, 12.94095, 48.29629, 1, 1, 1, False
1231.036, 2021-07-05T16:07:39.3158750+08:00, 0, 12.94095, 48.29629, 1, 1, 1, False
1231.045, 2021-07-05T16:07:39.3238750+08:00, 0, 12.94095, 48.29629, 1, 1, 1, False
1231.053, 2021-07-05T16:07:39.3320370+08:00, 0, 12.94095, 48.29629, 1, 1, 1, False
1231.06, 2021-07-05T16:07:39.3395150+08:00, 0, 12.94095, 48.29629, 1, 1, 1, False
1231.064, 2021-07-05T16:07:39.3431250+08:00, 0, 12.94095, 48.29629, 1, 1, 1, False
1231.068, 2021-07-05T16:07:39.3470560+08:00, 0, 12.94095, 48.29629, 1, 1, 1, False
1231.072, 2021-07-05T16:07:39.3508340+08:00, 0, 12.94095, 48.29629, 1, 1, 1, False
1231.096, 2021-07-05T16:07:39.3752070+08:00, 0, 12.94095, 48.29629, 1, 1, 1, False
1231.105, 2021-07-05T16:07:39.3842910+08:00, 0, 12.94095, 48.29629, 1, 1, 1, False
1231.113, 2021-07-05T16:07:39.3919100+08:00, 0, 12.94095, 48.29629, 1, 1, 1, False
1231.121, 2021-07-05T16:07:39.4001140+08:00, 0, 12.94095, 48.29629, 1, 1, 1, False
1231.129, 2021-07-05T16:07:39.4078720+08:00, 0, 12.94095, 48.29629, 1, 1, 1, False
1231.137, 2021-07-05T16:07:39.4159030+08:00, 0, 12.94095, 48.29629, 1, 1, 1, False
1231.145, 2021-07-05T16:07:39.4240650+08:00, 0, 12.94095, 48.29629, 1, 1, 1, False
1231.155, 2021-07-05T16:07:39.4338760+08:00, 0, 12.94095, 48.29629, 1, 1, 1, False
1231.16, 2021-07-05T16:07:39.4393540+08:00, 0, 12.94095, 48.29629, 1, 1, 1, False
1231.164, 2021-07-05T16:07:39.4429660+08:00, 0, 12.94095, 48.29629, 1, 1, 1, False
1231.168, 2021-07-05T16:07:39.4470490+08:00, 0, 12.94095, 48.29629, 1, 1, 1, False
1231.172, 2021-07-05T16:07:39.4512400+08:00, 0, 12.94095, 48.29629, 1, 1, 1, False
1231.176, 2021-07-05T16:07:39.4551600+08:00, 0, 12.94095, 48.29629, 1, 1, 1, False
1231.18, 2021-07-05T16:07:39.4588640+08:00, 0, 12.94095, 48.29629, 1, 1, 1, False
1231.184, 2021-07-05T16:07:39.4635380+08:00, 0, 12.94095, 48.29629, 1, 1, 1, False
1231.19, 2021-07-05T16:07:39.4698330+08:00, 0, 12.94095, 48.29629, 1, 1, 1, False
1231.197, 2021-07-05T16:07:39.4763600+08:00, 0, 12.94095, 48.29629, 1, 1, 1, False
1231.204, 2021-07-05T16:07:39.4833800+08:00, 0, 12.94095, 48.29629, 1, 1, 1, False
1231.209, 2021-07-05T16:07:39.4887540+08:00, 0, 12.94095, 48.29629, 1, 1, 1, False
1231.216, 2021-07-05T16:07:39.4954090+08:00, 0, 12.94095, 48.29629, 1, 1, 1, False
1231.225, 2021-07-05T16:07:39.5040140+08:00, 0, 12.94095, 48.29629, 1, 1, 1, False
1231.233, 2021-07-05T16:07:39.5120740+08:00, 0, 12.94095, 48.29629, 1, 1, 1, False
1231.24, 2021-07-05T16:07:39.5196460+08:00, 0, 12.94095, 48.29629, 1, 1, 1, False
1231.248, 2021-07-05T16:07:39.5275830+08:00, 0, 12.94095, 48.29629, 1, 1, 1, False
1231.252, 2021-07-05T16:07:39.5310180+08:00, 0, 12.94095, 48.29629, 1, 1, 1, False
1231.256, 2021-07-05T16:07:39.5350270+08:00, 0, 12.94095, 48.29629, 1, 1, 1, False
1231.26, 2021-07-05T16:07:39.5393720+08:00, 0, 12.94095, 48.29629, 1, 1, 1, False
1231.266, 2021-07-05T16:07:39.5456640+08:00, 0, 12.94095, 48.29629, 1, 1, 1, False
1231.272, 2021-07-05T16:07:39.5518140+08:00, 0, 12.94095, 48.29629, 1, 1, 1, False
1231.279, 2021-07-05T16:07:39.5581740+08:00, 0, 12.94095, 48.29629, 1, 1, 1, False
1231.285, 2021-07-05T16:07:39.5645310+08:00, 0, 12.94095, 48.29629, 1, 1, 1, False
1231.292, 2021-07-05T16:07:39.5714020+08:00, 0, 12.94095, 48.29629, 1, 1, 1, False
1231.3, 2021-07-05T16:07:39.5792570+08:00, 0, 12.94095, 48.29629, 1, 1, 1, False
1231.304, 2021-07-05T16:07:39.5832320+08:00, 0, 12.94095, 48.29629, 1, 1, 1, False
1231.31, 2021-07-05T16:07:39.5892170+08:00, 0, 12.94095, 48.29629, 1, 1, 1, False
1231.316, 2021-07-05T16:07:39.5957410+08:00, 0, 12.94095, 48.29629, 1, 1, 1, False
1231.323, 2021-07-05T16:07:39.6020780+08:00, 0, 12.94095, 48.29629, 1, 1, 1, False
1231.328, 2021-07-05T16:07:39.6078760+08:00, 0, 12.94095, 48.29629, 1, 1, 1, False
1231.337, 2021-07-05T16:07:39.6158530+08:00, 0, 12.94095, 48.29629, 1, 1, 1, False
1231.345, 2021-07-05T16:07:39.6241940+08:00, 0, 12.94095, 48.29629, 1, 1, 1, False
1231.352, 2021-07-05T16:07:39.6317770+08:00, 0, 12.94095, 48.29629, 1, 1, 1, False
1231.361, 2021-07-05T16:07:39.6404440+08:00, 0, 12.94095, 48.29629, 1, 1, 1, False
1231.368, 2021-07-05T16:07:39.6471280+08:00, 0, 12.94095, 48.29629, 1, 1, 1, False
1231.372, 2021-07-05T16:07:39.6509430+08:00, 0, 12.94095, 48.29629, 1, 1, 1, False
1231.376, 2021-07-05T16:07:39.6551100+08:00, 0, 12.94095, 48.29629, 1, 1, 1, False
1231.38, 2021-07-05T16:07:39.6591330+08:00, 0, 12.94095, 48.29629, 1, 1, 1, False
1231.385, 2021-07-05T16:07:39.6644280+08:00, 0, 12.94095, 48.29629, 1, 1, 1, False
1231.392, 2021-07-05T16:07:39.6709680+08:00, 0, 12.94095, 48.29629, 1, 1, 1, False
1231.397, 2021-07-05T16:07:39.6766950+08:00, 0, 12.94095, 48.29629, 1, 1, 1, False
1231.404, 2021-07-05T16:07:39.6838080+08:00, 0, 12.94095, 48.29629, 1, 1, 1, False
1231.41, 2021-07-05T16:07:39.6894490+08:00, 0, 12.94095, 48.29629, 1, 1, 1, False
1231.417, 2021-07-05T16:07:39.6958020+08:00, 0, 12.94095, 48.29629, 1, 1, 1, False
1231.425, 2021-07-05T16:07:39.7039560+08:00, 0, 12.94095, 48.29629, 1, 1, 1, False
1231.433, 2021-07-05T16:07:39.7120310+08:00, 0, 12.94095, 48.29629, 1, 1, 1, False
1231.441, 2021-07-05T16:07:39.7200750+08:00, 0, 12.94095, 48.29629, 1, 1, 1, False
1231.448, 2021-07-05T16:07:39.7273080+08:00, 0, 12.94095, 48.29629, 1, 1, 1, False
1231.452, 2021-07-05T16:07:39.7309060+08:00, 0, 12.94095, 48.29629, 1, 1, 1, False
1231.456, 2021-07-05T16:07:39.7350510+08:00, 0, 12.94095, 48.29629, 1, 1, 1, False
1231.46, 2021-07-05T16:07:39.7391350+08:00, 0, 12.94095, 48.29629, 1, 1, 1, False
1231.466, 2021-07-05T16:07:39.7453740+08:00, 0, 12.94095, 48.29629, 1, 1, 1, False
1231.472, 2021-07-05T16:07:39.7516170+08:00, 0, 12.94095, 48.29629, 1, 1, 1, False
1231.479, 2021-07-05T16:07:39.7579020+08:00, 0, 12.94095, 48.29629, 1, 1, 1, False
1231.485, 2021-07-05T16:07:39.7642800+08:00, 0, 12.94095, 48.29629, 1, 1, 1, False
1231.492, 2021-07-05T16:07:39.7712060+08:00, 0, 12.94095, 48.29629, 1, 1, 1, False
1231.498, 2021-07-05T16:07:39.7768860+08:00, 0, 12.94095, 48.29629, 1, 1, 1, False
1231.504, 2021-07-05T16:07:39.7836800+08:00, 0, 12.94095, 48.29629, 1, 1, 1, False
1231.51, 2021-07-05T16:07:39.7891070+08:00, 0, 12.94095, 48.29629, 1, 1, 1, False
1231.517, 2021-07-05T16:07:39.7959110+08:00, 0, 12.94095, 48.29629, 1, 1, 1, False
1231.525, 2021-07-05T16:07:39.8038280+08:00, 0, 12.94095, 48.29629, 1, 1, 1, False
1231.529, 2021-07-05T16:07:39.8081460+08:00, 0, 12.94095, 48.29629, 1, 1, 1, False
1231.537, 2021-07-05T16:07:39.8159750+08:00, 0, 12.94095, 48.29629, 1, 1, 1, False
1231.545, 2021-07-05T16:07:39.8242660+08:00, 0, 12.94095, 48.29629, 1, 1, 1, False
1231.552, 2021-07-05T16:07:39.8317830+08:00, 0, 12.94095, 48.29629, 1, 1, 1, False
1231.561, 2021-07-05T16:07:39.8400350+08:00, 0, 12.94095, 48.29629, 1, 1, 1, False
1231.568, 2021-07-05T16:07:39.8478540+08:00, 0, 12.94095, 48.29629, 1, 1, 1, False
1231.576, 2021-07-05T16:07:39.8556510+08:00, 0, 12.94095, 48.29629, 1, 1, 1, False
1231.585, 2021-07-05T16:07:39.8640680+08:00, 0, 12.94095, 48.29629, 1, 1, 1, False
1231.592, 2021-07-05T16:07:39.8715830+08:00, 0, 12.94095, 48.29629, 1, 1, 1, False
1231.601, 2021-07-05T16:07:39.8801170+08:00, 0, 12.94095, 48.29629, 1, 1, 1, False
1231.608, 2021-07-05T16:07:39.8873680+08:00, 0, 12.94095, 48.29629, 1, 1, 1, False
1231.617, 2021-07-05T16:07:39.8960010+08:00, 0, 12.94095, 48.29629, 1, 1, 1, False
1231.626, 2021-07-05T16:07:39.9050930+08:00, 0, 12.94095, 48.29629, 1, 1, 1, False
1231.632, 2021-07-05T16:07:39.9117050+08:00, 0, 12.94095, 48.29629, 1, 1, 1, False
1231.641, 2021-07-05T16:07:39.9202060+08:00, 0, 12.94095, 48.29629, 1, 1, 1, False
1231.648, 2021-07-05T16:07:39.9276380+08:00, 0, 12.94095, 48.29629, 1, 1, 1, False
1231.652, 2021-07-05T16:07:39.9311770+08:00, 0, 12.94095, 48.29629, 1, 1, 1, False
1231.656, 2021-07-05T16:07:39.9350630+08:00, 0, 12.94095, 48.29629, 1, 1, 1, False
1231.66, 2021-07-05T16:07:39.9390070+08:00, 0, 12.94095, 48.29629, 1, 1, 1, False
1231.664, 2021-07-05T16:07:39.9431390+08:00, 0, 12.94095, 48.29629, 1, 1, 1, False
1231.668, 2021-07-05T16:07:39.9471580+08:00, 0, 12.94095, 48.29629, 1, 1, 1, False
1231.672, 2021-07-05T16:07:39.9507920+08:00, 0, 12.94095, 48.29629, 1, 1, 1, False
1231.676, 2021-07-05T16:07:39.9549780+08:00, 0, 12.94095, 48.29629, 1, 1, 1, False
1231.682, 2021-07-05T16:07:39.9609690+08:00, 0, 12.94095, 48.29629, 1, 1, 1, False
1231.689, 2021-07-05T16:07:39.9680150+08:00, 0, 12.94095, 48.29629, 1, 1, 1, False
1231.696, 2021-07-05T16:07:39.9753920+08:00, 0, 12.94095, 48.29629, 1, 1, 1, False
1231.704, 2021-07-05T16:07:39.9838490+08:00, 0, 12.94095, 48.29629, 1, 1, 1, False
1231.712, 2021-07-05T16:07:39.9914060+08:00, 0, 12.94095, 48.29629, 1, 1, 1, False
1231.716, 2021-07-05T16:07:39.9948010+08:00, 0, 12.94095, 48.29629, 1, 1, 1, False
1231.72, 2021-07-05T16:07:39.9989210+08:00, 0, 12.94095, 48.29629, 1, 1, 1, False
1231.726, 2021-07-05T16:07:40.0052890+08:00, 0, 12.94095, 48.29629, 1, 1, 1, False
1231.732, 2021-07-05T16:07:40.0116820+08:00, 0, 12.94095, 48.29629, 1, 1, 1, False
1231.738, 2021-07-05T16:07:40.0174590+08:00, 0, 12.94095, 48.29629, 1, 1, 1, False
1231.745, 2021-07-05T16:07:40.0241480+08:00, 0, 12.94095, 48.29629, 1, 1, 1, False
1231.753, 2021-07-05T16:07:40.0350210+08:00, 0, 12.94095, 48.29629, 1, 1, 1, False
1231.76, 2021-07-05T16:07:40.0440160+08:00, 0, 12.94095, 48.29629, 1, 1, 1, False
1231.767, 2021-07-05T16:07:40.0468010+08:00, 0, 12.94095, 48.29629, 1, 1, 1, False
1231.772, 2021-07-05T16:07:40.0511150+08:00, 0, 12.94095, 48.29629, 1, 1, 1, False
1231.776, 2021-07-05T16:07:40.0555720+08:00, 0, 12.94095, 48.29629, 1, 1, 1, False
1231.782, 2021-07-05T16:07:40.0616210+08:00, 0, 12.94095, 48.29629, 1, 1, 1, False
1231.789, 2021-07-05T16:07:40.0682110+08:00, 0, 12.94095, 48.29629, 1, 1, 1, False
1231.796, 2021-07-05T16:07:40.0751340+08:00, 0, 12.94095, 48.29629, 1, 1, 1, False
1231.801, 2021-07-05T16:07:40.0803630+08:00, 0, 12.94095, 48.29629, 1, 1, 1, False
1231.808, 2021-07-05T16:07:40.0871350+08:00, 0, 12.94095, 48.29629, 1, 1, 1, False
1231.814, 2021-07-05T16:07:40.0932420+08:00, 0, 12.94095, 48.29629, 1, 1, 1, False
1231.82, 2021-07-05T16:07:40.0997910+08:00, 0, 12.94095, 48.29629, 1, 1, 1, False
1231.826, 2021-07-05T16:07:40.1054840+08:00, 0, 12.94095, 48.29629, 1, 1, 1, False
1231.832, 2021-07-05T16:07:40.1116370+08:00, 0, 12.94095, 48.29629, 1, 1, 1, False
1231.838, 2021-07-05T16:07:40.1175640+08:00, 0, 12.94095, 48.29629, 1, 1, 1, False
1231.845, 2021-07-05T16:07:40.1242130+08:00, 0, 12.94095, 48.29629, 1, 1, 1, False
1231.852, 2021-07-05T16:07:40.1316310+08:00, 0, 12.94095, 48.29629, 1, 1, 1, False
1231.857, 2021-07-05T16:07:40.1365260+08:00, 0, 12.94095, 48.29629, 1, 1, 1, False
1231.864, 2021-07-05T16:07:40.1435930+08:00, 0, 12.94095, 48.29629, 1, 1, 1, False
1231.87, 2021-07-05T16:07:40.1490220+08:00, 0, 12.94095, 48.29629, 1, 1, 1, False
1231.876, 2021-07-05T16:07:40.1552160+08:00, 0, 12.94095, 48.29629, 1, 1, 1, False
1231.882, 2021-07-05T16:07:40.1612890+08:00, 0, 12.94095, 48.29629, 1, 1, 1, False
1231.889, 2021-07-05T16:07:40.1678080+08:00, 0, 12.94095, 48.29629, 1, 1, 1, False
1231.895, 2021-07-05T16:07:40.1743980+08:00, 0, 12.94095, 48.29629, 1, 1, 1, False
1231.901, 2021-07-05T16:07:40.1805470+08:00, 0, 12.94095, 48.29629, 1, 1, 1, False
1231.908, 2021-07-05T16:07:40.1873640+08:00, 0, 12.94095, 48.29629, 1, 1, 1, False
1231.913, 2021-07-05T16:07:40.1925570+08:00, 0, 12.94095, 48.29629, 1, 1, 1, False
1231.92, 2021-07-05T16:07:40.1997200+08:00, 0, 12.94095, 48.29629, 1, 1, 1, False
1231.929, 2021-07-05T16:07:40.2079650+08:00, 0, 12.94095, 48.29629, 1, 1, 1, False
1231.937, 2021-07-05T16:07:40.2160240+08:00, 0, 12.94095, 48.29629, 1, 1, 1, False
1231.945, 2021-07-05T16:07:40.2241930+08:00, 0, 12.94095, 48.29629, 1, 1, 1, False
1231.952, 2021-07-05T16:07:40.2314040+08:00, 0, 12.94095, 48.29629, 1, 1, 1, False
1231.956, 2021-07-05T16:07:40.2350280+08:00, 0, 12.94095, 48.29629, 1, 1, 1, False
1231.96, 2021-07-05T16:07:40.2389940+08:00, 0, 12.94095, 48.29629, 1, 1, 1, False
1231.964, 2021-07-05T16:07:40.2431440+08:00, 0, 12.94095, 48.29629, 1, 1, 1, False
1231.969, 2021-07-05T16:07:40.2488510+08:00, 0, 12.94095, 48.29629, 1, 1, 1, False
1231.976, 2021-07-05T16:07:40.2557640+08:00, 0, 12.94095, 48.29629, 1, 1, 1, False
1231.982, 2021-07-05T16:07:40.2616450+08:00, 0, 12.94095, 48.29629, 1, 1, 1, False
1231.989, 2021-07-05T16:07:40.2681670+08:00, 0, 12.94095, 48.29629, 1, 1, 1, False
1231.996, 2021-07-05T16:07:40.2755430+08:00, 0, 12.94095, 48.29629, 1, 1, 1, False
1232.005, 2021-07-05T16:07:40.2841490+08:00, 0, 12.94095, 48.29629, 1, 1, 1, False
1232.012, 2021-07-05T16:07:40.2918180+08:00, 0, 12.94095, 48.29629, 1, 1, 1, False
1232.021, 2021-07-05T16:07:40.3001950+08:00, 0, 12.94095, 48.29629, 1, 1, 1, False
1232.029, 2021-07-05T16:07:40.3078550+08:00, 0, 12.94095, 48.29629, 1, 1, 1, False
1232.037, 2021-07-05T16:07:40.3160570+08:00, 0, 12.94095, 48.29629, 1, 1, 1, False
1232.045, 2021-07-05T16:07:40.3240790+08:00, 0, 12.94095, 48.29629, 1, 1, 1, False
1232.052, 2021-07-05T16:07:40.3313500+08:00, 0, 12.94095, 48.29629, 1, 1, 1, False
1232.056, 2021-07-05T16:07:40.3352410+08:00, 0, 12.94095, 48.29629, 1, 1, 1, False
1232.06, 2021-07-05T16:07:40.3388890+08:00, 0, 12.94095, 48.29629, 1, 1, 1, False
1232.064, 2021-07-05T16:07:40.3431840+08:00, 0, 12.94095, 48.29629, 1, 1, 1, False
1232.068, 2021-07-05T16:07:40.3471630+08:00, 0, 12.94095, 48.29629, 1, 1, 1, False
1232.072, 2021-07-05T16:07:40.3509090+08:00, 0, 12.94095, 48.29629, 1, 1, 1, False
1232.076, 2021-07-05T16:07:40.3552490+08:00, 0, 12.94095, 48.29629, 1, 1, 1, False
1232.082, 2021-07-05T16:07:40.3613100+08:00, 0, 12.94095, 48.29629, 1, 1, 1, False
1232.089, 2021-07-05T16:07:40.3678410+08:00, 0, 12.94095, 48.29629, 1, 1, 1, False
1232.095, 2021-07-05T16:07:40.3742500+08:00, 0, 12.94095, 48.29629, 1, 1, 1, False
1232.101, 2021-07-05T16:07:40.3801970+08:00, 0, 12.94095, 48.29629, 1, 1, 1, False
1232.108, 2021-07-05T16:07:40.3871370+08:00, 0, 12.94095, 48.29629, 1, 1, 1, False
1232.113, 2021-07-05T16:07:40.3927730+08:00, 0, 12.94095, 48.29629, 1, 1, 1, False
1232.12, 2021-07-05T16:07:40.3997860+08:00, 0, 12.94095, 48.29629, 1, 1, 1, False
1232.126, 2021-07-05T16:07:40.4053900+08:00, 0, 12.94095, 48.29629, 1, 1, 1, False
1232.132, 2021-07-05T16:07:40.4116520+08:00, 0, 12.94095, 48.29629, 1, 1, 1, False
1232.138, 2021-07-05T16:07:40.4175920+08:00, 0, 12.94095, 48.29629, 1, 1, 1, False
1232.145, 2021-07-05T16:07:40.4242380+08:00, 0, 12.94095, 48.29629, 1, 1, 1, False
1232.152, 2021-07-05T16:07:40.4313200+08:00, 0, 12.94095, 48.29629, 1, 1, 1, False
1232.157, 2021-07-05T16:07:40.4366050+08:00, 0, 12.94095, 48.29629, 1, 1, 1, False
1232.164, 2021-07-05T16:07:40.4433870+08:00, 0, 12.94095, 48.29629, 1, 1, 1, False
1232.17, 2021-07-05T16:07:40.4489730+08:00, 0, 12.94095, 48.29629, 1, 1, 1, False
1232.177, 2021-07-05T16:07:40.4558980+08:00, 0, 12.94095, 48.29629, 1, 1, 1, False
1232.184, 2021-07-05T16:07:40.4630330+08:00, 0, 12.94095, 48.29629, 1, 1, 1, False
1232.188, 2021-07-05T16:07:40.4677370+08:00, 0, 12.94095, 48.29629, 1, 1, 1, False
1232.195, 2021-07-05T16:07:40.4740730+08:00, 0, 12.94095, 48.29629, 1, 1, 1, False
1232.201, 2021-07-05T16:07:40.4805140+08:00, 0, 12.94095, 48.29629, 1, 1, 1, False
1232.208, 2021-07-05T16:07:40.4873930+08:00, 0, 12.94095, 48.29629, 1, 1, 1, False
1232.213, 2021-07-05T16:07:40.4925600+08:00, 0, 12.94095, 48.29629, 1, 1, 1, False
1232.22, 2021-07-05T16:07:40.4993950+08:00, 0, 12.94095, 48.29629, 1, 1, 1, False
1232.229, 2021-07-05T16:07:40.5081340+08:00, 0, 12.94095, 48.29629, 1, 1, 1, False
1232.237, 2021-07-05T16:07:40.5158870+08:00, 0, 12.94095, 48.29629, 1, 1, 1, False
1232.245, 2021-07-05T16:07:40.5240780+08:00, 0, 12.94095, 48.29629, 1, 1, 1, False
1232.252, 2021-07-05T16:07:40.5314480+08:00, 0, 12.94095, 48.29629, 1, 1, 1, False
1232.256, 2021-07-05T16:07:40.5356260+08:00, 0, 12.94095, 48.29629, 1, 1, 1, False
1232.259, 2021-07-05T16:07:40.5386820+08:00, 0, 12.94095, 48.29629, 1, 1, 1, False
1232.264, 2021-07-05T16:07:40.5429250+08:00, 0, 12.94095, 48.29629, 1, 1, 1, False
1232.269, 2021-07-05T16:07:40.5485820+08:00, 0, 12.94095, 48.29629, 1, 1, 1, False
1232.276, 2021-07-05T16:07:40.5552940+08:00, 0, 12.94095, 48.29629, 1, 1, 1, False
1232.282, 2021-07-05T16:07:40.5615760+08:00, 0, 12.94095, 48.29629, 1, 1, 1, False
1232.288, 2021-07-05T16:07:40.5676970+08:00, 0, 12.94095, 48.29629, 1, 1, 1, False
1232.294, 2021-07-05T16:07:40.5735940+08:00, 0, 12.94095, 48.29629, 1, 1, 1, False
1232.301, 2021-07-05T16:07:40.5801960+08:00, 0, 12.94095, 48.29629, 1, 1, 1, False
1232.308, 2021-07-05T16:07:40.5874010+08:00, 0, 12.94095, 48.29629, 1, 1, 1, False
1232.313, 2021-07-05T16:07:40.5924840+08:00, 0, 12.94095, 48.29629, 1, 1, 1, False
1232.32, 2021-07-05T16:07:40.5996400+08:00, 0, 12.94095, 48.29629, 1, 1, 1, False
1232.329, 2021-07-05T16:07:40.6080450+08:00, 0, 12.94095, 48.29629, 1, 1, 1, False
1232.337, 2021-07-05T16:07:40.6160060+08:00, 0, 12.94095, 48.29629, 1, 1, 1, False
1232.345, 2021-07-05T16:07:40.6241840+08:00, 0, 12.94095, 48.29629, 1, 1, 1, False
1232.353, 2021-07-05T16:07:40.6318310+08:00, 0, 12.94095, 48.29629, 1, 1, 1, False
1232.361, 2021-07-05T16:07:40.6402100+08:00, 0, 12.94095, 48.29629, 1, 1, 1, False
1232.369, 2021-07-05T16:07:40.6478040+08:00, 0, 12.94095, 48.29629, 1, 1, 1, False
1232.377, 2021-07-05T16:07:40.6558980+08:00, 0, 12.94095, 48.29629, 1, 1, 1, False
1232.385, 2021-07-05T16:07:40.6640780+08:00, 0, 12.94095, 48.29629, 1, 1, 1, False
1232.392, 2021-07-05T16:07:40.6711630+08:00, 0, 12.94095, 48.29629, 1, 1, 1, False
1232.402, 2021-07-05T16:07:40.6816060+08:00, 0, 12.94095, 48.29629, 1, 1, 1, False
1232.408, 2021-07-05T16:07:40.6873010+08:00, 0, 12.94095, 48.29629, 1, 1, 1, False
1232.412, 2021-07-05T16:07:40.6911720+08:00, 0, 12.94095, 48.29629, 1, 1, 1, False
1232.416, 2021-07-05T16:07:40.6948630+08:00, 0, 12.94095, 48.29629, 1, 1, 1, False
1232.42, 2021-07-05T16:07:40.6989910+08:00, 0, 12.94095, 48.29629, 1, 1, 1, False
1232.424, 2021-07-05T16:07:40.7031700+08:00, 0, 12.94095, 48.29629, 1, 1, 1, False
1232.428, 2021-07-05T16:07:40.7070220+08:00, 0, 12.94095, 48.29629, 1, 1, 1, False
1232.432, 2021-07-05T16:07:40.7114240+08:00, 0, 12.94095, 48.29629, 1, 1, 1, False
1232.438, 2021-07-05T16:07:40.7172390+08:00, 0, 12.94095, 48.29629, 1, 1, 1, False
1232.445, 2021-07-05T16:07:40.7239040+08:00, 0, 12.94095, 48.29629, 1, 1, 1, False
1232.451, 2021-07-05T16:07:40.7301470+08:00, 0, 12.94095, 48.29629, 1, 1, 1, False
1232.457, 2021-07-05T16:07:40.7361740+08:00, 0, 12.94095, 48.29629, 1, 1, 1, False
1232.464, 2021-07-05T16:07:40.7433460+08:00, 0, 12.94095, 48.29629, 1, 1, 1, False
1232.47, 2021-07-05T16:07:40.7492160+08:00, 0, 12.94095, 48.29629, 1, 1, 1, False
1232.476, 2021-07-05T16:07:40.7551670+08:00, 0, 12.94095, 48.29629, 1, 1, 1, False
1232.482, 2021-07-05T16:07:40.7614510+08:00, 0, 12.94095, 48.29629, 1, 1, 1, False
1232.488, 2021-07-05T16:07:40.7675870+08:00, 0, 12.94095, 48.29629, 1, 1, 1, False
1232.494, 2021-07-05T16:07:40.7735720+08:00, 0, 12.94095, 48.29629, 1, 1, 1, False
1232.501, 2021-07-05T16:07:40.7802030+08:00, 0, 12.94095, 48.29629, 1, 1, 1, False
1232.508, 2021-07-05T16:07:40.7871760+08:00, 0, 12.94095, 48.29629, 1, 1, 1, False
1232.513, 2021-07-05T16:07:40.7922600+08:00, 0, 12.94095, 48.29629, 1, 1, 1, False
1232.52, 2021-07-05T16:07:40.7994730+08:00, 0, 12.94095, 48.29629, 1, 1, 1, False
1232.526, 2021-07-05T16:07:40.8051340+08:00, 0, 12.94095, 48.29629, 1, 1, 1, False
1232.533, 2021-07-05T16:07:40.8120050+08:00, 0, 12.94095, 48.29629, 1, 1, 1, False
1232.541, 2021-07-05T16:07:40.8199640+08:00, 0, 12.94095, 48.29629, 1, 1, 1, False
1232.548, 2021-07-05T16:07:40.8277600+08:00, 0, 12.94095, 48.29629, 1, 1, 1, False
1232.557, 2021-07-05T16:07:40.8362460+08:00, 0, 12.94095, 48.29629, 1, 1, 1, False
1232.564, 2021-07-05T16:07:40.8432580+08:00, 0, 12.94095, 48.29629, 1, 1, 1, False
1232.568, 2021-07-05T16:07:40.8468730+08:00, 0, 12.94095, 48.29629, 1, 1, 1, False
1232.572, 2021-07-05T16:07:40.8512250+08:00, 0, 12.94095, 48.29629, 1, 1, 1, False
1232.576, 2021-07-05T16:07:40.8551710+08:00, 0, 12.94095, 48.29629, 1, 1, 1, False
1232.582, 2021-07-05T16:07:40.8611400+08:00, 0, 12.94095, 48.29629, 1, 1, 1, False
1232.588, 2021-07-05T16:07:40.8676620+08:00, 0, 12.94095, 48.29629, 1, 1, 1, False
1232.595, 2021-07-05T16:07:40.8739580+08:00, 0, 12.94095, 48.29629, 1, 1, 1, False
1232.6, 2021-07-05T16:07:40.8798910+08:00, 0, 12.94095, 48.29629, 1, 1, 1, False
1232.608, 2021-07-05T16:07:40.8870830+08:00, 0, 12.94095, 48.29629, 1, 1, 1, False
1232.613, 2021-07-05T16:07:40.8926850+08:00, 0, 12.94095, 48.29629, 1, 1, 1, False
1232.62, 2021-07-05T16:07:40.8990960+08:00, 0, 12.94095, 48.29629, 1, 1, 1, False
1232.625, 2021-07-05T16:07:40.9048610+08:00, 0, 12.94095, 48.29629, 1, 1, 1, False
1232.632, 2021-07-05T16:07:40.9117050+08:00, 0, 12.94095, 48.29629, 1, 1, 1, False
1232.638, 2021-07-05T16:07:40.9174390+08:00, 0, 12.94095, 48.29629, 1, 1, 1, False
1232.645, 2021-07-05T16:07:40.9239020+08:00, 0, 12.94095, 48.29629, 1, 1, 1, False
1232.653, 2021-07-05T16:07:40.9321110+08:00, 0, 12.94095, 48.29629, 1, 1, 1, False
1232.661, 2021-07-05T16:07:40.9398710+08:00, 0, 12.94095, 48.29629, 1, 1, 1, False
1232.669, 2021-07-05T16:07:40.9480420+08:00, 0, 12.94095, 48.29629, 1, 1, 1, False
1232.676, 2021-07-05T16:07:40.9552480+08:00, 0, 12.94095, 48.29629, 1, 1, 1, False
1232.68, 2021-07-05T16:07:40.9589860+08:00, 0, 12.94095, 48.29629, 1, 1, 1, False
1232.684, 2021-07-05T16:07:40.9629230+08:00, 0, 12.94095, 48.29629, 1, 1, 1, False
1232.688, 2021-07-05T16:07:40.9673420+08:00, 0, 12.94095, 48.29629, 1, 1, 1, False
1232.695, 2021-07-05T16:07:40.9739490+08:00, 0, 12.94095, 48.29629, 1, 1, 1, False
1232.701, 2021-07-05T16:07:40.9801090+08:00, 0, 12.94095, 48.29629, 1, 1, 1, False
1232.708, 2021-07-05T16:07:40.9871800+08:00, 0, 12.94095, 48.29629, 1, 1, 1, False
1232.713, 2021-07-05T16:07:40.9924970+08:00, 0, 12.94095, 48.29629, 1, 1, 1, False
1232.72, 2021-07-05T16:07:40.9991900+08:00, 0, 12.94095, 48.29629, 1, 1, 1, False
1232.726, 2021-07-05T16:07:41.0049650+08:00, 0, 12.94095, 48.29629, 1, 1, 1, False
1232.732, 2021-07-05T16:07:41.0118030+08:00, 0, 12.94095, 48.29629, 1, 1, 1, False
1232.74, 2021-07-05T16:07:41.0195580+08:00, 0, 12.94095, 48.29629, 1, 1, 1, False
1232.748, 2021-07-05T16:07:41.0277620+08:00, 0, 12.94095, 48.29629, 1, 1, 1, False
1232.757, 2021-07-05T16:07:41.0361330+08:00, 0, 12.94095, 48.29629, 1, 1, 1, False
1232.764, 2021-07-05T16:07:41.0435010+08:00, 0, 12.94095, 48.29629, 1, 1, 1, False
1232.768, 2021-07-05T16:07:41.0469210+08:00, 0, 12.94095, 48.29629, 1, 1, 1, False
1232.772, 2021-07-05T16:07:41.0508630+08:00, 0, 12.94095, 48.29629, 1, 1, 1, False
1232.776, 2021-07-05T16:07:41.0551480+08:00, 0, 12.94095, 48.29629, 1, 1, 1, False
1232.781, 2021-07-05T16:07:41.0608440+08:00, 0, 12.94095, 48.29629, 1, 1, 1, False
1232.789, 2021-07-05T16:07:41.0681020+08:00, 0, 12.94095, 48.29629, 1, 1, 1, False
1232.797, 2021-07-05T16:07:41.0758640+08:00, 0, 12.94095, 48.29629, 1, 1, 1, False
1232.805, 2021-07-05T16:07:41.0841120+08:00, 0, 12.94095, 48.29629, 1, 1, 1, False
1232.813, 2021-07-05T16:07:41.0918330+08:00, 0, 12.94095, 48.29629, 1, 1, 1, False
1232.82, 2021-07-05T16:07:41.1046730+08:00, 0, 12.94095, 48.29629, 1, 1, 1, False
1232.832, 2021-07-05T16:07:41.1112990+08:00, 0, 12.94095, 48.29629, 1, 1, 1, False
1232.836, 2021-07-05T16:07:41.1149830+08:00, 0, 12.94095, 48.29629, 1, 1, 1, False
1232.84, 2021-07-05T16:07:41.1190820+08:00, 0, 12.94095, 48.29629, 1, 1, 1, False
1232.844, 2021-07-05T16:07:41.1232170+08:00, 0, 12.94095, 48.29629, 1, 1, 1, False
1232.848, 2021-07-05T16:07:41.1269980+08:00, 0, 12.94095, 48.29629, 1, 1, 1, False
1232.852, 2021-07-05T16:07:41.1309870+08:00, 0, 12.94095, 48.29629, 1, 1, 1, False
1232.856, 2021-07-05T16:07:41.1354370+08:00, 0, 12.94095, 48.29629, 1, 1, 1, False
1232.862, 2021-07-05T16:07:41.1418360+08:00, 0, 12.94095, 48.29629, 1, 1, 1, False
1232.869, 2021-07-05T16:07:41.1486050+08:00, 0, 12.94095, 48.29629, 1, 1, 1, False
1232.876, 2021-07-05T16:07:41.1553200+08:00, 0, 12.94095, 48.29629, 1, 1, 1, False
1232.881, 2021-07-05T16:07:41.1608150+08:00, 0, 12.94095, 48.29629, 1, 1, 1, False
1232.888, 2021-07-05T16:07:41.1677660+08:00, 0, 12.94095, 48.29629, 1, 1, 1, False
1232.896, 2021-07-05T16:07:41.1751140+08:00, 0, 12.94095, 48.29629, 1, 1, 1, False
1232.9, 2021-07-05T16:07:41.1794080+08:00, 0, 12.94095, 48.29629, 1, 1, 1, False
1232.907, 2021-07-05T16:07:41.1859470+08:00, 0, 12.94095, 48.29629, 1, 1, 1, False
1232.913, 2021-07-05T16:07:41.1923130+08:00, 0, 12.94095, 48.29629, 1, 1, 1, False
1232.921, 2021-07-05T16:07:41.1998270+08:00, 0, 12.94095, 48.29629, 1, 1, 1, False
1232.929, 2021-07-05T16:07:41.2081180+08:00, 0, 12.94095, 48.29629, 1, 1, 1, False
1232.937, 2021-07-05T16:07:41.2158700+08:00, 0, 12.94095, 48.29629, 1, 1, 1, False
1232.944, 2021-07-05T16:07:41.2238630+08:00, 0, 12.94095, 48.29629, 1, 1, 1, False
1232.953, 2021-07-05T16:07:41.2317870+08:00, 0, 12.94095, 48.29629, 1, 1, 1, False
1232.961, 2021-07-05T16:07:41.2402600+08:00, 0, 12.94095, 48.29629, 1, 1, 1, False
1232.968, 2021-07-05T16:07:41.2477910+08:00, 0, 12.94095, 48.29629, 1, 1, 1, False
1232.976, 2021-07-05T16:07:41.2553960+08:00, 0, 12.94095, 48.29629, 1, 1, 1, False
1232.979, 2021-07-05T16:07:41.2588610+08:00, 0, 12.94095, 48.29629, 1, 1, 1, False
1232.984, 2021-07-05T16:07:41.2631000+08:00, 0, 12.94095, 48.29629, 1, 1, 1, False
1232.988, 2021-07-05T16:07:41.2673160+08:00, 0, 12.94095, 48.29629, 1, 1, 1, False
1232.992, 2021-07-05T16:07:41.2711180+08:00, 0, 12.94095, 48.29629, 1, 1, 1, False
1232.996, 2021-07-05T16:07:41.2749210+08:00, 0, 12.94095, 48.29629, 1, 1, 1, False
1233, 2021-07-05T16:07:41.2792350+08:00, 0, 12.94095, 48.29629, 1, 1, 1, False
1233.006, 2021-07-05T16:07:41.2850500+08:00, 0, 12.94095, 48.29629, 1, 1, 1, False
1233.012, 2021-07-05T16:07:41.2916260+08:00, 0, 12.94095, 48.29629, 1, 1, 1, False
1233.019, 2021-07-05T16:07:41.2979280+08:00, 0, 12.94095, 48.29629, 1, 1, 1, False
1233.025, 2021-07-05T16:07:41.3039530+08:00, 0, 12.94095, 48.29629, 1, 1, 1, False
1233.032, 2021-07-05T16:07:41.3110580+08:00, 0, 12.94095, 48.29629, 1, 1, 1, False
1233.037, 2021-07-05T16:07:41.3166580+08:00, 0, 12.94095, 48.29629, 1, 1, 1, False
1233.044, 2021-07-05T16:07:41.3238610+08:00, 0, 12.94095, 48.29629, 1, 1, 1, False
1233.053, 2021-07-05T16:07:41.3320230+08:00, 0, 12.94095, 48.29629, 1, 1, 1, False
1233.061, 2021-07-05T16:07:41.3401410+08:00, 0, 12.94095, 48.29629, 1, 1, 1, False
1233.069, 2021-07-05T16:07:41.3479790+08:00, 0, 12.94095, 48.29629, 1, 1, 1, False
1233.076, 2021-07-05T16:07:41.3554190+08:00, 0, 12.94095, 48.29629, 1, 1, 1, False
1233.08, 2021-07-05T16:07:41.3589200+08:00, 0, 12.94095, 48.29629, 1, 1, 1, False
1233.084, 2021-07-05T16:07:41.3630720+08:00, 0, 12.94095, 48.29629, 1, 1, 1, False
1233.088, 2021-07-05T16:07:41.3669790+08:00, 0, 12.94095, 48.29629, 1, 1, 1, False
1233.093, 2021-07-05T16:07:41.3724000+08:00, 0, 12.94095, 48.29629, 1, 1, 1, False
1233.1, 2021-07-05T16:07:41.3791080+08:00, 0, 12.94095, 48.29629, 1, 1, 1, False
1233.106, 2021-07-05T16:07:41.3854170+08:00, 0, 12.94095, 48.29629, 1, 1, 1, False
1233.112, 2021-07-05T16:07:41.3915730+08:00, 0, 12.94095, 48.29629, 1, 1, 1, False
1233.119, 2021-07-05T16:07:41.3979700+08:00, 0, 12.94095, 48.29629, 1, 1, 1, False
1233.125, 2021-07-05T16:07:41.4042330+08:00, 0, 12.94095, 48.29629, 1, 1, 1, False
1233.132, 2021-07-05T16:07:41.4114850+08:00, 0, 12.94095, 48.29629, 1, 1, 1, False
1233.137, 2021-07-05T16:07:41.4167150+08:00, 0, 12.94095, 48.29629, 1, 1, 1, False
1233.144, 2021-07-05T16:07:41.4236900+08:00, 0, 12.94095, 48.29629, 1, 1, 1, False
1233.15, 2021-07-05T16:07:41.4291660+08:00, 0, 12.94095, 48.29629, 1, 1, 1, False
1233.156, 2021-07-05T16:07:41.4355830+08:00, 0, 12.94095, 48.29629, 1, 1, 1, False
1233.162, 2021-07-05T16:07:41.4413730+08:00, 0, 12.94095, 48.29629, 1, 1, 1, False
1233.168, 2021-07-05T16:07:41.4476790+08:00, 0, 12.94095, 48.29629, 1, 1, 1, False
1233.175, 2021-07-05T16:07:41.4542170+08:00, 0, 12.94095, 48.29629, 1, 1, 1, False
1233.181, 2021-07-05T16:07:41.4605920+08:00, 0, 12.94095, 48.29629, 1, 1, 1, False
1233.201, 2021-07-05T16:07:41.4805680+08:00, 0, 12.94095, 48.29629, 1, 1, 1, False
1233.208, 2021-07-05T16:07:41.4871180+08:00, 0, 12.94095, 48.29629, 1, 1, 1, False
1233.212, 2021-07-05T16:07:41.4909090+08:00, 0, 12.94095, 48.29629, 1, 1, 1, False
1233.216, 2021-07-05T16:07:41.4951070+08:00, 0, 12.94095, 48.29629, 1, 1, 1, False
1233.22, 2021-07-05T16:07:41.4989590+08:00, 0, 12.94095, 48.29629, 1, 1, 1, False
1233.224, 2021-07-05T16:07:41.5032040+08:00, 0, 12.94095, 48.29629, 1, 1, 1, False
1233.228, 2021-07-05T16:07:41.5069090+08:00, 0, 12.94095, 48.29629, 1, 1, 1, False
1233.232, 2021-07-05T16:07:41.5111650+08:00, 0, 12.94095, 48.29629, 1, 1, 1, False
1233.237, 2021-07-05T16:07:41.5165220+08:00, 0, 12.94095, 48.29629, 1, 1, 1, False
1233.245, 2021-07-05T16:07:41.5240380+08:00, 0, 12.94095, 48.29629, 1, 1, 1, False
1233.253, 2021-07-05T16:07:41.5321490+08:00, 0, 12.94095, 48.29629, 1, 1, 1, False
1233.26, 2021-07-05T16:07:41.5399110+08:00, 0, 12.94095, 48.29629, 1, 1, 1, False
1233.269, 2021-07-05T16:07:41.5479230+08:00, 0, 12.94095, 48.29629, 1, 1, 1, False
1233.276, 2021-07-05T16:07:41.5555150+08:00, 0, 12.94095, 48.29629, 1, 1, 1, False
1233.28, 2021-07-05T16:07:41.5591530+08:00, 0, 12.94095, 48.29629, 1, 1, 1, False
1233.284, 2021-07-05T16:07:41.5630010+08:00, 0, 12.94095, 48.29629, 1, 1, 1, False
1233.288, 2021-07-05T16:07:41.5669470+08:00, 0, 12.94095, 48.29629, 1, 1, 1, False
1233.293, 2021-07-05T16:07:41.5725540+08:00, 0, 12.94095, 48.29629, 1, 1, 1, False
1233.301, 2021-07-05T16:07:41.5799610+08:00, 0, 12.94095, 48.29629, 1, 1, 1, False
1233.308, 2021-07-05T16:07:41.5871700+08:00, 0, 12.94095, 48.29629, 1, 1, 1, False
1233.312, 2021-07-05T16:07:41.5916460+08:00, 0, 12.94095, 48.29629, 1, 1, 1, False
1233.318, 2021-07-05T16:07:41.5974460+08:00, 0, 12.94095, 48.29629, 1, 1, 1, False
1233.325, 2021-07-05T16:07:41.6041520+08:00, 0, 12.94095, 48.29629, 1, 1, 1, False
1233.332, 2021-07-05T16:07:41.6113180+08:00, 0, 12.94095, 48.29629, 1, 1, 1, False
1233.337, 2021-07-05T16:07:41.6162250+08:00, 0, 12.94095, 48.29629, 1, 1, 1, False
1233.344, 2021-07-05T16:07:41.6230600+08:00, 0, 12.94095, 48.29629, 1, 1, 1, False
1233.35, 2021-07-05T16:07:41.6290990+08:00, 0, 12.94095, 48.29629, 1, 1, 1, False
1233.356, 2021-07-05T16:07:41.6353760+08:00, 0, 12.94095, 48.29629, 1, 1, 1, False
1233.362, 2021-07-05T16:07:41.6413840+08:00, 0, 12.94095, 48.29629, 1, 1, 1, False
1233.369, 2021-07-05T16:07:41.6480240+08:00, 0, 12.94095, 48.29629, 1, 1, 1, False
1233.376, 2021-07-05T16:07:41.6552770+08:00, 0, 12.94095, 48.29629, 1, 1, 1, False
1233.381, 2021-07-05T16:07:41.6604570+08:00, 0, 12.94095, 48.29629, 1, 1, 1, False
1233.388, 2021-07-05T16:07:41.6670840+08:00, 0, 12.94095, 48.29629, 1, 1, 1, False
1233.393, 2021-07-05T16:07:41.6725580+08:00, 0, 12.94095, 48.29629, 1, 1, 1, False
1233.4, 2021-07-05T16:07:41.6793430+08:00, 0, 12.94095, 48.29629, 1, 1, 1, False
1233.406, 2021-07-05T16:07:41.6853480+08:00, 0, 12.94095, 48.29629, 1, 1, 1, False
1233.412, 2021-07-05T16:07:41.6915760+08:00, 0, 12.94095, 48.29629, 1, 1, 1, False
1233.419, 2021-07-05T16:07:41.6980430+08:00, 0, 12.94095, 48.29629, 1, 1, 1, False
1233.425, 2021-07-05T16:07:41.7042550+08:00, 0, 12.94095, 48.29629, 1, 1, 1, False
1233.432, 2021-07-05T16:07:41.7114640+08:00, 0, 12.94095, 48.29629, 1, 1, 1, False
1233.438, 2021-07-05T16:07:41.7168080+08:00, 0, 12.94095, 48.29629, 1, 1, 1, False
1233.444, 2021-07-05T16:07:41.7233860+08:00, 0, 12.94095, 48.29629, 1, 1, 1, False
1233.45, 2021-07-05T16:07:41.7291100+08:00, 0, 12.94095, 48.29629, 1, 1, 1, False
1233.456, 2021-07-05T16:07:41.7354910+08:00, 0, 12.94095, 48.29629, 1, 1, 1, False
1233.462, 2021-07-05T16:07:41.7416620+08:00, 0, 12.94095, 48.29629, 1, 1, 1, False
1233.468, 2021-07-05T16:07:41.7475550+08:00, 0, 12.94095, 48.29629, 1, 1, 1, False
1233.475, 2021-07-05T16:07:41.7541500+08:00, 0, 12.94095, 48.29629, 1, 1, 1, False
1233.481, 2021-07-05T16:07:41.7605590+08:00, 0, 12.94095, 48.29629, 1, 1, 1, False
1233.488, 2021-07-05T16:07:41.7674100+08:00, 0, 12.94095, 48.29629, 1, 1, 1, False
1233.496, 2021-07-05T16:07:41.7751400+08:00, 0, 12.94095, 48.29629, 1, 1, 1, False
1233.5, 2021-07-05T16:07:41.7791030+08:00, 0, 12.94095, 48.29629, 1, 1, 1, False
1233.506, 2021-07-05T16:07:41.7850890+08:00, 0, 12.94095, 48.29629, 1, 1, 1, False
1233.512, 2021-07-05T16:07:41.7916310+08:00, 0, 12.94095, 48.29629, 1, 1, 1, False
1233.519, 2021-07-05T16:07:41.7980490+08:00, 0, 12.94095, 48.29629, 1, 1, 1, False
1233.525, 2021-07-05T16:07:41.8043630+08:00, 0, 12.94095, 48.29629, 1, 1, 1, False
1233.533, 2021-07-05T16:07:41.8118730+08:00, 0, 12.94095, 48.29629, 1, 1, 1, False
1233.537, 2021-07-05T16:07:41.8167760+08:00, 0, 12.94095, 48.29629, 1, 1, 1, False
1233.544, 2021-07-05T16:07:41.8231900+08:00, 0, 12.94095, 48.29629, 1, 1, 1, False
1233.549, 2021-07-05T16:07:41.8287210+08:00, 0, 12.94095, 48.29629, 1, 1, 1, False
1233.556, 2021-07-05T16:07:41.8357190+08:00, 0, 12.94095, 48.29629, 1, 1, 1, False
1233.562, 2021-07-05T16:07:41.8412440+08:00, 0, 12.94095, 48.29629, 1, 1, 1, False
1233.568, 2021-07-05T16:07:41.8478330+08:00, 0, 12.94095, 48.29629, 1, 1, 1, False
1233.575, 2021-07-05T16:07:41.8542120+08:00, 0, 12.94095, 48.29629, 1, 1, 1, False
1233.581, 2021-07-05T16:07:41.8602620+08:00, 0, 12.94095, 48.29629, 1, 1, 1, False
1233.588, 2021-07-05T16:07:41.8672170+08:00, 0, 12.94095, 48.29629, 1, 1, 1, False
1233.594, 2021-07-05T16:07:41.8730300+08:00, 0, 12.94095, 48.29629, 1, 1, 1, False
1233.601, 2021-07-05T16:07:41.8802530+08:00, 0, 12.94095, 48.29629, 1, 1, 1, False
1233.608, 2021-07-05T16:07:41.8869590+08:00, 0, 12.94095, 48.29629, 1, 1, 1, False
1233.615, 2021-07-05T16:07:41.8938040+08:00, 0, 12.94095, 48.29629, 1, 1, 1, False
1233.621, 2021-07-05T16:07:41.9003180+08:00, 0, 12.94095, 48.29629, 1, 1, 1, False
1233.629, 2021-07-05T16:07:41.9081460+08:00, 0, 12.94095, 48.29629, 1, 1, 1, False
1233.636, 2021-07-05T16:07:41.9153230+08:00, 0, 12.94095, 48.29629, 1, 1, 1, False
1233.642, 2021-07-05T16:07:41.9213420+08:00, 0, 12.94095, 48.29629, 1, 1, 1, False
1233.649, 2021-07-05T16:07:41.9283110+08:00, 0, 12.94095, 48.29629, 1, 1, 1, False
1233.656, 2021-07-05T16:07:41.9353930+08:00, 0, 12.94095, 48.29629, 1, 1, 1, False
1233.662, 2021-07-05T16:07:41.9415710+08:00, 0, 12.94095, 48.29629, 1, 1, 1, False
1233.67, 2021-07-05T16:07:41.9491140+08:00, 0, 12.94095, 48.29629, 1, 1, 1, False
1233.677, 2021-07-05T16:07:41.9568100+08:00, 0, 12.94095, 48.29629, 1, 1, 1, False
1233.684, 2021-07-05T16:07:41.9636340+08:00, 0, 12.94095, 48.29629, 1, 1, 1, False
1233.691, 2021-07-05T16:07:41.9700090+08:00, 0, 12.94095, 48.29629, 1, 1, 1, False
1233.698, 2021-07-05T16:07:41.9773640+08:00, 0, 12.94095, 48.29629, 1, 1, 1, False
1233.704, 2021-07-05T16:07:41.9838390+08:00, 0, 12.94095, 48.29629, 1, 1, 1, False
1233.711, 2021-07-05T16:07:41.9907610+08:00, 0, 12.94095, 48.29629, 1, 1, 1, False
1233.718, 2021-07-05T16:07:41.9976830+08:00, 0, 12.94095, 48.29629, 1, 1, 1, False
1233.725, 2021-07-05T16:07:42.0046860+08:00, 0, 12.94095, 48.29629, 1, 1, 1, False
1233.733, 2021-07-05T16:07:42.0118110+08:00, 0, 12.94095, 48.29629, 1, 1, 1, False
1233.739, 2021-07-05T16:07:42.0186890+08:00, 0, 12.94095, 48.29629, 1, 1, 1, False
1233.746, 2021-07-05T16:07:42.0249970+08:00, 0, 12.94095, 48.29629, 1, 1, 1, False
1233.753, 2021-07-05T16:07:42.0322450+08:00, 0, 12.94095, 48.29629, 1, 1, 1, False
1233.76, 2021-07-05T16:07:42.0389840+08:00, 0, 12.94095, 48.29629, 1, 1, 1, False
1233.766, 2021-07-05T16:07:42.0459030+08:00, 0, 12.94095, 48.29629, 1, 1, 1, False
1233.774, 2021-07-05T16:07:42.0535490+08:00, 0, 12.94095, 48.29629, 1, 1, 1, False
1233.781, 2021-07-05T16:07:42.0605760+08:00, 0, 12.94095, 48.29629, 1, 1, 1, False
1233.788, 2021-07-05T16:07:42.0671620+08:00, 0, 12.94095, 48.29629, 1, 1, 1, False
1233.795, 2021-07-05T16:07:42.0739760+08:00, 0, 12.94095, 48.29629, 1, 1, 1, False
1233.802, 2021-07-05T16:07:42.0808270+08:00, 0, 12.94095, 48.29629, 1, 1, 1, False
1233.808, 2021-07-05T16:07:42.0873490+08:00, 0, 12.94095, 48.29629, 1, 1, 1, False
1233.815, 2021-07-05T16:07:42.0944950+08:00, 0, 12.94095, 48.29629, 1, 1, 1, False
1233.822, 2021-07-05T16:07:42.1018130+08:00, 0, 12.94095, 48.29629, 1, 1, 1, False
1233.829, 2021-07-05T16:07:42.1085520+08:00, 0, 12.94095, 48.29629, 1, 1, 1, False
1233.837, 2021-07-05T16:07:42.1158890+08:00, 0, 12.94095, 48.29629, 1, 1, 1, False
1233.843, 2021-07-05T16:07:42.1226880+08:00, 0, 12.94095, 48.29629, 1, 1, 1, False
1233.85, 2021-07-05T16:07:42.1296470+08:00, 0, 12.94095, 48.29629, 1, 1, 1, False
1233.857, 2021-07-05T16:07:42.1365360+08:00, 0, 12.94095, 48.29629, 1, 1, 1, False
1233.864, 2021-07-05T16:07:42.1434080+08:00, 0, 12.94095, 48.29629, 1, 1, 1, False
1233.871, 2021-07-05T16:07:42.1503170+08:00, 0, 12.94095, 48.29629, 1, 1, 1, False
1233.879, 2021-07-05T16:07:42.1579220+08:00, 0, 12.94095, 48.29629, 1, 1, 1, False
1233.885, 2021-07-05T16:07:42.1649620+08:00, 0, 12.94095, 48.29629, 1, 1, 1, False
1233.893, 2021-07-05T16:07:42.1719870+08:00, 0, 12.94095, 48.29629, 1, 1, 1, False
1233.899, 2021-07-05T16:07:42.1783960+08:00, 0, 12.94095, 48.29629, 1, 1, 1, False
1233.908, 2021-07-05T16:07:42.1910750+08:00, 0, 12.94095, 48.29629, 1, 1, 1, False
1233.916, 2021-07-05T16:07:42.1950170+08:00, 0, 12.94095, 48.29629, 1, 1, 1, False
1233.921, 2021-07-05T16:07:42.1999250+08:00, 0, 12.94095, 48.29629, 1, 1, 1, False
1233.928, 2021-07-05T16:07:42.2074140+08:00, 0, 12.94095, 48.29629, 1, 1, 1, False
1233.934, 2021-07-05T16:07:42.2137740+08:00, 0, 12.94095, 48.29629, 1, 1, 1, False
1233.942, 2021-07-05T16:07:42.2211150+08:00, 0, 12.94095, 48.29629, 1, 1, 1, False
1233.948, 2021-07-05T16:07:42.2274690+08:00, 0, 12.94095, 48.29629, 1, 1, 1, False
1233.955, 2021-07-05T16:07:42.2340570+08:00, 0, 12.94095, 48.29629, 1, 1, 1, False
1233.962, 2021-07-05T16:07:42.2414510+08:00, 0, 12.94095, 48.29629, 1, 1, 1, False
1233.969, 2021-07-05T16:07:42.2486800+08:00, 0, 12.94095, 48.29629, 1, 1, 1, False
1233.977, 2021-07-05T16:07:42.2559070+08:00, 0, 12.94095, 48.29629, 1, 1, 1, False
1233.983, 2021-07-05T16:07:42.2626100+08:00, 0, 12.94095, 48.29629, 1, 1, 1, False
1233.99, 2021-07-05T16:07:42.2698390+08:00, 0, 12.94095, 48.29629, 1, 1, 1, False
1233.997, 2021-07-05T16:07:42.2764800+08:00, 0, 12.94095, 48.29629, 1, 1, 1, False
1234.005, 2021-07-05T16:07:42.2839500+08:00, 0, 12.94095, 48.29629, 1, 1, 1, False
1234.011, 2021-07-05T16:07:42.2901920+08:00, 0, 12.94095, 48.29629, 1, 1, 1, False
1234.018, 2021-07-05T16:07:42.2976580+08:00, 0, 12.94095, 48.29629, 1, 1, 1, False
1234.046, 2021-07-05T16:07:42.3253220+08:00, 0, 12.94095, 48.29629, 1, 1, 1, False
1234.054, 2021-07-05T16:07:42.3329520+08:00, 0, 12.94095, 48.29629, 1, 1, 1, False
1234.06, 2021-07-05T16:07:42.3392000+08:00, 0, 12.94095, 48.29629, 1, 1, 1, False
1234.064, 2021-07-05T16:07:42.3430310+08:00, 0, 12.94095, 48.29629, 1, 1, 1, False
1234.068, 2021-07-05T16:07:42.3471310+08:00, 0, 12.94095, 48.29629, 1, 1, 1, False
1234.072, 2021-07-05T16:07:42.3512150+08:00, 0, 12.94095, 48.29629, 1, 1, 1, False
1234.076, 2021-07-05T16:07:42.3550220+08:00, 0, 12.94095, 48.29629, 1, 1, 1, False
1234.08, 2021-07-05T16:07:42.3590430+08:00, 0, 12.94095, 48.29629, 1, 1, 1, False
1234.085, 2021-07-05T16:07:42.3640440+08:00, 0, 12.94095, 48.29629, 1, 1, 1, False
1234.091, 2021-07-05T16:07:42.3707360+08:00, 0, 12.94095, 48.29629, 1, 1, 1, False
1234.098, 2021-07-05T16:07:42.3771200+08:00, 0, 12.94095, 48.29629, 1, 1, 1, False
1234.104, 2021-07-05T16:07:42.3834520+08:00, 0, 12.94095, 48.29629, 1, 1, 1, False
1234.11, 2021-07-05T16:07:42.3897540+08:00, 0, 12.94095, 48.29629, 1, 1, 1, False
1234.117, 2021-07-05T16:07:42.3959490+08:00, 0, 12.94095, 48.29629, 1, 1, 1, False
1234.122, 2021-07-05T16:07:42.4017880+08:00, 0, 12.94095, 48.29629, 1, 1, 1, False
1234.129, 2021-07-05T16:07:42.4084600+08:00, 0, 12.94095, 48.29629, 1, 1, 1, False
1234.135, 2021-07-05T16:07:42.4148310+08:00, 0, 12.94095, 48.29629, 1, 1, 1, False
1234.141, 2021-07-05T16:07:42.4207890+08:00, 0, 12.94095, 48.29629, 1, 1, 1, False
1234.148, 2021-07-05T16:07:42.4272530+08:00, 0, 12.94095, 48.29629, 1, 1, 1, False
1234.154, 2021-07-05T16:07:42.4333370+08:00, 0, 12.94095, 48.29629, 1, 1, 1, False
1234.16, 2021-07-05T16:07:42.4396720+08:00, 0, 12.94095, 48.29629, 1, 1, 1, False
1234.166, 2021-07-05T16:07:42.4457080+08:00, 0, 12.94095, 48.29629, 1, 1, 1, False
1234.173, 2021-07-05T16:07:42.4523790+08:00, 0, 12.94095, 48.29629, 1, 1, 1, False
1234.18, 2021-07-05T16:07:42.4589310+08:00, 0, 12.94095, 48.29629, 1, 1, 1, False
1234.186, 2021-07-05T16:07:42.4649410+08:00, 0, 12.94095, 48.29629, 1, 1, 1, False
1234.193, 2021-07-05T16:07:42.4717950+08:00, 0, 12.94095, 48.29629, 1, 1, 1, False
1234.198, 2021-07-05T16:07:42.4771190+08:00, 0, 12.94095, 48.29629, 1, 1, 1, False
1234.204, 2021-07-05T16:07:42.4839390+08:00, 0, 12.94095, 48.29629, 1, 1, 1, False
1234.212, 2021-07-05T16:07:42.4911350+08:00, 0, 12.94095, 48.29629, 1, 1, 1, False
1234.216, 2021-07-05T16:07:42.4958300+08:00, 0, 12.94095, 48.29629, 1, 1, 1, False
1234.223, 2021-07-05T16:07:42.5024250+08:00, 0, 12.94095, 48.29629, 1, 1, 1, False
1234.229, 2021-07-05T16:07:42.5087090+08:00, 0, 12.94095, 48.29629, 1, 1, 1, False
1234.236, 2021-07-05T16:07:42.5156390+08:00, 0, 12.94095, 48.29629, 1, 1, 1, False
1234.245, 2021-07-05T16:07:42.5240810+08:00, 0, 12.94095, 48.29629, 1, 1, 1, False
1234.253, 2021-07-05T16:07:42.5319960+08:00, 0, 12.94095, 48.29629, 1, 1, 1, False
1234.26, 2021-07-05T16:07:42.5398940+08:00, 0, 12.94095, 48.29629, 1, 1, 1, False
1234.268, 2021-07-05T16:07:42.5473150+08:00, 0, 12.94095, 48.29629, 1, 1, 1, False
1234.276, 2021-07-05T16:07:42.5554020+08:00, 0, 12.94095, 48.29629, 1, 1, 1, False
1234.28, 2021-07-05T16:07:42.5591560+08:00, 0, 12.94095, 48.29629, 1, 1, 1, False
1234.284, 2021-07-05T16:07:42.5632070+08:00, 0, 12.94095, 48.29629, 1, 1, 1, False
1234.288, 2021-07-05T16:07:42.5668830+08:00, 0, 12.94095, 48.29629, 1, 1, 1, False
1234.292, 2021-07-05T16:07:42.5712360+08:00, 0, 12.94095, 48.29629, 1, 1, 1, False
1234.297, 2021-07-05T16:07:42.5768340+08:00, 0, 12.94095, 48.29629, 1, 1, 1, False
1234.305, 2021-07-05T16:07:42.5839260+08:00, 0, 12.94095, 48.29629, 1, 1, 1, False
1234.31, 2021-07-05T16:07:42.5895210+08:00, 0, 12.94095, 48.29629, 1, 1, 1, False
1234.317, 2021-07-05T16:07:42.5961120+08:00, 0, 12.94095, 48.29629, 1, 1, 1, False
1234.325, 2021-07-05T16:07:42.6040790+08:00, 0, 12.94095, 48.29629, 1, 1, 1, False
1234.333, 2021-07-05T16:07:42.6121670+08:00, 0, 12.94095, 48.29629, 1, 1, 1, False
1234.341, 2021-07-05T16:07:42.6199650+08:00, 0, 12.94095, 48.29629, 1, 1, 1, False
1234.349, 2021-07-05T16:07:42.6278670+08:00, 0, 12.94095, 48.29629, 1, 1, 1, False
1234.352, 2021-07-05T16:07:42.6311610+08:00, 0, 12.94095, 48.29629, 1, 1, 1, False
1234.356, 2021-07-05T16:07:42.6351720+08:00, 0, 12.94095, 48.29629, 1, 1, 1, False
1234.361, 2021-07-05T16:07:42.6399350+08:00, 0, 12.94095, 48.29629, 1, 1, 1, False
1234.366, 2021-07-05T16:07:42.6457490+08:00, 0, 12.94095, 48.29629, 1, 1, 1, False
1234.373, 2021-07-05T16:07:42.6524180+08:00, 0, 12.94095, 48.29629, 1, 1, 1, False
1234.38, 2021-07-05T16:07:42.6594780+08:00, 0, 12.94095, 48.29629, 1, 1, 1, False
1234.386, 2021-07-05T16:07:42.6651140+08:00, 0, 12.94095, 48.29629, 1, 1, 1, False
1234.392, 2021-07-05T16:07:42.6713770+08:00, 0, 12.94095, 48.29629, 1, 1, 1, False
1234.398, 2021-07-05T16:07:42.6777140+08:00, 0, 12.94095, 48.29629, 1, 1, 1, False
1234.404, 2021-07-05T16:07:42.6836090+08:00, 0, 12.94095, 48.29629, 1, 1, 1, False
1234.411, 2021-07-05T16:07:42.6901840+08:00, 0, 12.94095, 48.29629, 1, 1, 1, False
1234.417, 2021-07-05T16:07:42.6962850+08:00, 0, 12.94095, 48.29629, 1, 1, 1, False
1234.425, 2021-07-05T16:07:42.7039720+08:00, 0, 12.94095, 48.29629, 1, 1, 1, False
1234.432, 2021-07-05T16:07:42.7118830+08:00, 0, 12.94095, 48.29629, 1, 1, 1, False
1234.441, 2021-07-05T16:07:42.7202160+08:00, 0, 12.94095, 48.29629, 1, 1, 1, False
1234.449, 2021-07-05T16:07:42.7279370+08:00, 0, 12.94095, 48.29629, 1, 1, 1, False
1234.457, 2021-07-05T16:07:42.7359710+08:00, 0, 12.94095, 48.29629, 1, 1, 1, False
1234.464, 2021-07-05T16:07:42.7433760+08:00, 0, 12.94095, 48.29629, 1, 1, 1, False
1234.468, 2021-07-05T16:07:42.7469060+08:00, 0, 12.94095, 48.29629, 1, 1, 1, False
1234.472, 2021-07-05T16:07:42.7511700+08:00, 0, 12.94095, 48.29629, 1, 1, 1, False
1234.476, 2021-07-05T16:07:42.7549240+08:00, 0, 12.94095, 48.29629, 1, 1, 1, False
1234.48, 2021-07-05T16:07:42.7591030+08:00, 0, 12.94095, 48.29629, 1, 1, 1, False
1234.485, 2021-07-05T16:07:42.7648210+08:00, 0, 12.94095, 48.29629, 1, 1, 1, False
1234.492, 2021-07-05T16:07:42.7715230+08:00, 0, 12.94095, 48.29629, 1, 1, 1, False
1234.498, 2021-07-05T16:07:42.7777060+08:00, 0, 12.94095, 48.29629, 1, 1, 1, False
1234.505, 2021-07-05T16:07:42.7839890+08:00, 0, 12.94095, 48.29629, 1, 1, 1, False
1234.512, 2021-07-05T16:07:42.7912660+08:00, 0, 12.94095, 48.29629, 1, 1, 1, False
1234.517, 2021-07-05T16:07:42.7963390+08:00, 0, 12.94095, 48.29629, 1, 1, 1, False
1234.524, 2021-07-05T16:07:42.8036700+08:00, 0, 12.94095, 48.29629, 1, 1, 1, False
1234.529, 2021-07-05T16:07:42.8084790+08:00, 0, 12.94095, 48.29629, 1, 1, 1, False
1234.536, 2021-07-05T16:07:42.8158790+08:00, 0, 12.94095, 48.29629, 1, 1, 1, False
1234.545, 2021-07-05T16:07:42.8241940+08:00, 0, 12.94095, 48.29629, 1, 1, 1, False
1234.553, 2021-07-05T16:07:42.8319450+08:00, 0, 12.94095, 48.29629, 1, 1, 1, False
1234.561, 2021-07-05T16:07:42.8399700+08:00, 0, 12.94095, 48.29629, 1, 1, 1, False
1234.568, 2021-07-05T16:07:42.8474850+08:00, 0, 12.94095, 48.29629, 1, 1, 1, False
1234.577, 2021-07-05T16:07:42.8562570+08:00, 0, 12.94095, 48.29629, 1, 1, 1, False
1234.584, 2021-07-05T16:07:42.8639180+08:00, 0, 12.94095, 48.29629, 1, 1, 1, False
1234.592, 2021-07-05T16:07:42.8710100+08:00, 0, 12.94095, 48.29629, 1, 1, 1, False
1234.596, 2021-07-05T16:07:42.8751240+08:00, 0, 12.94095, 48.29629, 1, 1, 1, False
1234.6, 2021-07-05T16:07:42.8791000+08:00, 0, 12.94095, 48.29629, 1, 1, 1, False
1234.604, 2021-07-05T16:07:42.8833390+08:00, 0, 12.94095, 48.29629, 1, 1, 1, False
1234.608, 2021-07-05T16:07:42.8869130+08:00, 0, 12.94095, 48.29629, 1, 1, 1, False
1234.611, 2021-07-05T16:07:42.8907880+08:00, 0, 12.94095, 48.29629, 1, 1, 1, False
1234.617, 2021-07-05T16:07:42.8962110+08:00, 0, 12.94095, 48.29629, 1, 1, 1, False
1234.625, 2021-07-05T16:07:42.9039540+08:00, 0, 12.94095, 48.29629, 1, 1, 1, False
1234.633, 2021-07-05T16:07:42.9121010+08:00, 0, 12.94095, 48.29629, 1, 1, 1, False
1234.641, 2021-07-05T16:07:42.9200170+08:00, 0, 12.94095, 48.29629, 1, 1, 1, False
1234.649, 2021-07-05T16:07:42.9279900+08:00, 0, 12.94095, 48.29629, 1, 1, 1, False
1234.656, 2021-07-05T16:07:42.9354160+08:00, 0, 12.94095, 48.29629, 1, 1, 1, False
1234.66, 2021-07-05T16:07:42.9390460+08:00, 0, 12.94095, 48.29629, 1, 1, 1, False
1234.664, 2021-07-05T16:07:42.9430150+08:00, 0, 12.94095, 48.29629, 1, 1, 1, False
1234.668, 2021-07-05T16:07:42.9469190+08:00, 0, 12.94095, 48.29629, 1, 1, 1, False
1234.673, 2021-07-05T16:07:42.9522700+08:00, 0, 12.94095, 48.29629, 1, 1, 1, False
1234.68, 2021-07-05T16:07:42.9591500+08:00, 0, 12.94095, 48.29629, 1, 1, 1, False
1234.686, 2021-07-05T16:07:42.9649320+08:00, 0, 12.94095, 48.29629, 1, 1, 1, False
1234.692, 2021-07-05T16:07:42.9710730+08:00, 0, 12.94095, 48.29629, 1, 1, 1, False
1234.698, 2021-07-05T16:07:42.9772070+08:00, 0, 12.94095, 48.29629, 1, 1, 1, False
1234.704, 2021-07-05T16:07:42.9838210+08:00, 0, 12.94095, 48.29629, 1, 1, 1, False
1234.711, 2021-07-05T16:07:42.9899600+08:00, 0, 12.94095, 48.29629, 1, 1, 1, False
1234.716, 2021-07-05T16:07:42.9957370+08:00, 0, 12.94095, 48.29629, 1, 1, 1, False
1234.725, 2021-07-05T16:07:43.0040500+08:00, 0, 12.94095, 48.29629, 1, 1, 1, False
1234.733, 2021-07-05T16:07:43.0119400+08:00, 0, 12.94095, 48.29629, 1, 1, 1, False
1234.74, 2021-07-05T16:07:43.0198400+08:00, 0, 12.94095, 48.29629, 1, 1, 1, False
1234.749, 2021-07-05T16:07:43.0279100+08:00, 0, 12.94095, 48.29629, 1, 1, 1, False
1234.756, 2021-07-05T16:07:43.0356170+08:00, 0, 12.94095, 48.29629, 1, 1, 1, False
1234.764, 2021-07-05T16:07:43.0433020+08:00, 0, 12.94095, 48.29629, 1, 1, 1, False
1234.768, 2021-07-05T16:07:43.0470550+08:00, 0, 12.94095, 48.29629, 1, 1, 1, False
1234.772, 2021-07-05T16:07:43.0511900+08:00, 0, 12.94095, 48.29629, 1, 1, 1, False
1234.776, 2021-07-05T16:07:43.0549660+08:00, 0, 12.94095, 48.29629, 1, 1, 1, False
1234.78, 2021-07-05T16:07:43.0589840+08:00, 0, 12.94095, 48.29629, 1, 1, 1, False
1234.786, 2021-07-05T16:07:43.0648700+08:00, 0, 12.94095, 48.29629, 1, 1, 1, False
1234.792, 2021-07-05T16:07:43.0712830+08:00, 0, 12.94095, 48.29629, 1, 1, 1, False
1234.798, 2021-07-05T16:07:43.0769860+08:00, 0, 12.94095, 48.29629, 1, 1, 1, False
1234.804, 2021-07-05T16:07:43.0837540+08:00, 0, 12.94095, 48.29629, 1, 1, 1, False
1234.81, 2021-07-05T16:07:43.0897980+08:00, 0, 12.94095, 48.29629, 1, 1, 1, False
1234.817, 2021-07-05T16:07:43.0960230+08:00, 0, 12.94095, 48.29629, 1, 1, 1, False
1234.824, 2021-07-05T16:07:43.1038730+08:00, 0, 12.94095, 48.29629, 1, 1, 1, False
1234.833, 2021-07-05T16:07:43.1119580+08:00, 0, 12.94095, 48.29629, 1, 1, 1, False
1234.841, 2021-07-05T16:07:43.1201480+08:00, 0, 12.94095, 48.29629, 1, 1, 1, False
1234.855, 2021-07-05T16:07:43.1345960+08:00, 0, 12.94095, 48.29629, 1, 1, 1, False
1234.86, 2021-07-05T16:07:43.1394880+08:00, 0, 12.94095, 48.29629, 1, 1, 1, False
1234.864, 2021-07-05T16:07:43.1428090+08:00, 0, 12.94095, 48.29629, 1, 1, 1, False
1234.868, 2021-07-05T16:07:43.1470910+08:00, 0, 12.94095, 48.29629, 1, 1, 1, False
1234.872, 2021-07-05T16:07:43.1512700+08:00, 0, 12.94095, 48.29629, 1, 1, 1, False
1234.875, 2021-07-05T16:07:43.1546690+08:00, 0, 12.94095, 48.29629, 1, 1, 1, False
1234.88, 2021-07-05T16:07:43.1588690+08:00, 0, 12.94095, 48.29629, 1, 1, 1, False
1234.885, 2021-07-05T16:07:43.1644220+08:00, 0, 12.94095, 48.29629, 1, 1, 1, False
1234.893, 2021-07-05T16:07:43.1718980+08:00, 0, 12.94095, 48.29629, 1, 1, 1, False
1234.898, 2021-07-05T16:07:43.1773140+08:00, 0, 12.94095, 48.29629, 1, 1, 1, False
1234.904, 2021-07-05T16:07:43.1833900+08:00, 0, 12.94095, 48.29629, 1, 1, 1, False
1234.91, 2021-07-05T16:07:43.1897600+08:00, 0, 12.94095, 48.29629, 1, 1, 1, False
1234.917, 2021-07-05T16:07:43.1961610+08:00, 0, 12.94095, 48.29629, 1, 1, 1, False
1234.924, 2021-07-05T16:07:43.2038170+08:00, 0, 12.94095, 48.29629, 1, 1, 1, False
1234.929, 2021-07-05T16:07:43.2084500+08:00, 0, 12.94095, 48.29629, 1, 1, 1, False
1234.936, 2021-07-05T16:07:43.2149580+08:00, 0, 12.94095, 48.29629, 1, 1, 1, False
1234.941, 2021-07-05T16:07:43.2205310+08:00, 0, 12.94095, 48.29629, 1, 1, 1, False
1234.949, 2021-07-05T16:07:43.2279990+08:00, 0, 12.94095, 48.29629, 1, 1, 1, False
1234.956, 2021-07-05T16:07:43.2351890+08:00, 0, 12.94095, 48.29629, 1, 1, 1, False
1234.96, 2021-07-05T16:07:43.2391670+08:00, 0, 12.94095, 48.29629, 1, 1, 1, False
1234.967, 2021-07-05T16:07:43.2459450+08:00, 0, 12.94095, 48.29629, 1, 1, 1, False
1234.973, 2021-07-05T16:07:43.2521730+08:00, 0, 12.94095, 48.29629, 1, 1, 1, False
1234.98, 2021-07-05T16:07:43.2591940+08:00, 0, 12.94095, 48.29629, 1, 1, 1, False
1234.985, 2021-07-05T16:07:43.2646620+08:00, 0, 12.94095, 48.29629, 1, 1, 1, False
1234.992, 2021-07-05T16:07:43.2710710+08:00, 0, 12.94095, 48.29629, 1, 1, 1, False
1235, 2021-07-05T16:07:43.2851650+08:00, 0, 12.94095, 48.29629, 1, 1, 1, False
1235.012, 2021-07-05T16:07:43.2914240+08:00, 0, 12.94095, 48.29629, 1, 1, 1, False
1235.016, 2021-07-05T16:07:43.2950220+08:00, 0, 12.94095, 48.29629, 1, 1, 1, False
1235.02, 2021-07-05T16:07:43.2988940+08:00, 0, 12.94095, 48.29629, 1, 1, 1, False
1235.024, 2021-07-05T16:07:43.3032660+08:00, 0, 12.94095, 48.29629, 1, 1, 1, False
1235.029, 2021-07-05T16:07:43.3081380+08:00, 0, 12.94095, 48.29629, 1, 1, 1, False
1235.037, 2021-07-05T16:07:43.3160240+08:00, 0, 12.94095, 48.29629, 1, 1, 1, False
1235.045, 2021-07-05T16:07:43.3240400+08:00, 0, 12.94095, 48.29629, 1, 1, 1, False
1235.053, 2021-07-05T16:07:43.3319620+08:00, 0, 12.94095, 48.29629, 1, 1, 1, False
1235.061, 2021-07-05T16:07:43.3401240+08:00, 0, 12.94095, 48.29629, 1, 1, 1, False
1235.068, 2021-07-05T16:07:43.3477400+08:00, 0, 12.94095, 48.29629, 1, 1, 1, False
1235.077, 2021-07-05T16:07:43.3558900+08:00, 0, 12.94095, 48.29629, 1, 1, 1, False
1235.085, 2021-07-05T16:07:43.3641640+08:00, 0, 12.94095, 48.29629, 1, 1, 1, False
1235.092, 2021-07-05T16:07:43.3712980+08:00, 0, 12.94095, 48.29629, 1, 1, 1, False
1235.096, 2021-07-05T16:07:43.3749790+08:00, 0, 12.94095, 48.29629, 1, 1, 1, False
1235.1, 2021-07-05T16:07:43.3790390+08:00, 0, 12.94095, 48.29629, 1, 1, 1, False
1235.104, 2021-07-05T16:07:43.3833740+08:00, 0, 12.94095, 48.29629, 1, 1, 1, False
1235.108, 2021-07-05T16:07:43.3868970+08:00, 0, 12.94095, 48.29629, 1, 1, 1, False
1235.112, 2021-07-05T16:07:43.3916010+08:00, 0, 12.94095, 48.29629, 1, 1, 1, False
1235.117, 2021-07-05T16:07:43.3958940+08:00, 0, 12.94095, 48.29629, 1, 1, 1, False
1235.122, 2021-07-05T16:07:43.4016670+08:00, 0, 12.94095, 48.29629, 1, 1, 1, False
1235.129, 2021-07-05T16:07:43.4083270+08:00, 0, 12.94095, 48.29629, 1, 1, 1, False
1235.137, 2021-07-05T16:07:43.4158800+08:00, 0, 12.94095, 48.29629, 1, 1, 1, False
1235.141, 2021-07-05T16:07:43.4206400+08:00, 0, 12.94095, 48.29629, 1, 1, 1, False
1235.148, 2021-07-05T16:07:43.4276450+08:00, 0, 12.94095, 48.29629, 1, 1, 1, False
1235.154, 2021-07-05T16:07:43.4334490+08:00, 0, 12.94095, 48.29629, 1, 1, 1, False
1235.16, 2021-07-05T16:07:43.4397360+08:00, 0, 12.94095, 48.29629, 1, 1, 1, False
1235.166, 2021-07-05T16:07:43.4457450+08:00, 0, 12.94095, 48.29629, 1, 1, 1, False
1235.173, 2021-07-05T16:07:43.4522050+08:00, 0, 12.94095, 48.29629, 1, 1, 1, False
1235.18, 2021-07-05T16:07:43.4589930+08:00, 0, 12.94095, 48.29629, 1, 1, 1, False
1235.185, 2021-07-05T16:07:43.4648720+08:00, 0, 12.94095, 48.29629, 1, 1, 1, False
1235.192, 2021-07-05T16:07:43.4712390+08:00, 0, 12.94095, 48.29629, 1, 1, 1, False
1235.197, 2021-07-05T16:07:43.4764400+08:00, 0, 12.94095, 48.29629, 1, 1, 1, False
1235.204, 2021-07-05T16:07:43.4834470+08:00, 0, 12.94095, 48.29629, 1, 1, 1, False
1235.21, 2021-07-05T16:07:43.4892200+08:00, 0, 12.94095, 48.29629, 1, 1, 1, False
1235.217, 2021-07-05T16:07:43.4958380+08:00, 0, 12.94095, 48.29629, 1, 1, 1, False
1235.222, 2021-07-05T16:07:43.5015660+08:00, 0, 12.94095, 48.29629, 1, 1, 1, False
1235.229, 2021-07-05T16:07:43.5079920+08:00, 0, 12.94095, 48.29629, 1, 1, 1, False
1235.237, 2021-07-05T16:07:43.5160420+08:00, 0, 12.94095, 48.29629, 1, 1, 1, False
1235.245, 2021-07-05T16:07:43.5239760+08:00, 0, 12.94095, 48.29629, 1, 1, 1, False
1235.252, 2021-07-05T16:07:43.5317890+08:00, 0, 12.94095, 48.29629, 1, 1, 1, False
1235.26, 2021-07-05T16:07:43.5396130+08:00, 0, 12.94095, 48.29629, 1, 1, 1, False
1235.264, 2021-07-05T16:07:43.5431480+08:00, 0, 12.94095, 48.29629, 1, 1, 1, False
1235.268, 2021-07-05T16:07:43.5468970+08:00, 0, 12.94095, 48.29629, 1, 1, 1, False
1235.272, 2021-07-05T16:07:43.5515760+08:00, 0, 12.94095, 48.29629, 1, 1, 1, False
1235.278, 2021-07-05T16:07:43.5573040+08:00, 0, 12.94095, 48.29629, 1, 1, 1, False
1235.285, 2021-07-05T16:07:43.5640870+08:00, 0, 12.94095, 48.29629, 1, 1, 1, False
1235.293, 2021-07-05T16:07:43.5719730+08:00, 0, 12.94095, 48.29629, 1, 1, 1, False
1235.301, 2021-07-05T16:07:43.5803460+08:00, 0, 12.94095, 48.29629, 1, 1, 1, False
1235.308, 2021-07-05T16:07:43.5873520+08:00, 0, 12.94095, 48.29629, 1, 1, 1, False
1235.317, 2021-07-05T16:07:43.5960030+08:00, 0, 12.94095, 48.29629, 1, 1, 1, False
1235.324, 2021-07-05T16:07:43.6039060+08:00, 0, 12.94095, 48.29629, 1, 1, 1, False
1235.333, 2021-07-05T16:07:43.6119080+08:00, 0, 12.94095, 48.29629, 1, 1, 1, False
1235.341, 2021-07-05T16:07:43.6202600+08:00, 0, 12.94095, 48.29629, 1, 1, 1, False
1235.348, 2021-07-05T16:07:43.6277490+08:00, 0, 12.94095, 48.29629, 1, 1, 1, False
1235.357, 2021-07-05T16:07:43.6361720+08:00, 0, 12.94095, 48.29629, 1, 1, 1, False
1235.365, 2021-07-05T16:07:43.6438810+08:00, 0, 12.94095, 48.29629, 1, 1, 1, False
1235.375, 2021-07-05T16:07:43.6544680+08:00, 0, 12.94095, 48.29629, 1, 1, 1, False
1235.38, 2021-07-05T16:07:43.6593170+08:00, 0, 12.94095, 48.29629, 1, 1, 1, False
1235.384, 2021-07-05T16:07:43.6631110+08:00, 0, 12.94095, 48.29629, 1, 1, 1, False
1235.388, 2021-07-05T16:07:43.6670580+08:00, 0, 12.94095, 48.29629, 1, 1, 1, False
1235.392, 2021-07-05T16:07:43.6712530+08:00, 0, 12.94095, 48.29629, 1, 1, 1, False
1235.396, 2021-07-05T16:07:43.6750660+08:00, 0, 12.94095, 48.29629, 1, 1, 1, False
1235.4, 2021-07-05T16:07:43.6790470+08:00, 0, 12.94095, 48.29629, 1, 1, 1, False
1235.404, 2021-07-05T16:07:43.6834300+08:00, 0, 12.94095, 48.29629, 1, 1, 1, False
1235.41, 2021-07-05T16:07:43.6897140+08:00, 0, 12.94095, 48.29629, 1, 1, 1, False
1235.417, 2021-07-05T16:07:43.6963840+08:00, 0, 12.94095, 48.29629, 1, 1, 1, False
1235.424, 2021-07-05T16:07:43.7037610+08:00, 0, 12.94095, 48.29629, 1, 1, 1, False
1235.43, 2021-07-05T16:07:43.7089940+08:00, 0, 12.94095, 48.29629, 1, 1, 1, False
1235.437, 2021-07-05T16:07:43.7158640+08:00, 0, 12.94095, 48.29629, 1, 1, 1, False
1235.442, 2021-07-05T16:07:43.7215070+08:00, 0, 12.94095, 48.29629, 1, 1, 1, False
1235.448, 2021-07-05T16:07:43.7276420+08:00, 0, 12.94095, 48.29629, 1, 1, 1, False
1235.457, 2021-07-05T16:07:43.7359150+08:00, 0, 12.94095, 48.29629, 1, 1, 1, False
1235.464, 2021-07-05T16:07:43.7437720+08:00, 0, 12.94095, 48.29629, 1, 1, 1, False
1235.473, 2021-07-05T16:07:43.7523500+08:00, 0, 12.94095, 48.29629, 1, 1, 1, False
1235.48, 2021-07-05T16:07:43.7592360+08:00, 0, 12.94095, 48.29629, 1, 1, 1, False
1235.484, 2021-07-05T16:07:43.7630110+08:00, 0, 12.94095, 48.29629, 1, 1, 1, False
1235.488, 2021-07-05T16:07:43.7671000+08:00, 0, 12.94095, 48.29629, 1, 1, 1, False
1235.492, 2021-07-05T16:07:43.7713490+08:00, 0, 12.94095, 48.29629, 1, 1, 1, False
1235.498, 2021-07-05T16:07:43.7777010+08:00, 0, 12.94095, 48.29629, 1, 1, 1, False
1235.505, 2021-07-05T16:07:43.7842710+08:00, 0, 12.94095, 48.29629, 1, 1, 1, False
1235.512, 2021-07-05T16:07:43.7912430+08:00, 0, 12.94095, 48.29629, 1, 1, 1, False
1235.517, 2021-07-05T16:07:43.7964760+08:00, 0, 12.94095, 48.29629, 1, 1, 1, False
1235.525, 2021-07-05T16:07:43.8039360+08:00, 0, 12.94095, 48.29629, 1, 1, 1, False
1235.53, 2021-07-05T16:07:43.8092650+08:00, 0, 12.94095, 48.29629, 1, 1, 1, False
1235.536, 2021-07-05T16:07:43.8157040+08:00, 0, 12.94095, 48.29629, 1, 1, 1, False
1235.542, 2021-07-05T16:07:43.8218180+08:00, 0, 12.94095, 48.29629, 1, 1, 1, False
1235.549, 2021-07-05T16:07:43.8280190+08:00, 0, 12.94095, 48.29629, 1, 1, 1, False
1235.556, 2021-07-05T16:07:43.8357020+08:00, 0, 12.94095, 48.29629, 1, 1, 1, False
1235.565, 2021-07-05T16:07:43.8439620+08:00, 0, 12.94095, 48.29629, 1, 1, 1, False
1235.573, 2021-07-05T16:07:43.8520880+08:00, 0, 12.94095, 48.29629, 1, 1, 1, False
1235.58, 2021-07-05T16:07:43.8591860+08:00, 0, 12.94095, 48.29629, 1, 1, 1, False
1235.584, 2021-07-05T16:07:43.8631220+08:00, 0, 12.94095, 48.29629, 1, 1, 1, False
1235.588, 2021-07-05T16:07:43.8668960+08:00, 0, 12.94095, 48.29629, 1, 1, 1, False
1235.592, 2021-07-05T16:07:43.8713940+08:00, 0, 12.94095, 48.29629, 1, 1, 1, False
1235.598, 2021-07-05T16:07:43.8774000+08:00, 0, 12.94095, 48.29629, 1, 1, 1, False
1235.605, 2021-07-05T16:07:43.8841030+08:00, 0, 12.94095, 48.29629, 1, 1, 1, False
1235.612, 2021-07-05T16:07:43.8910470+08:00, 0, 12.94095, 48.29629, 1, 1, 1, False
1235.617, 2021-07-05T16:07:43.8962350+08:00, 0, 12.94095, 48.29629, 1, 1, 1, False
1235.625, 2021-07-05T16:07:43.9041230+08:00, 0, 12.94095, 48.29629, 1, 1, 1, False
1235.633, 2021-07-05T16:07:43.9120230+08:00, 0, 12.94095, 48.29629, 1, 1, 1, False
1235.641, 2021-07-05T16:07:43.9201160+08:00, 0, 12.94095, 48.29629, 1, 1, 1, False
1235.649, 2021-07-05T16:07:43.9279300+08:00, 0, 12.94095, 48.29629, 1, 1, 1, False
1235.656, 2021-07-05T16:07:43.9354810+08:00, 0, 12.94095, 48.29629, 1, 1, 1, False
1235.66, 2021-07-05T16:07:43.9390770+08:00, 0, 12.94095, 48.29629, 1, 1, 1, False
1235.664, 2021-07-05T16:07:43.9429660+08:00, 0, 12.94095, 48.29629, 1, 1, 1, False
1235.668, 2021-07-05T16:07:43.9468920+08:00, 0, 12.94095, 48.29629, 1, 1, 1, False
1235.673, 2021-07-05T16:07:43.9525300+08:00, 0, 12.94095, 48.29629, 1, 1, 1, False
1235.68, 2021-07-05T16:07:43.9595380+08:00, 0, 12.94095, 48.29629, 1, 1, 1, False
1235.686, 2021-07-05T16:07:43.9653200+08:00, 0, 12.94095, 48.29629, 1, 1, 1, False
1235.693, 2021-07-05T16:07:43.9719270+08:00, 0, 12.94095, 48.29629, 1, 1, 1, False
1235.698, 2021-07-05T16:07:43.9776870+08:00, 0, 12.94095, 48.29629, 1, 1, 1, False
1235.705, 2021-07-05T16:07:43.9844470+08:00, 0, 12.94095, 48.29629, 1, 1, 1, False
1235.712, 2021-07-05T16:07:43.9913080+08:00, 0, 12.94095, 48.29629, 1, 1, 1, False
1235.717, 2021-07-05T16:07:43.9966070+08:00, 0, 12.94095, 48.29629, 1, 1, 1, False
1235.724, 2021-07-05T16:07:44.0037800+08:00, 0, 12.94095, 48.29629, 1, 1, 1, False
1235.73, 2021-07-05T16:07:44.0093860+08:00, 0, 12.94095, 48.29629, 1, 1, 1, False
1235.736, 2021-07-05T16:07:44.0156130+08:00, 0, 12.94095, 48.29629, 1, 1, 1, False
1235.742, 2021-07-05T16:07:44.0216050+08:00, 0, 12.94095, 48.29629, 1, 1, 1, False
1235.749, 2021-07-05T16:07:44.0281480+08:00, 0, 12.94095, 48.29629, 1, 1, 1, False
1235.757, 2021-07-05T16:07:44.0363860+08:00, 0, 12.94095, 48.29629, 1, 1, 1, False
1235.764, 2021-07-05T16:07:44.0435880+08:00, 0, 12.94095, 48.29629, 1, 1, 1, False
1235.768, 2021-07-05T16:07:44.0472320+08:00, 0, 12.94095, 48.29629, 1, 1, 1, False
1235.773, 2021-07-05T16:07:44.0527410+08:00, 0, 12.94095, 48.29629, 1, 1, 1, False
1235.78, 2021-07-05T16:07:44.0592990+08:00, 0, 12.94095, 48.29629, 1, 1, 1, False
1235.786, 2021-07-05T16:07:44.0657750+08:00, 0, 12.94095, 48.29629, 1, 1, 1, False
1235.792, 2021-07-05T16:07:44.0716850+08:00, 0, 12.94095, 48.29629, 1, 1, 1, False
1235.799, 2021-07-05T16:07:44.0781240+08:00, 0, 12.94095, 48.29629, 1, 1, 1, False
1235.805, 2021-07-05T16:07:44.0844570+08:00, 0, 12.94095, 48.29629, 1, 1, 1, False
1235.812, 2021-07-05T16:07:44.0913040+08:00, 0, 12.94095, 48.29629, 1, 1, 1, False
1235.818, 2021-07-05T16:07:44.0968480+08:00, 0, 12.94095, 48.29629, 1, 1, 1, False
1235.824, 2021-07-05T16:07:44.1037590+08:00, 0, 12.94095, 48.29629, 1, 1, 1, False
1235.83, 2021-07-05T16:07:44.1090260+08:00, 0, 12.94095, 48.29629, 1, 1, 1, False
1235.837, 2021-07-05T16:07:44.1160100+08:00, 0, 12.94095, 48.29629, 1, 1, 1, False
1235.845, 2021-07-05T16:07:44.1240600+08:00, 0, 12.94095, 48.29629, 1, 1, 1, False
1235.853, 2021-07-05T16:07:44.1320160+08:00, 0, 12.94095, 48.29629, 1, 1, 1, False
1235.861, 2021-07-05T16:07:44.1400210+08:00, 0, 12.94095, 48.29629, 1, 1, 1, False
1235.869, 2021-07-05T16:07:44.1480630+08:00, 0, 12.94095, 48.29629, 1, 1, 1, False
1235.877, 2021-07-05T16:07:44.1559390+08:00, 0, 12.94095, 48.29629, 1, 1, 1, False
1235.885, 2021-07-05T16:07:44.1639370+08:00, 0, 12.94095, 48.29629, 1, 1, 1, False
1235.892, 2021-07-05T16:07:44.1715260+08:00, 0, 12.94095, 48.29629, 1, 1, 1, False
1235.896, 2021-07-05T16:07:44.1751590+08:00, 0, 12.94095, 48.29629, 1, 1, 1, False
1235.9, 2021-07-05T16:07:44.1789600+08:00, 0, 12.94095, 48.29629, 1, 1, 1, False
1235.904, 2021-07-05T16:07:44.1834550+08:00, 0, 12.94095, 48.29629, 1, 1, 1, False
1235.908, 2021-07-05T16:07:44.1868890+08:00, 0, 12.94095, 48.29629, 1, 1, 1, False
1235.912, 2021-07-05T16:07:44.1910290+08:00, 0, 12.94095, 48.29629, 1, 1, 1, False
1235.917, 2021-07-05T16:07:44.1966420+08:00, 0, 12.94095, 48.29629, 1, 1, 1, False
1235.924, 2021-07-05T16:07:44.2037910+08:00, 0, 12.94095, 48.29629, 1, 1, 1, False
1235.93, 2021-07-05T16:07:44.2091770+08:00, 0, 12.94095, 48.29629, 1, 1, 1, False
1235.936, 2021-07-05T16:07:44.2155970+08:00, 0, 12.94095, 48.29629, 1, 1, 1, False
1235.942, 2021-07-05T16:07:44.2216990+08:00, 0, 12.94095, 48.29629, 1, 1, 1, False
1235.948, 2021-07-05T16:07:44.2278440+08:00, 0, 12.94095, 48.29629, 1, 1, 1, False
1235.955, 2021-07-05T16:07:44.2341410+08:00, 0, 12.94095, 48.29629, 1, 1, 1, False
1235.961, 2021-07-05T16:07:44.2401160+08:00, 0, 12.94095, 48.29629, 1, 1, 1, False
1235.968, 2021-07-05T16:07:44.2470550+08:00, 0, 12.94095, 48.29629, 1, 1, 1, False
1235.974, 2021-07-05T16:07:44.2528250+08:00, 0, 12.94095, 48.29629, 1, 1, 1, False
1235.98, 2021-07-05T16:07:44.2592960+08:00, 0, 12.94095, 48.29629, 1, 1, 1, False
1235.986, 2021-07-05T16:07:44.2651180+08:00, 0, 12.94095, 48.29629, 1, 1, 1, False
1235.993, 2021-07-05T16:07:44.2718670+08:00, 0, 12.94095, 48.29629, 1, 1, 1, False
1235.998, 2021-07-05T16:07:44.2773480+08:00, 0, 12.94095, 48.29629, 1, 1, 1, False
1236.005, 2021-07-05T16:07:44.2840680+08:00, 0, 12.94095, 48.29629, 1, 1, 1, False
1236.012, 2021-07-05T16:07:44.2914190+08:00, 0, 12.94095, 48.29629, 1, 1, 1, False
1236.021, 2021-07-05T16:07:44.3003140+08:00, 0, 12.94095, 48.29629, 1, 1, 1, False
1236.028, 2021-07-05T16:07:44.3072570+08:00, 0, 12.94095, 48.29629, 1, 1, 1, False
1236.032, 2021-07-05T16:07:44.3109050+08:00, 0, 12.94095, 48.29629, 1, 1, 1, False
1236.036, 2021-07-05T16:07:44.3154540+08:00, 0, 12.94095, 48.29629, 1, 1, 1, False
1236.043, 2021-07-05T16:07:44.3221040+08:00, 0, 12.94095, 48.29629, 1, 1, 1, False
1236.049, 2021-07-05T16:07:44.3282490+08:00, 0, 12.94095, 48.29629, 1, 1, 1, False
1236.056, 2021-07-05T16:07:44.3351420+08:00, 0, 12.94095, 48.29629, 1, 1, 1, False
1236.063, 2021-07-05T16:07:44.3418730+08:00, 0, 12.94095, 48.29629, 1, 1, 1, False
1236.069, 2021-07-05T16:07:44.3482010+08:00, 0, 12.94095, 48.29629, 1, 1, 1, False
1236.076, 2021-07-05T16:07:44.3556810+08:00, 0, 12.94095, 48.29629, 1, 1, 1, False
1236.083, 2021-07-05T16:07:44.3626350+08:00, 0, 12.94095, 48.29629, 1, 1, 1, False
1236.092, 2021-07-05T16:07:44.3771270+08:00, 0, 12.94095, 48.29629, 1, 1, 1, False
1236.104, 2021-07-05T16:07:44.3836380+08:00, 0, 12.94095, 48.29629, 1, 1, 1, False
1236.108, 2021-07-05T16:07:44.3868910+08:00, 0, 12.94095, 48.29629, 1, 1, 1, False
1236.112, 2021-07-05T16:07:44.3916400+08:00, 0, 12.94095, 48.29629, 1, 1, 1, False
1236.116, 2021-07-05T16:07:44.3949850+08:00, 0, 12.94095, 48.29629, 1, 1, 1, False
1236.122, 2021-07-05T16:07:44.4011070+08:00, 0, 12.94095, 48.29629, 1, 1, 1, False
1236.128, 2021-07-05T16:07:44.4077390+08:00, 0, 12.94095, 48.29629, 1, 1, 1, False
1236.134, 2021-07-05T16:07:44.4135040+08:00, 0, 12.94095, 48.29629, 1, 1, 1, False
1236.14, 2021-07-05T16:07:44.4196860+08:00, 0, 12.94095, 48.29629, 1, 1, 1, False
1236.147, 2021-07-05T16:07:44.4261650+08:00, 0, 12.94095, 48.29629, 1, 1, 1, False
1236.153, 2021-07-05T16:07:44.4322910+08:00, 0, 12.94095, 48.29629, 1, 1, 1, False
1236.16, 2021-07-05T16:07:44.4395520+08:00, 0, 12.94095, 48.29629, 1, 1, 1, False
1236.179, 2021-07-05T16:07:44.4580820+08:00, 0, 12.94095, 48.29629, 1, 1, 1, False
1236.184, 2021-07-05T16:07:44.4633580+08:00, 0, 12.94095, 48.29629, 1, 1, 1, False
1236.188, 2021-07-05T16:07:44.4669940+08:00, 0, 12.94095, 48.29629, 1, 1, 1, False
1236.192, 2021-07-05T16:07:44.4711940+08:00, 0, 12.94095, 48.29629, 1, 1, 1, False
1236.196, 2021-07-05T16:07:44.4749320+08:00, 0, 12.94095, 48.29629, 1, 1, 1, False
1236.2, 2021-07-05T16:07:44.4791570+08:00, 0, 12.94095, 48.29629, 1, 1, 1, False
1236.204, 2021-07-05T16:07:44.4831030+08:00, 0, 12.94095, 48.29629, 1, 1, 1, False
1236.209, 2021-07-05T16:07:44.4879810+08:00, 0, 12.94095, 48.29629, 1, 1, 1, False
1236.214, 2021-07-05T16:07:44.4937400+08:00, 0, 12.94095, 48.29629, 1, 1, 1, False
1236.221, 2021-07-05T16:07:44.5004010+08:00, 0, 12.94095, 48.29629, 1, 1, 1, False
1236.228, 2021-07-05T16:07:44.5070080+08:00, 0, 12.94095, 48.29629, 1, 1, 1, False
1236.233, 2021-07-05T16:07:44.5125530+08:00, 0, 12.94095, 48.29629, 1, 1, 1, False
1236.24, 2021-07-05T16:07:44.5198820+08:00, 0, 12.94095, 48.29629, 1, 1, 1, False
1236.246, 2021-07-05T16:07:44.5254530+08:00, 0, 12.94095, 48.29629, 1, 1, 1, False
1236.252, 2021-07-05T16:07:44.5314480+08:00, 0, 12.94095, 48.29629, 1, 1, 1, False
1236.259, 2021-07-05T16:07:44.5380390+08:00, 0, 12.94095, 48.29629, 1, 1, 1, False
1236.265, 2021-07-05T16:07:44.5442500+08:00, 0, 12.94095, 48.29629, 1, 1, 1, False
1236.272, 2021-07-05T16:07:44.5515320+08:00, 0, 12.94095, 48.29629, 1, 1, 1, False
1236.28, 2021-07-05T16:07:44.5595050+08:00, 0, 12.94095, 48.29629, 1, 1, 1, False
1236.289, 2021-07-05T16:07:44.5682480+08:00, 0, 12.94095, 48.29629, 1, 1, 1, False
1236.297, 2021-07-05T16:07:44.5762690+08:00, 0, 12.94095, 48.29629, 1, 1, 1, False
1236.304, 2021-07-05T16:07:44.5838900+08:00, 0, 12.94095, 48.29629, 1, 1, 1, False
1236.313, 2021-07-05T16:07:44.5921190+08:00, 0, 12.94095, 48.29629, 1, 1, 1, False
1236.32, 2021-07-05T16:07:44.5997390+08:00, 0, 12.94095, 48.29629, 1, 1, 1, False
1236.324, 2021-07-05T16:07:44.6029510+08:00, 0, 12.94095, 48.29629, 1, 1, 1, False
1236.328, 2021-07-05T16:07:44.6067880+08:00, 0, 12.94095, 48.29629, 1, 1, 1, False
1236.332, 2021-07-05T16:07:44.6111450+08:00, 0, 12.94095, 48.29629, 1, 1, 1, False
1236.336, 2021-07-05T16:07:44.6150180+08:00, 0, 12.94095, 48.29629, 1, 1, 1, False
1236.34, 2021-07-05T16:07:44.6192140+08:00, 0, 12.94095, 48.29629, 1, 1, 1, False
1236.346, 2021-07-05T16:07:44.6250180+08:00, 0, 12.94095, 48.29629, 1, 1, 1, False
1236.352, 2021-07-05T16:07:44.6317700+08:00, 0, 12.94095, 48.29629, 1, 1, 1, False
1236.361, 2021-07-05T16:07:44.6402810+08:00, 0, 12.94095, 48.29629, 1, 1, 1, False
1236.369, 2021-07-05T16:07:44.6479720+08:00, 0, 12.94095, 48.29629, 1, 1, 1, False
1236.377, 2021-07-05T16:07:44.6559520+08:00, 0, 12.94095, 48.29629, 1, 1, 1, False
1236.384, 2021-07-05T16:07:44.6634210+08:00, 0, 12.94095, 48.29629, 1, 1, 1, False
1236.388, 2021-07-05T16:07:44.6670420+08:00, 0, 12.94095, 48.29629, 1, 1, 1, False
1236.392, 2021-07-05T16:07:44.6708850+08:00, 0, 12.94095, 48.29629, 1, 1, 1, False
1236.396, 2021-07-05T16:07:44.6750340+08:00, 0, 12.94095, 48.29629, 1, 1, 1, False
1236.402, 2021-07-05T16:07:44.6817890+08:00, 0, 12.94095, 48.29629, 1, 1, 1, False
1236.408, 2021-07-05T16:07:44.6877900+08:00, 0, 12.94095, 48.29629, 1, 1, 1, False
1236.415, 2021-07-05T16:07:44.6944190+08:00, 0, 12.94095, 48.29629, 1, 1, 1, False
1236.421, 2021-07-05T16:07:44.7006760+08:00, 0, 12.94095, 48.29629, 1, 1, 1, False
1236.428, 2021-07-05T16:07:44.7075930+08:00, 0, 12.94095, 48.29629, 1, 1, 1, False
1236.434, 2021-07-05T16:07:44.7129890+08:00, 0, 12.94095, 48.29629, 1, 1, 1, False
1236.44, 2021-07-05T16:07:44.7196770+08:00, 0, 12.94095, 48.29629, 1, 1, 1, False
1236.448, 2021-07-05T16:07:44.7278170+08:00, 0, 12.94095, 48.29629, 1, 1, 1, False
1236.457, 2021-07-05T16:07:44.7362540+08:00, 0, 12.94095, 48.29629, 1, 1, 1, False
1236.464, 2021-07-05T16:07:44.7433480+08:00, 0, 12.94095, 48.29629, 1, 1, 1, False
1236.468, 2021-07-05T16:07:44.7470650+08:00, 0, 12.94095, 48.29629, 1, 1, 1, False
1236.472, 2021-07-05T16:07:44.7508680+08:00, 0, 12.94095, 48.29629, 1, 1, 1, False
1236.477, 2021-07-05T16:07:44.7563930+08:00, 0, 12.94095, 48.29629, 1, 1, 1, False
1236.484, 2021-07-05T16:07:44.7631900+08:00, 0, 12.94095, 48.29629, 1, 1, 1, False
1236.49, 2021-07-05T16:07:44.7693290+08:00, 0, 12.94095, 48.29629, 1, 1, 1, False
1236.496, 2021-07-05T16:07:44.7754740+08:00, 0, 12.94095, 48.29629, 1, 1, 1, False
1236.503, 2021-07-05T16:07:44.7819390+08:00, 0, 12.94095, 48.29629, 1, 1, 1, False
1236.509, 2021-07-05T16:07:44.7882390+08:00, 0, 12.94095, 48.29629, 1, 1, 1, False
1236.517, 2021-07-05T16:07:44.7960210+08:00, 0, 12.94095, 48.29629, 1, 1, 1, False
1236.525, 2021-07-05T16:07:44.8039580+08:00, 0, 12.94095, 48.29629, 1, 1, 1, False
1236.533, 2021-07-05T16:07:44.8119520+08:00, 0, 12.94095, 48.29629, 1, 1, 1, False
1236.541, 2021-07-05T16:07:44.8200030+08:00, 0, 12.94095, 48.29629, 1, 1, 1, False
1236.548, 2021-07-05T16:07:44.8276750+08:00, 0, 12.94095, 48.29629, 1, 1, 1, False
1236.557, 2021-07-05T16:07:44.8361550+08:00, 0, 12.94095, 48.29629, 1, 1, 1, False
1236.564, 2021-07-05T16:07:44.8438730+08:00, 0, 12.94095, 48.29629, 1, 1, 1, False
1236.572, 2021-07-05T16:07:44.8512850+08:00, 0, 12.94095, 48.29629, 1, 1, 1, False
1236.576, 2021-07-05T16:07:44.8552980+08:00, 0, 12.94095, 48.29629, 1, 1, 1, False
1236.58, 2021-07-05T16:07:44.8590710+08:00, 0, 12.94095, 48.29629, 1, 1, 1, False
1236.584, 2021-07-05T16:07:44.8631620+08:00, 0, 12.94095, 48.29629, 1, 1, 1, False
1236.588, 2021-07-05T16:07:44.8672540+08:00, 0, 12.94095, 48.29629, 1, 1, 1, False
1236.592, 2021-07-05T16:07:44.8708770+08:00, 0, 12.94095, 48.29629, 1, 1, 1, False
1236.596, 2021-07-05T16:07:44.8750370+08:00, 0, 12.94095, 48.29629, 1, 1, 1, False
1236.602, 2021-07-05T16:07:44.8811790+08:00, 0, 12.94095, 48.29629, 1, 1, 1, False
1236.608, 2021-07-05T16:07:44.8874360+08:00, 0, 12.94095, 48.29629, 1, 1, 1, False
1236.614, 2021-07-05T16:07:44.8937400+08:00, 0, 12.94095, 48.29629, 1, 1, 1, False
1236.62, 2021-07-05T16:07:44.8996230+08:00, 0, 12.94095, 48.29629, 1, 1, 1, False
1236.627, 2021-07-05T16:07:44.9063020+08:00, 0, 12.94095, 48.29629, 1, 1, 1, False
1236.633, 2021-07-05T16:07:44.9125120+08:00, 0, 12.94095, 48.29629, 1, 1, 1, False
1236.641, 2021-07-05T16:07:44.9199430+08:00, 0, 12.94095, 48.29629, 1, 1, 1, False
1236.648, 2021-07-05T16:07:44.9276390+08:00, 0, 12.94095, 48.29629, 1, 1, 1, False
1236.652, 2021-07-05T16:07:44.9310630+08:00, 0, 12.94095, 48.29629, 1, 1, 1, False
1236.657, 2021-07-05T16:07:44.9368290+08:00, 0, 12.94095, 48.29629, 1, 1, 1, False
1236.664, 2021-07-05T16:07:44.9435690+08:00, 0, 12.94095, 48.29629, 1, 1, 1, False
1236.671, 2021-07-05T16:07:44.9498540+08:00, 0, 12.94095, 48.29629, 1, 1, 1, False
1236.676, 2021-07-05T16:07:44.9556130+08:00, 0, 12.94095, 48.29629, 1, 1, 1, False
1236.683, 2021-07-05T16:07:44.9624470+08:00, 0, 12.94095, 48.29629, 1, 1, 1, False
1236.689, 2021-07-05T16:07:44.9688000+08:00, 0, 12.94095, 48.29629, 1, 1, 1, False
1236.696, 2021-07-05T16:07:44.9756320+08:00, 0, 12.94095, 48.29629, 1, 1, 1, False
1236.705, 2021-07-05T16:07:44.9839690+08:00, 0, 12.94095, 48.29629, 1, 1, 1, False
1236.713, 2021-07-05T16:07:44.9921160+08:00, 0, 12.94095, 48.29629, 1, 1, 1, False
1236.72, 2021-07-05T16:07:44.9999040+08:00, 0, 12.94095, 48.29629, 1, 1, 1, False
1236.728, 2021-07-05T16:07:45.0073950+08:00, 0, 12.94095, 48.29629, 1, 1, 1, False
1236.732, 2021-07-05T16:07:45.0109990+08:00, 0, 12.94095, 48.29629, 1, 1, 1, False
1236.736, 2021-07-05T16:07:45.0150010+08:00, 0, 12.94095, 48.29629, 1, 1, 1, False
1236.74, 2021-07-05T16:07:45.0190840+08:00, 0, 12.94095, 48.29629, 1, 1, 1, False
1236.745, 2021-07-05T16:07:45.0244530+08:00, 0, 12.94095, 48.29629, 1, 1, 1, False
1236.753, 2021-07-05T16:07:45.0320670+08:00, 0, 12.94095, 48.29629, 1, 1, 1, False
1236.761, 2021-07-05T16:07:45.0402700+08:00, 0, 12.94095, 48.29629, 1, 1, 1, False
1236.768, 2021-07-05T16:07:45.0478240+08:00, 0, 12.94095, 48.29629, 1, 1, 1, False
1236.777, 2021-07-05T16:07:45.0560140+08:00, 0, 12.94095, 48.29629, 1, 1, 1, False
1236.785, 2021-07-05T16:07:45.0639690+08:00, 0, 12.94095, 48.29629, 1, 1, 1, False
1236.793, 2021-07-05T16:07:45.0719260+08:00, 0, 12.94095, 48.29629, 1, 1, 1, False
1236.801, 2021-07-05T16:07:45.0799620+08:00, 0, 12.94095, 48.29629, 1, 1, 1, False
1236.808, 2021-07-05T16:07:45.0872990+08:00, 0, 12.94095, 48.29629, 1, 1, 1, False
1236.812, 2021-07-05T16:07:45.0911390+08:00, 0, 12.94095, 48.29629, 1, 1, 1, False
1236.816, 2021-07-05T16:07:45.0949820+08:00, 0, 12.94095, 48.29629, 1, 1, 1, False
1236.82, 2021-07-05T16:07:45.0994010+08:00, 0, 12.94095, 48.29629, 1, 1, 1, False
1236.824, 2021-07-05T16:07:45.1030400+08:00, 0, 12.94095, 48.29629, 1, 1, 1, False
1236.828, 2021-07-05T16:07:45.1072160+08:00, 0, 12.94095, 48.29629, 1, 1, 1, False
1236.832, 2021-07-05T16:07:45.1116610+08:00, 0, 12.94095, 48.29629, 1, 1, 1, False
1236.838, 2021-07-05T16:07:45.1175160+08:00, 0, 12.94095, 48.29629, 1, 1, 1, False
1236.845, 2021-07-05T16:07:45.1241330+08:00, 0, 12.94095, 48.29629, 1, 1, 1, False
1236.853, 2021-07-05T16:07:45.1321160+08:00, 0, 12.94095, 48.29629, 1, 1, 1, False
1236.86, 2021-07-05T16:07:45.1391460+08:00, 0, 12.94095, 48.29629, 1, 1, 1, False
1236.864, 2021-07-05T16:07:45.1431020+08:00, 0, 12.94095, 48.29629, 1, 1, 1, False
1236.87, 2021-07-05T16:07:45.1492870+08:00, 0, 12.94095, 48.29629, 1, 1, 1, False
1236.876, 2021-07-05T16:07:45.1556460+08:00, 0, 12.94095, 48.29629, 1, 1, 1, False
1236.882, 2021-07-05T16:07:45.1615890+08:00, 0, 12.94095, 48.29629, 1, 1, 1, False
1236.889, 2021-07-05T16:07:45.1681330+08:00, 0, 12.94095, 48.29629, 1, 1, 1, False
1236.895, 2021-07-05T16:07:45.1740590+08:00, 0, 12.94095, 48.29629, 1, 1, 1, False
1236.901, 2021-07-05T16:07:45.1807480+08:00, 0, 12.94095, 48.29629, 1, 1, 1, False
1236.908, 2021-07-05T16:07:45.1874680+08:00, 0, 12.94095, 48.29629, 1, 1, 1, False
1236.917, 2021-07-05T16:07:45.1960400+08:00, 0, 12.94095, 48.29629, 1, 1, 1, False
1236.924, 2021-07-05T16:07:45.2038750+08:00, 0, 12.94095, 48.29629, 1, 1, 1, False
1236.932, 2021-07-05T16:07:45.2112420+08:00, 0, 12.94095, 48.29629, 1, 1, 1, False
1236.936, 2021-07-05T16:07:45.2150520+08:00, 0, 12.94095, 48.29629, 1, 1, 1, False
1236.94, 2021-07-05T16:07:45.2190580+08:00, 0, 12.94095, 48.29629, 1, 1, 1, False
1236.944, 2021-07-05T16:07:45.2234200+08:00, 0, 12.94095, 48.29629, 1, 1, 1, False
1236.951, 2021-07-05T16:07:45.2300150+08:00, 0, 12.94095, 48.29629, 1, 1, 1, False
1236.978, 2021-07-05T16:07:45.2575740+08:00, 0, 12.94095, 48.29629, 1, 1, 1, False
1236.984, 2021-07-05T16:07:45.2632970+08:00, 0, 12.94095, 48.29629, 1, 1, 1, False
1236.988, 2021-07-05T16:07:45.2670150+08:00, 0, 12.94095, 48.29629, 1, 1, 1, False
1236.992, 2021-07-05T16:07:45.2710480+08:00, 0, 12.94095, 48.29629, 1, 1, 1, False
1236.996, 2021-07-05T16:07:45.2750040+08:00, 0, 12.94095, 48.29629, 1, 1, 1, False
1237, 2021-07-05T16:07:45.2792200+08:00, 0, 12.94095, 48.29629, 1, 1, 1, False
1237.004, 2021-07-05T16:07:45.2832030+08:00, 0, 12.94095, 48.29629, 1, 1, 1, False
1237.008, 2021-07-05T16:07:45.2868740+08:00, 0, 12.94095, 48.29629, 1, 1, 1, False
1237.012, 2021-07-05T16:07:45.2917030+08:00, 0, 12.94095, 48.29629, 1, 1, 1, False
1237.019, 2021-07-05T16:07:45.2978700+08:00, 0, 12.94095, 48.29629, 1, 1, 1, False
1237.025, 2021-07-05T16:07:45.3042360+08:00, 0, 12.94095, 48.29629, 1, 1, 1, False
1237.032, 2021-07-05T16:07:45.3118620+08:00, 0, 12.94095, 48.29629, 1, 1, 1, False
1237.037, 2021-07-05T16:07:45.3164810+08:00, 0, 12.94095, 48.29629, 1, 1, 1, False
1237.045, 2021-07-05T16:07:45.3240530+08:00, 0, 12.94095, 48.29629, 1, 1, 1, False
1237.053, 2021-07-05T16:07:45.3321390+08:00, 0, 12.94095, 48.29629, 1, 1, 1, False
1237.061, 2021-07-05T16:07:45.3401850+08:00, 0, 12.94095, 48.29629, 1, 1, 1, False
1237.069, 2021-07-05T16:07:45.3480190+08:00, 0, 12.94095, 48.29629, 1, 1, 1, False
1237.077, 2021-07-05T16:07:45.3558780+08:00, 0, 12.94095, 48.29629, 1, 1, 1, False
1237.084, 2021-07-05T16:07:45.3638960+08:00, 0, 12.94095, 48.29629, 1, 1, 1, False
1237.092, 2021-07-05T16:07:45.3711290+08:00, 0, 12.94095, 48.29629, 1, 1, 1, False
1237.095, 2021-07-05T16:07:45.3748360+08:00, 0, 12.94095, 48.29629, 1, 1, 1, False
1237.1, 2021-07-05T16:07:45.3793450+08:00, 0, 12.94095, 48.29629, 1, 1, 1, False
1237.104, 2021-07-05T16:07:45.3831250+08:00, 0, 12.94095, 48.29629, 1, 1, 1, False
1237.108, 2021-07-05T16:07:45.3868860+08:00, 0, 12.94095, 48.29629, 1, 1, 1, False
1237.112, 2021-07-05T16:07:45.3916630+08:00, 0, 12.94095, 48.29629, 1, 1, 1, False
1237.118, 2021-07-05T16:07:45.3970540+08:00, 0, 12.94095, 48.29629, 1, 1, 1, False
1237.125, 2021-07-05T16:07:45.4038860+08:00, 0, 12.94095, 48.29629, 1, 1, 1, False
1237.131, 2021-07-05T16:07:45.4100830+08:00, 0, 12.94095, 48.29629, 1, 1, 1, False
1237.137, 2021-07-05T16:07:45.4160860+08:00, 0, 12.94095, 48.29629, 1, 1, 1, False
1237.144, 2021-07-05T16:07:45.4235230+08:00, 0, 12.94095, 48.29629, 1, 1, 1, False
1237.149, 2021-07-05T16:07:45.4288280+08:00, 0, 12.94095, 48.29629, 1, 1, 1, False
1237.156, 2021-07-05T16:07:45.4352400+08:00, 0, 12.94095, 48.29629, 1, 1, 1, False
1237.161, 2021-07-05T16:07:45.4408470+08:00, 0, 12.94095, 48.29629, 1, 1, 1, False
1237.168, 2021-07-05T16:07:45.4477890+08:00, 0, 12.94095, 48.29629, 1, 1, 1, False
1237.174, 2021-07-05T16:07:45.4532710+08:00, 0, 12.94095, 48.29629, 1, 1, 1, False
1237.185, 2021-07-05T16:07:45.4671110+08:00, 0, 12.94095, 48.29629, 1, 1, 1, False
1237.196, 2021-07-05T16:07:45.4749970+08:00, 0, 12.94095, 48.29629, 1, 1, 1, False
1237.2, 2021-07-05T16:07:45.4789150+08:00, 0, 12.94095, 48.29629, 1, 1, 1, False
1237.204, 2021-07-05T16:07:45.4833340+08:00, 0, 12.94095, 48.29629, 1, 1, 1, False
1237.207, 2021-07-05T16:07:45.4867740+08:00, 0, 12.94095, 48.29629, 1, 1, 1, False
1237.213, 2021-07-05T16:07:45.4918250+08:00, 0, 12.94095, 48.29629, 1, 1, 1, False
1237.218, 2021-07-05T16:07:45.4971920+08:00, 0, 12.94095, 48.29629, 1, 1, 1, False
1237.224, 2021-07-05T16:07:45.5038770+08:00, 0, 12.94095, 48.29629, 1, 1, 1, False
1237.231, 2021-07-05T16:07:45.5100550+08:00, 0, 12.94095, 48.29629, 1, 1, 1, False
1237.237, 2021-07-05T16:07:45.5159390+08:00, 0, 12.94095, 48.29629, 1, 1, 1, False
1237.243, 2021-07-05T16:07:45.5225870+08:00, 0, 12.94095, 48.29629, 1, 1, 1, False
1237.25, 2021-07-05T16:07:45.5288450+08:00, 0, 12.94095, 48.29629, 1, 1, 1, False
1237.256, 2021-07-05T16:07:45.5356910+08:00, 0, 12.94095, 48.29629, 1, 1, 1, False
1237.264, 2021-07-05T16:07:45.5434640+08:00, 0, 12.94095, 48.29629, 1, 1, 1, False
1237.268, 2021-07-05T16:07:45.5473100+08:00, 0, 12.94095, 48.29629, 1, 1, 1, False
1237.274, 2021-07-05T16:07:45.5531980+08:00, 0, 12.94095, 48.29629, 1, 1, 1, False
1237.28, 2021-07-05T16:07:45.5598310+08:00, 0, 12.94095, 48.29629, 1, 1, 1, False
1237.287, 2021-07-05T16:07:45.5660990+08:00, 0, 12.94095, 48.29629, 1, 1, 1, False
1237.293, 2021-07-05T16:07:45.5719390+08:00, 0, 12.94095, 48.29629, 1, 1, 1, False
1237.3, 2021-07-05T16:07:45.5791370+08:00, 0, 12.94095, 48.29629, 1, 1, 1, False
1237.305, 2021-07-05T16:07:45.5847640+08:00, 0, 12.94095, 48.29629, 1, 1, 1, False
1237.312, 2021-07-05T16:07:45.5915150+08:00, 0, 12.94095, 48.29629, 1, 1, 1, False
1237.318, 2021-07-05T16:07:45.5973930+08:00, 0, 12.94095, 48.29629, 1, 1, 1, False
1237.324, 2021-07-05T16:07:45.6036610+08:00, 0, 12.94095, 48.29629, 1, 1, 1, False
1237.333, 2021-07-05T16:07:45.6119700+08:00, 0, 12.94095, 48.29629, 1, 1, 1, False
1237.341, 2021-07-05T16:07:45.6201000+08:00, 0, 12.94095, 48.29629, 1, 1, 1, False
1237.349, 2021-07-05T16:07:45.6279890+08:00, 0, 12.94095, 48.29629, 1, 1, 1, False
1237.356, 2021-07-05T16:07:45.6353990+08:00, 0, 12.94095, 48.29629, 1, 1, 1, False
1237.359, 2021-07-05T16:07:45.6388780+08:00, 0, 12.94095, 48.29629, 1, 1, 1, False
1237.364, 2021-07-05T16:07:45.6432010+08:00, 0, 12.94095, 48.29629, 1, 1, 1, False
1237.368, 2021-07-05T16:07:45.6471070+08:00, 0, 12.94095, 48.29629, 1, 1, 1, False
1237.374, 2021-07-05T16:07:45.6528870+08:00, 0, 12.94095, 48.29629, 1, 1, 1, False
1237.38, 2021-07-05T16:07:45.6595210+08:00, 0, 12.94095, 48.29629, 1, 1, 1, False
1237.386, 2021-07-05T16:07:45.6656890+08:00, 0, 12.94095, 48.29629, 1, 1, 1, False
1237.392, 2021-07-05T16:07:45.6717250+08:00, 0, 12.94095, 48.29629, 1, 1, 1, False
1237.399, 2021-07-05T16:07:45.6783270+08:00, 0, 12.94095, 48.29629, 1, 1, 1, False
1237.405, 2021-07-05T16:07:45.6847300+08:00, 0, 12.94095, 48.29629, 1, 1, 1, False
1237.412, 2021-07-05T16:07:45.6916320+08:00, 0, 12.94095, 48.29629, 1, 1, 1, False
1237.418, 2021-07-05T16:07:45.6970400+08:00, 0, 12.94095, 48.29629, 1, 1, 1, False
1237.425, 2021-07-05T16:07:45.7040200+08:00, 0, 12.94095, 48.29629, 1, 1, 1, False
1237.432, 2021-07-05T16:07:45.7118500+08:00, 0, 12.94095, 48.29629, 1, 1, 1, False
1237.441, 2021-07-05T16:07:45.7199250+08:00, 0, 12.94095, 48.29629, 1, 1, 1, False
1237.449, 2021-07-05T16:07:45.7280530+08:00, 0, 12.94095, 48.29629, 1, 1, 1, False
1237.456, 2021-07-05T16:07:45.7353530+08:00, 0, 12.94095, 48.29629, 1, 1, 1, False
1237.46, 2021-07-05T16:07:45.7388930+08:00, 0, 12.94095, 48.29629, 1, 1, 1, False
1237.464, 2021-07-05T16:07:45.7429690+08:00, 0, 12.94095, 48.29629, 1, 1, 1, False
1237.468, 2021-07-05T16:07:45.7472770+08:00, 0, 12.94095, 48.29629, 1, 1, 1, False
1237.473, 2021-07-05T16:07:45.7526610+08:00, 0, 12.94095, 48.29629, 1, 1, 1, False
1237.48, 2021-07-05T16:07:45.7592430+08:00, 0, 12.94095, 48.29629, 1, 1, 1, False
1237.486, 2021-07-05T16:07:45.7653510+08:00, 0, 12.94095, 48.29629, 1, 1, 1, False
1237.492, 2021-07-05T16:07:45.7716810+08:00, 0, 12.94095, 48.29629, 1, 1, 1, False
1237.498, 2021-07-05T16:07:45.7776210+08:00, 0, 12.94095, 48.29629, 1, 1, 1, False
1237.505, 2021-07-05T16:07:45.7842670+08:00, 0, 12.94095, 48.29629, 1, 1, 1, False
1237.512, 2021-07-05T16:07:45.7911490+08:00, 0, 12.94095, 48.29629, 1, 1, 1, False
1237.517, 2021-07-05T16:07:45.7967110+08:00, 0, 12.94095, 48.29629, 1, 1, 1, False
1237.524, 2021-07-05T16:07:45.8036350+08:00, 0, 12.94095, 48.29629, 1, 1, 1, False
1237.529, 2021-07-05T16:07:45.8087960+08:00, 0, 12.94095, 48.29629, 1, 1, 1, False
1237.536, 2021-07-05T16:07:45.8157490+08:00, 0, 12.94095, 48.29629, 1, 1, 1, False
1237.542, 2021-07-05T16:07:45.8215390+08:00, 0, 12.94095, 48.29629, 1, 1, 1, False
1237.548, 2021-07-05T16:07:45.8276990+08:00, 0, 12.94095, 48.29629, 1, 1, 1, False
1237.555, 2021-07-05T16:07:45.8340550+08:00, 0, 12.94095, 48.29629, 1, 1, 1, False
1237.561, 2021-07-05T16:07:45.8403540+08:00, 0, 12.94095, 48.29629, 1, 1, 1, False
1237.568, 2021-07-05T16:07:45.8470440+08:00, 0, 12.94095, 48.29629, 1, 1, 1, False
1237.573, 2021-07-05T16:07:45.8526570+08:00, 0, 12.94095, 48.29629, 1, 1, 1, False
1237.58, 2021-07-05T16:07:45.8592890+08:00, 0, 12.94095, 48.29629, 1, 1, 1, False
1237.585, 2021-07-05T16:07:45.8647050+08:00, 0, 12.94095, 48.29629, 1, 1, 1, False
1237.592, 2021-07-05T16:07:45.8718150+08:00, 0, 12.94095, 48.29629, 1, 1, 1, False
1237.598, 2021-07-05T16:07:45.8776690+08:00, 0, 12.94095, 48.29629, 1, 1, 1, False
1237.604, 2021-07-05T16:07:45.8838960+08:00, 0, 12.94095, 48.29629, 1, 1, 1, False
1237.612, 2021-07-05T16:07:45.8917760+08:00, 0, 12.94095, 48.29629, 1, 1, 1, False
1237.621, 2021-07-05T16:07:45.9001610+08:00, 0, 12.94095, 48.29629, 1, 1, 1, False
1237.629, 2021-07-05T16:07:45.9080840+08:00, 0, 12.94095, 48.29629, 1, 1, 1, False
1237.637, 2021-07-05T16:07:45.9160120+08:00, 0, 12.94095, 48.29629, 1, 1, 1, False
1237.645, 2021-07-05T16:07:45.9239270+08:00, 0, 12.94095, 48.29629, 1, 1, 1, False
1237.653, 2021-07-05T16:07:45.9321910+08:00, 0, 12.94095, 48.29629, 1, 1, 1, False
1237.66, 2021-07-05T16:07:45.9398570+08:00, 0, 12.94095, 48.29629, 1, 1, 1, False
1237.669, 2021-07-05T16:07:45.9481940+08:00, 0, 12.94095, 48.29629, 1, 1, 1, False
1237.677, 2021-07-05T16:07:45.9558970+08:00, 0, 12.94095, 48.29629, 1, 1, 1, False
1237.685, 2021-07-05T16:07:45.9641160+08:00, 0, 12.94095, 48.29629, 1, 1, 1, False
1237.695, 2021-07-05T16:07:45.9740590+08:00, 0, 12.94095, 48.29629, 1, 1, 1, False
1237.7, 2021-07-05T16:07:45.9795880+08:00, 0, 12.94095, 48.29629, 1, 1, 1, False
1237.704, 2021-07-05T16:07:45.9829430+08:00, 0, 12.94095, 48.29629, 1, 1, 1, False
1237.708, 2021-07-05T16:07:45.9868230+08:00, 0, 12.94095, 48.29629, 1, 1, 1, False
1237.713, 2021-07-05T16:07:45.9920210+08:00, 0, 12.94095, 48.29629, 1, 1, 1, False
1237.716, 2021-07-05T16:07:45.9948700+08:00, 0, 12.94095, 48.29629, 1, 1, 1, False
1237.72, 2021-07-05T16:07:45.9991650+08:00, 0, 12.94095, 48.29629, 1, 1, 1, False
1237.724, 2021-07-05T16:07:46.0039150+08:00, 0, 12.94095, 48.29629, 1, 1, 1, False
1237.73, 2021-07-05T16:07:46.0096110+08:00, 0, 12.94095, 48.29629, 1, 1, 1, False
1237.737, 2021-07-05T16:07:46.0165350+08:00, 0, 12.94095, 48.29629, 1, 1, 1, False
1237.744, 2021-07-05T16:07:46.0230650+08:00, 0, 12.94095, 48.29629, 1, 1, 1, False
1237.749, 2021-07-05T16:07:46.0286530+08:00, 0, 12.94095, 48.29629, 1, 1, 1, False
1237.756, 2021-07-05T16:07:46.0355660+08:00, 0, 12.94095, 48.29629, 1, 1, 1, False
1237.762, 2021-07-05T16:07:46.0412290+08:00, 0, 12.94095, 48.29629, 1, 1, 1, False
1237.768, 2021-07-05T16:07:46.0475670+08:00, 0, 12.94095, 48.29629, 1, 1, 1, False
1237.776, 2021-07-05T16:07:46.0554060+08:00, 0, 12.94095, 48.29629, 1, 1, 1, False
1237.781, 2021-07-05T16:07:46.0604240+08:00, 0, 12.94095, 48.29629, 1, 1, 1, False
1237.788, 2021-07-05T16:07:46.0674580+08:00, 0, 12.94095, 48.29629, 1, 1, 1, False
1237.793, 2021-07-05T16:07:46.0727550+08:00, 0, 12.94095, 48.29629, 1, 1, 1, False
1237.8, 2021-07-05T16:07:46.0797490+08:00, 0, 12.94095, 48.29629, 1, 1, 1, False
1237.806, 2021-07-05T16:07:46.0848580+08:00, 0, 12.94095, 48.29629, 1, 1, 1, False
1237.812, 2021-07-05T16:07:46.0916890+08:00, 0, 12.94095, 48.29629, 1, 1, 1, False
1237.818, 2021-07-05T16:07:46.0978470+08:00, 0, 12.94095, 48.29629, 1, 1, 1, False
1237.825, 2021-07-05T16:07:46.1039440+08:00, 0, 12.94095, 48.29629, 1, 1, 1, False
1237.833, 2021-07-05T16:07:46.1119960+08:00, 0, 12.94095, 48.29629, 1, 1, 1, False
1237.841, 2021-07-05T16:07:46.1202670+08:00, 0, 12.94095, 48.29629, 1, 1, 1, False
1237.848, 2021-07-05T16:07:46.1278420+08:00, 0, 12.94095, 48.29629, 1, 1, 1, False
1237.856, 2021-07-05T16:07:46.1357310+08:00, 0, 12.94095, 48.29629, 1, 1, 1, False
1237.86, 2021-07-05T16:07:46.1389790+08:00, 0, 12.94095, 48.29629, 1, 1, 1, False
1237.864, 2021-07-05T16:07:46.1431330+08:00, 0, 12.94095, 48.29629, 1, 1, 1, False
1237.868, 2021-07-05T16:07:46.1474360+08:00, 0, 12.94095, 48.29629, 1, 1, 1, False
1237.874, 2021-07-05T16:07:46.1534960+08:00, 0, 12.94095, 48.29629, 1, 1, 1, False
1237.881, 2021-07-05T16:07:46.1601500+08:00, 0, 12.94095, 48.29629, 1, 1, 1, False
1237.887, 2021-07-05T16:07:46.1664080+08:00, 0, 12.94095, 48.29629, 1, 1, 1, False
1237.893, 2021-07-05T16:07:46.1723170+08:00, 0, 12.94095, 48.29629, 1, 1, 1, False
1237.9, 2021-07-05T16:07:46.1793480+08:00, 0, 12.94095, 48.29629, 1, 1, 1, False
1237.906, 2021-07-05T16:07:46.1850250+08:00, 0, 12.94095, 48.29629, 1, 1, 1, False
1237.912, 2021-07-05T16:07:46.1912940+08:00, 0, 12.94095, 48.29629, 1, 1, 1, False
1237.918, 2021-07-05T16:07:46.1975850+08:00, 0, 12.94095, 48.29629, 1, 1, 1, False
1237.925, 2021-07-05T16:07:46.2039960+08:00, 0, 12.94095, 48.29629, 1, 1, 1, False
1237.931, 2021-07-05T16:07:46.2101240+08:00, 0, 12.94095, 48.29629, 1, 1, 1, False
1237.937, 2021-07-05T16:07:46.2165210+08:00, 0, 12.94095, 48.29629, 1, 1, 1, False
1237.944, 2021-07-05T16:07:46.2233920+08:00, 0, 12.94095, 48.29629, 1, 1, 1, False
1237.953, 2021-07-05T16:07:46.2322430+08:00, 0, 12.94095, 48.29629, 1, 1, 1, False
1237.961, 2021-07-05T16:07:46.2401600+08:00, 0, 12.94095, 48.29629, 1, 1, 1, False
1237.968, 2021-07-05T16:07:46.2473000+08:00, 0, 12.94095, 48.29629, 1, 1, 1, False
1237.976, 2021-07-05T16:07:46.2554910+08:00, 0, 12.94095, 48.29629, 1, 1, 1, False
1237.98, 2021-07-05T16:07:46.2590200+08:00, 0, 12.94095, 48.29629, 1, 1, 1, False
1237.984, 2021-07-05T16:07:46.2630230+08:00, 0, 12.94095, 48.29629, 1, 1, 1, False
1237.988, 2021-07-05T16:07:46.2671460+08:00, 0, 12.94095, 48.29629, 1, 1, 1, False
1237.993, 2021-07-05T16:07:46.2724370+08:00, 0, 12.94095, 48.29629, 1, 1, 1, False
1238.001, 2021-07-05T16:07:46.2800530+08:00, 0, 12.94095, 48.29629, 1, 1, 1, False
1238.008, 2021-07-05T16:07:46.2869730+08:00, 0, 12.94095, 48.29629, 1, 1, 1, False
1238.012, 2021-07-05T16:07:46.2912820+08:00, 0, 12.94095, 48.29629, 1, 1, 1, False
1238.019, 2021-07-05T16:07:46.2981380+08:00, 0, 12.94095, 48.29629, 1, 1, 1, False
1238.025, 2021-07-05T16:07:46.3045370+08:00, 0, 12.94095, 48.29629, 1, 1, 1, False
1238.032, 2021-07-05T16:07:46.3118360+08:00, 0, 12.94095, 48.29629, 1, 1, 1, False
1238.038, 2021-07-05T16:07:46.3168960+08:00, 0, 12.94095, 48.29629, 1, 1, 1, False
1238.044, 2021-07-05T16:07:46.3238090+08:00, 0, 12.94095, 48.29629, 1, 1, 1, False
1238.05, 2021-07-05T16:07:46.3293170+08:00, 0, 12.94095, 48.29629, 1, 1, 1, False
1238.056, 2021-07-05T16:07:46.3356470+08:00, 0, 12.94095, 48.29629, 1, 1, 1, False
1238.062, 2021-07-05T16:07:46.3417930+08:00, 0, 12.94095, 48.29629, 1, 1, 1, False
1238.068, 2021-07-05T16:07:46.3476690+08:00, 0, 12.94095, 48.29629, 1, 1, 1, False
1238.075, 2021-07-05T16:07:46.3541580+08:00, 0, 12.94095, 48.29629, 1, 1, 1, False
1238.081, 2021-07-05T16:07:46.3605510+08:00, 0, 12.94095, 48.29629, 1, 1, 1, False
1238.089, 2021-07-05T16:07:46.3681320+08:00, 0, 12.94095, 48.29629, 1, 1, 1, False
1238.097, 2021-07-05T16:07:46.3761030+08:00, 0, 12.94095, 48.29629, 1, 1, 1, False
1238.105, 2021-07-05T16:07:46.3841440+08:00, 0, 12.94095, 48.29629, 1, 1, 1, False
1238.112, 2021-07-05T16:07:46.3917720+08:00, 0, 12.94095, 48.29629, 1, 1, 1, False
1238.116, 2021-07-05T16:07:46.3952110+08:00, 0, 12.94095, 48.29629, 1, 1, 1, False
1238.12, 2021-07-05T16:07:46.3989610+08:00, 0, 12.94095, 48.29629, 1, 1, 1, False
1238.125, 2021-07-05T16:07:46.4041040+08:00, 0, 12.94095, 48.29629, 1, 1, 1, False
1238.131, 2021-07-05T16:07:46.4102590+08:00, 0, 12.94095, 48.29629, 1, 1, 1, False
1238.138, 2021-07-05T16:07:46.4169840+08:00, 0, 12.94095, 48.29629, 1, 1, 1, False
1238.145, 2021-07-05T16:07:46.4240150+08:00, 0, 12.94095, 48.29629, 1, 1, 1, False
1238.153, 2021-07-05T16:07:46.4319900+08:00, 0, 12.94095, 48.29629, 1, 1, 1, False
1238.161, 2021-07-05T16:07:46.4401160+08:00, 0, 12.94095, 48.29629, 1, 1, 1, False
1238.169, 2021-07-05T16:07:46.4480550+08:00, 0, 12.94095, 48.29629, 1, 1, 1, False
1238.176, 2021-07-05T16:07:46.4558150+08:00, 0, 12.94095, 48.29629, 1, 1, 1, False
1238.185, 2021-07-05T16:07:46.4639820+08:00, 0, 12.94095, 48.29629, 1, 1, 1, False
1238.192, 2021-07-05T16:07:46.4713770+08:00, 0, 12.94095, 48.29629, 1, 1, 1, False
1238.201, 2021-07-05T16:07:46.4803240+08:00, 0, 12.94095, 48.29629, 1, 1, 1, False
1238.208, 2021-07-05T16:07:46.4870850+08:00, 0, 12.94095, 48.29629, 1, 1, 1, False
1238.212, 2021-07-05T16:07:46.4912540+08:00, 0, 12.94095, 48.29629, 1, 1, 1, False
1238.216, 2021-07-05T16:07:46.4950140+08:00, 0, 12.94095, 48.29629, 1, 1, 1, False
1238.22, 2021-07-05T16:07:46.4988790+08:00, 0, 12.94095, 48.29629, 1, 1, 1, False
1238.224, 2021-07-05T16:07:46.5034510+08:00, 0, 12.94095, 48.29629, 1, 1, 1, False
1238.227, 2021-07-05T16:07:46.5067950+08:00, 0, 12.94095, 48.29629, 1, 1, 1, False
1238.231, 2021-07-05T16:07:46.5108340+08:00, 0, 12.94095, 48.29629, 1, 1, 1, False
1238.237, 2021-07-05T16:07:46.5161610+08:00, 0, 12.94095, 48.29629, 1, 1, 1, False
1238.244, 2021-07-05T16:07:46.5231150+08:00, 0, 12.94095, 48.29629, 1, 1, 1, False
1238.25, 2021-07-05T16:07:46.5288820+08:00, 0, 12.94095, 48.29629, 1, 1, 1, False
1238.256, 2021-07-05T16:07:46.5355900+08:00, 0, 12.94095, 48.29629, 1, 1, 1, False
1238.264, 2021-07-05T16:07:46.5435130+08:00, 0, 12.94095, 48.29629, 1, 1, 1, False
1238.272, 2021-07-05T16:07:46.5512410+08:00, 0, 12.94095, 48.29629, 1, 1, 1, False
1238.276, 2021-07-05T16:07:46.5550820+08:00, 0, 12.94095, 48.29629, 1, 1, 1, False
1238.281, 2021-07-05T16:07:46.5606310+08:00, 0, 12.94095, 48.29629, 1, 1, 1, False
1238.289, 2021-07-05T16:07:46.5681550+08:00, 0, 12.94095, 48.29629, 1, 1, 1, False
1238.296, 2021-07-05T16:07:46.5810020+08:00, 0, 12.94095, 48.29629, 1, 1, 1, False
1238.308, 2021-07-05T16:07:46.5869360+08:00, 0, 12.94095, 48.29629, 1, 1, 1, False
1238.313, 2021-07-05T16:07:46.5918800+08:00, 0, 12.94095, 48.29629, 1, 1, 1, False
1238.316, 2021-07-05T16:07:46.5949350+08:00, 0, 12.94095, 48.29629, 1, 1, 1, False
1238.32, 2021-07-05T16:07:46.5990970+08:00, 0, 12.94095, 48.29629, 1, 1, 1, False
1238.325, 2021-07-05T16:07:46.6040260+08:00, 0, 12.94095, 48.29629, 1, 1, 1, False
1238.331, 2021-07-05T16:07:46.6105770+08:00, 0, 12.94095, 48.29629, 1, 1, 1, False
1238.338, 2021-07-05T16:07:46.6169790+08:00, 0, 12.94095, 48.29629, 1, 1, 1, False
1238.344, 2021-07-05T16:07:46.6234740+08:00, 0, 12.94095, 48.29629, 1, 1, 1, False
1238.35, 2021-07-05T16:07:46.6294020+08:00, 0, 12.94095, 48.29629, 1, 1, 1, False
1238.357, 2021-07-05T16:07:46.6359080+08:00, 0, 12.94095, 48.29629, 1, 1, 1, False
1238.364, 2021-07-05T16:07:46.6434090+08:00, 0, 12.94095, 48.29629, 1, 1, 1, False
1238.369, 2021-07-05T16:07:46.6483530+08:00, 0, 12.94095, 48.29629, 1, 1, 1, False
1238.376, 2021-07-05T16:07:46.6552900+08:00, 0, 12.94095, 48.29629, 1, 1, 1, False
1238.381, 2021-07-05T16:07:46.6604290+08:00, 0, 12.94095, 48.29629, 1, 1, 1, False
1238.388, 2021-07-05T16:07:46.6674640+08:00, 0, 12.94095, 48.29629, 1, 1, 1, False
1238.394, 2021-07-05T16:07:46.6730470+08:00, 0, 12.94095, 48.29629, 1, 1, 1, False
1238.4, 2021-07-05T16:07:46.6795660+08:00, 0, 12.94095, 48.29629, 1, 1, 1, False
1238.406, 2021-07-05T16:07:46.6854820+08:00, 0, 12.94095, 48.29629, 1, 1, 1, False
1238.413, 2021-07-05T16:07:46.6920210+08:00, 0, 12.94095, 48.29629, 1, 1, 1, False
1238.419, 2021-07-05T16:07:46.6979350+08:00, 0, 12.94095, 48.29629, 1, 1, 1, False
1238.425, 2021-07-05T16:07:46.7045590+08:00, 0, 12.94095, 48.29629, 1, 1, 1, False
1238.432, 2021-07-05T16:07:46.7118840+08:00, 0, 12.94095, 48.29629, 1, 1, 1, False
1238.438, 2021-07-05T16:07:46.7170200+08:00, 0, 12.94095, 48.29629, 1, 1, 1, False
1238.444, 2021-07-05T16:07:46.7238610+08:00, 0, 12.94095, 48.29629, 1, 1, 1, False
1238.453, 2021-07-05T16:07:46.7318230+08:00, 0, 12.94095, 48.29629, 1, 1, 1, False
1238.461, 2021-07-05T16:07:46.7400160+08:00, 0, 12.94095, 48.29629, 1, 1, 1, False
1238.468, 2021-07-05T16:07:46.7474390+08:00, 0, 12.94095, 48.29629, 1, 1, 1, False
1238.472, 2021-07-05T16:07:46.7509860+08:00, 0, 12.94095, 48.29629, 1, 1, 1, False
1238.476, 2021-07-05T16:07:46.7551340+08:00, 0, 12.94095, 48.29629, 1, 1, 1, False
1238.496, 2021-07-05T16:07:46.7751410+08:00, 0, 12.94095, 48.29629, 1, 1, 1, False
1238.5, 2021-07-05T16:07:46.7792760+08:00, 0, 12.94095, 48.29629, 1, 1, 1, False
1238.504, 2021-07-05T16:07:46.7829780+08:00, 0, 12.94095, 48.29629, 1, 1, 1, False
1238.508, 2021-07-05T16:07:46.7869180+08:00, 0, 12.94095, 48.29629, 1, 1, 1, False
1238.512, 2021-07-05T16:07:46.7916350+08:00, 0, 12.94095, 48.29629, 1, 1, 1, False
1238.516, 2021-07-05T16:07:46.7948560+08:00, 0, 12.94095, 48.29629, 1, 1, 1, False
1238.52, 2021-07-05T16:07:46.7994140+08:00, 0, 12.94095, 48.29629, 1, 1, 1, False
1238.526, 2021-07-05T16:07:46.8055000+08:00, 0, 12.94095, 48.29629, 1, 1, 1, False
1238.532, 2021-07-05T16:07:46.8117720+08:00, 0, 12.94095, 48.29629, 1, 1, 1, False
1238.539, 2021-07-05T16:07:46.8180490+08:00, 0, 12.94095, 48.29629, 1, 1, 1, False
1238.545, 2021-07-05T16:07:46.8239680+08:00, 0, 12.94095, 48.29629, 1, 1, 1, False
1238.552, 2021-07-05T16:07:46.8315420+08:00, 0, 12.94095, 48.29629, 1, 1, 1, False
1238.557, 2021-07-05T16:07:46.8367560+08:00, 0, 12.94095, 48.29629, 1, 1, 1, False
1238.564, 2021-07-05T16:07:46.8432230+08:00, 0, 12.94095, 48.29629, 1, 1, 1, False
1238.57, 2021-07-05T16:07:46.8489890+08:00, 0, 12.94095, 48.29629, 1, 1, 1, False
1238.577, 2021-07-05T16:07:46.8558640+08:00, 0, 12.94095, 48.29629, 1, 1, 1, False
1238.582, 2021-07-05T16:07:46.8615600+08:00, 0, 12.94095, 48.29629, 1, 1, 1, False
1238.589, 2021-07-05T16:07:46.8680580+08:00, 0, 12.94095, 48.29629, 1, 1, 1, False
1238.596, 2021-07-05T16:07:46.8752290+08:00, 0, 12.94095, 48.29629, 1, 1, 1, False
1238.605, 2021-07-05T16:07:46.8842380+08:00, 0, 12.94095, 48.29629, 1, 1, 1, False
1238.613, 2021-07-05T16:07:46.8920090+08:00, 0, 12.94095, 48.29629, 1, 1, 1, False
1238.621, 2021-07-05T16:07:46.9001430+08:00, 0, 12.94095, 48.29629, 1, 1, 1, False
1238.628, 2021-07-05T16:07:46.9077120+08:00, 0, 12.94095, 48.29629, 1, 1, 1, False
1238.637, 2021-07-05T16:07:46.9161770+08:00, 0, 12.94095, 48.29629, 1, 1, 1, False
1238.645, 2021-07-05T16:07:46.9240310+08:00, 0, 12.94095, 48.29629, 1, 1, 1, False
1238.652, 2021-07-05T16:07:46.9314160+08:00, 0, 12.94095, 48.29629, 1, 1, 1, False
1238.661, 2021-07-05T16:07:46.9401730+08:00, 0, 12.94095, 48.29629, 1, 1, 1, False
1238.668, 2021-07-05T16:07:46.9472430+08:00, 0, 12.94095, 48.29629, 1, 1, 1, False
1238.676, 2021-07-05T16:07:46.9555040+08:00, 0, 12.94095, 48.29629, 1, 1, 1, False
1238.68, 2021-07-05T16:07:46.9591430+08:00, 0, 12.94095, 48.29629, 1, 1, 1, False
1238.684, 2021-07-05T16:07:46.9631990+08:00, 0, 12.94095, 48.29629, 1, 1, 1, False
1238.688, 2021-07-05T16:07:46.9670810+08:00, 0, 12.94095, 48.29629, 1, 1, 1, False
1238.692, 2021-07-05T16:07:46.9710940+08:00, 0, 12.94095, 48.29629, 1, 1, 1, False
1238.695, 2021-07-05T16:07:46.9747930+08:00, 0, 12.94095, 48.29629, 1, 1, 1, False
1238.7, 2021-07-05T16:07:46.9791450+08:00, 0, 12.94095, 48.29629, 1, 1, 1, False
1238.704, 2021-07-05T16:07:46.9831720+08:00, 0, 12.94095, 48.29629, 1, 1, 1, False
1238.709, 2021-07-05T16:07:46.9888920+08:00, 0, 12.94095, 48.29629, 1, 1, 1, False
1238.716, 2021-07-05T16:07:46.9957840+08:00, 0, 12.94095, 48.29629, 1, 1, 1, False
1238.722, 2021-07-05T16:07:47.0018670+08:00, 0, 12.94095, 48.29629, 1, 1, 1, False
1238.728, 2021-07-05T16:07:47.0077680+08:00, 0, 12.94095, 48.29629, 1, 1, 1, False
1238.735, 2021-07-05T16:07:47.0143260+08:00, 0, 12.94095, 48.29629, 1, 1, 1, False
1238.741, 2021-07-05T16:07:47.0206960+08:00, 0, 12.94095, 48.29629, 1, 1, 1, False
1238.748, 2021-07-05T16:07:47.0274660+08:00, 0, 12.94095, 48.29629, 1, 1, 1, False
1238.757, 2021-07-05T16:07:47.0360490+08:00, 0, 12.94095, 48.29629, 1, 1, 1, False
1238.764, 2021-07-05T16:07:47.0434450+08:00, 0, 12.94095, 48.29629, 1, 1, 1, False
1238.772, 2021-07-05T16:07:47.0518180+08:00, 0, 12.94095, 48.29629, 1, 1, 1, False
1238.78, 2021-07-05T16:07:47.0593670+08:00, 0, 12.94095, 48.29629, 1, 1, 1, False
1238.789, 2021-07-05T16:07:47.0683750+08:00, 0, 12.94095, 48.29629, 1, 1, 1, False
1238.797, 2021-07-05T16:07:47.0761240+08:00, 0, 12.94095, 48.29629, 1, 1, 1, False
1238.805, 2021-07-05T16:07:47.0842510+08:00, 0, 12.94095, 48.29629, 1, 1, 1, False
1238.812, 2021-07-05T16:07:47.0916870+08:00, 0, 12.94095, 48.29629, 1, 1, 1, False
1238.821, 2021-07-05T16:07:47.1002350+08:00, 0, 12.94095, 48.29629, 1, 1, 1, False
1238.828, 2021-07-05T16:07:47.1076440+08:00, 0, 12.94095, 48.29629, 1, 1, 1, False
1238.837, 2021-07-05T16:07:47.1159230+08:00, 0, 12.94095, 48.29629, 1, 1, 1, False
1238.845, 2021-07-05T16:07:47.1239700+08:00, 0, 12.94095, 48.29629, 1, 1, 1, False
1238.854, 2021-07-05T16:07:47.1332560+08:00, 0, 12.94095, 48.29629, 1, 1, 1, False
1238.86, 2021-07-05T16:07:47.1392510+08:00, 0, 12.94095, 48.29629, 1, 1, 1, False
1238.864, 2021-07-05T16:07:47.1430630+08:00, 0, 12.94095, 48.29629, 1, 1, 1, False
1238.868, 2021-07-05T16:07:47.1469090+08:00, 0, 12.94095, 48.29629, 1, 1, 1, False
1238.871, 2021-07-05T16:07:47.1508010+08:00, 0, 12.94095, 48.29629, 1, 1, 1, False
1238.876, 2021-07-05T16:07:47.1553290+08:00, 0, 12.94095, 48.29629, 1, 1, 1, False
1238.879, 2021-07-05T16:07:47.1587570+08:00, 0, 12.94095, 48.29629, 1, 1, 1, False
1238.884, 2021-07-05T16:07:47.1635070+08:00, 0, 12.94095, 48.29629, 1, 1, 1, False
1238.89, 2021-07-05T16:07:47.1689040+08:00, 0, 12.94095, 48.29629, 1, 1, 1, False
1238.897, 2021-07-05T16:07:47.1759440+08:00, 0, 12.94095, 48.29629, 1, 1, 1, False
1238.903, 2021-07-05T16:07:47.1820430+08:00, 0, 12.94095, 48.29629, 1, 1, 1, False
1238.908, 2021-07-05T16:07:47.1878120+08:00, 0, 12.94095, 48.29629, 1, 1, 1, False
1238.915, 2021-07-05T16:07:47.1944370+08:00, 0, 12.94095, 48.29629, 1, 1, 1, False
1238.921, 2021-07-05T16:07:47.2007900+08:00, 0, 12.94095, 48.29629, 1, 1, 1, False
1238.928, 2021-07-05T16:07:47.2073610+08:00, 0, 12.94095, 48.29629, 1, 1, 1, False
1238.933, 2021-07-05T16:07:47.2129020+08:00, 0, 12.94095, 48.29629, 1, 1, 1, False
1238.94, 2021-07-05T16:07:47.2195410+08:00, 0, 12.94095, 48.29629, 1, 1, 1, False
1238.946, 2021-07-05T16:07:47.2253120+08:00, 0, 12.94095, 48.29629, 1, 1, 1, False
1238.953, 2021-07-05T16:07:47.2319390+08:00, 0, 12.94095, 48.29629, 1, 1, 1, False
1238.959, 2021-07-05T16:07:47.2381850+08:00, 0, 12.94095, 48.29629, 1, 1, 1, False
1238.965, 2021-07-05T16:07:47.2440870+08:00, 0, 12.94095, 48.29629, 1, 1, 1, False
1238.972, 2021-07-05T16:07:47.2510390+08:00, 0, 12.94095, 48.29629, 1, 1, 1, False
1238.978, 2021-07-05T16:07:47.2570190+08:00, 0, 12.94095, 48.29629, 1, 1, 1, False
1238.984, 2021-07-05T16:07:47.2633070+08:00, 0, 12.94095, 48.29629, 1, 1, 1, False
1238.99, 2021-07-05T16:07:47.2691830+08:00, 0, 12.94095, 48.29629, 1, 1, 1, False
1238.996, 2021-07-05T16:07:47.2757680+08:00, 0, 12.94095, 48.29629, 1, 1, 1, False
1239.002, 2021-07-05T16:07:47.2817250+08:00, 0, 12.94095, 48.29629, 1, 1, 1, False
1239.009, 2021-07-05T16:07:47.2882750+08:00, 0, 12.94095, 48.29629, 1, 1, 1, False
1239.016, 2021-07-05T16:07:47.2952650+08:00, 0, 12.94095, 48.29629, 1, 1, 1, False
1239.021, 2021-07-05T16:07:47.3004060+08:00, 0, 12.94095, 48.29629, 1, 1, 1, False
1239.029, 2021-07-05T16:07:47.3081590+08:00, 0, 12.94095, 48.29629, 1, 1, 1, False
1239.037, 2021-07-05T16:07:47.3160160+08:00, 0, 12.94095, 48.29629, 1, 1, 1, False
1239.045, 2021-07-05T16:07:47.3242350+08:00, 0, 12.94095, 48.29629, 1, 1, 1, False
1239.053, 2021-07-05T16:07:47.3320190+08:00, 0, 12.94095, 48.29629, 1, 1, 1, False
1239.061, 2021-07-05T16:07:47.3399410+08:00, 0, 12.94095, 48.29629, 1, 1, 1, False
1239.069, 2021-07-05T16:07:47.3481250+08:00, 0, 12.94095, 48.29629, 1, 1, 1, False
1239.076, 2021-07-05T16:07:47.3557840+08:00, 0, 12.94095, 48.29629, 1, 1, 1, False
1239.084, 2021-07-05T16:07:47.3632990+08:00, 0, 12.94095, 48.29629, 1, 1, 1, False
1239.092, 2021-07-05T16:07:47.3712560+08:00, 0, 12.94095, 48.29629, 1, 1, 1, False
1239.095, 2021-07-05T16:07:47.3748690+08:00, 0, 12.94095, 48.29629, 1, 1, 1, False
1239.1, 2021-07-05T16:07:47.3793220+08:00, 0, 12.94095, 48.29629, 1, 1, 1, False
1239.104, 2021-07-05T16:07:47.3829670+08:00, 0, 12.94095, 48.29629, 1, 1, 1, False
1239.108, 2021-07-05T16:07:47.3869980+08:00, 0, 12.94095, 48.29629, 1, 1, 1, False
1239.112, 2021-07-05T16:07:47.3917720+08:00, 0, 12.94095, 48.29629, 1, 1, 1, False
1239.115, 2021-07-05T16:07:47.3947420+08:00, 0, 12.94095, 48.29629, 1, 1, 1, False
1239.121, 2021-07-05T16:07:47.4003620+08:00, 0, 12.94095, 48.29629, 1, 1, 1, False
1239.127, 2021-07-05T16:07:47.4063470+08:00, 0, 12.94095, 48.29629, 1, 1, 1, False
1239.133, 2021-07-05T16:07:47.4128260+08:00, 0, 12.94095, 48.29629, 1, 1, 1, False
1239.14, 2021-07-05T16:07:47.4190030+08:00, 0, 12.94095, 48.29629, 1, 1, 1, False
1239.146, 2021-07-05T16:07:47.4254250+08:00, 0, 12.94095, 48.29629, 1, 1, 1, False
1239.152, 2021-07-05T16:07:47.4316710+08:00, 0, 12.94095, 48.29629, 1, 1, 1, False
1239.159, 2021-07-05T16:07:47.4380670+08:00, 0, 12.94095, 48.29629, 1, 1, 1, False
1239.165, 2021-07-05T16:07:47.4439880+08:00, 0, 12.94095, 48.29629, 1, 1, 1, False
1239.172, 2021-07-05T16:07:47.4512520+08:00, 0, 12.94095, 48.29629, 1, 1, 1, False
1239.177, 2021-07-05T16:07:47.4568520+08:00, 0, 12.94095, 48.29629, 1, 1, 1, False
1239.184, 2021-07-05T16:07:47.4631350+08:00, 0, 12.94095, 48.29629, 1, 1, 1, False
1239.19, 2021-07-05T16:07:47.4690540+08:00, 0, 12.94095, 48.29629, 1, 1, 1, False
1239.197, 2021-07-05T16:07:47.4760390+08:00, 0, 12.94095, 48.29629, 1, 1, 1, False
1239.204, 2021-07-05T16:07:47.4834940+08:00, 0, 12.94095, 48.29629, 1, 1, 1, False
1239.209, 2021-07-05T16:07:47.4879690+08:00, 0, 12.94095, 48.29629, 1, 1, 1, False
1239.216, 2021-07-05T16:07:47.4957760+08:00, 0, 12.94095, 48.29629, 1, 1, 1, False
1239.221, 2021-07-05T16:07:47.5007030+08:00, 0, 12.94095, 48.29629, 1, 1, 1, False
1239.228, 2021-07-05T16:07:47.5073050+08:00, 0, 12.94095, 48.29629, 1, 1, 1, False
1239.234, 2021-07-05T16:07:47.5130350+08:00, 0, 12.94095, 48.29629, 1, 1, 1, False
1239.24, 2021-07-05T16:07:47.5192770+08:00, 0, 12.94095, 48.29629, 1, 1, 1, False
1239.246, 2021-07-05T16:07:47.5255570+08:00, 0, 12.94095, 48.29629, 1, 1, 1, False
1239.252, 2021-07-05T16:07:47.5317410+08:00, 0, 12.94095, 48.29629, 1, 1, 1, False
1239.258, 2021-07-05T16:07:47.5376840+08:00, 0, 12.94095, 48.29629, 1, 1, 1, False
1239.265, 2021-07-05T16:07:47.5443150+08:00, 0, 12.94095, 48.29629, 1, 1, 1, False
1239.272, 2021-07-05T16:07:47.5512700+08:00, 0, 12.94095, 48.29629, 1, 1, 1, False
1239.277, 2021-07-05T16:07:47.5565810+08:00, 0, 12.94095, 48.29629, 1, 1, 1, False
1239.285, 2021-07-05T16:07:47.5639960+08:00, 0, 12.94095, 48.29629, 1, 1, 1, False
1239.292, 2021-07-05T16:07:47.5711790+08:00, 0, 12.94095, 48.29629, 1, 1, 1, False
1239.296, 2021-07-05T16:07:47.5755410+08:00, 0, 12.94095, 48.29629, 1, 1, 1, False
1239.302, 2021-07-05T16:07:47.5819220+08:00, 0, 12.94095, 48.29629, 1, 1, 1, False
1239.309, 2021-07-05T16:07:47.5882550+08:00, 0, 12.94095, 48.29629, 1, 1, 1, False
1239.316, 2021-07-05T16:07:47.5955200+08:00, 0, 12.94095, 48.29629, 1, 1, 1, False
1239.325, 2021-07-05T16:07:47.6040170+08:00, 0, 12.94095, 48.29629, 1, 1, 1, False
1239.333, 2021-07-05T16:07:47.6119540+08:00, 0, 12.94095, 48.29629, 1, 1, 1, False
1239.341, 2021-07-05T16:07:47.6200820+08:00, 0, 12.94095, 48.29629, 1, 1, 1, False
1239.348, 2021-07-05T16:07:47.6277410+08:00, 0, 12.94095, 48.29629, 1, 1, 1, False
1239.357, 2021-07-05T16:07:47.6363230+08:00, 0, 12.94095, 48.29629, 1, 1, 1, False
1239.364, 2021-07-05T16:07:47.6436860+08:00, 0, 12.94095, 48.29629, 1, 1, 1, False
1239.372, 2021-07-05T16:07:47.6512390+08:00, 0, 12.94095, 48.29629, 1, 1, 1, False
1239.376, 2021-07-05T16:07:47.6550460+08:00, 0, 12.94095, 48.29629, 1, 1, 1, False
1239.38, 2021-07-05T16:07:47.6589980+08:00, 0, 12.94095, 48.29629, 1, 1, 1, False
1239.384, 2021-07-05T16:07:47.6630140+08:00, 0, 12.94095, 48.29629, 1, 1, 1, False
1239.388, 2021-07-05T16:07:47.6671390+08:00, 0, 12.94095, 48.29629, 1, 1, 1, False
1239.391, 2021-07-05T16:07:47.6707950+08:00, 0, 12.94095, 48.29629, 1, 1, 1, False
1239.396, 2021-07-05T16:07:47.6751690+08:00, 0, 12.94095, 48.29629, 1, 1, 1, False
1239.402, 2021-07-05T16:07:47.6812200+08:00, 0, 12.94095, 48.29629, 1, 1, 1, False
1239.408, 2021-07-05T16:07:47.6878210+08:00, 0, 12.94095, 48.29629, 1, 1, 1, False
1239.415, 2021-07-05T16:07:47.6942010+08:00, 0, 12.94095, 48.29629, 1, 1, 1, False
1239.424, 2021-07-05T16:07:47.7100020+08:00, 0, 12.94095, 48.29629, 1, 1, 1, False
1239.436, 2021-07-05T16:07:47.7154350+08:00, 0, 12.94095, 48.29629, 1, 1, 1, False
1239.44, 2021-07-05T16:07:47.7190610+08:00, 0, 12.94095, 48.29629, 1, 1, 1, False
1239.444, 2021-07-05T16:07:47.7233100+08:00, 0, 12.94095, 48.29629, 1, 1, 1, False
1239.448, 2021-07-05T16:07:47.7269050+08:00, 0, 12.94095, 48.29629, 1, 1, 1, False
1239.452, 2021-07-05T16:07:47.7314250+08:00, 0, 12.94095, 48.29629, 1, 1, 1, False
1239.459, 2021-07-05T16:07:47.7379530+08:00, 0, 12.94095, 48.29629, 1, 1, 1, False
1239.465, 2021-07-05T16:07:47.7440370+08:00, 0, 12.94095, 48.29629, 1, 1, 1, False
1239.472, 2021-07-05T16:07:47.7511860+08:00, 0, 12.94095, 48.29629, 1, 1, 1, False
1239.478, 2021-07-05T16:07:47.7569470+08:00, 0, 12.94095, 48.29629, 1, 1, 1, False
1239.484, 2021-07-05T16:07:47.7638990+08:00, 0, 12.94095, 48.29629, 1, 1, 1, False
1239.492, 2021-07-05T16:07:47.7711930+08:00, 0, 12.94095, 48.29629, 1, 1, 1, False
1239.496, 2021-07-05T16:07:47.7755780+08:00, 0, 12.94095, 48.29629, 1, 1, 1, False
1239.502, 2021-07-05T16:07:47.7815640+08:00, 0, 12.94095, 48.29629, 1, 1, 1, False
1239.509, 2021-07-05T16:07:47.7880890+08:00, 0, 12.94095, 48.29629, 1, 1, 1, False
1239.516, 2021-07-05T16:07:47.7950630+08:00, 0, 12.94095, 48.29629, 1, 1, 1, False
1239.521, 2021-07-05T16:07:47.8006360+08:00, 0, 12.94095, 48.29629, 1, 1, 1, False
1239.528, 2021-07-05T16:07:47.8070890+08:00, 0, 12.94095, 48.29629, 1, 1, 1, False
1239.533, 2021-07-05T16:07:47.8126950+08:00, 0, 12.94095, 48.29629, 1, 1, 1, False
1239.54, 2021-07-05T16:07:47.8198470+08:00, 0, 12.94095, 48.29629, 1, 1, 1, False
1239.546, 2021-07-05T16:07:47.8256030+08:00, 0, 12.94095, 48.29629, 1, 1, 1, False
1239.552, 2021-07-05T16:07:47.8312440+08:00, 0, 12.94095, 48.29629, 1, 1, 1, False
1239.558, 2021-07-05T16:07:47.8373260+08:00, 0, 12.94095, 48.29629, 1, 1, 1, False
1239.565, 2021-07-05T16:07:47.8439680+08:00, 0, 12.94095, 48.29629, 1, 1, 1, False
1239.572, 2021-07-05T16:07:47.8513500+08:00, 0, 12.94095, 48.29629, 1, 1, 1, False
1239.577, 2021-07-05T16:07:47.8563430+08:00, 0, 12.94095, 48.29629, 1, 1, 1, False
1239.585, 2021-07-05T16:07:47.8640420+08:00, 0, 12.94095, 48.29629, 1, 1, 1, False
1239.592, 2021-07-05T16:07:47.8713960+08:00, 0, 12.94095, 48.29629, 1, 1, 1, False
1239.596, 2021-07-05T16:07:47.8751350+08:00, 0, 12.94095, 48.29629, 1, 1, 1, False
1239.602, 2021-07-05T16:07:47.8813180+08:00, 0, 12.94095, 48.29629, 1, 1, 1, False
1239.608, 2021-07-05T16:07:47.8877390+08:00, 0, 12.94095, 48.29629, 1, 1, 1, False
1239.614, 2021-07-05T16:07:47.8936390+08:00, 0, 12.94095, 48.29629, 1, 1, 1, False
1239.621, 2021-07-05T16:07:47.9003270+08:00, 0, 12.94095, 48.29629, 1, 1, 1, False
1239.628, 2021-07-05T16:07:47.9072220+08:00, 0, 12.94095, 48.29629, 1, 1, 1, False
1239.633, 2021-07-05T16:07:47.9123320+08:00, 0, 12.94095, 48.29629, 1, 1, 1, False
1239.653, 2021-07-05T16:07:47.9327660+08:00, 0, 12.94095, 48.29629, 1, 1, 1, False
1239.66, 2021-07-05T16:07:47.9398090+08:00, 0, 12.94095, 48.29629, 1, 1, 1, False
1239.664, 2021-07-05T16:07:47.9430390+08:00, 0, 12.94095, 48.29629, 1, 1, 1, False
1239.668, 2021-07-05T16:07:47.9472470+08:00, 0, 12.94095, 48.29629, 1, 1, 1, False
1239.672, 2021-07-05T16:07:47.9510740+08:00, 0, 12.94095, 48.29629, 1, 1, 1, False
1239.676, 2021-07-05T16:07:47.9551880+08:00, 0, 12.94095, 48.29629, 1, 1, 1, False
1239.68, 2021-07-05T16:07:47.9588890+08:00, 0, 12.94095, 48.29629, 1, 1, 1, False
1239.684, 2021-07-05T16:07:47.9630640+08:00, 0, 12.94095, 48.29629, 1, 1, 1, False
1239.69, 2021-07-05T16:07:47.9689530+08:00, 0, 12.94095, 48.29629, 1, 1, 1, False
1239.697, 2021-07-05T16:07:47.9762380+08:00, 0, 12.94095, 48.29629, 1, 1, 1, False
1239.704, 2021-07-05T16:07:47.9839520+08:00, 0, 12.94095, 48.29629, 1, 1, 1, False
1239.713, 2021-07-05T16:07:47.9920620+08:00, 0, 12.94095, 48.29629, 1, 1, 1, False
1239.721, 2021-07-05T16:07:48.0001390+08:00, 0, 12.94095, 48.29629, 1, 1, 1, False
1239.728, 2021-07-05T16:07:48.0072160+08:00, 0, 12.94095, 48.29629, 1, 1, 1, False
1239.732, 2021-07-05T16:07:48.0109570+08:00, 0, 12.94095, 48.29629, 1, 1, 1, False
1239.736, 2021-07-05T16:07:48.0150180+08:00, 0, 12.94095, 48.29629, 1, 1, 1, False
1239.74, 2021-07-05T16:07:48.0190480+08:00, 0, 12.94095, 48.29629, 1, 1, 1, False
1239.745, 2021-07-05T16:07:48.0249020+08:00, 0, 12.94095, 48.29629, 1, 1, 1, False
1239.752, 2021-07-05T16:07:48.0318950+08:00, 0, 12.94095, 48.29629, 1, 1, 1, False
1239.761, 2021-07-05T16:07:48.0403220+08:00, 0, 12.94095, 48.29629, 1, 1, 1, False
1239.768, 2021-07-05T16:07:48.0476440+08:00, 0, 12.94095, 48.29629, 1, 1, 1, False
1239.777, 2021-07-05T16:07:48.0562680+08:00, 0, 12.94095, 48.29629, 1, 1, 1, False
1239.785, 2021-07-05T16:07:48.0641650+08:00, 0, 12.94095, 48.29629, 1, 1, 1, False
1239.793, 2021-07-05T16:07:48.0719540+08:00, 0, 12.94095, 48.29629, 1, 1, 1, False
1239.801, 2021-07-05T16:07:48.0801820+08:00, 0, 12.94095, 48.29629, 1, 1, 1, False
1239.808, 2021-07-05T16:07:48.0872230+08:00, 0, 12.94095, 48.29629, 1, 1, 1, False
1239.812, 2021-07-05T16:07:48.0912940+08:00, 0, 12.94095, 48.29629, 1, 1, 1, False
1239.816, 2021-07-05T16:07:48.0950710+08:00, 0, 12.94095, 48.29629, 1, 1, 1, False
1239.82, 2021-07-05T16:07:48.0992030+08:00, 0, 12.94095, 48.29629, 1, 1, 1, False
1239.824, 2021-07-05T16:07:48.1029730+08:00, 0, 12.94095, 48.29629, 1, 1, 1, False
1239.828, 2021-07-05T16:07:48.1073720+08:00, 0, 12.94095, 48.29629, 1, 1, 1, False
1239.833, 2021-07-05T16:07:48.1126460+08:00, 0, 12.94095, 48.29629, 1, 1, 1, False
1239.84, 2021-07-05T16:07:48.1196870+08:00, 0, 12.94095, 48.29629, 1, 1, 1, False
1239.846, 2021-07-05T16:07:48.1253310+08:00, 0, 12.94095, 48.29629, 1, 1, 1, False
1239.853, 2021-07-05T16:07:48.1319060+08:00, 0, 12.94095, 48.29629, 1, 1, 1, False
1239.86, 2021-07-05T16:07:48.1398480+08:00, 0, 12.94095, 48.29629, 1, 1, 1, False
1239.869, 2021-07-05T16:07:48.1480760+08:00, 0, 12.94095, 48.29629, 1, 1, 1, False
1239.877, 2021-07-05T16:07:48.1560840+08:00, 0, 12.94095, 48.29629, 1, 1, 1, False
1239.884, 2021-07-05T16:07:48.1634290+08:00, 0, 12.94095, 48.29629, 1, 1, 1, False
1239.892, 2021-07-05T16:07:48.1711230+08:00, 0, 12.94095, 48.29629, 1, 1, 1, False
1239.896, 2021-07-05T16:07:48.1750090+08:00, 0, 12.94095, 48.29629, 1, 1, 1, False
1239.9, 2021-07-05T16:07:48.1793010+08:00, 0, 12.94095, 48.29629, 1, 1, 1, False
1239.904, 2021-07-05T16:07:48.1830440+08:00, 0, 12.94095, 48.29629, 1, 1, 1, False
1239.908, 2021-07-05T16:07:48.1878510+08:00, 0, 12.94095, 48.29629, 1, 1, 1, False
1239.914, 2021-07-05T16:07:48.1935850+08:00, 0, 12.94095, 48.29629, 1, 1, 1, False
1239.921, 2021-07-05T16:07:48.2002830+08:00, 0, 12.94095, 48.29629, 1, 1, 1, False
1239.928, 2021-07-05T16:07:48.2071900+08:00, 0, 12.94095, 48.29629, 1, 1, 1, False
1239.933, 2021-07-05T16:07:48.2123700+08:00, 0, 12.94095, 48.29629, 1, 1, 1, False
1239.94, 2021-07-05T16:07:48.2195650+08:00, 0, 12.94095, 48.29629, 1, 1, 1, False
1239.948, 2021-07-05T16:07:48.2275500+08:00, 0, 12.94095, 48.29629, 1, 1, 1, False
1239.952, 2021-07-05T16:07:48.2313360+08:00, 0, 12.94095, 48.29629, 1, 1, 1, False
1239.958, 2021-07-05T16:07:48.2376790+08:00, 0, 12.94095, 48.29629, 1, 1, 1, False
1239.965, 2021-07-05T16:07:48.2440380+08:00, 0, 12.94095, 48.29629, 1, 1, 1, False
1239.972, 2021-07-05T16:07:48.2512770+08:00, 0, 12.94095, 48.29629, 1, 1, 1, False
1239.977, 2021-07-05T16:07:48.2565330+08:00, 0, 12.94095, 48.29629, 1, 1, 1, False
1239.984, 2021-07-05T16:07:48.2633320+08:00, 0, 12.94095, 48.29629, 1, 1, 1, False
1239.989, 2021-07-05T16:07:48.2686310+08:00, 0, 12.94095, 48.29629, 1, 1, 1, False
1239.996, 2021-07-05T16:07:48.2751450+08:00, 0, 12.94095, 48.29629, 1, 1, 1, False
1240.002, 2021-07-05T16:07:48.2814690+08:00, 0, 12.94095, 48.29629, 1, 1, 1, False
1240.008, 2021-07-05T16:07:48.2872200+08:00, 0, 12.94095, 48.29629, 1, 1, 1, False
1240.015, 2021-07-05T16:07:48.2939450+08:00, 0, 12.94095, 48.29629, 1, 1, 1, False
1240.021, 2021-07-05T16:07:48.3002230+08:00, 0, 12.94095, 48.29629, 1, 1, 1, False
1240.029, 2021-07-05T16:07:48.3080760+08:00, 0, 12.94095, 48.29629, 1, 1, 1, False
1240.037, 2021-07-05T16:07:48.3163150+08:00, 0, 12.94095, 48.29629, 1, 1, 1, False
1240.045, 2021-07-05T16:07:48.3240230+08:00, 0, 12.94095, 48.29629, 1, 1, 1, False
1240.052, 2021-07-05T16:07:48.3319110+08:00, 0, 12.94095, 48.29629, 1, 1, 1, False
1240.061, 2021-07-05T16:07:48.3403060+08:00, 0, 12.94095, 48.29629, 1, 1, 1, False
1240.068, 2021-07-05T16:07:48.3479040+08:00, 0, 12.94095, 48.29629, 1, 1, 1, False
1240.077, 2021-07-05T16:07:48.3560960+08:00, 0, 12.94095, 48.29629, 1, 1, 1, False
1240.084, 2021-07-05T16:07:48.3638830+08:00, 0, 12.94095, 48.29629, 1, 1, 1, False
1240.093, 2021-07-05T16:07:48.3720390+08:00, 0, 12.94095, 48.29629, 1, 1, 1, False
1240.1, 2021-07-05T16:07:48.3794460+08:00, 0, 12.94095, 48.29629, 1, 1, 1, False
1240.108, 2021-07-05T16:07:48.3872100+08:00, 0, 12.94095, 48.29629, 1, 1, 1, False
1240.112, 2021-07-05T16:07:48.3910930+08:00, 0, 12.94095, 48.29629, 1, 1, 1, False
1240.116, 2021-07-05T16:07:48.3952710+08:00, 0, 12.94095, 48.29629, 1, 1, 1, False
1240.12, 2021-07-05T16:07:48.3990580+08:00, 0, 12.94095, 48.29629, 1, 1, 1, False
1240.124, 2021-07-05T16:07:48.4028640+08:00, 0, 12.94095, 48.29629, 1, 1, 1, False
1240.128, 2021-07-05T16:07:48.4072140+08:00, 0, 12.94095, 48.29629, 1, 1, 1, False
1240.132, 2021-07-05T16:07:48.4109090+08:00, 0, 12.94095, 48.29629, 1, 1, 1, False
1240.136, 2021-07-05T16:07:48.4151990+08:00, 0, 12.94095, 48.29629, 1, 1, 1, False
1240.141, 2021-07-05T16:07:48.4205980+08:00, 0, 12.94095, 48.29629, 1, 1, 1, False
1240.148, 2021-07-05T16:07:48.4277440+08:00, 0, 12.94095, 48.29629, 1, 1, 1, False
1240.157, 2021-07-05T16:07:48.4359880+08:00, 0, 12.94095, 48.29629, 1, 1, 1, False
1240.164, 2021-07-05T16:07:48.4438170+08:00, 0, 12.94095, 48.29629, 1, 1, 1, False
1240.173, 2021-07-05T16:07:48.4522650+08:00, 0, 12.94095, 48.29629, 1, 1, 1, False
1240.18, 2021-07-05T16:07:48.4592960+08:00, 0, 12.94095, 48.29629, 1, 1, 1, False
1240.184, 2021-07-05T16:07:48.4631640+08:00, 0, 12.94095, 48.29629, 1, 1, 1, False
1240.188, 2021-07-05T16:07:48.4669200+08:00, 0, 12.94095, 48.29629, 1, 1, 1, False
1240.192, 2021-07-05T16:07:48.4713060+08:00, 0, 12.94095, 48.29629, 1, 1, 1, False
1240.198, 2021-07-05T16:07:48.4775640+08:00, 0, 12.94095, 48.29629, 1, 1, 1, False
1240.204, 2021-07-05T16:07:48.4838450+08:00, 0, 12.94095, 48.29629, 1, 1, 1, False
1240.21, 2021-07-05T16:07:48.4897770+08:00, 0, 12.94095, 48.29629, 1, 1, 1, False
1240.217, 2021-07-05T16:07:48.4963840+08:00, 0, 12.94095, 48.29629, 1, 1, 1, False
1240.224, 2021-07-05T16:07:48.5038670+08:00, 0, 12.94095, 48.29629, 1, 1, 1, False
1240.229, 2021-07-05T16:07:48.5087850+08:00, 0, 12.94095, 48.29629, 1, 1, 1, False
1240.236, 2021-07-05T16:07:48.5153960+08:00, 0, 12.94095, 48.29629, 1, 1, 1, False
1240.241, 2021-07-05T16:07:48.5208910+08:00, 0, 12.94095, 48.29629, 1, 1, 1, False
1240.248, 2021-07-05T16:07:48.5277800+08:00, 0, 12.94095, 48.29629, 1, 1, 1, False
1240.254, 2021-07-05T16:07:48.5336260+08:00, 0, 12.94095, 48.29629, 1, 1, 1, False
1240.26, 2021-07-05T16:07:48.5398430+08:00, 0, 12.94095, 48.29629, 1, 1, 1, False
1240.269, 2021-07-05T16:07:48.5483940+08:00, 0, 12.94095, 48.29629, 1, 1, 1, False
1240.277, 2021-07-05T16:07:48.5559690+08:00, 0, 12.94095, 48.29629, 1, 1, 1, False
1240.285, 2021-07-05T16:07:48.5639460+08:00, 0, 12.94095, 48.29629, 1, 1, 1, False
1240.292, 2021-07-05T16:07:48.5718450+08:00, 0, 12.94095, 48.29629, 1, 1, 1, False
1240.301, 2021-07-05T16:07:48.5801070+08:00, 0, 12.94095, 48.29629, 1, 1, 1, False
1240.308, 2021-07-05T16:07:48.5870960+08:00, 0, 12.94095, 48.29629, 1, 1, 1, False
1240.312, 2021-07-05T16:07:48.5908660+08:00, 0, 12.94095, 48.29629, 1, 1, 1, False
1240.316, 2021-07-05T16:07:48.5953690+08:00, 0, 12.94095, 48.29629, 1, 1, 1, False
1240.32, 2021-07-05T16:07:48.5990980+08:00, 0, 12.94095, 48.29629, 1, 1, 1, False
1240.324, 2021-07-05T16:07:48.6034540+08:00, 0, 12.94095, 48.29629, 1, 1, 1, False
1240.329, 2021-07-05T16:07:48.6087520+08:00, 0, 12.94095, 48.29629, 1, 1, 1, False
1240.336, 2021-07-05T16:07:48.6152490+08:00, 0, 12.94095, 48.29629, 1, 1, 1, False
1240.342, 2021-07-05T16:07:48.6210890+08:00, 0, 12.94095, 48.29629, 1, 1, 1, False
1240.348, 2021-07-05T16:07:48.6276970+08:00, 0, 12.94095, 48.29629, 1, 1, 1, False
1240.354, 2021-07-05T16:07:48.6339270+08:00, 0, 12.94095, 48.29629, 1, 1, 1, False
1240.361, 2021-07-05T16:07:48.6402300+08:00, 0, 12.94095, 48.29629, 1, 1, 1, False
1240.368, 2021-07-05T16:07:48.6471330+08:00, 0, 12.94095, 48.29629, 1, 1, 1, False
1240.373, 2021-07-05T16:07:48.6524840+08:00, 0, 12.94095, 48.29629, 1, 1, 1, False
1240.38, 2021-07-05T16:07:48.6591260+08:00, 0, 12.94095, 48.29629, 1, 1, 1, False
1240.385, 2021-07-05T16:07:48.6648170+08:00, 0, 12.94095, 48.29629, 1, 1, 1, False
1240.392, 2021-07-05T16:07:48.6715190+08:00, 0, 12.94095, 48.29629, 1, 1, 1, False
1240.398, 2021-07-05T16:07:48.6775150+08:00, 0, 12.94095, 48.29629, 1, 1, 1, False
1240.405, 2021-07-05T16:07:48.6840670+08:00, 0, 12.94095, 48.29629, 1, 1, 1, False
1240.413, 2021-07-05T16:07:48.6922290+08:00, 0, 12.94095, 48.29629, 1, 1, 1, False
1240.421, 2021-07-05T16:07:48.7000410+08:00, 0, 12.94095, 48.29629, 1, 1, 1, False
1240.429, 2021-07-05T16:07:48.7082870+08:00, 0, 12.94095, 48.29629, 1, 1, 1, False
1240.436, 2021-07-05T16:07:48.7157010+08:00, 0, 12.94095, 48.29629, 1, 1, 1, False
1240.445, 2021-07-05T16:07:48.7243950+08:00, 0, 12.94095, 48.29629, 1, 1, 1, False
1240.453, 2021-07-05T16:07:48.7320520+08:00, 0, 12.94095, 48.29629, 1, 1, 1, False
1240.461, 2021-07-05T16:07:48.7400910+08:00, 0, 12.94095, 48.29629, 1, 1, 1, False
1240.468, 2021-07-05T16:07:48.7474140+08:00, 0, 12.94095, 48.29629, 1, 1, 1, False
1240.472, 2021-07-05T16:07:48.7510340+08:00, 0, 12.94095, 48.29629, 1, 1, 1, False
1240.476, 2021-07-05T16:07:48.7548980+08:00, 0, 12.94095, 48.29629, 1, 1, 1, False
1240.48, 2021-07-05T16:07:48.7591070+08:00, 0, 12.94095, 48.29629, 1, 1, 1, False
1240.484, 2021-07-05T16:07:48.7633380+08:00, 0, 12.94095, 48.29629, 1, 1, 1, False
1240.488, 2021-07-05T16:07:48.7670100+08:00, 0, 12.94095, 48.29629, 1, 1, 1, False
1240.492, 2021-07-05T16:07:48.7713170+08:00, 0, 12.94095, 48.29629, 1, 1, 1, False
1240.498, 2021-07-05T16:07:48.7775080+08:00, 0, 12.94095, 48.29629, 1, 1, 1, False
1240.504, 2021-07-05T16:07:48.7838580+08:00, 0, 12.94095, 48.29629, 1, 1, 1, False
1240.511, 2021-07-05T16:07:48.7901310+08:00, 0, 12.94095, 48.29629, 1, 1, 1, False
1240.517, 2021-07-05T16:07:48.7964020+08:00, 0, 12.94095, 48.29629, 1, 1, 1, False
1240.525, 2021-07-05T16:07:48.8038800+08:00, 0, 12.94095, 48.29629, 1, 1, 1, False
1240.53, 2021-07-05T16:07:48.8089060+08:00, 0, 12.94095, 48.29629, 1, 1, 1, False
1240.536, 2021-07-05T16:07:48.8158970+08:00, 0, 12.94095, 48.29629, 1, 1, 1, False
1240.544, 2021-07-05T16:07:48.8292630+08:00, 0, 12.94095, 48.29629, 1, 1, 1, False
1240.556, 2021-07-05T16:07:48.8353210+08:00, 0, 12.94095, 48.29629, 1, 1, 1, False
1240.56, 2021-07-05T16:07:48.8391270+08:00, 0, 12.94095, 48.29629, 1, 1, 1, False
1240.564, 2021-07-05T16:07:48.8431330+08:00, 0, 12.94095, 48.29629, 1, 1, 1, False
1240.568, 2021-07-05T16:07:48.8472640+08:00, 0, 12.94095, 48.29629, 1, 1, 1, False
1240.573, 2021-07-05T16:07:48.8526920+08:00, 0, 12.94095, 48.29629, 1, 1, 1, False
1240.58, 2021-07-05T16:07:48.8595420+08:00, 0, 12.94095, 48.29629, 1, 1, 1, False
1240.586, 2021-07-05T16:07:48.8651690+08:00, 0, 12.94095, 48.29629, 1, 1, 1, False
1240.592, 2021-07-05T16:07:48.8717610+08:00, 0, 12.94095, 48.29629, 1, 1, 1, False
1240.598, 2021-07-05T16:07:48.8772870+08:00, 0, 12.94095, 48.29629, 1, 1, 1, False
1240.604, 2021-07-05T16:07:48.8838570+08:00, 0, 12.94095, 48.29629, 1, 1, 1, False
1240.611, 2021-07-05T16:07:48.8900970+08:00, 0, 12.94095, 48.29629, 1, 1, 1, False
1240.617, 2021-07-05T16:07:48.8960870+08:00, 0, 12.94095, 48.29629, 1, 1, 1, False
1240.625, 2021-07-05T16:07:48.9039390+08:00, 0, 12.94095, 48.29629, 1, 1, 1, False
1240.633, 2021-07-05T16:07:48.9120970+08:00, 0, 12.94095, 48.29629, 1, 1, 1, False
1240.641, 2021-07-05T16:07:48.9201780+08:00, 0, 12.94095, 48.29629, 1, 1, 1, False
1240.648, 2021-07-05T16:07:48.9278960+08:00, 0, 12.94095, 48.29629, 1, 1, 1, False
1240.657, 2021-07-05T16:07:48.9360770+08:00, 0, 12.94095, 48.29629, 1, 1, 1, False
1240.664, 2021-07-05T16:07:48.9438730+08:00, 0, 12.94095, 48.29629, 1, 1, 1, False
1240.673, 2021-07-05T16:07:48.9519800+08:00, 0, 12.94095, 48.29629, 1, 1, 1, False
1240.68, 2021-07-05T16:07:48.9594400+08:00, 0, 12.94095, 48.29629, 1, 1, 1, False
1240.689, 2021-07-05T16:07:48.9682310+08:00, 0, 12.94095, 48.29629, 1, 1, 1, False
1240.697, 2021-07-05T16:07:48.9761790+08:00, 0, 12.94095, 48.29629, 1, 1, 1, False
1240.705, 2021-07-05T16:07:48.9839770+08:00, 0, 12.94095, 48.29629, 1, 1, 1, False
1240.713, 2021-07-05T16:07:48.9921770+08:00, 0, 12.94095, 48.29629, 1, 1, 1, False
1240.721, 2021-07-05T16:07:49.0000790+08:00, 0, 12.94095, 48.29629, 1, 1, 1, False
1240.731, 2021-07-05T16:07:49.0107190+08:00, 0, 12.94095, 48.29629, 1, 1, 1, False
1240.736, 2021-07-05T16:07:49.0151060+08:00, 0, 12.94095, 48.29629, 1, 1, 1, False
1240.74, 2021-07-05T16:07:49.0190050+08:00, 0, 12.94095, 48.29629, 1, 1, 1, False
1240.744, 2021-07-05T16:07:49.0230970+08:00, 0, 12.94095, 48.29629, 1, 1, 1, False
1240.748, 2021-07-05T16:07:49.0272370+08:00, 0, 12.94095, 48.29629, 1, 1, 1, False
1240.751, 2021-07-05T16:07:49.0308080+08:00, 0, 12.94095, 48.29629, 1, 1, 1, False
1240.755, 2021-07-05T16:07:49.0348530+08:00, 0, 12.94095, 48.29629, 1, 1, 1, False
1240.761, 2021-07-05T16:07:49.0403880+08:00, 0, 12.94095, 48.29629, 1, 1, 1, False
1240.768, 2021-07-05T16:07:49.0474720+08:00, 0, 12.94095, 48.29629, 1, 1, 1, False
1240.774, 2021-07-05T16:07:49.0529580+08:00, 0, 12.94095, 48.29629, 1, 1, 1, False
1240.78, 2021-07-05T16:07:49.0592970+08:00, 0, 12.94095, 48.29629, 1, 1, 1, False
1240.786, 2021-07-05T16:07:49.0658410+08:00, 0, 12.94095, 48.29629, 1, 1, 1, False
1240.793, 2021-07-05T16:07:49.0719990+08:00, 0, 12.94095, 48.29629, 1, 1, 1, False
1240.798, 2021-07-05T16:07:49.0779120+08:00, 0, 12.94095, 48.29629, 1, 1, 1, False
1240.805, 2021-07-05T16:07:49.0845360+08:00, 0, 12.94095, 48.29629, 1, 1, 1, False
1240.812, 2021-07-05T16:07:49.0913230+08:00, 0, 12.94095, 48.29629, 1, 1, 1, False
1240.817, 2021-07-05T16:07:49.0962770+08:00, 0, 12.94095, 48.29629, 1, 1, 1, False
1240.824, 2021-07-05T16:07:49.1039630+08:00, 0, 12.94095, 48.29629, 1, 1, 1, False
1240.833, 2021-07-05T16:07:49.1119570+08:00, 0, 12.94095, 48.29629, 1, 1, 1, False
1240.841, 2021-07-05T16:07:49.1203200+08:00, 0, 12.94095, 48.29629, 1, 1, 1, False
1240.849, 2021-07-05T16:07:49.1279150+08:00, 0, 12.94095, 48.29629, 1, 1, 1, False
1240.856, 2021-07-05T16:07:49.1358430+08:00, 0, 12.94095, 48.29629, 1, 1, 1, False
1240.864, 2021-07-05T16:07:49.1435860+08:00, 0, 12.94095, 48.29629, 1, 1, 1, False
1240.868, 2021-07-05T16:07:49.1469790+08:00, 0, 12.94095, 48.29629, 1, 1, 1, False
1240.872, 2021-07-05T16:07:49.1511830+08:00, 0, 12.94095, 48.29629, 1, 1, 1, False
1240.876, 2021-07-05T16:07:49.1549950+08:00, 0, 12.94095, 48.29629, 1, 1, 1, False
1240.88, 2021-07-05T16:07:49.1592950+08:00, 0, 12.94095, 48.29629, 1, 1, 1, False
1240.886, 2021-07-05T16:07:49.1656100+08:00, 0, 12.94095, 48.29629, 1, 1, 1, False
1240.892, 2021-07-05T16:07:49.1716780+08:00, 0, 12.94095, 48.29629, 1, 1, 1, False
1240.899, 2021-07-05T16:07:49.1782940+08:00, 0, 12.94095, 48.29629, 1, 1, 1, False
1240.905, 2021-07-05T16:07:49.1845790+08:00, 0, 12.94095, 48.29629, 1, 1, 1, False
1240.912, 2021-07-05T16:07:49.1914930+08:00, 0, 12.94095, 48.29629, 1, 1, 1, False
1240.918, 2021-07-05T16:07:49.1970550+08:00, 0, 12.94095, 48.29629, 1, 1, 1, False
1240.924, 2021-07-05T16:07:49.2036980+08:00, 0, 12.94095, 48.29629, 1, 1, 1, False
1240.93, 2021-07-05T16:07:49.2090080+08:00, 0, 12.94095, 48.29629, 1, 1, 1, False
1240.937, 2021-07-05T16:07:49.2159200+08:00, 0, 12.94095, 48.29629, 1, 1, 1, False
1240.945, 2021-07-05T16:07:49.2241820+08:00, 0, 12.94095, 48.29629, 1, 1, 1, False
1240.953, 2021-07-05T16:07:49.2319930+08:00, 0, 12.94095, 48.29629, 1, 1, 1, False
1240.961, 2021-07-05T16:07:49.2402090+08:00, 0, 12.94095, 48.29629, 1, 1, 1, False
1240.968, 2021-07-05T16:07:49.2475560+08:00, 0, 12.94095, 48.29629, 1, 1, 1, False
1240.972, 2021-07-05T16:07:49.2511670+08:00, 0, 12.94095, 48.29629, 1, 1, 1, False
1240.976, 2021-07-05T16:07:49.2549860+08:00, 0, 12.94095, 48.29629, 1, 1, 1, False
1240.98, 2021-07-05T16:07:49.2593280+08:00, 0, 12.94095, 48.29629, 1, 1, 1, False
1240.986, 2021-07-05T16:07:49.2655830+08:00, 0, 12.94095, 48.29629, 1, 1, 1, False
1240.992, 2021-07-05T16:07:49.2716360+08:00, 0, 12.94095, 48.29629, 1, 1, 1, False
1240.999, 2021-07-05T16:07:49.2779760+08:00, 0, 12.94095, 48.29629, 1, 1, 1, False
1241.005, 2021-07-05T16:07:49.2843470+08:00, 0, 12.94095, 48.29629, 1, 1, 1, False
1241.012, 2021-07-05T16:07:49.2911200+08:00, 0, 12.94095, 48.29629, 1, 1, 1, False
1241.017, 2021-07-05T16:07:49.2966790+08:00, 0, 12.94095, 48.29629, 1, 1, 1, False
1241.024, 2021-07-05T16:07:49.3037190+08:00, 0, 12.94095, 48.29629, 1, 1, 1, False
1241.029, 2021-07-05T16:07:49.3088480+08:00, 0, 12.94095, 48.29629, 1, 1, 1, False
1241.037, 2021-07-05T16:07:49.3160410+08:00, 0, 12.94095, 48.29629, 1, 1, 1, False
1241.045, 2021-07-05T16:07:49.3241190+08:00, 0, 12.94095, 48.29629, 1, 1, 1, False
1241.053, 2021-07-05T16:07:49.3320610+08:00, 0, 12.94095, 48.29629, 1, 1, 1, False
1241.061, 2021-07-05T16:07:49.3400060+08:00, 0, 12.94095, 48.29629, 1, 1, 1, False
1241.068, 2021-07-05T16:07:49.3478530+08:00, 0, 12.94095, 48.29629, 1, 1, 1, False
1241.077, 2021-07-05T16:07:49.3559270+08:00, 0, 12.94095, 48.29629, 1, 1, 1, False
1241.085, 2021-07-05T16:07:49.3641960+08:00, 0, 12.94095, 48.29629, 1, 1, 1, False
1241.092, 2021-07-05T16:07:49.3717970+08:00, 0, 12.94095, 48.29629, 1, 1, 1, False
1241.096, 2021-07-05T16:07:49.3750600+08:00, 0, 12.94095, 48.29629, 1, 1, 1, False
1241.1, 2021-07-05T16:07:49.3790940+08:00, 0, 12.94095, 48.29629, 1, 1, 1, False
1241.104, 2021-07-05T16:07:49.3832910+08:00, 0, 12.94095, 48.29629, 1, 1, 1, False
1241.108, 2021-07-05T16:07:49.3871080+08:00, 0, 12.94095, 48.29629, 1, 1, 1, False
1241.112, 2021-07-05T16:07:49.3909400+08:00, 0, 12.94095, 48.29629, 1, 1, 1, False
1241.117, 2021-07-05T16:07:49.3963870+08:00, 0, 12.94095, 48.29629, 1, 1, 1, False
1241.125, 2021-07-05T16:07:49.4038990+08:00, 0, 12.94095, 48.29629, 1, 1, 1, False
1241.13, 2021-07-05T16:07:49.4089890+08:00, 0, 12.94095, 48.29629, 1, 1, 1, False
1241.136, 2021-07-05T16:07:49.4158030+08:00, 0, 12.94095, 48.29629, 1, 1, 1, False
1241.142, 2021-07-05T16:07:49.4213910+08:00, 0, 12.94095, 48.29629, 1, 1, 1, False
1241.148, 2021-07-05T16:07:49.4277960+08:00, 0, 12.94095, 48.29629, 1, 1, 1, False
1241.155, 2021-07-05T16:07:49.4339470+08:00, 0, 12.94095, 48.29629, 1, 1, 1, False
1241.16, 2021-07-05T16:07:49.4397060+08:00, 0, 12.94095, 48.29629, 1, 1, 1, False
1241.167, 2021-07-05T16:07:49.4464530+08:00, 0, 12.94095, 48.29629, 1, 1, 1, False
1241.173, 2021-07-05T16:07:49.4527280+08:00, 0, 12.94095, 48.29629, 1, 1, 1, False
1241.18, 2021-07-05T16:07:49.4598420+08:00, 0, 12.94095, 48.29629, 1, 1, 1, False
1241.189, 2021-07-05T16:07:49.4680030+08:00, 0, 12.94095, 48.29629, 1, 1, 1, False
1241.197, 2021-07-05T16:07:49.4762120+08:00, 0, 12.94095, 48.29629, 1, 1, 1, False
1241.204, 2021-07-05T16:07:49.4839310+08:00, 0, 12.94095, 48.29629, 1, 1, 1, False
1241.212, 2021-07-05T16:07:49.4914210+08:00, 0, 12.94095, 48.29629, 1, 1, 1, False
1241.221, 2021-07-05T16:07:49.5003300+08:00, 0, 12.94095, 48.29629, 1, 1, 1, False
1241.229, 2021-07-05T16:07:49.5080540+08:00, 0, 12.94095, 48.29629, 1, 1, 1, False
1241.236, 2021-07-05T16:07:49.5157280+08:00, 0, 12.94095, 48.29629, 1, 1, 1, False
1241.245, 2021-07-05T16:07:49.5241650+08:00, 0, 12.94095, 48.29629, 1, 1, 1, False
1241.252, 2021-07-05T16:07:49.5318550+08:00, 0, 12.94095, 48.29629, 1, 1, 1, False
1241.261, 2021-07-05T16:07:49.5403520+08:00, 0, 12.94095, 48.29629, 1, 1, 1, False
1241.268, 2021-07-05T16:07:49.5477960+08:00, 0, 12.94095, 48.29629, 1, 1, 1, False
1241.277, 2021-07-05T16:07:49.5562930+08:00, 0, 12.94095, 48.29629, 1, 1, 1, False
1241.285, 2021-07-05T16:07:49.5643660+08:00, 0, 12.94095, 48.29629, 1, 1, 1, False
1241.292, 2021-07-05T16:07:49.5710930+08:00, 0, 12.94095, 48.29629, 1, 1, 1, False
1241.296, 2021-07-05T16:07:49.5750450+08:00, 0, 12.94095, 48.29629, 1, 1, 1, False
1241.3, 2021-07-05T16:07:49.5791420+08:00, 0, 12.94095, 48.29629, 1, 1, 1, False
1241.304, 2021-07-05T16:07:49.5831580+08:00, 0, 12.94095, 48.29629, 1, 1, 1, False
1241.307, 2021-07-05T16:07:49.5869040+08:00, 0, 12.94095, 48.29629, 1, 1, 1, False
1241.313, 2021-07-05T16:07:49.5918720+08:00, 0, 12.94095, 48.29629, 1, 1, 1, False
1241.315, 2021-07-05T16:07:49.5948110+08:00, 0, 12.94095, 48.29629, 1, 1, 1, False
1241.321, 2021-07-05T16:07:49.6001760+08:00, 0, 12.94095, 48.29629, 1, 1, 1, False
1241.328, 2021-07-05T16:07:49.6071580+08:00, 0, 12.94095, 48.29629, 1, 1, 1, False
1241.333, 2021-07-05T16:07:49.6125730+08:00, 0, 12.94095, 48.29629, 1, 1, 1, False
1241.34, 2021-07-05T16:07:49.6198260+08:00, 0, 12.94095, 48.29629, 1, 1, 1, False
1241.346, 2021-07-05T16:07:49.6254520+08:00, 0, 12.94095, 48.29629, 1, 1, 1, False
1241.352, 2021-07-05T16:07:49.6318500+08:00, 0, 12.94095, 48.29629, 1, 1, 1, False
1241.36, 2021-07-05T16:07:49.6392450+08:00, 0, 12.94095, 48.29629, 1, 1, 1, False
1241.365, 2021-07-05T16:07:49.6441670+08:00, 0, 12.94095, 48.29629, 1, 1, 1, False
1241.372, 2021-07-05T16:07:49.6515320+08:00, 0, 12.94095, 48.29629, 1, 1, 1, False
1241.38, 2021-07-05T16:07:49.6595840+08:00, 0, 12.94095, 48.29629, 1, 1, 1, False
1241.384, 2021-07-05T16:07:49.6632600+08:00, 0, 12.94095, 48.29629, 1, 1, 1, False
1241.39, 2021-07-05T16:07:49.6690320+08:00, 0, 12.94095, 48.29629, 1, 1, 1, False
1241.396, 2021-07-05T16:07:49.6753630+08:00, 0, 12.94095, 48.29629, 1, 1, 1, False
1241.402, 2021-07-05T16:07:49.6813180+08:00, 0, 12.94095, 48.29629, 1, 1, 1, False
1241.408, 2021-07-05T16:07:49.6878780+08:00, 0, 12.94095, 48.29629, 1, 1, 1, False
1241.415, 2021-07-05T16:07:49.6940700+08:00, 0, 12.94095, 48.29629, 1, 1, 1, False
1241.421, 2021-07-05T16:07:49.6999850+08:00, 0, 12.94095, 48.29629, 1, 1, 1, False
1241.428, 2021-07-05T16:07:49.7073010+08:00, 0, 12.94095, 48.29629, 1, 1, 1, False
1241.433, 2021-07-05T16:07:49.7128290+08:00, 0, 12.94095, 48.29629, 1, 1, 1, False
1241.44, 2021-07-05T16:07:49.7197120+08:00, 0, 12.94095, 48.29629, 1, 1, 1, False
1241.446, 2021-07-05T16:07:49.7253540+08:00, 0, 12.94095, 48.29629, 1, 1, 1, False
1241.452, 2021-07-05T16:07:49.7316320+08:00, 0, 12.94095, 48.29629, 1, 1, 1, False
1241.458, 2021-07-05T16:07:49.7375420+08:00, 0, 12.94095, 48.29629, 1, 1, 1, False
1241.465, 2021-07-05T16:07:49.7441160+08:00, 0, 12.94095, 48.29629, 1, 1, 1, False
1241.473, 2021-07-05T16:07:49.7519140+08:00, 0, 12.94095, 48.29629, 1, 1, 1, False
1241.477, 2021-07-05T16:07:49.7562300+08:00, 0, 12.94095, 48.29629, 1, 1, 1, False
1241.485, 2021-07-05T16:07:49.7639720+08:00, 0, 12.94095, 48.29629, 1, 1, 1, False
1241.493, 2021-07-05T16:07:49.7721070+08:00, 0, 12.94095, 48.29629, 1, 1, 1, False
1241.501, 2021-07-05T16:07:49.7802540+08:00, 0, 12.94095, 48.29629, 1, 1, 1, False
1241.508, 2021-07-05T16:07:49.7872090+08:00, 0, 12.94095, 48.29629, 1, 1, 1, False
1241.512, 2021-07-05T16:07:49.7910210+08:00, 0, 12.94095, 48.29629, 1, 1, 1, False
1241.516, 2021-07-05T16:07:49.7952550+08:00, 0, 12.94095, 48.29629, 1, 1, 1, False
1241.521, 2021-07-05T16:07:49.8006600+08:00, 0, 12.94095, 48.29629, 1, 1, 1, False
1241.528, 2021-07-05T16:07:49.8071500+08:00, 0, 12.94095, 48.29629, 1, 1, 1, False
1241.533, 2021-07-05T16:07:49.8128180+08:00, 0, 12.94095, 48.29629, 1, 1, 1, False
1241.541, 2021-07-05T16:07:49.8199500+08:00, 0, 12.94095, 48.29629, 1, 1, 1, False
1241.548, 2021-07-05T16:07:49.8276120+08:00, 0, 12.94095, 48.29629, 1, 1, 1, False
1241.552, 2021-07-05T16:07:49.8314660+08:00, 0, 12.94095, 48.29629, 1, 1, 1, False
1241.558, 2021-07-05T16:07:49.8377410+08:00, 0, 12.94095, 48.29629, 1, 1, 1, False
1241.564, 2021-07-05T16:07:49.8437210+08:00, 0, 12.94095, 48.29629, 1, 1, 1, False
1241.571, 2021-07-05T16:07:49.8502900+08:00, 0, 12.94095, 48.29629, 1, 1, 1, False
1241.577, 2021-07-05T16:07:49.8565400+08:00, 0, 12.94095, 48.29629, 1, 1, 1, False
1241.585, 2021-07-05T16:07:49.8641510+08:00, 0, 12.94095, 48.29629, 1, 1, 1, False
1241.592, 2021-07-05T16:07:49.8710740+08:00, 0, 12.94095, 48.29629, 1, 1, 1, False
1241.596, 2021-07-05T16:07:49.8753040+08:00, 0, 12.94095, 48.29629, 1, 1, 1, False
1241.602, 2021-07-05T16:07:49.8814400+08:00, 0, 12.94095, 48.29629, 1, 1, 1, False
1241.609, 2021-07-05T16:07:49.8878790+08:00, 0, 12.94095, 48.29629, 1, 1, 1, False
1241.615, 2021-07-05T16:07:49.8942020+08:00, 0, 12.94095, 48.29629, 1, 1, 1, False
1241.621, 2021-07-05T16:07:49.9001630+08:00, 0, 12.94095, 48.29629, 1, 1, 1, False
1241.628, 2021-07-05T16:07:49.9074100+08:00, 0, 12.94095, 48.29629, 1, 1, 1, False
1241.637, 2021-07-05T16:07:49.9162280+08:00, 0, 12.94095, 48.29629, 1, 1, 1, False
1241.645, 2021-07-05T16:07:49.9240190+08:00, 0, 12.94095, 48.29629, 1, 1, 1, False
1241.653, 2021-07-05T16:07:49.9319580+08:00, 0, 12.94095, 48.29629, 1, 1, 1, False
1241.661, 2021-07-05T16:07:49.9401460+08:00, 0, 12.94095, 48.29629, 1, 1, 1, False
1241.668, 2021-07-05T16:07:49.9479010+08:00, 0, 12.94095, 48.29629, 1, 1, 1, False
1241.677, 2021-07-05T16:07:49.9560510+08:00, 0, 12.94095, 48.29629, 1, 1, 1, False
1241.684, 2021-07-05T16:07:49.9636420+08:00, 0, 12.94095, 48.29629, 1, 1, 1, False
1241.692, 2021-07-05T16:07:49.9710940+08:00, 0, 12.94095, 48.29629, 1, 1, 1, False
1241.696, 2021-07-05T16:07:49.9751760+08:00, 0, 12.94095, 48.29629, 1, 1, 1, False
1241.7, 2021-07-05T16:07:49.9791560+08:00, 0, 12.94095, 48.29629, 1, 1, 1, False
1241.708, 2021-07-05T16:07:49.9920660+08:00, 0, 12.94095, 48.29629, 1, 1, 1, False
1241.716, 2021-07-05T16:07:49.9951810+08:00, 0, 12.94095, 48.29629, 1, 1, 1, False
1241.72, 2021-07-05T16:07:49.9993240+08:00, 0, 12.94095, 48.29629, 1, 1, 1, False
1241.724, 2021-07-05T16:07:50.0029880+08:00, 0, 12.94095, 48.29629, 1, 1, 1, False
1241.728, 2021-07-05T16:07:50.0068830+08:00, 0, 12.94095, 48.29629, 1, 1, 1, False
1241.732, 2021-07-05T16:07:50.0113200+08:00, 0, 12.94095, 48.29629, 1, 1, 1, False
1241.736, 2021-07-05T16:07:50.0150590+08:00, 0, 12.94095, 48.29629, 1, 1, 1, False
1241.74, 2021-07-05T16:07:50.0189000+08:00, 0, 12.94095, 48.29629, 1, 1, 1, False
1241.745, 2021-07-05T16:07:50.0249530+08:00, 0, 12.94095, 48.29629, 1, 1, 1, False
1241.752, 2021-07-05T16:07:50.0318830+08:00, 0, 12.94095, 48.29629, 1, 1, 1, False
1241.76, 2021-07-05T16:07:50.0391460+08:00, 0, 12.94095, 48.29629, 1, 1, 1, False
1241.765, 2021-07-05T16:07:50.0442500+08:00, 0, 12.94095, 48.29629, 1, 1, 1, False
1241.773, 2021-07-05T16:07:50.0521830+08:00, 0, 12.94095, 48.29629, 1, 1, 1, False
1241.78, 2021-07-05T16:07:50.0592610+08:00, 0, 12.94095, 48.29629, 1, 1, 1, False
1241.784, 2021-07-05T16:07:50.0632170+08:00, 0, 12.94095, 48.29629, 1, 1, 1, False
1241.79, 2021-07-05T16:07:50.0688860+08:00, 0, 12.94095, 48.29629, 1, 1, 1, False
1241.797, 2021-07-05T16:07:50.0764030+08:00, 0, 12.94095, 48.29629, 1, 1, 1, False
1241.805, 2021-07-05T16:07:50.0840340+08:00, 0, 12.94095, 48.29629, 1, 1, 1, False
1241.813, 2021-07-05T16:07:50.0918880+08:00, 0, 12.94095, 48.29629, 1, 1, 1, False
1241.821, 2021-07-05T16:07:50.1004910+08:00, 0, 12.94095, 48.29629, 1, 1, 1, False
1241.828, 2021-07-05T16:07:50.1074750+08:00, 0, 12.94095, 48.29629, 1, 1, 1, False
1241.832, 2021-07-05T16:07:50.1109650+08:00, 0, 12.94095, 48.29629, 1, 1, 1, False
1241.836, 2021-07-05T16:07:50.1151380+08:00, 0, 12.94095, 48.29629, 1, 1, 1, False
1241.84, 2021-07-05T16:07:50.1192520+08:00, 0, 12.94095, 48.29629, 1, 1, 1, False
1241.846, 2021-07-05T16:07:50.1250610+08:00, 0, 12.94095, 48.29629, 1, 1, 1, False
1241.852, 2021-07-05T16:07:50.1317840+08:00, 0, 12.94095, 48.29629, 1, 1, 1, False
1241.859, 2021-07-05T16:07:50.1380090+08:00, 0, 12.94095, 48.29629, 1, 1, 1, False
1241.865, 2021-07-05T16:07:50.1440990+08:00, 0, 12.94095, 48.29629, 1, 1, 1, False
1241.872, 2021-07-05T16:07:50.1514300+08:00, 0, 12.94095, 48.29629, 1, 1, 1, False
1241.88, 2021-07-05T16:07:50.1594130+08:00, 0, 12.94095, 48.29629, 1, 1, 1, False
1241.884, 2021-07-05T16:07:50.1630220+08:00, 0, 12.94095, 48.29629, 1, 1, 1, False
1241.89, 2021-07-05T16:07:50.1689950+08:00, 0, 12.94095, 48.29629, 1, 1, 1, False
1241.897, 2021-07-05T16:07:50.1761040+08:00, 0, 12.94095, 48.29629, 1, 1, 1, False
1241.905, 2021-07-05T16:07:50.1843030+08:00, 0, 12.94095, 48.29629, 1, 1, 1, False
1241.913, 2021-07-05T16:07:50.1921060+08:00, 0, 12.94095, 48.29629, 1, 1, 1, False
1241.921, 2021-07-05T16:07:50.2001460+08:00, 0, 12.94095, 48.29629, 1, 1, 1, False
1241.929, 2021-07-05T16:07:50.2079270+08:00, 0, 12.94095, 48.29629, 1, 1, 1, False
1241.937, 2021-07-05T16:07:50.2161900+08:00, 0, 12.94095, 48.29629, 1, 1, 1, False
1241.945, 2021-07-05T16:07:50.2241980+08:00, 0, 12.94095, 48.29629, 1, 1, 1, False
1241.953, 2021-07-05T16:07:50.2319730+08:00, 0, 12.94095, 48.29629, 1, 1, 1, False
1241.961, 2021-07-05T16:07:50.2402750+08:00, 0, 12.94095, 48.29629, 1, 1, 1, False
1241.968, 2021-07-05T16:07:50.2474170+08:00, 0, 12.94095, 48.29629, 1, 1, 1, False
1241.976, 2021-07-05T16:07:50.2556090+08:00, 0, 12.94095, 48.29629, 1, 1, 1, False
1241.984, 2021-07-05T16:07:50.2638800+08:00, 0, 12.94095, 48.29629, 1, 1, 1, False
1241.992, 2021-07-05T16:07:50.2717070+08:00, 0, 12.94095, 48.29629, 1, 1, 1, False
1241.996, 2021-07-05T16:07:50.2751620+08:00, 0, 12.94095, 48.29629, 1, 1, 1, False
1242, 2021-07-05T16:07:50.2792760+08:00, 0, 12.94095, 48.29629, 1, 1, 1, False
1242.004, 2021-07-05T16:07:50.2829420+08:00, 0, 12.94095, 48.29629, 1, 1, 1, False
1242.008, 2021-07-05T16:07:50.2870170+08:00, 0, 12.94095, 48.29629, 1, 1, 1, False
1242.012, 2021-07-05T16:07:50.2917130+08:00, 0, 12.94095, 48.29629, 1, 1, 1, False
1242.016, 2021-07-05T16:07:50.2948350+08:00, 0, 12.94095, 48.29629, 1, 1, 1, False
1242.02, 2021-07-05T16:07:50.2994470+08:00, 0, 12.94095, 48.29629, 1, 1, 1, False
1242.026, 2021-07-05T16:07:50.3048630+08:00, 0, 12.94095, 48.29629, 1, 1, 1, False
1242.032, 2021-07-05T16:07:50.3118210+08:00, 0, 12.94095, 48.29629, 1, 1, 1, False
1242.039, 2021-07-05T16:07:50.3181300+08:00, 0, 12.94095, 48.29629, 1, 1, 1, False
1242.045, 2021-07-05T16:07:50.3240740+08:00, 0, 12.94095, 48.29629, 1, 1, 1, False
1242.052, 2021-07-05T16:07:50.3315330+08:00, 0, 12.94095, 48.29629, 1, 1, 1, False
1242.057, 2021-07-05T16:07:50.3368470+08:00, 0, 12.94095, 48.29629, 1, 1, 1, False
1242.064, 2021-07-05T16:07:50.3432100+08:00, 0, 12.94095, 48.29629, 1, 1, 1, False
1242.07, 2021-07-05T16:07:50.3490720+08:00, 0, 12.94095, 48.29629, 1, 1, 1, False
1242.076, 2021-07-05T16:07:50.3558040+08:00, 0, 12.94095, 48.29629, 1, 1, 1, False
1242.082, 2021-07-05T16:07:50.3617150+08:00, 0, 12.94095, 48.29629, 1, 1, 1, False
1242.089, 2021-07-05T16:07:50.3679890+08:00, 0, 12.94095, 48.29629, 1, 1, 1, False
1242.095, 2021-07-05T16:07:50.3742110+08:00, 0, 12.94095, 48.29629, 1, 1, 1, False
1242.101, 2021-07-05T16:07:50.3802560+08:00, 0, 12.94095, 48.29629, 1, 1, 1, False
1242.108, 2021-07-05T16:07:50.3873100+08:00, 0, 12.94095, 48.29629, 1, 1, 1, False
1242.114, 2021-07-05T16:07:50.3930800+08:00, 0, 12.94095, 48.29629, 1, 1, 1, False
1242.12, 2021-07-05T16:07:50.3994210+08:00, 0, 12.94095, 48.29629, 1, 1, 1, False
1242.126, 2021-07-05T16:07:50.4053600+08:00, 0, 12.94095, 48.29629, 1, 1, 1, False
1242.133, 2021-07-05T16:07:50.4119310+08:00, 0, 12.94095, 48.29629, 1, 1, 1, False
1242.14, 2021-07-05T16:07:50.4193240+08:00, 0, 12.94095, 48.29629, 1, 1, 1, False
1242.145, 2021-07-05T16:07:50.4244640+08:00, 0, 12.94095, 48.29629, 1, 1, 1, False
1242.153, 2021-07-05T16:07:50.4319730+08:00, 0, 12.94095, 48.29629, 1, 1, 1, False
1242.157, 2021-07-05T16:07:50.4365020+08:00, 0, 12.94095, 48.29629, 1, 1, 1, False
1242.164, 2021-07-05T16:07:50.4434560+08:00, 0, 12.94095, 48.29629, 1, 1, 1, False
1242.17, 2021-07-05T16:07:50.4491910+08:00, 0, 12.94095, 48.29629, 1, 1, 1, False
1242.176, 2021-07-05T16:07:50.4558510+08:00, 0, 12.94095, 48.29629, 1, 1, 1, False
1242.184, 2021-07-05T16:07:50.4636170+08:00, 0, 12.94095, 48.29629, 1, 1, 1, False
1242.189, 2021-07-05T16:07:50.4682790+08:00, 0, 12.94095, 48.29629, 1, 1, 1, False
1242.196, 2021-07-05T16:07:50.4755860+08:00, 0, 12.94095, 48.29629, 1, 1, 1, False
1242.205, 2021-07-05T16:07:50.4843610+08:00, 0, 12.94095, 48.29629, 1, 1, 1, False
1242.213, 2021-07-05T16:07:50.4922240+08:00, 0, 12.94095, 48.29629, 1, 1, 1, False
1242.221, 2021-07-05T16:07:50.5001100+08:00, 0, 12.94095, 48.29629, 1, 1, 1, False
1242.229, 2021-07-05T16:07:50.5078940+08:00, 0, 12.94095, 48.29629, 1, 1, 1, False
1242.237, 2021-07-05T16:07:50.5161860+08:00, 0, 12.94095, 48.29629, 1, 1, 1, False
1242.245, 2021-07-05T16:07:50.5240790+08:00, 0, 12.94095, 48.29629, 1, 1, 1, False
1242.252, 2021-07-05T16:07:50.5312840+08:00, 0, 12.94095, 48.29629, 1, 1, 1, False
1242.256, 2021-07-05T16:07:50.5350880+08:00, 0, 12.94095, 48.29629, 1, 1, 1, False
1242.26, 2021-07-05T16:07:50.5389890+08:00, 0, 12.94095, 48.29629, 1, 1, 1, False
1242.264, 2021-07-05T16:07:50.5430470+08:00, 0, 12.94095, 48.29629, 1, 1, 1, False
1242.268, 2021-07-05T16:07:50.5472480+08:00, 0, 12.94095, 48.29629, 1, 1, 1, False
1242.271, 2021-07-05T16:07:50.5508290+08:00, 0, 12.94095, 48.29629, 1, 1, 1, False
1242.276, 2021-07-05T16:07:50.5553160+08:00, 0, 12.94095, 48.29629, 1, 1, 1, False
1242.282, 2021-07-05T16:07:50.5613720+08:00, 0, 12.94095, 48.29629, 1, 1, 1, False
1242.289, 2021-07-05T16:07:50.5679950+08:00, 0, 12.94095, 48.29629, 1, 1, 1, False
1242.297, 2021-07-05T16:07:50.5759470+08:00, 0, 12.94095, 48.29629, 1, 1, 1, False
1242.305, 2021-07-05T16:07:50.5841280+08:00, 0, 12.94095, 48.29629, 1, 1, 1, False
1242.313, 2021-07-05T16:07:50.5920860+08:00, 0, 12.94095, 48.29629, 1, 1, 1, False
1242.32, 2021-07-05T16:07:50.5995290+08:00, 0, 12.94095, 48.29629, 1, 1, 1, False
1242.329, 2021-07-05T16:07:50.6081710+08:00, 0, 12.94095, 48.29629, 1, 1, 1, False
1242.337, 2021-07-05T16:07:50.6159510+08:00, 0, 12.94095, 48.29629, 1, 1, 1, False
1242.345, 2021-07-05T16:07:50.6242510+08:00, 0, 12.94095, 48.29629, 1, 1, 1, False
1242.352, 2021-07-05T16:07:50.6312080+08:00, 0, 12.94095, 48.29629, 1, 1, 1, False
1242.356, 2021-07-05T16:07:50.6350370+08:00, 0, 12.94095, 48.29629, 1, 1, 1, False
1242.36, 2021-07-05T16:07:50.6389970+08:00, 0, 12.94095, 48.29629, 1, 1, 1, False
1242.364, 2021-07-05T16:07:50.6433170+08:00, 0, 12.94095, 48.29629, 1, 1, 1, False
1242.368, 2021-07-05T16:07:50.6471110+08:00, 0, 12.94095, 48.29629, 1, 1, 1, False
1242.372, 2021-07-05T16:07:50.6511150+08:00, 0, 12.94095, 48.29629, 1, 1, 1, False
1242.376, 2021-07-05T16:07:50.6552790+08:00, 0, 12.94095, 48.29629, 1, 1, 1, False
1242.382, 2021-07-05T16:07:50.6614190+08:00, 0, 12.94095, 48.29629, 1, 1, 1, False
1242.389, 2021-07-05T16:07:50.6679880+08:00, 0, 12.94095, 48.29629, 1, 1, 1, False
1242.396, 2021-07-05T16:07:50.6751080+08:00, 0, 12.94095, 48.29629, 1, 1, 1, False
1242.401, 2021-07-05T16:07:50.6803820+08:00, 0, 12.94095, 48.29629, 1, 1, 1, False
1242.408, 2021-07-05T16:07:50.6872460+08:00, 0, 12.94095, 48.29629, 1, 1, 1, False
1242.413, 2021-07-05T16:07:50.6928580+08:00, 0, 12.94095, 48.29629, 1, 1, 1, False
1242.421, 2021-07-05T16:07:50.6999230+08:00, 0, 12.94095, 48.29629, 1, 1, 1, False
1242.429, 2021-07-05T16:07:50.7082810+08:00, 0, 12.94095, 48.29629, 1, 1, 1, False
1242.436, 2021-07-05T16:07:50.7157600+08:00, 0, 12.94095, 48.29629, 1, 1, 1, False
1242.445, 2021-07-05T16:07:50.7242660+08:00, 0, 12.94095, 48.29629, 1, 1, 1, False
1242.453, 2021-07-05T16:07:50.7322250+08:00, 0, 12.94095, 48.29629, 1, 1, 1, False
1242.461, 2021-07-05T16:07:50.7400730+08:00, 0, 12.94095, 48.29629, 1, 1, 1, False
1242.469, 2021-07-05T16:07:50.7480060+08:00, 0, 12.94095, 48.29629, 1, 1, 1, False
1242.476, 2021-07-05T16:07:50.7556180+08:00, 0, 12.94095, 48.29629, 1, 1, 1, False
1242.48, 2021-07-05T16:07:50.7592770+08:00, 0, 12.94095, 48.29629, 1, 1, 1, False
1242.484, 2021-07-05T16:07:50.7630050+08:00, 0, 12.94095, 48.29629, 1, 1, 1, False
1242.488, 2021-07-05T16:07:50.7673940+08:00, 0, 12.94095, 48.29629, 1, 1, 1, False
1242.492, 2021-07-05T16:07:50.7710030+08:00, 0, 12.94095, 48.29629, 1, 1, 1, False
1242.496, 2021-07-05T16:07:50.7750980+08:00, 0, 12.94095, 48.29629, 1, 1, 1, False
1242.501, 2021-07-05T16:07:50.7802350+08:00, 0, 12.94095, 48.29629, 1, 1, 1, False
1242.507, 2021-07-05T16:07:50.7861400+08:00, 0, 12.94095, 48.29629, 1, 1, 1, False
1242.513, 2021-07-05T16:07:50.7927310+08:00, 0, 12.94095, 48.29629, 1, 1, 1, False
1242.521, 2021-07-05T16:07:50.7999490+08:00, 0, 12.94095, 48.29629, 1, 1, 1, False
1242.528, 2021-07-05T16:07:50.8079040+08:00, 0, 12.94095, 48.29629, 1, 1, 1, False
1242.537, 2021-07-05T16:07:50.8160150+08:00, 0, 12.94095, 48.29629, 1, 1, 1, False
1242.545, 2021-07-05T16:07:50.8242010+08:00, 0, 12.94095, 48.29629, 1, 1, 1, False
1242.552, 2021-07-05T16:07:50.8313610+08:00, 0, 12.94095, 48.29629, 1, 1, 1, False
1242.561, 2021-07-05T16:07:50.8403300+08:00, 0, 12.94095, 48.29629, 1, 1, 1, False
1242.568, 2021-07-05T16:07:50.8473590+08:00, 0, 12.94095, 48.29629, 1, 1, 1, False
1242.571, 2021-07-05T16:07:50.8508160+08:00, 0, 12.94095, 48.29629, 1, 1, 1, False
1242.576, 2021-07-05T16:07:50.8552960+08:00, 0, 12.94095, 48.29629, 1, 1, 1, False
1242.58, 2021-07-05T16:07:50.8591930+08:00, 0, 12.94095, 48.29629, 1, 1, 1, False
1242.584, 2021-07-05T16:07:50.8633110+08:00, 0, 12.94095, 48.29629, 1, 1, 1, False
1242.588, 2021-07-05T16:07:50.8675070+08:00, 0, 12.94095, 48.29629, 1, 1, 1, False
1242.594, 2021-07-05T16:07:50.8733990+08:00, 0, 12.94095, 48.29629, 1, 1, 1, False
1242.601, 2021-07-05T16:07:50.8801840+08:00, 0, 12.94095, 48.29629, 1, 1, 1, False
1242.608, 2021-07-05T16:07:50.8871780+08:00, 0, 12.94095, 48.29629, 1, 1, 1, False
1242.613, 2021-07-05T16:07:50.8920760+08:00, 0, 12.94095, 48.29629, 1, 1, 1, False
1242.621, 2021-07-05T16:07:50.9001850+08:00, 0, 12.94095, 48.29629, 1, 1, 1, False
1242.629, 2021-07-05T16:07:50.9081820+08:00, 0, 12.94095, 48.29629, 1, 1, 1, False
1242.637, 2021-07-05T16:07:50.9160450+08:00, 0, 12.94095, 48.29629, 1, 1, 1, False
1242.645, 2021-07-05T16:07:50.9240550+08:00, 0, 12.94095, 48.29629, 1, 1, 1, False
1242.653, 2021-07-05T16:07:50.9321780+08:00, 0, 12.94095, 48.29629, 1, 1, 1, False
1242.661, 2021-07-05T16:07:50.9400250+08:00, 0, 12.94095, 48.29629, 1, 1, 1, False
1242.668, 2021-07-05T16:07:50.9477770+08:00, 0, 12.94095, 48.29629, 1, 1, 1, False
1242.676, 2021-07-05T16:07:50.9554610+08:00, 0, 12.94095, 48.29629, 1, 1, 1, False
1242.68, 2021-07-05T16:07:50.9590510+08:00, 0, 12.94095, 48.29629, 1, 1, 1, False
1242.684, 2021-07-05T16:07:50.9629890+08:00, 0, 12.94095, 48.29629, 1, 1, 1, False
1242.688, 2021-07-05T16:07:50.9673820+08:00, 0, 12.94095, 48.29629, 1, 1, 1, False
1242.692, 2021-07-05T16:07:50.9709080+08:00, 0, 12.94095, 48.29629, 1, 1, 1, False
1242.696, 2021-07-05T16:07:50.9750520+08:00, 0, 12.94095, 48.29629, 1, 1, 1, False
1242.7, 2021-07-05T16:07:50.9795640+08:00, 0, 12.94095, 48.29629, 1, 1, 1, False
1242.706, 2021-07-05T16:07:50.9854350+08:00, 0, 12.94095, 48.29629, 1, 1, 1, False
1242.713, 2021-07-05T16:07:50.9920490+08:00, 0, 12.94095, 48.29629, 1, 1, 1, False
1242.72, 2021-07-05T16:07:50.9994210+08:00, 0, 12.94095, 48.29629, 1, 1, 1, False
1242.725, 2021-07-05T16:07:51.0043650+08:00, 0, 12.94095, 48.29629, 1, 1, 1, False
1242.732, 2021-07-05T16:07:51.0114230+08:00, 0, 12.94095, 48.29629, 1, 1, 1, False
1242.738, 2021-07-05T16:07:51.0173090+08:00, 0, 12.94095, 48.29629, 1, 1, 1, False
1242.744, 2021-07-05T16:07:51.0237240+08:00, 0, 12.94095, 48.29629, 1, 1, 1, False
1242.75, 2021-07-05T16:07:51.0294970+08:00, 0, 12.94095, 48.29629, 1, 1, 1, False
1242.757, 2021-07-05T16:07:51.0361450+08:00, 0, 12.94095, 48.29629, 1, 1, 1, False
1242.764, 2021-07-05T16:07:51.0433350+08:00, 0, 12.94095, 48.29629, 1, 1, 1, False
1242.769, 2021-07-05T16:07:51.0485690+08:00, 0, 12.94095, 48.29629, 1, 1, 1, False
1242.776, 2021-07-05T16:07:51.0552300+08:00, 0, 12.94095, 48.29629, 1, 1, 1, False
1242.795, 2021-07-05T16:07:51.0743830+08:00, 0, 12.94095, 48.29629, 1, 1, 1, False
1242.8, 2021-07-05T16:07:51.0797510+08:00, 0, 12.94095, 48.29629, 1, 1, 1, False
1242.804, 2021-07-05T16:07:51.0830080+08:00, 0, 12.94095, 48.29629, 1, 1, 1, False
1242.808, 2021-07-05T16:07:51.0870910+08:00, 0, 12.94095, 48.29629, 1, 1, 1, False
1242.812, 2021-07-05T16:07:51.0918070+08:00, 0, 12.94095, 48.29629, 1, 1, 1, False
1242.815, 2021-07-05T16:07:51.0948040+08:00, 0, 12.94095, 48.29629, 1, 1, 1, False
1242.819, 2021-07-05T16:07:51.0988250+08:00, 0, 12.94095, 48.29629, 1, 1, 1, False
1242.825, 2021-07-05T16:07:51.1041890+08:00, 0, 12.94095, 48.29629, 1, 1, 1, False
1242.832, 2021-07-05T16:07:51.1112070+08:00, 0, 12.94095, 48.29629, 1, 1, 1, False
1242.837, 2021-07-05T16:07:51.1199290+08:00, 0, 12.94095, 48.29629, 1, 1, 1, False
1242.844, 2021-07-05T16:07:51.1286870+08:00, 0, 12.94095, 48.29629, 1, 1, 1, False
1242.856, 2021-07-05T16:07:51.1358790+08:00, 0, 12.94095, 48.29629, 1, 1, 1, False
1242.86, 2021-07-05T16:07:51.1389870+08:00, 0, 12.94095, 48.29629, 1, 1, 1, False
1242.864, 2021-07-05T16:07:51.1432760+08:00, 0, 12.94095, 48.29629, 1, 1, 1, False
1242.869, 2021-07-05T16:07:51.1487880+08:00, 0, 12.94095, 48.29629, 1, 1, 1, False
1242.876, 2021-07-05T16:07:51.1551580+08:00, 0, 12.94095, 48.29629, 1, 1, 1, False
1242.882, 2021-07-05T16:07:51.1615010+08:00, 0, 12.94095, 48.29629, 1, 1, 1, False
1242.888, 2021-07-05T16:07:51.1677320+08:00, 0, 12.94095, 48.29629, 1, 1, 1, False
1242.894, 2021-07-05T16:07:51.1736670+08:00, 0, 12.94095, 48.29629, 1, 1, 1, False
1242.901, 2021-07-05T16:07:51.1803200+08:00, 0, 12.94095, 48.29629, 1, 1, 1, False
1242.908, 2021-07-05T16:07:51.1872210+08:00, 0, 12.94095, 48.29629, 1, 1, 1, False
1242.913, 2021-07-05T16:07:51.1925990+08:00, 0, 12.94095, 48.29629, 1, 1, 1, False
1242.92, 2021-07-05T16:07:51.1992580+08:00, 0, 12.94095, 48.29629, 1, 1, 1, False
1242.926, 2021-07-05T16:07:51.2050340+08:00, 0, 12.94095, 48.29629, 1, 1, 1, False
1242.932, 2021-07-05T16:07:51.2116490+08:00, 0, 12.94095, 48.29629, 1, 1, 1, False
1242.938, 2021-07-05T16:07:51.2173850+08:00, 0, 12.94095, 48.29629, 1, 1, 1, False
1242.944, 2021-07-05T16:07:51.2237910+08:00, 0, 12.94095, 48.29629, 1, 1, 1, False
1242.95, 2021-07-05T16:07:51.2295350+08:00, 0, 12.94095, 48.29629, 1, 1, 1, False
1242.957, 2021-07-05T16:07:51.2361710+08:00, 0, 12.94095, 48.29629, 1, 1, 1, False
1242.964, 2021-07-05T16:07:51.2431780+08:00, 0, 12.94095, 48.29629, 1, 1, 1, False
1242.969, 2021-07-05T16:07:51.2483550+08:00, 0, 12.94095, 48.29629, 1, 1, 1, False
1242.976, 2021-07-05T16:07:51.2552460+08:00, 0, 12.94095, 48.29629, 1, 1, 1, False
1242.981, 2021-07-05T16:07:51.2609330+08:00, 0, 12.94095, 48.29629, 1, 1, 1, False
1242.988, 2021-07-05T16:07:51.2677510+08:00, 0, 12.94095, 48.29629, 1, 1, 1, False
1242.994, 2021-07-05T16:07:51.2736530+08:00, 0, 12.94095, 48.29629, 1, 1, 1, False
1243.001, 2021-07-05T16:07:51.2802800+08:00, 0, 12.94095, 48.29629, 1, 1, 1, False
1243.008, 2021-07-05T16:07:51.2872240+08:00, 0, 12.94095, 48.29629, 1, 1, 1, False
1243.013, 2021-07-05T16:07:51.2926100+08:00, 0, 12.94095, 48.29629, 1, 1, 1, False
1243.02, 2021-07-05T16:07:51.2992820+08:00, 0, 12.94095, 48.29629, 1, 1, 1, False
1243.025, 2021-07-05T16:07:51.3047540+08:00, 0, 12.94095, 48.29629, 1, 1, 1, False
1243.032, 2021-07-05T16:07:51.3119650+08:00, 0, 12.94095, 48.29629, 1, 1, 1, False
1243.04, 2021-07-05T16:07:51.3195890+08:00, 0, 12.94095, 48.29629, 1, 1, 1, False
1243.048, 2021-07-05T16:07:51.3279430+08:00, 0, 12.94095, 48.29629, 1, 1, 1, False
1243.057, 2021-07-05T16:07:51.3359560+08:00, 0, 12.94095, 48.29629, 1, 1, 1, False
1243.064, 2021-07-05T16:07:51.3436970+08:00, 0, 12.94095, 48.29629, 1, 1, 1, False
1243.073, 2021-07-05T16:07:51.3519710+08:00, 0, 12.94095, 48.29629, 1, 1, 1, False
1243.08, 2021-07-05T16:07:51.3594090+08:00, 0, 12.94095, 48.29629, 1, 1, 1, False
1243.088, 2021-07-05T16:07:51.3675240+08:00, 0, 12.94095, 48.29629, 1, 1, 1, False
1243.096, 2021-07-05T16:07:51.3753970+08:00, 0, 12.94095, 48.29629, 1, 1, 1, False
1243.1, 2021-07-05T16:07:51.3790200+08:00, 0, 12.94095, 48.29629, 1, 1, 1, False
1243.104, 2021-07-05T16:07:51.3831110+08:00, 0, 12.94095, 48.29629, 1, 1, 1, False
1243.108, 2021-07-05T16:07:51.3871280+08:00, 0, 12.94095, 48.29629, 1, 1, 1, False
1243.112, 2021-07-05T16:07:51.3918160+08:00, 0, 12.94095, 48.29629, 1, 1, 1, False
1243.115, 2021-07-05T16:07:51.3947380+08:00, 0, 12.94095, 48.29629, 1, 1, 1, False
1243.12, 2021-07-05T16:07:51.3994240+08:00, 0, 12.94095, 48.29629, 1, 1, 1, False
1243.125, 2021-07-05T16:07:51.4043550+08:00, 0, 12.94095, 48.29629, 1, 1, 1, False
1243.131, 2021-07-05T16:07:51.4106470+08:00, 0, 12.94095, 48.29629, 1, 1, 1, False
1243.138, 2021-07-05T16:07:51.4170210+08:00, 0, 12.94095, 48.29629, 1, 1, 1, False
1243.145, 2021-07-05T16:07:51.4239960+08:00, 0, 12.94095, 48.29629, 1, 1, 1, False
1243.15, 2021-07-05T16:07:51.4294390+08:00, 0, 12.94095, 48.29629, 1, 1, 1, False
1243.156, 2021-07-05T16:07:51.4357800+08:00, 0, 12.94095, 48.29629, 1, 1, 1, False
1243.162, 2021-07-05T16:07:51.4415530+08:00, 0, 12.94095, 48.29629, 1, 1, 1, False
1243.169, 2021-07-05T16:07:51.4481680+08:00, 0, 12.94095, 48.29629, 1, 1, 1, False
1243.176, 2021-07-05T16:07:51.4552570+08:00, 0, 12.94095, 48.29629, 1, 1, 1, False
1243.181, 2021-07-05T16:07:51.4602520+08:00, 0, 12.94095, 48.29629, 1, 1, 1, False
1243.188, 2021-07-05T16:07:51.4674420+08:00, 0, 12.94095, 48.29629, 1, 1, 1, False
1243.194, 2021-07-05T16:07:51.4731810+08:00, 0, 12.94095, 48.29629, 1, 1, 1, False
1243.2, 2021-07-05T16:07:51.4796290+08:00, 0, 12.94095, 48.29629, 1, 1, 1, False
1243.206, 2021-07-05T16:07:51.4853720+08:00, 0, 12.94095, 48.29629, 1, 1, 1, False
1243.213, 2021-07-05T16:07:51.4919710+08:00, 0, 12.94095, 48.29629, 1, 1, 1, False
1243.219, 2021-07-05T16:07:51.4978750+08:00, 0, 12.94095, 48.29629, 1, 1, 1, False
1243.225, 2021-07-05T16:07:51.5046730+08:00, 0, 12.94095, 48.29629, 1, 1, 1, False
1243.232, 2021-07-05T16:07:51.5113770+08:00, 0, 12.94095, 48.29629, 1, 1, 1, False
1243.238, 2021-07-05T16:07:51.5171010+08:00, 0, 12.94095, 48.29629, 1, 1, 1, False
1243.244, 2021-07-05T16:07:51.5238360+08:00, 0, 12.94095, 48.29629, 1, 1, 1, False
1243.252, 2021-07-05T16:07:51.5318550+08:00, 0, 12.94095, 48.29629, 1, 1, 1, False
1243.261, 2021-07-05T16:07:51.5403520+08:00, 0, 12.94095, 48.29629, 1, 1, 1, False
1243.269, 2021-07-05T16:07:51.5480790+08:00, 0, 12.94095, 48.29629, 1, 1, 1, False
1243.276, 2021-07-05T16:07:51.5559430+08:00, 0, 12.94095, 48.29629, 1, 1, 1, False
1243.285, 2021-07-05T16:07:51.5641260+08:00, 0, 12.94095, 48.29629, 1, 1, 1, False
1243.293, 2021-07-05T16:07:51.5719920+08:00, 0, 12.94095, 48.29629, 1, 1, 1, False
1243.301, 2021-07-05T16:07:51.5802510+08:00, 0, 12.94095, 48.29629, 1, 1, 1, False
1243.308, 2021-07-05T16:07:51.5876570+08:00, 0, 12.94095, 48.29629, 1, 1, 1, False
1243.312, 2021-07-05T16:07:51.5913610+08:00, 0, 12.94095, 48.29629, 1, 1, 1, False
1243.316, 2021-07-05T16:07:51.5951180+08:00, 0, 12.94095, 48.29629, 1, 1, 1, False
1243.32, 2021-07-05T16:07:51.5991210+08:00, 0, 12.94095, 48.29629, 1, 1, 1, False
1243.324, 2021-07-05T16:07:51.6034400+08:00, 0, 12.94095, 48.29629, 1, 1, 1, False
1243.328, 2021-07-05T16:07:51.6068530+08:00, 0, 12.94095, 48.29629, 1, 1, 1, False
1243.332, 2021-07-05T16:07:51.6111900+08:00, 0, 12.94095, 48.29629, 1, 1, 1, False
1243.337, 2021-07-05T16:07:51.6165070+08:00, 0, 12.94095, 48.29629, 1, 1, 1, False
1243.344, 2021-07-05T16:07:51.6236810+08:00, 0, 12.94095, 48.29629, 1, 1, 1, False
1243.35, 2021-07-05T16:07:51.6292520+08:00, 0, 12.94095, 48.29629, 1, 1, 1, False
1243.356, 2021-07-05T16:07:51.6355890+08:00, 0, 12.94095, 48.29629, 1, 1, 1, False
1243.363, 2021-07-05T16:07:51.6420940+08:00, 0, 12.94095, 48.29629, 1, 1, 1, False
1243.369, 2021-07-05T16:07:51.6482590+08:00, 0, 12.94095, 48.29629, 1, 1, 1, False
1243.376, 2021-07-05T16:07:51.6554770+08:00, 0, 12.94095, 48.29629, 1, 1, 1, False
1243.381, 2021-07-05T16:07:51.6608830+08:00, 0, 12.94095, 48.29629, 1, 1, 1, False
1243.389, 2021-07-05T16:07:51.6679750+08:00, 0, 12.94095, 48.29629, 1, 1, 1, False
1243.396, 2021-07-05T16:07:51.6752480+08:00, 0, 12.94095, 48.29629, 1, 1, 1, False
1243.4, 2021-07-05T16:07:51.6795700+08:00, 0, 12.94095, 48.29629, 1, 1, 1, False
1243.406, 2021-07-05T16:07:51.6856840+08:00, 0, 12.94095, 48.29629, 1, 1, 1, False
1243.412, 2021-07-05T16:07:51.6915710+08:00, 0, 12.94095, 48.29629, 1, 1, 1, False
1243.419, 2021-07-05T16:07:51.6982170+08:00, 0, 12.94095, 48.29629, 1, 1, 1, False
1243.425, 2021-07-05T16:07:51.7046060+08:00, 0, 12.94095, 48.29629, 1, 1, 1, False
1243.432, 2021-07-05T16:07:51.7111650+08:00, 0, 12.94095, 48.29629, 1, 1, 1, False
1243.437, 2021-07-05T16:07:51.7166880+08:00, 0, 12.94095, 48.29629, 1, 1, 1, False
1243.444, 2021-07-05T16:07:51.7239060+08:00, 0, 12.94095, 48.29629, 1, 1, 1, False
1243.45, 2021-07-05T16:07:51.7291750+08:00, 0, 12.94095, 48.29629, 1, 1, 1, False
1243.456, 2021-07-05T16:07:51.7357730+08:00, 0, 12.94095, 48.29629, 1, 1, 1, False
1243.463, 2021-07-05T16:07:51.7420790+08:00, 0, 12.94095, 48.29629, 1, 1, 1, False
1243.469, 2021-07-05T16:07:51.7479380+08:00, 0, 12.94095, 48.29629, 1, 1, 1, False
1243.476, 2021-07-05T16:07:51.7555330+08:00, 0, 12.94095, 48.29629, 1, 1, 1, False
1243.481, 2021-07-05T16:07:51.7608330+08:00, 0, 12.94095, 48.29629, 1, 1, 1, False
1243.488, 2021-07-05T16:07:51.7671920+08:00, 0, 12.94095, 48.29629, 1, 1, 1, False
1243.493, 2021-07-05T16:07:51.7728130+08:00, 0, 12.94095, 48.29629, 1, 1, 1, False
1243.501, 2021-07-05T16:07:51.7800350+08:00, 0, 12.94095, 48.29629, 1, 1, 1, False
1243.506, 2021-07-05T16:07:51.7852970+08:00, 0, 12.94095, 48.29629, 1, 1, 1, False
1243.513, 2021-07-05T16:07:51.7919850+08:00, 0, 12.94095, 48.29629, 1, 1, 1, False
1243.521, 2021-07-05T16:07:51.8001790+08:00, 0, 12.94095, 48.29629, 1, 1, 1, False
1243.529, 2021-07-05T16:07:51.8082620+08:00, 0, 12.94095, 48.29629, 1, 1, 1, False
1243.536, 2021-07-05T16:07:51.8157170+08:00, 0, 12.94095, 48.29629, 1, 1, 1, False
1243.545, 2021-07-05T16:07:51.8243440+08:00, 0, 12.94095, 48.29629, 1, 1, 1, False
1243.552, 2021-07-05T16:07:51.8317810+08:00, 0, 12.94095, 48.29629, 1, 1, 1, False
1243.561, 2021-07-05T16:07:51.8403080+08:00, 0, 12.94095, 48.29629, 1, 1, 1, False
1243.568, 2021-07-05T16:07:51.8479740+08:00, 0, 12.94095, 48.29629, 1, 1, 1, False
1243.576, 2021-07-05T16:07:51.8553110+08:00, 0, 12.94095, 48.29629, 1, 1, 1, False
1243.58, 2021-07-05T16:07:51.8590720+08:00, 0, 12.94095, 48.29629, 1, 1, 1, False
1243.596, 2021-07-05T16:07:51.8750890+08:00, 0, 12.94095, 48.29629, 1, 1, 1, False
1243.6, 2021-07-05T16:07:51.8791140+08:00, 0, 12.94095, 48.29629, 1, 1, 1, False
1243.604, 2021-07-05T16:07:51.8835810+08:00, 0, 12.94095, 48.29629, 1, 1, 1, False
1243.608, 2021-07-05T16:07:51.8871870+08:00, 0, 12.94095, 48.29629, 1, 1, 1, False
1243.612, 2021-07-05T16:07:51.8918030+08:00, 0, 12.94095, 48.29629, 1, 1, 1, False
1243.616, 2021-07-05T16:07:51.8949580+08:00, 0, 12.94095, 48.29629, 1, 1, 1, False
1243.62, 2021-07-05T16:07:51.8992130+08:00, 0, 12.94095, 48.29629, 1, 1, 1, False
1243.625, 2021-07-05T16:07:51.9043560+08:00, 0, 12.94095, 48.29629, 1, 1, 1, False
1243.632, 2021-07-05T16:07:51.9110690+08:00, 0, 12.94095, 48.29629, 1, 1, 1, False
1243.639, 2021-07-05T16:07:51.9181550+08:00, 0, 12.94095, 48.29629, 1, 1, 1, False
1243.645, 2021-07-05T16:07:51.9248240+08:00, 0, 12.94095, 48.29629, 1, 1, 1, False
1243.653, 2021-07-05T16:07:51.9320160+08:00, 0, 12.94095, 48.29629, 1, 1, 1, False
1243.659, 2021-07-05T16:07:51.9384040+08:00, 0, 12.94095, 48.29629, 1, 1, 1, False
1243.666, 2021-07-05T16:07:51.9452560+08:00, 0, 12.94095, 48.29629, 1, 1, 1, False
1243.672, 2021-07-05T16:07:51.9519550+08:00, 0, 12.94095, 48.29629, 1, 1, 1, False
1243.68, 2021-07-05T16:07:51.9593060+08:00, 0, 12.94095, 48.29629, 1, 1, 1, False
1243.687, 2021-07-05T16:07:51.9663050+08:00, 0, 12.94095, 48.29629, 1, 1, 1, False
1243.693, 2021-07-05T16:07:51.9728770+08:00, 0, 12.94095, 48.29629, 1, 1, 1, False
1243.701, 2021-07-05T16:07:51.9802950+08:00, 0, 12.94095, 48.29629, 1, 1, 1, False
1243.708, 2021-07-05T16:07:51.9870290+08:00, 0, 12.94095, 48.29629, 1, 1, 1, False
1243.714, 2021-07-05T16:07:51.9934290+08:00, 0, 12.94095, 48.29629, 1, 1, 1, False
1243.721, 2021-07-05T16:07:52.0010110+08:00, 0, 12.94095, 48.29629, 1, 1, 1, False
1243.729, 2021-07-05T16:07:52.0082580+08:00, 0, 12.94095, 48.29629, 1, 1, 1, False
1243.736, 2021-07-05T16:07:52.0150540+08:00, 0, 12.94095, 48.29629, 1, 1, 1, False
1243.743, 2021-07-05T16:07:52.0219570+08:00, 0, 12.94095, 48.29629, 1, 1, 1, False
1243.749, 2021-07-05T16:07:52.0287550+08:00, 0, 12.94095, 48.29629, 1, 1, 1, False
1243.756, 2021-07-05T16:07:52.0356010+08:00, 0, 12.94095, 48.29629, 1, 1, 1, False
1243.763, 2021-07-05T16:07:52.0427410+08:00, 0, 12.94095, 48.29629, 1, 1, 1, False
1243.77, 2021-07-05T16:07:52.0497450+08:00, 0, 12.94095, 48.29629, 1, 1, 1, False
1243.777, 2021-07-05T16:07:52.0566930+08:00, 0, 12.94095, 48.29629, 1, 1, 1, False
1243.785, 2021-07-05T16:07:52.0643080+08:00, 0, 12.94095, 48.29629, 1, 1, 1, False
1243.793, 2021-07-05T16:07:52.0720400+08:00, 0, 12.94095, 48.29629, 1, 1, 1, False
1243.798, 2021-07-05T16:07:52.0776210+08:00, 0, 12.94095, 48.29629, 1, 1, 1, False
1243.806, 2021-07-05T16:07:52.0849330+08:00, 0, 12.94095, 48.29629, 1, 1, 1, False
1243.812, 2021-07-05T16:07:52.0917830+08:00, 0, 12.94095, 48.29629, 1, 1, 1, False
1243.819, 2021-07-05T16:07:52.0987160+08:00, 0, 12.94095, 48.29629, 1, 1, 1, False
1243.827, 2021-07-05T16:07:52.1062100+08:00, 0, 12.94095, 48.29629, 1, 1, 1, False
1243.834, 2021-07-05T16:07:52.1130280+08:00, 0, 12.94095, 48.29629, 1, 1, 1, False
1243.84, 2021-07-05T16:07:52.1198170+08:00, 0, 12.94095, 48.29629, 1, 1, 1, False
1243.847, 2021-07-05T16:07:52.1265750+08:00, 0, 12.94095, 48.29629, 1, 1, 1, False
1243.854, 2021-07-05T16:07:52.1335020+08:00, 0, 12.94095, 48.29629, 1, 1, 1, False
1243.861, 2021-07-05T16:07:52.1400130+08:00, 0, 12.94095, 48.29629, 1, 1, 1, False
1243.868, 2021-07-05T16:07:52.1471760+08:00, 0, 12.94095, 48.29629, 1, 1, 1, False
1243.875, 2021-07-05T16:07:52.1548120+08:00, 0, 12.94095, 48.29629, 1, 1, 1, False
1243.882, 2021-07-05T16:07:52.1611310+08:00, 0, 12.94095, 48.29629, 1, 1, 1, False
1243.889, 2021-07-05T16:07:52.1683160+08:00, 0, 12.94095, 48.29629, 1, 1, 1, False
1243.896, 2021-07-05T16:07:52.1749390+08:00, 0, 12.94095, 48.29629, 1, 1, 1, False
1243.903, 2021-07-05T16:07:52.1820110+08:00, 0, 12.94095, 48.29629, 1, 1, 1, False
1243.909, 2021-07-05T16:07:52.1887840+08:00, 0, 12.94095, 48.29629, 1, 1, 1, False
1243.917, 2021-07-05T16:07:52.1960440+08:00, 0, 12.94095, 48.29629, 1, 1, 1, False
1243.923, 2021-07-05T16:07:52.2026780+08:00, 0, 12.94095, 48.29629, 1, 1, 1, False
1243.93, 2021-07-05T16:07:52.2098510+08:00, 0, 12.94095, 48.29629, 1, 1, 1, False
1243.937, 2021-07-05T16:07:52.2167630+08:00, 0, 12.94095, 48.29629, 1, 1, 1, False
1243.944, 2021-07-05T16:07:52.2236320+08:00, 0, 12.94095, 48.29629, 1, 1, 1, False
1243.95, 2021-07-05T16:07:52.2295970+08:00, 0, 12.94095, 48.29629, 1, 1, 1, False
1243.957, 2021-07-05T16:07:52.2367660+08:00, 0, 12.94095, 48.29629, 1, 1, 1, False
1243.964, 2021-07-05T16:07:52.2437420+08:00, 0, 12.94095, 48.29629, 1, 1, 1, False
1243.972, 2021-07-05T16:07:52.2513210+08:00, 0, 12.94095, 48.29629, 1, 1, 1, False
1243.979, 2021-07-05T16:07:52.2581050+08:00, 0, 12.94095, 48.29629, 1, 1, 1, False
1243.985, 2021-07-05T16:07:52.2648530+08:00, 0, 12.94095, 48.29629, 1, 1, 1, False
1243.993, 2021-07-05T16:07:52.2721130+08:00, 0, 12.94095, 48.29629, 1, 1, 1, False
1243.999, 2021-07-05T16:07:52.2786760+08:00, 0, 12.94095, 48.29629, 1, 1, 1, False
1244.005, 2021-07-05T16:07:52.2850180+08:00, 0, 12.94095, 48.29629, 1, 1, 1, False
1244.013, 2021-07-05T16:07:52.2925300+08:00, 0, 12.94095, 48.29629, 1, 1, 1, False
1244.021, 2021-07-05T16:07:52.2999110+08:00, 0, 12.94095, 48.29629, 1, 1, 1, False
1244.027, 2021-07-05T16:07:52.3062450+08:00, 0, 12.94095, 48.29629, 1, 1, 1, False
1244.034, 2021-07-05T16:07:52.3137920+08:00, 0, 12.94095, 48.29629, 1, 1, 1, False
1244.045, 2021-07-05T16:07:52.3284690+08:00, 0, 12.94095, 48.29629, 1, 1, 1, False
1244.057, 2021-07-05T16:07:52.3359500+08:00, 0, 12.94095, 48.29629, 1, 1, 1, False
1244.06, 2021-07-05T16:07:52.3391030+08:00, 0, 12.94095, 48.29629, 1, 1, 1, False
1244.064, 2021-07-05T16:07:52.3432690+08:00, 0, 12.94095, 48.29629, 1, 1, 1, False
1244.068, 2021-07-05T16:07:52.3478550+08:00, 0, 12.94095, 48.29629, 1, 1, 1, False
1244.075, 2021-07-05T16:07:52.3546760+08:00, 0, 12.94095, 48.29629, 1, 1, 1, False
1244.081, 2021-07-05T16:07:52.3606280+08:00, 0, 12.94095, 48.29629, 1, 1, 1, False
1244.088, 2021-07-05T16:07:52.3678150+08:00, 0, 12.94095, 48.29629, 1, 1, 1, False
1244.096, 2021-07-05T16:07:52.3753100+08:00, 0, 12.94095, 48.29629, 1, 1, 1, False
1244.1, 2021-07-05T16:07:52.3792070+08:00, 0, 12.94095, 48.29629, 1, 1, 1, False
1244.107, 2021-07-05T16:07:52.3859480+08:00, 0, 12.94095, 48.29629, 1, 1, 1, False
1244.113, 2021-07-05T16:07:52.3920910+08:00, 0, 12.94095, 48.29629, 1, 1, 1, False
1244.119, 2021-07-05T16:07:52.3980990+08:00, 0, 12.94095, 48.29629, 1, 1, 1, False
1244.125, 2021-07-05T16:07:52.4046320+08:00, 0, 12.94095, 48.29629, 1, 1, 1, False
1244.132, 2021-07-05T16:07:52.4113500+08:00, 0, 12.94095, 48.29629, 1, 1, 1, False
1244.138, 2021-07-05T16:07:52.4169710+08:00, 0, 12.94095, 48.29629, 1, 1, 1, False
1244.144, 2021-07-05T16:07:52.4235320+08:00, 0, 12.94095, 48.29629, 1, 1, 1, False
1244.15, 2021-07-05T16:07:52.4291980+08:00, 0, 12.94095, 48.29629, 1, 1, 1, False
1244.156, 2021-07-05T16:07:52.4355510+08:00, 0, 12.94095, 48.29629, 1, 1, 1, False
1244.163, 2021-07-05T16:07:52.4423780+08:00, 0, 12.94095, 48.29629, 1, 1, 1, False
1244.169, 2021-07-05T16:07:52.4485120+08:00, 0, 12.94095, 48.29629, 1, 1, 1, False
1244.176, 2021-07-05T16:07:52.4555280+08:00, 0, 12.94095, 48.29629, 1, 1, 1, False
1244.182, 2021-07-05T16:07:52.4611190+08:00, 0, 12.94095, 48.29629, 1, 1, 1, False
1244.188, 2021-07-05T16:07:52.4676200+08:00, 0, 12.94095, 48.29629, 1, 1, 1, False
1244.194, 2021-07-05T16:07:52.4731390+08:00, 0, 12.94095, 48.29629, 1, 1, 1, False
1244.2, 2021-07-05T16:07:52.4797990+08:00, 0, 12.94095, 48.29629, 1, 1, 1, False
1244.207, 2021-07-05T16:07:52.4860720+08:00, 0, 12.94095, 48.29629, 1, 1, 1, False
1244.213, 2021-07-05T16:07:52.4923280+08:00, 0, 12.94095, 48.29629, 1, 1, 1, False
1244.22, 2021-07-05T16:07:52.4998120+08:00, 0, 12.94095, 48.29629, 1, 1, 1, False
1244.225, 2021-07-05T16:07:52.5048110+08:00, 0, 12.94095, 48.29629, 1, 1, 1, False
1244.232, 2021-07-05T16:07:52.5118650+08:00, 0, 12.94095, 48.29629, 1, 1, 1, False
1244.238, 2021-07-05T16:07:52.5173170+08:00, 0, 12.94095, 48.29629, 1, 1, 1, False
1244.244, 2021-07-05T16:07:52.5238100+08:00, 0, 12.94095, 48.29629, 1, 1, 1, False
1244.25, 2021-07-05T16:07:52.5292270+08:00, 0, 12.94095, 48.29629, 1, 1, 1, False
1244.256, 2021-07-05T16:07:52.5358620+08:00, 0, 12.94095, 48.29629, 1, 1, 1, False
1244.263, 2021-07-05T16:07:52.5421490+08:00, 0, 12.94095, 48.29629, 1, 1, 1, False
1244.269, 2021-07-05T16:07:52.5483630+08:00, 0, 12.94095, 48.29629, 1, 1, 1, False
1244.276, 2021-07-05T16:07:52.5554930+08:00, 0, 12.94095, 48.29629, 1, 1, 1, False
1244.281, 2021-07-05T16:07:52.5609420+08:00, 0, 12.94095, 48.29629, 1, 1, 1, False
1244.288, 2021-07-05T16:07:52.5670920+08:00, 0, 12.94095, 48.29629, 1, 1, 1, False
1244.294, 2021-07-05T16:07:52.5730090+08:00, 0, 12.94095, 48.29629, 1, 1, 1, False
1244.3, 2021-07-05T16:07:52.5798160+08:00, 0, 12.94095, 48.29629, 1, 1, 1, False
1244.306, 2021-07-05T16:07:52.5856950+08:00, 0, 12.94095, 48.29629, 1, 1, 1, False
1244.313, 2021-07-05T16:07:52.5920500+08:00, 0, 12.94095, 48.29629, 1, 1, 1, False
1244.32, 2021-07-05T16:07:52.5990600+08:00, 0, 12.94095, 48.29629, 1, 1, 1, False
1244.325, 2021-07-05T16:07:52.6042650+08:00, 0, 12.94095, 48.29629, 1, 1, 1, False
1244.332, 2021-07-05T16:07:52.6112620+08:00, 0, 12.94095, 48.29629, 1, 1, 1, False
1244.338, 2021-07-05T16:07:52.6172270+08:00, 0, 12.94095, 48.29629, 1, 1, 1, False
1244.344, 2021-07-05T16:07:52.6237010+08:00, 0, 12.94095, 48.29629, 1, 1, 1, False
1244.35, 2021-07-05T16:07:52.6293650+08:00, 0, 12.94095, 48.29629, 1, 1, 1, False
1244.357, 2021-07-05T16:07:52.6359170+08:00, 0, 12.94095, 48.29629, 1, 1, 1, False
1244.362, 2021-07-05T16:07:52.6417860+08:00, 0, 12.94095, 48.29629, 1, 1, 1, False
1244.369, 2021-07-05T16:07:52.6485470+08:00, 0, 12.94095, 48.29629, 1, 1, 1, False
1244.376, 2021-07-05T16:07:52.6550440+08:00, 0, 12.94095, 48.29629, 1, 1, 1, False
1244.381, 2021-07-05T16:07:52.6606470+08:00, 0, 12.94095, 48.29629, 1, 1, 1, False
1244.389, 2021-07-05T16:07:52.6680690+08:00, 0, 12.94095, 48.29629, 1, 1, 1, False
1244.397, 2021-07-05T16:07:52.6760020+08:00, 0, 12.94095, 48.29629, 1, 1, 1, False
1244.404, 2021-07-05T16:07:52.6835370+08:00, 0, 12.94095, 48.29629, 1, 1, 1, False
1244.413, 2021-07-05T16:07:52.6922670+08:00, 0, 12.94095, 48.29629, 1, 1, 1, False
1244.42, 2021-07-05T16:07:52.6995520+08:00, 0, 12.94095, 48.29629, 1, 1, 1, False
1244.424, 2021-07-05T16:07:52.7029640+08:00, 0, 12.94095, 48.29629, 1, 1, 1, False
1244.428, 2021-07-05T16:07:52.7070340+08:00, 0, 12.94095, 48.29629, 1, 1, 1, False
1244.445, 2021-07-05T16:07:52.7246520+08:00, 0, 12.94095, 48.29629, 1, 1, 1, False
1244.452, 2021-07-05T16:07:52.7316700+08:00, 0, 12.94095, 48.29629, 1, 1, 1, False
1244.461, 2021-07-05T16:07:52.7401880+08:00, 0, 12.94095, 48.29629, 1, 1, 1, False
1244.469, 2021-07-05T16:07:52.7479910+08:00, 0, 12.94095, 48.29629, 1, 1, 1, False
1244.477, 2021-07-05T16:07:52.7562040+08:00, 0, 12.94095, 48.29629, 1, 1, 1, False
1244.488, 2021-07-05T16:07:52.7673720+08:00, 0, 12.94095, 48.29629, 1, 1, 1, False
1244.496, 2021-07-05T16:07:52.7753080+08:00, 0, 12.94095, 48.29629, 1, 1, 1, False
1244.5, 2021-07-05T16:07:52.7791770+08:00, 0, 12.94095, 48.29629, 1, 1, 1, False
1244.504, 2021-07-05T16:07:52.7831940+08:00, 0, 12.94095, 48.29629, 1, 1, 1, False
1244.508, 2021-07-05T16:07:52.7870890+08:00, 0, 12.94095, 48.29629, 1, 1, 1, False
1244.512, 2021-07-05T16:07:52.7911760+08:00, 0, 12.94095, 48.29629, 1, 1, 1, False
1244.516, 2021-07-05T16:07:52.7952330+08:00, 0, 12.94095, 48.29629, 1, 1, 1, False
1244.52, 2021-07-05T16:07:52.7989800+08:00, 0, 12.94095, 48.29629, 1, 1, 1, False
1244.524, 2021-07-05T16:07:52.8033310+08:00, 0, 12.94095, 48.29629, 1, 1, 1, False
1244.53, 2021-07-05T16:07:52.8090460+08:00, 0, 12.94095, 48.29629, 1, 1, 1, False
1244.536, 2021-07-05T16:07:52.8157500+08:00, 0, 12.94095, 48.29629, 1, 1, 1, False
1244.543, 2021-07-05T16:07:52.8220620+08:00, 0, 12.94095, 48.29629, 1, 1, 1, False
1244.548, 2021-07-05T16:07:52.8278120+08:00, 0, 12.94095, 48.29629, 1, 1, 1, False
1244.555, 2021-07-05T16:07:52.8345280+08:00, 0, 12.94095, 48.29629, 1, 1, 1, False
1244.561, 2021-07-05T16:07:52.8408900+08:00, 0, 12.94095, 48.29629, 1, 1, 1, False
1244.569, 2021-07-05T16:07:52.8480630+08:00, 0, 12.94095, 48.29629, 1, 1, 1, False
1244.576, 2021-07-05T16:07:52.8552590+08:00, 0, 12.94095, 48.29629, 1, 1, 1, False
1244.58, 2021-07-05T16:07:52.8595180+08:00, 0, 12.94095, 48.29629, 1, 1, 1, False
1244.586, 2021-07-05T16:07:52.8653520+08:00, 0, 12.94095, 48.29629, 1, 1, 1, False
1244.593, 2021-07-05T16:07:52.8720340+08:00, 0, 12.94095, 48.29629, 1, 1, 1, False
1244.601, 2021-07-05T16:07:52.8799990+08:00, 0, 12.94095, 48.29629, 1, 1, 1, False
1244.608, 2021-07-05T16:07:52.8871690+08:00, 0, 12.94095, 48.29629, 1, 1, 1, False
1244.612, 2021-07-05T16:07:52.8912910+08:00, 0, 12.94095, 48.29629, 1, 1, 1, False
1244.618, 2021-07-05T16:07:52.8972530+08:00, 0, 12.94095, 48.29629, 1, 1, 1, False
1244.624, 2021-07-05T16:07:52.9037550+08:00, 0, 12.94095, 48.29629, 1, 1, 1, False
1244.63, 2021-07-05T16:07:52.9095120+08:00, 0, 12.94095, 48.29629, 1, 1, 1, False
1244.637, 2021-07-05T16:07:52.9161320+08:00, 0, 12.94095, 48.29629, 1, 1, 1, False
1244.644, 2021-07-05T16:07:52.9236160+08:00, 0, 12.94095, 48.29629, 1, 1, 1, False
1244.649, 2021-07-05T16:07:52.9285920+08:00, 0, 12.94095, 48.29629, 1, 1, 1, False
1244.656, 2021-07-05T16:07:52.9351840+08:00, 0, 12.94095, 48.29629, 1, 1, 1, False
1244.661, 2021-07-05T16:07:52.9407600+08:00, 0, 12.94095, 48.29629, 1, 1, 1, False
1244.668, 2021-07-05T16:07:52.9475850+08:00, 0, 12.94095, 48.29629, 1, 1, 1, False
1244.674, 2021-07-05T16:07:52.9531400+08:00, 0, 12.94095, 48.29629, 1, 1, 1, False
1244.68, 2021-07-05T16:07:52.9594950+08:00, 0, 12.94095, 48.29629, 1, 1, 1, False
1244.687, 2021-07-05T16:07:52.9661920+08:00, 0, 12.94095, 48.29629, 1, 1, 1, False
1244.693, 2021-07-05T16:07:52.9724000+08:00, 0, 12.94095, 48.29629, 1, 1, 1, False
1244.699, 2021-07-05T16:07:52.9783140+08:00, 0, 12.94095, 48.29629, 1, 1, 1, False
1244.706, 2021-07-05T16:07:52.9849950+08:00, 0, 12.94095, 48.29629, 1, 1, 1, False
1244.712, 2021-07-05T16:07:52.9918590+08:00, 0, 12.94095, 48.29629, 1, 1, 1, False
1244.718, 2021-07-05T16:07:52.9973600+08:00, 0, 12.94095, 48.29629, 1, 1, 1, False
1244.724, 2021-07-05T16:07:53.0037190+08:00, 0, 12.94095, 48.29629, 1, 1, 1, False
1244.73, 2021-07-05T16:07:53.0094600+08:00, 0, 12.94095, 48.29629, 1, 1, 1, False
1244.736, 2021-07-05T16:07:53.0156890+08:00, 0, 12.94095, 48.29629, 1, 1, 1, False
1244.743, 2021-07-05T16:07:53.0223740+08:00, 0, 12.94095, 48.29629, 1, 1, 1, False
1244.749, 2021-07-05T16:07:53.0286780+08:00, 0, 12.94095, 48.29629, 1, 1, 1, False
1244.757, 2021-07-05T16:07:53.0360910+08:00, 0, 12.94095, 48.29629, 1, 1, 1, False
1244.764, 2021-07-05T16:07:53.0438700+08:00, 0, 12.94095, 48.29629, 1, 1, 1, False
1244.773, 2021-07-05T16:07:53.0520750+08:00, 0, 12.94095, 48.29629, 1, 1, 1, False
1244.78, 2021-07-05T16:07:53.0592600+08:00, 0, 12.94095, 48.29629, 1, 1, 1, False
1244.784, 2021-07-05T16:07:53.0630220+08:00, 0, 12.94095, 48.29629, 1, 1, 1, False
1244.788, 2021-07-05T16:07:53.0673920+08:00, 0, 12.94095, 48.29629, 1, 1, 1, False
1244.793, 2021-07-05T16:07:53.0724080+08:00, 0, 12.94095, 48.29629, 1, 1, 1, False
1244.8, 2021-07-05T16:07:53.0791540+08:00, 0, 12.94095, 48.29629, 1, 1, 1, False
1244.805, 2021-07-05T16:07:53.0847190+08:00, 0, 12.94095, 48.29629, 1, 1, 1, False
1244.812, 2021-07-05T16:07:53.0917960+08:00, 0, 12.94095, 48.29629, 1, 1, 1, False
1244.818, 2021-07-05T16:07:53.0971980+08:00, 0, 12.94095, 48.29629, 1, 1, 1, False
1244.824, 2021-07-05T16:07:53.1037330+08:00, 0, 12.94095, 48.29629, 1, 1, 1, False
1244.832, 2021-07-05T16:07:53.1114180+08:00, 0, 12.94095, 48.29629, 1, 1, 1, False
1244.836, 2021-07-05T16:07:53.1156620+08:00, 0, 12.94095, 48.29629, 1, 1, 1, False
1244.843, 2021-07-05T16:07:53.1224960+08:00, 0, 12.94095, 48.29629, 1, 1, 1, False
1244.849, 2021-07-05T16:07:53.1287080+08:00, 0, 12.94095, 48.29629, 1, 1, 1, False
1244.857, 2021-07-05T16:07:53.1361640+08:00, 0, 12.94095, 48.29629, 1, 1, 1, False
1244.864, 2021-07-05T16:07:53.1436920+08:00, 0, 12.94095, 48.29629, 1, 1, 1, False
1244.873, 2021-07-05T16:07:53.1520040+08:00, 0, 12.94095, 48.29629, 1, 1, 1, False
1244.88, 2021-07-05T16:07:53.1595010+08:00, 0, 12.94095, 48.29629, 1, 1, 1, False
1244.884, 2021-07-05T16:07:53.1631320+08:00, 0, 12.94095, 48.29629, 1, 1, 1, False
1244.888, 2021-07-05T16:07:53.1670160+08:00, 0, 12.94095, 48.29629, 1, 1, 1, False
1244.893, 2021-07-05T16:07:53.1724520+08:00, 0, 12.94095, 48.29629, 1, 1, 1, False
1244.9, 2021-07-05T16:07:53.1792180+08:00, 0, 12.94095, 48.29629, 1, 1, 1, False
1244.905, 2021-07-05T16:07:53.1847800+08:00, 0, 12.94095, 48.29629, 1, 1, 1, False
1244.913, 2021-07-05T16:07:53.1920040+08:00, 0, 12.94095, 48.29629, 1, 1, 1, False
1244.921, 2021-07-05T16:07:53.2002790+08:00, 0, 12.94095, 48.29629, 1, 1, 1, False
1244.929, 2021-07-05T16:07:53.2080270+08:00, 0, 12.94095, 48.29629, 1, 1, 1, False
1244.937, 2021-07-05T16:07:53.2159960+08:00, 0, 12.94095, 48.29629, 1, 1, 1, False
1244.944, 2021-07-05T16:07:53.2237370+08:00, 0, 12.94095, 48.29629, 1, 1, 1, False
1244.948, 2021-07-05T16:07:53.2272810+08:00, 0, 12.94095, 48.29629, 1, 1, 1, False
1244.952, 2021-07-05T16:07:53.2309450+08:00, 0, 12.94095, 48.29629, 1, 1, 1, False
1244.956, 2021-07-05T16:07:53.2350770+08:00, 0, 12.94095, 48.29629, 1, 1, 1, False
1244.962, 2021-07-05T16:07:53.2414960+08:00, 0, 12.94095, 48.29629, 1, 1, 1, False
1244.968, 2021-07-05T16:07:53.2477830+08:00, 0, 12.94095, 48.29629, 1, 1, 1, False
1244.974, 2021-07-05T16:07:53.2537400+08:00, 0, 12.94095, 48.29629, 1, 1, 1, False
1244.981, 2021-07-05T16:07:53.2605470+08:00, 0, 12.94095, 48.29629, 1, 1, 1, False
1244.989, 2021-07-05T16:07:53.2681250+08:00, 0, 12.94095, 48.29629, 1, 1, 1, False
1244.997, 2021-07-05T16:07:53.2761110+08:00, 0, 12.94095, 48.29629, 1, 1, 1, False
1245.005, 2021-07-05T16:07:53.2841660+08:00, 0, 12.94095, 48.29629, 1, 1, 1, False
1245.013, 2021-07-05T16:07:53.2921630+08:00, 0, 12.94095, 48.29629, 1, 1, 1, False
1245.021, 2021-07-05T16:07:53.2999900+08:00, 0, 12.94095, 48.29629, 1, 1, 1, False
1245.029, 2021-07-05T16:07:53.3080410+08:00, 0, 12.94095, 48.29629, 1, 1, 1, False
1245.037, 2021-07-05T16:07:53.3163720+08:00, 0, 12.94095, 48.29629, 1, 1, 1, False
1245.044, 2021-07-05T16:07:53.3238860+08:00, 0, 12.94095, 48.29629, 1, 1, 1, False
1245.048, 2021-07-05T16:07:53.3271560+08:00, 0, 12.94095, 48.29629, 1, 1, 1, False
1245.052, 2021-07-05T16:07:53.3310620+08:00, 0, 12.94095, 48.29629, 1, 1, 1, False
1245.056, 2021-07-05T16:07:53.3351280+08:00, 0, 12.94095, 48.29629, 1, 1, 1, False
1245.06, 2021-07-05T16:07:53.3391960+08:00, 0, 12.94095, 48.29629, 1, 1, 1, False
1245.064, 2021-07-05T16:07:53.3430580+08:00, 0, 12.94095, 48.29629, 1, 1, 1, False
1245.068, 2021-07-05T16:07:53.3474060+08:00, 0, 12.94095, 48.29629, 1, 1, 1, False
1245.074, 2021-07-05T16:07:53.3533400+08:00, 0, 12.94095, 48.29629, 1, 1, 1, False
1245.08, 2021-07-05T16:07:53.3599270+08:00, 0, 12.94095, 48.29629, 1, 1, 1, False
1245.087, 2021-07-05T16:07:53.3662860+08:00, 0, 12.94095, 48.29629, 1, 1, 1, False
1245.093, 2021-07-05T16:07:53.3720800+08:00, 0, 12.94095, 48.29629, 1, 1, 1, False
1245.1, 2021-07-05T16:07:53.3793280+08:00, 0, 12.94095, 48.29629, 1, 1, 1, False
1245.106, 2021-07-05T16:07:53.3852300+08:00, 0, 12.94095, 48.29629, 1, 1, 1, False
1245.113, 2021-07-05T16:07:53.3921270+08:00, 0, 12.94095, 48.29629, 1, 1, 1, False
1245.12, 2021-07-05T16:07:53.3993510+08:00, 0, 12.94095, 48.29629, 1, 1, 1, False
1245.124, 2021-07-05T16:07:53.4038830+08:00, 0, 12.94095, 48.29629, 1, 1, 1, False
1245.131, 2021-07-05T16:07:53.4100860+08:00, 0, 12.94095, 48.29629, 1, 1, 1, False
1245.137, 2021-07-05T16:07:53.4164430+08:00, 0, 12.94095, 48.29629, 1, 1, 1, False
1245.145, 2021-07-05T16:07:53.4239060+08:00, 0, 12.94095, 48.29629, 1, 1, 1, False
1245.149, 2021-07-05T16:07:53.4286080+08:00, 0, 12.94095, 48.29629, 1, 1, 1, False
1245.156, 2021-07-05T16:07:53.4357200+08:00, 0, 12.94095, 48.29629, 1, 1, 1, False
1245.162, 2021-07-05T16:07:53.4414670+08:00, 0, 12.94095, 48.29629, 1, 1, 1, False
1245.168, 2021-07-05T16:07:53.4477560+08:00, 0, 12.94095, 48.29629, 1, 1, 1, False
1245.176, 2021-07-05T16:07:53.4555170+08:00, 0, 12.94095, 48.29629, 1, 1, 1, False
1245.181, 2021-07-05T16:07:53.4602550+08:00, 0, 12.94095, 48.29629, 1, 1, 1, False
1245.189, 2021-07-05T16:07:53.4682120+08:00, 0, 12.94095, 48.29629, 1, 1, 1, False
1245.196, 2021-07-05T16:07:53.4751830+08:00, 0, 12.94095, 48.29629, 1, 1, 1, False
1245.2, 2021-07-05T16:07:53.4790730+08:00, 0, 12.94095, 48.29629, 1, 1, 1, False
1245.206, 2021-07-05T16:07:53.4852630+08:00, 0, 12.94095, 48.29629, 1, 1, 1, False
1245.212, 2021-07-05T16:07:53.4917020+08:00, 0, 12.94095, 48.29629, 1, 1, 1, False
1245.22, 2021-07-05T16:07:53.5057860+08:00, 0, 12.94095, 48.29629, 1, 1, 1, False
1245.232, 2021-07-05T16:07:53.5117760+08:00, 0, 12.94095, 48.29629, 1, 1, 1, False
1245.236, 2021-07-05T16:07:53.5149900+08:00, 0, 12.94095, 48.29629, 1, 1, 1, False
1245.24, 2021-07-05T16:07:53.5192870+08:00, 0, 12.94095, 48.29629, 1, 1, 1, False
1245.244, 2021-07-05T16:07:53.5231150+08:00, 0, 12.94095, 48.29629, 1, 1, 1, False
1245.25, 2021-07-05T16:07:53.5293230+08:00, 0, 12.94095, 48.29629, 1, 1, 1, False
1245.256, 2021-07-05T16:07:53.5357010+08:00, 0, 12.94095, 48.29629, 1, 1, 1, False
1245.262, 2021-07-05T16:07:53.5415990+08:00, 0, 12.94095, 48.29629, 1, 1, 1, False
1245.269, 2021-07-05T16:07:53.5482840+08:00, 0, 12.94095, 48.29629, 1, 1, 1, False
1245.276, 2021-07-05T16:07:53.5553420+08:00, 0, 12.94095, 48.29629, 1, 1, 1, False
1245.302, 2021-07-05T16:07:53.5814270+08:00, 0, 12.94095, 48.29629, 1, 1, 1, False
1245.311, 2021-07-05T16:07:53.5907620+08:00, 0, 12.94095, 48.29629, 1, 1, 1, False
1245.316, 2021-07-05T16:07:53.5954330+08:00, 0, 12.94095, 48.29629, 1, 1, 1, False
1245.32, 2021-07-05T16:07:53.5989920+08:00, 0, 12.94095, 48.29629, 1, 1, 1, False
1245.324, 2021-07-05T16:07:53.6031860+08:00, 0, 12.94095, 48.29629, 1, 1, 1, False
1245.328, 2021-07-05T16:07:53.6072170+08:00, 0, 12.94095, 48.29629, 1, 1, 1, False
1245.332, 2021-07-05T16:07:53.6109720+08:00, 0, 12.94095, 48.29629, 1, 1, 1, False
1245.336, 2021-07-05T16:07:53.6150260+08:00, 0, 12.94095, 48.29629, 1, 1, 1, False
1245.341, 2021-07-05T16:07:53.6204710+08:00, 0, 12.94095, 48.29629, 1, 1, 1, False
1245.348, 2021-07-05T16:07:53.6276160+08:00, 0, 12.94095, 48.29629, 1, 1, 1, False
1245.354, 2021-07-05T16:07:53.6335160+08:00, 0, 12.94095, 48.29629, 1, 1, 1, False
1245.36, 2021-07-05T16:07:53.6397730+08:00, 0, 12.94095, 48.29629, 1, 1, 1, False
1245.366, 2021-07-05T16:07:53.6457800+08:00, 0, 12.94095, 48.29629, 1, 1, 1, False
1245.373, 2021-07-05T16:07:53.6523240+08:00, 0, 12.94095, 48.29629, 1, 1, 1, False
1245.38, 2021-07-05T16:07:53.6593880+08:00, 0, 12.94095, 48.29629, 1, 1, 1, False
1245.385, 2021-07-05T16:07:53.6649180+08:00, 0, 12.94095, 48.29629, 1, 1, 1, False
1245.392, 2021-07-05T16:07:53.6715330+08:00, 0, 12.94095, 48.29629, 1, 1, 1, False
1245.398, 2021-07-05T16:07:53.6769860+08:00, 0, 12.94095, 48.29629, 1, 1, 1, False
1245.404, 2021-07-05T16:07:53.6839790+08:00, 0, 12.94095, 48.29629, 1, 1, 1, False
1245.413, 2021-07-05T16:07:53.6922000+08:00, 0, 12.94095, 48.29629, 1, 1, 1, False
1245.42, 2021-07-05T16:07:53.6998590+08:00, 0, 12.94095, 48.29629, 1, 1, 1, False
1245.429, 2021-07-05T16:07:53.7082160+08:00, 0, 12.94095, 48.29629, 1, 1, 1, False
1245.437, 2021-07-05T16:07:53.7161390+08:00, 0, 12.94095, 48.29629, 1, 1, 1, False
1245.445, 2021-07-05T16:07:53.7241160+08:00, 0, 12.94095, 48.29629, 1, 1, 1, False
1245.453, 2021-07-05T16:07:53.7319060+08:00, 0, 12.94095, 48.29629, 1, 1, 1, False
1245.461, 2021-07-05T16:07:53.7400690+08:00, 0, 12.94095, 48.29629, 1, 1, 1, False
1245.469, 2021-07-05T16:07:53.7479470+08:00, 0, 12.94095, 48.29629, 1, 1, 1, False
1245.477, 2021-07-05T16:07:53.7561250+08:00, 0, 12.94095, 48.29629, 1, 1, 1, False
1245.484, 2021-07-05T16:07:53.7639450+08:00, 0, 12.94095, 48.29629, 1, 1, 1, False
1245.493, 2021-07-05T16:07:53.7719880+08:00, 0, 12.94095, 48.29629, 1, 1, 1, False
1245.501, 2021-07-05T16:07:53.7802040+08:00, 0, 12.94095, 48.29629, 1, 1, 1, False
1245.508, 2021-07-05T16:07:53.7876840+08:00, 0, 12.94095, 48.29629, 1, 1, 1, False
1245.517, 2021-07-05T16:07:53.7962250+08:00, 0, 12.94095, 48.29629, 1, 1, 1, False
1245.525, 2021-07-05T16:07:53.8039950+08:00, 0, 12.94095, 48.29629, 1, 1, 1, False
1245.533, 2021-07-05T16:07:53.8120030+08:00, 0, 12.94095, 48.29629, 1, 1, 1, False
1245.54, 2021-07-05T16:07:53.8198650+08:00, 0, 12.94095, 48.29629, 1, 1, 1, False
1245.548, 2021-07-05T16:07:53.8277020+08:00, 0, 12.94095, 48.29629, 1, 1, 1, False
1245.557, 2021-07-05T16:07:53.8359000+08:00, 0, 12.94095, 48.29629, 1, 1, 1, False
1245.564, 2021-07-05T16:07:53.8434550+08:00, 0, 12.94095, 48.29629, 1, 1, 1, False
1245.568, 2021-07-05T16:07:53.8472350+08:00, 0, 12.94095, 48.29629, 1, 1, 1, False
1245.572, 2021-07-05T16:07:53.8512390+08:00, 0, 12.94095, 48.29629, 1, 1, 1, False
1245.576, 2021-07-05T16:07:53.8550840+08:00, 0, 12.94095, 48.29629, 1, 1, 1, False
1245.58, 2021-07-05T16:07:53.8589270+08:00, 0, 12.94095, 48.29629, 1, 1, 1, False
1245.584, 2021-07-05T16:07:53.8634130+08:00, 0, 12.94095, 48.29629, 1, 1, 1, False
1245.588, 2021-07-05T16:07:53.8668320+08:00, 0, 12.94095, 48.29629, 1, 1, 1, False
1245.592, 2021-07-05T16:07:53.8713810+08:00, 0, 12.94095, 48.29629, 1, 1, 1, False
1245.597, 2021-07-05T16:07:53.8767780+08:00, 0, 12.94095, 48.29629, 1, 1, 1, False
1245.604, 2021-07-05T16:07:53.8839810+08:00, 0, 12.94095, 48.29629, 1, 1, 1, False
1245.61, 2021-07-05T16:07:53.8895520+08:00, 0, 12.94095, 48.29629, 1, 1, 1, False
1245.616, 2021-07-05T16:07:53.8957270+08:00, 0, 12.94095, 48.29629, 1, 1, 1, False
1245.623, 2021-07-05T16:07:53.9025510+08:00, 0, 12.94095, 48.29629, 1, 1, 1, False
1245.629, 2021-07-05T16:07:53.9088030+08:00, 0, 12.94095, 48.29629, 1, 1, 1, False
1245.637, 2021-07-05T16:07:53.9160140+08:00, 0, 12.94095, 48.29629, 1, 1, 1, False
1245.645, 2021-07-05T16:07:53.9241520+08:00, 0, 12.94095, 48.29629, 1, 1, 1, False
1245.652, 2021-07-05T16:07:53.9315590+08:00, 0, 12.94095, 48.29629, 1, 1, 1, False
1245.661, 2021-07-05T16:07:53.9404240+08:00, 0, 12.94095, 48.29629, 1, 1, 1, False
1245.668, 2021-07-05T16:07:53.9473380+08:00, 0, 12.94095, 48.29629, 1, 1, 1, False
1245.672, 2021-07-05T16:07:53.9510580+08:00, 0, 12.94095, 48.29629, 1, 1, 1, False
1245.676, 2021-07-05T16:07:53.9550830+08:00, 0, 12.94095, 48.29629, 1, 1, 1, False
1245.68, 2021-07-05T16:07:53.9592480+08:00, 0, 12.94095, 48.29629, 1, 1, 1, False
1245.685, 2021-07-05T16:07:53.9647170+08:00, 0, 12.94095, 48.29629, 1, 1, 1, False
1245.692, 2021-07-05T16:07:53.9712600+08:00, 0, 12.94095, 48.29629, 1, 1, 1, False
1245.698, 2021-07-05T16:07:53.9769930+08:00, 0, 12.94095, 48.29629, 1, 1, 1, False
1245.704, 2021-07-05T16:07:53.9837940+08:00, 0, 12.94095, 48.29629, 1, 1, 1, False
1245.71, 2021-07-05T16:07:53.9898310+08:00, 0, 12.94095, 48.29629, 1, 1, 1, False
1245.717, 2021-07-05T16:07:53.9960770+08:00, 0, 12.94095, 48.29629, 1, 1, 1, False
1245.724, 2021-07-05T16:07:54.0037860+08:00, 0, 12.94095, 48.29629, 1, 1, 1, False
1245.729, 2021-07-05T16:07:54.0081740+08:00, 0, 12.94095, 48.29629, 1, 1, 1, False
1245.736, 2021-07-05T16:07:54.0156340+08:00, 0, 12.94095, 48.29629, 1, 1, 1, False
1245.745, 2021-07-05T16:07:54.0241770+08:00, 0, 12.94095, 48.29629, 1, 1, 1, False
1245.753, 2021-07-05T16:07:54.0320160+08:00, 0, 12.94095, 48.29629, 1, 1, 1, False
1245.761, 2021-07-05T16:07:54.0401990+08:00, 0, 12.94095, 48.29629, 1, 1, 1, False
1245.768, 2021-07-05T16:07:54.0478390+08:00, 0, 12.94095, 48.29629, 1, 1, 1, False
1245.777, 2021-07-05T16:07:54.0562140+08:00, 0, 12.94095, 48.29629, 1, 1, 1, False
1245.784, 2021-07-05T16:07:54.0638500+08:00, 0, 12.94095, 48.29629, 1, 1, 1, False
1245.792, 2021-07-05T16:07:54.0712390+08:00, 0, 12.94095, 48.29629, 1, 1, 1, False
1245.796, 2021-07-05T16:07:54.0752320+08:00, 0, 12.94095, 48.29629, 1, 1, 1, False
1245.8, 2021-07-05T16:07:54.0789850+08:00, 0, 12.94095, 48.29629, 1, 1, 1, False
1245.804, 2021-07-05T16:07:54.0830920+08:00, 0, 12.94095, 48.29629, 1, 1, 1, False
1245.808, 2021-07-05T16:07:54.0872310+08:00, 0, 12.94095, 48.29629, 1, 1, 1, False
1245.811, 2021-07-05T16:07:54.0907900+08:00, 0, 12.94095, 48.29629, 1, 1, 1, False
1245.816, 2021-07-05T16:07:54.0955130+08:00, 0, 12.94095, 48.29629, 1, 1, 1, False
1245.822, 2021-07-05T16:07:54.1016980+08:00, 0, 12.94095, 48.29629, 1, 1, 1, False
1245.829, 2021-07-05T16:07:54.1083260+08:00, 0, 12.94095, 48.29629, 1, 1, 1, False
1245.837, 2021-07-05T16:07:54.1159390+08:00, 0, 12.94095, 48.29629, 1, 1, 1, False
1245.841, 2021-07-05T16:07:54.1205380+08:00, 0, 12.94095, 48.29629, 1, 1, 1, False
1245.848, 2021-07-05T16:07:54.1275930+08:00, 0, 12.94095, 48.29629, 1, 1, 1, False
1245.854, 2021-07-05T16:07:54.1334420+08:00, 0, 12.94095, 48.29629, 1, 1, 1, False
1245.86, 2021-07-05T16:07:54.1397640+08:00, 0, 12.94095, 48.29629, 1, 1, 1, False
1245.866, 2021-07-05T16:07:54.1459240+08:00, 0, 12.94095, 48.29629, 1, 1, 1, False
1245.873, 2021-07-05T16:07:54.1520830+08:00, 0, 12.94095, 48.29629, 1, 1, 1, False
1245.88, 2021-07-05T16:07:54.1592060+08:00, 0, 12.94095, 48.29629, 1, 1, 1, False
1245.885, 2021-07-05T16:07:54.1645290+08:00, 0, 12.94095, 48.29629, 1, 1, 1, False
1245.892, 2021-07-05T16:07:54.1710250+08:00, 0, 12.94095, 48.29629, 1, 1, 1, False
1245.898, 2021-07-05T16:07:54.1769940+08:00, 0, 12.94095, 48.29629, 1, 1, 1, False
1245.905, 2021-07-05T16:07:54.1839800+08:00, 0, 12.94095, 48.29629, 1, 1, 1, False
1245.91, 2021-07-05T16:07:54.1894350+08:00, 0, 12.94095, 48.29629, 1, 1, 1, False
1245.916, 2021-07-05T16:07:54.1957110+08:00, 0, 12.94095, 48.29629, 1, 1, 1, False
1245.922, 2021-07-05T16:07:54.2016440+08:00, 0, 12.94095, 48.29629, 1, 1, 1, False
1245.929, 2021-07-05T16:07:54.2082450+08:00, 0, 12.94095, 48.29629, 1, 1, 1, False
1245.937, 2021-07-05T16:07:54.2160480+08:00, 0, 12.94095, 48.29629, 1, 1, 1, False
1245.945, 2021-07-05T16:07:54.2242050+08:00, 0, 12.94095, 48.29629, 1, 1, 1, False
1245.953, 2021-07-05T16:07:54.2321410+08:00, 0, 12.94095, 48.29629, 1, 1, 1, False
1245.961, 2021-07-05T16:07:54.2401650+08:00, 0, 12.94095, 48.29629, 1, 1, 1, False
1245.968, 2021-07-05T16:07:54.2475230+08:00, 0, 12.94095, 48.29629, 1, 1, 1, False
1245.972, 2021-07-05T16:07:54.2509310+08:00, 0, 12.94095, 48.29629, 1, 1, 1, False
1245.976, 2021-07-05T16:07:54.2552150+08:00, 0, 12.94095, 48.29629, 1, 1, 1, False
1245.98, 2021-07-05T16:07:54.2592100+08:00, 0, 12.94095, 48.29629, 1, 1, 1, False
1245.985, 2021-07-05T16:07:54.2644510+08:00, 0, 12.94095, 48.29629, 1, 1, 1, False
1245.991, 2021-07-05T16:07:54.2704540+08:00, 0, 12.94095, 48.29629, 1, 1, 1, False
1245.998, 2021-07-05T16:07:54.2770600+08:00, 0, 12.94095, 48.29629, 1, 1, 1, False
1246.004, 2021-07-05T16:07:54.2837100+08:00, 0, 12.94095, 48.29629, 1, 1, 1, False
1246.01, 2021-07-05T16:07:54.2896150+08:00, 0, 12.94095, 48.29629, 1, 1, 1, False
1246.016, 2021-07-05T16:07:54.2957780+08:00, 0, 12.94095, 48.29629, 1, 1, 1, False
1246.023, 2021-07-05T16:07:54.3022160+08:00, 0, 12.94095, 48.29629, 1, 1, 1, False
1246.029, 2021-07-05T16:07:54.3080810+08:00, 0, 12.94095, 48.29629, 1, 1, 1, False
1246.036, 2021-07-05T16:07:54.3152360+08:00, 0, 12.94095, 48.29629, 1, 1, 1, False
1246.042, 2021-07-05T16:07:54.3210290+08:00, 0, 12.94095, 48.29629, 1, 1, 1, False
1246.048, 2021-07-05T16:07:54.3276310+08:00, 0, 12.94095, 48.29629, 1, 1, 1, False
1246.054, 2021-07-05T16:07:54.3333080+08:00, 0, 12.94095, 48.29629, 1, 1, 1, False
1246.06, 2021-07-05T16:07:54.3396750+08:00, 0, 12.94095, 48.29629, 1, 1, 1, False
1246.066, 2021-07-05T16:07:54.3454600+08:00, 0, 12.94095, 48.29629, 1, 1, 1, False
1246.073, 2021-07-05T16:07:54.3519950+08:00, 0, 12.94095, 48.29629, 1, 1, 1, False
1246.08, 2021-07-05T16:07:54.3590900+08:00, 0, 12.94095, 48.29629, 1, 1, 1, False
1246.085, 2021-07-05T16:07:54.3641460+08:00, 0, 12.94095, 48.29629, 1, 1, 1, False
1246.091, 2021-07-05T16:07:54.3708210+08:00, 0, 12.94095, 48.29629, 1, 1, 1, False
1246.098, 2021-07-05T16:07:54.3771240+08:00, 0, 12.94095, 48.29629, 1, 1, 1, False
1246.104, 2021-07-05T16:07:54.3833190+08:00, 0, 12.94095, 48.29629, 1, 1, 1, False
1246.11, 2021-07-05T16:07:54.3892110+08:00, 0, 12.94095, 48.29629, 1, 1, 1, False
1246.116, 2021-07-05T16:07:54.3958050+08:00, 0, 12.94095, 48.29629, 1, 1, 1, False
1246.123, 2021-07-05T16:07:54.4021400+08:00, 0, 12.94095, 48.29629, 1, 1, 1, False
1246.129, 2021-07-05T16:07:54.4083370+08:00, 0, 12.94095, 48.29629, 1, 1, 1, False
1246.136, 2021-07-05T16:07:54.4153990+08:00, 0, 12.94095, 48.29629, 1, 1, 1, False
1246.145, 2021-07-05T16:07:54.4242660+08:00, 0, 12.94095, 48.29629, 1, 1, 1, False
1246.153, 2021-07-05T16:07:54.4320730+08:00, 0, 12.94095, 48.29629, 1, 1, 1, False
1246.16, 2021-07-05T16:07:54.4394740+08:00, 0, 12.94095, 48.29629, 1, 1, 1, False
1246.164, 2021-07-05T16:07:54.4429970+08:00, 0, 12.94095, 48.29629, 1, 1, 1, False
1246.168, 2021-07-05T16:07:54.4471210+08:00, 0, 12.94095, 48.29629, 1, 1, 1, False
1246.172, 2021-07-05T16:07:54.4514200+08:00, 0, 12.94095, 48.29629, 1, 1, 1, False
1246.179, 2021-07-05T16:07:54.4581200+08:00, 0, 12.94095, 48.29629, 1, 1, 1, False
1246.185, 2021-07-05T16:07:54.4640860+08:00, 0, 12.94095, 48.29629, 1, 1, 1, False
1246.192, 2021-07-05T16:07:54.4712350+08:00, 0, 12.94095, 48.29629, 1, 1, 1, False
1246.197, 2021-07-05T16:07:54.4768580+08:00, 0, 12.94095, 48.29629, 1, 1, 1, False
1246.204, 2021-07-05T16:07:54.4833890+08:00, 0, 12.94095, 48.29629, 1, 1, 1, False
1246.21, 2021-07-05T16:07:54.4893960+08:00, 0, 12.94095, 48.29629, 1, 1, 1, False
1246.217, 2021-07-05T16:07:54.4960450+08:00, 0, 12.94095, 48.29629, 1, 1, 1, False
1246.223, 2021-07-05T16:07:54.5021050+08:00, 0, 12.94095, 48.29629, 1, 1, 1, False
1246.229, 2021-07-05T16:07:54.5087880+08:00, 0, 12.94095, 48.29629, 1, 1, 1, False
1246.236, 2021-07-05T16:07:54.5156360+08:00, 0, 12.94095, 48.29629, 1, 1, 1, False
1246.245, 2021-07-05T16:07:54.5242050+08:00, 0, 12.94095, 48.29629, 1, 1, 1, False
1246.252, 2021-07-05T16:07:54.5313560+08:00, 0, 12.94095, 48.29629, 1, 1, 1, False
1246.261, 2021-07-05T16:07:54.5403200+08:00, 0, 12.94095, 48.29629, 1, 1, 1, False
1246.269, 2021-07-05T16:07:54.5479970+08:00, 0, 12.94095, 48.29629, 1, 1, 1, False
1246.277, 2021-07-05T16:07:54.5561480+08:00, 0, 12.94095, 48.29629, 1, 1, 1, False
1246.284, 2021-07-05T16:07:54.5638180+08:00, 0, 12.94095, 48.29629, 1, 1, 1, False
1246.292, 2021-07-05T16:07:54.5714070+08:00, 0, 12.94095, 48.29629, 1, 1, 1, False
1246.296, 2021-07-05T16:07:54.5751610+08:00, 0, 12.94095, 48.29629, 1, 1, 1, False
1246.3, 2021-07-05T16:07:54.5789750+08:00, 0, 12.94095, 48.29629, 1, 1, 1, False
1246.303, 2021-07-05T16:07:54.5829670+08:00, 0, 12.94095, 48.29629, 1, 1, 1, False
1246.308, 2021-07-05T16:07:54.5871540+08:00, 0, 12.94095, 48.29629, 1, 1, 1, False
1246.312, 2021-07-05T16:07:54.5909420+08:00, 0, 12.94095, 48.29629, 1, 1, 1, False
1246.317, 2021-07-05T16:07:54.5961000+08:00, 0, 12.94095, 48.29629, 1, 1, 1, False
1246.323, 2021-07-05T16:07:54.6021270+08:00, 0, 12.94095, 48.29629, 1, 1, 1, False
1246.329, 2021-07-05T16:07:54.6087890+08:00, 0, 12.94095, 48.29629, 1, 1, 1, False
1246.336, 2021-07-05T16:07:54.6159170+08:00, 0, 12.94095, 48.29629, 1, 1, 1, False
1246.345, 2021-07-05T16:07:54.6241400+08:00, 0, 12.94095, 48.29629, 1, 1, 1, False
1246.353, 2021-07-05T16:07:54.6321020+08:00, 0, 12.94095, 48.29629, 1, 1, 1, False
1246.368, 2021-07-05T16:07:54.6475320+08:00, 0, 12.94095, 48.29629, 1, 1, 1, False
1246.372, 2021-07-05T16:07:54.6510900+08:00, 0, 12.94095, 48.29629, 1, 1, 1, False
1246.376, 2021-07-05T16:07:54.6551930+08:00, 0, 12.94095, 48.29629, 1, 1, 1, False
1246.38, 2021-07-05T16:07:54.6590080+08:00, 0, 12.94095, 48.29629, 1, 1, 1, False
1246.384, 2021-07-05T16:07:54.6632830+08:00, 0, 12.94095, 48.29629, 1, 1, 1, False
1246.388, 2021-07-05T16:07:54.6670930+08:00, 0, 12.94095, 48.29629, 1, 1, 1, False
1246.392, 2021-07-05T16:07:54.6713230+08:00, 0, 12.94095, 48.29629, 1, 1, 1, False
1246.398, 2021-07-05T16:07:54.6771440+08:00, 0, 12.94095, 48.29629, 1, 1, 1, False
1246.404, 2021-07-05T16:07:54.6838630+08:00, 0, 12.94095, 48.29629, 1, 1, 1, False
1246.411, 2021-07-05T16:07:54.6901590+08:00, 0, 12.94095, 48.29629, 1, 1, 1, False
1246.417, 2021-07-05T16:07:54.6961440+08:00, 0, 12.94095, 48.29629, 1, 1, 1, False
1246.424, 2021-07-05T16:07:54.7083760+08:00, 0, 12.94095, 48.29629, 1, 1, 1, False
1246.437, 2021-07-05T16:07:54.7160080+08:00, 0, 12.94095, 48.29629, 1, 1, 1, False
1246.44, 2021-07-05T16:07:54.7190100+08:00, 0, 12.94095, 48.29629, 1, 1, 1, False
1246.444, 2021-07-05T16:07:54.7231840+08:00, 0, 12.94095, 48.29629, 1, 1, 1, False
1246.448, 2021-07-05T16:07:54.7274330+08:00, 0, 12.94095, 48.29629, 1, 1, 1, False
1246.455, 2021-07-05T16:07:54.7341980+08:00, 0, 12.94095, 48.29629, 1, 1, 1, False
1246.461, 2021-07-05T16:07:54.7405070+08:00, 0, 12.94095, 48.29629, 1, 1, 1, False
1246.468, 2021-07-05T16:07:54.7470760+08:00, 0, 12.94095, 48.29629, 1, 1, 1, False
1246.473, 2021-07-05T16:07:54.7525780+08:00, 0, 12.94095, 48.29629, 1, 1, 1, False
1246.48, 2021-07-05T16:07:54.7592380+08:00, 0, 12.94095, 48.29629, 1, 1, 1, False
1246.486, 2021-07-05T16:07:54.7652170+08:00, 0, 12.94095, 48.29629, 1, 1, 1, False
1246.492, 2021-07-05T16:07:54.7717800+08:00, 0, 12.94095, 48.29629, 1, 1, 1, False
1246.499, 2021-07-05T16:07:54.7781230+08:00, 0, 12.94095, 48.29629, 1, 1, 1, False
1246.504, 2021-07-05T16:07:54.7837990+08:00, 0, 12.94095, 48.29629, 1, 1, 1, False
1246.511, 2021-07-05T16:07:54.7905420+08:00, 0, 12.94095, 48.29629, 1, 1, 1, False
1246.517, 2021-07-05T16:07:54.7967260+08:00, 0, 12.94095, 48.29629, 1, 1, 1, False
1246.524, 2021-07-05T16:07:54.8038190+08:00, 0, 12.94095, 48.29629, 1, 1, 1, False
1246.53, 2021-07-05T16:07:54.8090560+08:00, 0, 12.94095, 48.29629, 1, 1, 1, False
1246.536, 2021-07-05T16:07:54.8157220+08:00, 0, 12.94095, 48.29629, 1, 1, 1, False
1246.542, 2021-07-05T16:07:54.8211630+08:00, 0, 12.94095, 48.29629, 1, 1, 1, False
1246.548, 2021-07-05T16:07:54.8278800+08:00, 0, 12.94095, 48.29629, 1, 1, 1, False
1246.555, 2021-07-05T16:07:54.8342820+08:00, 0, 12.94095, 48.29629, 1, 1, 1, False
1246.561, 2021-07-05T16:07:54.8403070+08:00, 0, 12.94095, 48.29629, 1, 1, 1, False
1246.569, 2021-07-05T16:07:54.8481920+08:00, 0, 12.94095, 48.29629, 1, 1, 1, False
1246.577, 2021-07-05T16:07:54.8560720+08:00, 0, 12.94095, 48.29629, 1, 1, 1, False
1246.585, 2021-07-05T16:07:54.8641520+08:00, 0, 12.94095, 48.29629, 1, 1, 1, False
1246.593, 2021-07-05T16:07:54.8720560+08:00, 0, 12.94095, 48.29629, 1, 1, 1, False
1246.601, 2021-07-05T16:07:54.8801860+08:00, 0, 12.94095, 48.29629, 1, 1, 1, False
1246.608, 2021-07-05T16:07:54.8878920+08:00, 0, 12.94095, 48.29629, 1, 1, 1, False
1246.617, 2021-07-05T16:07:54.8960280+08:00, 0, 12.94095, 48.29629, 1, 1, 1, False
1246.625, 2021-07-05T16:07:54.9039810+08:00, 0, 12.94095, 48.29629, 1, 1, 1, False
1246.633, 2021-07-05T16:07:54.9122340+08:00, 0, 12.94095, 48.29629, 1, 1, 1, False
1246.641, 2021-07-05T16:07:54.9200700+08:00, 0, 12.94095, 48.29629, 1, 1, 1, False
1246.648, 2021-07-05T16:07:54.9278070+08:00, 0, 12.94095, 48.29629, 1, 1, 1, False
1246.657, 2021-07-05T16:07:54.9360830+08:00, 0, 12.94095, 48.29629, 1, 1, 1, False
1246.664, 2021-07-05T16:07:54.9433650+08:00, 0, 12.94095, 48.29629, 1, 1, 1, False
1246.668, 2021-07-05T16:07:54.9471620+08:00, 0, 12.94095, 48.29629, 1, 1, 1, False
1246.672, 2021-07-05T16:07:54.9511610+08:00, 0, 12.94095, 48.29629, 1, 1, 1, False
1246.676, 2021-07-05T16:07:54.9550580+08:00, 0, 12.94095, 48.29629, 1, 1, 1, False
1246.68, 2021-07-05T16:07:54.9592180+08:00, 0, 12.94095, 48.29629, 1, 1, 1, False
1246.684, 2021-07-05T16:07:54.9633650+08:00, 0, 12.94095, 48.29629, 1, 1, 1, False
1246.688, 2021-07-05T16:07:54.9668370+08:00, 0, 12.94095, 48.29629, 1, 1, 1, False
1246.692, 2021-07-05T16:07:54.9712890+08:00, 0, 12.94095, 48.29629, 1, 1, 1, False
1246.698, 2021-07-05T16:07:54.9770310+08:00, 0, 12.94095, 48.29629, 1, 1, 1, False
1246.704, 2021-07-05T16:07:54.9838760+08:00, 0, 12.94095, 48.29629, 1, 1, 1, False
1246.711, 2021-07-05T16:07:54.9900170+08:00, 0, 12.94095, 48.29629, 1, 1, 1, False
1246.716, 2021-07-05T16:07:54.9958950+08:00, 0, 12.94095, 48.29629, 1, 1, 1, False
1246.725, 2021-07-05T16:07:55.0040400+08:00, 0, 12.94095, 48.29629, 1, 1, 1, False
1246.733, 2021-07-05T16:07:55.0120430+08:00, 0, 12.94095, 48.29629, 1, 1, 1, False
1246.741, 2021-07-05T16:07:55.0202310+08:00, 0, 12.94095, 48.29629, 1, 1, 1, False
1246.749, 2021-07-05T16:07:55.0279470+08:00, 0, 12.94095, 48.29629, 1, 1, 1, False
1246.757, 2021-07-05T16:07:55.0360060+08:00, 0, 12.94095, 48.29629, 1, 1, 1, False
1246.764, 2021-07-05T16:07:55.0438480+08:00, 0, 12.94095, 48.29629, 1, 1, 1, False
1246.772, 2021-07-05T16:07:55.0512880+08:00, 0, 12.94095, 48.29629, 1, 1, 1, False
1246.776, 2021-07-05T16:07:55.0551030+08:00, 0, 12.94095, 48.29629, 1, 1, 1, False
1246.78, 2021-07-05T16:07:55.0590190+08:00, 0, 12.94095, 48.29629, 1, 1, 1, False
1246.784, 2021-07-05T16:07:55.0634020+08:00, 0, 12.94095, 48.29629, 1, 1, 1, False
1246.787, 2021-07-05T16:07:55.0669230+08:00, 0, 12.94095, 48.29629, 1, 1, 1, False
1246.792, 2021-07-05T16:07:55.0712950+08:00, 0, 12.94095, 48.29629, 1, 1, 1, False
1246.797, 2021-07-05T16:07:55.0770020+08:00, 0, 12.94095, 48.29629, 1, 1, 1, False
1246.804, 2021-07-05T16:07:55.0839880+08:00, 0, 12.94095, 48.29629, 1, 1, 1, False
1246.812, 2021-07-05T16:07:55.0916140+08:00, 0, 12.94095, 48.29629, 1, 1, 1, False
1246.821, 2021-07-05T16:07:55.1002970+08:00, 0, 12.94095, 48.29629, 1, 1, 1, False
1246.828, 2021-07-05T16:07:55.1077250+08:00, 0, 12.94095, 48.29629, 1, 1, 1, False
1246.837, 2021-07-05T16:07:55.1161580+08:00, 0, 12.94095, 48.29629, 1, 1, 1, False
1246.845, 2021-07-05T16:07:55.1242460+08:00, 0, 12.94095, 48.29629, 1, 1, 1, False
1246.853, 2021-07-05T16:07:55.1319590+08:00, 0, 12.94095, 48.29629, 1, 1, 1, False
1246.861, 2021-07-05T16:07:55.1400540+08:00, 0, 12.94095, 48.29629, 1, 1, 1, False
1246.869, 2021-07-05T16:07:55.1479780+08:00, 0, 12.94095, 48.29629, 1, 1, 1, False
1246.876, 2021-07-05T16:07:55.1556910+08:00, 0, 12.94095, 48.29629, 1, 1, 1, False
1246.885, 2021-07-05T16:07:55.1643390+08:00, 0, 12.94095, 48.29629, 1, 1, 1, False
1246.892, 2021-07-05T16:07:55.1718700+08:00, 0, 12.94095, 48.29629, 1, 1, 1, False
1246.901, 2021-07-05T16:07:55.1801740+08:00, 0, 12.94095, 48.29629, 1, 1, 1, False
1246.908, 2021-07-05T16:07:55.1877250+08:00, 0, 12.94095, 48.29629, 1, 1, 1, False
1246.918, 2021-07-05T16:07:55.1970080+08:00, 0, 12.94095, 48.29629, 1, 1, 1, False
1246.924, 2021-07-05T16:07:55.2036800+08:00, 0, 12.94095, 48.29629, 1, 1, 1, False
1246.928, 2021-07-05T16:07:55.2070600+08:00, 0, 12.94095, 48.29629, 1, 1, 1, False
1246.932, 2021-07-05T16:07:55.2110750+08:00, 0, 12.94095, 48.29629, 1, 1, 1, False
1246.936, 2021-07-05T16:07:55.2151350+08:00, 0, 12.94095, 48.29629, 1, 1, 1, False
1246.94, 2021-07-05T16:07:55.2192850+08:00, 0, 12.94095, 48.29629, 1, 1, 1, False
1246.943, 2021-07-05T16:07:55.2228460+08:00, 0, 12.94095, 48.29629, 1, 1, 1, False
1246.948, 2021-07-05T16:07:55.2270690+08:00, 0, 12.94095, 48.29629, 1, 1, 1, False
1246.953, 2021-07-05T16:07:55.2325160+08:00, 0, 12.94095, 48.29629, 1, 1, 1, False
1246.96, 2021-07-05T16:07:55.2395970+08:00, 0, 12.94095, 48.29629, 1, 1, 1, False
1246.966, 2021-07-05T16:07:55.2453640+08:00, 0, 12.94095, 48.29629, 1, 1, 1, False
1246.972, 2021-07-05T16:07:55.2511780+08:00, 0, 12.94095, 48.29629, 1, 1, 1, False
1246.978, 2021-07-05T16:07:55.2577410+08:00, 0, 12.94095, 48.29629, 1, 1, 1, False
1246.985, 2021-07-05T16:07:55.2641510+08:00, 0, 12.94095, 48.29629, 1, 1, 1, False
1246.992, 2021-07-05T16:07:55.2712930+08:00, 0, 12.94095, 48.29629, 1, 1, 1, False
1246.997, 2021-07-05T16:07:55.2765380+08:00, 0, 12.94095, 48.29629, 1, 1, 1, False
1247.005, 2021-07-05T16:07:55.2839390+08:00, 0, 12.94095, 48.29629, 1, 1, 1, False
1247.013, 2021-07-05T16:07:55.2920740+08:00, 0, 12.94095, 48.29629, 1, 1, 1, False
1247.021, 2021-07-05T16:07:55.3002130+08:00, 0, 12.94095, 48.29629, 1, 1, 1, False
1247.029, 2021-07-05T16:07:55.3079560+08:00, 0, 12.94095, 48.29629, 1, 1, 1, False
1247.037, 2021-07-05T16:07:55.3161760+08:00, 0, 12.94095, 48.29629, 1, 1, 1, False
1247.045, 2021-07-05T16:07:55.3242070+08:00, 0, 12.94095, 48.29629, 1, 1, 1, False
1247.053, 2021-07-05T16:07:55.3321590+08:00, 0, 12.94095, 48.29629, 1, 1, 1, False
1247.061, 2021-07-05T16:07:55.3399890+08:00, 0, 12.94095, 48.29629, 1, 1, 1, False
1247.069, 2021-07-05T16:07:55.3481960+08:00, 0, 12.94095, 48.29629, 1, 1, 1, False
1247.076, 2021-07-05T16:07:55.3558590+08:00, 0, 12.94095, 48.29629, 1, 1, 1, False
1247.084, 2021-07-05T16:07:55.3637440+08:00, 0, 12.94095, 48.29629, 1, 1, 1, False
1247.094, 2021-07-05T16:07:55.3735640+08:00, 0, 12.94095, 48.29629, 1, 1, 1, False
1247.1, 2021-07-05T16:07:55.3793270+08:00, 0, 12.94095, 48.29629, 1, 1, 1, False
1247.104, 2021-07-05T16:07:55.3831130+08:00, 0, 12.94095, 48.29629, 1, 1, 1, False
1247.108, 2021-07-05T16:07:55.3871090+08:00, 0, 12.94095, 48.29629, 1, 1, 1, False
1247.112, 2021-07-05T16:07:55.3911510+08:00, 0, 12.94095, 48.29629, 1, 1, 1, False
1247.116, 2021-07-05T16:07:55.3952250+08:00, 0, 12.94095, 48.29629, 1, 1, 1, False
1247.12, 2021-07-05T16:07:55.3990230+08:00, 0, 12.94095, 48.29629, 1, 1, 1, False
1247.124, 2021-07-05T16:07:55.4031850+08:00, 0, 12.94095, 48.29629, 1, 1, 1, False
1247.13, 2021-07-05T16:07:55.4091040+08:00, 0, 12.94095, 48.29629, 1, 1, 1, False
1247.136, 2021-07-05T16:07:55.4158090+08:00, 0, 12.94095, 48.29629, 1, 1, 1, False
1247.142, 2021-07-05T16:07:55.4219630+08:00, 0, 12.94095, 48.29629, 1, 1, 1, False
1247.148, 2021-07-05T16:07:55.4278720+08:00, 0, 12.94095, 48.29629, 1, 1, 1, False
1247.155, 2021-07-05T16:07:55.4346490+08:00, 0, 12.94095, 48.29629, 1, 1, 1, False
1247.162, 2021-07-05T16:07:55.4410590+08:00, 0, 12.94095, 48.29629, 1, 1, 1, False
1247.169, 2021-07-05T16:07:55.4480620+08:00, 0, 12.94095, 48.29629, 1, 1, 1, False
1247.177, 2021-07-05T16:07:55.4562210+08:00, 0, 12.94095, 48.29629, 1, 1, 1, False
1247.185, 2021-07-05T16:07:55.4640850+08:00, 0, 12.94095, 48.29629, 1, 1, 1, False
1247.193, 2021-07-05T16:07:55.4722270+08:00, 0, 12.94095, 48.29629, 1, 1, 1, False
1247.2, 2021-07-05T16:07:55.4793290+08:00, 0, 12.94095, 48.29629, 1, 1, 1, False
1247.204, 2021-07-05T16:07:55.4832420+08:00, 0, 12.94095, 48.29629, 1, 1, 1, False
1247.207, 2021-07-05T16:07:55.4868470+08:00, 0, 12.94095, 48.29629, 1, 1, 1, False
1247.212, 2021-07-05T16:07:55.4915680+08:00, 0, 12.94095, 48.29629, 1, 1, 1, False
1247.218, 2021-07-05T16:07:55.4972550+08:00, 0, 12.94095, 48.29629, 1, 1, 1, False
1247.224, 2021-07-05T16:07:55.5038460+08:00, 0, 12.94095, 48.29629, 1, 1, 1, False
1247.231, 2021-07-05T16:07:55.5102180+08:00, 0, 12.94095, 48.29629, 1, 1, 1, False
1247.237, 2021-07-05T16:07:55.5164470+08:00, 0, 12.94095, 48.29629, 1, 1, 1, False
1247.244, 2021-07-05T16:07:55.5233340+08:00, 0, 12.94095, 48.29629, 1, 1, 1, False
1247.249, 2021-07-05T16:07:55.5288300+08:00, 0, 12.94095, 48.29629, 1, 1, 1, False
1247.256, 2021-07-05T16:07:55.5356080+08:00, 0, 12.94095, 48.29629, 1, 1, 1, False
1247.264, 2021-07-05T16:07:55.5437020+08:00, 0, 12.94095, 48.29629, 1, 1, 1, False
1247.273, 2021-07-05T16:07:55.5522330+08:00, 0, 12.94095, 48.29629, 1, 1, 1, False
1247.28, 2021-07-05T16:07:55.5591190+08:00, 0, 12.94095, 48.29629, 1, 1, 1, False
1247.284, 2021-07-05T16:07:55.5630440+08:00, 0, 12.94095, 48.29629, 1, 1, 1, False
1247.288, 2021-07-05T16:07:55.5671920+08:00, 0, 12.94095, 48.29629, 1, 1, 1, False
1247.293, 2021-07-05T16:07:55.5724450+08:00, 0, 12.94095, 48.29629, 1, 1, 1, False
1247.3, 2021-07-05T16:07:55.5799450+08:00, 0, 12.94095, 48.29629, 1, 1, 1, False
1247.308, 2021-07-05T16:07:55.5877480+08:00, 0, 12.94095, 48.29629, 1, 1, 1, False
1247.312, 2021-07-05T16:07:55.5914180+08:00, 0, 12.94095, 48.29629, 1, 1, 1, False
1247.319, 2021-07-05T16:07:55.5980320+08:00, 0, 12.94095, 48.29629, 1, 1, 1, False
1247.325, 2021-07-05T16:07:55.6045920+08:00, 0, 12.94095, 48.29629, 1, 1, 1, False
1247.332, 2021-07-05T16:07:55.6115480+08:00, 0, 12.94095, 48.29629, 1, 1, 1, False
1247.337, 2021-07-05T16:07:55.6168760+08:00, 0, 12.94095, 48.29629, 1, 1, 1, False
1247.344, 2021-07-05T16:07:55.6234720+08:00, 0, 12.94095, 48.29629, 1, 1, 1, False
1247.35, 2021-07-05T16:07:55.6291330+08:00, 0, 12.94095, 48.29629, 1, 1, 1, False
1247.356, 2021-07-05T16:07:55.6353740+08:00, 0, 12.94095, 48.29629, 1, 1, 1, False
1247.362, 2021-07-05T16:07:55.6416890+08:00, 0, 12.94095, 48.29629, 1, 1, 1, False
1247.368, 2021-07-05T16:07:55.6476620+08:00, 0, 12.94095, 48.29629, 1, 1, 1, False
1247.375, 2021-07-05T16:07:55.6541190+08:00, 0, 12.94095, 48.29629, 1, 1, 1, False
1247.381, 2021-07-05T16:07:55.6603950+08:00, 0, 12.94095, 48.29629, 1, 1, 1, False
1247.388, 2021-07-05T16:07:55.6676330+08:00, 0, 12.94095, 48.29629, 1, 1, 1, False
1247.394, 2021-07-05T16:07:55.6729710+08:00, 0, 12.94095, 48.29629, 1, 1, 1, False
1247.401, 2021-07-05T16:07:55.6800400+08:00, 0, 12.94095, 48.29629, 1, 1, 1, False
1247.408, 2021-07-05T16:07:55.6876180+08:00, 0, 12.94095, 48.29629, 1, 1, 1, False
1247.412, 2021-07-05T16:07:55.6916680+08:00, 0, 12.94095, 48.29629, 1, 1, 1, False
1247.419, 2021-07-05T16:07:55.6979480+08:00, 0, 12.94095, 48.29629, 1, 1, 1, False
1247.424, 2021-07-05T16:07:55.7038720+08:00, 0, 12.94095, 48.29629, 1, 1, 1, False
1247.431, 2021-07-05T16:07:55.7104340+08:00, 0, 12.94095, 48.29629, 1, 1, 1, False
1247.437, 2021-07-05T16:07:55.7166620+08:00, 0, 12.94095, 48.29629, 1, 1, 1, False
1247.444, 2021-07-05T16:07:55.7235530+08:00, 0, 12.94095, 48.29629, 1, 1, 1, False
1247.452, 2021-07-05T16:07:55.7313000+08:00, 0, 12.94095, 48.29629, 1, 1, 1, False
1247.456, 2021-07-05T16:07:55.7351340+08:00, 0, 12.94095, 48.29629, 1, 1, 1, False
1247.462, 2021-07-05T16:07:55.7411890+08:00, 0, 12.94095, 48.29629, 1, 1, 1, False
1247.468, 2021-07-05T16:07:55.7478160+08:00, 0, 12.94095, 48.29629, 1, 1, 1, False
1247.475, 2021-07-05T16:07:55.7540550+08:00, 0, 12.94095, 48.29629, 1, 1, 1, False
1247.481, 2021-07-05T16:07:55.7600320+08:00, 0, 12.94095, 48.29629, 1, 1, 1, False
1247.488, 2021-07-05T16:07:55.7677900+08:00, 0, 12.94095, 48.29629, 1, 1, 1, False
1247.493, 2021-07-05T16:07:55.7729050+08:00, 0, 12.94095, 48.29629, 1, 1, 1, False
1247.5, 2021-07-05T16:07:55.7799440+08:00, 0, 12.94095, 48.29629, 1, 1, 1, False
1247.508, 2021-07-05T16:07:55.7874400+08:00, 0, 12.94095, 48.29629, 1, 1, 1, False
1247.512, 2021-07-05T16:07:55.7914200+08:00, 0, 12.94095, 48.29629, 1, 1, 1, False
1247.518, 2021-07-05T16:07:55.7975010+08:00, 0, 12.94095, 48.29629, 1, 1, 1, False
1247.525, 2021-07-05T16:07:55.8041730+08:00, 0, 12.94095, 48.29629, 1, 1, 1, False
1247.532, 2021-07-05T16:07:55.8111360+08:00, 0, 12.94095, 48.29629, 1, 1, 1, False
1247.537, 2021-07-05T16:07:55.8162560+08:00, 0, 12.94095, 48.29629, 1, 1, 1, False
1247.544, 2021-07-05T16:07:55.8232700+08:00, 0, 12.94095, 48.29629, 1, 1, 1, False
1247.549, 2021-07-05T16:07:55.8288900+08:00, 0, 12.94095, 48.29629, 1, 1, 1, False
1247.556, 2021-07-05T16:07:55.8358120+08:00, 0, 12.94095, 48.29629, 1, 1, 1, False
1247.562, 2021-07-05T16:07:55.8418220+08:00, 0, 12.94095, 48.29629, 1, 1, 1, False
1247.569, 2021-07-05T16:07:55.8479830+08:00, 0, 12.94095, 48.29629, 1, 1, 1, False
1247.575, 2021-07-05T16:07:55.8542120+08:00, 0, 12.94095, 48.29629, 1, 1, 1, False
1247.581, 2021-07-05T16:07:55.8605390+08:00, 0, 12.94095, 48.29629, 1, 1, 1, False
1247.588, 2021-07-05T16:07:55.8677800+08:00, 0, 12.94095, 48.29629, 1, 1, 1, False
1247.597, 2021-07-05T16:07:55.8762210+08:00, 0, 12.94095, 48.29629, 1, 1, 1, False
1247.604, 2021-07-05T16:07:55.8837950+08:00, 0, 12.94095, 48.29629, 1, 1, 1, False
1247.608, 2021-07-05T16:07:55.8872560+08:00, 0, 12.94095, 48.29629, 1, 1, 1, False
1247.612, 2021-07-05T16:07:55.8918070+08:00, 0, 12.94095, 48.29629, 1, 1, 1, False
1247.618, 2021-07-05T16:07:55.8974930+08:00, 0, 12.94095, 48.29629, 1, 1, 1, False
1247.625, 2021-07-05T16:07:55.9041680+08:00, 0, 12.94095, 48.29629, 1, 1, 1, False
1247.632, 2021-07-05T16:07:55.9162760+08:00, 0, 12.94095, 48.29629, 1, 1, 1, False
1247.64, 2021-07-05T16:07:55.9188700+08:00, 0, 12.94095, 48.29629, 1, 1, 1, False
1247.644, 2021-07-05T16:07:55.9232720+08:00, 0, 12.94095, 48.29629, 1, 1, 1, False
1247.65, 2021-07-05T16:07:55.9289790+08:00, 0, 12.94095, 48.29629, 1, 1, 1, False
1247.656, 2021-07-05T16:07:55.9356230+08:00, 0, 12.94095, 48.29629, 1, 1, 1, False
1247.662, 2021-07-05T16:07:55.9416070+08:00, 0, 12.94095, 48.29629, 1, 1, 1, False
1247.669, 2021-07-05T16:07:55.9481330+08:00, 0, 12.94095, 48.29629, 1, 1, 1, False
1247.676, 2021-07-05T16:07:55.9554200+08:00, 0, 12.94095, 48.29629, 1, 1, 1, False
1247.681, 2021-07-05T16:07:55.9606660+08:00, 0, 12.94095, 48.29629, 1, 1, 1, False
1247.688, 2021-07-05T16:07:55.9679040+08:00, 0, 12.94095, 48.29629, 1, 1, 1, False
1247.693, 2021-07-05T16:07:55.9728490+08:00, 0, 12.94095, 48.29629, 1, 1, 1, False
1247.701, 2021-07-05T16:07:55.9800610+08:00, 0, 12.94095, 48.29629, 1, 1, 1, False
1247.708, 2021-07-05T16:07:55.9876460+08:00, 0, 12.94095, 48.29629, 1, 1, 1, False
1247.717, 2021-07-05T16:07:55.9962470+08:00, 0, 12.94095, 48.29629, 1, 1, 1, False
1247.724, 2021-07-05T16:07:56.0040810+08:00, 0, 12.94095, 48.29629, 1, 1, 1, False
1247.732, 2021-07-05T16:07:56.0117080+08:00, 0, 12.94095, 48.29629, 1, 1, 1, False
1247.736, 2021-07-05T16:07:56.0150300+08:00, 0, 12.94095, 48.29629, 1, 1, 1, False
1247.74, 2021-07-05T16:07:56.0190940+08:00, 0, 12.94095, 48.29629, 1, 1, 1, False
1247.744, 2021-07-05T16:07:56.0230310+08:00, 0, 12.94095, 48.29629, 1, 1, 1, False
1247.75, 2021-07-05T16:07:56.0289270+08:00, 0, 12.94095, 48.29629, 1, 1, 1, False
1247.757, 2021-07-05T16:07:56.0360450+08:00, 0, 12.94095, 48.29629, 1, 1, 1, False
1247.764, 2021-07-05T16:07:56.0434150+08:00, 0, 12.94095, 48.29629, 1, 1, 1, False
1247.768, 2021-07-05T16:07:56.0475310+08:00, 0, 12.94095, 48.29629, 1, 1, 1, False
1247.774, 2021-07-05T16:07:56.0533430+08:00, 0, 12.94095, 48.29629, 1, 1, 1, False
1247.781, 2021-07-05T16:07:56.0600830+08:00, 0, 12.94095, 48.29629, 1, 1, 1, False
1247.789, 2021-07-05T16:07:56.0682250+08:00, 0, 12.94095, 48.29629, 1, 1, 1, False
1247.796, 2021-07-05T16:07:56.0755760+08:00, 0, 12.94095, 48.29629, 1, 1, 1, False
1247.8, 2021-07-05T16:07:56.0792860+08:00, 0, 12.94095, 48.29629, 1, 1, 1, False
1247.806, 2021-07-05T16:07:56.0850030+08:00, 0, 12.94095, 48.29629, 1, 1, 1, False
1247.813, 2021-07-05T16:07:56.0918980+08:00, 0, 12.94095, 48.29629, 1, 1, 1, False
1247.818, 2021-07-05T16:07:56.0973890+08:00, 0, 12.94095, 48.29629, 1, 1, 1, False
1247.824, 2021-07-05T16:07:56.1037870+08:00, 0, 12.94095, 48.29629, 1, 1, 1, False
1247.83, 2021-07-05T16:07:56.1096180+08:00, 0, 12.94095, 48.29629, 1, 1, 1, False
1247.837, 2021-07-05T16:07:56.1161550+08:00, 0, 12.94095, 48.29629, 1, 1, 1, False
1247.845, 2021-07-05T16:07:56.1241600+08:00, 0, 12.94095, 48.29629, 1, 1, 1, False
1247.853, 2021-07-05T16:07:56.1319410+08:00, 0, 12.94095, 48.29629, 1, 1, 1, False
1247.861, 2021-07-05T16:07:56.1401970+08:00, 0, 12.94095, 48.29629, 1, 1, 1, False
1247.868, 2021-07-05T16:07:56.1473410+08:00, 0, 12.94095, 48.29629, 1, 1, 1, False
1247.877, 2021-07-05T16:07:56.1561630+08:00, 0, 12.94095, 48.29629, 1, 1, 1, False
1247.885, 2021-07-05T16:07:56.1639920+08:00, 0, 12.94095, 48.29629, 1, 1, 1, False
1247.894, 2021-07-05T16:07:56.1735320+08:00, 0, 12.94095, 48.29629, 1, 1, 1, False
1247.9, 2021-07-05T16:07:56.1797930+08:00, 0, 12.94095, 48.29629, 1, 1, 1, False
1247.908, 2021-07-05T16:07:56.1875730+08:00, 0, 12.94095, 48.29629, 1, 1, 1, False
1247.917, 2021-07-05T16:07:56.1963200+08:00, 0, 12.94095, 48.29629, 1, 1, 1, False
1247.924, 2021-07-05T16:07:56.2037570+08:00, 0, 12.94095, 48.29629, 1, 1, 1, False
1247.928, 2021-07-05T16:07:56.2072580+08:00, 0, 12.94095, 48.29629, 1, 1, 1, False
1247.932, 2021-07-05T16:07:56.2110880+08:00, 0, 12.94095, 48.29629, 1, 1, 1, False
1247.936, 2021-07-05T16:07:56.2151790+08:00, 0, 12.94095, 48.29629, 1, 1, 1, False
1247.94, 2021-07-05T16:07:56.2191860+08:00, 0, 12.94095, 48.29629, 1, 1, 1, False
1247.944, 2021-07-05T16:07:56.2233520+08:00, 0, 12.94095, 48.29629, 1, 1, 1, False
1247.948, 2021-07-05T16:07:56.2269920+08:00, 0, 12.94095, 48.29629, 1, 1, 1, False
1247.952, 2021-07-05T16:07:56.2312640+08:00, 0, 12.94095, 48.29629, 1, 1, 1, False
1247.958, 2021-07-05T16:07:56.2369850+08:00, 0, 12.94095, 48.29629, 1, 1, 1, False
1247.964, 2021-07-05T16:07:56.2436130+08:00, 0, 12.94095, 48.29629, 1, 1, 1, False
1247.971, 2021-07-05T16:07:56.2500470+08:00, 0, 12.94095, 48.29629, 1, 1, 1, False
1247.977, 2021-07-05T16:07:56.2561340+08:00, 0, 12.94095, 48.29629, 1, 1, 1, False
1247.983, 2021-07-05T16:07:56.2625590+08:00, 0, 12.94095, 48.29629, 1, 1, 1, False
1247.989, 2021-07-05T16:07:56.2687800+08:00, 0, 12.94095, 48.29629, 1, 1, 1, False
1247.996, 2021-07-05T16:07:56.2754460+08:00, 0, 12.94095, 48.29629, 1, 1, 1, False
1248.005, 2021-07-05T16:07:56.2842290+08:00, 0, 12.94095, 48.29629, 1, 1, 1, False
1248.013, 2021-07-05T16:07:56.2921080+08:00, 0, 12.94095, 48.29629, 1, 1, 1, False
1248.021, 2021-07-05T16:07:56.3001740+08:00, 0, 12.94095, 48.29629, 1, 1, 1, False
1248.028, 2021-07-05T16:07:56.3073680+08:00, 0, 12.94095, 48.29629, 1, 1, 1, False
1248.032, 2021-07-05T16:07:56.3110530+08:00, 0, 12.94095, 48.29629, 1, 1, 1, False
1248.036, 2021-07-05T16:07:56.3151150+08:00, 0, 12.94095, 48.29629, 1, 1, 1, False
1248.04, 2021-07-05T16:07:56.3192040+08:00, 0, 12.94095, 48.29629, 1, 1, 1, False
1248.045, 2021-07-05T16:07:56.3245990+08:00, 0, 12.94095, 48.29629, 1, 1, 1, False
1248.052, 2021-07-05T16:07:56.3314530+08:00, 0, 12.94095, 48.29629, 1, 1, 1, False
1248.058, 2021-07-05T16:07:56.3372120+08:00, 0, 12.94095, 48.29629, 1, 1, 1, False
1248.064, 2021-07-05T16:07:56.3433750+08:00, 0, 12.94095, 48.29629, 1, 1, 1, False
1248.07, 2021-07-05T16:07:56.3490870+08:00, 0, 12.94095, 48.29629, 1, 1, 1, False
1248.076, 2021-07-05T16:07:56.3558500+08:00, 0, 12.94095, 48.29629, 1, 1, 1, False
1248.083, 2021-07-05T16:07:56.3622190+08:00, 0, 12.94095, 48.29629, 1, 1, 1, False
1248.089, 2021-07-05T16:07:56.3681310+08:00, 0, 12.94095, 48.29629, 1, 1, 1, False
1248.096, 2021-07-05T16:07:56.3753680+08:00, 0, 12.94095, 48.29629, 1, 1, 1, False
1248.101, 2021-07-05T16:07:56.3808920+08:00, 0, 12.94095, 48.29629, 1, 1, 1, False
1248.108, 2021-07-05T16:07:56.3873090+08:00, 0, 12.94095, 48.29629, 1, 1, 1, False
1248.114, 2021-07-05T16:07:56.3929570+08:00, 0, 12.94095, 48.29629, 1, 1, 1, False
1248.12, 2021-07-05T16:07:56.3999820+08:00, 0, 12.94095, 48.29629, 1, 1, 1, False
1248.129, 2021-07-05T16:07:56.4081350+08:00, 0, 12.94095, 48.29629, 1, 1, 1, False
1248.136, 2021-07-05T16:07:56.4158560+08:00, 0, 12.94095, 48.29629, 1, 1, 1, False
1248.144, 2021-07-05T16:07:56.4233470+08:00, 0, 12.94095, 48.29629, 1, 1, 1, False
1248.147, 2021-07-05T16:07:56.4268710+08:00, 0, 12.94095, 48.29629, 1, 1, 1, False
1248.152, 2021-07-05T16:07:56.4311230+08:00, 0, 12.94095, 48.29629, 1, 1, 1, False
1248.157, 2021-07-05T16:07:56.4368210+08:00, 0, 12.94095, 48.29629, 1, 1, 1, False
1248.164, 2021-07-05T16:07:56.4433030+08:00, 0, 12.94095, 48.29629, 1, 1, 1, False
1248.17, 2021-07-05T16:07:56.4497040+08:00, 0, 12.94095, 48.29629, 1, 1, 1, False
1248.176, 2021-07-05T16:07:56.4555500+08:00, 0, 12.94095, 48.29629, 1, 1, 1, False
1248.183, 2021-07-05T16:07:56.4621520+08:00, 0, 12.94095, 48.29629, 1, 1, 1, False
1248.189, 2021-07-05T16:07:56.4684930+08:00, 0, 12.94095, 48.29629, 1, 1, 1, False
1248.197, 2021-07-05T16:07:56.4763300+08:00, 0, 12.94095, 48.29629, 1, 1, 1, False
1248.205, 2021-07-05T16:07:56.4840840+08:00, 0, 12.94095, 48.29629, 1, 1, 1, False
1248.213, 2021-07-05T16:07:56.4920590+08:00, 0, 12.94095, 48.29629, 1, 1, 1, False
1248.221, 2021-07-05T16:07:56.5002200+08:00, 0, 12.94095, 48.29629, 1, 1, 1, False
1248.228, 2021-07-05T16:07:56.5073890+08:00, 0, 12.94095, 48.29629, 1, 1, 1, False
1248.232, 2021-07-05T16:07:56.5111090+08:00, 0, 12.94095, 48.29629, 1, 1, 1, False
1248.236, 2021-07-05T16:07:56.5152500+08:00, 0, 12.94095, 48.29629, 1, 1, 1, False
1248.24, 2021-07-05T16:07:56.5192660+08:00, 0, 12.94095, 48.29629, 1, 1, 1, False
1248.245, 2021-07-05T16:07:56.5248050+08:00, 0, 12.94095, 48.29629, 1, 1, 1, False
1248.252, 2021-07-05T16:07:56.5314290+08:00, 0, 12.94095, 48.29629, 1, 1, 1, False
1248.258, 2021-07-05T16:07:56.5374900+08:00, 0, 12.94095, 48.29629, 1, 1, 1, False
1248.264, 2021-07-05T16:07:56.5437950+08:00, 0, 12.94095, 48.29629, 1, 1, 1, False
1248.27, 2021-07-05T16:07:56.5496830+08:00, 0, 12.94095, 48.29629, 1, 1, 1, False
1248.277, 2021-07-05T16:07:56.5562990+08:00, 0, 12.94095, 48.29629, 1, 1, 1, False
1248.284, 2021-07-05T16:07:56.5631300+08:00, 0, 12.94095, 48.29629, 1, 1, 1, False
1248.289, 2021-07-05T16:07:56.5683410+08:00, 0, 12.94095, 48.29629, 1, 1, 1, False
1248.297, 2021-07-05T16:07:56.5765830+08:00, 0, 12.94095, 48.29629, 1, 1, 1, False
1248.304, 2021-07-05T16:07:56.5839640+08:00, 0, 12.94095, 48.29629, 1, 1, 1, False
1248.313, 2021-07-05T16:07:56.5921080+08:00, 0, 12.94095, 48.29629, 1, 1, 1, False
1248.32, 2021-07-05T16:07:56.5995210+08:00, 0, 12.94095, 48.29629, 1, 1, 1, False
1248.324, 2021-07-05T16:07:56.6030130+08:00, 0, 12.94095, 48.29629, 1, 1, 1, False
1248.328, 2021-07-05T16:07:56.6069510+08:00, 0, 12.94095, 48.29629, 1, 1, 1, False
1248.333, 2021-07-05T16:07:56.6125860+08:00, 0, 12.94095, 48.29629, 1, 1, 1, False
1248.34, 2021-07-05T16:07:56.6191340+08:00, 0, 12.94095, 48.29629, 1, 1, 1, False
1248.346, 2021-07-05T16:07:56.6254430+08:00, 0, 12.94095, 48.29629, 1, 1, 1, False
1248.352, 2021-07-05T16:07:56.6312100+08:00, 0, 12.94095, 48.29629, 1, 1, 1, False
1248.358, 2021-07-05T16:07:56.6371240+08:00, 0, 12.94095, 48.29629, 1, 1, 1, False
1248.364, 2021-07-05T16:07:56.6438020+08:00, 0, 12.94095, 48.29629, 1, 1, 1, False
1248.371, 2021-07-05T16:07:56.6501010+08:00, 0, 12.94095, 48.29629, 1, 1, 1, False
1248.376, 2021-07-05T16:07:56.6559720+08:00, 0, 12.94095, 48.29629, 1, 1, 1, False
1248.385, 2021-07-05T16:07:56.6640730+08:00, 0, 12.94095, 48.29629, 1, 1, 1, False
1248.393, 2021-07-05T16:07:56.6719830+08:00, 0, 12.94095, 48.29629, 1, 1, 1, False
1248.401, 2021-07-05T16:07:56.6802360+08:00, 0, 12.94095, 48.29629, 1, 1, 1, False
1248.409, 2021-07-05T16:07:56.6881140+08:00, 0, 12.94095, 48.29629, 1, 1, 1, False
1248.417, 2021-07-05T16:07:56.6960560+08:00, 0, 12.94095, 48.29629, 1, 1, 1, False
1248.424, 2021-07-05T16:07:56.7038570+08:00, 0, 12.94095, 48.29629, 1, 1, 1, False
1248.433, 2021-07-05T16:07:56.7122130+08:00, 0, 12.94095, 48.29629, 1, 1, 1, False
1248.441, 2021-07-05T16:07:56.7200690+08:00, 0, 12.94095, 48.29629, 1, 1, 1, False
1248.448, 2021-07-05T16:07:56.7279380+08:00, 0, 12.94095, 48.29629, 1, 1, 1, False
1248.456, 2021-07-05T16:07:56.7359380+08:00, 0, 12.94095, 48.29629, 1, 1, 1, False
1248.464, 2021-07-05T16:07:56.7439940+08:00, 0, 12.94095, 48.29629, 1, 1, 1, False
1248.473, 2021-07-05T16:07:56.7521630+08:00, 0, 12.94095, 48.29629, 1, 1, 1, False
1248.48, 2021-07-05T16:07:56.7590960+08:00, 0, 12.94095, 48.29629, 1, 1, 1, False
1248.484, 2021-07-05T16:07:56.7631540+08:00, 0, 12.94095, 48.29629, 1, 1, 1, False
1248.488, 2021-07-05T16:07:56.7673170+08:00, 0, 12.94095, 48.29629, 1, 1, 1, False
1248.492, 2021-07-05T16:07:56.7711910+08:00, 0, 12.94095, 48.29629, 1, 1, 1, False
1248.496, 2021-07-05T16:07:56.7750900+08:00, 0, 12.94095, 48.29629, 1, 1, 1, False
1248.5, 2021-07-05T16:07:56.7791530+08:00, 0, 12.94095, 48.29629, 1, 1, 1, False
1248.504, 2021-07-05T16:07:56.7832280+08:00, 0, 12.94095, 48.29629, 1, 1, 1, False
1248.508, 2021-07-05T16:07:56.7873160+08:00, 0, 12.94095, 48.29629, 1, 1, 1, False
1248.514, 2021-07-05T16:07:56.7929090+08:00, 0, 12.94095, 48.29629, 1, 1, 1, False
1248.52, 2021-07-05T16:07:56.7995580+08:00, 0, 12.94095, 48.29629, 1, 1, 1, False
1248.526, 2021-07-05T16:07:56.8056850+08:00, 0, 12.94095, 48.29629, 1, 1, 1, False
1248.533, 2021-07-05T16:07:56.8120090+08:00, 0, 12.94095, 48.29629, 1, 1, 1, False
1248.538, 2021-07-05T16:07:56.8179760+08:00, 0, 12.94095, 48.29629, 1, 1, 1, False
1248.545, 2021-07-05T16:07:56.8247250+08:00, 0, 12.94095, 48.29629, 1, 1, 1, False
1248.552, 2021-07-05T16:07:56.8313720+08:00, 0, 12.94095, 48.29629, 1, 1, 1, False
1248.557, 2021-07-05T16:07:56.8368560+08:00, 0, 12.94095, 48.29629, 1, 1, 1, False
1248.564, 2021-07-05T16:07:56.8434940+08:00, 0, 12.94095, 48.29629, 1, 1, 1, False
1248.57, 2021-07-05T16:07:56.8497880+08:00, 0, 12.94095, 48.29629, 1, 1, 1, False
1248.576, 2021-07-05T16:07:56.8556840+08:00, 0, 12.94095, 48.29629, 1, 1, 1, False
1248.583, 2021-07-05T16:07:56.8621920+08:00, 0, 12.94095, 48.29629, 1, 1, 1, False
1248.589, 2021-07-05T16:07:56.8683430+08:00, 0, 12.94095, 48.29629, 1, 1, 1, False
1248.596, 2021-07-05T16:07:56.8753840+08:00, 0, 12.94095, 48.29629, 1, 1, 1, False
1248.601, 2021-07-05T16:07:56.8807690+08:00, 0, 12.94095, 48.29629, 1, 1, 1, False
1248.608, 2021-07-05T16:07:56.8872980+08:00, 0, 12.94095, 48.29629, 1, 1, 1, False
1248.613, 2021-07-05T16:07:56.8927910+08:00, 0, 12.94095, 48.29629, 1, 1, 1, False
1248.62, 2021-07-05T16:07:56.8998340+08:00, 0, 12.94095, 48.29629, 1, 1, 1, False
1248.626, 2021-07-05T16:07:56.9054620+08:00, 0, 12.94095, 48.29629, 1, 1, 1, False
1248.632, 2021-07-05T16:07:56.9119810+08:00, 0, 12.94095, 48.29629, 1, 1, 1, False
1248.64, 2021-07-05T16:07:56.9197520+08:00, 0, 12.94095, 48.29629, 1, 1, 1, False
1248.648, 2021-07-05T16:07:56.9278080+08:00, 0, 12.94095, 48.29629, 1, 1, 1, False
1248.657, 2021-07-05T16:07:56.9363610+08:00, 0, 12.94095, 48.29629, 1, 1, 1, False
1248.664, 2021-07-05T16:07:56.9438520+08:00, 0, 12.94095, 48.29629, 1, 1, 1, False
1248.672, 2021-07-05T16:07:56.9519990+08:00, 0, 12.94095, 48.29629, 1, 1, 1, False
1248.68, 2021-07-05T16:07:56.9595690+08:00, 0, 12.94095, 48.29629, 1, 1, 1, False
1248.689, 2021-07-05T16:07:56.9683520+08:00, 0, 12.94095, 48.29629, 1, 1, 1, False
1248.696, 2021-07-05T16:07:56.9753350+08:00, 0, 12.94095, 48.29629, 1, 1, 1, False
1248.699, 2021-07-05T16:07:56.9789050+08:00, 0, 12.94095, 48.29629, 1, 1, 1, False
1248.704, 2021-07-05T16:07:56.9832000+08:00, 0, 12.94095, 48.29629, 1, 1, 1, False
1248.708, 2021-07-05T16:07:56.9869400+08:00, 0, 12.94095, 48.29629, 1, 1, 1, False
1248.712, 2021-07-05T16:07:56.9919130+08:00, 0, 12.94095, 48.29629, 1, 1, 1, False
1248.716, 2021-07-05T16:07:56.9949890+08:00, 0, 12.94095, 48.29629, 1, 1, 1, False
1248.72, 2021-07-05T16:07:56.9993110+08:00, 0, 12.94095, 48.29629, 1, 1, 1, False
1248.725, 2021-07-05T16:07:57.0047510+08:00, 0, 12.94095, 48.29629, 1, 1, 1, False
1248.732, 2021-07-05T16:07:57.0118770+08:00, 0, 12.94095, 48.29629, 1, 1, 1, False
1248.738, 2021-07-05T16:07:57.0176940+08:00, 0, 12.94095, 48.29629, 1, 1, 1, False
1248.744, 2021-07-05T16:07:57.0238630+08:00, 0, 12.94095, 48.29629, 1, 1, 1, False
1248.751, 2021-07-05T16:07:57.0301880+08:00, 0, 12.94095, 48.29629, 1, 1, 1, False
1248.757, 2021-07-05T16:07:57.0363980+08:00, 0, 12.94095, 48.29629, 1, 1, 1, False
1248.764, 2021-07-05T16:07:57.0434380+08:00, 0, 12.94095, 48.29629, 1, 1, 1, False
1248.769, 2021-07-05T16:07:57.0488410+08:00, 0, 12.94095, 48.29629, 1, 1, 1, False
1248.776, 2021-07-05T16:07:57.0557210+08:00, 0, 12.94095, 48.29629, 1, 1, 1, False
1248.781, 2021-07-05T16:07:57.0610190+08:00, 0, 12.94095, 48.29629, 1, 1, 1, False
1248.788, 2021-07-05T16:07:57.0679280+08:00, 0, 12.94095, 48.29629, 1, 1, 1, False
1248.796, 2021-07-05T16:07:57.0753210+08:00, 0, 12.94095, 48.29629, 1, 1, 1, False
1248.8, 2021-07-05T16:07:57.0796320+08:00, 0, 12.94095, 48.29629, 1, 1, 1, False
1248.807, 2021-07-05T16:07:57.0862480+08:00, 0, 12.94095, 48.29629, 1, 1, 1, False
1248.813, 2021-07-05T16:07:57.0926700+08:00, 0, 12.94095, 48.29629, 1, 1, 1, False
1248.821, 2021-07-05T16:07:57.1000070+08:00, 0, 12.94095, 48.29629, 1, 1, 1, False
1248.826, 2021-07-05T16:07:57.1051260+08:00, 0, 12.94095, 48.29629, 1, 1, 1, False
1248.837, 2021-07-05T16:07:57.1190310+08:00, 0, 12.94095, 48.29629, 1, 1, 1, False
1248.844, 2021-07-05T16:07:57.1265530+08:00, 0, 12.94095, 48.29629, 1, 1, 1, False
1248.852, 2021-07-05T16:07:57.1313570+08:00, 0, 12.94095, 48.29629, 1, 1, 1, False
1248.856, 2021-07-05T16:07:57.1352390+08:00, 0, 12.94095, 48.29629, 1, 1, 1, False
1248.86, 2021-07-05T16:07:57.1390610+08:00, 0, 12.94095, 48.29629, 1, 1, 1, False
1248.864, 2021-07-05T16:07:57.1429250+08:00, 0, 12.94095, 48.29629, 1, 1, 1, False
1248.869, 2021-07-05T16:07:57.1487530+08:00, 0, 12.94095, 48.29629, 1, 1, 1, False
1248.876, 2021-07-05T16:07:57.1557810+08:00, 0, 12.94095, 48.29629, 1, 1, 1, False
1248.882, 2021-07-05T16:07:57.1615020+08:00, 0, 12.94095, 48.29629, 1, 1, 1, False
1248.888, 2021-07-05T16:07:57.1676760+08:00, 0, 12.94095, 48.29629, 1, 1, 1, False
1248.894, 2021-07-05T16:07:57.1736270+08:00, 0, 12.94095, 48.29629, 1, 1, 1, False
1248.901, 2021-07-05T16:07:57.1801210+08:00, 0, 12.94095, 48.29629, 1, 1, 1, False
1248.908, 2021-07-05T16:07:57.1876200+08:00, 0, 12.94095, 48.29629, 1, 1, 1, False
1248.913, 2021-07-05T16:07:57.1923790+08:00, 0, 12.94095, 48.29629, 1, 1, 1, False
1248.92, 2021-07-05T16:07:57.1996000+08:00, 0, 12.94095, 48.29629, 1, 1, 1, False
1248.926, 2021-07-05T16:07:57.2052910+08:00, 0, 12.94095, 48.29629, 1, 1, 1, False
1248.932, 2021-07-05T16:07:57.2116350+08:00, 0, 12.94095, 48.29629, 1, 1, 1, False
1248.938, 2021-07-05T16:07:57.2179770+08:00, 0, 12.94095, 48.29629, 1, 1, 1, False
1248.945, 2021-07-05T16:07:57.2242640+08:00, 0, 12.94095, 48.29629, 1, 1, 1, False
1248.952, 2021-07-05T16:07:57.2317760+08:00, 0, 12.94095, 48.29629, 1, 1, 1, False
1248.957, 2021-07-05T16:07:57.2366090+08:00, 0, 12.94095, 48.29629, 1, 1, 1, False
1248.964, 2021-07-05T16:07:57.2432930+08:00, 0, 12.94095, 48.29629, 1, 1, 1, False
1248.969, 2021-07-05T16:07:57.2487200+08:00, 0, 12.94095, 48.29629, 1, 1, 1, False
1248.976, 2021-07-05T16:07:57.2557640+08:00, 0, 12.94095, 48.29629, 1, 1, 1, False
1248.982, 2021-07-05T16:07:57.2615160+08:00, 0, 12.94095, 48.29629, 1, 1, 1, False
1248.988, 2021-07-05T16:07:57.2678200+08:00, 0, 12.94095, 48.29629, 1, 1, 1, False
1248.994, 2021-07-05T16:07:57.2737720+08:00, 0, 12.94095, 48.29629, 1, 1, 1, False
1249.001, 2021-07-05T16:07:57.2804030+08:00, 0, 12.94095, 48.29629, 1, 1, 1, False
1249.008, 2021-07-05T16:07:57.2872250+08:00, 0, 12.94095, 48.29629, 1, 1, 1, False
1249.013, 2021-07-05T16:07:57.2927090+08:00, 0, 12.94095, 48.29629, 1, 1, 1, False
1249.02, 2021-07-05T16:07:57.2996410+08:00, 0, 12.94095, 48.29629, 1, 1, 1, False
1249.026, 2021-07-05T16:07:57.3051750+08:00, 0, 12.94095, 48.29629, 1, 1, 1, False
1249.032, 2021-07-05T16:07:57.3117700+08:00, 0, 12.94095, 48.29629, 1, 1, 1, False
1249.038, 2021-07-05T16:07:57.3175020+08:00, 0, 12.94095, 48.29629, 1, 1, 1, False
1249.044, 2021-07-05T16:07:57.3237860+08:00, 0, 12.94095, 48.29629, 1, 1, 1, False
1249.053, 2021-07-05T16:07:57.3323360+08:00, 0, 12.94095, 48.29629, 1, 1, 1, False
1249.06, 2021-07-05T16:07:57.3399490+08:00, 0, 12.94095, 48.29629, 1, 1, 1, False
1249.069, 2021-07-05T16:07:57.3482900+08:00, 0, 12.94095, 48.29629, 1, 1, 1, False
1249.076, 2021-07-05T16:07:57.3554070+08:00, 0, 12.94095, 48.29629, 1, 1, 1, False
1249.08, 2021-07-05T16:07:57.3590590+08:00, 0, 12.94095, 48.29629, 1, 1, 1, False
1249.084, 2021-07-05T16:07:57.3631430+08:00, 0, 12.94095, 48.29629, 1, 1, 1, False
1249.088, 2021-07-05T16:07:57.3673600+08:00, 0, 12.94095, 48.29629, 1, 1, 1, False
1249.094, 2021-07-05T16:07:57.3738230+08:00, 0, 12.94095, 48.29629, 1, 1, 1, False
1249.1, 2021-07-05T16:07:57.3797160+08:00, 0, 12.94095, 48.29629, 1, 1, 1, False
1249.107, 2021-07-05T16:07:57.3865170+08:00, 0, 12.94095, 48.29629, 1, 1, 1, False
1249.113, 2021-07-05T16:07:57.3926180+08:00, 0, 12.94095, 48.29629, 1, 1, 1, False
1249.12, 2021-07-05T16:07:57.3991700+08:00, 0, 12.94095, 48.29629, 1, 1, 1, False
1249.125, 2021-07-05T16:07:57.4050250+08:00, 0, 12.94095, 48.29629, 1, 1, 1, False
1249.132, 2021-07-05T16:07:57.4112130+08:00, 0, 12.94095, 48.29629, 1, 1, 1, False
1249.137, 2021-07-05T16:07:57.4168820+08:00, 0, 12.94095, 48.29629, 1, 1, 1, False
1249.144, 2021-07-05T16:07:57.4238550+08:00, 0, 12.94095, 48.29629, 1, 1, 1, False
1249.15, 2021-07-05T16:07:57.4296660+08:00, 0, 12.94095, 48.29629, 1, 1, 1, False
1249.156, 2021-07-05T16:07:57.4358160+08:00, 0, 12.94095, 48.29629, 1, 1, 1, False
1249.163, 2021-07-05T16:07:57.4423450+08:00, 0, 12.94095, 48.29629, 1, 1, 1, False
1249.169, 2021-07-05T16:07:57.4485700+08:00, 0, 12.94095, 48.29629, 1, 1, 1, False
1249.176, 2021-07-05T16:07:57.4554690+08:00, 0, 12.94095, 48.29629, 1, 1, 1, False
1249.182, 2021-07-05T16:07:57.4611720+08:00, 0, 12.94095, 48.29629, 1, 1, 1, False
1249.188, 2021-07-05T16:07:57.4676790+08:00, 0, 12.94095, 48.29629, 1, 1, 1, False
1249.193, 2021-07-05T16:07:57.4729940+08:00, 0, 12.94095, 48.29629, 1, 1, 1, False
1249.2, 2021-07-05T16:07:57.4798410+08:00, 0, 12.94095, 48.29629, 1, 1, 1, False
1249.207, 2021-07-05T16:07:57.4860520+08:00, 0, 12.94095, 48.29629, 1, 1, 1, False
1249.212, 2021-07-05T16:07:57.4918590+08:00, 0, 12.94095, 48.29629, 1, 1, 1, False
1249.221, 2021-07-05T16:07:57.5004240+08:00, 0, 12.94095, 48.29629, 1, 1, 1, False
1249.229, 2021-07-05T16:07:57.5081510+08:00, 0, 12.94095, 48.29629, 1, 1, 1, False
1249.236, 2021-07-05T16:07:57.5159400+08:00, 0, 12.94095, 48.29629, 1, 1, 1, False
1249.244, 2021-07-05T16:07:57.5234920+08:00, 0, 12.94095, 48.29629, 1, 1, 1, False
1249.253, 2021-07-05T16:07:57.5319680+08:00, 0, 12.94095, 48.29629, 1, 1, 1, False
1249.261, 2021-07-05T16:07:57.5402810+08:00, 0, 12.94095, 48.29629, 1, 1, 1, False
1249.268, 2021-07-05T16:07:57.5479480+08:00, 0, 12.94095, 48.29629, 1, 1, 1, False
1249.283, 2021-07-05T16:07:57.5627380+08:00, 0, 12.94095, 48.29629, 1, 1, 1, False
1249.288, 2021-07-05T16:07:57.5672370+08:00, 0, 12.94095, 48.29629, 1, 1, 1, False
1249.292, 2021-07-05T16:07:57.5710100+08:00, 0, 12.94095, 48.29629, 1, 1, 1, False
1249.296, 2021-07-05T16:07:57.5749160+08:00, 0, 12.94095, 48.29629, 1, 1, 1, False
1249.3, 2021-07-05T16:07:57.5791690+08:00, 0, 12.94095, 48.29629, 1, 1, 1, False
1249.304, 2021-07-05T16:07:57.5832770+08:00, 0, 12.94095, 48.29629, 1, 1, 1, False
1249.307, 2021-07-05T16:07:57.5868800+08:00, 0, 12.94095, 48.29629, 1, 1, 1, False
1249.312, 2021-07-05T16:07:57.5909870+08:00, 0, 12.94095, 48.29629, 1, 1, 1, False
1249.316, 2021-07-05T16:07:57.5956570+08:00, 0, 12.94095, 48.29629, 1, 1, 1, False
1249.322, 2021-07-05T16:07:57.6016360+08:00, 0, 12.94095, 48.29629, 1, 1, 1, False
1249.329, 2021-07-05T16:07:57.6082360+08:00, 0, 12.94095, 48.29629, 1, 1, 1, False
1249.337, 2021-07-05T16:07:57.6161530+08:00, 0, 12.94095, 48.29629, 1, 1, 1, False
1249.345, 2021-07-05T16:07:57.6241240+08:00, 0, 12.94095, 48.29629, 1, 1, 1, False
1249.353, 2021-07-05T16:07:57.6319720+08:00, 0, 12.94095, 48.29629, 1, 1, 1, False
1249.361, 2021-07-05T16:07:57.6402070+08:00, 0, 12.94095, 48.29629, 1, 1, 1, False
1249.369, 2021-07-05T16:07:57.6480360+08:00, 0, 12.94095, 48.29629, 1, 1, 1, False
1249.377, 2021-07-05T16:07:57.6560400+08:00, 0, 12.94095, 48.29629, 1, 1, 1, False
1249.384, 2021-07-05T16:07:57.6639660+08:00, 0, 12.94095, 48.29629, 1, 1, 1, False
1249.392, 2021-07-05T16:07:57.6714870+08:00, 0, 12.94095, 48.29629, 1, 1, 1, False
1249.396, 2021-07-05T16:07:57.6750140+08:00, 0, 12.94095, 48.29629, 1, 1, 1, False
1249.4, 2021-07-05T16:07:57.6790220+08:00, 0, 12.94095, 48.29629, 1, 1, 1, False
1249.404, 2021-07-05T16:07:57.6831740+08:00, 0, 12.94095, 48.29629, 1, 1, 1, False
1249.408, 2021-07-05T16:07:57.6872760+08:00, 0, 12.94095, 48.29629, 1, 1, 1, False
1249.411, 2021-07-05T16:07:57.6908130+08:00, 0, 12.94095, 48.29629, 1, 1, 1, False
1249.416, 2021-07-05T16:07:57.6954500+08:00, 0, 12.94095, 48.29629, 1, 1, 1, False
1249.422, 2021-07-05T16:07:57.7011760+08:00, 0, 12.94095, 48.29629, 1, 1, 1, False
1249.429, 2021-07-05T16:07:57.7080010+08:00, 0, 12.94095, 48.29629, 1, 1, 1, False
1249.435, 2021-07-05T16:07:57.7142900+08:00, 0, 12.94095, 48.29629, 1, 1, 1, False
1249.44, 2021-07-05T16:07:57.7200060+08:00, 0, 12.94095, 48.29629, 1, 1, 1, False
1249.448, 2021-07-05T16:07:57.7276080+08:00, 0, 12.94095, 48.29629, 1, 1, 1, False
1249.453, 2021-07-05T16:07:57.7328130+08:00, 0, 12.94095, 48.29629, 1, 1, 1, False
1249.46, 2021-07-05T16:07:57.7393370+08:00, 0, 12.94095, 48.29629, 1, 1, 1, False
1249.466, 2021-07-05T16:07:57.7451100+08:00, 0, 12.94095, 48.29629, 1, 1, 1, False
1249.472, 2021-07-05T16:07:57.7517000+08:00, 0, 12.94095, 48.29629, 1, 1, 1, False
1249.478, 2021-07-05T16:07:57.7571440+08:00, 0, 12.94095, 48.29629, 1, 1, 1, False
1249.485, 2021-07-05T16:07:57.7641150+08:00, 0, 12.94095, 48.29629, 1, 1, 1, False
1249.493, 2021-07-05T16:07:57.7720630+08:00, 0, 12.94095, 48.29629, 1, 1, 1, False
1249.501, 2021-07-05T16:07:57.7802290+08:00, 0, 12.94095, 48.29629, 1, 1, 1, False
1249.508, 2021-07-05T16:07:57.7876770+08:00, 0, 12.94095, 48.29629, 1, 1, 1, False
1249.511, 2021-07-05T16:07:57.7909310+08:00, 0, 12.94095, 48.29629, 1, 1, 1, False
1249.516, 2021-07-05T16:07:57.7953840+08:00, 0, 12.94095, 48.29629, 1, 1, 1, False
1249.522, 2021-07-05T16:07:57.8011650+08:00, 0, 12.94095, 48.29629, 1, 1, 1, False
1249.529, 2021-07-05T16:07:57.8080030+08:00, 0, 12.94095, 48.29629, 1, 1, 1, False
1249.537, 2021-07-05T16:07:57.8160160+08:00, 0, 12.94095, 48.29629, 1, 1, 1, False
1249.544, 2021-07-05T16:07:57.8237790+08:00, 0, 12.94095, 48.29629, 1, 1, 1, False
1249.553, 2021-07-05T16:07:57.8322450+08:00, 0, 12.94095, 48.29629, 1, 1, 1, False
1249.56, 2021-07-05T16:07:57.8394100+08:00, 0, 12.94095, 48.29629, 1, 1, 1, False
1249.564, 2021-07-05T16:07:57.8431690+08:00, 0, 12.94095, 48.29629, 1, 1, 1, False
1249.568, 2021-07-05T16:07:57.8469110+08:00, 0, 12.94095, 48.29629, 1, 1, 1, False
1249.572, 2021-07-05T16:07:57.8513220+08:00, 0, 12.94095, 48.29629, 1, 1, 1, False
1249.578, 2021-07-05T16:07:57.8572670+08:00, 0, 12.94095, 48.29629, 1, 1, 1, False
1249.585, 2021-07-05T16:07:57.8641330+08:00, 0, 12.94095, 48.29629, 1, 1, 1, False
1249.593, 2021-07-05T16:07:57.8720770+08:00, 0, 12.94095, 48.29629, 1, 1, 1, False
1249.601, 2021-07-05T16:07:57.8801730+08:00, 0, 12.94095, 48.29629, 1, 1, 1, False
1249.608, 2021-07-05T16:07:57.8876410+08:00, 0, 12.94095, 48.29629, 1, 1, 1, False
1249.612, 2021-07-05T16:07:57.8911570+08:00, 0, 12.94095, 48.29629, 1, 1, 1, False
1249.616, 2021-07-05T16:07:57.8954650+08:00, 0, 12.94095, 48.29629, 1, 1, 1, False
1249.622, 2021-07-05T16:07:57.9017630+08:00, 0, 12.94095, 48.29629, 1, 1, 1, False
1249.628, 2021-07-05T16:07:57.9078760+08:00, 0, 12.94095, 48.29629, 1, 1, 1, False
1249.635, 2021-07-05T16:07:57.9143630+08:00, 0, 12.94095, 48.29629, 1, 1, 1, False
1249.641, 2021-07-05T16:07:57.9206820+08:00, 0, 12.94095, 48.29629, 1, 1, 1, False
1249.648, 2021-07-05T16:07:57.9275340+08:00, 0, 12.94095, 48.29629, 1, 1, 1, False
1249.656, 2021-07-05T16:07:57.9353700+08:00, 0, 12.94095, 48.29629, 1, 1, 1, False
1249.66, 2021-07-05T16:07:57.9393000+08:00, 0, 12.94095, 48.29629, 1, 1, 1, False
1249.666, 2021-07-05T16:07:57.9453450+08:00, 0, 12.94095, 48.29629, 1, 1, 1, False
1249.672, 2021-07-05T16:07:57.9519590+08:00, 0, 12.94095, 48.29629, 1, 1, 1, False
1249.68, 2021-07-05T16:07:57.9592810+08:00, 0, 12.94095, 48.29629, 1, 1, 1, False
1249.685, 2021-07-05T16:07:57.9645050+08:00, 0, 12.94095, 48.29629, 1, 1, 1, False
1249.692, 2021-07-05T16:07:57.9711390+08:00, 0, 12.94095, 48.29629, 1, 1, 1, False
1249.697, 2021-07-05T16:07:57.9767460+08:00, 0, 12.94095, 48.29629, 1, 1, 1, False
1249.704, 2021-07-05T16:07:57.9835510+08:00, 0, 12.94095, 48.29629, 1, 1, 1, False
1249.71, 2021-07-05T16:07:57.9892860+08:00, 0, 12.94095, 48.29629, 1, 1, 1, False
1249.716, 2021-07-05T16:07:57.9956910+08:00, 0, 12.94095, 48.29629, 1, 1, 1, False
1249.722, 2021-07-05T16:07:58.0015300+08:00, 0, 12.94095, 48.29629, 1, 1, 1, False
1249.729, 2021-07-05T16:07:58.0081810+08:00, 0, 12.94095, 48.29629, 1, 1, 1, False
1249.736, 2021-07-05T16:07:58.0159060+08:00, 0, 12.94095, 48.29629, 1, 1, 1, False
1249.745, 2021-07-05T16:07:58.0243080+08:00, 0, 12.94095, 48.29629, 1, 1, 1, False
1249.752, 2021-07-05T16:07:58.0319420+08:00, 0, 12.94095, 48.29629, 1, 1, 1, False
1249.76, 2021-07-05T16:07:58.0399730+08:00, 0, 12.94095, 48.29629, 1, 1, 1, False
1249.768, 2021-07-05T16:07:58.0478340+08:00, 0, 12.94095, 48.29629, 1, 1, 1, False
1249.771, 2021-07-05T16:07:58.0509800+08:00, 0, 12.94095, 48.29629, 1, 1, 1, False
1249.776, 2021-07-05T16:07:58.0551750+08:00, 0, 12.94095, 48.29629, 1, 1, 1, False
1249.78, 2021-07-05T16:07:58.0589460+08:00, 0, 12.94095, 48.29629, 1, 1, 1, False
1249.785, 2021-07-05T16:07:58.0642160+08:00, 0, 12.94095, 48.29629, 1, 1, 1, False
1249.791, 2021-07-05T16:07:58.0708120+08:00, 0, 12.94095, 48.29629, 1, 1, 1, False
1249.798, 2021-07-05T16:07:58.0770430+08:00, 0, 12.94095, 48.29629, 1, 1, 1, False
1249.804, 2021-07-05T16:07:58.0831760+08:00, 0, 12.94095, 48.29629, 1, 1, 1, False
1249.81, 2021-07-05T16:07:58.0894450+08:00, 0, 12.94095, 48.29629, 1, 1, 1, False
1249.816, 2021-07-05T16:07:58.0957470+08:00, 0, 12.94095, 48.29629, 1, 1, 1, False
1249.823, 2021-07-05T16:07:58.1020260+08:00, 0, 12.94095, 48.29629, 1, 1, 1, False
1249.829, 2021-07-05T16:07:58.1082030+08:00, 0, 12.94095, 48.29629, 1, 1, 1, False
1249.836, 2021-07-05T16:07:58.1153690+08:00, 0, 12.94095, 48.29629, 1, 1, 1, False
1249.845, 2021-07-05T16:07:58.1243560+08:00, 0, 12.94095, 48.29629, 1, 1, 1, False
1249.853, 2021-07-05T16:07:58.1321230+08:00, 0, 12.94095, 48.29629, 1, 1, 1, False
1249.86, 2021-07-05T16:07:58.1395300+08:00, 0, 12.94095, 48.29629, 1, 1, 1, False
1249.864, 2021-07-05T16:07:58.1430360+08:00, 0, 12.94095, 48.29629, 1, 1, 1, False
1249.868, 2021-07-05T16:07:58.1471740+08:00, 0, 12.94095, 48.29629, 1, 1, 1, False
1249.872, 2021-07-05T16:07:58.1514840+08:00, 0, 12.94095, 48.29629, 1, 1, 1, False
1249.879, 2021-07-05T16:07:58.1581210+08:00, 0, 12.94095, 48.29629, 1, 1, 1, False
1249.885, 2021-07-05T16:07:58.1641160+08:00, 0, 12.94095, 48.29629, 1, 1, 1, False
1249.892, 2021-07-05T16:07:58.1718200+08:00, 0, 12.94095, 48.29629, 1, 1, 1, False
1249.897, 2021-07-05T16:07:58.1769250+08:00, 0, 12.94095, 48.29629, 1, 1, 1, False
1249.904, 2021-07-05T16:07:58.1833240+08:00, 0, 12.94095, 48.29629, 1, 1, 1, False
1249.91, 2021-07-05T16:07:58.1891920+08:00, 0, 12.94095, 48.29629, 1, 1, 1, False
1249.916, 2021-07-05T16:07:58.1957730+08:00, 0, 12.94095, 48.29629, 1, 1, 1, False
1249.922, 2021-07-05T16:07:58.2017140+08:00, 0, 12.94095, 48.29629, 1, 1, 1, False
1249.929, 2021-07-05T16:07:58.2082770+08:00, 0, 12.94095, 48.29629, 1, 1, 1, False
1249.936, 2021-07-05T16:07:58.2157670+08:00, 0, 12.94095, 48.29629, 1, 1, 1, False
1249.941, 2021-07-05T16:07:58.2208140+08:00, 0, 12.94095, 48.29629, 1, 1, 1, False
1249.948, 2021-07-05T16:07:58.2274390+08:00, 0, 12.94095, 48.29629, 1, 1, 1, False
1249.954, 2021-07-05T16:07:58.2331510+08:00, 0, 12.94095, 48.29629, 1, 1, 1, False
1249.96, 2021-07-05T16:07:58.2393670+08:00, 0, 12.94095, 48.29629, 1, 1, 1, False
1249.966, 2021-07-05T16:07:58.2456340+08:00, 0, 12.94095, 48.29629, 1, 1, 1, False
1249.972, 2021-07-05T16:07:58.2518980+08:00, 0, 12.94095, 48.29629, 1, 1, 1, False
1249.978, 2021-07-05T16:07:58.2576760+08:00, 0, 12.94095, 48.29629, 1, 1, 1, False
1249.985, 2021-07-05T16:07:58.2644920+08:00, 0, 12.94095, 48.29629, 1, 1, 1, False
1249.992, 2021-07-05T16:07:58.2717390+08:00, 0, 12.94095, 48.29629, 1, 1, 1, False
1250.001, 2021-07-05T16:07:58.2802430+08:00, 0, 12.94095, 48.29629, 1, 1, 1, False
1250.008, 2021-07-05T16:07:58.2873960+08:00, 0, 12.94095, 48.29629, 1, 1, 1, False
1250.012, 2021-07-05T16:07:58.2910520+08:00, 0, 12.94095, 48.29629, 1, 1, 1, False
1250.016, 2021-07-05T16:07:58.2954580+08:00, 0, 12.94095, 48.29629, 1, 1, 1, False
1250.022, 2021-07-05T16:07:58.3019010+08:00, 0, 12.94095, 48.29629, 1, 1, 1, False
1250.028, 2021-07-05T16:07:58.3079240+08:00, 0, 12.94095, 48.29629, 1, 1, 1, False
1250.036, 2021-07-05T16:07:58.3153610+08:00, 0, 12.94095, 48.29629, 1, 1, 1, False
1250.041, 2021-07-05T16:07:58.3205240+08:00, 0, 12.94095, 48.29629, 1, 1, 1, False
1250.048, 2021-07-05T16:07:58.3325000+08:00, 0, 12.94095, 48.29629, 1, 1, 1, False
1250.06, 2021-07-05T16:07:58.3397590+08:00, 0, 12.94095, 48.29629, 1, 1, 1, False
1250.064, 2021-07-05T16:07:58.3430730+08:00, 0, 12.94095, 48.29629, 1, 1, 1, False
1250.068, 2021-07-05T16:07:58.3471770+08:00, 0, 12.94095, 48.29629, 1, 1, 1, False
1250.087, 2021-07-05T16:07:58.3668990+08:00, 0, 12.94095, 48.29629, 1, 1, 1, False
1250.092, 2021-07-05T16:07:58.3710800+08:00, 0, 12.94095, 48.29629, 1, 1, 1, False
1250.096, 2021-07-05T16:07:58.3752240+08:00, 0, 12.94095, 48.29629, 1, 1, 1, False
1250.1, 2021-07-05T16:07:58.3792690+08:00, 0, 12.94095, 48.29629, 1, 1, 1, False
1250.104, 2021-07-05T16:07:58.3830960+08:00, 0, 12.94095, 48.29629, 1, 1, 1, False
1250.108, 2021-07-05T16:07:58.3871210+08:00, 0, 12.94095, 48.29629, 1, 1, 1, False
1250.112, 2021-07-05T16:07:58.3916710+08:00, 0, 12.94095, 48.29629, 1, 1, 1, False
1250.116, 2021-07-05T16:07:58.3953550+08:00, 0, 12.94095, 48.29629, 1, 1, 1, False
1250.122, 2021-07-05T16:07:58.4011490+08:00, 0, 12.94095, 48.29629, 1, 1, 1, False
1250.129, 2021-07-05T16:07:58.4080530+08:00, 0, 12.94095, 48.29629, 1, 1, 1, False
1250.137, 2021-07-05T16:07:58.4161730+08:00, 0, 12.94095, 48.29629, 1, 1, 1, False
1250.145, 2021-07-05T16:07:58.4241030+08:00, 0, 12.94095, 48.29629, 1, 1, 1, False
1250.153, 2021-07-05T16:07:58.4321300+08:00, 0, 12.94095, 48.29629, 1, 1, 1, False
1250.161, 2021-07-05T16:07:58.4401880+08:00, 0, 12.94095, 48.29629, 1, 1, 1, False
1250.169, 2021-07-05T16:07:58.4480870+08:00, 0, 12.94095, 48.29629, 1, 1, 1, False
1250.177, 2021-07-05T16:07:58.4561520+08:00, 0, 12.94095, 48.29629, 1, 1, 1, False
1250.185, 2021-07-05T16:07:58.4641960+08:00, 0, 12.94095, 48.29629, 1, 1, 1, False
1250.192, 2021-07-05T16:07:58.4714910+08:00, 0, 12.94095, 48.29629, 1, 1, 1, False
1250.196, 2021-07-05T16:07:58.4754510+08:00, 0, 12.94095, 48.29629, 1, 1, 1, False
1250.2, 2021-07-05T16:07:58.4790260+08:00, 0, 12.94095, 48.29629, 1, 1, 1, False
1250.204, 2021-07-05T16:07:58.4832770+08:00, 0, 12.94095, 48.29629, 1, 1, 1, False
1250.208, 2021-07-05T16:07:58.4872130+08:00, 0, 12.94095, 48.29629, 1, 1, 1, False
1250.212, 2021-07-05T16:07:58.4916270+08:00, 0, 12.94095, 48.29629, 1, 1, 1, False
1250.216, 2021-07-05T16:07:58.4952620+08:00, 0, 12.94095, 48.29629, 1, 1, 1, False
1250.222, 2021-07-05T16:07:58.5012660+08:00, 0, 12.94095, 48.29629, 1, 1, 1, False
1250.229, 2021-07-05T16:07:58.5079260+08:00, 0, 12.94095, 48.29629, 1, 1, 1, False
1250.235, 2021-07-05T16:07:58.5142960+08:00, 0, 12.94095, 48.29629, 1, 1, 1, False
1250.241, 2021-07-05T16:07:58.5202490+08:00, 0, 12.94095, 48.29629, 1, 1, 1, False
1250.248, 2021-07-05T16:07:58.5277970+08:00, 0, 12.94095, 48.29629, 1, 1, 1, False
1250.254, 2021-07-05T16:07:58.5330710+08:00, 0, 12.94095, 48.29629, 1, 1, 1, False
1250.26, 2021-07-05T16:07:58.5399970+08:00, 0, 12.94095, 48.29629, 1, 1, 1, False
1250.266, 2021-07-05T16:07:58.5453930+08:00, 0, 12.94095, 48.29629, 1, 1, 1, False
1250.272, 2021-07-05T16:07:58.5518010+08:00, 0, 12.94095, 48.29629, 1, 1, 1, False
1250.278, 2021-07-05T16:07:58.5574840+08:00, 0, 12.94095, 48.29629, 1, 1, 1, False
1250.285, 2021-07-05T16:07:58.5643290+08:00, 0, 12.94095, 48.29629, 1, 1, 1, False
1250.292, 2021-07-05T16:07:58.5712210+08:00, 0, 12.94095, 48.29629, 1, 1, 1, False
1250.297, 2021-07-05T16:07:58.5762480+08:00, 0, 12.94095, 48.29629, 1, 1, 1, False
1250.305, 2021-07-05T16:07:58.5841370+08:00, 0, 12.94095, 48.29629, 1, 1, 1, False
1250.313, 2021-07-05T16:07:58.5920870+08:00, 0, 12.94095, 48.29629, 1, 1, 1, False
1250.32, 2021-07-05T16:07:58.5995840+08:00, 0, 12.94095, 48.29629, 1, 1, 1, False
1250.329, 2021-07-05T16:07:58.6081720+08:00, 0, 12.94095, 48.29629, 1, 1, 1, False
1250.336, 2021-07-05T16:07:58.6153180+08:00, 0, 12.94095, 48.29629, 1, 1, 1, False
1250.34, 2021-07-05T16:07:58.6190950+08:00, 0, 12.94095, 48.29629, 1, 1, 1, False
1250.344, 2021-07-05T16:07:58.6231570+08:00, 0, 12.94095, 48.29629, 1, 1, 1, False
1250.348, 2021-07-05T16:07:58.6272840+08:00, 0, 12.94095, 48.29629, 1, 1, 1, False
1250.354, 2021-07-05T16:07:58.6329490+08:00, 0, 12.94095, 48.29629, 1, 1, 1, False
1250.36, 2021-07-05T16:07:58.6395450+08:00, 0, 12.94095, 48.29629, 1, 1, 1, False
1250.366, 2021-07-05T16:07:58.6452080+08:00, 0, 12.94095, 48.29629, 1, 1, 1, False
1250.372, 2021-07-05T16:07:58.6517770+08:00, 0, 12.94095, 48.29629, 1, 1, 1, False
1250.378, 2021-07-05T16:07:58.6572270+08:00, 0, 12.94095, 48.29629, 1, 1, 1, False
1250.384, 2021-07-05T16:07:58.6639450+08:00, 0, 12.94095, 48.29629, 1, 1, 1, False
1250.391, 2021-07-05T16:07:58.6701200+08:00, 0, 12.94095, 48.29629, 1, 1, 1, False
1250.397, 2021-07-05T16:07:58.6762090+08:00, 0, 12.94095, 48.29629, 1, 1, 1, False
1250.404, 2021-07-05T16:07:58.6838070+08:00, 0, 12.94095, 48.29629, 1, 1, 1, False
1250.409, 2021-07-05T16:07:58.6889040+08:00, 0, 12.94095, 48.29629, 1, 1, 1, False
1250.416, 2021-07-05T16:07:58.6954190+08:00, 0, 12.94095, 48.29629, 1, 1, 1, False
1250.422, 2021-07-05T16:07:58.7011560+08:00, 0, 12.94095, 48.29629, 1, 1, 1, False
1250.429, 2021-07-05T16:07:58.7080220+08:00, 0, 12.94095, 48.29629, 1, 1, 1, False
1250.437, 2021-07-05T16:07:58.7160210+08:00, 0, 12.94095, 48.29629, 1, 1, 1, False
1250.445, 2021-07-05T16:07:58.7242050+08:00, 0, 12.94095, 48.29629, 1, 1, 1, False
1250.453, 2021-07-05T16:07:58.7322980+08:00, 0, 12.94095, 48.29629, 1, 1, 1, False
1250.46, 2021-07-05T16:07:58.7398180+08:00, 0, 12.94095, 48.29629, 1, 1, 1, False
1250.464, 2021-07-05T16:07:58.7432010+08:00, 0, 12.94095, 48.29629, 1, 1, 1, False
1250.468, 2021-07-05T16:07:58.7469620+08:00, 0, 12.94095, 48.29629, 1, 1, 1, False
1250.472, 2021-07-05T16:07:58.7511580+08:00, 0, 12.94095, 48.29629, 1, 1, 1, False
1250.478, 2021-07-05T16:07:58.7571460+08:00, 0, 12.94095, 48.29629, 1, 1, 1, False
1250.484, 2021-07-05T16:07:58.7639360+08:00, 0, 12.94095, 48.29629, 1, 1, 1, False
1250.491, 2021-07-05T16:07:58.7702900+08:00, 0, 12.94095, 48.29629, 1, 1, 1, False
1250.497, 2021-07-05T16:07:58.7764870+08:00, 0, 12.94095, 48.29629, 1, 1, 1, False
1250.504, 2021-07-05T16:07:58.7839520+08:00, 0, 12.94095, 48.29629, 1, 1, 1, False
1250.513, 2021-07-05T16:07:58.7921030+08:00, 0, 12.94095, 48.29629, 1, 1, 1, False
1250.521, 2021-07-05T16:07:58.8002850+08:00, 0, 12.94095, 48.29629, 1, 1, 1, False
1250.528, 2021-07-05T16:07:58.8079350+08:00, 0, 12.94095, 48.29629, 1, 1, 1, False
1250.532, 2021-07-05T16:07:58.8113490+08:00, 0, 12.94095, 48.29629, 1, 1, 1, False
1250.536, 2021-07-05T16:07:58.8149560+08:00, 0, 12.94095, 48.29629, 1, 1, 1, False
1250.54, 2021-07-05T16:07:58.8197950+08:00, 0, 12.94095, 48.29629, 1, 1, 1, False
1250.546, 2021-07-05T16:07:58.8257090+08:00, 0, 12.94095, 48.29629, 1, 1, 1, False
1250.553, 2021-07-05T16:07:58.8323280+08:00, 0, 12.94095, 48.29629, 1, 1, 1, False
1250.561, 2021-07-05T16:07:58.8403350+08:00, 0, 12.94095, 48.29629, 1, 1, 1, False
1250.568, 2021-07-05T16:07:58.8477490+08:00, 0, 12.94095, 48.29629, 1, 1, 1, False
1250.577, 2021-07-05T16:07:58.8561550+08:00, 0, 12.94095, 48.29629, 1, 1, 1, False
1250.584, 2021-07-05T16:07:58.8639650+08:00, 0, 12.94095, 48.29629, 1, 1, 1, False
1250.593, 2021-07-05T16:07:58.8720430+08:00, 0, 12.94095, 48.29629, 1, 1, 1, False
1250.601, 2021-07-05T16:07:58.8805610+08:00, 0, 12.94095, 48.29629, 1, 1, 1, False
1250.608, 2021-07-05T16:07:58.8876980+08:00, 0, 12.94095, 48.29629, 1, 1, 1, False
1250.612, 2021-07-05T16:07:58.8912030+08:00, 0, 12.94095, 48.29629, 1, 1, 1, False
1250.616, 2021-07-05T16:07:58.8952500+08:00, 0, 12.94095, 48.29629, 1, 1, 1, False
1250.62, 2021-07-05T16:07:58.8992150+08:00, 0, 12.94095, 48.29629, 1, 1, 1, False
1250.624, 2021-07-05T16:07:58.9031900+08:00, 0, 12.94095, 48.29629, 1, 1, 1, False
1250.628, 2021-07-05T16:07:58.9073760+08:00, 0, 12.94095, 48.29629, 1, 1, 1, False
1250.634, 2021-07-05T16:07:58.9132050+08:00, 0, 12.94095, 48.29629, 1, 1, 1, False
1250.641, 2021-07-05T16:07:58.9201600+08:00, 0, 12.94095, 48.29629, 1, 1, 1, False
1250.648, 2021-07-05T16:07:58.9277150+08:00, 0, 12.94095, 48.29629, 1, 1, 1, False
1250.656, 2021-07-05T16:07:58.9354910+08:00, 0, 12.94095, 48.29629, 1, 1, 1, False
1250.664, 2021-07-05T16:07:58.9433710+08:00, 0, 12.94095, 48.29629, 1, 1, 1, False
1250.668, 2021-07-05T16:07:58.9471390+08:00, 0, 12.94095, 48.29629, 1, 1, 1, False
1250.672, 2021-07-05T16:07:58.9512020+08:00, 0, 12.94095, 48.29629, 1, 1, 1, False
1250.678, 2021-07-05T16:07:58.9576100+08:00, 0, 12.94095, 48.29629, 1, 1, 1, False
1250.684, 2021-07-05T16:07:58.9638960+08:00, 0, 12.94095, 48.29629, 1, 1, 1, False
1250.691, 2021-07-05T16:07:58.9700850+08:00, 0, 12.94095, 48.29629, 1, 1, 1, False
1250.697, 2021-07-05T16:07:58.9764890+08:00, 0, 12.94095, 48.29629, 1, 1, 1, False
1250.704, 2021-07-05T16:07:58.9832050+08:00, 0, 12.94095, 48.29629, 1, 1, 1, False
1250.709, 2021-07-05T16:07:58.9887720+08:00, 0, 12.94095, 48.29629, 1, 1, 1, False
1250.716, 2021-07-05T16:07:58.9957930+08:00, 0, 12.94095, 48.29629, 1, 1, 1, False
1250.722, 2021-07-05T16:07:59.0011090+08:00, 0, 12.94095, 48.29629, 1, 1, 1, False
1250.728, 2021-07-05T16:07:59.0077080+08:00, 0, 12.94095, 48.29629, 1, 1, 1, False
1250.737, 2021-07-05T16:07:59.0162250+08:00, 0, 12.94095, 48.29629, 1, 1, 1, False
1250.745, 2021-07-05T16:07:59.0241460+08:00, 0, 12.94095, 48.29629, 1, 1, 1, False
1250.752, 2021-07-05T16:07:59.0312700+08:00, 0, 12.94095, 48.29629, 1, 1, 1, False
1250.756, 2021-07-05T16:07:59.0353040+08:00, 0, 12.94095, 48.29629, 1, 1, 1, False
1250.76, 2021-07-05T16:07:59.0391720+08:00, 0, 12.94095, 48.29629, 1, 1, 1, False
1250.765, 2021-07-05T16:07:59.0448980+08:00, 0, 12.94095, 48.29629, 1, 1, 1, False
1250.772, 2021-07-05T16:07:59.0513900+08:00, 0, 12.94095, 48.29629, 1, 1, 1, False
1250.78, 2021-07-05T16:07:59.0593630+08:00, 0, 12.94095, 48.29629, 1, 1, 1, False
1250.784, 2021-07-05T16:07:59.0637100+08:00, 0, 12.94095, 48.29629, 1, 1, 1, False
1250.79, 2021-07-05T16:07:59.0694510+08:00, 0, 12.94095, 48.29629, 1, 1, 1, False
1250.797, 2021-07-05T16:07:59.0765180+08:00, 0, 12.94095, 48.29629, 1, 1, 1, False
1250.804, 2021-07-05T16:07:59.0839170+08:00, 0, 12.94095, 48.29629, 1, 1, 1, False
1250.813, 2021-07-05T16:07:59.0922300+08:00, 0, 12.94095, 48.29629, 1, 1, 1, False
1250.821, 2021-07-05T16:07:59.1002270+08:00, 0, 12.94095, 48.29629, 1, 1, 1, False
1250.829, 2021-07-05T16:07:59.1081790+08:00, 0, 12.94095, 48.29629, 1, 1, 1, False
1250.837, 2021-07-05T16:07:59.1160510+08:00, 0, 12.94095, 48.29629, 1, 1, 1, False
1250.845, 2021-07-05T16:07:59.1243370+08:00, 0, 12.94095, 48.29629, 1, 1, 1, False
1250.853, 2021-07-05T16:07:59.1320580+08:00, 0, 12.94095, 48.29629, 1, 1, 1, False
1250.86, 2021-07-05T16:07:59.1393510+08:00, 0, 12.94095, 48.29629, 1, 1, 1, False
1250.864, 2021-07-05T16:07:59.1431120+08:00, 0, 12.94095, 48.29629, 1, 1, 1, False
1250.868, 2021-07-05T16:07:59.1470570+08:00, 0, 12.94095, 48.29629, 1, 1, 1, False
1250.886, 2021-07-05T16:07:59.1654890+08:00, 0, 12.94095, 48.29629, 1, 1, 1, False
1250.892, 2021-07-05T16:07:59.1717560+08:00, 0, 12.94095, 48.29629, 1, 1, 1, False
1250.896, 2021-07-05T16:07:59.1750340+08:00, 0, 12.94095, 48.29629, 1, 1, 1, False
1250.9, 2021-07-05T16:07:59.1793400+08:00, 0, 12.94095, 48.29629, 1, 1, 1, False
1250.904, 2021-07-05T16:07:59.1831060+08:00, 0, 12.94095, 48.29629, 1, 1, 1, False
1250.908, 2021-07-05T16:07:59.1872070+08:00, 0, 12.94095, 48.29629, 1, 1, 1, False
1250.912, 2021-07-05T16:07:59.1918600+08:00, 0, 12.94095, 48.29629, 1, 1, 1, False
1250.916, 2021-07-05T16:07:59.1949200+08:00, 0, 12.94095, 48.29629, 1, 1, 1, False
1250.92, 2021-07-05T16:07:59.1993100+08:00, 0, 12.94095, 48.29629, 1, 1, 1, False
1250.925, 2021-07-05T16:07:59.2047440+08:00, 0, 12.94095, 48.29629, 1, 1, 1, False
1250.932, 2021-07-05T16:07:59.2115410+08:00, 0, 12.94095, 48.29629, 1, 1, 1, False
1250.938, 2021-07-05T16:07:59.2178380+08:00, 0, 12.94095, 48.29629, 1, 1, 1, False
1250.944, 2021-07-05T16:07:59.2238230+08:00, 0, 12.94095, 48.29629, 1, 1, 1, False
1250.951, 2021-07-05T16:07:59.2303480+08:00, 0, 12.94095, 48.29629, 1, 1, 1, False
1250.957, 2021-07-05T16:07:59.2366090+08:00, 0, 12.94095, 48.29629, 1, 1, 1, False
1250.964, 2021-07-05T16:07:59.2435370+08:00, 0, 12.94095, 48.29629, 1, 1, 1, False
1250.97, 2021-07-05T16:07:59.2490530+08:00, 0, 12.94095, 48.29629, 1, 1, 1, False
1250.976, 2021-07-05T16:07:59.2555000+08:00, 0, 12.94095, 48.29629, 1, 1, 1, False
1250.982, 2021-07-05T16:07:59.2610480+08:00, 0, 12.94095, 48.29629, 1, 1, 1, False
1250.988, 2021-07-05T16:07:59.2679180+08:00, 0, 12.94095, 48.29629, 1, 1, 1, False
1250.996, 2021-07-05T16:07:59.2754040+08:00, 0, 12.94095, 48.29629, 1, 1, 1, False
1251, 2021-07-05T16:07:59.2797650+08:00, 0, 12.94095, 48.29629, 1, 1, 1, False
1251.007, 2021-07-05T16:07:59.2864160+08:00, 0, 12.94095, 48.29629, 1, 1, 1, False
1251.013, 2021-07-05T16:07:59.2927620+08:00, 0, 12.94095, 48.29629, 1, 1, 1, False
1251.02, 2021-07-05T16:07:59.2997490+08:00, 0, 12.94095, 48.29629, 1, 1, 1, False
1251.028, 2021-07-05T16:07:59.3074610+08:00, 0, 12.94095, 48.29629, 1, 1, 1, False
1251.032, 2021-07-05T16:07:59.3114790+08:00, 0, 12.94095, 48.29629, 1, 1, 1, False
1251.038, 2021-07-05T16:07:59.3176590+08:00, 0, 12.94095, 48.29629, 1, 1, 1, False
1251.045, 2021-07-05T16:07:59.3241090+08:00, 0, 12.94095, 48.29629, 1, 1, 1, False
1251.053, 2021-07-05T16:07:59.3321230+08:00, 0, 12.94095, 48.29629, 1, 1, 1, False
1251.061, 2021-07-05T16:07:59.3400130+08:00, 0, 12.94095, 48.29629, 1, 1, 1, False
1251.069, 2021-07-05T16:07:59.3481370+08:00, 0, 12.94095, 48.29629, 1, 1, 1, False
1251.076, 2021-07-05T16:07:59.3556010+08:00, 0, 12.94095, 48.29629, 1, 1, 1, False
1251.08, 2021-07-05T16:07:59.3591620+08:00, 0, 12.94095, 48.29629, 1, 1, 1, False
1251.084, 2021-07-05T16:07:59.3631070+08:00, 0, 12.94095, 48.29629, 1, 1, 1, False
1251.088, 2021-07-05T16:07:59.3674560+08:00, 0, 12.94095, 48.29629, 1, 1, 1, False
1251.094, 2021-07-05T16:07:59.3737940+08:00, 0, 12.94095, 48.29629, 1, 1, 1, False
1251.101, 2021-07-05T16:07:59.3801290+08:00, 0, 12.94095, 48.29629, 1, 1, 1, False
1251.108, 2021-07-05T16:07:59.3872180+08:00, 0, 12.94095, 48.29629, 1, 1, 1, False
1251.113, 2021-07-05T16:07:59.3925920+08:00, 0, 12.94095, 48.29629, 1, 1, 1, False
1251.121, 2021-07-05T16:07:59.4001770+08:00, 0, 12.94095, 48.29629, 1, 1, 1, False
1251.129, 2021-07-05T16:07:59.4081990+08:00, 0, 12.94095, 48.29629, 1, 1, 1, False
1251.137, 2021-07-05T16:07:59.4161300+08:00, 0, 12.94095, 48.29629, 1, 1, 1, False
1251.145, 2021-07-05T16:07:59.4241670+08:00, 0, 12.94095, 48.29629, 1, 1, 1, False
1251.152, 2021-07-05T16:07:59.4314350+08:00, 0, 12.94095, 48.29629, 1, 1, 1, False
1251.156, 2021-07-05T16:07:59.4350580+08:00, 0, 12.94095, 48.29629, 1, 1, 1, False
1251.16, 2021-07-05T16:07:59.4391800+08:00, 0, 12.94095, 48.29629, 1, 1, 1, False
1251.164, 2021-07-05T16:07:59.4434390+08:00, 0, 12.94095, 48.29629, 1, 1, 1, False
1251.169, 2021-07-05T16:07:59.4488250+08:00, 0, 12.94095, 48.29629, 1, 1, 1, False
1251.176, 2021-07-05T16:07:59.4555830+08:00, 0, 12.94095, 48.29629, 1, 1, 1, False
1251.182, 2021-07-05T16:07:59.4613540+08:00, 0, 12.94095, 48.29629, 1, 1, 1, False
1251.188, 2021-07-05T16:07:59.4677090+08:00, 0, 12.94095, 48.29629, 1, 1, 1, False
1251.194, 2021-07-05T16:07:59.4737450+08:00, 0, 12.94095, 48.29629, 1, 1, 1, False
1251.201, 2021-07-05T16:07:59.4800400+08:00, 0, 12.94095, 48.29629, 1, 1, 1, False
1251.208, 2021-07-05T16:07:59.4874230+08:00, 0, 12.94095, 48.29629, 1, 1, 1, False
1251.213, 2021-07-05T16:07:59.4920590+08:00, 0, 12.94095, 48.29629, 1, 1, 1, False
1251.219, 2021-07-05T16:07:59.4987440+08:00, 0, 12.94095, 48.29629, 1, 1, 1, False
1251.226, 2021-07-05T16:07:59.5050750+08:00, 0, 12.94095, 48.29629, 1, 1, 1, False
1251.232, 2021-07-05T16:07:59.5116600+08:00, 0, 12.94095, 48.29629, 1, 1, 1, False
1251.238, 2021-07-05T16:07:59.5174650+08:00, 0, 12.94095, 48.29629, 1, 1, 1, False
1251.244, 2021-07-05T16:07:59.5237690+08:00, 0, 12.94095, 48.29629, 1, 1, 1, False
1251.25, 2021-07-05T16:07:59.5294890+08:00, 0, 12.94095, 48.29629, 1, 1, 1, False
1251.257, 2021-07-05T16:07:59.5361010+08:00, 0, 12.94095, 48.29629, 1, 1, 1, False
1251.264, 2021-07-05T16:07:59.5467640+08:00, 0, 12.94095, 48.29629, 1, 1, 1, False
1251.272, 2021-07-05T16:07:59.5544910+08:00, 0, 12.94095, 48.29629, 1, 1, 1, False
1251.28, 2021-07-05T16:07:59.5623210+08:00, 0, 12.94095, 48.29629, 1, 1, 1, False
1251.288, 2021-07-05T16:07:59.5714610+08:00, 0, 12.94095, 48.29629, 1, 1, 1, False
1251.296, 2021-07-05T16:07:59.5749960+08:00, 0, 12.94095, 48.29629, 1, 1, 1, False
1251.3, 2021-07-05T16:07:59.5794930+08:00, 0, 12.94095, 48.29629, 1, 1, 1, False
1251.304, 2021-07-05T16:07:59.5831480+08:00, 0, 12.94095, 48.29629, 1, 1, 1, False
1251.308, 2021-07-05T16:07:59.5869970+08:00, 0, 12.94095, 48.29629, 1, 1, 1, False
1251.313, 2021-07-05T16:07:59.5924770+08:00, 0, 12.94095, 48.29629, 1, 1, 1, False
1251.319, 2021-07-05T16:07:59.5982270+08:00, 0, 12.94095, 48.29629, 1, 1, 1, False
1251.326, 2021-07-05T16:07:59.6050310+08:00, 0, 12.94095, 48.29629, 1, 1, 1, False
1251.332, 2021-07-05T16:07:59.6118350+08:00, 0, 12.94095, 48.29629, 1, 1, 1, False
1251.338, 2021-07-05T16:07:59.6175330+08:00, 0, 12.94095, 48.29629, 1, 1, 1, False
1251.344, 2021-07-05T16:07:59.6237860+08:00, 0, 12.94095, 48.29629, 1, 1, 1, False
1251.351, 2021-07-05T16:07:59.6299860+08:00, 0, 12.94095, 48.29629, 1, 1, 1, False
1251.356, 2021-07-05T16:07:59.6359410+08:00, 0, 12.94095, 48.29629, 1, 1, 1, False
1251.364, 2021-07-05T16:07:59.6434330+08:00, 0, 12.94095, 48.29629, 1, 1, 1, False
1251.369, 2021-07-05T16:07:59.6487570+08:00, 0, 12.94095, 48.29629, 1, 1, 1, False
1251.376, 2021-07-05T16:07:59.6553380+08:00, 0, 12.94095, 48.29629, 1, 1, 1, False
1251.382, 2021-07-05T16:07:59.6610750+08:00, 0, 12.94095, 48.29629, 1, 1, 1, False
1251.389, 2021-07-05T16:07:59.6679740+08:00, 0, 12.94095, 48.29629, 1, 1, 1, False
1251.396, 2021-07-05T16:07:59.6753260+08:00, 0, 12.94095, 48.29629, 1, 1, 1, False
1251.401, 2021-07-05T16:07:59.6799690+08:00, 0, 12.94095, 48.29629, 1, 1, 1, False
1251.407, 2021-07-05T16:07:59.6861490+08:00, 0, 12.94095, 48.29629, 1, 1, 1, False
1251.413, 2021-07-05T16:07:59.6920280+08:00, 0, 12.94095, 48.29629, 1, 1, 1, False
1251.42, 2021-07-05T16:07:59.6996720+08:00, 0, 12.94095, 48.29629, 1, 1, 1, False
1251.425, 2021-07-05T16:07:59.7049320+08:00, 0, 12.94095, 48.29629, 1, 1, 1, False
1251.433, 2021-07-05T16:07:59.7121000+08:00, 0, 12.94095, 48.29629, 1, 1, 1, False
1251.441, 2021-07-05T16:07:59.7201720+08:00, 0, 12.94095, 48.29629, 1, 1, 1, False
1251.449, 2021-07-05T16:07:59.7281010+08:00, 0, 12.94095, 48.29629, 1, 1, 1, False
1251.457, 2021-07-05T16:07:59.7362070+08:00, 0, 12.94095, 48.29629, 1, 1, 1, False
1251.468, 2021-07-05T16:07:59.7474280+08:00, 0, 12.94095, 48.29629, 1, 1, 1, False
1251.473, 2021-07-05T16:07:59.7520990+08:00, 0, 12.94095, 48.29629, 1, 1, 1, False
1251.48, 2021-07-05T16:07:59.7590190+08:00, 0, 12.94095, 48.29629, 1, 1, 1, False
1251.484, 2021-07-05T16:07:59.7630240+08:00, 0, 12.94095, 48.29629, 1, 1, 1, False
1251.488, 2021-07-05T16:07:59.7671120+08:00, 0, 12.94095, 48.29629, 1, 1, 1, False
1251.492, 2021-07-05T16:07:59.7711730+08:00, 0, 12.94095, 48.29629, 1, 1, 1, False
1251.496, 2021-07-05T16:07:59.7752880+08:00, 0, 12.94095, 48.29629, 1, 1, 1, False
1251.501, 2021-07-05T16:07:59.7806050+08:00, 0, 12.94095, 48.29629, 1, 1, 1, False
1251.507, 2021-07-05T16:07:59.7866740+08:00, 0, 12.94095, 48.29629, 1, 1, 1, False
1251.514, 2021-07-05T16:07:59.7931800+08:00, 0, 12.94095, 48.29629, 1, 1, 1, False
1251.52, 2021-07-05T16:07:59.7995360+08:00, 0, 12.94095, 48.29629, 1, 1, 1, False
1251.526, 2021-07-05T16:07:59.8054000+08:00, 0, 12.94095, 48.29629, 1, 1, 1, False
1251.533, 2021-07-05T16:07:59.8120080+08:00, 0, 12.94095, 48.29629, 1, 1, 1, False
1251.539, 2021-07-05T16:07:59.8183560+08:00, 0, 12.94095, 48.29629, 1, 1, 1, False
1251.545, 2021-07-05T16:07:59.8242830+08:00, 0, 12.94095, 48.29629, 1, 1, 1, False
1251.552, 2021-07-05T16:07:59.8313300+08:00, 0, 12.94095, 48.29629, 1, 1, 1, False
1251.558, 2021-07-05T16:07:59.8370890+08:00, 0, 12.94095, 48.29629, 1, 1, 1, False
1251.564, 2021-07-05T16:07:59.8435240+08:00, 0, 12.94095, 48.29629, 1, 1, 1, False
1251.57, 2021-07-05T16:07:59.8495010+08:00, 0, 12.94095, 48.29629, 1, 1, 1, False
1251.576, 2021-07-05T16:07:59.8557560+08:00, 0, 12.94095, 48.29629, 1, 1, 1, False
1251.582, 2021-07-05T16:07:59.8615780+08:00, 0, 12.94095, 48.29629, 1, 1, 1, False
1251.589, 2021-07-05T16:07:59.8683120+08:00, 0, 12.94095, 48.29629, 1, 1, 1, False
1251.597, 2021-07-05T16:07:59.8762580+08:00, 0, 12.94095, 48.29629, 1, 1, 1, False
1251.605, 2021-07-05T16:07:59.8841300+08:00, 0, 12.94095, 48.29629, 1, 1, 1, False
1251.613, 2021-07-05T16:07:59.8920590+08:00, 0, 12.94095, 48.29629, 1, 1, 1, False
1251.621, 2021-07-05T16:07:59.9003720+08:00, 0, 12.94095, 48.29629, 1, 1, 1, False
1251.629, 2021-07-05T16:07:59.9080040+08:00, 0, 12.94095, 48.29629, 1, 1, 1, False
1251.637, 2021-07-05T16:07:59.9161990+08:00, 0, 12.94095, 48.29629, 1, 1, 1, False
1251.645, 2021-07-05T16:07:59.9241440+08:00, 0, 12.94095, 48.29629, 1, 1, 1, False
1251.653, 2021-07-05T16:07:59.9320460+08:00, 0, 12.94095, 48.29629, 1, 1, 1, False
1251.661, 2021-07-05T16:07:59.9400320+08:00, 0, 12.94095, 48.29629, 1, 1, 1, False
1251.669, 2021-07-05T16:07:59.9482090+08:00, 0, 12.94095, 48.29629, 1, 1, 1, False
1251.676, 2021-07-05T16:07:59.9559110+08:00, 0, 12.94095, 48.29629, 1, 1, 1, False
1251.684, 2021-07-05T16:07:59.9638040+08:00, 0, 12.94095, 48.29629, 1, 1, 1, False
1251.693, 2021-07-05T16:07:59.9720420+08:00, 0, 12.94095, 48.29629, 1, 1, 1, False
1251.701, 2021-07-05T16:07:59.9800890+08:00, 0, 12.94095, 48.29629, 1, 1, 1, False
1251.708, 2021-07-05T16:07:59.9871800+08:00, 0, 12.94095, 48.29629, 1, 1, 1, False
1251.712, 2021-07-05T16:07:59.9909550+08:00, 0, 12.94095, 48.29629, 1, 1, 1, False
1251.716, 2021-07-05T16:07:59.9954750+08:00, 0, 12.94095, 48.29629, 1, 1, 1, False
1251.72, 2021-07-05T16:07:59.9991750+08:00, 0, 12.94095, 48.29629, 1, 1, 1, False
1251.724, 2021-07-05T16:08:00.0031600+08:00, 0, 12.94095, 48.29629, 1, 1, 1, False
1251.728, 2021-07-05T16:08:00.0074210+08:00, 0, 12.94095, 48.29629, 1, 1, 1, False
1251.732, 2021-07-05T16:08:00.0111760+08:00, 0, 12.94095, 48.29629, 1, 1, 1, False
1251.736, 2021-07-05T16:08:00.0153310+08:00, 0, 12.94095, 48.29629, 1, 1, 1, False
1251.741, 2021-07-05T16:08:00.0203680+08:00, 0, 12.94095, 48.29629, 1, 1, 1, False
1251.747, 2021-07-05T16:08:00.0264300+08:00, 0, 12.94095, 48.29629, 1, 1, 1, False
1251.753, 2021-07-05T16:08:00.0329350+08:00, 0, 12.94095, 48.29629, 1, 1, 1, False
1251.76, 2021-07-05T16:08:00.0399780+08:00, 0, 12.94095, 48.29629, 1, 1, 1, False
1251.769, 2021-07-05T16:08:00.0480180+08:00, 0, 12.94095, 48.29629, 1, 1, 1, False
1251.777, 2021-07-05T16:08:00.0562690+08:00, 0, 12.94095, 48.29629, 1, 1, 1, False
1251.785, 2021-07-05T16:08:00.0640950+08:00, 0, 12.94095, 48.29629, 1, 1, 1, False
1251.792, 2021-07-05T16:08:00.0716200+08:00, 0, 12.94095, 48.29629, 1, 1, 1, False
1251.796, 2021-07-05T16:08:00.0750380+08:00, 0, 12.94095, 48.29629, 1, 1, 1, False
1251.8, 2021-07-05T16:08:00.0790740+08:00, 0, 12.94095, 48.29629, 1, 1, 1, False
1251.804, 2021-07-05T16:08:00.0833220+08:00, 0, 12.94095, 48.29629, 1, 1, 1, False
1251.809, 2021-07-05T16:08:00.0887530+08:00, 0, 12.94095, 48.29629, 1, 1, 1, False
1251.816, 2021-07-05T16:08:00.0958770+08:00, 0, 12.94095, 48.29629, 1, 1, 1, False
1251.822, 2021-07-05T16:08:00.1016250+08:00, 0, 12.94095, 48.29629, 1, 1, 1, False
1251.828, 2021-07-05T16:08:00.1074980+08:00, 0, 12.94095, 48.29629, 1, 1, 1, False
1251.835, 2021-07-05T16:08:00.1142210+08:00, 0, 12.94095, 48.29629, 1, 1, 1, False
1251.841, 2021-07-05T16:08:00.1204590+08:00, 0, 12.94095, 48.29629, 1, 1, 1, False
1251.848, 2021-07-05T16:08:00.1276970+08:00, 0, 12.94095, 48.29629, 1, 1, 1, False
1251.854, 2021-07-05T16:08:00.1329540+08:00, 0, 12.94095, 48.29629, 1, 1, 1, False
1251.86, 2021-07-05T16:08:00.1395110+08:00, 0, 12.94095, 48.29629, 1, 1, 1, False
1251.865, 2021-07-05T16:08:00.1448240+08:00, 0, 12.94095, 48.29629, 1, 1, 1, False
1251.872, 2021-07-05T16:08:00.1517620+08:00, 0, 12.94095, 48.29629, 1, 1, 1, False
1251.878, 2021-07-05T16:08:00.1573490+08:00, 0, 12.94095, 48.29629, 1, 1, 1, False
1251.884, 2021-07-05T16:08:00.1639260+08:00, 0, 12.94095, 48.29629, 1, 1, 1, False
1251.891, 2021-07-05T16:08:00.1703250+08:00, 0, 12.94095, 48.29629, 1, 1, 1, False
1251.897, 2021-07-05T16:08:00.1765960+08:00, 0, 12.94095, 48.29629, 1, 1, 1, False
1251.904, 2021-07-05T16:08:00.1834290+08:00, 0, 12.94095, 48.29629, 1, 1, 1, False
1251.909, 2021-07-05T16:08:00.1888520+08:00, 0, 12.94095, 48.29629, 1, 1, 1, False
1251.917, 2021-07-05T16:08:00.1959590+08:00, 0, 12.94095, 48.29629, 1, 1, 1, False
1251.924, 2021-07-05T16:08:00.2038290+08:00, 0, 12.94095, 48.29629, 1, 1, 1, False
1251.933, 2021-07-05T16:08:00.2120780+08:00, 0, 12.94095, 48.29629, 1, 1, 1, False
1251.941, 2021-07-05T16:08:00.2203830+08:00, 0, 12.94095, 48.29629, 1, 1, 1, False
1251.948, 2021-07-05T16:08:00.2274790+08:00, 0, 12.94095, 48.29629, 1, 1, 1, False
1251.952, 2021-07-05T16:08:00.2312310+08:00, 0, 12.94095, 48.29629, 1, 1, 1, False
1251.956, 2021-07-05T16:08:00.2351320+08:00, 0, 12.94095, 48.29629, 1, 1, 1, False
1251.961, 2021-07-05T16:08:00.2406410+08:00, 0, 12.94095, 48.29629, 1, 1, 1, False
1251.968, 2021-07-05T16:08:00.2478360+08:00, 0, 12.94095, 48.29629, 1, 1, 1, False
1251.974, 2021-07-05T16:08:00.2538630+08:00, 0, 12.94095, 48.29629, 1, 1, 1, False
1251.981, 2021-07-05T16:08:00.2608110+08:00, 0, 12.94095, 48.29629, 1, 1, 1, False
1251.989, 2021-07-05T16:08:00.2680860+08:00, 0, 12.94095, 48.29629, 1, 1, 1, False
1251.996, 2021-07-05T16:08:00.2755150+08:00, 0, 12.94095, 48.29629, 1, 1, 1, False
1252.001, 2021-07-05T16:08:00.2804030+08:00, 0, 12.94095, 48.29629, 1, 1, 1, False
1252.007, 2021-07-05T16:08:00.2863680+08:00, 0, 12.94095, 48.29629, 1, 1, 1, False
1252.013, 2021-07-05T16:08:00.2929170+08:00, 0, 12.94095, 48.29629, 1, 1, 1, False
1252.02, 2021-07-05T16:08:00.2996500+08:00, 0, 12.94095, 48.29629, 1, 1, 1, False
1252.026, 2021-07-05T16:08:00.3050900+08:00, 0, 12.94095, 48.29629, 1, 1, 1, False
1252.032, 2021-07-05T16:08:00.3117210+08:00, 0, 12.94095, 48.29629, 1, 1, 1, False
1252.039, 2021-07-05T16:08:00.3180030+08:00, 0, 12.94095, 48.29629, 1, 1, 1, False
1252.045, 2021-07-05T16:08:00.3242470+08:00, 0, 12.94095, 48.29629, 1, 1, 1, False
1252.052, 2021-07-05T16:08:00.3312400+08:00, 0, 12.94095, 48.29629, 1, 1, 1, False
1252.057, 2021-07-05T16:08:00.3363560+08:00, 0, 12.94095, 48.29629, 1, 1, 1, False
1252.064, 2021-07-05T16:08:00.3434780+08:00, 0, 12.94095, 48.29629, 1, 1, 1, False
1252.07, 2021-07-05T16:08:00.3492140+08:00, 0, 12.94095, 48.29629, 1, 1, 1, False
1252.076, 2021-07-05T16:08:00.3557330+08:00, 0, 12.94095, 48.29629, 1, 1, 1, False
1252.082, 2021-07-05T16:08:00.3614930+08:00, 0, 12.94095, 48.29629, 1, 1, 1, False
1252.088, 2021-07-05T16:08:00.3677550+08:00, 0, 12.94095, 48.29629, 1, 1, 1, False
1252.094, 2021-07-05T16:08:00.3739990+08:00, 0, 12.94095, 48.29629, 1, 1, 1, False
1252.1, 2021-07-05T16:08:00.3798500+08:00, 0, 12.94095, 48.29629, 1, 1, 1, False
1252.107, 2021-07-05T16:08:00.3864960+08:00, 0, 12.94095, 48.29629, 1, 1, 1, False
1252.113, 2021-07-05T16:08:00.3927380+08:00, 0, 12.94095, 48.29629, 1, 1, 1, False
1252.12, 2021-07-05T16:08:00.3993580+08:00, 0, 12.94095, 48.29629, 1, 1, 1, False
1252.126, 2021-07-05T16:08:00.4053300+08:00, 0, 12.94095, 48.29629, 1, 1, 1, False
1252.132, 2021-07-05T16:08:00.4116500+08:00, 0, 12.94095, 48.29629, 1, 1, 1, False
1252.138, 2021-07-05T16:08:00.4176200+08:00, 0, 12.94095, 48.29629, 1, 1, 1, False
1252.145, 2021-07-05T16:08:00.4241790+08:00, 0, 12.94095, 48.29629, 1, 1, 1, False
1252.152, 2021-07-05T16:08:00.4312000+08:00, 0, 12.94095, 48.29629, 1, 1, 1, False
1252.157, 2021-07-05T16:08:00.4363530+08:00, 0, 12.94095, 48.29629, 1, 1, 1, False
1252.164, 2021-07-05T16:08:00.4433130+08:00, 0, 12.94095, 48.29629, 1, 1, 1, False
1252.169, 2021-07-05T16:08:00.4489370+08:00, 0, 12.94095, 48.29629, 1, 1, 1, False
1252.177, 2021-07-05T16:08:00.4562210+08:00, 0, 12.94095, 48.29629, 1, 1, 1, False
1252.184, 2021-07-05T16:08:00.4631940+08:00, 0, 12.94095, 48.29629, 1, 1, 1, False
1252.188, 2021-07-05T16:08:00.4679250+08:00, 0, 12.94095, 48.29629, 1, 1, 1, False
1252.195, 2021-07-05T16:08:00.4742510+08:00, 0, 12.94095, 48.29629, 1, 1, 1, False
1252.201, 2021-07-05T16:08:00.4805060+08:00, 0, 12.94095, 48.29629, 1, 1, 1, False
1252.208, 2021-07-05T16:08:00.4873750+08:00, 0, 12.94095, 48.29629, 1, 1, 1, False
1252.213, 2021-07-05T16:08:00.4924850+08:00, 0, 12.94095, 48.29629, 1, 1, 1, False
1252.221, 2021-07-05T16:08:00.5001350+08:00, 0, 12.94095, 48.29629, 1, 1, 1, False
1252.226, 2021-07-05T16:08:00.5053290+08:00, 0, 12.94095, 48.29629, 1, 1, 1, False
1252.232, 2021-07-05T16:08:00.5119020+08:00, 0, 12.94095, 48.29629, 1, 1, 1, False
1252.238, 2021-07-05T16:08:00.5177740+08:00, 0, 12.94095, 48.29629, 1, 1, 1, False
1252.245, 2021-07-05T16:08:00.5243980+08:00, 0, 12.94095, 48.29629, 1, 1, 1, False
1252.253, 2021-07-05T16:08:00.5321480+08:00, 0, 12.94095, 48.29629, 1, 1, 1, False
1252.261, 2021-07-05T16:08:00.5403570+08:00, 0, 12.94095, 48.29629, 1, 1, 1, False
1252.269, 2021-07-05T16:08:00.5481300+08:00, 0, 12.94095, 48.29629, 1, 1, 1, False
1252.276, 2021-07-05T16:08:00.5558790+08:00, 0, 12.94095, 48.29629, 1, 1, 1, False
1252.28, 2021-07-05T16:08:00.5590820+08:00, 0, 12.94095, 48.29629, 1, 1, 1, False
1252.284, 2021-07-05T16:08:00.5631780+08:00, 0, 12.94095, 48.29629, 1, 1, 1, False
1252.288, 2021-07-05T16:08:00.5677870+08:00, 0, 12.94095, 48.29629, 1, 1, 1, False
1252.294, 2021-07-05T16:08:00.5737820+08:00, 0, 12.94095, 48.29629, 1, 1, 1, False
1252.301, 2021-07-05T16:08:00.5804540+08:00, 0, 12.94095, 48.29629, 1, 1, 1, False
1252.308, 2021-07-05T16:08:00.5924870+08:00, 0, 12.94095, 48.29629, 1, 1, 1, False
1252.32, 2021-07-05T16:08:00.5992870+08:00, 0, 12.94095, 48.29629, 1, 1, 1, False
1252.324, 2021-07-05T16:08:00.6031860+08:00, 0, 12.94095, 48.29629, 1, 1, 1, False
1252.328, 2021-07-05T16:08:00.6071320+08:00, 0, 12.94095, 48.29629, 1, 1, 1, False
1252.333, 2021-07-05T16:08:00.6120670+08:00, 0, 12.94095, 48.29629, 1, 1, 1, False
1252.339, 2021-07-05T16:08:00.6183730+08:00, 0, 12.94095, 48.29629, 1, 1, 1, False
1252.345, 2021-07-05T16:08:00.6242480+08:00, 0, 12.94095, 48.29629, 1, 1, 1, False
1252.353, 2021-07-05T16:08:00.6321170+08:00, 0, 12.94095, 48.29629, 1, 1, 1, False
1252.361, 2021-07-05T16:08:00.6404070+08:00, 0, 12.94095, 48.29629, 1, 1, 1, False
1252.368, 2021-07-05T16:08:00.6478460+08:00, 0, 12.94095, 48.29629, 1, 1, 1, False
1252.377, 2021-07-05T16:08:00.6562490+08:00, 0, 12.94095, 48.29629, 1, 1, 1, False
1252.384, 2021-07-05T16:08:00.6635560+08:00, 0, 12.94095, 48.29629, 1, 1, 1, False
1252.388, 2021-07-05T16:08:00.6670970+08:00, 0, 12.94095, 48.29629, 1, 1, 1, False
1252.392, 2021-07-05T16:08:00.6712090+08:00, 0, 12.94095, 48.29629, 1, 1, 1, False
1252.396, 2021-07-05T16:08:00.6751030+08:00, 0, 12.94095, 48.29629, 1, 1, 1, False
1252.401, 2021-07-05T16:08:00.6809460+08:00, 0, 12.94095, 48.29629, 1, 1, 1, False
1252.408, 2021-07-05T16:08:00.6873340+08:00, 0, 12.94095, 48.29629, 1, 1, 1, False
1252.414, 2021-07-05T16:08:00.6933470+08:00, 0, 12.94095, 48.29629, 1, 1, 1, False
1252.421, 2021-07-05T16:08:00.7001350+08:00, 0, 12.94095, 48.29629, 1, 1, 1, False
1252.428, 2021-07-05T16:08:00.7077130+08:00, 0, 12.94095, 48.29629, 1, 1, 1, False
1252.433, 2021-07-05T16:08:00.7124650+08:00, 0, 12.94095, 48.29629, 1, 1, 1, False
1252.44, 2021-07-05T16:08:00.7195610+08:00, 0, 12.94095, 48.29629, 1, 1, 1, False
1252.448, 2021-07-05T16:08:00.7279660+08:00, 0, 12.94095, 48.29629, 1, 1, 1, False
1252.457, 2021-07-05T16:08:00.7362650+08:00, 0, 12.94095, 48.29629, 1, 1, 1, False
1252.464, 2021-07-05T16:08:00.7440130+08:00, 0, 12.94095, 48.29629, 1, 1, 1, False
1252.472, 2021-07-05T16:08:00.7513840+08:00, 0, 12.94095, 48.29629, 1, 1, 1, False
1252.476, 2021-07-05T16:08:00.7550840+08:00, 0, 12.94095, 48.29629, 1, 1, 1, False
1252.48, 2021-07-05T16:08:00.7590480+08:00, 0, 12.94095, 48.29629, 1, 1, 1, False
1252.484, 2021-07-05T16:08:00.7631350+08:00, 0, 12.94095, 48.29629, 1, 1, 1, False
1252.488, 2021-07-05T16:08:00.7679280+08:00, 0, 12.94095, 48.29629, 1, 1, 1, False
1252.516, 2021-07-05T16:08:00.7957350+08:00, 0, 12.94095, 48.29629, 1, 1, 1, False
1252.526, 2021-07-05T16:08:00.8050160+08:00, 0, 12.94095, 48.29629, 1, 1, 1, False
1252.532, 2021-07-05T16:08:00.8117810+08:00, 0, 12.94095, 48.29629, 1, 1, 1, False
1252.536, 2021-07-05T16:08:00.8151740+08:00, 0, 12.94095, 48.29629, 1, 1, 1, False
1252.54, 2021-07-05T16:08:00.8192270+08:00, 0, 12.94095, 48.29629, 1, 1, 1, False
1252.544, 2021-07-05T16:08:00.8233240+08:00, 0, 12.94095, 48.29629, 1, 1, 1, False
1252.548, 2021-07-05T16:08:00.8271960+08:00, 0, 12.94095, 48.29629, 1, 1, 1, False
1252.552, 2021-07-05T16:08:00.8311460+08:00, 0, 12.94095, 48.29629, 1, 1, 1, False
1252.556, 2021-07-05T16:08:00.8353660+08:00, 0, 12.94095, 48.29629, 1, 1, 1, False
1252.561, 2021-07-05T16:08:00.8408040+08:00, 0, 12.94095, 48.29629, 1, 1, 1, False
1252.568, 2021-07-05T16:08:00.8470240+08:00, 0, 12.94095, 48.29629, 1, 1, 1, False
1252.573, 2021-07-05T16:08:00.8530400+08:00, 0, 12.94095, 48.29629, 1, 1, 1, False
1252.58, 2021-07-05T16:08:00.8596990+08:00, 0, 12.94095, 48.29629, 1, 1, 1, False
1252.586, 2021-07-05T16:08:00.8656240+08:00, 0, 12.94095, 48.29629, 1, 1, 1, False
1252.593, 2021-07-05T16:08:00.8719910+08:00, 0, 12.94095, 48.29629, 1, 1, 1, False
1252.599, 2021-07-05T16:08:00.8782620+08:00, 0, 12.94095, 48.29629, 1, 1, 1, False
1252.605, 2021-07-05T16:08:00.8841810+08:00, 0, 12.94095, 48.29629, 1, 1, 1, False
1252.612, 2021-07-05T16:08:00.8915830+08:00, 0, 12.94095, 48.29629, 1, 1, 1, False
1252.618, 2021-07-05T16:08:00.8970860+08:00, 0, 12.94095, 48.29629, 1, 1, 1, False
1252.624, 2021-07-05T16:08:00.9036870+08:00, 0, 12.94095, 48.29629, 1, 1, 1, False
1252.63, 2021-07-05T16:08:00.9092840+08:00, 0, 12.94095, 48.29629, 1, 1, 1, False
1252.636, 2021-07-05T16:08:00.9158420+08:00, 0, 12.94095, 48.29629, 1, 1, 1, False
1252.642, 2021-07-05T16:08:00.9216430+08:00, 0, 12.94095, 48.29629, 1, 1, 1, False
1252.649, 2021-07-05T16:08:00.9282360+08:00, 0, 12.94095, 48.29629, 1, 1, 1, False
1252.655, 2021-07-05T16:08:00.9345950+08:00, 0, 12.94095, 48.29629, 1, 1, 1, False
1252.661, 2021-07-05T16:08:00.9403970+08:00, 0, 12.94095, 48.29629, 1, 1, 1, False
1252.668, 2021-07-05T16:08:00.9474610+08:00, 0, 12.94095, 48.29629, 1, 1, 1, False
1252.674, 2021-07-05T16:08:00.9532910+08:00, 0, 12.94095, 48.29629, 1, 1, 1, False
1252.68, 2021-07-05T16:08:00.9595730+08:00, 0, 12.94095, 48.29629, 1, 1, 1, False
1252.687, 2021-07-05T16:08:00.9659400+08:00, 0, 12.94095, 48.29629, 1, 1, 1, False
1252.693, 2021-07-05T16:08:00.9722300+08:00, 0, 12.94095, 48.29629, 1, 1, 1, False
1252.699, 2021-07-05T16:08:00.9781820+08:00, 0, 12.94095, 48.29629, 1, 1, 1, False
1252.705, 2021-07-05T16:08:00.9848190+08:00, 0, 12.94095, 48.29629, 1, 1, 1, False
1252.712, 2021-07-05T16:08:00.9912780+08:00, 0, 12.94095, 48.29629, 1, 1, 1, False
1252.717, 2021-07-05T16:08:00.9965510+08:00, 0, 12.94095, 48.29629, 1, 1, 1, False
1252.724, 2021-07-05T16:08:01.0037160+08:00, 0, 12.94095, 48.29629, 1, 1, 1, False
1252.73, 2021-07-05T16:08:01.0090490+08:00, 0, 12.94095, 48.29629, 1, 1, 1, False
1252.736, 2021-07-05T16:08:01.0159770+08:00, 0, 12.94095, 48.29629, 1, 1, 1, False
1252.742, 2021-07-05T16:08:01.0216020+08:00, 0, 12.94095, 48.29629, 1, 1, 1, False
1252.748, 2021-07-05T16:08:01.0278340+08:00, 0, 12.94095, 48.29629, 1, 1, 1, False
1252.754, 2021-07-05T16:08:01.0337580+08:00, 0, 12.94095, 48.29629, 1, 1, 1, False
1252.761, 2021-07-05T16:08:01.0404600+08:00, 0, 12.94095, 48.29629, 1, 1, 1, False
1252.769, 2021-07-05T16:08:01.0479730+08:00, 0, 12.94095, 48.29629, 1, 1, 1, False
1252.777, 2021-07-05T16:08:01.0562600+08:00, 0, 12.94095, 48.29629, 1, 1, 1, False
1252.784, 2021-07-05T16:08:01.0638770+08:00, 0, 12.94095, 48.29629, 1, 1, 1, False
1252.792, 2021-07-05T16:08:01.0716090+08:00, 0, 12.94095, 48.29629, 1, 1, 1, False
1252.796, 2021-07-05T16:08:01.0750200+08:00, 0, 12.94095, 48.29629, 1, 1, 1, False
1252.8, 2021-07-05T16:08:01.0791480+08:00, 0, 12.94095, 48.29629, 1, 1, 1, False
1252.804, 2021-07-05T16:08:01.0833840+08:00, 0, 12.94095, 48.29629, 1, 1, 1, False
1252.81, 2021-07-05T16:08:01.0896320+08:00, 0, 12.94095, 48.29629, 1, 1, 1, False
1252.816, 2021-07-05T16:08:01.0957520+08:00, 0, 12.94095, 48.29629, 1, 1, 1, False
1252.823, 2021-07-05T16:08:01.1023200+08:00, 0, 12.94095, 48.29629, 1, 1, 1, False
1252.829, 2021-07-05T16:08:01.1085670+08:00, 0, 12.94095, 48.29629, 1, 1, 1, False
1252.836, 2021-07-05T16:08:01.1150930+08:00, 0, 12.94095, 48.29629, 1, 1, 1, False
1252.841, 2021-07-05T16:08:01.1207480+08:00, 0, 12.94095, 48.29629, 1, 1, 1, False
1252.848, 2021-07-05T16:08:01.1277810+08:00, 0, 12.94095, 48.29629, 1, 1, 1, False
1252.854, 2021-07-05T16:08:01.1336000+08:00, 0, 12.94095, 48.29629, 1, 1, 1, False
1252.86, 2021-07-05T16:08:01.1398190+08:00, 0, 12.94095, 48.29629, 1, 1, 1, False
1252.867, 2021-07-05T16:08:01.1460520+08:00, 0, 12.94095, 48.29629, 1, 1, 1, False
1252.873, 2021-07-05T16:08:01.1521840+08:00, 0, 12.94095, 48.29629, 1, 1, 1, False
1252.88, 2021-07-05T16:08:01.1591720+08:00, 0, 12.94095, 48.29629, 1, 1, 1, False
1252.885, 2021-07-05T16:08:01.1646910+08:00, 0, 12.94095, 48.29629, 1, 1, 1, False
1252.892, 2021-07-05T16:08:01.1713540+08:00, 0, 12.94095, 48.29629, 1, 1, 1, False
1252.898, 2021-07-05T16:08:01.1770010+08:00, 0, 12.94095, 48.29629, 1, 1, 1, False
1252.904, 2021-07-05T16:08:01.1835620+08:00, 0, 12.94095, 48.29629, 1, 1, 1, False
1252.91, 2021-07-05T16:08:01.1895020+08:00, 0, 12.94095, 48.29629, 1, 1, 1, False
1252.916, 2021-07-05T16:08:01.1957640+08:00, 0, 12.94095, 48.29629, 1, 1, 1, False
1252.923, 2021-07-05T16:08:01.2021180+08:00, 0, 12.94095, 48.29629, 1, 1, 1, False
1252.928, 2021-07-05T16:08:01.2076260+08:00, 0, 12.94095, 48.29629, 1, 1, 1, False
1252.935, 2021-07-05T16:08:01.2144710+08:00, 0, 12.94095, 48.29629, 1, 1, 1, False
1252.941, 2021-07-05T16:08:01.2207290+08:00, 0, 12.94095, 48.29629, 1, 1, 1, False
1252.948, 2021-07-05T16:08:01.2273540+08:00, 0, 12.94095, 48.29629, 1, 1, 1, False
1252.954, 2021-07-05T16:08:01.2330360+08:00, 0, 12.94095, 48.29629, 1, 1, 1, False
1252.96, 2021-07-05T16:08:01.2396390+08:00, 0, 12.94095, 48.29629, 1, 1, 1, False
1252.966, 2021-07-05T16:08:01.2450780+08:00, 0, 12.94095, 48.29629, 1, 1, 1, False
1252.972, 2021-07-05T16:08:01.2517130+08:00, 0, 12.94095, 48.29629, 1, 1, 1, False
1252.979, 2021-07-05T16:08:01.2581400+08:00, 0, 12.94095, 48.29629, 1, 1, 1, False
1252.985, 2021-07-05T16:08:01.2643940+08:00, 0, 12.94095, 48.29629, 1, 1, 1, False
1252.992, 2021-07-05T16:08:01.2715590+08:00, 0, 12.94095, 48.29629, 1, 1, 1, False
1252.997, 2021-07-05T16:08:01.2768210+08:00, 0, 12.94095, 48.29629, 1, 1, 1, False
1253.004, 2021-07-05T16:08:01.2833060+08:00, 0, 12.94095, 48.29629, 1, 1, 1, False
1253.009, 2021-07-05T16:08:01.2888130+08:00, 0, 12.94095, 48.29629, 1, 1, 1, False
1253.017, 2021-07-05T16:08:01.2960700+08:00, 0, 12.94095, 48.29629, 1, 1, 1, False
1253.022, 2021-07-05T16:08:01.3014160+08:00, 0, 12.94095, 48.29629, 1, 1, 1, False
1253.029, 2021-07-05T16:08:01.3079990+08:00, 0, 12.94095, 48.29629, 1, 1, 1, False
1253.035, 2021-07-05T16:08:01.3145230+08:00, 0, 12.94095, 48.29629, 1, 1, 1, False
1253.041, 2021-07-05T16:08:01.3203580+08:00, 0, 12.94095, 48.29629, 1, 1, 1, False
1253.048, 2021-07-05T16:08:01.3276290+08:00, 0, 12.94095, 48.29629, 1, 1, 1, False
1253.057, 2021-07-05T16:08:01.3361830+08:00, 0, 12.94095, 48.29629, 1, 1, 1, False
1253.064, 2021-07-05T16:08:01.3436330+08:00, 0, 12.94095, 48.29629, 1, 1, 1, False
1253.068, 2021-07-05T16:08:01.3471760+08:00, 0, 12.94095, 48.29629, 1, 1, 1, False
1253.072, 2021-07-05T16:08:01.3515210+08:00, 0, 12.94095, 48.29629, 1, 1, 1, False
1253.078, 2021-07-05T16:08:01.3576690+08:00, 0, 12.94095, 48.29629, 1, 1, 1, False
1253.085, 2021-07-05T16:08:01.3641450+08:00, 0, 12.94095, 48.29629, 1, 1, 1, False
1253.092, 2021-07-05T16:08:01.3719280+08:00, 0, 12.94095, 48.29629, 1, 1, 1, False
1253.097, 2021-07-05T16:08:01.3766420+08:00, 0, 12.94095, 48.29629, 1, 1, 1, False
1253.105, 2021-07-05T16:08:01.3842680+08:00, 0, 12.94095, 48.29629, 1, 1, 1, False
1253.112, 2021-07-05T16:08:01.3918060+08:00, 0, 12.94095, 48.29629, 1, 1, 1, False
1253.121, 2021-07-05T16:08:01.4004330+08:00, 0, 12.94095, 48.29629, 1, 1, 1, False
1253.128, 2021-07-05T16:08:01.4079500+08:00, 0, 12.94095, 48.29629, 1, 1, 1, False
1253.136, 2021-07-05T16:08:01.4156950+08:00, 0, 12.94095, 48.29629, 1, 1, 1, False
1253.145, 2021-07-05T16:08:01.4242840+08:00, 0, 12.94095, 48.29629, 1, 1, 1, False
1253.152, 2021-07-05T16:08:01.4319550+08:00, 0, 12.94095, 48.29629, 1, 1, 1, False
1253.161, 2021-07-05T16:08:01.4400600+08:00, 0, 12.94095, 48.29629, 1, 1, 1, False
1253.169, 2021-07-05T16:08:01.4482280+08:00, 0, 12.94095, 48.29629, 1, 1, 1, False
1253.177, 2021-07-05T16:08:01.4560910+08:00, 0, 12.94095, 48.29629, 1, 1, 1, False
1253.184, 2021-07-05T16:08:01.4639460+08:00, 0, 12.94095, 48.29629, 1, 1, 1, False
1253.194, 2021-07-05T16:08:01.4731860+08:00, 0, 12.94095, 48.29629, 1, 1, 1, False
1253.2, 2021-07-05T16:08:01.4796410+08:00, 0, 12.94095, 48.29629, 1, 1, 1, False
1253.204, 2021-07-05T16:08:01.4831870+08:00, 0, 12.94095, 48.29629, 1, 1, 1, False
1253.208, 2021-07-05T16:08:01.4871400+08:00, 0, 12.94095, 48.29629, 1, 1, 1, False
1253.212, 2021-07-05T16:08:01.4911150+08:00, 0, 12.94095, 48.29629, 1, 1, 1, False
1253.216, 2021-07-05T16:08:01.4952870+08:00, 0, 12.94095, 48.29629, 1, 1, 1, False
1253.22, 2021-07-05T16:08:01.4991940+08:00, 0, 12.94095, 48.29629, 1, 1, 1, False
1253.224, 2021-07-05T16:08:01.5031710+08:00, 0, 12.94095, 48.29629, 1, 1, 1, False
1253.23, 2021-07-05T16:08:01.5090650+08:00, 0, 12.94095, 48.29629, 1, 1, 1, False
1253.236, 2021-07-05T16:08:01.5157000+08:00, 0, 12.94095, 48.29629, 1, 1, 1, False
1253.242, 2021-07-05T16:08:01.5217230+08:00, 0, 12.94095, 48.29629, 1, 1, 1, False
1253.248, 2021-07-05T16:08:01.5277720+08:00, 0, 12.94095, 48.29629, 1, 1, 1, False
1253.255, 2021-07-05T16:08:01.5344350+08:00, 0, 12.94095, 48.29629, 1, 1, 1, False
1253.261, 2021-07-05T16:08:01.5406110+08:00, 0, 12.94095, 48.29629, 1, 1, 1, False
1253.269, 2021-07-05T16:08:01.5481900+08:00, 0, 12.94095, 48.29629, 1, 1, 1, False
1253.276, 2021-07-05T16:08:01.5560130+08:00, 0, 12.94095, 48.29629, 1, 1, 1, False
1253.285, 2021-07-05T16:08:01.5642380+08:00, 0, 12.94095, 48.29629, 1, 1, 1, False
1253.293, 2021-07-05T16:08:01.5720690+08:00, 0, 12.94095, 48.29629, 1, 1, 1, False
1253.301, 2021-07-05T16:08:01.5801030+08:00, 0, 12.94095, 48.29629, 1, 1, 1, False
1253.309, 2021-07-05T16:08:01.5880910+08:00, 0, 12.94095, 48.29629, 1, 1, 1, False
1253.317, 2021-07-05T16:08:01.5959880+08:00, 0, 12.94095, 48.29629, 1, 1, 1, False
1253.324, 2021-07-05T16:08:01.6038360+08:00, 0, 12.94095, 48.29629, 1, 1, 1, False
1253.333, 2021-07-05T16:08:01.6122170+08:00, 0, 12.94095, 48.29629, 1, 1, 1, False
1253.34, 2021-07-05T16:08:01.6198090+08:00, 0, 12.94095, 48.29629, 1, 1, 1, False
1253.348, 2021-07-05T16:08:01.6276370+08:00, 0, 12.94095, 48.29629, 1, 1, 1, False
1253.357, 2021-07-05T16:08:01.6363380+08:00, 0, 12.94095, 48.29629, 1, 1, 1, False
1253.364, 2021-07-05T16:08:01.6435430+08:00, 0, 12.94095, 48.29629, 1, 1, 1, False
1253.368, 2021-07-05T16:08:01.6471520+08:00, 0, 12.94095, 48.29629, 1, 1, 1, False
1253.376, 2021-07-05T16:08:01.6605680+08:00, 0, 12.94095, 48.29629, 1, 1, 1, False
1253.388, 2021-07-05T16:08:01.6677200+08:00, 0, 12.94095, 48.29629, 1, 1, 1, False
1253.391, 2021-07-05T16:08:01.6709250+08:00, 0, 12.94095, 48.29629, 1, 1, 1, False
1253.396, 2021-07-05T16:08:01.6749490+08:00, 0, 12.94095, 48.29629, 1, 1, 1, False
1253.4, 2021-07-05T16:08:01.6791730+08:00, 0, 12.94095, 48.29629, 1, 1, 1, False
1253.404, 2021-07-05T16:08:01.6830590+08:00, 0, 12.94095, 48.29629, 1, 1, 1, False
1253.408, 2021-07-05T16:08:01.6870950+08:00, 0, 12.94095, 48.29629, 1, 1, 1, False
1253.412, 2021-07-05T16:08:01.6917720+08:00, 0, 12.94095, 48.29629, 1, 1, 1, False
1253.416, 2021-07-05T16:08:01.6950470+08:00, 0, 12.94095, 48.29629, 1, 1, 1, False
1253.421, 2021-07-05T16:08:01.7007720+08:00, 0, 12.94095, 48.29629, 1, 1, 1, False
1253.428, 2021-07-05T16:08:01.7074540+08:00, 0, 12.94095, 48.29629, 1, 1, 1, False
1253.434, 2021-07-05T16:08:01.7137800+08:00, 0, 12.94095, 48.29629, 1, 1, 1, False
1253.44, 2021-07-05T16:08:01.7199660+08:00, 0, 12.94095, 48.29629, 1, 1, 1, False
1253.447, 2021-07-05T16:08:01.7263220+08:00, 0, 12.94095, 48.29629, 1, 1, 1, False
1253.453, 2021-07-05T16:08:01.7327060+08:00, 0, 12.94095, 48.29629, 1, 1, 1, False
1253.461, 2021-07-05T16:08:01.7401680+08:00, 0, 12.94095, 48.29629, 1, 1, 1, False
1253.468, 2021-07-05T16:08:01.7473360+08:00, 0, 12.94095, 48.29629, 1, 1, 1, False
1253.472, 2021-07-05T16:08:01.7513030+08:00, 0, 12.94095, 48.29629, 1, 1, 1, False
1253.478, 2021-07-05T16:08:01.7572720+08:00, 0, 12.94095, 48.29629, 1, 1, 1, False
1253.484, 2021-07-05T16:08:01.7638430+08:00, 0, 12.94095, 48.29629, 1, 1, 1, False
1253.491, 2021-07-05T16:08:01.7701190+08:00, 0, 12.94095, 48.29629, 1, 1, 1, False
1253.497, 2021-07-05T16:08:01.7762820+08:00, 0, 12.94095, 48.29629, 1, 1, 1, False
1253.505, 2021-07-05T16:08:01.7841090+08:00, 0, 12.94095, 48.29629, 1, 1, 1, False
1253.513, 2021-07-05T16:08:01.7920490+08:00, 0, 12.94095, 48.29629, 1, 1, 1, False
1253.521, 2021-07-05T16:08:01.8002100+08:00, 0, 12.94095, 48.29629, 1, 1, 1, False
1253.529, 2021-07-05T16:08:01.8083300+08:00, 0, 12.94095, 48.29629, 1, 1, 1, False
1253.536, 2021-07-05T16:08:01.8158820+08:00, 0, 12.94095, 48.29629, 1, 1, 1, False
1253.545, 2021-07-05T16:08:01.8241510+08:00, 0, 12.94095, 48.29629, 1, 1, 1, False
1253.553, 2021-07-05T16:08:01.8321980+08:00, 0, 12.94095, 48.29629, 1, 1, 1, False
1253.56, 2021-07-05T16:08:01.8393860+08:00, 0, 12.94095, 48.29629, 1, 1, 1, False
1253.564, 2021-07-05T16:08:01.8431660+08:00, 0, 12.94095, 48.29629, 1, 1, 1, False
1253.568, 2021-07-05T16:08:01.8471420+08:00, 0, 12.94095, 48.29629, 1, 1, 1, False
1253.572, 2021-07-05T16:08:01.8513730+08:00, 0, 12.94095, 48.29629, 1, 1, 1, False
1253.576, 2021-07-05T16:08:01.8553260+08:00, 0, 12.94095, 48.29629, 1, 1, 1, False
1253.58, 2021-07-05T16:08:01.8590030+08:00, 0, 12.94095, 48.29629, 1, 1, 1, False
1253.585, 2021-07-05T16:08:01.8641220+08:00, 0, 12.94095, 48.29629, 1, 1, 1, False
1253.591, 2021-07-05T16:08:01.8701350+08:00, 0, 12.94095, 48.29629, 1, 1, 1, False
1253.598, 2021-07-05T16:08:01.8776330+08:00, 0, 12.94095, 48.29629, 1, 1, 1, False
1253.605, 2021-07-05T16:08:01.8846030+08:00, 0, 12.94095, 48.29629, 1, 1, 1, False
1253.611, 2021-07-05T16:08:01.8906830+08:00, 0, 12.94095, 48.29629, 1, 1, 1, False
1253.619, 2021-07-05T16:08:01.8984650+08:00, 0, 12.94095, 48.29629, 1, 1, 1, False
1253.626, 2021-07-05T16:08:01.9058550+08:00, 0, 12.94095, 48.29629, 1, 1, 1, False
1253.633, 2021-07-05T16:08:01.9122890+08:00, 0, 12.94095, 48.29629, 1, 1, 1, False
1253.64, 2021-07-05T16:08:01.9197060+08:00, 0, 12.94095, 48.29629, 1, 1, 1, False
1253.646, 2021-07-05T16:08:01.9259050+08:00, 0, 12.94095, 48.29629, 1, 1, 1, False
1253.654, 2021-07-05T16:08:01.9330620+08:00, 0, 12.94095, 48.29629, 1, 1, 1, False
1253.66, 2021-07-05T16:08:01.9399160+08:00, 0, 12.94095, 48.29629, 1, 1, 1, False
1253.667, 2021-07-05T16:08:01.9465570+08:00, 0, 12.94095, 48.29629, 1, 1, 1, False
1253.674, 2021-07-05T16:08:01.9535790+08:00, 0, 12.94095, 48.29629, 1, 1, 1, False
1253.682, 2021-07-05T16:08:01.9610350+08:00, 0, 12.94095, 48.29629, 1, 1, 1, False
1253.688, 2021-07-05T16:08:01.9679060+08:00, 0, 12.94095, 48.29629, 1, 1, 1, False
1253.695, 2021-07-05T16:08:01.9742620+08:00, 0, 12.94095, 48.29629, 1, 1, 1, False
1253.702, 2021-07-05T16:08:01.9814980+08:00, 0, 12.94095, 48.29629, 1, 1, 1, False
1253.709, 2021-07-05T16:08:01.9884260+08:00, 0, 12.94095, 48.29629, 1, 1, 1, False
1253.715, 2021-07-05T16:08:01.9948720+08:00, 0, 12.94095, 48.29629, 1, 1, 1, False
1253.723, 2021-07-05T16:08:02.0024580+08:00, 0, 12.94095, 48.29629, 1, 1, 1, False
1253.73, 2021-07-05T16:08:02.0095690+08:00, 0, 12.94095, 48.29629, 1, 1, 1, False
1253.737, 2021-07-05T16:08:02.0163290+08:00, 0, 12.94095, 48.29629, 1, 1, 1, False
1253.744, 2021-07-05T16:08:02.0235080+08:00, 0, 12.94095, 48.29629, 1, 1, 1, False
1253.751, 2021-07-05T16:08:02.0301750+08:00, 0, 12.94095, 48.29629, 1, 1, 1, False
1253.757, 2021-07-05T16:08:02.0363600+08:00, 0, 12.94095, 48.29629, 1, 1, 1, False
1253.764, 2021-07-05T16:08:02.0438290+08:00, 0, 12.94095, 48.29629, 1, 1, 1, False
1253.772, 2021-07-05T16:08:02.0512160+08:00, 0, 12.94095, 48.29629, 1, 1, 1, False
1253.778, 2021-07-05T16:08:02.0574970+08:00, 0, 12.94095, 48.29629, 1, 1, 1, False
1253.785, 2021-07-05T16:08:02.0648650+08:00, 0, 12.94095, 48.29629, 1, 1, 1, False
1253.793, 2021-07-05T16:08:02.0721560+08:00, 0, 12.94095, 48.29629, 1, 1, 1, False
1253.799, 2021-07-05T16:08:02.0781710+08:00, 0, 12.94095, 48.29629, 1, 1, 1, False
1253.806, 2021-07-05T16:08:02.0853720+08:00, 0, 12.94095, 48.29629, 1, 1, 1, False
1253.813, 2021-07-05T16:08:02.0923770+08:00, 0, 12.94095, 48.29629, 1, 1, 1, False
1253.82, 2021-07-05T16:08:02.0999670+08:00, 0, 12.94095, 48.29629, 1, 1, 1, False
1253.826, 2021-07-05T16:08:02.1058140+08:00, 0, 12.94095, 48.29629, 1, 1, 1, False
1253.834, 2021-07-05T16:08:02.1133760+08:00, 0, 12.94095, 48.29629, 1, 1, 1, False
1253.841, 2021-07-05T16:08:02.1200930+08:00, 0, 12.94095, 48.29629, 1, 1, 1, False
1253.847, 2021-07-05T16:08:02.1268140+08:00, 0, 12.94095, 48.29629, 1, 1, 1, False
1253.854, 2021-07-05T16:08:02.1336730+08:00, 0, 12.94095, 48.29629, 1, 1, 1, False
1253.861, 2021-07-05T16:08:02.1402420+08:00, 0, 12.94095, 48.29629, 1, 1, 1, False
1253.869, 2021-07-05T16:08:02.1481390+08:00, 0, 12.94095, 48.29629, 1, 1, 1, False
1253.875, 2021-07-05T16:08:02.1548410+08:00, 0, 12.94095, 48.29629, 1, 1, 1, False
1253.882, 2021-07-05T16:08:02.1613000+08:00, 0, 12.94095, 48.29629, 1, 1, 1, False
1253.889, 2021-07-05T16:08:02.1685540+08:00, 0, 12.94095, 48.29629, 1, 1, 1, False
1253.897, 2021-07-05T16:08:02.1761500+08:00, 0, 12.94095, 48.29629, 1, 1, 1, False
1253.903, 2021-07-05T16:08:02.1823460+08:00, 0, 12.94095, 48.29629, 1, 1, 1, False
1253.91, 2021-07-05T16:08:02.1893530+08:00, 0, 12.94095, 48.29629, 1, 1, 1, False
1253.917, 2021-07-05T16:08:02.1968430+08:00, 0, 12.94095, 48.29629, 1, 1, 1, False
1253.924, 2021-07-05T16:08:02.2038200+08:00, 0, 12.94095, 48.29629, 1, 1, 1, False
1253.931, 2021-07-05T16:08:02.2105660+08:00, 0, 12.94095, 48.29629, 1, 1, 1, False
1253.938, 2021-07-05T16:08:02.2173220+08:00, 0, 12.94095, 48.29629, 1, 1, 1, False
1253.945, 2021-07-05T16:08:02.2241760+08:00, 0, 12.94095, 48.29629, 1, 1, 1, False
1253.952, 2021-07-05T16:08:02.2309840+08:00, 0, 12.94095, 48.29629, 1, 1, 1, False
1253.958, 2021-07-05T16:08:02.2379210+08:00, 0, 12.94095, 48.29629, 1, 1, 1, False
1253.965, 2021-07-05T16:08:02.2449410+08:00, 0, 12.94095, 48.29629, 1, 1, 1, False
1253.973, 2021-07-05T16:08:02.2522420+08:00, 0, 12.94095, 48.29629, 1, 1, 1, False
1253.98, 2021-07-05T16:08:02.2594980+08:00, 0, 12.94095, 48.29629, 1, 1, 1, False
1253.987, 2021-07-05T16:08:02.2663240+08:00, 0, 12.94095, 48.29629, 1, 1, 1, False
1253.994, 2021-07-05T16:08:02.2731670+08:00, 0, 12.94095, 48.29629, 1, 1, 1, False
1254, 2021-07-05T16:08:02.2800070+08:00, 0, 12.94095, 48.29629, 1, 1, 1, False
1254.007, 2021-07-05T16:08:02.2866060+08:00, 0, 12.94095, 48.29629, 1, 1, 1, False
1254.015, 2021-07-05T16:08:02.2948350+08:00, 0, 12.94095, 48.29629, 1, 1, 1, False
1254.022, 2021-07-05T16:08:02.3016600+08:00, 0, 12.94095, 48.29629, 1, 1, 1, False
1254.029, 2021-07-05T16:08:02.3081410+08:00, 0, 12.94095, 48.29629, 1, 1, 1, False
1254.036, 2021-07-05T16:08:02.3152450+08:00, 0, 12.94095, 48.29629, 1, 1, 1, False
1254.043, 2021-07-05T16:08:02.3221280+08:00, 0, 12.94095, 48.29629, 1, 1, 1, False
1254.049, 2021-07-05T16:08:02.3286550+08:00, 0, 12.94095, 48.29629, 1, 1, 1, False
1254.057, 2021-07-05T16:08:02.3361530+08:00, 0, 12.94095, 48.29629, 1, 1, 1, False
1254.063, 2021-07-05T16:08:02.3423340+08:00, 0, 12.94095, 48.29629, 1, 1, 1, False
1254.069, 2021-07-05T16:08:02.3484090+08:00, 0, 12.94095, 48.29629, 1, 1, 1, False
1254.076, 2021-07-05T16:08:02.3554590+08:00, 0, 12.94095, 48.29629, 1, 1, 1, False
1254.082, 2021-07-05T16:08:02.3612770+08:00, 0, 12.94095, 48.29629, 1, 1, 1, False
1254.089, 2021-07-05T16:08:02.3679660+08:00, 0, 12.94095, 48.29629, 1, 1, 1, False
1254.094, 2021-07-05T16:08:02.3737080+08:00, 0, 12.94095, 48.29629, 1, 1, 1, False
1254.101, 2021-07-05T16:08:02.3800470+08:00, 0, 12.94095, 48.29629, 1, 1, 1, False
1254.106, 2021-07-05T16:08:02.3859210+08:00, 0, 12.94095, 48.29629, 1, 1, 1, False
1254.113, 2021-07-05T16:08:02.3924770+08:00, 0, 12.94095, 48.29629, 1, 1, 1, False
1254.12, 2021-07-05T16:08:02.3991470+08:00, 0, 12.94095, 48.29629, 1, 1, 1, False
1254.125, 2021-07-05T16:08:02.4046870+08:00, 0, 12.94095, 48.29629, 1, 1, 1, False
1254.132, 2021-07-05T16:08:02.4117050+08:00, 0, 12.94095, 48.29629, 1, 1, 1, False
1254.138, 2021-07-05T16:08:02.4173780+08:00, 0, 12.94095, 48.29629, 1, 1, 1, False
1254.144, 2021-07-05T16:08:02.4236220+08:00, 0, 12.94095, 48.29629, 1, 1, 1, False
1254.151, 2021-07-05T16:08:02.4300450+08:00, 0, 12.94095, 48.29629, 1, 1, 1, False
1254.157, 2021-07-05T16:08:02.4362600+08:00, 0, 12.94095, 48.29629, 1, 1, 1, False
1254.163, 2021-07-05T16:08:02.4422670+08:00, 0, 12.94095, 48.29629, 1, 1, 1, False
1254.169, 2021-07-05T16:08:02.4488200+08:00, 0, 12.94095, 48.29629, 1, 1, 1, False
1254.176, 2021-07-05T16:08:02.4555200+08:00, 0, 12.94095, 48.29629, 1, 1, 1, False
1254.181, 2021-07-05T16:08:02.4610230+08:00, 0, 12.94095, 48.29629, 1, 1, 1, False
1254.188, 2021-07-05T16:08:02.4678910+08:00, 0, 12.94095, 48.29629, 1, 1, 1, False
1254.194, 2021-07-05T16:08:02.4740250+08:00, 0, 12.94095, 48.29629, 1, 1, 1, False
1254.2, 2021-07-05T16:08:02.4796540+08:00, 0, 12.94095, 48.29629, 1, 1, 1, False
1254.207, 2021-07-05T16:08:02.4863340+08:00, 0, 12.94095, 48.29629, 1, 1, 1, False
1254.213, 2021-07-05T16:08:02.4925230+08:00, 0, 12.94095, 48.29629, 1, 1, 1, False
1254.22, 2021-07-05T16:08:02.4995550+08:00, 0, 12.94095, 48.29629, 1, 1, 1, False
1254.239, 2021-07-05T16:08:02.5184650+08:00, 0, 12.94095, 48.29629, 1, 1, 1, False
1254.244, 2021-07-05T16:08:02.5236400+08:00, 0, 12.94095, 48.29629, 1, 1, 1, False
1254.247, 2021-07-05T16:08:02.5269080+08:00, 0, 12.94095, 48.29629, 1, 1, 1, False
1254.252, 2021-07-05T16:08:02.5313820+08:00, 0, 12.94095, 48.29629, 1, 1, 1, False
1254.256, 2021-07-05T16:08:02.5352730+08:00, 0, 12.94095, 48.29629, 1, 1, 1, False
1254.26, 2021-07-05T16:08:02.5390270+08:00, 0, 12.94095, 48.29629, 1, 1, 1, False
1254.264, 2021-07-05T16:08:02.5432600+08:00, 0, 12.94095, 48.29629, 1, 1, 1, False
1254.269, 2021-07-05T16:08:02.5483080+08:00, 0, 12.94095, 48.29629, 1, 1, 1, False
1254.276, 2021-07-05T16:08:02.5550530+08:00, 0, 12.94095, 48.29629, 1, 1, 1, False
1254.282, 2021-07-05T16:08:02.5614420+08:00, 0, 12.94095, 48.29629, 1, 1, 1, False
1254.288, 2021-07-05T16:08:02.5678010+08:00, 0, 12.94095, 48.29629, 1, 1, 1, False
1254.295, 2021-07-05T16:08:02.5740090+08:00, 0, 12.94095, 48.29629, 1, 1, 1, False
1254.301, 2021-07-05T16:08:02.5803590+08:00, 0, 12.94095, 48.29629, 1, 1, 1, False
1254.308, 2021-07-05T16:08:02.5873660+08:00, 0, 12.94095, 48.29629, 1, 1, 1, False
1254.313, 2021-07-05T16:08:02.5926800+08:00, 0, 12.94095, 48.29629, 1, 1, 1, False
1254.32, 2021-07-05T16:08:02.5993460+08:00, 0, 12.94095, 48.29629, 1, 1, 1, False
1254.325, 2021-07-05T16:08:02.6047600+08:00, 0, 12.94095, 48.29629, 1, 1, 1, False
1254.332, 2021-07-05T16:08:02.6115270+08:00, 0, 12.94095, 48.29629, 1, 1, 1, False
1254.338, 2021-07-05T16:08:02.6177240+08:00, 0, 12.94095, 48.29629, 1, 1, 1, False
1254.344, 2021-07-05T16:08:02.6239130+08:00, 0, 12.94095, 48.29629, 1, 1, 1, False
1254.351, 2021-07-05T16:08:02.6302970+08:00, 0, 12.94095, 48.29629, 1, 1, 1, False
1254.357, 2021-07-05T16:08:02.6365390+08:00, 0, 12.94095, 48.29629, 1, 1, 1, False
1254.364, 2021-07-05T16:08:02.6434900+08:00, 0, 12.94095, 48.29629, 1, 1, 1, False
1254.37, 2021-07-05T16:08:02.6489260+08:00, 0, 12.94095, 48.29629, 1, 1, 1, False
1254.376, 2021-07-05T16:08:02.6556790+08:00, 0, 12.94095, 48.29629, 1, 1, 1, False
1254.382, 2021-07-05T16:08:02.6614830+08:00, 0, 12.94095, 48.29629, 1, 1, 1, False
1254.388, 2021-07-05T16:08:02.6676560+08:00, 0, 12.94095, 48.29629, 1, 1, 1, False
1254.394, 2021-07-05T16:08:02.6739230+08:00, 0, 12.94095, 48.29629, 1, 1, 1, False
1254.4, 2021-07-05T16:08:02.6798420+08:00, 0, 12.94095, 48.29629, 1, 1, 1, False
1254.407, 2021-07-05T16:08:02.6863780+08:00, 0, 12.94095, 48.29629, 1, 1, 1, False
1254.413, 2021-07-05T16:08:02.6927070+08:00, 0, 12.94095, 48.29629, 1, 1, 1, False
1254.42, 2021-07-05T16:08:02.6999650+08:00, 0, 12.94095, 48.29629, 1, 1, 1, False
1254.428, 2021-07-05T16:08:02.7075180+08:00, 0, 12.94095, 48.29629, 1, 1, 1, False
1254.432, 2021-07-05T16:08:02.7113720+08:00, 0, 12.94095, 48.29629, 1, 1, 1, False
1254.437, 2021-07-05T16:08:02.7169290+08:00, 0, 12.94095, 48.29629, 1, 1, 1, False
1254.445, 2021-07-05T16:08:02.7241220+08:00, 0, 12.94095, 48.29629, 1, 1, 1, False
1254.452, 2021-07-05T16:08:02.7347190+08:00, 0, 12.94095, 48.29629, 1, 1, 1, False
1254.46, 2021-07-05T16:08:02.7455030+08:00, 0, 12.94095, 48.29629, 1, 1, 1, False
1254.472, 2021-07-05T16:08:02.7515780+08:00, 0, 12.94095, 48.29629, 1, 1, 1, False
1254.476, 2021-07-05T16:08:02.7551210+08:00, 0, 12.94095, 48.29629, 1, 1, 1, False
1254.48, 2021-07-05T16:08:02.7593440+08:00, 0, 12.94095, 48.29629, 1, 1, 1, False
1254.484, 2021-07-05T16:08:02.7630680+08:00, 0, 12.94095, 48.29629, 1, 1, 1, False
1254.488, 2021-07-05T16:08:02.7674200+08:00, 0, 12.94095, 48.29629, 1, 1, 1, False
1254.494, 2021-07-05T16:08:02.7737940+08:00, 0, 12.94095, 48.29629, 1, 1, 1, False
1254.501, 2021-07-05T16:08:02.7801690+08:00, 0, 12.94095, 48.29629, 1, 1, 1, False
1254.508, 2021-07-05T16:08:02.7871960+08:00, 0, 12.94095, 48.29629, 1, 1, 1, False
1254.513, 2021-07-05T16:08:02.7926360+08:00, 0, 12.94095, 48.29629, 1, 1, 1, False
1254.521, 2021-07-05T16:08:02.8001110+08:00, 0, 12.94095, 48.29629, 1, 1, 1, False
1254.529, 2021-07-05T16:08:02.8083240+08:00, 0, 12.94095, 48.29629, 1, 1, 1, False
1254.536, 2021-07-05T16:08:02.8158780+08:00, 0, 12.94095, 48.29629, 1, 1, 1, False
1254.545, 2021-07-05T16:08:02.8242830+08:00, 0, 12.94095, 48.29629, 1, 1, 1, False
1254.552, 2021-07-05T16:08:02.8319180+08:00, 0, 12.94095, 48.29629, 1, 1, 1, False
1254.561, 2021-07-05T16:08:02.8404030+08:00, 0, 12.94095, 48.29629, 1, 1, 1, False
1254.568, 2021-07-05T16:08:02.8478510+08:00, 0, 12.94095, 48.29629, 1, 1, 1, False
1254.577, 2021-07-05T16:08:02.8560150+08:00, 0, 12.94095, 48.29629, 1, 1, 1, False
1254.585, 2021-07-05T16:08:02.8642460+08:00, 0, 12.94095, 48.29629, 1, 1, 1, False
1254.593, 2021-07-05T16:08:02.8721240+08:00, 0, 12.94095, 48.29629, 1, 1, 1, False
1254.6, 2021-07-05T16:08:02.8799520+08:00, 0, 12.94095, 48.29629, 1, 1, 1, False
1254.609, 2021-07-05T16:08:02.8882400+08:00, 0, 12.94095, 48.29629, 1, 1, 1, False
1254.616, 2021-07-05T16:08:02.8960020+08:00, 0, 12.94095, 48.29629, 1, 1, 1, False
1254.624, 2021-07-05T16:08:02.9037600+08:00, 0, 12.94095, 48.29629, 1, 1, 1, False
1254.628, 2021-07-05T16:08:02.9072190+08:00, 0, 12.94095, 48.29629, 1, 1, 1, False
1254.632, 2021-07-05T16:08:02.9112000+08:00, 0, 12.94095, 48.29629, 1, 1, 1, False
1254.636, 2021-07-05T16:08:02.9152450+08:00, 0, 12.94095, 48.29629, 1, 1, 1, False
1254.64, 2021-07-05T16:08:02.9191960+08:00, 0, 12.94095, 48.29629, 1, 1, 1, False
1254.644, 2021-07-05T16:08:02.9234530+08:00, 0, 12.94095, 48.29629, 1, 1, 1, False
1254.648, 2021-07-05T16:08:02.9269750+08:00, 0, 12.94095, 48.29629, 1, 1, 1, False
1254.652, 2021-07-05T16:08:02.9312890+08:00, 0, 12.94095, 48.29629, 1, 1, 1, False
1254.657, 2021-07-05T16:08:02.9368860+08:00, 0, 12.94095, 48.29629, 1, 1, 1, False
1254.664, 2021-07-05T16:08:02.9434950+08:00, 0, 12.94095, 48.29629, 1, 1, 1, False
1254.67, 2021-07-05T16:08:02.9498550+08:00, 0, 12.94095, 48.29629, 1, 1, 1, False
1254.676, 2021-07-05T16:08:02.9557920+08:00, 0, 12.94095, 48.29629, 1, 1, 1, False
1254.683, 2021-07-05T16:08:02.9624530+08:00, 0, 12.94095, 48.29629, 1, 1, 1, False
1254.689, 2021-07-05T16:08:02.9686520+08:00, 0, 12.94095, 48.29629, 1, 1, 1, False
1254.696, 2021-07-05T16:08:02.9758960+08:00, 0, 12.94095, 48.29629, 1, 1, 1, False
1254.705, 2021-07-05T16:08:02.9843500+08:00, 0, 12.94095, 48.29629, 1, 1, 1, False
1254.713, 2021-07-05T16:08:02.9921600+08:00, 0, 12.94095, 48.29629, 1, 1, 1, False
1254.721, 2021-07-05T16:08:03.0002020+08:00, 0, 12.94095, 48.29629, 1, 1, 1, False
1254.728, 2021-07-05T16:08:03.0077130+08:00, 0, 12.94095, 48.29629, 1, 1, 1, False
1254.737, 2021-07-05T16:08:03.0163120+08:00, 0, 12.94095, 48.29629, 1, 1, 1, False
1254.745, 2021-07-05T16:08:03.0240210+08:00, 0, 12.94095, 48.29629, 1, 1, 1, False
1254.752, 2021-07-05T16:08:03.0313840+08:00, 0, 12.94095, 48.29629, 1, 1, 1, False
1254.756, 2021-07-05T16:08:03.0350580+08:00, 0, 12.94095, 48.29629, 1, 1, 1, False
1254.76, 2021-07-05T16:08:03.0390860+08:00, 0, 12.94095, 48.29629, 1, 1, 1, False
1254.764, 2021-07-05T16:08:03.0432760+08:00, 0, 12.94095, 48.29629, 1, 1, 1, False
1254.768, 2021-07-05T16:08:03.0471830+08:00, 0, 12.94095, 48.29629, 1, 1, 1, False
1254.772, 2021-07-05T16:08:03.0512500+08:00, 0, 12.94095, 48.29629, 1, 1, 1, False
1254.776, 2021-07-05T16:08:03.0556520+08:00, 0, 12.94095, 48.29629, 1, 1, 1, False
1254.782, 2021-07-05T16:08:03.0616660+08:00, 0, 12.94095, 48.29629, 1, 1, 1, False
1254.789, 2021-07-05T16:08:03.0681530+08:00, 0, 12.94095, 48.29629, 1, 1, 1, False
1254.796, 2021-07-05T16:08:03.0754430+08:00, 0, 12.94095, 48.29629, 1, 1, 1, False
1254.805, 2021-07-05T16:08:03.0843680+08:00, 0, 12.94095, 48.29629, 1, 1, 1, False
1254.813, 2021-07-05T16:08:03.0919590+08:00, 0, 12.94095, 48.29629, 1, 1, 1, False
1254.82, 2021-07-05T16:08:03.0997980+08:00, 0, 12.94095, 48.29629, 1, 1, 1, False
1254.828, 2021-07-05T16:08:03.1075600+08:00, 0, 12.94095, 48.29629, 1, 1, 1, False
1254.832, 2021-07-05T16:08:03.1112910+08:00, 0, 12.94095, 48.29629, 1, 1, 1, False
1254.836, 2021-07-05T16:08:03.1151170+08:00, 0, 12.94095, 48.29629, 1, 1, 1, False
1254.84, 2021-07-05T16:08:03.1190900+08:00, 0, 12.94095, 48.29629, 1, 1, 1, False
1254.845, 2021-07-05T16:08:03.1241900+08:00, 0, 12.94095, 48.29629, 1, 1, 1, False
1254.851, 2021-07-05T16:08:03.1305480+08:00, 0, 12.94095, 48.29629, 1, 1, 1, False
1254.857, 2021-07-05T16:08:03.1368750+08:00, 0, 12.94095, 48.29629, 1, 1, 1, False
1254.864, 2021-07-05T16:08:03.1433290+08:00, 0, 12.94095, 48.29629, 1, 1, 1, False
1254.87, 2021-07-05T16:08:03.1495530+08:00, 0, 12.94095, 48.29629, 1, 1, 1, False
1254.876, 2021-07-05T16:08:03.1556060+08:00, 0, 12.94095, 48.29629, 1, 1, 1, False
1254.882, 2021-07-05T16:08:03.1617460+08:00, 0, 12.94095, 48.29629, 1, 1, 1, False
1254.889, 2021-07-05T16:08:03.1682740+08:00, 0, 12.94095, 48.29629, 1, 1, 1, False
1254.896, 2021-07-05T16:08:03.1755610+08:00, 0, 12.94095, 48.29629, 1, 1, 1, False
1254.905, 2021-07-05T16:08:03.1843130+08:00, 0, 12.94095, 48.29629, 1, 1, 1, False
1254.912, 2021-07-05T16:08:03.1919720+08:00, 0, 12.94095, 48.29629, 1, 1, 1, False
1254.92, 2021-07-05T16:08:03.1999670+08:00, 0, 12.94095, 48.29629, 1, 1, 1, False
1254.929, 2021-07-05T16:08:03.2080470+08:00, 0, 12.94095, 48.29629, 1, 1, 1, False
1254.937, 2021-07-05T16:08:03.2161970+08:00, 0, 12.94095, 48.29629, 1, 1, 1, False
1254.945, 2021-07-05T16:08:03.2240760+08:00, 0, 12.94095, 48.29629, 1, 1, 1, False
1254.953, 2021-07-05T16:08:03.2322770+08:00, 0, 12.94095, 48.29629, 1, 1, 1, False
1254.961, 2021-07-05T16:08:03.2401460+08:00, 0, 12.94095, 48.29629, 1, 1, 1, False
1254.968, 2021-07-05T16:08:03.2478030+08:00, 0, 12.94095, 48.29629, 1, 1, 1, False
1254.977, 2021-07-05T16:08:03.2560670+08:00, 0, 12.94095, 48.29629, 1, 1, 1, False
1254.984, 2021-07-05T16:08:03.2637390+08:00, 0, 12.94095, 48.29629, 1, 1, 1, False
1254.993, 2021-07-05T16:08:03.2722820+08:00, 0, 12.94095, 48.29629, 1, 1, 1, False
1255.001, 2021-07-05T16:08:03.2809790+08:00, 0, 12.94095, 48.29629, 1, 1, 1, False
1255.008, 2021-07-05T16:08:03.2875490+08:00, 0, 12.94095, 48.29629, 1, 1, 1, False
1255.012, 2021-07-05T16:08:03.2913290+08:00, 0, 12.94095, 48.29629, 1, 1, 1, False
1255.016, 2021-07-05T16:08:03.2952130+08:00, 0, 12.94095, 48.29629, 1, 1, 1, False
1255.02, 2021-07-05T16:08:03.2993520+08:00, 0, 12.94095, 48.29629, 1, 1, 1, False
1255.024, 2021-07-05T16:08:03.3032290+08:00, 0, 12.94095, 48.29629, 1, 1, 1, False
1255.028, 2021-07-05T16:08:03.3069900+08:00, 0, 12.94095, 48.29629, 1, 1, 1, False
1255.031, 2021-07-05T16:08:03.3109700+08:00, 0, 12.94095, 48.29629, 1, 1, 1, False
1255.037, 2021-07-05T16:08:03.3166860+08:00, 0, 12.94095, 48.29629, 1, 1, 1, False
1255.044, 2021-07-05T16:08:03.3233180+08:00, 0, 12.94095, 48.29629, 1, 1, 1, False
1255.05, 2021-07-05T16:08:03.3292490+08:00, 0, 12.94095, 48.29629, 1, 1, 1, False
1255.056, 2021-07-05T16:08:03.3359380+08:00, 0, 12.94095, 48.29629, 1, 1, 1, False
1255.062, 2021-07-05T16:08:03.3418120+08:00, 0, 12.94095, 48.29629, 1, 1, 1, False
1255.068, 2021-07-05T16:08:03.3478470+08:00, 0, 12.94095, 48.29629, 1, 1, 1, False
1255.075, 2021-07-05T16:08:03.3540360+08:00, 0, 12.94095, 48.29629, 1, 1, 1, False
1255.081, 2021-07-05T16:08:03.3603540+08:00, 0, 12.94095, 48.29629, 1, 1, 1, False
1255.088, 2021-07-05T16:08:03.3675580+08:00, 0, 12.94095, 48.29629, 1, 1, 1, False
1255.097, 2021-07-05T16:08:03.3763760+08:00, 0, 12.94095, 48.29629, 1, 1, 1, False
1255.105, 2021-07-05T16:08:03.3842590+08:00, 0, 12.94095, 48.29629, 1, 1, 1, False
1255.113, 2021-07-05T16:08:03.3922630+08:00, 0, 12.94095, 48.29629, 1, 1, 1, False
1255.12, 2021-07-05T16:08:03.4000460+08:00, 0, 12.94095, 48.29629, 1, 1, 1, False
1255.129, 2021-07-05T16:08:03.4084370+08:00, 0, 12.94095, 48.29629, 1, 1, 1, False
1255.136, 2021-07-05T16:08:03.4159000+08:00, 0, 12.94095, 48.29629, 1, 1, 1, False
1255.144, 2021-07-05T16:08:03.4236760+08:00, 0, 12.94095, 48.29629, 1, 1, 1, False
1255.148, 2021-07-05T16:08:03.4270800+08:00, 0, 12.94095, 48.29629, 1, 1, 1, False
1255.152, 2021-07-05T16:08:03.4311520+08:00, 0, 12.94095, 48.29629, 1, 1, 1, False
1255.156, 2021-07-05T16:08:03.4352050+08:00, 0, 12.94095, 48.29629, 1, 1, 1, False
1255.16, 2021-07-05T16:08:03.4393510+08:00, 0, 12.94095, 48.29629, 1, 1, 1, False
1255.164, 2021-07-05T16:08:03.4431630+08:00, 0, 12.94095, 48.29629, 1, 1, 1, False
1255.168, 2021-07-05T16:08:03.4474610+08:00, 0, 12.94095, 48.29629, 1, 1, 1, False
1255.174, 2021-07-05T16:08:03.4531660+08:00, 0, 12.94095, 48.29629, 1, 1, 1, False
1255.181, 2021-07-05T16:08:03.4600080+08:00, 0, 12.94095, 48.29629, 1, 1, 1, False
1255.187, 2021-07-05T16:08:03.4662810+08:00, 0, 12.94095, 48.29629, 1, 1, 1, False
1255.193, 2021-07-05T16:08:03.4722680+08:00, 0, 12.94095, 48.29629, 1, 1, 1, False
1255.2, 2021-07-05T16:08:03.4795980+08:00, 0, 12.94095, 48.29629, 1, 1, 1, False
1255.206, 2021-07-05T16:08:03.4851320+08:00, 0, 12.94095, 48.29629, 1, 1, 1, False
1255.213, 2021-07-05T16:08:03.4921540+08:00, 0, 12.94095, 48.29629, 1, 1, 1, False
1255.221, 2021-07-05T16:08:03.5001960+08:00, 0, 12.94095, 48.29629, 1, 1, 1, False
1255.229, 2021-07-05T16:08:03.5080920+08:00, 0, 12.94095, 48.29629, 1, 1, 1, False
1255.237, 2021-07-05T16:08:03.5162500+08:00, 0, 12.94095, 48.29629, 1, 1, 1, False
1255.244, 2021-07-05T16:08:03.5234150+08:00, 0, 12.94095, 48.29629, 1, 1, 1, False
1255.248, 2021-07-05T16:08:03.5271160+08:00, 0, 12.94095, 48.29629, 1, 1, 1, False
1255.252, 2021-07-05T16:08:03.5311100+08:00, 0, 12.94095, 48.29629, 1, 1, 1, False
1255.256, 2021-07-05T16:08:03.5352270+08:00, 0, 12.94095, 48.29629, 1, 1, 1, False
1255.261, 2021-07-05T16:08:03.5408370+08:00, 0, 12.94095, 48.29629, 1, 1, 1, False
1255.268, 2021-07-05T16:08:03.5479560+08:00, 0, 12.94095, 48.29629, 1, 1, 1, False
1255.274, 2021-07-05T16:08:03.5536200+08:00, 0, 12.94095, 48.29629, 1, 1, 1, False
1255.28, 2021-07-05T16:08:03.5596680+08:00, 0, 12.94095, 48.29629, 1, 1, 1, False
1255.287, 2021-07-05T16:08:03.5663920+08:00, 0, 12.94095, 48.29629, 1, 1, 1, False
1255.293, 2021-07-05T16:08:03.5725350+08:00, 0, 12.94095, 48.29629, 1, 1, 1, False
1255.301, 2021-07-05T16:08:03.5802400+08:00, 0, 12.94095, 48.29629, 1, 1, 1, False
1255.308, 2021-07-05T16:08:03.5876400+08:00, 0, 12.94095, 48.29629, 1, 1, 1, False
1255.312, 2021-07-05T16:08:03.5914200+08:00, 0, 12.94095, 48.29629, 1, 1, 1, False
1255.317, 2021-07-05T16:08:03.5969120+08:00, 0, 12.94095, 48.29629, 1, 1, 1, False
1255.324, 2021-07-05T16:08:03.6037010+08:00, 0, 12.94095, 48.29629, 1, 1, 1, False
1255.333, 2021-07-05T16:08:03.6121040+08:00, 0, 12.94095, 48.29629, 1, 1, 1, False
1255.34, 2021-07-05T16:08:03.6199820+08:00, 0, 12.94095, 48.29629, 1, 1, 1, False
1255.348, 2021-07-05T16:08:03.6279250+08:00, 0, 12.94095, 48.29629, 1, 1, 1, False
1255.352, 2021-07-05T16:08:03.6310860+08:00, 0, 12.94095, 48.29629, 1, 1, 1, False
1255.356, 2021-07-05T16:08:03.6353470+08:00, 0, 12.94095, 48.29629, 1, 1, 1, False
1255.362, 2021-07-05T16:08:03.6410830+08:00, 0, 12.94095, 48.29629, 1, 1, 1, False
1255.368, 2021-07-05T16:08:03.6475510+08:00, 0, 12.94095, 48.29629, 1, 1, 1, False
1255.374, 2021-07-05T16:08:03.6538790+08:00, 0, 12.94095, 48.29629, 1, 1, 1, False
1255.381, 2021-07-05T16:08:03.6602560+08:00, 0, 12.94095, 48.29629, 1, 1, 1, False
1255.389, 2021-07-05T16:08:03.6681940+08:00, 0, 12.94095, 48.29629, 1, 1, 1, False
1255.397, 2021-07-05T16:08:03.6760540+08:00, 0, 12.94095, 48.29629, 1, 1, 1, False
1255.405, 2021-07-05T16:08:03.6842880+08:00, 0, 12.94095, 48.29629, 1, 1, 1, False
1255.412, 2021-07-05T16:08:03.6919720+08:00, 0, 12.94095, 48.29629, 1, 1, 1, False
1255.416, 2021-07-05T16:08:03.6952610+08:00, 0, 12.94095, 48.29629, 1, 1, 1, False
1255.42, 2021-07-05T16:08:03.6991620+08:00, 0, 12.94095, 48.29629, 1, 1, 1, False
1255.424, 2021-07-05T16:08:03.7037510+08:00, 0, 12.94095, 48.29629, 1, 1, 1, False
1255.43, 2021-07-05T16:08:03.7095710+08:00, 0, 12.94095, 48.29629, 1, 1, 1, False
1255.437, 2021-07-05T16:08:03.7161550+08:00, 0, 12.94095, 48.29629, 1, 1, 1, False
1255.443, 2021-07-05T16:08:03.7224700+08:00, 0, 12.94095, 48.29629, 1, 1, 1, False
1255.449, 2021-07-05T16:08:03.7283930+08:00, 0, 12.94095, 48.29629, 1, 1, 1, False
1255.457, 2021-07-05T16:08:03.7361480+08:00, 0, 12.94095, 48.29629, 1, 1, 1, False
1255.464, 2021-07-05T16:08:03.7436610+08:00, 0, 12.94095, 48.29629, 1, 1, 1, False
1255.468, 2021-07-05T16:08:03.7472020+08:00, 0, 12.94095, 48.29629, 1, 1, 1, False
1255.474, 2021-07-05T16:08:03.7539010+08:00, 0, 12.94095, 48.29629, 1, 1, 1, False
1255.481, 2021-07-05T16:08:03.7602030+08:00, 0, 12.94095, 48.29629, 1, 1, 1, False
1255.488, 2021-07-05T16:08:03.7671790+08:00, 0, 12.94095, 48.29629, 1, 1, 1, False
1255.493, 2021-07-05T16:08:03.7726920+08:00, 0, 12.94095, 48.29629, 1, 1, 1, False
1255.5, 2021-07-05T16:08:03.7795710+08:00, 0, 12.94095, 48.29629, 1, 1, 1, False
1255.508, 2021-07-05T16:08:03.7876000+08:00, 0, 12.94095, 48.29629, 1, 1, 1, False
1255.512, 2021-07-05T16:08:03.7912970+08:00, 0, 12.94095, 48.29629, 1, 1, 1, False
1255.518, 2021-07-05T16:08:03.7975240+08:00, 0, 12.94095, 48.29629, 1, 1, 1, False
1255.529, 2021-07-05T16:08:03.8143070+08:00, 0, 12.94095, 48.29629, 1, 1, 1, False
1255.54, 2021-07-05T16:08:03.8193280+08:00, 0, 12.94095, 48.29629, 1, 1, 1, False
1255.544, 2021-07-05T16:08:03.8231290+08:00, 0, 12.94095, 48.29629, 1, 1, 1, False
1255.548, 2021-07-05T16:08:03.8272890+08:00, 0, 12.94095, 48.29629, 1, 1, 1, False
1255.552, 2021-07-05T16:08:03.8311900+08:00, 0, 12.94095, 48.29629, 1, 1, 1, False
1255.556, 2021-07-05T16:08:03.8352990+08:00, 0, 12.94095, 48.29629, 1, 1, 1, False
1255.562, 2021-07-05T16:08:03.8412440+08:00, 0, 12.94095, 48.29629, 1, 1, 1, False
1255.568, 2021-07-05T16:08:03.8478700+08:00, 0, 12.94095, 48.29629, 1, 1, 1, False
1255.575, 2021-07-05T16:08:03.8543950+08:00, 0, 12.94095, 48.29629, 1, 1, 1, False
1255.581, 2021-07-05T16:08:03.8603830+08:00, 0, 12.94095, 48.29629, 1, 1, 1, False
1255.588, 2021-07-05T16:08:03.8675100+08:00, 0, 12.94095, 48.29629, 1, 1, 1, False
1255.596, 2021-07-05T16:08:03.8754090+08:00, 0, 12.94095, 48.29629, 1, 1, 1, False
1255.6, 2021-07-05T16:08:03.8791930+08:00, 0, 12.94095, 48.29629, 1, 1, 1, False
1255.606, 2021-07-05T16:08:03.8855930+08:00, 0, 12.94095, 48.29629, 1, 1, 1, False
1255.612, 2021-07-05T16:08:03.8917940+08:00, 0, 12.94095, 48.29629, 1, 1, 1, False
1255.618, 2021-07-05T16:08:03.8977230+08:00, 0, 12.94095, 48.29629, 1, 1, 1, False
1255.625, 2021-07-05T16:08:03.9043340+08:00, 0, 12.94095, 48.29629, 1, 1, 1, False
1255.633, 2021-07-05T16:08:03.9119950+08:00, 0, 12.94095, 48.29629, 1, 1, 1, False
1255.637, 2021-07-05T16:08:03.9166530+08:00, 0, 12.94095, 48.29629, 1, 1, 1, False
1255.645, 2021-07-05T16:08:03.9240740+08:00, 0, 12.94095, 48.29629, 1, 1, 1, False
1255.653, 2021-07-05T16:08:03.9322090+08:00, 0, 12.94095, 48.29629, 1, 1, 1, False
1255.661, 2021-07-05T16:08:03.9400710+08:00, 0, 12.94095, 48.29629, 1, 1, 1, False
1255.668, 2021-07-05T16:08:03.9477400+08:00, 0, 12.94095, 48.29629, 1, 1, 1, False
1255.672, 2021-07-05T16:08:03.9510270+08:00, 0, 12.94095, 48.29629, 1, 1, 1, False
1255.676, 2021-07-05T16:08:03.9552720+08:00, 0, 12.94095, 48.29629, 1, 1, 1, False
1255.682, 2021-07-05T16:08:03.9610470+08:00, 0, 12.94095, 48.29629, 1, 1, 1, False
1255.688, 2021-07-05T16:08:03.9672960+08:00, 0, 12.94095, 48.29629, 1, 1, 1, False
1255.694, 2021-07-05T16:08:03.9735710+08:00, 0, 12.94095, 48.29629, 1, 1, 1, False
1255.7, 2021-07-05T16:08:03.9797390+08:00, 0, 12.94095, 48.29629, 1, 1, 1, False
1255.706, 2021-07-05T16:08:03.9856590+08:00, 0, 12.94095, 48.29629, 1, 1, 1, False
1255.713, 2021-07-05T16:08:03.9922370+08:00, 0, 12.94095, 48.29629, 1, 1, 1, False
1255.721, 2021-07-05T16:08:04.0003160+08:00, 0, 12.94095, 48.29629, 1, 1, 1, False
1255.729, 2021-07-05T16:08:04.0083470+08:00, 0, 12.94095, 48.29629, 1, 1, 1, False
1255.737, 2021-07-05T16:08:04.0161110+08:00, 0, 12.94095, 48.29629, 1, 1, 1, False
1255.745, 2021-07-05T16:08:04.0241330+08:00, 0, 12.94095, 48.29629, 1, 1, 1, False
1255.752, 2021-07-05T16:08:04.0319650+08:00, 0, 12.94095, 48.29629, 1, 1, 1, False
1255.761, 2021-07-05T16:08:04.0403460+08:00, 0, 12.94095, 48.29629, 1, 1, 1, False
1255.769, 2021-07-05T16:08:04.0484060+08:00, 0, 12.94095, 48.29629, 1, 1, 1, False
1255.776, 2021-07-05T16:08:04.0554040+08:00, 0, 12.94095, 48.29629, 1, 1, 1, False
1255.78, 2021-07-05T16:08:04.0591070+08:00, 0, 12.94095, 48.29629, 1, 1, 1, False
1255.784, 2021-07-05T16:08:04.0630970+08:00, 0, 12.94095, 48.29629, 1, 1, 1, False
1255.788, 2021-07-05T16:08:04.0674040+08:00, 0, 12.94095, 48.29629, 1, 1, 1, False
1255.801, 2021-07-05T16:08:04.0807370+08:00, 0, 12.94095, 48.29629, 1, 1, 1, False
1255.808, 2021-07-05T16:08:04.0870410+08:00, 0, 12.94095, 48.29629, 1, 1, 1, False
1255.812, 2021-07-05T16:08:04.0911980+08:00, 0, 12.94095, 48.29629, 1, 1, 1, False
1255.816, 2021-07-05T16:08:04.0952740+08:00, 0, 12.94095, 48.29629, 1, 1, 1, False
1255.82, 2021-07-05T16:08:04.0993150+08:00, 0, 12.94095, 48.29629, 1, 1, 1, False
1255.824, 2021-07-05T16:08:04.1033570+08:00, 0, 12.94095, 48.29629, 1, 1, 1, False
1255.828, 2021-07-05T16:08:04.1069560+08:00, 0, 12.94095, 48.29629, 1, 1, 1, False
1255.832, 2021-07-05T16:08:04.1112880+08:00, 0, 12.94095, 48.29629, 1, 1, 1, False
1255.837, 2021-07-05T16:08:04.1164760+08:00, 0, 12.94095, 48.29629, 1, 1, 1, False
1255.844, 2021-07-05T16:08:04.1236250+08:00, 0, 12.94095, 48.29629, 1, 1, 1, False
1255.85, 2021-07-05T16:08:04.1293750+08:00, 0, 12.94095, 48.29629, 1, 1, 1, False
1255.856, 2021-07-05T16:08:04.1355200+08:00, 0, 12.94095, 48.29629, 1, 1, 1, False
1255.862, 2021-07-05T16:08:04.1419180+08:00, 0, 12.94095, 48.29629, 1, 1, 1, False
1255.869, 2021-07-05T16:08:04.1482330+08:00, 0, 12.94095, 48.29629, 1, 1, 1, False
1255.877, 2021-07-05T16:08:04.1560770+08:00, 0, 12.94095, 48.29629, 1, 1, 1, False
1255.885, 2021-07-05T16:08:04.1644400+08:00, 0, 12.94095, 48.29629, 1, 1, 1, False
1255.892, 2021-07-05T16:08:04.1719840+08:00, 0, 12.94095, 48.29629, 1, 1, 1, False
1255.901, 2021-07-05T16:08:04.1803200+08:00, 0, 12.94095, 48.29629, 1, 1, 1, False
1255.908, 2021-07-05T16:08:04.1875640+08:00, 0, 12.94095, 48.29629, 1, 1, 1, False
1255.912, 2021-07-05T16:08:04.1911760+08:00, 0, 12.94095, 48.29629, 1, 1, 1, False
1255.916, 2021-07-05T16:08:04.1953310+08:00, 0, 12.94095, 48.29629, 1, 1, 1, False
1255.92, 2021-07-05T16:08:04.1992800+08:00, 0, 12.94095, 48.29629, 1, 1, 1, False
1255.924, 2021-07-05T16:08:04.2038840+08:00, 0, 12.94095, 48.29629, 1, 1, 1, False
1255.931, 2021-07-05T16:08:04.2103980+08:00, 0, 12.94095, 48.29629, 1, 1, 1, False
1255.937, 2021-07-05T16:08:04.2167820+08:00, 0, 12.94095, 48.29629, 1, 1, 1, False
1255.944, 2021-07-05T16:08:04.2238160+08:00, 0, 12.94095, 48.29629, 1, 1, 1, False
1255.953, 2021-07-05T16:08:04.2322170+08:00, 0, 12.94095, 48.29629, 1, 1, 1, False
1255.961, 2021-07-05T16:08:04.2400820+08:00, 0, 12.94095, 48.29629, 1, 1, 1, False
1255.969, 2021-07-05T16:08:04.2479950+08:00, 0, 12.94095, 48.29629, 1, 1, 1, False
1255.976, 2021-07-05T16:08:04.2554140+08:00, 0, 12.94095, 48.29629, 1, 1, 1, False
1255.98, 2021-07-05T16:08:04.2590890+08:00, 0, 12.94095, 48.29629, 1, 1, 1, False
1255.984, 2021-07-05T16:08:04.2632110+08:00, 0, 12.94095, 48.29629, 1, 1, 1, False
1255.988, 2021-07-05T16:08:04.2671770+08:00, 0, 12.94095, 48.29629, 1, 1, 1, False
1255.993, 2021-07-05T16:08:04.2723730+08:00, 0, 12.94095, 48.29629, 1, 1, 1, False
1256.001, 2021-07-05T16:08:04.2803250+08:00, 0, 12.94095, 48.29629, 1, 1, 1, False
1256.008, 2021-07-05T16:08:04.2875160+08:00, 0, 12.94095, 48.29629, 1, 1, 1, False
1256.012, 2021-07-05T16:08:04.2911960+08:00, 0, 12.94095, 48.29629, 1, 1, 1, False
1256.018, 2021-07-05T16:08:04.2978870+08:00, 0, 12.94095, 48.29629, 1, 1, 1, False
1256.025, 2021-07-05T16:08:04.3043200+08:00, 0, 12.94095, 48.29629, 1, 1, 1, False
1256.033, 2021-07-05T16:08:04.3121230+08:00, 0, 12.94095, 48.29629, 1, 1, 1, False
1256.041, 2021-07-05T16:08:04.3203430+08:00, 0, 12.94095, 48.29629, 1, 1, 1, False
1256.048, 2021-07-05T16:08:04.3280050+08:00, 0, 12.94095, 48.29629, 1, 1, 1, False
1256.057, 2021-07-05T16:08:04.3361830+08:00, 0, 12.94095, 48.29629, 1, 1, 1, False
1256.064, 2021-07-05T16:08:04.3435840+08:00, 0, 12.94095, 48.29629, 1, 1, 1, False
1256.072, 2021-07-05T16:08:04.3517450+08:00, 0, 12.94095, 48.29629, 1, 1, 1, False
1256.08, 2021-07-05T16:08:04.3596760+08:00, 0, 12.94095, 48.29629, 1, 1, 1, False
1256.088, 2021-07-05T16:08:04.3675670+08:00, 0, 12.94095, 48.29629, 1, 1, 1, False
1256.092, 2021-07-05T16:08:04.3712270+08:00, 0, 12.94095, 48.29629, 1, 1, 1, False
1256.095, 2021-07-05T16:08:04.3748950+08:00, 0, 12.94095, 48.29629, 1, 1, 1, False
1256.1, 2021-07-05T16:08:04.3795040+08:00, 0, 12.94095, 48.29629, 1, 1, 1, False
1256.104, 2021-07-05T16:08:04.3831670+08:00, 0, 12.94095, 48.29629, 1, 1, 1, False
1256.108, 2021-07-05T16:08:04.3873420+08:00, 0, 12.94095, 48.29629, 1, 1, 1, False
1256.112, 2021-07-05T16:08:04.3918710+08:00, 0, 12.94095, 48.29629, 1, 1, 1, False
1256.118, 2021-07-05T16:08:04.3975670+08:00, 0, 12.94095, 48.29629, 1, 1, 1, False
1256.124, 2021-07-05T16:08:04.4039530+08:00, 0, 12.94095, 48.29629, 1, 1, 1, False
1256.131, 2021-07-05T16:08:04.4101900+08:00, 0, 12.94095, 48.29629, 1, 1, 1, False
1256.137, 2021-07-05T16:08:04.4165670+08:00, 0, 12.94095, 48.29629, 1, 1, 1, False
1256.144, 2021-07-05T16:08:04.4236390+08:00, 0, 12.94095, 48.29629, 1, 1, 1, False
1256.15, 2021-07-05T16:08:04.4290000+08:00, 0, 12.94095, 48.29629, 1, 1, 1, False
1256.156, 2021-07-05T16:08:04.4360160+08:00, 0, 12.94095, 48.29629, 1, 1, 1, False
1256.164, 2021-07-05T16:08:04.4436150+08:00, 0, 12.94095, 48.29629, 1, 1, 1, False
1256.168, 2021-07-05T16:08:04.4475340+08:00, 0, 12.94095, 48.29629, 1, 1, 1, False
1256.174, 2021-07-05T16:08:04.4534230+08:00, 0, 12.94095, 48.29629, 1, 1, 1, False
1256.181, 2021-07-05T16:08:04.4602630+08:00, 0, 12.94095, 48.29629, 1, 1, 1, False
1256.189, 2021-07-05T16:08:04.4681780+08:00, 0, 12.94095, 48.29629, 1, 1, 1, False
1256.197, 2021-07-05T16:08:04.4761940+08:00, 0, 12.94095, 48.29629, 1, 1, 1, False
1256.205, 2021-07-05T16:08:04.4843620+08:00, 0, 12.94095, 48.29629, 1, 1, 1, False
1256.213, 2021-07-05T16:08:04.4921300+08:00, 0, 12.94095, 48.29629, 1, 1, 1, False
1256.221, 2021-07-05T16:08:04.5000950+08:00, 0, 12.94095, 48.29629, 1, 1, 1, False
1256.228, 2021-07-05T16:08:04.5079000+08:00, 0, 12.94095, 48.29629, 1, 1, 1, False
1256.236, 2021-07-05T16:08:04.5155740+08:00, 0, 12.94095, 48.29629, 1, 1, 1, False
1256.244, 2021-07-05T16:08:04.5238140+08:00, 0, 12.94095, 48.29629, 1, 1, 1, False
1256.252, 2021-07-05T16:08:04.5317740+08:00, 0, 12.94095, 48.29629, 1, 1, 1, False
1256.256, 2021-07-05T16:08:04.5351770+08:00, 0, 12.94095, 48.29629, 1, 1, 1, False
1256.26, 2021-07-05T16:08:04.5392880+08:00, 0, 12.94095, 48.29629, 1, 1, 1, False
1256.264, 2021-07-05T16:08:04.5431630+08:00, 0, 12.94095, 48.29629, 1, 1, 1, False
1256.268, 2021-07-05T16:08:04.5472920+08:00, 0, 12.94095, 48.29629, 1, 1, 1, False
1256.272, 2021-07-05T16:08:04.5512580+08:00, 0, 12.94095, 48.29629, 1, 1, 1, False
1256.276, 2021-07-05T16:08:04.5551240+08:00, 0, 12.94095, 48.29629, 1, 1, 1, False
1256.28, 2021-07-05T16:08:04.5597680+08:00, 0, 12.94095, 48.29629, 1, 1, 1, False
1256.286, 2021-07-05T16:08:04.5659960+08:00, 0, 12.94095, 48.29629, 1, 1, 1, False
1256.293, 2021-07-05T16:08:04.5726620+08:00, 0, 12.94095, 48.29629, 1, 1, 1, False
1256.3, 2021-07-05T16:08:04.5795240+08:00, 0, 12.94095, 48.29629, 1, 1, 1, False
1256.305, 2021-07-05T16:08:04.5849040+08:00, 0, 12.94095, 48.29629, 1, 1, 1, False
1256.312, 2021-07-05T16:08:04.5917990+08:00, 0, 12.94095, 48.29629, 1, 1, 1, False
1256.318, 2021-07-05T16:08:04.5974720+08:00, 0, 12.94095, 48.29629, 1, 1, 1, False
1256.325, 2021-07-05T16:08:04.6041860+08:00, 0, 12.94095, 48.29629, 1, 1, 1, False
1256.332, 2021-07-05T16:08:04.6113320+08:00, 0, 12.94095, 48.29629, 1, 1, 1, False
1256.337, 2021-07-05T16:08:04.6165650+08:00, 0, 12.94095, 48.29629, 1, 1, 1, False
1256.344, 2021-07-05T16:08:04.6232020+08:00, 0, 12.94095, 48.29629, 1, 1, 1, False
1256.349, 2021-07-05T16:08:04.6289560+08:00, 0, 12.94095, 48.29629, 1, 1, 1, False
1256.356, 2021-07-05T16:08:04.6356690+08:00, 0, 12.94095, 48.29629, 1, 1, 1, False
1256.362, 2021-07-05T16:08:04.6411800+08:00, 0, 12.94095, 48.29629, 1, 1, 1, False
1256.369, 2021-07-05T16:08:04.6480030+08:00, 0, 12.94095, 48.29629, 1, 1, 1, False
1256.376, 2021-07-05T16:08:04.6559880+08:00, 0, 12.94095, 48.29629, 1, 1, 1, False
1256.385, 2021-07-05T16:08:04.6644220+08:00, 0, 12.94095, 48.29629, 1, 1, 1, False
1256.392, 2021-07-05T16:08:04.6715950+08:00, 0, 12.94095, 48.29629, 1, 1, 1, False
1256.4, 2021-07-05T16:08:04.6798200+08:00, 0, 12.94095, 48.29629, 1, 1, 1, False
1256.408, 2021-07-05T16:08:04.6873340+08:00, 0, 12.94095, 48.29629, 1, 1, 1, False
1256.412, 2021-07-05T16:08:04.6910910+08:00, 0, 12.94095, 48.29629, 1, 1, 1, False
1256.416, 2021-07-05T16:08:04.6953740+08:00, 0, 12.94095, 48.29629, 1, 1, 1, False
1256.42, 2021-07-05T16:08:04.6991320+08:00, 0, 12.94095, 48.29629, 1, 1, 1, False
1256.424, 2021-07-05T16:08:04.7038070+08:00, 0, 12.94095, 48.29629, 1, 1, 1, False
1256.431, 2021-07-05T16:08:04.7100940+08:00, 0, 12.94095, 48.29629, 1, 1, 1, False
1256.437, 2021-07-05T16:08:04.7164500+08:00, 0, 12.94095, 48.29629, 1, 1, 1, False
1256.445, 2021-07-05T16:08:04.7242740+08:00, 0, 12.94095, 48.29629, 1, 1, 1, False
1256.453, 2021-07-05T16:08:04.7322560+08:00, 0, 12.94095, 48.29629, 1, 1, 1, False
1256.46, 2021-07-05T16:08:04.7399520+08:00, 0, 12.94095, 48.29629, 1, 1, 1, False
1256.469, 2021-07-05T16:08:04.7482500+08:00, 0, 12.94095, 48.29629, 1, 1, 1, False
1256.477, 2021-07-05T16:08:04.7560190+08:00, 0, 12.94095, 48.29629, 1, 1, 1, False
1256.485, 2021-07-05T16:08:04.7641060+08:00, 0, 12.94095, 48.29629, 1, 1, 1, False
1256.493, 2021-07-05T16:08:04.7722690+08:00, 0, 12.94095, 48.29629, 1, 1, 1, False
1256.5, 2021-07-05T16:08:04.7793350+08:00, 0, 12.94095, 48.29629, 1, 1, 1, False
1256.504, 2021-07-05T16:08:04.7832780+08:00, 0, 12.94095, 48.29629, 1, 1, 1, False
1256.508, 2021-07-05T16:08:04.7870580+08:00, 0, 12.94095, 48.29629, 1, 1, 1, False
1256.512, 2021-07-05T16:08:04.7919540+08:00, 0, 12.94095, 48.29629, 1, 1, 1, False
1256.516, 2021-07-05T16:08:04.7950630+08:00, 0, 12.94095, 48.29629, 1, 1, 1, False
1256.52, 2021-07-05T16:08:04.7993100+08:00, 0, 12.94095, 48.29629, 1, 1, 1, False
1256.524, 2021-07-05T16:08:04.8036730+08:00, 0, 12.94095, 48.29629, 1, 1, 1, False
1256.53, 2021-07-05T16:08:04.8097670+08:00, 0, 12.94095, 48.29629, 1, 1, 1, False
1256.537, 2021-07-05T16:08:04.8164360+08:00, 0, 12.94095, 48.29629, 1, 1, 1, False
1256.544, 2021-07-05T16:08:04.8236880+08:00, 0, 12.94095, 48.29629, 1, 1, 1, False
1256.549, 2021-07-05T16:08:04.8287990+08:00, 0, 12.94095, 48.29629, 1, 1, 1, False
1256.557, 2021-07-05T16:08:04.8361640+08:00, 0, 12.94095, 48.29629, 1, 1, 1, False
1256.564, 2021-07-05T16:08:04.8435320+08:00, 0, 12.94095, 48.29629, 1, 1, 1, False
1256.568, 2021-07-05T16:08:04.8473830+08:00, 0, 12.94095, 48.29629, 1, 1, 1, False
1256.574, 2021-07-05T16:08:04.8536310+08:00, 0, 12.94095, 48.29629, 1, 1, 1, False
1256.601, 2021-07-05T16:08:04.8807380+08:00, 0, 12.94095, 48.29629, 1, 1, 1, False
1256.612, 2021-07-05T16:08:04.8977300+08:00, 0, 12.94095, 48.29629, 1, 1, 1, False
1256.624, 2021-07-05T16:08:04.9038960+08:00, 0, 12.94095, 48.29629, 1, 1, 1, False
1256.628, 2021-07-05T16:08:04.9073390+08:00, 0, 12.94095, 48.29629, 1, 1, 1, False
1256.632, 2021-07-05T16:08:04.9113180+08:00, 0, 12.94095, 48.29629, 1, 1, 1, False
1256.636, 2021-07-05T16:08:04.9152060+08:00, 0, 12.94095, 48.29629, 1, 1, 1, False
1256.64, 2021-07-05T16:08:04.9192350+08:00, 0, 12.94095, 48.29629, 1, 1, 1, False
1256.644, 2021-07-05T16:08:04.9233610+08:00, 0, 12.94095, 48.29629, 1, 1, 1, False
1256.648, 2021-07-05T16:08:04.9271080+08:00, 0, 12.94095, 48.29629, 1, 1, 1, False
1256.652, 2021-07-05T16:08:04.9313340+08:00, 0, 12.94095, 48.29629, 1, 1, 1, False
1256.657, 2021-07-05T16:08:04.9369280+08:00, 0, 12.94095, 48.29629, 1, 1, 1, False
1256.664, 2021-07-05T16:08:04.9438060+08:00, 0, 12.94095, 48.29629, 1, 1, 1, False
1256.672, 2021-07-05T16:08:04.9520370+08:00, 0, 12.94095, 48.29629, 1, 1, 1, False
1256.68, 2021-07-05T16:08:04.9593470+08:00, 0, 12.94095, 48.29629, 1, 1, 1, False
1256.684, 2021-07-05T16:08:04.9631990+08:00, 0, 12.94095, 48.29629, 1, 1, 1, False
1256.689, 2021-07-05T16:08:04.9683190+08:00, 0, 12.94095, 48.29629, 1, 1, 1, False
1256.696, 2021-07-05T16:08:04.9753100+08:00, 0, 12.94095, 48.29629, 1, 1, 1, False
1256.702, 2021-07-05T16:08:04.9814420+08:00, 0, 12.94095, 48.29629, 1, 1, 1, False
1256.708, 2021-07-05T16:08:04.9877610+08:00, 0, 12.94095, 48.29629, 1, 1, 1, False
1256.714, 2021-07-05T16:08:04.9933820+08:00, 0, 12.94095, 48.29629, 1, 1, 1, False
1256.72, 2021-07-05T16:08:04.9999810+08:00, 0, 12.94095, 48.29629, 1, 1, 1, False
1256.727, 2021-07-05T16:08:05.0062420+08:00, 0, 12.94095, 48.29629, 1, 1, 1, False
1256.733, 2021-07-05T16:08:05.0124930+08:00, 0, 12.94095, 48.29629, 1, 1, 1, False
1256.74, 2021-07-05T16:08:05.0200460+08:00, 0, 12.94095, 48.29629, 1, 1, 1, False
1256.745, 2021-07-05T16:08:05.0248390+08:00, 0, 12.94095, 48.29629, 1, 1, 1, False
1256.752, 2021-07-05T16:08:05.0312140+08:00, 0, 12.94095, 48.29629, 1, 1, 1, False
1256.758, 2021-07-05T16:08:05.0374140+08:00, 0, 12.94095, 48.29629, 1, 1, 1, False
1256.764, 2021-07-05T16:08:05.0437410+08:00, 0, 12.94095, 48.29629, 1, 1, 1, False
1256.77, 2021-07-05T16:08:05.0495930+08:00, 0, 12.94095, 48.29629, 1, 1, 1, False
1256.777, 2021-07-05T16:08:05.0562950+08:00, 0, 12.94095, 48.29629, 1, 1, 1, False
1256.784, 2021-07-05T16:08:05.0633290+08:00, 0, 12.94095, 48.29629, 1, 1, 1, False
1256.789, 2021-07-05T16:08:05.0683630+08:00, 0, 12.94095, 48.29629, 1, 1, 1, False
1256.796, 2021-07-05T16:08:05.0756300+08:00, 0, 12.94095, 48.29629, 1, 1, 1, False
1256.802, 2021-07-05T16:08:05.0814800+08:00, 0, 12.94095, 48.29629, 1, 1, 1, False
1256.808, 2021-07-05T16:08:05.0878230+08:00, 0, 12.94095, 48.29629, 1, 1, 1, False
1256.814, 2021-07-05T16:08:05.0935080+08:00, 0, 12.94095, 48.29629, 1, 1, 1, False
1256.821, 2021-07-05T16:08:05.1000910+08:00, 0, 12.94095, 48.29629, 1, 1, 1, False
1256.828, 2021-07-05T16:08:05.1076770+08:00, 0, 12.94095, 48.29629, 1, 1, 1, False
1256.833, 2021-07-05T16:08:05.1125210+08:00, 0, 12.94095, 48.29629, 1, 1, 1, False
1256.84, 2021-07-05T16:08:05.1199230+08:00, 0, 12.94095, 48.29629, 1, 1, 1, False
1256.849, 2021-07-05T16:08:05.1280870+08:00, 0, 12.94095, 48.29629, 1, 1, 1, False
1256.857, 2021-07-05T16:08:05.1362130+08:00, 0, 12.94095, 48.29629, 1, 1, 1, False
1256.864, 2021-07-05T16:08:05.1439090+08:00, 0, 12.94095, 48.29629, 1, 1, 1, False
1256.872, 2021-07-05T16:08:05.1516510+08:00, 0, 12.94095, 48.29629, 1, 1, 1, False
1256.88, 2021-07-05T16:08:05.1597040+08:00, 0, 12.94095, 48.29629, 1, 1, 1, False
1256.889, 2021-07-05T16:08:05.1684460+08:00, 0, 12.94095, 48.29629, 1, 1, 1, False
1256.896, 2021-07-05T16:08:05.1755030+08:00, 0, 12.94095, 48.29629, 1, 1, 1, False
1256.9, 2021-07-05T16:08:05.1789940+08:00, 0, 12.94095, 48.29629, 1, 1, 1, False
1256.904, 2021-07-05T16:08:05.1832610+08:00, 0, 12.94095, 48.29629, 1, 1, 1, False
1256.908, 2021-07-05T16:08:05.1872460+08:00, 0, 12.94095, 48.29629, 1, 1, 1, False
1256.912, 2021-07-05T16:08:05.1918410+08:00, 0, 12.94095, 48.29629, 1, 1, 1, False
1256.916, 2021-07-05T16:08:05.1950860+08:00, 0, 12.94095, 48.29629, 1, 1, 1, False
1256.92, 2021-07-05T16:08:05.1993790+08:00, 0, 12.94095, 48.29629, 1, 1, 1, False
1256.926, 2021-07-05T16:08:05.2054240+08:00, 0, 12.94095, 48.29629, 1, 1, 1, False
1256.933, 2021-07-05T16:08:05.2122000+08:00, 0, 12.94095, 48.29629, 1, 1, 1, False
1256.94, 2021-07-05T16:08:05.2192160+08:00, 0, 12.94095, 48.29629, 1, 1, 1, False
1256.945, 2021-07-05T16:08:05.2243280+08:00, 0, 12.94095, 48.29629, 1, 1, 1, False
1256.953, 2021-07-05T16:08:05.2321580+08:00, 0, 12.94095, 48.29629, 1, 1, 1, False
1256.961, 2021-07-05T16:08:05.2405280+08:00, 0, 12.94095, 48.29629, 1, 1, 1, False
1256.968, 2021-07-05T16:08:05.2475530+08:00, 0, 12.94095, 48.29629, 1, 1, 1, False
1256.977, 2021-07-05T16:08:05.2563130+08:00, 0, 12.94095, 48.29629, 1, 1, 1, False
1256.985, 2021-07-05T16:08:05.2642410+08:00, 0, 12.94095, 48.29629, 1, 1, 1, False
1256.993, 2021-07-05T16:08:05.2721780+08:00, 0, 12.94095, 48.29629, 1, 1, 1, False
1257.001, 2021-07-05T16:08:05.2804370+08:00, 0, 12.94095, 48.29629, 1, 1, 1, False
1257.008, 2021-07-05T16:08:05.2877700+08:00, 0, 12.94095, 48.29629, 1, 1, 1, False
1257.012, 2021-07-05T16:08:05.2913900+08:00, 0, 12.94095, 48.29629, 1, 1, 1, False
1257.016, 2021-07-05T16:08:05.2950980+08:00, 0, 12.94095, 48.29629, 1, 1, 1, False
1257.02, 2021-07-05T16:08:05.2994280+08:00, 0, 12.94095, 48.29629, 1, 1, 1, False
1257.024, 2021-07-05T16:08:05.3033380+08:00, 0, 12.94095, 48.29629, 1, 1, 1, False
1257.028, 2021-07-05T16:08:05.3070820+08:00, 0, 12.94095, 48.29629, 1, 1, 1, False
1257.033, 2021-07-05T16:08:05.3120650+08:00, 0, 12.94095, 48.29629, 1, 1, 1, False
1257.039, 2021-07-05T16:08:05.3181480+08:00, 0, 12.94095, 48.29629, 1, 1, 1, False
1257.045, 2021-07-05T16:08:05.3249110+08:00, 0, 12.94095, 48.29629, 1, 1, 1, False
1257.052, 2021-07-05T16:08:05.3320130+08:00, 0, 12.94095, 48.29629, 1, 1, 1, False
1257.058, 2021-07-05T16:08:05.3371540+08:00, 0, 12.94095, 48.29629, 1, 1, 1, False
1257.064, 2021-07-05T16:08:05.3440830+08:00, 0, 12.94095, 48.29629, 1, 1, 1, False
1257.072, 2021-07-05T16:08:05.3514190+08:00, 0, 12.94095, 48.29629, 1, 1, 1, False
1257.077, 2021-07-05T16:08:05.3561840+08:00, 0, 12.94095, 48.29629, 1, 1, 1, False
1257.085, 2021-07-05T16:08:05.3643760+08:00, 0, 12.94095, 48.29629, 1, 1, 1, False
1257.092, 2021-07-05T16:08:05.3718560+08:00, 0, 12.94095, 48.29629, 1, 1, 1, False
1257.101, 2021-07-05T16:08:05.3803090+08:00, 0, 12.94095, 48.29629, 1, 1, 1, False
1257.108, 2021-07-05T16:08:05.3873120+08:00, 0, 12.94095, 48.29629, 1, 1, 1, False
1257.112, 2021-07-05T16:08:05.3912400+08:00, 0, 12.94095, 48.29629, 1, 1, 1, False
1257.116, 2021-07-05T16:08:05.3953070+08:00, 0, 12.94095, 48.29629, 1, 1, 1, False
1257.12, 2021-07-05T16:08:05.3997070+08:00, 0, 12.94095, 48.29629, 1, 1, 1, False
1257.126, 2021-07-05T16:08:05.4056120+08:00, 0, 12.94095, 48.29629, 1, 1, 1, False
1257.133, 2021-07-05T16:08:05.4122550+08:00, 0, 12.94095, 48.29629, 1, 1, 1, False
1257.14, 2021-07-05T16:08:05.4192600+08:00, 0, 12.94095, 48.29629, 1, 1, 1, False
1257.145, 2021-07-05T16:08:05.4246300+08:00, 0, 12.94095, 48.29629, 1, 1, 1, False
1257.152, 2021-07-05T16:08:05.4317200+08:00, 0, 12.94095, 48.29629, 1, 1, 1, False
1257.158, 2021-07-05T16:08:05.4374680+08:00, 0, 12.94095, 48.29629, 1, 1, 1, False
1257.164, 2021-07-05T16:08:05.4437390+08:00, 0, 12.94095, 48.29629, 1, 1, 1, False
1257.17, 2021-07-05T16:08:05.4499660+08:00, 0, 12.94095, 48.29629, 1, 1, 1, False
1257.177, 2021-07-05T16:08:05.4562300+08:00, 0, 12.94095, 48.29629, 1, 1, 1, False
1257.184, 2021-07-05T16:08:05.4638450+08:00, 0, 12.94095, 48.29629, 1, 1, 1, False
1257.189, 2021-07-05T16:08:05.4686580+08:00, 0, 12.94095, 48.29629, 1, 1, 1, False
1257.196, 2021-07-05T16:08:05.4755830+08:00, 0, 12.94095, 48.29629, 1, 1, 1, False
1257.201, 2021-07-05T16:08:05.4808020+08:00, 0, 12.94095, 48.29629, 1, 1, 1, False
1257.208, 2021-07-05T16:08:05.4877600+08:00, 0, 12.94095, 48.29629, 1, 1, 1, False
1257.214, 2021-07-05T16:08:05.4939320+08:00, 0, 12.94095, 48.29629, 1, 1, 1, False
1257.22, 2021-07-05T16:08:05.4998600+08:00, 0, 12.94095, 48.29629, 1, 1, 1, False
1257.227, 2021-07-05T16:08:05.5065050+08:00, 0, 12.94095, 48.29629, 1, 1, 1, False
1257.233, 2021-07-05T16:08:05.5127530+08:00, 0, 12.94095, 48.29629, 1, 1, 1, False
1257.24, 2021-07-05T16:08:05.5194570+08:00, 0, 12.94095, 48.29629, 1, 1, 1, False
1257.246, 2021-07-05T16:08:05.5252240+08:00, 0, 12.94095, 48.29629, 1, 1, 1, False
1257.252, 2021-07-05T16:08:05.5317730+08:00, 0, 12.94095, 48.29629, 1, 1, 1, False
1257.258, 2021-07-05T16:08:05.5372300+08:00, 0, 12.94095, 48.29629, 1, 1, 1, False
1257.264, 2021-07-05T16:08:05.5438650+08:00, 0, 12.94095, 48.29629, 1, 1, 1, False
1257.271, 2021-07-05T16:08:05.5500750+08:00, 0, 12.94095, 48.29629, 1, 1, 1, False
1257.276, 2021-07-05T16:08:05.5560280+08:00, 0, 12.94095, 48.29629, 1, 1, 1, False
1257.285, 2021-07-05T16:08:05.5641950+08:00, 0, 12.94095, 48.29629, 1, 1, 1, False
1257.293, 2021-07-05T16:08:05.5722960+08:00, 0, 12.94095, 48.29629, 1, 1, 1, False
1257.301, 2021-07-05T16:08:05.5803010+08:00, 0, 12.94095, 48.29629, 1, 1, 1, False
1257.308, 2021-07-05T16:08:05.5877450+08:00, 0, 12.94095, 48.29629, 1, 1, 1, False
1257.312, 2021-07-05T16:08:05.5913540+08:00, 0, 12.94095, 48.29629, 1, 1, 1, False
1257.316, 2021-07-05T16:08:05.5950820+08:00, 0, 12.94095, 48.29629, 1, 1, 1, False
1257.321, 2021-07-05T16:08:05.6001730+08:00, 0, 12.94095, 48.29629, 1, 1, 1, False
1257.327, 2021-07-05T16:08:05.6063000+08:00, 0, 12.94095, 48.29629, 1, 1, 1, False
1257.333, 2021-07-05T16:08:05.6129130+08:00, 0, 12.94095, 48.29629, 1, 1, 1, False
1257.341, 2021-07-05T16:08:05.6201060+08:00, 0, 12.94095, 48.29629, 1, 1, 1, False
1257.348, 2021-07-05T16:08:05.6273300+08:00, 0, 12.94095, 48.29629, 1, 1, 1, False
1257.352, 2021-07-05T16:08:05.6316460+08:00, 0, 12.94095, 48.29629, 1, 1, 1, False
1257.359, 2021-07-05T16:08:05.6380560+08:00, 0, 12.94095, 48.29629, 1, 1, 1, False
1257.364, 2021-07-05T16:08:05.6439070+08:00, 0, 12.94095, 48.29629, 1, 1, 1, False
1257.371, 2021-07-05T16:08:05.6505160+08:00, 0, 12.94095, 48.29629, 1, 1, 1, False
1257.377, 2021-07-05T16:08:05.6568800+08:00, 0, 12.94095, 48.29629, 1, 1, 1, False
1257.384, 2021-07-05T16:08:05.6636170+08:00, 0, 12.94095, 48.29629, 1, 1, 1, False
1257.39, 2021-07-05T16:08:05.6691970+08:00, 0, 12.94095, 48.29629, 1, 1, 1, False
1257.397, 2021-07-05T16:08:05.6762010+08:00, 0, 12.94095, 48.29629, 1, 1, 1, False
1257.405, 2021-07-05T16:08:05.6841740+08:00, 0, 12.94095, 48.29629, 1, 1, 1, False
1257.413, 2021-07-05T16:08:05.6921930+08:00, 0, 12.94095, 48.29629, 1, 1, 1, False
1257.428, 2021-07-05T16:08:05.7077480+08:00, 0, 12.94095, 48.29629, 1, 1, 1, False
1257.432, 2021-07-05T16:08:05.7111340+08:00, 0, 12.94095, 48.29629, 1, 1, 1, False
1257.436, 2021-07-05T16:08:05.7152740+08:00, 0, 12.94095, 48.29629, 1, 1, 1, False
1257.44, 2021-07-05T16:08:05.7192510+08:00, 0, 12.94095, 48.29629, 1, 1, 1, False
1257.444, 2021-07-05T16:08:05.7232950+08:00, 0, 12.94095, 48.29629, 1, 1, 1, False
1257.448, 2021-07-05T16:08:05.7270920+08:00, 0, 12.94095, 48.29629, 1, 1, 1, False
1257.452, 2021-07-05T16:08:05.7315040+08:00, 0, 12.94095, 48.29629, 1, 1, 1, False
1257.458, 2021-07-05T16:08:05.7374290+08:00, 0, 12.94095, 48.29629, 1, 1, 1, False
1257.465, 2021-07-05T16:08:05.7442820+08:00, 0, 12.94095, 48.29629, 1, 1, 1, False
1257.472, 2021-07-05T16:08:05.7511610+08:00, 0, 12.94095, 48.29629, 1, 1, 1, False
1257.477, 2021-07-05T16:08:05.7562950+08:00, 0, 12.94095, 48.29629, 1, 1, 1, False
1257.484, 2021-07-05T16:08:05.7633020+08:00, 0, 12.94095, 48.29629, 1, 1, 1, False
1257.489, 2021-07-05T16:08:05.7689520+08:00, 0, 12.94095, 48.29629, 1, 1, 1, False
1257.497, 2021-07-05T16:08:05.7761130+08:00, 0, 12.94095, 48.29629, 1, 1, 1, False
1257.502, 2021-07-05T16:08:05.7816050+08:00, 0, 12.94095, 48.29629, 1, 1, 1, False
1257.508, 2021-07-05T16:08:05.7878940+08:00, 0, 12.94095, 48.29629, 1, 1, 1, False
1257.514, 2021-07-05T16:08:05.7939320+08:00, 0, 12.94095, 48.29629, 1, 1, 1, False
1257.521, 2021-07-05T16:08:05.8005260+08:00, 0, 12.94095, 48.29629, 1, 1, 1, False
1257.528, 2021-07-05T16:08:05.8074740+08:00, 0, 12.94095, 48.29629, 1, 1, 1, False
1257.533, 2021-07-05T16:08:05.8125840+08:00, 0, 12.94095, 48.29629, 1, 1, 1, False
1257.541, 2021-07-05T16:08:05.8202380+08:00, 0, 12.94095, 48.29629, 1, 1, 1, False
1257.548, 2021-07-05T16:08:05.8277190+08:00, 0, 12.94095, 48.29629, 1, 1, 1, False
1257.552, 2021-07-05T16:08:05.8314060+08:00, 0, 12.94095, 48.29629, 1, 1, 1, False
1257.558, 2021-07-05T16:08:05.8380200+08:00, 0, 12.94095, 48.29629, 1, 1, 1, False
1257.565, 2021-07-05T16:08:05.8443990+08:00, 0, 12.94095, 48.29629, 1, 1, 1, False
1257.572, 2021-07-05T16:08:05.8513520+08:00, 0, 12.94095, 48.29629, 1, 1, 1, False
1257.577, 2021-07-05T16:08:05.8565950+08:00, 0, 12.94095, 48.29629, 1, 1, 1, False
1257.584, 2021-07-05T16:08:05.8632110+08:00, 0, 12.94095, 48.29629, 1, 1, 1, False
1257.589, 2021-07-05T16:08:05.8686320+08:00, 0, 12.94095, 48.29629, 1, 1, 1, False
1257.597, 2021-07-05T16:08:05.8764040+08:00, 0, 12.94095, 48.29629, 1, 1, 1, False
1257.605, 2021-07-05T16:08:05.8842290+08:00, 0, 12.94095, 48.29629, 1, 1, 1, False
1257.613, 2021-07-05T16:08:05.8920630+08:00, 0, 12.94095, 48.29629, 1, 1, 1, False
1257.621, 2021-07-05T16:08:05.9003250+08:00, 0, 12.94095, 48.29629, 1, 1, 1, False
1257.628, 2021-07-05T16:08:05.9077220+08:00, 0, 12.94095, 48.29629, 1, 1, 1, False
1257.632, 2021-07-05T16:08:05.9113240+08:00, 0, 12.94095, 48.29629, 1, 1, 1, False
1257.636, 2021-07-05T16:08:05.9150320+08:00, 0, 12.94095, 48.29629, 1, 1, 1, False
1257.64, 2021-07-05T16:08:05.9194480+08:00, 0, 12.94095, 48.29629, 1, 1, 1, False
1257.646, 2021-07-05T16:08:05.9252460+08:00, 0, 12.94095, 48.29629, 1, 1, 1, False
1257.652, 2021-07-05T16:08:05.9312920+08:00, 0, 12.94095, 48.29629, 1, 1, 1, False
1257.658, 2021-07-05T16:08:05.9378080+08:00, 0, 12.94095, 48.29629, 1, 1, 1, False
1257.665, 2021-07-05T16:08:05.9440780+08:00, 0, 12.94095, 48.29629, 1, 1, 1, False
1257.672, 2021-07-05T16:08:05.9569930+08:00, 0, 12.94095, 48.29629, 1, 1, 1, False
1257.684, 2021-07-05T16:08:05.9634610+08:00, 0, 12.94095, 48.29629, 1, 1, 1, False
1257.688, 2021-07-05T16:08:05.9672150+08:00, 0, 12.94095, 48.29629, 1, 1, 1, False
1257.692, 2021-07-05T16:08:05.9709950+08:00, 0, 12.94095, 48.29629, 1, 1, 1, False
1257.696, 2021-07-05T16:08:05.9754960+08:00, 0, 12.94095, 48.29629, 1, 1, 1, False
1257.702, 2021-07-05T16:08:05.9818590+08:00, 0, 12.94095, 48.29629, 1, 1, 1, False
1257.709, 2021-07-05T16:08:05.9881720+08:00, 0, 12.94095, 48.29629, 1, 1, 1, False
1257.716, 2021-07-05T16:08:05.9952940+08:00, 0, 12.94095, 48.29629, 1, 1, 1, False
1257.721, 2021-07-05T16:08:06.0004930+08:00, 0, 12.94095, 48.29629, 1, 1, 1, False
1257.729, 2021-07-05T16:08:06.0079640+08:00, 0, 12.94095, 48.29629, 1, 1, 1, False
1257.733, 2021-07-05T16:08:06.0128720+08:00, 0, 12.94095, 48.29629, 1, 1, 1, False
1257.74, 2021-07-05T16:08:06.0197500+08:00, 0, 12.94095, 48.29629, 1, 1, 1, False
1257.746, 2021-07-05T16:08:06.0253910+08:00, 0, 12.94095, 48.29629, 1, 1, 1, False
1257.752, 2021-07-05T16:08:06.0317400+08:00, 0, 12.94095, 48.29629, 1, 1, 1, False
1257.758, 2021-07-05T16:08:06.0375670+08:00, 0, 12.94095, 48.29629, 1, 1, 1, False
1257.765, 2021-07-05T16:08:06.0442260+08:00, 0, 12.94095, 48.29629, 1, 1, 1, False
1257.771, 2021-07-05T16:08:06.0505240+08:00, 0, 12.94095, 48.29629, 1, 1, 1, False
1257.777, 2021-07-05T16:08:06.0567460+08:00, 0, 12.94095, 48.29629, 1, 1, 1, False
1257.784, 2021-07-05T16:08:06.0637050+08:00, 0, 12.94095, 48.29629, 1, 1, 1, False
1257.793, 2021-07-05T16:08:06.0721710+08:00, 0, 12.94095, 48.29629, 1, 1, 1, False
1257.8, 2021-07-05T16:08:06.0797450+08:00, 0, 12.94095, 48.29629, 1, 1, 1, False
1257.808, 2021-07-05T16:08:06.0879700+08:00, 0, 12.94095, 48.29629, 1, 1, 1, False
1257.817, 2021-07-05T16:08:06.0962440+08:00, 0, 12.94095, 48.29629, 1, 1, 1, False
1257.824, 2021-07-05T16:08:06.1037710+08:00, 0, 12.94095, 48.29629, 1, 1, 1, False
1257.833, 2021-07-05T16:08:06.1123450+08:00, 0, 12.94095, 48.29629, 1, 1, 1, False
1257.841, 2021-07-05T16:08:06.1202030+08:00, 0, 12.94095, 48.29629, 1, 1, 1, False
1257.849, 2021-07-05T16:08:06.1280250+08:00, 0, 12.94095, 48.29629, 1, 1, 1, False
1257.857, 2021-07-05T16:08:06.1361120+08:00, 0, 12.94095, 48.29629, 1, 1, 1, False
1257.864, 2021-07-05T16:08:06.1436100+08:00, 0, 12.94095, 48.29629, 1, 1, 1, False
1257.873, 2021-07-05T16:08:06.1524490+08:00, 0, 12.94095, 48.29629, 1, 1, 1, False
1257.884, 2021-07-05T16:08:06.1634890+08:00, 0, 12.94095, 48.29629, 1, 1, 1, False
1257.888, 2021-07-05T16:08:06.1671660+08:00, 0, 12.94095, 48.29629, 1, 1, 1, False
1257.891, 2021-07-05T16:08:06.1709410+08:00, 0, 12.94095, 48.29629, 1, 1, 1, False
1257.896, 2021-07-05T16:08:06.1752860+08:00, 0, 12.94095, 48.29629, 1, 1, 1, False
1257.9, 2021-07-05T16:08:06.1793630+08:00, 0, 12.94095, 48.29629, 1, 1, 1, False
1257.904, 2021-07-05T16:08:06.1831770+08:00, 0, 12.94095, 48.29629, 1, 1, 1, False
1257.908, 2021-07-05T16:08:06.1871750+08:00, 0, 12.94095, 48.29629, 1, 1, 1, False
1257.913, 2021-07-05T16:08:06.1927910+08:00, 0, 12.94095, 48.29629, 1, 1, 1, False
1257.92, 2021-07-05T16:08:06.1999940+08:00, 0, 12.94095, 48.29629, 1, 1, 1, False
1257.926, 2021-07-05T16:08:06.2056530+08:00, 0, 12.94095, 48.29629, 1, 1, 1, False
1257.932, 2021-07-05T16:08:06.2117670+08:00, 0, 12.94095, 48.29629, 1, 1, 1, False
1257.939, 2021-07-05T16:08:06.2182500+08:00, 0, 12.94095, 48.29629, 1, 1, 1, False
1257.945, 2021-07-05T16:08:06.2242410+08:00, 0, 12.94095, 48.29629, 1, 1, 1, False
1257.953, 2021-07-05T16:08:06.2320470+08:00, 0, 12.94095, 48.29629, 1, 1, 1, False
1257.961, 2021-07-05T16:08:06.2403730+08:00, 0, 12.94095, 48.29629, 1, 1, 1, False
1257.968, 2021-07-05T16:08:06.2475100+08:00, 0, 12.94095, 48.29629, 1, 1, 1, False
1257.977, 2021-07-05T16:08:06.2563530+08:00, 0, 12.94095, 48.29629, 1, 1, 1, False
1257.985, 2021-07-05T16:08:06.2641280+08:00, 0, 12.94095, 48.29629, 1, 1, 1, False
1257.992, 2021-07-05T16:08:06.2716830+08:00, 0, 12.94095, 48.29629, 1, 1, 1, False
1257.996, 2021-07-05T16:08:06.2752670+08:00, 0, 12.94095, 48.29629, 1, 1, 1, False
1258, 2021-07-05T16:08:06.2792520+08:00, 0, 12.94095, 48.29629, 1, 1, 1, False
1258.004, 2021-07-05T16:08:06.2832220+08:00, 0, 12.94095, 48.29629, 1, 1, 1, False
1258.008, 2021-07-05T16:08:06.2873170+08:00, 0, 12.94095, 48.29629, 1, 1, 1, False
1258.014, 2021-07-05T16:08:06.2934100+08:00, 0, 12.94095, 48.29629, 1, 1, 1, False
1258.02, 2021-07-05T16:08:06.2996320+08:00, 0, 12.94095, 48.29629, 1, 1, 1, False
1258.027, 2021-07-05T16:08:06.3060730+08:00, 0, 12.94095, 48.29629, 1, 1, 1, False
1258.033, 2021-07-05T16:08:06.3122400+08:00, 0, 12.94095, 48.29629, 1, 1, 1, False
1258.04, 2021-07-05T16:08:06.3198990+08:00, 0, 12.94095, 48.29629, 1, 1, 1, False
1258.048, 2021-07-05T16:08:06.3280100+08:00, 0, 12.94095, 48.29629, 1, 1, 1, False
1258.056, 2021-07-05T16:08:06.3356440+08:00, 0, 12.94095, 48.29629, 1, 1, 1, False
1258.064, 2021-07-05T16:08:06.3436790+08:00, 0, 12.94095, 48.29629, 1, 1, 1, False
1258.068, 2021-07-05T16:08:06.3471130+08:00, 0, 12.94095, 48.29629, 1, 1, 1, False
1258.072, 2021-07-05T16:08:06.3511910+08:00, 0, 12.94095, 48.29629, 1, 1, 1, False
1258.076, 2021-07-05T16:08:06.3554810+08:00, 0, 12.94095, 48.29629, 1, 1, 1, False
1258.082, 2021-07-05T16:08:06.3616630+08:00, 0, 12.94095, 48.29629, 1, 1, 1, False
1258.089, 2021-07-05T16:08:06.3682520+08:00, 0, 12.94095, 48.29629, 1, 1, 1, False
1258.096, 2021-07-05T16:08:06.3751890+08:00, 0, 12.94095, 48.29629, 1, 1, 1, False
1258.101, 2021-07-05T16:08:06.3803270+08:00, 0, 12.94095, 48.29629, 1, 1, 1, False
1258.108, 2021-07-05T16:08:06.3872810+08:00, 0, 12.94095, 48.29629, 1, 1, 1, False
1258.113, 2021-07-05T16:08:06.3928380+08:00, 0, 12.94095, 48.29629, 1, 1, 1, False
1258.121, 2021-07-05T16:08:06.4001830+08:00, 0, 12.94095, 48.29629, 1, 1, 1, False
1258.129, 2021-07-05T16:08:06.4082740+08:00, 0, 12.94095, 48.29629, 1, 1, 1, False
1258.137, 2021-07-05T16:08:06.4161130+08:00, 0, 12.94095, 48.29629, 1, 1, 1, False
1258.145, 2021-07-05T16:08:06.4241290+08:00, 0, 12.94095, 48.29629, 1, 1, 1, False
1258.152, 2021-07-05T16:08:06.4313670+08:00, 0, 12.94095, 48.29629, 1, 1, 1, False
1258.156, 2021-07-05T16:08:06.4354680+08:00, 0, 12.94095, 48.29629, 1, 1, 1, False
1258.159, 2021-07-05T16:08:06.4389600+08:00, 0, 12.94095, 48.29629, 1, 1, 1, False
1258.164, 2021-07-05T16:08:06.4434400+08:00, 0, 12.94095, 48.29629, 1, 1, 1, False
1258.169, 2021-07-05T16:08:06.4490050+08:00, 0, 12.94095, 48.29629, 1, 1, 1, False
1258.176, 2021-07-05T16:08:06.4558780+08:00, 0, 12.94095, 48.29629, 1, 1, 1, False
1258.182, 2021-07-05T16:08:06.4615530+08:00, 0, 12.94095, 48.29629, 1, 1, 1, False
1258.188, 2021-07-05T16:08:06.4678330+08:00, 0, 12.94095, 48.29629, 1, 1, 1, False
1258.195, 2021-07-05T16:08:06.4744020+08:00, 0, 12.94095, 48.29629, 1, 1, 1, False
1258.201, 2021-07-05T16:08:06.4806910+08:00, 0, 12.94095, 48.29629, 1, 1, 1, False
1258.208, 2021-07-05T16:08:06.4872450+08:00, 0, 12.94095, 48.29629, 1, 1, 1, False
1258.213, 2021-07-05T16:08:06.4928710+08:00, 0, 12.94095, 48.29629, 1, 1, 1, False
1258.221, 2021-07-05T16:08:06.5001820+08:00, 0, 12.94095, 48.29629, 1, 1, 1, False
1258.229, 2021-07-05T16:08:06.5082970+08:00, 0, 12.94095, 48.29629, 1, 1, 1, False
1258.237, 2021-07-05T16:08:06.5160800+08:00, 0, 12.94095, 48.29629, 1, 1, 1, False
1258.245, 2021-07-05T16:08:06.5243760+08:00, 0, 12.94095, 48.29629, 1, 1, 1, False
1258.252, 2021-07-05T16:08:06.5316280+08:00, 0, 12.94095, 48.29629, 1, 1, 1, False
1258.255, 2021-07-05T16:08:06.5350520+08:00, 0, 12.94095, 48.29629, 1, 1, 1, False
1258.26, 2021-07-05T16:08:06.5390970+08:00, 0, 12.94095, 48.29629, 1, 1, 1, False
1258.264, 2021-07-05T16:08:06.5434090+08:00, 0, 12.94095, 48.29629, 1, 1, 1, False
1258.27, 2021-07-05T16:08:06.5494000+08:00, 0, 12.94095, 48.29629, 1, 1, 1, False
1258.276, 2021-07-05T16:08:06.5557980+08:00, 0, 12.94095, 48.29629, 1, 1, 1, False
1258.282, 2021-07-05T16:08:06.5616400+08:00, 0, 12.94095, 48.29629, 1, 1, 1, False
1258.288, 2021-07-05T16:08:06.5678140+08:00, 0, 12.94095, 48.29629, 1, 1, 1, False
1258.295, 2021-07-05T16:08:06.5745780+08:00, 0, 12.94095, 48.29629, 1, 1, 1, False
1258.301, 2021-07-05T16:08:06.5808760+08:00, 0, 12.94095, 48.29629, 1, 1, 1, False
1258.308, 2021-07-05T16:08:06.5874800+08:00, 0, 12.94095, 48.29629, 1, 1, 1, False
1258.314, 2021-07-05T16:08:06.5932160+08:00, 0, 12.94095, 48.29629, 1, 1, 1, False
1258.32, 2021-07-05T16:08:06.5997960+08:00, 0, 12.94095, 48.29629, 1, 1, 1, False
1258.326, 2021-07-05T16:08:06.6056750+08:00, 0, 12.94095, 48.29629, 1, 1, 1, False
1258.333, 2021-07-05T16:08:06.6123390+08:00, 0, 12.94095, 48.29629, 1, 1, 1, False
1258.34, 2021-07-05T16:08:06.6192860+08:00, 0, 12.94095, 48.29629, 1, 1, 1, False
1258.345, 2021-07-05T16:08:06.6247350+08:00, 0, 12.94095, 48.29629, 1, 1, 1, False
1258.353, 2021-07-05T16:08:06.6320690+08:00, 0, 12.94095, 48.29629, 1, 1, 1, False
1258.361, 2021-07-05T16:08:06.6405850+08:00, 0, 12.94095, 48.29629, 1, 1, 1, False
1258.368, 2021-07-05T16:08:06.6479510+08:00, 0, 12.94095, 48.29629, 1, 1, 1, False
1258.376, 2021-07-05T16:08:06.6557230+08:00, 0, 12.94095, 48.29629, 1, 1, 1, False
1258.38, 2021-07-05T16:08:06.6592010+08:00, 0, 12.94095, 48.29629, 1, 1, 1, False
1258.384, 2021-07-05T16:08:06.6631450+08:00, 0, 12.94095, 48.29629, 1, 1, 1, False
1258.389, 2021-07-05T16:08:06.6686200+08:00, 0, 12.94095, 48.29629, 1, 1, 1, False
1258.396, 2021-07-05T16:08:06.6751700+08:00, 0, 12.94095, 48.29629, 1, 1, 1, False
1258.401, 2021-07-05T16:08:06.6808350+08:00, 0, 12.94095, 48.29629, 1, 1, 1, False
1258.408, 2021-07-05T16:08:06.6876610+08:00, 0, 12.94095, 48.29629, 1, 1, 1, False
1258.414, 2021-07-05T16:08:06.6932040+08:00, 0, 12.94095, 48.29629, 1, 1, 1, False
1258.421, 2021-07-05T16:08:06.7000850+08:00, 0, 12.94095, 48.29629, 1, 1, 1, False
1258.428, 2021-07-05T16:08:06.7073450+08:00, 0, 12.94095, 48.29629, 1, 1, 1, False
1258.433, 2021-07-05T16:08:06.7122720+08:00, 0, 12.94095, 48.29629, 1, 1, 1, False
1258.441, 2021-07-05T16:08:06.7204520+08:00, 0, 12.94095, 48.29629, 1, 1, 1, False
1258.448, 2021-07-05T16:08:06.7279850+08:00, 0, 12.94095, 48.29629, 1, 1, 1, False
1258.457, 2021-07-05T16:08:06.7363050+08:00, 0, 12.94095, 48.29629, 1, 1, 1, False
1258.464, 2021-07-05T16:08:06.7436700+08:00, 0, 12.94095, 48.29629, 1, 1, 1, False
1258.468, 2021-07-05T16:08:06.7470780+08:00, 0, 12.94095, 48.29629, 1, 1, 1, False
1258.472, 2021-07-05T16:08:06.7511070+08:00, 0, 12.94095, 48.29629, 1, 1, 1, False
1258.476, 2021-07-05T16:08:06.7558520+08:00, 0, 12.94095, 48.29629, 1, 1, 1, False
1258.482, 2021-07-05T16:08:06.7619090+08:00, 0, 12.94095, 48.29629, 1, 1, 1, False
1258.489, 2021-07-05T16:08:06.7685550+08:00, 0, 12.94095, 48.29629, 1, 1, 1, False
1258.496, 2021-07-05T16:08:06.7752900+08:00, 0, 12.94095, 48.29629, 1, 1, 1, False
1258.501, 2021-07-05T16:08:06.7806070+08:00, 0, 12.94095, 48.29629, 1, 1, 1, False
1258.508, 2021-07-05T16:08:06.7872310+08:00, 0, 12.94095, 48.29629, 1, 1, 1, False
1258.514, 2021-07-05T16:08:06.7935260+08:00, 0, 12.94095, 48.29629, 1, 1, 1, False
1258.52, 2021-07-05T16:08:06.7996310+08:00, 0, 12.94095, 48.29629, 1, 1, 1, False
1258.526, 2021-07-05T16:08:06.8056370+08:00, 0, 12.94095, 48.29629, 1, 1, 1, False
1258.533, 2021-07-05T16:08:06.8122750+08:00, 0, 12.94095, 48.29629, 1, 1, 1, False
1258.54, 2021-07-05T16:08:06.8197510+08:00, 0, 12.94095, 48.29629, 1, 1, 1, False
1258.549, 2021-07-05T16:08:06.8280960+08:00, 0, 12.94095, 48.29629, 1, 1, 1, False
1258.557, 2021-07-05T16:08:06.8361340+08:00, 0, 12.94095, 48.29629, 1, 1, 1, False
1258.564, 2021-07-05T16:08:06.8433120+08:00, 0, 12.94095, 48.29629, 1, 1, 1, False
1258.568, 2021-07-05T16:08:06.8471710+08:00, 0, 12.94095, 48.29629, 1, 1, 1, False
1258.572, 2021-07-05T16:08:06.8510240+08:00, 0, 12.94095, 48.29629, 1, 1, 1, False
1258.577, 2021-07-05T16:08:06.8563530+08:00, 0, 12.94095, 48.29629, 1, 1, 1, False
1258.584, 2021-07-05T16:08:06.8632410+08:00, 0, 12.94095, 48.29629, 1, 1, 1, False
1258.59, 2021-07-05T16:08:06.8698010+08:00, 0, 12.94095, 48.29629, 1, 1, 1, False
1258.597, 2021-07-05T16:08:06.8762890+08:00, 0, 12.94095, 48.29629, 1, 1, 1, False
1258.603, 2021-07-05T16:08:06.8822080+08:00, 0, 12.94095, 48.29629, 1, 1, 1, False
1258.609, 2021-07-05T16:08:06.8886670+08:00, 0, 12.94095, 48.29629, 1, 1, 1, False
1258.616, 2021-07-05T16:08:06.8953630+08:00, 0, 12.94095, 48.29629, 1, 1, 1, False
1258.622, 2021-07-05T16:08:06.9012610+08:00, 0, 12.94095, 48.29629, 1, 1, 1, False
1258.628, 2021-07-05T16:08:06.9079600+08:00, 0, 12.94095, 48.29629, 1, 1, 1, False
1258.634, 2021-07-05T16:08:06.9133530+08:00, 0, 12.94095, 48.29629, 1, 1, 1, False
1258.64, 2021-07-05T16:08:06.9198500+08:00, 0, 12.94095, 48.29629, 1, 1, 1, False
1258.647, 2021-07-05T16:08:06.9262890+08:00, 0, 12.94095, 48.29629, 1, 1, 1, False
1258.653, 2021-07-05T16:08:06.9321440+08:00, 0, 12.94095, 48.29629, 1, 1, 1, False
1258.661, 2021-07-05T16:08:06.9401670+08:00, 0, 12.94095, 48.29629, 1, 1, 1, False
1258.669, 2021-07-05T16:08:06.9482430+08:00, 0, 12.94095, 48.29629, 1, 1, 1, False
1258.685, 2021-07-05T16:08:06.9650190+08:00, 0, 12.94095, 48.29629, 1, 1, 1, False
1258.692, 2021-07-05T16:08:06.9718780+08:00, 0, 12.94095, 48.29629, 1, 1, 1, False
1258.696, 2021-07-05T16:08:06.9754320+08:00, 0, 12.94095, 48.29629, 1, 1, 1, False
1258.7, 2021-07-05T16:08:06.9791310+08:00, 0, 12.94095, 48.29629, 1, 1, 1, False
1258.704, 2021-07-05T16:08:06.9833450+08:00, 0, 12.94095, 48.29629, 1, 1, 1, False
1258.708, 2021-07-05T16:08:06.9873150+08:00, 0, 12.94095, 48.29629, 1, 1, 1, False
1258.711, 2021-07-05T16:08:06.9908770+08:00, 0, 12.94095, 48.29629, 1, 1, 1, False
1258.716, 2021-07-05T16:08:06.9951850+08:00, 0, 12.94095, 48.29629, 1, 1, 1, False
1258.721, 2021-07-05T16:08:07.0008640+08:00, 0, 12.94095, 48.29629, 1, 1, 1, False
1258.729, 2021-07-05T16:08:07.0079890+08:00, 0, 12.94095, 48.29629, 1, 1, 1, False
1258.737, 2021-07-05T16:08:07.0162820+08:00, 0, 12.94095, 48.29629, 1, 1, 1, False
1258.744, 2021-07-05T16:08:07.0238510+08:00, 0, 12.94095, 48.29629, 1, 1, 1, False
1258.748, 2021-07-05T16:08:07.0273370+08:00, 0, 12.94095, 48.29629, 1, 1, 1, False
1258.753, 2021-07-05T16:08:07.0325200+08:00, 0, 12.94095, 48.29629, 1, 1, 1, False
1258.76, 2021-07-05T16:08:07.0395530+08:00, 0, 12.94095, 48.29629, 1, 1, 1, False
1258.768, 2021-07-05T16:08:07.0548210+08:00, 0, 12.94095, 48.29629, 1, 1, 1, False
1258.78, 2021-07-05T16:08:07.0594030+08:00, 0, 12.94095, 48.29629, 1, 1, 1, False
1258.784, 2021-07-05T16:08:07.0632270+08:00, 0, 12.94095, 48.29629, 1, 1, 1, False
1258.788, 2021-07-05T16:08:07.0673290+08:00, 0, 12.94095, 48.29629, 1, 1, 1, False
1258.792, 2021-07-05T16:08:07.0710660+08:00, 0, 12.94095, 48.29629, 1, 1, 1, False
1258.797, 2021-07-05T16:08:07.0763800+08:00, 0, 12.94095, 48.29629, 1, 1, 1, False
1258.803, 2021-07-05T16:08:07.0824880+08:00, 0, 12.94095, 48.29629, 1, 1, 1, False
1258.809, 2021-07-05T16:08:07.0889290+08:00, 0, 12.94095, 48.29629, 1, 1, 1, False
1258.816, 2021-07-05T16:08:07.0959270+08:00, 0, 12.94095, 48.29629, 1, 1, 1, False
1258.822, 2021-07-05T16:08:07.1013700+08:00, 0, 12.94095, 48.29629, 1, 1, 1, False
1258.828, 2021-07-05T16:08:07.1078460+08:00, 0, 12.94095, 48.29629, 1, 1, 1, False
1258.837, 2021-07-05T16:08:07.1163080+08:00, 0, 12.94095, 48.29629, 1, 1, 1, False
1258.845, 2021-07-05T16:08:07.1241740+08:00, 0, 12.94095, 48.29629, 1, 1, 1, False
1258.853, 2021-07-05T16:08:07.1320140+08:00, 0, 12.94095, 48.29629, 1, 1, 1, False
1258.86, 2021-07-05T16:08:07.1396820+08:00, 0, 12.94095, 48.29629, 1, 1, 1, False
1258.864, 2021-07-05T16:08:07.1432090+08:00, 0, 12.94095, 48.29629, 1, 1, 1, False
1258.868, 2021-07-05T16:08:07.1471140+08:00, 0, 12.94095, 48.29629, 1, 1, 1, False
1258.872, 2021-07-05T16:08:07.1514020+08:00, 0, 12.94095, 48.29629, 1, 1, 1, False
1258.878, 2021-07-05T16:08:07.1577420+08:00, 0, 12.94095, 48.29629, 1, 1, 1, False
1258.884, 2021-07-05T16:08:07.1637640+08:00, 0, 12.94095, 48.29629, 1, 1, 1, False
1258.891, 2021-07-05T16:08:07.1703920+08:00, 0, 12.94095, 48.29629, 1, 1, 1, False
1258.897, 2021-07-05T16:08:07.1766220+08:00, 0, 12.94095, 48.29629, 1, 1, 1, False
1258.905, 2021-07-05T16:08:07.1841110+08:00, 0, 12.94095, 48.29629, 1, 1, 1, False
1258.91, 2021-07-05T16:08:07.1891370+08:00, 0, 12.94095, 48.29629, 1, 1, 1, False
1258.916, 2021-07-05T16:08:07.1956310+08:00, 0, 12.94095, 48.29629, 1, 1, 1, False
1258.922, 2021-07-05T16:08:07.2011890+08:00, 0, 12.94095, 48.29629, 1, 1, 1, False
1258.928, 2021-07-05T16:08:07.2079420+08:00, 0, 12.94095, 48.29629, 1, 1, 1, False
1258.934, 2021-07-05T16:08:07.2136390+08:00, 0, 12.94095, 48.29629, 1, 1, 1, False
1258.941, 2021-07-05T16:08:07.2200870+08:00, 0, 12.94095, 48.29629, 1, 1, 1, False
1258.948, 2021-07-05T16:08:07.2274170+08:00, 0, 12.94095, 48.29629, 1, 1, 1, False
1258.953, 2021-07-05T16:08:07.2325430+08:00, 0, 12.94095, 48.29629, 1, 1, 1, False
1258.96, 2021-07-05T16:08:07.2393950+08:00, 0, 12.94095, 48.29629, 1, 1, 1, False
1258.966, 2021-07-05T16:08:07.2452650+08:00, 0, 12.94095, 48.29629, 1, 1, 1, False
1258.972, 2021-07-05T16:08:07.2517630+08:00, 0, 12.94095, 48.29629, 1, 1, 1, False
1258.98, 2021-07-05T16:08:07.2593240+08:00, 0, 12.94095, 48.29629, 1, 1, 1, False
1258.985, 2021-07-05T16:08:07.2642610+08:00, 0, 12.94095, 48.29629, 1, 1, 1, False
1258.992, 2021-07-05T16:08:07.2712360+08:00, 0, 12.94095, 48.29629, 1, 1, 1, False
1258.997, 2021-07-05T16:08:07.2763280+08:00, 0, 12.94095, 48.29629, 1, 1, 1, False
1259.005, 2021-07-05T16:08:07.2843150+08:00, 0, 12.94095, 48.29629, 1, 1, 1, False
1259.013, 2021-07-05T16:08:07.2922060+08:00, 0, 12.94095, 48.29629, 1, 1, 1, False
1259.021, 2021-07-05T16:08:07.3001220+08:00, 0, 12.94095, 48.29629, 1, 1, 1, False
1259.029, 2021-07-05T16:08:07.3083510+08:00, 0, 12.94095, 48.29629, 1, 1, 1, False
1259.036, 2021-07-05T16:08:07.3160310+08:00, 0, 12.94095, 48.29629, 1, 1, 1, False
1259.045, 2021-07-05T16:08:07.3243760+08:00, 0, 12.94095, 48.29629, 1, 1, 1, False
1259.053, 2021-07-05T16:08:07.3321550+08:00, 0, 12.94095, 48.29629, 1, 1, 1, False
1259.06, 2021-07-05T16:08:07.3393300+08:00, 0, 12.94095, 48.29629, 1, 1, 1, False
1259.064, 2021-07-05T16:08:07.3432600+08:00, 0, 12.94095, 48.29629, 1, 1, 1, False
1259.068, 2021-07-05T16:08:07.3472070+08:00, 0, 12.94095, 48.29629, 1, 1, 1, False
1259.072, 2021-07-05T16:08:07.3513080+08:00, 0, 12.94095, 48.29629, 1, 1, 1, False
1259.076, 2021-07-05T16:08:07.3552640+08:00, 0, 12.94095, 48.29629, 1, 1, 1, False
1259.08, 2021-07-05T16:08:07.3592690+08:00, 0, 12.94095, 48.29629, 1, 1, 1, False
1259.084, 2021-07-05T16:08:07.3638680+08:00, 0, 12.94095, 48.29629, 1, 1, 1, False
1259.09, 2021-07-05T16:08:07.3697640+08:00, 0, 12.94095, 48.29629, 1, 1, 1, False
1259.097, 2021-07-05T16:08:07.3764440+08:00, 0, 12.94095, 48.29629, 1, 1, 1, False
1259.104, 2021-07-05T16:08:07.3831190+08:00, 0, 12.94095, 48.29629, 1, 1, 1, False
1259.109, 2021-07-05T16:08:07.3885460+08:00, 0, 12.94095, 48.29629, 1, 1, 1, False
1259.116, 2021-07-05T16:08:07.3956770+08:00, 0, 12.94095, 48.29629, 1, 1, 1, False
1259.122, 2021-07-05T16:08:07.4015500+08:00, 0, 12.94095, 48.29629, 1, 1, 1, False
1259.128, 2021-07-05T16:08:07.4077770+08:00, 0, 12.94095, 48.29629, 1, 1, 1, False
1259.134, 2021-07-05T16:08:07.4136000+08:00, 0, 12.94095, 48.29629, 1, 1, 1, False
1259.141, 2021-07-05T16:08:07.4201590+08:00, 0, 12.94095, 48.29629, 1, 1, 1, False
1259.147, 2021-07-05T16:08:07.4264500+08:00, 0, 12.94095, 48.29629, 1, 1, 1, False
1259.153, 2021-07-05T16:08:07.4327520+08:00, 0, 12.94095, 48.29629, 1, 1, 1, False
1259.16, 2021-07-05T16:08:07.4393670+08:00, 0, 12.94095, 48.29629, 1, 1, 1, False
1259.165, 2021-07-05T16:08:07.4448770+08:00, 0, 12.94095, 48.29629, 1, 1, 1, False
1259.172, 2021-07-05T16:08:07.4520140+08:00, 0, 12.94095, 48.29629, 1, 1, 1, False
1259.178, 2021-07-05T16:08:07.4576830+08:00, 0, 12.94095, 48.29629, 1, 1, 1, False
1259.184, 2021-07-05T16:08:07.4635610+08:00, 0, 12.94095, 48.29629, 1, 1, 1, False
1259.191, 2021-07-05T16:08:07.4702440+08:00, 0, 12.94095, 48.29629, 1, 1, 1, False
1259.197, 2021-07-05T16:08:07.4765400+08:00, 0, 12.94095, 48.29629, 1, 1, 1, False
1259.205, 2021-07-05T16:08:07.4842590+08:00, 0, 12.94095, 48.29629, 1, 1, 1, False
1259.212, 2021-07-05T16:08:07.4918030+08:00, 0, 12.94095, 48.29629, 1, 1, 1, False
1259.221, 2021-07-05T16:08:07.5004660+08:00, 0, 12.94095, 48.29629, 1, 1, 1, False
1259.229, 2021-07-05T16:08:07.5084020+08:00, 0, 12.94095, 48.29629, 1, 1, 1, False
1259.237, 2021-07-05T16:08:07.5161390+08:00, 0, 12.94095, 48.29629, 1, 1, 1, False
1259.245, 2021-07-05T16:08:07.5244440+08:00, 0, 12.94095, 48.29629, 1, 1, 1, False
1259.252, 2021-07-05T16:08:07.5315970+08:00, 0, 12.94095, 48.29629, 1, 1, 1, False
1259.256, 2021-07-05T16:08:07.5351750+08:00, 0, 12.94095, 48.29629, 1, 1, 1, False
1259.26, 2021-07-05T16:08:07.5392390+08:00, 0, 12.94095, 48.29629, 1, 1, 1, False
1259.264, 2021-07-05T16:08:07.5434120+08:00, 0, 12.94095, 48.29629, 1, 1, 1, False
1259.267, 2021-07-05T16:08:07.5469850+08:00, 0, 12.94095, 48.29629, 1, 1, 1, False
1259.272, 2021-07-05T16:08:07.5513860+08:00, 0, 12.94095, 48.29629, 1, 1, 1, False
1259.278, 2021-07-05T16:08:07.5574190+08:00, 0, 12.94095, 48.29629, 1, 1, 1, False
1259.285, 2021-07-05T16:08:07.5641250+08:00, 0, 12.94095, 48.29629, 1, 1, 1, False
1259.293, 2021-07-05T16:08:07.5721390+08:00, 0, 12.94095, 48.29629, 1, 1, 1, False
1259.301, 2021-07-05T16:08:07.5803620+08:00, 0, 12.94095, 48.29629, 1, 1, 1, False
1259.308, 2021-07-05T16:08:07.5876810+08:00, 0, 12.94095, 48.29629, 1, 1, 1, False
1259.312, 2021-07-05T16:08:07.5912580+08:00, 0, 12.94095, 48.29629, 1, 1, 1, False
1259.316, 2021-07-05T16:08:07.5953340+08:00, 0, 12.94095, 48.29629, 1, 1, 1, False
1259.322, 2021-07-05T16:08:07.6011880+08:00, 0, 12.94095, 48.29629, 1, 1, 1, False
1259.328, 2021-07-05T16:08:07.6078960+08:00, 0, 12.94095, 48.29629, 1, 1, 1, False
1259.334, 2021-07-05T16:08:07.6137200+08:00, 0, 12.94095, 48.29629, 1, 1, 1, False
1259.341, 2021-07-05T16:08:07.6204350+08:00, 0, 12.94095, 48.29629, 1, 1, 1, False
1259.348, 2021-07-05T16:08:07.6277550+08:00, 0, 12.94095, 48.29629, 1, 1, 1, False
1259.353, 2021-07-05T16:08:07.6329440+08:00, 0, 12.94095, 48.29629, 1, 1, 1, False
1259.36, 2021-07-05T16:08:07.6397070+08:00, 0, 12.94095, 48.29629, 1, 1, 1, False
1259.366, 2021-07-05T16:08:07.6451370+08:00, 0, 12.94095, 48.29629, 1, 1, 1, False
1259.372, 2021-07-05T16:08:07.6517010+08:00, 0, 12.94095, 48.29629, 1, 1, 1, False
1259.378, 2021-07-05T16:08:07.6579960+08:00, 0, 12.94095, 48.29629, 1, 1, 1, False
1259.384, 2021-07-05T16:08:07.6637480+08:00, 0, 12.94095, 48.29629, 1, 1, 1, False
1259.391, 2021-07-05T16:08:07.6704450+08:00, 0, 12.94095, 48.29629, 1, 1, 1, False
1259.397, 2021-07-05T16:08:07.6767010+08:00, 0, 12.94095, 48.29629, 1, 1, 1, False
1259.404, 2021-07-05T16:08:07.6835140+08:00, 0, 12.94095, 48.29629, 1, 1, 1, False
1259.413, 2021-07-05T16:08:07.6922320+08:00, 0, 12.94095, 48.29629, 1, 1, 1, False
1259.421, 2021-07-05T16:08:07.7002990+08:00, 0, 12.94095, 48.29629, 1, 1, 1, False
1259.428, 2021-07-05T16:08:07.7079320+08:00, 0, 12.94095, 48.29629, 1, 1, 1, False
1259.436, 2021-07-05T16:08:07.7154460+08:00, 0, 12.94095, 48.29629, 1, 1, 1, False
1259.444, 2021-07-05T16:08:07.7235040+08:00, 0, 12.94095, 48.29629, 1, 1, 1, False
1259.448, 2021-07-05T16:08:07.7271250+08:00, 0, 12.94095, 48.29629, 1, 1, 1, False
1259.452, 2021-07-05T16:08:07.7314940+08:00, 0, 12.94095, 48.29629, 1, 1, 1, False
1259.456, 2021-07-05T16:08:07.7350980+08:00, 0, 12.94095, 48.29629, 1, 1, 1, False
1259.46, 2021-07-05T16:08:07.7395530+08:00, 0, 12.94095, 48.29629, 1, 1, 1, False
1259.486, 2021-07-05T16:08:07.7658280+08:00, 0, 12.94095, 48.29629, 1, 1, 1, False
1259.492, 2021-07-05T16:08:07.7718260+08:00, 0, 12.94095, 48.29629, 1, 1, 1, False
1259.496, 2021-07-05T16:08:07.7751790+08:00, 0, 12.94095, 48.29629, 1, 1, 1, False
1259.5, 2021-07-05T16:08:07.7794280+08:00, 0, 12.94095, 48.29629, 1, 1, 1, False
1259.504, 2021-07-05T16:08:07.7832080+08:00, 0, 12.94095, 48.29629, 1, 1, 1, False
1259.508, 2021-07-05T16:08:07.7871720+08:00, 0, 12.94095, 48.29629, 1, 1, 1, False
1259.512, 2021-07-05T16:08:07.7918550+08:00, 0, 12.94095, 48.29629, 1, 1, 1, False
1259.515, 2021-07-05T16:08:07.7948640+08:00, 0, 12.94095, 48.29629, 1, 1, 1, False
1259.52, 2021-07-05T16:08:07.7991890+08:00, 0, 12.94095, 48.29629, 1, 1, 1, False
1259.525, 2021-07-05T16:08:07.8049710+08:00, 0, 12.94095, 48.29629, 1, 1, 1, False
1259.532, 2021-07-05T16:08:07.8119020+08:00, 0, 12.94095, 48.29629, 1, 1, 1, False
1259.538, 2021-07-05T16:08:07.8179350+08:00, 0, 12.94095, 48.29629, 1, 1, 1, False
1259.544, 2021-07-05T16:08:07.8239880+08:00, 0, 12.94095, 48.29629, 1, 1, 1, False
1259.551, 2021-07-05T16:08:07.8305690+08:00, 0, 12.94095, 48.29629, 1, 1, 1, False
1259.557, 2021-07-05T16:08:07.8367410+08:00, 0, 12.94095, 48.29629, 1, 1, 1, False
1259.564, 2021-07-05T16:08:07.8433910+08:00, 0, 12.94095, 48.29629, 1, 1, 1, False
1259.57, 2021-07-05T16:08:07.8491490+08:00, 0, 12.94095, 48.29629, 1, 1, 1, False
1259.576, 2021-07-05T16:08:07.8556840+08:00, 0, 12.94095, 48.29629, 1, 1, 1, False
1259.582, 2021-07-05T16:08:07.8611730+08:00, 0, 12.94095, 48.29629, 1, 1, 1, False
1259.588, 2021-07-05T16:08:07.8679400+08:00, 0, 12.94095, 48.29629, 1, 1, 1, False
1259.595, 2021-07-05T16:08:07.8740940+08:00, 0, 12.94095, 48.29629, 1, 1, 1, False
1259.6, 2021-07-05T16:08:07.8799580+08:00, 0, 12.94095, 48.29629, 1, 1, 1, False
1259.608, 2021-07-05T16:08:07.8874350+08:00, 0, 12.94095, 48.29629, 1, 1, 1, False
1259.613, 2021-07-05T16:08:07.8927290+08:00, 0, 12.94095, 48.29629, 1, 1, 1, False
1259.62, 2021-07-05T16:08:07.8993900+08:00, 0, 12.94095, 48.29629, 1, 1, 1, False
1259.626, 2021-07-05T16:08:07.9052040+08:00, 0, 12.94095, 48.29629, 1, 1, 1, False
1259.632, 2021-07-05T16:08:07.9117350+08:00, 0, 12.94095, 48.29629, 1, 1, 1, False
1259.638, 2021-07-05T16:08:07.9173080+08:00, 0, 12.94095, 48.29629, 1, 1, 1, False
1259.644, 2021-07-05T16:08:07.9239430+08:00, 0, 12.94095, 48.29629, 1, 1, 1, False
1259.651, 2021-07-05T16:08:07.9303130+08:00, 0, 12.94095, 48.29629, 1, 1, 1, False
1259.657, 2021-07-05T16:08:07.9362820+08:00, 0, 12.94095, 48.29629, 1, 1, 1, False
1259.664, 2021-07-05T16:08:07.9437300+08:00, 0, 12.94095, 48.29629, 1, 1, 1, False
1259.673, 2021-07-05T16:08:07.9522700+08:00, 0, 12.94095, 48.29629, 1, 1, 1, False
1259.68, 2021-07-05T16:08:07.9593640+08:00, 0, 12.94095, 48.29629, 1, 1, 1, False
1259.684, 2021-07-05T16:08:07.9631960+08:00, 0, 12.94095, 48.29629, 1, 1, 1, False
1259.688, 2021-07-05T16:08:07.9675900+08:00, 0, 12.94095, 48.29629, 1, 1, 1, False
1259.694, 2021-07-05T16:08:07.9733450+08:00, 0, 12.94095, 48.29629, 1, 1, 1, False
1259.701, 2021-07-05T16:08:07.9801590+08:00, 0, 12.94095, 48.29629, 1, 1, 1, False
1259.708, 2021-07-05T16:08:07.9874600+08:00, 0, 12.94095, 48.29629, 1, 1, 1, False
1259.717, 2021-07-05T16:08:07.9964450+08:00, 0, 12.94095, 48.29629, 1, 1, 1, False
1259.724, 2021-07-05T16:08:08.0040410+08:00, 0, 12.94095, 48.29629, 1, 1, 1, False
1259.733, 2021-07-05T16:08:08.0122410+08:00, 0, 12.94095, 48.29629, 1, 1, 1, False
1259.74, 2021-07-05T16:08:08.0201260+08:00, 0, 12.94095, 48.29629, 1, 1, 1, False
1259.748, 2021-07-05T16:08:08.0279830+08:00, 0, 12.94095, 48.29629, 1, 1, 1, False
1259.757, 2021-07-05T16:08:08.0363800+08:00, 0, 12.94095, 48.29629, 1, 1, 1, False
1259.764, 2021-07-05T16:08:08.0435350+08:00, 0, 12.94095, 48.29629, 1, 1, 1, False
1259.768, 2021-07-05T16:08:08.0472820+08:00, 0, 12.94095, 48.29629, 1, 1, 1, False
1259.772, 2021-07-05T16:08:08.0511600+08:00, 0, 12.94095, 48.29629, 1, 1, 1, False
1259.776, 2021-07-05T16:08:08.0553030+08:00, 0, 12.94095, 48.29629, 1, 1, 1, False
1259.78, 2021-07-05T16:08:08.0593230+08:00, 0, 12.94095, 48.29629, 1, 1, 1, False
1259.784, 2021-07-05T16:08:08.0631230+08:00, 0, 12.94095, 48.29629, 1, 1, 1, False
1259.788, 2021-07-05T16:08:08.0674600+08:00, 0, 12.94095, 48.29629, 1, 1, 1, False
1259.794, 2021-07-05T16:08:08.0736680+08:00, 0, 12.94095, 48.29629, 1,