t, x , y, z , scale_x, scale_y, scale_z, stimulusOn
0.02, 0.1963474, -0.3272482, 74.99903, 1, 1, 1, True
0.12, 1.047062, -1.047164, 74.98538, 1, 1, 1, True
0.22, 26.83642, -34.16587, 61.13509, 1, 1, 1, True
0.32, 27.35544, -28.33807, 63.82503, 1, 1, 1, True
0.3317469, 28.31523, -30.1461, 62.56565, 1, 1, 1, True
0.3555265, 28.75695, -31.81497, 61.52923, 1, 1, 1, True
0.3595666, 29.27819, -33.40627, 60.4302, 1, 1, 1, True
0.3835894, 29.93726, -35.7294, 58.75518, 1, 1, 1, True
0.3877797, 30.10711, -37.44333, 57.58958, 1, 1, 1, True
0.3917652, 30.10711, -37.44333, 57.58958, 1, 1, 1, True
0.3956961, 30.11092, -38.347, 56.98982, 1, 1, 1, True
0.399734, 30.11092, -38.347, 56.98982, 1, 1, 1, True
0.4034726, 30.11092, -38.347, 56.98982, 1, 1, 1, True
0.4244739, 30.03642, -38.96396, 56.6094, 1, 1, 1, True
0.4480628, 29.90894, -39.91035, 56.01446, 1, 1, 1, True
0.4718485, 29.46041, -41.99375, 54.71389, 1, 1, 1, True
0.4962154, 28.98989, -44.24263, 53.1712, 1, 1, 1, True
0.5196593, 28.82266, -44.7169, 52.86448, 1, 1, 1, True
0.5235404, 28.76652, -44.87439, 52.76151, 1, 1, 1, True
0.5277025, 28.76652, -44.87439, 52.76151, 1, 1, 1, True
0.5314589, 28.73727, -45.08389, 52.59859, 1, 1, 1, True
0.5354746, 28.73727, -45.08389, 52.59859, 1, 1, 1, True
0.5397214, 28.73727, -45.08389, 52.59859, 1, 1, 1, True
0.5434499, 28.68842, -45.34499, 52.40044, 1, 1, 1, True
0.547434, 28.68842, -45.34499, 52.40044, 1, 1, 1, True
0.5519482, 28.68842, -45.34499, 52.40044, 1, 1, 1, True
0.5758854, 28.68424, -45.60522, 52.17642, 1, 1, 1, True
0.5999213, 28.58811, -45.86458, 52.00155, 1, 1, 1, True
0.6036214, 28.61415, -45.91635, 51.9415, 1, 1, 1, True
0.6081938, 28.61415, -45.91635, 51.9415, 1, 1, 1, True
0.6115738, 28.5948, -45.96809, 51.90638, 1, 1, 1, True
0.6161274, 28.59481, -45.96809, 51.90638, 1, 1, 1, True
0.6397007, 28.55605, -46.07145, 51.83603, 1, 1, 1, True
0.6434668, 28.43926, -46.38069, 51.62403, 1, 1, 1, True
0.647994, 28.43926, -46.38069, 51.62402, 1, 1, 1, True
0.6517069, 28.43926, -46.3807, 51.62402, 1, 1, 1, True
0.6556679, 28.42552, -46.53485, 51.49269, 1, 1, 1, True
0.6596065, 28.42552, -46.53485, 51.49269, 1, 1, 1, True
0.6637049, 28.42552, -46.53485, 51.49269, 1, 1, 1, True
0.667639, 28.38622, -46.63745, 51.4215, 1, 1, 1, True
0.6716371, 28.38622, -46.63745, 51.4215, 1, 1, 1, True
0.6756673, 28.38622, -46.63745, 51.4215, 1, 1, 1, True
0.6796704, 28.38621, -46.63745, 51.4215, 1, 1, 1, True
0.6834397, 28.38621, -46.63745, 51.4215, 1, 1, 1, True
0.6876421, 28.38621, -46.63745, 51.4215, 1, 1, 1, True
0.6916745, 28.38621, -46.63745, 51.4215, 1, 1, 1, True
0.6956581, 28.38621, -46.63745, 51.4215, 1, 1, 1, True
0.6996694, 28.36653, -46.68869, 51.38586, 1, 1, 1, True
0.703486, 28.36653, -46.68869, 51.38586, 1, 1, 1, True
0.7078183, 28.36653, -46.68869, 51.38586, 1, 1, 1, True
0.7276175, 28.36653, -46.68869, 51.38586, 1, 1, 1, True
0.7327849, 28.36653, -46.68869, 51.38586, 1, 1, 1, True
0.7354975, 28.36653, -46.68869, 51.38586, 1, 1, 1, True
0.7399798, 28.36653, -46.68869, 51.38586, 1, 1, 1, True
0.7437286, 28.36653, -46.68869, 51.38586, 1, 1, 1, True
0.7476513, 28.36653, -46.68869, 51.38586, 1, 1, 1, True
0.7515358, 28.36653, -46.68869, 51.38586, 1, 1, 1, True
0.7554911, 28.36653, -46.68869, 51.38586, 1, 1, 1, True
0.7597076, 28.36653, -46.68869, 51.38586, 1, 1, 1, True
0.7636847, 28.36653, -46.68869, 51.38586, 1, 1, 1, True
0.7674937, 28.36653, -46.68869, 51.38586, 1, 1, 1, True
0.7715018, 28.36653, -46.68869, 51.38586, 1, 1, 1, True
0.7757589, 28.36653, -46.68869, 51.38586, 1, 1, 1, True
0.7957996, 28.36653, -46.68869, 51.38586, 1, 1, 1, True
0.7997968, 28.34684, -46.73989, 51.35016, 1, 1, 1, True
0.8038848, 28.34684, -46.7399, 51.35016, 1, 1, 1, True
0.8078268, 28.34683, -46.7399, 51.35016, 1, 1, 1, True
0.8117721, 28.34683, -46.7399, 51.35016, 1, 1, 1, True
0.8155681, 28.34683, -46.7399, 51.35016, 1, 1, 1, True
0.8196644, 28.34683, -46.7399, 51.35016, 1, 1, 1, True
0.8236109, 28.34683, -46.7399, 51.35016, 1, 1, 1, True
0.827559, 28.34683, -46.7399, 51.35016, 1, 1, 1, True
0.8316356, 28.34683, -46.7399, 51.35016, 1, 1, 1, True
0.8354581, 28.34683, -46.7399, 51.35016, 1, 1, 1, True
0.8396282, 28.34683, -46.7399, 51.35016, 1, 1, 1, True
0.8436692, 28.34683, -46.7399, 51.35016, 1, 1, 1, True
0.8475199, 28.34683, -46.7399, 51.35016, 1, 1, 1, True
0.8516486, 28.34683, -46.7399, 51.35016, 1, 1, 1, True
0.8555868, 28.34683, -46.7399, 51.35016, 1, 1, 1, True
0.8596182, 28.34683, -46.7399, 51.35016, 1, 1, 1, True
0.8634694, 28.34683, -46.7399, 51.35016, 1, 1, 1, True
0.867428, 28.34683, -46.7399, 51.35016, 1, 1, 1, True
0.8716447, 28.34683, -46.7399, 51.35016, 1, 1, 1, True
0.8755757, 28.34683, -46.7399, 51.35016, 1, 1, 1, True
0.8796995, 28.34683, -46.7399, 51.35016, 1, 1, 1, True
0.8835412, 28.34683, -46.7399, 51.35016, 1, 1, 1, True
0.8876151, 28.34683, -46.7399, 51.35016, 1, 1, 1, True
0.9080877, 28.32711, -46.79107, 51.31443, 1, 1, 1, True
0.9117066, 28.32711, -46.79107, 51.31443, 1, 1, 1, True
0.9156547, 28.32711, -46.79107, 51.31443, 1, 1, 1, True
0.9197334, 28.32711, -46.79107, 51.31443, 1, 1, 1, True
0.923728, 28.32711, -46.79107, 51.31443, 1, 1, 1, True
0.9276283, 28.32711, -46.79107, 51.31443, 1, 1, 1, True
0.9317635, 28.32711, -46.79107, 51.31443, 1, 1, 1, True
0.9564422, 28.32711, -46.79107, 51.31443, 1, 1, 1, True
0.9640372, 28.28761, -46.89329, 51.24286, 1, 1, 1, True
0.9675469, 28.28761, -46.89329, 51.24286, 1, 1, 1, True
0.971621, 28.28761, -46.89329, 51.24286, 1, 1, 1, True
0.9755836, 28.28761, -46.89329, 51.24286, 1, 1, 1, True
0.9797711, 28.28761, -46.89329, 51.24286, 1, 1, 1, True
0.9834767, 28.28761, -46.89329, 51.24286, 1, 1, 1, True
0.9876173, 28.28761, -46.89329, 51.24286, 1, 1, 1, True
0.9917211, 28.28761, -46.89329, 51.24286, 1, 1, 1, True
0.9955512, 28.28761, -46.89329, 51.24286, 1, 1, 1, True
0.9997105, 28.28761, -46.89329, 51.24286, 1, 1, 1, True
1.00346, 28.26782, -46.94436, 51.20702, 1, 1, 1, True
1.00763, 28.26781, -46.94436, 51.20701, 1, 1, 1, True
1.011755, 28.26781, -46.94437, 51.20701, 1, 1, 1, True
1.015543, 28.26781, -46.94437, 51.207, 1, 1, 1, True
1.019632, 28.26781, -46.94437, 51.207, 1, 1, 1, True
1.023666, 28.26781, -46.94437, 51.207, 1, 1, 1, True
1.027558, 28.26781, -46.94437, 51.207, 1, 1, 1, True
1.031595, 28.26781, -46.94437, 51.207, 1, 1, 1, True
1.035634, 28.26781, -46.94437, 51.207, 1, 1, 1, True
1.039643, 28.26781, -46.94437, 51.207, 1, 1, 1, True
1.043612, 28.26781, -46.94437, 51.207, 1, 1, 1, True
1.047512, 28.26781, -46.94437, 51.207, 1, 1, 1, True
1.051424, 28.26781, -46.94437, 51.207, 1, 1, 1, True
1.05569, 28.26781, -46.94437, 51.207, 1, 1, 1, True
1.059577, 28.26781, -46.94437, 51.207, 1, 1, 1, True
1.063675, 28.26781, -46.94437, 51.207, 1, 1, 1, True
1.067529, 28.26781, -46.94437, 51.207, 1, 1, 1, True
1.07162, 28.26781, -46.94437, 51.207, 1, 1, 1, True
1.07557, 28.26781, -46.94437, 51.207, 1, 1, 1, True
1.07986, 28.26781, -46.94437, 51.207, 1, 1, 1, True
1.10387, 28.26781, -46.94437, 51.207, 1, 1, 1, True
1.107535, 28.248, -46.9954, 51.17112, 1, 1, 1, True
1.111521, 28.248, -46.9954, 51.17112, 1, 1, 1, True
1.115686, 28.248, -46.9954, 51.17112, 1, 1, 1, True
1.120106, 28.248, -46.9954, 51.17112, 1, 1, 1, True
1.123449, 28.248, -46.9954, 51.17112, 1, 1, 1, True
1.127692, 28.248, -46.9954, 51.17112, 1, 1, 1, True
1.131489, 28.248, -46.9954, 51.17112, 1, 1, 1, True
1.135645, 28.248, -46.9954, 51.17112, 1, 1, 1, True
1.139544, 28.248, -46.9954, 51.17112, 1, 1, 1, True
1.143659, 28.248, -46.9954, 51.17112, 1, 1, 1, True
1.147525, 28.248, -46.9954, 51.17112, 1, 1, 1, True
1.151678, 28.248, -46.9954, 51.17112, 1, 1, 1, True
1.155711, 28.248, -46.9954, 51.17112, 1, 1, 1, True
1.159628, 28.248, -46.9954, 51.17112, 1, 1, 1, True
1.163663, 28.248, -46.9954, 51.17112, 1, 1, 1, True
1.167534, 28.248, -46.9954, 51.17112, 1, 1, 1, True
1.171699, 28.248, -46.9954, 51.17112, 1, 1, 1, True
1.175507, 28.248, -46.9954, 51.17112, 1, 1, 1, True
1.179703, 28.248, -46.9954, 51.17112, 1, 1, 1, True
1.183347, 28.22817, -47.04639, 51.13519, 1, 1, 1, True
1.187464, 28.22817, -47.04639, 51.13519, 1, 1, 1, True
1.191569, 28.22817, -47.04639, 51.13519, 1, 1, 1, True
1.195646, 28.22817, -47.04639, 51.13519, 1, 1, 1, True
1.19939, 28.22817, -47.04639, 51.13519, 1, 1, 1, True
1.203422, 28.22817, -47.04639, 51.13519, 1, 1, 1, True
1.207603, 28.22817, -47.04639, 51.13519, 1, 1, 1, True
1.211606, 28.22817, -47.04639, 51.13519, 1, 1, 1, True
1.21558, 28.22817, -47.04639, 51.13519, 1, 1, 1, True
1.220102, 28.22817, -47.04639, 51.13519, 1, 1, 1, True
1.22361, 28.22817, -47.04639, 51.13519, 1, 1, 1, True
1.244251, 28.22817, -47.04639, 51.13519, 1, 1, 1, True
1.247732, 28.22817, -47.04639, 51.13519, 1, 1, 1, True
1.251599, 28.22817, -47.04639, 51.13519, 1, 1, 1, True
1.255553, 28.22817, -47.04639, 51.13519, 1, 1, 1, True
1.259723, 28.22817, -47.04639, 51.13519, 1, 1, 1, True
1.263596, 28.22817, -47.04639, 51.13519, 1, 1, 1, True
1.267643, 28.22817, -47.04639, 51.13519, 1, 1, 1, True
1.271686, 28.22817, -47.04639, 51.13519, 1, 1, 1, True
1.275714, 28.22817, -47.04639, 51.13519, 1, 1, 1, True
1.279681, 28.22817, -47.04639, 51.13519, 1, 1, 1, True
1.283571, 28.22817, -47.04639, 51.13519, 1, 1, 1, True
1.287546, 28.22817, -47.04639, 51.13519, 1, 1, 1, True
1.291731, 28.22817, -47.04639, 51.13519, 1, 1, 1, True
1.295729, 28.22817, -47.04639, 51.13519, 1, 1, 1, True
1.299528, 28.22817, -47.04639, 51.13519, 1, 1, 1, True
1.303553, 28.22817, -47.04639, 51.13519, 1, 1, 1, True
1.307576, 28.22817, -47.04639, 51.13519, 1, 1, 1, True
1.311589, 28.22817, -47.04639, 51.13519, 1, 1, 1, True
1.315661, 28.22817, -47.04639, 51.13519, 1, 1, 1, True
1.320085, 28.22817, -47.04639, 51.13519, 1, 1, 1, True
1.323413, 28.22817, -47.04639, 51.13519, 1, 1, 1, True
1.327757, 28.22817, -47.04639, 51.13519, 1, 1, 1, True
1.331615, 28.22817, -47.04639, 51.13519, 1, 1, 1, True
1.335629, 28.22817, -47.04639, 51.13519, 1, 1, 1, True
1.339577, 28.22817, -47.04639, 51.13519, 1, 1, 1, True
1.343596, 28.20831, -47.09734, 51.09924, 1, 1, 1, True
1.347459, 28.20831, -47.09734, 51.09924, 1, 1, 1, True
1.35174, 28.20831, -47.09734, 51.09924, 1, 1, 1, True
1.355567, 28.16371, -47.09734, 51.12383, 1, 1, 1, True
1.359689, 28.16371, -47.09734, 51.12383, 1, 1, 1, True
1.363783, 28.16371, -47.09734, 51.12383, 1, 1, 1, True
1.388164, 28.16371, -47.09734, 51.12383, 1, 1, 1, True
1.391451, 27.99025, -47.19913, 51.12521, 1, 1, 1, True
1.395763, 27.99026, -47.19913, 51.12521, 1, 1, 1, True
1.399525, 27.59356, -47.30079, 51.24677, 1, 1, 1, True
1.403492, 27.59356, -47.3008, 51.24677, 1, 1, 1, True
1.407747, 27.17093, -47.35157, 51.42538, 1, 1, 1, True
1.411726, 26.74717, -47.40231, 51.60049, 1, 1, 1, True
1.415624, 26.74717, -47.40232, 51.60048, 1, 1, 1, True
1.4198, 26.00557, -47.45303, 51.93188, 1, 1, 1, True
1.423549, 26.00556, -47.45303, 51.93188, 1, 1, 1, True
1.427662, 26.00556, -47.45303, 51.93188, 1, 1, 1, True
1.431602, 25.36917, -47.45303, 52.24572, 1, 1, 1, True
1.435656, 25.36917, -47.45303, 52.24571, 1, 1, 1, True
1.439618, 25.36917, -47.45303, 52.24571, 1, 1, 1, True
1.443389, 24.86649, -47.45304, 52.48683, 1, 1, 1, True
1.447614, 24.86649, -47.45305, 52.48682, 1, 1, 1, True
1.451634, 24.86649, -47.45305, 52.48682, 1, 1, 1, True
1.45562, 23.44123, -47.30083, 53.2742, 1, 1, 1, True
1.459607, 23.44123, -47.30083, 53.27419, 1, 1, 1, True
1.463695, 23.44123, -47.30083, 53.27419, 1, 1, 1, True
1.484196, 21.92774, -47.04643, 54.13694, 1, 1, 1, True
1.487609, 15.52722, -46.01989, 57.14959, 1, 1, 1, True
1.491739, 15.52722, -46.0199, 57.14958, 1, 1, 1, True
1.496494, 15.52722, -46.0199, 57.14958, 1, 1, 1, True
1.515709, 12.6841, -45.60534, 58.17445, 1, 1, 1, True
1.520116, 8.692596, -45.18855, 59.22359, 1, 1, 1, True
1.523782, 5.800582, -45.03169, 59.69506, 1, 1, 1, True
1.527732, 5.800582, -45.03169, 59.69506, 1, 1, 1, True
1.531662, 4.601337, -45.0317, 59.79945, 1, 1, 1, True
1.535681, 3.400239, -45.0317, 59.87975, 1, 1, 1, True
1.539759, 3.400239, -45.0317, 59.87975, 1, 1, 1, True
1.559618, 1.779289, -45.0317, 59.94981, 1, 1, 1, True
1.563784, 1.046749, -45.0317, 59.96707, 1, 1, 1, True
1.567674, 0.05242787, -44.92696, 60.05468, 1, 1, 1, True
1.571859, 0.05242787, -44.92697, 60.05468, 1, 1, 1, True
1.57571, 0.05242787, -44.92697, 60.05468, 1, 1, 1, True
1.57946, -0.9969774, -44.82209, 60.12476, 1, 1, 1, True
1.583588, -0.9969844, -44.82209, 60.12476, 1, 1, 1, True
1.587641, -1.839915, -44.66451, 60.22206, 1, 1, 1, True
1.591399, -2.685767, -44.50662, 60.30711, 1, 1, 1, True
1.59574, -2.685796, -44.50662, 60.30711, 1, 1, 1, True
1.599552, -3.532064, -44.4012, 60.34119, 1, 1, 1, True
1.603461, -3.532064, -44.4012, 60.34119, 1, 1, 1, True
1.607803, -3.532064, -44.4012, 60.34119, 1, 1, 1, True
1.611551, -4.169102, -44.29563, 60.37811, 1, 1, 1, True
1.615619, -4.16913, -44.29563, 60.37811, 1, 1, 1, True
1.619766, -4.16913, -44.29563, 60.37811, 1, 1, 1, True
1.623812, -5.021298, -44.13704, 60.42937, 1, 1, 1, True
1.627494, -5.021297, -44.13704, 60.42937, 1, 1, 1, True
1.631622, -5.021297, -44.13705, 60.42936, 1, 1, 1, True
1.635611, -5.717351, -43.97814, 60.48335, 1, 1, 1, True
1.639545, -5.717351, -43.97814, 60.48335, 1, 1, 1, True
1.64367, -5.717351, -43.97814, 60.48335, 1, 1, 1, True
1.647532, -6.139465, -43.97814, 60.44196, 1, 1, 1, True
1.651695, -6.139465, -43.97814, 60.44196, 1, 1, 1, True
1.655628, -6.358439, -43.87204, 60.4964, 1, 1, 1, True
1.659436, -6.358439, -43.87204, 60.4964, 1, 1, 1, True
1.66377, -6.358439, -43.87204, 60.4964, 1, 1, 1, True
1.667523, -7.211514, -43.76582, 60.47766, 1, 1, 1, True
1.671609, -7.211514, -43.76583, 60.47766, 1, 1, 1, True
1.67552, -7.211513, -43.76583, 60.47765, 1, 1, 1, True
1.67985, -8.175889, -43.60623, 60.47025, 1, 1, 1, True
1.704246, -8.175891, -43.60623, 60.47025, 1, 1, 1, True
1.70755, -10.54975, -43.12563, 60.44736, 1, 1, 1, True
1.711726, -11.09041, -43.01847, 60.42693, 1, 1, 1, True
1.715717, -11.63148, -42.91119, 60.40148, 1, 1, 1, True
1.720068, -11.63148, -42.9112, 60.40147, 1, 1, 1, True
1.723498, -13.47521, -42.53465, 60.28451, 1, 1, 1, True
1.72769, -13.47524, -42.53465, 60.28451, 1, 1, 1, True
1.731535, -13.47524, -42.53465, 60.28451, 1, 1, 1, True
1.73562, -14.77012, -42.31876, 60.1329, 1, 1, 1, True
1.739571, -14.77012, -42.31877, 60.1329, 1, 1, 1, True
1.743476, -14.77012, -42.31878, 60.13289, 1, 1, 1, True
1.747576, -17.51361, -41.88546, 59.69825, 1, 1, 1, True
1.75165, -17.5136, -41.88547, 59.69825, 1, 1, 1, True
1.75554, -17.5136, -41.88547, 59.69825, 1, 1, 1, True
1.759657, -18.54435, -41.66805, 59.53891, 1, 1, 1, True
1.76353, -18.54435, -41.66805, 59.53891, 1, 1, 1, True
1.767678, -19.56307, -41.50464, 59.32664, 1, 1, 1, True
1.771541, -20.5797, -41.34095, 59.09654, 1, 1, 1, True
1.775688, -20.5797, -41.34097, 59.09654, 1, 1, 1, True
1.779651, -21.53014, -41.23168, 58.83368, 1, 1, 1, True
1.783558, -21.53014, -41.23168, 58.83368, 1, 1, 1, True
1.78765, -21.53014, -41.23168, 58.83368, 1, 1, 1, True
1.791586, -22.45188, -41.01276, 58.64186, 1, 1, 1, True
1.795651, -22.45188, -41.01276, 58.64185, 1, 1, 1, True
1.799506, -22.45188, -41.01277, 58.64185, 1, 1, 1, True
1.803393, -23.74231, -40.73841, 58.32397, 1, 1, 1, True
1.807611, -23.74231, -40.73841, 58.32397, 1, 1, 1, True
1.811582, -23.7423, -40.73842, 58.32396, 1, 1, 1, True
1.815631, -24.69716, -40.57342, 58.04177, 1, 1, 1, True
1.819923, -24.69716, -40.57342, 58.04177, 1, 1, 1, True
1.823694, -25.332, -40.46327, 57.84474, 1, 1, 1, True
1.848051, -25.9653, -40.353, 57.6406, 1, 1, 1, True
1.851416, -27.82099, -39.96607, 57.04126, 1, 1, 1, True
1.855823, -27.82099, -39.96607, 57.04126, 1, 1, 1, True
1.859656, -28.34879, -39.85524, 56.85865, 1, 1, 1, True
1.863603, -28.34878, -39.85526, 56.85864, 1, 1, 1, True
1.867607, -28.34878, -39.85526, 56.85864, 1, 1, 1, True
1.871573, -28.81024, -39.7998, 56.66521, 1, 1, 1, True
1.875653, -28.81024, -39.7998, 56.66521, 1, 1, 1, True
1.879685, -28.81024, -39.7998, 56.66521, 1, 1, 1, True
1.883557, -29.61388, -39.57766, 56.40591, 1, 1, 1, True
1.88759, -29.61388, -39.57766, 56.40591, 1, 1, 1, True
1.891671, -30.34998, -39.41075, 56.13085, 1, 1, 1, True
1.89558, -31.08354, -39.24356, 55.84583, 1, 1, 1, True
1.899663, -31.08354, -39.24356, 55.84583, 1, 1, 1, True
1.903374, -31.52315, -39.07611, 55.71669, 1, 1, 1, True
1.907776, -31.52315, -39.07611, 55.71668, 1, 1, 1, True
1.911514, -31.52314, -39.07612, 55.71668, 1, 1, 1, True
1.915594, -32.26991, -38.85243, 55.44495, 1, 1, 1, True
1.920111, -32.26991, -38.85243, 55.44495, 1, 1, 1, True
1.923488, -32.26991, -38.85243, 55.44495, 1, 1, 1, True
1.927605, -32.43206, -38.79644, 55.38951, 1, 1, 1, True
1.931609, -32.43206, -38.79644, 55.38951, 1, 1, 1, True
1.935664, -32.43206, -38.79645, 55.38951, 1, 1, 1, True
1.939597, -33.06245, -38.62828, 55.13375, 1, 1, 1, True
1.943502, -33.06244, -38.62828, 55.13375, 1, 1, 1, True
1.947632, -33.48154, -38.51602, 54.9591, 1, 1, 1, True
1.951647, -33.89973, -38.40364, 54.7811, 1, 1, 1, True
1.955617, -33.89973, -38.40364, 54.7811, 1, 1, 1, True
1.959623, -34.44781, -38.17854, 54.59622, 1, 1, 1, True
1.963655, -34.44781, -38.17854, 54.59622, 1, 1, 1, True
1.967616, -34.44781, -38.17854, 54.59622, 1, 1, 1, True
1.988429, -34.70361, -38.12219, 54.47347, 1, 1, 1, True
1.99172, -34.70361, -38.12219, 54.47347, 1, 1, 1, True
1.99563, -34.94735, -37.95296, 54.43579, 1, 1, 1, True
1.999553, -34.94735, -37.95295, 54.43579, 1, 1, 1, True
2.003491, -34.94735, -37.95295, 54.43579, 1, 1, 1, True
2.007638, -34.94736, -37.95295, 54.43579, 1, 1, 1, True
2.011689, -34.94735, -37.95295, 54.43579, 1, 1, 1, True
2.015586, -34.94736, -37.95295, 54.43579, 1, 1, 1, True
2.019797, -34.94735, -37.95295, 54.43579, 1, 1, 1, True
2.023662, -34.94736, -37.95295, 54.43579, 1, 1, 1, True
2.027564, -34.96524, -37.89649, 54.46365, 1, 1, 1, True
2.031594, -34.96524, -37.89649, 54.46365, 1, 1, 1, True
2.03567, -34.96524, -37.89649, 54.46365, 1, 1, 1, True
2.03964, -35.01272, -37.89648, 54.43313, 1, 1, 1, True
2.043613, -35.01272, -37.89648, 54.43313, 1, 1, 1, True
2.047572, -35.01273, -37.89648, 54.43313, 1, 1, 1, True
2.051626, -35.01273, -37.89648, 54.43313, 1, 1, 1, True
2.055588, -35.01273, -37.89648, 54.43313, 1, 1, 1, True
2.059709, -35.01273, -37.89648, 54.43313, 1, 1, 1, True
2.063644, -35.01273, -37.89648, 54.43313, 1, 1, 1, True
2.067444, -35.01273, -37.89648, 54.43313, 1, 1, 1, True
2.07175, -35.01273, -37.89648, 54.43313, 1, 1, 1, True
2.075542, -35.01273, -37.89648, 54.43313, 1, 1, 1, True
2.079691, -35.01273, -37.89648, 54.43313, 1, 1, 1, True
2.083483, -35.0306, -37.83999, 54.46093, 1, 1, 1, True
2.087576, -35.0306, -37.83999, 54.46093, 1, 1, 1, True
2.091741, -35.0306, -37.83999, 54.46093, 1, 1, 1, True
2.095397, -35.0306, -37.83999, 54.46093, 1, 1, 1, True
2.09966, -35.0306, -37.83999, 54.46093, 1, 1, 1, True
2.103441, -35.0306, -37.83999, 54.46093, 1, 1, 1, True
2.107762, -35.0306, -37.83999, 54.46093, 1, 1, 1, True
2.128145, -35.0306, -37.83999, 54.46093, 1, 1, 1, True
2.131771, -35.0306, -37.83999, 54.46093, 1, 1, 1, True
2.135782, -35.0306, -37.83999, 54.46093, 1, 1, 1, True
2.139571, -35.04846, -37.78347, 54.48867, 1, 1, 1, True
2.14367, -35.04845, -37.78347, 54.48867, 1, 1, 1, True
2.147782, -35.04845, -37.78347, 54.48867, 1, 1, 1, True
2.151463, -35.04845, -37.78347, 54.48867, 1, 1, 1, True
2.155646, -35.04845, -37.78347, 54.48867, 1, 1, 1, True
2.163561, -35.04845, -37.78347, 54.48867, 1, 1, 1, True
2.171777, -35.04845, -37.78347, 54.48867, 1, 1, 1, True
2.18385, -35.06628, -37.72692, 54.51639, 1, 1, 1, True
2.196031, -35.05424, -37.61372, 54.60227, 1, 1, 1, True
2.199462, -35.00657, -37.61372, 54.63284, 1, 1, 1, True
2.203502, -35.00657, -37.61372, 54.63284, 1, 1, 1, True
2.207607, -35.00657, -37.61372, 54.63284, 1, 1, 1, True
2.211647, -35.00657, -37.61372, 54.63284, 1, 1, 1, True
2.215582, -35.00657, -37.61372, 54.63284, 1, 1, 1, True
2.220127, -35.02428, -37.55709, 54.66045, 1, 1, 1, True
2.223391, -35.02427, -37.55709, 54.66045, 1, 1, 1, True
2.227662, -35.02427, -37.55709, 54.66045, 1, 1, 1, True
2.231573, -35.02427, -37.55709, 54.66045, 1, 1, 1, True
2.235604, -35.02427, -37.55709, 54.66045, 1, 1, 1, True
2.239543, -35.02427, -37.55709, 54.66045, 1, 1, 1, True
2.243677, -35.02427, -37.55709, 54.66045, 1, 1, 1, True
2.247567, -35.02427, -37.55709, 54.66045, 1, 1, 1, True
2.251742, -35.02427, -37.55709, 54.66045, 1, 1, 1, True
2.25555, -35.02427, -37.55709, 54.66045, 1, 1, 1, True
2.259568, -35.02427, -37.55709, 54.66045, 1, 1, 1, True
2.263671, -35.02427, -37.55709, 54.66045, 1, 1, 1, True
2.267536, -35.02427, -37.55709, 54.66045, 1, 1, 1, True
2.271753, -35.02427, -37.55709, 54.66045, 1, 1, 1, True
2.327853, -35.02427, -37.55709, 54.66045, 1, 1, 1, True
2.339865, -35.02427, -37.55709, 54.66045, 1, 1, 1, True
2.344723, -35.02427, -37.55709, 54.66045, 1, 1, 1, True
2.348494, -35.02427, -37.55709, 54.66045, 1, 1, 1, True
2.351601, -35.02427, -37.55709, 54.66045, 1, 1, 1, True
2.355548, -35.02427, -37.55709, 54.66045, 1, 1, 1, True
2.359527, -35.02427, -37.55709, 54.66045, 1, 1, 1, True
2.368433, -35.02427, -37.55709, 54.66045, 1, 1, 1, True
2.375948, -35.02427, -37.55709, 54.66045, 1, 1, 1, True
2.379541, -35.02427, -37.55709, 54.66045, 1, 1, 1, True
2.383633, -35.02427, -37.55709, 54.66045, 1, 1, 1, True
2.387501, -35.02427, -37.55709, 54.66045, 1, 1, 1, True
2.391673, -35.02427, -37.55709, 54.66045, 1, 1, 1, True
2.395337, -35.02427, -37.55709, 54.66045, 1, 1, 1, True
2.399611, -35.02427, -37.55709, 54.66045, 1, 1, 1, True
2.403411, -35.02427, -37.55709, 54.66045, 1, 1, 1, True
2.407663, -35.02427, -37.55709, 54.66045, 1, 1, 1, True
2.411528, -35.02427, -37.55709, 54.66045, 1, 1, 1, True
2.415577, -35.02427, -37.55709, 54.66045, 1, 1, 1, True
2.419929, -35.02427, -37.55709, 54.66045, 1, 1, 1, True
2.42347, -35.02427, -37.55709, 54.66045, 1, 1, 1, True
2.427653, -35.02427, -37.55709, 54.66045, 1, 1, 1, True
2.43161, -35.02427, -37.55709, 54.66045, 1, 1, 1, True
2.435454, -35.02427, -37.55709, 54.66045, 1, 1, 1, True
2.439633, -35.02427, -37.55709, 54.66045, 1, 1, 1, True
2.443537, -35.02427, -37.55709, 54.66045, 1, 1, 1, True
2.447587, -35.02427, -37.55709, 54.66045, 1, 1, 1, True
2.451681, -35.02427, -37.55709, 54.66045, 1, 1, 1, True
2.455516, -35.02427, -37.55709, 54.66045, 1, 1, 1, True
2.459666, -35.02427, -37.55709, 54.66045, 1, 1, 1, True
2.463584, -35.02427, -37.55709, 54.66045, 1, 1, 1, True
2.48362, -35.02427, -37.55709, 54.66045, 1, 1, 1, True
2.487551, -35.02427, -37.55709, 54.66045, 1, 1, 1, True
2.491754, -35.02427, -37.55709, 54.66045, 1, 1, 1, True
2.495503, -35.02427, -37.55709, 54.66045, 1, 1, 1, True
2.499689, -35.02427, -37.55709, 54.66045, 1, 1, 1, True
2.503472, -35.02427, -37.55709, 54.66045, 1, 1, 1, True
2.507653, -35.02427, -37.55709, 54.66045, 1, 1, 1, True
2.511578, -35.02427, -37.55709, 54.66045, 1, 1, 1, True
2.515566, -35.02427, -37.55709, 54.66045, 1, 1, 1, True
2.520102, -35.02427, -37.55709, 54.66045, 1, 1, 1, True
2.523406, -35.02427, -37.55709, 54.66045, 1, 1, 1, True
2.527686, -35.02427, -37.55709, 54.66045, 1, 1, 1, True
2.531597, -35.02427, -37.55709, 54.66045, 1, 1, 1, True
2.535671, -35.02427, -37.55709, 54.66045, 1, 1, 1, True
2.539447, -35.02427, -37.55709, 54.66045, 1, 1, 1, True
2.54375, -35.02427, -37.55709, 54.66045, 1, 1, 1, True
2.547487, -35.02427, -37.55709, 54.66045, 1, 1, 1, True
2.551686, -35.02427, -37.55709, 54.66045, 1, 1, 1, True
2.555561, -35.02427, -37.55709, 54.66045, 1, 1, 1, True
2.559633, -35.02427, -37.55709, 54.66045, 1, 1, 1, True
2.563632, -35.02427, -37.55709, 54.66045, 1, 1, 1, True
2.567628, -35.02427, -37.55709, 54.66045, 1, 1, 1, True
2.57156, -35.02427, -37.55709, 54.66045, 1, 1, 1, True
2.57558, -35.02427, -37.55709, 54.66045, 1, 1, 1, True
2.579672, -35.02427, -37.55709, 54.66045, 1, 1, 1, True
2.583507, -35.02427, -37.55709, 54.66045, 1, 1, 1, True
2.587556, -35.02427, -37.55709, 54.66045, 1, 1, 1, True
2.591682, -35.02427, -37.55709, 54.66045, 1, 1, 1, True
2.595495, -35.02427, -37.55709, 54.66045, 1, 1, 1, True
2.599659, -35.02427, -37.55709, 54.66045, 1, 1, 1, True
2.603539, -35.02427, -37.55709, 54.66045, 1, 1, 1, True
2.624048, -35.02427, -37.55709, 54.66045, 1, 1, 1, True
2.62779, -35.02427, -37.55709, 54.66045, 1, 1, 1, True
2.6318, -35.02427, -37.55709, 54.66045, 1, 1, 1, True
2.635692, -35.02427, -37.55709, 54.66045, 1, 1, 1, True
2.639706, -35.02427, -37.55709, 54.66045, 1, 1, 1, True
2.643699, -35.02427, -37.55709, 54.66045, 1, 1, 1, True
2.647523, -35.02427, -37.55709, 54.66045, 1, 1, 1, True
2.651803, -35.02427, -37.55709, 54.66045, 1, 1, 1, True
2.655561, -35.02427, -37.55709, 54.66045, 1, 1, 1, True
2.659633, -35.02427, -37.55709, 54.66045, 1, 1, 1, True
2.663477, -35.02427, -37.55709, 54.66045, 1, 1, 1, True
2.667642, -35.02427, -37.55709, 54.66045, 1, 1, 1, True
2.671632, -35.02427, -37.55709, 54.66045, 1, 1, 1, True
2.675674, -35.02427, -37.55709, 54.66045, 1, 1, 1, True
2.679591, -35.02427, -37.55709, 54.66045, 1, 1, 1, True
2.683656, -35.02427, -37.55709, 54.66045, 1, 1, 1, True
2.68752, -35.02427, -37.55709, 54.66045, 1, 1, 1, True
2.691667, -35.02427, -37.55709, 54.66045, 1, 1, 1, True
2.695653, -35.02427, -37.55709, 54.66045, 1, 1, 1, True
2.699602, -35.02427, -37.55709, 54.66045, 1, 1, 1, True
2.703469, -35.02427, -37.55709, 54.66045, 1, 1, 1, True
2.707615, -35.02427, -37.55709, 54.66045, 1, 1, 1, True
2.711642, -35.02427, -37.55709, 54.66045, 1, 1, 1, True
2.715583, -35.02427, -37.55709, 54.66045, 1, 1, 1, True
2.719716, -35.02427, -37.55709, 54.66045, 1, 1, 1, True
2.723508, -35.02427, -37.55709, 54.66045, 1, 1, 1, True
2.727611, -35.02427, -37.55709, 54.66045, 1, 1, 1, True
2.731426, -35.02427, -37.55709, 54.66045, 1, 1, 1, True
2.735745, -35.02427, -37.55709, 54.66045, 1, 1, 1, True
2.739581, -35.02427, -37.55709, 54.66045, 1, 1, 1, True
2.743811, -35.02427, -37.55709, 54.66045, 1, 1, 1, True
2.764585, -35.02427, -37.55709, 54.66045, 1, 1, 1, True
2.767601, -35.02427, -37.55709, 54.66045, 1, 1, 1, True
2.771619, -35.02427, -37.55709, 54.66045, 1, 1, 1, True
2.775582, -35.02427, -37.55709, 54.66045, 1, 1, 1, True
2.779782, -35.02427, -37.55709, 54.66045, 1, 1, 1, True
2.783616, -35.02427, -37.55709, 54.66045, 1, 1, 1, True
2.787626, -35.02427, -37.55709, 54.66045, 1, 1, 1, True
2.791718, -35.02427, -37.55709, 54.66045, 1, 1, 1, True
2.795568, -35.02427, -37.55709, 54.66045, 1, 1, 1, True
2.799619, -35.02427, -37.55709, 54.66045, 1, 1, 1, True
2.803422, -35.02427, -37.55709, 54.66045, 1, 1, 1, True
2.807649, -35.02427, -37.55709, 54.66045, 1, 1, 1, True
2.811566, -35.02427, -37.55709, 54.66045, 1, 1, 1, True
2.815576, -35.02427, -37.55709, 54.66045, 1, 1, 1, True
2.820015, -35.02427, -37.55709, 54.66045, 1, 1, 1, True
2.823536, -35.02427, -37.55709, 54.66045, 1, 1, 1, True
2.827664, -35.02427, -37.55709, 54.66045, 1, 1, 1, True
2.831553, -35.02427, -37.55709, 54.66045, 1, 1, 1, True
2.835741, -35.02427, -37.55709, 54.66045, 1, 1, 1, True
2.839622, -35.02427, -37.55709, 54.66045, 1, 1, 1, True
2.843609, -35.02427, -37.55709, 54.66045, 1, 1, 1, True
2.847685, -35.02427, -37.55709, 54.66045, 1, 1, 1, True
2.851628, -35.02427, -37.55709, 54.66045, 1, 1, 1, True
2.855623, -35.02427, -37.55709, 54.66045, 1, 1, 1, True
2.859615, -35.02427, -37.55709, 54.66045, 1, 1, 1, True
2.863452, -35.02427, -37.55709, 54.66045, 1, 1, 1, True
2.867625, -35.02427, -37.55709, 54.66045, 1, 1, 1, True
2.875859, -35.02427, -37.55709, 54.66045, 1, 1, 1, True
2.879685, -35.02427, -37.55709, 54.66045, 1, 1, 1, True
2.883618, -35.02427, -37.55709, 54.66045, 1, 1, 1, True
2.887711, -35.02427, -37.55709, 54.66045, 1, 1, 1, True
2.907687, -35.02427, -37.55709, 54.66045, 1, 1, 1, True
2.911998, -35.02427, -37.55709, 54.66045, 1, 1, 1, True
2.915598, -35.02427, -37.55709, 54.66045, 1, 1, 1, True
2.920419, -35.02427, -37.55709, 54.66045, 1, 1, 1, True
2.923506, -35.02427, -37.55709, 54.66045, 1, 1, 1, True
2.92764, -35.02427, -37.55709, 54.66045, 1, 1, 1, True
2.9315, -35.02427, -37.55709, 54.66045, 1, 1, 1, True
2.935471, -35.02427, -37.55709, 54.66045, 1, 1, 1, True
2.94398, -35.02427, -37.55709, 54.66045, 1, 1, 1, True
2.948633, -35.02427, -37.55709, 54.66045, 1, 1, 1, True
2.951397, -35.02427, -37.55709, 54.66045, 1, 1, 1, True
2.955621, -35.02427, -37.55709, 54.66045, 1, 1, 1, True
2.959532, -35.02427, -37.55709, 54.66045, 1, 1, 1, True
2.963632, -35.02427, -37.55709, 54.66045, 1, 1, 1, True
2.96756, -35.02427, -37.55709, 54.66045, 1, 1, 1, True
2.971673, -35.02427, -37.55709, 54.66045, 1, 1, 1, True
2.97549, -35.02427, -37.55709, 54.66045, 1, 1, 1, True
2.979709, -35.02427, -37.55709, 54.66045, 1, 1, 1, True
2.983563, -35.02427, -37.55709, 54.66045, 1, 1, 1, True
2.987557, -35.02427, -37.55709, 54.66045, 1, 1, 1, True
2.991686, -35.02427, -37.55709, 54.66045, 1, 1, 1, True
2.995654, -35.02427, -37.55709, 54.66045, 1, 1, 1, True
2.999469, -35.02427, -37.55709, 54.66045, 1, 1, 1, True
3.003507, -35.02427, -37.55709, 54.66045, 1, 1, 1, True
3.007561, -35.02427, -37.55709, 54.66045, 1, 1, 1, True
3.011683, -35.02427, -37.55709, 54.66045, 1, 1, 1, True
3.015579, -35.02427, -37.55709, 54.66045, 1, 1, 1, True
3.020075, -35.02427, -37.55709, 54.66045, 1, 1, 1, True
3.023399, -35.02427, -37.55709, 54.66045, 1, 1, 1, True
3.027797, -35.02427, -37.55709, 54.66045, 1, 1, 1, True
3.031622, -35.02427, -37.55709, 54.66045, 1, 1, 1, True
3.052284, -35.02427, -37.55709, 54.66045, 1, 1, 1, True
3.05555, -35.02427, -37.55709, 54.66045, 1, 1, 1, True
3.059911, -35.02427, -37.55709, 54.66045, 1, 1, 1, True
3.06351, -35.02427, -37.55709, 54.66045, 1, 1, 1, True
3.067644, -35.02427, -37.55709, 54.66045, 1, 1, 1, True
3.071711, -35.02427, -37.55709, 54.66045, 1, 1, 1, True
3.075673, -35.02427, -37.55709, 54.66045, 1, 1, 1, True
3.079551, -35.02427, -37.55709, 54.66045, 1, 1, 1, True
3.083795, -35.02427, -37.55709, 54.66045, 1, 1, 1, True
3.087587, -35.02427, -37.55709, 54.66045, 1, 1, 1, True
3.091817, -35.02427, -37.55709, 54.66045, 1, 1, 1, True
3.095663, -35.02427, -37.55709, 54.66045, 1, 1, 1, True
3.099515, -35.02427, -37.55709, 54.66045, 1, 1, 1, True
3.103566, -35.02427, -37.55709, 54.66045, 1, 1, 1, True
3.10756, -35.02427, -37.55709, 54.66045, 1, 1, 1, True
3.11161, -35.02427, -37.55709, 54.66045, 1, 1, 1, True
3.115613, -35.02427, -37.55709, 54.66045, 1, 1, 1, True
3.119549, -35.02427, -37.55709, 54.66045, 1, 1, 1, True
3.123657, -35.02427, -37.55709, 54.66045, 1, 1, 1, True
3.127524, -35.02427, -37.55709, 54.66045, 1, 1, 1, True
3.131608, -35.02427, -37.55709, 54.66045, 1, 1, 1, True
3.135683, -35.02427, -37.55709, 54.66045, 1, 1, 1, True
3.139494, -35.02427, -37.55709, 54.66045, 1, 1, 1, True
3.143631, -35.02427, -37.55709, 54.66045, 1, 1, 1, True
3.147571, -35.02427, -37.55709, 54.66045, 1, 1, 1, True
3.151809, -35.02427, -37.55709, 54.66045, 1, 1, 1, True
3.155585, -35.02427, -37.55709, 54.66045, 1, 1, 1, True
3.159555, -35.02427, -37.55709, 54.66045, 1, 1, 1, True
3.163639, -35.02427, -37.55709, 54.66045, 1, 1, 1, True
3.167545, -35.02427, -37.55709, 54.66045, 1, 1, 1, True
3.171726, -35.02427, -37.55709, 54.66045, 1, 1, 1, True
3.191921, -35.02427, -37.55709, 54.66045, 1, 1, 1, True
3.19554, -35.02427, -37.55709, 54.66045, 1, 1, 1, True
3.199602, -35.02427, -37.55709, 54.66045, 1, 1, 1, True
3.203455, -35.02427, -37.55709, 54.66045, 1, 1, 1, True
3.207635, -35.02427, -37.55709, 54.66045, 1, 1, 1, True
3.211654, -35.02427, -37.55709, 54.66045, 1, 1, 1, True
3.215628, -35.02427, -37.55709, 54.66045, 1, 1, 1, True
3.220198, -35.02427, -37.55709, 54.66045, 1, 1, 1, True
3.22353, -35.02427, -37.55709, 54.66045, 1, 1, 1, True
3.227546, -35.02427, -37.55709, 54.66045, 1, 1, 1, True
3.23162, -35.02427, -37.55709, 54.66045, 1, 1, 1, True
3.235607, -35.02427, -37.55709, 54.66045, 1, 1, 1, True
3.239608, -35.02427, -37.55709, 54.66045, 1, 1, 1, True
3.243584, -35.02427, -37.55709, 54.66045, 1, 1, 1, True
3.247604, -35.02427, -37.55709, 54.66045, 1, 1, 1, True
3.25165, -35.02427, -37.55709, 54.66045, 1, 1, 1, True
3.255552, -35.02427, -37.55709, 54.66045, 1, 1, 1, True
3.259643, -35.02427, -37.55709, 54.66045, 1, 1, 1, True
3.263562, -35.02427, -37.55709, 54.66045, 1, 1, 1, True
3.267578, -35.02427, -37.55709, 54.66045, 1, 1, 1, True
3.271558, -35.02427, -37.55709, 54.66045, 1, 1, 1, True
3.275614, -35.02427, -37.55709, 54.66045, 1, 1, 1, True
3.279637, -35.02427, -37.55709, 54.66045, 1, 1, 1, True
3.283553, -35.02427, -37.55709, 54.66045, 1, 1, 1, True
3.287615, -35.02427, -37.55709, 54.66045, 1, 1, 1, True
3.29157, -35.02427, -37.55709, 54.66045, 1, 1, 1, True
3.295603, -35.02427, -37.55709, 54.66045, 1, 1, 1, True
3.299513, -35.02427, -37.55709, 54.66045, 1, 1, 1, True
3.303474, -35.02427, -37.55709, 54.66045, 1, 1, 1, True
3.307563, -35.02427, -37.55709, 54.66045, 1, 1, 1, True
3.311781, -35.02427, -37.55709, 54.66045, 1, 1, 1, True
3.331792, -35.02427, -37.55709, 54.66045, 1, 1, 1, True
3.335687, -35.02427, -37.55709, 54.66045, 1, 1, 1, True
3.340145, -35.02427, -37.55709, 54.66045, 1, 1, 1, True
3.343561, -35.02427, -37.55709, 54.66045, 1, 1, 1, True
3.347689, -35.02427, -37.55709, 54.66045, 1, 1, 1, True
3.351658, -35.02427, -37.55709, 54.66045, 1, 1, 1, True
3.355741, -35.02427, -37.55709, 54.66045, 1, 1, 1, True
3.359694, -35.02427, -37.55709, 54.66045, 1, 1, 1, True
3.363564, -35.02427, -37.55709, 54.66045, 1, 1, 1, True
3.367612, -35.02427, -37.55709, 54.66045, 1, 1, 1, True
3.371599, -35.02427, -37.55709, 54.66045, 1, 1, 1, True
3.375604, -35.02427, -37.55709, 54.66045, 1, 1, 1, True
3.379655, -35.02427, -37.55709, 54.66045, 1, 1, 1, True
3.383644, -35.02427, -37.55709, 54.66045, 1, 1, 1, True
3.388528, -35.02427, -37.55709, 54.66045, 1, 1, 1, True
3.395773, -35.02427, -37.55709, 54.66045, 1, 1, 1, True
3.399565, -35.02427, -37.55709, 54.66045, 1, 1, 1, True
3.403455, -35.02427, -37.55709, 54.66045, 1, 1, 1, True
3.407811, -35.02427, -37.55709, 54.66045, 1, 1, 1, True
3.415551, -35.02427, -37.55709, 54.66045, 1, 1, 1, True
3.419922, -35.02427, -37.55709, 54.66045, 1, 1, 1, True
3.423446, -35.02427, -37.55709, 54.66045, 1, 1, 1, True
3.427633, -35.02427, -37.55709, 54.66045, 1, 1, 1, True
3.431602, -35.02427, -37.55709, 54.66045, 1, 1, 1, True
3.435678, -35.02427, -37.55709, 54.66045, 1, 1, 1, True
3.439562, -35.02427, -37.55709, 54.66045, 1, 1, 1, True
3.443917, -35.02427, -37.55709, 54.66045, 1, 1, 1, True
3.451458, -35.02427, -37.55709, 54.66045, 1, 1, 1, True
3.455641, -35.02427, -37.55709, 54.66045, 1, 1, 1, True
3.45955, -35.02427, -37.55709, 54.66045, 1, 1, 1, True
3.463752, -35.02427, -37.55709, 54.66045, 1, 1, 1, True
3.483813, -35.02427, -37.55709, 54.66045, 1, 1, 1, True
3.487737, -35.02427, -37.55709, 54.66045, 1, 1, 1, True
3.492092, -35.02427, -37.55709, 54.66045, 1, 1, 1, True
3.495527, -35.02427, -37.55709, 54.66045, 1, 1, 1, True
3.499429, -35.02427, -37.55709, 54.66045, 1, 1, 1, True
3.50348, -35.02427, -37.55709, 54.66045, 1, 1, 1, True
3.507609, -35.02427, -37.55709, 54.66045, 1, 1, 1, True
3.511666, -35.02427, -37.55709, 54.66045, 1, 1, 1, True
3.515554, -35.02427, -37.55709, 54.66045, 1, 1, 1, True
3.520096, -35.02427, -37.55709, 54.66045, 1, 1, 1, True
3.523421, -35.02427, -37.55709, 54.66045, 1, 1, 1, True
3.527657, -35.02427, -37.55709, 54.66045, 1, 1, 1, True
3.531574, -35.02427, -37.55709, 54.66045, 1, 1, 1, True
3.535644, -35.02427, -37.55709, 54.66045, 1, 1, 1, True
3.539584, -35.02427, -37.55709, 54.66045, 1, 1, 1, True
3.543645, -35.02427, -37.55709, 54.66045, 1, 1, 1, True
3.547457, -35.02427, -37.55709, 54.66045, 1, 1, 1, True
3.551773, -35.02427, -37.55709, 54.66045, 1, 1, 1, True
3.555536, -35.02427, -37.55709, 54.66045, 1, 1, 1, True
3.559654, -35.02427, -37.55709, 54.66045, 1, 1, 1, True
3.563576, -35.02427, -37.55709, 54.66045, 1, 1, 1, True
3.567652, -35.02427, -37.55709, 54.66045, 1, 1, 1, True
3.571584, -35.02427, -37.55709, 54.66045, 1, 1, 1, True
3.575585, -35.02427, -37.55709, 54.66045, 1, 1, 1, True
3.579696, -35.02427, -37.55709, 54.66045, 1, 1, 1, True
3.583512, -35.02427, -37.55709, 54.66045, 1, 1, 1, True
3.58763, -35.02427, -37.55709, 54.66045, 1, 1, 1, True
3.591682, -35.02427, -37.55709, 54.66045, 1, 1, 1, True
3.59559, -35.02427, -37.55709, 54.66045, 1, 1, 1, True
3.599507, -35.02427, -37.55709, 54.66045, 1, 1, 1, True
3.603581, -35.02427, -37.55709, 54.66045, 1, 1, 1, True
3.623564, -35.02427, -37.55709, 54.66045, 1, 1, 1, True
3.627766, -35.02427, -37.55709, 54.66045, 1, 1, 1, True
3.631943, -35.02427, -37.55709, 54.66045, 1, 1, 1, True
3.635909, -35.02427, -37.55709, 54.66045, 1, 1, 1, True
3.639575, -35.02427, -37.55709, 54.66045, 1, 1, 1, True
3.643677, -35.02427, -37.55709, 54.66045, 1, 1, 1, True
3.647649, -35.02427, -37.55709, 54.66045, 1, 1, 1, True
3.651421, -35.02427, -37.55709, 54.66045, 1, 1, 1, True
3.655676, -35.02427, -37.55709, 54.66045, 1, 1, 1, True
3.659674, -35.02427, -37.55709, 54.66045, 1, 1, 1, True
3.66361, -35.02427, -37.55709, 54.66045, 1, 1, 1, True
3.667611, -35.02427, -37.55709, 54.66045, 1, 1, 1, True
3.67162, -35.02427, -37.55709, 54.66045, 1, 1, 1, True
3.6756, -35.02427, -37.55709, 54.66045, 1, 1, 1, True
3.679664, -35.02427, -37.55709, 54.66045, 1, 1, 1, True
3.683524, -35.02427, -37.55709, 54.66045, 1, 1, 1, True
3.68763, -35.02427, -37.55709, 54.66045, 1, 1, 1, True
3.69159, -35.02427, -37.55709, 54.66045, 1, 1, 1, True
3.695626, -35.02427, -37.55709, 54.66045, 1, 1, 1, True
3.699524, -35.02427, -37.55709, 54.66045, 1, 1, 1, True
3.703504, -35.02427, -37.55709, 54.66045, 1, 1, 1, True
3.707579, -35.02427, -37.55709, 54.66045, 1, 1, 1, True
3.711629, -35.02427, -37.55709, 54.66045, 1, 1, 1, True
3.715544, -35.02427, -37.55709, 54.66045, 1, 1, 1, True
3.720089, -35.02427, -37.55709, 54.66045, 1, 1, 1, True
3.72341, -35.02427, -37.55709, 54.66045, 1, 1, 1, True
3.727683, -35.02427, -37.55709, 54.66045, 1, 1, 1, True
3.731613, -35.02427, -37.55709, 54.66045, 1, 1, 1, True
3.735668, -35.02427, -37.55709, 54.66045, 1, 1, 1, True
3.739549, -35.02427, -37.55709, 54.66045, 1, 1, 1, True
3.743762, -35.02427, -37.55709, 54.66045, 1, 1, 1, True
3.763693, -35.02427, -37.55709, 54.66045, 1, 1, 1, True
3.767924, -35.02427, -37.55709, 54.66045, 1, 1, 1, True
3.771607, -35.02427, -37.55709, 54.66045, 1, 1, 1, True
3.775516, -35.02427, -37.55709, 54.66045, 1, 1, 1, True
3.779669, -35.02427, -37.55709, 54.66045, 1, 1, 1, True
3.783669, -35.02427, -37.55709, 54.66045, 1, 1, 1, True
3.787703, -35.02427, -37.55709, 54.66045, 1, 1, 1, True
3.791742, -35.02427, -37.55709, 54.66045, 1, 1, 1, True
3.795559, -35.02427, -37.55709, 54.66045, 1, 1, 1, True
3.79959, -35.02427, -37.55709, 54.66045, 1, 1, 1, True
3.803464, -35.02427, -37.55709, 54.66045, 1, 1, 1, True
3.807564, -35.02427, -37.55709, 54.66045, 1, 1, 1, True
3.811732, -35.02427, -37.55709, 54.66045, 1, 1, 1, True
3.815584, -35.02427, -37.55709, 54.66045, 1, 1, 1, True
3.820068, -35.02427, -37.55709, 54.66045, 1, 1, 1, True
3.823483, -35.02427, -37.55709, 54.66045, 1, 1, 1, True
3.827675, -35.02427, -37.55709, 54.66045, 1, 1, 1, True
3.83157, -35.02427, -37.55709, 54.66045, 1, 1, 1, True
3.835697, -35.02427, -37.55709, 54.66045, 1, 1, 1, True
3.839443, -35.02427, -37.55709, 54.66045, 1, 1, 1, True
3.843669, -35.02427, -37.55709, 54.66045, 1, 1, 1, True
3.84759, -35.02427, -37.55709, 54.66045, 1, 1, 1, True
3.851636, -35.02427, -37.55709, 54.66045, 1, 1, 1, True
3.855664, -35.02427, -37.55709, 54.66045, 1, 1, 1, True
3.859568, -35.02427, -37.55709, 54.66045, 1, 1, 1, True
3.867758, -35.02427, -37.55709, 54.66045, 1, 1, 1, True
3.871567, -35.02427, -37.55709, 54.66045, 1, 1, 1, True
3.875643, -35.02427, -37.55709, 54.66045, 1, 1, 1, True
3.879661, -35.02427, -37.55709, 54.66045, 1, 1, 1, True
3.883652, -35.02427, -37.55709, 54.66045, 1, 1, 1, True
3.887604, -35.02427, -37.55709, 54.66045, 1, 1, 1, True
3.908047, -35.02427, -37.55709, 54.66045, 1, 1, 1, True
3.912089, -35.02427, -37.55709, 54.66045, 1, 1, 1, True
3.916248, -35.02427, -37.55709, 54.66045, 1, 1, 1, True
3.923865, -35.02427, -37.55709, 54.66045, 1, 1, 1, True
3.927967, -35.02427, -37.55709, 54.66045, 1, 1, 1, True
3.931519, -35.02427, -37.55709, 54.66045, 1, 1, 1, True
3.935761, -35.02427, -37.55709, 54.66045, 1, 1, 1, True
3.939579, -35.02427, -37.55709, 54.66045, 1, 1, 1, True
3.943606, -35.02427, -37.55709, 54.66045, 1, 1, 1, True
3.947707, -35.02427, -37.55709, 54.66045, 1, 1, 1, True
3.951577, -35.02427, -37.55709, 54.66045, 1, 1, 1, True
3.955602, -35.02427, -37.55709, 54.66045, 1, 1, 1, True
3.95964, -35.02427, -37.55709, 54.66045, 1, 1, 1, True
3.963645, -35.02427, -37.55709, 54.66045, 1, 1, 1, True
3.967511, -35.02427, -37.55709, 54.66045, 1, 1, 1, True
3.971652, -35.02427, -37.55709, 54.66045, 1, 1, 1, True
3.975602, -35.02427, -37.55709, 54.66045, 1, 1, 1, True
3.979524, -35.02427, -37.55709, 54.66045, 1, 1, 1, True
3.983652, -35.02427, -37.55709, 54.66045, 1, 1, 1, True
3.987583, -35.02427, -37.55709, 54.66045, 1, 1, 1, True
3.991567, -35.02427, -37.55709, 54.66045, 1, 1, 1, True
3.995672, -35.02427, -37.55709, 54.66045, 1, 1, 1, True
3.999537, -35.02427, -37.55709, 54.66045, 1, 1, 1, True
4.003519, -35.02427, -37.55709, 54.66045, 1, 1, 1, True
4.007625, -35.02427, -37.55709, 54.66045, 1, 1, 1, True
4.011646, -35.02427, -37.55709, 54.66045, 1, 1, 1, True
4.015598, -35.02427, -37.55709, 54.66045, 1, 1, 1, True
4.020065, -35.02427, -37.55709, 54.66045, 1, 1, 1, True
4.023409, -35.02427, -37.55709, 54.66045, 1, 1, 1, True
4.027753, -35.02427, -37.55709, 54.66045, 1, 1, 1, True
4.031682, -35.02427, -37.55709, 54.66045, 1, 1, 1, True
4.055812, -35.02427, -37.55709, 54.66045, 1, 1, 1, True
4.063898, -35.02427, -37.55709, 54.66045, 1, 1, 1, True
4.071793, -35.02427, -37.55709, 54.66045, 1, 1, 1, True
4.087507, -35.02427, -37.55709, 54.66045, 1, 1, 1, True
4.091779, -35.02427, -37.55709, 54.66045, 1, 1, 1, True
4.095723, -35.02427, -37.55709, 54.66045, 1, 1, 1, True
4.099541, -35.02427, -37.55709, 54.66045, 1, 1, 1, True
4.103497, -35.02427, -37.55709, 54.66045, 1, 1, 1, True
4.10773, -35.02427, -37.55709, 54.66045, 1, 1, 1, True
4.111563, -35.02427, -37.55709, 54.66045, 1, 1, 1, True
4.115676, -35.02427, -37.55709, 54.66045, 1, 1, 1, True
4.120091, -35.02427, -37.55709, 54.66045, 1, 1, 1, True
4.123409, -35.02427, -37.55709, 54.66045, 1, 1, 1, True
4.127757, -35.02427, -37.55709, 54.66045, 1, 1, 1, True
4.131612, -35.02427, -37.55709, 54.66045, 1, 1, 1, True
4.13569, -35.02427, -37.55709, 54.66045, 1, 1, 1, True
4.139578, -35.02427, -37.55709, 54.66045, 1, 1, 1, True
4.143588, -35.02427, -37.55709, 54.66045, 1, 1, 1, True
4.147572, -35.02427, -37.55709, 54.66045, 1, 1, 1, True
4.151627, -35.02427, -37.55709, 54.66045, 1, 1, 1, True
4.155606, -35.02427, -37.55709, 54.66045, 1, 1, 1, True
4.159624, -35.02427, -37.55709, 54.66045, 1, 1, 1, True
4.163595, -35.02427, -37.55709, 54.66045, 1, 1, 1, True
4.1676, -35.02427, -37.55709, 54.66045, 1, 1, 1, True
4.171474, -35.02427, -37.55709, 54.66045, 1, 1, 1, True
4.175996, -35.02427, -37.55709, 54.66045, 1, 1, 1, True
4.183576, -35.02427, -37.55709, 54.66045, 1, 1, 1, True
4.187494, -35.02427, -37.55709, 54.66045, 1, 1, 1, True
4.191447, -35.02427, -37.55709, 54.66045, 1, 1, 1, True
4.195716, -35.02427, -37.55709, 54.66045, 1, 1, 1, True
4.203918, -35.02427, -37.55709, 54.66045, 1, 1, 1, True
4.228039, -35.02427, -37.55709, 54.66045, 1, 1, 1, True
4.235683, -35.02427, -37.55709, 54.66045, 1, 1, 1, True
4.239758, -35.02427, -37.55709, 54.66045, 1, 1, 1, True
4.248047, -35.02427, -37.55709, 54.66045, 1, 1, 1, True
4.251495, -35.02427, -37.55709, 54.66045, 1, 1, 1, True
4.255628, -35.02427, -37.55709, 54.66045, 1, 1, 1, True
4.259573, -35.02427, -37.55709, 54.66045, 1, 1, 1, True
4.263655, -35.02427, -37.55709, 54.66045, 1, 1, 1, True
4.267552, -35.02427, -37.55709, 54.66045, 1, 1, 1, True
4.271603, -35.02427, -37.55709, 54.66045, 1, 1, 1, True
4.275666, -35.02427, -37.55709, 54.66045, 1, 1, 1, True
4.279635, -35.02427, -37.55709, 54.66045, 1, 1, 1, True
4.283519, -35.02427, -37.55709, 54.66045, 1, 1, 1, True
4.287566, -35.02427, -37.55709, 54.66045, 1, 1, 1, True
4.291654, -35.02427, -37.55709, 54.66045, 1, 1, 1, True
4.295574, -35.02427, -37.55709, 54.66045, 1, 1, 1, True
4.29957, -35.02427, -37.55709, 54.66045, 1, 1, 1, True
4.303434, -35.02427, -37.55709, 54.66045, 1, 1, 1, True
4.307583, -35.02427, -37.55709, 54.66045, 1, 1, 1, True
4.311722, -35.02427, -37.55709, 54.66045, 1, 1, 1, True
4.315509, -35.02427, -37.55709, 54.66045, 1, 1, 1, True
4.32004, -35.02427, -37.55709, 54.66045, 1, 1, 1, True
4.323423, -35.02427, -37.55709, 54.66045, 1, 1, 1, True
4.327682, -35.02427, -37.55709, 54.66045, 1, 1, 1, True
4.331598, -35.02427, -37.55709, 54.66045, 1, 1, 1, True
4.335703, -35.02427, -37.55709, 54.66045, 1, 1, 1, True
4.339723, -35.02427, -37.55709, 54.66045, 1, 1, 1, True
4.343674, -35.02427, -37.55709, 54.66045, 1, 1, 1, True
4.347556, -35.02427, -37.55709, 54.66045, 1, 1, 1, True
4.355806, -35.02427, -37.55709, 54.66045, 1, 1, 1, True
4.365552, -35.02427, -37.55709, 54.66045, 1, 1, 1, True
4.391717, -35.02427, -37.55709, 54.66045, 1, 1, 1, True
4.39548, -35.02427, -37.55709, 54.66045, 1, 1, 1, True
4.399632, -35.02427, -37.55709, 54.66045, 1, 1, 1, True
4.403495, -35.02427, -37.55709, 54.66045, 1, 1, 1, True
4.407485, -35.02427, -37.55709, 54.66045, 1, 1, 1, True
4.411898, -35.02427, -37.55709, 54.66045, 1, 1, 1, True
4.415707, -35.02427, -37.55709, 54.66045, 1, 1, 1, True
4.419715, -35.02427, -37.55709, 54.66045, 1, 1, 1, True
4.423559, -35.02427, -37.55709, 54.66045, 1, 1, 1, True
4.427595, -35.02427, -37.55709, 54.66045, 1, 1, 1, True
4.431865, -35.02427, -37.55709, 54.66045, 1, 1, 1, True
4.435627, -35.02427, -37.55709, 54.66045, 1, 1, 1, True
4.439898, -35.02427, -37.55709, 54.66045, 1, 1, 1, True
4.443645, -35.02427, -37.55709, 54.66045, 1, 1, 1, True
4.447687, -35.02427, -37.55709, 54.66045, 1, 1, 1, True
4.451719, -35.02427, -37.55709, 54.66045, 1, 1, 1, True
4.45554, -35.02427, -37.55709, 54.66045, 1, 1, 1, True
4.459728, -35.02427, -37.55709, 54.66045, 1, 1, 1, True
4.463679, -35.02427, -37.55709, 54.66045, 1, 1, 1, True
4.46771, -35.02427, -37.55709, 54.66045, 1, 1, 1, True
4.471523, -35.02427, -37.55709, 54.66045, 1, 1, 1, True
4.475656, -35.02427, -37.55709, 54.66045, 1, 1, 1, True
4.479645, -35.02427, -37.55709, 54.66045, 1, 1, 1, True
4.483514, -35.02427, -37.55709, 54.66045, 1, 1, 1, True
4.487567, -35.02427, -37.55709, 54.66045, 1, 1, 1, True
4.491696, -35.02427, -37.55709, 54.66045, 1, 1, 1, True
4.495794, -35.02427, -37.55709, 54.66045, 1, 1, 1, True
4.499494, -35.02427, -37.55709, 54.66045, 1, 1, 1, True
4.503452, -35.02427, -37.55709, 54.66045, 1, 1, 1, True
4.507694, -35.02427, -37.55709, 54.66045, 1, 1, 1, True
4.511723, -35.02427, -37.55709, 54.66045, 1, 1, 1, True
4.536185, -35.02427, -37.55709, 54.66045, 1, 1, 1, True
4.540274, -35.02427, -37.55709, 54.66045, 1, 1, 1, True
4.547914, -35.02427, -37.55709, 54.66045, 1, 1, 1, True
4.551495, -35.02427, -37.55709, 54.66045, 1, 1, 1, True
4.555615, -35.02427, -37.55709, 54.66045, 1, 1, 1, True
4.563778, -35.02427, -37.55709, 54.66045, 1, 1, 1, True
4.567531, -35.02427, -37.55709, 54.66045, 1, 1, 1, True
4.571561, -35.02427, -37.55709, 54.66045, 1, 1, 1, True
4.575582, -35.02427, -37.55709, 54.66045, 1, 1, 1, True
4.579887, -35.02427, -37.55709, 54.66045, 1, 1, 1, True
4.583517, -35.02427, -37.55709, 54.66045, 1, 1, 1, True
4.587598, -35.02427, -37.55709, 54.66045, 1, 1, 1, True
4.591693, -35.02427, -37.55709, 54.66045, 1, 1, 1, True
4.595637, -35.02427, -37.55709, 54.66045, 1, 1, 1, True
4.599703, -35.02427, -37.55709, 54.66045, 1, 1, 1, True
4.603499, -35.02427, -37.55709, 54.66045, 1, 1, 1, True
4.607514, -35.02427, -37.55709, 54.66045, 1, 1, 1, True
4.611816, -35.02427, -37.55709, 54.66045, 1, 1, 1, True
4.615773, -35.02427, -37.55709, 54.66045, 1, 1, 1, True
4.620078, -35.02427, -37.55709, 54.66045, 1, 1, 1, True
4.623489, -35.02427, -37.55709, 54.66045, 1, 1, 1, True
4.627685, -35.02427, -37.55709, 54.66045, 1, 1, 1, True
4.631712, -35.02427, -37.55709, 54.66045, 1, 1, 1, True
4.635548, -35.02427, -37.55709, 54.66045, 1, 1, 1, True
4.639654, -35.02427, -37.55709, 54.66045, 1, 1, 1, True
4.643796, -35.02427, -37.55709, 54.66045, 1, 1, 1, True
4.64766, -35.02427, -37.55709, 54.66045, 1, 1, 1, True
4.651633, -35.02427, -37.55709, 54.66045, 1, 1, 1, True
4.655663, -35.02427, -37.55709, 54.66045, 1, 1, 1, True
4.659605, -35.02427, -37.55709, 54.66045, 1, 1, 1, True
4.663882, -35.02427, -37.55709, 54.66045, 1, 1, 1, True
4.687997, -35.02427, -37.55709, 54.66045, 1, 1, 1, True
4.695948, -35.02427, -37.55709, 54.66045, 1, 1, 1, True
4.69947, -35.02427, -37.55709, 54.66045, 1, 1, 1, True
4.703511, -35.02427, -37.55709, 54.66045, 1, 1, 1, True
4.707598, -35.02427, -37.55709, 54.66045, 1, 1, 1, True
4.711622, -35.02427, -37.55709, 54.66045, 1, 1, 1, True
4.715525, -35.02427, -37.55709, 54.66045, 1, 1, 1, True
4.719751, -35.02427, -37.55709, 54.66045, 1, 1, 1, True
4.723679, -35.02427, -37.55709, 54.66045, 1, 1, 1, True
4.727528, -35.02427, -37.55709, 54.66045, 1, 1, 1, True
4.73168, -35.02427, -37.55709, 54.66045, 1, 1, 1, True
4.735616, -35.02427, -37.55709, 54.66045, 1, 1, 1, True
4.739633, -35.02427, -37.55709, 54.66045, 1, 1, 1, True
4.743547, -35.02427, -37.55709, 54.66045, 1, 1, 1, True
4.747569, -35.02427, -37.55709, 54.66045, 1, 1, 1, True
4.751597, -35.02427, -37.55709, 54.66045, 1, 1, 1, True
4.755563, -35.02427, -37.55709, 54.66045, 1, 1, 1, True
4.759739, -35.02427, -37.55709, 54.66045, 1, 1, 1, True
4.763648, -35.02427, -37.55709, 54.66045, 1, 1, 1, True
4.767516, -35.02427, -37.55709, 54.66045, 1, 1, 1, True
4.771557, -35.02427, -37.55709, 54.66045, 1, 1, 1, True
4.775579, -35.02427, -37.55709, 54.66045, 1, 1, 1, True
4.779739, -35.02427, -37.55709, 54.66045, 1, 1, 1, True
4.783386, -35.02427, -37.55709, 54.66045, 1, 1, 1, True
4.787524, -35.02427, -37.55709, 54.66045, 1, 1, 1, True
4.791913, -35.02427, -37.55709, 54.66045, 1, 1, 1, True
4.795671, -35.02427, -37.55709, 54.66045, 1, 1, 1, True
4.799594, -35.02427, -37.55709, 54.66045, 1, 1, 1, True
4.803526, -35.02427, -37.55709, 54.66045, 1, 1, 1, True
4.807581, -35.02427, -37.55709, 54.66045, 1, 1, 1, True
4.811724, -35.02427, -37.55709, 54.66045, 1, 1, 1, True
4.835822, -35.02427, -37.55709, 54.66045, 1, 1, 1, True
4.839435, -35.02427, -37.55709, 54.66045, 1, 1, 1, True
4.84363, -35.02427, -37.55709, 54.66045, 1, 1, 1, True
4.847651, -35.02427, -37.55709, 54.66045, 1, 1, 1, True
4.855664, -35.02427, -37.55709, 54.66045, 1, 1, 1, True
4.859496, -35.02427, -37.55709, 54.66045, 1, 1, 1, True
4.863656, -35.02427, -37.55709, 54.66045, 1, 1, 1, True
4.867484, -35.02427, -37.55709, 54.66045, 1, 1, 1, True
4.871547, -35.02427, -37.55709, 54.66045, 1, 1, 1, True
4.875492, -35.02427, -37.55709, 54.66045, 1, 1, 1, True
4.879698, -35.02427, -37.55709, 54.66045, 1, 1, 1, True
4.883632, -35.02427, -37.55709, 54.66045, 1, 1, 1, True
4.887731, -35.02427, -37.55709, 54.66045, 1, 1, 1, True
4.891425, -35.02427, -37.55709, 54.66045, 1, 1, 1, True
4.895728, -35.02427, -37.55709, 54.66045, 1, 1, 1, True
4.899566, -35.02427, -37.55709, 54.66045, 1, 1, 1, True
4.903665, -35.02427, -37.55709, 54.66045, 1, 1, 1, True
4.90768, -35.02427, -37.55709, 54.66045, 1, 1, 1, True
4.911577, -35.02427, -37.55709, 54.66045, 1, 1, 1, True
4.915628, -35.02427, -37.55709, 54.66045, 1, 1, 1, True
4.920257, -35.02427, -37.55709, 54.66045, 1, 1, 1, True
4.923405, -35.02427, -37.55709, 54.66045, 1, 1, 1, True
4.927625, -35.02427, -37.55709, 54.66045, 1, 1, 1, True
4.935872, -35.02427, -37.55709, 54.66045, 1, 1, 1, True
4.949758, -35.02427, -37.55709, 54.66045, 1, 1, 1, True
4.95612, -35.02427, -37.55709, 54.66045, 1, 1, 1, True
4.959545, -35.02427, -37.55709, 54.66045, 1, 1, 1, True
4.963402, -35.02427, -37.55709, 54.66045, 1, 1, 1, True
4.967624, -35.02427, -37.55709, 54.66045, 1, 1, 1, True
4.971565, -35.02427, -37.55709, 54.66045, 1, 1, 1, True
4.975734, -35.02427, -37.55709, 54.66045, 1, 1, 1, True
5.003651, -35.02427, -37.55709, 54.66045, 1, 1, 1, True
5.016113, -35.02427, -37.55709, 54.66045, 1, 1, 1, True
5.019601, -35.02427, -37.55709, 54.66045, 1, 1, 1, True
5.023695, -35.02427, -37.55709, 54.66045, 1, 1, 1, True
5.027459, -35.02427, -37.55709, 54.66045, 1, 1, 1, True
5.031599, -35.02427, -37.55709, 54.66045, 1, 1, 1, True
5.035571, -35.02427, -37.55709, 54.66045, 1, 1, 1, True
5.039662, -35.02427, -37.55709, 54.66045, 1, 1, 1, True
5.043587, -35.02427, -37.55709, 54.66045, 1, 1, 1, True
5.04744, -35.02427, -37.55709, 54.66045, 1, 1, 1, True
5.051708, -35.02427, -37.55709, 54.66045, 1, 1, 1, True
5.055496, -35.02427, -37.55709, 54.66045, 1, 1, 1, True
5.059624, -35.02427, -37.55709, 54.66045, 1, 1, 1, True
5.063637, -35.02427, -37.55709, 54.66045, 1, 1, 1, True
5.067549, -35.02427, -37.55709, 54.66045, 1, 1, 1, True
5.071692, -35.02427, -37.55709, 54.66045, 1, 1, 1, True
5.075546, -35.02427, -37.55709, 54.66045, 1, 1, 1, True
5.079627, -35.02427, -37.55709, 54.66045, 1, 1, 1, True
5.083576, -35.02427, -37.55709, 54.66045, 1, 1, 1, True
5.090673, -35.02427, -37.55709, 54.66045, 1, 1, 1, True
5.099816, -35.02427, -37.55709, 54.66045, 1, 1, 1, True
5.103465, -35.02427, -37.55709, 54.66045, 1, 1, 1, True
5.107622, -35.02427, -37.55709, 54.66045, 1, 1, 1, True
5.111637, -35.02427, -37.55709, 54.66045, 1, 1, 1, True
5.115385, -35.02427, -37.55709, 54.66045, 1, 1, 1, True
5.120073, -35.02427, -37.55709, 54.66045, 1, 1, 1, True
5.123405, -35.02427, -37.55709, 54.66045, 1, 1, 1, True
5.127718, -35.02427, -37.55709, 54.66045, 1, 1, 1, True
5.13163, -35.02427, -37.55709, 54.66045, 1, 1, 1, True
5.135647, -35.02427, -37.55709, 54.66045, 1, 1, 1, True
5.139715, -35.02427, -37.55709, 54.66045, 1, 1, 1, True
5.159671, -35.02427, -37.55709, 54.66045, 1, 1, 1, True
5.163745, -35.02427, -37.55709, 54.66045, 1, 1, 1, True
5.16775, -35.02427, -37.55709, 54.66045, 1, 1, 1, True
5.171573, -35.02427, -37.55709, 54.66045, 1, 1, 1, True
5.175654, -35.02427, -37.55709, 54.66045, 1, 1, 1, True
5.179685, -35.02427, -37.55709, 54.66045, 1, 1, 1, True
5.183668, -35.02427, -37.55709, 54.66045, 1, 1, 1, True
5.187587, -35.02427, -37.55709, 54.66045, 1, 1, 1, True
5.191673, -35.02427, -37.55709, 54.66045, 1, 1, 1, True
5.195639, -35.02427, -37.55709, 54.66045, 1, 1, 1, True
5.199588, -35.02427, -37.55709, 54.66045, 1, 1, 1, True
5.203424, -35.02427, -37.55709, 54.66045, 1, 1, 1, True
5.207684, -35.02427, -37.55709, 54.66045, 1, 1, 1, True
5.211596, -35.02427, -37.55709, 54.66045, 1, 1, 1, True
5.215576, -35.02427, -37.55709, 54.66045, 1, 1, 1, True
5.220071, -35.02427, -37.55709, 54.66045, 1, 1, 1, True
5.223568, -35.02427, -37.55709, 54.66045, 1, 1, 1, True
5.227473, -35.02427, -37.55709, 54.66045, 1, 1, 1, True
5.231635, -35.02427, -37.55709, 54.66045, 1, 1, 1, True
5.235626, -35.02427, -37.55709, 54.66045, 1, 1, 1, True
5.239626, -35.02427, -37.55709, 54.66045, 1, 1, 1, True
5.243581, -35.02427, -37.55709, 54.66045, 1, 1, 1, True
5.247532, -35.02427, -37.55709, 54.66045, 1, 1, 1, True
5.251699, -35.02427, -37.55709, 54.66045, 1, 1, 1, True
5.255608, -35.02427, -37.55709, 54.66045, 1, 1, 1, True
5.259654, -35.02427, -37.55709, 54.66045, 1, 1, 1, True
5.26364, -35.02427, -37.55709, 54.66045, 1, 1, 1, True
5.267648, -35.02427, -37.55709, 54.66045, 1, 1, 1, True
5.271589, -35.02427, -37.55709, 54.66045, 1, 1, 1, True
5.275656, -35.02427, -37.55709, 54.66045, 1, 1, 1, True
5.279796, -35.02427, -37.55709, 54.66045, 1, 1, 1, True
5.303945, -35.02427, -37.55709, 54.66045, 1, 1, 1, True
5.315727, -35.02427, -37.55709, 54.66045, 1, 1, 1, True
5.319654, -35.02427, -37.55709, 54.66045, 1, 1, 1, True
5.323387, -35.02427, -37.55709, 54.66045, 1, 1, 1, True
5.327674, -35.02427, -37.55709, 54.66045, 1, 1, 1, True
5.33163, -35.02427, -37.55709, 54.66045, 1, 1, 1, True
5.335587, -35.02427, -37.55709, 54.66045, 1, 1, 1, True
5.339573, -35.02427, -37.55709, 54.66045, 1, 1, 1, True
5.343749, -35.02427, -37.55709, 54.66045, 1, 1, 1, True
5.347541, -35.02427, -37.55709, 54.66045, 1, 1, 1, True
5.351701, -35.02427, -37.55709, 54.66045, 1, 1, 1, True
5.355623, -35.02427, -37.55709, 54.66045, 1, 1, 1, True
5.359624, -35.02427, -37.55709, 54.66045, 1, 1, 1, True
5.363613, -35.02427, -37.55709, 54.66045, 1, 1, 1, True
5.367588, -35.02427, -37.55709, 54.66045, 1, 1, 1, True
5.371609, -35.02427, -37.55709, 54.66045, 1, 1, 1, True
5.375762, -35.02427, -37.55709, 54.66045, 1, 1, 1, True
5.383586, -35.02427, -37.55709, 54.66045, 1, 1, 1, True
5.387721, -35.02427, -37.55709, 54.66045, 1, 1, 1, True
5.391574, -35.02427, -37.55709, 54.66045, 1, 1, 1, True
5.395631, -35.02427, -37.55709, 54.66045, 1, 1, 1, True
5.399573, -35.02427, -37.55709, 54.66045, 1, 1, 1, True
5.40343, -35.02427, -37.55709, 54.66045, 1, 1, 1, True
5.407569, -35.02427, -37.55709, 54.66045, 1, 1, 1, True
5.411679, -35.02427, -37.55709, 54.66045, 1, 1, 1, True
5.415563, -35.02427, -37.55709, 54.66045, 1, 1, 1, True
5.419794, -35.02427, -37.55709, 54.66045, 1, 1, 1, True
5.423627, -35.02427, -37.55709, 54.66045, 1, 1, 1, True
5.4276, -35.02427, -37.55709, 54.66045, 1, 1, 1, True
5.431637, -35.02427, -37.55709, 54.66045, 1, 1, 1, True
5.435863, -35.02427, -37.55709, 54.66045, 1, 1, 1, True
5.460211, -35.02427, -37.55709, 54.66045, 1, 1, 1, True
5.468103, -35.02427, -37.55709, 54.66045, 1, 1, 1, True
5.471474, -35.02427, -37.55709, 54.66045, 1, 1, 1, True
5.475473, -35.02427, -37.55709, 54.66045, 1, 1, 1, True
5.479626, -35.02427, -37.55709, 54.66045, 1, 1, 1, True
5.483422, -35.02427, -37.55709, 54.66045, 1, 1, 1, True
5.487535, -35.02427, -37.55709, 54.66045, 1, 1, 1, True
5.491664, -35.02427, -37.55709, 54.66045, 1, 1, 1, True
5.495501, -35.02427, -37.55709, 54.66045, 1, 1, 1, True
5.499669, -35.02427, -37.55709, 54.66045, 1, 1, 1, True
5.503389, -35.02427, -37.55709, 54.66045, 1, 1, 1, True
5.507629, -35.02427, -37.55709, 54.66045, 1, 1, 1, True
5.511507, -35.02427, -37.55709, 54.66045, 1, 1, 1, True
5.515506, -35.02427, -37.55709, 54.66045, 1, 1, 1, True
5.520045, -35.02427, -37.55709, 54.66045, 1, 1, 1, True
5.523484, -35.02427, -37.55709, 54.66045, 1, 1, 1, True
5.527734, -35.02427, -37.55709, 54.66045, 1, 1, 1, True
5.531467, -35.02427, -37.55709, 54.66045, 1, 1, 1, True
5.535634, -35.02427, -37.55709, 54.66045, 1, 1, 1, True
5.539541, -35.02427, -37.55709, 54.66045, 1, 1, 1, True
5.543604, -35.02427, -37.55709, 54.66045, 1, 1, 1, True
5.547539, -35.02427, -37.55709, 54.66045, 1, 1, 1, True
5.551567, -35.02427, -37.55709, 54.66045, 1, 1, 1, True
5.555611, -35.02427, -37.55709, 54.66045, 1, 1, 1, True
5.559504, -35.02427, -37.55709, 54.66045, 1, 1, 1, True
5.563395, -35.02427, -37.55709, 54.66045, 1, 1, 1, True
5.567601, -35.02427, -37.55709, 54.66045, 1, 1, 1, True
5.571518, -35.02427, -37.55709, 54.66045, 1, 1, 1, True
5.575571, -35.02427, -37.55709, 54.66045, 1, 1, 1, True
5.57953, -35.02427, -37.55709, 54.66045, 1, 1, 1, True
5.583525, -35.02427, -37.55709, 54.66045, 1, 1, 1, True
5.603683, -35.02427, -37.55709, 54.66045, 1, 1, 1, True
5.607658, -35.02427, -37.55709, 54.66045, 1, 1, 1, True
5.612041, -35.02427, -37.55709, 54.66045, 1, 1, 1, True
5.615547, -35.02427, -37.55709, 54.66045, 1, 1, 1, True
5.620023, -35.02427, -37.55709, 54.66045, 1, 1, 1, True
5.623591, -35.02427, -37.55709, 54.66045, 1, 1, 1, True
5.627564, -35.02427, -37.55709, 54.66045, 1, 1, 1, True
5.631622, -35.02427, -37.55709, 54.66045, 1, 1, 1, True
5.635754, -35.02427, -37.55709, 54.66045, 1, 1, 1, True
5.639555, -35.02427, -37.55709, 54.66045, 1, 1, 1, True
5.643571, -35.02427, -37.55709, 54.66045, 1, 1, 1, True
5.647602, -35.02427, -37.55709, 54.66045, 1, 1, 1, True
5.651664, -35.02427, -37.55709, 54.66045, 1, 1, 1, True
5.655468, -35.02427, -37.55709, 54.66045, 1, 1, 1, True
5.659629, -35.02427, -37.55709, 54.66045, 1, 1, 1, True
5.663582, -35.02427, -37.55709, 54.66045, 1, 1, 1, True
5.667469, -35.02427, -37.55709, 54.66045, 1, 1, 1, True
5.671609, -35.02427, -37.55709, 54.66045, 1, 1, 1, True
5.675543, -35.02427, -37.55709, 54.66045, 1, 1, 1, True
5.679674, -35.02427, -37.55709, 54.66045, 1, 1, 1, True
5.683473, -35.02427, -37.55709, 54.66045, 1, 1, 1, True
5.687606, -35.02427, -37.55709, 54.66045, 1, 1, 1, True
5.691488, -35.02427, -37.55709, 54.66045, 1, 1, 1, True
5.695624, -35.02427, -37.55709, 54.66045, 1, 1, 1, True
5.699453, -35.02427, -37.55709, 54.66045, 1, 1, 1, True
5.703523, -35.02427, -37.55709, 54.66045, 1, 1, 1, True
5.711831, -35.02427, -37.55709, 54.66045, 1, 1, 1, True
5.720511, -35.02427, -37.55709, 54.66045, 1, 1, 1, True
5.731649, -35.02427, -37.55709, 54.66045, 1, 1, 1, True
5.735538, -35.02427, -37.55709, 54.66045, 1, 1, 1, True
5.739705, -35.02427, -37.55709, 54.66045, 1, 1, 1, True
5.759925, -35.02427, -37.55709, 54.66045, 1, 1, 1, True
5.763676, -35.02427, -37.55709, 54.66045, 1, 1, 1, True
5.767446, -35.02427, -37.55709, 54.66045, 1, 1, 1, True
5.771748, -35.02427, -37.55709, 54.66045, 1, 1, 1, True
5.775586, -35.02427, -37.55709, 54.66045, 1, 1, 1, True
5.779561, -35.02427, -37.55709, 54.66045, 1, 1, 1, True
5.783666, -35.02427, -37.55709, 54.66045, 1, 1, 1, True
5.78753, -35.02427, -37.55709, 54.66045, 1, 1, 1, True
5.791595, -35.02427, -37.55709, 54.66045, 1, 1, 1, True
5.795421, -35.02427, -37.55709, 54.66045, 1, 1, 1, True
5.799604, -35.02427, -37.55709, 54.66045, 1, 1, 1, True
5.803449, -35.02427, -37.55709, 54.66045, 1, 1, 1, True
5.80757, -35.02427, -37.55709, 54.66045, 1, 1, 1, True
5.811554, -35.02427, -37.55709, 54.66045, 1, 1, 1, True
5.815534, -35.02427, -37.55709, 54.66045, 1, 1, 1, True
5.820055, -35.02427, -37.55709, 54.66045, 1, 1, 1, True
5.823396, -35.02427, -37.55709, 54.66045, 1, 1, 1, True
5.827453, -35.02427, -37.55709, 54.66045, 1, 1, 1, True
5.831639, -35.02427, -37.55709, 54.66045, 1, 1, 1, True
5.835513, -35.02427, -37.55709, 54.66045, 1, 1, 1, True
5.839425, -35.02427, -37.55709, 54.66045, 1, 1, 1, True
5.843599, -35.02427, -37.55709, 54.66045, 1, 1, 1, True
5.847418, -35.02427, -37.55709, 54.66045, 1, 1, 1, True
5.851717, -35.02427, -37.55709, 54.66045, 1, 1, 1, True
5.855449, -35.02427, -37.55709, 54.66045, 1, 1, 1, True
5.859653, -35.02427, -37.55709, 54.66045, 1, 1, 1, True
5.863546, -35.02427, -37.55709, 54.66045, 1, 1, 1, True
5.867516, -35.02427, -37.55709, 54.66045, 1, 1, 1, True
5.871623, -35.02427, -37.55709, 54.66045, 1, 1, 1, True
5.875532, -35.02427, -37.55709, 54.66045, 1, 1, 1, True
5.87964, -35.02427, -37.55709, 54.66045, 1, 1, 1, True
5.903863, -35.02427, -37.55709, 54.66045, 1, 1, 1, True
5.907988, -35.02427, -37.55709, 54.66045, 1, 1, 1, True
5.911558, -35.02427, -37.55709, 54.66045, 1, 1, 1, True
5.915712, -35.02427, -37.55709, 54.66045, 1, 1, 1, True
5.919957, -35.02427, -37.55709, 54.66045, 1, 1, 1, True
5.923477, -35.02427, -37.55709, 54.66045, 1, 1, 1, True
5.927675, -35.02427, -37.55709, 54.66045, 1, 1, 1, True
5.931593, -35.02427, -37.55709, 54.66045, 1, 1, 1, True
5.935544, -35.02427, -37.55709, 54.66045, 1, 1, 1, True
5.939551, -35.02427, -37.55709, 54.66045, 1, 1, 1, True
5.943573, -35.02427, -37.55709, 54.66045, 1, 1, 1, True
5.947504, -35.02427, -37.55709, 54.66045, 1, 1, 1, True
5.951659, -35.02427, -37.55709, 54.66045, 1, 1, 1, True
5.955524, -35.02427, -37.55709, 54.66045, 1, 1, 1, True
5.959527, -35.02427, -37.55709, 54.66045, 1, 1, 1, True
5.963621, -35.02427, -37.55709, 54.66045, 1, 1, 1, True
5.967458, -35.02427, -37.55709, 54.66045, 1, 1, 1, True
5.971695, -35.02427, -37.55709, 54.66045, 1, 1, 1, True
5.975484, -35.02427, -37.55709, 54.66045, 1, 1, 1, True
5.979652, -35.02427, -37.55709, 54.66045, 1, 1, 1, True
5.98357, -35.02427, -37.55709, 54.66045, 1, 1, 1, True
5.987465, -35.02427, -37.55709, 54.66045, 1, 1, 1, True
5.991614, -35.02427, -37.55709, 54.66045, 1, 1, 1, True
5.995458, -35.02427, -37.55709, 54.66045, 1, 1, 1, True
5.99939, -35.02427, -37.55709, 54.66045, 1, 1, 1, True
6.003403, -35.02427, -37.55709, 54.66045, 1, 1, 1, True
6.007571, -35.02427, -37.55709, 54.66045, 1, 1, 1, True
6.011614, -35.02427, -37.55709, 54.66045, 1, 1, 1, True
6.015458, -35.02427, -37.55709, 54.66045, 1, 1, 1, True
6.01996, -35.02427, -37.55709, 54.66045, 1, 1, 1, True
6.023556, -35.02427, -37.55709, 54.66045, 1, 1, 1, True
6.044001, -35.02427, -37.55709, 54.66045, 1, 1, 1, True
6.047585, -35.02427, -37.55709, 54.66045, 1, 1, 1, True
6.05151, -35.02427, -37.55709, 54.66045, 1, 1, 1, True
6.055555, -35.02427, -37.55709, 54.66045, 1, 1, 1, True
6.059676, -35.02427, -37.55709, 54.66045, 1, 1, 1, True
6.063535, -35.02427, -37.55709, 54.66045, 1, 1, 1, True
6.163535, -35.02427, -37.55709, 54.66045, 1, 1, 1, True
6.17836, -35.02427, -37.55709, 54.66045, 1, 1, 1, True
6.185789, -35.02427, -37.55709, 54.66045, 1, 1, 1, True
6.193903, -35.02427, -37.55709, 54.66045, 1, 1, 1, True
6.201599, -35.02427, -37.55709, 54.66045, 1, 1, 1, True
6.20988, -35.02427, -37.55709, 54.66045, 1, 1, 1, True
6.217526, -35.02427, -37.55709, 54.66045, 1, 1, 1, True
6.225906, -35.02427, -37.55709, 54.66045, 1, 1, 1, True
6.233526, -35.02427, -37.55709, 54.66045, 1, 1, 1, True
6.241918, -35.02427, -37.55709, 54.66045, 1, 1, 1, True
6.250583, -35.02427, -37.55709, 54.66045, 1, 1, 1, True
6.257449, -35.02427, -37.55709, 54.66045, 1, 1, 1, True
6.261627, -35.02427, -37.55709, 54.66045, 1, 1, 1, True
6.269637, -35.02427, -37.55709, 54.66045, 1, 1, 1, True
6.277531, -35.02427, -37.55709, 54.66045, 1, 1, 1, True
6.285486, -35.02427, -37.55709, 54.66045, 1, 1, 1, True
6.293411, -35.02427, -37.55709, 54.66045, 1, 1, 1, True
6.301417, -35.02427, -37.55709, 54.66045, 1, 1, 1, True
6.309897, -35.02427, -37.55709, 54.66045, 1, 1, 1, True
6.317528, -35.02427, -37.55709, 54.66045, 1, 1, 1, True
6.325462, -35.02427, -37.55709, 54.66045, 1, 1, 1, True
6.32936, -35.02427, -37.55709, 54.66045, 1, 1, 1, True
6.333395, -35.02427, -37.55709, 54.66045, 1, 1, 1, True
6.337386, -35.02427, -37.55709, 54.66045, 1, 1, 1, True
6.341431, -35.02427, -37.55709, 54.66045, 1, 1, 1, True
6.370025, -35.02427, -37.55709, 54.66045, 1, 1, 1, True
6.377423, -35.02427, -37.55709, 54.66045, 1, 1, 1, True
6.385767, -35.02427, -37.55709, 54.66045, 1, 1, 1, True
6.393474, -35.02427, -37.55709, 54.66045, 1, 1, 1, True
6.401658, -35.02427, -37.55709, 54.66045, 1, 1, 1, True
6.409857, -35.02427, -37.55709, 54.66045, 1, 1, 1, True
6.417548, -35.02427, -37.55709, 54.66045, 1, 1, 1, True
6.425823, -35.02427, -37.55709, 54.66045, 1, 1, 1, True
6.433496, -35.02427, -37.55709, 54.66045, 1, 1, 1, True
6.441852, -35.02427, -37.55709, 54.66045, 1, 1, 1, True
6.449872, -35.02427, -37.55709, 54.66045, 1, 1, 1, True
6.457781, -35.02427, -37.55709, 54.66045, 1, 1, 1, True
6.465785, -35.02427, -37.55709, 54.66045, 1, 1, 1, True
6.473838, -35.02427, -37.55709, 54.66045, 1, 1, 1, True
6.481773, -35.02427, -37.55709, 54.66045, 1, 1, 1, True
6.489823, -35.02427, -37.55709, 54.66045, 1, 1, 1, True
6.49741, -35.02427, -37.55709, 54.66045, 1, 1, 1, True
6.50585, -35.02427, -37.55709, 54.66045, 1, 1, 1, True
6.513784, -35.02427, -37.55709, 54.66045, 1, 1, 1, True
6.52181, -35.02427, -37.55709, 54.66045, 1, 1, 1, True
6.52949, -35.02427, -37.55709, 54.66045, 1, 1, 1, True
6.537905, -35.02427, -37.55709, 54.66045, 1, 1, 1, True
6.547616, -35.02427, -37.55709, 54.66045, 1, 1, 1, True
6.553632, -35.02427, -37.55709, 54.66045, 1, 1, 1, True
6.562356, -35.02427, -37.55709, 54.66045, 1, 1, 1, True
6.570426, -35.02427, -37.55709, 54.66045, 1, 1, 1, True
6.577383, -35.02427, -37.55709, 54.66045, 1, 1, 1, True
6.586368, -35.02427, -37.55709, 54.66045, 1, 1, 1, True
6.594605, -35.02427, -37.55709, 54.66045, 1, 1, 1, True
6.602281, -35.02427, -37.55709, 54.66045, 1, 1, 1, True
6.609812, -35.02427, -37.55709, 54.66045, 1, 1, 1, True
6.634325, -35.02427, -37.55709, 54.66045, 1, 1, 1, True
6.642122, -35.02427, -37.55709, 54.66045, 1, 1, 1, True
6.650233, -35.02427, -37.55709, 54.66045, 1, 1, 1, True
6.658597, -35.02427, -37.55709, 54.66045, 1, 1, 1, True
6.665812, -35.02427, -37.55709, 54.66045, 1, 1, 1, True
6.674556, -35.02427, -37.55709, 54.66045, 1, 1, 1, True
6.682438, -35.02427, -37.55709, 54.66045, 1, 1, 1, True
6.689789, -35.02427, -37.55709, 54.66045, 1, 1, 1, True
6.697471, -35.02427, -37.55709, 54.66045, 1, 1, 1, True
6.706852, -35.02427, -37.55709, 54.66045, 1, 1, 1, True
6.714303, -35.02427, -37.55709, 54.66045, 1, 1, 1, True
6.721845, -35.02427, -37.55709, 54.66045, 1, 1, 1, True
6.730376, -35.02427, -37.55709, 54.66045, 1, 1, 1, True
6.738594, -35.02427, -37.55709, 54.66045, 1, 1, 1, True
6.745486, -35.02427, -37.55709, 54.66045, 1, 1, 1, True
6.754436, -35.02427, -37.55709, 54.66045, 1, 1, 1, True
6.76228, -35.02427, -37.55709, 54.66045, 1, 1, 1, True
6.769793, -35.02427, -37.55709, 54.66045, 1, 1, 1, True
6.77775, -35.02427, -37.55709, 54.66045, 1, 1, 1, True
6.785852, -35.02427, -37.55709, 54.66045, 1, 1, 1, True
6.793867, -35.02427, -37.55709, 54.66045, 1, 1, 1, True
6.801505, -35.02427, -37.55709, 54.66045, 1, 1, 1, True
6.80996, -35.02427, -37.55709, 54.66045, 1, 1, 1, True
6.817525, -35.02427, -37.55709, 54.66045, 1, 1, 1, True
6.826027, -35.02427, -37.55709, 54.66045, 1, 1, 1, True
6.833867, -35.02427, -37.55709, 54.66045, 1, 1, 1, True
6.841892, -35.02427, -37.55709, 54.66045, 1, 1, 1, True
6.849685, -35.02427, -37.55709, 54.66045, 1, 1, 1, True
6.85801, -35.02427, -37.55709, 54.66045, 1, 1, 1, True
6.865735, -35.02427, -37.55709, 54.66045, 1, 1, 1, True
6.876282, -35.02427, -37.55709, 54.66045, 1, 1, 1, True
6.902154, -35.02427, -37.55709, 54.66045, 1, 1, 1, True
6.91026, -35.02427, -37.55709, 54.66045, 1, 1, 1, True
6.91811, -35.02427, -37.55709, 54.66045, 1, 1, 1, True
6.925967, -35.02427, -37.55709, 54.66045, 1, 1, 1, True
6.934556, -35.02427, -37.55709, 54.66045, 1, 1, 1, True
6.942561, -35.02427, -37.55709, 54.66045, 1, 1, 1, True
6.950759, -35.02427, -37.55709, 54.66045, 1, 1, 1, True
6.957832, -35.02427, -37.55709, 54.66045, 1, 1, 1, True
6.965837, -35.02427, -37.55709, 54.66045, 1, 1, 1, True
6.973794, -35.02427, -37.55709, 54.66045, 1, 1, 1, True
6.977335, -35.02427, -37.55709, 54.66045, 1, 1, 1, True
6.981481, -35.02427, -37.55709, 54.66045, 1, 1, 1, True
6.989919, -35.02427, -37.55709, 54.66045, 1, 1, 1, True
6.99743, -35.02427, -37.55709, 54.66045, 1, 1, 1, True
7.005975, -35.02427, -37.55709, 54.66045, 1, 1, 1, True
7.013823, -35.02427, -37.55709, 54.66045, 1, 1, 1, True
7.021637, -35.02427, -37.55709, 54.66045, 1, 1, 1, True
7.030224, -35.02427, -37.55709, 54.66045, 1, 1, 1, True
7.037868, -35.02427, -37.55709, 54.66045, 1, 1, 1, True
7.04598, -35.02427, -37.55709, 54.66045, 1, 1, 1, True
7.053772, -35.02427, -37.55709, 54.66045, 1, 1, 1, True
7.061582, -35.02427, -37.55709, 54.66045, 1, 1, 1, True
7.070755, -35.02427, -37.55709, 54.66045, 1, 1, 1, True
7.077757, -35.02427, -37.55709, 54.66045, 1, 1, 1, True
7.085799, -35.02427, -37.55709, 54.66045, 1, 1, 1, True
7.093863, -35.02427, -37.55709, 54.66045, 1, 1, 1, True
7.101704, -35.02427, -37.55709, 54.66045, 1, 1, 1, True
7.109838, -35.02427, -37.55709, 54.66045, 1, 1, 1, True
7.117473, -35.02427, -37.55709, 54.66045, 1, 1, 1, True
7.121473, -35.02427, -37.55709, 54.66045, 1, 1, 1, True
7.125408, -35.02427, -37.55709, 54.66045, 1, 1, 1, True
7.150506, -35.02427, -37.55709, 54.66045, 1, 1, 1, True
7.158537, -35.02427, -37.55709, 54.66045, 1, 1, 1, True
7.166373, -35.02427, -37.55709, 54.66045, 1, 1, 1, True
7.173796, -35.02427, -37.55709, 54.66045, 1, 1, 1, True
7.181695, -35.02427, -37.55709, 54.66045, 1, 1, 1, True
7.189832, -35.02427, -37.55709, 54.66045, 1, 1, 1, True
7.197901, -35.02427, -37.55709, 54.66045, 1, 1, 1, True
7.205811, -35.02427, -37.55709, 54.66045, 1, 1, 1, True
7.213835, -35.02427, -37.55709, 54.66045, 1, 1, 1, True
7.221867, -35.02427, -37.55709, 54.66045, 1, 1, 1, True
7.22951, -35.02427, -37.55709, 54.66045, 1, 1, 1, True
7.237829, -35.02427, -37.55709, 54.66045, 1, 1, 1, True
7.246122, -35.02427, -37.55709, 54.66045, 1, 1, 1, True
7.253552, -35.02427, -37.55709, 54.66045, 1, 1, 1, True
7.261868, -35.02427, -37.55709, 54.66045, 1, 1, 1, True
7.269846, -35.02427, -37.55709, 54.66045, 1, 1, 1, True
7.277966, -35.02427, -37.55709, 54.66045, 1, 1, 1, True
7.285553, -35.02427, -37.55709, 54.66045, 1, 1, 1, True
7.294034, -35.02427, -37.55709, 54.66045, 1, 1, 1, True
7.301748, -35.02427, -37.55709, 54.66045, 1, 1, 1, True
7.309865, -35.02427, -37.55709, 54.66045, 1, 1, 1, True
7.317596, -35.02427, -37.55709, 54.66045, 1, 1, 1, True
7.326047, -35.02427, -37.55709, 54.66045, 1, 1, 1, True
7.333717, -35.02427, -37.55709, 54.66045, 1, 1, 1, True
7.341948, -35.02427, -37.55709, 54.66045, 1, 1, 1, True
7.349996, -35.02427, -37.55709, 54.66045, 1, 1, 1, True
7.357852, -35.02427, -37.55709, 54.66045, 1, 1, 1, True
7.365867, -35.02427, -37.55709, 54.66045, 1, 1, 1, True
7.37392, -35.02427, -37.55709, 54.66045, 1, 1, 1, True
7.381938, -35.02427, -37.55709, 54.66045, 1, 1, 1, True
7.389961, -35.02427, -37.55709, 54.66045, 1, 1, 1, True
7.413561, -35.02427, -37.55709, 54.66045, 1, 1, 1, True
7.421956, -35.02427, -37.55709, 54.66045, 1, 1, 1, True
7.429852, -35.02427, -37.55709, 54.66045, 1, 1, 1, True
7.437936, -35.02427, -37.55709, 54.66045, 1, 1, 1, True
7.446009, -35.02427, -37.55709, 54.66045, 1, 1, 1, True
7.453726, -35.02427, -37.55709, 54.66045, 1, 1, 1, True
7.461812, -35.02427, -37.55709, 54.66045, 1, 1, 1, True
7.469794, -35.02427, -37.55709, 54.66045, 1, 1, 1, True
7.477895, -35.02427, -37.55709, 54.66045, 1, 1, 1, True
7.485736, -35.02427, -37.55709, 54.66045, 1, 1, 1, True
7.493826, -35.02427, -37.55709, 54.66045, 1, 1, 1, True
7.50164, -35.02427, -37.55709, 54.66045, 1, 1, 1, True
7.50984, -35.02427, -37.55709, 54.66045, 1, 1, 1, True
7.517555, -35.02427, -37.55709, 54.66045, 1, 1, 1, True
7.525976, -35.02427, -37.55709, 54.66045, 1, 1, 1, True
7.533564, -35.02427, -37.55709, 54.66045, 1, 1, 1, True
7.541877, -35.02427, -37.55709, 54.66045, 1, 1, 1, True
7.550576, -35.02427, -37.55709, 54.66045, 1, 1, 1, True
7.557851, -35.02427, -37.55709, 54.66045, 1, 1, 1, True
7.565991, -35.02427, -37.55709, 54.66045, 1, 1, 1, True
7.574422, -35.02427, -37.55709, 54.66045, 1, 1, 1, True
7.582544, -35.02427, -37.55709, 54.66045, 1, 1, 1, True
7.589768, -35.02427, -37.55709, 54.66045, 1, 1, 1, True
7.59863, -35.02427, -37.55709, 54.66045, 1, 1, 1, True
7.606442, -35.02427, -37.55709, 54.66045, 1, 1, 1, True
7.614388, -35.02427, -37.55709, 54.66045, 1, 1, 1, True
7.62177, -35.02427, -37.55709, 54.66045, 1, 1, 1, True
7.630384, -35.02427, -37.55709, 54.66045, 1, 1, 1, True
7.638361, -35.02427, -37.55709, 54.66045, 1, 1, 1, True
7.645892, -35.02427, -37.55709, 54.66045, 1, 1, 1, True
7.654666, -35.02427, -37.55709, 54.66045, 1, 1, 1, True
7.67836, -35.02427, -37.55709, 54.66045, 1, 1, 1, True
7.686342, -35.02427, -37.55709, 54.66045, 1, 1, 1, True
7.694658, -35.02427, -37.55709, 54.66045, 1, 1, 1, True
7.701645, -35.02427, -37.55709, 54.66045, 1, 1, 1, True
7.710171, -35.02427, -37.55709, 54.66045, 1, 1, 1, True
7.718282, -35.02427, -37.55709, 54.66045, 1, 1, 1, True
7.725878, -35.02427, -37.55709, 54.66045, 1, 1, 1, True
7.733395, -35.02427, -37.55709, 54.66045, 1, 1, 1, True
7.737483, -35.02427, -37.55709, 54.66045, 1, 1, 1, True
7.741486, -35.02427, -37.55709, 54.66045, 1, 1, 1, True
7.745322, -35.02427, -37.55709, 54.66045, 1, 1, 1, True
7.749624, -35.02427, -37.55709, 54.66045, 1, 1, 1, True
7.753448, -35.02427, -37.55709, 54.66045, 1, 1, 1, True
7.757329, -35.02427, -37.55709, 54.66045, 1, 1, 1, True
7.761449, -35.02427, -37.55709, 54.66045, 1, 1, 1, True
7.765565, -35.02427, -37.55709, 54.66045, 1, 1, 1, True
7.770895, -35.02427, -37.55709, 54.66045, 1, 1, 1, True
7.777811, -35.02427, -37.55709, 54.66045, 1, 1, 1, True
7.785711, -35.02427, -37.55709, 54.66045, 1, 1, 1, True
7.789536, -35.02427, -37.55709, 54.66045, 1, 1, 1, True
7.793381, -35.02427, -37.55709, 54.66045, 1, 1, 1, True
7.800023, -35.02427, -37.55709, 54.66045, 1, 1, 1, True
7.805579, -35.02427, -37.55709, 54.66045, 1, 1, 1, True
7.810913, -35.02427, -37.55709, 54.66045, 1, 1, 1, True
7.817461, -35.02427, -37.55709, 54.66045, 1, 1, 1, True
7.825922, -35.02427, -37.55709, 54.66045, 1, 1, 1, True
7.833752, -35.02427, -37.55709, 54.66045, 1, 1, 1, True
7.841727, -35.02427, -37.55709, 54.66045, 1, 1, 1, True
7.850711, -35.02427, -37.55709, 54.66045, 1, 1, 1, True
7.857669, -35.02427, -37.55709, 54.66045, 1, 1, 1, True
7.86599, -35.02427, -37.55709, 54.66045, 1, 1, 1, True
7.893728, -35.02427, -37.55709, 54.66045, 1, 1, 1, True
7.937121, -35.02427, -37.55709, 54.66045, 1, 1, 1, True
7.941745, -35.02427, -37.55709, 54.66045, 1, 1, 1, True
7.94539, -35.02427, -37.55709, 54.66045, 1, 1, 1, True
7.949464, -35.02427, -37.55709, 54.66045, 1, 1, 1, True
7.95336, -35.02427, -37.55709, 54.66045, 1, 1, 1, True
7.957389, -35.02427, -37.55709, 54.66045, 1, 1, 1, True
7.961425, -35.02427, -37.55709, 54.66045, 1, 1, 1, True
7.965403, -35.02427, -37.55709, 54.66045, 1, 1, 1, True
7.969521, -35.02427, -37.55709, 54.66045, 1, 1, 1, True
7.975098, -35.02427, -37.55709, 54.66045, 1, 1, 1, True
7.985089, -35.02427, -37.55709, 54.66045, 1, 1, 1, True
7.993641, -35.02427, -37.55709, 54.66045, 1, 1, 1, True
7.997935, -35.02427, -37.55709, 54.66045, 1, 1, 1, True
8.001594, -35.02427, -37.55709, 54.66045, 1, 1, 1, True
8.005444, -35.02427, -37.55709, 54.66045, 1, 1, 1, True
8.010223, -35.02427, -37.55709, 54.66045, 1, 1, 1, True
8.017391, -35.02427, -37.55709, 54.66045, 1, 1, 1, True
8.024117, -35.02427, -37.55709, 54.66045, 1, 1, 1, True
8.030066, -35.02427, -37.55709, 54.66045, 1, 1, 1, True
8.033396, -35.02427, -37.55709, 54.66045, 1, 1, 1, True
8.038467, -35.02427, -37.55709, 54.66045, 1, 1, 1, True
8.046769, -35.02427, -37.55709, 54.66045, 1, 1, 1, True
8.054525, -35.02427, -37.55709, 54.66045, 1, 1, 1, True
8.061558, -35.02427, -37.55709, 54.66045, 1, 1, 1, True
8.070621, -35.02427, -37.55709, 54.66045, 1, 1, 1, True
8.078787, -35.02427, -37.55709, 54.66045, 1, 1, 1, True
8.086445, -35.02427, -37.55709, 54.66045, 1, 1, 1, True
8.093727, -35.02427, -37.55709, 54.66045, 1, 1, 1, True
8.102549, -35.02427, -37.55709, 54.66045, 1, 1, 1, True
8.110617, -35.02427, -37.55709, 54.66045, 1, 1, 1, True
8.13922, -35.02427, -37.55709, 54.66045, 1, 1, 1, True
8.147133, -35.02427, -37.55709, 54.66045, 1, 1, 1, True
8.158455, -35.02427, -37.55709, 54.66045, 1, 1, 1, True
8.170744, -35.02427, -37.55709, 54.66045, 1, 1, 1, True
8.186349, -35.02427, -37.55709, 54.66045, 1, 1, 1, True
8.194594, -35.02427, -37.55709, 54.66045, 1, 1, 1, True
8.20239, -35.02427, -37.55709, 54.66045, 1, 1, 1, True
8.209447, -35.02427, -37.55709, 54.66045, 1, 1, 1, True
8.217473, -35.02427, -37.55709, 54.66045, 1, 1, 1, True
8.225797, -35.02427, -37.55709, 54.66045, 1, 1, 1, True
8.233426, -35.02427, -37.55709, 54.66045, 1, 1, 1, True
8.237443, -35.02427, -37.55709, 54.66045, 1, 1, 1, True
8.241307, -35.02427, -37.55709, 54.66045, 1, 1, 1, True
8.245427, -35.02427, -37.55709, 54.66045, 1, 1, 1, True
8.249459, -35.02427, -37.55709, 54.66045, 1, 1, 1, True
8.253376, -35.02427, -37.55709, 54.66045, 1, 1, 1, True
8.257401, -35.02427, -37.55709, 54.66045, 1, 1, 1, True
8.261395, -35.02427, -37.55709, 54.66045, 1, 1, 1, True
8.266292, -35.02427, -37.55709, 54.66045, 1, 1, 1, True
8.273871, -35.02427, -37.55709, 54.66045, 1, 1, 1, True
8.282609, -35.02427, -37.55709, 54.66045, 1, 1, 1, True
8.290524, -35.02427, -37.55709, 54.66045, 1, 1, 1, True
8.297755, -35.02427, -37.55709, 54.66045, 1, 1, 1, True
8.302682, -35.02427, -37.55709, 54.66045, 1, 1, 1, True
8.309455, -35.02427, -37.55709, 54.66045, 1, 1, 1, True
8.318309, -35.02427, -37.55709, 54.66045, 1, 1, 1, True
8.32615, -35.02427, -37.55709, 54.66045, 1, 1, 1, True
8.334116, -35.02427, -37.55709, 54.66045, 1, 1, 1, True
8.341532, -35.02427, -37.55709, 54.66045, 1, 1, 1, True
8.350536, -35.02427, -37.55709, 54.66045, 1, 1, 1, True
8.35865, -35.02427, -37.55709, 54.66045, 1, 1, 1, True
8.382205, -35.02427, -37.55709, 54.66045, 1, 1, 1, True
8.390427, -35.02427, -37.55709, 54.66045, 1, 1, 1, True
8.397795, -35.02427, -37.55709, 54.66045, 1, 1, 1, True
8.406749, -35.02427, -37.55709, 54.66045, 1, 1, 1, True
8.414327, -35.02427, -37.55709, 54.66045, 1, 1, 1, True
8.421593, -35.02427, -37.55709, 54.66045, 1, 1, 1, True
8.430871, -35.02427, -37.55709, 54.66045, 1, 1, 1, True
8.438458, -35.02427, -37.55709, 54.66045, 1, 1, 1, True
8.446374, -35.02427, -37.55709, 54.66045, 1, 1, 1, True
8.453799, -35.02427, -37.55709, 54.66045, 1, 1, 1, True
8.462487, -35.02427, -37.55709, 54.66045, 1, 1, 1, True
8.533316, -35.02427, -37.55709, 54.66045, 1, 1, 1, True
8.542717, -35.02427, -37.55709, 54.66045, 1, 1, 1, True
8.550298, -35.02427, -37.55709, 54.66045, 1, 1, 1, True
8.557911, -35.02427, -37.55709, 54.66045, 1, 1, 1, True
8.565918, -35.02427, -37.55709, 54.66045, 1, 1, 1, True
8.610722, -35.02427, -37.55709, 54.66045, 1, 1, 1, True
8.695441, -35.02427, -37.55709, 54.66045, 1, 1, 1, True
8.701631, -35.02427, -37.55709, 54.66045, 1, 1, 1, True
8.706031, -35.02427, -37.55709, 54.66045, 1, 1, 1, True
8.709375, -35.02427, -37.55709, 54.66045, 1, 1, 1, True
8.713423, -35.02427, -37.55709, 54.66045, 1, 1, 1, True
8.721816, -35.02427, -37.55709, 54.66045, 1, 1, 1, True
8.729746, -35.02427, -37.55709, 54.66045, 1, 1, 1, True
8.738162, -35.02427, -37.55709, 54.66045, 1, 1, 1, True
8.746044, -35.02427, -37.55709, 54.66045, 1, 1, 1, True
8.753626, -35.02427, -37.55709, 54.66045, 1, 1, 1, True
8.757356, -35.02427, -37.55709, 54.66045, 1, 1, 1, True
8.761617, -35.02427, -37.55709, 54.66045, 1, 1, 1, True
8.765461, -35.02427, -37.55709, 54.66045, 1, 1, 1, True
8.769571, -35.02427, -37.55709, 54.66045, 1, 1, 1, True
8.773452, -35.02427, -37.55709, 54.66045, 1, 1, 1, True
8.777391, -35.02427, -37.55709, 54.66045, 1, 1, 1, True
8.781784, -35.02427, -37.55709, 54.66045, 1, 1, 1, True
8.786499, -35.02427, -37.55709, 54.66045, 1, 1, 1, True
8.793568, -35.02427, -37.55709, 54.66045, 1, 1, 1, True
8.798057, -35.02427, -37.55709, 54.66045, 1, 1, 1, True
8.801292, -35.02427, -37.55709, 54.66045, 1, 1, 1, True
8.805941, -35.02427, -37.55709, 54.66045, 1, 1, 1, True
8.809443, -35.02427, -37.55709, 54.66045, 1, 1, 1, True
8.813476, -35.02427, -37.55709, 54.66045, 1, 1, 1, True
8.817789, -35.02427, -37.55709, 54.66045, 1, 1, 1, True
8.821437, -35.02427, -37.55709, 54.66045, 1, 1, 1, True
8.825428, -35.02427, -37.55709, 54.66045, 1, 1, 1, True
8.829909, -35.02427, -37.55709, 54.66045, 1, 1, 1, True
8.833419, -35.02427, -37.55709, 54.66045, 1, 1, 1, True
8.83812, -35.02427, -37.55709, 54.66045, 1, 1, 1, True
8.842573, -35.02427, -37.55709, 54.66045, 1, 1, 1, True
8.849846, -35.02427, -37.55709, 54.66045, 1, 1, 1, True
8.853664, -35.02427, -37.55709, 54.66045, 1, 1, 1, True
8.858073, -35.02427, -37.55709, 54.66045, 1, 1, 1, True
8.86657, -35.02427, -37.55709, 54.66045, 1, 1, 1, True
8.874232, -35.02427, -37.55709, 54.66045, 1, 1, 1, True
8.881692, -35.02427, -37.55709, 54.66045, 1, 1, 1, True
8.890465, -35.02427, -37.55709, 54.66045, 1, 1, 1, True
8.898126, -35.02427, -37.55709, 54.66045, 1, 1, 1, True
8.901309, -35.02427, -37.55709, 54.66045, 1, 1, 1, True
8.905326, -35.02427, -37.55709, 54.66045, 1, 1, 1, True
8.910028, -35.02427, -37.55709, 54.66045, 1, 1, 1, True
8.913362, -35.02427, -37.55709, 54.66045, 1, 1, 1, True
8.917424, -35.02427, -37.55709, 54.66045, 1, 1, 1, True
8.922064, -35.02427, -37.55709, 54.66045, 1, 1, 1, True
8.925373, -35.02427, -37.55709, 54.66045, 1, 1, 1, True
8.930015, -35.02427, -37.55709, 54.66045, 1, 1, 1, True
8.933366, -35.02427, -37.55709, 54.66045, 1, 1, 1, True
8.937562, -35.02427, -37.55709, 54.66045, 1, 1, 1, True
8.942034, -35.02427, -37.55709, 54.66045, 1, 1, 1, True
8.945431, -35.02427, -37.55709, 54.66045, 1, 1, 1, True
8.9495, -35.02427, -37.55709, 54.66045, 1, 1, 1, True
8.953915, -35.02427, -37.55709, 54.66045, 1, 1, 1, True
8.957526, -35.02427, -37.55709, 54.66045, 1, 1, 1, True
8.96139, -35.02427, -37.55709, 54.66045, 1, 1, 1, True
8.966067, -35.02427, -37.55709, 54.66045, 1, 1, 1, True
8.970523, -35.02427, -37.55709, 54.66045, 1, 1, 1, True
8.978338, -35.02427, -37.55709, 54.66045, 1, 1, 1, True
8.981631, -35.02427, -37.55709, 54.66045, 1, 1, 1, True
8.986801, -35.02427, -37.55709, 54.66045, 1, 1, 1, True
8.993989, -35.02427, -37.55709, 54.66045, 1, 1, 1, True
9.002186, -35.02427, -37.55709, 54.66045, 1, 1, 1, True
9.010661, -35.02427, -37.55709, 54.66045, 1, 1, 1, True
9.017439, -35.02427, -37.55709, 54.66045, 1, 1, 1, True
9.021814, -35.02427, -37.55709, 54.66045, 1, 1, 1, True
9.025442, -35.02427, -37.55709, 54.66045, 1, 1, 1, True
9.029431, -35.02427, -37.55709, 54.66045, 1, 1, 1, True
9.033896, -35.02427, -37.55709, 54.66045, 1, 1, 1, True
9.037512, -35.02427, -37.55709, 54.66045, 1, 1, 1, True
9.041679, -35.02427, -37.55709, 54.66045, 1, 1, 1, True
9.045977, -35.02427, -37.55709, 54.66045, 1, 1, 1, True
9.049592, -35.02427, -37.55709, 54.66045, 1, 1, 1, True
9.053529, -35.02427, -37.55709, 54.66045, 1, 1, 1, True
9.058008, -35.02427, -37.55709, 54.66045, 1, 1, 1, True
9.061257, -35.02427, -37.55709, 54.66045, 1, 1, 1, True
9.065948, -35.02427, -37.55709, 54.66045, 1, 1, 1, True
9.069555, -35.02427, -37.55709, 54.66045, 1, 1, 1, True
9.073534, -35.02427, -37.55709, 54.66045, 1, 1, 1, True
9.077909, -35.02427, -37.55709, 54.66045, 1, 1, 1, True
9.081538, -35.02427, -37.55709, 54.66045, 1, 1, 1, True
9.086232, -35.02427, -37.55709, 54.66045, 1, 1, 1, True
9.090761, -35.02427, -37.55709, 54.66045, 1, 1, 1, True
9.098118, -35.02427, -37.55709, 54.66045, 1, 1, 1, True
9.102545, -35.02427, -37.55709, 54.66045, 1, 1, 1, True
9.110393, -35.02427, -37.55709, 54.66045, 1, 1, 1, True
9.117621, -35.02427, -37.55709, 54.66045, 1, 1, 1, True
9.122191, -35.02427, -37.55709, 54.66045, 1, 1, 1, True
9.125354, -35.02427, -37.55709, 54.66045, 1, 1, 1, True
9.129479, -35.02427, -37.55709, 54.66045, 1, 1, 1, True
9.133961, -35.02427, -37.55709, 54.66045, 1, 1, 1, True
9.137403, -35.02427, -37.55709, 54.66045, 1, 1, 1, True
9.141498, -35.02427, -37.55709, 54.66045, 1, 1, 1, True
9.145899, -35.02427, -37.55709, 54.66045, 1, 1, 1, True
9.149657, -35.02427, -37.55709, 54.66045, 1, 1, 1, True
9.153561, -35.02427, -37.55709, 54.66045, 1, 1, 1, True
9.158107, -35.02427, -37.55709, 54.66045, 1, 1, 1, True
9.161484, -35.02427, -37.55709, 54.66045, 1, 1, 1, True
9.165967, -35.02427, -37.55709, 54.66045, 1, 1, 1, True
9.173869, -35.02427, -37.55709, 54.66045, 1, 1, 1, True
9.177836, -35.02427, -37.55709, 54.66045, 1, 1, 1, True
9.181478, -35.02427, -37.55709, 54.66045, 1, 1, 1, True
9.185392, -35.02427, -37.55709, 54.66045, 1, 1, 1, True
9.189871, -35.02427, -37.55709, 54.66045, 1, 1, 1, True
9.193793, -35.02427, -37.55709, 54.66045, 1, 1, 1, True
9.197973, -35.02427, -37.55709, 54.66045, 1, 1, 1, True
9.202183, -35.02427, -37.55709, 54.66045, 1, 1, 1, True
9.209782, -35.02427, -37.55709, 54.66045, 1, 1, 1, True
9.214067, -35.02427, -37.55709, 54.66045, 1, 1, 1, True
9.217422, -35.02427, -37.55709, 54.66045, 1, 1, 1, True
9.221693, -35.02427, -37.55709, 54.66045, 1, 1, 1, True
9.226863, -35.02427, -37.55709, 54.66045, 1, 1, 1, True
9.233834, -35.02427, -37.55709, 54.66045, 1, 1, 1, True
9.237483, -35.02427, -37.55709, 54.66045, 1, 1, 1, True
9.241445, -35.02427, -37.55709, 54.66045, 1, 1, 1, True
9.245878, -35.02427, -37.55709, 54.66045, 1, 1, 1, True
9.249964, -35.02427, -37.55709, 54.66045, 1, 1, 1, True
9.254843, -35.02427, -37.55709, 54.66045, 1, 1, 1, True
9.262303, -35.02427, -37.55709, 54.66045, 1, 1, 1, True
9.27028, -35.02427, -37.55709, 54.66045, 1, 1, 1, True
9.277571, -35.02427, -37.55709, 54.66045, 1, 1, 1, True
9.281963, -35.02427, -37.55709, 54.66045, 1, 1, 1, True
9.285547, -35.02427, -37.55709, 54.66045, 1, 1, 1, True
9.289521, -35.02427, -37.55709, 54.66045, 1, 1, 1, True
9.29344, -35.02427, -37.55709, 54.66045, 1, 1, 1, True
9.297454, -35.02427, -37.55709, 54.66045, 1, 1, 1, True
9.30193, -35.02427, -37.55709, 54.66045, 1, 1, 1, True
9.305374, -35.02427, -37.55709, 54.66045, 1, 1, 1, True
9.309584, -35.02427, -37.55709, 54.66045, 1, 1, 1, True
9.314143, -35.02427, -37.55709, 54.66045, 1, 1, 1, True
9.317292, -35.02427, -37.55709, 54.66045, 1, 1, 1, True
9.321495, -35.02427, -37.55709, 54.66045, 1, 1, 1, True
9.325856, -35.02427, -37.55709, 54.66045, 1, 1, 1, True
9.329588, -35.02427, -37.55709, 54.66045, 1, 1, 1, True
9.334115, -35.02427, -37.55709, 54.66045, 1, 1, 1, True
9.342473, -35.02427, -37.55709, 54.66045, 1, 1, 1, True
9.350138, -35.02427, -37.55709, 54.66045, 1, 1, 1, True
9.353613, -35.02427, -37.55709, 54.66045, 1, 1, 1, True
9.357616, -35.02427, -37.55709, 54.66045, 1, 1, 1, True
9.361321, -35.02427, -37.55709, 54.66045, 1, 1, 1, True
9.365476, -35.02427, -37.55709, 54.66045, 1, 1, 1, True
9.369353, -35.02427, -37.55709, 54.66045, 1, 1, 1, True
9.373462, -35.02427, -37.55709, 54.66045, 1, 1, 1, True
9.377419, -35.02427, -37.55709, 54.66045, 1, 1, 1, True
9.381474, -35.02427, -37.55709, 54.66045, 1, 1, 1, True
9.38536, -35.02427, -37.55709, 54.66045, 1, 1, 1, True
9.389544, -35.02427, -37.55709, 54.66045, 1, 1, 1, True
9.394064, -35.02427, -37.55709, 54.66045, 1, 1, 1, True
9.398557, -35.02427, -37.55709, 54.66045, 1, 1, 1, True
9.405838, -35.02427, -37.55709, 54.66045, 1, 1, 1, True
9.40951, -35.02427, -37.55709, 54.66045, 1, 1, 1, True
9.413424, -35.02427, -37.55709, 54.66045, 1, 1, 1, True
9.432966, -35.02427, -37.55709, 54.66045, 1, 1, 1, True
9.442234, -35.02427, -37.55709, 54.66045, 1, 1, 1, True
9.449927, -35.02427, -37.55709, 54.66045, 1, 1, 1, True
9.457983, -35.02427, -37.55709, 54.66045, 1, 1, 1, True
9.466159, -35.02427, -37.55709, 54.66045, 1, 1, 1, True
9.473889, -35.02427, -37.55709, 54.66045, 1, 1, 1, True
9.482018, -35.02427, -37.55709, 54.66045, 1, 1, 1, True
9.489673, -35.02427, -37.55709, 54.66045, 1, 1, 1, True
9.498004, -35.02427, -37.55709, 54.66045, 1, 1, 1, True
9.50581, -35.02427, -37.55709, 54.66045, 1, 1, 1, True
9.514011, -35.02427, -37.55709, 54.66045, 1, 1, 1, True
9.521746, -35.02427, -37.55709, 54.66045, 1, 1, 1, True
9.529886, -35.02427, -37.55709, 54.66045, 1, 1, 1, True
9.537891, -35.02427, -37.55709, 54.66045, 1, 1, 1, True
9.545805, -35.02427, -37.55709, 54.66045, 1, 1, 1, True
9.553795, -35.02427, -37.55709, 54.66045, 1, 1, 1, True
9.561684, -35.02427, -37.55709, 54.66045, 1, 1, 1, True
9.569685, -35.02427, -37.55709, 54.66045, 1, 1, 1, True
9.577557, -35.02427, -37.55709, 54.66045, 1, 1, 1, True
9.585725, -35.02427, -37.55709, 54.66045, 1, 1, 1, True
9.593925, -35.02427, -37.55709, 54.66045, 1, 1, 1, True
9.601614, -35.02427, -37.55709, 54.66045, 1, 1, 1, True
9.609904, -35.02427, -37.55709, 54.66045, 1, 1, 1, True
9.61832, -35.02427, -37.55709, 54.66045, 1, 1, 1, True
9.625497, -35.02427, -37.55709, 54.66045, 1, 1, 1, True
9.634522, -35.02427, -37.55709, 54.66045, 1, 1, 1, True
9.642533, -35.02427, -37.55709, 54.66045, 1, 1, 1, True
9.650402, -35.02427, -37.55709, 54.66045, 1, 1, 1, True
9.657872, -35.02427, -37.55709, 54.66045, 1, 1, 1, True
9.666943, -35.02427, -37.55709, 54.66045, 1, 1, 1, True
9.674304, -35.02427, -37.55709, 54.66045, 1, 1, 1, True
9.681644, -35.02427, -37.55709, 54.66045, 1, 1, 1, True
9.690306, -35.02427, -37.55709, 54.66045, 1, 1, 1, True
9.698697, -35.02427, -37.55709, 54.66045, 1, 1, 1, True
9.706311, -35.02427, -37.55709, 54.66045, 1, 1, 1, True
9.713725, -35.02427, -37.55709, 54.66045, 1, 1, 1, True
9.722536, -35.02427, -37.55709, 54.66045, 1, 1, 1, True
9.73055, -35.02427, -37.55709, 54.66045, 1, 1, 1, True
9.733464, -35.02427, -37.55709, 54.66045, 1, 1, 1, True
9.737446, -35.02427, -37.55709, 54.66045, 1, 1, 1, True
9.741931, -35.02427, -37.55709, 54.66045, 1, 1, 1, True
9.745302, -35.02427, -37.55709, 54.66045, 1, 1, 1, True
9.749516, -35.02427, -37.55709, 54.66045, 1, 1, 1, True
9.754023, -35.02427, -37.55709, 54.66045, 1, 1, 1, True
9.757408, -35.02427, -37.55709, 54.66045, 1, 1, 1, True
9.762013, -35.02427, -37.55709, 54.66045, 1, 1, 1, True
9.765373, -35.02427, -37.55709, 54.66045, 1, 1, 1, True
9.769518, -35.02427, -37.55709, 54.66045, 1, 1, 1, True
9.773952, -35.02427, -37.55709, 54.66045, 1, 1, 1, True
9.777348, -35.02427, -37.55709, 54.66045, 1, 1, 1, True
9.781397, -35.02427, -37.55709, 54.66045, 1, 1, 1, True
9.785969, -35.02427, -37.55709, 54.66045, 1, 1, 1, True
9.789452, -35.02427, -37.55709, 54.66045, 1, 1, 1, True
9.79349, -35.02427, -37.55709, 54.66045, 1, 1, 1, True
9.797414, -35.02427, -37.55709, 54.66045, 1, 1, 1, True
9.802647, -35.02427, -37.55709, 54.66045, 1, 1, 1, True
9.80986, -35.02427, -37.55709, 54.66045, 1, 1, 1, True
9.81353, -35.02427, -37.55709, 54.66045, 1, 1, 1, True
9.817403, -35.02427, -37.55709, 54.66045, 1, 1, 1, True
9.821517, -35.02427, -37.55709, 54.66045, 1, 1, 1, True
9.825488, -35.02427, -37.55709, 54.66045, 1, 1, 1, True
9.829481, -35.02427, -37.55709, 54.66045, 1, 1, 1, True
9.834098, -35.02427, -37.55709, 54.66045, 1, 1, 1, True
9.841915, -35.02427, -37.55709, 54.66045, 1, 1, 1, True
9.845414, -35.02427, -37.55709, 54.66045, 1, 1, 1, True
9.849593, -35.02427, -37.55709, 54.66045, 1, 1, 1, True
9.853568, -35.02427, -37.55709, 54.66045, 1, 1, 1, True
9.857549, -35.02427, -37.55709, 54.66045, 1, 1, 1, True
9.862006, -35.02427, -37.55709, 54.66045, 1, 1, 1, True
9.866638, -35.02427, -37.55709, 54.66045, 1, 1, 1, True
9.873483, -35.02427, -37.55709, 54.66045, 1, 1, 1, True
9.908157, -35.02427, -37.55709, 54.66045, 1, 1, 1, True
9.954185, -35.02427, -37.55709, 54.66045, 1, 1, 1, True
9.981612, -35.02427, -37.55709, 54.66045, 1, 1, 1, True
9.989848, -35.02427, -37.55709, 54.66045, 1, 1, 1, True
9.997963, -35.02427, -37.55709, 54.66045, 1, 1, 1, True
10.00588, -35.02427, -37.55709, 54.66045, 1, 1, 1, True
10.01391, -35.02427, -37.55709, 54.66045, 1, 1, 1, True
10.02187, -35.02427, -37.55709, 54.66045, 1, 1, 1, True
10.03005, -35.02427, -37.55709, 54.66045, 1, 1, 1, True
10.05375, -35.02427, -37.55709, 54.66045, 1, 1, 1, True
10.06155, -35.02427, -37.55709, 54.66045, 1, 1, 1, True
10.07037, -35.02427, -37.55709, 54.66045, 1, 1, 1, True
10.0784, -35.02427, -37.55709, 54.66045, 1, 1, 1, True
10.08566, -35.02427, -37.55709, 54.66045, 1, 1, 1, True
10.09452, -35.02427, -37.55709, 54.66045, 1, 1, 1, True
10.10232, -35.02427, -37.55709, 54.66045, 1, 1, 1, True
10.10959, -35.02427, -37.55709, 54.66045, 1, 1, 1, True
10.11822, -35.02427, -37.55709, 54.66045, 1, 1, 1, True
10.12634, -35.02427, -37.55709, 54.66045, 1, 1, 1, True
10.13406, -35.02427, -37.55709, 54.66045, 1, 1, 1, True
10.1418, -35.02427, -37.55709, 54.66045, 1, 1, 1, True
10.15092, -35.02427, -37.55709, 54.66045, 1, 1, 1, True
10.1585, -35.02427, -37.55709, 54.66045, 1, 1, 1, True
10.16555, -35.02427, -37.55709, 54.66045, 1, 1, 1, True
10.17462, -35.02427, -37.55709, 54.66045, 1, 1, 1, True
10.1825, -35.02427, -37.55709, 54.66045, 1, 1, 1, True
10.19039, -35.02427, -37.55709, 54.66045, 1, 1, 1, True
10.19757, -35.02427, -37.55709, 54.66045, 1, 1, 1, True
10.2066, -35.02427, -37.55709, 54.66045, 1, 1, 1, True
10.21457, -35.02427, -37.55709, 54.66045, 1, 1, 1, True
10.22162, -35.02427, -37.55709, 54.66045, 1, 1, 1, True
10.23038, -35.02427, -37.55709, 54.66045, 1, 1, 1, True
10.23845, -35.02427, -37.55709, 54.66045, 1, 1, 1, True
10.24644, -35.02427, -37.55709, 54.66045, 1, 1, 1, True
10.25351, -35.02427, -37.55709, 54.66045, 1, 1, 1, True
10.26259, -35.02427, -37.55709, 54.66045, 1, 1, 1, True
10.27044, -35.02427, -37.55709, 54.66045, 1, 1, 1, True
10.27779, -35.02427, -37.55709, 54.66045, 1, 1, 1, True
10.28576, -35.02427, -37.55709, 54.66045, 1, 1, 1, True
10.29378, -35.02427, -37.55709, 54.66045, 1, 1, 1, True
10.32168, -35.02427, -37.55709, 54.66045, 1, 1, 1, True
10.35387, -35.02427, -37.55709, 54.66045, 1, 1, 1, True
10.38181, -35.02427, -37.55709, 54.66045, 1, 1, 1, True
10.40562, -35.02427, -37.55709, 54.66045, 1, 1, 1, True
10.40975, -35.02427, -37.55709, 54.66045, 1, 1, 1, True
10.43361, -35.02427, -37.55709, 54.66045, 1, 1, 1, True
10.45765, -35.02427, -37.55709, 54.66045, 1, 1, 1, True
10.46592, -35.02427, -37.55709, 54.66045, 1, 1, 1, True
10.47377, -35.02427, -37.55709, 54.66045, 1, 1, 1, True
10.48183, -35.02427, -37.55709, 54.66045, 1, 1, 1, True
10.48977, -35.02427, -37.55709, 54.66045, 1, 1, 1, True
10.49797, -35.02427, -37.55709, 54.66045, 1, 1, 1, True
10.50582, -35.02427, -37.55709, 54.66045, 1, 1, 1, True
10.51397, -35.02427, -37.55709, 54.66045, 1, 1, 1, True
10.52179, -35.02427, -37.55709, 54.66045, 1, 1, 1, True
10.52977, -35.02427, -37.55709, 54.66045, 1, 1, 1, True
10.53757, -35.02427, -37.55709, 54.66045, 1, 1, 1, True
10.54603, -35.02427, -37.55709, 54.66045, 1, 1, 1, True
10.55362, -35.02427, -37.55709, 54.66045, 1, 1, 1, True
10.56173, -35.02427, -37.55709, 54.66045, 1, 1, 1, True
10.58576, -35.02427, -37.55709, 54.66045, 1, 1, 1, True
10.59342, -35.02427, -37.55709, 54.66045, 1, 1, 1, True
10.59753, -35.02427, -37.55709, 54.66045, 1, 1, 1, True
10.60134, -35.02427, -37.55709, 54.66045, 1, 1, 1, True
10.60995, -35.02427, -37.55709, 54.66045, 1, 1, 1, True
10.61755, -35.02427, -37.55709, 54.66045, 1, 1, 1, True
10.62223, -35.02427, -37.55709, 54.66045, 1, 1, 1, True
10.62958, -35.02427, -37.55709, 54.66045, 1, 1, 1, True
10.63344, -35.02427, -37.55709, 54.66045, 1, 1, 1, True
10.63731, -35.02427, -37.55709, 54.66045, 1, 1, 1, True
10.64158, -35.02427, -37.55709, 54.66045, 1, 1, 1, True
10.66538, -35.02427, -37.55709, 54.66045, 1, 1, 1, True
10.67386, -35.02427, -37.55709, 54.66045, 1, 1, 1, True
10.68187, -35.02427, -37.55709, 54.66045, 1, 1, 1, True
10.68976, -35.02427, -37.55709, 54.66045, 1, 1, 1, True
10.6935, -35.02427, -37.55709, 54.66045, 1, 1, 1, True
10.69737, -35.02427, -37.55709, 54.66045, 1, 1, 1, True
10.70143, -35.02427, -37.55709, 54.66045, 1, 1, 1, True
10.70534, -35.02427, -37.55709, 54.66045, 1, 1, 1, True
10.70939, -35.02427, -37.55709, 54.66045, 1, 1, 1, True
10.71338, -35.02427, -37.55709, 54.66045, 1, 1, 1, True
10.71736, -35.02427, -37.55709, 54.66045, 1, 1, 1, True
10.722, -35.02427, -37.55709, 54.66045, 1, 1, 1, True
10.72947, -35.02427, -37.55709, 54.66045, 1, 1, 1, True
10.73338, -35.02427, -37.55709, 54.66045, 1, 1, 1, True
10.73892, -35.02427, -37.55709, 54.66045, 1, 1, 1, True
10.74572, -35.02427, -37.55709, 54.66045, 1, 1, 1, True
10.75389, -35.02427, -37.55709, 54.66045, 1, 1, 1, True
10.76165, -35.02427, -37.55709, 54.66045, 1, 1, 1, True
10.76963, -35.02427, -37.55709, 54.66045, 1, 1, 1, True
10.77798, -35.02427, -37.55709, 54.66045, 1, 1, 1, True
10.78565, -35.02427, -37.55709, 54.66045, 1, 1, 1, True
10.79392, -35.02427, -37.55709, 54.66045, 1, 1, 1, True
10.80171, -35.02427, -37.55709, 54.66045, 1, 1, 1, True
10.82571, -35.02427, -37.55709, 54.66045, 1, 1, 1, True
10.83363, -35.02427, -37.55709, 54.66045, 1, 1, 1, True
10.83759, -35.02427, -37.55709, 54.66045, 1, 1, 1, True
10.84141, -35.02427, -37.55709, 54.66045, 1, 1, 1, True
10.84544, -35.02427, -37.55709, 54.66045, 1, 1, 1, True
10.84988, -35.02427, -37.55709, 54.66045, 1, 1, 1, True
10.85754, -35.02427, -37.55709, 54.66045, 1, 1, 1, True
10.86145, -35.02427, -37.55709, 54.66045, 1, 1, 1, True
10.88578, -35.02427, -37.55709, 54.66045, 1, 1, 1, True
10.89388, -35.02427, -37.55709, 54.66045, 1, 1, 1, True
10.90177, -35.02427, -37.55709, 54.66045, 1, 1, 1, True
10.90996, -35.02427, -37.55709, 54.66045, 1, 1, 1, True
10.91743, -35.02427, -37.55709, 54.66045, 1, 1, 1, True
10.92572, -35.02427, -37.55709, 54.66045, 1, 1, 1, True
10.93367, -35.02427, -37.55709, 54.66045, 1, 1, 1, True
10.94162, -35.02427, -37.55709, 54.66045, 1, 1, 1, True
10.95067, -35.02427, -37.55709, 54.66045, 1, 1, 1, True
10.95781, -35.02427, -37.55709, 54.66045, 1, 1, 1, True
10.96596, -35.02427, -37.55709, 54.66045, 1, 1, 1, True
10.97379, -35.02427, -37.55709, 54.66045, 1, 1, 1, True
10.98197, -35.02427, -37.55709, 54.66045, 1, 1, 1, True
10.98961, -35.02427, -37.55709, 54.66045, 1, 1, 1, True
10.99771, -35.02427, -37.55709, 54.66045, 1, 1, 1, True
11.00596, -35.02427, -37.55709, 54.66045, 1, 1, 1, True
11.01396, -35.02427, -37.55709, 54.66045, 1, 1, 1, True
11.0217, -35.02427, -37.55709, 54.66045, 1, 1, 1, True
11.02996, -35.02427, -37.55709, 54.66045, 1, 1, 1, True
11.03788, -35.02427, -37.55709, 54.66045, 1, 1, 1, True
11.04602, -35.02427, -37.55709, 54.66045, 1, 1, 1, True
11.05335, -35.02427, -37.55709, 54.66045, 1, 1, 1, True
11.05768, -35.02427, -37.55709, 54.66045, 1, 1, 1, True
11.06135, -35.02427, -37.55709, 54.66045, 1, 1, 1, True
11.06533, -35.02427, -37.55709, 54.66045, 1, 1, 1, True
11.06947, -35.02427, -37.55709, 54.66045, 1, 1, 1, True
11.07342, -35.02427, -37.55709, 54.66045, 1, 1, 1, True
11.07739, -35.02427, -37.55709, 54.66045, 1, 1, 1, True
11.08159, -35.02427, -37.55709, 54.66045, 1, 1, 1, True
11.08543, -35.02427, -37.55709, 54.66045, 1, 1, 1, True
11.09132, -35.02427, -37.55709, 54.66045, 1, 1, 1, True
11.11782, -35.02427, -37.55709, 54.66045, 1, 1, 1, True
11.12602, -35.02427, -37.55709, 54.66045, 1, 1, 1, True
11.13352, -35.02427, -37.55709, 54.66045, 1, 1, 1, True
11.14208, -35.02427, -37.55709, 54.66045, 1, 1, 1, True
11.15064, -35.02427, -37.55709, 54.66045, 1, 1, 1, True
11.1575, -35.02427, -37.55709, 54.66045, 1, 1, 1, True
11.16156, -35.02427, -37.55709, 54.66045, 1, 1, 1, True
11.16541, -35.02427, -37.55709, 54.66045, 1, 1, 1, True
11.17009, -35.02427, -37.55709, 54.66045, 1, 1, 1, True
11.17796, -35.02427, -37.55709, 54.66045, 1, 1, 1, True
11.18577, -35.02427, -37.55709, 54.66045, 1, 1, 1, True
11.19388, -35.02427, -37.55709, 54.66045, 1, 1, 1, True
11.20145, -35.02427, -37.55709, 54.66045, 1, 1, 1, True
11.21014, -35.02427, -37.55709, 54.66045, 1, 1, 1, True
11.21763, -35.02427, -37.55709, 54.66045, 1, 1, 1, True
11.2259, -35.02427, -37.55709, 54.66045, 1, 1, 1, True
11.23366, -35.02427, -37.55709, 54.66045, 1, 1, 1, True
11.24305, -35.02427, -37.55709, 54.66045, 1, 1, 1, True
11.27116, -35.02427, -37.55709, 54.66045, 1, 1, 1, True
11.29396, -35.02427, -37.55709, 54.66045, 1, 1, 1, True
11.29758, -35.02427, -37.55709, 54.66045, 1, 1, 1, True
11.30163, -35.02427, -37.55709, 54.66045, 1, 1, 1, True
11.3057, -35.02427, -37.55709, 54.66045, 1, 1, 1, True
11.30943, -35.02427, -37.55709, 54.66045, 1, 1, 1, True
11.31339, -35.02427, -37.55709, 54.66045, 1, 1, 1, True
11.31758, -35.02427, -37.55709, 54.66045, 1, 1, 1, True
11.32234, -35.02427, -37.55709, 54.66045, 1, 1, 1, True
11.32987, -35.02427, -37.55709, 54.66045, 1, 1, 1, True
11.33372, -35.02427, -37.55709, 54.66045, 1, 1, 1, True
11.34204, -35.02427, -37.55709, 54.66045, 1, 1, 1, True
11.35069, -35.02427, -37.55709, 54.66045, 1, 1, 1, True
11.37786, -35.02427, -37.55709, 54.66045, 1, 1, 1, True
11.38566, -35.02427, -37.55709, 54.66045, 1, 1, 1, True
11.39512, -35.02427, -37.55709, 54.66045, 1, 1, 1, True
11.40172, -35.02427, -37.55709, 54.66045, 1, 1, 1, True
11.40954, -35.02427, -37.55709, 54.66045, 1, 1, 1, True
11.41349, -35.02427, -37.55709, 54.66045, 1, 1, 1, True
11.41734, -35.02427, -37.55709, 54.66045, 1, 1, 1, True
11.42132, -35.02427, -37.55709, 54.66045, 1, 1, 1, True
11.42539, -35.02427, -37.55709, 54.66045, 1, 1, 1, True
11.42936, -35.02427, -37.55709, 54.66045, 1, 1, 1, True
11.43339, -35.02427, -37.55709, 54.66045, 1, 1, 1, True
11.43739, -35.02427, -37.55709, 54.66045, 1, 1, 1, True
11.44222, -35.02427, -37.55709, 54.66045, 1, 1, 1, True
11.4501, -35.02427, -37.55709, 54.66045, 1, 1, 1, True
11.45788, -35.02427, -37.55709, 54.66045, 1, 1, 1, True
11.46561, -35.02427, -37.55709, 54.66045, 1, 1, 1, True
11.47384, -35.02427, -37.55709, 54.66045, 1, 1, 1, True
11.48176, -35.02427, -37.55709, 54.66045, 1, 1, 1, True
11.48964, -35.02427, -37.55709, 54.66045, 1, 1, 1, True
11.49791, -35.02427, -37.55709, 54.66045, 1, 1, 1, True
11.5057, -35.02427, -37.55709, 54.66045, 1, 1, 1, True
11.51387, -35.02427, -37.55709, 54.66045, 1, 1, 1, True
11.52188, -35.02427, -37.55709, 54.66045, 1, 1, 1, True
11.52999, -35.02427, -37.55709, 54.66045, 1, 1, 1, True
11.53779, -35.02427, -37.55709, 54.66045, 1, 1, 1, True
11.54594, -35.02427, -37.55709, 54.66045, 1, 1, 1, True
11.55347, -35.02427, -37.55709, 54.66045, 1, 1, 1, True
11.5574, -35.02427, -37.55709, 54.66045, 1, 1, 1, True
11.56169, -35.02427, -37.55709, 54.66045, 1, 1, 1, True
11.56551, -35.02427, -37.55709, 54.66045, 1, 1, 1, True
11.56953, -35.02427, -37.55709, 54.66045, 1, 1, 1, True
11.59382, -35.02427, -37.55709, 54.66045, 1, 1, 1, True
11.60167, -35.02427, -37.55709, 54.66045, 1, 1, 1, True
11.60985, -35.02427, -37.55709, 54.66045, 1, 1, 1, True
11.61757, -35.02427, -37.55709, 54.66045, 1, 1, 1, True
11.62593, -35.02427, -37.55709, 54.66045, 1, 1, 1, True
11.63347, -35.02427, -37.55709, 54.66045, 1, 1, 1, True
11.64197, -35.02427, -37.55709, 54.66045, 1, 1, 1, True
11.65059, -35.02427, -37.55709, 54.66045, 1, 1, 1, True
11.65786, -35.02427, -37.55709, 54.66045, 1, 1, 1, True
11.66589, -35.02427, -37.55709, 54.66045, 1, 1, 1, True
11.67373, -35.02427, -37.55709, 54.66045, 1, 1, 1, True
11.68201, -35.02427, -37.55709, 54.66045, 1, 1, 1, True
11.6898, -35.02427, -37.55709, 54.66045, 1, 1, 1, True
11.69784, -35.02427, -37.55709, 54.66045, 1, 1, 1, True
11.70582, -35.02427, -37.55709, 54.66045, 1, 1, 1, True
11.71381, -35.02427, -37.55709, 54.66045, 1, 1, 1, True
11.72187, -35.02427, -37.55709, 54.66045, 1, 1, 1, True
11.72978, -35.02427, -37.55709, 54.66045, 1, 1, 1, True
11.73786, -35.02427, -37.55709, 54.66045, 1, 1, 1, True
11.74603, -35.02427, -37.55709, 54.66045, 1, 1, 1, True
11.75361, -35.02427, -37.55709, 54.66045, 1, 1, 1, True
11.7616, -35.02427, -37.55709, 54.66045, 1, 1, 1, True
11.7695, -35.02427, -37.55709, 54.66045, 1, 1, 1, True
11.77798, -35.02427, -37.55709, 54.66045, 1, 1, 1, True
11.78572, -35.02427, -37.55709, 54.66045, 1, 1, 1, True
11.79384, -35.02427, -37.55709, 54.66045, 1, 1, 1, True
11.8018, -35.02427, -37.55709, 54.66045, 1, 1, 1, True
11.80982, -35.02427, -37.55709, 54.66045, 1, 1, 1, True
11.81758, -35.02427, -37.55709, 54.66045, 1, 1, 1, True
11.82557, -35.02427, -37.55709, 54.66045, 1, 1, 1, True
11.83374, -35.02427, -37.55709, 54.66045, 1, 1, 1, True
11.85769, -35.02427, -37.55709, 54.66045, 1, 1, 1, True
11.86589, -35.02427, -37.55709, 54.66045, 1, 1, 1, True
11.87383, -35.02427, -37.55709, 54.66045, 1, 1, 1, True
11.8819, -35.02427, -37.55709, 54.66045, 1, 1, 1, True
11.8899, -35.02427, -37.55709, 54.66045, 1, 1, 1, True
11.89795, -35.02427, -37.55709, 54.66045, 1, 1, 1, True
11.9059, -35.02427, -37.55709, 54.66045, 1, 1, 1, True
11.91386, -35.02427, -37.55709, 54.66045, 1, 1, 1, True
11.92167, -35.02427, -37.55709, 54.66045, 1, 1, 1, True
11.92998, -35.02427, -37.55709, 54.66045, 1, 1, 1, True
11.93783, -35.02427, -37.55709, 54.66045, 1, 1, 1, True
11.94587, -35.02427, -37.55709, 54.66045, 1, 1, 1, True
11.95346, -35.02427, -37.55709, 54.66045, 1, 1, 1, True
11.96165, -35.02427, -37.55709, 54.66045, 1, 1, 1, True
11.96949, -35.02427, -37.55709, 54.66045, 1, 1, 1, True
11.97792, -35.02427, -37.55709, 54.66045, 1, 1, 1, True
11.98588, -35.02427, -37.55709, 54.66045, 1, 1, 1, True
11.99381, -35.02427, -37.55709, 54.66045, 1, 1, 1, True
12.00161, -35.02427, -37.55709, 54.66045, 1, 1, 1, True
12.00993, -35.02427, -37.55709, 54.66045, 1, 1, 1, True
12.01768, -35.02427, -37.55709, 54.66045, 1, 1, 1, True
12.02587, -35.02427, -37.55709, 54.66045, 1, 1, 1, True
12.03362, -35.02427, -37.55709, 54.66045, 1, 1, 1, True
12.04181, -35.02427, -37.55709, 54.66045, 1, 1, 1, True
12.05039, -35.02427, -37.55709, 54.66045, 1, 1, 1, True
12.05778, -35.02427, -37.55709, 54.66045, 1, 1, 1, True
12.06594, -35.02427, -37.55709, 54.66045, 1, 1, 1, True
12.07377, -35.02427, -37.55709, 54.66045, 1, 1, 1, True
12.08206, -35.02427, -37.55709, 54.66045, 1, 1, 1, True
12.08966, -35.02427, -37.55709, 54.66045, 1, 1, 1, True
12.09799, -35.02427, -37.55709, 54.66045, 1, 1, 1, True
12.12149, -35.02427, -37.55709, 54.66045, 1, 1, 1, True
12.12549, -35.02427, -37.55709, 54.66045, 1, 1, 1, True
12.12947, -35.02427, -37.55709, 54.66045, 1, 1, 1, True
12.13352, -35.02427, -37.55709, 54.66045, 1, 1, 1, True
12.13755, -35.02427, -37.55709, 54.66045, 1, 1, 1, True
12.1414, -35.02427, -37.55709, 54.66045, 1, 1, 1, True
12.14543, -35.02427, -37.55709, 54.66045, 1, 1, 1, True
12.15088, -35.02427, -37.55709, 54.66045, 1, 1, 1, True
12.15781, -35.02427, -37.55709, 54.66045, 1, 1, 1, True
12.16589, -35.02427, -37.55709, 54.66045, 1, 1, 1, True
12.17353, -35.02427, -37.55709, 54.66045, 1, 1, 1, True
12.18173, -35.02427, -37.55709, 54.66045, 1, 1, 1, True
12.18981, -35.02427, -37.55709, 54.66045, 1, 1, 1, True
12.19784, -35.02427, -37.55709, 54.66045, 1, 1, 1, True
12.20568, -35.02427, -37.55709, 54.66045, 1, 1, 1, True
12.21398, -35.02427, -37.55709, 54.66045, 1, 1, 1, True
12.2218, -35.02427, -37.55709, 54.66045, 1, 1, 1, True
12.22983, -35.02427, -37.55709, 54.66045, 1, 1, 1, True
12.23784, -35.02427, -37.55709, 54.66045, 1, 1, 1, True
12.24589, -35.02427, -37.55709, 54.66045, 1, 1, 1, True
12.2537, -35.02427, -37.55709, 54.66045, 1, 1, 1, True
12.26168, -35.02427, -37.55709, 54.66045, 1, 1, 1, True
12.26951, -35.02427, -37.55709, 54.66045, 1, 1, 1, True
12.27795, -35.02427, -37.55709, 54.66045, 1, 1, 1, True
12.28583, -35.02427, -37.55709, 54.66045, 1, 1, 1, True
12.29365, -35.02427, -37.55709, 54.66045, 1, 1, 1, True
12.30164, -35.02427, -37.55709, 54.66045, 1, 1, 1, True
12.30991, -35.02427, -37.55709, 54.66045, 1, 1, 1, True
12.31756, -35.02427, -37.55709, 54.66045, 1, 1, 1, True
12.32584, -35.02427, -37.55709, 54.66045, 1, 1, 1, True
12.33362, -35.02427, -37.55709, 54.66045, 1, 1, 1, True
12.35766, -35.02427, -37.55709, 54.66045, 1, 1, 1, True
12.36167, -35.02427, -37.55709, 54.66045, 1, 1, 1, True
12.36954, -35.02427, -37.55709, 54.66045, 1, 1, 1, True
12.3777, -35.02427, -37.55709, 54.66045, 1, 1, 1, True
12.38572, -35.02427, -37.55709, 54.66045, 1, 1, 1, True
12.39378, -35.02427, -37.55709, 54.66045, 1, 1, 1, True
12.40162, -35.02427, -37.55709, 54.66045, 1, 1, 1, True
12.4098, -35.02427, -37.55709, 54.66045, 1, 1, 1, True
12.41764, -35.02427, -37.55709, 54.66045, 1, 1, 1, True
12.42591, -35.02427, -37.55709, 54.66045, 1, 1, 1, True
12.43343, -35.02427, -37.55709, 54.66045, 1, 1, 1, True
12.44189, -35.02427, -37.55709, 54.66045, 1, 1, 1, True
12.45055, -35.02427, -37.55709, 54.66045, 1, 1, 1, True
12.45771, -35.02427, -37.55709, 54.66045, 1, 1, 1, True
12.466, -35.02427, -37.55709, 54.66045, 1, 1, 1, True
12.47375, -35.02427, -37.55709, 54.66045, 1, 1, 1, True
12.48165, -35.02427, -37.55709, 54.66045, 1, 1, 1, True
12.48979, -35.02427, -37.55709, 54.66045, 1, 1, 1, True
12.4979, -35.02427, -37.55709, 54.66045, 1, 1, 1, True
12.50579, -35.02427, -37.55709, 54.66045, 1, 1, 1, True
12.5139, -35.02427, -37.55709, 54.66045, 1, 1, 1, True
12.52175, -35.02427, -37.55709, 54.66045, 1, 1, 1, True
12.52995, -35.02427, -37.55709, 54.66045, 1, 1, 1, True
12.53779, -35.02427, -37.55709, 54.66045, 1, 1, 1, True
12.54588, -35.02427, -37.55709, 54.66045, 1, 1, 1, True
12.55349, -35.02427, -37.55709, 54.66045, 1, 1, 1, True
12.56165, -35.02427, -37.55709, 54.66045, 1, 1, 1, True
12.56955, -35.02427, -37.55709, 54.66045, 1, 1, 1, True
12.57795, -35.02427, -37.55709, 54.66045, 1, 1, 1, True
12.58575, -35.02427, -37.55709, 54.66045, 1, 1, 1, True
12.59402, -35.02427, -37.55709, 54.66045, 1, 1, 1, True
12.62193, -35.02427, -37.55709, 54.66045, 1, 1, 1, True
12.6298, -35.02427, -37.55709, 54.66045, 1, 1, 1, True
12.63781, -35.02427, -37.55709, 54.66045, 1, 1, 1, True
12.64587, -35.02427, -37.55709, 54.66045, 1, 1, 1, True
12.65344, -35.02427, -37.55709, 54.66045, 1, 1, 1, True
12.65751, -35.02427, -37.55709, 54.66045, 1, 1, 1, True
12.66132, -35.02427, -37.55709, 54.66045, 1, 1, 1, True
12.6654, -35.02427, -37.55709, 54.66045, 1, 1, 1, True
12.6694, -35.02427, -37.55709, 54.66045, 1, 1, 1, True
12.67335, -35.02427, -37.55709, 54.66045, 1, 1, 1, True
12.67746, -35.02427, -37.55709, 54.66045, 1, 1, 1, True
12.68139, -35.02427, -37.55709, 54.66045, 1, 1, 1, True
12.68575, -35.02427, -37.55709, 54.66045, 1, 1, 1, True
12.69402, -35.02427, -37.55709, 54.66045, 1, 1, 1, True
12.70175, -35.02427, -37.55709, 54.66045, 1, 1, 1, True
12.70956, -35.02427, -37.55709, 54.66045, 1, 1, 1, True
12.71769, -35.02427, -37.55709, 54.66045, 1, 1, 1, True
12.7259, -35.02427, -37.55709, 54.66045, 1, 1, 1, True
12.73362, -35.02427, -37.55709, 54.66045, 1, 1, 1, True
12.74168, -35.02427, -37.55709, 54.66045, 1, 1, 1, True
12.74953, -35.02427, -37.55709, 54.66045, 1, 1, 1, True
12.75736, -35.02427, -37.55709, 54.66045, 1, 1, 1, True
12.76947, -35.02427, -37.55709, 54.66045, 1, 1, 1, True
12.7776, -35.02427, -37.55709, 54.66045, 1, 1, 1, True
12.78578, -35.02427, -37.55709, 54.66045, 1, 1, 1, True
12.79386, -35.02427, -37.55709, 54.66045, 1, 1, 1, True
12.80167, -35.02427, -37.55709, 54.66045, 1, 1, 1, True
12.80983, -35.02427, -37.55709, 54.66045, 1, 1, 1, True
12.81758, -35.02427, -37.55709, 54.66045, 1, 1, 1, True
12.82595, -35.02427, -37.55709, 54.66045, 1, 1, 1, True
12.83395, -35.02427, -37.55709, 54.66045, 1, 1, 1, True
12.86153, -35.02427, -37.55709, 54.66045, 1, 1, 1, True
12.86962, -35.02427, -37.55709, 54.66045, 1, 1, 1, True
12.87796, -35.02427, -37.55709, 54.66045, 1, 1, 1, True
12.88571, -35.02427, -37.55709, 54.66045, 1, 1, 1, True
12.89391, -35.02427, -37.55709, 54.66045, 1, 1, 1, True
12.90162, -35.02427, -37.55709, 54.66045, 1, 1, 1, True
12.90987, -35.02427, -37.55709, 54.66045, 1, 1, 1, True
12.91755, -35.02427, -37.55709, 54.66045, 1, 1, 1, True
12.92586, -35.02427, -37.55709, 54.66045, 1, 1, 1, True
12.93361, -35.02427, -37.55709, 54.66045, 1, 1, 1, True
12.94163, -35.02427, -37.55709, 54.66045, 1, 1, 1, True
12.94983, -35.02427, -37.55709, 54.66045, 1, 1, 1, True
12.95783, -35.02427, -37.55709, 54.66045, 1, 1, 1, True
12.96599, -35.02427, -37.55709, 54.66045, 1, 1, 1, True
12.97383, -35.02427, -37.55709, 54.66045, 1, 1, 1, True
12.98165, -35.02427, -37.55709, 54.66045, 1, 1, 1, True
12.98945, -35.02427, -37.55709, 54.66045, 1, 1, 1, True
12.99343, -35.02427, -37.55709, 54.66045, 1, 1, 1, True
12.99737, -35.02427, -37.55709, 54.66045, 1, 1, 1, True
13.00148, -35.02427, -37.55709, 54.66045, 1, 1, 1, True
13.00535, -35.02427, -37.55709, 54.66045, 1, 1, 1, True
13.00941, -35.02427, -37.55709, 54.66045, 1, 1, 1, True
13.01347, -35.02427, -37.55709, 54.66045, 1, 1, 1, True
13.01744, -35.02427, -37.55709, 54.66045, 1, 1, 1, True
13.02152, -35.02427, -37.55709, 54.66045, 1, 1, 1, True
13.02703, -35.02427, -37.55709, 54.66045, 1, 1, 1, True
13.03337, -35.02427, -37.55709, 54.66045, 1, 1, 1, True
13.04154, -35.02427, -37.55709, 54.66045, 1, 1, 1, True
13.04996, -35.02427, -37.55709, 54.66045, 1, 1, 1, True
13.05785, -35.02427, -37.55709, 54.66045, 1, 1, 1, True
13.06603, -35.02427, -37.55709, 54.66045, 1, 1, 1, True
13.09382, -35.02427, -37.55709, 54.66045, 1, 1, 1, True
13.10179, -35.02427, -37.55709, 54.66045, 1, 1, 1, True
13.10985, -35.02427, -37.55709, 54.66045, 1, 1, 1, True
13.11746, -35.02427, -37.55709, 54.66045, 1, 1, 1, True
13.12607, -35.02427, -37.55709, 54.66045, 1, 1, 1, True
13.13352, -35.02427, -37.55709, 54.66045, 1, 1, 1, True
13.14198, -35.02427, -37.55709, 54.66045, 1, 1, 1, True
13.1504, -35.02427, -37.55709, 54.66045, 1, 1, 1, True
13.15772, -35.02427, -37.55709, 54.66045, 1, 1, 1, True
13.16598, -35.02427, -37.55709, 54.66045, 1, 1, 1, True
13.17363, -35.02427, -37.55709, 54.66045, 1, 1, 1, True
13.18169, -35.02427, -37.55709, 54.66045, 1, 1, 1, True
13.18984, -35.02427, -37.55709, 54.66045, 1, 1, 1, True
13.19802, -35.02427, -37.55709, 54.66045, 1, 1, 1, True
13.20591, -35.02427, -37.55709, 54.66045, 1, 1, 1, True
13.21378, -35.02427, -37.55709, 54.66045, 1, 1, 1, True
13.22183, -35.02427, -37.55709, 54.66045, 1, 1, 1, True
13.22987, -35.02427, -37.55709, 54.66045, 1, 1, 1, True
13.23788, -35.02427, -37.55709, 54.66045, 1, 1, 1, True
13.24608, -35.02427, -37.55709, 54.66045, 1, 1, 1, True
13.25371, -35.02427, -37.55709, 54.66045, 1, 1, 1, True
13.26164, -35.02427, -37.55709, 54.66045, 1, 1, 1, True
13.26965, -35.02427, -37.55709, 54.66045, 1, 1, 1, True
13.27788, -35.02427, -37.55709, 54.66045, 1, 1, 1, True
13.28582, -35.02427, -37.55709, 54.66045, 1, 1, 1, True
13.29388, -35.02427, -37.55709, 54.66045, 1, 1, 1, True
13.30182, -35.02427, -37.55709, 54.66045, 1, 1, 1, True
13.30985, -35.02427, -37.55709, 54.66045, 1, 1, 1, True
13.31762, -35.02427, -37.55709, 54.66045, 1, 1, 1, True
13.32596, -35.02427, -37.55709, 54.66045, 1, 1, 1, True
13.33367, -35.02427, -37.55709, 54.66045, 1, 1, 1, True
13.35762, -35.02427, -37.55709, 54.66045, 1, 1, 1, True
13.36129, -35.02427, -37.55709, 54.66045, 1, 1, 1, True
13.36953, -35.02427, -37.55709, 54.66045, 1, 1, 1, True
13.37804, -35.02427, -37.55709, 54.66045, 1, 1, 1, True
13.38565, -35.02427, -37.55709, 54.66045, 1, 1, 1, True
13.39389, -35.02427, -37.55709, 54.66045, 1, 1, 1, True
13.40176, -35.02427, -37.55709, 54.66045, 1, 1, 1, True
13.40961, -35.02427, -37.55709, 54.66045, 1, 1, 1, True
13.41749, -35.02427, -37.55709, 54.66045, 1, 1, 1, True
13.42602, -35.02427, -37.55709, 54.66045, 1, 1, 1, True
13.43356, -35.02427, -37.55709, 54.66045, 1, 1, 1, True
13.44172, -35.02427, -37.55709, 54.66045, 1, 1, 1, True
13.45048, -35.02427, -37.55709, 54.66045, 1, 1, 1, True
13.45785, -35.02427, -37.55709, 54.66045, 1, 1, 1, True
13.4824, -35.02427, -37.55709, 54.66045, 1, 1, 1, True
13.48987, -35.02427, -37.55709, 54.66045, 1, 1, 1, True
13.49781, -35.02427, -37.55709, 54.66045, 1, 1, 1, True
13.50164, -35.02427, -37.55709, 54.66045, 1, 1, 1, True
13.51007, -35.02427, -37.55709, 54.66045, 1, 1, 1, True
13.51338, -35.02427, -37.55709, 54.66045, 1, 1, 1, True
13.51736, -35.02427, -37.55709, 54.66045, 1, 1, 1, True
13.52164, -35.02427, -37.55709, 54.66045, 1, 1, 1, True
13.52539, -35.02427, -37.55709, 54.66045, 1, 1, 1, True
13.52932, -35.02427, -37.55709, 54.66045, 1, 1, 1, True
13.53351, -35.02427, -37.55709, 54.66045, 1, 1, 1, True
13.5373, -35.02427, -37.55709, 54.66045, 1, 1, 1, True
13.54245, -35.02427, -37.55709, 54.66045, 1, 1, 1, True
13.5666, -35.02427, -37.55709, 54.66045, 1, 1, 1, True
13.59069, -35.02427, -37.55709, 54.66045, 1, 1, 1, True
13.59747, -35.02427, -37.55709, 54.66045, 1, 1, 1, True
13.60231, -35.02427, -37.55709, 54.66045, 1, 1, 1, True
13.62584, -35.02427, -37.55709, 54.66045, 1, 1, 1, True
13.63383, -35.02427, -37.55709, 54.66045, 1, 1, 1, True
13.64186, -35.02427, -37.55709, 54.66045, 1, 1, 1, True
13.65048, -35.02427, -37.55709, 54.66045, 1, 1, 1, True
13.65788, -35.02427, -37.55709, 54.66045, 1, 1, 1, True
13.66589, -35.02427, -37.55709, 54.66045, 1, 1, 1, True
13.67387, -35.02427, -37.55709, 54.66045, 1, 1, 1, True
13.68187, -35.02427, -37.55709, 54.66045, 1, 1, 1, True
13.68974, -35.02427, -37.55709, 54.66045, 1, 1, 1, True
13.69795, -35.02427, -37.55709, 54.66045, 1, 1, 1, True
13.70581, -35.02427, -37.55709, 54.66045, 1, 1, 1, True
13.71373, -35.02427, -37.55709, 54.66045, 1, 1, 1, True
13.7219, -35.02427, -37.55709, 54.66045, 1, 1, 1, True
13.72984, -35.02427, -37.55709, 54.66045, 1, 1, 1, True
13.73789, -35.02427, -37.55709, 54.66045, 1, 1, 1, True
13.74593, -35.02427, -37.55709, 54.66045, 1, 1, 1, True
13.7539, -35.02427, -37.55709, 54.66045, 1, 1, 1, True
13.7617, -35.02427, -37.55709, 54.66045, 1, 1, 1, True
13.76966, -35.02427, -37.55709, 54.66045, 1, 1, 1, True
13.77796, -35.02427, -37.55709, 54.66045, 1, 1, 1, True
13.78575, -35.02427, -37.55709, 54.66045, 1, 1, 1, True
13.79389, -35.02427, -37.55709, 54.66045, 1, 1, 1, True
13.80165, -35.02427, -37.55709, 54.66045, 1, 1, 1, True
13.80981, -35.02427, -37.55709, 54.66045, 1, 1, 1, True
13.81769, -35.02427, -37.55709, 54.66045, 1, 1, 1, True
13.82585, -35.02427, -37.55709, 54.66045, 1, 1, 1, True
13.83351, -35.02427, -37.55709, 54.66045, 1, 1, 1, True
13.84189, -35.02427, -37.55709, 54.66045, 1, 1, 1, True
13.85062, -35.02427, -37.55709, 54.66045, 1, 1, 1, True
13.85769, -35.02427, -37.55709, 54.66045, 1, 1, 1, True
13.86622, -35.02427, -37.55709, 54.66045, 1, 1, 1, True
13.89383, -35.02427, -37.55709, 54.66045, 1, 1, 1, True
13.90165, -35.02427, -37.55709, 54.66045, 1, 1, 1, True
13.90988, -35.02427, -37.55709, 54.66045, 1, 1, 1, True
13.91773, -35.02427, -37.55709, 54.66045, 1, 1, 1, True
13.92589, -35.02427, -37.55709, 54.66045, 1, 1, 1, True
13.93345, -35.02427, -37.55709, 54.66045, 1, 1, 1, True
13.94188, -35.02427, -37.55709, 54.66045, 1, 1, 1, True
13.94963, -35.02427, -37.55709, 54.66045, 1, 1, 1, True
13.95784, -35.02427, -37.55709, 54.66045, 1, 1, 1, True
13.96583, -35.02427, -37.55709, 54.66045, 1, 1, 1, True
13.97379, -35.02427, -37.55709, 54.66045, 1, 1, 1, True
13.98179, -35.02427, -37.55709, 54.66045, 1, 1, 1, True
13.98975, -35.02427, -37.55709, 54.66045, 1, 1, 1, True
13.99797, -35.02427, -37.55709, 54.66045, 1, 1, 1, True
14.0059, -35.02427, -37.55709, 54.66045, 1, 1, 1, True
14.01384, -35.02427, -37.55709, 54.66045, 1, 1, 1, True
14.02183, -35.02427, -37.55709, 54.66045, 1, 1, 1, True
14.02985, -35.02427, -37.55709, 54.66045, 1, 1, 1, True
14.03781, -35.02427, -37.55709, 54.66045, 1, 1, 1, True
14.04606, -35.02427, -37.55709, 54.66045, 1, 1, 1, True
14.05348, -35.02427, -37.55709, 54.66045, 1, 1, 1, True
14.06169, -35.02427, -37.55709, 54.66045, 1, 1, 1, True
14.06954, -35.02427, -37.55709, 54.66045, 1, 1, 1, True
14.07782, -35.02427, -37.55709, 54.66045, 1, 1, 1, True
14.08574, -35.02427, -37.55709, 54.66045, 1, 1, 1, True
14.09387, -35.02427, -37.55709, 54.66045, 1, 1, 1, True
14.1018, -35.02427, -37.55709, 54.66045, 1, 1, 1, True
14.10978, -35.02427, -37.55709, 54.66045, 1, 1, 1, True
14.11771, -35.02427, -37.55709, 54.66045, 1, 1, 1, True
14.12564, -35.02427, -37.55709, 54.66045, 1, 1, 1, True
14.13366, -35.02427, -37.55709, 54.66045, 1, 1, 1, True
14.15782, -35.02427, -37.55709, 54.66045, 1, 1, 1, True
14.16135, -35.02427, -37.55709, 54.66045, 1, 1, 1, True
14.16952, -35.02427, -37.55709, 54.66045, 1, 1, 1, True
14.17756, -35.02427, -37.55709, 54.66045, 1, 1, 1, True
14.18151, -35.02427, -37.55709, 54.66045, 1, 1, 1, True
14.19141, -35.02427, -37.55709, 54.66045, 1, 1, 1, True
14.19784, -35.02427, -37.55709, 54.66045, 1, 1, 1, True
14.20165, -35.02427, -37.55709, 54.66045, 1, 1, 1, True
14.2203, -35.02427, -37.55709, 54.66045, 1, 1, 1, True
14.22558, -35.02427, -37.55709, 54.66045, 1, 1, 1, True
14.22956, -35.02427, -37.55709, 54.66045, 1, 1, 1, True
14.2333, -35.02427, -37.55709, 54.66045, 1, 1, 1, True
14.23738, -35.02427, -37.55709, 54.66045, 1, 1, 1, True
14.24143, -35.02427, -37.55709, 54.66045, 1, 1, 1, True
14.24553, -35.02427, -37.55709, 54.66045, 1, 1, 1, True
14.24949, -35.02427, -37.55709, 54.66045, 1, 1, 1, True
14.25539, -35.02427, -37.55709, 54.66045, 1, 1, 1, True
14.26158, -35.02427, -37.55709, 54.66045, 1, 1, 1, True
14.26946, -35.02427, -37.55709, 54.66045, 1, 1, 1, True
14.27348, -35.02427, -37.55709, 54.66045, 1, 1, 1, True
14.27908, -35.02427, -37.55709, 54.66045, 1, 1, 1, True
14.28577, -35.02427, -37.55709, 54.66045, 1, 1, 1, True
14.29398, -35.02427, -37.55709, 54.66045, 1, 1, 1, True
14.29782, -35.02427, -37.55709, 54.66045, 1, 1, 1, True
14.30348, -35.02427, -37.55709, 54.66045, 1, 1, 1, True
14.30989, -35.02427, -37.55709, 54.66045, 1, 1, 1, True
14.31761, -35.02427, -37.55709, 54.66045, 1, 1, 1, True
14.32185, -35.02427, -37.55709, 54.66045, 1, 1, 1, True
14.32966, -35.02427, -37.55709, 54.66045, 1, 1, 1, True
14.33343, -35.02427, -37.55709, 54.66045, 1, 1, 1, True
14.339, -35.02427, -37.55709, 54.66045, 1, 1, 1, True
14.36585, -35.02427, -37.55709, 54.66045, 1, 1, 1, True
14.37368, -35.02427, -37.55709, 54.66045, 1, 1, 1, True
14.38192, -35.02427, -37.55709, 54.66045, 1, 1, 1, True
14.38957, -35.02427, -37.55709, 54.66045, 1, 1, 1, True
14.39799, -35.02427, -37.55709, 54.66045, 1, 1, 1, True
14.40588, -35.02427, -37.55709, 54.66045, 1, 1, 1, True
14.41393, -35.02427, -37.55709, 54.66045, 1, 1, 1, True
14.42189, -35.02427, -37.55709, 54.66045, 1, 1, 1, True
14.42997, -35.02427, -37.55709, 54.66045, 1, 1, 1, True
14.438, -35.02427, -37.55709, 54.66045, 1, 1, 1, True
14.44588, -35.02427, -37.55709, 54.66045, 1, 1, 1, True
14.44953, -35.02427, -37.55709, 54.66045, 1, 1, 1, True
14.45361, -35.02427, -37.55709, 54.66045, 1, 1, 1, True
14.45769, -35.02427, -37.55709, 54.66045, 1, 1, 1, True
14.46144, -35.02427, -37.55709, 54.66045, 1, 1, 1, True
14.46536, -35.02427, -37.55709, 54.66045, 1, 1, 1, True
14.46953, -35.02427, -37.55709, 54.66045, 1, 1, 1, True
14.47338, -35.02427, -37.55709, 54.66045, 1, 1, 1, True
14.47821, -35.02427, -37.55709, 54.66045, 1, 1, 1, True
14.48575, -35.02427, -37.55709, 54.66045, 1, 1, 1, True
14.49383, -35.02427, -37.55709, 54.66045, 1, 1, 1, True
14.49746, -35.02427, -37.55709, 54.66045, 1, 1, 1, True
14.50141, -35.02427, -37.55709, 54.66045, 1, 1, 1, True
14.50977, -35.02427, -37.55709, 54.66045, 1, 1, 1, True
14.51342, -35.02427, -37.55709, 54.66045, 1, 1, 1, True
14.5183, -35.02427, -37.55709, 54.66045, 1, 1, 1, True
14.52586, -35.02427, -37.55709, 54.66045, 1, 1, 1, True
14.53348, -35.02427, -37.55709, 54.66045, 1, 1, 1, True
14.54214, -35.02427, -37.55709, 54.66045, 1, 1, 1, True
14.5499, -35.02427, -37.55709, 54.66045, 1, 1, 1, True
14.55773, -35.02427, -37.55709, 54.66045, 1, 1, 1, True
14.58161, -35.02427, -37.55709, 54.66045, 1, 1, 1, True
14.58983, -35.02427, -37.55709, 54.66045, 1, 1, 1, True
14.59796, -35.02427, -37.55709, 54.66045, 1, 1, 1, True
14.60589, -35.02427, -37.55709, 54.66045, 1, 1, 1, True
14.61388, -35.02427, -37.55709, 54.66045, 1, 1, 1, True
14.62255, -35.02427, -37.55709, 54.66045, 1, 1, 1, True
14.62949, -35.02427, -37.55709, 54.66045, 1, 1, 1, True
14.63352, -35.02427, -37.55709, 54.66045, 1, 1, 1, True
14.65419, -35.02427, -37.55709, 54.66045, 1, 1, 1, True
14.6617, -35.02427, -37.55709, 54.66045, 1, 1, 1, True
14.66976, -35.02427, -37.55709, 54.66045, 1, 1, 1, True
14.67791, -35.02427, -37.55709, 54.66045, 1, 1, 1, True
14.6859, -35.02427, -37.55709, 54.66045, 1, 1, 1, True
14.69388, -35.02427, -37.55709, 54.66045, 1, 1, 1, True
14.70174, -35.02427, -37.55709, 54.66045, 1, 1, 1, True
14.70988, -35.02427, -37.55709, 54.66045, 1, 1, 1, True
14.71768, -35.02427, -37.55709, 54.66045, 1, 1, 1, True
14.72591, -35.02427, -37.55709, 54.66045, 1, 1, 1, True
14.73357, -35.02427, -37.55709, 54.66045, 1, 1, 1, True
14.74184, -35.02427, -37.55709, 54.66045, 1, 1, 1, True
14.75049, -35.02427, -37.55709, 54.66045, 1, 1, 1, True
14.75781, -35.02427, -37.55709, 54.66045, 1, 1, 1, True
14.76585, -35.02427, -37.55709, 54.66045, 1, 1, 1, True
14.7736, -35.02427, -37.55709, 54.66045, 1, 1, 1, True
14.78192, -35.02427, -37.55709, 54.66045, 1, 1, 1, True
14.78974, -35.02427, -37.55709, 54.66045, 1, 1, 1, True
14.79805, -35.02427, -37.55709, 54.66045, 1, 1, 1, True
14.80554, -35.02427, -37.55709, 54.66045, 1, 1, 1, True
14.81385, -35.02427, -37.55709, 54.66045, 1, 1, 1, True
14.82185, -35.02427, -37.55709, 54.66045, 1, 1, 1, True
14.82995, -35.02427, -37.55709, 54.66045, 1, 1, 1, True
14.85414, -35.02427, -37.55709, 54.66045, 1, 1, 1, True
14.86201, -35.02427, -37.55709, 54.66045, 1, 1, 1, True
14.8695, -35.02427, -37.55709, 54.66045, 1, 1, 1, True
14.87333, -35.02427, -37.55709, 54.66045, 1, 1, 1, True
14.87742, -35.02427, -37.55709, 54.66045, 1, 1, 1, True
14.88146, -35.02427, -37.55709, 54.66045, 1, 1, 1, True
14.88535, -35.02427, -37.55709, 54.66045, 1, 1, 1, True
14.88937, -35.02427, -37.55709, 54.66045, 1, 1, 1, True
14.89346, -35.02427, -37.55709, 54.66045, 1, 1, 1, True
14.89742, -35.02427, -37.55709, 54.66045, 1, 1, 1, True
14.90206, -35.02427, -37.55709, 54.66045, 1, 1, 1, True
14.91002, -35.02427, -37.55709, 54.66045, 1, 1, 1, True
14.91769, -35.02427, -37.55709, 54.66045, 1, 1, 1, True
14.92603, -35.02427, -37.55709, 54.66045, 1, 1, 1, True
14.93359, -35.02427, -37.55709, 54.66045, 1, 1, 1, True
14.94198, -35.02427, -37.55709, 54.66045, 1, 1, 1, True
14.95046, -35.02427, -37.55709, 54.66045, 1, 1, 1, True
14.95784, -35.02427, -37.55709, 54.66045, 1, 1, 1, True
14.96598, -35.02427, -37.55709, 54.66045, 1, 1, 1, True
14.9739, -35.02427, -37.55709, 54.66045, 1, 1, 1, True
14.98163, -35.02427, -37.55709, 54.66045, 1, 1, 1, True
15.00614, -35.02427, -37.55709, 54.66045, 1, 1, 1, True
15.01355, -35.02427, -37.55709, 54.66045, 1, 1, 1, True
15.02191, -35.02427, -37.55709, 54.66045, 1, 1, 1, True
15.03, -35.02427, -37.55709, 54.66045, 1, 1, 1, True
15.03749, -35.02427, -37.55709, 54.66045, 1, 1, 1, True
15.04586, -35.02427, -37.55709, 54.66045, 1, 1, 1, True
15.05365, -35.02427, -37.55709, 54.66045, 1, 1, 1, True
15.06181, -35.02427, -37.55709, 54.66045, 1, 1, 1, True
15.06942, -35.02427, -37.55709, 54.66045, 1, 1, 1, True
15.07377, -35.02427, -37.55709, 54.66045, 1, 1, 1, True
15.09769, -35.02427, -37.55709, 54.66045, 1, 1, 1, True
15.10585, -35.02427, -37.55709, 54.66045, 1, 1, 1, True
15.11394, -35.02427, -37.55709, 54.66045, 1, 1, 1, True
15.12184, -35.02427, -37.55709, 54.66045, 1, 1, 1, True
15.15244, -35.02427, -37.55709, 54.66045, 1, 1, 1, True
15.15742, -35.02427, -37.55709, 54.66045, 1, 1, 1, True
15.16568, -35.02427, -37.55709, 54.66045, 1, 1, 1, True
15.17345, -35.02427, -37.55709, 54.66045, 1, 1, 1, True
15.18585, -35.02427, -37.55709, 54.66045, 1, 1, 1, True
15.19395, -35.02427, -37.55709, 54.66045, 1, 1, 1, True
15.20171, -35.02427, -37.55709, 54.66045, 1, 1, 1, True
15.20996, -35.02427, -37.55709, 54.66045, 1, 1, 1, True
15.21747, -35.02427, -37.55709, 54.66045, 1, 1, 1, True
15.22593, -35.02427, -37.55709, 54.66045, 1, 1, 1, True
15.23353, -35.02427, -37.55709, 54.66045, 1, 1, 1, True
15.2419, -35.02427, -37.55709, 54.66045, 1, 1, 1, True
15.24959, -35.02427, -37.55709, 54.66045, 1, 1, 1, True
15.25806, -35.02427, -37.55709, 54.66045, 1, 1, 1, True
15.26603, -35.02427, -37.55709, 54.66045, 1, 1, 1, True
15.27348, -35.02427, -37.55709, 54.66045, 1, 1, 1, True
15.27755, -35.02427, -37.55709, 54.66045, 1, 1, 1, True
15.28135, -35.02427, -37.55709, 54.66045, 1, 1, 1, True
15.28598, -35.02427, -37.55709, 54.66045, 1, 1, 1, True
15.28946, -35.02427, -37.55709, 54.66045, 1, 1, 1, True
15.29338, -35.02427, -37.55709, 54.66045, 1, 1, 1, True
15.29748, -35.02427, -37.55709, 54.66045, 1, 1, 1, True
15.30153, -35.02427, -37.55709, 54.66045, 1, 1, 1, True
15.30605, -35.02427, -37.55709, 54.66045, 1, 1, 1, True
15.31365, -35.02427, -37.55709, 54.66045, 1, 1, 1, True
15.31764, -35.02427, -37.55709, 54.66045, 1, 1, 1, True
15.32592, -35.02427, -37.55709, 54.66045, 1, 1, 1, True
15.35059, -35.02427, -37.55709, 54.66045, 1, 1, 1, True
15.35785, -35.02427, -37.55709, 54.66045, 1, 1, 1, True
15.36565, -35.02427, -37.55709, 54.66045, 1, 1, 1, True
15.37031, -35.02427, -37.55709, 54.66045, 1, 1, 1, True
15.3776, -35.02427, -37.55709, 54.66045, 1, 1, 1, True
15.38138, -35.02427, -37.55709, 54.66045, 1, 1, 1, True
15.38534, -35.02427, -37.55709, 54.66045, 1, 1, 1, True
15.38939, -35.02427, -37.55709, 54.66045, 1, 1, 1, True
15.39346, -35.02427, -37.55709, 54.66045, 1, 1, 1, True
15.3974, -35.02427, -37.55709, 54.66045, 1, 1, 1, True
15.40145, -35.02427, -37.55709, 54.66045, 1, 1, 1, True
15.40532, -35.02427, -37.55709, 54.66045, 1, 1, 1, True
15.41, -35.02427, -37.55709, 54.66045, 1, 1, 1, True
15.41578, -35.02427, -37.55709, 54.66045, 1, 1, 1, True
15.42155, -35.02427, -37.55709, 54.66045, 1, 1, 1, True
15.42982, -35.02427, -37.55709, 54.66045, 1, 1, 1, True
15.4379, -35.02427, -37.55709, 54.66045, 1, 1, 1, True
15.446, -35.02427, -37.55709, 54.66045, 1, 1, 1, True
15.45354, -35.02427, -37.55709, 54.66045, 1, 1, 1, True
15.4577, -35.02427, -37.55709, 54.66045, 1, 1, 1, True
15.46146, -35.02427, -37.55709, 54.66045, 1, 1, 1, True
15.46544, -35.02427, -37.55709, 54.66045, 1, 1, 1, True
15.4695, -35.02427, -37.55709, 54.66045, 1, 1, 1, True
15.47356, -35.02427, -37.55709, 54.66045, 1, 1, 1, True
15.47931, -35.02427, -37.55709, 54.66045, 1, 1, 1, True
15.48542, -35.02427, -37.55709, 54.66045, 1, 1, 1, True
15.49362, -35.02427, -37.55709, 54.66045, 1, 1, 1, True
15.50188, -35.02427, -37.55709, 54.66045, 1, 1, 1, True
15.50946, -35.02427, -37.55709, 54.66045, 1, 1, 1, True
15.51344, -35.02427, -37.55709, 54.66045, 1, 1, 1, True
15.51752, -35.02427, -37.55709, 54.66045, 1, 1, 1, True
15.54189, -35.02427, -37.55709, 54.66045, 1, 1, 1, True
15.55003, -35.02427, -37.55709, 54.66045, 1, 1, 1, True
15.55795, -35.02427, -37.55709, 54.66045, 1, 1, 1, True
15.56554, -35.02427, -37.55709, 54.66045, 1, 1, 1, True
15.5708, -35.02427, -37.55709, 54.66045, 1, 1, 1, True
15.5777, -35.02427, -37.55709, 54.66045, 1, 1, 1, True
15.58142, -35.02427, -37.55709, 54.66045, 1, 1, 1, True
15.58535, -35.02427, -37.55709, 54.66045, 1, 1, 1, True
15.58938, -35.02427, -37.55709, 54.66045, 1, 1, 1, True
15.5935, -35.02427, -37.55709, 54.66045, 1, 1, 1, True
15.59739, -35.02427, -37.55709, 54.66045, 1, 1, 1, True
15.6019, -35.02427, -37.55709, 54.66045, 1, 1, 1, True
15.60977, -35.02427, -37.55709, 54.66045, 1, 1, 1, True
15.61759, -35.02427, -37.55709, 54.66045, 1, 1, 1, True
15.62594, -35.02427, -37.55709, 54.66045, 1, 1, 1, True
15.63356, -35.02427, -37.55709, 54.66045, 1, 1, 1, True
15.64178, -35.02427, -37.55709, 54.66045, 1, 1, 1, True
15.65052, -35.02427, -37.55709, 54.66045, 1, 1, 1, True
15.65784, -35.02427, -37.55709, 54.66045, 1, 1, 1, True
15.66592, -35.02427, -37.55709, 54.66045, 1, 1, 1, True
15.6736, -35.02427, -37.55709, 54.66045, 1, 1, 1, True
15.68194, -35.02427, -37.55709, 54.66045, 1, 1, 1, True
15.68956, -35.02427, -37.55709, 54.66045, 1, 1, 1, True
15.69341, -35.02427, -37.55709, 54.66045, 1, 1, 1, True
15.69744, -35.02427, -37.55709, 54.66045, 1, 1, 1, True
15.70143, -35.02427, -37.55709, 54.66045, 1, 1, 1, True
15.70529, -35.02427, -37.55709, 54.66045, 1, 1, 1, True
15.70944, -35.02427, -37.55709, 54.66045, 1, 1, 1, True
15.71376, -35.02427, -37.55709, 54.66045, 1, 1, 1, True
15.71732, -35.02427, -37.55709, 54.66045, 1, 1, 1, True
15.72185, -35.02427, -37.55709, 54.66045, 1, 1, 1, True
15.74566, -35.02427, -37.55709, 54.66045, 1, 1, 1, True
15.75448, -35.02427, -37.55709, 54.66045, 1, 1, 1, True
15.76185, -35.02427, -37.55709, 54.66045, 1, 1, 1, True
15.76991, -35.02427, -37.55709, 54.66045, 1, 1, 1, True
15.77793, -35.02427, -37.55709, 54.66045, 1, 1, 1, True
15.78567, -35.02427, -37.55709, 54.66045, 1, 1, 1, True
15.79389, -35.02427, -37.55709, 54.66045, 1, 1, 1, True
15.79753, -35.02427, -37.55709, 54.66045, 1, 1, 1, True
15.80143, -35.02427, -37.55709, 54.66045, 1, 1, 1, True
15.80973, -35.02427, -37.55709, 54.66045, 1, 1, 1, True
15.8175, -35.02427, -37.55709, 54.66045, 1, 1, 1, True
15.82156, -35.02427, -37.55709, 54.66045, 1, 1, 1, True
15.82968, -35.02427, -37.55709, 54.66045, 1, 1, 1, True
15.83789, -35.02427, -37.55709, 54.66045, 1, 1, 1, True
15.84594, -35.02427, -37.55709, 54.66045, 1, 1, 1, True
15.85366, -35.02427, -37.55709, 54.66045, 1, 1, 1, True
15.86172, -35.02427, -37.55709, 54.66045, 1, 1, 1, True
15.86948, -35.02427, -37.55709, 54.66045, 1, 1, 1, True
15.87815, -35.02427, -37.55709, 54.66045, 1, 1, 1, True
15.8859, -35.02427, -37.55709, 54.66045, 1, 1, 1, True
15.89345, -35.02427, -37.55709, 54.66045, 1, 1, 1, True
15.89737, -35.02427, -37.55709, 54.66045, 1, 1, 1, True
15.9013, -35.02427, -37.55709, 54.66045, 1, 1, 1, True
15.90536, -35.02427, -37.55709, 54.66045, 1, 1, 1, True
15.90955, -35.02427, -37.55709, 54.66045, 1, 1, 1, True
15.91345, -35.02427, -37.55709, 54.66045, 1, 1, 1, True
15.91753, -35.02427, -37.55709, 54.66045, 1, 1, 1, True
15.92138, -35.02427, -37.55709, 54.66045, 1, 1, 1, True
15.92561, -35.02427, -37.55709, 54.66045, 1, 1, 1, True
15.93141, -35.02427, -37.55709, 54.66045, 1, 1, 1, True
15.93776, -35.02427, -37.55709, 54.66045, 1, 1, 1, True
15.96164, -35.02427, -37.55709, 54.66045, 1, 1, 1, True
15.96997, -35.02427, -37.55709, 54.66045, 1, 1, 1, True
15.97771, -35.02427, -37.55709, 54.66045, 1, 1, 1, True
15.98149, -35.02427, -37.55709, 54.66045, 1, 1, 1, True
15.9854, -35.02427, -37.55709, 54.66045, 1, 1, 1, True
15.98955, -35.02427, -37.55709, 54.66045, 1, 1, 1, True
15.99353, -35.02427, -37.55709, 54.66045, 1, 1, 1, True
15.99735, -35.02427, -37.55709, 54.66045, 1, 1, 1, True
16.0015, -35.02427, -37.55709, 54.66045, 1, 1, 1, True
16.00586, -35.02427, -37.55709, 54.66045, 1, 1, 1, True
16.01168, -35.02427, -37.55709, 54.66045, 1, 1, 1, True
16.01762, -35.02427, -37.55709, 54.66045, 1, 1, 1, True
16.02582, -35.02427, -37.55709, 54.66045, 1, 1, 1, True
16.03361, -35.02427, -37.55709, 54.66045, 1, 1, 1, True
16.04199, -35.02427, -37.55709, 54.66045, 1, 1, 1, True
16.0503, -35.02427, -37.55709, 54.66045, 1, 1, 1, True
16.05778, -35.02427, -37.55709, 54.66045, 1, 1, 1, True
16.06595, -35.02427, -37.55709, 54.66045, 1, 1, 1, True
16.07388, -35.02427, -37.55709, 54.66045, 1, 1, 1, True
16.08203, -35.02427, -37.55709, 54.66045, 1, 1, 1, True
16.08976, -35.02427, -37.55709, 54.66045, 1, 1, 1, True
16.098, -35.02427, -37.55709, 54.66045, 1, 1, 1, True
16.10558, -35.02427, -37.55709, 54.66045, 1, 1, 1, True
16.11399, -35.02427, -37.55709, 54.66045, 1, 1, 1, True
16.12173, -35.02427, -37.55709, 54.66045, 1, 1, 1, True
16.12981, -35.02427, -37.55709, 54.66045, 1, 1, 1, True
16.13778, -35.02427, -37.55709, 54.66045, 1, 1, 1, True
16.1459, -35.02427, -37.55709, 54.66045, 1, 1, 1, True
16.15377, -35.02427, -37.55709, 54.66045, 1, 1, 1, True
16.16171, -35.02427, -37.55709, 54.66045, 1, 1, 1, True
16.16973, -35.02427, -37.55709, 54.66045, 1, 1, 1, True
16.1945, -35.02427, -37.55709, 54.66045, 1, 1, 1, True
16.20178, -35.02427, -37.55709, 54.66045, 1, 1, 1, True
16.20999, -35.02427, -37.55709, 54.66045, 1, 1, 1, True
16.21341, -35.02427, -37.55709, 54.66045, 1, 1, 1, True
16.21741, -35.02427, -37.55709, 54.66045, 1, 1, 1, True
16.22154, -35.02427, -37.55709, 54.66045, 1, 1, 1, True
16.22538, -35.02427, -37.55709, 54.66045, 1, 1, 1, True
16.22946, -35.02427, -37.55709, 54.66045, 1, 1, 1, True
16.23359, -35.02427, -37.55709, 54.66045, 1, 1, 1, True
16.23746, -35.02427, -37.55709, 54.66045, 1, 1, 1, True
16.24263, -35.02427, -37.55709, 54.66045, 1, 1, 1, True
16.2504, -35.02427, -37.55709, 54.66045, 1, 1, 1, True
16.25779, -35.02427, -37.55709, 54.66045, 1, 1, 1, True
16.2614, -35.02427, -37.55709, 54.66045, 1, 1, 1, True
16.26601, -35.02427, -37.55709, 54.66045, 1, 1, 1, True
16.27394, -35.02427, -37.55709, 54.66045, 1, 1, 1, True
16.28192, -35.02427, -37.55709, 54.66045, 1, 1, 1, True
16.28984, -35.02427, -37.55709, 54.66045, 1, 1, 1, True
16.29757, -35.02427, -37.55709, 54.66045, 1, 1, 1, True
16.30234, -35.02427, -37.55709, 54.66045, 1, 1, 1, True
16.30989, -35.02427, -37.55709, 54.66045, 1, 1, 1, True
16.32171, -35.02427, -37.55709, 54.66045, 1, 1, 1, True
16.33576, -35.02427, -37.55709, 54.66045, 1, 1, 1, True
16.34601, -35.02427, -37.55709, 54.66045, 1, 1, 1, True
16.34948, -35.02427, -37.55709, 54.66045, 1, 1, 1, True
16.35376, -35.02427, -37.55709, 54.66045, 1, 1, 1, True
16.35816, -35.02427, -37.55709, 54.66045, 1, 1, 1, True
16.36149, -35.02427, -37.55709, 54.66045, 1, 1, 1, True
16.36596, -35.02427, -37.55709, 54.66045, 1, 1, 1, True
16.37399, -35.02427, -37.55709, 54.66045, 1, 1, 1, True
16.38263, -35.02427, -37.55709, 54.66045, 1, 1, 1, True
16.40638, -35.02427, -37.55709, 54.66045, 1, 1, 1, True
16.41462, -35.02427, -37.55709, 54.66045, 1, 1, 1, True
16.42208, -35.02427, -37.55709, 54.66045, 1, 1, 1, True
16.42992, -35.02427, -37.55709, 54.66045, 1, 1, 1, True
16.43812, -35.02427, -37.55709, 54.66045, 1, 1, 1, True
16.4466, -35.02427, -37.55709, 54.66045, 1, 1, 1, True
16.45345, -35.02427, -37.55709, 54.66045, 1, 1, 1, True
16.458, -35.02427, -37.55709, 54.66045, 1, 1, 1, True
16.46152, -35.02427, -37.55709, 54.66045, 1, 1, 1, True
16.46545, -35.02427, -37.55709, 54.66045, 1, 1, 1, True
16.47007, -35.02427, -37.55709, 54.66045, 1, 1, 1, True
16.47348, -35.02427, -37.55709, 54.66045, 1, 1, 1, True
16.47758, -35.02427, -37.55709, 54.66045, 1, 1, 1, True
16.48204, -35.02427, -37.55709, 54.66045, 1, 1, 1, True
16.49056, -35.02427, -37.55709, 54.66045, 1, 1, 1, True
16.49792, -35.02427, -37.55709, 54.66045, 1, 1, 1, True
16.50647, -35.02427, -37.55709, 54.66045, 1, 1, 1, True
16.51451, -35.02427, -37.55709, 54.66045, 1, 1, 1, True
16.5216, -35.02427, -37.55709, 54.66045, 1, 1, 1, True
16.53062, -35.02427, -37.55709, 54.66045, 1, 1, 1, True
16.53836, -35.02427, -37.55709, 54.66045, 1, 1, 1, True
16.5465, -35.02427, -37.55709, 54.66045, 1, 1, 1, True
16.55346, -35.02427, -37.55709, 54.66045, 1, 1, 1, True
16.56251, -35.02427, -37.55709, 54.66045, 1, 1, 1, True
16.57041, -35.02427, -37.55709, 54.66045, 1, 1, 1, True
16.5778, -35.02427, -37.55709, 54.66045, 1, 1, 1, True
16.58639, -35.02427, -37.55709, 54.66045, 1, 1, 1, True
16.59451, -35.02427, -37.55709, 54.66045, 1, 1, 1, True
16.60225, -35.02427, -37.55709, 54.66045, 1, 1, 1, True
16.60983, -35.02427, -37.55709, 54.66045, 1, 1, 1, True
16.6178, -35.02427, -37.55709, 54.66045, 1, 1, 1, True
16.64218, -35.02427, -37.55709, 54.66045, 1, 1, 1, True
16.64958, -35.02427, -37.55709, 54.66045, 1, 1, 1, True
16.65802, -35.02427, -37.55709, 54.66045, 1, 1, 1, True
16.66585, -35.02427, -37.55709, 54.66045, 1, 1, 1, True
16.67373, -35.02427, -37.55709, 54.66045, 1, 1, 1, True
16.68198, -35.02427, -37.55709, 54.66045, 1, 1, 1, True
16.68979, -35.02427, -37.55709, 54.66045, 1, 1, 1, True
16.69784, -35.02427, -37.55709, 54.66045, 1, 1, 1, True
16.70588, -35.02427, -37.55709, 54.66045, 1, 1, 1, True
16.71382, -35.02427, -37.55709, 54.66045, 1, 1, 1, True
16.72184, -35.02427, -37.55709, 54.66045, 1, 1, 1, True
16.7299, -35.02427, -37.55709, 54.66045, 1, 1, 1, True
16.73784, -35.02427, -37.55709, 54.66045, 1, 1, 1, True
16.74563, -35.02427, -37.55709, 54.66045, 1, 1, 1, True
16.75354, -35.02427, -37.55709, 54.66045, 1, 1, 1, True
16.76153, -35.02427, -37.55709, 54.66045, 1, 1, 1, True
16.76983, -35.02427, -37.55709, 54.66045, 1, 1, 1, True
16.77777, -35.02427, -37.55709, 54.66045, 1, 1, 1, True
16.7858, -35.02427, -37.55709, 54.66045, 1, 1, 1, True
16.79386, -35.02427, -37.55709, 54.66045, 1, 1, 1, True
16.80171, -35.02427, -37.55709, 54.66045, 1, 1, 1, True
16.80979, -35.02427, -37.55709, 54.66045, 1, 1, 1, True
16.81764, -35.02427, -37.55709, 54.66045, 1, 1, 1, True
16.82586, -35.02427, -37.55709, 54.66045, 1, 1, 1, True
16.83367, -35.02427, -37.55709, 54.66045, 1, 1, 1, True
16.84196, -35.02427, -37.55709, 54.66045, 1, 1, 1, True
16.84987, -35.02427, -37.55709, 54.66045, 1, 1, 1, True
16.85795, -35.02427, -37.55709, 54.66045, 1, 1, 1, True
16.86596, -35.02427, -37.55709, 54.66045, 1, 1, 1, True
16.87363, -35.02427, -37.55709, 54.66045, 1, 1, 1, True
16.88167, -35.02427, -37.55709, 54.66045, 1, 1, 1, True
16.90556, -35.02427, -37.55709, 54.66045, 1, 1, 1, True
16.90943, -35.02427, -37.55709, 54.66045, 1, 1, 1, True
16.91752, -35.02427, -37.55709, 54.66045, 1, 1, 1, True
16.92593, -35.02427, -37.55709, 54.66045, 1, 1, 1, True
16.93349, -35.02427, -37.55709, 54.66045, 1, 1, 1, True
16.94195, -35.02427, -37.55709, 54.66045, 1, 1, 1, True
16.95059, -35.02427, -37.55709, 54.66045, 1, 1, 1, True
16.95758, -35.02427, -37.55709, 54.66045, 1, 1, 1, True
16.96594, -35.02427, -37.55709, 54.66045, 1, 1, 1, True
16.97383, -35.02427, -37.55709, 54.66045, 1, 1, 1, True
16.98193, -35.02427, -37.55709, 54.66045, 1, 1, 1, True
16.98976, -35.02427, -37.55709, 54.66045, 1, 1, 1, True
16.99782, -35.02427, -37.55709, 54.66045, 1, 1, 1, True
17.00586, -35.02427, -37.55709, 54.66045, 1, 1, 1, True
17.01381, -35.02427, -37.55709, 54.66045, 1, 1, 1, True
17.02184, -35.02427, -37.55709, 54.66045, 1, 1, 1, True
17.02995, -35.02427, -37.55709, 54.66045, 1, 1, 1, True
17.03785, -35.02427, -37.55709, 54.66045, 1, 1, 1, True
17.04593, -35.02427, -37.55709, 54.66045, 1, 1, 1, True
17.05347, -35.02427, -37.55709, 54.66045, 1, 1, 1, True
17.06175, -35.02427, -37.55709, 54.66045, 1, 1, 1, True
17.06943, -35.02427, -37.55709, 54.66045, 1, 1, 1, True
17.07775, -35.02427, -37.55709, 54.66045, 1, 1, 1, True
17.08573, -35.02427, -37.55709, 54.66045, 1, 1, 1, True
17.09388, -35.02427, -37.55709, 54.66045, 1, 1, 1, True
17.10166, -35.02427, -37.55709, 54.66045, 1, 1, 1, True
17.10997, -35.02427, -37.55709, 54.66045, 1, 1, 1, True
17.11745, -35.02427, -37.55709, 54.66045, 1, 1, 1, True
17.12584, -35.02427, -37.55709, 54.66045, 1, 1, 1, True
17.13357, -35.02427, -37.55709, 54.66045, 1, 1, 1, True
17.1422, -35.02427, -37.55709, 54.66045, 1, 1, 1, True
17.16564, -35.02427, -37.55709, 54.66045, 1, 1, 1, True
17.17063, -35.02427, -37.55709, 54.66045, 1, 1, 1, True
17.17787, -35.02427, -37.55709, 54.66045, 1, 1, 1, True
17.18559, -35.02427, -37.55709, 54.66045, 1, 1, 1, True
17.194, -35.02427, -37.55709, 54.66045, 1, 1, 1, True
17.20172, -35.02427, -37.55709, 54.66045, 1, 1, 1, True
17.21052, -35.02427, -37.55709, 54.66045, 1, 1, 1, True
17.21748, -35.02427, -37.55709, 54.66045, 1, 1, 1, True
17.22607, -35.02427, -37.55709, 54.66045, 1, 1, 1, True
17.23346, -35.02427, -37.55709, 54.66045, 1, 1, 1, True
17.24192, -35.02427, -37.55709, 54.66045, 1, 1, 1, True
17.25049, -35.02427, -37.55709, 54.66045, 1, 1, 1, True
17.25775, -35.02427, -37.55709, 54.66045, 1, 1, 1, True
17.26587, -35.02427, -37.55709, 54.66045, 1, 1, 1, True
17.27372, -35.02427, -37.55709, 54.66045, 1, 1, 1, True
17.28186, -35.02427, -37.55709, 54.66045, 1, 1, 1, True
17.28978, -35.02427, -37.55709, 54.66045, 1, 1, 1, True
17.29799, -35.02427, -37.55709, 54.66045, 1, 1, 1, True
17.30576, -35.02427, -37.55709, 54.66045, 1, 1, 1, True
17.3134, -35.02427, -37.55709, 54.66045, 1, 1, 1, True
17.32143, -35.02427, -37.55709, 54.66045, 1, 1, 1, True
17.33352, -35.02427, -37.55709, 54.66045, 1, 1, 1, True
17.342, -35.02427, -37.55709, 54.66045, 1, 1, 1, True
17.35048, -35.02427, -37.55709, 54.66045, 1, 1, 1, True
17.35783, -35.02427, -37.55709, 54.66045, 1, 1, 1, True
17.36599, -35.02427, -37.55709, 54.66045, 1, 1, 1, True
17.37378, -35.02427, -37.55709, 54.66045, 1, 1, 1, True
17.38192, -35.02427, -37.55709, 54.66045, 1, 1, 1, True
17.38979, -35.02427, -37.55709, 54.66045, 1, 1, 1, True
17.39789, -35.02427, -37.55709, 54.66045, 1, 1, 1, True
17.40593, -35.02427, -37.55709, 54.66045, 1, 1, 1, True
17.42957, -35.02427, -37.55709, 54.66045, 1, 1, 1, True
17.43395, -35.02427, -37.55709, 54.66045, 1, 1, 1, True
17.4416, -35.02427, -37.55709, 54.66045, 1, 1, 1, True
17.45024, -35.02427, -37.55709, 54.66045, 1, 1, 1, True
17.45784, -35.02427, -37.55709, 54.66045, 1, 1, 1, True
17.46591, -35.02427, -37.55709, 54.66045, 1, 1, 1, True
17.47461, -35.02427, -37.55709, 54.66045, 1, 1, 1, True
17.48153, -35.02427, -37.55709, 54.66045, 1, 1, 1, True
17.48981, -35.02427, -37.55709, 54.66045, 1, 1, 1, True
17.49784, -35.02427, -37.55709, 54.66045, 1, 1, 1, True
17.50603, -35.02427, -37.55709, 54.66045, 1, 1, 1, True
17.51441, -35.02427, -37.55709, 54.66045, 1, 1, 1, True
17.52179, -35.02427, -37.55709, 54.66045, 1, 1, 1, True
17.52986, -35.02427, -37.55709, 54.66045, 1, 1, 1, True
17.53784, -35.02427, -37.55709, 54.66045, 1, 1, 1, True
17.54584, -35.02427, -37.55709, 54.66045, 1, 1, 1, True
17.55351, -35.02427, -37.55709, 54.66045, 1, 1, 1, True
17.56242, -35.02427, -37.55709, 54.66045, 1, 1, 1, True
17.5696, -35.02427, -37.55709, 54.66045, 1, 1, 1, True
17.5779, -35.02427, -37.55709, 54.66045, 1, 1, 1, True
17.58578, -35.02427, -37.55709, 54.66045, 1, 1, 1, True
17.59381, -35.02427, -37.55709, 54.66045, 1, 1, 1, True
17.60181, -35.02427, -37.55709, 54.66045, 1, 1, 1, True
17.60979, -35.02427, -37.55709, 54.66045, 1, 1, 1, True
17.6177, -35.02427, -37.55709, 54.66045, 1, 1, 1, True
17.62585, -35.02427, -37.55709, 54.66045, 1, 1, 1, True
17.6336, -35.02427, -37.55709, 54.66045, 1, 1, 1, True
17.64191, -35.02427, -37.55709, 54.66045, 1, 1, 1, True
17.65051, -35.02427, -37.55709, 54.66045, 1, 1, 1, True
17.65751, -35.02427, -37.55709, 54.66045, 1, 1, 1, True
17.66608, -35.02427, -37.55709, 54.66045, 1, 1, 1, True
17.69389, -35.02427, -37.55709, 54.66045, 1, 1, 1, True
17.70176, -35.02427, -37.55709, 54.66045, 1, 1, 1, True
17.70979, -35.02427, -37.55709, 54.66045, 1, 1, 1, True
17.71333, -35.02427, -37.55709, 54.66045, 1, 1, 1, True
17.71739, -35.02427, -37.55709, 54.66045, 1, 1, 1, True
17.72134, -35.02427, -37.55709, 54.66045, 1, 1, 1, True
17.72535, -35.02427, -37.55709, 54.66045, 1, 1, 1, True
17.72946, -35.02427, -37.55709, 54.66045, 1, 1, 1, True
17.73342, -35.02427, -37.55709, 54.66045, 1, 1, 1, True
17.73736, -35.02427, -37.55709, 54.66045, 1, 1, 1, True
17.74234, -35.02427, -37.55709, 54.66045, 1, 1, 1, True
17.74988, -35.02427, -37.55709, 54.66045, 1, 1, 1, True
17.75816, -35.02427, -37.55709, 54.66045, 1, 1, 1, True
17.76567, -35.02427, -37.55709, 54.66045, 1, 1, 1, True
17.77368, -35.02427, -37.55709, 54.66045, 1, 1, 1, True
17.78195, -35.02427, -37.55709, 54.66045, 1, 1, 1, True
17.78969, -35.02427, -37.55709, 54.66045, 1, 1, 1, True
17.79762, -35.02427, -37.55709, 54.66045, 1, 1, 1, True
17.80594, -35.02427, -37.55709, 54.66045, 1, 1, 1, True
17.81389, -35.02427, -37.55709, 54.66045, 1, 1, 1, True
17.82183, -35.02427, -37.55709, 54.66045, 1, 1, 1, True
17.82986, -35.02427, -37.55709, 54.66045, 1, 1, 1, True
17.83778, -35.02427, -37.55709, 54.66045, 1, 1, 1, True
17.84598, -35.02427, -37.55709, 54.66045, 1, 1, 1, True
17.85364, -35.02427, -37.55709, 54.66045, 1, 1, 1, True
17.86167, -35.02427, -37.55709, 54.66045, 1, 1, 1, True
17.86992, -35.02427, -37.55709, 54.66045, 1, 1, 1, True
17.87783, -35.02427, -37.55709, 54.66045, 1, 1, 1, True
17.88569, -35.02427, -37.55709, 54.66045, 1, 1, 1, True
17.89391, -35.02427, -37.55709, 54.66045, 1, 1, 1, True
17.90184, -35.02427, -37.55709, 54.66045, 1, 1, 1, True
17.92567, -35.02427, -37.55709, 54.66045, 1, 1, 1, True
17.9296, -35.02427, -37.55709, 54.66045, 1, 1, 1, True
17.93738, -35.02427, -37.55709, 54.66045, 1, 1, 1, True
17.94144, -35.02427, -37.55709, 54.66045, 1, 1, 1, True
17.94554, -35.02427, -37.55709, 54.66045, 1, 1, 1, True
17.94937, -35.02427, -37.55709, 54.66045, 1, 1, 1, True
17.9534, -35.02427, -37.55709, 54.66045, 1, 1, 1, True
17.95738, -35.02427, -37.55709, 54.66045, 1, 1, 1, True
17.96142, -35.02427, -37.55709, 54.66045, 1, 1, 1, True
17.96574, -35.02427, -37.55709, 54.66045, 1, 1, 1, True
17.97223, -35.02427, -37.55709, 54.66045, 1, 1, 1, True
17.97763, -35.02427, -37.55709, 54.66045, 1, 1, 1, True
17.98359, -35.02427, -37.55709, 54.66045, 1, 1, 1, True
17.99406, -35.02427, -37.55709, 54.66045, 1, 1, 1, True
18.00214, -35.02427, -37.55709, 54.66045, 1, 1, 1, True
18.0103, -35.02427, -37.55709, 54.66045, 1, 1, 1, True
18.01745, -35.02427, -37.55709, 54.66045, 1, 1, 1, True
18.02579, -35.02427, -37.55709, 54.66045, 1, 1, 1, True
18.03374, -35.02427, -37.55709, 54.66045, 1, 1, 1, True
18.04188, -35.02427, -37.55709, 54.66045, 1, 1, 1, True
18.05036, -35.02427, -37.55709, 54.66045, 1, 1, 1, True
18.05776, -35.02427, -37.55709, 54.66045, 1, 1, 1, True
18.06581, -35.02427, -37.55709, 54.66045, 1, 1, 1, True
18.07376, -35.02427, -37.55709, 54.66045, 1, 1, 1, True
18.08198, -35.02427, -37.55709, 54.66045, 1, 1, 1, True
18.08953, -35.02427, -37.55709, 54.66045, 1, 1, 1, True
18.09794, -35.02427, -37.55709, 54.66045, 1, 1, 1, True
18.10556, -35.02427, -37.55709, 54.66045, 1, 1, 1, True
18.1137, -35.02427, -37.55709, 54.66045, 1, 1, 1, True
18.12192, -35.02427, -37.55709, 54.66045, 1, 1, 1, True
18.1299, -35.02427, -37.55709, 54.66045, 1, 1, 1, True
18.15385, -35.02427, -37.55709, 54.66045, 1, 1, 1, True
18.16175, -35.02427, -37.55709, 54.66045, 1, 1, 1, True
18.16977, -35.02427, -37.55709, 54.66045, 1, 1, 1, True
18.1733, -35.02427, -37.55709, 54.66045, 1, 1, 1, True
18.17742, -35.02427, -37.55709, 54.66045, 1, 1, 1, True
18.18134, -35.02427, -37.55709, 54.66045, 1, 1, 1, True
18.18536, -35.02427, -37.55709, 54.66045, 1, 1, 1, True
18.18945, -35.02427, -37.55709, 54.66045, 1, 1, 1, True
18.19341, -35.02427, -37.55709, 54.66045, 1, 1, 1, True
18.1975, -35.02427, -37.55709, 54.66045, 1, 1, 1, True
18.20139, -35.02427, -37.55709, 54.66045, 1, 1, 1, True
18.20965, -35.02427, -37.55709, 54.66045, 1, 1, 1, True
18.21832, -35.02427, -37.55709, 54.66045, 1, 1, 1, True
18.22559, -35.02427, -37.55709, 54.66045, 1, 1, 1, True
18.23355, -35.02427, -37.55709, 54.66045, 1, 1, 1, True
18.24204, -35.02427, -37.55709, 54.66045, 1, 1, 1, True
18.25048, -35.02427, -37.55709, 54.66045, 1, 1, 1, True
18.25754, -35.02427, -37.55709, 54.66045, 1, 1, 1, True
18.26601, -35.02427, -37.55709, 54.66045, 1, 1, 1, True
18.2747, -35.02427, -37.55709, 54.66045, 1, 1, 1, True
18.28173, -35.02427, -37.55709, 54.66045, 1, 1, 1, True
18.28979, -35.02427, -37.55709, 54.66045, 1, 1, 1, True
18.29792, -35.02427, -37.55709, 54.66045, 1, 1, 1, True
18.30588, -35.02427, -37.55709, 54.66045, 1, 1, 1, True
18.3138, -35.02427, -37.55709, 54.66045, 1, 1, 1, True
18.32192, -35.02427, -37.55709, 54.66045, 1, 1, 1, True
18.32986, -35.02427, -37.55709, 54.66045, 1, 1, 1, True
18.33785, -35.02427, -37.55709, 54.66045, 1, 1, 1, True
18.34594, -35.02427, -37.55709, 54.66045, 1, 1, 1, True
18.35378, -35.02427, -37.55709, 54.66045, 1, 1, 1, True
18.36184, -35.02427, -37.55709, 54.66045, 1, 1, 1, True
18.38591, -35.02427, -37.55709, 54.66045, 1, 1, 1, True
18.39411, -35.02427, -37.55709, 54.66045, 1, 1, 1, True
18.40162, -35.02427, -37.55709, 54.66045, 1, 1, 1, True
18.40984, -35.02427, -37.55709, 54.66045, 1, 1, 1, True
18.41762, -35.02427, -37.55709, 54.66045, 1, 1, 1, True
18.42593, -35.02427, -37.55709, 54.66045, 1, 1, 1, True
18.43355, -35.02427, -37.55709, 54.66045, 1, 1, 1, True
18.44205, -35.02427, -37.55709, 54.66045, 1, 1, 1, True
18.45039, -35.02427, -37.55709, 54.66045, 1, 1, 1, True
18.45775, -35.02427, -37.55709, 54.66045, 1, 1, 1, True
18.46585, -35.02427, -37.55709, 54.66045, 1, 1, 1, True
18.47371, -35.02427, -37.55709, 54.66045, 1, 1, 1, True
18.48199, -35.02427, -37.55709, 54.66045, 1, 1, 1, True
18.48972, -35.02427, -37.55709, 54.66045, 1, 1, 1, True
18.49792, -35.02427, -37.55709, 54.66045, 1, 1, 1, True
18.50583, -35.02427, -37.55709, 54.66045, 1, 1, 1, True
18.51384, -35.02427, -37.55709, 54.66045, 1, 1, 1, True
18.52186, -35.02427, -37.55709, 54.66045, 1, 1, 1, True
18.52989, -35.02427, -37.55709, 54.66045, 1, 1, 1, True
18.53765, -35.02427, -37.55709, 54.66045, 1, 1, 1, True
18.54619, -35.02427, -37.55709, 54.66045, 1, 1, 1, True
18.55362, -35.02427, -37.55709, 54.66045, 1, 1, 1, True
18.56164, -35.02427, -37.55709, 54.66045, 1, 1, 1, True
18.5695, -35.02427, -37.55709, 54.66045, 1, 1, 1, True
18.57792, -35.02427, -37.55709, 54.66045, 1, 1, 1, True
18.58567, -35.02427, -37.55709, 54.66045, 1, 1, 1, True
18.59382, -35.02427, -37.55709, 54.66045, 1, 1, 1, True
18.60166, -35.02427, -37.55709, 54.66045, 1, 1, 1, True
18.60986, -35.02427, -37.55709, 54.66045, 1, 1, 1, True
18.61754, -35.02427, -37.55709, 54.66045, 1, 1, 1, True
18.62603, -35.02427, -37.55709, 54.66045, 1, 1, 1, True
18.64957, -35.02427, -37.55709, 54.66045, 1, 1, 1, True
18.6542, -35.02427, -37.55709, 54.66045, 1, 1, 1, True
18.66161, -35.02427, -37.55709, 54.66045, 1, 1, 1, True
18.66976, -35.02427, -37.55709, 54.66045, 1, 1, 1, True
18.67347, -35.02427, -37.55709, 54.66045, 1, 1, 1, True
18.67744, -35.02427, -37.55709, 54.66045, 1, 1, 1, True
18.68146, -35.02427, -37.55709, 54.66045, 1, 1, 1, True
18.68541, -35.02427, -37.55709, 54.66045, 1, 1, 1, True
18.68948, -35.02427, -37.55709, 54.66045, 1, 1, 1, True
18.69338, -35.02427, -37.55709, 54.66045, 1, 1, 1, True
18.69747, -35.02427, -37.55709, 54.66045, 1, 1, 1, True
18.70361, -35.02427, -37.55709, 54.66045, 1, 1, 1, True
18.70967, -35.02427, -37.55709, 54.66045, 1, 1, 1, True
18.71502, -35.02427, -37.55709, 54.66045, 1, 1, 1, True
18.72172, -35.02427, -37.55709, 54.66045, 1, 1, 1, True
18.72989, -35.02427, -37.55709, 54.66045, 1, 1, 1, True
18.73744, -35.02427, -37.55709, 54.66045, 1, 1, 1, True
18.74149, -35.02427, -37.55709, 54.66045, 1, 1, 1, True
18.74539, -35.02427, -37.55709, 54.66045, 1, 1, 1, True
18.74982, -35.02427, -37.55709, 54.66045, 1, 1, 1, True
18.75574, -35.02427, -37.55709, 54.66045, 1, 1, 1, True
18.76142, -35.02427, -37.55709, 54.66045, 1, 1, 1, True
18.76684, -35.02427, -37.55709, 54.66045, 1, 1, 1, True
18.77378, -35.02427, -37.55709, 54.66045, 1, 1, 1, True
18.78198, -35.02427, -37.55709, 54.66045, 1, 1, 1, True
18.78984, -35.02427, -37.55709, 54.66045, 1, 1, 1, True
18.79793, -35.02427, -37.55709, 54.66045, 1, 1, 1, True
18.80573, -35.02427, -37.55709, 54.66045, 1, 1, 1, True
18.8139, -35.02427, -37.55709, 54.66045, 1, 1, 1, True
18.82206, -35.02427, -37.55709, 54.66045, 1, 1, 1, True
18.8299, -35.02427, -37.55709, 54.66045, 1, 1, 1, True
18.85515, -35.02427, -37.55709, 54.66045, 1, 1, 1, True
18.86196, -35.02427, -37.55709, 54.66045, 1, 1, 1, True
18.87045, -35.02427, -37.55709, 54.66045, 1, 1, 1, True
18.87862, -35.02427, -37.55709, 54.66045, 1, 1, 1, True
18.88616, -35.02427, -37.55709, 54.66045, 1, 1, 1, True
18.89382, -35.02427, -37.55709, 54.66045, 1, 1, 1, True
18.90245, -35.02427, -37.55709, 54.66045, 1, 1, 1, True
18.91046, -35.02427, -37.55709, 54.66045, 1, 1, 1, True
18.91751, -35.02427, -37.55709, 54.66045, 1, 1, 1, True
18.92148, -35.02427, -37.55709, 54.66045, 1, 1, 1, True
18.92589, -35.02427, -37.55709, 54.66045, 1, 1, 1, True
18.9294, -35.02427, -37.55709, 54.66045, 1, 1, 1, True
18.93401, -35.02427, -37.55709, 54.66045, 1, 1, 1, True
18.94147, -35.02427, -37.55709, 54.66045, 1, 1, 1, True
18.95085, -35.02427, -37.55709, 54.66045, 1, 1, 1, True
18.95856, -35.02427, -37.55709, 54.66045, 1, 1, 1, True
18.96656, -35.02427, -37.55709, 54.66045, 1, 1, 1, True
18.97372, -35.02427, -37.55709, 54.66045, 1, 1, 1, True
18.98273, -35.02427, -37.55709, 54.66045, 1, 1, 1, True
18.99324, -35.02427, -37.55709, 54.66045, 1, 1, 1, True
19.03524, -35.02427, -37.55709, 54.66045, 1, 1, 1, True
19.04256, -35.02427, -37.55709, 54.66045, 1, 1, 1, True
19.0504, -35.02427, -37.55709, 54.66045, 1, 1, 1, True
19.05831, -35.02427, -37.55709, 54.66045, 1, 1, 1, True
19.06652, -35.02427, -37.55709, 54.66045, 1, 1, 1, True
19.0737, -35.02427, -37.55709, 54.66045, 1, 1, 1, True
19.08287, -35.02427, -37.55709, 54.66045, 1, 1, 1, True
19.09037, -35.02427, -37.55709, 54.66045, 1, 1, 1, True
19.09783, -35.02427, -37.55709, 54.66045, 1, 1, 1, True
19.10622, -35.02427, -37.55709, 54.66045, 1, 1, 1, True
19.11453, -35.02427, -37.55709, 54.66045, 1, 1, 1, True
19.13812, -35.02427, -37.55709, 54.66045, 1, 1, 1, True
19.14653, -35.02427, -37.55709, 54.66045, 1, 1, 1, True
19.15349, -35.02427, -37.55709, 54.66045, 1, 1, 1, True
19.16256, -35.02427, -37.55709, 54.66045, 1, 1, 1, True
19.17022, -35.02427, -37.55709, 54.66045, 1, 1, 1, True
19.17761, -35.02427, -37.55709, 54.66045, 1, 1, 1, True
19.18204, -35.02427, -37.55709, 54.66045, 1, 1, 1, True
19.19021, -35.02427, -37.55709, 54.66045, 1, 1, 1, True
19.19794, -35.02427, -37.55709, 54.66045, 1, 1, 1, True
19.20583, -35.02427, -37.55709, 54.66045, 1, 1, 1, True
19.21389, -35.02427, -37.55709, 54.66045, 1, 1, 1, True
19.22188, -35.02427, -37.55709, 54.66045, 1, 1, 1, True
19.22993, -35.02427, -37.55709, 54.66045, 1, 1, 1, True
19.23775, -35.02427, -37.55709, 54.66045, 1, 1, 1, True
19.24598, -35.02427, -37.55709, 54.66045, 1, 1, 1, True
19.25348, -35.02427, -37.55709, 54.66045, 1, 1, 1, True
19.26176, -35.02427, -37.55709, 54.66045, 1, 1, 1, True
19.26953, -35.02427, -37.55709, 54.66045, 1, 1, 1, True
19.27794, -35.02427, -37.55709, 54.66045, 1, 1, 1, True
19.28561, -35.02427, -37.55709, 54.66045, 1, 1, 1, True
19.29545, -35.02427, -37.55709, 54.66045, 1, 1, 1, True
19.30216, -35.02427, -37.55709, 54.66045, 1, 1, 1, True
19.30988, -35.02427, -37.55709, 54.66045, 1, 1, 1, True
19.3183, -35.02427, -37.55709, 54.66045, 1, 1, 1, True
19.32649, -35.02427, -37.55709, 54.66045, 1, 1, 1, True
19.33348, -35.02427, -37.55709, 54.66045, 1, 1, 1, True
19.34255, -35.02427, -37.55709, 54.66045, 1, 1, 1, True
19.35019, -35.02427, -37.55709, 54.66045, 1, 1, 1, True
19.35741, -35.02427, -37.55709, 54.66045, 1, 1, 1, True
19.3619, -35.02427, -37.55709, 54.66045, 1, 1, 1, True
19.37057, -35.02427, -37.55709, 54.66045, 1, 1, 1, True
19.39347, -35.02427, -37.55709, 54.66045, 1, 1, 1, True
19.39751, -35.02427, -37.55709, 54.66045, 1, 1, 1, True
19.40686, -35.02427, -37.55709, 54.66045, 1, 1, 1, True
19.41342, -35.02427, -37.55709, 54.66045, 1, 1, 1, True
19.41813, -35.02427, -37.55709, 54.66045, 1, 1, 1, True
19.42621, -35.02427, -37.55709, 54.66045, 1, 1, 1, True
19.43357, -35.02427, -37.55709, 54.66045, 1, 1, 1, True
19.44242, -35.02427, -37.55709, 54.66045, 1, 1, 1, True
19.45095, -35.02427, -37.55709, 54.66045, 1, 1, 1, True
19.45781, -35.02427, -37.55709, 54.66045, 1, 1, 1, True
19.46684, -35.02427, -37.55709, 54.66045, 1, 1, 1, True
19.47425, -35.02427, -37.55709, 54.66045, 1, 1, 1, True
19.48215, -35.02427, -37.55709, 54.66045, 1, 1, 1, True
19.48978, -35.02427, -37.55709, 54.66045, 1, 1, 1, True
19.49878, -35.02427, -37.55709, 54.66045, 1, 1, 1, True
19.50663, -35.02427, -37.55709, 54.66045, 1, 1, 1, True
19.51379, -35.02427, -37.55709, 54.66045, 1, 1, 1, True
19.52246, -35.02427, -37.55709, 54.66045, 1, 1, 1, True
19.53044, -35.02427, -37.55709, 54.66045, 1, 1, 1, True
19.53738, -35.02427, -37.55709, 54.66045, 1, 1, 1, True
19.5419, -35.02427, -37.55709, 54.66045, 1, 1, 1, True
19.55707, -35.02427, -37.55709, 54.66045, 1, 1, 1, True
19.56419, -35.02427, -37.55709, 54.66045, 1, 1, 1, True
19.56954, -35.02427, -37.55709, 54.66045, 1, 1, 1, True
19.57389, -35.02427, -37.55709, 54.66045, 1, 1, 1, True
19.5775, -35.02427, -37.55709, 54.66045, 1, 1, 1, True
19.58139, -35.02427, -37.55709, 54.66045, 1, 1, 1, True
19.58633, -35.02427, -37.55709, 54.66045, 1, 1, 1, True
19.59353, -35.02427, -37.55709, 54.66045, 1, 1, 1, True
19.60244, -35.02427, -37.55709, 54.66045, 1, 1, 1, True
19.61059, -35.02427, -37.55709, 54.66045, 1, 1, 1, True
19.63421, -35.02427, -37.55709, 54.66045, 1, 1, 1, True
19.64248, -35.02427, -37.55709, 54.66045, 1, 1, 1, True
19.6495, -35.02427, -37.55709, 54.66045, 1, 1, 1, True
19.65912, -35.02427, -37.55709, 54.66045, 1, 1, 1, True
19.66643, -35.02427, -37.55709, 54.66045, 1, 1, 1, True
19.67442, -35.02427, -37.55709, 54.66045, 1, 1, 1, True
19.68189, -35.02427, -37.55709, 54.66045, 1, 1, 1, True
19.69055, -35.02427, -37.55709, 54.66045, 1, 1, 1, True
19.69811, -35.02427, -37.55709, 54.66045, 1, 1, 1, True
19.70548, -35.02427, -37.55709, 54.66045, 1, 1, 1, True
19.7148, -35.02427, -37.55709, 54.66045, 1, 1, 1, True
19.72252, -35.02427, -37.55709, 54.66045, 1, 1, 1, True
19.73042, -35.02427, -37.55709, 54.66045, 1, 1, 1, True
19.73779, -35.02427, -37.55709, 54.66045, 1, 1, 1, True
19.74657, -35.02427, -37.55709, 54.66045, 1, 1, 1, True
19.75436, -35.02427, -37.55709, 54.66045, 1, 1, 1, True
19.76186, -35.02427, -37.55709, 54.66045, 1, 1, 1, True
19.77059, -35.02427, -37.55709, 54.66045, 1, 1, 1, True
19.77822, -35.02427, -37.55709, 54.66045, 1, 1, 1, True
19.78614, -35.02427, -37.55709, 54.66045, 1, 1, 1, True
19.79388, -35.02427, -37.55709, 54.66045, 1, 1, 1, True
19.8024, -35.02427, -37.55709, 54.66045, 1, 1, 1, True
19.81063, -35.02427, -37.55709, 54.66045, 1, 1, 1, True
19.8176, -35.02427, -37.55709, 54.66045, 1, 1, 1, True
19.82685, -35.02427, -37.55709, 54.66045, 1, 1, 1, True
19.83415, -35.02427, -37.55709, 54.66045, 1, 1, 1, True
19.84247, -35.02427, -37.55709, 54.66045, 1, 1, 1, True
19.85029, -35.02427, -37.55709, 54.66045, 1, 1, 1, True
19.85847, -35.02427, -37.55709, 54.66045, 1, 1, 1, True
19.8665, -35.02427, -37.55709, 54.66045, 1, 1, 1, True
19.87385, -35.02427, -37.55709, 54.66045, 1, 1, 1, True
19.89811, -35.02427, -37.55709, 54.66045, 1, 1, 1, True
19.90643, -35.02427, -37.55709, 54.66045, 1, 1, 1, True
19.91443, -35.02427, -37.55709, 54.66045, 1, 1, 1, True
19.92235, -35.02427, -37.55709, 54.66045, 1, 1, 1, True
19.92985, -35.02427, -37.55709, 54.66045, 1, 1, 1, True
19.93849, -35.02427, -37.55709, 54.66045, 1, 1, 1, True
19.94659, -35.02427, -37.55709, 54.66045, 1, 1, 1, True
19.95357, -35.02427, -37.55709, 54.66045, 1, 1, 1, True
19.96238, -35.02427, -37.55709, 54.66045, 1, 1, 1, True
19.97018, -35.02427, -37.55709, 54.66045, 1, 1, 1, True
19.97858, -35.02427, -37.55709, 54.66045, 1, 1, 1, True
19.98555, -35.02427, -37.55709, 54.66045, 1, 1, 1, True
19.99461, -35.02427, -37.55709, 54.66045, 1, 1, 1, True
20.00224, -35.02427, -37.55709, 54.66045, 1, 1, 1, True
20.0095, -35.02427, -37.55709, 54.66045, 1, 1, 1, True
20.01825, -35.02427, -37.55709, 54.66045, 1, 1, 1, True
20.02599, -35.02427, -37.55709, 54.66045, 1, 1, 1, True
20.03422, -35.02427, -37.55709, 54.66045, 1, 1, 1, True
20.04646, -35.02427, -37.55709, 54.66045, 1, 1, 1, True
20.05343, -35.02427, -37.55709, 54.66045, 1, 1, 1, True
20.06246, -35.02427, -37.55709, 54.66045, 1, 1, 1, True
20.07038, -35.02427, -37.55709, 54.66045, 1, 1, 1, True
20.07756, -35.02427, -37.55709, 54.66045, 1, 1, 1, True
20.08641, -35.02427, -37.55709, 54.66045, 1, 1, 1, True
20.09426, -35.02427, -37.55709, 54.66045, 1, 1, 1, True
20.10251, -35.02427, -37.55709, 54.66045, 1, 1, 1, True
20.10983, -35.02427, -37.55709, 54.66045, 1, 1, 1, True
20.11841, -35.02427, -37.55709, 54.66045, 1, 1, 1, True
20.12653, -35.02427, -37.55709, 54.66045, 1, 1, 1, True
20.13357, -35.02427, -37.55709, 54.66045, 1, 1, 1, True
20.14305, -35.02427, -37.55709, 54.66045, 1, 1, 1, True
20.17045, -35.02427, -37.55709, 54.66045, 1, 1, 1, True
20.1778, -35.02427, -37.55709, 54.66045, 1, 1, 1, True
20.18563, -35.02427, -37.55709, 54.66045, 1, 1, 1, True
20.19382, -35.02427, -37.55709, 54.66045, 1, 1, 1, True
20.1975, -35.02427, -37.55709, 54.66045, 1, 1, 1, True
20.20138, -35.02427, -37.55709, 54.66045, 1, 1, 1, True
20.20537, -35.02427, -37.55709, 54.66045, 1, 1, 1, True
20.2094, -35.02427, -37.55709, 54.66045, 1, 1, 1, True
20.21338, -35.02427, -37.55709, 54.66045, 1, 1, 1, True
20.21745, -35.02427, -37.55709, 54.66045, 1, 1, 1, True
20.22137, -35.02427, -37.55709, 54.66045, 1, 1, 1, True
20.22618, -35.02427, -37.55709, 54.66045, 1, 1, 1, True
20.23355, -35.02427, -37.55709, 54.66045, 1, 1, 1, True
20.24255, -35.02427, -37.55709, 54.66045, 1, 1, 1, True
20.25051, -35.02427, -37.55709, 54.66045, 1, 1, 1, True
20.25756, -35.02427, -37.55709, 54.66045, 1, 1, 1, True
20.26218, -35.02427, -37.55709, 54.66045, 1, 1, 1, True
20.2705, -35.02427, -37.55709, 54.66045, 1, 1, 1, True
20.27785, -35.02427, -37.55709, 54.66045, 1, 1, 1, True
20.28672, -35.02427, -37.55709, 54.66045, 1, 1, 1, True
20.29445, -35.02427, -37.55709, 54.66045, 1, 1, 1, True
20.30158, -35.02427, -37.55709, 54.66045, 1, 1, 1, True
20.31068, -35.02427, -37.55709, 54.66045, 1, 1, 1, True
20.31833, -35.02427, -37.55709, 54.66045, 1, 1, 1, True
20.32646, -35.02427, -37.55709, 54.66045, 1, 1, 1, True
20.33351, -35.02427, -37.55709, 54.66045, 1, 1, 1, True
20.34254, -35.02427, -37.55709, 54.66045, 1, 1, 1, True
20.35029, -35.02427, -37.55709, 54.66045, 1, 1, 1, True
20.35783, -35.02427, -37.55709, 54.66045, 1, 1, 1, True
20.36664, -35.02427, -37.55709, 54.66045, 1, 1, 1, True
20.37459, -35.02427, -37.55709, 54.66045, 1, 1, 1, True
20.39838, -35.02427, -37.55709, 54.66045, 1, 1, 1, True
20.4066, -35.02427, -37.55709, 54.66045, 1, 1, 1, True
20.41385, -35.02427, -37.55709, 54.66045, 1, 1, 1, True
20.42259, -35.02427, -37.55709, 54.66045, 1, 1, 1, True
20.43051, -35.02427, -37.55709, 54.66045, 1, 1, 1, True
20.43743, -35.02427, -37.55709, 54.66045, 1, 1, 1, True
20.44196, -35.02427, -37.55709, 54.66045, 1, 1, 1, True
20.45112, -35.02427, -37.55709, 54.66045, 1, 1, 1, True
20.4576, -35.02427, -37.55709, 54.66045, 1, 1, 1, True
20.46675, -35.02427, -37.55709, 54.66045, 1, 1, 1, True
20.4743, -35.02427, -37.55709, 54.66045, 1, 1, 1, True
20.48157, -35.02427, -37.55709, 54.66045, 1, 1, 1, True
20.4906, -35.02427, -37.55709, 54.66045, 1, 1, 1, True
20.4985, -35.02427, -37.55709, 54.66045, 1, 1, 1, True
20.50575, -35.02427, -37.55709, 54.66045, 1, 1, 1, True
20.51395, -35.02427, -37.55709, 54.66045, 1, 1, 1, True
20.52175, -35.02427, -37.55709, 54.66045, 1, 1, 1, True
20.5298, -35.02427, -37.55709, 54.66045, 1, 1, 1, True
20.5379, -35.02427, -37.55709, 54.66045, 1, 1, 1, True
20.54592, -35.02427, -37.55709, 54.66045, 1, 1, 1, True
20.55377, -35.02427, -37.55709, 54.66045, 1, 1, 1, True
20.56163, -35.02427, -37.55709, 54.66045, 1, 1, 1, True
20.56986, -35.02427, -37.55709, 54.66045, 1, 1, 1, True
20.5778, -35.02427, -37.55709, 54.66045, 1, 1, 1, True
20.58555, -35.02427, -37.55709, 54.66045, 1, 1, 1, True
20.59392, -35.02427, -37.55709, 54.66045, 1, 1, 1, True
20.6017, -35.02427, -37.55709, 54.66045, 1, 1, 1, True
20.60988, -35.02427, -37.55709, 54.66045, 1, 1, 1, True
20.61761, -35.02427, -37.55709, 54.66045, 1, 1, 1, True
20.62577, -35.02427, -37.55709, 54.66045, 1, 1, 1, True
20.63363, -35.02427, -37.55709, 54.66045, 1, 1, 1, True
20.65836, -35.02427, -37.55709, 54.66045, 1, 1, 1, True
20.66564, -35.02427, -37.55709, 54.66045, 1, 1, 1, True
20.67351, -35.02427, -37.55709, 54.66045, 1, 1, 1, True
20.6775, -35.02427, -37.55709, 54.66045, 1, 1, 1, True
20.68148, -35.02427, -37.55709, 54.66045, 1, 1, 1, True
20.68599, -35.02427, -37.55709, 54.66045, 1, 1, 1, True
20.68932, -35.02427, -37.55709, 54.66045, 1, 1, 1, True
20.69335, -35.02427, -37.55709, 54.66045, 1, 1, 1, True
20.69744, -35.02427, -37.55709, 54.66045, 1, 1, 1, True
20.70143, -35.02427, -37.55709, 54.66045, 1, 1, 1, True
20.70581, -35.02427, -37.55709, 54.66045, 1, 1, 1, True
20.71376, -35.02427, -37.55709, 54.66045, 1, 1, 1, True
20.72198, -35.02427, -37.55709, 54.66045, 1, 1, 1, True
20.72965, -35.02427, -37.55709, 54.66045, 1, 1, 1, True
20.73792, -35.02427, -37.55709, 54.66045, 1, 1, 1, True
20.746, -35.02427, -37.55709, 54.66045, 1, 1, 1, True
20.75359, -35.02427, -37.55709, 54.66045, 1, 1, 1, True
20.75758, -35.02427, -37.55709, 54.66045, 1, 1, 1, True
20.76142, -35.02427, -37.55709, 54.66045, 1, 1, 1, True
20.76541, -35.02427, -37.55709, 54.66045, 1, 1, 1, True
20.76947, -35.02427, -37.55709, 54.66045, 1, 1, 1, True
20.77328, -35.02427, -37.55709, 54.66045, 1, 1, 1, True
20.77743, -35.02427, -37.55709, 54.66045, 1, 1, 1, True
20.78147, -35.02427, -37.55709, 54.66045, 1, 1, 1, True
20.78572, -35.02427, -37.55709, 54.66045, 1, 1, 1, True
20.79165, -35.02427, -37.55709, 54.66045, 1, 1, 1, True
20.79809, -35.02427, -37.55709, 54.66045, 1, 1, 1, True
20.84632, -35.02427, -37.55709, 54.66045, 1, 1, 1, True
20.85335, -35.02427, -37.55709, 54.66045, 1, 1, 1, True
20.86312, -35.02427, -37.55709, 54.66045, 1, 1, 1, True
20.8704, -35.02427, -37.55709, 54.66045, 1, 1, 1, True
20.89429, -35.02427, -37.55709, 54.66045, 1, 1, 1, True
20.90247, -35.02427, -37.55709, 54.66045, 1, 1, 1, True
20.90966, -35.02427, -37.55709, 54.66045, 1, 1, 1, True
20.91406, -35.02427, -37.55709, 54.66045, 1, 1, 1, True
20.91739, -35.02427, -37.55709, 54.66045, 1, 1, 1, True
20.92145, -35.02427, -37.55709, 54.66045, 1, 1, 1, True
20.92607, -35.02427, -37.55709, 54.66045, 1, 1, 1, True
20.92951, -35.02427, -37.55709, 54.66045, 1, 1, 1, True
20.93425, -35.02427, -37.55709, 54.66045, 1, 1, 1, True
20.94153, -35.02427, -37.55709, 54.66045, 1, 1, 1, True
20.95046, -35.02427, -37.55709, 54.66045, 1, 1, 1, True
20.95934, -35.02427, -37.55709, 54.66045, 1, 1, 1, True
20.96544, -35.02427, -37.55709, 54.66045, 1, 1, 1, True
20.97441, -35.02427, -37.55709, 54.66045, 1, 1, 1, True
20.98255, -35.02427, -37.55709, 54.66045, 1, 1, 1, True
20.99038, -35.02427, -37.55709, 54.66045, 1, 1, 1, True
20.99788, -35.02427, -37.55709, 54.66045, 1, 1, 1, True
21.00652, -35.02427, -37.55709, 54.66045, 1, 1, 1, True
21.01467, -35.02427, -37.55709, 54.66045, 1, 1, 1, True
21.02151, -35.02427, -37.55709, 54.66045, 1, 1, 1, True
21.03069, -35.02427, -37.55709, 54.66045, 1, 1, 1, True
21.03839, -35.02427, -37.55709, 54.66045, 1, 1, 1, True
21.04652, -35.02427, -37.55709, 54.66045, 1, 1, 1, True
21.05357, -35.02427, -37.55709, 54.66045, 1, 1, 1, True
21.06248, -35.02427, -37.55709, 54.66045, 1, 1, 1, True
21.07063, -35.02427, -37.55709, 54.66045, 1, 1, 1, True
21.07785, -35.02427, -37.55709, 54.66045, 1, 1, 1, True
21.08642, -35.02427, -37.55709, 54.66045, 1, 1, 1, True
21.09438, -35.02427, -37.55709, 54.66045, 1, 1, 1, True
21.10221, -35.02427, -37.55709, 54.66045, 1, 1, 1, True
21.10995, -35.02427, -37.55709, 54.66045, 1, 1, 1, True
21.13437, -35.02427, -37.55709, 54.66045, 1, 1, 1, True
21.14232, -35.02427, -37.55709, 54.66045, 1, 1, 1, True
21.15025, -35.02427, -37.55709, 54.66045, 1, 1, 1, True
21.15859, -35.02427, -37.55709, 54.66045, 1, 1, 1, True
21.16558, -35.02427, -37.55709, 54.66045, 1, 1, 1, True
21.17453, -35.02427, -37.55709, 54.66045, 1, 1, 1, True
21.18253, -35.02427, -37.55709, 54.66045, 1, 1, 1, True
21.18976, -35.02427, -37.55709, 54.66045, 1, 1, 1, True
21.19882, -35.02427, -37.55709, 54.66045, 1, 1, 1, True
21.2063, -35.02427, -37.55709, 54.66045, 1, 1, 1, True
21.21355, -35.02427, -37.55709, 54.66045, 1, 1, 1, True
21.21854, -35.02427, -37.55709, 54.66045, 1, 1, 1, True
21.22655, -35.02427, -37.55709, 54.66045, 1, 1, 1, True
21.23344, -35.02427, -37.55709, 54.66045, 1, 1, 1, True
21.24307, -35.02427, -37.55709, 54.66045, 1, 1, 1, True
21.25095, -35.02427, -37.55709, 54.66045, 1, 1, 1, True
21.25777, -35.02427, -37.55709, 54.66045, 1, 1, 1, True
21.26668, -35.02427, -37.55709, 54.66045, 1, 1, 1, True
21.27442, -35.02427, -37.55709, 54.66045, 1, 1, 1, True
21.2826, -35.02427, -37.55709, 54.66045, 1, 1, 1, True
21.28981, -35.02427, -37.55709, 54.66045, 1, 1, 1, True
21.29855, -35.02427, -37.55709, 54.66045, 1, 1, 1, True
21.30641, -35.02427, -37.55709, 54.66045, 1, 1, 1, True
21.31384, -35.02427, -37.55709, 54.66045, 1, 1, 1, True
21.32257, -35.02427, -37.55709, 54.66045, 1, 1, 1, True
21.33026, -35.02427, -37.55709, 54.66045, 1, 1, 1, True
21.33819, -35.02427, -37.55709, 54.66045, 1, 1, 1, True
21.34587, -35.02427, -37.55709, 54.66045, 1, 1, 1, True
21.35455, -35.02427, -37.55709, 54.66045, 1, 1, 1, True
21.36149, -35.02427, -37.55709, 54.66045, 1, 1, 1, True
21.36547, -35.02427, -37.55709, 54.66045, 1, 1, 1, True
21.39051, -35.02427, -37.55709, 54.66045, 1, 1, 1, True
21.39839, -35.02427, -37.55709, 54.66045, 1, 1, 1, True
21.40641, -35.02427, -37.55709, 54.66045, 1, 1, 1, True
21.41383, -35.02427, -37.55709, 54.66045, 1, 1, 1, True
21.42239, -35.02427, -37.55709, 54.66045, 1, 1, 1, True
21.43017, -35.02427, -37.55709, 54.66045, 1, 1, 1, True
21.43774, -35.02427, -37.55709, 54.66045, 1, 1, 1, True
21.44683, -35.02427, -37.55709, 54.66045, 1, 1, 1, True
21.45423, -35.02427, -37.55709, 54.66045, 1, 1, 1, True
21.46222, -35.02427, -37.55709, 54.66045, 1, 1, 1, True
21.46979, -35.02427, -37.55709, 54.66045, 1, 1, 1, True
21.4787, -35.02427, -37.55709, 54.66045, 1, 1, 1, True
21.48629, -35.02427, -37.55709, 54.66045, 1, 1, 1, True
21.49343, -35.02427, -37.55709, 54.66045, 1, 1, 1, True
21.50246, -35.02427, -37.55709, 54.66045, 1, 1, 1, True
21.51058, -35.02427, -37.55709, 54.66045, 1, 1, 1, True
21.51752, -35.02427, -37.55709, 54.66045, 1, 1, 1, True
21.52203, -35.02427, -37.55709, 54.66045, 1, 1, 1, True
21.52989, -35.02427, -37.55709, 54.66045, 1, 1, 1, True
21.5379, -35.02427, -37.55709, 54.66045, 1, 1, 1, True
21.54687, -35.02427, -37.55709, 54.66045, 1, 1, 1, True
21.55416, -35.02427, -37.55709, 54.66045, 1, 1, 1, True
21.56149, -35.02427, -37.55709, 54.66045, 1, 1, 1, True
21.56581, -35.02427, -37.55709, 54.66045, 1, 1, 1, True
21.56994, -35.02427, -37.55709, 54.66045, 1, 1, 1, True
21.57874, -35.02427, -37.55709, 54.66045, 1, 1, 1, True
21.58628, -35.02427, -37.55709, 54.66045, 1, 1, 1, True
21.59378, -35.02427, -37.55709, 54.66045, 1, 1, 1, True
21.60257, -35.02427, -37.55709, 54.66045, 1, 1, 1, True
21.61063, -35.02427, -37.55709, 54.66045, 1, 1, 1, True
21.61771, -35.02427, -37.55709, 54.66045, 1, 1, 1, True
21.64202, -35.02427, -37.55709, 54.66045, 1, 1, 1, True
21.64964, -35.02427, -37.55709, 54.66045, 1, 1, 1, True
21.65864, -35.02427, -37.55709, 54.66045, 1, 1, 1, True
21.66628, -35.02427, -37.55709, 54.66045, 1, 1, 1, True
21.6737, -35.02427, -37.55709, 54.66045, 1, 1, 1, True
21.68277, -35.02427, -37.55709, 54.66045, 1, 1, 1, True
21.69023, -35.02427, -37.55709, 54.66045, 1, 1, 1, True
21.69751, -35.02427, -37.55709, 54.66045, 1, 1, 1, True
21.70215, -35.02427, -37.55709, 54.66045, 1, 1, 1, True
21.71051, -35.02427, -37.55709, 54.66045, 1, 1, 1, True
21.71758, -35.02427, -37.55709, 54.66045, 1, 1, 1, True
21.72679, -35.02427, -37.55709, 54.66045, 1, 1, 1, True
21.73428, -35.02427, -37.55709, 54.66045, 1, 1, 1, True
21.74146, -35.02427, -37.55709, 54.66045, 1, 1, 1, True
21.75167, -35.02427, -37.55709, 54.66045, 1, 1, 1, True
21.75814, -35.02427, -37.55709, 54.66045, 1, 1, 1, True
21.76666, -35.02427, -37.55709, 54.66045, 1, 1, 1, True
21.77369, -35.02427, -37.55709, 54.66045, 1, 1, 1, True
21.78284, -35.02427, -37.55709, 54.66045, 1, 1, 1, True
21.79049, -35.02427, -37.55709, 54.66045, 1, 1, 1, True
21.79773, -35.02427, -37.55709, 54.66045, 1, 1, 1, True
21.80637, -35.02427, -37.55709, 54.66045, 1, 1, 1, True
21.81465, -35.02427, -37.55709, 54.66045, 1, 1, 1, True
21.82226, -35.02427, -37.55709, 54.66045, 1, 1, 1, True
21.82984, -35.02427, -37.55709, 54.66045, 1, 1, 1, True
21.83838, -35.02427, -37.55709, 54.66045, 1, 1, 1, True
21.84654, -35.02427, -37.55709, 54.66045, 1, 1, 1, True
21.85375, -35.02427, -37.55709, 54.66045, 1, 1, 1, True
21.86233, -35.02427, -37.55709, 54.66045, 1, 1, 1, True
21.87019, -35.02427, -37.55709, 54.66045, 1, 1, 1, True
21.8777, -35.02427, -37.55709, 54.66045, 1, 1, 1, True
21.90232, -35.02427, -37.55709, 54.66045, 1, 1, 1, True
21.90965, -35.02427, -37.55709, 54.66045, 1, 1, 1, True
21.91854, -35.02427, -37.55709, 54.66045, 1, 1, 1, True
21.92663, -35.02427, -37.55709, 54.66045, 1, 1, 1, True
21.93352, -35.02427, -37.55709, 54.66045, 1, 1, 1, True
21.94264, -35.02427, -37.55709, 54.66045, 1, 1, 1, True
21.95081, -35.02427, -37.55709, 54.66045, 1, 1, 1, True
21.9578, -35.02427, -37.55709, 54.66045, 1, 1, 1, True
21.96596, -35.02427, -37.55709, 54.66045, 1, 1, 1, True
21.97368, -35.02427, -37.55709, 54.66045, 1, 1, 1, True
21.9819, -35.02427, -37.55709, 54.66045, 1, 1, 1, True
21.98952, -35.02427, -37.55709, 54.66045, 1, 1, 1, True
21.99361, -35.02427, -37.55709, 54.66045, 1, 1, 1, True
21.99793, -35.02427, -37.55709, 54.66045, 1, 1, 1, True
22.00632, -35.02427, -37.55709, 54.66045, 1, 1, 1, True
22.0145, -35.02427, -37.55709, 54.66045, 1, 1, 1, True
22.02143, -35.02427, -37.55709, 54.66045, 1, 1, 1, True
22.03119, -35.02427, -37.55709, 54.66045, 1, 1, 1, True
22.0383, -35.02427, -37.55709, 54.66045, 1, 1, 1, True
22.04543, -35.02427, -37.55709, 54.66045, 1, 1, 1, True
22.05434, -35.02427, -37.55709, 54.66045, 1, 1, 1, True
22.0624, -35.02427, -37.55709, 54.66045, 1, 1, 1, True
22.07026, -35.02427, -37.55709, 54.66045, 1, 1, 1, True
22.07783, -35.02427, -37.55709, 54.66045, 1, 1, 1, True
22.0856, -35.02427, -37.55709, 54.66045, 1, 1, 1, True
22.0946, -35.02427, -37.55709, 54.66045, 1, 1, 1, True
22.10144, -35.02427, -37.55709, 54.66045, 1, 1, 1, True
22.11091, -35.02427, -37.55709, 54.66045, 1, 1, 1, True
22.1182, -35.02427, -37.55709, 54.66045, 1, 1, 1, True
22.1265, -35.02427, -37.55709, 54.66045, 1, 1, 1, True
22.13358, -35.02427, -37.55709, 54.66045, 1, 1, 1, True
22.15886, -35.02427, -37.55709, 54.66045, 1, 1, 1, True
22.16625, -35.02427, -37.55709, 54.66045, 1, 1, 1, True
22.17453, -35.02427, -37.55709, 54.66045, 1, 1, 1, True
22.18244, -35.02427, -37.55709, 54.66045, 1, 1, 1, True
22.18976, -35.02427, -37.55709, 54.66045, 1, 1, 1, True
22.19802, -35.02427, -37.55709, 54.66045, 1, 1, 1, True
22.20641, -35.02427, -37.55709, 54.66045, 1, 1, 1, True
22.21385, -35.02427, -37.55709, 54.66045, 1, 1, 1, True
22.22185, -35.02427, -37.55709, 54.66045, 1, 1, 1, True
22.23071, -35.02427, -37.55709, 54.66045, 1, 1, 1, True
22.23764, -35.02427, -37.55709, 54.66045, 1, 1, 1, True
22.24594, -35.02427, -37.55709, 54.66045, 1, 1, 1, True
22.25353, -35.02427, -37.55709, 54.66045, 1, 1, 1, True
22.26157, -35.02427, -37.55709, 54.66045, 1, 1, 1, True
22.26998, -35.02427, -37.55709, 54.66045, 1, 1, 1, True
22.2787, -35.02427, -37.55709, 54.66045, 1, 1, 1, True
22.28559, -35.02427, -37.55709, 54.66045, 1, 1, 1, True
22.29369, -35.02427, -37.55709, 54.66045, 1, 1, 1, True
22.30184, -35.02427, -37.55709, 54.66045, 1, 1, 1, True
22.30948, -35.02427, -37.55709, 54.66045, 1, 1, 1, True
22.31363, -35.02427, -37.55709, 54.66045, 1, 1, 1, True
22.33009, -35.02427, -37.55709, 54.66045, 1, 1, 1, True
22.33787, -35.02427, -37.55709, 54.66045, 1, 1, 1, True
22.34601, -35.02427, -37.55709, 54.66045, 1, 1, 1, True
22.35337, -35.02427, -37.55709, 54.66045, 1, 1, 1, True
22.35738, -35.02427, -37.55709, 54.66045, 1, 1, 1, True
22.36139, -35.02427, -37.55709, 54.66045, 1, 1, 1, True
22.36535, -35.02427, -37.55709, 54.66045, 1, 1, 1, True
22.36945, -35.02427, -37.55709, 54.66045, 1, 1, 1, True
22.37395, -35.02427, -37.55709, 54.66045, 1, 1, 1, True
22.37741, -35.02427, -37.55709, 54.66045, 1, 1, 1, True
22.40618, -35.02427, -37.55709, 54.66045, 1, 1, 1, True
22.41495, -35.02427, -37.55709, 54.66045, 1, 1, 1, True
22.42256, -35.02427, -37.55709, 54.66045, 1, 1, 1, True
22.4306, -35.02427, -37.55709, 54.66045, 1, 1, 1, True
22.45359, -35.02427, -37.55709, 54.66045, 1, 1, 1, True
22.46157, -35.02427, -37.55709, 54.66045, 1, 1, 1, True
22.47067, -35.02427, -37.55709, 54.66045, 1, 1, 1, True
22.47855, -35.02427, -37.55709, 54.66045, 1, 1, 1, True
22.48618, -35.02427, -37.55709, 54.66045, 1, 1, 1, True
22.49377, -35.02427, -37.55709, 54.66045, 1, 1, 1, True
22.50262, -35.02427, -37.55709, 54.66045, 1, 1, 1, True
22.5106, -35.02427, -37.55709, 54.66045, 1, 1, 1, True
22.51761, -35.02427, -37.55709, 54.66045, 1, 1, 1, True
22.52664, -35.02427, -37.55709, 54.66045, 1, 1, 1, True
22.53424, -35.02427, -37.55709, 54.66045, 1, 1, 1, True
22.54219, -35.02427, -37.55709, 54.66045, 1, 1, 1, True
22.54939, -35.02427, -37.55709, 54.66045, 1, 1, 1, True
22.55399, -35.02427, -37.55709, 54.66045, 1, 1, 1, True
22.56157, -35.02427, -37.55709, 54.66045, 1, 1, 1, True
22.57013, -35.02427, -37.55709, 54.66045, 1, 1, 1, True
22.57878, -35.02427, -37.55709, 54.66045, 1, 1, 1, True
22.58567, -35.02427, -37.55709, 54.66045, 1, 1, 1, True
22.6146, -35.02427, -37.55709, 54.66045, 1, 1, 1, True
22.6267, -35.02427, -37.55709, 54.66045, 1, 1, 1, True
22.63825, -35.02427, -37.55709, 54.66045, 1, 1, 1, True
22.64671, -35.02427, -37.55709, 54.66045, 1, 1, 1, True
22.65353, -35.02427, -37.55709, 54.66045, 1, 1, 1, True
22.65813, -35.02427, -37.55709, 54.66045, 1, 1, 1, True
22.66616, -35.02427, -37.55709, 54.66045, 1, 1, 1, True
22.67379, -35.02427, -37.55709, 54.66045, 1, 1, 1, True
22.6831, -35.02427, -37.55709, 54.66045, 1, 1, 1, True
22.71044, -35.02427, -37.55709, 54.66045, 1, 1, 1, True
22.71834, -35.02427, -37.55709, 54.66045, 1, 1, 1, True
22.72653, -35.02427, -37.55709, 54.66045, 1, 1, 1, True
22.73416, -35.02427, -37.55709, 54.66045, 1, 1, 1, True
22.74193, -35.02427, -37.55709, 54.66045, 1, 1, 1, True
22.76627, -35.02427, -37.55709, 54.66045, 1, 1, 1, True
22.77439, -35.02427, -37.55709, 54.66045, 1, 1, 1, True
22.78187, -35.02427, -37.55709, 54.66045, 1, 1, 1, True
22.78987, -35.02427, -37.55709, 54.66045, 1, 1, 1, True
22.79797, -35.02427, -37.55709, 54.66045, 1, 1, 1, True
22.80578, -35.02427, -37.55709, 54.66045, 1, 1, 1, True
22.81424, -35.02427, -37.55709, 54.66045, 1, 1, 1, True
22.82172, -35.02427, -37.55709, 54.66045, 1, 1, 1, True
22.82982, -35.02427, -37.55709, 54.66045, 1, 1, 1, True
22.83784, -35.02427, -37.55709, 54.66045, 1, 1, 1, True
22.8465, -35.02427, -37.55709, 54.66045, 1, 1, 1, True
22.85372, -35.02427, -37.55709, 54.66045, 1, 1, 1, True
22.86234, -35.02427, -37.55709, 54.66045, 1, 1, 1, True
22.87044, -35.02427, -37.55709, 54.66045, 1, 1, 1, True
22.87781, -35.02427, -37.55709, 54.66045, 1, 1, 1, True
22.88648, -35.02427, -37.55709, 54.66045, 1, 1, 1, True
22.89472, -35.02427, -37.55709, 54.66045, 1, 1, 1, True
22.91953, -35.02427, -37.55709, 54.66045, 1, 1, 1, True
22.92608, -35.02427, -37.55709, 54.66045, 1, 1, 1, True
22.93352, -35.02427, -37.55709, 54.66045, 1, 1, 1, True
22.94279, -35.02427, -37.55709, 54.66045, 1, 1, 1, True
22.95046, -35.02427, -37.55709, 54.66045, 1, 1, 1, True
22.95759, -35.02427, -37.55709, 54.66045, 1, 1, 1, True
22.96693, -35.02427, -37.55709, 54.66045, 1, 1, 1, True
22.97433, -35.02427, -37.55709, 54.66045, 1, 1, 1, True
22.98271, -35.02427, -37.55709, 54.66045, 1, 1, 1, True
23.00636, -35.02427, -37.55709, 54.66045, 1, 1, 1, True
23.0136, -35.02427, -37.55709, 54.66045, 1, 1, 1, True
23.01917, -35.02427, -37.55709, 54.66045, 1, 1, 1, True
23.02637, -35.02427, -37.55709, 54.66045, 1, 1, 1, True
23.03349, -35.02427, -37.55709, 54.66045, 1, 1, 1, True
23.04275, -35.02427, -37.55709, 54.66045, 1, 1, 1, True
23.05017, -35.02427, -37.55709, 54.66045, 1, 1, 1, True
23.05784, -35.02427, -37.55709, 54.66045, 1, 1, 1, True
23.06661, -35.02427, -37.55709, 54.66045, 1, 1, 1, True
23.07441, -35.02427, -37.55709, 54.66045, 1, 1, 1, True
23.08253, -35.02427, -37.55709, 54.66045, 1, 1, 1, True
23.08967, -35.02427, -37.55709, 54.66045, 1, 1, 1, True
23.09872, -35.02427, -37.55709, 54.66045, 1, 1, 1, True
23.10642, -35.02427, -37.55709, 54.66045, 1, 1, 1, True
23.11382, -35.02427, -37.55709, 54.66045, 1, 1, 1, True
23.12257, -35.02427, -37.55709, 54.66045, 1, 1, 1, True
23.1304, -35.02427, -37.55709, 54.66045, 1, 1, 1, True
23.13835, -35.02427, -37.55709, 54.66045, 1, 1, 1, True
23.14588, -35.02427, -37.55709, 54.66045, 1, 1, 1, True
23.15444, -35.02427, -37.55709, 54.66045, 1, 1, 1, True
23.16239, -35.02427, -37.55709, 54.66045, 1, 1, 1, True
23.16954, -35.02427, -37.55709, 54.66045, 1, 1, 1, True
23.17422, -35.02427, -37.55709, 54.66045, 1, 1, 1, True
23.18154, -35.02427, -37.55709, 54.66045, 1, 1, 1, True
23.19056, -35.02427, -37.55709, 54.66045, 1, 1, 1, True
23.19861, -35.02427, -37.55709, 54.66045, 1, 1, 1, True
23.20646, -35.02427, -37.55709, 54.66045, 1, 1, 1, True
23.21383, -35.02427, -37.55709, 54.66045, 1, 1, 1, True
23.22261, -35.02427, -37.55709, 54.66045, 1, 1, 1, True
23.2306, -35.02427, -37.55709, 54.66045, 1, 1, 1, True
23.2378, -35.02427, -37.55709, 54.66045, 1, 1, 1, True
23.26217, -35.02427, -37.55709, 54.66045, 1, 1, 1, True
23.26958, -35.02427, -37.55709, 54.66045, 1, 1, 1, True
23.27861, -35.02427, -37.55709, 54.66045, 1, 1, 1, True
23.28625, -35.02427, -37.55709, 54.66045, 1, 1, 1, True
23.29389, -35.02427, -37.55709, 54.66045, 1, 1, 1, True
23.30228, -35.02427, -37.55709, 54.66045, 1, 1, 1, True
23.3098, -35.02427, -37.55709, 54.66045, 1, 1, 1, True
23.31769, -35.02427, -37.55709, 54.66045, 1, 1, 1, True
23.32585, -35.02427, -37.55709, 54.66045, 1, 1, 1, True
23.33361, -35.02427, -37.55709, 54.66045, 1, 1, 1, True
23.34183, -35.02427, -37.55709, 54.66045, 1, 1, 1, True
23.34964, -35.02427, -37.55709, 54.66045, 1, 1, 1, True
23.35892, -35.02427, -37.55709, 54.66045, 1, 1, 1, True
23.3658, -35.02427, -37.55709, 54.66045, 1, 1, 1, True
23.37346, -35.02427, -37.55709, 54.66045, 1, 1, 1, True
23.37736, -35.02427, -37.55709, 54.66045, 1, 1, 1, True
23.38139, -35.02427, -37.55709, 54.66045, 1, 1, 1, True
23.3854, -35.02427, -37.55709, 54.66045, 1, 1, 1, True
23.38941, -35.02427, -37.55709, 54.66045, 1, 1, 1, True
23.39343, -35.02427, -37.55709, 54.66045, 1, 1, 1, True
23.39743, -35.02427, -37.55709, 54.66045, 1, 1, 1, True
23.40142, -35.02427, -37.55709, 54.66045, 1, 1, 1, True
23.40549, -35.02427, -37.55709, 54.66045, 1, 1, 1, True
23.41066, -35.02427, -37.55709, 54.66045, 1, 1, 1, True
23.4175, -35.02427, -37.55709, 54.66045, 1, 1, 1, True
23.42599, -35.02427, -37.55709, 54.66045, 1, 1, 1, True
23.43357, -35.02427, -37.55709, 54.66045, 1, 1, 1, True
23.44258, -35.02427, -37.55709, 54.66045, 1, 1, 1, True
23.45021, -35.02427, -37.55709, 54.66045, 1, 1, 1, True
23.45858, -35.02427, -37.55709, 54.66045, 1, 1, 1, True
23.46656, -35.02427, -37.55709, 54.66045, 1, 1, 1, True
23.4903, -35.02427, -37.55709, 54.66045, 1, 1, 1, True
23.49767, -35.02427, -37.55709, 54.66045, 1, 1, 1, True
23.50671, -35.02427, -37.55709, 54.66045, 1, 1, 1, True
23.5146, -35.02427, -37.55709, 54.66045, 1, 1, 1, True
23.53846, -35.02427, -37.55709, 54.66045, 1, 1, 1, True
23.54629, -35.02427, -37.55709, 54.66045, 1, 1, 1, True
23.55371, -35.02427, -37.55709, 54.66045, 1, 1, 1, True
23.5625, -35.02427, -37.55709, 54.66045, 1, 1, 1, True
23.5705, -35.02427, -37.55709, 54.66045, 1, 1, 1, True
23.57855, -35.02427, -37.55709, 54.66045, 1, 1, 1, True
23.58546, -35.02427, -37.55709, 54.66045, 1, 1, 1, True
23.59464, -35.02427, -37.55709, 54.66045, 1, 1, 1, True
23.6023, -35.02427, -37.55709, 54.66045, 1, 1, 1, True
23.60951, -35.02427, -37.55709, 54.66045, 1, 1, 1, True
23.61395, -35.02427, -37.55709, 54.66045, 1, 1, 1, True
23.62253, -35.02427, -37.55709, 54.66045, 1, 1, 1, True
23.62983, -35.02427, -37.55709, 54.66045, 1, 1, 1, True
23.63869, -35.02427, -37.55709, 54.66045, 1, 1, 1, True
23.64658, -35.02427, -37.55709, 54.66045, 1, 1, 1, True
23.65341, -35.02427, -37.55709, 54.66045, 1, 1, 1, True
23.66242, -35.02427, -37.55709, 54.66045, 1, 1, 1, True
23.67042, -35.02427, -37.55709, 54.66045, 1, 1, 1, True
23.69431, -35.02427, -37.55709, 54.66045, 1, 1, 1, True
23.70223, -35.02427, -37.55709, 54.66045, 1, 1, 1, True
23.70988, -35.02427, -37.55709, 54.66045, 1, 1, 1, True
23.7181, -35.02427, -37.55709, 54.66045, 1, 1, 1, True
23.72662, -35.02427, -37.55709, 54.66045, 1, 1, 1, True
23.73345, -35.02427, -37.55709, 54.66045, 1, 1, 1, True
23.73803, -35.02427, -37.55709, 54.66045, 1, 1, 1, True
23.74656, -35.02427, -37.55709, 54.66045, 1, 1, 1, True
23.75383, -35.02427, -37.55709, 54.66045, 1, 1, 1, True
23.77907, -35.02427, -37.55709, 54.66045, 1, 1, 1, True
23.78656, -35.02427, -37.55709, 54.66045, 1, 1, 1, True
23.79457, -35.02427, -37.55709, 54.66045, 1, 1, 1, True
23.80201, -35.02427, -37.55709, 54.66045, 1, 1, 1, True
23.80991, -35.02427, -37.55709, 54.66045, 1, 1, 1, True
23.81844, -35.02427, -37.55709, 54.66045, 1, 1, 1, True
23.82652, -35.02427, -37.55709, 54.66045, 1, 1, 1, True
23.85037, -35.02427, -37.55709, 54.66045, 1, 1, 1, True
23.85754, -35.02427, -37.55709, 54.66045, 1, 1, 1, True
23.86194, -35.02427, -37.55709, 54.66045, 1, 1, 1, True
23.87012, -35.02427, -37.55709, 54.66045, 1, 1, 1, True
23.87802, -35.02427, -37.55709, 54.66045, 1, 1, 1, True
23.88671, -35.02427, -37.55709, 54.66045, 1, 1, 1, True
23.89462, -35.02427, -37.55709, 54.66045, 1, 1, 1, True
23.90153, -35.02427, -37.55709, 54.66045, 1, 1, 1, True
23.91083, -35.02427, -37.55709, 54.66045, 1, 1, 1, True
23.91837, -35.02427, -37.55709, 54.66045, 1, 1, 1, True
23.92649, -35.02427, -37.55709, 54.66045, 1, 1, 1, True
23.93344, -35.02427, -37.55709, 54.66045, 1, 1, 1, True
23.94271, -35.02427, -37.55709, 54.66045, 1, 1, 1, True
23.95078, -35.02427, -37.55709, 54.66045, 1, 1, 1, True
23.95781, -35.02427, -37.55709, 54.66045, 1, 1, 1, True
23.96681, -35.02427, -37.55709, 54.66045, 1, 1, 1, True
23.97432, -35.02427, -37.55709, 54.66045, 1, 1, 1, True
23.98199, -35.02427, -37.55709, 54.66045, 1, 1, 1, True
24.00995, -35.02427, -37.55709, 54.66045, 1, 1, 1, True
24.01763, -35.02427, -37.55709, 54.66045, 1, 1, 1, True
24.02598, -35.02427, -37.55709, 54.66045, 1, 1, 1, True
24.03357, -35.02427, -37.55709, 54.66045, 1, 1, 1, True
24.04195, -35.02427, -37.55709, 54.66045, 1, 1, 1, True
24.04961, -35.02427, -37.55709, 54.66045, 1, 1, 1, True
24.07399, -35.02427, -37.55709, 54.66045, 1, 1, 1, True
24.08201, -35.02427, -37.55709, 54.66045, 1, 1, 1, True
24.09014, -35.02427, -37.55709, 54.66045, 1, 1, 1, True
24.09781, -35.02427, -37.55709, 54.66045, 1, 1, 1, True
24.1059, -35.02427, -37.55709, 54.66045, 1, 1, 1, True
24.11369, -35.02427, -37.55709, 54.66045, 1, 1, 1, True
24.1219, -35.02427, -37.55709, 54.66045, 1, 1, 1, True
24.12987, -35.02427, -37.55709, 54.66045, 1, 1, 1, True
24.13792, -35.02427, -37.55709, 54.66045, 1, 1, 1, True
24.14579, -35.02427, -37.55709, 54.66045, 1, 1, 1, True
24.15345, -35.02427, -37.55709, 54.66045, 1, 1, 1, True
24.16166, -35.02427, -37.55709, 54.66045, 1, 1, 1, True
24.16981, -35.02427, -37.55709, 54.66045, 1, 1, 1, True
24.17782, -35.02427, -37.55709, 54.66045, 1, 1, 1, True
24.18135, -35.02427, -37.55709, 54.66045, 1, 1, 1, True
24.18537, -35.02427, -37.55709, 54.66045, 1, 1, 1, True
24.18938, -35.02427, -37.55709, 54.66045, 1, 1, 1, True
24.19344, -35.02427, -37.55709, 54.66045, 1, 1, 1, True
24.1974, -35.02427, -37.55709, 54.66045, 1, 1, 1, True
24.20134, -35.02427, -37.55709, 54.66045, 1, 1, 1, True
24.20963, -35.02427, -37.55709, 54.66045, 1, 1, 1, True
24.21765, -35.02427, -37.55709, 54.66045, 1, 1, 1, True
24.22164, -35.02427, -37.55709, 54.66045, 1, 1, 1, True
24.23696, -35.02427, -37.55709, 54.66045, 1, 1, 1, True
24.24243, -35.02427, -37.55709, 54.66045, 1, 1, 1, True
24.24959, -35.02427, -37.55709, 54.66045, 1, 1, 1, True
24.25855, -35.02427, -37.55709, 54.66045, 1, 1, 1, True
24.26641, -35.02427, -37.55709, 54.66045, 1, 1, 1, True
24.27339, -35.02427, -37.55709, 54.66045, 1, 1, 1, True
24.27802, -35.02427, -37.55709, 54.66045, 1, 1, 1, True
24.28143, -35.02427, -37.55709, 54.66045, 1, 1, 1, True
24.30647, -35.02427, -37.55709, 54.66045, 1, 1, 1, True
24.31445, -35.02427, -37.55709, 54.66045, 1, 1, 1, True
24.32242, -35.02427, -37.55709, 54.66045, 1, 1, 1, True
24.32947, -35.02427, -37.55709, 54.66045, 1, 1, 1, True
24.33437, -35.02427, -37.55709, 54.66045, 1, 1, 1, True
24.34224, -35.02427, -37.55709, 54.66045, 1, 1, 1, True
24.34942, -35.02427, -37.55709, 54.66045, 1, 1, 1, True
24.35374, -35.02427, -37.55709, 54.66045, 1, 1, 1, True
24.36229, -35.02427, -37.55709, 54.66045, 1, 1, 1, True
24.37068, -35.02427, -37.55709, 54.66045, 1, 1, 1, True
24.37852, -35.02427, -37.55709, 54.66045, 1, 1, 1, True
24.38551, -35.02427, -37.55709, 54.66045, 1, 1, 1, True
24.38976, -35.02427, -37.55709, 54.66045, 1, 1, 1, True
24.3983, -35.02427, -37.55709, 54.66045, 1, 1, 1, True
24.40545, -35.02427, -37.55709, 54.66045, 1, 1, 1, True
24.41413, -35.02427, -37.55709, 54.66045, 1, 1, 1, True
24.4221, -35.02427, -37.55709, 54.66045, 1, 1, 1, True
24.42953, -35.02427, -37.55709, 54.66045, 1, 1, 1, True
24.43469, -35.02427, -37.55709, 54.66045, 1, 1, 1, True
24.44151, -35.02427, -37.55709, 54.66045, 1, 1, 1, True
24.4502, -35.02427, -37.55709, 54.66045, 1, 1, 1, True
24.45839, -35.02427, -37.55709, 54.66045, 1, 1, 1, True
24.46647, -35.02427, -37.55709, 54.66045, 1, 1, 1, True
24.4736, -35.02427, -37.55709, 54.66045, 1, 1, 1, True
24.48204, -35.02427, -37.55709, 54.66045, 1, 1, 1, True
24.49018, -35.02427, -37.55709, 54.66045, 1, 1, 1, True
24.4974, -35.02427, -37.55709, 54.66045, 1, 1, 1, True
24.50607, -35.02427, -37.55709, 54.66045, 1, 1, 1, True
24.51442, -35.02427, -37.55709, 54.66045, 1, 1, 1, True
24.5223, -35.02427, -37.55709, 54.66045, 1, 1, 1, True
24.52969, -35.02427, -37.55709, 54.66045, 1, 1, 1, True
24.5624, -35.02427, -37.55709, 54.66045, 1, 1, 1, True
24.57144, -35.02427, -37.55709, 54.66045, 1, 1, 1, True
24.5776, -35.02427, -37.55709, 54.66045, 1, 1, 1, True
24.58623, -35.02427, -37.55709, 54.66045, 1, 1, 1, True
24.5944, -35.02427, -37.55709, 54.66045, 1, 1, 1, True
24.60224, -35.02427, -37.55709, 54.66045, 1, 1, 1, True
24.60987, -35.02427, -37.55709, 54.66045, 1, 1, 1, True
24.61828, -35.02427, -37.55709, 54.66045, 1, 1, 1, True
24.62645, -35.02427, -37.55709, 54.66045, 1, 1, 1, True
24.63362, -35.02427, -37.55709, 54.66045, 1, 1, 1, True
24.65405, -35.02427, -37.55709, 54.66045, 1, 1, 1, True
24.66243, -35.02427, -37.55709, 54.66045, 1, 1, 1, True
24.6704, -35.02427, -37.55709, 54.66045, 1, 1, 1, True
24.67765, -35.02427, -37.55709, 54.66045, 1, 1, 1, True
24.68621, -35.02427, -37.55709, 54.66045, 1, 1, 1, True
24.69451, -35.02427, -37.55709, 54.66045, 1, 1, 1, True
24.70245, -35.02427, -37.55709, 54.66045, 1, 1, 1, True
24.70991, -35.02427, -37.55709, 54.66045, 1, 1, 1, True
24.71756, -35.02427, -37.55709, 54.66045, 1, 1, 1, True
24.72157, -35.02427, -37.55709, 54.66045, 1, 1, 1, True
24.72539, -35.02427, -37.55709, 54.66045, 1, 1, 1, True
24.7295, -35.02427, -37.55709, 54.66045, 1, 1, 1, True
24.73336, -35.02427, -37.55709, 54.66045, 1, 1, 1, True
24.73746, -35.02427, -37.55709, 54.66045, 1, 1, 1, True
24.74141, -35.02427, -37.55709, 54.66045, 1, 1, 1, True
24.74554, -35.02427, -37.55709, 54.66045, 1, 1, 1, True
24.74942, -35.02427, -37.55709, 54.66045, 1, 1, 1, True
24.75484, -35.02427, -37.55709, 54.66045, 1, 1, 1, True
24.76192, -35.02427, -37.55709, 54.66045, 1, 1, 1, True
24.7699, -35.02427, -37.55709, 54.66045, 1, 1, 1, True
24.77807, -35.02427, -37.55709, 54.66045, 1, 1, 1, True
24.80597, -35.02427, -37.55709, 54.66045, 1, 1, 1, True
24.81346, -35.02427, -37.55709, 54.66045, 1, 1, 1, True
24.82254, -35.02427, -37.55709, 54.66045, 1, 1, 1, True
24.83019, -35.02427, -37.55709, 54.66045, 1, 1, 1, True
24.83822, -35.02427, -37.55709, 54.66045, 1, 1, 1, True
24.8458, -35.02427, -37.55709, 54.66045, 1, 1, 1, True
24.85416, -35.02427, -37.55709, 54.66045, 1, 1, 1, True
24.86244, -35.02427, -37.55709, 54.66045, 1, 1, 1, True
24.86978, -35.02427, -37.55709, 54.66045, 1, 1, 1, True
24.87885, -35.02427, -37.55709, 54.66045, 1, 1, 1, True
24.88629, -35.02427, -37.55709, 54.66045, 1, 1, 1, True
24.89445, -35.02427, -37.55709, 54.66045, 1, 1, 1, True
24.90155, -35.02427, -37.55709, 54.66045, 1, 1, 1, True
24.9107, -35.02427, -37.55709, 54.66045, 1, 1, 1, True
24.91835, -35.02427, -37.55709, 54.66045, 1, 1, 1, True
24.92547, -35.02427, -37.55709, 54.66045, 1, 1, 1, True
24.93421, -35.02427, -37.55709, 54.66045, 1, 1, 1, True
24.9424, -35.02427, -37.55709, 54.66045, 1, 1, 1, True
24.95095, -35.02427, -37.55709, 54.66045, 1, 1, 1, True
24.95737, -35.02427, -37.55709, 54.66045, 1, 1, 1, True
24.96656, -35.02427, -37.55709, 54.66045, 1, 1, 1, True
24.97456, -35.02427, -37.55709, 54.66045, 1, 1, 1, True
24.98152, -35.02427, -37.55709, 54.66045, 1, 1, 1, True
24.9905, -35.02427, -37.55709, 54.66045, 1, 1, 1, True
24.99854, -35.02427, -37.55709, 54.66045, 1, 1, 1, True
25.00625, -35.02427, -37.55709, 54.66045, 1, 1, 1, True
25.01382, -35.02427, -37.55709, 54.66045, 1, 1, 1, True
25.02266, -35.02427, -37.55709, 54.66045, 1, 1, 1, True
25.03039, -35.02427, -37.55709, 54.66045, 1, 1, 1, True
25.03749, -35.02427, -37.55709, 54.66045, 1, 1, 1, True
25.04589, -35.02427, -37.55709, 54.66045, 1, 1, 1, True
25.14589, -41.81816, -37.89649, 49.39734, 1, 1, 1, True
25.15259, -41.81816, -37.89649, 49.39734, 1, 1, 1, True
25.15945, -41.81816, -37.89649, 49.39734, 1, 1, 1, True
25.16427, -41.81816, -37.89649, 49.39734, 1, 1, 1, True
25.17246, -41.81816, -37.89649, 49.39734, 1, 1, 1, True
25.18118, -41.81816, -37.89649, 49.39734, 1, 1, 1, True
25.18872, -41.81816, -37.89649, 49.39734, 1, 1, 1, True
25.19237, -41.81816, -37.89649, 49.39734, 1, 1, 1, True
25.19639, -41.81816, -37.89649, 49.39734, 1, 1, 1, True
25.20037, -41.81816, -37.89649, 49.39734, 1, 1, 1, True
25.20442, -41.81816, -37.89649, 49.39734, 1, 1, 1, True
25.20845, -41.81816, -37.89649, 49.39734, 1, 1, 1, True
25.21234, -41.81816, -37.89649, 49.39734, 1, 1, 1, True
25.2163, -41.81816, -37.89649, 49.39734, 1, 1, 1, True
25.22056, -41.81816, -37.89649, 49.39734, 1, 1, 1, True
25.22437, -41.81816, -37.89649, 49.39734, 1, 1, 1, True
25.22844, -41.81816, -37.89649, 49.39734, 1, 1, 1, True
25.23235, -41.81816, -37.89649, 49.39734, 1, 1, 1, True
25.23651, -41.81816, -37.89649, 49.39734, 1, 1, 1, True
25.24038, -41.81816, -37.89649, 49.39734, 1, 1, 1, True
25.24421, -41.81816, -37.89649, 49.39734, 1, 1, 1, True
25.24852, -41.81816, -37.89649, 49.39734, 1, 1, 1, True
25.25239, -41.81816, -37.89649, 49.39734, 1, 1, 1, True
25.2564, -41.81816, -37.89649, 49.39734, 1, 1, 1, True
25.2606, -41.81816, -37.89649, 49.39734, 1, 1, 1, True
25.26429, -41.81816, -37.89649, 49.39734, 1, 1, 1, True
25.26841, -41.81816, -37.89649, 49.39734, 1, 1, 1, True
25.27239, -41.81816, -37.89649, 49.39734, 1, 1, 1, True
25.27647, -41.81816, -37.89649, 49.39734, 1, 1, 1, True
25.28039, -41.81816, -37.89649, 49.39734, 1, 1, 1, True
25.28452, -41.81816, -37.89649, 49.39734, 1, 1, 1, True
25.30451, -41.81816, -37.89649, 49.39734, 1, 1, 1, True
25.30854, -41.81816, -37.89649, 49.39734, 1, 1, 1, True
25.3128, -41.81816, -37.89649, 49.39734, 1, 1, 1, True
25.31652, -41.81816, -37.89649, 49.39734, 1, 1, 1, True
25.32047, -41.81816, -37.89649, 49.39734, 1, 1, 1, True
25.32446, -41.81816, -37.89649, 49.39734, 1, 1, 1, True
25.32841, -41.81816, -37.89649, 49.39734, 1, 1, 1, True
25.33243, -41.81816, -37.89649, 49.39734, 1, 1, 1, True
25.33647, -41.81816, -37.89649, 49.39734, 1, 1, 1, True
25.34046, -41.81816, -37.89649, 49.39734, 1, 1, 1, True
25.34427, -41.81816, -37.89649, 49.39734, 1, 1, 1, True
25.34846, -41.81816, -37.89649, 49.39734, 1, 1, 1, True
25.35245, -41.81816, -37.89649, 49.39734, 1, 1, 1, True
25.35636, -41.81816, -37.89649, 49.39734, 1, 1, 1, True
25.36054, -41.81816, -37.89649, 49.39734, 1, 1, 1, True
25.36432, -41.81816, -37.89649, 49.39734, 1, 1, 1, True
25.36845, -41.81816, -37.89649, 49.39734, 1, 1, 1, True
25.37242, -41.81816, -37.89649, 49.39734, 1, 1, 1, True
25.37649, -41.81816, -37.89649, 49.39734, 1, 1, 1, True
25.38041, -41.81816, -37.89649, 49.39734, 1, 1, 1, True
25.38436, -41.81816, -37.89649, 49.39734, 1, 1, 1, True
25.38849, -41.81816, -37.89649, 49.39734, 1, 1, 1, True
25.39241, -41.81816, -37.89649, 49.39734, 1, 1, 1, True
25.39624, -41.81816, -37.89649, 49.39734, 1, 1, 1, True
25.40043, -41.81816, -37.89649, 49.39734, 1, 1, 1, True
25.40431, -41.81816, -37.89649, 49.39734, 1, 1, 1, True
25.40852, -41.81816, -37.89649, 49.39734, 1, 1, 1, True
25.41234, -41.81816, -37.89649, 49.39734, 1, 1, 1, True
25.41643, -41.81816, -37.89649, 49.39734, 1, 1, 1, True
25.42033, -41.81816, -37.89649, 49.39734, 1, 1, 1, True
25.42455, -41.81816, -37.89649, 49.39734, 1, 1, 1, True
25.44433, -41.81816, -37.89649, 49.39734, 1, 1, 1, True
25.4489, -41.81816, -37.89649, 49.39734, 1, 1, 1, True
25.45243, -41.81816, -37.89649, 49.39734, 1, 1, 1, True
25.45656, -41.81816, -37.89649, 49.39734, 1, 1, 1, True
25.46061, -41.81816, -37.89649, 49.39734, 1, 1, 1, True
25.46428, -41.81816, -37.89649, 49.39734, 1, 1, 1, True
25.46842, -41.81816, -37.89649, 49.39734, 1, 1, 1, True
25.47233, -41.81816, -37.89649, 49.39734, 1, 1, 1, True
25.47646, -41.81816, -37.89649, 49.39734, 1, 1, 1, True
25.48045, -41.81816, -37.89649, 49.39734, 1, 1, 1, True
25.48437, -41.81816, -37.89649, 49.39734, 1, 1, 1, True
25.4885, -41.81816, -37.89649, 49.39734, 1, 1, 1, True
25.49242, -41.81816, -37.89649, 49.39734, 1, 1, 1, True
25.49632, -41.81816, -37.89649, 49.39734, 1, 1, 1, True
25.50032, -41.81816, -37.89649, 49.39734, 1, 1, 1, True
25.50453, -41.81816, -37.89649, 49.39734, 1, 1, 1, True
25.50843, -41.81816, -37.89649, 49.39734, 1, 1, 1, True
25.51246, -41.81816, -37.89649, 49.39734, 1, 1, 1, True
25.51631, -41.81816, -37.89649, 49.39734, 1, 1, 1, True
25.52044, -41.81816, -37.89649, 49.39734, 1, 1, 1, True
25.52425, -41.81816, -37.89649, 49.39734, 1, 1, 1, True
25.52851, -41.77505, -37.8965, 49.43381, 1, 1, 1, True
25.5323, -41.77505, -37.8965, 49.4338, 1, 1, 1, True
25.53654, -41.77504, -37.89651, 49.4338, 1, 1, 1, True
25.54036, -41.70999, -37.84001, 49.53191, 1, 1, 1, True
25.54423, -41.71, -37.84001, 49.53191, 1, 1, 1, True
25.5485, -41.71, -37.84001, 49.53191, 1, 1, 1, True
25.55242, -41.62346, -37.84001, 49.60465, 1, 1, 1, True
25.55627, -41.62346, -37.84001, 49.60465, 1, 1, 1, True
25.56035, -41.62346, -37.84001, 49.60465, 1, 1, 1, True
25.56451, -41.58018, -37.84, 49.64093, 1, 1, 1, True
25.58874, -41.58018, -37.84, 49.64093, 1, 1, 1, True
25.59661, -41.38425, -37.78348, 49.84729, 1, 1, 1, True
25.6003, -41.23095, -37.72693, 50.01687, 1, 1, 1, True
25.60447, -41.23095, -37.72693, 50.01687, 1, 1, 1, True
25.60853, -41.14359, -37.72693, 50.08875, 1, 1, 1, True
25.61228, -41.14359, -37.72693, 50.08875, 1, 1, 1, True
25.61649, -41.14359, -37.72693, 50.08875, 1, 1, 1, True
25.62038, -41.16448, -37.67036, 50.11417, 1, 1, 1, True
25.62432, -41.16448, -37.67036, 50.11417, 1, 1, 1, True
25.62847, -41.03315, -37.67036, 50.22176, 1, 1, 1, True
25.63237, -40.90153, -37.67036, 50.32901, 1, 1, 1, True
25.63641, -40.90153, -37.67036, 50.32901, 1, 1, 1, True
25.64042, -40.8576, -37.67035, 50.36469, 1, 1, 1, True
25.64418, -40.8576, -37.67035, 50.36469, 1, 1, 1, True
25.64852, -40.8576, -37.67034, 50.36469, 1, 1, 1, True
25.6524, -40.76962, -37.67034, 50.43594, 1, 1, 1, True
25.65645, -40.76962, -37.67034, 50.43594, 1, 1, 1, True
25.66031, -40.76962, -37.67034, 50.43594, 1, 1, 1, True
25.66441, -40.72562, -37.67034, 50.47147, 1, 1, 1, True
25.66852, -40.72562, -37.67034, 50.47147, 1, 1, 1, True
25.67239, -40.72562, -37.67034, 50.47147, 1, 1, 1, True
25.67646, -40.72562, -37.67034, 50.47147, 1, 1, 1, True
25.68036, -40.72562, -37.67034, 50.47147, 1, 1, 1, True
25.68442, -40.72562, -37.67034, 50.47147, 1, 1, 1, True
25.68848, -40.63745, -37.67034, 50.54249, 1, 1, 1, True
25.69244, -40.63745, -37.67034, 50.54249, 1, 1, 1, True
25.69629, -40.59335, -37.67034, 50.57791, 1, 1, 1, True
25.70044, -40.59335, -37.67034, 50.57791, 1, 1, 1, True
25.7044, -40.59335, -37.67034, 50.57791, 1, 1, 1, True
25.70841, -40.50499, -37.67034, 50.6487, 1, 1, 1, True
25.71252, -40.50499, -37.67034, 50.6487, 1, 1, 1, True
25.73666, -40.50499, -37.67034, 50.6487, 1, 1, 1, True
25.74075, -40.46081, -37.67034, 50.68401, 1, 1, 1, True
25.74447, -40.46083, -37.67034, 50.68399, 1, 1, 1, True
25.74842, -40.37229, -37.67034, 50.75454, 1, 1, 1, True
25.75251, -40.32801, -37.67034, 50.78973, 1, 1, 1, True
25.75649, -40.2837, -37.67034, 50.82489, 1, 1, 1, True
25.76062, -40.2837, -37.67034, 50.82489, 1, 1, 1, True
25.76426, -40.19493, -37.67034, 50.89511, 1, 1, 1, True
25.76852, -40.19496, -37.67034, 50.89509, 1, 1, 1, True
25.77244, -40.19496, -37.67034, 50.89509, 1, 1, 1, True
25.77643, -40.21532, -37.61373, 50.92088, 1, 1, 1, True
25.7804, -40.21532, -37.61373, 50.92088, 1, 1, 1, True
25.7844, -40.21532, -37.61373, 50.92088, 1, 1, 1, True
25.78851, -40.21532, -37.61373, 50.92088, 1, 1, 1, True
25.79245, -40.21532, -37.61373, 50.92088, 1, 1, 1, True
25.79648, -40.21532, -37.61373, 50.92088, 1, 1, 1, True
25.80036, -40.12637, -37.61373, 50.991, 1, 1, 1, True
25.80467, -40.12637, -37.61373, 50.991, 1, 1, 1, True
25.8084, -40.08189, -37.61372, 51.02598, 1, 1, 1, True
25.81237, -40.08191, -37.61373, 51.02596, 1, 1, 1, True
25.81632, -40.08191, -37.61373, 51.02596, 1, 1, 1, True
25.82049, -40.08191, -37.61373, 51.02596, 1, 1, 1, True
25.82441, -40.08191, -37.61373, 51.02596, 1, 1, 1, True
25.82842, -40.08191, -37.61373, 51.02596, 1, 1, 1, True
25.83235, -40.08191, -37.61373, 51.02596, 1, 1, 1, True
25.83649, -40.08191, -37.61373, 51.02596, 1, 1, 1, True
25.84048, -40.08191, -37.61373, 51.02596, 1, 1, 1, True
25.84426, -40.03737, -37.61372, 51.06091, 1, 1, 1, True
25.84848, -40.03737, -37.61372, 51.06091, 1, 1, 1, True
25.85253, -40.03737, -37.61372, 51.06091, 1, 1, 1, True
25.85655, -40.03737, -37.61372, 51.06091, 1, 1, 1, True
25.88091, -40.03737, -37.61372, 51.06091, 1, 1, 1, True
25.88905, -40.03737, -37.61372, 51.06091, 1, 1, 1, True
25.89227, -39.99279, -37.61372, 51.09583, 1, 1, 1, True
25.89632, -39.99279, -37.61372, 51.09583, 1, 1, 1, True
25.90038, -39.99279, -37.61372, 51.09583, 1, 1, 1, True
25.90447, -39.99279, -37.61372, 51.09583, 1, 1, 1, True
25.90847, -39.99279, -37.61372, 51.09583, 1, 1, 1, True
25.91248, -39.94822, -37.61372, 51.13069, 1, 1, 1, True
25.91624, -39.94822, -37.61372, 51.13069, 1, 1, 1, True
25.92051, -39.94822, -37.61372, 51.13069, 1, 1, 1, True
25.92432, -39.88338, -37.67033, 51.13963, 1, 1, 1, True
25.92831, -39.88338, -37.67033, 51.13963, 1, 1, 1, True
25.9324, -39.81854, -37.72692, 51.14845, 1, 1, 1, True
25.93641, -39.81854, -37.72692, 51.14845, 1, 1, 1, True
25.94046, -39.81853, -37.72693, 51.14845, 1, 1, 1, True
25.94424, -39.81853, -37.72693, 51.14845, 1, 1, 1, True
25.94844, -39.81853, -37.72693, 51.14845, 1, 1, 1, True
25.95247, -39.81853, -37.72693, 51.14845, 1, 1, 1, True
25.95645, -39.68878, -37.84, 51.16576, 1, 1, 1, True
25.96022, -39.68879, -37.84, 51.16576, 1, 1, 1, True
25.96446, -39.68879, -37.84, 51.16576, 1, 1, 1, True
25.96855, -39.64412, -37.84, 51.20037, 1, 1, 1, True
25.97222, -39.64413, -37.84, 51.20037, 1, 1, 1, True
25.97634, -39.64412, -37.84, 51.20037, 1, 1, 1, True
25.98038, -39.64413, -37.84, 51.20037, 1, 1, 1, True
25.9843, -39.64412, -37.84, 51.20037, 1, 1, 1, True
25.98857, -39.64413, -37.84, 51.20037, 1, 1, 1, True
25.99234, -39.64412, -37.84, 51.20037, 1, 1, 1, True
25.99641, -39.64413, -37.84, 51.20037, 1, 1, 1, True
26.00037, -39.62389, -37.8965, 51.17424, 1, 1, 1, True
26.00449, -39.62389, -37.8965, 51.17424, 1, 1, 1, True
26.0251, -39.62389, -37.8965, 51.17424, 1, 1, 1, True
26.02826, -39.57924, -37.8965, 51.20878, 1, 1, 1, True
26.03258, -39.57924, -37.8965, 51.20878, 1, 1, 1, True
26.03646, -39.57924, -37.8965, 51.20878, 1, 1, 1, True
26.04041, -39.57924, -37.8965, 51.20878, 1, 1, 1, True
26.04432, -39.57924, -37.8965, 51.20878, 1, 1, 1, True
26.04853, -39.57924, -37.8965, 51.20878, 1, 1, 1, True
26.05255, -39.57924, -37.8965, 51.20878, 1, 1, 1, True
26.05655, -39.55901, -37.95296, 51.18259, 1, 1, 1, True
26.06064, -39.55901, -37.95296, 51.18259, 1, 1, 1, True
26.0647, -39.55901, -37.95296, 51.18259, 1, 1, 1, True
26.06841, -39.51433, -37.95296, 51.21709, 1, 1, 1, True
26.07251, -39.51433, -37.95296, 51.21709, 1, 1, 1, True
26.07648, -39.51433, -37.95296, 51.21709, 1, 1, 1, True
26.08046, -39.4494, -38.00939, 51.2253, 1, 1, 1, True
26.08442, -39.4494, -38.00939, 51.2253, 1, 1, 1, True
26.08844, -39.4494, -38.00938, 51.2253, 1, 1, 1, True
26.09239, -39.4494, -38.00938, 51.2253, 1, 1, 1, True
26.0963, -39.4494, -38.00938, 51.2253, 1, 1, 1, True
26.10056, -39.4494, -38.00938, 51.2253, 1, 1, 1, True
26.10436, -39.4494, -38.00938, 51.2253, 1, 1, 1, True
26.10858, -39.4494, -38.00938, 51.2253, 1, 1, 1, True
26.11234, -39.33974, -38.0658, 51.26773, 1, 1, 1, True
26.11631, -39.33974, -38.0658, 51.26773, 1, 1, 1, True
26.12056, -39.33974, -38.0658, 51.26773, 1, 1, 1, True
26.1243, -39.29498, -38.0658, 51.30204, 1, 1, 1, True
26.12848, -39.29498, -38.0658, 51.30204, 1, 1, 1, True
26.13245, -39.29498, -38.0658, 51.30204, 1, 1, 1, True
26.13639, -39.23003, -38.12218, 51.30988, 1, 1, 1, True
26.14047, -39.23003, -38.12218, 51.30988, 1, 1, 1, True
26.14449, -39.23003, -38.12218, 51.30988, 1, 1, 1, True
26.16521, -39.23003, -38.12218, 51.30988, 1, 1, 1, True
26.16841, -39.18524, -38.12218, 51.3441, 1, 1, 1, True
26.1724, -39.09555, -38.12218, 51.41242, 1, 1, 1, True
26.17653, -39.09555, -38.12218, 51.41242, 1, 1, 1, True
26.18038, -39.09555, -38.12218, 51.41242, 1, 1, 1, True
26.18449, -39.09555, -38.12218, 51.41242, 1, 1, 1, True
26.18859, -39.09555, -38.12218, 51.41242, 1, 1, 1, True
26.19245, -39.0507, -38.12218, 51.4465, 1, 1, 1, True
26.19636, -39.0507, -38.12218, 51.4465, 1, 1, 1, True
26.20052, -39.0507, -38.12218, 51.4465, 1, 1, 1, True
26.20436, -39.00579, -38.12218, 51.48056, 1, 1, 1, True
26.20849, -39.00579, -38.12218, 51.48056, 1, 1, 1, True
26.21243, -39.00579, -38.12218, 51.48056, 1, 1, 1, True
26.21638, -39.00579, -38.12218, 51.48056, 1, 1, 1, True
26.22039, -39.00579, -38.12218, 51.48056, 1, 1, 1, True
26.22452, -38.96086, -38.12218, 51.51457, 1, 1, 1, True
26.22821, -38.91591, -38.12218, 51.54853, 1, 1, 1, True
26.23252, -38.91591, -38.12218, 51.54853, 1, 1, 1, True
26.2364, -38.87091, -38.12218, 51.58247, 1, 1, 1, True
26.24047, -38.87091, -38.12218, 51.58247, 1, 1, 1, True
26.24432, -38.87091, -38.12218, 51.58247, 1, 1, 1, True
26.24841, -38.87091, -38.12218, 51.58247, 1, 1, 1, True
26.25248, -38.87091, -38.12218, 51.58247, 1, 1, 1, True
26.25638, -38.87091, -38.12218, 51.58247, 1, 1, 1, True
26.26062, -38.84587, -38.06581, 51.64294, 1, 1, 1, True
26.26429, -38.84587, -38.06581, 51.64294, 1, 1, 1, True
26.26855, -38.84587, -38.06581, 51.64294, 1, 1, 1, True
26.27239, -38.84587, -38.06581, 51.64294, 1, 1, 1, True
26.27632, -38.84587, -38.06581, 51.64294, 1, 1, 1, True
26.28051, -38.84587, -38.06581, 51.64294, 1, 1, 1, True
26.28443, -38.80081, -38.0658, 51.6768, 1, 1, 1, True
26.30512, -38.80081, -38.0658, 51.6768, 1, 1, 1, True
26.30835, -38.82075, -38.00939, 51.70334, 1, 1, 1, True
26.31247, -38.82075, -38.00939, 51.70335, 1, 1, 1, True
26.32096, -38.82075, -38.00939, 51.70335, 1, 1, 1, True
26.32867, -38.82075, -38.00939, 51.70335, 1, 1, 1, True
26.33752, -38.77562, -38.00939, 51.7372, 1, 1, 1, True
26.34448, -38.7955, -37.95295, 51.76372, 1, 1, 1, True
26.34829, -38.7955, -37.95295, 51.76372, 1, 1, 1, True
26.35243, -38.7955, -37.95295, 51.76372, 1, 1, 1, True
26.35643, -38.7955, -37.95295, 51.76372, 1, 1, 1, True
26.3606, -38.7955, -37.95295, 51.76372, 1, 1, 1, True
26.3643, -38.7955, -37.95295, 51.76372, 1, 1, 1, True
26.36842, -38.7955, -37.95295, 51.76372, 1, 1, 1, True
26.37423, -38.7955, -37.95295, 51.76372, 1, 1, 1, True
26.47423, -38.7955, -37.95295, 51.76372, 1, 1, 1, True
26.4812, -38.7955, -37.95295, 51.76372, 1, 1, 1, True
26.48923, -38.7955, -37.95295, 51.76372, 1, 1, 1, True
26.49741, -38.7955, -37.95295, 51.76372, 1, 1, 1, True
26.50519, -38.7955, -37.95295, 51.76372, 1, 1, 1, True
26.5132, -38.7955, -37.95295, 51.76372, 1, 1, 1, True
26.52122, -38.7955, -37.95295, 51.76372, 1, 1, 1, True
26.52923, -38.7955, -37.95295, 51.76372, 1, 1, 1, True
26.53716, -38.7955, -37.95295, 51.76372, 1, 1, 1, True
26.54493, -38.7955, -37.95295, 51.76372, 1, 1, 1, True
26.55319, -38.7955, -37.95295, 51.76372, 1, 1, 1, True
26.56133, -38.7955, -37.95295, 51.76372, 1, 1, 1, True
26.56891, -38.7955, -37.95295, 51.76372, 1, 1, 1, True
26.57694, -38.7955, -37.95295, 51.76372, 1, 1, 1, True
26.58529, -38.7955, -37.95295, 51.76372, 1, 1, 1, True
26.59326, -38.7955, -37.95295, 51.76372, 1, 1, 1, True
26.6011, -38.7955, -37.95295, 51.76372, 1, 1, 1, True
26.62498, -38.7955, -37.95295, 51.76372, 1, 1, 1, True
26.63381, -38.7955, -37.95295, 51.76372, 1, 1, 1, True
26.64121, -38.7955, -37.95295, 51.76372, 1, 1, 1, True
26.64958, -38.7955, -37.95295, 51.76372, 1, 1, 1, True
26.65797, -38.7955, -37.95295, 51.76372, 1, 1, 1, True
26.66491, -38.7955, -37.95295, 51.76372, 1, 1, 1, True
26.67373, -38.7955, -37.95295, 51.76372, 1, 1, 1, True
26.68195, -38.7955, -37.95295, 51.76372, 1, 1, 1, True
26.68981, -38.7955, -37.95295, 51.76372, 1, 1, 1, True
26.69739, -38.7955, -37.95295, 51.76372, 1, 1, 1, True
26.70586, -38.7955, -37.95295, 51.76372, 1, 1, 1, True
26.71388, -38.7955, -37.95295, 51.76372, 1, 1, 1, True
26.72095, -38.7955, -37.95295, 51.76372, 1, 1, 1, True
26.73029, -38.7955, -37.95295, 51.76372, 1, 1, 1, True
26.73783, -38.7955, -37.95295, 51.76372, 1, 1, 1, True
26.74593, -38.7955, -37.95295, 51.76372, 1, 1, 1, True
26.75319, -38.7955, -37.95295, 51.76372, 1, 1, 1, True
26.76221, -38.7955, -37.95295, 51.76372, 1, 1, 1, True
26.76973, -38.7955, -37.95295, 51.76372, 1, 1, 1, True
26.7769, -38.7955, -37.95295, 51.76372, 1, 1, 1, True
26.78121, -38.7955, -37.95295, 51.76372, 1, 1, 1, True
26.78976, -38.7955, -37.95295, 51.76372, 1, 1, 1, True
26.79789, -38.7955, -37.95295, 51.76372, 1, 1, 1, True
26.80592, -38.7955, -37.95295, 51.76372, 1, 1, 1, True
26.81382, -38.7955, -37.95295, 51.76372, 1, 1, 1, True
26.82127, -38.7955, -37.95295, 51.76372, 1, 1, 1, True
26.83017, -38.7955, -37.95295, 51.76372, 1, 1, 1, True
26.83777, -38.7955, -37.95295, 51.76372, 1, 1, 1, True
26.84505, -38.7955, -37.95295, 51.76372, 1, 1, 1, True
26.85394, -38.7955, -37.95295, 51.76372, 1, 1, 1, True
26.86197, -38.7955, -37.95295, 51.76372, 1, 1, 1, True
26.88527, -38.7955, -37.95295, 51.76372, 1, 1, 1, True
26.89317, -38.7955, -37.95295, 51.76372, 1, 1, 1, True
26.90091, -38.7955, -37.95295, 51.76372, 1, 1, 1, True
26.909, -38.7955, -37.95295, 51.76372, 1, 1, 1, True
27.009, -41.81804, -37.78347, 49.48395, 1, 1, 1, True
27.01653, -41.81804, -37.78347, 49.48395, 1, 1, 1, True
27.02453, -41.81804, -37.78347, 49.48395, 1, 1, 1, True
27.02787, -41.81804, -37.78347, 49.48395, 1, 1, 1, True
27.03193, -41.81804, -37.78347, 49.48395, 1, 1, 1, True
27.03607, -41.81804, -37.78347, 49.48395, 1, 1, 1, True
27.03997, -41.62383, -37.84, 49.60435, 1, 1, 1, True
27.04405, -41.62382, -37.84, 49.60436, 1, 1, 1, True
27.04791, -41.62383, -37.84, 49.60435, 1, 1, 1, True
27.052, -41.23549, -38.0658, 49.7557, 1, 1, 1, True
27.05605, -41.23549, -38.0658, 49.7557, 1, 1, 1, True
27.06004, -41.23549, -38.0658, 49.7557, 1, 1, 1, True
27.06391, -40.69447, -38.34742, 49.98436, 1, 1, 1, True
27.06795, -40.69447, -38.34742, 49.98435, 1, 1, 1, True
27.07211, -40.69447, -38.34742, 49.98436, 1, 1, 1, True
27.07591, -40.21667, -38.57218, 50.19767, 1, 1, 1, True
27.0801, -40.21667, -38.57218, 50.19767, 1, 1, 1, True
27.08398, -39.1922, -39.07616, 50.61646, 1, 1, 1, True
27.08806, -38.16254, -39.57773, 51.01199, 1, 1, 1, True
27.09209, -38.16254, -39.57773, 51.01199, 1, 1, 1, True
27.09616, -35.47144, -40.90323, 51.90089, 1, 1, 1, True
27.09995, -35.47144, -40.90323, 51.90089, 1, 1, 1, True
27.1042, -35.47144, -40.90323, 51.90089, 1, 1, 1, True
27.10804, -31.56207, -42.85767, 52.83991, 1, 1, 1, True
27.11211, -31.56207, -42.85767, 52.8399, 1, 1, 1, True
27.11599, -31.56207, -42.85768, 52.8399, 1, 1, 1, True
27.1202, -27.30432, -45.08426, 53.35619, 1, 1, 1, True
27.14044, -27.30432, -45.08426, 53.35619, 1, 1, 1, True
27.14383, -18.85777, -49.64786, 52.95729, 1, 1, 1, True
27.14805, -18.85777, -49.64786, 52.95729, 1, 1, 1, True
27.15206, -13.33749, -52.61523, 51.75663, 1, 1, 1, True
27.15616, -13.33749, -52.61525, 51.75662, 1, 1, 1, True
27.16047, -13.33749, -52.61525, 51.75661, 1, 1, 1, True
27.1642, -8.27599, -55.29618, 49.9884, 1, 1, 1, True
27.16813, -3.622667, -57.83055, 47.61832, 1, 1, 1, True
27.17221, -3.622666, -57.83055, 47.61831, 1, 1, 1, True
27.1928, 0.5074696, -60.17261, 44.76606, 1, 1, 1, True
27.2173, 2.591535, -61.39917, 42.99332, 1, 1, 1, True
27.24058, 10.32567, -68.00097, 29.904, 1, 1, 1, True
27.26058, 11.29367, -69.90081, 24.7251, 1, 1, 1, True
27.26409, 11.52087, -70.69833, 22.22651, 1, 1, 1, True
27.26812, 11.53694, -71.12448, 20.81364, 1, 1, 1, True
27.27218, 11.53694, -71.12448, 20.81363, 1, 1, 1, True
27.27608, 11.51679, -71.2481, 20.39781, 1, 1, 1, True
27.28, 11.5168, -71.24811, 20.39781, 1, 1, 1, True
27.28416, 11.5168, -71.24811, 20.3978, 1, 1, 1, True
27.28809, 11.49103, -71.28889, 20.26946, 1, 1, 1, True
27.29208, 11.49103, -71.28889, 20.26945, 1, 1, 1, True
27.29624, 11.49101, -71.2889, 20.26942, 1, 1, 1, True
27.30006, 11.49101, -71.28889, 20.26942, 1, 1, 1, True
27.30394, 11.49101, -71.2889, 20.26942, 1, 1, 1, True
27.30814, 11.49101, -71.28889, 20.26942, 1, 1, 1, True
27.31215, 11.46032, -71.3092, 20.21529, 1, 1, 1, True
27.31606, 11.46032, -71.3092, 20.21529, 1, 1, 1, True
27.3202, 11.46032, -71.3092, 20.21529, 1, 1, 1, True
27.32405, 11.34625, -71.34966, 20.13677, 1, 1, 1, True
27.32816, 11.34624, -71.34966, 20.13676, 1, 1, 1, True
27.33202, 11.2151, -71.38989, 20.0675, 1, 1, 1, True
27.35323, 11.21511, -71.38988, 20.0675, 1, 1, 1, True
27.37617, 10.94977, -71.44983, 20.00061, 1, 1, 1, True
27.39678, 10.75075, -71.48952, 19.96673, 1, 1, 1, True
27.39995, 10.61108, -71.48952, 20.04129, 1, 1, 1, True
27.40426, 10.61108, -71.48953, 20.04128, 1, 1, 1, True
27.40812, 10.61107, -71.48954, 20.04126, 1, 1, 1, True
27.41207, 10.49969, -71.46972, 20.17017, 1, 1, 1, True
27.41613, 10.49969, -71.46973, 20.17016, 1, 1, 1, True
27.42024, 10.49968, -71.46973, 20.17014, 1, 1, 1, True
27.42408, 10.38701, -71.44987, 20.29845, 1, 1, 1, True
27.42795, 10.38699, -71.44988, 20.29841, 1, 1, 1, True
27.43203, 10.38697, -71.44989, 20.29838, 1, 1, 1, True
27.43606, 10.19165, -71.44989, 20.39714, 1, 1, 1, True
27.43985, 10.19165, -71.44989, 20.39714, 1, 1, 1, True
27.44426, 10.05857, -71.42997, 20.53254, 1, 1, 1, True
27.44785, 9.923964, -71.41, 20.66708, 1, 1, 1, True
27.4522, 9.92395, -71.41, 20.66706, 1, 1, 1, True
27.45609, 9.797516, -71.41, 20.72729, 1, 1, 1, True
27.46007, 9.797506, -71.41001, 20.72727, 1, 1, 1, True
27.46405, 9.797503, -71.41001, 20.72726, 1, 1, 1, True
27.46808, 9.522196, -71.36989, 20.99206, 1, 1, 1, True
27.47213, 9.522199, -71.36989, 20.99206, 1, 1, 1, True
27.47622, 9.522201, -71.3699, 20.99206, 1, 1, 1, True
27.47986, 9.390105, -71.26864, 21.39176, 1, 1, 1, True
27.48416, 9.390107, -71.26864, 21.39175, 1, 1, 1, True
27.48821, 9.39011, -71.26864, 21.39175, 1, 1, 1, True
27.49208, 9.254679, -71.14533, 21.85618, 1, 1, 1, True
27.49691, 9.254679, -71.14533, 21.85618, 1, 1, 1, True
27.50027, 9.135662, -70.9779, 22.44276, 1, 1, 1, True
27.50399, 9.001607, -70.807, 23.0291, 1, 1, 1, True
27.50831, 9.001611, -70.807, 23.02911, 1, 1, 1, True
27.52962, 8.910177, -70.69845, 23.39527, 1, 1, 1, True
27.53642, 8.772582, -70.52196, 23.97282, 1, 1, 1, True
27.53988, 8.687414, -70.40991, 24.33052, 1, 1, 1, True
27.54417, 8.687407, -70.40991, 24.3305, 1, 1, 1, True
27.56449, 8.505461, -70.22783, 24.91402, 1, 1, 1, True
27.56808, 8.384114, -70.1123, 25.27791, 1, 1, 1, True
27.57208, 8.181868, -69.9483, 25.79325, 1, 1, 1, True
27.5761, 8.181868, -69.9483, 25.79325, 1, 1, 1, True
27.57989, 8.09177, -69.82957, 26.14106, 1, 1, 1, True
27.5841, 8.09177, -69.82957, 26.14106, 1, 1, 1, True
27.58811, 8.091773, -69.82956, 26.14106, 1, 1, 1, True
27.59209, 7.99148, -69.68533, 26.55358, 1, 1, 1, True
27.59606, 7.991475, -69.68533, 26.55357, 1, 1, 1, True
27.60036, 7.99147, -69.68533, 26.55355, 1, 1, 1, True
27.60426, 7.933363, -69.63683, 26.69783, 1, 1, 1, True
27.608, 7.874312, -69.58813, 26.84191, 1, 1, 1, True
27.61206, 7.874307, -69.58813, 26.84189, 1, 1, 1, True
27.61616, 7.891404, -69.56368, 26.90018, 1, 1, 1, True
27.62011, 7.891401, -69.56368, 26.90018, 1, 1, 1, True
27.62404, 7.895376, -69.49005, 27.08867, 1, 1, 1, True
27.62811, 7.895375, -69.49005, 27.08867, 1, 1, 1, True
27.63201, 7.895375, -69.49005, 27.08867, 1, 1, 1, True
27.63613, 7.922461, -69.41595, 27.27015, 1, 1, 1, True
27.64006, 7.922456, -69.41595, 27.27014, 1, 1, 1, True
27.64408, 7.922456, -69.41595, 27.27014, 1, 1, 1, True
27.66476, 7.932344, -69.36629, 27.39338, 1, 1, 1, True
27.66805, 7.958764, -69.29139, 27.57465, 1, 1, 1, True
27.67208, 7.95876, -69.2914, 27.57463, 1, 1, 1, True
27.67598, 7.958761, -69.2914, 27.57465, 1, 1, 1, True
27.68002, 7.975521, -69.26633, 27.63272, 1, 1, 1, True
27.68418, 7.992274, -69.24122, 27.69076, 1, 1, 1, True
27.70841, 7.992269, -69.24123, 27.69074, 1, 1, 1, True
27.71622, 8.009016, -69.21604, 27.74877, 1, 1, 1, True
27.72426, 8.00902, -69.21604, 27.74878, 1, 1, 1, True
27.73634, 8.009025, -69.21603, 27.74879, 1, 1, 1, True
27.74002, 8.009025, -69.21604, 27.74879, 1, 1, 1, True
27.74424, 8.009019, -69.21606, 27.74877, 1, 1, 1, True
27.74807, 8.009012, -69.21606, 27.74876, 1, 1, 1, True
27.75198, 8.00901, -69.21606, 27.74875, 1, 1, 1, True
27.7562, 8.009004, -69.21606, 27.74873, 1, 1, 1, True
27.76012, 8.009004, -69.21606, 27.74873, 1, 1, 1, True
27.76394, 8.009004, -69.21606, 27.74873, 1, 1, 1, True
27.76826, 8.009004, -69.21606, 27.74873, 1, 1, 1, True
27.77211, 8.009004, -69.21606, 27.74873, 1, 1, 1, True
27.77609, 8.009004, -69.21606, 27.74873, 1, 1, 1, True
27.77989, 8.009004, -69.21606, 27.74873, 1, 1, 1, True
27.78411, 8.009004, -69.21606, 27.74873, 1, 1, 1, True
27.78791, 8.009004, -69.21606, 27.74873, 1, 1, 1, True
27.79223, 8.009004, -69.21606, 27.74873, 1, 1, 1, True
27.79602, 8.025754, -69.19083, 27.80676, 1, 1, 1, True
27.79994, 8.025752, -69.19084, 27.80675, 1, 1, 1, True
27.8042, 8.025746, -69.19086, 27.80673, 1, 1, 1, True
27.80792, 8.025738, -69.19086, 27.8067, 1, 1, 1, True
27.81205, 8.025732, -69.19086, 27.80669, 1, 1, 1, True
27.81603, 8.025731, -69.19086, 27.80669, 1, 1, 1, True
27.82014, 8.025731, -69.19086, 27.80669, 1, 1, 1, True
27.8241, 8.025731, -69.19086, 27.80669, 1, 1, 1, True
27.82812, 8.025731, -69.19086, 27.80669, 1, 1, 1, True
27.83193, 8.025731, -69.19086, 27.80669, 1, 1, 1, True
27.83611, 8.025731, -69.19086, 27.80669, 1, 1, 1, True
27.84001, 8.025731, -69.19086, 27.80669, 1, 1, 1, True
27.84409, 8.025731, -69.19086, 27.80669, 1, 1, 1, True
27.86418, 8.025731, -69.19086, 27.80669, 1, 1, 1, True
27.86799, 8.025731, -69.19086, 27.80669, 1, 1, 1, True
27.87212, 8.025731, -69.19086, 27.80669, 1, 1, 1, True
27.87596, 8.025731, -69.19086, 27.80669, 1, 1, 1, True
27.88, 8.025731, -69.19086, 27.80669, 1, 1, 1, True
27.88408, 8.025731, -69.19086, 27.80669, 1, 1, 1, True
27.88812, 8.025731, -69.19086, 27.80669, 1, 1, 1, True
27.89222, 8.025731, -69.19086, 27.80669, 1, 1, 1, True
27.89617, 8.042473, -69.16559, 27.86469, 1, 1, 1, True
27.90011, 8.042468, -69.1656, 27.86467, 1, 1, 1, True
27.90407, 8.042465, -69.1656, 27.86465, 1, 1, 1, True
27.9081, 8.042458, -69.16561, 27.86463, 1, 1, 1, True
27.91195, 8.042454, -69.16561, 27.86462, 1, 1, 1, True
27.91613, 8.042448, -69.16563, 27.8646, 1, 1, 1, True
27.92012, 8.042443, -69.16563, 27.86459, 1, 1, 1, True
27.92421, 8.042439, -69.16564, 27.86456, 1, 1, 1, True
27.92809, 8.059177, -69.1403, 27.92256, 1, 1, 1, True
27.93189, 8.059172, -69.1403, 27.92255, 1, 1, 1, True
27.93612, 8.059169, -69.1403, 27.92254, 1, 1, 1, True
27.94006, 8.059171, -69.1403, 27.92254, 1, 1, 1, True
27.94398, 8.059172, -69.1403, 27.92254, 1, 1, 1, True
27.94806, 8.059172, -69.1403, 27.92254, 1, 1, 1, True
27.95207, 8.059172, -69.1403, 27.92254, 1, 1, 1, True
27.95588, 8.059172, -69.1403, 27.92254, 1, 1, 1, True
27.96014, 8.059172, -69.1403, 27.92254, 1, 1, 1, True
27.96393, 8.059172, -69.1403, 27.92254, 1, 1, 1, True
27.96814, 8.059172, -69.1403, 27.92254, 1, 1, 1, True
27.9721, 8.059172, -69.1403, 27.92254, 1, 1, 1, True
27.9761, 8.059172, -69.1403, 27.92254, 1, 1, 1, True
27.97994, 8.059172, -69.1403, 27.92254, 1, 1, 1, True
27.98408, 8.059172, -69.1403, 27.92254, 1, 1, 1, True
28.00423, 8.059172, -69.1403, 27.92254, 1, 1, 1, True
28.10423, 8.059172, -69.1403, 27.92254, 1, 1, 1, True
28.13184, 8.059172, -69.1403, 27.92254, 1, 1, 1, True
28.13487, 8.059172, -69.1403, 27.92254, 1, 1, 1, True
28.13881, 8.059172, -69.1403, 27.92254, 1, 1, 1, True
28.14282, 8.059172, -69.1403, 27.92254, 1, 1, 1, True
28.1466, 8.059172, -69.1403, 27.92254, 1, 1, 1, True
28.15083, 8.059172, -69.1403, 27.92254, 1, 1, 1, True
28.15464, 8.059172, -69.1403, 27.92254, 1, 1, 1, True
28.15857, 8.059172, -69.1403, 27.92254, 1, 1, 1, True
28.16279, 8.059172, -69.1403, 27.92254, 1, 1, 1, True
28.16672, 8.059172, -69.1403, 27.92254, 1, 1, 1, True
28.17072, 8.059172, -69.1403, 27.92254, 1, 1, 1, True
28.17479, 8.059172, -69.1403, 27.92254, 1, 1, 1, True
28.17878, 8.059172, -69.1403, 27.92254, 1, 1, 1, True
28.18289, 8.059172, -69.1403, 27.92254, 1, 1, 1, True
28.18666, 8.059172, -69.1403, 27.92254, 1, 1, 1, True
28.19078, 8.059172, -69.1403, 27.92254, 1, 1, 1, True
28.19475, 8.059172, -69.1403, 27.92254, 1, 1, 1, True
28.19864, 8.059172, -69.1403, 27.92254, 1, 1, 1, True
28.20282, 8.059172, -69.1403, 27.92254, 1, 1, 1, True
28.20659, 8.059172, -69.1403, 27.92254, 1, 1, 1, True
28.21072, 8.059172, -69.1403, 27.92254, 1, 1, 1, True
28.21476, 8.059172, -69.1403, 27.92254, 1, 1, 1, True
28.21873, 8.059172, -69.1403, 27.92254, 1, 1, 1, True
28.22277, 8.059172, -69.1403, 27.92254, 1, 1, 1, True
28.22662, 8.059172, -69.1403, 27.92254, 1, 1, 1, True
28.23079, 8.059172, -69.1403, 27.92254, 1, 1, 1, True
28.23465, 8.059172, -69.1403, 27.92254, 1, 1, 1, True
28.23875, 8.059172, -69.1403, 27.92254, 1, 1, 1, True
28.24281, 8.059172, -69.1403, 27.92254, 1, 1, 1, True
28.26303, 8.059172, -69.1403, 27.92254, 1, 1, 1, True
28.26663, 8.059172, -69.1403, 27.92254, 1, 1, 1, True
28.27072, 8.059172, -69.1403, 27.92254, 1, 1, 1, True
28.27466, 8.059172, -69.1403, 27.92254, 1, 1, 1, True
28.27876, 8.059172, -69.1403, 27.92254, 1, 1, 1, True
28.28275, 8.059172, -69.1403, 27.92254, 1, 1, 1, True
28.28679, 8.059172, -69.1403, 27.92254, 1, 1, 1, True
28.29071, 8.059172, -69.1403, 27.92254, 1, 1, 1, True
28.29471, 8.059172, -69.1403, 27.92254, 1, 1, 1, True
28.29881, 8.059172, -69.1403, 27.92254, 1, 1, 1, True
28.30273, 8.059172, -69.1403, 27.92254, 1, 1, 1, True
28.30659, 8.059172, -69.1403, 27.92254, 1, 1, 1, True
28.31074, 8.059172, -69.1403, 27.92254, 1, 1, 1, True
28.31478, 8.059172, -69.1403, 27.92254, 1, 1, 1, True
28.31864, 8.059172, -69.1403, 27.92254, 1, 1, 1, True
28.32283, 8.059172, -69.1403, 27.92254, 1, 1, 1, True
28.32659, 8.059172, -69.1403, 27.92254, 1, 1, 1, True
28.33074, 8.059172, -69.1403, 27.92254, 1, 1, 1, True
28.33474, 8.059172, -69.1403, 27.92254, 1, 1, 1, True
28.33873, 8.059172, -69.1403, 27.92254, 1, 1, 1, True
28.34266, 8.059172, -69.1403, 27.92254, 1, 1, 1, True
28.34672, 8.059172, -69.1403, 27.92254, 1, 1, 1, True
28.3507, 8.059172, -69.1403, 27.92254, 1, 1, 1, True
28.35475, 8.059172, -69.1403, 27.92254, 1, 1, 1, True
28.35849, 8.059172, -69.1403, 27.92254, 1, 1, 1, True
28.36268, 8.059172, -69.1403, 27.92254, 1, 1, 1, True
28.36674, 8.059172, -69.1403, 27.92254, 1, 1, 1, True
28.37073, 8.059172, -69.1403, 27.92254, 1, 1, 1, True
28.37468, 8.059172, -69.1403, 27.92254, 1, 1, 1, True
28.37868, 8.059172, -69.1403, 27.92254, 1, 1, 1, True
28.38327, 8.059172, -69.1403, 27.92254, 1, 1, 1, True
28.40741, 8.059172, -69.1403, 27.92254, 1, 1, 1, True
28.41552, 8.059172, -69.1403, 27.92254, 1, 1, 1, True
28.41854, 8.059172, -69.1403, 27.92254, 1, 1, 1, True
28.42285, 8.059172, -69.1403, 27.92254, 1, 1, 1, True
28.42674, 8.059172, -69.1403, 27.92254, 1, 1, 1, True
28.43118, 8.059172, -69.1403, 27.92254, 1, 1, 1, True
28.4345, 8.059172, -69.1403, 27.92254, 1, 1, 1, True
28.43918, 8.059172, -69.1403, 27.92254, 1, 1, 1, True
28.44255, 8.059172, -69.1403, 27.92254, 1, 1, 1, True
28.44713, 8.059172, -69.1403, 27.92254, 1, 1, 1, True
28.45062, 8.059172, -69.1403, 27.92254, 1, 1, 1, True
28.45479, 8.059172, -69.1403, 27.92254, 1, 1, 1, True
28.4589, 8.059172, -69.1403, 27.92254, 1, 1, 1, True
28.46267, 8.059172, -69.1403, 27.92254, 1, 1, 1, True
28.46665, 8.059172, -69.1403, 27.92254, 1, 1, 1, True
28.47118, 8.059172, -69.1403, 27.92254, 1, 1, 1, True
28.47455, 8.059172, -69.1403, 27.92254, 1, 1, 1, True
28.4788, 8.059172, -69.1403, 27.92254, 1, 1, 1, True
28.48289, 8.059172, -69.1403, 27.92254, 1, 1, 1, True
28.4867, 8.059172, -69.1403, 27.92254, 1, 1, 1, True
28.49076, 8.059172, -69.1403, 27.92254, 1, 1, 1, True
28.49501, 8.059172, -69.1403, 27.92254, 1, 1, 1, True
28.49867, 8.059172, -69.1403, 27.92254, 1, 1, 1, True
28.5026, 8.059172, -69.1403, 27.92254, 1, 1, 1, True
28.50698, 8.059172, -69.1403, 27.92254, 1, 1, 1, True
28.51062, 8.059172, -69.1403, 27.92254, 1, 1, 1, True
28.51499, 8.059172, -69.1403, 27.92254, 1, 1, 1, True
28.51866, 8.059172, -69.1403, 27.92254, 1, 1, 1, True
28.52277, 8.059172, -69.1403, 27.92254, 1, 1, 1, True
28.52669, 8.059172, -69.1403, 27.92254, 1, 1, 1, True
28.53122, 8.059172, -69.1403, 27.92254, 1, 1, 1, True
28.55526, 8.059172, -69.1403, 27.92254, 1, 1, 1, True
28.55888, 8.059172, -69.1403, 27.92254, 1, 1, 1, True
28.56291, 8.059172, -69.1403, 27.92254, 1, 1, 1, True
28.56664, 8.059172, -69.1403, 27.92254, 1, 1, 1, True
28.57109, 8.059172, -69.1403, 27.92254, 1, 1, 1, True
28.57463, 8.059172, -69.1403, 27.92254, 1, 1, 1, True
28.57872, 8.059172, -69.1403, 27.92254, 1, 1, 1, True
28.58307, 8.059172, -69.1403, 27.92254, 1, 1, 1, True
28.58659, 8.059172, -69.1403, 27.92254, 1, 1, 1, True
28.59076, 8.059172, -69.1403, 27.92254, 1, 1, 1, True
28.59503, 8.059172, -69.1403, 27.92254, 1, 1, 1, True
28.59866, 8.059172, -69.1403, 27.92254, 1, 1, 1, True
28.60278, 8.059172, -69.1403, 27.92254, 1, 1, 1, True
28.60684, 8.059172, -69.1403, 27.92254, 1, 1, 1, True
28.61069, 8.059172, -69.1403, 27.92254, 1, 1, 1, True
28.61459, 8.059172, -69.1403, 27.92254, 1, 1, 1, True
28.61893, 8.059172, -69.1403, 27.92254, 1, 1, 1, True
28.62275, 8.059172, -69.1403, 27.92254, 1, 1, 1, True
28.62663, 8.059172, -69.1403, 27.92254, 1, 1, 1, True
28.63116, 8.059172, -69.1403, 27.92254, 1, 1, 1, True
28.63454, 8.059172, -69.1403, 27.92254, 1, 1, 1, True
28.63919, 8.059172, -69.1403, 27.92254, 1, 1, 1, True
28.64259, 8.059172, -69.1403, 27.92254, 1, 1, 1, True
28.64674, 8.059172, -69.1403, 27.92254, 1, 1, 1, True
28.65138, 8.059172, -69.1403, 27.92254, 1, 1, 1, True
28.65454, 8.059172, -69.1403, 27.92254, 1, 1, 1, True
28.65847, 8.059172, -69.1403, 27.92254, 1, 1, 1, True
28.66301, 8.059172, -69.1403, 27.92254, 1, 1, 1, True
28.66663, 8.059172, -69.1403, 27.92254, 1, 1, 1, True
28.67076, 8.059172, -69.1403, 27.92254, 1, 1, 1, True
28.67505, 8.059172, -69.1403, 27.92254, 1, 1, 1, True
28.69536, 8.059172, -69.1403, 27.92254, 1, 1, 1, True
28.69897, 8.059172, -69.1403, 27.92254, 1, 1, 1, True
28.70263, 8.059172, -69.1403, 27.92254, 1, 1, 1, True
28.70658, 8.059172, -69.1403, 27.92254, 1, 1, 1, True
28.71078, 8.059172, -69.1403, 27.92254, 1, 1, 1, True
28.71473, 8.059172, -69.1403, 27.92254, 1, 1, 1, True
28.71881, 8.059172, -69.1403, 27.92254, 1, 1, 1, True
28.72273, 8.059172, -69.1403, 27.92254, 1, 1, 1, True
28.72667, 8.059172, -69.1403, 27.92254, 1, 1, 1, True
28.73071, 8.059172, -69.1403, 27.92254, 1, 1, 1, True
28.73472, 8.059172, -69.1403, 27.92254, 1, 1, 1, True
28.73874, 8.059172, -69.1403, 27.92254, 1, 1, 1, True
28.74281, 8.059172, -69.1403, 27.92254, 1, 1, 1, True
28.74667, 8.059172, -69.1403, 27.92254, 1, 1, 1, True
28.7507, 8.059172, -69.1403, 27.92254, 1, 1, 1, True
28.75473, 8.059172, -69.1403, 27.92254, 1, 1, 1, True
28.75852, 8.059172, -69.1403, 27.92254, 1, 1, 1, True
28.76273, 8.059172, -69.1403, 27.92254, 1, 1, 1, True
28.76664, 8.059172, -69.1403, 27.92254, 1, 1, 1, True
28.77072, 8.059172, -69.1403, 27.92254, 1, 1, 1, True
28.77501, 8.059172, -69.1403, 27.92254, 1, 1, 1, True
28.77861, 8.059172, -69.1403, 27.92254, 1, 1, 1, True
28.78284, 8.059172, -69.1403, 27.92254, 1, 1, 1, True
28.78698, 8.059172, -69.1403, 27.92254, 1, 1, 1, True
28.79067, 8.059172, -69.1403, 27.92254, 1, 1, 1, True
28.79451, 8.059172, -69.1403, 27.92254, 1, 1, 1, True
28.79923, 8.059172, -69.1403, 27.92254, 1, 1, 1, True
28.80261, 8.059172, -69.1403, 27.92254, 1, 1, 1, True
28.80668, 8.059172, -69.1403, 27.92254, 1, 1, 1, True
28.81114, 8.059172, -69.1403, 27.92254, 1, 1, 1, True
28.81477, 8.059172, -69.1403, 27.92254, 1, 1, 1, True
28.83576, 8.059172, -69.1403, 27.92254, 1, 1, 1, True
28.83861, 8.059172, -69.1403, 27.92254, 1, 1, 1, True
28.84297, 8.059172, -69.1403, 27.92254, 1, 1, 1, True
28.84656, 8.059172, -69.1403, 27.92254, 1, 1, 1, True
28.85075, 8.059172, -69.1403, 27.92254, 1, 1, 1, True
28.85518, 8.059172, -69.1403, 27.92254, 1, 1, 1, True
28.85852, 8.059172, -69.1403, 27.92254, 1, 1, 1, True
28.86261, 8.059172, -69.1403, 27.92254, 1, 1, 1, True
28.86732, 8.059172, -69.1403, 27.92254, 1, 1, 1, True
28.87077, 8.059172, -69.1403, 27.92254, 1, 1, 1, True
28.87493, 8.059172, -69.1403, 27.92254, 1, 1, 1, True
28.87868, 8.059172, -69.1403, 27.92254, 1, 1, 1, True
28.88278, 8.059172, -69.1403, 27.92254, 1, 1, 1, True
28.88715, 8.059172, -69.1403, 27.92254, 1, 1, 1, True
28.89059, 8.059172, -69.1403, 27.92254, 1, 1, 1, True
28.89472, 8.059172, -69.1403, 27.92254, 1, 1, 1, True
28.89906, 8.059172, -69.1403, 27.92254, 1, 1, 1, True
28.90274, 8.059172, -69.1403, 27.92254, 1, 1, 1, True
28.90647, 8.059172, -69.1403, 27.92254, 1, 1, 1, True
28.9112, 8.059172, -69.1403, 27.92254, 1, 1, 1, True
28.91457, 8.059172, -69.1403, 27.92254, 1, 1, 1, True
28.91866, 8.059172, -69.1403, 27.92254, 1, 1, 1, True
28.92315, 8.059172, -69.1403, 27.92254, 1, 1, 1, True
28.92652, 8.059172, -69.1403, 27.92254, 1, 1, 1, True
28.93099, 8.059172, -69.1403, 27.92254, 1, 1, 1, True
28.93474, 8.059172, -69.1403, 27.92254, 1, 1, 1, True
28.93851, 8.059172, -69.1403, 27.92254, 1, 1, 1, True
28.9431, 8.059172, -69.1403, 27.92254, 1, 1, 1, True
28.94655, 8.059172, -69.1403, 27.92254, 1, 1, 1, True
28.95082, 8.059172, -69.1403, 27.92254, 1, 1, 1, True
28.95503, 8.059172, -69.1403, 27.92254, 1, 1, 1, True
28.97472, 8.059172, -69.1403, 27.92254, 1, 1, 1, True
28.97869, 8.059172, -69.1403, 27.92254, 1, 1, 1, True
28.98276, 8.059172, -69.1403, 27.92254, 1, 1, 1, True
28.98668, 8.059172, -69.1403, 27.92254, 1, 1, 1, True
28.99073, 8.059172, -69.1403, 27.92254, 1, 1, 1, True
28.99473, 8.059172, -69.1403, 27.92254, 1, 1, 1, True
28.99877, 8.059172, -69.1403, 27.92254, 1, 1, 1, True
29.00281, 8.059172, -69.1403, 27.92254, 1, 1, 1, True
29.00669, 8.059172, -69.1403, 27.92254, 1, 1, 1, True
29.01111, 8.059172, -69.1403, 27.92254, 1, 1, 1, True
29.01475, 8.059172, -69.1403, 27.92254, 1, 1, 1, True
29.0187, 8.059172, -69.1403, 27.92254, 1, 1, 1, True
29.02281, 8.059172, -69.1403, 27.92254, 1, 1, 1, True
29.02663, 8.059172, -69.1403, 27.92254, 1, 1, 1, True
29.03074, 8.059172, -69.1403, 27.92254, 1, 1, 1, True
29.03471, 8.059172, -69.1403, 27.92254, 1, 1, 1, True
29.03877, 8.059172, -69.1403, 27.92254, 1, 1, 1, True
29.04272, 8.059172, -69.1403, 27.92254, 1, 1, 1, True
29.04667, 8.059172, -69.1403, 27.92254, 1, 1, 1, True
29.05075, 8.059172, -69.1403, 27.92254, 1, 1, 1, True
29.05468, 8.059172, -69.1403, 27.92254, 1, 1, 1, True
29.05855, 8.059172, -69.1403, 27.92254, 1, 1, 1, True
29.06273, 8.059172, -69.1403, 27.92254, 1, 1, 1, True
29.06663, 8.059172, -69.1403, 27.92254, 1, 1, 1, True
29.07076, 8.059172, -69.1403, 27.92254, 1, 1, 1, True
29.07462, 8.059172, -69.1403, 27.92254, 1, 1, 1, True
29.0787, 8.059172, -69.1403, 27.92254, 1, 1, 1, True
29.08277, 8.059172, -69.1403, 27.92254, 1, 1, 1, True
29.08659, 8.059172, -69.1403, 27.92254, 1, 1, 1, True
29.09071, 8.059172, -69.1403, 27.92254, 1, 1, 1, True
29.09478, 8.059172, -69.1403, 27.92254, 1, 1, 1, True
29.11564, 8.059172, -69.1403, 27.92254, 1, 1, 1, True
29.11861, 8.059172, -69.1403, 27.92254, 1, 1, 1, True
29.13326, 8.059172, -69.1403, 27.92254, 1, 1, 1, True
29.16252, 8.059172, -69.1403, 27.92254, 1, 1, 1, True
29.16671, 8.059172, -69.1403, 27.92254, 1, 1, 1, True
29.17074, 8.059172, -69.1403, 27.92254, 1, 1, 1, True
29.17478, 8.059172, -69.1403, 27.92254, 1, 1, 1, True
29.19486, 8.059172, -69.1403, 27.92254, 1, 1, 1, True
29.19884, 8.059172, -69.1403, 27.92254, 1, 1, 1, True
29.20292, 8.059172, -69.1403, 27.92254, 1, 1, 1, True
29.20662, 8.059172, -69.1403, 27.92254, 1, 1, 1, True
29.21049, 8.059172, -69.1403, 27.92254, 1, 1, 1, True
29.21457, 8.059172, -69.1403, 27.92254, 1, 1, 1, True
29.2186, 8.059172, -69.1403, 27.92254, 1, 1, 1, True
29.22259, 8.059172, -69.1403, 27.92254, 1, 1, 1, True
29.2267, 8.059172, -69.1403, 27.92254, 1, 1, 1, True
29.23075, 8.059172, -69.1403, 27.92254, 1, 1, 1, True
29.23472, 8.059172, -69.1403, 27.92254, 1, 1, 1, True
29.2387, 8.059172, -69.1403, 27.92254, 1, 1, 1, True
29.2427, 8.059172, -69.1403, 27.92254, 1, 1, 1, True
29.24667, 8.059172, -69.1403, 27.92254, 1, 1, 1, True
29.25073, 8.059172, -69.1403, 27.92254, 1, 1, 1, True
29.25477, 8.059172, -69.1403, 27.92254, 1, 1, 1, True
29.25864, 8.059172, -69.1403, 27.92254, 1, 1, 1, True
29.26267, 8.059172, -69.1403, 27.92254, 1, 1, 1, True
29.26669, 8.059172, -69.1403, 27.92254, 1, 1, 1, True
29.27346, 8.059172, -69.1403, 27.92254, 1, 1, 1, True
29.30467, 8.059172, -69.1403, 27.92254, 1, 1, 1, True
29.33715, 8.059172, -69.1403, 27.92254, 1, 1, 1, True
29.37012, 8.059172, -69.1403, 27.92254, 1, 1, 1, True
29.40225, 8.059172, -69.1403, 27.92254, 1, 1, 1, True
29.43306, 8.059172, -69.1403, 27.92254, 1, 1, 1, True
29.46669, 8.059172, -69.1403, 27.92254, 1, 1, 1, True
29.50099, 8.059172, -69.1403, 27.92254, 1, 1, 1, True
29.54157, 8.059172, -69.1403, 27.92254, 1, 1, 1, True
29.57427, 8.059172, -69.1403, 27.92254, 1, 1, 1, True
29.60577, 8.059172, -69.1403, 27.92254, 1, 1, 1, True
29.63687, 8.059172, -69.1403, 27.92254, 1, 1, 1, True
29.66308, 8.059172, -69.1403, 27.92254, 1, 1, 1, True
29.68501, 8.059172, -69.1403, 27.92254, 1, 1, 1, True
29.71809, 8.059172, -69.1403, 27.92254, 1, 1, 1, True
29.74904, 8.059172, -69.1403, 27.92254, 1, 1, 1, True
29.78157, 8.059172, -69.1403, 27.92254, 1, 1, 1, True
29.81188, 8.059172, -69.1403, 27.92254, 1, 1, 1, True
29.84139, 8.059172, -69.1403, 27.92254, 1, 1, 1, True
29.87087, 8.059172, -69.1403, 27.92254, 1, 1, 1, True
29.90083, 8.059172, -69.1403, 27.92254, 1, 1, 1, True
29.93372, 8.059172, -69.1403, 27.92254, 1, 1, 1, True
29.9591, 8.059172, -69.1403, 27.92254, 1, 1, 1, True
29.96262, 8.059172, -69.1403, 27.92254, 1, 1, 1, True
29.96687, 8.059172, -69.1403, 27.92254, 1, 1, 1, True
29.97107, 8.059172, -69.1403, 27.92254, 1, 1, 1, True
29.97466, 8.059172, -69.1403, 27.92254, 1, 1, 1, True
29.97874, 8.059172, -69.1403, 27.92254, 1, 1, 1, True
29.98288, 8.059172, -69.1403, 27.92254, 1, 1, 1, True
29.98666, 8.059172, -69.1403, 27.92254, 1, 1, 1, True
29.99075, 8.059172, -69.1403, 27.92254, 1, 1, 1, True
29.99725, 8.059172, -69.1403, 27.92254, 1, 1, 1, True
30.00293, 8.059172, -69.1403, 27.92254, 1, 1, 1, True
30.00858, 8.059172, -69.1403, 27.92254, 1, 1, 1, True
30.01507, 8.059172, -69.1403, 27.92254, 1, 1, 1, True
30.01874, 8.059172, -69.1403, 27.92254, 1, 1, 1, True
30.04555, 8.059172, -69.1403, 27.92254, 1, 1, 1, True
30.07807, 8.059172, -69.1403, 27.92254, 1, 1, 1, True
30.10993, 8.059172, -69.1403, 27.92254, 1, 1, 1, True
30.14108, 8.059172, -69.1403, 27.92254, 1, 1, 1, True
30.1711, 8.059172, -69.1403, 27.92254, 1, 1, 1, True
30.2016, 8.059172, -69.1403, 27.92254, 1, 1, 1, True
30.23374, 8.059172, -69.1403, 27.92254, 1, 1, 1, True
30.26546, 8.059172, -69.1403, 27.92254, 1, 1, 1, True
30.29361, 8.059172, -69.1403, 27.92254, 1, 1, 1, True
30.32323, 8.059172, -69.1403, 27.92254, 1, 1, 1, True
30.3467, 8.059172, -69.1403, 27.92254, 1, 1, 1, True
30.35077, 8.059172, -69.1403, 27.92254, 1, 1, 1, True
30.35479, 8.059172, -69.1403, 27.92254, 1, 1, 1, True
30.35857, 8.059172, -69.1403, 27.92254, 1, 1, 1, True
30.36276, 8.059172, -69.1403, 27.92254, 1, 1, 1, True
30.36671, 8.059172, -69.1403, 27.92254, 1, 1, 1, True
30.37085, 8.059172, -69.1403, 27.92254, 1, 1, 1, True
30.37471, 8.059172, -69.1403, 27.92254, 1, 1, 1, True
30.37866, 8.059172, -69.1403, 27.92254, 1, 1, 1, True
30.38272, 8.059172, -69.1403, 27.92254, 1, 1, 1, True
30.38653, 8.059172, -69.1403, 27.92254, 1, 1, 1, True
30.39076, 8.059172, -69.1403, 27.92254, 1, 1, 1, True
30.39721, 8.059172, -69.1403, 27.92254, 1, 1, 1, True
30.42693, 8.059172, -69.1403, 27.92254, 1, 1, 1, True
30.43078, 8.059172, -69.1403, 27.92254, 1, 1, 1, True
30.43476, 8.059172, -69.1403, 27.92254, 1, 1, 1, True
30.44118, 8.059172, -69.1403, 27.92254, 1, 1, 1, True
30.47254, 8.059172, -69.1403, 27.92254, 1, 1, 1, True
30.50793, 8.059172, -69.1403, 27.92254, 1, 1, 1, True
30.51946, 8.059172, -69.1403, 27.92254, 1, 1, 1, True
30.5315, 8.059172, -69.1403, 27.92254, 1, 1, 1, True
30.55922, 8.059172, -69.1403, 27.92254, 1, 1, 1, True
30.57131, 8.059172, -69.1403, 27.92254, 1, 1, 1, True
30.57536, 8.059172, -69.1403, 27.92254, 1, 1, 1, True
30.57862, 8.059172, -69.1403, 27.92254, 1, 1, 1, True
30.5828, 8.059172, -69.1403, 27.92254, 1, 1, 1, True
30.58717, 8.059172, -69.1403, 27.92254, 1, 1, 1, True
30.59067, 8.059172, -69.1403, 27.92254, 1, 1, 1, True
30.59473, 8.059172, -69.1403, 27.92254, 1, 1, 1, True
30.59921, 8.059172, -69.1403, 27.92254, 1, 1, 1, True
30.60259, 8.059172, -69.1403, 27.92254, 1, 1, 1, True
30.60654, 8.059172, -69.1403, 27.92254, 1, 1, 1, True
30.61106, 8.059172, -69.1403, 27.92254, 1, 1, 1, True
30.61473, 8.059172, -69.1403, 27.92254, 1, 1, 1, True
30.61919, 8.059172, -69.1403, 27.92254, 1, 1, 1, True
30.62246, 8.059172, -69.1403, 27.92254, 1, 1, 1, True
30.62674, 8.059172, -69.1403, 27.92254, 1, 1, 1, True
30.63108, 8.059172, -69.1403, 27.92254, 1, 1, 1, True
30.63466, 8.059172, -69.1403, 27.92254, 1, 1, 1, True
30.63873, 8.059172, -69.1403, 27.92254, 1, 1, 1, True
30.64302, 8.059172, -69.1403, 27.92254, 1, 1, 1, True
30.6465, 8.059172, -69.1403, 27.92254, 1, 1, 1, True
30.65056, 8.059172, -69.1403, 27.92254, 1, 1, 1, True
30.65492, 8.059172, -69.1403, 27.92254, 1, 1, 1, True
30.65865, 8.059172, -69.1403, 27.92254, 1, 1, 1, True
30.66293, 8.059172, -69.1403, 27.92254, 1, 1, 1, True
30.66702, 8.059172, -69.1403, 27.92254, 1, 1, 1, True
30.67065, 8.059172, -69.1403, 27.92254, 1, 1, 1, True
30.67511, 8.059172, -69.1403, 27.92254, 1, 1, 1, True
30.67863, 8.059172, -69.1403, 27.92254, 1, 1, 1, True
30.68264, 8.059172, -69.1403, 27.92254, 1, 1, 1, True
30.68699, 8.059172, -69.1403, 27.92254, 1, 1, 1, True
30.70774, 8.059172, -69.1403, 27.92254, 1, 1, 1, True
30.7156, 8.059172, -69.1403, 27.92254, 1, 1, 1, True
30.72375, 8.059172, -69.1403, 27.92254, 1, 1, 1, True
30.72688, 8.059172, -69.1403, 27.92254, 1, 1, 1, True
30.73112, 8.059172, -69.1403, 27.92254, 1, 1, 1, True
30.7346, 8.059172, -69.1403, 27.92254, 1, 1, 1, True
30.73895, 8.059172, -69.1403, 27.92254, 1, 1, 1, True
30.74299, 8.059172, -69.1403, 27.92254, 1, 1, 1, True
30.74661, 8.059172, -69.1403, 27.92254, 1, 1, 1, True
30.75077, 8.059172, -69.1403, 27.92254, 1, 1, 1, True
30.75501, 8.059172, -69.1403, 27.92254, 1, 1, 1, True
30.75851, 8.059172, -69.1403, 27.92254, 1, 1, 1, True
30.76274, 8.059172, -69.1403, 27.92254, 1, 1, 1, True
30.76695, 8.059172, -69.1403, 27.92254, 1, 1, 1, True
30.77072, 8.059172, -69.1403, 27.92254, 1, 1, 1, True
30.77469, 8.059172, -69.1403, 27.92254, 1, 1, 1, True
30.77905, 8.059172, -69.1403, 27.92254, 1, 1, 1, True
30.78274, 8.059172, -69.1403, 27.92254, 1, 1, 1, True
30.78707, 8.059172, -69.1403, 27.92254, 1, 1, 1, True
30.7908, 8.059172, -69.1403, 27.92254, 1, 1, 1, True
30.79459, 8.059172, -69.1403, 27.92254, 1, 1, 1, True
30.79919, 8.059172, -69.1403, 27.92254, 1, 1, 1, True
30.80255, 8.059172, -69.1403, 27.92254, 1, 1, 1, True
30.80649, 8.059172, -69.1403, 27.92254, 1, 1, 1, True
30.81084, 8.059172, -69.1403, 27.92254, 1, 1, 1, True
30.81464, 8.059172, -69.1403, 27.92254, 1, 1, 1, True
30.81877, 8.059172, -69.1403, 27.92254, 1, 1, 1, True
30.82299, 8.059172, -69.1403, 27.92254, 1, 1, 1, True
30.82655, 8.059172, -69.1403, 27.92254, 1, 1, 1, True
30.83079, 8.059172, -69.1403, 27.92254, 1, 1, 1, True
30.83519, 8.059172, -69.1403, 27.92254, 1, 1, 1, True
30.85631, 8.059172, -69.1403, 27.92254, 1, 1, 1, True
30.86313, 8.059172, -69.1403, 27.92254, 1, 1, 1, True
30.87172, 8.059172, -69.1403, 27.92254, 1, 1, 1, True
30.87455, 8.059172, -69.1403, 27.92254, 1, 1, 1, True
30.8792, 8.059172, -69.1403, 27.92254, 1, 1, 1, True
30.88266, 8.059172, -69.1403, 27.92254, 1, 1, 1, True
30.88685, 8.059172, -69.1403, 27.92254, 1, 1, 1, True
30.89106, 8.059172, -69.1403, 27.92254, 1, 1, 1, True
30.89453, 8.059172, -69.1403, 27.92254, 1, 1, 1, True
30.89865, 8.059172, -69.1403, 27.92254, 1, 1, 1, True
30.90319, 8.059172, -69.1403, 27.92254, 1, 1, 1, True
30.90645, 8.059172, -69.1403, 27.92254, 1, 1, 1, True
30.91115, 8.059172, -69.1403, 27.92254, 1, 1, 1, True
30.91461, 8.059172, -69.1403, 27.92254, 1, 1, 1, True
30.91879, 8.059172, -69.1403, 27.92254, 1, 1, 1, True
30.92294, 8.059172, -69.1403, 27.92254, 1, 1, 1, True
30.92663, 8.059172, -69.1403, 27.92254, 1, 1, 1, True
30.93076, 8.059172, -69.1403, 27.92254, 1, 1, 1, True
30.93504, 8.059172, -69.1403, 27.92254, 1, 1, 1, True
30.93871, 8.059172, -69.1403, 27.92254, 1, 1, 1, True
30.94269, 8.059172, -69.1403, 27.92254, 1, 1, 1, True
30.94682, 8.059172, -69.1403, 27.92254, 1, 1, 1, True
30.95074, 8.059172, -69.1403, 27.92254, 1, 1, 1, True
30.95458, 8.059172, -69.1403, 27.92254, 1, 1, 1, True
30.95893, 8.059172, -69.1403, 27.92254, 1, 1, 1, True
30.96278, 8.059172, -69.1403, 27.92254, 1, 1, 1, True
30.96703, 8.059172, -69.1403, 27.92254, 1, 1, 1, True
30.97072, 8.059172, -69.1403, 27.92254, 1, 1, 1, True
30.97472, 8.059172, -69.1403, 27.92254, 1, 1, 1, True
30.97913, 8.059172, -69.1403, 27.92254, 1, 1, 1, True
30.98273, 8.059172, -69.1403, 27.92254, 1, 1, 1, True
31.0036, 8.059172, -69.1403, 27.92254, 1, 1, 1, True
31.00666, 8.059172, -69.1403, 27.92254, 1, 1, 1, True
31.01096, 8.059172, -69.1403, 27.92254, 1, 1, 1, True
31.01506, 8.059172, -69.1403, 27.92254, 1, 1, 1, True
31.01865, 8.059172, -69.1403, 27.92254, 1, 1, 1, True
31.02258, 8.059172, -69.1403, 27.92254, 1, 1, 1, True
31.02661, 8.059172, -69.1403, 27.92254, 1, 1, 1, True
31.03387, 8.059172, -69.1403, 27.92254, 1, 1, 1, True
31.05989, 8.059172, -69.1403, 27.92254, 1, 1, 1, True
31.067, 8.059172, -69.1403, 27.92254, 1, 1, 1, True
31.07313, 8.059172, -69.1403, 27.92254, 1, 1, 1, True
31.10591, 8.059172, -69.1403, 27.92254, 1, 1, 1, True
31.13784, 8.059172, -69.1403, 27.92254, 1, 1, 1, True
31.16923, 8.059172, -69.1403, 27.92254, 1, 1, 1, True
31.2027, 8.059172, -69.1403, 27.92254, 1, 1, 1, True
31.23322, 8.059172, -69.1403, 27.92254, 1, 1, 1, True
31.2663, 8.059172, -69.1403, 27.92254, 1, 1, 1, True
31.29642, 8.059172, -69.1403, 27.92254, 1, 1, 1, True
31.33028, 8.059172, -69.1403, 27.92254, 1, 1, 1, True
31.36248, 8.059172, -69.1403, 27.92254, 1, 1, 1, True
31.39151, 8.059172, -69.1403, 27.92254, 1, 1, 1, True
31.42708, 8.059172, -69.1403, 27.92254, 1, 1, 1, True
31.45695, 8.059172, -69.1403, 27.92254, 1, 1, 1, True
31.48917, 8.059172, -69.1403, 27.92254, 1, 1, 1, True
31.52935, 8.059172, -69.1403, 27.92254, 1, 1, 1, True
31.56271, 8.059172, -69.1403, 27.92254, 1, 1, 1, True
31.59383, 8.059172, -69.1403, 27.92254, 1, 1, 1, True
31.62627, 8.059172, -69.1403, 27.92254, 1, 1, 1, True
31.65774, 8.059172, -69.1403, 27.92254, 1, 1, 1, True
31.6893, 8.059172, -69.1403, 27.92254, 1, 1, 1, True
31.7226, 8.059172, -69.1403, 27.92254, 1, 1, 1, True
31.75324, 8.059172, -69.1403, 27.92254, 1, 1, 1, True
31.78606, 8.059172, -69.1403, 27.92254, 1, 1, 1, True
31.81722, 8.059172, -69.1403, 27.92254, 1, 1, 1, True
31.84752, 8.059172, -69.1403, 27.92254, 1, 1, 1, True
31.87779, 8.059172, -69.1403, 27.92254, 1, 1, 1, True
31.91, 8.059172, -69.1403, 27.92254, 1, 1, 1, True
31.94163, 8.059172, -69.1403, 27.92254, 1, 1, 1, True
31.97385, 8.059172, -69.1403, 27.92254, 1, 1, 1, True
32.00506, 8.059172, -69.1403, 27.92254, 1, 1, 1, True
32.03748, 8.059172, -69.1403, 27.92254, 1, 1, 1, True
32.07006, 8.059172, -69.1403, 27.92254, 1, 1, 1, True
32.10182, 8.059172, -69.1403, 27.92254, 1, 1, 1, True
32.13342, 8.059172, -69.1403, 27.92254, 1, 1, 1, True
32.16519, 8.059172, -69.1403, 27.92254, 1, 1, 1, True
32.19736, 8.059172, -69.1403, 27.92254, 1, 1, 1, True
32.23734, 8.059172, -69.1403, 27.92254, 1, 1, 1, True
32.26991, 8.059172, -69.1403, 27.92254, 1, 1, 1, True
32.30173, 8.059172, -69.1403, 27.92254, 1, 1, 1, True
32.33366, 8.059172, -69.1403, 27.92254, 1, 1, 1, True
32.36428, 8.059172, -69.1403, 27.92254, 1, 1, 1, True
32.39319, 8.059172, -69.1403, 27.92254, 1, 1, 1, True
32.42112, 8.059172, -69.1403, 27.92254, 1, 1, 1, True
32.44724, 8.059172, -69.1403, 27.92254, 1, 1, 1, True
32.45057, 8.059172, -69.1403, 27.92254, 1, 1, 1, True
32.45493, 8.059172, -69.1403, 27.92254, 1, 1, 1, True
32.48549, 8.059172, -69.1403, 27.92254, 1, 1, 1, True
32.5181, 8.059172, -69.1403, 27.92254, 1, 1, 1, True
32.54925, 8.059172, -69.1403, 27.92254, 1, 1, 1, True
32.58206, 8.059172, -69.1403, 27.92254, 1, 1, 1, True
32.61341, 8.059172, -69.1403, 27.92254, 1, 1, 1, True
32.64671, 8.059172, -69.1403, 27.92254, 1, 1, 1, True
32.67744, 8.059172, -69.1403, 27.92254, 1, 1, 1, True
32.70945, 8.059172, -69.1403, 27.92254, 1, 1, 1, True
32.74181, 8.059172, -69.1403, 27.92254, 1, 1, 1, True
32.77356, 8.059172, -69.1403, 27.92254, 1, 1, 1, True
32.80563, 8.059172, -69.1403, 27.92254, 1, 1, 1, True
32.83719, 8.059172, -69.1403, 27.92254, 1, 1, 1, True
32.8697, 8.059172, -69.1403, 27.92254, 1, 1, 1, True
32.89888, 8.059172, -69.1403, 27.92254, 1, 1, 1, True
32.93107, 8.059172, -69.1403, 27.92254, 1, 1, 1, True
32.93467, 8.059172, -69.1403, 27.92254, 1, 1, 1, True
32.9389, 8.059172, -69.1403, 27.92254, 1, 1, 1, True
32.94257, 8.059172, -69.1403, 27.92254, 1, 1, 1, True
32.94684, 8.059172, -69.1403, 27.92254, 1, 1, 1, True
32.96175, 8.059172, -69.1403, 27.92254, 1, 1, 1, True
32.9911, 8.059172, -69.1403, 27.92254, 1, 1, 1, True
32.99465, 8.059172, -69.1403, 27.92254, 1, 1, 1, True
32.99883, 8.059172, -69.1403, 27.92254, 1, 1, 1, True
33.00269, 8.059172, -69.1403, 27.92254, 1, 1, 1, True
33.00661, 8.059172, -69.1403, 27.92254, 1, 1, 1, True
33.01069, 8.059172, -69.1403, 27.92254, 1, 1, 1, True
33.01505, 8.059172, -69.1403, 27.92254, 1, 1, 1, True
33.01937, 8.059172, -69.1403, 27.92254, 1, 1, 1, True
33.02486, 8.059172, -69.1403, 27.92254, 1, 1, 1, True
33.03144, 8.059172, -69.1403, 27.92254, 1, 1, 1, True
33.037, 8.059172, -69.1403, 27.92254, 1, 1, 1, True
33.04345, 8.059172, -69.1403, 27.92254, 1, 1, 1, True
33.04748, 8.059172, -69.1403, 27.92254, 1, 1, 1, True
33.05333, 8.059172, -69.1403, 27.92254, 1, 1, 1, True
33.05882, 8.059172, -69.1403, 27.92254, 1, 1, 1, True
33.06492, 8.059172, -69.1403, 27.92254, 1, 1, 1, True
33.07094, 8.059172, -69.1403, 27.92254, 1, 1, 1, True
33.09571, 8.059172, -69.1403, 27.92254, 1, 1, 1, True
33.10321, 8.059172, -69.1403, 27.92254, 1, 1, 1, True
33.10662, 8.059172, -69.1403, 27.92254, 1, 1, 1, True
33.11074, 8.059172, -69.1403, 27.92254, 1, 1, 1, True
33.11462, 8.059172, -69.1403, 27.92254, 1, 1, 1, True
33.11876, 8.059172, -69.1403, 27.92254, 1, 1, 1, True
33.12279, 8.059172, -69.1403, 27.92254, 1, 1, 1, True
33.12677, 8.059172, -69.1403, 27.92254, 1, 1, 1, True
33.1308, 8.059172, -69.1403, 27.92254, 1, 1, 1, True
33.13465, 8.059172, -69.1403, 27.92254, 1, 1, 1, True
33.13868, 8.059172, -69.1403, 27.92254, 1, 1, 1, True
33.14273, 8.059172, -69.1403, 27.92254, 1, 1, 1, True
33.14673, 8.059172, -69.1403, 27.92254, 1, 1, 1, True
33.15078, 8.059172, -69.1403, 27.92254, 1, 1, 1, True
33.15557, 8.059172, -69.1403, 27.92254, 1, 1, 1, True
33.15988, 8.059172, -69.1403, 27.92254, 1, 1, 1, True
33.16476, 8.059172, -69.1403, 27.92254, 1, 1, 1, True
33.17091, 8.059172, -69.1403, 27.92254, 1, 1, 1, True
33.17454, 8.059172, -69.1403, 27.92254, 1, 1, 1, True
33.17878, 8.059172, -69.1403, 27.92254, 1, 1, 1, True
33.18288, 8.059172, -69.1403, 27.92254, 1, 1, 1, True
33.18741, 8.059172, -69.1403, 27.92254, 1, 1, 1, True
33.19202, 8.059172, -69.1403, 27.92254, 1, 1, 1, True
33.19914, 8.059172, -69.1403, 27.92254, 1, 1, 1, True
33.20266, 8.059172, -69.1403, 27.92254, 1, 1, 1, True
33.2065, 8.059172, -69.1403, 27.92254, 1, 1, 1, True
33.21078, 8.059172, -69.1403, 27.92254, 1, 1, 1, True
33.21478, 8.059172, -69.1403, 27.92254, 1, 1, 1, True
33.21877, 8.059172, -69.1403, 27.92254, 1, 1, 1, True
33.22286, 8.059172, -69.1403, 27.92254, 1, 1, 1, True
33.22696, 8.059172, -69.1403, 27.92254, 1, 1, 1, True
33.25088, 8.059172, -69.1403, 27.92254, 1, 1, 1, True
33.25474, 8.059172, -69.1403, 27.92254, 1, 1, 1, True
33.25883, 8.059172, -69.1403, 27.92254, 1, 1, 1, True
33.26259, 8.059172, -69.1403, 27.92254, 1, 1, 1, True
33.26681, 8.059172, -69.1403, 27.92254, 1, 1, 1, True
33.27059, 8.059172, -69.1403, 27.92254, 1, 1, 1, True
33.2747, 8.059172, -69.1403, 27.92254, 1, 1, 1, True
33.27865, 8.059172, -69.1403, 27.92254, 1, 1, 1, True
33.28275, 8.059172, -69.1403, 27.92254, 1, 1, 1, True
33.28672, 8.059172, -69.1403, 27.92254, 1, 1, 1, True
33.29071, 8.059172, -69.1403, 27.92254, 1, 1, 1, True
33.29465, 8.059172, -69.1403, 27.92254, 1, 1, 1, True
33.29874, 8.059172, -69.1403, 27.92254, 1, 1, 1, True
33.30273, 8.059172, -69.1403, 27.92254, 1, 1, 1, True
33.30678, 8.059172, -69.1403, 27.92254, 1, 1, 1, True
33.31069, 8.059172, -69.1403, 27.92254, 1, 1, 1, True
33.3147, 8.059172, -69.1403, 27.92254, 1, 1, 1, True
33.31849, 8.059172, -69.1403, 27.92254, 1, 1, 1, True
33.32274, 8.059172, -69.1403, 27.92254, 1, 1, 1, True
33.32664, 8.059172, -69.1403, 27.92254, 1, 1, 1, True
33.33078, 8.059172, -69.1403, 27.92254, 1, 1, 1, True
33.3347, 8.059172, -69.1403, 27.92254, 1, 1, 1, True
33.33873, 8.059172, -69.1403, 27.92254, 1, 1, 1, True
33.34262, 8.059172, -69.1403, 27.92254, 1, 1, 1, True
33.34677, 8.059172, -69.1403, 27.92254, 1, 1, 1, True
33.35065, 8.059172, -69.1403, 27.92254, 1, 1, 1, True
33.35484, 8.059172, -69.1403, 27.92254, 1, 1, 1, True
33.35866, 8.059172, -69.1403, 27.92254, 1, 1, 1, True
33.36252, 8.059172, -69.1403, 27.92254, 1, 1, 1, True
33.36676, 8.059172, -69.1403, 27.92254, 1, 1, 1, True
33.37085, 8.059172, -69.1403, 27.92254, 1, 1, 1, True
33.39487, 8.059172, -69.1403, 27.92254, 1, 1, 1, True
33.39856, 8.059172, -69.1403, 27.92254, 1, 1, 1, True
33.40279, 8.059172, -69.1403, 27.92254, 1, 1, 1, True
33.40668, 8.059172, -69.1403, 27.92254, 1, 1, 1, True
33.41054, 8.059172, -69.1403, 27.92254, 1, 1, 1, True
33.41473, 8.059172, -69.1403, 27.92254, 1, 1, 1, True
33.41879, 8.059172, -69.1403, 27.92254, 1, 1, 1, True
33.4227, 8.059172, -69.1403, 27.92254, 1, 1, 1, True
33.42646, 8.059172, -69.1403, 27.92254, 1, 1, 1, True
33.43078, 8.059172, -69.1403, 27.92254, 1, 1, 1, True
33.43463, 8.059172, -69.1403, 27.92254, 1, 1, 1, True
33.43874, 8.059172, -69.1403, 27.92254, 1, 1, 1, True
33.44267, 8.059172, -69.1403, 27.92254, 1, 1, 1, True
33.44675, 8.059172, -69.1403, 27.92254, 1, 1, 1, True
33.45069, 8.059172, -69.1403, 27.92254, 1, 1, 1, True
33.45478, 8.059172, -69.1403, 27.92254, 1, 1, 1, True
33.45856, 8.059172, -69.1403, 27.92254, 1, 1, 1, True
33.46276, 8.059172, -69.1403, 27.92254, 1, 1, 1, True
33.4665, 8.059172, -69.1403, 27.92254, 1, 1, 1, True
33.47064, 8.059172, -69.1403, 27.92254, 1, 1, 1, True
33.47472, 8.059172, -69.1403, 27.92254, 1, 1, 1, True
33.47855, 8.059172, -69.1403, 27.92254, 1, 1, 1, True
33.48278, 8.059172, -69.1403, 27.92254, 1, 1, 1, True
33.4866, 8.059172, -69.1403, 27.92254, 1, 1, 1, True
33.49087, 8.059172, -69.1403, 27.92254, 1, 1, 1, True
33.49459, 8.059172, -69.1403, 27.92254, 1, 1, 1, True
33.49879, 8.059172, -69.1403, 27.92254, 1, 1, 1, True
33.50266, 8.059172, -69.1403, 27.92254, 1, 1, 1, True
33.50657, 8.059172, -69.1403, 27.92254, 1, 1, 1, True
33.51072, 8.059172, -69.1403, 27.92254, 1, 1, 1, True
33.5149, 8.059172, -69.1403, 27.92254, 1, 1, 1, True
33.53872, 8.059172, -69.1403, 27.92254, 1, 1, 1, True
33.54396, 8.059172, -69.1403, 27.92254, 1, 1, 1, True
33.55087, 8.059172, -69.1403, 27.92254, 1, 1, 1, True
33.55464, 8.059172, -69.1403, 27.92254, 1, 1, 1, True
33.55851, 8.059172, -69.1403, 27.92254, 1, 1, 1, True
33.56266, 8.059172, -69.1403, 27.92254, 1, 1, 1, True
33.56661, 8.059172, -69.1403, 27.92254, 1, 1, 1, True
33.5707, 8.059172, -69.1403, 27.92254, 1, 1, 1, True
33.57474, 8.059172, -69.1403, 27.92254, 1, 1, 1, True
33.57859, 8.059172, -69.1403, 27.92254, 1, 1, 1, True
33.58278, 8.059172, -69.1403, 27.92254, 1, 1, 1, True
33.58659, 8.059172, -69.1403, 27.92254, 1, 1, 1, True
33.59069, 8.059172, -69.1403, 27.92254, 1, 1, 1, True
33.59459, 8.059172, -69.1403, 27.92254, 1, 1, 1, True
33.5986, 8.059172, -69.1403, 27.92254, 1, 1, 1, True
33.60272, 8.059172, -69.1403, 27.92254, 1, 1, 1, True
33.60665, 8.059172, -69.1403, 27.92254, 1, 1, 1, True
33.6108, 8.059172, -69.1403, 27.92254, 1, 1, 1, True
33.61468, 8.059172, -69.1403, 27.92254, 1, 1, 1, True
33.61874, 8.059172, -69.1403, 27.92254, 1, 1, 1, True
33.62259, 8.059172, -69.1403, 27.92254, 1, 1, 1, True
33.62664, 8.059172, -69.1403, 27.92254, 1, 1, 1, True
33.63076, 8.059172, -69.1403, 27.92254, 1, 1, 1, True
33.63459, 8.059172, -69.1403, 27.92254, 1, 1, 1, True
33.63874, 8.059172, -69.1403, 27.92254, 1, 1, 1, True
33.64265, 8.059172, -69.1403, 27.92254, 1, 1, 1, True
33.64667, 8.059172, -69.1403, 27.92254, 1, 1, 1, True
33.65075, 8.059172, -69.1403, 27.92254, 1, 1, 1, True
33.65462, 8.059172, -69.1403, 27.92254, 1, 1, 1, True
33.65877, 8.059172, -69.1403, 27.92254, 1, 1, 1, True
33.66271, 8.059172, -69.1403, 27.92254, 1, 1, 1, True
33.68699, 8.059172, -69.1403, 27.92254, 1, 1, 1, True
33.69046, 8.059172, -69.1403, 27.92254, 1, 1, 1, True
33.69473, 8.059172, -69.1403, 27.92254, 1, 1, 1, True
33.69874, 8.059172, -69.1403, 27.92254, 1, 1, 1, True
33.70274, 8.059172, -69.1403, 27.92254, 1, 1, 1, True
33.70649, 8.059172, -69.1403, 27.92254, 1, 1, 1, True
33.71069, 8.059172, -69.1403, 27.92254, 1, 1, 1, True
33.71476, 8.059172, -69.1403, 27.92254, 1, 1, 1, True
33.71865, 8.059172, -69.1403, 27.92254, 1, 1, 1, True
33.72256, 8.059172, -69.1403, 27.92254, 1, 1, 1, True
33.72654, 8.059172, -69.1403, 27.92254, 1, 1, 1, True
33.73076, 8.059172, -69.1403, 27.92254, 1, 1, 1, True
33.73463, 8.059172, -69.1403, 27.92254, 1, 1, 1, True
33.73878, 8.059172, -69.1403, 27.92254, 1, 1, 1, True
33.74263, 8.059172, -69.1403, 27.92254, 1, 1, 1, True
33.74664, 8.059172, -69.1403, 27.92254, 1, 1, 1, True
33.75063, 8.059172, -69.1403, 27.92254, 1, 1, 1, True
33.75475, 8.059172, -69.1403, 27.92254, 1, 1, 1, True
33.75853, 8.059172, -69.1403, 27.92254, 1, 1, 1, True
33.76276, 8.059172, -69.1403, 27.92254, 1, 1, 1, True
33.76658, 8.059172, -69.1403, 27.92254, 1, 1, 1, True
33.77077, 8.059172, -69.1403, 27.92254, 1, 1, 1, True
33.77467, 8.059172, -69.1403, 27.92254, 1, 1, 1, True
33.77863, 8.059172, -69.1403, 27.92254, 1, 1, 1, True
33.78254, 8.059172, -69.1403, 27.92254, 1, 1, 1, True
33.7867, 8.059172, -69.1403, 27.92254, 1, 1, 1, True
33.79054, 8.059172, -69.1403, 27.92254, 1, 1, 1, True
33.79477, 8.059172, -69.1403, 27.92254, 1, 1, 1, True
33.79869, 8.059172, -69.1403, 27.92254, 1, 1, 1, True
33.80273, 8.059172, -69.1403, 27.92254, 1, 1, 1, True
33.80656, 8.059172, -69.1403, 27.92254, 1, 1, 1, True
33.83114, 8.059172, -69.1403, 27.92254, 1, 1, 1, True
33.83899, 8.059172, -69.1403, 27.92254, 1, 1, 1, True
33.84282, 8.059172, -69.1403, 27.92254, 1, 1, 1, True
33.84679, 8.059172, -69.1403, 27.92254, 1, 1, 1, True
33.85067, 8.059172, -69.1403, 27.92254, 1, 1, 1, True
33.85477, 8.059172, -69.1403, 27.92254, 1, 1, 1, True
33.85867, 8.059172, -69.1403, 27.92254, 1, 1, 1, True
33.86269, 8.059172, -69.1403, 27.92254, 1, 1, 1, True
33.86664, 8.059172, -69.1403, 27.92254, 1, 1, 1, True
33.87073, 8.059172, -69.1403, 27.92254, 1, 1, 1, True
33.87482, 8.059172, -69.1403, 27.92254, 1, 1, 1, True
33.88317, 8.059172, -69.1403, 27.92254, 1, 1, 1, True
33.89396, 8.059172, -69.1403, 27.92254, 1, 1, 1, True
33.89898, 8.059172, -69.1403, 27.92254, 1, 1, 1, True
33.9026, 8.059172, -69.1403, 27.92254, 1, 1, 1, True
33.90659, 8.059172, -69.1403, 27.92254, 1, 1, 1, True
33.91074, 8.059172, -69.1403, 27.92254, 1, 1, 1, True
33.91472, 8.059172, -69.1403, 27.92254, 1, 1, 1, True
33.91871, 8.059172, -69.1403, 27.92254, 1, 1, 1, True
33.92268, 8.059172, -69.1403, 27.92254, 1, 1, 1, True
33.9266, 8.059172, -69.1403, 27.92254, 1, 1, 1, True
33.93076, 8.059172, -69.1403, 27.92254, 1, 1, 1, True
33.93476, 8.059172, -69.1403, 27.92254, 1, 1, 1, True
33.93871, 8.059172, -69.1403, 27.92254, 1, 1, 1, True
33.94274, 8.059172, -69.1403, 27.92254, 1, 1, 1, True
33.94685, 8.059172, -69.1403, 27.92254, 1, 1, 1, True
33.95066, 8.059172, -69.1403, 27.92254, 1, 1, 1, True
34.04761, 8.059172, -69.1403, 27.92254, 1, 1, 1, True
34.07061, 8.059172, -69.1403, 27.92254, 1, 1, 1, True
34.09227, 8.059172, -69.1403, 27.92254, 1, 1, 1, True
34.09895, 8.059172, -69.1403, 27.92254, 1, 1, 1, True
34.12305, 8.059172, -69.1403, 27.92254, 1, 1, 1, True
34.12768, 8.059172, -69.1403, 27.92254, 1, 1, 1, True
34.13062, 8.059172, -69.1403, 27.92254, 1, 1, 1, True
34.13503, 8.059172, -69.1403, 27.92254, 1, 1, 1, True
34.1387, 8.059172, -69.1403, 27.92254, 1, 1, 1, True
34.14274, 8.059172, -69.1403, 27.92254, 1, 1, 1, True
34.14672, 8.059172, -69.1403, 27.92254, 1, 1, 1, True
34.1508, 8.059172, -69.1403, 27.92254, 1, 1, 1, True
34.15476, 8.059172, -69.1403, 27.92254, 1, 1, 1, True
34.15854, 8.059172, -69.1403, 27.92254, 1, 1, 1, True
34.16284, 8.059172, -69.1403, 27.92254, 1, 1, 1, True
34.16665, 8.059172, -69.1403, 27.92254, 1, 1, 1, True
34.17075, 8.059172, -69.1403, 27.92254, 1, 1, 1, True
34.17467, 8.059172, -69.1403, 27.92254, 1, 1, 1, True
34.17874, 8.059172, -69.1403, 27.92254, 1, 1, 1, True
34.18265, 8.059172, -69.1403, 27.92254, 1, 1, 1, True
34.1867, 8.059172, -69.1403, 27.92254, 1, 1, 1, True
34.19077, 8.059172, -69.1403, 27.92254, 1, 1, 1, True
34.19471, 8.059172, -69.1403, 27.92254, 1, 1, 1, True
34.19899, 8.059172, -69.1403, 27.92254, 1, 1, 1, True
34.20285, 8.059172, -69.1403, 27.92254, 1, 1, 1, True
34.20675, 8.059172, -69.1403, 27.92254, 1, 1, 1, True
34.21076, 8.059172, -69.1403, 27.92254, 1, 1, 1, True
34.21469, 8.059172, -69.1403, 27.92254, 1, 1, 1, True
34.21873, 8.059172, -69.1403, 27.92254, 1, 1, 1, True
34.22265, 8.059172, -69.1403, 27.92254, 1, 1, 1, True
34.22675, 8.059172, -69.1403, 27.92254, 1, 1, 1, True
34.23072, 8.059172, -69.1403, 27.92254, 1, 1, 1, True
34.23471, 8.059172, -69.1403, 27.92254, 1, 1, 1, True
34.23872, 8.059172, -69.1403, 27.92254, 1, 1, 1, True
34.24296, 8.059172, -69.1403, 27.92254, 1, 1, 1, True
34.267, 8.059172, -69.1403, 27.92254, 1, 1, 1, True
34.275, 8.059172, -69.1403, 27.92254, 1, 1, 1, True
34.27867, 8.059172, -69.1403, 27.92254, 1, 1, 1, True
34.28273, 8.059172, -69.1403, 27.92254, 1, 1, 1, True
34.28668, 8.059172, -69.1403, 27.92254, 1, 1, 1, True
34.29068, 8.059172, -69.1403, 27.92254, 1, 1, 1, True
34.29465, 8.059172, -69.1403, 27.92254, 1, 1, 1, True
34.29877, 8.059172, -69.1403, 27.92254, 1, 1, 1, True
34.30275, 8.059172, -69.1403, 27.92254, 1, 1, 1, True
34.30654, 8.059172, -69.1403, 27.92254, 1, 1, 1, True
34.31081, 8.059172, -69.1403, 27.92254, 1, 1, 1, True
34.3145, 8.059172, -69.1403, 27.92254, 1, 1, 1, True
34.31897, 8.059172, -69.1403, 27.92254, 1, 1, 1, True
34.3226, 8.059172, -69.1403, 27.92254, 1, 1, 1, True
34.32669, 8.059172, -69.1403, 27.92254, 1, 1, 1, True
34.33068, 8.059172, -69.1403, 27.92254, 1, 1, 1, True
34.33478, 8.059172, -69.1403, 27.92254, 1, 1, 1, True
34.33858, 8.059172, -69.1403, 27.92254, 1, 1, 1, True
34.3428, 8.059172, -69.1403, 27.92254, 1, 1, 1, True
34.34658, 8.059172, -69.1403, 27.92254, 1, 1, 1, True
34.35087, 8.059172, -69.1403, 27.92254, 1, 1, 1, True
34.35472, 8.059172, -69.1403, 27.92254, 1, 1, 1, True
34.35863, 8.059172, -69.1403, 27.92254, 1, 1, 1, True
34.36288, 8.059172, -69.1403, 27.92254, 1, 1, 1, True
34.36663, 8.059172, -69.1403, 27.92254, 1, 1, 1, True
34.37074, 8.059172, -69.1403, 27.92254, 1, 1, 1, True
34.37476, 8.059172, -69.1403, 27.92254, 1, 1, 1, True
34.37868, 8.059172, -69.1403, 27.92254, 1, 1, 1, True
34.38267, 8.059172, -69.1403, 27.92254, 1, 1, 1, True
34.3867, 8.059172, -69.1403, 27.92254, 1, 1, 1, True
34.39094, 8.059172, -69.1403, 27.92254, 1, 1, 1, True
34.41567, 8.059172, -69.1403, 27.92254, 1, 1, 1, True
34.42809, 8.059172, -69.1403, 27.92254, 1, 1, 1, True
34.43481, 8.059172, -69.1403, 27.92254, 1, 1, 1, True
34.43866, 8.059172, -69.1403, 27.92254, 1, 1, 1, True
34.44285, 8.059172, -69.1403, 27.92254, 1, 1, 1, True
34.44656, 8.059172, -69.1403, 27.92254, 1, 1, 1, True
34.4508, 8.059172, -69.1403, 27.92254, 1, 1, 1, True
34.45469, 8.059172, -69.1403, 27.92254, 1, 1, 1, True
34.45868, 8.059172, -69.1403, 27.92254, 1, 1, 1, True
34.4627, 8.059172, -69.1403, 27.92254, 1, 1, 1, True
34.46659, 8.059172, -69.1403, 27.92254, 1, 1, 1, True
34.47085, 8.059172, -69.1403, 27.92254, 1, 1, 1, True
34.47457, 8.059172, -69.1403, 27.92254, 1, 1, 1, True
34.47866, 8.059172, -69.1403, 27.92254, 1, 1, 1, True
34.4826, 8.059172, -69.1403, 27.92254, 1, 1, 1, True
34.48672, 8.059172, -69.1403, 27.92254, 1, 1, 1, True
34.49065, 8.059172, -69.1403, 27.92254, 1, 1, 1, True
34.49456, 8.059172, -69.1403, 27.92254, 1, 1, 1, True
34.49876, 8.059172, -69.1403, 27.92254, 1, 1, 1, True
34.50263, 8.059172, -69.1403, 27.92254, 1, 1, 1, True
34.5066, 8.059172, -69.1403, 27.92254, 1, 1, 1, True
34.51072, 8.059172, -69.1403, 27.92254, 1, 1, 1, True
34.51456, 8.059172, -69.1403, 27.92254, 1, 1, 1, True
34.51878, 8.059172, -69.1403, 27.92254, 1, 1, 1, True
34.52252, 8.059172, -69.1403, 27.92254, 1, 1, 1, True
34.52674, 8.059172, -69.1403, 27.92254, 1, 1, 1, True
34.53077, 8.059172, -69.1403, 27.92254, 1, 1, 1, True
34.53468, 8.059172, -69.1403, 27.92254, 1, 1, 1, True
34.53873, 8.059172, -69.1403, 27.92254, 1, 1, 1, True
34.54272, 8.059172, -69.1403, 27.92254, 1, 1, 1, True
34.54683, 8.059172, -69.1403, 27.92254, 1, 1, 1, True
34.56686, 8.059172, -69.1403, 27.92254, 1, 1, 1, True
34.57064, 8.059172, -69.1403, 27.92254, 1, 1, 1, True
34.57483, 8.059172, -69.1403, 27.92254, 1, 1, 1, True
34.57883, 8.059172, -69.1403, 27.92254, 1, 1, 1, True
34.59941, 8.059172, -69.1403, 27.92254, 1, 1, 1, True
34.60258, 8.059172, -69.1403, 27.92254, 1, 1, 1, True
34.60655, 8.059172, -69.1403, 27.92254, 1, 1, 1, True
34.61072, 8.059172, -69.1403, 27.92254, 1, 1, 1, True
34.61488, 8.059172, -69.1403, 27.92254, 1, 1, 1, True
34.63494, 8.059172, -69.1403, 27.92254, 1, 1, 1, True
34.65551, 8.059172, -69.1403, 27.92254, 1, 1, 1, True
34.65906, 8.059172, -69.1403, 27.92254, 1, 1, 1, True
34.68314, 8.059172, -69.1403, 27.92254, 1, 1, 1, True
34.69103, 8.059172, -69.1403, 27.92254, 1, 1, 1, True
34.69464, 8.059172, -69.1403, 27.92254, 1, 1, 1, True
34.71531, 8.059172, -69.1403, 27.92254, 1, 1, 1, True
34.71862, 8.059172, -69.1403, 27.92254, 1, 1, 1, True
34.72258, 8.059172, -69.1403, 27.92254, 1, 1, 1, True
34.72684, 8.059172, -69.1403, 27.92254, 1, 1, 1, True
34.73062, 8.059172, -69.1403, 27.92254, 1, 1, 1, True
34.73466, 8.059172, -69.1403, 27.92254, 1, 1, 1, True
34.73886, 8.059172, -69.1403, 27.92254, 1, 1, 1, True
34.74271, 8.059172, -69.1403, 27.92254, 1, 1, 1, True
34.74683, 8.059172, -69.1403, 27.92254, 1, 1, 1, True
34.75083, 8.059172, -69.1403, 27.92254, 1, 1, 1, True
34.75455, 8.059172, -69.1403, 27.92254, 1, 1, 1, True
34.75865, 8.059172, -69.1403, 27.92254, 1, 1, 1, True
34.7627, 8.059172, -69.1403, 27.92254, 1, 1, 1, True
34.76671, 8.059172, -69.1403, 27.92254, 1, 1, 1, True
34.77081, 8.059172, -69.1403, 27.92254, 1, 1, 1, True
34.77482, 8.059172, -69.1403, 27.92254, 1, 1, 1, True
34.79911, 8.059172, -69.1403, 27.92254, 1, 1, 1, True
34.8073, 8.059172, -69.1403, 27.92254, 1, 1, 1, True
34.81057, 8.059172, -69.1403, 27.92254, 1, 1, 1, True
34.8148, 8.059172, -69.1403, 27.92254, 1, 1, 1, True
34.81871, 8.059172, -69.1403, 27.92254, 1, 1, 1, True
34.82272, 8.059172, -69.1403, 27.92254, 1, 1, 1, True
34.82669, 8.059172, -69.1403, 27.92254, 1, 1, 1, True
34.83078, 8.059172, -69.1403, 27.92254, 1, 1, 1, True
34.83472, 8.059172, -69.1403, 27.92254, 1, 1, 1, True
34.8387, 8.059172, -69.1403, 27.92254, 1, 1, 1, True
34.84268, 8.059172, -69.1403, 27.92254, 1, 1, 1, True
34.84664, 8.059172, -69.1403, 27.92254, 1, 1, 1, True
34.85086, 8.059172, -69.1403, 27.92254, 1, 1, 1, True
34.85474, 8.059172, -69.1403, 27.92254, 1, 1, 1, True
34.85867, 8.059172, -69.1403, 27.92254, 1, 1, 1, True
34.86281, 8.059172, -69.1403, 27.92254, 1, 1, 1, True
34.86661, 8.059172, -69.1403, 27.92254, 1, 1, 1, True
34.87081, 8.059172, -69.1403, 27.92254, 1, 1, 1, True
34.87466, 8.059172, -69.1403, 27.92254, 1, 1, 1, True
34.87869, 8.059172, -69.1403, 27.92254, 1, 1, 1, True
34.88282, 8.059172, -69.1403, 27.92254, 1, 1, 1, True
34.88651, 8.059172, -69.1403, 27.92254, 1, 1, 1, True
34.89074, 8.059172, -69.1403, 27.92254, 1, 1, 1, True
34.89469, 8.059172, -69.1403, 27.92254, 1, 1, 1, True
34.89875, 8.059172, -69.1403, 27.92254, 1, 1, 1, True
34.90271, 8.059172, -69.1403, 27.92254, 1, 1, 1, True
34.90656, 8.059172, -69.1403, 27.92254, 1, 1, 1, True
34.91081, 8.059172, -69.1403, 27.92254, 1, 1, 1, True
34.91457, 8.059172, -69.1403, 27.92254, 1, 1, 1, True
34.91887, 8.059172, -69.1403, 27.92254, 1, 1, 1, True
34.92268, 8.059172, -69.1403, 27.92254, 1, 1, 1, True
34.9468, 8.059172, -69.1403, 27.92254, 1, 1, 1, True
34.95501, 8.059172, -69.1403, 27.92254, 1, 1, 1, True
34.96692, 8.059172, -69.1403, 27.92254, 1, 1, 1, True
34.98704, 8.059172, -69.1403, 27.92254, 1, 1, 1, True
34.99063, 8.059172, -69.1403, 27.92254, 1, 1, 1, True
34.99477, 8.059172, -69.1403, 27.92254, 1, 1, 1, True
34.99866, 8.059172, -69.1403, 27.92254, 1, 1, 1, True
35.00277, 8.059172, -69.1403, 27.92254, 1, 1, 1, True
35.00677, 8.059172, -69.1403, 27.92254, 1, 1, 1, True
35.01066, 8.059172, -69.1403, 27.92254, 1, 1, 1, True
35.01462, 8.059172, -69.1403, 27.92254, 1, 1, 1, True
35.01866, 8.059172, -69.1403, 27.92254, 1, 1, 1, True
35.02267, 8.059172, -69.1403, 27.92254, 1, 1, 1, True
35.02671, 8.059172, -69.1403, 27.92254, 1, 1, 1, True
35.03076, 8.059172, -69.1403, 27.92254, 1, 1, 1, True
35.03478, 8.059172, -69.1403, 27.92254, 1, 1, 1, True
35.0385, 8.059172, -69.1403, 27.92254, 1, 1, 1, True
35.04283, 8.059172, -69.1403, 27.92254, 1, 1, 1, True
35.04663, 8.059172, -69.1403, 27.92254, 1, 1, 1, True
35.05058, 8.059172, -69.1403, 27.92254, 1, 1, 1, True
35.05474, 8.059172, -69.1403, 27.92254, 1, 1, 1, True
35.0587, 8.059172, -69.1403, 27.92254, 1, 1, 1, True
35.06284, 8.059172, -69.1403, 27.92254, 1, 1, 1, True
35.06664, 8.059172, -69.1403, 27.92254, 1, 1, 1, True
35.07079, 8.059172, -69.1403, 27.92254, 1, 1, 1, True
35.07463, 8.059172, -69.1403, 27.92254, 1, 1, 1, True
35.07857, 8.059172, -69.1403, 27.92254, 1, 1, 1, True
35.08278, 8.059172, -69.1403, 27.92254, 1, 1, 1, True
35.08658, 8.059172, -69.1403, 27.92254, 1, 1, 1, True
35.10724, 8.059172, -69.1403, 27.92254, 1, 1, 1, True
35.11071, 8.059172, -69.1403, 27.92254, 1, 1, 1, True
35.13496, 8.059172, -69.1403, 27.92254, 1, 1, 1, True
35.13862, 8.059172, -69.1403, 27.92254, 1, 1, 1, True
35.14282, 8.059172, -69.1403, 27.92254, 1, 1, 1, True
35.14665, 8.059172, -69.1403, 27.92254, 1, 1, 1, True
35.1506, 8.059172, -69.1403, 27.92254, 1, 1, 1, True
35.15487, 8.059172, -69.1403, 27.92254, 1, 1, 1, True
35.15875, 8.059172, -69.1403, 27.92254, 1, 1, 1, True
35.1626, 8.059172, -69.1403, 27.92254, 1, 1, 1, True
35.16676, 8.059172, -69.1403, 27.92254, 1, 1, 1, True
35.17075, 8.059172, -69.1403, 27.92254, 1, 1, 1, True
35.17476, 8.059172, -69.1403, 27.92254, 1, 1, 1, True
35.17869, 8.059172, -69.1403, 27.92254, 1, 1, 1, True
35.18279, 8.059172, -69.1403, 27.92254, 1, 1, 1, True
35.18662, 8.059172, -69.1403, 27.92254, 1, 1, 1, True
35.19073, 8.059172, -69.1403, 27.92254, 1, 1, 1, True
35.19471, 8.059172, -69.1403, 27.92254, 1, 1, 1, True
35.19861, 8.059172, -69.1403, 27.92254, 1, 1, 1, True
35.20277, 8.059172, -69.1403, 27.92254, 1, 1, 1, True
35.20652, 8.059172, -69.1403, 27.92254, 1, 1, 1, True
35.21079, 8.059172, -69.1403, 27.92254, 1, 1, 1, True
35.21476, 8.059172, -69.1403, 27.92254, 1, 1, 1, True
35.21873, 8.059172, -69.1403, 27.92254, 1, 1, 1, True
35.22273, 8.059172, -69.1403, 27.92254, 1, 1, 1, True
35.22657, 8.059172, -69.1403, 27.92254, 1, 1, 1, True
35.2306, 8.059172, -69.1403, 27.92254, 1, 1, 1, True
35.23471, 8.059172, -69.1403, 27.92254, 1, 1, 1, True
35.23878, 8.059172, -69.1403, 27.92254, 1, 1, 1, True
35.2427, 8.059172, -69.1403, 27.92254, 1, 1, 1, True
35.24668, 8.059172, -69.1403, 27.92254, 1, 1, 1, True
35.25073, 8.059172, -69.1403, 27.92254, 1, 1, 1, True
35.25482, 8.059172, -69.1403, 27.92254, 1, 1, 1, True
35.27481, 8.059172, -69.1403, 27.92254, 1, 1, 1, True
35.27901, 8.059172, -69.1403, 27.92254, 1, 1, 1, True
35.30306, 8.059172, -69.1403, 27.92254, 1, 1, 1, True
35.30652, 8.059172, -69.1403, 27.92254, 1, 1, 1, True
35.31081, 8.059172, -69.1403, 27.92254, 1, 1, 1, True
35.31469, 8.059172, -69.1403, 27.92254, 1, 1, 1, True
35.31874, 8.059172, -69.1403, 27.92254, 1, 1, 1, True
35.32257, 8.059172, -69.1403, 27.92254, 1, 1, 1, True
35.32898, 8.059172, -69.1403, 27.92254, 1, 1, 1, True
35.34835, 8.059172, -69.1403, 27.92254, 1, 1, 1, True
35.3551, 8.059172, -69.1403, 27.92254, 1, 1, 1, True
35.35859, 8.059172, -69.1403, 27.92254, 1, 1, 1, True
35.36277, 8.059172, -69.1403, 27.92254, 1, 1, 1, True
35.36665, 8.059172, -69.1403, 27.92254, 1, 1, 1, True
35.37082, 8.059172, -69.1403, 27.92254, 1, 1, 1, True
35.37463, 8.059172, -69.1403, 27.92254, 1, 1, 1, True
35.37865, 8.059172, -69.1403, 27.92254, 1, 1, 1, True
35.38282, 8.059172, -69.1403, 27.92254, 1, 1, 1, True
35.38657, 8.059172, -69.1403, 27.92254, 1, 1, 1, True
35.39077, 8.059172, -69.1403, 27.92254, 1, 1, 1, True
35.39466, 8.059172, -69.1403, 27.92254, 1, 1, 1, True
35.39858, 8.059172, -69.1403, 27.92254, 1, 1, 1, True
35.4033, 8.059172, -69.1403, 27.92254, 1, 1, 1, True
35.42266, 8.059172, -69.1403, 27.92254, 1, 1, 1, True
35.42691, 8.059172, -69.1403, 27.92254, 1, 1, 1, True
35.43066, 8.059172, -69.1403, 27.92254, 1, 1, 1, True
35.43484, 8.059172, -69.1403, 27.92254, 1, 1, 1, True
35.43866, 8.059172, -69.1403, 27.92254, 1, 1, 1, True
35.44276, 8.059172, -69.1403, 27.92254, 1, 1, 1, True
35.44651, 8.059172, -69.1403, 27.92254, 1, 1, 1, True
35.45087, 8.059172, -69.1403, 27.92254, 1, 1, 1, True
35.47084, 8.059172, -69.1403, 27.92254, 1, 1, 1, True
35.47478, 8.059172, -69.1403, 27.92254, 1, 1, 1, True
35.47863, 8.059172, -69.1403, 27.92254, 1, 1, 1, True
35.48269, 8.059172, -69.1403, 27.92254, 1, 1, 1, True
35.48674, 8.059172, -69.1403, 27.92254, 1, 1, 1, True
35.4907, 8.059172, -69.1403, 27.92254, 1, 1, 1, True
35.49487, 8.059172, -69.1403, 27.92254, 1, 1, 1, True
35.49866, 8.059172, -69.1403, 27.92254, 1, 1, 1, True
35.50275, 8.059172, -69.1403, 27.92254, 1, 1, 1, True
35.50646, 8.059172, -69.1403, 27.92254, 1, 1, 1, True
35.5108, 8.059172, -69.1403, 27.92254, 1, 1, 1, True
35.51464, 8.059172, -69.1403, 27.92254, 1, 1, 1, True
35.51862, 8.059172, -69.1403, 27.92254, 1, 1, 1, True
35.52255, 8.059172, -69.1403, 27.92254, 1, 1, 1, True
35.52653, 8.059172, -69.1403, 27.92254, 1, 1, 1, True
35.53081, 8.059172, -69.1403, 27.92254, 1, 1, 1, True
35.53469, 8.059172, -69.1403, 27.92254, 1, 1, 1, True
35.53873, 8.059172, -69.1403, 27.92254, 1, 1, 1, True
35.54268, 8.059172, -69.1403, 27.92254, 1, 1, 1, True
35.5467, 8.059172, -69.1403, 27.92254, 1, 1, 1, True
35.55075, 8.059172, -69.1403, 27.92254, 1, 1, 1, True
35.55474, 8.059172, -69.1403, 27.92254, 1, 1, 1, True
35.55868, 8.059172, -69.1403, 27.92254, 1, 1, 1, True
35.56263, 8.059172, -69.1403, 27.92254, 1, 1, 1, True
35.56677, 8.059172, -69.1403, 27.92254, 1, 1, 1, True
35.57074, 8.059172, -69.1403, 27.92254, 1, 1, 1, True
35.57465, 8.059172, -69.1403, 27.92254, 1, 1, 1, True
35.57872, 8.059172, -69.1403, 27.92254, 1, 1, 1, True
35.58273, 8.059172, -69.1403, 27.92254, 1, 1, 1, True
35.58663, 8.059172, -69.1403, 27.92254, 1, 1, 1, True
35.59071, 8.059172, -69.1403, 27.92254, 1, 1, 1, True
35.61088, 8.059172, -69.1403, 27.92254, 1, 1, 1, True
35.61478, 8.059172, -69.1403, 27.92254, 1, 1, 1, True
35.61892, 8.059172, -69.1403, 27.92254, 1, 1, 1, True
35.6227, 8.059172, -69.1403, 27.92254, 1, 1, 1, True
35.62672, 8.059172, -69.1403, 27.92254, 1, 1, 1, True
35.63071, 8.059172, -69.1403, 27.92254, 1, 1, 1, True
35.63476, 8.059172, -69.1403, 27.92254, 1, 1, 1, True
35.63872, 8.059172, -69.1403, 27.92254, 1, 1, 1, True
35.64267, 8.059172, -69.1403, 27.92254, 1, 1, 1, True
35.64666, 8.059172, -69.1403, 27.92254, 1, 1, 1, True
35.65075, 8.059172, -69.1403, 27.92254, 1, 1, 1, True
35.65454, 8.059172, -69.1403, 27.92254, 1, 1, 1, True
35.65882, 8.059172, -69.1403, 27.92254, 1, 1, 1, True
35.66254, 8.059172, -69.1403, 27.92254, 1, 1, 1, True
35.66676, 8.059172, -69.1403, 27.92254, 1, 1, 1, True
35.67069, 8.059172, -69.1403, 27.92254, 1, 1, 1, True
35.67451, 8.059172, -69.1403, 27.92254, 1, 1, 1, True
35.67864, 8.059172, -69.1403, 27.92254, 1, 1, 1, True
35.68275, 8.059172, -69.1403, 27.92254, 1, 1, 1, True
35.68657, 8.059172, -69.1403, 27.92254, 1, 1, 1, True
35.6906, 8.059172, -69.1403, 27.92254, 1, 1, 1, True
35.69475, 8.059172, -69.1403, 27.92254, 1, 1, 1, True
35.69874, 8.059172, -69.1403, 27.92254, 1, 1, 1, True
35.70251, 8.059172, -69.1403, 27.92254, 1, 1, 1, True
35.70667, 8.059172, -69.1403, 27.92254, 1, 1, 1, True
35.71066, 8.059172, -69.1403, 27.92254, 1, 1, 1, True
35.71486, 8.059172, -69.1403, 27.92254, 1, 1, 1, True
35.71854, 8.059172, -69.1403, 27.92254, 1, 1, 1, True
35.72266, 8.059172, -69.1403, 27.92254, 1, 1, 1, True
35.72658, 8.059172, -69.1403, 27.92254, 1, 1, 1, True
35.7309, 8.059172, -69.1403, 27.92254, 1, 1, 1, True
35.75505, 8.059172, -69.1403, 27.92254, 1, 1, 1, True
35.7588, 8.059172, -69.1403, 27.92254, 1, 1, 1, True
35.76274, 8.059172, -69.1403, 27.92254, 1, 1, 1, True
35.76663, 8.059172, -69.1403, 27.92254, 1, 1, 1, True
35.77074, 8.059172, -69.1403, 27.92254, 1, 1, 1, True
35.77486, 8.059172, -69.1403, 27.92254, 1, 1, 1, True
35.77863, 8.059172, -69.1403, 27.92254, 1, 1, 1, True
35.78269, 8.059172, -69.1403, 27.92254, 1, 1, 1, True
35.78671, 8.059172, -69.1403, 27.92254, 1, 1, 1, True
35.79068, 8.059172, -69.1403, 27.92254, 1, 1, 1, True
35.79481, 8.059172, -69.1403, 27.92254, 1, 1, 1, True
35.79871, 8.059172, -69.1403, 27.92254, 1, 1, 1, True
35.80277, 8.059172, -69.1403, 27.92254, 1, 1, 1, True
35.80654, 8.059172, -69.1403, 27.92254, 1, 1, 1, True
35.81076, 8.059172, -69.1403, 27.92254, 1, 1, 1, True
35.81459, 8.059172, -69.1403, 27.92254, 1, 1, 1, True
35.81885, 8.059172, -69.1403, 27.92254, 1, 1, 1, True
35.82251, 8.059172, -69.1403, 27.92254, 1, 1, 1, True
35.82659, 8.059172, -69.1403, 27.92254, 1, 1, 1, True
35.83086, 8.059172, -69.1403, 27.92254, 1, 1, 1, True
35.83469, 8.059172, -69.1403, 27.92254, 1, 1, 1, True
35.83885, 8.059172, -69.1403, 27.92254, 1, 1, 1, True
35.84258, 8.059172, -69.1403, 27.92254, 1, 1, 1, True
35.84654, 8.059172, -69.1403, 27.92254, 1, 1, 1, True
35.85084, 8.059172, -69.1403, 27.92254, 1, 1, 1, True
35.85472, 8.059172, -69.1403, 27.92254, 1, 1, 1, True
35.85856, 8.059172, -69.1403, 27.92254, 1, 1, 1, True
35.86279, 8.059172, -69.1403, 27.92254, 1, 1, 1, True
35.86668, 8.059172, -69.1403, 27.92254, 1, 1, 1, True
35.87072, 8.059172, -69.1403, 27.92254, 1, 1, 1, True
35.87481, 8.059172, -69.1403, 27.92254, 1, 1, 1, True
35.89476, 8.059172, -69.1403, 27.92254, 1, 1, 1, True
35.89853, 8.059172, -69.1403, 27.92254, 1, 1, 1, True
35.90279, 8.059172, -69.1403, 27.92254, 1, 1, 1, True
35.90658, 8.059172, -69.1403, 27.92254, 1, 1, 1, True
35.91066, 8.059172, -69.1403, 27.92254, 1, 1, 1, True
35.91477, 8.059172, -69.1403, 27.92254, 1, 1, 1, True
35.91858, 8.059172, -69.1403, 27.92254, 1, 1, 1, True
35.92256, 8.059172, -69.1403, 27.92254, 1, 1, 1, True
35.92671, 8.059172, -69.1403, 27.92254, 1, 1, 1, True
35.93052, 8.059172, -69.1403, 27.92254, 1, 1, 1, True
35.93469, 8.059172, -69.1403, 27.92254, 1, 1, 1, True
35.93874, 8.059172, -69.1403, 27.92254, 1, 1, 1, True
35.94269, 8.059172, -69.1403, 27.92254, 1, 1, 1, True
35.94655, 8.059172, -69.1403, 27.92254, 1, 1, 1, True
35.95083, 8.059172, -69.1403, 27.92254, 1, 1, 1, True
35.95474, 8.059172, -69.1403, 27.92254, 1, 1, 1, True
35.95867, 8.059172, -69.1403, 27.92254, 1, 1, 1, True
35.96289, 8.059172, -69.1403, 27.92254, 1, 1, 1, True
35.96665, 8.059172, -69.1403, 27.92254, 1, 1, 1, True
35.9708, 8.059172, -69.1403, 27.92254, 1, 1, 1, True
35.97459, 8.059172, -69.1403, 27.92254, 1, 1, 1, True
35.9788, 8.059172, -69.1403, 27.92254, 1, 1, 1, True
35.98265, 8.059172, -69.1403, 27.92254, 1, 1, 1, True
35.98672, 8.059172, -69.1403, 27.92254, 1, 1, 1, True
35.99068, 8.059172, -69.1403, 27.92254, 1, 1, 1, True
35.99454, 8.059172, -69.1403, 27.92254, 1, 1, 1, True
35.99886, 8.059172, -69.1403, 27.92254, 1, 1, 1, True
36.00269, 8.059172, -69.1403, 27.92254, 1, 1, 1, True
36.0067, 8.059172, -69.1403, 27.92254, 1, 1, 1, True
36.0107, 8.059172, -69.1403, 27.92254, 1, 1, 1, True
36.01492, 8.059172, -69.1403, 27.92254, 1, 1, 1, True
36.03864, 8.059172, -69.1403, 27.92254, 1, 1, 1, True
36.06304, 8.059172, -69.1403, 27.92254, 1, 1, 1, True
36.08298, 8.059172, -69.1403, 27.92254, 1, 1, 1, True
36.10345, 8.059172, -69.1403, 27.92254, 1, 1, 1, True
36.12717, 8.059172, -69.1403, 27.92254, 1, 1, 1, True
36.14788, 8.059172, -69.1403, 27.92254, 1, 1, 1, True
36.15052, 8.059172, -69.1403, 27.92254, 1, 1, 1, True
36.15486, 8.059172, -69.1403, 27.92254, 1, 1, 1, True
36.17568, 8.059172, -69.1403, 27.92254, 1, 1, 1, True
36.17887, 8.059172, -69.1403, 27.92254, 1, 1, 1, True
36.20304, 8.059172, -69.1403, 27.92254, 1, 1, 1, True
36.20669, 8.059172, -69.1403, 27.92254, 1, 1, 1, True
36.21131, 8.059172, -69.1403, 27.92254, 1, 1, 1, True
36.21465, 8.059172, -69.1403, 27.92254, 1, 1, 1, True
36.21875, 8.059172, -69.1403, 27.92254, 1, 1, 1, True
36.22267, 8.059172, -69.1403, 27.92254, 1, 1, 1, True
36.22671, 8.059172, -69.1403, 27.92254, 1, 1, 1, True
36.23063, 8.059172, -69.1403, 27.92254, 1, 1, 1, True
36.23488, 8.059172, -69.1403, 27.92254, 1, 1, 1, True
36.23866, 8.059172, -69.1403, 27.92254, 1, 1, 1, True
36.24268, 8.059172, -69.1403, 27.92254, 1, 1, 1, True
36.24672, 8.059172, -69.1403, 27.92254, 1, 1, 1, True
36.25076, 8.059172, -69.1403, 27.92254, 1, 1, 1, True
36.25477, 8.059172, -69.1403, 27.92254, 1, 1, 1, True
36.25869, 8.059172, -69.1403, 27.92254, 1, 1, 1, True
36.2627, 8.059172, -69.1403, 27.92254, 1, 1, 1, True
36.26674, 8.059172, -69.1403, 27.92254, 1, 1, 1, True
36.27074, 8.059172, -69.1403, 27.92254, 1, 1, 1, True
36.27456, 8.059172, -69.1403, 27.92254, 1, 1, 1, True
36.27869, 8.059172, -69.1403, 27.92254, 1, 1, 1, True
36.28286, 8.059172, -69.1403, 27.92254, 1, 1, 1, True
36.30379, 8.059172, -69.1403, 27.92254, 1, 1, 1, True
36.30657, 8.059172, -69.1403, 27.92254, 1, 1, 1, True
36.31093, 8.059172, -69.1403, 27.92254, 1, 1, 1, True
36.31474, 8.059172, -69.1403, 27.92254, 1, 1, 1, True
36.31876, 8.059172, -69.1403, 27.92254, 1, 1, 1, True
36.32267, 8.059172, -69.1403, 27.92254, 1, 1, 1, True
36.32671, 8.059172, -69.1403, 27.92254, 1, 1, 1, True
36.33077, 8.059172, -69.1403, 27.92254, 1, 1, 1, True
36.33478, 8.059172, -69.1403, 27.92254, 1, 1, 1, True
36.33919, 8.059172, -69.1403, 27.92254, 1, 1, 1, True
36.3427, 8.059172, -69.1403, 27.92254, 1, 1, 1, True
36.34689, 8.059172, -69.1403, 27.92254, 1, 1, 1, True
36.35059, 8.059172, -69.1403, 27.92254, 1, 1, 1, True
36.35459, 8.059172, -69.1403, 27.92254, 1, 1, 1, True
36.3587, 8.059172, -69.1403, 27.92254, 1, 1, 1, True
36.36275, 8.059172, -69.1403, 27.92254, 1, 1, 1, True
36.36662, 8.059172, -69.1403, 27.92254, 1, 1, 1, True
36.37094, 8.059172, -69.1403, 27.92254, 1, 1, 1, True
36.39111, 8.059172, -69.1403, 27.92254, 1, 1, 1, True
36.39457, 8.059172, -69.1403, 27.92254, 1, 1, 1, True
36.39876, 8.059172, -69.1403, 27.92254, 1, 1, 1, True
36.40274, 8.059172, -69.1403, 27.92254, 1, 1, 1, True
36.42282, 8.059172, -69.1403, 27.92254, 1, 1, 1, True
36.42676, 8.059172, -69.1403, 27.92254, 1, 1, 1, True
36.43071, 8.059172, -69.1403, 27.92254, 1, 1, 1, True
36.43486, 8.059172, -69.1403, 27.92254, 1, 1, 1, True
36.43863, 8.059172, -69.1403, 27.92254, 1, 1, 1, True
36.44281, 8.059172, -69.1403, 27.92254, 1, 1, 1, True
36.44667, 8.059172, -69.1403, 27.92254, 1, 1, 1, True
36.4507, 8.059172, -69.1403, 27.92254, 1, 1, 1, True
36.45491, 8.059172, -69.1403, 27.92254, 1, 1, 1, True
36.47484, 8.059172, -69.1403, 27.92254, 1, 1, 1, True
36.49895, 8.059172, -69.1403, 27.92254, 1, 1, 1, True
36.50287, 8.059172, -69.1403, 27.92254, 1, 1, 1, True
36.50664, 8.059172, -69.1403, 27.92254, 1, 1, 1, True
36.51059, 8.059172, -69.1403, 27.92254, 1, 1, 1, True
36.51475, 8.059172, -69.1403, 27.92254, 1, 1, 1, True
36.51877, 8.059172, -69.1403, 27.92254, 1, 1, 1, True
36.52266, 8.059172, -69.1403, 27.92254, 1, 1, 1, True
36.5266, 8.059172, -69.1403, 27.92254, 1, 1, 1, True
36.53073, 8.059172, -69.1403, 27.92254, 1, 1, 1, True
36.53476, 8.059172, -69.1403, 27.92254, 1, 1, 1, True
36.53849, 8.059172, -69.1403, 27.92254, 1, 1, 1, True
36.54278, 8.059172, -69.1403, 27.92254, 1, 1, 1, True
36.54667, 8.059172, -69.1403, 27.92254, 1, 1, 1, True
36.55053, 8.059172, -69.1403, 27.92254, 1, 1, 1, True
36.55474, 8.059172, -69.1403, 27.92254, 1, 1, 1, True
36.55862, 8.059172, -69.1403, 27.92254, 1, 1, 1, True
36.56274, 8.059172, -69.1403, 27.92254, 1, 1, 1, True
36.56664, 8.059172, -69.1403, 27.92254, 1, 1, 1, True
36.57083, 8.059172, -69.1403, 27.92254, 1, 1, 1, True
36.57468, 8.059172, -69.1403, 27.92254, 1, 1, 1, True
36.5786, 8.059172, -69.1403, 27.92254, 1, 1, 1, True
36.58284, 8.059172, -69.1403, 27.92254, 1, 1, 1, True
36.58663, 8.059172, -69.1403, 27.92254, 1, 1, 1, True
36.59069, 8.059172, -69.1403, 27.92254, 1, 1, 1, True
36.59475, 8.059172, -69.1403, 27.92254, 1, 1, 1, True
36.59873, 8.059172, -69.1403, 27.92254, 1, 1, 1, True
36.60256, 8.059172, -69.1403, 27.92254, 1, 1, 1, True
36.60656, 8.059172, -69.1403, 27.92254, 1, 1, 1, True
36.61084, 8.059172, -69.1403, 27.92254, 1, 1, 1, True
36.61486, 8.059172, -69.1403, 27.92254, 1, 1, 1, True
36.63487, 8.059172, -69.1403, 27.92254, 1, 1, 1, True
36.63855, 8.059172, -69.1403, 27.92254, 1, 1, 1, True
36.64292, 8.059172, -69.1403, 27.92254, 1, 1, 1, True
36.64663, 8.059172, -69.1403, 27.92254, 1, 1, 1, True
36.65082, 8.059172, -69.1403, 27.92254, 1, 1, 1, True
36.65472, 8.059172, -69.1403, 27.92254, 1, 1, 1, True
36.65863, 8.059172, -69.1403, 27.92254, 1, 1, 1, True
36.66284, 8.059172, -69.1403, 27.92254, 1, 1, 1, True
36.66662, 8.059172, -69.1403, 27.92254, 1, 1, 1, True
36.67107, 8.059172, -69.1403, 27.92254, 1, 1, 1, True
36.67471, 8.059172, -69.1403, 27.92254, 1, 1, 1, True
36.67862, 8.059172, -69.1403, 27.92254, 1, 1, 1, True
36.68266, 8.059172, -69.1403, 27.92254, 1, 1, 1, True
36.68679, 8.059172, -69.1403, 27.92254, 1, 1, 1, True
36.6907, 8.059172, -69.1403, 27.92254, 1, 1, 1, True
36.69494, 8.059172, -69.1403, 27.92254, 1, 1, 1, True
36.69869, 8.059172, -69.1403, 27.92254, 1, 1, 1, True
36.70275, 8.059172, -69.1403, 27.92254, 1, 1, 1, True
36.70652, 8.059172, -69.1403, 27.92254, 1, 1, 1, True
36.71078, 8.059172, -69.1403, 27.92254, 1, 1, 1, True
36.7145, 8.059172, -69.1403, 27.92254, 1, 1, 1, True
36.7189, 8.059172, -69.1403, 27.92254, 1, 1, 1, True
36.7225, 8.059172, -69.1403, 27.92254, 1, 1, 1, True
36.7267, 8.059172, -69.1403, 27.92254, 1, 1, 1, True
36.73088, 8.059172, -69.1403, 27.92254, 1, 1, 1, True
36.73465, 8.059172, -69.1403, 27.92254, 1, 1, 1, True
36.7387, 8.059172, -69.1403, 27.92254, 1, 1, 1, True
36.7426, 8.059172, -69.1403, 27.92254, 1, 1, 1, True
36.74675, 8.059172, -69.1403, 27.92254, 1, 1, 1, True
36.75079, 8.059172, -69.1403, 27.92254, 1, 1, 1, True
36.77136, 8.059172, -69.1403, 27.92254, 1, 1, 1, True
36.79499, 8.059172, -69.1403, 27.92254, 1, 1, 1, True
36.82691, 8.059172, -69.1403, 27.92254, 1, 1, 1, True
36.83501, 8.059172, -69.1403, 27.92254, 1, 1, 1, True
36.8386, 8.059172, -69.1403, 27.92254, 1, 1, 1, True
36.84283, 8.059172, -69.1403, 27.92254, 1, 1, 1, True
36.84669, 8.059172, -69.1403, 27.92254, 1, 1, 1, True
36.85087, 8.059172, -69.1403, 27.92254, 1, 1, 1, True
36.85471, 8.059172, -69.1403, 27.92254, 1, 1, 1, True
36.85871, 8.059172, -69.1403, 27.92254, 1, 1, 1, True
36.86273, 8.059172, -69.1403, 27.92254, 1, 1, 1, True
36.86675, 8.059172, -69.1403, 27.92254, 1, 1, 1, True
36.87053, 8.059172, -69.1403, 27.92254, 1, 1, 1, True
36.87484, 8.059172, -69.1403, 27.92254, 1, 1, 1, True
36.87859, 8.059172, -69.1403, 27.92254, 1, 1, 1, True
36.88277, 8.059172, -69.1403, 27.92254, 1, 1, 1, True
36.88665, 8.059172, -69.1403, 27.92254, 1, 1, 1, True
36.89063, 8.059172, -69.1403, 27.92254, 1, 1, 1, True
36.89449, 8.059172, -69.1403, 27.92254, 1, 1, 1, True
36.89888, 8.059172, -69.1403, 27.92254, 1, 1, 1, True
36.90265, 8.059172, -69.1403, 27.92254, 1, 1, 1, True
36.90668, 8.059172, -69.1403, 27.92254, 1, 1, 1, True
36.91066, 8.059172, -69.1403, 27.92254, 1, 1, 1, True
36.91477, 8.059172, -69.1403, 27.92254, 1, 1, 1, True
36.91884, 8.059172, -69.1403, 27.92254, 1, 1, 1, True
36.92258, 8.059172, -69.1403, 27.92254, 1, 1, 1, True
36.92668, 8.059172, -69.1403, 27.92254, 1, 1, 1, True
36.93075, 8.059172, -69.1403, 27.92254, 1, 1, 1, True
36.93447, 8.059172, -69.1403, 27.92254, 1, 1, 1, True
36.93885, 8.059172, -69.1403, 27.92254, 1, 1, 1, True
36.94262, 8.059172, -69.1403, 27.92254, 1, 1, 1, True
36.94687, 8.059172, -69.1403, 27.92254, 1, 1, 1, True
36.96714, 8.059172, -69.1403, 27.92254, 1, 1, 1, True
36.97081, 8.059172, -69.1403, 27.92254, 1, 1, 1, True
36.97459, 8.059172, -69.1403, 27.92254, 1, 1, 1, True
36.97865, 8.059172, -69.1403, 27.92254, 1, 1, 1, True
36.98272, 8.059172, -69.1403, 27.92254, 1, 1, 1, True
36.98669, 8.059172, -69.1403, 27.92254, 1, 1, 1, True
36.99075, 8.059172, -69.1403, 27.92254, 1, 1, 1, True
36.99467, 8.059172, -69.1403, 27.92254, 1, 1, 1, True
36.9988, 8.059172, -69.1403, 27.92254, 1, 1, 1, True
37.00274, 8.059172, -69.1403, 27.92254, 1, 1, 1, True
37.00651, 8.059172, -69.1403, 27.92254, 1, 1, 1, True
37.01079, 8.059172, -69.1403, 27.92254, 1, 1, 1, True
37.01475, 8.059172, -69.1403, 27.92254, 1, 1, 1, True
37.01888, 8.059172, -69.1403, 27.92254, 1, 1, 1, True
37.02262, 8.059172, -69.1403, 27.92254, 1, 1, 1, True
37.02671, 8.059172, -69.1403, 27.92254, 1, 1, 1, True
37.03067, 8.059172, -69.1403, 27.92254, 1, 1, 1, True
37.04481, 8.059172, -69.1403, 27.92254, 1, 1, 1, True
37.14481, 8.059172, -69.1403, 27.92254, 1, 1, 1, True
37.15866, 8.059172, -69.1403, 27.92254, 1, 1, 1, True
37.25866, 8.059172, -69.1403, 27.92254, 1, 1, 1, True
37.28349, 8.059172, -69.1403, 27.92254, 1, 1, 1, True
37.29427, 8.059172, -69.1403, 27.92254, 1, 1, 1, True
37.30657, 8.059172, -69.1403, 27.92254, 1, 1, 1, True
37.31856, 8.059172, -69.1403, 27.92254, 1, 1, 1, True
37.33066, 8.059172, -69.1403, 27.92254, 1, 1, 1, True
37.3463, 8.059172, -69.1403, 27.92254, 1, 1, 1, True
37.35851, 8.059172, -69.1403, 27.92254, 1, 1, 1, True
37.37061, 8.059172, -69.1403, 27.92254, 1, 1, 1, True
37.38251, 8.059172, -69.1403, 27.92254, 1, 1, 1, True
37.39906, 8.059172, -69.1403, 27.92254, 1, 1, 1, True
37.43071, 8.059172, -69.1403, 27.92254, 1, 1, 1, True
37.44664, 8.059172, -69.1403, 27.92254, 1, 1, 1, True
37.46646, 8.059172, -69.1403, 27.92254, 1, 1, 1, True
37.47849, 8.059172, -69.1403, 27.92254, 1, 1, 1, True
37.49049, 8.059172, -69.1403, 27.92254, 1, 1, 1, True
37.50249, 8.059172, -69.1403, 27.92254, 1, 1, 1, True
37.5143, 8.059172, -69.1403, 27.92254, 1, 1, 1, True
37.52249, 8.059172, -69.1403, 27.92254, 1, 1, 1, True
37.5346, 8.059172, -69.1403, 27.92254, 1, 1, 1, True
37.54637, 8.059172, -69.1403, 27.92254, 1, 1, 1, True
37.55865, 8.059172, -69.1403, 27.92254, 1, 1, 1, True
37.57039, 8.059172, -69.1403, 27.92254, 1, 1, 1, True
37.58335, 8.059172, -69.1403, 27.92254, 1, 1, 1, True
37.59861, 8.059172, -69.1403, 27.92254, 1, 1, 1, True
37.63112, 8.059172, -69.1403, 27.92254, 1, 1, 1, True
37.67126, 8.059172, -69.1403, 27.92254, 1, 1, 1, True
37.68779, 8.059172, -69.1403, 27.92254, 1, 1, 1, True
37.69941, 8.059172, -69.1403, 27.92254, 1, 1, 1, True
37.71172, 8.059172, -69.1403, 27.92254, 1, 1, 1, True
37.72328, 8.059172, -69.1403, 27.92254, 1, 1, 1, True
37.74367, 8.059172, -69.1403, 27.92254, 1, 1, 1, True
37.75567, 8.059172, -69.1403, 27.92254, 1, 1, 1, True
37.76765, 8.059172, -69.1403, 27.92254, 1, 1, 1, True
37.77937, 8.059172, -69.1403, 27.92254, 1, 1, 1, True
37.78714, 8.059172, -69.1403, 27.92254, 1, 1, 1, True
37.79533, 8.059172, -69.1403, 27.92254, 1, 1, 1, True
37.80317, 8.059172, -69.1403, 27.92254, 1, 1, 1, True
37.81556, 8.059172, -69.1403, 27.92254, 1, 1, 1, True
37.82775, 8.059172, -69.1403, 27.92254, 1, 1, 1, True
37.83929, 8.059172, -69.1403, 27.92254, 1, 1, 1, True
37.85174, 8.059172, -69.1403, 27.92254, 1, 1, 1, True
37.87983, 8.059172, -69.1403, 27.92254, 1, 1, 1, True
37.89146, 8.059172, -69.1403, 27.92254, 1, 1, 1, True
37.90335, 8.059172, -69.1403, 27.92254, 1, 1, 1, True
37.9156, 8.059172, -69.1403, 27.92254, 1, 1, 1, True
37.92748, 8.059172, -69.1403, 27.92254, 1, 1, 1, True
37.93924, 8.059172, -69.1403, 27.92254, 1, 1, 1, True
37.95129, 8.059172, -69.1403, 27.92254, 1, 1, 1, True
37.9673, 8.059172, -69.1403, 27.92254, 1, 1, 1, True
37.97963, 8.059172, -69.1403, 27.92254, 1, 1, 1, True
37.99155, 8.059172, -69.1403, 27.92254, 1, 1, 1, True
38.00357, 8.059172, -69.1403, 27.92254, 1, 1, 1, True
38.01562, 8.059172, -69.1403, 27.92254, 1, 1, 1, True
38.02726, 8.059172, -69.1403, 27.92254, 1, 1, 1, True
38.03922, 8.059172, -69.1403, 27.92254, 1, 1, 1, True
38.05164, 8.059172, -69.1403, 27.92254, 1, 1, 1, True
38.06335, 8.059172, -69.1403, 27.92254, 1, 1, 1, True
38.0754, 8.059172, -69.1403, 27.92254, 1, 1, 1, True
38.08765, 8.059172, -69.1403, 27.92254, 1, 1, 1, True
38.0993, 8.059172, -69.1403, 27.92254, 1, 1, 1, True
38.11155, 8.059172, -69.1403, 27.92254, 1, 1, 1, True
38.12333, 8.059172, -69.1403, 27.92254, 1, 1, 1, True
38.13543, 8.059172, -69.1403, 27.92254, 1, 1, 1, True
38.1476, 8.059172, -69.1403, 27.92254, 1, 1, 1, True
38.15981, 8.059172, -69.1403, 27.92254, 1, 1, 1, True
38.17133, 8.059172, -69.1403, 27.92254, 1, 1, 1, True
38.18752, 8.059172, -69.1403, 27.92254, 1, 1, 1, True
38.19961, 8.059172, -69.1403, 27.92254, 1, 1, 1, True
38.20719, 8.059172, -69.1403, 27.92254, 1, 1, 1, True
38.21929, 8.059172, -69.1403, 27.92254, 1, 1, 1, True
38.23165, 8.059172, -69.1403, 27.92254, 1, 1, 1, True
38.24341, 8.059172, -69.1403, 27.92254, 1, 1, 1, True
38.27942, 8.059172, -69.1403, 27.92254, 1, 1, 1, True
38.29155, 8.059172, -69.1403, 27.92254, 1, 1, 1, True
38.30336, 8.059172, -69.1403, 27.92254, 1, 1, 1, True
38.31528, 8.059172, -69.1403, 27.92254, 1, 1, 1, True
38.32317, 8.059172, -69.1403, 27.92254, 1, 1, 1, True
38.33556, 8.059172, -69.1403, 27.92254, 1, 1, 1, True
38.3476, 8.059172, -69.1403, 27.92254, 1, 1, 1, True
38.35936, 8.059172, -69.1403, 27.92254, 1, 1, 1, True
38.37195, 8.059172, -69.1403, 27.92254, 1, 1, 1, True
38.38337, 8.059172, -69.1403, 27.92254, 1, 1, 1, True
38.39107, 8.059172, -69.1403, 27.92254, 1, 1, 1, True
38.40335, 8.059172, -69.1403, 27.92254, 1, 1, 1, True
38.41928, 8.059172, -69.1403, 27.92254, 1, 1, 1, True
38.42714, 8.059172, -69.1403, 27.92254, 1, 1, 1, True
38.43924, 8.059172, -69.1403, 27.92254, 1, 1, 1, True
38.4472, 8.059172, -69.1403, 27.92254, 1, 1, 1, True
38.45546, 8.059172, -69.1403, 27.92254, 1, 1, 1, True
38.46716, 8.059172, -69.1403, 27.92254, 1, 1, 1, True
38.47524, 8.059172, -69.1403, 27.92254, 1, 1, 1, True
38.48764, 8.059172, -69.1403, 27.92254, 1, 1, 1, True
38.49934, 8.059172, -69.1403, 27.92254, 1, 1, 1, True
38.51119, 8.059172, -69.1403, 27.92254, 1, 1, 1, True
38.52356, 8.059172, -69.1403, 27.92254, 1, 1, 1, True
38.53528, 8.059172, -69.1403, 27.92254, 1, 1, 1, True
38.54726, 8.059172, -69.1403, 27.92254, 1, 1, 1, True
38.58746, 8.059172, -69.1403, 27.92254, 1, 1, 1, True
38.59975, 8.059172, -69.1403, 27.92254, 1, 1, 1, True
38.61178, 8.059172, -69.1403, 27.92254, 1, 1, 1, True
38.62736, 8.059172, -69.1403, 27.92254, 1, 1, 1, True
38.64787, 8.059172, -69.1403, 27.92254, 1, 1, 1, True
38.67156, 8.059172, -69.1403, 27.92254, 1, 1, 1, True
38.71189, 8.059172, -69.1403, 27.92254, 1, 1, 1, True
38.72331, 8.059172, -69.1403, 27.92254, 1, 1, 1, True
38.73535, 8.059172, -69.1403, 27.92254, 1, 1, 1, True
38.74725, 8.059172, -69.1403, 27.92254, 1, 1, 1, True
38.75952, 8.059172, -69.1403, 27.92254, 1, 1, 1, True
38.7712, 8.059172, -69.1403, 27.92254, 1, 1, 1, True
38.78338, 8.059172, -69.1403, 27.92254, 1, 1, 1, True
38.79522, 8.059172, -69.1403, 27.92254, 1, 1, 1, True
38.80739, 8.059172, -69.1403, 27.92254, 1, 1, 1, True
38.81937, 8.059172, -69.1403, 27.92254, 1, 1, 1, True
38.8356, 8.059172, -69.1403, 27.92254, 1, 1, 1, True
38.8556, 8.059172, -69.1403, 27.92254, 1, 1, 1, True
38.87577, 8.059172, -69.1403, 27.92254, 1, 1, 1, True
38.89153, 8.059172, -69.1403, 27.92254, 1, 1, 1, True
38.90761, 8.059172, -69.1403, 27.92254, 1, 1, 1, True
38.92329, 8.059172, -69.1403, 27.92254, 1, 1, 1, True
38.93925, 8.059172, -69.1403, 27.92254, 1, 1, 1, True
38.97047, 8.059172, -69.1403, 27.92254, 1, 1, 1, True
38.98755, 8.059172, -69.1403, 27.92254, 1, 1, 1, True
39.0075, 8.059172, -69.1403, 27.92254, 1, 1, 1, True
39.03542, 8.059172, -69.1403, 27.92254, 1, 1, 1, True
39.05596, 8.059172, -69.1403, 27.92254, 1, 1, 1, True
39.07135, 8.059172, -69.1403, 27.92254, 1, 1, 1, True
39.08336, 8.059172, -69.1403, 27.92254, 1, 1, 1, True
39.09536, 8.059172, -69.1403, 27.92254, 1, 1, 1, True
39.10728, 8.059172, -69.1403, 27.92254, 1, 1, 1, True
39.11926, 8.059172, -69.1403, 27.92254, 1, 1, 1, True
39.13162, 8.059172, -69.1403, 27.92254, 1, 1, 1, True
39.14339, 8.059172, -69.1403, 27.92254, 1, 1, 1, True
39.15532, 8.059172, -69.1403, 27.92254, 1, 1, 1, True
39.16772, 8.059172, -69.1403, 27.92254, 1, 1, 1, True
39.19952, 8.059172, -69.1403, 27.92254, 1, 1, 1, True
39.21138, 8.059172, -69.1403, 27.92254, 1, 1, 1, True
39.22349, 8.059172, -69.1403, 27.92254, 1, 1, 1, True
39.23542, 8.059172, -69.1403, 27.92254, 1, 1, 1, True
39.25122, 8.059172, -69.1403, 27.92254, 1, 1, 1, True
39.27604, 8.059172, -69.1403, 27.92254, 1, 1, 1, True
39.29159, 8.059172, -69.1403, 27.92254, 1, 1, 1, True
39.30754, 8.059172, -69.1403, 27.92254, 1, 1, 1, True
39.32351, 8.059172, -69.1403, 27.92254, 1, 1, 1, True
39.33537, 8.059172, -69.1403, 27.92254, 1, 1, 1, True
39.34768, 8.059172, -69.1403, 27.92254, 1, 1, 1, True
39.35976, 8.059172, -69.1403, 27.92254, 1, 1, 1, True
39.37161, 8.059172, -69.1403, 27.92254, 1, 1, 1, True
39.38338, 8.059172, -69.1403, 27.92254, 1, 1, 1, True
39.39532, 8.059172, -69.1403, 27.92254, 1, 1, 1, True
39.40745, 8.059172, -69.1403, 27.92254, 1, 1, 1, True
39.41961, 8.059172, -69.1403, 27.92254, 1, 1, 1, True
39.43142, 8.059172, -69.1403, 27.92254, 1, 1, 1, True
39.44344, 8.059172, -69.1403, 27.92254, 1, 1, 1, True
39.45555, 8.059172, -69.1403, 27.92254, 1, 1, 1, True
39.46762, 8.059172, -69.1403, 27.92254, 1, 1, 1, True
39.47958, 8.059172, -69.1403, 27.92254, 1, 1, 1, True
39.48717, 8.059172, -69.1403, 27.92254, 1, 1, 1, True
39.4992, 8.059172, -69.1403, 27.92254, 1, 1, 1, True
39.51558, 8.059172, -69.1403, 27.92254, 1, 1, 1, True
39.52754, 8.059172, -69.1403, 27.92254, 1, 1, 1, True
39.53927, 8.059172, -69.1403, 27.92254, 1, 1, 1, True
39.54712, 8.059172, -69.1403, 27.92254, 1, 1, 1, True
39.55531, 8.059172, -69.1403, 27.92254, 1, 1, 1, True
39.57584, 8.059172, -69.1403, 27.92254, 1, 1, 1, True
39.58783, 8.059172, -69.1403, 27.92254, 1, 1, 1, True
39.61951, 8.059172, -69.1403, 27.92254, 1, 1, 1, True
39.63161, 8.059172, -69.1403, 27.92254, 1, 1, 1, True
39.64322, 8.059172, -69.1403, 27.92254, 1, 1, 1, True
39.6512, 8.059172, -69.1403, 27.92254, 1, 1, 1, True
39.65961, 8.059172, -69.1403, 27.92254, 1, 1, 1, True
39.67145, 8.059172, -69.1403, 27.92254, 1, 1, 1, True
39.68327, 8.059172, -69.1403, 27.92254, 1, 1, 1, True
39.69567, 8.059172, -69.1403, 27.92254, 1, 1, 1, True
39.70737, 8.059172, -69.1403, 27.92254, 1, 1, 1, True
39.71947, 8.059172, -69.1403, 27.92254, 1, 1, 1, True
39.7355, 8.059172, -69.1403, 27.92254, 1, 1, 1, True
39.75537, 8.059172, -69.1403, 27.92254, 1, 1, 1, True
39.76742, 8.059172, -69.1403, 27.92254, 1, 1, 1, True
39.77948, 8.059172, -69.1403, 27.92254, 1, 1, 1, True
39.7916, 8.059172, -69.1403, 27.92254, 1, 1, 1, True
39.80761, 8.059172, -69.1403, 27.92254, 1, 1, 1, True
39.8195, 8.059172, -69.1403, 27.92254, 1, 1, 1, True
39.83548, 8.059172, -69.1403, 27.92254, 1, 1, 1, True
39.85607, 8.059172, -69.1403, 27.92254, 1, 1, 1, True
39.87146, 8.059172, -69.1403, 27.92254, 1, 1, 1, True
39.93585, 8.059172, -69.1403, 27.92254, 1, 1, 1, True
39.96408, 8.059172, -69.1403, 27.92254, 1, 1, 1, True
39.97934, 8.059172, -69.1403, 27.92254, 1, 1, 1, True
39.9971, 8.059172, -69.1403, 27.92254, 1, 1, 1, True
40.01283, 8.059172, -69.1403, 27.92254, 1, 1, 1, True
40.03139, 8.059172, -69.1403, 27.92254, 1, 1, 1, True
40.04747, 8.059172, -69.1403, 27.92254, 1, 1, 1, True
40.06369, 8.059172, -69.1403, 27.92254, 1, 1, 1, True
40.07957, 8.059172, -69.1403, 27.92254, 1, 1, 1, True
40.10346, 8.059172, -69.1403, 27.92254, 1, 1, 1, True
40.13971, 8.059172, -69.1403, 27.92254, 1, 1, 1, True
40.23971, 8.059172, -69.1403, 27.92254, 1, 1, 1, True
40.27134, 8.059172, -69.1403, 27.92254, 1, 1, 1, True
40.31113, 8.059172, -69.1403, 27.92254, 1, 1, 1, True
40.32727, 8.059172, -69.1403, 27.92254, 1, 1, 1, True
40.34319, 8.059172, -69.1403, 27.92254, 1, 1, 1, True
40.35538, 8.059172, -69.1403, 27.92254, 1, 1, 1, True
40.37122, 8.059172, -69.1403, 27.92254, 1, 1, 1, True
40.38717, 8.059172, -69.1403, 27.92254, 1, 1, 1, True
40.40381, 8.059172, -69.1403, 27.92254, 1, 1, 1, True
40.41933, 8.059172, -69.1403, 27.92254, 1, 1, 1, True
40.43122, 8.059172, -69.1403, 27.92254, 1, 1, 1, True
40.44384, 8.059172, -69.1403, 27.92254, 1, 1, 1, True
40.45522, 8.059172, -69.1403, 27.92254, 1, 1, 1, True
40.46797, 8.059172, -69.1403, 27.92254, 1, 1, 1, True
40.48322, 8.059172, -69.1403, 27.92254, 1, 1, 1, True
40.49519, 8.059172, -69.1403, 27.92254, 1, 1, 1, True
40.51146, 8.059172, -69.1403, 27.92254, 1, 1, 1, True
40.52705, 8.059172, -69.1403, 27.92254, 1, 1, 1, True
40.55544, 8.059172, -69.1403, 27.92254, 1, 1, 1, True
40.57125, 8.059172, -69.1403, 27.92254, 1, 1, 1, True
40.5893, 8.059172, -69.1403, 27.92254, 1, 1, 1, True
40.60628, 8.059172, -69.1403, 27.92254, 1, 1, 1, True
40.63192, 8.059172, -69.1403, 27.92254, 1, 1, 1, True
40.65417, 8.059172, -69.1403, 27.92254, 1, 1, 1, True
40.68209, 8.059172, -69.1403, 27.92254, 1, 1, 1, True
40.69663, 8.059172, -69.1403, 27.92254, 1, 1, 1, True
40.71126, 8.059172, -69.1403, 27.92254, 1, 1, 1, True
40.73125, 8.059172, -69.1403, 27.92254, 1, 1, 1, True
40.74721, 8.059172, -69.1403, 27.92254, 1, 1, 1, True
40.75925, 8.059172, -69.1403, 27.92254, 1, 1, 1, True
40.77111, 8.059172, -69.1403, 27.92254, 1, 1, 1, True
40.86853, 8.059172, -69.1403, 27.92254, 1, 1, 1, True
40.91136, 8.059172, -69.1403, 27.92254, 1, 1, 1, True
40.94394, 8.059172, -69.1403, 27.92254, 1, 1, 1, True
40.96321, 8.059172, -69.1403, 27.92254, 1, 1, 1, True
40.9791, 8.059172, -69.1403, 27.92254, 1, 1, 1, True
40.9981, 8.059172, -69.1403, 27.92254, 1, 1, 1, True
41.03851, 8.059172, -69.1403, 27.92254, 1, 1, 1, True
41.0431, 8.059172, -69.1403, 27.92254, 1, 1, 1, True
41.06174, 8.059172, -69.1403, 27.92254, 1, 1, 1, True
41.06703, 8.059172, -69.1403, 27.92254, 1, 1, 1, True
41.07358, 8.059172, -69.1403, 27.92254, 1, 1, 1, True
41.07961, 8.059172, -69.1403, 27.92254, 1, 1, 1, True
41.08748, 8.059172, -69.1403, 27.92254, 1, 1, 1, True
41.09126, 8.059172, -69.1403, 27.92254, 1, 1, 1, True
41.0992, 8.059172, -69.1403, 27.92254, 1, 1, 1, True
41.10742, 8.059172, -69.1403, 27.92254, 1, 1, 1, True
41.11544, 8.059172, -69.1403, 27.92254, 1, 1, 1, True
41.119, 8.059172, -69.1403, 27.92254, 1, 1, 1, True
41.12717, 8.059172, -69.1403, 27.92254, 1, 1, 1, True
41.13516, 8.059172, -69.1403, 27.92254, 1, 1, 1, True
41.13976, 8.059172, -69.1403, 27.92254, 1, 1, 1, True
41.14416, 8.059172, -69.1403, 27.92254, 1, 1, 1, True
41.15195, 8.059172, -69.1403, 27.92254, 1, 1, 1, True
41.15914, 8.059172, -69.1403, 27.92254, 1, 1, 1, True
41.1632, 8.059172, -69.1403, 27.92254, 1, 1, 1, True
41.17142, 8.059172, -69.1403, 27.92254, 1, 1, 1, True
41.1796, 8.059172, -69.1403, 27.92254, 1, 1, 1, True
41.18707, 8.059172, -69.1403, 27.92254, 1, 1, 1, True
41.19151, 8.059172, -69.1403, 27.92254, 1, 1, 1, True
41.19911, 8.059172, -69.1403, 27.92254, 1, 1, 1, True
41.2037, 8.059172, -69.1403, 27.92254, 1, 1, 1, True
41.24333, 8.059172, -69.1403, 27.92254, 1, 1, 1, True
41.25161, 8.059172, -69.1403, 27.92254, 1, 1, 1, True
41.26017, 8.059172, -69.1403, 27.92254, 1, 1, 1, True
41.2698, 8.059172, -69.1403, 27.92254, 1, 1, 1, True
41.27519, 8.059172, -69.1403, 27.92254, 1, 1, 1, True
41.2831, 8.059172, -69.1403, 27.92254, 1, 1, 1, True
41.29139, 8.059172, -69.1403, 27.92254, 1, 1, 1, True
41.29522, 8.059172, -69.1403, 27.92254, 1, 1, 1, True
41.29901, 8.059172, -69.1403, 27.92254, 1, 1, 1, True
41.30375, 8.059172, -69.1403, 27.92254, 1, 1, 1, True
41.31138, 8.059172, -69.1403, 27.92254, 1, 1, 1, True
41.31515, 8.059172, -69.1403, 27.92254, 1, 1, 1, True
41.31923, 8.059172, -69.1403, 27.92254, 1, 1, 1, True
41.32308, 8.059172, -69.1403, 27.92254, 1, 1, 1, True
41.33121, 8.059172, -69.1403, 27.92254, 1, 1, 1, True
41.33512, 8.059172, -69.1403, 27.92254, 1, 1, 1, True
41.33925, 8.059172, -69.1403, 27.92254, 1, 1, 1, True
41.34403, 8.059172, -69.1403, 27.92254, 1, 1, 1, True
41.34994, 8.059172, -69.1403, 27.92254, 1, 1, 1, True
41.35516, 8.059172, -69.1403, 27.92254, 1, 1, 1, True
41.35915, 8.059172, -69.1403, 27.92254, 1, 1, 1, True
41.36315, 8.059172, -69.1403, 27.92254, 1, 1, 1, True
41.36778, 8.059172, -69.1403, 27.92254, 1, 1, 1, True
41.37107, 8.059172, -69.1403, 27.92254, 1, 1, 1, True
41.37509, 8.059172, -69.1403, 27.92254, 1, 1, 1, True
41.37904, 8.059172, -69.1403, 27.92254, 1, 1, 1, True
41.38296, 8.059172, -69.1403, 27.92254, 1, 1, 1, True
41.38736, 8.059172, -69.1403, 27.92254, 1, 1, 1, True
41.3919, 8.059172, -69.1403, 27.92254, 1, 1, 1, True
41.39983, 8.059172, -69.1403, 27.92254, 1, 1, 1, True
41.40457, 8.059172, -69.1403, 27.92254, 1, 1, 1, True
41.44347, 8.059172, -69.1403, 27.92254, 1, 1, 1, True
41.44727, 8.059172, -69.1403, 27.92254, 1, 1, 1, True
41.45153, 8.059172, -69.1403, 27.92254, 1, 1, 1, True
41.45983, 8.059172, -69.1403, 27.92254, 1, 1, 1, True
41.46432, 8.059172, -69.1403, 27.92254, 1, 1, 1, True
41.4714, 8.059172, -69.1403, 27.92254, 1, 1, 1, True
41.47662, 8.059172, -69.1403, 27.92254, 1, 1, 1, True
41.48332, 8.059172, -69.1403, 27.92254, 1, 1, 1, True
41.48706, 8.059172, -69.1403, 27.92254, 1, 1, 1, True
41.49111, 8.059172, -69.1403, 27.92254, 1, 1, 1, True
41.49499, 8.059172, -69.1403, 27.92254, 1, 1, 1, True
41.49923, 8.059172, -69.1403, 27.92254, 1, 1, 1, True
41.50361, 8.059172, -69.1403, 27.92254, 1, 1, 1, True
41.51149, 8.059172, -69.1403, 27.92254, 1, 1, 1, True
41.51498, 8.059172, -69.1403, 27.92254, 1, 1, 1, True
41.51906, 8.059172, -69.1403, 27.92254, 1, 1, 1, True
41.52371, 8.059172, -69.1403, 27.92254, 1, 1, 1, True
41.53181, 8.059172, -69.1403, 27.92254, 1, 1, 1, True
41.53596, 8.059172, -69.1403, 27.92254, 1, 1, 1, True
41.54384, 8.059172, -69.1403, 27.92254, 1, 1, 1, True
41.54701, 8.059172, -69.1403, 27.92254, 1, 1, 1, True
41.55114, 8.059172, -69.1403, 27.92254, 1, 1, 1, True
41.55627, 8.059172, -69.1403, 27.92254, 1, 1, 1, True
41.56309, 8.059172, -69.1403, 27.92254, 1, 1, 1, True
41.56712, 8.059172, -69.1403, 27.92254, 1, 1, 1, True
41.57094, 8.059172, -69.1403, 27.92254, 1, 1, 1, True
41.57506, 8.059172, -69.1403, 27.92254, 1, 1, 1, True
41.57897, 8.059172, -69.1403, 27.92254, 1, 1, 1, True
41.58315, 8.059172, -69.1403, 27.92254, 1, 1, 1, True
41.58701, 8.059172, -69.1403, 27.92254, 1, 1, 1, True
41.59146, 8.059172, -69.1403, 27.92254, 1, 1, 1, True
41.6234, 8.059172, -69.1403, 27.92254, 1, 1, 1, True
41.63197, 8.059172, -69.1403, 27.92254, 1, 1, 1, True
41.63499, 8.059172, -69.1403, 27.92254, 1, 1, 1, True
41.63896, 8.059172, -69.1403, 27.92254, 1, 1, 1, True
41.64303, 8.059172, -69.1403, 27.92254, 1, 1, 1, True
41.64697, 8.059172, -69.1403, 27.92254, 1, 1, 1, True
41.65102, 8.059172, -69.1403, 27.92254, 1, 1, 1, True
41.65505, 8.059172, -69.1403, 27.92254, 1, 1, 1, True
41.65899, 8.059172, -69.1403, 27.92254, 1, 1, 1, True
41.66308, 8.059172, -69.1403, 27.92254, 1, 1, 1, True
41.66706, 8.059172, -69.1403, 27.92254, 1, 1, 1, True
41.67113, 8.059172, -69.1403, 27.92254, 1, 1, 1, True
41.67527, 8.059172, -69.1403, 27.92254, 1, 1, 1, True
41.67908, 8.059172, -69.1403, 27.92254, 1, 1, 1, True
41.68343, 8.059172, -69.1403, 27.92254, 1, 1, 1, True
41.68732, 8.059172, -69.1403, 27.92254, 1, 1, 1, True
41.69092, 8.059172, -69.1403, 27.92254, 1, 1, 1, True
41.69526, 8.059172, -69.1403, 27.92254, 1, 1, 1, True
41.6997, 8.059172, -69.1403, 27.92254, 1, 1, 1, True
41.70774, 8.059172, -69.1403, 27.92254, 1, 1, 1, True
41.71523, 8.059172, -69.1403, 27.92254, 1, 1, 1, True
41.71973, 8.059172, -69.1403, 27.92254, 1, 1, 1, True
41.7295, 8.059172, -69.1403, 27.92254, 1, 1, 1, True
41.7353, 8.059172, -69.1403, 27.92254, 1, 1, 1, True
41.74388, 8.059172, -69.1403, 27.92254, 1, 1, 1, True
41.7514, 8.059172, -69.1403, 27.92254, 1, 1, 1, True
41.75944, 8.059172, -69.1403, 27.92254, 1, 1, 1, True
41.76369, 8.059172, -69.1403, 27.92254, 1, 1, 1, True
41.77171, 8.059172, -69.1403, 27.92254, 1, 1, 1, True
41.77925, 8.059172, -69.1403, 27.92254, 1, 1, 1, True
41.78345, 8.059172, -69.1403, 27.92254, 1, 1, 1, True
41.82376, 8.059172, -69.1403, 27.92254, 1, 1, 1, True
41.83131, 8.059172, -69.1403, 27.92254, 1, 1, 1, True
41.83558, 8.059172, -69.1403, 27.92254, 1, 1, 1, True
41.83924, 8.059172, -69.1403, 27.92254, 1, 1, 1, True
41.84308, 8.059172, -69.1403, 27.92254, 1, 1, 1, True
41.84715, 8.059172, -69.1403, 27.92254, 1, 1, 1, True
41.85101, 8.059172, -69.1403, 27.92254, 1, 1, 1, True
41.85498, 8.059172, -69.1403, 27.92254, 1, 1, 1, True
41.85949, 8.059172, -69.1403, 27.92254, 1, 1, 1, True
41.86303, 8.059172, -69.1403, 27.92254, 1, 1, 1, True
41.86712, 8.059172, -69.1403, 27.92254, 1, 1, 1, True
41.87104, 8.059172, -69.1403, 27.92254, 1, 1, 1, True
41.87497, 8.059172, -69.1403, 27.92254, 1, 1, 1, True
41.87915, 8.059172, -69.1403, 27.92254, 1, 1, 1, True
41.88437, 8.059172, -69.1403, 27.92254, 1, 1, 1, True
41.89169, 8.059172, -69.1403, 27.92254, 1, 1, 1, True
41.8952, 8.059172, -69.1403, 27.92254, 1, 1, 1, True
41.90375, 8.059172, -69.1403, 27.92254, 1, 1, 1, True
41.91123, 8.059172, -69.1403, 27.92254, 1, 1, 1, True
41.91495, 8.059172, -69.1403, 27.92254, 1, 1, 1, True
41.91939, 8.059172, -69.1403, 27.92254, 1, 1, 1, True
41.9232, 8.059172, -69.1403, 27.92254, 1, 1, 1, True
41.93128, 8.059172, -69.1403, 27.92254, 1, 1, 1, True
41.93559, 8.059172, -69.1403, 27.92254, 1, 1, 1, True
41.93926, 8.059172, -69.1403, 27.92254, 1, 1, 1, True
41.94301, 8.059172, -69.1403, 27.92254, 1, 1, 1, True
41.95152, 8.059172, -69.1403, 27.92254, 1, 1, 1, True
41.95527, 8.059172, -69.1403, 27.92254, 1, 1, 1, True
41.95925, 8.059172, -69.1403, 27.92254, 1, 1, 1, True
41.96442, 8.059172, -69.1403, 27.92254, 1, 1, 1, True
41.97161, 8.059172, -69.1403, 27.92254, 1, 1, 1, True
42.0075, 8.059172, -69.1403, 27.92254, 1, 1, 1, True
42.0152, 8.059172, -69.1403, 27.92254, 1, 1, 1, True
42.02375, 8.059172, -69.1403, 27.92254, 1, 1, 1, True
42.03145, 8.059172, -69.1403, 27.92254, 1, 1, 1, True
42.03917, 8.059172, -69.1403, 27.92254, 1, 1, 1, True
42.04307, 8.059172, -69.1403, 27.92254, 1, 1, 1, True
42.0471, 8.059172, -69.1403, 27.92254, 1, 1, 1, True
42.05125, 8.059172, -69.1403, 27.92254, 1, 1, 1, True
42.05509, 8.059172, -69.1403, 27.92254, 1, 1, 1, True
42.05909, 8.059172, -69.1403, 27.92254, 1, 1, 1, True
42.06714, 8.059172, -69.1403, 27.92254, 1, 1, 1, True
42.07104, 8.059172, -69.1403, 27.92254, 1, 1, 1, True
42.07644, 8.059172, -69.1403, 27.92254, 1, 1, 1, True
42.08331, 8.059172, -69.1403, 27.92254, 1, 1, 1, True
42.09163, 8.059172, -69.1403, 27.92254, 1, 1, 1, True
42.09496, 8.059172, -69.1403, 27.92254, 1, 1, 1, True
42.09921, 8.059172, -69.1403, 27.92254, 1, 1, 1, True
42.10336, 8.059172, -69.1403, 27.92254, 1, 1, 1, True
42.10699, 8.059172, -69.1403, 27.92254, 1, 1, 1, True
42.11096, 8.059172, -69.1403, 27.92254, 1, 1, 1, True
42.11499, 8.059172, -69.1403, 27.92254, 1, 1, 1, True
42.11916, 8.059172, -69.1403, 27.92254, 1, 1, 1, True
42.12325, 8.059172, -69.1403, 27.92254, 1, 1, 1, True
42.13103, 8.059172, -69.1403, 27.92254, 1, 1, 1, True
42.13532, 8.059172, -69.1403, 27.92254, 1, 1, 1, True
42.1399, 8.059172, -69.1403, 27.92254, 1, 1, 1, True
42.14324, 8.059172, -69.1403, 27.92254, 1, 1, 1, True
42.14716, 8.059172, -69.1403, 27.92254, 1, 1, 1, True
42.151, 8.059172, -69.1403, 27.92254, 1, 1, 1, True
42.1551, 8.059172, -69.1403, 27.92254, 1, 1, 1, True
42.15922, 8.059172, -69.1403, 27.92254, 1, 1, 1, True
42.1952, 8.059172, -69.1403, 27.92254, 1, 1, 1, True
42.2036, 8.059172, -69.1403, 27.92254, 1, 1, 1, True
42.21327, 8.059172, -69.1403, 27.92254, 1, 1, 1, True
42.21943, 8.059172, -69.1403, 27.92254, 1, 1, 1, True
42.22314, 8.059172, -69.1403, 27.92254, 1, 1, 1, True
42.23529, 8.059172, -69.1403, 27.92254, 1, 1, 1, True
42.23908, 8.059172, -69.1403, 27.92254, 1, 1, 1, True
42.24588, 8.059172, -69.1403, 27.92254, 1, 1, 1, True
42.25138, 8.059172, -69.1403, 27.92254, 1, 1, 1, True
42.25539, 8.059172, -69.1403, 27.92254, 1, 1, 1, True
42.26339, 8.059172, -69.1403, 27.92254, 1, 1, 1, True
42.2713, 8.059172, -69.1403, 27.92254, 1, 1, 1, True
42.27914, 8.059172, -69.1403, 27.92254, 1, 1, 1, True
42.28301, 8.059172, -69.1403, 27.92254, 1, 1, 1, True
42.28701, 8.059172, -69.1403, 27.92254, 1, 1, 1, True
42.29245, 8.059172, -69.1403, 27.92254, 1, 1, 1, True
42.29944, 8.059172, -69.1403, 27.92254, 1, 1, 1, True
42.30309, 8.059172, -69.1403, 27.92254, 1, 1, 1, True
42.30693, 8.059172, -69.1403, 27.92254, 1, 1, 1, True
42.31119, 8.059172, -69.1403, 27.92254, 1, 1, 1, True
42.31505, 8.059172, -69.1403, 27.92254, 1, 1, 1, True
42.31918, 8.059172, -69.1403, 27.92254, 1, 1, 1, True
42.32296, 8.059172, -69.1403, 27.92254, 1, 1, 1, True
42.32717, 8.059172, -69.1403, 27.92254, 1, 1, 1, True
42.33118, 8.059172, -69.1403, 27.92254, 1, 1, 1, True
42.33512, 8.059172, -69.1403, 27.92254, 1, 1, 1, True
42.33896, 8.059172, -69.1403, 27.92254, 1, 1, 1, True
42.3431, 8.059172, -69.1403, 27.92254, 1, 1, 1, True
42.34706, 8.059172, -69.1403, 27.92254, 1, 1, 1, True
42.35102, 8.059172, -69.1403, 27.92254, 1, 1, 1, True
42.35515, 8.059172, -69.1403, 27.92254, 1, 1, 1, True
42.39574, 8.059172, -69.1403, 27.92254, 1, 1, 1, True
42.40936, 8.059172, -69.1403, 27.92254, 1, 1, 1, True
42.41884, 8.059172, -69.1403, 27.92254, 1, 1, 1, True
42.42324, 8.059172, -69.1403, 27.92254, 1, 1, 1, True
42.43853, 8.059172, -69.1403, 27.92254, 1, 1, 1, True
42.45425, 8.059172, -69.1403, 27.92254, 1, 1, 1, True
42.49731, 8.059172, -69.1403, 27.92254, 1, 1, 1, True
42.5232, 8.059172, -69.1403, 27.92254, 1, 1, 1, True
42.53945, 8.059172, -69.1403, 27.92254, 1, 1, 1, True
42.54718, 8.059172, -69.1403, 27.92254, 1, 1, 1, True
42.56317, 8.059172, -69.1403, 27.92254, 1, 1, 1, True
42.57913, 8.059172, -69.1403, 27.92254, 1, 1, 1, True
42.58295, 8.059172, -69.1403, 27.92254, 1, 1, 1, True
42.58701, 8.059172, -69.1403, 27.92254, 1, 1, 1, True
42.59117, 8.059172, -69.1403, 27.92254, 1, 1, 1, True
42.59513, 8.059172, -69.1403, 27.92254, 1, 1, 1, True
42.59914, 8.059172, -69.1403, 27.92254, 1, 1, 1, True
42.60347, 8.059172, -69.1403, 27.92254, 1, 1, 1, True
42.61105, 8.059172, -69.1403, 27.92254, 1, 1, 1, True
42.61519, 8.059172, -69.1403, 27.92254, 1, 1, 1, True
42.61899, 8.059172, -69.1403, 27.92254, 1, 1, 1, True
42.62298, 8.059172, -69.1403, 27.92254, 1, 1, 1, True
42.627, 8.059172, -69.1403, 27.92254, 1, 1, 1, True
42.63111, 8.059172, -69.1403, 27.92254, 1, 1, 1, True
42.65643, 8.059172, -69.1403, 27.92254, 1, 1, 1, True
42.66363, 8.059172, -69.1403, 27.92254, 1, 1, 1, True
42.67939, 8.059172, -69.1403, 27.92254, 1, 1, 1, True
42.68308, 8.059172, -69.1403, 27.92254, 1, 1, 1, True
42.68728, 8.059172, -69.1403, 27.92254, 1, 1, 1, True
42.69108, 8.059172, -69.1403, 27.92254, 1, 1, 1, True
42.69524, 8.059172, -69.1403, 27.92254, 1, 1, 1, True
42.72704, 8.059172, -69.1403, 27.92254, 1, 1, 1, True
42.73521, 8.059172, -69.1403, 27.92254, 1, 1, 1, True
42.73893, 8.059172, -69.1403, 27.92254, 1, 1, 1, True
42.74304, 8.059172, -69.1403, 27.92254, 1, 1, 1, True
42.74736, 8.059172, -69.1403, 27.92254, 1, 1, 1, True
42.75093, 8.059172, -69.1403, 27.92254, 1, 1, 1, True
42.7549, 8.059172, -69.1403, 27.92254, 1, 1, 1, True
42.75892, 8.059172, -69.1403, 27.92254, 1, 1, 1, True
42.76316, 8.059172, -69.1403, 27.92254, 1, 1, 1, True
42.7669, 8.059172, -69.1403, 27.92254, 1, 1, 1, True
42.77105, 8.059172, -69.1403, 27.92254, 1, 1, 1, True
42.77505, 8.059172, -69.1403, 27.92254, 1, 1, 1, True
42.77906, 8.059172, -69.1403, 27.92254, 1, 1, 1, True
42.78307, 8.059172, -69.1403, 27.92254, 1, 1, 1, True
42.78693, 8.059172, -69.1403, 27.92254, 1, 1, 1, True
42.79092, 8.059172, -69.1403, 27.92254, 1, 1, 1, True
42.79505, 8.059172, -69.1403, 27.92254, 1, 1, 1, True
42.79906, 8.059172, -69.1403, 27.92254, 1, 1, 1, True
42.80302, 8.059172, -69.1403, 27.92254, 1, 1, 1, True
42.80695, 8.059172, -69.1403, 27.92254, 1, 1, 1, True
42.81105, 8.059172, -69.1403, 27.92254, 1, 1, 1, True
42.81504, 8.059172, -69.1403, 27.92254, 1, 1, 1, True
42.81893, 8.059172, -69.1403, 27.92254, 1, 1, 1, True
42.82307, 8.059172, -69.1403, 27.92254, 1, 1, 1, True
42.82708, 8.059172, -69.1403, 27.92254, 1, 1, 1, True
42.83113, 8.059172, -69.1403, 27.92254, 1, 1, 1, True
42.83528, 8.059172, -69.1403, 27.92254, 1, 1, 1, True
42.83954, 8.059172, -69.1403, 27.92254, 1, 1, 1, True
42.84357, 8.059172, -69.1403, 27.92254, 1, 1, 1, True
42.84776, 8.059172, -69.1403, 27.92254, 1, 1, 1, True
42.852, 8.059172, -69.1403, 27.92254, 1, 1, 1, True
42.88306, 8.059172, -69.1403, 27.92254, 1, 1, 1, True
42.89148, 8.059172, -69.1403, 27.92254, 1, 1, 1, True
42.89494, 8.059172, -69.1403, 27.92254, 1, 1, 1, True
42.89894, 8.059172, -69.1403, 27.92254, 1, 1, 1, True
42.90304, 8.059172, -69.1403, 27.92254, 1, 1, 1, True
42.90704, 8.059172, -69.1403, 27.92254, 1, 1, 1, True
42.91106, 8.059172, -69.1403, 27.92254, 1, 1, 1, True
42.91509, 8.059172, -69.1403, 27.92254, 1, 1, 1, True
42.91911, 8.059172, -69.1403, 27.92254, 1, 1, 1, True
42.92313, 8.059172, -69.1403, 27.92254, 1, 1, 1, True
42.92701, 8.059172, -69.1403, 27.92254, 1, 1, 1, True
42.9311, 8.059172, -69.1403, 27.92254, 1, 1, 1, True
42.93502, 8.059172, -69.1403, 27.92254, 1, 1, 1, True
42.93914, 8.059172, -69.1403, 27.92254, 1, 1, 1, True
42.943, 8.059172, -69.1403, 27.92254, 1, 1, 1, True
42.94699, 8.059172, -69.1403, 27.92254, 1, 1, 1, True
42.95127, 8.059172, -69.1403, 27.92254, 1, 1, 1, True
42.95506, 8.059172, -69.1403, 27.92254, 1, 1, 1, True
42.95906, 8.059172, -69.1403, 27.92254, 1, 1, 1, True
42.96318, 8.059172, -69.1403, 27.92254, 1, 1, 1, True
42.97111, 8.059172, -69.1403, 27.92254, 1, 1, 1, True
42.97529, 8.059172, -69.1403, 27.92254, 1, 1, 1, True
42.97891, 8.059172, -69.1403, 27.92254, 1, 1, 1, True
42.98296, 8.059172, -69.1403, 27.92254, 1, 1, 1, True
42.98691, 8.059172, -69.1403, 27.92254, 1, 1, 1, True
42.99112, 8.059172, -69.1403, 27.92254, 1, 1, 1, True
42.99506, 8.059172, -69.1403, 27.92254, 1, 1, 1, True
42.99899, 8.059172, -69.1403, 27.92254, 1, 1, 1, True
43.00304, 8.059172, -69.1403, 27.92254, 1, 1, 1, True
43.00708, 8.059172, -69.1403, 27.92254, 1, 1, 1, True
43.01123, 8.059172, -69.1403, 27.92254, 1, 1, 1, True
43.03499, 8.059172, -69.1403, 27.92254, 1, 1, 1, True
43.03898, 8.059172, -69.1403, 27.92254, 1, 1, 1, True
43.04329, 8.059172, -69.1403, 27.92254, 1, 1, 1, True
43.04697, 8.059172, -69.1403, 27.92254, 1, 1, 1, True
43.05118, 8.059172, -69.1403, 27.92254, 1, 1, 1, True
43.05504, 8.059172, -69.1403, 27.92254, 1, 1, 1, True
43.05899, 8.059172, -69.1403, 27.92254, 1, 1, 1, True
43.06304, 8.059172, -69.1403, 27.92254, 1, 1, 1, True
43.06723, 8.059172, -69.1403, 27.92254, 1, 1, 1, True
43.07097, 8.059172, -69.1403, 27.92254, 1, 1, 1, True
43.07494, 8.059172, -69.1403, 27.92254, 1, 1, 1, True
43.07899, 8.059172, -69.1403, 27.92254, 1, 1, 1, True
43.08307, 8.059172, -69.1403, 27.92254, 1, 1, 1, True
43.08692, 8.059172, -69.1403, 27.92254, 1, 1, 1, True
43.09115, 8.059172, -69.1403, 27.92254, 1, 1, 1, True
43.09505, 8.059172, -69.1403, 27.92254, 1, 1, 1, True
43.09896, 8.059172, -69.1403, 27.92254, 1, 1, 1, True
43.10355, 8.059172, -69.1403, 27.92254, 1, 1, 1, True
43.10698, 8.059172, -69.1403, 27.92254, 1, 1, 1, True
43.11089, 8.059172, -69.1403, 27.92254, 1, 1, 1, True
43.11505, 8.059172, -69.1403, 27.92254, 1, 1, 1, True
43.11916, 8.059172, -69.1403, 27.92254, 1, 1, 1, True
43.12296, 8.059172, -69.1403, 27.92254, 1, 1, 1, True
43.12709, 8.059172, -69.1403, 27.92254, 1, 1, 1, True
43.13111, 8.059172, -69.1403, 27.92254, 1, 1, 1, True
43.13511, 8.059172, -69.1403, 27.92254, 1, 1, 1, True
43.13911, 8.059172, -69.1403, 27.92254, 1, 1, 1, True
43.14311, 8.059172, -69.1403, 27.92254, 1, 1, 1, True
43.14705, 8.059172, -69.1403, 27.92254, 1, 1, 1, True
43.15109, 8.059172, -69.1403, 27.92254, 1, 1, 1, True
43.15524, 8.059172, -69.1403, 27.92254, 1, 1, 1, True
43.17933, 8.059172, -69.1403, 27.92254, 1, 1, 1, True
43.18707, 8.059172, -69.1403, 27.92254, 1, 1, 1, True
43.19096, 8.059172, -69.1403, 27.92254, 1, 1, 1, True
43.19496, 8.059172, -69.1403, 27.92254, 1, 1, 1, True
43.19906, 8.059172, -69.1403, 27.92254, 1, 1, 1, True
43.20308, 8.059172, -69.1403, 27.92254, 1, 1, 1, True
43.20692, 8.059172, -69.1403, 27.92254, 1, 1, 1, True
43.21112, 8.059172, -69.1403, 27.92254, 1, 1, 1, True
43.21505, 8.059172, -69.1403, 27.92254, 1, 1, 1, True
43.21909, 8.059172, -69.1403, 27.92254, 1, 1, 1, True
43.22296, 8.059172, -69.1403, 27.92254, 1, 1, 1, True
43.22707, 8.059172, -69.1403, 27.92254, 1, 1, 1, True
43.23113, 8.059172, -69.1403, 27.92254, 1, 1, 1, True
43.235, 8.059172, -69.1403, 27.92254, 1, 1, 1, True
43.23906, 8.059172, -69.1403, 27.92254, 1, 1, 1, True
43.24302, 8.059172, -69.1403, 27.92254, 1, 1, 1, True
43.24706, 8.059172, -69.1403, 27.92254, 1, 1, 1, True
43.25109, 8.059172, -69.1403, 27.92254, 1, 1, 1, True
43.25498, 8.059172, -69.1403, 27.92254, 1, 1, 1, True
43.25898, 8.059172, -69.1403, 27.92254, 1, 1, 1, True
43.26329, 8.059172, -69.1403, 27.92254, 1, 1, 1, True
43.26692, 8.059172, -69.1403, 27.92254, 1, 1, 1, True
43.27123, 8.059172, -69.1403, 27.92254, 1, 1, 1, True
43.27497, 8.059172, -69.1403, 27.92254, 1, 1, 1, True
43.27904, 8.059172, -69.1403, 27.92254, 1, 1, 1, True
43.2831, 8.059172, -69.1403, 27.92254, 1, 1, 1, True
43.28696, 8.059172, -69.1403, 27.92254, 1, 1, 1, True
43.2911, 8.059172, -69.1403, 27.92254, 1, 1, 1, True
43.29509, 8.059172, -69.1403, 27.92254, 1, 1, 1, True
43.29903, 8.059172, -69.1403, 27.92254, 1, 1, 1, True
43.30346, 8.059172, -69.1403, 27.92254, 1, 1, 1, True
43.33109, 8.059172, -69.1403, 27.92254, 1, 1, 1, True
43.33501, 8.059172, -69.1403, 27.92254, 1, 1, 1, True
43.33891, 8.059172, -69.1403, 27.92254, 1, 1, 1, True
43.34306, 8.059172, -69.1403, 27.92254, 1, 1, 1, True
43.347, 8.059172, -69.1403, 27.92254, 1, 1, 1, True
43.35109, 8.059172, -69.1403, 27.92254, 1, 1, 1, True
43.35498, 8.059172, -69.1403, 27.92254, 1, 1, 1, True
43.35915, 8.059172, -69.1403, 27.92254, 1, 1, 1, True
43.36305, 8.059172, -69.1403, 27.92254, 1, 1, 1, True
43.36713, 8.059172, -69.1403, 27.92254, 1, 1, 1, True
43.37106, 8.059172, -69.1403, 27.92254, 1, 1, 1, True
43.37498, 8.059172, -69.1403, 27.92254, 1, 1, 1, True
43.379, 8.059172, -69.1403, 27.92254, 1, 1, 1, True
43.38316, 8.059172, -69.1403, 27.92254, 1, 1, 1, True
43.38695, 8.059172, -69.1403, 27.92254, 1, 1, 1, True
43.39095, 8.059172, -69.1403, 27.92254, 1, 1, 1, True
43.39515, 8.059172, -69.1403, 27.92254, 1, 1, 1, True
43.39911, 8.059172, -69.1403, 27.92254, 1, 1, 1, True
43.40304, 8.059172, -69.1403, 27.92254, 1, 1, 1, True
43.40709, 8.059172, -69.1403, 27.92254, 1, 1, 1, True
43.4111, 8.059172, -69.1403, 27.92254, 1, 1, 1, True
43.41507, 8.059172, -69.1403, 27.92254, 1, 1, 1, True
43.41914, 8.059172, -69.1403, 27.92254, 1, 1, 1, True
43.42311, 8.059172, -69.1403, 27.92254, 1, 1, 1, True
43.427, 8.059172, -69.1403, 27.92254, 1, 1, 1, True
43.43092, 8.059172, -69.1403, 27.92254, 1, 1, 1, True
43.4352, 8.059172, -69.1403, 27.92254, 1, 1, 1, True
43.43893, 8.059172, -69.1403, 27.92254, 1, 1, 1, True
43.44321, 8.059172, -69.1403, 27.92254, 1, 1, 1, True
43.44697, 8.059172, -69.1403, 27.92254, 1, 1, 1, True
43.45104, 8.059172, -69.1403, 27.92254, 1, 1, 1, True
43.47522, 8.059172, -69.1403, 27.92254, 1, 1, 1, True
43.4791, 8.059172, -69.1403, 27.92254, 1, 1, 1, True
43.48307, 8.059172, -69.1403, 27.92254, 1, 1, 1, True
43.48712, 8.059172, -69.1403, 27.92254, 1, 1, 1, True
43.49121, 8.059172, -69.1403, 27.92254, 1, 1, 1, True
43.49504, 8.059172, -69.1403, 27.92254, 1, 1, 1, True
43.49913, 8.059172, -69.1403, 27.92254, 1, 1, 1, True
43.50335, 8.059172, -69.1403, 27.92254, 1, 1, 1, True
43.50695, 8.059172, -69.1403, 27.92254, 1, 1, 1, True
43.51104, 8.059172, -69.1403, 27.92254, 1, 1, 1, True
43.51511, 8.059172, -69.1403, 27.92254, 1, 1, 1, True
43.51912, 8.059172, -69.1403, 27.92254, 1, 1, 1, True
43.52311, 8.059172, -69.1403, 27.92254, 1, 1, 1, True
43.52702, 8.059172, -69.1403, 27.92254, 1, 1, 1, True
43.53098, 8.059172, -69.1403, 27.92254, 1, 1, 1, True
43.53521, 8.059172, -69.1403, 27.92254, 1, 1, 1, True
43.53904, 8.059172, -69.1403, 27.92254, 1, 1, 1, True
43.54292, 8.059172, -69.1403, 27.92254, 1, 1, 1, True
43.54707, 8.059172, -69.1403, 27.92254, 1, 1, 1, True
43.55103, 8.059172, -69.1403, 27.92254, 1, 1, 1, True
43.5551, 8.059172, -69.1403, 27.92254, 1, 1, 1, True
43.55916, 8.059172, -69.1403, 27.92254, 1, 1, 1, True
43.5631, 8.059172, -69.1403, 27.92254, 1, 1, 1, True
43.56701, 8.059172, -69.1403, 27.92254, 1, 1, 1, True
43.57112, 8.059172, -69.1403, 27.92254, 1, 1, 1, True
43.57491, 8.059172, -69.1403, 27.92254, 1, 1, 1, True
43.57893, 8.059172, -69.1403, 27.92254, 1, 1, 1, True
43.58301, 8.059172, -69.1403, 27.92254, 1, 1, 1, True
43.58692, 8.059172, -69.1403, 27.92254, 1, 1, 1, True
43.59106, 8.059172, -69.1403, 27.92254, 1, 1, 1, True
43.60117, 8.059172, -69.1403, 27.92254, 1, 1, 1, True
43.63666, 8.059172, -69.1403, 27.92254, 1, 1, 1, True
43.64367, 8.059172, -69.1403, 27.92254, 1, 1, 1, True
43.64688, 8.059172, -69.1403, 27.92254, 1, 1, 1, True
43.65102, 8.059172, -69.1403, 27.92254, 1, 1, 1, True
43.65511, 8.059172, -69.1403, 27.92254, 1, 1, 1, True
43.65901, 8.059172, -69.1403, 27.92254, 1, 1, 1, True
43.66302, 8.059172, -69.1403, 27.92254, 1, 1, 1, True
43.66708, 8.059172, -69.1403, 27.92254, 1, 1, 1, True
43.67097, 8.059172, -69.1403, 27.92254, 1, 1, 1, True
43.67506, 8.059172, -69.1403, 27.92254, 1, 1, 1, True
43.67901, 8.059172, -69.1403, 27.92254, 1, 1, 1, True
43.68307, 8.059172, -69.1403, 27.92254, 1, 1, 1, True
43.68703, 8.059172, -69.1403, 27.92254, 1, 1, 1, True
43.6912, 8.059172, -69.1403, 27.92254, 1, 1, 1, True
43.695, 8.059172, -69.1403, 27.92254, 1, 1, 1, True
43.69903, 8.059172, -69.1403, 27.92254, 1, 1, 1, True
43.70321, 8.059172, -69.1403, 27.92254, 1, 1, 1, True
43.70694, 8.059172, -69.1403, 27.92254, 1, 1, 1, True
43.71112, 8.059172, -69.1403, 27.92254, 1, 1, 1, True
43.71515, 8.059172, -69.1403, 27.92254, 1, 1, 1, True
43.71906, 8.059172, -69.1403, 27.92254, 1, 1, 1, True
43.72296, 8.059172, -69.1403, 27.92254, 1, 1, 1, True
43.72691, 8.059172, -69.1403, 27.92254, 1, 1, 1, True
43.73115, 8.059172, -69.1403, 27.92254, 1, 1, 1, True
43.73503, 8.059172, -69.1403, 27.92254, 1, 1, 1, True
43.73913, 8.059172, -69.1403, 27.92254, 1, 1, 1, True
43.74316, 8.059172, -69.1403, 27.92254, 1, 1, 1, True
43.74699, 8.059172, -69.1403, 27.92254, 1, 1, 1, True
43.75098, 8.059172, -69.1403, 27.92254, 1, 1, 1, True
43.75499, 8.059172, -69.1403, 27.92254, 1, 1, 1, True
43.75923, 8.059172, -69.1403, 27.92254, 1, 1, 1, True
43.7831, 8.059172, -69.1403, 27.92254, 1, 1, 1, True
43.78696, 8.059172, -69.1403, 27.92254, 1, 1, 1, True
43.79103, 8.059172, -69.1403, 27.92254, 1, 1, 1, True
43.79507, 8.059172, -69.1403, 27.92254, 1, 1, 1, True
43.79897, 8.059172, -69.1403, 27.92254, 1, 1, 1, True
43.80313, 8.059172, -69.1403, 27.92254, 1, 1, 1, True
43.80716, 8.059172, -69.1403, 27.92254, 1, 1, 1, True
43.81102, 8.059172, -69.1403, 27.92254, 1, 1, 1, True
43.81523, 8.059172, -69.1403, 27.92254, 1, 1, 1, True
43.81895, 8.059172, -69.1403, 27.92254, 1, 1, 1, True
43.82298, 8.059172, -69.1403, 27.92254, 1, 1, 1, True
43.82703, 8.059172, -69.1403, 27.92254, 1, 1, 1, True
43.83098, 8.059172, -69.1403, 27.92254, 1, 1, 1, True
43.83504, 8.059172, -69.1403, 27.92254, 1, 1, 1, True
43.83897, 8.059172, -69.1403, 27.92254, 1, 1, 1, True
43.84312, 8.059172, -69.1403, 27.92254, 1, 1, 1, True
43.84692, 8.059172, -69.1403, 27.92254, 1, 1, 1, True
43.85106, 8.059172, -69.1403, 27.92254, 1, 1, 1, True
43.85509, 8.059172, -69.1403, 27.92254, 1, 1, 1, True
43.859, 8.059172, -69.1403, 27.92254, 1, 1, 1, True
43.86326, 8.059172, -69.1403, 27.92254, 1, 1, 1, True
43.86691, 8.059172, -69.1403, 27.92254, 1, 1, 1, True
43.87118, 8.059172, -69.1403, 27.92254, 1, 1, 1, True
43.87498, 8.059172, -69.1403, 27.92254, 1, 1, 1, True
43.87912, 8.059172, -69.1403, 27.92254, 1, 1, 1, True
43.88305, 8.059172, -69.1403, 27.92254, 1, 1, 1, True
43.88695, 8.059172, -69.1403, 27.92254, 1, 1, 1, True
43.89096, 8.059172, -69.1403, 27.92254, 1, 1, 1, True
43.89516, 8.059172, -69.1403, 27.92254, 1, 1, 1, True
43.89898, 8.059172, -69.1403, 27.92254, 1, 1, 1, True
43.90327, 8.059172, -69.1403, 27.92254, 1, 1, 1, True
43.93116, 8.059172, -69.1403, 27.92254, 1, 1, 1, True
43.93927, 8.059172, -69.1403, 27.92254, 1, 1, 1, True
43.94308, 8.059172, -69.1403, 27.92254, 1, 1, 1, True
43.94715, 8.059172, -69.1403, 27.92254, 1, 1, 1, True
43.95097, 8.059172, -69.1403, 27.92254, 1, 1, 1, True
43.95498, 8.059172, -69.1403, 27.92254, 1, 1, 1, True
43.95892, 8.059172, -69.1403, 27.92254, 1, 1, 1, True
43.96298, 8.059172, -69.1403, 27.92254, 1, 1, 1, True
43.96695, 8.059172, -69.1403, 27.92254, 1, 1, 1, True
43.97111, 8.059172, -69.1403, 27.92254, 1, 1, 1, True
43.97497, 8.059172, -69.1403, 27.92254, 1, 1, 1, True
43.9791, 8.059172, -69.1403, 27.92254, 1, 1, 1, True
43.98316, 8.059172, -69.1403, 27.92254, 1, 1, 1, True
43.98697, 8.059172, -69.1403, 27.92254, 1, 1, 1, True
43.99105, 8.059172, -69.1403, 27.92254, 1, 1, 1, True
43.99498, 8.059172, -69.1403, 27.92254, 1, 1, 1, True
43.9991, 8.059172, -69.1403, 27.92254, 1, 1, 1, True
44.00296, 8.059172, -69.1403, 27.92254, 1, 1, 1, True
44.00713, 8.059172, -69.1403, 27.92254, 1, 1, 1, True
44.01096, 8.059172, -69.1403, 27.92254, 1, 1, 1, True
44.0152, 8.059172, -69.1403, 27.92254, 1, 1, 1, True
44.01906, 8.059172, -69.1403, 27.92254, 1, 1, 1, True
44.02292, 8.059172, -69.1403, 27.92254, 1, 1, 1, True
44.02708, 8.059172, -69.1403, 27.92254, 1, 1, 1, True
44.03106, 8.059172, -69.1403, 27.92254, 1, 1, 1, True
44.03505, 8.059172, -69.1403, 27.92254, 1, 1, 1, True
44.03913, 8.059172, -69.1403, 27.92254, 1, 1, 1, True
44.04297, 8.059172, -69.1403, 27.92254, 1, 1, 1, True
44.04701, 8.059172, -69.1403, 27.92254, 1, 1, 1, True
44.0511, 8.059172, -69.1403, 27.92254, 1, 1, 1, True
44.05518, 8.059172, -69.1403, 27.92254, 1, 1, 1, True
44.07913, 8.059172, -69.1403, 27.92254, 1, 1, 1, True
44.08313, 8.059172, -69.1403, 27.92254, 1, 1, 1, True
44.08773, 8.059172, -69.1403, 27.92254, 1, 1, 1, True
44.09133, 8.059172, -69.1403, 27.92254, 1, 1, 1, True
44.09499, 8.059172, -69.1403, 27.92254, 1, 1, 1, True
44.09914, 8.059172, -69.1403, 27.92254, 1, 1, 1, True
44.10324, 8.059172, -69.1403, 27.92254, 1, 1, 1, True
44.10703, 8.059172, -69.1403, 27.92254, 1, 1, 1, True
44.11107, 8.059172, -69.1403, 27.92254, 1, 1, 1, True
44.11516, 8.059172, -69.1403, 27.92254, 1, 1, 1, True
44.11907, 8.059172, -69.1403, 27.92254, 1, 1, 1, True
44.12309, 8.059172, -69.1403, 27.92254, 1, 1, 1, True
44.12708, 8.059172, -69.1403, 27.92254, 1, 1, 1, True
44.13098, 8.059172, -69.1403, 27.92254, 1, 1, 1, True
44.13514, 8.059172, -69.1403, 27.92254, 1, 1, 1, True
44.13902, 8.059172, -69.1403, 27.92254, 1, 1, 1, True
44.14293, 8.059172, -69.1403, 27.92254, 1, 1, 1, True
44.14705, 8.059172, -69.1403, 27.92254, 1, 1, 1, True
44.15117, 8.059172, -69.1403, 27.92254, 1, 1, 1, True
44.15924, 8.059172, -69.1403, 27.92254, 1, 1, 1, True
44.16739, 8.059172, -69.1403, 27.92254, 1, 1, 1, True
44.17945, 8.059172, -69.1403, 27.92254, 1, 1, 1, True
44.18301, 8.059172, -69.1403, 27.92254, 1, 1, 1, True
44.18694, 8.059172, -69.1403, 27.92254, 1, 1, 1, True
44.19123, 8.059172, -69.1403, 27.92254, 1, 1, 1, True
44.19498, 8.059172, -69.1403, 27.92254, 1, 1, 1, True
44.19905, 8.059172, -69.1403, 27.92254, 1, 1, 1, True
44.20353, 8.059172, -69.1403, 27.92254, 1, 1, 1, True
44.20697, 8.059172, -69.1403, 27.92254, 1, 1, 1, True
44.21112, 8.059172, -69.1403, 27.92254, 1, 1, 1, True
44.21504, 8.059172, -69.1403, 27.92254, 1, 1, 1, True
44.23911, 8.059172, -69.1403, 27.92254, 1, 1, 1, True
44.24318, 8.059172, -69.1403, 27.92254, 1, 1, 1, True
44.24707, 8.059172, -69.1403, 27.92254, 1, 1, 1, True
44.25128, 8.059172, -69.1403, 27.92254, 1, 1, 1, True
44.25505, 8.059172, -69.1403, 27.92254, 1, 1, 1, True
44.25906, 8.059172, -69.1403, 27.92254, 1, 1, 1, True
44.26299, 8.059172, -69.1403, 27.92254, 1, 1, 1, True
44.26702, 8.059172, -69.1403, 27.92254, 1, 1, 1, True
44.27117, 8.059172, -69.1403, 27.92254, 1, 1, 1, True
44.27505, 8.059172, -69.1403, 27.92254, 1, 1, 1, True
44.27904, 8.059172, -69.1403, 27.92254, 1, 1, 1, True
44.28307, 8.059172, -69.1403, 27.92254, 1, 1, 1, True
44.287, 8.059172, -69.1403, 27.92254, 1, 1, 1, True
44.29096, 8.059172, -69.1403, 27.92254, 1, 1, 1, True
44.29501, 8.059172, -69.1403, 27.92254, 1, 1, 1, True
44.29916, 8.059172, -69.1403, 27.92254, 1, 1, 1, True
44.30334, 8.059172, -69.1403, 27.92254, 1, 1, 1, True
44.30687, 8.059172, -69.1403, 27.92254, 1, 1, 1, True
44.31117, 8.059172, -69.1403, 27.92254, 1, 1, 1, True
44.31767, 8.059172, -69.1403, 27.92254, 1, 1, 1, True
44.33049, 8.059172, -69.1403, 27.92254, 1, 1, 1, True
44.33506, 8.059172, -69.1403, 27.92254, 1, 1, 1, True
44.33915, 8.059172, -69.1403, 27.92254, 1, 1, 1, True
44.34291, 8.059172, -69.1403, 27.92254, 1, 1, 1, True
44.34713, 8.059172, -69.1403, 27.92254, 1, 1, 1, True
44.35111, 8.059172, -69.1403, 27.92254, 1, 1, 1, True
44.35505, 8.059172, -69.1403, 27.92254, 1, 1, 1, True
44.35908, 8.059172, -69.1403, 27.92254, 1, 1, 1, True
44.3631, 8.059172, -69.1403, 27.92254, 1, 1, 1, True
44.36695, 8.059172, -69.1403, 27.92254, 1, 1, 1, True
44.37115, 8.059172, -69.1403, 27.92254, 1, 1, 1, True
44.39523, 8.059172, -69.1403, 27.92254, 1, 1, 1, True
44.399, 8.059172, -69.1403, 27.92254, 1, 1, 1, True
44.40332, 8.059172, -69.1403, 27.92254, 1, 1, 1, True
44.40708, 8.059172, -69.1403, 27.92254, 1, 1, 1, True
44.41114, 8.059172, -69.1403, 27.92254, 1, 1, 1, True
44.41512, 8.059172, -69.1403, 27.92254, 1, 1, 1, True
44.41899, 8.059172, -69.1403, 27.92254, 1, 1, 1, True
44.42294, 8.059172, -69.1403, 27.92254, 1, 1, 1, True
44.42698, 8.059172, -69.1403, 27.92254, 1, 1, 1, True
44.43116, 8.059172, -69.1403, 27.92254, 1, 1, 1, True
44.43511, 8.059172, -69.1403, 27.92254, 1, 1, 1, True
44.43908, 8.059172, -69.1403, 27.92254, 1, 1, 1, True
44.44308, 8.059172, -69.1403, 27.92254, 1, 1, 1, True
44.44693, 8.059172, -69.1403, 27.92254, 1, 1, 1, True
44.45113, 8.059172, -69.1403, 27.92254, 1, 1, 1, True
44.45494, 8.059172, -69.1403, 27.92254, 1, 1, 1, True
44.45895, 8.059172, -69.1403, 27.92254, 1, 1, 1, True
44.46314, 8.059172, -69.1403, 27.92254, 1, 1, 1, True
44.46718, 8.059172, -69.1403, 27.92254, 1, 1, 1, True
44.4709, 8.059172, -69.1403, 27.92254, 1, 1, 1, True
44.47502, 8.059172, -69.1403, 27.92254, 1, 1, 1, True
44.47907, 8.059172, -69.1403, 27.92254, 1, 1, 1, True
44.48294, 8.059172, -69.1403, 27.92254, 1, 1, 1, True
44.48689, 8.059172, -69.1403, 27.92254, 1, 1, 1, True
44.4912, 8.059172, -69.1403, 27.92254, 1, 1, 1, True
44.49488, 8.059172, -69.1403, 27.92254, 1, 1, 1, True
44.4992, 8.059172, -69.1403, 27.92254, 1, 1, 1, True
44.50308, 8.059172, -69.1403, 27.92254, 1, 1, 1, True
44.50704, 8.059172, -69.1403, 27.92254, 1, 1, 1, True
44.51104, 8.059172, -69.1403, 27.92254, 1, 1, 1, True
44.51524, 8.059172, -69.1403, 27.92254, 1, 1, 1, True
44.53927, 8.059172, -69.1403, 27.92254, 1, 1, 1, True
44.54296, 8.059172, -69.1403, 27.92254, 1, 1, 1, True
44.54706, 8.059172, -69.1403, 27.92254, 1, 1, 1, True
44.55127, 8.059172, -69.1403, 27.92254, 1, 1, 1, True
44.55502, 8.059172, -69.1403, 27.92254, 1, 1, 1, True
44.55919, 8.059172, -69.1403, 27.92254, 1, 1, 1, True
44.56312, 8.059172, -69.1403, 27.92254, 1, 1, 1, True
44.56696, 8.059172, -69.1403, 27.92254, 1, 1, 1, True
44.57102, 8.059172, -69.1403, 27.92254, 1, 1, 1, True
44.57514, 8.059172, -69.1403, 27.92254, 1, 1, 1, True
44.57896, 8.059172, -69.1403, 27.92254, 1, 1, 1, True
44.58319, 8.059172, -69.1403, 27.92254, 1, 1, 1, True
44.58693, 8.059172, -69.1403, 27.92254, 1, 1, 1, True
44.59104, 8.059172, -69.1403, 27.92254, 1, 1, 1, True
44.59505, 8.059172, -69.1403, 27.92254, 1, 1, 1, True
44.59916, 8.059172, -69.1403, 27.92254, 1, 1, 1, True
44.60295, 8.059172, -69.1403, 27.92254, 1, 1, 1, True
44.60705, 8.059172, -69.1403, 27.92254, 1, 1, 1, True
44.61094, 8.059172, -69.1403, 27.92254, 1, 1, 1, True
44.61491, 8.059172, -69.1403, 27.92254, 1, 1, 1, True
44.61901, 8.059172, -69.1403, 27.92254, 1, 1, 1, True
44.62302, 8.059172, -69.1403, 27.92254, 1, 1, 1, True
44.62702, 8.059172, -69.1403, 27.92254, 1, 1, 1, True
44.63099, 8.059172, -69.1403, 27.92254, 1, 1, 1, True
44.63498, 8.059172, -69.1403, 27.92254, 1, 1, 1, True
44.63927, 8.059172, -69.1403, 27.92254, 1, 1, 1, True
44.64301, 8.059172, -69.1403, 27.92254, 1, 1, 1, True
44.64701, 8.059172, -69.1403, 27.92254, 1, 1, 1, True
44.65113, 8.059172, -69.1403, 27.92254, 1, 1, 1, True
44.6551, 8.059172, -69.1403, 27.92254, 1, 1, 1, True
44.65918, 8.059172, -69.1403, 27.92254, 1, 1, 1, True
44.68318, 8.059172, -69.1403, 27.92254, 1, 1, 1, True
44.68715, 8.059172, -69.1403, 27.92254, 1, 1, 1, True
44.69496, 8.059172, -69.1403, 27.92254, 1, 1, 1, True
44.69897, 8.059172, -69.1403, 27.92254, 1, 1, 1, True
44.70318, 8.059172, -69.1403, 27.92254, 1, 1, 1, True
44.70696, 8.059172, -69.1403, 27.92254, 1, 1, 1, True
44.71099, 8.059172, -69.1403, 27.92254, 1, 1, 1, True
44.71512, 8.059172, -69.1403, 27.92254, 1, 1, 1, True
44.7191, 8.059172, -69.1403, 27.92254, 1, 1, 1, True
44.72307, 8.059172, -69.1403, 27.92254, 1, 1, 1, True
44.72702, 8.059172, -69.1403, 27.92254, 1, 1, 1, True
44.73114, 8.059172, -69.1403, 27.92254, 1, 1, 1, True
44.73502, 8.059172, -69.1403, 27.92254, 1, 1, 1, True
44.73895, 8.059172, -69.1403, 27.92254, 1, 1, 1, True
44.74309, 8.059172, -69.1403, 27.92254, 1, 1, 1, True
44.7471, 8.059172, -69.1403, 27.92254, 1, 1, 1, True
44.75108, 8.059172, -69.1403, 27.92254, 1, 1, 1, True
44.75497, 8.059172, -69.1403, 27.92254, 1, 1, 1, True
44.75916, 8.059172, -69.1403, 27.92254, 1, 1, 1, True
44.76306, 8.059172, -69.1403, 27.92254, 1, 1, 1, True
44.76709, 8.059172, -69.1403, 27.92254, 1, 1, 1, True
44.77107, 8.059172, -69.1403, 27.92254, 1, 1, 1, True
44.77486, 8.059172, -69.1403, 27.92254, 1, 1, 1, True
44.77901, 8.059172, -69.1403, 27.92254, 1, 1, 1, True
44.78291, 8.059172, -69.1403, 27.92254, 1, 1, 1, True
44.78693, 8.059172, -69.1403, 27.92254, 1, 1, 1, True
44.79094, 8.059172, -69.1403, 27.92254, 1, 1, 1, True
44.79508, 8.059172, -69.1403, 27.92254, 1, 1, 1, True
44.79916, 8.059172, -69.1403, 27.92254, 1, 1, 1, True
44.80345, 8.059172, -69.1403, 27.92254, 1, 1, 1, True
44.80705, 8.059172, -69.1403, 27.92254, 1, 1, 1, True
44.8313, 8.059172, -69.1403, 27.92254, 1, 1, 1, True
44.83489, 8.059172, -69.1403, 27.92254, 1, 1, 1, True
44.83909, 8.059172, -69.1403, 27.92254, 1, 1, 1, True
44.84352, 8.059172, -69.1403, 27.92254, 1, 1, 1, True
44.84685, 8.059172, -69.1403, 27.92254, 1, 1, 1, True
44.85117, 8.059172, -69.1403, 27.92254, 1, 1, 1, True
44.85505, 8.059172, -69.1403, 27.92254, 1, 1, 1, True
44.85948, 8.059172, -69.1403, 27.92254, 1, 1, 1, True
44.86308, 8.059172, -69.1403, 27.92254, 1, 1, 1, True
44.8671, 8.059172, -69.1403, 27.92254, 1, 1, 1, True
44.87108, 8.059172, -69.1403, 27.92254, 1, 1, 1, True
44.87511, 8.059172, -69.1403, 27.92254, 1, 1, 1, True
44.87918, 8.059172, -69.1403, 27.92254, 1, 1, 1, True
44.88319, 8.059172, -69.1403, 27.92254, 1, 1, 1, True
44.887, 8.059172, -69.1403, 27.92254, 1, 1, 1, True
44.89093, 8.059172, -69.1403, 27.92254, 1, 1, 1, True
44.89493, 8.059172, -69.1403, 27.92254, 1, 1, 1, True
44.89915, 8.059172, -69.1403, 27.92254, 1, 1, 1, True
44.90347, 8.059172, -69.1403, 27.92254, 1, 1, 1, True
44.90717, 8.059172, -69.1403, 27.92254, 1, 1, 1, True
44.91108, 8.059172, -69.1403, 27.92254, 1, 1, 1, True
44.9152, 8.059172, -69.1403, 27.92254, 1, 1, 1, True
44.91914, 8.059172, -69.1403, 27.92254, 1, 1, 1, True
44.92303, 8.059172, -69.1403, 27.92254, 1, 1, 1, True
44.92709, 8.059172, -69.1403, 27.92254, 1, 1, 1, True
44.93134, 8.059172, -69.1403, 27.92254, 1, 1, 1, True
44.9349, 8.059172, -69.1403, 27.92254, 1, 1, 1, True
44.93914, 8.059172, -69.1403, 27.92254, 1, 1, 1, True
44.94309, 8.059172, -69.1403, 27.92254, 1, 1, 1, True
44.94706, 8.059172, -69.1403, 27.92254, 1, 1, 1, True
44.95105, 8.059172, -69.1403, 27.92254, 1, 1, 1, True
44.97528, 8.059172, -69.1403, 27.92254, 1, 1, 1, True
44.98304, 8.059172, -69.1403, 27.92254, 1, 1, 1, True
44.98702, 8.059172, -69.1403, 27.92254, 1, 1, 1, True
44.99117, 8.059172, -69.1403, 27.92254, 1, 1, 1, True
44.99495, 8.059172, -69.1403, 27.92254, 1, 1, 1, True
44.99902, 8.059172, -69.1403, 27.92254, 1, 1, 1, True
45.00341, 8.059172, -69.1403, 27.92254, 1, 1, 1, True
45.00716, 8.059172, -69.1403, 27.92254, 1, 1, 1, True
45.012, 8.059172, -69.1403, 27.92254, 1, 1, 1, True
45.01499, 8.059172, -69.1403, 27.92254, 1, 1, 1, True
45.01911, 8.059172, -69.1403, 27.92254, 1, 1, 1, True
45.02316, 8.059172, -69.1403, 27.92254, 1, 1, 1, True
45.02707, 8.059172, -69.1403, 27.92254, 1, 1, 1, True
45.03107, 8.059172, -69.1403, 27.92254, 1, 1, 1, True
45.03513, 8.059172, -69.1403, 27.92254, 1, 1, 1, True
45.0391, 8.059172, -69.1403, 27.92254, 1, 1, 1, True
45.04304, 8.059172, -69.1403, 27.92254, 1, 1, 1, True
45.04748, 8.059172, -69.1403, 27.92254, 1, 1, 1, True
45.0517, 8.059172, -69.1403, 27.92254, 1, 1, 1, True
45.055, 8.059172, -69.1403, 27.92254, 1, 1, 1, True
45.05895, 8.059172, -69.1403, 27.92254, 1, 1, 1, True
45.06315, 8.059172, -69.1403, 27.92254, 1, 1, 1, True
45.0671, 8.059172, -69.1403, 27.92254, 1, 1, 1, True
45.07109, 8.059172, -69.1403, 27.92254, 1, 1, 1, True
45.07511, 8.059172, -69.1403, 27.92254, 1, 1, 1, True
45.0795, 8.059172, -69.1403, 27.92254, 1, 1, 1, True
45.08318, 8.059172, -69.1403, 27.92254, 1, 1, 1, True
45.08706, 8.059172, -69.1403, 27.92254, 1, 1, 1, True
45.09119, 8.059172, -69.1403, 27.92254, 1, 1, 1, True
45.09512, 8.059172, -69.1403, 27.92254, 1, 1, 1, True
45.09907, 8.059172, -69.1403, 27.92254, 1, 1, 1, True
45.12339, 8.059172, -69.1403, 27.92254, 1, 1, 1, True
45.12703, 8.059172, -69.1403, 27.92254, 1, 1, 1, True
45.13123, 8.059172, -69.1403, 27.92254, 1, 1, 1, True
45.13523, 8.059172, -69.1403, 27.92254, 1, 1, 1, True
45.13917, 8.059172, -69.1403, 27.92254, 1, 1, 1, True
45.14303, 8.059172, -69.1403, 27.92254, 1, 1, 1, True
45.14721, 8.059172, -69.1403, 27.92254, 1, 1, 1, True
45.1511, 8.059172, -69.1403, 27.92254, 1, 1, 1, True
45.1551, 8.059172, -69.1403, 27.92254, 1, 1, 1, True
45.15918, 8.059172, -69.1403, 27.92254, 1, 1, 1, True
45.16307, 8.059172, -69.1403, 27.92254, 1, 1, 1, True
45.16711, 8.059172, -69.1403, 27.92254, 1, 1, 1, True
45.17096, 8.059172, -69.1403, 27.92254, 1, 1, 1, True
45.17498, 8.059172, -69.1403, 27.92254, 1, 1, 1, True
45.17912, 8.059172, -69.1403, 27.92254, 1, 1, 1, True
45.18313, 8.059172, -69.1403, 27.92254, 1, 1, 1, True
45.18694, 8.059172, -69.1403, 27.92254, 1, 1, 1, True
45.19112, 8.059172, -69.1403, 27.92254, 1, 1, 1, True
45.19513, 8.059172, -69.1403, 27.92254, 1, 1, 1, True
45.19909, 8.059172, -69.1403, 27.92254, 1, 1, 1, True
45.20333, 8.059172, -69.1403, 27.92254, 1, 1, 1, True
45.20704, 8.059172, -69.1403, 27.92254, 1, 1, 1, True
45.21109, 8.059172, -69.1403, 27.92254, 1, 1, 1, True
45.21514, 8.059172, -69.1403, 27.92254, 1, 1, 1, True
45.21902, 8.059172, -69.1403, 27.92254, 1, 1, 1, True
45.2229, 8.059172, -69.1403, 27.92254, 1, 1, 1, True
45.22721, 8.059172, -69.1403, 27.92254, 1, 1, 1, True
45.23108, 8.059172, -69.1403, 27.92254, 1, 1, 1, True
45.23509, 8.059172, -69.1403, 27.92254, 1, 1, 1, True
45.23898, 8.059172, -69.1403, 27.92254, 1, 1, 1, True
45.24321, 8.059172, -69.1403, 27.92254, 1, 1, 1, True
45.26742, 8.059172, -69.1403, 27.92254, 1, 1, 1, True
45.27107, 8.059172, -69.1403, 27.92254, 1, 1, 1, True
45.27539, 8.059172, -69.1403, 27.92254, 1, 1, 1, True
45.27915, 8.059172, -69.1403, 27.92254, 1, 1, 1, True
45.28304, 8.059172, -69.1403, 27.92254, 1, 1, 1, True
45.28699, 8.059172, -69.1403, 27.92254, 1, 1, 1, True
45.291, 8.059172, -69.1403, 27.92254, 1, 1, 1, True
45.29504, 8.059172, -69.1403, 27.92254, 1, 1, 1, True
45.29896, 8.059172, -69.1403, 27.92254, 1, 1, 1, True
45.30356, 8.059172, -69.1403, 27.92254, 1, 1, 1, True
45.30701, 8.059172, -69.1403, 27.92254, 1, 1, 1, True
45.31096, 8.059172, -69.1403, 27.92254, 1, 1, 1, True
45.31519, 8.059172, -69.1403, 27.92254, 1, 1, 1, True
45.31914, 8.059172, -69.1403, 27.92254, 1, 1, 1, True
45.32318, 8.059172, -69.1403, 27.92254, 1, 1, 1, True
45.327, 8.059172, -69.1403, 27.92254, 1, 1, 1, True
45.33117, 8.059172, -69.1403, 27.92254, 1, 1, 1, True
45.3351, 8.059172, -69.1403, 27.92254, 1, 1, 1, True
45.33904, 8.059172, -69.1403, 27.92254, 1, 1, 1, True
45.34297, 8.059172, -69.1403, 27.92254, 1, 1, 1, True
45.34704, 8.059172, -69.1403, 27.92254, 1, 1, 1, True
45.35094, 8.059172, -69.1403, 27.92254, 1, 1, 1, True
45.35511, 8.059172, -69.1403, 27.92254, 1, 1, 1, True
45.35898, 8.059172, -69.1403, 27.92254, 1, 1, 1, True
45.36325, 8.059172, -69.1403, 27.92254, 1, 1, 1, True
45.367, 8.059172, -69.1403, 27.92254, 1, 1, 1, True
45.37092, 8.059172, -69.1403, 27.92254, 1, 1, 1, True
45.37502, 8.059172, -69.1403, 27.92254, 1, 1, 1, True
45.37917, 8.059172, -69.1403, 27.92254, 1, 1, 1, True
45.38303, 8.059172, -69.1403, 27.92254, 1, 1, 1, True
45.38717, 8.059172, -69.1403, 27.92254, 1, 1, 1, True
45.41105, 8.059172, -69.1403, 27.92254, 1, 1, 1, True
45.4152, 8.059172, -69.1403, 27.92254, 1, 1, 1, True
45.41925, 8.059172, -69.1403, 27.92254, 1, 1, 1, True
45.42341, 8.059172, -69.1403, 27.92254, 1, 1, 1, True
45.42699, 8.059172, -69.1403, 27.92254, 1, 1, 1, True
45.4311, 8.059172, -69.1403, 27.92254, 1, 1, 1, True
45.43513, 8.059172, -69.1403, 27.92254, 1, 1, 1, True
45.43906, 8.059172, -69.1403, 27.92254, 1, 1, 1, True
45.4431, 8.059172, -69.1403, 27.92254, 1, 1, 1, True
45.44714, 8.059172, -69.1403, 27.92254, 1, 1, 1, True
45.45096, 8.059172, -69.1403, 27.92254, 1, 1, 1, True
45.45515, 8.059172, -69.1403, 27.92254, 1, 1, 1, True
45.45914, 8.059172, -69.1403, 27.92254, 1, 1, 1, True
45.46313, 8.059172, -69.1403, 27.92254, 1, 1, 1, True
45.46712, 8.059172, -69.1403, 27.92254, 1, 1, 1, True
45.47115, 8.059172, -69.1403, 27.92254, 1, 1, 1, True
45.475, 8.059172, -69.1403, 27.92254, 1, 1, 1, True
45.47918, 8.059172, -69.1403, 27.92254, 1, 1, 1, True
45.48325, 8.059172, -69.1403, 27.92254, 1, 1, 1, True
45.48693, 8.059172, -69.1403, 27.92254, 1, 1, 1, True
45.49119, 8.059172, -69.1403, 27.92254, 1, 1, 1, True
45.49512, 8.059172, -69.1403, 27.92254, 1, 1, 1, True
45.49908, 8.059172, -69.1403, 27.92254, 1, 1, 1, True
45.50332, 8.059172, -69.1403, 27.92254, 1, 1, 1, True
45.50706, 8.059172, -69.1403, 27.92254, 1, 1, 1, True
45.51117, 8.059172, -69.1403, 27.92254, 1, 1, 1, True
45.51508, 8.059172, -69.1403, 27.92254, 1, 1, 1, True
45.51918, 8.059172, -69.1403, 27.92254, 1, 1, 1, True
45.52307, 8.059172, -69.1403, 27.92254, 1, 1, 1, True
45.52705, 8.059172, -69.1403, 27.92254, 1, 1, 1, True
45.53099, 8.059172, -69.1403, 27.92254, 1, 1, 1, True
45.55551, 8.059172, -69.1403, 27.92254, 1, 1, 1, True
45.55987, 8.059172, -69.1403, 27.92254, 1, 1, 1, True
45.56299, 8.059172, -69.1403, 27.92254, 1, 1, 1, True
45.56723, 8.059172, -69.1403, 27.92254, 1, 1, 1, True
45.57103, 8.059172, -69.1403, 27.92254, 1, 1, 1, True
45.57508, 8.059172, -69.1403, 27.92254, 1, 1, 1, True
45.57894, 8.059172, -69.1403, 27.92254, 1, 1, 1, True
45.58314, 8.059172, -69.1403, 27.92254, 1, 1, 1, True
45.58694, 8.059172, -69.1403, 27.92254, 1, 1, 1, True
45.59115, 8.059172, -69.1403, 27.92254, 1, 1, 1, True
45.59506, 8.059172, -69.1403, 27.92254, 1, 1, 1, True
45.59908, 8.059172, -69.1403, 27.92254, 1, 1, 1, True
45.60343, 8.059172, -69.1403, 27.92254, 1, 1, 1, True
45.60686, 8.059172, -69.1403, 27.92254, 1, 1, 1, True
45.61117, 8.059172, -69.1403, 27.92254, 1, 1, 1, True
45.61507, 8.059172, -69.1403, 27.92254, 1, 1, 1, True
45.61898, 8.059172, -69.1403, 27.92254, 1, 1, 1, True
45.62306, 8.059172, -69.1403, 27.92254, 1, 1, 1, True
45.62706, 8.059172, -69.1403, 27.92254, 1, 1, 1, True
45.63113, 8.059172, -69.1403, 27.92254, 1, 1, 1, True
45.63509, 8.059172, -69.1403, 27.92254, 1, 1, 1, True
45.63909, 8.059172, -69.1403, 27.92254, 1, 1, 1, True
45.64305, 8.059172, -69.1403, 27.92254, 1, 1, 1, True
45.64705, 8.059172, -69.1403, 27.92254, 1, 1, 1, True
45.65111, 8.059172, -69.1403, 27.92254, 1, 1, 1, True
45.6551, 8.059172, -69.1403, 27.92254, 1, 1, 1, True
45.65908, 8.059172, -69.1403, 27.92254, 1, 1, 1, True
45.6631, 8.059172, -69.1403, 27.92254, 1, 1, 1, True
45.66702, 8.059172, -69.1403, 27.92254, 1, 1, 1, True
45.6711, 8.059172, -69.1403, 27.92254, 1, 1, 1, True
45.67521, 8.059172, -69.1403, 27.92254, 1, 1, 1, True
45.69935, 8.059172, -69.1403, 27.92254, 1, 1, 1, True
45.70307, 8.059172, -69.1403, 27.92254, 1, 1, 1, True
45.70713, 8.059172, -69.1403, 27.92254, 1, 1, 1, True
45.7112, 8.059172, -69.1403, 27.92254, 1, 1, 1, True
45.71494, 8.059172, -69.1403, 27.92254, 1, 1, 1, True
45.71887, 8.059172, -69.1403, 27.92254, 1, 1, 1, True
45.72295, 8.059172, -69.1403, 27.92254, 1, 1, 1, True
45.72706, 8.059172, -69.1403, 27.92254, 1, 1, 1, True
45.73104, 8.059172, -69.1403, 27.92254, 1, 1, 1, True
45.73512, 8.059172, -69.1403, 27.92254, 1, 1, 1, True
45.73907, 8.059172, -69.1403, 27.92254, 1, 1, 1, True
45.74309, 8.059172, -69.1403, 27.92254, 1, 1, 1, True
45.74691, 8.059172, -69.1403, 27.92254, 1, 1, 1, True
45.75116, 8.059172, -69.1403, 27.92254, 1, 1, 1, True
45.75514, 8.059172, -69.1403, 27.92254, 1, 1, 1, True
45.75901, 8.059172, -69.1403, 27.92254, 1, 1, 1, True
45.76313, 8.059172, -69.1403, 27.92254, 1, 1, 1, True
45.767, 8.059172, -69.1403, 27.92254, 1, 1, 1, True
45.77107, 8.059172, -69.1403, 27.92254, 1, 1, 1, True
45.77506, 8.059172, -69.1403, 27.92254, 1, 1, 1, True
45.77909, 8.059172, -69.1403, 27.92254, 1, 1, 1, True
45.78307, 8.059172, -69.1403, 27.92254, 1, 1, 1, True
45.78691, 8.059172, -69.1403, 27.92254, 1, 1, 1, True
45.79111, 8.059172, -69.1403, 27.92254, 1, 1, 1, True
45.79516, 8.059172, -69.1403, 27.92254, 1, 1, 1, True
45.79914, 8.059172, -69.1403, 27.92254, 1, 1, 1, True
45.80334, 8.059172, -69.1403, 27.92254, 1, 1, 1, True
45.80696, 8.059172, -69.1403, 27.92254, 1, 1, 1, True
45.81115, 8.059172, -69.1403, 27.92254, 1, 1, 1, True
45.81508, 8.059172, -69.1403, 27.92254, 1, 1, 1, True
45.81913, 8.059172, -69.1403, 27.92254, 1, 1, 1, True
45.84337, 8.059172, -69.1403, 27.92254, 1, 1, 1, True
45.84715, 8.059172, -69.1403, 27.92254, 1, 1, 1, True
45.85115, 8.059172, -69.1403, 27.92254, 1, 1, 1, True
45.85522, 8.059172, -69.1403, 27.92254, 1, 1, 1, True
45.8592, 8.059172, -69.1403, 27.92254, 1, 1, 1, True
45.86309, 8.059172, -69.1403, 27.92254, 1, 1, 1, True
45.86703, 8.059172, -69.1403, 27.92254, 1, 1, 1, True
45.87105, 8.059172, -69.1403, 27.92254, 1, 1, 1, True
45.8751, 8.059172, -69.1403, 27.92254, 1, 1, 1, True
45.87912, 8.059172, -69.1403, 27.92254, 1, 1, 1, True
45.88299, 8.059172, -69.1403, 27.92254, 1, 1, 1, True
45.8869, 8.059172, -69.1403, 27.92254, 1, 1, 1, True
45.89119, 8.059172, -69.1403, 27.92254, 1, 1, 1, True
45.89503, 8.059172, -69.1403, 27.92254, 1, 1, 1, True
45.89911, 8.059172, -69.1403, 27.92254, 1, 1, 1, True
45.90336, 8.059172, -69.1403, 27.92254, 1, 1, 1, True
45.90697, 8.059172, -69.1403, 27.92254, 1, 1, 1, True
45.91114, 8.059172, -69.1403, 27.92254, 1, 1, 1, True
45.91511, 8.059172, -69.1403, 27.92254, 1, 1, 1, True
45.91908, 8.059172, -69.1403, 27.92254, 1, 1, 1, True
45.92306, 8.059172, -69.1403, 27.92254, 1, 1, 1, True
45.92702, 8.059172, -69.1403, 27.92254, 1, 1, 1, True
45.93111, 8.059172, -69.1403, 27.92254, 1, 1, 1, True
45.93509, 8.059172, -69.1403, 27.92254, 1, 1, 1, True
45.93909, 8.059172, -69.1403, 27.92254, 1, 1, 1, True
45.9431, 8.059172, -69.1403, 27.92254, 1, 1, 1, True
45.94702, 8.059172, -69.1403, 27.92254, 1, 1, 1, True
45.95127, 8.059172, -69.1403, 27.92254, 1, 1, 1, True
45.95503, 8.059172, -69.1403, 27.92254, 1, 1, 1, True
45.95916, 8.059172, -69.1403, 27.92254, 1, 1, 1, True
45.96326, 8.059172, -69.1403, 27.92254, 1, 1, 1, True
45.98738, 8.059172, -69.1403, 27.92254, 1, 1, 1, True
45.99102, 8.059172, -69.1403, 27.92254, 1, 1, 1, True
45.99509, 8.059172, -69.1403, 27.92254, 1, 1, 1, True
45.99911, 8.059172, -69.1403, 27.92254, 1, 1, 1, True
46.00337, 8.059172, -69.1403, 27.92254, 1, 1, 1, True
46.00691, 8.059172, -69.1403, 27.92254, 1, 1, 1, True
46.01121, 8.059172, -69.1403, 27.92254, 1, 1, 1, True
46.015, 8.059172, -69.1403, 27.92254, 1, 1, 1, True
46.0191, 8.059172, -69.1403, 27.92254, 1, 1, 1, True
46.02316, 8.059172, -69.1403, 27.92254, 1, 1, 1, True
46.02703, 8.059172, -69.1403, 27.92254, 1, 1, 1, True
46.03112, 8.059172, -69.1403, 27.92254, 1, 1, 1, True
46.03515, 8.059172, -69.1403, 27.92254, 1, 1, 1, True
46.03903, 8.059172, -69.1403, 27.92254, 1, 1, 1, True
46.04311, 8.059172, -69.1403, 27.92254, 1, 1, 1, True
46.04704, 8.059172, -69.1403, 27.92254, 1, 1, 1, True
46.05108, 8.059172, -69.1403, 27.92254, 1, 1, 1, True
46.05509, 8.059172, -69.1403, 27.92254, 1, 1, 1, True
46.05913, 8.059172, -69.1403, 27.92254, 1, 1, 1, True
46.06314, 8.059172, -69.1403, 27.92254, 1, 1, 1, True
46.06702, 8.059172, -69.1403, 27.92254, 1, 1, 1, True
46.07114, 8.059172, -69.1403, 27.92254, 1, 1, 1, True
46.07507, 8.059172, -69.1403, 27.92254, 1, 1, 1, True
46.07911, 8.059172, -69.1403, 27.92254, 1, 1, 1, True
46.08316, 8.059172, -69.1403, 27.92254, 1, 1, 1, True
46.08689, 8.059172, -69.1403, 27.92254, 1, 1, 1, True
46.09117, 8.059172, -69.1403, 27.92254, 1, 1, 1, True
46.09515, 8.059172, -69.1403, 27.92254, 1, 1, 1, True
46.09888, 8.059172, -69.1403, 27.92254, 1, 1, 1, True
46.10325, 8.059172, -69.1403, 27.92254, 1, 1, 1, True
46.10717, 8.059172, -69.1403, 27.92254, 1, 1, 1, True
46.13142, 8.059172, -69.1403, 27.92254, 1, 1, 1, True
46.13501, 8.059172, -69.1403, 27.92254, 1, 1, 1, True
46.13889, 8.059172, -69.1403, 27.92254, 1, 1, 1, True
46.14304, 8.059172, -69.1403, 27.92254, 1, 1, 1, True
46.14705, 8.059172, -69.1403, 27.92254, 1, 1, 1, True
46.15116, 8.059172, -69.1403, 27.92254, 1, 1, 1, True
46.15487, 8.059172, -69.1403, 27.92254, 1, 1, 1, True
46.15917, 8.059172, -69.1403, 27.92254, 1, 1, 1, True
46.16323, 8.059172, -69.1403, 27.92254, 1, 1, 1, True
46.16697, 8.059172, -69.1403, 27.92254, 1, 1, 1, True
46.17108, 8.059172, -69.1403, 27.92254, 1, 1, 1, True
46.17508, 8.059172, -69.1403, 27.92254, 1, 1, 1, True
46.17912, 8.059172, -69.1403, 27.92254, 1, 1, 1, True
46.18312, 8.059172, -69.1403, 27.92254, 1, 1, 1, True
46.18687, 8.059172, -69.1403, 27.92254, 1, 1, 1, True
46.19125, 8.059172, -69.1403, 27.92254, 1, 1, 1, True
46.19501, 8.059172, -69.1403, 27.92254, 1, 1, 1, True
46.19914, 8.059172, -69.1403, 27.92254, 1, 1, 1, True
46.20333, 8.059172, -69.1403, 27.92254, 1, 1, 1, True
46.20694, 8.059172, -69.1403, 27.92254, 1, 1, 1, True
46.21114, 8.059172, -69.1403, 27.92254, 1, 1, 1, True
46.21508, 8.059172, -69.1403, 27.92254, 1, 1, 1, True
46.2191, 8.059172, -69.1403, 27.92254, 1, 1, 1, True
46.2229, 8.059172, -69.1403, 27.92254, 1, 1, 1, True
46.22715, 8.059172, -69.1403, 27.92254, 1, 1, 1, True
46.23105, 8.059172, -69.1403, 27.92254, 1, 1, 1, True
46.23513, 8.059172, -69.1403, 27.92254, 1, 1, 1, True
46.23911, 8.059172, -69.1403, 27.92254, 1, 1, 1, True
46.24312, 8.059172, -69.1403, 27.92254, 1, 1, 1, True
46.24704, 8.059172, -69.1403, 27.92254, 1, 1, 1, True
46.25122, 8.059172, -69.1403, 27.92254, 1, 1, 1, True
46.27533, 8.059172, -69.1403, 27.92254, 1, 1, 1, True
46.27901, 8.059172, -69.1403, 27.92254, 1, 1, 1, True
46.2831, 8.059172, -69.1403, 27.92254, 1, 1, 1, True
46.28701, 8.059172, -69.1403, 27.92254, 1, 1, 1, True
46.2911, 8.059172, -69.1403, 27.92254, 1, 1, 1, True
46.29514, 8.059172, -69.1403, 27.92254, 1, 1, 1, True
46.29911, 8.059172, -69.1403, 27.92254, 1, 1, 1, True
46.30339, 8.059172, -69.1403, 27.92254, 1, 1, 1, True
46.307, 8.059172, -69.1403, 27.92254, 1, 1, 1, True
46.31117, 8.059172, -69.1403, 27.92254, 1, 1, 1, True
46.31519, 8.059172, -69.1403, 27.92254, 1, 1, 1, True
46.31907, 8.059172, -69.1403, 27.92254, 1, 1, 1, True
46.32309, 8.059172, -69.1403, 27.92254, 1, 1, 1, True
46.32696, 8.059172, -69.1403, 27.92254, 1, 1, 1, True
46.33114, 8.059172, -69.1403, 27.92254, 1, 1, 1, True
46.33511, 8.059172, -69.1403, 27.92254, 1, 1, 1, True
46.33907, 8.059172, -69.1403, 27.92254, 1, 1, 1, True
46.34296, 8.059172, -69.1403, 27.92254, 1, 1, 1, True
46.34716, 8.059172, -69.1403, 27.92254, 1, 1, 1, True
46.35115, 8.059172, -69.1403, 27.92254, 1, 1, 1, True
46.35505, 8.059172, -69.1403, 27.92254, 1, 1, 1, True
46.35916, 8.059172, -69.1403, 27.92254, 1, 1, 1, True
46.36316, 8.059172, -69.1403, 27.92254, 1, 1, 1, True
46.36703, 8.059172, -69.1403, 27.92254, 1, 1, 1, True
46.37115, 8.059172, -69.1403, 27.92254, 1, 1, 1, True
46.37512, 8.059172, -69.1403, 27.92254, 1, 1, 1, True
46.37905, 8.059172, -69.1403, 27.92254, 1, 1, 1, True
46.38312, 8.059172, -69.1403, 27.92254, 1, 1, 1, True
46.38688, 8.059172, -69.1403, 27.92254, 1, 1, 1, True
46.3912, 8.059172, -69.1403, 27.92254, 1, 1, 1, True
46.39514, 8.059172, -69.1403, 27.92254, 1, 1, 1, True
46.41942, 8.059172, -69.1403, 27.92254, 1, 1, 1, True
46.42307, 8.059172, -69.1403, 27.92254, 1, 1, 1, True
46.42723, 8.059172, -69.1403, 27.92254, 1, 1, 1, True
46.43121, 8.059172, -69.1403, 27.92254, 1, 1, 1, True
46.43504, 8.059172, -69.1403, 27.92254, 1, 1, 1, True
46.43906, 8.059172, -69.1403, 27.92254, 1, 1, 1, True
46.443, 8.059172, -69.1403, 27.92254, 1, 1, 1, True
46.44703, 8.059172, -69.1403, 27.92254, 1, 1, 1, True
46.4509, 8.059172, -69.1403, 27.92254, 1, 1, 1, True
46.45508, 8.059172, -69.1403, 27.92254, 1, 1, 1, True
46.45908, 8.059172, -69.1403, 27.92254, 1, 1, 1, True
46.4631, 8.059172, -69.1403, 27.92254, 1, 1, 1, True
46.46714, 8.059172, -69.1403, 27.92254, 1, 1, 1, True
46.47105, 8.059172, -69.1403, 27.92254, 1, 1, 1, True
46.47493, 8.059172, -69.1403, 27.92254, 1, 1, 1, True
46.47908, 8.059172, -69.1403, 27.92254, 1, 1, 1, True
46.48312, 8.059172, -69.1403, 27.92254, 1, 1, 1, True
46.48693, 8.059172, -69.1403, 27.92254, 1, 1, 1, True
46.49095, 8.059172, -69.1403, 27.92254, 1, 1, 1, True
46.49509, 8.059172, -69.1403, 27.92254, 1, 1, 1, True
46.49901, 8.059172, -69.1403, 27.92254, 1, 1, 1, True
46.50337, 8.059172, -69.1403, 27.92254, 1, 1, 1, True
46.50698, 8.059172, -69.1403, 27.92254, 1, 1, 1, True
46.51109, 8.059172, -69.1403, 27.92254, 1, 1, 1, True
46.51511, 8.059172, -69.1403, 27.92254, 1, 1, 1, True
46.5191, 8.059172, -69.1403, 27.92254, 1, 1, 1, True
46.52306, 8.059172, -69.1403, 27.92254, 1, 1, 1, True
46.52711, 8.059172, -69.1403, 27.92254, 1, 1, 1, True
46.53106, 8.059172, -69.1403, 27.92254, 1, 1, 1, True
46.53492, 8.059172, -69.1403, 27.92254, 1, 1, 1, True
46.53924, 8.059172, -69.1403, 27.92254, 1, 1, 1, True
46.56333, 8.059172, -69.1403, 27.92254, 1, 1, 1, True
46.56724, 8.059172, -69.1403, 27.92254, 1, 1, 1, True
46.57112, 8.059172, -69.1403, 27.92254, 1, 1, 1, True
46.57505, 8.059172, -69.1403, 27.92254, 1, 1, 1, True
46.57901, 8.059172, -69.1403, 27.92254, 1, 1, 1, True
46.5831, 8.059172, -69.1403, 27.92254, 1, 1, 1, True
46.58692, 8.059172, -69.1403, 27.92254, 1, 1, 1, True
46.59108, 8.059172, -69.1403, 27.92254, 1, 1, 1, True
46.59514, 8.059172, -69.1403, 27.92254, 1, 1, 1, True
46.59919, 8.059172, -69.1403, 27.92254, 1, 1, 1, True
46.60336, 8.059172, -69.1403, 27.92254, 1, 1, 1, True
46.60698, 8.059172, -69.1403, 27.92254, 1, 1, 1, True
46.61119, 8.059172, -69.1403, 27.92254, 1, 1, 1, True
46.61515, 8.059172, -69.1403, 27.92254, 1, 1, 1, True
46.61914, 8.059172, -69.1403, 27.92254, 1, 1, 1, True
46.62306, 8.059172, -69.1403, 27.92254, 1, 1, 1, True
46.62707, 8.059172, -69.1403, 27.92254, 1, 1, 1, True
46.63111, 8.059172, -69.1403, 27.92254, 1, 1, 1, True
46.63496, 8.059172, -69.1403, 27.92254, 1, 1, 1, True
46.63909, 8.059172, -69.1403, 27.92254, 1, 1, 1, True
46.64294, 8.059172, -69.1403, 27.92254, 1, 1, 1, True
46.64712, 8.059172, -69.1403, 27.92254, 1, 1, 1, True
46.65117, 8.059172, -69.1403, 27.92254, 1, 1, 1, True
46.65493, 8.059172, -69.1403, 27.92254, 1, 1, 1, True
46.65898, 8.059172, -69.1403, 27.92254, 1, 1, 1, True
46.66315, 8.059172, -69.1403, 27.92254, 1, 1, 1, True
46.6671, 8.059172, -69.1403, 27.92254, 1, 1, 1, True
46.67112, 8.059172, -69.1403, 27.92254, 1, 1, 1, True
46.67503, 8.059172, -69.1403, 27.92254, 1, 1, 1, True
46.67906, 8.059172, -69.1403, 27.92254, 1, 1, 1, True
46.68326, 8.059172, -69.1403, 27.92254, 1, 1, 1, True
46.71137, 8.059172, -69.1403, 27.92254, 1, 1, 1, True
46.71931, 8.059172, -69.1403, 27.92254, 1, 1, 1, True
46.72719, 8.059172, -69.1403, 27.92254, 1, 1, 1, True
46.73521, 8.059172, -69.1403, 27.92254, 1, 1, 1, True
46.74335, 8.059172, -69.1403, 27.92254, 1, 1, 1, True
46.75105, 8.059172, -69.1403, 27.92254, 1, 1, 1, True
46.75931, 8.059172, -69.1403, 27.92254, 1, 1, 1, True
46.76738, 8.059172, -69.1403, 27.92254, 1, 1, 1, True
46.77539, 8.059172, -69.1403, 27.92254, 1, 1, 1, True
46.78699, 8.059172, -69.1403, 27.92254, 1, 1, 1, True
46.79117, 8.059172, -69.1403, 27.92254, 1, 1, 1, True
46.79504, 8.059172, -69.1403, 27.92254, 1, 1, 1, True
46.79919, 8.059172, -69.1403, 27.92254, 1, 1, 1, True
46.80326, 8.059172, -69.1403, 27.92254, 1, 1, 1, True
46.80701, 8.059172, -69.1403, 27.92254, 1, 1, 1, True
46.81116, 8.059172, -69.1403, 27.92254, 1, 1, 1, True
46.81503, 8.059172, -69.1403, 27.92254, 1, 1, 1, True
46.81916, 8.059172, -69.1403, 27.92254, 1, 1, 1, True
46.82317, 8.059172, -69.1403, 27.92254, 1, 1, 1, True
46.82693, 8.059172, -69.1403, 27.92254, 1, 1, 1, True
46.83112, 8.059172, -69.1403, 27.92254, 1, 1, 1, True
46.83498, 8.059172, -69.1403, 27.92254, 1, 1, 1, True
46.83911, 8.059172, -69.1403, 27.92254, 1, 1, 1, True
46.84308, 8.059172, -69.1403, 27.92254, 1, 1, 1, True
46.84689, 8.059172, -69.1403, 27.92254, 1, 1, 1, True
46.85115, 8.059172, -69.1403, 27.92254, 1, 1, 1, True
46.85504, 8.059172, -69.1403, 27.92254, 1, 1, 1, True
46.85903, 8.059172, -69.1403, 27.92254, 1, 1, 1, True
46.86311, 8.059172, -69.1403, 27.92254, 1, 1, 1, True
46.86713, 8.059172, -69.1403, 27.92254, 1, 1, 1, True
46.87111, 8.059172, -69.1403, 27.92254, 1, 1, 1, True
46.89547, 8.059172, -69.1403, 27.92254, 1, 1, 1, True
46.89915, 8.059172, -69.1403, 27.92254, 1, 1, 1, True
46.90303, 8.059172, -69.1403, 27.92254, 1, 1, 1, True
46.90727, 8.059172, -69.1403, 27.92254, 1, 1, 1, True
46.91103, 8.059172, -69.1403, 27.92254, 1, 1, 1, True
46.91509, 8.059172, -69.1403, 27.92254, 1, 1, 1, True
46.91914, 8.059172, -69.1403, 27.92254, 1, 1, 1, True
46.92303, 8.059172, -69.1403, 27.92254, 1, 1, 1, True
46.92703, 8.059172, -69.1403, 27.92254, 1, 1, 1, True
46.93117, 8.059172, -69.1403, 27.92254, 1, 1, 1, True
46.93504, 8.059172, -69.1403, 27.92254, 1, 1, 1, True
46.93894, 8.059172, -69.1403, 27.92254, 1, 1, 1, True
46.94307, 8.059172, -69.1403, 27.92254, 1, 1, 1, True
46.94709, 8.059172, -69.1403, 27.92254, 1, 1, 1, True
46.95115, 8.059172, -69.1403, 27.92254, 1, 1, 1, True
46.95503, 8.059172, -69.1403, 27.92254, 1, 1, 1, True
46.95896, 8.059172, -69.1403, 27.92254, 1, 1, 1, True
46.96311, 8.059172, -69.1403, 27.92254, 1, 1, 1, True
46.96705, 8.059172, -69.1403, 27.92254, 1, 1, 1, True
46.97107, 8.059172, -69.1403, 27.92254, 1, 1, 1, True
46.97511, 8.059172, -69.1403, 27.92254, 1, 1, 1, True
46.97904, 8.059172, -69.1403, 27.92254, 1, 1, 1, True
46.98311, 8.059172, -69.1403, 27.92254, 1, 1, 1, True
46.98692, 8.059172, -69.1403, 27.92254, 1, 1, 1, True
46.9912, 8.059172, -69.1403, 27.92254, 1, 1, 1, True
46.99495, 8.059172, -69.1403, 27.92254, 1, 1, 1, True
46.99917, 8.059172, -69.1403, 27.92254, 1, 1, 1, True
47.00348, 8.059172, -69.1403, 27.92254, 1, 1, 1, True
47.00701, 8.059172, -69.1403, 27.92254, 1, 1, 1, True
47.0111, 8.059172, -69.1403, 27.92254, 1, 1, 1, True
47.0151, 8.059172, -69.1403, 27.92254, 1, 1, 1, True
47.03938, 8.059172, -69.1403, 27.92254, 1, 1, 1, True
47.04292, 8.059172, -69.1403, 27.92254, 1, 1, 1, True
47.04727, 8.059172, -69.1403, 27.92254, 1, 1, 1, True
47.05103, 8.059172, -69.1403, 27.92254, 1, 1, 1, True
47.05509, 8.059172, -69.1403, 27.92254, 1, 1, 1, True
47.05907, 8.059172, -69.1403, 27.92254, 1, 1, 1, True
47.06307, 8.059172, -69.1403, 27.92254, 1, 1, 1, True
47.06712, 8.059172, -69.1403, 27.92254, 1, 1, 1, True
47.07107, 8.059172, -69.1403, 27.92254, 1, 1, 1, True
47.07513, 8.059172, -69.1403, 27.92254, 1, 1, 1, True
47.07912, 8.059172, -69.1403, 27.92254, 1, 1, 1, True
47.083, 8.059172, -69.1403, 27.92254, 1, 1, 1, True
47.08694, 8.059172, -69.1403, 27.92254, 1, 1, 1, True
47.09117, 8.059172, -69.1403, 27.92254, 1, 1, 1, True
47.09511, 8.059172, -69.1403, 27.92254, 1, 1, 1, True
47.09919, 8.059172, -69.1403, 27.92254, 1, 1, 1, True
47.10334, 8.059172, -69.1403, 27.92254, 1, 1, 1, True
47.10692, 8.059172, -69.1403, 27.92254, 1, 1, 1, True
47.11117, 8.059172, -69.1403, 27.92254, 1, 1, 1, True
47.11517, 8.059172, -69.1403, 27.92254, 1, 1, 1, True
47.11897, 8.059172, -69.1403, 27.92254, 1, 1, 1, True
47.12314, 8.059172, -69.1403, 27.92254, 1, 1, 1, True
47.12702, 8.059172, -69.1403, 27.92254, 1, 1, 1, True
47.13113, 8.059172, -69.1403, 27.92254, 1, 1, 1, True
47.13506, 8.059172, -69.1403, 27.92254, 1, 1, 1, True
47.13911, 8.059172, -69.1403, 27.92254, 1, 1, 1, True
47.14307, 8.059172, -69.1403, 27.92254, 1, 1, 1, True
47.14716, 8.059172, -69.1403, 27.92254, 1, 1, 1, True
47.15107, 8.059172, -69.1403, 27.92254, 1, 1, 1, True
47.15515, 8.059172, -69.1403, 27.92254, 1, 1, 1, True
47.15913, 8.059172, -69.1403, 27.92254, 1, 1, 1, True
47.18324, 8.059172, -69.1403, 27.92254, 1, 1, 1, True
47.19129, 8.059172, -69.1403, 27.92254, 1, 1, 1, True
47.19502, 8.059172, -69.1403, 27.92254, 1, 1, 1, True
47.19908, 8.059172, -69.1403, 27.92254, 1, 1, 1, True
47.2034, 8.059172, -69.1403, 27.92254, 1, 1, 1, True
47.20702, 8.059172, -69.1403, 27.92254, 1, 1, 1, True
47.21112, 8.059172, -69.1403, 27.92254, 1, 1, 1, True
47.2151, 8.059172, -69.1403, 27.92254, 1, 1, 1, True
47.21907, 8.059172, -69.1403, 27.92254, 1, 1, 1, True
47.22311, 8.059172, -69.1403, 27.92254, 1, 1, 1, True
47.22702, 8.059172, -69.1403, 27.92254, 1, 1, 1, True
47.23114, 8.059172, -69.1403, 27.92254, 1, 1, 1, True
47.23512, 8.059172, -69.1403, 27.92254, 1, 1, 1, True
47.23911, 8.059172, -69.1403, 27.92254, 1, 1, 1, True
47.24301, 8.059172, -69.1403, 27.92254, 1, 1, 1, True
47.24694, 8.059172, -69.1403, 27.92254, 1, 1, 1, True
47.25116, 8.059172, -69.1403, 27.92254, 1, 1, 1, True
47.25505, 8.059172, -69.1403, 27.92254, 1, 1, 1, True
47.25911, 8.059172, -69.1403, 27.92254, 1, 1, 1, True
47.263, 8.059172, -69.1403, 27.92254, 1, 1, 1, True
47.26706, 8.059172, -69.1403, 27.92254, 1, 1, 1, True
47.27123, 8.059172, -69.1403, 27.92254, 1, 1, 1, True
47.27504, 8.059172, -69.1403, 27.92254, 1, 1, 1, True
47.27914, 8.059172, -69.1403, 27.92254, 1, 1, 1, True
47.28284, 8.059172, -69.1403, 27.92254, 1, 1, 1, True
47.28695, 8.059172, -69.1403, 27.92254, 1, 1, 1, True
47.291, 8.059172, -69.1403, 27.92254, 1, 1, 1, True
47.29515, 8.059172, -69.1403, 27.92254, 1, 1, 1, True
47.29898, 8.059172, -69.1403, 27.92254, 1, 1, 1, True
47.30337, 8.059172, -69.1403, 27.92254, 1, 1, 1, True
47.3072, 8.059172, -69.1403, 27.92254, 1, 1, 1, True
47.32714, 8.059172, -69.1403, 27.92254, 1, 1, 1, True
47.33128, 8.059172, -69.1403, 27.92254, 1, 1, 1, True
47.33513, 8.059172, -69.1403, 27.92254, 1, 1, 1, True
47.33903, 8.059172, -69.1403, 27.92254, 1, 1, 1, True
47.34315, 8.059172, -69.1403, 27.92254, 1, 1, 1, True
47.34701, 8.059172, -69.1403, 27.92254, 1, 1, 1, True
47.35104, 8.059172, -69.1403, 27.92254, 1, 1, 1, True
47.35505, 8.059172, -69.1403, 27.92254, 1, 1, 1, True
47.35916, 8.059172, -69.1403, 27.92254, 1, 1, 1, True
47.36304, 8.059172, -69.1403, 27.92254, 1, 1, 1, True
47.36702, 8.059172, -69.1403, 27.92254, 1, 1, 1, True
47.3711, 8.059172, -69.1403, 27.92254, 1, 1, 1, True
47.3749, 8.059172, -69.1403, 27.92254, 1, 1, 1, True
47.37917, 8.059172, -69.1403, 27.92254, 1, 1, 1, True
47.38297, 8.059172, -69.1403, 27.92254, 1, 1, 1, True
47.38699, 8.059172, -69.1403, 27.92254, 1, 1, 1, True
47.39106, 8.059172, -69.1403, 27.92254, 1, 1, 1, True
47.39515, 8.059172, -69.1403, 27.92254, 1, 1, 1, True
47.39902, 8.059172, -69.1403, 27.92254, 1, 1, 1, True
47.40338, 8.059172, -69.1403, 27.92254, 1, 1, 1, True
47.40687, 8.059172, -69.1403, 27.92254, 1, 1, 1, True
47.41117, 8.059172, -69.1403, 27.92254, 1, 1, 1, True
47.4151, 8.059172, -69.1403, 27.92254, 1, 1, 1, True
47.41905, 8.059172, -69.1403, 27.92254, 1, 1, 1, True
47.42295, 8.059172, -69.1403, 27.92254, 1, 1, 1, True
47.42712, 8.059172, -69.1403, 27.92254, 1, 1, 1, True
47.43111, 8.059172, -69.1403, 27.92254, 1, 1, 1, True
47.43516, 8.059172, -69.1403, 27.92254, 1, 1, 1, True
47.43916, 8.059172, -69.1403, 27.92254, 1, 1, 1, True
47.4438, 8.059172, -69.1403, 27.92254, 1, 1, 1, True
47.44714, 8.059172, -69.1403, 27.92254, 1, 1, 1, True
47.48333, 8.059172, -69.1403, 27.92254, 1, 1, 1, True
47.48727, 8.059172, -69.1403, 27.92254, 1, 1, 1, True
47.49102, 8.059172, -69.1403, 27.92254, 1, 1, 1, True
47.49512, 8.059172, -69.1403, 27.92254, 1, 1, 1, True
47.499, 8.059172, -69.1403, 27.92254, 1, 1, 1, True
47.50346, 8.059172, -69.1403, 27.92254, 1, 1, 1, True
47.50704, 8.059172, -69.1403, 27.92254, 1, 1, 1, True
47.5111, 8.059172, -69.1403, 27.92254, 1, 1, 1, True
47.51506, 8.059172, -69.1403, 27.92254, 1, 1, 1, True
47.51906, 8.059172, -69.1403, 27.92254, 1, 1, 1, True
47.52301, 8.059172, -69.1403, 27.92254, 1, 1, 1, True
47.5271, 8.059172, -69.1403, 27.92254, 1, 1, 1, True
47.53112, 8.059172, -69.1403, 27.92254, 1, 1, 1, True
47.53511, 8.059172, -69.1403, 27.92254, 1, 1, 1, True
47.53896, 8.059172, -69.1403, 27.92254, 1, 1, 1, True
47.54305, 8.059172, -69.1403, 27.92254, 1, 1, 1, True
47.54687, 8.059172, -69.1403, 27.92254, 1, 1, 1, True
47.5512, 8.059172, -69.1403, 27.92254, 1, 1, 1, True
47.55505, 8.059172, -69.1403, 27.92254, 1, 1, 1, True
47.559, 8.059172, -69.1403, 27.92254, 1, 1, 1, True
47.5631, 8.059172, -69.1403, 27.92254, 1, 1, 1, True
47.56697, 8.059172, -69.1403, 27.92254, 1, 1, 1, True
47.57109, 8.059172, -69.1403, 27.92254, 1, 1, 1, True
47.57504, 8.059172, -69.1403, 27.92254, 1, 1, 1, True
47.57904, 8.059172, -69.1403, 27.92254, 1, 1, 1, True
47.58307, 8.059172, -69.1403, 27.92254, 1, 1, 1, True
47.58691, 8.059172, -69.1403, 27.92254, 1, 1, 1, True
47.59112, 8.059172, -69.1403, 27.92254, 1, 1, 1, True
47.59511, 8.059172, -69.1403, 27.92254, 1, 1, 1, True
47.59908, 8.059172, -69.1403, 27.92254, 1, 1, 1, True
47.60341, 8.059172, -69.1403, 27.92254, 1, 1, 1, True
47.62744, 8.059172, -69.1403, 27.92254, 1, 1, 1, True
47.63153, 8.059172, -69.1403, 27.92254, 1, 1, 1, True
47.63502, 8.059172, -69.1403, 27.92254, 1, 1, 1, True
47.63914, 8.059172, -69.1403, 27.92254, 1, 1, 1, True
47.64316, 8.059172, -69.1403, 27.92254, 1, 1, 1, True
47.64689, 8.059172, -69.1403, 27.92254, 1, 1, 1, True
47.65115, 8.059172, -69.1403, 27.92254, 1, 1, 1, True
47.65503, 8.059172, -69.1403, 27.92254, 1, 1, 1, True
47.65892, 8.059172, -69.1403, 27.92254, 1, 1, 1, True
47.66317, 8.059172, -69.1403, 27.92254, 1, 1, 1, True
47.66693, 8.059172, -69.1403, 27.92254, 1, 1, 1, True
47.67112, 8.059172, -69.1403, 27.92254, 1, 1, 1, True
47.67511, 8.059172, -69.1403, 27.92254, 1, 1, 1, True
47.67916, 8.059172, -69.1403, 27.92254, 1, 1, 1, True
47.68309, 8.059172, -69.1403, 27.92254, 1, 1, 1, True
47.68709, 8.059172, -69.1403, 27.92254, 1, 1, 1, True
47.69118, 8.059172, -69.1403, 27.92254, 1, 1, 1, True
47.6951, 8.059172, -69.1403, 27.92254, 1, 1, 1, True
47.69912, 8.059172, -69.1403, 27.92254, 1, 1, 1, True
47.70333, 8.059172, -69.1403, 27.92254, 1, 1, 1, True
47.70697, 8.059172, -69.1403, 27.92254, 1, 1, 1, True
47.71105, 8.059172, -69.1403, 27.92254, 1, 1, 1, True
47.71494, 8.059172, -69.1403, 27.92254, 1, 1, 1, True
47.71918, 8.059172, -69.1403, 27.92254, 1, 1, 1, True
47.72305, 8.059172, -69.1403, 27.92254, 1, 1, 1, True
47.72697, 8.059172, -69.1403, 27.92254, 1, 1, 1, True
47.73123, 8.059172, -69.1403, 27.92254, 1, 1, 1, True
47.73491, 8.059172, -69.1403, 27.92254, 1, 1, 1, True
47.73912, 8.059172, -69.1403, 27.92254, 1, 1, 1, True
47.74306, 8.059172, -69.1403, 27.92254, 1, 1, 1, True
47.7471, 8.059172, -69.1403, 27.92254, 1, 1, 1, True
47.77146, 8.059172, -69.1403, 27.92254, 1, 1, 1, True
47.77519, 8.059172, -69.1403, 27.92254, 1, 1, 1, True
47.77932, 8.059172, -69.1403, 27.92254, 1, 1, 1, True
47.78318, 8.059172, -69.1403, 27.92254, 1, 1, 1, True
47.78698, 8.059172, -69.1403, 27.92254, 1, 1, 1, True
47.79096, 8.059172, -69.1403, 27.92254, 1, 1, 1, True
47.79512, 8.059172, -69.1403, 27.92254, 1, 1, 1, True
47.79909, 8.059172, -69.1403, 27.92254, 1, 1, 1, True
47.80334, 8.059172, -69.1403, 27.92254, 1, 1, 1, True
47.80695, 8.059172, -69.1403, 27.92254, 1, 1, 1, True
47.81103, 8.059172, -69.1403, 27.92254, 1, 1, 1, True
47.81513, 8.059172, -69.1403, 27.92254, 1, 1, 1, True
47.81911, 8.059172, -69.1403, 27.92254, 1, 1, 1, True
47.82309, 8.059172, -69.1403, 27.92254, 1, 1, 1, True
47.82703, 8.059172, -69.1403, 27.92254, 1, 1, 1, True
47.83113, 8.059172, -69.1403, 27.92254, 1, 1, 1, True
47.83508, 8.059172, -69.1403, 27.92254, 1, 1, 1, True
47.83907, 8.059172, -69.1403, 27.92254, 1, 1, 1, True
47.84315, 8.059172, -69.1403, 27.92254, 1, 1, 1, True
47.84699, 8.059172, -69.1403, 27.92254, 1, 1, 1, True
47.85115, 8.059172, -69.1403, 27.92254, 1, 1, 1, True
47.85503, 8.059172, -69.1403, 27.92254, 1, 1, 1, True
47.85916, 8.059172, -69.1403, 27.92254, 1, 1, 1, True
47.86312, 8.059172, -69.1403, 27.92254, 1, 1, 1, True
47.86703, 8.059172, -69.1403, 27.92254, 1, 1, 1, True
47.87108, 8.059172, -69.1403, 27.92254, 1, 1, 1, True
47.87514, 8.059172, -69.1403, 27.92254, 1, 1, 1, True
47.87903, 8.059172, -69.1403, 27.92254, 1, 1, 1, True
47.88311, 8.059172, -69.1403, 27.92254, 1, 1, 1, True
47.88688, 8.059172, -69.1403, 27.92254, 1, 1, 1, True
47.89131, 8.059172, -69.1403, 27.92254, 1, 1, 1, True
47.91112, 8.059172, -69.1403, 27.92254, 1, 1, 1, True
47.9152, 8.059172, -69.1403, 27.92254, 1, 1, 1, True
47.9191, 8.059172, -69.1403, 27.92254, 1, 1, 1, True
47.923, 8.059172, -69.1403, 27.92254, 1, 1, 1, True
47.9272, 8.059172, -69.1403, 27.92254, 1, 1, 1, True
47.93106, 8.059172, -69.1403, 27.92254, 1, 1, 1, True
47.93492, 8.059172, -69.1403, 27.92254, 1, 1, 1, True
47.93915, 8.059172, -69.1403, 27.92254, 1, 1, 1, True
47.94308, 8.059172, -69.1403, 27.92254, 1, 1, 1, True
47.94707, 8.059172, -69.1403, 27.92254, 1, 1, 1, True
47.95107, 8.059172, -69.1403, 27.92254, 1, 1, 1, True
47.95509, 8.059172, -69.1403, 27.92254, 1, 1, 1, True
47.95914, 8.059172, -69.1403, 27.92254, 1, 1, 1, True
47.96301, 8.059172, -69.1403, 27.92254, 1, 1, 1, True
47.96697, 8.059172, -69.1403, 27.92254, 1, 1, 1, True
47.97112, 8.059172, -69.1403, 27.92254, 1, 1, 1, True
47.97507, 8.059172, -69.1403, 27.92254, 1, 1, 1, True
47.97913, 8.059172, -69.1403, 27.92254, 1, 1, 1, True
47.98309, 8.059172, -69.1403, 27.92254, 1, 1, 1, True
47.9869, 8.059172, -69.1403, 27.92254, 1, 1, 1, True
47.99124, 8.059172, -69.1403, 27.92254, 1, 1, 1, True
47.99505, 8.059172, -69.1403, 27.92254, 1, 1, 1, True
47.99899, 8.059172, -69.1403, 27.92254, 1, 1, 1, True
48.00339, 8.059172, -69.1403, 27.92254, 1, 1, 1, True
48.00697, 8.059172, -69.1403, 27.92254, 1, 1, 1, True
48.01117, 8.059172, -69.1403, 27.92254, 1, 1, 1, True
48.01506, 8.059172, -69.1403, 27.92254, 1, 1, 1, True
48.01915, 8.059172, -69.1403, 27.92254, 1, 1, 1, True
48.02304, 8.059172, -69.1403, 27.92254, 1, 1, 1, True
48.02703, 8.059172, -69.1403, 27.92254, 1, 1, 1, True
48.03114, 8.059172, -69.1403, 27.92254, 1, 1, 1, True
48.05103, 8.059172, -69.1403, 27.92254, 1, 1, 1, True
48.05519, 8.059172, -69.1403, 27.92254, 1, 1, 1, True
48.05936, 8.059172, -69.1403, 27.92254, 1, 1, 1, True
48.06311, 8.059172, -69.1403, 27.92254, 1, 1, 1, True
48.06696, 8.059172, -69.1403, 27.92254, 1, 1, 1, True
48.07105, 8.059172, -69.1403, 27.92254, 1, 1, 1, True
48.07514, 8.059172, -69.1403, 27.92254, 1, 1, 1, True
48.07907, 8.059172, -69.1403, 27.92254, 1, 1, 1, True
48.08309, 8.059172, -69.1403, 27.92254, 1, 1, 1, True
48.08696, 8.059172, -69.1403, 27.92254, 1, 1, 1, True
48.09115, 8.059172, -69.1403, 27.92254, 1, 1, 1, True
48.09499, 8.059172, -69.1403, 27.92254, 1, 1, 1, True
48.09916, 8.059172, -69.1403, 27.92254, 1, 1, 1, True
48.10337, 8.059172, -69.1403, 27.92254, 1, 1, 1, True
48.10691, 8.059172, -69.1403, 27.92254, 1, 1, 1, True
48.11119, 8.059172, -69.1403, 27.92254, 1, 1, 1, True
48.11507, 8.059172, -69.1403, 27.92254, 1, 1, 1, True
48.11913, 8.059172, -69.1403, 27.92254, 1, 1, 1, True
48.12302, 8.059172, -69.1403, 27.92254, 1, 1, 1, True
48.12704, 8.059172, -69.1403, 27.92254, 1, 1, 1, True
48.13111, 8.059172, -69.1403, 27.92254, 1, 1, 1, True
48.13509, 8.059172, -69.1403, 27.92254, 1, 1, 1, True
48.1391, 8.059172, -69.1403, 27.92254, 1, 1, 1, True
48.14322, 8.059172, -69.1403, 27.92254, 1, 1, 1, True
48.14703, 8.059172, -69.1403, 27.92254, 1, 1, 1, True
48.15111, 8.059172, -69.1403, 27.92254, 1, 1, 1, True
48.15508, 8.059172, -69.1403, 27.92254, 1, 1, 1, True
48.15901, 8.059172, -69.1403, 27.92254, 1, 1, 1, True
48.16312, 8.059172, -69.1403, 27.92254, 1, 1, 1, True
48.16695, 8.059172, -69.1403, 27.92254, 1, 1, 1, True
48.17122, 8.059172, -69.1403, 27.92254, 1, 1, 1, True
48.19102, 8.059172, -69.1403, 27.92254, 1, 1, 1, True
48.19526, 8.059172, -69.1403, 27.92254, 1, 1, 1, True
48.1994, 8.059172, -69.1403, 27.92254, 1, 1, 1, True
48.20291, 8.059172, -69.1403, 27.92254, 1, 1, 1, True
48.20688, 8.059172, -69.1403, 27.92254, 1, 1, 1, True
48.21095, 8.059172, -69.1403, 27.92254, 1, 1, 1, True
48.21503, 8.059172, -69.1403, 27.92254, 1, 1, 1, True
48.21917, 8.059172, -69.1403, 27.92254, 1, 1, 1, True
48.22299, 8.059172, -69.1403, 27.92254, 1, 1, 1, True
48.22717, 8.059172, -69.1403, 27.92254, 1, 1, 1, True
48.23104, 8.059172, -69.1403, 27.92254, 1, 1, 1, True
48.23511, 8.059172, -69.1403, 27.92254, 1, 1, 1, True
48.23904, 8.059172, -69.1403, 27.92254, 1, 1, 1, True
48.24314, 8.059172, -69.1403, 27.92254, 1, 1, 1, True
48.24695, 8.059172, -69.1403, 27.92254, 1, 1, 1, True
48.25117, 8.059172, -69.1403, 27.92254, 1, 1, 1, True
48.25498, 8.059172, -69.1403, 27.92254, 1, 1, 1, True
48.25908, 8.059172, -69.1403, 27.92254, 1, 1, 1, True
48.26317, 8.059172, -69.1403, 27.92254, 1, 1, 1, True
48.26704, 8.059172, -69.1403, 27.92254, 1, 1, 1, True
48.2711, 8.059172, -69.1403, 27.92254, 1, 1, 1, True
48.27496, 8.059172, -69.1403, 27.92254, 1, 1, 1, True
48.27913, 8.059172, -69.1403, 27.92254, 1, 1, 1, True
48.28308, 8.059172, -69.1403, 27.92254, 1, 1, 1, True
48.28695, 8.059172, -69.1403, 27.92254, 1, 1, 1, True
48.29123, 8.059172, -69.1403, 27.92254, 1, 1, 1, True
48.29514, 8.059172, -69.1403, 27.92254, 1, 1, 1, True
48.29913, 8.059172, -69.1403, 27.92254, 1, 1, 1, True
48.30331, 8.059172, -69.1403, 27.92254, 1, 1, 1, True
48.30695, 8.059172, -69.1403, 27.92254, 1, 1, 1, True
48.31129, 8.059172, -69.1403, 27.92254, 1, 1, 1, True
48.33095, 8.059172, -69.1403, 27.92254, 1, 1, 1, True
48.33525, 8.059172, -69.1403, 27.92254, 1, 1, 1, True
48.33956, 8.059172, -69.1403, 27.92254, 1, 1, 1, True
48.34301, 8.059172, -69.1403, 27.92254, 1, 1, 1, True
48.34704, 8.059172, -69.1403, 27.92254, 1, 1, 1, True
48.35096, 8.059172, -69.1403, 27.92254, 1, 1, 1, True
48.35517, 8.059172, -69.1403, 27.92254, 1, 1, 1, True
48.35894, 8.059172, -69.1403, 27.92254, 1, 1, 1, True
48.36305, 8.059172, -69.1403, 27.92254, 1, 1, 1, True
48.36711, 8.059172, -69.1403, 27.92254, 1, 1, 1, True
48.37111, 8.059172, -69.1403, 27.92254, 1, 1, 1, True
48.37503, 8.059172, -69.1403, 27.92254, 1, 1, 1, True
48.37914, 8.059172, -69.1403, 27.92254, 1, 1, 1, True
48.38309, 8.059172, -69.1403, 27.92254, 1, 1, 1, True
48.3869, 8.059172, -69.1403, 27.92254, 1, 1, 1, True
48.39114, 8.059172, -69.1403, 27.92254, 1, 1, 1, True
48.39503, 8.059172, -69.1403, 27.92254, 1, 1, 1, True
48.39914, 8.059172, -69.1403, 27.92254, 1, 1, 1, True
48.40333, 8.059172, -69.1403, 27.92254, 1, 1, 1, True
48.40695, 8.059172, -69.1403, 27.92254, 1, 1, 1, True
48.41091, 8.059172, -69.1403, 27.92254, 1, 1, 1, True
48.41501, 8.059172, -69.1403, 27.92254, 1, 1, 1, True
48.41912, 8.059172, -69.1403, 27.92254, 1, 1, 1, True
48.42307, 8.059172, -69.1403, 27.92254, 1, 1, 1, True
48.42704, 8.059172, -69.1403, 27.92254, 1, 1, 1, True
48.43119, 8.059172, -69.1403, 27.92254, 1, 1, 1, True
48.43504, 8.059172, -69.1403, 27.92254, 1, 1, 1, True
48.43908, 8.059172, -69.1403, 27.92254, 1, 1, 1, True
48.44307, 8.059172, -69.1403, 27.92254, 1, 1, 1, True
48.44713, 8.059172, -69.1403, 27.92254, 1, 1, 1, True
48.45124, 8.059172, -69.1403, 27.92254, 1, 1, 1, True
48.47109, 8.059172, -69.1403, 27.92254, 1, 1, 1, True
48.47525, 8.059172, -69.1403, 27.92254, 1, 1, 1, True
48.47901, 8.059172, -69.1403, 27.92254, 1, 1, 1, True
48.48313, 8.059172, -69.1403, 27.92254, 1, 1, 1, True
48.48698, 8.059172, -69.1403, 27.92254, 1, 1, 1, True
48.49118, 8.059172, -69.1403, 27.92254, 1, 1, 1, True
48.49489, 8.059172, -69.1403, 27.92254, 1, 1, 1, True
48.49918, 8.059172, -69.1403, 27.92254, 1, 1, 1, True
48.50318, 8.059172, -69.1403, 27.92254, 1, 1, 1, True
48.50705, 8.059172, -69.1403, 27.92254, 1, 1, 1, True
48.51112, 8.059172, -69.1403, 27.92254, 1, 1, 1, True
48.51507, 8.059172, -69.1403, 27.92254, 1, 1, 1, True
48.51914, 8.059172, -69.1403, 27.92254, 1, 1, 1, True
48.52303, 8.059172, -69.1403, 27.92254, 1, 1, 1, True
48.52707, 8.059172, -69.1403, 27.92254, 1, 1, 1, True
48.53114, 8.059172, -69.1403, 27.92254, 1, 1, 1, True
48.53505, 8.059172, -69.1403, 27.92254, 1, 1, 1, True
48.53911, 8.059172, -69.1403, 27.92254, 1, 1, 1, True
48.54298, 8.059172, -69.1403, 27.92254, 1, 1, 1, True
48.54714, 8.059172, -69.1403, 27.92254, 1, 1, 1, True
48.55107, 8.059172, -69.1403, 27.92254, 1, 1, 1, True
48.55511, 8.059172, -69.1403, 27.92254, 1, 1, 1, True
48.55904, 8.059172, -69.1403, 27.92254, 1, 1, 1, True
48.56318, 8.059172, -69.1403, 27.92254, 1, 1, 1, True
48.56702, 8.059172, -69.1403, 27.92254, 1, 1, 1, True
48.57107, 8.059172, -69.1403, 27.92254, 1, 1, 1, True
48.57511, 8.059172, -69.1403, 27.92254, 1, 1, 1, True
48.57912, 8.059172, -69.1403, 27.92254, 1, 1, 1, True
48.58308, 8.059172, -69.1403, 27.92254, 1, 1, 1, True
48.58692, 8.059172, -69.1403, 27.92254, 1, 1, 1, True
48.59132, 8.059172, -69.1403, 27.92254, 1, 1, 1, True
48.61107, 8.059172, -69.1403, 27.92254, 1, 1, 1, True
48.61483, 8.059172, -69.1403, 27.92254, 1, 1, 1, True
48.61934, 8.059172, -69.1403, 27.92254, 1, 1, 1, True
48.62303, 8.059172, -69.1403, 27.92254, 1, 1, 1, True
48.62716, 8.059172, -69.1403, 27.92254, 1, 1, 1, True
48.63104, 8.059172, -69.1403, 27.92254, 1, 1, 1, True
48.63512, 8.059172, -69.1403, 27.92254, 1, 1, 1, True
48.63905, 8.059172, -69.1403, 27.92254, 1, 1, 1, True
48.64317, 8.059172, -69.1403, 27.92254, 1, 1, 1, True
48.64707, 8.059172, -69.1403, 27.92254, 1, 1, 1, True
48.65115, 8.059172, -69.1403, 27.92254, 1, 1, 1, True
48.6551, 8.059172, -69.1403, 27.92254, 1, 1, 1, True
48.6591, 8.059172, -69.1403, 27.92254, 1, 1, 1, True
48.6631, 8.059172, -69.1403, 27.92254, 1, 1, 1, True
48.66698, 8.059172, -69.1403, 27.92254, 1, 1, 1, True
48.67102, 8.059172, -69.1403, 27.92254, 1, 1, 1, True
48.67518, 8.059172, -69.1403, 27.92254, 1, 1, 1, True
48.67904, 8.059172, -69.1403, 27.92254, 1, 1, 1, True
48.68315, 8.059172, -69.1403, 27.92254, 1, 1, 1, True
48.68693, 8.059172, -69.1403, 27.92254, 1, 1, 1, True
48.69115, 8.059172, -69.1403, 27.92254, 1, 1, 1, True
48.69508, 8.059172, -69.1403, 27.92254, 1, 1, 1, True
48.69908, 8.059172, -69.1403, 27.92254, 1, 1, 1, True
48.70331, 8.059172, -69.1403, 27.92254, 1, 1, 1, True
48.707, 8.059172, -69.1403, 27.92254, 1, 1, 1, True
48.71114, 8.059172, -69.1403, 27.92254, 1, 1, 1, True
48.71505, 8.059172, -69.1403, 27.92254, 1, 1, 1, True
48.71919, 8.059172, -69.1403, 27.92254, 1, 1, 1, True
48.72297, 8.059172, -69.1403, 27.92254, 1, 1, 1, True
48.72712, 8.059172, -69.1403, 27.92254, 1, 1, 1, True
48.73116, 8.059172, -69.1403, 27.92254, 1, 1, 1, True
48.75524, 8.059172, -69.1403, 27.92254, 1, 1, 1, True
48.76325, 8.059172, -69.1403, 27.92254, 1, 1, 1, True
48.77511, 8.059172, -69.1403, 27.92254, 1, 1, 1, True
48.77892, 8.059172, -69.1403, 27.92254, 1, 1, 1, True
48.78314, 8.059172, -69.1403, 27.92254, 1, 1, 1, True
48.78692, 8.059172, -69.1403, 27.92254, 1, 1, 1, True
48.79092, 8.059172, -69.1403, 27.92254, 1, 1, 1, True
48.7952, 8.059172, -69.1403, 27.92254, 1, 1, 1, True
48.79901, 8.059172, -69.1403, 27.92254, 1, 1, 1, True
48.80327, 8.059172, -69.1403, 27.92254, 1, 1, 1, True
48.80706, 8.059172, -69.1403, 27.92254, 1, 1, 1, True
48.81114, 8.059172, -69.1403, 27.92254, 1, 1, 1, True
48.81479, 8.059172, -69.1403, 27.92254, 1, 1, 1, True
48.81905, 8.059172, -69.1403, 27.92254, 1, 1, 1, True
48.82308, 8.059172, -69.1403, 27.92254, 1, 1, 1, True
48.82701, 8.059172, -69.1403, 27.92254, 1, 1, 1, True
48.83112, 8.059172, -69.1403, 27.92254, 1, 1, 1, True
48.83507, 8.059172, -69.1403, 27.92254, 1, 1, 1, True
48.83906, 8.059172, -69.1403, 27.92254, 1, 1, 1, True
48.84311, 8.059172, -69.1403, 27.92254, 1, 1, 1, True
48.84705, 8.059172, -69.1403, 27.92254, 1, 1, 1, True
48.85113, 8.059172, -69.1403, 27.92254, 1, 1, 1, True
48.85501, 8.059172, -69.1403, 27.92254, 1, 1, 1, True
48.85915, 8.059172, -69.1403, 27.92254, 1, 1, 1, True
48.86294, 8.059172, -69.1403, 27.92254, 1, 1, 1, True
48.86711, 8.059172, -69.1403, 27.92254, 1, 1, 1, True
48.87109, 8.059172, -69.1403, 27.92254, 1, 1, 1, True
48.87512, 8.059172, -69.1403, 27.92254, 1, 1, 1, True
48.87909, 8.059172, -69.1403, 27.92254, 1, 1, 1, True
48.88317, 8.059172, -69.1403, 27.92254, 1, 1, 1, True
48.887, 8.059172, -69.1403, 27.92254, 1, 1, 1, True
48.90748, 8.059172, -69.1403, 27.92254, 1, 1, 1, True
48.91111, 8.059172, -69.1403, 27.92254, 1, 1, 1, True
48.91513, 8.059172, -69.1403, 27.92254, 1, 1, 1, True
48.91931, 8.059172, -69.1403, 27.92254, 1, 1, 1, True
48.92292, 8.059172, -69.1403, 27.92254, 1, 1, 1, True
48.92712, 8.059172, -69.1403, 27.92254, 1, 1, 1, True
48.93097, 8.059172, -69.1403, 27.92254, 1, 1, 1, True
48.93517, 8.059172, -69.1403, 27.92254, 1, 1, 1, True
48.93903, 8.059172, -69.1403, 27.92254, 1, 1, 1, True
48.94313, 8.059172, -69.1403, 27.92254, 1, 1, 1, True
48.94695, 8.059172, -69.1403, 27.92254, 1, 1, 1, True
48.95115, 8.059172, -69.1403, 27.92254, 1, 1, 1, True
48.95494, 8.059172, -69.1403, 27.92254, 1, 1, 1, True
48.95914, 8.059172, -69.1403, 27.92254, 1, 1, 1, True
48.96304, 8.059172, -69.1403, 27.92254, 1, 1, 1, True
48.9671, 8.059172, -69.1403, 27.92254, 1, 1, 1, True
48.9711, 8.059172, -69.1403, 27.92254, 1, 1, 1, True
48.97508, 8.059172, -69.1403, 27.92254, 1, 1, 1, True
48.97918, 8.059172, -69.1403, 27.92254, 1, 1, 1, True
48.98304, 8.059172, -69.1403, 27.92254, 1, 1, 1, True
48.9869, 8.059172, -69.1403, 27.92254, 1, 1, 1, True
48.99099, 8.059172, -69.1403, 27.92254, 1, 1, 1, True
48.99511, 8.059172, -69.1403, 27.92254, 1, 1, 1, True
48.99911, 8.059172, -69.1403, 27.92254, 1, 1, 1, True
49.0033, 8.059172, -69.1403, 27.92254, 1, 1, 1, True
49.00695, 8.059172, -69.1403, 27.92254, 1, 1, 1, True
49.01116, 8.059172, -69.1403, 27.92254, 1, 1, 1, True
49.0151, 8.059172, -69.1403, 27.92254, 1, 1, 1, True
49.01913, 8.059172, -69.1403, 27.92254, 1, 1, 1, True
49.02303, 8.059172, -69.1403, 27.92254, 1, 1, 1, True
49.02725, 8.059172, -69.1403, 27.92254, 1, 1, 1, True
49.04709, 8.059172, -69.1403, 27.92254, 1, 1, 1, True
49.05122, 8.059172, -69.1403, 27.92254, 1, 1, 1, True
49.05555, 8.059172, -69.1403, 27.92254, 1, 1, 1, True
49.05904, 8.059172, -69.1403, 27.92254, 1, 1, 1, True
49.0631, 8.059172, -69.1403, 27.92254, 1, 1, 1, True
49.06715, 8.059172, -69.1403, 27.92254, 1, 1, 1, True
49.07112, 8.059172, -69.1403, 27.92254, 1, 1, 1, True
49.07504, 8.059172, -69.1403, 27.92254, 1, 1, 1, True
49.07914, 8.059172, -69.1403, 27.92254, 1, 1, 1, True
49.08314, 8.059172, -69.1403, 27.92254, 1, 1, 1, True
49.08686, 8.059172, -69.1403, 27.92254, 1, 1, 1, True
49.09122, 8.059172, -69.1403, 27.92254, 1, 1, 1, True
49.09499, 8.059172, -69.1403, 27.92254, 1, 1, 1, True
49.09918, 8.059172, -69.1403, 27.92254, 1, 1, 1, True
49.10352, 8.059172, -69.1403, 27.92254, 1, 1, 1, True
49.10692, 8.059172, -69.1403, 27.92254, 1, 1, 1, True
49.11105, 8.059172, -69.1403, 27.92254, 1, 1, 1, True
49.11511, 8.059172, -69.1403, 27.92254, 1, 1, 1, True
49.11926, 8.059172, -69.1403, 27.92254, 1, 1, 1, True
49.12304, 8.059172, -69.1403, 27.92254, 1, 1, 1, True
49.12706, 8.059172, -69.1403, 27.92254, 1, 1, 1, True
49.13112, 8.059172, -69.1403, 27.92254, 1, 1, 1, True
49.13507, 8.059172, -69.1403, 27.92254, 1, 1, 1, True
49.1391, 8.059172, -69.1403, 27.92254, 1, 1, 1, True
49.14301, 8.059172, -69.1403, 27.92254, 1, 1, 1, True
49.14711, 8.059172, -69.1403, 27.92254, 1, 1, 1, True
49.15111, 8.059172, -69.1403, 27.92254, 1, 1, 1, True
49.15508, 8.059172, -69.1403, 27.92254, 1, 1, 1, True
49.1591, 8.059172, -69.1403, 27.92254, 1, 1, 1, True
49.16314, 8.059172, -69.1403, 27.92254, 1, 1, 1, True
49.1671, 8.059172, -69.1403, 27.92254, 1, 1, 1, True
49.18715, 8.059172, -69.1403, 27.92254, 1, 1, 1, True
49.19117, 8.059172, -69.1403, 27.92254, 1, 1, 1, True
49.19518, 8.059172, -69.1403, 27.92254, 1, 1, 1, True
49.19912, 8.059172, -69.1403, 27.92254, 1, 1, 1, True
49.20325, 8.059172, -69.1403, 27.92254, 1, 1, 1, True
49.20704, 8.059172, -69.1403, 27.92254, 1, 1, 1, True
49.21113, 8.059172, -69.1403, 27.92254, 1, 1, 1, True
49.21512, 8.059172, -69.1403, 27.92254, 1, 1, 1, True
49.21918, 8.059172, -69.1403, 27.92254, 1, 1, 1, True
49.22304, 8.059172, -69.1403, 27.92254, 1, 1, 1, True
49.22704, 8.059172, -69.1403, 27.92254, 1, 1, 1, True
49.23112, 8.059172, -69.1403, 27.92254, 1, 1, 1, True
49.23511, 8.059172, -69.1403, 27.92254, 1, 1, 1, True
49.2391, 8.059172, -69.1403, 27.92254, 1, 1, 1, True
49.24307, 8.059172, -69.1403, 27.92254, 1, 1, 1, True
49.24692, 8.059172, -69.1403, 27.92254, 1, 1, 1, True
49.25117, 8.059172, -69.1403, 27.92254, 1, 1, 1, True
49.25505, 8.059172, -69.1403, 27.92254, 1, 1, 1, True
49.25902, 8.059172, -69.1403, 27.92254, 1, 1, 1, True
49.26299, 8.059172, -69.1403, 27.92254, 1, 1, 1, True
49.26705, 8.059172, -69.1403, 27.92254, 1, 1, 1, True
49.2712, 8.059172, -69.1403, 27.92254, 1, 1, 1, True
49.2752, 8.059172, -69.1403, 27.92254, 1, 1, 1, True
49.27891, 8.059172, -69.1403, 27.92254, 1, 1, 1, True
49.28318, 8.059172, -69.1403, 27.92254, 1, 1, 1, True
49.28693, 8.059172, -69.1403, 27.92254, 1, 1, 1, True
49.29122, 8.059172, -69.1403, 27.92254, 1, 1, 1, True
49.29501, 8.059172, -69.1403, 27.92254, 1, 1, 1, True
49.29914, 8.059172, -69.1403, 27.92254, 1, 1, 1, True
49.30332, 8.059172, -69.1403, 27.92254, 1, 1, 1, True
49.30703, 8.059172, -69.1403, 27.92254, 1, 1, 1, True
49.32717, 8.059172, -69.1403, 27.92254, 1, 1, 1, True
49.33113, 8.059172, -69.1403, 27.92254, 1, 1, 1, True
49.33518, 8.059172, -69.1403, 27.92254, 1, 1, 1, True
49.33915, 8.059172, -69.1403, 27.92254, 1, 1, 1, True
49.34314, 8.059172, -69.1403, 27.92254, 1, 1, 1, True
49.34702, 8.059172, -69.1403, 27.92254, 1, 1, 1, True
49.35122, 8.059172, -69.1403, 27.92254, 1, 1, 1, True
49.35504, 8.059172, -69.1403, 27.92254, 1, 1, 1, True
49.35915, 8.059172, -69.1403, 27.92254, 1, 1, 1, True
49.36305, 8.059172, -69.1403, 27.92254, 1, 1, 1, True
49.36703, 8.059172, -69.1403, 27.92254, 1, 1, 1, True
49.37117, 8.059172, -69.1403, 27.92254, 1, 1, 1, True
49.37499, 8.059172, -69.1403, 27.92254, 1, 1, 1, True
49.37914, 8.059172, -69.1403, 27.92254, 1, 1, 1, True
49.38305, 8.059172, -69.1403, 27.92254, 1, 1, 1, True
49.38693, 8.059172, -69.1403, 27.92254, 1, 1, 1, True
49.39117, 8.059172, -69.1403, 27.92254, 1, 1, 1, True
49.39504, 8.059172, -69.1403, 27.92254, 1, 1, 1, True
49.39913, 8.059172, -69.1403, 27.92254, 1, 1, 1, True
49.40331, 8.059172, -69.1403, 27.92254, 1, 1, 1, True
49.4069, 8.059172, -69.1403, 27.92254, 1, 1, 1, True
49.41121, 8.059172, -69.1403, 27.92254, 1, 1, 1, True
49.41504, 8.059172, -69.1403, 27.92254, 1, 1, 1, True
49.41914, 8.059172, -69.1403, 27.92254, 1, 1, 1, True
49.42308, 8.059172, -69.1403, 27.92254, 1, 1, 1, True
49.42705, 8.059172, -69.1403, 27.92254, 1, 1, 1, True
49.43111, 8.059172, -69.1403, 27.92254, 1, 1, 1, True
49.43512, 8.059172, -69.1403, 27.92254, 1, 1, 1, True
49.43894, 8.059172, -69.1403, 27.92254, 1, 1, 1, True
49.44313, 8.059172, -69.1403, 27.92254, 1, 1, 1, True
49.44715, 8.059172, -69.1403, 27.92254, 1, 1, 1, True
49.46716, 8.059172, -69.1403, 27.92254, 1, 1, 1, True
49.47122, 8.059172, -69.1403, 27.92254, 1, 1, 1, True
49.47567, 8.059172, -69.1403, 27.92254, 1, 1, 1, True
49.479, 8.059172, -69.1403, 27.92254, 1, 1, 1, True
49.48304, 8.059172, -69.1403, 27.92254, 1, 1, 1, True
49.48692, 8.059172, -69.1403, 27.92254, 1, 1, 1, True
49.49094, 8.059172, -69.1403, 27.92254, 1, 1, 1, True
49.4952, 8.059172, -69.1403, 27.92254, 1, 1, 1, True
49.49897, 8.059172, -69.1403, 27.92254, 1, 1, 1, True
49.50319, 8.059172, -69.1403, 27.92254, 1, 1, 1, True
49.50713, 8.059172, -69.1403, 27.92254, 1, 1, 1, True
49.5111, 8.059172, -69.1403, 27.92254, 1, 1, 1, True
49.51505, 8.059172, -69.1403, 27.92254, 1, 1, 1, True
49.51904, 8.059172, -69.1403, 27.92254, 1, 1, 1, True
49.523, 8.059172, -69.1403, 27.92254, 1, 1, 1, True
49.52705, 8.059172, -69.1403, 27.92254, 1, 1, 1, True
49.53935, 8.059172, -69.1403, 27.92254, 1, 1, 1, True
49.54308, 8.059172, -69.1403, 27.92254, 1, 1, 1, True
49.54703, 8.059172, -69.1403, 27.92254, 1, 1, 1, True
49.55116, 8.059172, -69.1403, 27.92254, 1, 1, 1, True
49.5551, 8.059172, -69.1403, 27.92254, 1, 1, 1, True
49.55912, 8.059172, -69.1403, 27.92254, 1, 1, 1, True
49.56314, 8.059172, -69.1403, 27.92254, 1, 1, 1, True
49.56692, 8.059172, -69.1403, 27.92254, 1, 1, 1, True
49.57113, 8.059172, -69.1403, 27.92254, 1, 1, 1, True
49.575, 8.059172, -69.1403, 27.92254, 1, 1, 1, True
49.57917, 8.059172, -69.1403, 27.92254, 1, 1, 1, True
49.58303, 8.059172, -69.1403, 27.92254, 1, 1, 1, True
49.58697, 8.059172, -69.1403, 27.92254, 1, 1, 1, True
49.59113, 8.059172, -69.1403, 27.92254, 1, 1, 1, True
49.59519, 8.059172, -69.1403, 27.92254, 1, 1, 1, True
49.61932, 8.059172, -69.1403, 27.92254, 1, 1, 1, True
49.62299, 8.059172, -69.1403, 27.92254, 1, 1, 1, True
49.62705, 8.059172, -69.1403, 27.92254, 1, 1, 1, True
49.63098, 8.059172, -69.1403, 27.92254, 1, 1, 1, True
49.63506, 8.059172, -69.1403, 27.92254, 1, 1, 1, True
49.63889, 8.059172, -69.1403, 27.92254, 1, 1, 1, True
49.64309, 8.059172, -69.1403, 27.92254, 1, 1, 1, True
49.647, 8.059172, -69.1403, 27.92254, 1, 1, 1, True
49.65099, 8.059172, -69.1403, 27.92254, 1, 1, 1, True
49.65508, 8.059172, -69.1403, 27.92254, 1, 1, 1, True
49.65911, 8.059172, -69.1403, 27.92254, 1, 1, 1, True
49.66311, 8.059172, -69.1403, 27.92254, 1, 1, 1, True
49.66702, 8.059172, -69.1403, 27.92254, 1, 1, 1, True
49.67113, 8.059172, -69.1403, 27.92254, 1, 1, 1, True
49.67519, 8.059172, -69.1403, 27.92254, 1, 1, 1, True
49.67914, 8.059172, -69.1403, 27.92254, 1, 1, 1, True
49.68309, 8.059172, -69.1403, 27.92254, 1, 1, 1, True
49.6869, 8.059172, -69.1403, 27.92254, 1, 1, 1, True
49.69118, 8.059172, -69.1403, 27.92254, 1, 1, 1, True
49.69503, 8.059172, -69.1403, 27.92254, 1, 1, 1, True
49.69915, 8.059172, -69.1403, 27.92254, 1, 1, 1, True
49.70315, 8.059172, -69.1403, 27.92254, 1, 1, 1, True
49.70705, 8.059172, -69.1403, 27.92254, 1, 1, 1, True
49.71104, 8.059172, -69.1403, 27.92254, 1, 1, 1, True
49.715, 8.059172, -69.1403, 27.92254, 1, 1, 1, True
49.71921, 8.059172, -69.1403, 27.92254, 1, 1, 1, True
49.72307, 8.059172, -69.1403, 27.92254, 1, 1, 1, True
49.72706, 8.059172, -69.1403, 27.92254, 1, 1, 1, True
49.73114, 8.059172, -69.1403, 27.92254, 1, 1, 1, True
49.73517, 8.059172, -69.1403, 27.92254, 1, 1, 1, True
49.73918, 8.059172, -69.1403, 27.92254, 1, 1, 1, True
49.77104, 8.059172, -69.1403, 27.92254, 1, 1, 1, True
49.77507, 8.059172, -69.1403, 27.92254, 1, 1, 1, True
49.77913, 8.059172, -69.1403, 27.92254, 1, 1, 1, True
49.78312, 8.059172, -69.1403, 27.92254, 1, 1, 1, True
49.78693, 8.059172, -69.1403, 27.92254, 1, 1, 1, True
49.79119, 8.059172, -69.1403, 27.92254, 1, 1, 1, True
49.79509, 8.059172, -69.1403, 27.92254, 1, 1, 1, True
49.79912, 8.059172, -69.1403, 27.92254, 1, 1, 1, True
49.80317, 8.059172, -69.1403, 27.92254, 1, 1, 1, True
49.80702, 8.059172, -69.1403, 27.92254, 1, 1, 1, True
49.81117, 8.059172, -69.1403, 27.92254, 1, 1, 1, True
49.81508, 8.059172, -69.1403, 27.92254, 1, 1, 1, True
49.81916, 8.059172, -69.1403, 27.92254, 1, 1, 1, True
49.82298, 8.059172, -69.1403, 27.92254, 1, 1, 1, True
49.8272, 8.059172, -69.1403, 27.92254, 1, 1, 1, True
49.83111, 8.059172, -69.1403, 27.92254, 1, 1, 1, True
49.83514, 8.059172, -69.1403, 27.92254, 1, 1, 1, True
49.83902, 8.059172, -69.1403, 27.92254, 1, 1, 1, True
49.84314, 8.059172, -69.1403, 27.92254, 1, 1, 1, True
49.84694, 8.059172, -69.1403, 27.92254, 1, 1, 1, True
49.85115, 8.059172, -69.1403, 27.92254, 1, 1, 1, True
49.85501, 8.059172, -69.1403, 27.92254, 1, 1, 1, True
49.85909, 8.059172, -69.1403, 27.92254, 1, 1, 1, True
49.86312, 8.059172, -69.1403, 27.92254, 1, 1, 1, True
49.86702, 8.059172, -69.1403, 27.92254, 1, 1, 1, True
49.87109, 8.059172, -69.1403, 27.92254, 1, 1, 1, True
49.87511, 8.059172, -69.1403, 27.92254, 1, 1, 1, True
49.87912, 8.059172, -69.1403, 27.92254, 1, 1, 1, True
49.88299, 8.059172, -69.1403, 27.92254, 1, 1, 1, True
49.88697, 8.059172, -69.1403, 27.92254, 1, 1, 1, True
49.8913, 8.059172, -69.1403, 27.92254, 1, 1, 1, True
49.9155, 8.059172, -69.1403, 27.92254, 1, 1, 1, True
49.91901, 8.059172, -69.1403, 27.92254, 1, 1, 1, True
49.92316, 8.059172, -69.1403, 27.92254, 1, 1, 1, True
49.92702, 8.059172, -69.1403, 27.92254, 1, 1, 1, True
49.93092, 8.059172, -69.1403, 27.92254, 1, 1, 1, True
49.93518, 8.059172, -69.1403, 27.92254, 1, 1, 1, True
49.93896, 8.059172, -69.1403, 27.92254, 1, 1, 1, True
49.94313, 8.059172, -69.1403, 27.92254, 1, 1, 1, True
49.947, 8.059172, -69.1403, 27.92254, 1, 1, 1, True
49.95095, 8.059172, -69.1403, 27.92254, 1, 1, 1, True
49.9551, 8.059172, -69.1403, 27.92254, 1, 1, 1, True
49.959, 8.059172, -69.1403, 27.92254, 1, 1, 1, True
49.96313, 8.059172, -69.1403, 27.92254, 1, 1, 1, True
49.96701, 8.059172, -69.1403, 27.92254, 1, 1, 1, True
49.9711, 8.059172, -69.1403, 27.92254, 1, 1, 1, True
49.97507, 8.059172, -69.1403, 27.92254, 1, 1, 1, True
49.97927, 8.059172, -69.1403, 27.92254, 1, 1, 1, True
49.98305, 8.059172, -69.1403, 27.92254, 1, 1, 1, True
49.98694, 8.059172, -69.1403, 27.92254, 1, 1, 1, True
49.99115, 8.059172, -69.1403, 27.92254, 1, 1, 1, True
49.99506, 8.059172, -69.1403, 27.92254, 1, 1, 1, True
49.99916, 8.059172, -69.1403, 27.92254, 1, 1, 1, True
50.0033, 8.059172, -69.1403, 27.92254, 1, 1, 1, True
50.00692, 8.059172, -69.1403, 27.92254, 1, 1, 1, True
50.0112, 8.059172, -69.1403, 27.92254, 1, 1, 1, True
50.01495, 8.059172, -69.1403, 27.92254, 1, 1, 1, True
50.01917, 8.059172, -69.1403, 27.92254, 1, 1, 1, True
50.02308, 8.059172, -69.1403, 27.92254, 1, 1, 1, True
50.02705, 8.059172, -69.1403, 27.92254, 1, 1, 1, True
50.03111, 8.059172, -69.1403, 27.92254, 1, 1, 1, True
50.03522, 8.059172, -69.1403, 27.92254, 1, 1, 1, True
50.05505, 8.059172, -69.1403, 27.92254, 1, 1, 1, True
50.05899, 8.059172, -69.1403, 27.92254, 1, 1, 1, True
50.06316, 8.059172, -69.1403, 27.92254, 1, 1, 1, True
50.067, 8.059172, -69.1403, 27.92254, 1, 1, 1, True
50.07115, 8.059172, -69.1403, 27.92254, 1, 1, 1, True
50.07513, 8.059172, -69.1403, 27.92254, 1, 1, 1, True
50.07908, 8.059172, -69.1403, 27.92254, 1, 1, 1, True
50.08313, 8.059172, -69.1403, 27.92254, 1, 1, 1, True
50.08702, 8.059172, -69.1403, 27.92254, 1, 1, 1, True
50.09114, 8.059172, -69.1403, 27.92254, 1, 1, 1, True
50.09503, 8.059172, -69.1403, 27.92254, 1, 1, 1, True
50.09911, 8.059172, -69.1403, 27.92254, 1, 1, 1, True
50.10329, 8.059172, -69.1403, 27.92254, 1, 1, 1, True
50.10696, 8.059172, -69.1403, 27.92254, 1, 1, 1, True
50.11111, 8.059172, -69.1403, 27.92254, 1, 1, 1, True
50.11485, 8.059172, -69.1403, 27.92254, 1, 1, 1, True
50.11917, 8.059172, -69.1403, 27.92254, 1, 1, 1, True
50.12296, 8.059172, -69.1403, 27.92254, 1, 1, 1, True
50.12714, 8.059172, -69.1403, 27.92254, 1, 1, 1, True
50.13118, 8.059172, -69.1403, 27.92254, 1, 1, 1, True
50.13494, 8.059172, -69.1403, 27.92254, 1, 1, 1, True
50.13916, 8.059172, -69.1403, 27.92254, 1, 1, 1, True
50.14283, 8.059172, -69.1403, 27.92254, 1, 1, 1, True
50.14715, 8.059172, -69.1403, 27.92254, 1, 1, 1, True
50.15106, 8.059172, -69.1403, 27.92254, 1, 1, 1, True
50.15508, 8.059172, -69.1403, 27.92254, 1, 1, 1, True
50.15912, 8.059172, -69.1403, 27.92254, 1, 1, 1, True
50.1631, 8.059172, -69.1403, 27.92254, 1, 1, 1, True
50.16709, 8.059172, -69.1403, 27.92254, 1, 1, 1, True
50.1711, 8.059172, -69.1403, 27.92254, 1, 1, 1, True
50.17522, 8.059172, -69.1403, 27.92254, 1, 1, 1, True
50.19516, 8.059172, -69.1403, 27.92254, 1, 1, 1, True
50.19906, 8.059172, -69.1403, 27.92254, 1, 1, 1, True
50.20332, 8.059172, -69.1403, 27.92254, 1, 1, 1, True
50.20694, 8.059172, -69.1403, 27.92254, 1, 1, 1, True
50.21114, 8.059172, -69.1403, 27.92254, 1, 1, 1, True
50.21503, 8.059172, -69.1403, 27.92254, 1, 1, 1, True
50.21918, 8.059172, -69.1403, 27.92254, 1, 1, 1, True
50.22313, 8.059172, -69.1403, 27.92254, 1, 1, 1, True
50.22711, 8.059172, -69.1403, 27.92254, 1, 1, 1, True
50.23104, 8.059172, -69.1403, 27.92254, 1, 1, 1, True
50.23511, 8.059172, -69.1403, 27.92254, 1, 1, 1, True
50.23909, 8.059172, -69.1403, 27.92254, 1, 1, 1, True
50.24313, 8.059172, -69.1403, 27.92254, 1, 1, 1, True
50.24709, 8.059172, -69.1403, 27.92254, 1, 1, 1, True
50.25114, 8.059172, -69.1403, 27.92254, 1, 1, 1, True
50.25508, 8.059172, -69.1403, 27.92254, 1, 1, 1, True
50.25889, 8.059172, -69.1403, 27.92254, 1, 1, 1, True
50.26323, 8.059172, -69.1403, 27.92254, 1, 1, 1, True
50.26717, 8.059172, -69.1403, 27.92254, 1, 1, 1, True
50.27088, 8.059172, -69.1403, 27.92254, 1, 1, 1, True
50.27525, 8.059172, -69.1403, 27.92254, 1, 1, 1, True
50.27912, 8.059172, -69.1403, 27.92254, 1, 1, 1, True
50.28321, 8.059172, -69.1403, 27.92254, 1, 1, 1, True
50.28689, 8.059172, -69.1403, 27.92254, 1, 1, 1, True
50.29118, 8.059172, -69.1403, 27.92254, 1, 1, 1, True
50.29524, 8.059172, -69.1403, 27.92254, 1, 1, 1, True
50.29932, 8.059172, -69.1403, 27.92254, 1, 1, 1, True
50.30336, 8.059172, -69.1403, 27.92254, 1, 1, 1, True
50.30711, 8.059172, -69.1403, 27.92254, 1, 1, 1, True
50.3111, 8.059172, -69.1403, 27.92254, 1, 1, 1, True
50.31542, 8.059172, -69.1403, 27.92254, 1, 1, 1, True
50.33512, 8.059172, -69.1403, 27.92254, 1, 1, 1, True
50.33904, 8.059172, -69.1403, 27.92254, 1, 1, 1, True
50.34328, 8.059172, -69.1403, 27.92254, 1, 1, 1, True
50.3471, 8.059172, -69.1403, 27.92254, 1, 1, 1, True
50.35123, 8.059172, -69.1403, 27.92254, 1, 1, 1, True
50.35538, 8.059172, -69.1403, 27.92254, 1, 1, 1, True
50.35919, 8.059172, -69.1403, 27.92254, 1, 1, 1, True
50.3632, 8.059172, -69.1403, 27.92254, 1, 1, 1, True
50.3671, 8.059172, -69.1403, 27.92254, 1, 1, 1, True
50.3712, 8.059172, -69.1403, 27.92254, 1, 1, 1, True
50.37513, 8.059172, -69.1403, 27.92254, 1, 1, 1, True
50.37908, 8.059172, -69.1403, 27.92254, 1, 1, 1, True
50.38316, 8.059172, -69.1403, 27.92254, 1, 1, 1, True
50.38698, 8.059172, -69.1403, 27.92254, 1, 1, 1, True
50.39116, 8.059172, -69.1403, 27.92254, 1, 1, 1, True
50.39509, 8.059172, -69.1403, 27.92254, 1, 1, 1, True
50.39892, 8.059172, -69.1403, 27.92254, 1, 1, 1, True
50.40331, 8.059172, -69.1403, 27.92254, 1, 1, 1, True
50.40689, 8.059172, -69.1403, 27.92254, 1, 1, 1, True
50.4112, 8.059172, -69.1403, 27.92254, 1, 1, 1, True
50.41507, 8.059172, -69.1403, 27.92254, 1, 1, 1, True
50.41898, 8.059172, -69.1403, 27.92254, 1, 1, 1, True
50.42312, 8.059172, -69.1403, 27.92254, 1, 1, 1, True
50.42696, 8.059172, -69.1403, 27.92254, 1, 1, 1, True
50.43121, 8.059172, -69.1403, 27.92254, 1, 1, 1, True
50.43488, 8.059172, -69.1403, 27.92254, 1, 1, 1, True
50.43911, 8.059172, -69.1403, 27.92254, 1, 1, 1, True
50.4431, 8.059172, -69.1403, 27.92254, 1, 1, 1, True
50.44705, 8.059172, -69.1403, 27.92254, 1, 1, 1, True
50.45111, 8.059172, -69.1403, 27.92254, 1, 1, 1, True
50.4552, 8.059172, -69.1403, 27.92254, 1, 1, 1, True
50.47506, 8.059172, -69.1403, 27.92254, 1, 1, 1, True
50.47904, 8.059172, -69.1403, 27.92254, 1, 1, 1, True
50.48316, 8.059172, -69.1403, 27.92254, 1, 1, 1, True
50.48698, 8.059172, -69.1403, 27.92254, 1, 1, 1, True
50.49115, 8.059172, -69.1403, 27.92254, 1, 1, 1, True
50.49519, 8.059172, -69.1403, 27.92254, 1, 1, 1, True
50.49897, 8.059172, -69.1403, 27.92254, 1, 1, 1, True
50.5029, 8.059172, -69.1403, 27.92254, 1, 1, 1, True
50.50716, 8.059172, -69.1403, 27.92254, 1, 1, 1, True
50.51117, 8.059172, -69.1403, 27.92254, 1, 1, 1, True
50.51509, 8.059172, -69.1403, 27.92254, 1, 1, 1, True
50.51895, 8.059172, -69.1403, 27.92254, 1, 1, 1, True
50.52296, 8.059172, -69.1403, 27.92254, 1, 1, 1, True
50.52689, 8.059172, -69.1403, 27.92254, 1, 1, 1, True
50.53116, 8.059172, -69.1403, 27.92254, 1, 1, 1, True
50.53505, 8.059172, -69.1403, 27.92254, 1, 1, 1, True
50.53907, 8.059172, -69.1403, 27.92254, 1, 1, 1, True
50.54317, 8.059172, -69.1403, 27.92254, 1, 1, 1, True
50.54701, 8.059172, -69.1403, 27.92254, 1, 1, 1, True
50.55114, 8.059172, -69.1403, 27.92254, 1, 1, 1, True
50.55503, 8.059172, -69.1403, 27.92254, 1, 1, 1, True
50.55919, 8.059172, -69.1403, 27.92254, 1, 1, 1, True
50.56305, 8.059172, -69.1403, 27.92254, 1, 1, 1, True
50.56708, 8.059172, -69.1403, 27.92254, 1, 1, 1, True
50.57115, 8.059172, -69.1403, 27.92254, 1, 1, 1, True
50.57503, 8.059172, -69.1403, 27.92254, 1, 1, 1, True
50.57912, 8.059172, -69.1403, 27.92254, 1, 1, 1, True
50.58309, 8.059172, -69.1403, 27.92254, 1, 1, 1, True
50.58696, 8.059172, -69.1403, 27.92254, 1, 1, 1, True
50.59098, 8.059172, -69.1403, 27.92254, 1, 1, 1, True
50.59525, 8.059172, -69.1403, 27.92254, 1, 1, 1, True
50.61527, 8.059172, -69.1403, 27.92254, 1, 1, 1, True
50.61903, 8.059172, -69.1403, 27.92254, 1, 1, 1, True
50.62308, 8.059172, -69.1403, 27.92254, 1, 1, 1, True
50.62709, 8.059172, -69.1403, 27.92254, 1, 1, 1, True
50.63086, 8.059172, -69.1403, 27.92254, 1, 1, 1, True
50.63519, 8.059172, -69.1403, 27.92254, 1, 1, 1, True
50.63918, 8.059172, -69.1403, 27.92254, 1, 1, 1, True
50.64315, 8.059172, -69.1403, 27.92254, 1, 1, 1, True
50.6471, 8.059172, -69.1403, 27.92254, 1, 1, 1, True
50.65113, 8.059172, -69.1403, 27.92254, 1, 1, 1, True
50.65495, 8.059172, -69.1403, 27.92254, 1, 1, 1, True
50.65918, 8.059172, -69.1403, 27.92254, 1, 1, 1, True
50.66295, 8.059172, -69.1403, 27.92254, 1, 1, 1, True
50.66716, 8.059172, -69.1403, 27.92254, 1, 1, 1, True
50.67099, 8.059172, -69.1403, 27.92254, 1, 1, 1, True
50.67512, 8.059172, -69.1403, 27.92254, 1, 1, 1, True
50.6791, 8.059172, -69.1403, 27.92254, 1, 1, 1, True
50.68309, 8.059172, -69.1403, 27.92254, 1, 1, 1, True
50.68692, 8.059172, -69.1403, 27.92254, 1, 1, 1, True
50.69116, 8.059172, -69.1403, 27.92254, 1, 1, 1, True
50.69497, 8.059172, -69.1403, 27.92254, 1, 1, 1, True
50.69918, 8.059172, -69.1403, 27.92254, 1, 1, 1, True
50.70323, 8.059172, -69.1403, 27.92254, 1, 1, 1, True
50.7069, 8.059172, -69.1403, 27.92254, 1, 1, 1, True
50.71104, 8.059172, -69.1403, 27.92254, 1, 1, 1, True
50.715, 8.059172, -69.1403, 27.92254, 1, 1, 1, True
50.7192, 8.059172, -69.1403, 27.92254, 1, 1, 1, True
50.72308, 8.059172, -69.1403, 27.92254, 1, 1, 1, True
50.72702, 8.059172, -69.1403, 27.92254, 1, 1, 1, True
50.73111, 8.059172, -69.1403, 27.92254, 1, 1, 1, True
50.73525, 8.059172, -69.1403, 27.92254, 1, 1, 1, True
50.75525, 8.059172, -69.1403, 27.92254, 1, 1, 1, True
50.75906, 8.059172, -69.1403, 27.92254, 1, 1, 1, True
50.76298, 8.059172, -69.1403, 27.92254, 1, 1, 1, True
50.76704, 8.059172, -69.1403, 27.92254, 1, 1, 1, True
50.77108, 8.059172, -69.1403, 27.92254, 1, 1, 1, True
50.79281, 8.059172, -69.1403, 27.92254, 1, 1, 1, True
50.79942, 8.059172, -69.1403, 27.92254, 1, 1, 1, True
50.80294, 8.059172, -69.1403, 27.92254, 1, 1, 1, True
50.80716, 8.059172, -69.1403, 27.92254, 1, 1, 1, True
50.81111, 8.059172, -69.1403, 27.92254, 1, 1, 1, True
50.81495, 8.059172, -69.1403, 27.92254, 1, 1, 1, True
50.81916, 8.059172, -69.1403, 27.92254, 1, 1, 1, True
50.82304, 8.059172, -69.1403, 27.92254, 1, 1, 1, True
50.82691, 8.059172, -69.1403, 27.92254, 1, 1, 1, True
50.83113, 8.059172, -69.1403, 27.92254, 1, 1, 1, True
50.83929, 8.059172, -69.1403, 27.92254, 1, 1, 1, True
50.84701, 8.059172, -69.1403, 27.92254, 1, 1, 1, True
50.85498, 8.059172, -69.1403, 27.92254, 1, 1, 1, True
50.85912, 8.059172, -69.1403, 27.92254, 1, 1, 1, True
50.86316, 8.059172, -69.1403, 27.92254, 1, 1, 1, True
50.86705, 8.059172, -69.1403, 27.92254, 1, 1, 1, True
50.87105, 8.059172, -69.1403, 27.92254, 1, 1, 1, True
50.87513, 8.059172, -69.1403, 27.92254, 1, 1, 1, True
50.87906, 8.059172, -69.1403, 27.92254, 1, 1, 1, True
50.88316, 8.059172, -69.1403, 27.92254, 1, 1, 1, True
50.88696, 8.059172, -69.1403, 27.92254, 1, 1, 1, True
50.89119, 8.059172, -69.1403, 27.92254, 1, 1, 1, True
50.89502, 8.059172, -69.1403, 27.92254, 1, 1, 1, True
50.89909, 8.059172, -69.1403, 27.92254, 1, 1, 1, True
50.9033, 8.059172, -69.1403, 27.92254, 1, 1, 1, True
50.90717, 8.059172, -69.1403, 27.92254, 1, 1, 1, True
50.92701, 8.059172, -69.1403, 27.92254, 1, 1, 1, True
50.93127, 8.059172, -69.1403, 27.92254, 1, 1, 1, True
50.93543, 8.059172, -69.1403, 27.92254, 1, 1, 1, True
50.93903, 8.059172, -69.1403, 27.92254, 1, 1, 1, True
50.94311, 8.059172, -69.1403, 27.92254, 1, 1, 1, True
50.94714, 8.059172, -69.1403, 27.92254, 1, 1, 1, True
50.95103, 8.059172, -69.1403, 27.92254, 1, 1, 1, True
50.95514, 8.059172, -69.1403, 27.92254, 1, 1, 1, True
50.95909, 8.059172, -69.1403, 27.92254, 1, 1, 1, True
50.96305, 8.059172, -69.1403, 27.92254, 1, 1, 1, True
50.96724, 8.059172, -69.1403, 27.92254, 1, 1, 1, True
50.97122, 8.059172, -69.1403, 27.92254, 1, 1, 1, True
50.97501, 8.059172, -69.1403, 27.92254, 1, 1, 1, True
50.97934, 8.059172, -69.1403, 27.92254, 1, 1, 1, True
50.98321, 8.059172, -69.1403, 27.92254, 1, 1, 1, True
50.98694, 8.059172, -69.1403, 27.92254, 1, 1, 1, True
50.99129, 8.059172, -69.1403, 27.92254, 1, 1, 1, True
50.99516, 8.059172, -69.1403, 27.92254, 1, 1, 1, True
50.99969, 8.059172, -69.1403, 27.92254, 1, 1, 1, True
51.00354, 8.059172, -69.1403, 27.92254, 1, 1, 1, True
51.00714, 8.059172, -69.1403, 27.92254, 1, 1, 1, True
51.01132, 8.059172, -69.1403, 27.92254, 1, 1, 1, True
51.01513, 8.059172, -69.1403, 27.92254, 1, 1, 1, True
51.0191, 8.059172, -69.1403, 27.92254, 1, 1, 1, True
51.02324, 8.059172, -69.1403, 27.92254, 1, 1, 1, True
51.02702, 8.059172, -69.1403, 27.92254, 1, 1, 1, True
51.03113, 8.059172, -69.1403, 27.92254, 1, 1, 1, True
51.03511, 8.059172, -69.1403, 27.92254, 1, 1, 1, True
51.03892, 8.059172, -69.1403, 27.92254, 1, 1, 1, True
51.04317, 8.059172, -69.1403, 27.92254, 1, 1, 1, True
51.04709, 8.059172, -69.1403, 27.92254, 1, 1, 1, True
51.06721, 8.059172, -69.1403, 27.92254, 1, 1, 1, True
51.07122, 8.059172, -69.1403, 27.92254, 1, 1, 1, True
51.07523, 8.059172, -69.1403, 27.92254, 1, 1, 1, True
51.07906, 8.059172, -69.1403, 27.92254, 1, 1, 1, True
51.08294, 8.059172, -69.1403, 27.92254, 1, 1, 1, True
51.08695, 8.059172, -69.1403, 27.92254, 1, 1, 1, True
51.09114, 8.059172, -69.1403, 27.92254, 1, 1, 1, True
51.09492, 8.059172, -69.1403, 27.92254, 1, 1, 1, True
51.09911, 8.059172, -69.1403, 27.92254, 1, 1, 1, True
51.10315, 8.059172, -69.1403, 27.92254, 1, 1, 1, True
51.107, 8.059172, -69.1403, 27.92254, 1, 1, 1, True
51.11112, 8.059172, -69.1403, 27.92254, 1, 1, 1, True
51.11513, 8.059172, -69.1403, 27.92254, 1, 1, 1, True
51.11911, 8.059172, -69.1403, 27.92254, 1, 1, 1, True
51.12306, 8.059172, -69.1403, 27.92254, 1, 1, 1, True
51.12705, 8.059172, -69.1403, 27.92254, 1, 1, 1, True
51.13111, 8.059172, -69.1403, 27.92254, 1, 1, 1, True
51.13511, 8.059172, -69.1403, 27.92254, 1, 1, 1, True
51.13911, 8.059172, -69.1403, 27.92254, 1, 1, 1, True
51.14305, 8.059172, -69.1403, 27.92254, 1, 1, 1, True
51.14706, 8.059172, -69.1403, 27.92254, 1, 1, 1, True
51.15114, 8.059172, -69.1403, 27.92254, 1, 1, 1, True
51.15504, 8.059172, -69.1403, 27.92254, 1, 1, 1, True
51.1591, 8.059172, -69.1403, 27.92254, 1, 1, 1, True
51.16312, 8.059172, -69.1403, 27.92254, 1, 1, 1, True
51.16683, 8.059172, -69.1403, 27.92254, 1, 1, 1, True
51.17108, 8.059172, -69.1403, 27.92254, 1, 1, 1, True
51.17505, 8.059172, -69.1403, 27.92254, 1, 1, 1, True
51.17912, 8.059172, -69.1403, 27.92254, 1, 1, 1, True
51.18306, 8.059172, -69.1403, 27.92254, 1, 1, 1, True
51.1871, 8.059172, -69.1403, 27.92254, 1, 1, 1, True
51.20711, 8.059172, -69.1403, 27.92254, 1, 1, 1, True
51.21124, 8.059172, -69.1403, 27.92254, 1, 1, 1, True
51.21516, 8.059172, -69.1403, 27.92254, 1, 1, 1, True
51.21902, 8.059172, -69.1403, 27.92254, 1, 1, 1, True
51.22289, 8.059172, -69.1403, 27.92254, 1, 1, 1, True
51.22713, 8.059172, -69.1403, 27.92254, 1, 1, 1, True
51.23116, 8.059172, -69.1403, 27.92254, 1, 1, 1, True
51.23505, 8.059172, -69.1403, 27.92254, 1, 1, 1, True
51.23911, 8.059172, -69.1403, 27.92254, 1, 1, 1, True
51.24318, 8.059172, -69.1403, 27.92254, 1, 1, 1, True
51.24693, 8.059172, -69.1403, 27.92254, 1, 1, 1, True
51.25122, 8.059172, -69.1403, 27.92254, 1, 1, 1, True
51.25507, 8.059172, -69.1403, 27.92254, 1, 1, 1, True
51.25903, 8.059172, -69.1403, 27.92254, 1, 1, 1, True
51.26315, 8.059172, -69.1403, 27.92254, 1, 1, 1, True
51.26703, 8.059172, -69.1403, 27.92254, 1, 1, 1, True
51.27086, 8.059172, -69.1403, 27.92254, 1, 1, 1, True
51.27527, 8.059172, -69.1403, 27.92254, 1, 1, 1, True
51.27905, 8.059172, -69.1403, 27.92254, 1, 1, 1, True
51.28313, 8.059172, -69.1403, 27.92254, 1, 1, 1, True
51.28692, 8.059172, -69.1403, 27.92254, 1, 1, 1, True
51.2912, 8.059172, -69.1403, 27.92254, 1, 1, 1, True
51.29488, 8.059172, -69.1403, 27.92254, 1, 1, 1, True
51.29915, 8.059172, -69.1403, 27.92254, 1, 1, 1, True
51.30321, 8.059172, -69.1403, 27.92254, 1, 1, 1, True
51.30703, 8.059172, -69.1403, 27.92254, 1, 1, 1, True
51.31114, 8.059172, -69.1403, 27.92254, 1, 1, 1, True
51.31506, 8.059172, -69.1403, 27.92254, 1, 1, 1, True
51.3191, 8.059172, -69.1403, 27.92254, 1, 1, 1, True
51.3231, 8.059172, -69.1403, 27.92254, 1, 1, 1, True
51.32705, 8.059172, -69.1403, 27.92254, 1, 1, 1, True
51.34713, 8.059172, -69.1403, 27.92254, 1, 1, 1, True
51.35121, 8.059172, -69.1403, 27.92254, 1, 1, 1, True
51.35504, 8.059172, -69.1403, 27.92254, 1, 1, 1, True
51.35899, 8.059172, -69.1403, 27.92254, 1, 1, 1, True
51.36322, 8.059172, -69.1403, 27.92254, 1, 1, 1, True
51.367, 8.059172, -69.1403, 27.92254, 1, 1, 1, True
51.37117, 8.059172, -69.1403, 27.92254, 1, 1, 1, True
51.37513, 8.059172, -69.1403, 27.92254, 1, 1, 1, True
51.37906, 8.059172, -69.1403, 27.92254, 1, 1, 1, True
51.38313, 8.059172, -69.1403, 27.92254, 1, 1, 1, True
51.3869, 8.059172, -69.1403, 27.92254, 1, 1, 1, True
51.39119, 8.059172, -69.1403, 27.92254, 1, 1, 1, True
51.39503, 8.059172, -69.1403, 27.92254, 1, 1, 1, True
51.39912, 8.059172, -69.1403, 27.92254, 1, 1, 1, True
51.40321, 8.059172, -69.1403, 27.92254, 1, 1, 1, True
51.40699, 8.059172, -69.1403, 27.92254, 1, 1, 1, True
51.41117, 8.059172, -69.1403, 27.92254, 1, 1, 1, True
51.41501, 8.059172, -69.1403, 27.92254, 1, 1, 1, True
51.41919, 8.059172, -69.1403, 27.92254, 1, 1, 1, True
51.42286, 8.059172, -69.1403, 27.92254, 1, 1, 1, True
51.42712, 8.059172, -69.1403, 27.92254, 1, 1, 1, True
51.43114, 8.059172, -69.1403, 27.92254, 1, 1, 1, True
51.43509, 8.059172, -69.1403, 27.92254, 1, 1, 1, True
51.43908, 8.059172, -69.1403, 27.92254, 1, 1, 1, True
51.44316, 8.059172, -69.1403, 27.92254, 1, 1, 1, True
51.44696, 8.059172, -69.1403, 27.92254, 1, 1, 1, True
51.45118, 8.059172, -69.1403, 27.92254, 1, 1, 1, True
51.45496, 8.059172, -69.1403, 27.92254, 1, 1, 1, True
51.45913, 8.059172, -69.1403, 27.92254, 1, 1, 1, True
51.46312, 8.059172, -69.1403, 27.92254, 1, 1, 1, True
51.46716, 8.059172, -69.1403, 27.92254, 1, 1, 1, True
51.4873, 8.059172, -69.1403, 27.92254, 1, 1, 1, True
51.49106, 8.059172, -69.1403, 27.92254, 1, 1, 1, True
51.49511, 8.059172, -69.1403, 27.92254, 1, 1, 1, True
51.49894, 8.059172, -69.1403, 27.92254, 1, 1, 1, True
51.50343, 8.059172, -69.1403, 27.92254, 1, 1, 1, True
51.50705, 8.059172, -69.1403, 27.92254, 1, 1, 1, True
51.5112, 8.059172, -69.1403, 27.92254, 1, 1, 1, True
51.51509, 8.059172, -69.1403, 27.92254, 1, 1, 1, True
51.5191, 8.059172, -69.1403, 27.92254, 1, 1, 1, True
51.52317, 8.059172, -69.1403, 27.92254, 1, 1, 1, True
51.52699, 8.059172, -69.1403, 27.92254, 1, 1, 1, True
51.53113, 8.059172, -69.1403, 27.92254, 1, 1, 1, True
51.53484, 8.059172, -69.1403, 27.92254, 1, 1, 1, True
51.5391, 8.059172, -69.1403, 27.92254, 1, 1, 1, True
51.54309, 8.059172, -69.1403, 27.92254, 1, 1, 1, True
51.54708, 8.059172, -69.1403, 27.92254, 1, 1, 1, True
51.55111, 8.059172, -69.1403, 27.92254, 1, 1, 1, True
51.5551, 8.059172, -69.1403, 27.92254, 1, 1, 1, True
51.55912, 8.059172, -69.1403, 27.92254, 1, 1, 1, True
51.5631, 8.059172, -69.1403, 27.92254, 1, 1, 1, True
51.56698, 8.059172, -69.1403, 27.92254, 1, 1, 1, True
51.57114, 8.059172, -69.1403, 27.92254, 1, 1, 1, True
51.57499, 8.059172, -69.1403, 27.92254, 1, 1, 1, True
51.57917, 8.059172, -69.1403, 27.92254, 1, 1, 1, True
51.58306, 8.059172, -69.1403, 27.92254, 1, 1, 1, True
51.58692, 8.059172, -69.1403, 27.92254, 1, 1, 1, True
51.59109, 8.059172, -69.1403, 27.92254, 1, 1, 1, True
51.59515, 8.059172, -69.1403, 27.92254, 1, 1, 1, True
51.59904, 8.059172, -69.1403, 27.92254, 1, 1, 1, True
51.60329, 8.059172, -69.1403, 27.92254, 1, 1, 1, True
51.60709, 8.059172, -69.1403, 27.92254, 1, 1, 1, True
51.62723, 8.059172, -69.1403, 27.92254, 1, 1, 1, True
51.63139, 8.059172, -69.1403, 27.92254, 1, 1, 1, True
51.63518, 8.059172, -69.1403, 27.92254, 1, 1, 1, True
51.6391, 8.059172, -69.1403, 27.92254, 1, 1, 1, True
51.64318, 8.059172, -69.1403, 27.92254, 1, 1, 1, True
51.64687, 8.059172, -69.1403, 27.92254, 1, 1, 1, True
51.65107, 8.059172, -69.1403, 27.92254, 1, 1, 1, True
51.65517, 8.059172, -69.1403, 27.92254, 1, 1, 1, True
51.6592, 8.059172, -69.1403, 27.92254, 1, 1, 1, True
51.66316, 8.059172, -69.1403, 27.92254, 1, 1, 1, True
51.66731, 8.059172, -69.1403, 27.92254, 1, 1, 1, True
51.67117, 8.059172, -69.1403, 27.92254, 1, 1, 1, True
51.67516, 8.059172, -69.1403, 27.92254, 1, 1, 1, True
51.67922, 8.059172, -69.1403, 27.92254, 1, 1, 1, True
51.6831, 8.059172, -69.1403, 27.92254, 1, 1, 1, True
51.68715, 8.059172, -69.1403, 27.92254, 1, 1, 1, True
51.69115, 8.059172, -69.1403, 27.92254, 1, 1, 1, True
51.69493, 8.059172, -69.1403, 27.92254, 1, 1, 1, True
51.69917, 8.059172, -69.1403, 27.92254, 1, 1, 1, True
51.70326, 8.059172, -69.1403, 27.92254, 1, 1, 1, True
51.7071, 8.059172, -69.1403, 27.92254, 1, 1, 1, True
51.71111, 8.059172, -69.1403, 27.92254, 1, 1, 1, True
51.71519, 8.059172, -69.1403, 27.92254, 1, 1, 1, True
51.71888, 8.059172, -69.1403, 27.92254, 1, 1, 1, True
51.72314, 8.059172, -69.1403, 27.92254, 1, 1, 1, True
51.72707, 8.059172, -69.1403, 27.92254, 1, 1, 1, True
51.73114, 8.059172, -69.1403, 27.92254, 1, 1, 1, True
51.73512, 8.059172, -69.1403, 27.92254, 1, 1, 1, True
51.73906, 8.059172, -69.1403, 27.92254, 1, 1, 1, True
51.74294, 8.059172, -69.1403, 27.92254, 1, 1, 1, True
51.7471, 8.059172, -69.1403, 27.92254, 1, 1, 1, True
51.76749, 8.059172, -69.1403, 27.92254, 1, 1, 1, True
51.77128, 8.059172, -69.1403, 27.92254, 1, 1, 1, True
51.77485, 8.059172, -69.1403, 27.92254, 1, 1, 1, True
51.78012, 8.059172, -69.1403, 27.92254, 1, 1, 1, True
51.78294, 8.059172, -69.1403, 27.92254, 1, 1, 1, True
51.78698, 8.059172, -69.1403, 27.92254, 1, 1, 1, True
51.79118, 8.059172, -69.1403, 27.92254, 1, 1, 1, True
51.79509, 8.059172, -69.1403, 27.92254, 1, 1, 1, True
51.79907, 8.059172, -69.1403, 27.92254, 1, 1, 1, True
51.80309, 8.059172, -69.1403, 27.92254, 1, 1, 1, True
51.80708, 8.059172, -69.1403, 27.92254, 1, 1, 1, True
51.81121, 8.059172, -69.1403, 27.92254, 1, 1, 1, True
51.81507, 8.059172, -69.1403, 27.92254, 1, 1, 1, True
51.81918, 8.059172, -69.1403, 27.92254, 1, 1, 1, True
51.82307, 8.059172, -69.1403, 27.92254, 1, 1, 1, True
51.82714, 8.059172, -69.1403, 27.92254, 1, 1, 1, True
51.83109, 8.059172, -69.1403, 27.92254, 1, 1, 1, True
51.83513, 8.059172, -69.1403, 27.92254, 1, 1, 1, True
51.83907, 8.059172, -69.1403, 27.92254, 1, 1, 1, True
51.84315, 8.059172, -69.1403, 27.92254, 1, 1, 1, True
51.84685, 8.059172, -69.1403, 27.92254, 1, 1, 1, True
51.8512, 8.059172, -69.1403, 27.92254, 1, 1, 1, True
51.85501, 8.059172, -69.1403, 27.92254, 1, 1, 1, True
51.85911, 8.059172, -69.1403, 27.92254, 1, 1, 1, True
51.86309, 8.059172, -69.1403, 27.92254, 1, 1, 1, True
51.86702, 8.059172, -69.1403, 27.92254, 1, 1, 1, True
51.87099, 8.059172, -69.1403, 27.92254, 1, 1, 1, True
51.87515, 8.059172, -69.1403, 27.92254, 1, 1, 1, True
51.87907, 8.059172, -69.1403, 27.92254, 1, 1, 1, True
51.88298, 8.059172, -69.1403, 27.92254, 1, 1, 1, True
51.88706, 8.059172, -69.1403, 27.92254, 1, 1, 1, True
51.90728, 8.059172, -69.1403, 27.92254, 1, 1, 1, True
51.91121, 8.059172, -69.1403, 27.92254, 1, 1, 1, True
51.91516, 8.059172, -69.1403, 27.92254, 1, 1, 1, True
51.91893, 8.059172, -69.1403, 27.92254, 1, 1, 1, True
51.92308, 8.059172, -69.1403, 27.92254, 1, 1, 1, True
51.92688, 8.059172, -69.1403, 27.92254, 1, 1, 1, True
51.93102, 8.059172, -69.1403, 27.92254, 1, 1, 1, True
51.93511, 8.059172, -69.1403, 27.92254, 1, 1, 1, True
51.93898, 8.059172, -69.1403, 27.92254, 1, 1, 1, True
51.94313, 8.059172, -69.1403, 27.92254, 1, 1, 1, True
51.94695, 8.059172, -69.1403, 27.92254, 1, 1, 1, True
51.95112, 8.059172, -69.1403, 27.92254, 1, 1, 1, True
51.9551, 8.059172, -69.1403, 27.92254, 1, 1, 1, True
51.95904, 8.059172, -69.1403, 27.92254, 1, 1, 1, True
51.96311, 8.059172, -69.1403, 27.92254, 1, 1, 1, True
51.96687, 8.059172, -69.1403, 27.92254, 1, 1, 1, True
51.9711, 8.059172, -69.1403, 27.92254, 1, 1, 1, True
51.97504, 8.059172, -69.1403, 27.92254, 1, 1, 1, True
51.97923, 8.059172, -69.1403, 27.92254, 1, 1, 1, True
51.98307, 8.059172, -69.1403, 27.92254, 1, 1, 1, True
51.98689, 8.059172, -69.1403, 27.92254, 1, 1, 1, True
51.99119, 8.059172, -69.1403, 27.92254, 1, 1, 1, True
51.99498, 8.059172, -69.1403, 27.92254, 1, 1, 1, True
51.99915, 8.059172, -69.1403, 27.92254, 1, 1, 1, True
52.00325, 8.059172, -69.1403, 27.92254, 1, 1, 1, True
52.00705, 8.059172, -69.1403, 27.92254, 1, 1, 1, True
52.01114, 8.059172, -69.1403, 27.92254, 1, 1, 1, True
52.01503, 8.059172, -69.1403, 27.92254, 1, 1, 1, True
52.01915, 8.059172, -69.1403, 27.92254, 1, 1, 1, True
52.02298, 8.059172, -69.1403, 27.92254, 1, 1, 1, True
52.02714, 8.059172, -69.1403, 27.92254, 1, 1, 1, True
52.04711, 8.059172, -69.1403, 27.92254, 1, 1, 1, True
52.05112, 8.059172, -69.1403, 27.92254, 1, 1, 1, True
52.05513, 8.059172, -69.1403, 27.92254, 1, 1, 1, True
52.05897, 8.059172, -69.1403, 27.92254, 1, 1, 1, True
52.06313, 8.059172, -69.1403, 27.92254, 1, 1, 1, True
52.06698, 8.059172, -69.1403, 27.92254, 1, 1, 1, True
52.07119, 8.059172, -69.1403, 27.92254, 1, 1, 1, True
52.07508, 8.059172, -69.1403, 27.92254, 1, 1, 1, True
52.07908, 8.059172, -69.1403, 27.92254, 1, 1, 1, True
52.08313, 8.059172, -69.1403, 27.92254, 1, 1, 1, True
52.08692, 8.059172, -69.1403, 27.92254, 1, 1, 1, True
52.09119, 8.059172, -69.1403, 27.92254, 1, 1, 1, True
52.09504, 8.059172, -69.1403, 27.92254, 1, 1, 1, True
52.09914, 8.059172, -69.1403, 27.92254, 1, 1, 1, True
52.1031, 8.059172, -69.1403, 27.92254, 1, 1, 1, True
52.10712, 8.059172, -69.1403, 27.92254, 1, 1, 1, True
52.11113, 8.059172, -69.1403, 27.92254, 1, 1, 1, True
52.11507, 8.059172, -69.1403, 27.92254, 1, 1, 1, True
52.11912, 8.059172, -69.1403, 27.92254, 1, 1, 1, True
52.12314, 8.059172, -69.1403, 27.92254, 1, 1, 1, True
52.12694, 8.059172, -69.1403, 27.92254, 1, 1, 1, True
52.13128, 8.059172, -69.1403, 27.92254, 1, 1, 1, True
52.13504, 8.059172, -69.1403, 27.92254, 1, 1, 1, True
52.13896, 8.059172, -69.1403, 27.92254, 1, 1, 1, True
52.14315, 8.059172, -69.1403, 27.92254, 1, 1, 1, True
52.14702, 8.059172, -69.1403, 27.92254, 1, 1, 1, True
52.15113, 8.059172, -69.1403, 27.92254, 1, 1, 1, True
52.15503, 8.059172, -69.1403, 27.92254, 1, 1, 1, True
52.15913, 8.059172, -69.1403, 27.92254, 1, 1, 1, True
52.16304, 8.059172, -69.1403, 27.92254, 1, 1, 1, True
52.16719, 8.059172, -69.1403, 27.92254, 1, 1, 1, True
52.18744, 8.059172, -69.1403, 27.92254, 1, 1, 1, True
52.19105, 8.059172, -69.1403, 27.92254, 1, 1, 1, True
52.19517, 8.059172, -69.1403, 27.92254, 1, 1, 1, True
52.19909, 8.059172, -69.1403, 27.92254, 1, 1, 1, True
52.2033, 8.059172, -69.1403, 27.92254, 1, 1, 1, True
52.20707, 8.059172, -69.1403, 27.92254, 1, 1, 1, True
52.21097, 8.059172, -69.1403, 27.92254, 1, 1, 1, True
52.21513, 8.059172, -69.1403, 27.92254, 1, 1, 1, True
52.21909, 8.059172, -69.1403, 27.92254, 1, 1, 1, True
52.22308, 8.059172, -69.1403, 27.92254, 1, 1, 1, True
52.22704, 8.059172, -69.1403, 27.92254, 1, 1, 1, True
52.23119, 8.059172, -69.1403, 27.92254, 1, 1, 1, True
52.23504, 8.059172, -69.1403, 27.92254, 1, 1, 1, True
52.23896, 8.059172, -69.1403, 27.92254, 1, 1, 1, True
52.24312, 8.059172, -69.1403, 27.92254, 1, 1, 1, True
52.24703, 8.059172, -69.1403, 27.92254, 1, 1, 1, True
52.25114, 8.059172, -69.1403, 27.92254, 1, 1, 1, True
52.25502, 8.059172, -69.1403, 27.92254, 1, 1, 1, True
52.25909, 8.059172, -69.1403, 27.92254, 1, 1, 1, True
52.26318, 8.059172, -69.1403, 27.92254, 1, 1, 1, True
52.26699, 8.059172, -69.1403, 27.92254, 1, 1, 1, True
52.27112, 8.059172, -69.1403, 27.92254, 1, 1, 1, True
52.27499, 8.059172, -69.1403, 27.92254, 1, 1, 1, True
52.27909, 8.059172, -69.1403, 27.92254, 1, 1, 1, True
52.2832, 8.059172, -69.1403, 27.92254, 1, 1, 1, True
52.28693, 8.059172, -69.1403, 27.92254, 1, 1, 1, True
52.29116, 8.059172, -69.1403, 27.92254, 1, 1, 1, True
52.29502, 8.059172, -69.1403, 27.92254, 1, 1, 1, True
52.29914, 8.059172, -69.1403, 27.92254, 1, 1, 1, True
52.30289, 8.059172, -69.1403, 27.92254, 1, 1, 1, True
52.3072, 8.059172, -69.1403, 27.92254, 1, 1, 1, True
52.32717, 8.059172, -69.1403, 27.92254, 1, 1, 1, True
52.33117, 8.059172, -69.1403, 27.92254, 1, 1, 1, True
52.33514, 8.059172, -69.1403, 27.92254, 1, 1, 1, True
52.33907, 8.059172, -69.1403, 27.92254, 1, 1, 1, True
52.34326, 8.059172, -69.1403, 27.92254, 1, 1, 1, True
52.34712, 8.059172, -69.1403, 27.92254, 1, 1, 1, True
52.35112, 8.059172, -69.1403, 27.92254, 1, 1, 1, True
52.355, 8.059172, -69.1403, 27.92254, 1, 1, 1, True
52.35918, 8.059172, -69.1403, 27.92254, 1, 1, 1, True
52.36316, 8.059172, -69.1403, 27.92254, 1, 1, 1, True
52.36705, 8.059172, -69.1403, 27.92254, 1, 1, 1, True
52.37107, 8.059172, -69.1403, 27.92254, 1, 1, 1, True
52.37514, 8.059172, -69.1403, 27.92254, 1, 1, 1, True
52.37899, 8.059172, -69.1403, 27.92254, 1, 1, 1, True
52.38312, 8.059172, -69.1403, 27.92254, 1, 1, 1, True
52.38694, 8.059172, -69.1403, 27.92254, 1, 1, 1, True
52.3912, 8.059172, -69.1403, 27.92254, 1, 1, 1, True
52.39499, 8.059172, -69.1403, 27.92254, 1, 1, 1, True
52.39925, 8.059172, -69.1403, 27.92254, 1, 1, 1, True
52.40318, 8.059172, -69.1403, 27.92254, 1, 1, 1, True
52.40686, 8.059172, -69.1403, 27.92254, 1, 1, 1, True
52.41121, 8.059172, -69.1403, 27.92254, 1, 1, 1, True
52.41495, 8.059172, -69.1403, 27.92254, 1, 1, 1, True
52.41915, 8.059172, -69.1403, 27.92254, 1, 1, 1, True
52.42302, 8.059172, -69.1403, 27.92254, 1, 1, 1, True
52.42707, 8.059172, -69.1403, 27.92254, 1, 1, 1, True
52.43115, 8.059172, -69.1403, 27.92254, 1, 1, 1, True
52.43515, 8.059172, -69.1403, 27.92254, 1, 1, 1, True
52.43906, 8.059172, -69.1403, 27.92254, 1, 1, 1, True
52.44312, 8.059172, -69.1403, 27.92254, 1, 1, 1, True
52.447, 8.059172, -69.1403, 27.92254, 1, 1, 1, True
52.46718, 8.059172, -69.1403, 27.92254, 1, 1, 1, True
52.47122, 8.059172, -69.1403, 27.92254, 1, 1, 1, True
52.4751, 8.059172, -69.1403, 27.92254, 1, 1, 1, True
52.47906, 8.059172, -69.1403, 27.92254, 1, 1, 1, True
52.48293, 8.059172, -69.1403, 27.92254, 1, 1, 1, True
52.4869, 8.059172, -69.1403, 27.92254, 1, 1, 1, True
52.49105, 8.059172, -69.1403, 27.92254, 1, 1, 1, True
52.49489, 8.059172, -69.1403, 27.92254, 1, 1, 1, True
52.49922, 8.059172, -69.1403, 27.92254, 1, 1, 1, True
52.50327, 8.059172, -69.1403, 27.92254, 1, 1, 1, True
52.50701, 8.059172, -69.1403, 27.92254, 1, 1, 1, True
52.5109, 8.059172, -69.1403, 27.92254, 1, 1, 1, True
52.51489, 8.059172, -69.1403, 27.92254, 1, 1, 1, True
52.51918, 8.059172, -69.1403, 27.92254, 1, 1, 1, True
52.523, 8.059172, -69.1403, 27.92254, 1, 1, 1, True
52.52709, 8.059172, -69.1403, 27.92254, 1, 1, 1, True
52.53111, 8.059172, -69.1403, 27.92254, 1, 1, 1, True
52.53508, 8.059172, -69.1403, 27.92254, 1, 1, 1, True
52.5391, 8.059172, -69.1403, 27.92254, 1, 1, 1, True
52.54305, 8.059172, -69.1403, 27.92254, 1, 1, 1, True
52.54702, 8.059172, -69.1403, 27.92254, 1, 1, 1, True
52.55111, 8.059172, -69.1403, 27.92254, 1, 1, 1, True
52.55508, 8.059172, -69.1403, 27.92254, 1, 1, 1, True
52.55903, 8.059172, -69.1403, 27.92254, 1, 1, 1, True
52.56313, 8.059172, -69.1403, 27.92254, 1, 1, 1, True
52.56684, 8.059172, -69.1403, 27.92254, 1, 1, 1, True
52.57108, 8.059172, -69.1403, 27.92254, 1, 1, 1, True
52.57501, 8.059172, -69.1403, 27.92254, 1, 1, 1, True
52.57915, 8.059172, -69.1403, 27.92254, 1, 1, 1, True
52.58303, 8.059172, -69.1403, 27.92254, 1, 1, 1, True
52.58713, 8.059172, -69.1403, 27.92254, 1, 1, 1, True
52.60719, 8.059172, -69.1403, 27.92254, 1, 1, 1, True
52.61108, 8.059172, -69.1403, 27.92254, 1, 1, 1, True
52.61491, 8.059172, -69.1403, 27.92254, 1, 1, 1, True
52.61901, 8.059172, -69.1403, 27.92254, 1, 1, 1, True
52.62289, 8.059172, -69.1403, 27.92254, 1, 1, 1, True
52.62709, 8.059172, -69.1403, 27.92254, 1, 1, 1, True
52.63121, 8.059172, -69.1403, 27.92254, 1, 1, 1, True
52.63509, 8.059172, -69.1403, 27.92254, 1, 1, 1, True
52.6392, 8.059172, -69.1403, 27.92254, 1, 1, 1, True
52.64325, 8.059172, -69.1403, 27.92254, 1, 1, 1, True
52.64709, 8.059172, -69.1403, 27.92254, 1, 1, 1, True
52.65104, 8.059172, -69.1403, 27.92254, 1, 1, 1, True
52.65536, 8.059172, -69.1403, 27.92254, 1, 1, 1, True
52.65919, 8.059172, -69.1403, 27.92254, 1, 1, 1, True
52.66314, 8.059172, -69.1403, 27.92254, 1, 1, 1, True
52.6672, 8.059172, -69.1403, 27.92254, 1, 1, 1, True
52.67119, 8.059172, -69.1403, 27.92254, 1, 1, 1, True
52.67499, 8.059172, -69.1403, 27.92254, 1, 1, 1, True
52.67917, 8.059172, -69.1403, 27.92254, 1, 1, 1, True
52.68295, 8.059172, -69.1403, 27.92254, 1, 1, 1, True
52.68698, 8.059172, -69.1403, 27.92254, 1, 1, 1, True
52.6911, 8.059172, -69.1403, 27.92254, 1, 1, 1, True
52.69511, 8.059172, -69.1403, 27.92254, 1, 1, 1, True
52.69909, 8.059172, -69.1403, 27.92254, 1, 1, 1, True
52.70315, 8.059172, -69.1403, 27.92254, 1, 1, 1, True
52.70702, 8.059172, -69.1403, 27.92254, 1, 1, 1, True
52.71115, 8.059172, -69.1403, 27.92254, 1, 1, 1, True
52.71517, 8.059172, -69.1403, 27.92254, 1, 1, 1, True
52.71914, 8.059172, -69.1403, 27.92254, 1, 1, 1, True
52.72304, 8.059172, -69.1403, 27.92254, 1, 1, 1, True
52.72717, 8.059172, -69.1403, 27.92254, 1, 1, 1, True
52.7473, 8.059172, -69.1403, 27.92254, 1, 1, 1, True
52.75104, 8.059172, -69.1403, 27.92254, 1, 1, 1, True
52.75517, 8.059172, -69.1403, 27.92254, 1, 1, 1, True
52.7591, 8.059172, -69.1403, 27.92254, 1, 1, 1, True
52.76315, 8.059172, -69.1403, 27.92254, 1, 1, 1, True
52.76699, 8.059172, -69.1403, 27.92254, 1, 1, 1, True
52.77104, 8.059172, -69.1403, 27.92254, 1, 1, 1, True
52.77513, 8.059172, -69.1403, 27.92254, 1, 1, 1, True
52.77914, 8.059172, -69.1403, 27.92254, 1, 1, 1, True
52.7831, 8.059172, -69.1403, 27.92254, 1, 1, 1, True
52.78692, 8.059172, -69.1403, 27.92254, 1, 1, 1, True
52.79119, 8.059172, -69.1403, 27.92254, 1, 1, 1, True
52.79506, 8.059172, -69.1403, 27.92254, 1, 1, 1, True
52.79913, 8.059172, -69.1403, 27.92254, 1, 1, 1, True
52.80321, 8.059172, -69.1403, 27.92254, 1, 1, 1, True
52.807, 8.059172, -69.1403, 27.92254, 1, 1, 1, True
52.81116, 8.059172, -69.1403, 27.92254, 1, 1, 1, True
52.81503, 8.059172, -69.1403, 27.92254, 1, 1, 1, True
52.81915, 8.059172, -69.1403, 27.92254, 1, 1, 1, True
52.82299, 8.059172, -69.1403, 27.92254, 1, 1, 1, True
52.82708, 8.059172, -69.1403, 27.92254, 1, 1, 1, True
52.83114, 8.059172, -69.1403, 27.92254, 1, 1, 1, True
52.83504, 8.059172, -69.1403, 27.92254, 1, 1, 1, True
52.83903, 8.059172, -69.1403, 27.92254, 1, 1, 1, True
52.84314, 8.059172, -69.1403, 27.92254, 1, 1, 1, True
52.84701, 8.059172, -69.1403, 27.92254, 1, 1, 1, True
52.85102, 8.059172, -69.1403, 27.92254, 1, 1, 1, True
52.85508, 8.059172, -69.1403, 27.92254, 1, 1, 1, True
52.85915, 8.059172, -69.1403, 27.92254, 1, 1, 1, True
52.86308, 8.059172, -69.1403, 27.92254, 1, 1, 1, True
52.86708, 8.059172, -69.1403, 27.92254, 1, 1, 1, True
52.89128, 8.059172, -69.1403, 27.92254, 1, 1, 1, True
52.89928, 8.059172, -69.1403, 27.92254, 1, 1, 1, True
52.91107, 8.059172, -69.1403, 27.92254, 1, 1, 1, True
52.91506, 8.059172, -69.1403, 27.92254, 1, 1, 1, True
52.91917, 8.059172, -69.1403, 27.92254, 1, 1, 1, True
52.92303, 8.059172, -69.1403, 27.92254, 1, 1, 1, True
52.92709, 8.059172, -69.1403, 27.92254, 1, 1, 1, True
52.93115, 8.059172, -69.1403, 27.92254, 1, 1, 1, True
52.93508, 8.059172, -69.1403, 27.92254, 1, 1, 1, True
52.93908, 8.059172, -69.1403, 27.92254, 1, 1, 1, True
52.94317, 8.059172, -69.1403, 27.92254, 1, 1, 1, True
52.947, 8.059172, -69.1403, 27.92254, 1, 1, 1, True
52.95111, 8.059172, -69.1403, 27.92254, 1, 1, 1, True
52.95498, 8.059172, -69.1403, 27.92254, 1, 1, 1, True
52.95913, 8.059172, -69.1403, 27.92254, 1, 1, 1, True
52.96309, 8.059172, -69.1403, 27.92254, 1, 1, 1, True
52.96707, 8.059172, -69.1403, 27.92254, 1, 1, 1, True
52.97114, 8.059172, -69.1403, 27.92254, 1, 1, 1, True
52.97504, 8.059172, -69.1403, 27.92254, 1, 1, 1, True
52.97913, 8.059172, -69.1403, 27.92254, 1, 1, 1, True
52.98304, 8.059172, -69.1403, 27.92254, 1, 1, 1, True
52.98693, 8.059172, -69.1403, 27.92254, 1, 1, 1, True
52.99117, 8.059172, -69.1403, 27.92254, 1, 1, 1, True
52.99514, 8.059172, -69.1403, 27.92254, 1, 1, 1, True
52.9991, 8.059172, -69.1403, 27.92254, 1, 1, 1, True
53.0032, 8.059172, -69.1403, 27.92254, 1, 1, 1, True
53.00697, 8.059172, -69.1403, 27.92254, 1, 1, 1, True
53.01112, 8.059172, -69.1403, 27.92254, 1, 1, 1, True
53.01506, 8.059172, -69.1403, 27.92254, 1, 1, 1, True
53.01918, 8.059172, -69.1403, 27.92254, 1, 1, 1, True
53.02314, 8.059172, -69.1403, 27.92254, 1, 1, 1, True
53.04306, 8.059172, -69.1403, 27.92254, 1, 1, 1, True
53.04726, 8.059172, -69.1403, 27.92254, 1, 1, 1, True
53.0515, 8.059172, -69.1403, 27.92254, 1, 1, 1, True
53.05506, 8.059172, -69.1403, 27.92254, 1, 1, 1, True
53.05894, 8.059172, -69.1403, 27.92254, 1, 1, 1, True
53.06314, 8.059172, -69.1403, 27.92254, 1, 1, 1, True
53.06712, 8.059172, -69.1403, 27.92254, 1, 1, 1, True
53.07082, 8.059172, -69.1403, 27.92254, 1, 1, 1, True
53.07521, 8.059172, -69.1403, 27.92254, 1, 1, 1, True
53.07917, 8.059172, -69.1403, 27.92254, 1, 1, 1, True
53.083, 8.059172, -69.1403, 27.92254, 1, 1, 1, True
53.08691, 8.059172, -69.1403, 27.92254, 1, 1, 1, True
53.0912, 8.059172, -69.1403, 27.92254, 1, 1, 1, True
53.09501, 8.059172, -69.1403, 27.92254, 1, 1, 1, True
53.09912, 8.059172, -69.1403, 27.92254, 1, 1, 1, True
53.10325, 8.059172, -69.1403, 27.92254, 1, 1, 1, True
53.10697, 8.059172, -69.1403, 27.92254, 1, 1, 1, True
53.11116, 8.059172, -69.1403, 27.92254, 1, 1, 1, True
53.11507, 8.059172, -69.1403, 27.92254, 1, 1, 1, True
53.11915, 8.059172, -69.1403, 27.92254, 1, 1, 1, True
53.12304, 8.059172, -69.1403, 27.92254, 1, 1, 1, True
53.12701, 8.059172, -69.1403, 27.92254, 1, 1, 1, True
53.13115, 8.059172, -69.1403, 27.92254, 1, 1, 1, True
53.13503, 8.059172, -69.1403, 27.92254, 1, 1, 1, True
53.13909, 8.059172, -69.1403, 27.92254, 1, 1, 1, True
53.14304, 8.059172, -69.1403, 27.92254, 1, 1, 1, True
53.14711, 8.059172, -69.1403, 27.92254, 1, 1, 1, True
53.15112, 8.059172, -69.1403, 27.92254, 1, 1, 1, True
53.15513, 8.059172, -69.1403, 27.92254, 1, 1, 1, True
53.15909, 8.059172, -69.1403, 27.92254, 1, 1, 1, True
53.16323, 8.059172, -69.1403, 27.92254, 1, 1, 1, True
53.18322, 8.059172, -69.1403, 27.92254, 1, 1, 1, True
53.18692, 8.059172, -69.1403, 27.92254, 1, 1, 1, True
53.19116, 8.059172, -69.1403, 27.92254, 1, 1, 1, True
53.19486, 8.059172, -69.1403, 27.92254, 1, 1, 1, True
53.19897, 8.059172, -69.1403, 27.92254, 1, 1, 1, True
53.20301, 8.059172, -69.1403, 27.92254, 1, 1, 1, True
53.20725, 8.059172, -69.1403, 27.92254, 1, 1, 1, True
53.21094, 8.059172, -69.1403, 27.92254, 1, 1, 1, True
53.21497, 8.059172, -69.1403, 27.92254, 1, 1, 1, True
53.21915, 8.059172, -69.1403, 27.92254, 1, 1, 1, True
53.22304, 8.059172, -69.1403, 27.92254, 1, 1, 1, True
53.2271, 8.059172, -69.1403, 27.92254, 1, 1, 1, True
53.23112, 8.059172, -69.1403, 27.92254, 1, 1, 1, True
53.23511, 8.059172, -69.1403, 27.92254, 1, 1, 1, True
53.23907, 8.059172, -69.1403, 27.92254, 1, 1, 1, True
53.24286, 8.059172, -69.1403, 27.92254, 1, 1, 1, True
53.24712, 8.059172, -69.1403, 27.92254, 1, 1, 1, True
53.25111, 8.059172, -69.1403, 27.92254, 1, 1, 1, True
53.25518, 8.059172, -69.1403, 27.92254, 1, 1, 1, True
53.25896, 8.059172, -69.1403, 27.92254, 1, 1, 1, True
53.26318, 8.059172, -69.1403, 27.92254, 1, 1, 1, True
53.26706, 8.059172, -69.1403, 27.92254, 1, 1, 1, True
53.27111, 8.059172, -69.1403, 27.92254, 1, 1, 1, True
53.27511, 8.059172, -69.1403, 27.92254, 1, 1, 1, True
53.27924, 8.059172, -69.1403, 27.92254, 1, 1, 1, True
53.2831, 8.059172, -69.1403, 27.92254, 1, 1, 1, True
53.28691, 8.059172, -69.1403, 27.92254, 1, 1, 1, True
53.29117, 8.059172, -69.1403, 27.92254, 1, 1, 1, True
53.29508, 8.059172, -69.1403, 27.92254, 1, 1, 1, True
53.2991, 8.059172, -69.1403, 27.92254, 1, 1, 1, True
53.30334, 8.059172, -69.1403, 27.92254, 1, 1, 1, True
53.32311, 8.059172, -69.1403, 27.92254, 1, 1, 1, True
53.3272, 8.059172, -69.1403, 27.92254, 1, 1, 1, True
53.33113, 8.059172, -69.1403, 27.92254, 1, 1, 1, True
53.33517, 8.059172, -69.1403, 27.92254, 1, 1, 1, True
53.33904, 8.059172, -69.1403, 27.92254, 1, 1, 1, True
53.34309, 8.059172, -69.1403, 27.92254, 1, 1, 1, True
53.34716, 8.059172, -69.1403, 27.92254, 1, 1, 1, True
53.3511, 8.059172, -69.1403, 27.92254, 1, 1, 1, True
53.35518, 8.059172, -69.1403, 27.92254, 1, 1, 1, True
53.3591, 8.059172, -69.1403, 27.92254, 1, 1, 1, True
53.36312, 8.059172, -69.1403, 27.92254, 1, 1, 1, True
53.36697, 8.059172, -69.1403, 27.92254, 1, 1, 1, True
53.37115, 8.059172, -69.1403, 27.92254, 1, 1, 1, True
53.37504, 8.059172, -69.1403, 27.92254, 1, 1, 1, True
53.37912, 8.059172, -69.1403, 27.92254, 1, 1, 1, True
53.38305, 8.059172, -69.1403, 27.92254, 1, 1, 1, True
53.38691, 8.059172, -69.1403, 27.92254, 1, 1, 1, True
53.3912, 8.059172, -69.1403, 27.92254, 1, 1, 1, True
53.39503, 8.059172, -69.1403, 27.92254, 1, 1, 1, True
53.39911, 8.059172, -69.1403, 27.92254, 1, 1, 1, True
53.40321, 8.059172, -69.1403, 27.92254, 1, 1, 1, True
53.40687, 8.059172, -69.1403, 27.92254, 1, 1, 1, True
53.41116, 8.059172, -69.1403, 27.92254, 1, 1, 1, True
53.41505, 8.059172, -69.1403, 27.92254, 1, 1, 1, True
53.41913, 8.059172, -69.1403, 27.92254, 1, 1, 1, True
53.42308, 8.059172, -69.1403, 27.92254, 1, 1, 1, True
53.42703, 8.059172, -69.1403, 27.92254, 1, 1, 1, True
53.43115, 8.059172, -69.1403, 27.92254, 1, 1, 1, True
53.43509, 8.059172, -69.1403, 27.92254, 1, 1, 1, True
53.43904, 8.059172, -69.1403, 27.92254, 1, 1, 1, True
53.44324, 8.059172, -69.1403, 27.92254, 1, 1, 1, True
53.46309, 8.059172, -69.1403, 27.92254, 1, 1, 1, True
53.4675, 8.059172, -69.1403, 27.92254, 1, 1, 1, True
53.47115, 8.059172, -69.1403, 27.92254, 1, 1, 1, True
53.47515, 8.059172, -69.1403, 27.92254, 1, 1, 1, True
53.47918, 8.059172, -69.1403, 27.92254, 1, 1, 1, True
53.48304, 8.059172, -69.1403, 27.92254, 1, 1, 1, True
53.487, 8.059172, -69.1403, 27.92254, 1, 1, 1, True
53.49118, 8.059172, -69.1403, 27.92254, 1, 1, 1, True
53.49512, 8.059172, -69.1403, 27.92254, 1, 1, 1, True
53.49913, 8.059172, -69.1403, 27.92254, 1, 1, 1, True
53.50294, 8.059172, -69.1403, 27.92254, 1, 1, 1, True
53.5072, 8.059172, -69.1403, 27.92254, 1, 1, 1, True
53.51113, 8.059172, -69.1403, 27.92254, 1, 1, 1, True
53.51511, 8.059172, -69.1403, 27.92254, 1, 1, 1, True
53.5191, 8.059172, -69.1403, 27.92254, 1, 1, 1, True
53.52312, 8.059172, -69.1403, 27.92254, 1, 1, 1, True
53.527, 8.059172, -69.1403, 27.92254, 1, 1, 1, True
53.53114, 8.059172, -69.1403, 27.92254, 1, 1, 1, True
53.53511, 8.059172, -69.1403, 27.92254, 1, 1, 1, True
53.53906, 8.059172, -69.1403, 27.92254, 1, 1, 1, True
53.54312, 8.059172, -69.1403, 27.92254, 1, 1, 1, True
53.54699, 8.059172, -69.1403, 27.92254, 1, 1, 1, True
53.55121, 8.059172, -69.1403, 27.92254, 1, 1, 1, True
53.55494, 8.059172, -69.1403, 27.92254, 1, 1, 1, True
53.5592, 8.059172, -69.1403, 27.92254, 1, 1, 1, True
53.563, 8.059172, -69.1403, 27.92254, 1, 1, 1, True
53.56707, 8.059172, -69.1403, 27.92254, 1, 1, 1, True
53.57112, 8.059172, -69.1403, 27.92254, 1, 1, 1, True
53.57507, 8.059172, -69.1403, 27.92254, 1, 1, 1, True
53.57915, 8.059172, -69.1403, 27.92254, 1, 1, 1, True
53.58323, 8.059172, -69.1403, 27.92254, 1, 1, 1, True
53.60748, 8.059172, -69.1403, 27.92254, 1, 1, 1, True
53.6112, 8.059172, -69.1403, 27.92254, 1, 1, 1, True
53.61543, 8.059172, -69.1403, 27.92254, 1, 1, 1, True
53.62022, 8.059172, -69.1403, 27.92254, 1, 1, 1, True
53.62726, 8.059172, -69.1403, 27.92254, 1, 1, 1, True
53.63113, 8.059172, -69.1403, 27.92254, 1, 1, 1, True
53.63505, 8.059172, -69.1403, 27.92254, 1, 1, 1, True
53.63889, 8.059172, -69.1403, 27.92254, 1, 1, 1, True
53.65897, 8.059172, -69.1403, 27.92254, 1, 1, 1, True
53.66347, 8.059172, -69.1403, 27.92254, 1, 1, 1, True
53.66701, 8.059172, -69.1403, 27.92254, 1, 1, 1, True
53.67124, 8.059172, -69.1403, 27.92254, 1, 1, 1, True
53.67519, 8.059172, -69.1403, 27.92254, 1, 1, 1, True
53.67913, 8.059172, -69.1403, 27.92254, 1, 1, 1, True
53.68305, 8.059172, -69.1403, 27.92254, 1, 1, 1, True
53.6871, 8.059172, -69.1403, 27.92254, 1, 1, 1, True
53.69106, 8.059172, -69.1403, 27.92254, 1, 1, 1, True
53.69498, 8.059172, -69.1403, 27.92254, 1, 1, 1, True
53.69922, 8.059172, -69.1403, 27.92254, 1, 1, 1, True
53.70323, 8.059172, -69.1403, 27.92254, 1, 1, 1, True
53.70707, 8.059172, -69.1403, 27.92254, 1, 1, 1, True
53.71127, 8.059172, -69.1403, 27.92254, 1, 1, 1, True
53.71508, 8.059172, -69.1403, 27.92254, 1, 1, 1, True
53.71915, 8.059172, -69.1403, 27.92254, 1, 1, 1, True
53.72318, 8.059172, -69.1403, 27.92254, 1, 1, 1, True
53.72695, 8.059172, -69.1403, 27.92254, 1, 1, 1, True
53.73112, 8.059172, -69.1403, 27.92254, 1, 1, 1, True
53.73507, 8.059172, -69.1403, 27.92254, 1, 1, 1, True
53.73917, 8.059172, -69.1403, 27.92254, 1, 1, 1, True
53.74321, 8.059172, -69.1403, 27.92254, 1, 1, 1, True
53.74742, 8.059172, -69.1403, 27.92254, 1, 1, 1, True
53.77137, 8.059172, -69.1403, 27.92254, 1, 1, 1, True
53.7766, 8.059172, -69.1403, 27.92254, 1, 1, 1, True
53.78348, 8.059172, -69.1403, 27.92254, 1, 1, 1, True
53.78693, 8.059172, -69.1403, 27.92254, 1, 1, 1, True
53.79106, 8.059172, -69.1403, 27.92254, 1, 1, 1, True
53.79496, 8.059172, -69.1403, 27.92254, 1, 1, 1, True
53.79916, 8.059172, -69.1403, 27.92254, 1, 1, 1, True
53.80318, 8.059172, -69.1403, 27.92254, 1, 1, 1, True
53.80702, 8.059172, -69.1403, 27.92254, 1, 1, 1, True
53.81107, 8.059172, -69.1403, 27.92254, 1, 1, 1, True
53.81505, 8.059172, -69.1403, 27.92254, 1, 1, 1, True
53.81914, 8.059172, -69.1403, 27.92254, 1, 1, 1, True
53.82309, 8.059172, -69.1403, 27.92254, 1, 1, 1, True
53.82702, 8.059172, -69.1403, 27.92254, 1, 1, 1, True
53.8311, 8.059172, -69.1403, 27.92254, 1, 1, 1, True
53.83517, 8.059172, -69.1403, 27.92254, 1, 1, 1, True
53.83921, 8.059172, -69.1403, 27.92254, 1, 1, 1, True
53.84308, 8.059172, -69.1403, 27.92254, 1, 1, 1, True
53.84727, 8.059172, -69.1403, 27.92254, 1, 1, 1, True
53.85117, 8.059172, -69.1403, 27.92254, 1, 1, 1, True
53.85522, 8.059172, -69.1403, 27.92254, 1, 1, 1, True
53.85912, 8.059172, -69.1403, 27.92254, 1, 1, 1, True
53.86307, 8.059172, -69.1403, 27.92254, 1, 1, 1, True
53.86705, 8.059172, -69.1403, 27.92254, 1, 1, 1, True
53.87116, 8.059172, -69.1403, 27.92254, 1, 1, 1, True
53.87513, 8.059172, -69.1403, 27.92254, 1, 1, 1, True
53.87901, 8.059172, -69.1403, 27.92254, 1, 1, 1, True
53.88313, 8.059172, -69.1403, 27.92254, 1, 1, 1, True
53.88708, 8.059172, -69.1403, 27.92254, 1, 1, 1, True
53.89111, 8.059172, -69.1403, 27.92254, 1, 1, 1, True
53.89528, 8.059172, -69.1403, 27.92254, 1, 1, 1, True
53.91957, 8.059172, -69.1403, 27.92254, 1, 1, 1, True
53.92768, 8.059172, -69.1403, 27.92254, 1, 1, 1, True
53.93103, 8.059172, -69.1403, 27.92254, 1, 1, 1, True
53.93518, 8.059172, -69.1403, 27.92254, 1, 1, 1, True
53.93921, 8.059172, -69.1403, 27.92254, 1, 1, 1, True
53.94328, 8.059172, -69.1403, 27.92254, 1, 1, 1, True
53.94709, 8.059172, -69.1403, 27.92254, 1, 1, 1, True
53.95133, 8.059172, -69.1403, 27.92254, 1, 1, 1, True
53.95535, 8.059172, -69.1403, 27.92254, 1, 1, 1, True
53.95939, 8.059172, -69.1403, 27.92254, 1, 1, 1, True
53.96323, 8.059172, -69.1403, 27.92254, 1, 1, 1, True
53.96724, 8.059172, -69.1403, 27.92254, 1, 1, 1, True
53.97111, 8.059172, -69.1403, 27.92254, 1, 1, 1, True
53.97511, 8.059172, -69.1403, 27.92254, 1, 1, 1, True
53.97934, 8.059172, -69.1403, 27.92254, 1, 1, 1, True
53.9832, 8.059172, -69.1403, 27.92254, 1, 1, 1, True
53.98695, 8.059172, -69.1403, 27.92254, 1, 1, 1, True
53.99101, 8.059172, -69.1403, 27.92254, 1, 1, 1, True
53.99509, 8.059172, -69.1403, 27.92254, 1, 1, 1, True
53.99908, 8.059172, -69.1403, 27.92254, 1, 1, 1, True
54.00336, 8.059172, -69.1403, 27.92254, 1, 1, 1, True
54.00692, 8.059172, -69.1403, 27.92254, 1, 1, 1, True
54.0113, 8.059172, -69.1403, 27.92254, 1, 1, 1, True
54.01521, 8.059172, -69.1403, 27.92254, 1, 1, 1, True
54.01919, 8.059172, -69.1403, 27.92254, 1, 1, 1, True
54.02307, 8.059172, -69.1403, 27.92254, 1, 1, 1, True
54.02705, 8.059172, -69.1403, 27.92254, 1, 1, 1, True
54.03096, 8.059172, -69.1403, 27.92254, 1, 1, 1, True
54.03512, 8.059172, -69.1403, 27.92254, 1, 1, 1, True
54.03908, 8.059172, -69.1403, 27.92254, 1, 1, 1, True
54.04335, 8.059172, -69.1403, 27.92254, 1, 1, 1, True
54.06714, 8.059172, -69.1403, 27.92254, 1, 1, 1, True
54.07145, 8.059172, -69.1403, 27.92254, 1, 1, 1, True
54.07521, 8.059172, -69.1403, 27.92254, 1, 1, 1, True
54.07902, 8.059172, -69.1403, 27.92254, 1, 1, 1, True
54.08326, 8.059172, -69.1403, 27.92254, 1, 1, 1, True
54.0871, 8.059172, -69.1403, 27.92254, 1, 1, 1, True
54.09106, 8.059172, -69.1403, 27.92254, 1, 1, 1, True
54.09517, 8.059172, -69.1403, 27.92254, 1, 1, 1, True
54.09908, 8.059172, -69.1403, 27.92254, 1, 1, 1, True
54.10336, 8.059172, -69.1403, 27.92254, 1, 1, 1, True
54.10698, 8.059172, -69.1403, 27.92254, 1, 1, 1, True
54.11103, 8.059172, -69.1403, 27.92254, 1, 1, 1, True
54.11515, 8.059172, -69.1403, 27.92254, 1, 1, 1, True
54.11936, 8.059172, -69.1403, 27.92254, 1, 1, 1, True
54.12321, 8.059172, -69.1403, 27.92254, 1, 1, 1, True
54.12708, 8.059172, -69.1403, 27.92254, 1, 1, 1, True
54.13107, 8.059172, -69.1403, 27.92254, 1, 1, 1, True
54.13502, 8.059172, -69.1403, 27.92254, 1, 1, 1, True
54.13898, 8.059172, -69.1403, 27.92254, 1, 1, 1, True
54.1432, 8.059172, -69.1403, 27.92254, 1, 1, 1, True
54.14713, 8.059172, -69.1403, 27.92254, 1, 1, 1, True
54.15105, 8.059172, -69.1403, 27.92254, 1, 1, 1, True
54.15517, 8.059172, -69.1403, 27.92254, 1, 1, 1, True
54.15904, 8.059172, -69.1403, 27.92254, 1, 1, 1, True
54.16302, 8.059172, -69.1403, 27.92254, 1, 1, 1, True
54.16705, 8.059172, -69.1403, 27.92254, 1, 1, 1, True
54.17129, 8.059172, -69.1403, 27.92254, 1, 1, 1, True
54.17524, 8.059172, -69.1403, 27.92254, 1, 1, 1, True
54.17925, 8.059172, -69.1403, 27.92254, 1, 1, 1, True
54.18315, 8.059172, -69.1403, 27.92254, 1, 1, 1, True
54.18711, 8.059172, -69.1403, 27.92254, 1, 1, 1, True
54.21131, 8.059172, -69.1403, 27.92254, 1, 1, 1, True
54.21517, 8.059172, -69.1403, 27.92254, 1, 1, 1, True
54.23977, 8.059172, -69.1403, 27.92254, 1, 1, 1, True
54.24785, 8.059172, -69.1403, 27.92254, 1, 1, 1, True
54.25525, 8.059172, -69.1403, 27.92254, 1, 1, 1, True
54.25908, 8.059172, -69.1403, 27.92254, 1, 1, 1, True
54.26299, 8.059172, -69.1403, 27.92254, 1, 1, 1, True
54.26713, 8.059172, -69.1403, 27.92254, 1, 1, 1, True
54.27118, 8.059172, -69.1403, 27.92254, 1, 1, 1, True
54.27496, 8.059172, -69.1403, 27.92254, 1, 1, 1, True
54.27914, 8.059172, -69.1403, 27.92254, 1, 1, 1, True
54.28316, 8.059172, -69.1403, 27.92254, 1, 1, 1, True
54.28692, 8.059172, -69.1403, 27.92254, 1, 1, 1, True
54.29113, 8.059172, -69.1403, 27.92254, 1, 1, 1, True
54.29513, 8.059172, -69.1403, 27.92254, 1, 1, 1, True
54.29911, 8.059172, -69.1403, 27.92254, 1, 1, 1, True
54.30302, 8.059172, -69.1403, 27.92254, 1, 1, 1, True
54.30706, 8.059172, -69.1403, 27.92254, 1, 1, 1, True
54.31112, 8.059172, -69.1403, 27.92254, 1, 1, 1, True
54.31507, 8.059172, -69.1403, 27.92254, 1, 1, 1, True
54.31916, 8.059172, -69.1403, 27.92254, 1, 1, 1, True
54.323, 8.059172, -69.1403, 27.92254, 1, 1, 1, True
54.32713, 8.059172, -69.1403, 27.92254, 1, 1, 1, True
54.33116, 8.059172, -69.1403, 27.92254, 1, 1, 1, True
54.33505, 8.059172, -69.1403, 27.92254, 1, 1, 1, True
54.33909, 8.059172, -69.1403, 27.92254, 1, 1, 1, True
54.34306, 8.059172, -69.1403, 27.92254, 1, 1, 1, True
54.34703, 8.059172, -69.1403, 27.92254, 1, 1, 1, True
54.35115, 8.059172, -69.1403, 27.92254, 1, 1, 1, True
54.35498, 8.059172, -69.1403, 27.92254, 1, 1, 1, True
54.35927, 8.059172, -69.1403, 27.92254, 1, 1, 1, True
54.37906, 8.059172, -69.1403, 27.92254, 1, 1, 1, True
54.38327, 8.059172, -69.1403, 27.92254, 1, 1, 1, True
54.38713, 8.059172, -69.1403, 27.92254, 1, 1, 1, True
54.39093, 8.059172, -69.1403, 27.92254, 1, 1, 1, True
54.3951, 8.059172, -69.1403, 27.92254, 1, 1, 1, True
54.39897, 8.059172, -69.1403, 27.92254, 1, 1, 1, True
54.40323, 8.059172, -69.1403, 27.92254, 1, 1, 1, True
54.40721, 8.059172, -69.1403, 27.92254, 1, 1, 1, True
54.41093, 8.059172, -69.1403, 27.92254, 1, 1, 1, True
54.4152, 8.059172, -69.1403, 27.92254, 1, 1, 1, True
54.41908, 8.059172, -69.1403, 27.92254, 1, 1, 1, True
54.42312, 8.059172, -69.1403, 27.92254, 1, 1, 1, True
54.42702, 8.059172, -69.1403, 27.92254, 1, 1, 1, True
54.43117, 8.059172, -69.1403, 27.92254, 1, 1, 1, True
54.43509, 8.059172, -69.1403, 27.92254, 1, 1, 1, True
54.43901, 8.059172, -69.1403, 27.92254, 1, 1, 1, True
54.4431, 8.059172, -69.1403, 27.92254, 1, 1, 1, True
54.44705, 8.059172, -69.1403, 27.92254, 1, 1, 1, True
54.45112, 8.059172, -69.1403, 27.92254, 1, 1, 1, True
54.45506, 8.059172, -69.1403, 27.92254, 1, 1, 1, True
54.45904, 8.059172, -69.1403, 27.92254, 1, 1, 1, True
54.46317, 8.059172, -69.1403, 27.92254, 1, 1, 1, True
54.46703, 8.059172, -69.1403, 27.92254, 1, 1, 1, True
54.47113, 8.059172, -69.1403, 27.92254, 1, 1, 1, True
54.47503, 8.059172, -69.1403, 27.92254, 1, 1, 1, True
54.47903, 8.059172, -69.1403, 27.92254, 1, 1, 1, True
54.48312, 8.059172, -69.1403, 27.92254, 1, 1, 1, True
54.48693, 8.059172, -69.1403, 27.92254, 1, 1, 1, True
54.49116, 8.059172, -69.1403, 27.92254, 1, 1, 1, True
54.49501, 8.059172, -69.1403, 27.92254, 1, 1, 1, True
54.49931, 8.059172, -69.1403, 27.92254, 1, 1, 1, True
54.51919, 8.059172, -69.1403, 27.92254, 1, 1, 1, True
54.52308, 8.059172, -69.1403, 27.92254, 1, 1, 1, True
54.52727, 8.059172, -69.1403, 27.92254, 1, 1, 1, True
54.53105, 8.059172, -69.1403, 27.92254, 1, 1, 1, True
54.53514, 8.059172, -69.1403, 27.92254, 1, 1, 1, True
54.53905, 8.059172, -69.1403, 27.92254, 1, 1, 1, True
54.54313, 8.059172, -69.1403, 27.92254, 1, 1, 1, True
54.54713, 8.059172, -69.1403, 27.92254, 1, 1, 1, True
54.55111, 8.059172, -69.1403, 27.92254, 1, 1, 1, True
54.55511, 8.059172, -69.1403, 27.92254, 1, 1, 1, True
54.55908, 8.059172, -69.1403, 27.92254, 1, 1, 1, True
54.56313, 8.059172, -69.1403, 27.92254, 1, 1, 1, True
54.56705, 8.059172, -69.1403, 27.92254, 1, 1, 1, True
54.5711, 8.059172, -69.1403, 27.92254, 1, 1, 1, True
54.5752, 8.059172, -69.1403, 27.92254, 1, 1, 1, True
54.57909, 8.059172, -69.1403, 27.92254, 1, 1, 1, True
54.58313, 8.059172, -69.1403, 27.92254, 1, 1, 1, True
54.58693, 8.059172, -69.1403, 27.92254, 1, 1, 1, True
54.59116, 8.059172, -69.1403, 27.92254, 1, 1, 1, True
54.59486, 8.059172, -69.1403, 27.92254, 1, 1, 1, True
54.59919, 8.059172, -69.1403, 27.92254, 1, 1, 1, True
54.60316, 8.059172, -69.1403, 27.92254, 1, 1, 1, True
54.60696, 8.059172, -69.1403, 27.92254, 1, 1, 1, True
54.61121, 8.059172, -69.1403, 27.92254, 1, 1, 1, True
54.61505, 8.059172, -69.1403, 27.92254, 1, 1, 1, True
54.61901, 8.059172, -69.1403, 27.92254, 1, 1, 1, True
54.6231, 8.059172, -69.1403, 27.92254, 1, 1, 1, True
54.62705, 8.059172, -69.1403, 27.92254, 1, 1, 1, True
54.63105, 8.059172, -69.1403, 27.92254, 1, 1, 1, True
54.6351, 8.059172, -69.1403, 27.92254, 1, 1, 1, True
54.63908, 8.059172, -69.1403, 27.92254, 1, 1, 1, True
54.65923, 8.059172, -69.1403, 27.92254, 1, 1, 1, True
54.66309, 8.059172, -69.1403, 27.92254, 1, 1, 1, True
54.667, 8.059172, -69.1403, 27.92254, 1, 1, 1, True
54.67101, 8.059172, -69.1403, 27.92254, 1, 1, 1, True
54.67511, 8.059172, -69.1403, 27.92254, 1, 1, 1, True
54.67912, 8.059172, -69.1403, 27.92254, 1, 1, 1, True
54.68315, 8.059172, -69.1403, 27.92254, 1, 1, 1, True
54.68695, 8.059172, -69.1403, 27.92254, 1, 1, 1, True
54.69098, 8.059172, -69.1403, 27.92254, 1, 1, 1, True
54.69517, 8.059172, -69.1403, 27.92254, 1, 1, 1, True
54.69912, 8.059172, -69.1403, 27.92254, 1, 1, 1, True
54.7032, 8.059172, -69.1403, 27.92254, 1, 1, 1, True
54.70695, 8.059172, -69.1403, 27.92254, 1, 1, 1, True
54.71116, 8.059172, -69.1403, 27.92254, 1, 1, 1, True
54.715, 8.059172, -69.1403, 27.92254, 1, 1, 1, True
54.7192, 8.059172, -69.1403, 27.92254, 1, 1, 1, True
54.72302, 8.059172, -69.1403, 27.92254, 1, 1, 1, True
54.72718, 8.059172, -69.1403, 27.92254, 1, 1, 1, True
54.73115, 8.059172, -69.1403, 27.92254, 1, 1, 1, True
54.7351, 8.059172, -69.1403, 27.92254, 1, 1, 1, True
54.73906, 8.059172, -69.1403, 27.92254, 1, 1, 1, True
54.7431, 8.059172, -69.1403, 27.92254, 1, 1, 1, True
54.74702, 8.059172, -69.1403, 27.92254, 1, 1, 1, True
54.75105, 8.059172, -69.1403, 27.92254, 1, 1, 1, True
54.75513, 8.059172, -69.1403, 27.92254, 1, 1, 1, True
54.759, 8.059172, -69.1403, 27.92254, 1, 1, 1, True
54.76317, 8.059172, -69.1403, 27.92254, 1, 1, 1, True
54.76682, 8.059172, -69.1403, 27.92254, 1, 1, 1, True
54.77106, 8.059172, -69.1403, 27.92254, 1, 1, 1, True
54.77488, 8.059172, -69.1403, 27.92254, 1, 1, 1, True
54.77931, 8.059172, -69.1403, 27.92254, 1, 1, 1, True
54.80343, 8.059172, -69.1403, 27.92254, 1, 1, 1, True
54.81127, 8.059172, -69.1403, 27.92254, 1, 1, 1, True
54.81507, 8.059172, -69.1403, 27.92254, 1, 1, 1, True
54.81914, 8.059172, -69.1403, 27.92254, 1, 1, 1, True
54.82303, 8.059172, -69.1403, 27.92254, 1, 1, 1, True
54.827, 8.059172, -69.1403, 27.92254, 1, 1, 1, True
54.83116, 8.059172, -69.1403, 27.92254, 1, 1, 1, True
54.83499, 8.059172, -69.1403, 27.92254, 1, 1, 1, True
54.83896, 8.059172, -69.1403, 27.92254, 1, 1, 1, True
54.84306, 8.059172, -69.1403, 27.92254, 1, 1, 1, True
54.847, 8.059172, -69.1403, 27.92254, 1, 1, 1, True
54.85122, 8.059172, -69.1403, 27.92254, 1, 1, 1, True
54.85493, 8.059172, -69.1403, 27.92254, 1, 1, 1, True
54.85917, 8.059172, -69.1403, 27.92254, 1, 1, 1, True
54.86304, 8.059172, -69.1403, 27.92254, 1, 1, 1, True
54.86713, 8.059172, -69.1403, 27.92254, 1, 1, 1, True
54.87106, 8.059172, -69.1403, 27.92254, 1, 1, 1, True
54.87515, 8.059172, -69.1403, 27.92254, 1, 1, 1, True
54.87915, 8.059172, -69.1403, 27.92254, 1, 1, 1, True
54.88312, 8.059172, -69.1403, 27.92254, 1, 1, 1, True
54.88699, 8.059172, -69.1403, 27.92254, 1, 1, 1, True
54.89115, 8.059172, -69.1403, 27.92254, 1, 1, 1, True
54.89505, 8.059172, -69.1403, 27.92254, 1, 1, 1, True
54.89912, 8.059172, -69.1403, 27.92254, 1, 1, 1, True
54.90321, 8.059172, -69.1403, 27.92254, 1, 1, 1, True
54.907, 8.059172, -69.1403, 27.92254, 1, 1, 1, True
54.91113, 8.059172, -69.1403, 27.92254, 1, 1, 1, True
54.91503, 8.059172, -69.1403, 27.92254, 1, 1, 1, True
54.9193, 8.059172, -69.1403, 27.92254, 1, 1, 1, True
54.923, 8.059172, -69.1403, 27.92254, 1, 1, 1, True
54.92721, 8.059172, -69.1403, 27.92254, 1, 1, 1, True
54.94708, 8.059172, -69.1403, 27.92254, 1, 1, 1, True
54.95123, 8.059172, -69.1403, 27.92254, 1, 1, 1, True
54.95492, 8.059172, -69.1403, 27.92254, 1, 1, 1, True
54.95915, 8.059172, -69.1403, 27.92254, 1, 1, 1, True
54.96311, 8.059172, -69.1403, 27.92254, 1, 1, 1, True
54.96699, 8.059172, -69.1403, 27.92254, 1, 1, 1, True
54.97106, 8.059172, -69.1403, 27.92254, 1, 1, 1, True
54.97517, 8.059172, -69.1403, 27.92254, 1, 1, 1, True
54.97911, 8.059172, -69.1403, 27.92254, 1, 1, 1, True
54.98314, 8.059172, -69.1403, 27.92254, 1, 1, 1, True
54.98681, 8.059172, -69.1403, 27.92254, 1, 1, 1, True
54.99115, 8.059172, -69.1403, 27.92254, 1, 1, 1, True
54.99503, 8.059172, -69.1403, 27.92254, 1, 1, 1, True
54.99917, 8.059172, -69.1403, 27.92254, 1, 1, 1, True
55.00314, 8.059172, -69.1403, 27.92254, 1, 1, 1, True
55.00708, 8.059172, -69.1403, 27.92254, 1, 1, 1, True
55.01112, 8.059172, -69.1403, 27.92254, 1, 1, 1, True
55.01509, 8.059172, -69.1403, 27.92254, 1, 1, 1, True
55.01914, 8.059172, -69.1403, 27.92254, 1, 1, 1, True
55.02307, 8.059172, -69.1403, 27.92254, 1, 1, 1, True
55.027, 8.059172, -69.1403, 27.92254, 1, 1, 1, True
55.03123, 8.059172, -69.1403, 27.92254, 1, 1, 1, True
55.03507, 8.059172, -69.1403, 27.92254, 1, 1, 1, True
55.03909, 8.059172, -69.1403, 27.92254, 1, 1, 1, True
55.04308, 8.059172, -69.1403, 27.92254, 1, 1, 1, True
55.04701, 8.059172, -69.1403, 27.92254, 1, 1, 1, True
55.05117, 8.059172, -69.1403, 27.92254, 1, 1, 1, True
55.05504, 8.059172, -69.1403, 27.92254, 1, 1, 1, True
55.05914, 8.059172, -69.1403, 27.92254, 1, 1, 1, True
55.06302, 8.059172, -69.1403, 27.92254, 1, 1, 1, True
55.06721, 8.059172, -69.1403, 27.92254, 1, 1, 1, True
55.09116, 8.059172, -69.1403, 27.92254, 1, 1, 1, True
55.09902, 8.059172, -69.1403, 27.92254, 1, 1, 1, True
55.11105, 8.059172, -69.1403, 27.92254, 1, 1, 1, True
55.1151, 8.059172, -69.1403, 27.92254, 1, 1, 1, True
55.11913, 8.059172, -69.1403, 27.92254, 1, 1, 1, True
55.12301, 8.059172, -69.1403, 27.92254, 1, 1, 1, True
55.12712, 8.059172, -69.1403, 27.92254, 1, 1, 1, True
55.13111, 8.059172, -69.1403, 27.92254, 1, 1, 1, True
55.13509, 8.059172, -69.1403, 27.92254, 1, 1, 1, True
55.1391, 8.059172, -69.1403, 27.92254, 1, 1, 1, True
55.14306, 8.059172, -69.1403, 27.92254, 1, 1, 1, True
55.1471, 8.059172, -69.1403, 27.92254, 1, 1, 1, True
55.15113, 8.059172, -69.1403, 27.92254, 1, 1, 1, True
55.15499, 8.059172, -69.1403, 27.92254, 1, 1, 1, True
55.15913, 8.059172, -69.1403, 27.92254, 1, 1, 1, True
55.16307, 8.059172, -69.1403, 27.92254, 1, 1, 1, True
55.16709, 8.059172, -69.1403, 27.92254, 1, 1, 1, True
55.17091, 8.059172, -69.1403, 27.92254, 1, 1, 1, True
55.17514, 8.059172, -69.1403, 27.92254, 1, 1, 1, True
55.17905, 8.059172, -69.1403, 27.92254, 1, 1, 1, True
55.18322, 8.059172, -69.1403, 27.92254, 1, 1, 1, True
55.18692, 8.059172, -69.1403, 27.92254, 1, 1, 1, True
55.19113, 8.059172, -69.1403, 27.92254, 1, 1, 1, True
55.19511, 8.059172, -69.1403, 27.92254, 1, 1, 1, True
55.19909, 8.059172, -69.1403, 27.92254, 1, 1, 1, True
55.20317, 8.059172, -69.1403, 27.92254, 1, 1, 1, True
55.20686, 8.059172, -69.1403, 27.92254, 1, 1, 1, True
55.21116, 8.059172, -69.1403, 27.92254, 1, 1, 1, True
55.21503, 8.059172, -69.1403, 27.92254, 1, 1, 1, True
55.21914, 8.059172, -69.1403, 27.92254, 1, 1, 1, True
55.2232, 8.059172, -69.1403, 27.92254, 1, 1, 1, True
55.24334, 8.059172, -69.1403, 27.92254, 1, 1, 1, True
55.24702, 8.059172, -69.1403, 27.92254, 1, 1, 1, True
55.25116, 8.059172, -69.1403, 27.92254, 1, 1, 1, True
55.25502, 8.059172, -69.1403, 27.92254, 1, 1, 1, True
55.25904, 8.059172, -69.1403, 27.92254, 1, 1, 1, True
55.26314, 8.059172, -69.1403, 27.92254, 1, 1, 1, True
55.26695, 8.059172, -69.1403, 27.92254, 1, 1, 1, True
55.27119, 8.059172, -69.1403, 27.92254, 1, 1, 1, True
55.27597, 8.059172, -69.1403, 27.92254, 1, 1, 1, True
55.27912, 8.059172, -69.1403, 27.92254, 1, 1, 1, True
55.2833, 8.059172, -69.1403, 27.92254, 1, 1, 1, True
55.28701, 8.059172, -69.1403, 27.92254, 1, 1, 1, True
55.29111, 8.059172, -69.1403, 27.92254, 1, 1, 1, True
55.29513, 8.059172, -69.1403, 27.92254, 1, 1, 1, True
55.29911, 8.059172, -69.1403, 27.92254, 1, 1, 1, True
55.30322, 8.059172, -69.1403, 27.92254, 1, 1, 1, True
55.30697, 8.059172, -69.1403, 27.92254, 1, 1, 1, True
55.31113, 8.059172, -69.1403, 27.92254, 1, 1, 1, True
55.31507, 8.059172, -69.1403, 27.92254, 1, 1, 1, True
55.31916, 8.059172, -69.1403, 27.92254, 1, 1, 1, True
55.32299, 8.059172, -69.1403, 27.92254, 1, 1, 1, True
55.32708, 8.059172, -69.1403, 27.92254, 1, 1, 1, True
55.33115, 8.059172, -69.1403, 27.92254, 1, 1, 1, True
55.33514, 8.059172, -69.1403, 27.92254, 1, 1, 1, True
55.34447, 8.059172, -69.1403, 27.92254, 1, 1, 1, True
55.35474, 8.059172, -69.1403, 27.92254, 1, 1, 1, True
55.35936, 8.059172, -69.1403, 27.92254, 1, 1, 1, True
55.36324, 8.059172, -69.1403, 27.92254, 1, 1, 1, True
55.36718, 8.059172, -69.1403, 27.92254, 1, 1, 1, True
55.37128, 8.059172, -69.1403, 27.92254, 1, 1, 1, True
55.37933, 8.059172, -69.1403, 27.92254, 1, 1, 1, True
55.39933, 8.059172, -69.1403, 27.92254, 1, 1, 1, True
55.40318, 8.059172, -69.1403, 27.92254, 1, 1, 1, True
55.40723, 8.059172, -69.1403, 27.92254, 1, 1, 1, True
55.41102, 8.059172, -69.1403, 27.92254, 1, 1, 1, True
55.4151, 8.059172, -69.1403, 27.92254, 1, 1, 1, True
55.41927, 8.059172, -69.1403, 27.92254, 1, 1, 1, True
55.42313, 8.059172, -69.1403, 27.92254, 1, 1, 1, True
55.42697, 8.059172, -69.1403, 27.92254, 1, 1, 1, True
55.43116, 8.059172, -69.1403, 27.92254, 1, 1, 1, True
55.43512, 8.059172, -69.1403, 27.92254, 1, 1, 1, True
55.43883, 8.059172, -69.1403, 27.92254, 1, 1, 1, True
55.44314, 8.059172, -69.1403, 27.92254, 1, 1, 1, True
55.44695, 8.059172, -69.1403, 27.92254, 1, 1, 1, True
55.45116, 8.059172, -69.1403, 27.92254, 1, 1, 1, True
55.45496, 8.059172, -69.1403, 27.92254, 1, 1, 1, True
55.45916, 8.059172, -69.1403, 27.92254, 1, 1, 1, True
55.46302, 8.059172, -69.1403, 27.92254, 1, 1, 1, True
55.46714, 8.059172, -69.1403, 27.92254, 1, 1, 1, True
55.4709, 8.059172, -69.1403, 27.92254, 1, 1, 1, True
55.47515, 8.059172, -69.1403, 27.92254, 1, 1, 1, True
55.47901, 8.059172, -69.1403, 27.92254, 1, 1, 1, True
55.48319, 8.059172, -69.1403, 27.92254, 1, 1, 1, True
55.48699, 8.059172, -69.1403, 27.92254, 1, 1, 1, True
55.49115, 8.059172, -69.1403, 27.92254, 1, 1, 1, True
55.49511, 8.059172, -69.1403, 27.92254, 1, 1, 1, True
55.49914, 8.059172, -69.1403, 27.92254, 1, 1, 1, True
55.5032, 8.059172, -69.1403, 27.92254, 1, 1, 1, True
55.50707, 8.059172, -69.1403, 27.92254, 1, 1, 1, True
55.51109, 8.059172, -69.1403, 27.92254, 1, 1, 1, True
55.51506, 8.059172, -69.1403, 27.92254, 1, 1, 1, True
55.51923, 8.059172, -69.1403, 27.92254, 1, 1, 1, True
55.53903, 8.059172, -69.1403, 27.92254, 1, 1, 1, True
55.54325, 8.059172, -69.1403, 27.92254, 1, 1, 1, True
55.54724, 8.059172, -69.1403, 27.92254, 1, 1, 1, True
55.55112, 8.059172, -69.1403, 27.92254, 1, 1, 1, True
55.55496, 8.059172, -69.1403, 27.92254, 1, 1, 1, True
55.55911, 8.059172, -69.1403, 27.92254, 1, 1, 1, True
55.56311, 8.059172, -69.1403, 27.92254, 1, 1, 1, True
55.56707, 8.059172, -69.1403, 27.92254, 1, 1, 1, True
55.5711, 8.059172, -69.1403, 27.92254, 1, 1, 1, True
55.57513, 8.059172, -69.1403, 27.92254, 1, 1, 1, True
55.57911, 8.059172, -69.1403, 27.92254, 1, 1, 1, True
55.58311, 8.059172, -69.1403, 27.92254, 1, 1, 1, True
55.58697, 8.059172, -69.1403, 27.92254, 1, 1, 1, True
55.59115, 8.059172, -69.1403, 27.92254, 1, 1, 1, True
55.59501, 8.059172, -69.1403, 27.92254, 1, 1, 1, True
55.59909, 8.059172, -69.1403, 27.92254, 1, 1, 1, True
55.60324, 8.059172, -69.1403, 27.92254, 1, 1, 1, True
55.60698, 8.059172, -69.1403, 27.92254, 1, 1, 1, True
55.61117, 8.059172, -69.1403, 27.92254, 1, 1, 1, True
55.61492, 8.059172, -69.1403, 27.92254, 1, 1, 1, True
55.61914, 8.059172, -69.1403, 27.92254, 1, 1, 1, True
55.6231, 8.059172, -69.1403, 27.92254, 1, 1, 1, True
55.62697, 8.059172, -69.1403, 27.92254, 1, 1, 1, True
55.63115, 8.059172, -69.1403, 27.92254, 1, 1, 1, True
55.63508, 8.059172, -69.1403, 27.92254, 1, 1, 1, True
55.63914, 8.059172, -69.1403, 27.92254, 1, 1, 1, True
55.64307, 8.059172, -69.1403, 27.92254, 1, 1, 1, True
55.64705, 8.059172, -69.1403, 27.92254, 1, 1, 1, True
55.65115, 8.059172, -69.1403, 27.92254, 1, 1, 1, True
55.65513, 8.059172, -69.1403, 27.92254, 1, 1, 1, True
55.65917, 8.059172, -69.1403, 27.92254, 1, 1, 1, True
55.67934, 8.059172, -69.1403, 27.92254, 1, 1, 1, True
55.68299, 8.059172, -69.1403, 27.92254, 1, 1, 1, True
55.68689, 8.059172, -69.1403, 27.92254, 1, 1, 1, True
55.69115, 8.059172, -69.1403, 27.92254, 1, 1, 1, True
55.69508, 8.059172, -69.1403, 27.92254, 1, 1, 1, True
55.69911, 8.059172, -69.1403, 27.92254, 1, 1, 1, True
55.70325, 8.059172, -69.1403, 27.92254, 1, 1, 1, True
55.70707, 8.059172, -69.1403, 27.92254, 1, 1, 1, True
55.71112, 8.059172, -69.1403, 27.92254, 1, 1, 1, True
55.71507, 8.059172, -69.1403, 27.92254, 1, 1, 1, True
55.71914, 8.059172, -69.1403, 27.92254, 1, 1, 1, True
55.72304, 8.059172, -69.1403, 27.92254, 1, 1, 1, True
55.72713, 8.059172, -69.1403, 27.92254, 1, 1, 1, True
55.73109, 8.059172, -69.1403, 27.92254, 1, 1, 1, True
55.73509, 8.059172, -69.1403, 27.92254, 1, 1, 1, True
55.73907, 8.059172, -69.1403, 27.92254, 1, 1, 1, True
55.74313, 8.059172, -69.1403, 27.92254, 1, 1, 1, True
55.74703, 8.059172, -69.1403, 27.92254, 1, 1, 1, True
55.75113, 8.059172, -69.1403, 27.92254, 1, 1, 1, True
55.75505, 8.059172, -69.1403, 27.92254, 1, 1, 1, True
55.75903, 8.059172, -69.1403, 27.92254, 1, 1, 1, True
55.76316, 8.059172, -69.1403, 27.92254, 1, 1, 1, True
55.76694, 8.059172, -69.1403, 27.92254, 1, 1, 1, True
55.77114, 8.059172, -69.1403, 27.92254, 1, 1, 1, True
55.7751, 8.059172, -69.1403, 27.92254, 1, 1, 1, True
55.77912, 8.059172, -69.1403, 27.92254, 1, 1, 1, True
55.78315, 8.059172, -69.1403, 27.92254, 1, 1, 1, True
55.78693, 8.059172, -69.1403, 27.92254, 1, 1, 1, True
55.79135, 8.059172, -69.1403, 27.92254, 1, 1, 1, True
55.79494, 8.059172, -69.1403, 27.92254, 1, 1, 1, True
55.7993, 8.059172, -69.1403, 27.92254, 1, 1, 1, True
55.81922, 8.059172, -69.1403, 27.92254, 1, 1, 1, True
55.82299, 8.059172, -69.1403, 27.92254, 1, 1, 1, True
55.82703, 8.059172, -69.1403, 27.92254, 1, 1, 1, True
55.83104, 8.059172, -69.1403, 27.92254, 1, 1, 1, True
55.83507, 8.059172, -69.1403, 27.92254, 1, 1, 1, True
55.839, 8.059172, -69.1403, 27.92254, 1, 1, 1, True
55.84317, 8.059172, -69.1403, 27.92254, 1, 1, 1, True
55.84708, 8.059172, -69.1403, 27.92254, 1, 1, 1, True
55.85097, 8.059172, -69.1403, 27.92254, 1, 1, 1, True
55.85498, 8.059172, -69.1403, 27.92254, 1, 1, 1, True
55.85907, 8.059172, -69.1403, 27.92254, 1, 1, 1, True
55.86312, 8.059172, -69.1403, 27.92254, 1, 1, 1, True
55.86703, 8.059172, -69.1403, 27.92254, 1, 1, 1, True
55.87112, 8.059172, -69.1403, 27.92254, 1, 1, 1, True
55.87507, 8.059172, -69.1403, 27.92254, 1, 1, 1, True
55.87912, 8.059172, -69.1403, 27.92254, 1, 1, 1, True
55.88305, 8.059172, -69.1403, 27.92254, 1, 1, 1, True
55.88694, 8.059172, -69.1403, 27.92254, 1, 1, 1, True
55.89117, 8.059172, -69.1403, 27.92254, 1, 1, 1, True
55.89503, 8.059172, -69.1403, 27.92254, 1, 1, 1, True
55.89898, 8.059172, -69.1403, 27.92254, 1, 1, 1, True
55.90323, 8.059172, -69.1403, 27.92254, 1, 1, 1, True
55.90705, 8.059172, -69.1403, 27.92254, 1, 1, 1, True
55.91113, 8.059172, -69.1403, 27.92254, 1, 1, 1, True
55.91516, 8.059172, -69.1403, 27.92254, 1, 1, 1, True
55.91905, 8.059172, -69.1403, 27.92254, 1, 1, 1, True
55.92302, 8.059172, -69.1403, 27.92254, 1, 1, 1, True
55.92706, 8.059172, -69.1403, 27.92254, 1, 1, 1, True
55.93108, 8.059172, -69.1403, 27.92254, 1, 1, 1, True
55.93511, 8.059172, -69.1403, 27.92254, 1, 1, 1, True
55.93919, 8.059172, -69.1403, 27.92254, 1, 1, 1, True
55.95932, 8.059172, -69.1403, 27.92254, 1, 1, 1, True
55.96283, 8.059172, -69.1403, 27.92254, 1, 1, 1, True
55.96716, 8.059172, -69.1403, 27.92254, 1, 1, 1, True
55.97106, 8.059172, -69.1403, 27.92254, 1, 1, 1, True
55.98236, 8.059172, -69.1403, 27.92254, 1, 1, 1, True
55.99109, 8.059172, -69.1403, 27.92254, 1, 1, 1, True
55.99737, 8.059172, -69.1403, 27.92254, 1, 1, 1, True
56.00465, 8.059172, -69.1403, 27.92254, 1, 1, 1, True
56.01149, 8.059172, -69.1403, 27.92254, 1, 1, 1, True
56.015, 8.059172, -69.1403, 27.92254, 1, 1, 1, True
56.01929, 8.059172, -69.1403, 27.92254, 1, 1, 1, True
56.02302, 8.059172, -69.1403, 27.92254, 1, 1, 1, True
56.02713, 8.059172, -69.1403, 27.92254, 1, 1, 1, True
56.03109, 8.059172, -69.1403, 27.92254, 1, 1, 1, True
56.03512, 8.059172, -69.1403, 27.92254, 1, 1, 1, True
56.03901, 8.059172, -69.1403, 27.92254, 1, 1, 1, True
56.04311, 8.059172, -69.1403, 27.92254, 1, 1, 1, True
56.04706, 8.059172, -69.1403, 27.92254, 1, 1, 1, True
56.05115, 8.059172, -69.1403, 27.92254, 1, 1, 1, True
56.05504, 8.059172, -69.1403, 27.92254, 1, 1, 1, True
56.05913, 8.059172, -69.1403, 27.92254, 1, 1, 1, True
56.06309, 8.059172, -69.1403, 27.92254, 1, 1, 1, True
56.06703, 8.059172, -69.1403, 27.92254, 1, 1, 1, True
56.07108, 8.059172, -69.1403, 27.92254, 1, 1, 1, True
56.07513, 8.059172, -69.1403, 27.92254, 1, 1, 1, True
56.07904, 8.059172, -69.1403, 27.92254, 1, 1, 1, True
56.08304, 8.059172, -69.1403, 27.92254, 1, 1, 1, True
56.087, 8.059172, -69.1403, 27.92254, 1, 1, 1, True
56.09113, 8.059172, -69.1403, 27.92254, 1, 1, 1, True
56.09502, 8.059172, -69.1403, 27.92254, 1, 1, 1, True
56.09925, 8.059172, -69.1403, 27.92254, 1, 1, 1, True
56.11938, 8.059172, -69.1403, 27.92254, 1, 1, 1, True
56.12298, 8.059172, -69.1403, 27.92254, 1, 1, 1, True
56.12694, 8.059172, -69.1403, 27.92254, 1, 1, 1, True
56.13108, 8.059172, -69.1403, 27.92254, 1, 1, 1, True
56.13511, 8.059172, -69.1403, 27.92254, 1, 1, 1, True
56.13898, 8.059172, -69.1403, 27.92254, 1, 1, 1, True
56.14323, 8.059172, -69.1403, 27.92254, 1, 1, 1, True
56.14701, 8.059172, -69.1403, 27.92254, 1, 1, 1, True
56.15104, 8.059172, -69.1403, 27.92254, 1, 1, 1, True
56.15514, 8.059172, -69.1403, 27.92254, 1, 1, 1, True
56.15907, 8.059172, -69.1403, 27.92254, 1, 1, 1, True
56.16312, 8.059172, -69.1403, 27.92254, 1, 1, 1, True
56.16708, 8.059172, -69.1403, 27.92254, 1, 1, 1, True
56.17112, 8.059172, -69.1403, 27.92254, 1, 1, 1, True
56.17495, 8.059172, -69.1403, 27.92254, 1, 1, 1, True
56.17917, 8.059172, -69.1403, 27.92254, 1, 1, 1, True
56.18294, 8.059172, -69.1403, 27.92254, 1, 1, 1, True
56.1869, 8.059172, -69.1403, 27.92254, 1, 1, 1, True
56.19122, 8.059172, -69.1403, 27.92254, 1, 1, 1, True
56.19501, 8.059172, -69.1403, 27.92254, 1, 1, 1, True
56.1991, 8.059172, -69.1403, 27.92254, 1, 1, 1, True
56.20291, 8.059172, -69.1403, 27.92254, 1, 1, 1, True
56.20709, 8.059172, -69.1403, 27.92254, 1, 1, 1, True
56.21112, 8.059172, -69.1403, 27.92254, 1, 1, 1, True
56.21516, 8.059172, -69.1403, 27.92254, 1, 1, 1, True
56.21906, 8.059172, -69.1403, 27.92254, 1, 1, 1, True
56.22315, 8.059172, -69.1403, 27.92254, 1, 1, 1, True
56.22704, 8.059172, -69.1403, 27.92254, 1, 1, 1, True
56.23103, 8.059172, -69.1403, 27.92254, 1, 1, 1, True
56.23506, 8.059172, -69.1403, 27.92254, 1, 1, 1, True
56.23904, 8.059172, -69.1403, 27.92254, 1, 1, 1, True
56.26339, 8.059172, -69.1403, 27.92254, 1, 1, 1, True
56.26688, 8.059172, -69.1403, 27.92254, 1, 1, 1, True
56.27121, 8.059172, -69.1403, 27.92254, 1, 1, 1, True
56.27522, 8.059172, -69.1403, 27.92254, 1, 1, 1, True
56.279, 8.059172, -69.1403, 27.92254, 1, 1, 1, True
56.28312, 8.059172, -69.1403, 27.92254, 1, 1, 1, True
56.28693, 8.059172, -69.1403, 27.92254, 1, 1, 1, True
56.29117, 8.059172, -69.1403, 27.92254, 1, 1, 1, True
56.2951, 8.059172, -69.1403, 27.92254, 1, 1, 1, True
56.29898, 8.059172, -69.1403, 27.92254, 1, 1, 1, True
56.30312, 8.059172, -69.1403, 27.92254, 1, 1, 1, True
56.30693, 8.059172, -69.1403, 27.92254, 1, 1, 1, True
56.31117, 8.059172, -69.1403, 27.92254, 1, 1, 1, True
56.31504, 8.059172, -69.1403, 27.92254, 1, 1, 1, True
56.31915, 8.059172, -69.1403, 27.92254, 1, 1, 1, True
56.32307, 8.059172, -69.1403, 27.92254, 1, 1, 1, True
56.32713, 8.059172, -69.1403, 27.92254, 1, 1, 1, True
56.3311, 8.059172, -69.1403, 27.92254, 1, 1, 1, True
56.33514, 8.059172, -69.1403, 27.92254, 1, 1, 1, True
56.33908, 8.059172, -69.1403, 27.92254, 1, 1, 1, True
56.34299, 8.059172, -69.1403, 27.92254, 1, 1, 1, True
56.34693, 8.059172, -69.1403, 27.92254, 1, 1, 1, True
56.35113, 8.059172, -69.1403, 27.92254, 1, 1, 1, True
56.35492, 8.059172, -69.1403, 27.92254, 1, 1, 1, True
56.35917, 8.059172, -69.1403, 27.92254, 1, 1, 1, True
56.36289, 8.059172, -69.1403, 27.92254, 1, 1, 1, True
56.36712, 8.059172, -69.1403, 27.92254, 1, 1, 1, True
56.37114, 8.059172, -69.1403, 27.92254, 1, 1, 1, True
56.37494, 8.059172, -69.1403, 27.92254, 1, 1, 1, True
56.37921, 8.059172, -69.1403, 27.92254, 1, 1, 1, True
56.38314, 8.059172, -69.1403, 27.92254, 1, 1, 1, True
56.40715, 8.059172, -69.1403, 27.92254, 1, 1, 1, True
56.41519, 8.059172, -69.1403, 27.92254, 1, 1, 1, True
56.41901, 8.059172, -69.1403, 27.92254, 1, 1, 1, True
56.42303, 8.059172, -69.1403, 27.92254, 1, 1, 1, True
56.4271, 8.059172, -69.1403, 27.92254, 1, 1, 1, True
56.43111, 8.059172, -69.1403, 27.92254, 1, 1, 1, True
56.43501, 8.059172, -69.1403, 27.92254, 1, 1, 1, True
56.44009, 8.059172, -69.1403, 27.92254, 1, 1, 1, True
56.44737, 8.059172, -69.1403, 27.92254, 1, 1, 1, True
56.45101, 8.059172, -69.1403, 27.92254, 1, 1, 1, True
56.45504, 8.059172, -69.1403, 27.92254, 1, 1, 1, True
56.45908, 8.059172, -69.1403, 27.92254, 1, 1, 1, True
56.46312, 8.059172, -69.1403, 27.92254, 1, 1, 1, True
56.46682, 8.059172, -69.1403, 27.92254, 1, 1, 1, True
56.47114, 8.059172, -69.1403, 27.92254, 1, 1, 1, True
56.47502, 8.059172, -69.1403, 27.92254, 1, 1, 1, True
56.47899, 8.059172, -69.1403, 27.92254, 1, 1, 1, True
56.48318, 8.059172, -69.1403, 27.92254, 1, 1, 1, True
56.48701, 8.059172, -69.1403, 27.92254, 1, 1, 1, True
56.49115, 8.059172, -69.1403, 27.92254, 1, 1, 1, True
56.49513, 8.059172, -69.1403, 27.92254, 1, 1, 1, True
56.49898, 8.059172, -69.1403, 27.92254, 1, 1, 1, True
56.50315, 8.059172, -69.1403, 27.92254, 1, 1, 1, True
56.50714, 8.059172, -69.1403, 27.92254, 1, 1, 1, True
56.51096, 8.059172, -69.1403, 27.92254, 1, 1, 1, True
56.51514, 8.059172, -69.1403, 27.92254, 1, 1, 1, True
56.51913, 8.059172, -69.1403, 27.92254, 1, 1, 1, True
56.52299, 8.059172, -69.1403, 27.92254, 1, 1, 1, True
56.52707, 8.059172, -69.1403, 27.92254, 1, 1, 1, True
56.53119, 8.059172, -69.1403, 27.92254, 1, 1, 1, True
56.53501, 8.059172, -69.1403, 27.92254, 1, 1, 1, True
56.55919, 8.059172, -69.1403, 27.92254, 1, 1, 1, True
56.56282, 8.059172, -69.1403, 27.92254, 1, 1, 1, True
56.56714, 8.059172, -69.1403, 27.92254, 1, 1, 1, True
56.57096, 8.059172, -69.1403, 27.92254, 1, 1, 1, True
56.57522, 8.059172, -69.1403, 27.92254, 1, 1, 1, True
56.57912, 8.059172, -69.1403, 27.92254, 1, 1, 1, True
56.58317, 8.059172, -69.1403, 27.92254, 1, 1, 1, True
56.58698, 8.059172, -69.1403, 27.92254, 1, 1, 1, True
56.59105, 8.059172, -69.1403, 27.92254, 1, 1, 1, True
56.59491, 8.059172, -69.1403, 27.92254, 1, 1, 1, True
56.59919, 8.059172, -69.1403, 27.92254, 1, 1, 1, True
56.60313, 8.059172, -69.1403, 27.92254, 1, 1, 1, True
56.60707, 8.059172, -69.1403, 27.92254, 1, 1, 1, True
56.6203, 8.059172, -69.1403, 27.92254, 1, 1, 1, True
56.62466, 8.059172, -69.1403, 27.92254, 1, 1, 1, True
56.6314, 8.059172, -69.1403, 27.92254, 1, 1, 1, True
56.63503, 8.059172, -69.1403, 27.92254, 1, 1, 1, True
56.63915, 8.059172, -69.1403, 27.92254, 1, 1, 1, True
56.64305, 8.059172, -69.1403, 27.92254, 1, 1, 1, True
56.64709, 8.059172, -69.1403, 27.92254, 1, 1, 1, True
56.65107, 8.059172, -69.1403, 27.92254, 1, 1, 1, True
56.65513, 8.059172, -69.1403, 27.92254, 1, 1, 1, True
56.65887, 8.059172, -69.1403, 27.92254, 1, 1, 1, True
56.66313, 8.059172, -69.1403, 27.92254, 1, 1, 1, True
56.66696, 8.059172, -69.1403, 27.92254, 1, 1, 1, True
56.67104, 8.059172, -69.1403, 27.92254, 1, 1, 1, True
56.67513, 8.059172, -69.1403, 27.92254, 1, 1, 1, True
56.67903, 8.059172, -69.1403, 27.92254, 1, 1, 1, True
56.68319, 8.059172, -69.1403, 27.92254, 1, 1, 1, True
56.68791, 8.059172, -69.1403, 27.92254, 1, 1, 1, True
56.69517, 8.059172, -69.1403, 27.92254, 1, 1, 1, True
56.71949, 8.059172, -69.1403, 27.92254, 1, 1, 1, True
56.72767, 8.059172, -69.1403, 27.92254, 1, 1, 1, True
56.73095, 8.059172, -69.1403, 27.92254, 1, 1, 1, True
56.73512, 8.059172, -69.1403, 27.92254, 1, 1, 1, True
56.73904, 8.059172, -69.1403, 27.92254, 1, 1, 1, True
56.74313, 8.059172, -69.1403, 27.92254, 1, 1, 1, True
56.74707, 8.059172, -69.1403, 27.92254, 1, 1, 1, True
56.75113, 8.059172, -69.1403, 27.92254, 1, 1, 1, True
56.75505, 8.059172, -69.1403, 27.92254, 1, 1, 1, True
56.75901, 8.059172, -69.1403, 27.92254, 1, 1, 1, True
56.76316, 8.059172, -69.1403, 27.92254, 1, 1, 1, True
56.76701, 8.059172, -69.1403, 27.92254, 1, 1, 1, True
56.77095, 8.059172, -69.1403, 27.92254, 1, 1, 1, True
56.77514, 8.059172, -69.1403, 27.92254, 1, 1, 1, True
56.7791, 8.059172, -69.1403, 27.92254, 1, 1, 1, True
56.78312, 8.059172, -69.1403, 27.92254, 1, 1, 1, True
56.78682, 8.059172, -69.1403, 27.92254, 1, 1, 1, True
56.79121, 8.059172, -69.1403, 27.92254, 1, 1, 1, True
56.79502, 8.059172, -69.1403, 27.92254, 1, 1, 1, True
56.79902, 8.059172, -69.1403, 27.92254, 1, 1, 1, True
56.8032, 8.059172, -69.1403, 27.92254, 1, 1, 1, True
56.807, 8.059172, -69.1403, 27.92254, 1, 1, 1, True
56.81115, 8.059172, -69.1403, 27.92254, 1, 1, 1, True
56.81512, 8.059172, -69.1403, 27.92254, 1, 1, 1, True
56.8191, 8.059172, -69.1403, 27.92254, 1, 1, 1, True
56.82309, 8.059172, -69.1403, 27.92254, 1, 1, 1, True
56.82702, 8.059172, -69.1403, 27.92254, 1, 1, 1, True
56.83117, 8.059172, -69.1403, 27.92254, 1, 1, 1, True
56.83504, 8.059172, -69.1403, 27.92254, 1, 1, 1, True
56.83898, 8.059172, -69.1403, 27.92254, 1, 1, 1, True
56.84324, 8.059172, -69.1403, 27.92254, 1, 1, 1, True
56.86326, 8.059172, -69.1403, 27.92254, 1, 1, 1, True
56.86701, 8.059172, -69.1403, 27.92254, 1, 1, 1, True
56.87099, 8.059172, -69.1403, 27.92254, 1, 1, 1, True
56.87501, 8.059172, -69.1403, 27.92254, 1, 1, 1, True
56.87922, 8.059172, -69.1403, 27.92254, 1, 1, 1, True
56.88308, 8.059172, -69.1403, 27.92254, 1, 1, 1, True
56.88694, 8.059172, -69.1403, 27.92254, 1, 1, 1, True
56.8912, 8.059172, -69.1403, 27.92254, 1, 1, 1, True
56.89507, 8.059172, -69.1403, 27.92254, 1, 1, 1, True
56.89924, 8.059172, -69.1403, 27.92254, 1, 1, 1, True
56.90333, 8.059172, -69.1403, 27.92254, 1, 1, 1, True
56.90702, 8.059172, -69.1403, 27.92254, 1, 1, 1, True
56.91116, 8.059172, -69.1403, 27.92254, 1, 1, 1, True
56.91494, 8.059172, -69.1403, 27.92254, 1, 1, 1, True
56.91944, 8.059172, -69.1403, 27.92254, 1, 1, 1, True
56.92297, 8.059172, -69.1403, 27.92254, 1, 1, 1, True
56.92713, 8.059172, -69.1403, 27.92254, 1, 1, 1, True
56.93111, 8.059172, -69.1403, 27.92254, 1, 1, 1, True
56.93505, 8.059172, -69.1403, 27.92254, 1, 1, 1, True
56.93898, 8.059172, -69.1403, 27.92254, 1, 1, 1, True
56.94291, 8.059172, -69.1403, 27.92254, 1, 1, 1, True
56.94715, 8.059172, -69.1403, 27.92254, 1, 1, 1, True
56.95108, 8.059172, -69.1403, 27.92254, 1, 1, 1, True
56.9551, 8.059172, -69.1403, 27.92254, 1, 1, 1, True
56.95909, 8.059172, -69.1403, 27.92254, 1, 1, 1, True
56.96313, 8.059172, -69.1403, 27.92254, 1, 1, 1, True
56.96705, 8.059172, -69.1403, 27.92254, 1, 1, 1, True
56.97107, 8.059172, -69.1403, 27.92254, 1, 1, 1, True
56.97515, 8.059172, -69.1403, 27.92254, 1, 1, 1, True
56.97912, 8.059172, -69.1403, 27.92254, 1, 1, 1, True
56.98314, 8.059172, -69.1403, 27.92254, 1, 1, 1, True
57.00396, 8.059172, -69.1403, 27.92254, 1, 1, 1, True
57.01148, 8.059172, -69.1403, 27.92254, 1, 1, 1, True
57.01499, 8.059172, -69.1403, 27.92254, 1, 1, 1, True
57.01924, 8.059172, -69.1403, 27.92254, 1, 1, 1, True
57.02306, 8.059172, -69.1403, 27.92254, 1, 1, 1, True
57.02692, 8.059172, -69.1403, 27.92254, 1, 1, 1, True
57.03125, 8.059172, -69.1403, 27.92254, 1, 1, 1, True
57.03495, 8.059172, -69.1403, 27.92254, 1, 1, 1, True
57.03909, 8.059172, -69.1403, 27.92254, 1, 1, 1, True
57.04315, 8.059172, -69.1403, 27.92254, 1, 1, 1, True
57.04698, 8.059172, -69.1403, 27.92254, 1, 1, 1, True
57.05118, 8.059172, -69.1403, 27.92254, 1, 1, 1, True
57.05497, 8.059172, -69.1403, 27.92254, 1, 1, 1, True
57.05914, 8.059172, -69.1403, 27.92254, 1, 1, 1, True
57.06319, 8.059172, -69.1403, 27.92254, 1, 1, 1, True
57.06704, 8.059172, -69.1403, 27.92254, 1, 1, 1, True
57.07106, 8.059172, -69.1403, 27.92254, 1, 1, 1, True
57.07517, 8.059172, -69.1403, 27.92254, 1, 1, 1, True
57.07902, 8.059172, -69.1403, 27.92254, 1, 1, 1, True
57.08311, 8.059172, -69.1403, 27.92254, 1, 1, 1, True
57.08692, 8.059172, -69.1403, 27.92254, 1, 1, 1, True
57.09116, 8.059172, -69.1403, 27.92254, 1, 1, 1, True
57.09504, 8.059172, -69.1403, 27.92254, 1, 1, 1, True
57.09914, 8.059172, -69.1403, 27.92254, 1, 1, 1, True
57.10316, 8.059172, -69.1403, 27.92254, 1, 1, 1, True
57.10702, 8.059172, -69.1403, 27.92254, 1, 1, 1, True
57.11118, 8.059172, -69.1403, 27.92254, 1, 1, 1, True
57.11499, 8.059172, -69.1403, 27.92254, 1, 1, 1, True
57.11912, 8.059172, -69.1403, 27.92254, 1, 1, 1, True
57.1231, 8.059172, -69.1403, 27.92254, 1, 1, 1, True
57.12714, 8.059172, -69.1403, 27.92254, 1, 1, 1, True
57.14708, 8.059172, -69.1403, 27.92254, 1, 1, 1, True
57.1512, 8.059172, -69.1403, 27.92254, 1, 1, 1, True
57.1551, 8.059172, -69.1403, 27.92254, 1, 1, 1, True
57.1591, 8.059172, -69.1403, 27.92254, 1, 1, 1, True
57.16294, 8.059172, -69.1403, 27.92254, 1, 1, 1, True
57.16712, 8.059172, -69.1403, 27.92254, 1, 1, 1, True
57.17111, 8.059172, -69.1403, 27.92254, 1, 1, 1, True
57.17511, 8.059172, -69.1403, 27.92254, 1, 1, 1, True
57.17911, 8.059172, -69.1403, 27.92254, 1, 1, 1, True
57.18319, 8.059172, -69.1403, 27.92254, 1, 1, 1, True
57.18692, 8.059172, -69.1403, 27.92254, 1, 1, 1, True
57.19119, 8.059172, -69.1403, 27.92254, 1, 1, 1, True
57.19507, 8.059172, -69.1403, 27.92254, 1, 1, 1, True
57.19896, 8.059172, -69.1403, 27.92254, 1, 1, 1, True
57.20316, 8.059172, -69.1403, 27.92254, 1, 1, 1, True
57.20709, 8.059172, -69.1403, 27.92254, 1, 1, 1, True
57.21109, 8.059172, -69.1403, 27.92254, 1, 1, 1, True
57.21515, 8.059172, -69.1403, 27.92254, 1, 1, 1, True
57.21907, 8.059172, -69.1403, 27.92254, 1, 1, 1, True
57.22306, 8.059172, -69.1403, 27.92254, 1, 1, 1, True
57.22707, 8.059172, -69.1403, 27.92254, 1, 1, 1, True
57.23109, 8.059172, -69.1403, 27.92254, 1, 1, 1, True
57.23504, 8.059172, -69.1403, 27.92254, 1, 1, 1, True
57.23904, 8.059172, -69.1403, 27.92254, 1, 1, 1, True
57.24319, 8.059172, -69.1403, 27.92254, 1, 1, 1, True
57.24701, 8.059172, -69.1403, 27.92254, 1, 1, 1, True
57.25114, 8.059172, -69.1403, 27.92254, 1, 1, 1, True
57.25502, 8.059172, -69.1403, 27.92254, 1, 1, 1, True
57.25916, 8.059172, -69.1403, 27.92254, 1, 1, 1, True
57.26313, 8.059172, -69.1403, 27.92254, 1, 1, 1, True
57.26712, 8.059172, -69.1403, 27.92254, 1, 1, 1, True
57.2915, 8.059172, -69.1403, 27.92254, 1, 1, 1, True
57.29499, 8.059172, -69.1403, 27.92254, 1, 1, 1, True
57.29912, 8.059172, -69.1403, 27.92254, 1, 1, 1, True
57.30323, 8.059172, -69.1403, 27.92254, 1, 1, 1, True
57.30702, 8.059172, -69.1403, 27.92254, 1, 1, 1, True
57.31115, 8.059172, -69.1403, 27.92254, 1, 1, 1, True
57.31512, 8.059172, -69.1403, 27.92254, 1, 1, 1, True
57.3191, 8.059172, -69.1403, 27.92254, 1, 1, 1, True
57.32732, 8.059172, -69.1403, 27.92254, 1, 1, 1, True
57.33521, 8.059172, -69.1403, 27.92254, 1, 1, 1, True
57.3474, 8.059172, -69.1403, 27.92254, 1, 1, 1, True
57.35102, 8.059172, -69.1403, 27.92254, 1, 1, 1, True
57.35521, 8.059172, -69.1403, 27.92254, 1, 1, 1, True
57.35909, 8.059172, -69.1403, 27.92254, 1, 1, 1, True
57.36311, 8.059172, -69.1403, 27.92254, 1, 1, 1, True
57.36702, 8.059172, -69.1403, 27.92254, 1, 1, 1, True
57.37115, 8.059172, -69.1403, 27.92254, 1, 1, 1, True
57.37516, 8.059172, -69.1403, 27.92254, 1, 1, 1, True
57.37914, 8.059172, -69.1403, 27.92254, 1, 1, 1, True
57.38308, 8.059172, -69.1403, 27.92254, 1, 1, 1, True
57.38694, 8.059172, -69.1403, 27.92254, 1, 1, 1, True
57.39114, 8.059172, -69.1403, 27.92254, 1, 1, 1, True
57.3951, 8.059172, -69.1403, 27.92254, 1, 1, 1, True
57.39915, 8.059172, -69.1403, 27.92254, 1, 1, 1, True
57.40285, 8.059172, -69.1403, 27.92254, 1, 1, 1, True
57.40716, 8.059172, -69.1403, 27.92254, 1, 1, 1, True
57.41109, 8.059172, -69.1403, 27.92254, 1, 1, 1, True
57.41509, 8.059172, -69.1403, 27.92254, 1, 1, 1, True
57.41915, 8.059172, -69.1403, 27.92254, 1, 1, 1, True
57.42307, 8.059172, -69.1403, 27.92254, 1, 1, 1, True
57.42719, 8.059172, -69.1403, 27.92254, 1, 1, 1, True
57.4471, 8.059172, -69.1403, 27.92254, 1, 1, 1, True
57.45122, 8.059172, -69.1403, 27.92254, 1, 1, 1, True
57.45502, 8.059172, -69.1403, 27.92254, 1, 1, 1, True
57.45922, 8.059172, -69.1403, 27.92254, 1, 1, 1, True
57.46296, 8.059172, -69.1403, 27.92254, 1, 1, 1, True
57.4671, 8.059172, -69.1403, 27.92254, 1, 1, 1, True
57.47094, 8.059172, -69.1403, 27.92254, 1, 1, 1, True
57.4749, 8.059172, -69.1403, 27.92254, 1, 1, 1, True
57.47915, 8.059172, -69.1403, 27.92254, 1, 1, 1, True
57.48305, 8.059172, -69.1403, 27.92254, 1, 1, 1, True
57.48705, 8.059172, -69.1403, 27.92254, 1, 1, 1, True
57.49115, 8.059172, -69.1403, 27.92254, 1, 1, 1, True
57.4951, 8.059172, -69.1403, 27.92254, 1, 1, 1, True
57.49916, 8.059172, -69.1403, 27.92254, 1, 1, 1, True
57.50292, 8.059172, -69.1403, 27.92254, 1, 1, 1, True
57.50716, 8.059172, -69.1403, 27.92254, 1, 1, 1, True
57.51108, 8.059172, -69.1403, 27.92254, 1, 1, 1, True
57.51514, 8.059172, -69.1403, 27.92254, 1, 1, 1, True
57.51909, 8.059172, -69.1403, 27.92254, 1, 1, 1, True
57.52307, 8.059172, -69.1403, 27.92254, 1, 1, 1, True
57.52701, 8.059172, -69.1403, 27.92254, 1, 1, 1, True
57.53114, 8.059172, -69.1403, 27.92254, 1, 1, 1, True
57.53506, 8.059172, -69.1403, 27.92254, 1, 1, 1, True
57.53913, 8.059172, -69.1403, 27.92254, 1, 1, 1, True
57.54308, 8.059172, -69.1403, 27.92254, 1, 1, 1, True
57.54705, 8.059172, -69.1403, 27.92254, 1, 1, 1, True
57.55111, 8.059172, -69.1403, 27.92254, 1, 1, 1, True
57.55508, 8.059172, -69.1403, 27.92254, 1, 1, 1, True
57.55915, 8.059172, -69.1403, 27.92254, 1, 1, 1, True
57.56303, 8.059172, -69.1403, 27.92254, 1, 1, 1, True
57.56702, 8.059172, -69.1403, 27.92254, 1, 1, 1, True
57.58714, 8.059172, -69.1403, 27.92254, 1, 1, 1, True
57.59128, 8.059172, -69.1403, 27.92254, 1, 1, 1, True
57.59542, 8.059172, -69.1403, 27.92254, 1, 1, 1, True
57.59923, 8.059172, -69.1403, 27.92254, 1, 1, 1, True
57.60299, 8.059172, -69.1403, 27.92254, 1, 1, 1, True
57.60719, 8.059172, -69.1403, 27.92254, 1, 1, 1, True
57.6111, 8.059172, -69.1403, 27.92254, 1, 1, 1, True
57.61511, 8.059172, -69.1403, 27.92254, 1, 1, 1, True
57.61911, 8.059172, -69.1403, 27.92254, 1, 1, 1, True
57.62308, 8.059172, -69.1403, 27.92254, 1, 1, 1, True
57.627, 8.059172, -69.1403, 27.92254, 1, 1, 1, True
57.63112, 8.059172, -69.1403, 27.92254, 1, 1, 1, True
57.6351, 8.059172, -69.1403, 27.92254, 1, 1, 1, True
57.6391, 8.059172, -69.1403, 27.92254, 1, 1, 1, True
57.64314, 8.059172, -69.1403, 27.92254, 1, 1, 1, True
57.64701, 8.059172, -69.1403, 27.92254, 1, 1, 1, True
57.65116, 8.059172, -69.1403, 27.92254, 1, 1, 1, True
57.65504, 8.059172, -69.1403, 27.92254, 1, 1, 1, True
57.65917, 8.059172, -69.1403, 27.92254, 1, 1, 1, True
57.66289, 8.059172, -69.1403, 27.92254, 1, 1, 1, True
57.66718, 8.059172, -69.1403, 27.92254, 1, 1, 1, True
57.67112, 8.059172, -69.1403, 27.92254, 1, 1, 1, True
57.67496, 8.059172, -69.1403, 27.92254, 1, 1, 1, True
57.67915, 8.059172, -69.1403, 27.92254, 1, 1, 1, True
57.68312, 8.059172, -69.1403, 27.92254, 1, 1, 1, True
57.68693, 8.059172, -69.1403, 27.92254, 1, 1, 1, True
57.69117, 8.059172, -69.1403, 27.92254, 1, 1, 1, True
57.69505, 8.059172, -69.1403, 27.92254, 1, 1, 1, True
57.69912, 8.059172, -69.1403, 27.92254, 1, 1, 1, True
57.70319, 8.059172, -69.1403, 27.92254, 1, 1, 1, True
57.70708, 8.059172, -69.1403, 27.92254, 1, 1, 1, True
57.72722, 8.059172, -69.1403, 27.92254, 1, 1, 1, True
57.73106, 8.059172, -69.1403, 27.92254, 1, 1, 1, True
57.73512, 8.059172, -69.1403, 27.92254, 1, 1, 1, True
57.739, 8.059172, -69.1403, 27.92254, 1, 1, 1, True
57.74311, 8.059172, -69.1403, 27.92254, 1, 1, 1, True
57.74714, 8.059172, -69.1403, 27.92254, 1, 1, 1, True
57.75125, 8.059172, -69.1403, 27.92254, 1, 1, 1, True
57.7552, 8.059172, -69.1403, 27.92254, 1, 1, 1, True
57.75903, 8.059172, -69.1403, 27.92254, 1, 1, 1, True
57.76321, 8.059172, -69.1403, 27.92254, 1, 1, 1, True
57.76708, 8.059172, -69.1403, 27.92254, 1, 1, 1, True
57.77112, 8.059172, -69.1403, 27.92254, 1, 1, 1, True
57.7751, 8.059172, -69.1403, 27.92254, 1, 1, 1, True
57.77901, 8.059172, -69.1403, 27.92254, 1, 1, 1, True
57.78312, 8.059172, -69.1403, 27.92254, 1, 1, 1, True
57.78692, 8.059172, -69.1403, 27.92254, 1, 1, 1, True
57.79123, 8.059172, -69.1403, 27.92254, 1, 1, 1, True
57.79503, 8.059172, -69.1403, 27.92254, 1, 1, 1, True
57.79915, 8.059172, -69.1403, 27.92254, 1, 1, 1, True
57.80312, 8.059172, -69.1403, 27.92254, 1, 1, 1, True
57.80695, 8.059172, -69.1403, 27.92254, 1, 1, 1, True
57.81102, 8.059172, -69.1403, 27.92254, 1, 1, 1, True
57.81515, 8.059172, -69.1403, 27.92254, 1, 1, 1, True
57.8191, 8.059172, -69.1403, 27.92254, 1, 1, 1, True
57.8231, 8.059172, -69.1403, 27.92254, 1, 1, 1, True
57.82709, 8.059172, -69.1403, 27.92254, 1, 1, 1, True
57.83114, 8.059172, -69.1403, 27.92254, 1, 1, 1, True
57.83508, 8.059172, -69.1403, 27.92254, 1, 1, 1, True
57.83904, 8.059172, -69.1403, 27.92254, 1, 1, 1, True
57.84311, 8.059172, -69.1403, 27.92254, 1, 1, 1, True
57.84706, 8.059172, -69.1403, 27.92254, 1, 1, 1, True
57.86713, 8.059172, -69.1403, 27.92254, 1, 1, 1, True
57.87117, 8.059172, -69.1403, 27.92254, 1, 1, 1, True
57.87496, 8.059172, -69.1403, 27.92254, 1, 1, 1, True
57.87914, 8.059172, -69.1403, 27.92254, 1, 1, 1, True
57.88301, 8.059172, -69.1403, 27.92254, 1, 1, 1, True
57.88696, 8.059172, -69.1403, 27.92254, 1, 1, 1, True
57.89115, 8.059172, -69.1403, 27.92254, 1, 1, 1, True
57.89517, 8.059172, -69.1403, 27.92254, 1, 1, 1, True
57.89915, 8.059172, -69.1403, 27.92254, 1, 1, 1, True
57.90317, 8.059172, -69.1403, 27.92254, 1, 1, 1, True
57.90715, 8.059172, -69.1403, 27.92254, 1, 1, 1, True
57.9109, 8.059172, -69.1403, 27.92254, 1, 1, 1, True
57.91518, 8.059172, -69.1403, 27.92254, 1, 1, 1, True
57.91938, 8.059172, -69.1403, 27.92254, 1, 1, 1, True
57.92297, 8.059172, -69.1403, 27.92254, 1, 1, 1, True
57.92715, 8.059172, -69.1403, 27.92254, 1, 1, 1, True
57.93103, 8.059172, -69.1403, 27.92254, 1, 1, 1, True
57.93517, 8.059172, -69.1403, 27.92254, 1, 1, 1, True
57.93888, 8.059172, -69.1403, 27.92254, 1, 1, 1, True
57.94324, 8.059172, -69.1403, 27.92254, 1, 1, 1, True
57.94693, 8.059172, -69.1403, 27.92254, 1, 1, 1, True
57.95117, 8.059172, -69.1403, 27.92254, 1, 1, 1, True
57.95488, 8.059172, -69.1403, 27.92254, 1, 1, 1, True
57.95913, 8.059172, -69.1403, 27.92254, 1, 1, 1, True
57.96305, 8.059172, -69.1403, 27.92254, 1, 1, 1, True
57.96709, 8.059172, -69.1403, 27.92254, 1, 1, 1, True
57.9711, 8.059172, -69.1403, 27.92254, 1, 1, 1, True
57.97509, 8.059172, -69.1403, 27.92254, 1, 1, 1, True
57.97911, 8.059172, -69.1403, 27.92254, 1, 1, 1, True
57.98299, 8.059172, -69.1403, 27.92254, 1, 1, 1, True
57.98708, 8.059172, -69.1403, 27.92254, 1, 1, 1, True
58.00704, 8.059172, -69.1403, 27.92254, 1, 1, 1, True
58.0109, 8.059172, -69.1403, 27.92254, 1, 1, 1, True
58.01521, 8.059172, -69.1403, 27.92254, 1, 1, 1, True
58.01894, 8.059172, -69.1403, 27.92254, 1, 1, 1, True
58.0231, 8.059172, -69.1403, 27.92254, 1, 1, 1, True
58.0271, 8.059172, -69.1403, 27.92254, 1, 1, 1, True
58.03114, 8.059172, -69.1403, 27.92254, 1, 1, 1, True
58.03521, 8.059172, -69.1403, 27.92254, 1, 1, 1, True
58.03895, 8.059172, -69.1403, 27.92254, 1, 1, 1, True
58.04316, 8.059172, -69.1403, 27.92254, 1, 1, 1, True
58.04701, 8.059172, -69.1403, 27.92254, 1, 1, 1, True
58.05109, 8.059172, -69.1403, 27.92254, 1, 1, 1, True
58.05511, 8.059172, -69.1403, 27.92254, 1, 1, 1, True
58.05913, 8.059172, -69.1403, 27.92254, 1, 1, 1, True
58.06305, 8.059172, -69.1403, 27.92254, 1, 1, 1, True
58.06709, 8.059172, -69.1403, 27.92254, 1, 1, 1, True
58.07115, 8.059172, -69.1403, 27.92254, 1, 1, 1, True
58.07506, 8.059172, -69.1403, 27.92254, 1, 1, 1, True
58.07912, 8.059172, -69.1403, 27.92254, 1, 1, 1, True
58.08311, 8.059172, -69.1403, 27.92254, 1, 1, 1, True
58.08695, 8.059172, -69.1403, 27.92254, 1, 1, 1, True
58.09118, 8.059172, -69.1403, 27.92254, 1, 1, 1, True
58.09516, 8.059172, -69.1403, 27.92254, 1, 1, 1, True
58.0991, 8.059172, -69.1403, 27.92254, 1, 1, 1, True
58.10314, 8.059172, -69.1403, 27.92254, 1, 1, 1, True
58.10701, 8.059172, -69.1403, 27.92254, 1, 1, 1, True
58.11113, 8.059172, -69.1403, 27.92254, 1, 1, 1, True
58.11512, 8.059172, -69.1403, 27.92254, 1, 1, 1, True
58.11912, 8.059172, -69.1403, 27.92254, 1, 1, 1, True
58.12307, 8.059172, -69.1403, 27.92254, 1, 1, 1, True
58.12709, 8.059172, -69.1403, 27.92254, 1, 1, 1, True
58.14716, 8.059172, -69.1403, 27.92254, 1, 1, 1, True
58.15114, 8.059172, -69.1403, 27.92254, 1, 1, 1, True
58.15536, 8.059172, -69.1403, 27.92254, 1, 1, 1, True
58.15915, 8.059172, -69.1403, 27.92254, 1, 1, 1, True
58.16317, 8.059172, -69.1403, 27.92254, 1, 1, 1, True
58.16706, 8.059172, -69.1403, 27.92254, 1, 1, 1, True
58.17109, 8.059172, -69.1403, 27.92254, 1, 1, 1, True
58.17485, 8.059172, -69.1403, 27.92254, 1, 1, 1, True
58.17915, 8.059172, -69.1403, 27.92254, 1, 1, 1, True
58.18314, 8.059172, -69.1403, 27.92254, 1, 1, 1, True
58.18693, 8.059172, -69.1403, 27.92254, 1, 1, 1, True
58.1912, 8.059172, -69.1403, 27.92254, 1, 1, 1, True
58.19505, 8.059172, -69.1403, 27.92254, 1, 1, 1, True
58.19913, 8.059172, -69.1403, 27.92254, 1, 1, 1, True
58.20289, 8.059172, -69.1403, 27.92254, 1, 1, 1, True
58.20712, 8.059172, -69.1403, 27.92254, 1, 1, 1, True
58.2111, 8.059172, -69.1403, 27.92254, 1, 1, 1, True
58.21513, 8.059172, -69.1403, 27.92254, 1, 1, 1, True
58.21906, 8.059172, -69.1403, 27.92254, 1, 1, 1, True
58.22308, 8.059172, -69.1403, 27.92254, 1, 1, 1, True
58.22704, 8.059172, -69.1403, 27.92254, 1, 1, 1, True
58.23112, 8.059172, -69.1403, 27.92254, 1, 1, 1, True
58.23508, 8.059172, -69.1403, 27.92254, 1, 1, 1, True
58.23903, 8.059172, -69.1403, 27.92254, 1, 1, 1, True
58.24313, 8.059172, -69.1403, 27.92254, 1, 1, 1, True
58.2471, 8.059172, -69.1403, 27.92254, 1, 1, 1, True
58.25117, 8.059172, -69.1403, 27.92254, 1, 1, 1, True
58.25511, 8.059172, -69.1403, 27.92254, 1, 1, 1, True
58.25903, 8.059172, -69.1403, 27.92254, 1, 1, 1, True
58.26318, 8.059172, -69.1403, 27.92254, 1, 1, 1, True
58.26713, 8.059172, -69.1403, 27.92254, 1, 1, 1, True
58.29143, 8.059172, -69.1403, 27.92254, 1, 1, 1, True
58.29487, 8.059172, -69.1403, 27.92254, 1, 1, 1, True
58.29919, 8.059172, -69.1403, 27.92254, 1, 1, 1, True
58.30293, 8.059172, -69.1403, 27.92254, 1, 1, 1, True
58.30703, 8.059172, -69.1403, 27.92254, 1, 1, 1, True
58.31113, 8.059172, -69.1403, 27.92254, 1, 1, 1, True
58.31512, 8.059172, -69.1403, 27.92254, 1, 1, 1, True
58.31912, 8.059172, -69.1403, 27.92254, 1, 1, 1, True
58.32302, 8.059172, -69.1403, 27.92254, 1, 1, 1, True
58.32714, 8.059172, -69.1403, 27.92254, 1, 1, 1, True
58.33114, 8.059172, -69.1403, 27.92254, 1, 1, 1, True
58.33503, 8.059172, -69.1403, 27.92254, 1, 1, 1, True
58.33913, 8.059172, -69.1403, 27.92254, 1, 1, 1, True
58.34304, 8.059172, -69.1403, 27.92254, 1, 1, 1, True
58.34703, 8.059172, -69.1403, 27.92254, 1, 1, 1, True
58.35117, 8.059172, -69.1403, 27.92254, 1, 1, 1, True
58.3549, 8.059172, -69.1403, 27.92254, 1, 1, 1, True
58.35904, 8.059172, -69.1403, 27.92254, 1, 1, 1, True
58.36317, 8.059172, -69.1403, 27.92254, 1, 1, 1, True
58.36708, 8.059172, -69.1403, 27.92254, 1, 1, 1, True
58.37109, 8.059172, -69.1403, 27.92254, 1, 1, 1, True
58.375, 8.059172, -69.1403, 27.92254, 1, 1, 1, True
58.37917, 8.059172, -69.1403, 27.92254, 1, 1, 1, True
58.38302, 8.059172, -69.1403, 27.92254, 1, 1, 1, True
58.38697, 8.059172, -69.1403, 27.92254, 1, 1, 1, True
58.39104, 8.059172, -69.1403, 27.92254, 1, 1, 1, True
58.39515, 8.059172, -69.1403, 27.92254, 1, 1, 1, True
58.39923, 8.059172, -69.1403, 27.92254, 1, 1, 1, True
58.40307, 8.059172, -69.1403, 27.92254, 1, 1, 1, True
58.40695, 8.059172, -69.1403, 27.92254, 1, 1, 1, True
58.41114, 8.059172, -69.1403, 27.92254, 1, 1, 1, True
58.43111, 8.059172, -69.1403, 27.92254, 1, 1, 1, True
58.43505, 8.059172, -69.1403, 27.92254, 1, 1, 1, True
58.43907, 8.059172, -69.1403, 27.92254, 1, 1, 1, True
58.4429, 8.059172, -69.1403, 27.92254, 1, 1, 1, True
58.44711, 8.059172, -69.1403, 27.92254, 1, 1, 1, True
58.45113, 8.059172, -69.1403, 27.92254, 1, 1, 1, True
58.45497, 8.059172, -69.1403, 27.92254, 1, 1, 1, True
58.45905, 8.059172, -69.1403, 27.92254, 1, 1, 1, True
58.46299, 8.059172, -69.1403, 27.92254, 1, 1, 1, True
58.46702, 8.059172, -69.1403, 27.92254, 1, 1, 1, True
58.47104, 8.059172, -69.1403, 27.92254, 1, 1, 1, True
58.47515, 8.059172, -69.1403, 27.92254, 1, 1, 1, True
58.47901, 8.059172, -69.1403, 27.92254, 1, 1, 1, True
58.48317, 8.059172, -69.1403, 27.92254, 1, 1, 1, True
58.48692, 8.059172, -69.1403, 27.92254, 1, 1, 1, True
58.49118, 8.059172, -69.1403, 27.92254, 1, 1, 1, True
58.49511, 8.059172, -69.1403, 27.92254, 1, 1, 1, True
58.49913, 8.059172, -69.1403, 27.92254, 1, 1, 1, True
58.50302, 8.059172, -69.1403, 27.92254, 1, 1, 1, True
58.50696, 8.059172, -69.1403, 27.92254, 1, 1, 1, True
58.51112, 8.059172, -69.1403, 27.92254, 1, 1, 1, True
58.51504, 8.059172, -69.1403, 27.92254, 1, 1, 1, True
58.51912, 8.059172, -69.1403, 27.92254, 1, 1, 1, True
58.52289, 8.059172, -69.1403, 27.92254, 1, 1, 1, True
58.52702, 8.059172, -69.1403, 27.92254, 1, 1, 1, True
58.53117, 8.059172, -69.1403, 27.92254, 1, 1, 1, True
58.53491, 8.059172, -69.1403, 27.92254, 1, 1, 1, True
58.53918, 8.059172, -69.1403, 27.92254, 1, 1, 1, True
58.54304, 8.059172, -69.1403, 27.92254, 1, 1, 1, True
58.54707, 8.059172, -69.1403, 27.92254, 1, 1, 1, True
58.55128, 8.059172, -69.1403, 27.92254, 1, 1, 1, True
58.57145, 8.059172, -69.1403, 27.92254, 1, 1, 1, True
58.57514, 8.059172, -69.1403, 27.92254, 1, 1, 1, True
58.57911, 8.059172, -69.1403, 27.92254, 1, 1, 1, True
58.58298, 8.059172, -69.1403, 27.92254, 1, 1, 1, True
58.58701, 8.059172, -69.1403, 27.92254, 1, 1, 1, True
58.59113, 8.059172, -69.1403, 27.92254, 1, 1, 1, True
58.59512, 8.059172, -69.1403, 27.92254, 1, 1, 1, True
58.59909, 8.059172, -69.1403, 27.92254, 1, 1, 1, True
58.60319, 8.059172, -69.1403, 27.92254, 1, 1, 1, True
58.60716, 8.059172, -69.1403, 27.92254, 1, 1, 1, True
58.61093, 8.059172, -69.1403, 27.92254, 1, 1, 1, True
58.61522, 8.059172, -69.1403, 27.92254, 1, 1, 1, True
58.61908, 8.059172, -69.1403, 27.92254, 1, 1, 1, True
58.6231, 8.059172, -69.1403, 27.92254, 1, 1, 1, True
58.62712, 8.059172, -69.1403, 27.92254, 1, 1, 1, True
58.63113, 8.059172, -69.1403, 27.92254, 1, 1, 1, True
58.63513, 8.059172, -69.1403, 27.92254, 1, 1, 1, True
58.63904, 8.059172, -69.1403, 27.92254, 1, 1, 1, True
58.64315, 8.059172, -69.1403, 27.92254, 1, 1, 1, True
58.64702, 8.059172, -69.1403, 27.92254, 1, 1, 1, True
58.65114, 8.059172, -69.1403, 27.92254, 1, 1, 1, True
58.65504, 8.059172, -69.1403, 27.92254, 1, 1, 1, True
58.65911, 8.059172, -69.1403, 27.92254, 1, 1, 1, True
58.66314, 8.059172, -69.1403, 27.92254, 1, 1, 1, True
58.66704, 8.059172, -69.1403, 27.92254, 1, 1, 1, True
58.67111, 8.059172, -69.1403, 27.92254, 1, 1, 1, True
58.67512, 8.059172, -69.1403, 27.92254, 1, 1, 1, True
58.67913, 8.059172, -69.1403, 27.92254, 1, 1, 1, True
58.68316, 8.059172, -69.1403, 27.92254, 1, 1, 1, True
58.68692, 8.059172, -69.1403, 27.92254, 1, 1, 1, True
58.6913, 8.059172, -69.1403, 27.92254, 1, 1, 1, True
58.71123, 8.059172, -69.1403, 27.92254, 1, 1, 1, True
58.71526, 8.059172, -69.1403, 27.92254, 1, 1, 1, True
58.71946, 8.059172, -69.1403, 27.92254, 1, 1, 1, True
58.72306, 8.059172, -69.1403, 27.92254, 1, 1, 1, True
58.72707, 8.059172, -69.1403, 27.92254, 1, 1, 1, True
58.73112, 8.059172, -69.1403, 27.92254, 1, 1, 1, True
58.73521, 8.059172, -69.1403, 27.92254, 1, 1, 1, True
58.73909, 8.059172, -69.1403, 27.92254, 1, 1, 1, True
58.74304, 8.059172, -69.1403, 27.92254, 1, 1, 1, True
58.74715, 8.059172, -69.1403, 27.92254, 1, 1, 1, True
58.75105, 8.059172, -69.1403, 27.92254, 1, 1, 1, True
58.75494, 8.059172, -69.1403, 27.92254, 1, 1, 1, True
58.75918, 8.059172, -69.1403, 27.92254, 1, 1, 1, True
58.76297, 8.059172, -69.1403, 27.92254, 1, 1, 1, True
58.76709, 8.059172, -69.1403, 27.92254, 1, 1, 1, True
58.77107, 8.059172, -69.1403, 27.92254, 1, 1, 1, True
58.77514, 8.059172, -69.1403, 27.92254, 1, 1, 1, True
58.77913, 8.059172, -69.1403, 27.92254, 1, 1, 1, True
58.78311, 8.059172, -69.1403, 27.92254, 1, 1, 1, True
58.78698, 8.059172, -69.1403, 27.92254, 1, 1, 1, True
58.79111, 8.059172, -69.1403, 27.92254, 1, 1, 1, True
58.79501, 8.059172, -69.1403, 27.92254, 1, 1, 1, True
58.79902, 8.059172, -69.1403, 27.92254, 1, 1, 1, True
58.80316, 8.059172, -69.1403, 27.92254, 1, 1, 1, True
58.80701, 8.059172, -69.1403, 27.92254, 1, 1, 1, True
58.8111, 8.059172, -69.1403, 27.92254, 1, 1, 1, True
58.81511, 8.059172, -69.1403, 27.92254, 1, 1, 1, True
58.81914, 8.059172, -69.1403, 27.92254, 1, 1, 1, True
58.82307, 8.059172, -69.1403, 27.92254, 1, 1, 1, True
58.82689, 8.059172, -69.1403, 27.92254, 1, 1, 1, True
58.83127, 8.059172, -69.1403, 27.92254, 1, 1, 1, True
58.85112, 8.059172, -69.1403, 27.92254, 1, 1, 1, True
58.85526, 8.059172, -69.1403, 27.92254, 1, 1, 1, True
58.85937, 8.059172, -69.1403, 27.92254, 1, 1, 1, True
58.86316, 8.059172, -69.1403, 27.92254, 1, 1, 1, True
58.86716, 8.059172, -69.1403, 27.92254, 1, 1, 1, True
58.87503, 8.059172, -69.1403, 27.92254, 1, 1, 1, True
58.87919, 8.059172, -69.1403, 27.92254, 1, 1, 1, True
58.88309, 8.059172, -69.1403, 27.92254, 1, 1, 1, True
58.88695, 8.059172, -69.1403, 27.92254, 1, 1, 1, True
58.89113, 8.059172, -69.1403, 27.92254, 1, 1, 1, True
58.89508, 8.059172, -69.1403, 27.92254, 1, 1, 1, True
58.89902, 8.059172, -69.1403, 27.92254, 1, 1, 1, True
58.90574, 8.059172, -69.1403, 27.92254, 1, 1, 1, True
58.91142, 8.059172, -69.1403, 27.92254, 1, 1, 1, True
58.91503, 8.059172, -69.1403, 27.92254, 1, 1, 1, True
58.91952, 8.059172, -69.1403, 27.92254, 1, 1, 1, True
58.92306, 8.059172, -69.1403, 27.92254, 1, 1, 1, True
58.92707, 8.059172, -69.1403, 27.92254, 1, 1, 1, True
58.9312, 8.059172, -69.1403, 27.92254, 1, 1, 1, True
58.93504, 8.059172, -69.1403, 27.92254, 1, 1, 1, True
58.93902, 8.059172, -69.1403, 27.92254, 1, 1, 1, True
58.94303, 8.059172, -69.1403, 27.92254, 1, 1, 1, True
58.94782, 8.059172, -69.1403, 27.92254, 1, 1, 1, True
58.95098, 8.059172, -69.1403, 27.92254, 1, 1, 1, True
58.95512, 8.059172, -69.1403, 27.92254, 1, 1, 1, True
58.95919, 8.059172, -69.1403, 27.92254, 1, 1, 1, True
58.96471, 8.059172, -69.1403, 27.92254, 1, 1, 1, True
58.96722, 8.059172, -69.1403, 27.92254, 1, 1, 1, True
58.9711, 8.059172, -69.1403, 27.92254, 1, 1, 1, True
58.97517, 8.059172, -69.1403, 27.92254, 1, 1, 1, True
58.98049, 8.059172, -69.1403, 27.92254, 1, 1, 1, True
59.00407, 8.059172, -69.1403, 27.92254, 1, 1, 1, True
59.00707, 8.059172, -69.1403, 27.92254, 1, 1, 1, True
59.01109, 8.059172, -69.1403, 27.92254, 1, 1, 1, True
59.0153, 8.059172, -69.1403, 27.92254, 1, 1, 1, True
59.01913, 8.059172, -69.1403, 27.92254, 1, 1, 1, True
59.02339, 8.059172, -69.1403, 27.92254, 1, 1, 1, True
59.02723, 8.059172, -69.1403, 27.92254, 1, 1, 1, True
59.032, 8.059172, -69.1403, 27.92254, 1, 1, 1, True
59.03604, 8.059172, -69.1403, 27.92254, 1, 1, 1, True
59.03975, 8.059172, -69.1403, 27.92254, 1, 1, 1, True
59.04324, 8.059172, -69.1403, 27.92254, 1, 1, 1, True
59.04725, 8.059172, -69.1403, 27.92254, 1, 1, 1, True
59.05706, 8.059172, -69.1403, 27.92254, 1, 1, 1, True
59.06311, 8.059172, -69.1403, 27.92254, 1, 1, 1, True
59.06881, 8.059172, -69.1403, 27.92254, 1, 1, 1, True
59.07516, 8.059172, -69.1403, 27.92254, 1, 1, 1, True
59.07924, 8.059172, -69.1403, 27.92254, 1, 1, 1, True
59.08771, 8.059172, -69.1403, 27.92254, 1, 1, 1, True
59.09123, 8.059172, -69.1403, 27.92254, 1, 1, 1, True
59.09523, 8.059172, -69.1403, 27.92254, 1, 1, 1, True
59.09904, 8.059172, -69.1403, 27.92254, 1, 1, 1, True
59.10316, 8.059172, -69.1403, 27.92254, 1, 1, 1, True
59.11098, 8.059172, -69.1403, 27.92254, 1, 1, 1, True
59.11529, 8.059172, -69.1403, 27.92254, 1, 1, 1, True
59.12413, 8.059172, -69.1403, 27.92254, 1, 1, 1, True
59.13115, 8.059172, -69.1403, 27.92254, 1, 1, 1, True
59.13511, 8.059172, -69.1403, 27.92254, 1, 1, 1, True
59.13993, 8.059172, -69.1403, 27.92254, 1, 1, 1, True
59.14343, 8.059172, -69.1403, 27.92254, 1, 1, 1, True
59.14724, 8.059172, -69.1403, 27.92254, 1, 1, 1, True
59.15165, 8.059172, -69.1403, 27.92254, 1, 1, 1, True
59.17936, 8.059172, -69.1403, 27.92254, 1, 1, 1, True
59.18474, 8.059172, -69.1403, 27.92254, 1, 1, 1, True
59.19211, 8.059172, -69.1403, 27.92254, 1, 1, 1, True
59.20134, 8.059172, -69.1403, 27.92254, 1, 1, 1, True
59.20703, 8.059172, -69.1403, 27.92254, 1, 1, 1, True
59.21113, 8.059172, -69.1403, 27.92254, 1, 1, 1, True
59.21493, 8.059172, -69.1403, 27.92254, 1, 1, 1, True
59.21891, 8.059172, -69.1403, 27.92254, 1, 1, 1, True
59.2229, 8.059172, -69.1403, 27.92254, 1, 1, 1, True
59.22687, 8.059172, -69.1403, 27.92254, 1, 1, 1, True
59.23116, 8.059172, -69.1403, 27.92254, 1, 1, 1, True
59.23484, 8.059172, -69.1403, 27.92254, 1, 1, 1, True
59.23888, 8.059172, -69.1403, 27.92254, 1, 1, 1, True
59.24304, 8.059172, -69.1403, 27.92254, 1, 1, 1, True
59.24712, 8.059172, -69.1403, 27.92254, 1, 1, 1, True
59.25107, 8.059172, -69.1403, 27.92254, 1, 1, 1, True
59.25513, 8.059172, -69.1403, 27.92254, 1, 1, 1, True
59.25906, 8.059172, -69.1403, 27.92254, 1, 1, 1, True
59.26297, 8.059172, -69.1403, 27.92254, 1, 1, 1, True
59.26699, 8.059172, -69.1403, 27.92254, 1, 1, 1, True
59.27097, 8.059172, -69.1403, 27.92254, 1, 1, 1, True
59.27515, 8.059172, -69.1403, 27.92254, 1, 1, 1, True
59.27904, 8.059172, -69.1403, 27.92254, 1, 1, 1, True
59.28314, 8.059172, -69.1403, 27.92254, 1, 1, 1, True
59.28697, 8.059172, -69.1403, 27.92254, 1, 1, 1, True
59.29106, 8.059172, -69.1403, 27.92254, 1, 1, 1, True
59.29528, 8.059172, -69.1403, 27.92254, 1, 1, 1, True
59.29889, 8.059172, -69.1403, 27.92254, 1, 1, 1, True
59.30317, 8.059172, -69.1403, 27.92254, 1, 1, 1, True
59.30706, 8.059172, -69.1403, 27.92254, 1, 1, 1, True
59.31112, 8.059172, -69.1403, 27.92254, 1, 1, 1, True
59.33154, 8.059172, -69.1403, 27.92254, 1, 1, 1, True
59.33506, 8.059172, -69.1403, 27.92254, 1, 1, 1, True
59.33903, 8.059172, -69.1403, 27.92254, 1, 1, 1, True
59.34317, 8.059172, -69.1403, 27.92254, 1, 1, 1, True
59.34694, 8.059172, -69.1403, 27.92254, 1, 1, 1, True
59.35088, 8.059172, -69.1403, 27.92254, 1, 1, 1, True
59.35518, 8.059172, -69.1403, 27.92254, 1, 1, 1, True
59.35894, 8.059172, -69.1403, 27.92254, 1, 1, 1, True
59.36311, 8.059172, -69.1403, 27.92254, 1, 1, 1, True
59.36694, 8.059172, -69.1403, 27.92254, 1, 1, 1, True
59.37109, 8.059172, -69.1403, 27.92254, 1, 1, 1, True
59.3751, 8.059172, -69.1403, 27.92254, 1, 1, 1, True
59.37912, 8.059172, -69.1403, 27.92254, 1, 1, 1, True
59.38301, 8.059172, -69.1403, 27.92254, 1, 1, 1, True
59.38701, 8.059172, -69.1403, 27.92254, 1, 1, 1, True
59.39096, 8.059172, -69.1403, 27.92254, 1, 1, 1, True
59.39492, 8.059172, -69.1403, 27.92254, 1, 1, 1, True
59.39889, 8.059172, -69.1403, 27.92254, 1, 1, 1, True
59.40314, 8.059172, -69.1403, 27.92254, 1, 1, 1, True
59.40701, 8.059172, -69.1403, 27.92254, 1, 1, 1, True
59.41116, 8.059172, -69.1403, 27.92254, 1, 1, 1, True
59.41503, 8.059172, -69.1403, 27.92254, 1, 1, 1, True
59.41909, 8.059172, -69.1403, 27.92254, 1, 1, 1, True
59.42289, 8.059172, -69.1403, 27.92254, 1, 1, 1, True
59.42696, 8.059172, -69.1403, 27.92254, 1, 1, 1, True
59.43109, 8.059172, -69.1403, 27.92254, 1, 1, 1, True
59.43503, 8.059172, -69.1403, 27.92254, 1, 1, 1, True
59.439, 8.059172, -69.1403, 27.92254, 1, 1, 1, True
59.44316, 8.059172, -69.1403, 27.92254, 1, 1, 1, True
59.44699, 8.059172, -69.1403, 27.92254, 1, 1, 1, True
59.45126, 8.059172, -69.1403, 27.92254, 1, 1, 1, True
59.47499, 8.059172, -69.1403, 27.92254, 1, 1, 1, True
59.4789, 8.059172, -69.1403, 27.92254, 1, 1, 1, True
59.48315, 8.059172, -69.1403, 27.92254, 1, 1, 1, True
59.48692, 8.059172, -69.1403, 27.92254, 1, 1, 1, True
59.49105, 8.059172, -69.1403, 27.92254, 1, 1, 1, True
59.49514, 8.059172, -69.1403, 27.92254, 1, 1, 1, True
59.49892, 8.059172, -69.1403, 27.92254, 1, 1, 1, True
59.5029, 8.059172, -69.1403, 27.92254, 1, 1, 1, True
59.50712, 8.059172, -69.1403, 27.92254, 1, 1, 1, True
59.51107, 8.059172, -69.1403, 27.92254, 1, 1, 1, True
59.51507, 8.059172, -69.1403, 27.92254, 1, 1, 1, True
59.51898, 8.059172, -69.1403, 27.92254, 1, 1, 1, True
59.52313, 8.059172, -69.1403, 27.92254, 1, 1, 1, True
59.5269, 8.059172, -69.1403, 27.92254, 1, 1, 1, True
59.53117, 8.059172, -69.1403, 27.92254, 1, 1, 1, True
59.53505, 8.059172, -69.1403, 27.92254, 1, 1, 1, True
59.53902, 8.059172, -69.1403, 27.92254, 1, 1, 1, True
59.54307, 8.059172, -69.1403, 27.92254, 1, 1, 1, True
59.54696, 8.059172, -69.1403, 27.92254, 1, 1, 1, True
59.55109, 8.059172, -69.1403, 27.92254, 1, 1, 1, True
59.55508, 8.059172, -69.1403, 27.92254, 1, 1, 1, True
59.55905, 8.059172, -69.1403, 27.92254, 1, 1, 1, True
59.56316, 8.059172, -69.1403, 27.92254, 1, 1, 1, True
59.56701, 8.059172, -69.1403, 27.92254, 1, 1, 1, True
59.57116, 8.059172, -69.1403, 27.92254, 1, 1, 1, True
59.5751, 8.059172, -69.1403, 27.92254, 1, 1, 1, True
59.57914, 8.059172, -69.1403, 27.92254, 1, 1, 1, True
59.583, 8.059172, -69.1403, 27.92254, 1, 1, 1, True
59.58689, 8.059172, -69.1403, 27.92254, 1, 1, 1, True
59.59535, 8.059172, -69.1403, 27.92254, 1, 1, 1, True
59.60339, 8.059172, -69.1403, 27.92254, 1, 1, 1, True
59.63115, 8.059172, -69.1403, 27.92254, 1, 1, 1, True
59.63523, 8.059172, -69.1403, 27.92254, 1, 1, 1, True
59.63925, 8.059172, -69.1403, 27.92254, 1, 1, 1, True
59.64317, 8.059172, -69.1403, 27.92254, 1, 1, 1, True
59.647, 8.059172, -69.1403, 27.92254, 1, 1, 1, True
59.65093, 8.059172, -69.1403, 27.92254, 1, 1, 1, True
59.65513, 8.059172, -69.1403, 27.92254, 1, 1, 1, True
59.65913, 8.059172, -69.1403, 27.92254, 1, 1, 1, True
59.66303, 8.059172, -69.1403, 27.92254, 1, 1, 1, True
59.66689, 8.059172, -69.1403, 27.92254, 1, 1, 1, True
59.67108, 8.059172, -69.1403, 27.92254, 1, 1, 1, True
59.6751, 8.059172, -69.1403, 27.92254, 1, 1, 1, True
59.67914, 8.059172, -69.1403, 27.92254, 1, 1, 1, True
59.68299, 8.059172, -69.1403, 27.92254, 1, 1, 1, True
59.68694, 8.059172, -69.1403, 27.92254, 1, 1, 1, True
59.69118, 8.059172, -69.1403, 27.92254, 1, 1, 1, True
59.69505, 8.059172, -69.1403, 27.92254, 1, 1, 1, True
59.69891, 8.059172, -69.1403, 27.92254, 1, 1, 1, True
59.70322, 8.059172, -69.1403, 27.92254, 1, 1, 1, True
59.70691, 8.059172, -69.1403, 27.92254, 1, 1, 1, True
59.71097, 8.059172, -69.1403, 27.92254, 1, 1, 1, True
59.71513, 8.059172, -69.1403, 27.92254, 1, 1, 1, True
59.719, 8.059172, -69.1403, 27.92254, 1, 1, 1, True
59.72305, 8.059172, -69.1403, 27.92254, 1, 1, 1, True
59.72693, 8.059172, -69.1403, 27.92254, 1, 1, 1, True
59.73113, 8.059172, -69.1403, 27.92254, 1, 1, 1, True
59.73513, 8.059172, -69.1403, 27.92254, 1, 1, 1, True
59.73911, 8.059172, -69.1403, 27.92254, 1, 1, 1, True
59.74311, 8.059172, -69.1403, 27.92254, 1, 1, 1, True
59.7471, 8.059172, -69.1403, 27.92254, 1, 1, 1, True
59.75121, 8.059172, -69.1403, 27.92254, 1, 1, 1, True
59.77168, 8.059172, -69.1403, 27.92254, 1, 1, 1, True
59.77494, 8.059172, -69.1403, 27.92254, 1, 1, 1, True
59.77919, 8.059172, -69.1403, 27.92254, 1, 1, 1, True
59.7838, 8.059172, -69.1403, 27.92254, 1, 1, 1, True
59.78701, 8.059172, -69.1403, 27.92254, 1, 1, 1, True
59.79097, 8.059172, -69.1403, 27.92254, 1, 1, 1, True
59.7951, 8.059172, -69.1403, 27.92254, 1, 1, 1, True
59.79889, 8.059172, -69.1403, 27.92254, 1, 1, 1, True
59.80287, 8.059172, -69.1403, 27.92254, 1, 1, 1, True
59.8072, 8.059172, -69.1403, 27.92254, 1, 1, 1, True
59.8111, 8.059172, -69.1403, 27.92254, 1, 1, 1, True
59.81507, 8.059172, -69.1403, 27.92254, 1, 1, 1, True
59.81911, 8.059172, -69.1403, 27.92254, 1, 1, 1, True
59.82293, 8.059172, -69.1403, 27.92254, 1, 1, 1, True
59.82716, 8.059172, -69.1403, 27.92254, 1, 1, 1, True
59.83102, 8.059172, -69.1403, 27.92254, 1, 1, 1, True
59.83512, 8.059172, -69.1403, 27.92254, 1, 1, 1, True
59.83908, 8.059172, -69.1403, 27.92254, 1, 1, 1, True
59.84314, 8.059172, -69.1403, 27.92254, 1, 1, 1, True
59.84698, 8.059172, -69.1403, 27.92254, 1, 1, 1, True
59.85108, 8.059172, -69.1403, 27.92254, 1, 1, 1, True
59.85518, 8.059172, -69.1403, 27.92254, 1, 1, 1, True
59.8591, 8.059172, -69.1403, 27.92254, 1, 1, 1, True
59.86312, 8.059172, -69.1403, 27.92254, 1, 1, 1, True
59.867, 8.059172, -69.1403, 27.92254, 1, 1, 1, True
59.8709, 8.059172, -69.1403, 27.92254, 1, 1, 1, True
59.87511, 8.059172, -69.1403, 27.92254, 1, 1, 1, True
59.87914, 8.059172, -69.1403, 27.92254, 1, 1, 1, True
59.88283, 8.059172, -69.1403, 27.92254, 1, 1, 1, True
59.88692, 8.059172, -69.1403, 27.92254, 1, 1, 1, True
59.89112, 8.059172, -69.1403, 27.92254, 1, 1, 1, True
59.91533, 8.059172, -69.1403, 27.92254, 1, 1, 1, True
59.91972, 8.059172, -69.1403, 27.92254, 1, 1, 1, True
59.923, 8.059172, -69.1403, 27.92254, 1, 1, 1, True
59.92725, 8.059172, -69.1403, 27.92254, 1, 1, 1, True
59.93104, 8.059172, -69.1403, 27.92254, 1, 1, 1, True
59.93496, 8.059172, -69.1403, 27.92254, 1, 1, 1, True
59.93921, 8.059172, -69.1403, 27.92254, 1, 1, 1, True
59