t, x , y, z , scale_x, scale_y, scale_z, stimulusOn
60.03063, 2021-07-05T15:20:13.0591870+08:00, 0, 12.94095, 48.29629, 1, 1, 1, False
60.03415, 2021-07-05T15:20:13.0625530+08:00, 0, 12.94095, 48.29629, 1, 1, 1, False
60.03846, 2021-07-05T15:20:13.0669120+08:00, 0, 12.94095, 48.29629, 1, 1, 1, False
60.04239, 2021-07-05T15:20:13.0708970+08:00, 0, 12.94095, 48.29629, 1, 1, 1, False
60.04612, 2021-07-05T15:20:13.0745690+08:00, 0, 12.94095, 48.29629, 1, 1, 1, False
60.05174, 2021-07-05T15:20:13.0802960+08:00, 0, 12.94095, 48.29629, 1, 1, 1, False
60.06003, 2021-07-05T15:20:13.0886050+08:00, 0, 12.94095, 48.29629, 1, 1, 1, False
60.07055, 2021-07-05T15:20:13.1021470+08:00, 0, 12.94095, 48.29629, 1, 1, 1, False
60.07848, 2021-07-05T15:20:13.1069100+08:00, 0, 12.94095, 48.29629, 1, 1, 1, False
60.08237, 2021-07-05T15:20:13.1109490+08:00, 0, 12.94095, 48.29629, 1, 1, 1, False
60.08942, 2021-07-05T15:20:13.1181010+08:00, 0, 12.94095, 48.29629, 1, 1, 1, False
60.09742, 2021-07-05T15:20:13.1258550+08:00, 0, 12.94095, 48.29629, 1, 1, 1, False
60.10339, 2021-07-05T15:20:13.1319570+08:00, 0, 12.94095, 48.29629, 1, 1, 1, False
60.11007, 2021-07-05T15:20:13.1385110+08:00, 0, 12.94095, 48.29629, 1, 1, 1, False
60.11664, 2021-07-05T15:20:13.1451640+08:00, 0, 12.94095, 48.29629, 1, 1, 1, False
60.12347, 2021-07-05T15:20:13.1519940+08:00, 0, 12.94095, 48.29629, 1, 1, 1, False
60.13048, 2021-07-05T15:20:13.1589040+08:00, 0, 12.94095, 48.29629, 1, 1, 1, False
60.1368, 2021-07-05T15:20:13.1653520+08:00, 0, 12.94095, 48.29629, 1, 1, 1, False
60.14428, 2021-07-05T15:20:13.1727450+08:00, 0, 12.94095, 48.29629, 1, 1, 1, False
60.15773, 2021-07-05T15:20:13.1861590+08:00, 0, 12.94095, 48.29629, 1, 1, 1, False
60.21112, 2021-07-05T15:20:13.2395620+08:00, 0, 12.94095, 48.29629, 1, 1, 1, False
60.28556, 2021-07-05T15:20:13.3140710+08:00, 0, 12.94095, 48.29629, 1, 1, 1, False
60.28995, 2021-07-05T15:20:13.3183500+08:00, 0, 12.94095, 48.29629, 1, 1, 1, False
60.29429, 2021-07-05T15:20:13.3227110+08:00, 0, 12.94095, 48.29629, 1, 1, 1, False
60.29821, 2021-07-05T15:20:13.3266190+08:00, 0, 12.94095, 48.29629, 1, 1, 1, False
60.30226, 2021-07-05T15:20:13.3307050+08:00, 0, 12.94095, 48.29629, 1, 1, 1, False
60.3061, 2021-07-05T15:20:13.3345110+08:00, 0, 12.94095, 48.29629, 1, 1, 1, False
60.3102, 2021-07-05T15:20:13.3386010+08:00, 0, 12.94095, 48.29629, 1, 1, 1, False
60.31421, 2021-07-05T15:20:13.3426510+08:00, 0, 12.94095, 48.29629, 1, 1, 1, False
60.32487, 2021-07-05T15:20:13.3533680+08:00, 0, 12.94095, 48.29629, 1, 1, 1, False
60.33036, 2021-07-05T15:20:13.3587650+08:00, 0, 12.94095, 48.29629, 1, 1, 1, False
60.33493, 2021-07-05T15:20:13.3634070+08:00, 0, 12.94095, 48.29629, 1, 1, 1, False
60.34246, 2021-07-05T15:20:13.3709340+08:00, 0, 12.94095, 48.29629, 1, 1, 1, False
60.34811, 2021-07-05T15:20:13.3765430+08:00, 0, 12.94095, 48.29629, 1, 1, 1, False
60.35554, 2021-07-05T15:20:13.3840550+08:00, 0, 12.94095, 48.29629, 1, 1, 1, False
60.36244, 2021-07-05T15:20:13.3909170+08:00, 0, 12.94095, 48.29629, 1, 1, 1, False
60.36927, 2021-07-05T15:20:13.3977110+08:00, 0, 12.94095, 48.29629, 1, 1, 1, False
60.37534, 2021-07-05T15:20:13.4038060+08:00, 0, 12.94095, 48.29629, 1, 1, 1, False
60.38253, 2021-07-05T15:20:13.4110350+08:00, 0, 12.94095, 48.29629, 1, 1, 1, False
60.38835, 2021-07-05T15:20:13.4167920+08:00, 0, 12.94095, 48.29629, 1, 1, 1, False
60.39458, 2021-07-05T15:20:13.4230290+08:00, 0, 12.94095, 48.29629, 1, 1, 1, False
60.40105, 2021-07-05T15:20:13.4298240+08:00, 0, 12.94095, 48.29629, 1, 1, 1, False
60.40745, 2021-07-05T15:20:13.4359100+08:00, 0, 12.94095, 48.29629, 1, 1, 1, False
60.41451, 2021-07-05T15:20:13.4429850+08:00, 0, 12.94095, 48.29629, 1, 1, 1, False
60.42048, 2021-07-05T15:20:13.4490030+08:00, 0, 12.94095, 48.29629, 1, 1, 1, False
60.42701, 2021-07-05T15:20:13.4554510+08:00, 0, 12.94095, 48.29629, 1, 1, 1, False
60.43364, 2021-07-05T15:20:13.4621280+08:00, 0, 12.94095, 48.29629, 1, 1, 1, False
60.44002, 2021-07-05T15:20:13.4685690+08:00, 0, 12.94095, 48.29629, 1, 1, 1, False
60.44672, 2021-07-05T15:20:13.4751590+08:00, 0, 12.94095, 48.29629, 1, 1, 1, False
60.45296, 2021-07-05T15:20:13.4814430+08:00, 0, 12.94095, 48.29629, 1, 1, 1, False
60.46023, 2021-07-05T15:20:13.4887260+08:00, 0, 12.94095, 48.29629, 1, 1, 1, False
60.48247, 2021-07-05T15:20:13.5109880+08:00, 0, 12.94095, 48.29629, 1, 1, 1, False
60.51051, 2021-07-05T15:20:13.5389500+08:00, 0, 12.94095, 48.29629, 1, 1, 1, False
60.51415, 2021-07-05T15:20:13.5425500+08:00, 0, 12.94095, 48.29629, 1, 1, 1, False
60.51829, 2021-07-05T15:20:13.5467050+08:00, 0, 12.94095, 48.29629, 1, 1, 1, False
60.52213, 2021-07-05T15:20:13.5505640+08:00, 0, 12.94095, 48.29629, 1, 1, 1, False
60.5263, 2021-07-05T15:20:13.5547140+08:00, 0, 12.94095, 48.29629, 1, 1, 1, False
60.5302, 2021-07-05T15:20:13.5586050+08:00, 0, 12.94095, 48.29629, 1, 1, 1, False
60.53415, 2021-07-05T15:20:13.5625470+08:00, 0, 12.94095, 48.29629, 1, 1, 1, False
60.53915, 2021-07-05T15:20:13.5676270+08:00, 0, 12.94095, 48.29629, 1, 1, 1, False
60.54561, 2021-07-05T15:20:13.5741110+08:00, 0, 12.94095, 48.29629, 1, 1, 1, False
60.55228, 2021-07-05T15:20:13.5807530+08:00, 0, 12.94095, 48.29629, 1, 1, 1, False
60.55816, 2021-07-05T15:20:13.5866380+08:00, 0, 12.94095, 48.29629, 1, 1, 1, False
60.57154, 2021-07-05T15:20:13.6000180+08:00, 0, 12.94095, 48.29629, 1, 1, 1, False
60.57854, 2021-07-05T15:20:13.6069610+08:00, 0, 12.94095, 48.29629, 1, 1, 1, False
60.5822, 2021-07-05T15:20:13.6106470+08:00, 0, 12.94095, 48.29629, 1, 1, 1, False
60.58617, 2021-07-05T15:20:13.6145980+08:00, 0, 12.94095, 48.29629, 1, 1, 1, False
60.59147, 2021-07-05T15:20:13.6200260+08:00, 0, 12.94095, 48.29629, 1, 1, 1, False
60.59802, 2021-07-05T15:20:13.6264910+08:00, 0, 12.94095, 48.29629, 1, 1, 1, False
60.60526, 2021-07-05T15:20:13.6337260+08:00, 0, 12.94095, 48.29629, 1, 1, 1, False
60.61127, 2021-07-05T15:20:13.6397710+08:00, 0, 12.94095, 48.29629, 1, 1, 1, False
60.61802, 2021-07-05T15:20:13.6465000+08:00, 0, 12.94095, 48.29629, 1, 1, 1, False
60.62466, 2021-07-05T15:20:13.6532280+08:00, 0, 12.94095, 48.29629, 1, 1, 1, False
60.63135, 2021-07-05T15:20:13.6597920+08:00, 0, 12.94095, 48.29629, 1, 1, 1, False
60.63828, 2021-07-05T15:20:13.6667330+08:00, 0, 12.94095, 48.29629, 1, 1, 1, False
60.6439, 2021-07-05T15:20:13.6724140+08:00, 0, 12.94095, 48.29629, 1, 1, 1, False
60.65053, 2021-07-05T15:20:13.6790480+08:00, 0, 12.94095, 48.29629, 1, 1, 1, False
60.65696, 2021-07-05T15:20:13.6854580+08:00, 0, 12.94095, 48.29629, 1, 1, 1, False
60.66349, 2021-07-05T15:20:13.6920050+08:00, 0, 12.94095, 48.29629, 1, 1, 1, False
60.67031, 2021-07-05T15:20:13.6987400+08:00, 0, 12.94095, 48.29629, 1, 1, 1, False
60.67683, 2021-07-05T15:20:13.7052670+08:00, 0, 12.94095, 48.29629, 1, 1, 1, False
60.68283, 2021-07-05T15:20:13.7113350+08:00, 0, 12.94095, 48.29629, 1, 1, 1, False
60.68918, 2021-07-05T15:20:13.7176180+08:00, 0, 12.94095, 48.29629, 1, 1, 1, False
60.6962, 2021-07-05T15:20:13.7246510+08:00, 0, 12.94095, 48.29629, 1, 1, 1, False
60.70241, 2021-07-05T15:20:13.7308540+08:00, 0, 12.94095, 48.29629, 1, 1, 1, False
60.70863, 2021-07-05T15:20:13.7370870+08:00, 0, 12.94095, 48.29629, 1, 1, 1, False
60.71531, 2021-07-05T15:20:13.7437460+08:00, 0, 12.94095, 48.29629, 1, 1, 1, False
60.72221, 2021-07-05T15:20:13.7507170+08:00, 0, 12.94095, 48.29629, 1, 1, 1, False
60.72768, 2021-07-05T15:20:13.7561440+08:00, 0, 12.94095, 48.29629, 1, 1, 1, False
60.73492, 2021-07-05T15:20:13.7634080+08:00, 0, 12.94095, 48.29629, 1, 1, 1, False
60.74261, 2021-07-05T15:20:13.7710890+08:00, 0, 12.94095, 48.29629, 1, 1, 1, False
60.74716, 2021-07-05T15:20:13.7756240+08:00, 0, 12.94095, 48.29629, 1, 1, 1, False
60.7536, 2021-07-05T15:20:13.7820370+08:00, 0, 12.94095, 48.29629, 1, 1, 1, False
60.75987, 2021-07-05T15:20:13.7883360+08:00, 0, 12.94095, 48.29629, 1, 1, 1, False
60.7667, 2021-07-05T15:20:13.7951930+08:00, 0, 12.94095, 48.29629, 1, 1, 1, False
60.77459, 2021-07-05T15:20:13.8030220+08:00, 0, 12.94095, 48.29629, 1, 1, 1, False
60.77926, 2021-07-05T15:20:13.8077200+08:00, 0, 12.94095, 48.29629, 1, 1, 1, False
60.7864, 2021-07-05T15:20:13.8148770+08:00, 0, 12.94095, 48.29629, 1, 1, 1, False
60.79196, 2021-07-05T15:20:13.8204250+08:00, 0, 12.94095, 48.29629, 1, 1, 1, False
60.80256, 2021-07-05T15:20:13.8340600+08:00, 0, 12.94095, 48.29629, 1, 1, 1, False
60.81455, 2021-07-05T15:20:13.8429810+08:00, 0, 12.94095, 48.29629, 1, 1, 1, False
60.81833, 2021-07-05T15:20:13.8467880+08:00, 0, 12.94095, 48.29629, 1, 1, 1, False
60.82222, 2021-07-05T15:20:13.8506600+08:00, 0, 12.94095, 48.29629, 1, 1, 1, False
60.82622, 2021-07-05T15:20:13.8546460+08:00, 0, 12.94095, 48.29629, 1, 1, 1, False
60.83219, 2021-07-05T15:20:13.8606760+08:00, 0, 12.94095, 48.29629, 1, 1, 1, False
60.84075, 2021-07-05T15:20:13.8692430+08:00, 0, 12.94095, 48.29629, 1, 1, 1, False
60.84739, 2021-07-05T15:20:13.8759620+08:00, 0, 12.94095, 48.29629, 1, 1, 1, False
60.85492, 2021-07-05T15:20:13.8834030+08:00, 0, 12.94095, 48.29629, 1, 1, 1, False
60.86152, 2021-07-05T15:20:13.8900550+08:00, 0, 12.94095, 48.29629, 1, 1, 1, False
60.86916, 2021-07-05T15:20:13.8976620+08:00, 0, 12.94095, 48.29629, 1, 1, 1, False
60.87646, 2021-07-05T15:20:13.9049470+08:00, 0, 12.94095, 48.29629, 1, 1, 1, False
60.88333, 2021-07-05T15:20:13.9118610+08:00, 0, 12.94095, 48.29629, 1, 1, 1, False
60.89067, 2021-07-05T15:20:13.9192680+08:00, 0, 12.94095, 48.29629, 1, 1, 1, False
60.89874, 2021-07-05T15:20:13.9271710+08:00, 0, 12.94095, 48.29629, 1, 1, 1, False
60.90566, 2021-07-05T15:20:13.9341610+08:00, 0, 12.94095, 48.29629, 1, 1, 1, False
60.91219, 2021-07-05T15:20:13.9406660+08:00, 0, 12.94095, 48.29629, 1, 1, 1, False
60.91857, 2021-07-05T15:20:13.9470450+08:00, 0, 12.94095, 48.29629, 1, 1, 1, False
60.9258, 2021-07-05T15:20:13.9543100+08:00, 0, 12.94095, 48.29629, 1, 1, 1, False
60.93195, 2021-07-05T15:20:13.9605160+08:00, 0, 12.94095, 48.29629, 1, 1, 1, False
60.93878, 2021-07-05T15:20:13.9672700+08:00, 0, 12.94095, 48.29629, 1, 1, 1, False
60.9462, 2021-07-05T15:20:13.9746810+08:00, 0, 12.94095, 48.29629, 1, 1, 1, False
60.95238, 2021-07-05T15:20:13.9809420+08:00, 0, 12.94095, 48.29629, 1, 1, 1, False
60.95894, 2021-07-05T15:20:13.9873960+08:00, 0, 12.94095, 48.29629, 1, 1, 1, False
60.96569, 2021-07-05T15:20:13.9942570+08:00, 0, 12.94095, 48.29629, 1, 1, 1, False
60.97269, 2021-07-05T15:20:14.0011360+08:00, 0, 12.94095, 48.29629, 1, 1, 1, False
60.97895, 2021-07-05T15:20:14.0074000+08:00, 0, 12.94095, 48.29629, 1, 1, 1, False
60.98569, 2021-07-05T15:20:14.0143170+08:00, 0, 12.94095, 48.29629, 1, 1, 1, False
60.99325, 2021-07-05T15:20:14.0217230+08:00, 0, 12.94095, 48.29629, 1, 1, 1, False
60.99923, 2021-07-05T15:20:14.0276690+08:00, 0, 12.94095, 48.29629, 1, 1, 1, False
61.00673, 2021-07-05T15:20:14.0352510+08:00, 0, 12.94095, 48.29629, 1, 1, 1, False
61.01287, 2021-07-05T15:20:14.0413240+08:00, 0, 12.94095, 48.29629, 1, 1, 1, False
61.01882, 2021-07-05T15:20:14.0473630+08:00, 0, 12.94095, 48.29629, 1, 1, 1, False
61.02543, 2021-07-05T15:20:14.0539190+08:00, 0, 12.94095, 48.29629, 1, 1, 1, False
61.03198, 2021-07-05T15:20:14.0604820+08:00, 0, 12.94095, 48.29629, 1, 1, 1, False
61.03889, 2021-07-05T15:20:14.0673530+08:00, 0, 12.94095, 48.29629, 1, 1, 1, False
61.04492, 2021-07-05T15:20:14.0734240+08:00, 0, 12.94095, 48.29629, 1, 1, 1, False
61.05136, 2021-07-05T15:20:14.0798500+08:00, 0, 12.94095, 48.29629, 1, 1, 1, False
61.0583, 2021-07-05T15:20:14.0867360+08:00, 0, 12.94095, 48.29629, 1, 1, 1, False
61.06457, 2021-07-05T15:20:14.0930980+08:00, 0, 12.94095, 48.29629, 1, 1, 1, False
61.07097, 2021-07-05T15:20:14.0994450+08:00, 0, 12.94095, 48.29629, 1, 1, 1, False
61.07769, 2021-07-05T15:20:14.1062440+08:00, 0, 12.94095, 48.29629, 1, 1, 1, False
61.08513, 2021-07-05T15:20:14.1137950+08:00, 0, 12.94095, 48.29629, 1, 1, 1, False
61.09286, 2021-07-05T15:20:14.1213050+08:00, 0, 12.94095, 48.29629, 1, 1, 1, False
61.09921, 2021-07-05T15:20:14.1276930+08:00, 0, 12.94095, 48.29629, 1, 1, 1, False
61.10615, 2021-07-05T15:20:14.1347420+08:00, 0, 12.94095, 48.29629, 1, 1, 1, False
61.11401, 2021-07-05T15:20:14.1424430+08:00, 0, 12.94095, 48.29629, 1, 1, 1, False
61.11998, 2021-07-05T15:20:14.1484970+08:00, 0, 12.94095, 48.29629, 1, 1, 1, False
61.1269, 2021-07-05T15:20:14.1554000+08:00, 0, 12.94095, 48.29629, 1, 1, 1, False
61.13333, 2021-07-05T15:20:14.1617990+08:00, 0, 12.94095, 48.29629, 1, 1, 1, False
61.14001, 2021-07-05T15:20:14.1685090+08:00, 0, 12.94095, 48.29629, 1, 1, 1, False
61.14682, 2021-07-05T15:20:14.1752810+08:00, 0, 12.94095, 48.29629, 1, 1, 1, False
61.15329, 2021-07-05T15:20:14.1817880+08:00, 0, 12.94095, 48.29629, 1, 1, 1, False
61.16056, 2021-07-05T15:20:14.1890210+08:00, 0, 12.94095, 48.29629, 1, 1, 1, False
61.16675, 2021-07-05T15:20:14.1951940+08:00, 0, 12.94095, 48.29629, 1, 1, 1, False
61.17314, 2021-07-05T15:20:14.2016000+08:00, 0, 12.94095, 48.29629, 1, 1, 1, False
61.18015, 2021-07-05T15:20:14.2086220+08:00, 0, 12.94095, 48.29629, 1, 1, 1, False
61.21078, 2021-07-05T15:20:14.2392500+08:00, 0, 12.94095, 48.29629, 1, 1, 1, False
61.21486, 2021-07-05T15:20:14.2433220+08:00, 0, 12.94095, 48.29629, 1, 1, 1, False
61.21814, 2021-07-05T15:20:14.2465690+08:00, 0, 12.94095, 48.29629, 1, 1, 1, False
61.24618, 2021-07-05T15:20:14.2746350+08:00, 0, 12.94095, 48.29629, 1, 1, 1, False
61.25, 2021-07-05T15:20:14.2784070+08:00, 0, 12.94095, 48.29629, 1, 1, 1, False
61.25414, 2021-07-05T15:20:14.2825470+08:00, 0, 12.94095, 48.29629, 1, 1, 1, False
61.25804, 2021-07-05T15:20:14.2864570+08:00, 0, 12.94095, 48.29629, 1, 1, 1, False
61.2622, 2021-07-05T15:20:14.2906540+08:00, 0, 12.94095, 48.29629, 1, 1, 1, False
61.2663, 2021-07-05T15:20:14.2947140+08:00, 0, 12.94095, 48.29629, 1, 1, 1, False
61.27007, 2021-07-05T15:20:14.2984760+08:00, 0, 12.94095, 48.29629, 1, 1, 1, False
61.27473, 2021-07-05T15:20:14.3032320+08:00, 0, 12.94095, 48.29629, 1, 1, 1, False
61.28129, 2021-07-05T15:20:14.3098010+08:00, 0, 12.94095, 48.29629, 1, 1, 1, False
61.28766, 2021-07-05T15:20:14.3161460+08:00, 0, 12.94095, 48.29629, 1, 1, 1, False
61.29461, 2021-07-05T15:20:14.3231020+08:00, 0, 12.94095, 48.29629, 1, 1, 1, False
61.30118, 2021-07-05T15:20:14.3297020+08:00, 0, 12.94095, 48.29629, 1, 1, 1, False
61.30765, 2021-07-05T15:20:14.3361280+08:00, 0, 12.94095, 48.29629, 1, 1, 1, False
61.31494, 2021-07-05T15:20:14.3433910+08:00, 0, 12.94095, 48.29629, 1, 1, 1, False
61.32098, 2021-07-05T15:20:14.3495420+08:00, 0, 12.94095, 48.29629, 1, 1, 1, False
61.32753, 2021-07-05T15:20:14.3560060+08:00, 0, 12.94095, 48.29629, 1, 1, 1, False
61.33483, 2021-07-05T15:20:14.3633030+08:00, 0, 12.94095, 48.29629, 1, 1, 1, False
61.34263, 2021-07-05T15:20:14.3711230+08:00, 0, 12.94095, 48.29629, 1, 1, 1, False
61.35024, 2021-07-05T15:20:14.3786910+08:00, 0, 12.94095, 48.29629, 1, 1, 1, False
61.35882, 2021-07-05T15:20:14.3872780+08:00, 0, 12.94095, 48.29629, 1, 1, 1, False
61.36689, 2021-07-05T15:20:14.3954600+08:00, 0, 12.94095, 48.29629, 1, 1, 1, False
61.37487, 2021-07-05T15:20:14.4033420+08:00, 0, 12.94095, 48.29629, 1, 1, 1, False
61.38234, 2021-07-05T15:20:14.4108900+08:00, 0, 12.94095, 48.29629, 1, 1, 1, False
61.40683, 2021-07-05T15:20:14.4354370+08:00, 0, 12.94095, 48.29629, 1, 1, 1, False
61.43501, 2021-07-05T15:20:14.4635320+08:00, 0, 12.94095, 48.29629, 1, 1, 1, False
61.43819, 2021-07-05T15:20:14.4666590+08:00, 0, 12.94095, 48.29629, 1, 1, 1, False
61.44223, 2021-07-05T15:20:14.4707840+08:00, 0, 12.94095, 48.29629, 1, 1, 1, False
61.4461, 2021-07-05T15:20:14.4745350+08:00, 0, 12.94095, 48.29629, 1, 1, 1, False
61.45021, 2021-07-05T15:20:14.4788120+08:00, 0, 12.94095, 48.29629, 1, 1, 1, False
61.45405, 2021-07-05T15:20:14.4825330+08:00, 0, 12.94095, 48.29629, 1, 1, 1, False
61.45852, 2021-07-05T15:20:14.4870100+08:00, 0, 12.94095, 48.29629, 1, 1, 1, False
61.46387, 2021-07-05T15:20:14.4923640+08:00, 0, 12.94095, 48.29629, 1, 1, 1, False
61.47031, 2021-07-05T15:20:14.4987560+08:00, 0, 12.94095, 48.29629, 1, 1, 1, False
61.47723, 2021-07-05T15:20:14.5057260+08:00, 0, 12.94095, 48.29629, 1, 1, 1, False
61.48394, 2021-07-05T15:20:14.5124750+08:00, 0, 12.94095, 48.29629, 1, 1, 1, False
61.49083, 2021-07-05T15:20:14.5221690+08:00, 0, 12.94095, 48.29629, 1, 1, 1, False
61.49832, 2021-07-05T15:20:14.5268440+08:00, 0, 12.94095, 48.29629, 1, 1, 1, False
61.50436, 2021-07-05T15:20:14.5330460+08:00, 0, 12.94095, 48.29629, 1, 1, 1, False
61.51192, 2021-07-05T15:20:14.5403930+08:00, 0, 12.94095, 48.29629, 1, 1, 1, False
61.51855, 2021-07-05T15:20:14.5470270+08:00, 0, 12.94095, 48.29629, 1, 1, 1, False
61.52473, 2021-07-05T15:20:14.5533100+08:00, 0, 12.94095, 48.29629, 1, 1, 1, False
61.53116, 2021-07-05T15:20:14.5597490+08:00, 0, 12.94095, 48.29629, 1, 1, 1, False
61.53791, 2021-07-05T15:20:14.5664530+08:00, 0, 12.94095, 48.29629, 1, 1, 1, False
61.54516, 2021-07-05T15:20:14.5736900+08:00, 0, 12.94095, 48.29629, 1, 1, 1, False
61.55124, 2021-07-05T15:20:14.5798470+08:00, 0, 12.94095, 48.29629, 1, 1, 1, False
61.55878, 2021-07-05T15:20:14.5872400+08:00, 0, 12.94095, 48.29629, 1, 1, 1, False
61.56477, 2021-07-05T15:20:14.5933650+08:00, 0, 12.94095, 48.29629, 1, 1, 1, False
61.57144, 2021-07-05T15:20:14.6000150+08:00, 0, 12.94095, 48.29629, 1, 1, 1, False
61.57804, 2021-07-05T15:20:14.6065670+08:00, 0, 12.94095, 48.29629, 1, 1, 1, False
61.58475, 2021-07-05T15:20:14.6134040+08:00, 0, 12.94095, 48.29629, 1, 1, 1, False
61.59132, 2021-07-05T15:20:14.6198200+08:00, 0, 12.94095, 48.29629, 1, 1, 1, False
61.59844, 2021-07-05T15:20:14.6269170+08:00, 0, 12.94095, 48.29629, 1, 1, 1, False
61.60451, 2021-07-05T15:20:14.6330330+08:00, 0, 12.94095, 48.29629, 1, 1, 1, False
61.61127, 2021-07-05T15:20:14.6397670+08:00, 0, 12.94095, 48.29629, 1, 1, 1, False
61.61861, 2021-07-05T15:20:14.6471500+08:00, 0, 12.94095, 48.29629, 1, 1, 1, False
61.62551, 2021-07-05T15:20:14.6541260+08:00, 0, 12.94095, 48.29629, 1, 1, 1, False
61.63182, 2021-07-05T15:20:14.6603230+08:00, 0, 12.94095, 48.29629, 1, 1, 1, False
61.63847, 2021-07-05T15:20:14.6669930+08:00, 0, 12.94095, 48.29629, 1, 1, 1, False
61.64445, 2021-07-05T15:20:14.6729980+08:00, 0, 12.94095, 48.29629, 1, 1, 1, False
61.65108, 2021-07-05T15:20:14.6796810+08:00, 0, 12.94095, 48.29629, 1, 1, 1, False
61.65863, 2021-07-05T15:20:14.6871130+08:00, 0, 12.94095, 48.29629, 1, 1, 1, False
61.66485, 2021-07-05T15:20:14.6933800+08:00, 0, 12.94095, 48.29629, 1, 1, 1, False
61.67074, 2021-07-05T15:20:14.6992900+08:00, 0, 12.94095, 48.29629, 1, 1, 1, False
61.67725, 2021-07-05T15:20:14.7057790+08:00, 0, 12.94095, 48.29629, 1, 1, 1, False
61.68383, 2021-07-05T15:20:14.7124240+08:00, 0, 12.94095, 48.29629, 1, 1, 1, False
61.69049, 2021-07-05T15:20:14.7190110+08:00, 0, 12.94095, 48.29629, 1, 1, 1, False
61.69674, 2021-07-05T15:20:14.7252400+08:00, 0, 12.94095, 48.29629, 1, 1, 1, False
61.70327, 2021-07-05T15:20:14.7318980+08:00, 0, 12.94095, 48.29629, 1, 1, 1, False
61.71048, 2021-07-05T15:20:14.7389600+08:00, 0, 12.94095, 48.29629, 1, 1, 1, False
61.71648, 2021-07-05T15:20:14.7450280+08:00, 0, 12.94095, 48.29629, 1, 1, 1, False
61.72309, 2021-07-05T15:20:14.7517900+08:00, 0, 12.94095, 48.29629, 1, 1, 1, False
61.73039, 2021-07-05T15:20:14.7589000+08:00, 0, 12.94095, 48.29629, 1, 1, 1, False
61.73624, 2021-07-05T15:20:14.7648530+08:00, 0, 12.94095, 48.29629, 1, 1, 1, False
61.74286, 2021-07-05T15:20:14.7714100+08:00, 0, 12.94095, 48.29629, 1, 1, 1, False
61.74952, 2021-07-05T15:20:14.7780630+08:00, 0, 12.94095, 48.29629, 1, 1, 1, False
61.7559, 2021-07-05T15:20:14.7844310+08:00, 0, 12.94095, 48.29629, 1, 1, 1, False
61.76269, 2021-07-05T15:20:14.7912130+08:00, 0, 12.94095, 48.29629, 1, 1, 1, False
61.76909, 2021-07-05T15:20:14.7976210+08:00, 0, 12.94095, 48.29629, 1, 1, 1, False
61.77575, 2021-07-05T15:20:14.8042600+08:00, 0, 12.94095, 48.29629, 1, 1, 1, False
61.78263, 2021-07-05T15:20:14.8111270+08:00, 0, 12.94095, 48.29629, 1, 1, 1, False
61.78926, 2021-07-05T15:20:14.8177510+08:00, 0, 12.94095, 48.29629, 1, 1, 1, False
61.79609, 2021-07-05T15:20:14.8245830+08:00, 0, 12.94095, 48.29629, 1, 1, 1, False
61.80276, 2021-07-05T15:20:14.8312900+08:00, 0, 12.94095, 48.29629, 1, 1, 1, False
61.80873, 2021-07-05T15:20:14.8372790+08:00, 0, 12.94095, 48.29629, 1, 1, 1, False
61.81527, 2021-07-05T15:20:14.8437740+08:00, 0, 12.94095, 48.29629, 1, 1, 1, False
61.82219, 2021-07-05T15:20:14.8506850+08:00, 0, 12.94095, 48.29629, 1, 1, 1, False
61.82899, 2021-07-05T15:20:14.8574620+08:00, 0, 12.94095, 48.29629, 1, 1, 1, False
61.83507, 2021-07-05T15:20:14.8636210+08:00, 0, 12.94095, 48.29629, 1, 1, 1, False
61.8426, 2021-07-05T15:20:14.8711180+08:00, 0, 12.94095, 48.29629, 1, 1, 1, False
61.84827, 2021-07-05T15:20:14.8769140+08:00, 0, 12.94095, 48.29629, 1, 1, 1, False
61.85536, 2021-07-05T15:20:14.8838680+08:00, 0, 12.94095, 48.29629, 1, 1, 1, False
61.8626, 2021-07-05T15:20:14.8911040+08:00, 0, 12.94095, 48.29629, 1, 1, 1, False
61.8681, 2021-07-05T15:20:14.8966380+08:00, 0, 12.94095, 48.29629, 1, 1, 1, False
61.87457, 2021-07-05T15:20:14.9031120+08:00, 0, 12.94095, 48.29629, 1, 1, 1, False
61.88142, 2021-07-05T15:20:14.9100170+08:00, 0, 12.94095, 48.29629, 1, 1, 1, False
61.88779, 2021-07-05T15:20:14.9163160+08:00, 0, 12.94095, 48.29629, 1, 1, 1, False
61.89432, 2021-07-05T15:20:14.9228260+08:00, 0, 12.94095, 48.29629, 1, 1, 1, False
61.90118, 2021-07-05T15:20:14.9297340+08:00, 0, 12.94095, 48.29629, 1, 1, 1, False
61.90725, 2021-07-05T15:20:14.9357350+08:00, 0, 12.94095, 48.29629, 1, 1, 1, False
61.9138, 2021-07-05T15:20:14.9423310+08:00, 0, 12.94095, 48.29629, 1, 1, 1, False
61.92062, 2021-07-05T15:20:14.9491820+08:00, 0, 12.94095, 48.29629, 1, 1, 1, False
61.92652, 2021-07-05T15:20:14.9550750+08:00, 0, 12.94095, 48.29629, 1, 1, 1, False
61.93333, 2021-07-05T15:20:14.9618880+08:00, 0, 12.94095, 48.29629, 1, 1, 1, False
61.94032, 2021-07-05T15:20:14.9688680+08:00, 0, 12.94095, 48.29629, 1, 1, 1, False
61.94698, 2021-07-05T15:20:14.9754580+08:00, 0, 12.94095, 48.29629, 1, 1, 1, False
61.95301, 2021-07-05T15:20:14.9815590+08:00, 0, 12.94095, 48.29629, 1, 1, 1, False
61.95942, 2021-07-05T15:20:14.9879130+08:00, 0, 12.94095, 48.29629, 1, 1, 1, False
61.96667, 2021-07-05T15:20:14.9952200+08:00, 0, 12.94095, 48.29629, 1, 1, 1, False
61.9747, 2021-07-05T15:20:15.0031770+08:00, 0, 12.94095, 48.29629, 1, 1, 1, False
61.97874, 2021-07-05T15:20:15.0072660+08:00, 0, 12.94095, 48.29629, 1, 1, 1, False
61.98535, 2021-07-05T15:20:15.0139430+08:00, 0, 12.94095, 48.29629, 1, 1, 1, False
61.99198, 2021-07-05T15:20:15.0205260+08:00, 0, 12.94095, 48.29629, 1, 1, 1, False
61.99858, 2021-07-05T15:20:15.0271070+08:00, 0, 12.94095, 48.29629, 1, 1, 1, False
62.00509, 2021-07-05T15:20:15.0336450+08:00, 0, 12.94095, 48.29629, 1, 1, 1, False
62.01165, 2021-07-05T15:20:15.0401570+08:00, 0, 12.94095, 48.29629, 1, 1, 1, False
62.01888, 2021-07-05T15:20:15.0475090+08:00, 0, 12.94095, 48.29629, 1, 1, 1, False
62.02666, 2021-07-05T15:20:15.0551980+08:00, 0, 12.94095, 48.29629, 1, 1, 1, False
62.03492, 2021-07-05T15:20:15.0634470+08:00, 0, 12.94095, 48.29629, 1, 1, 1, False
62.04226, 2021-07-05T15:20:15.0707560+08:00, 0, 12.94095, 48.29629, 1, 1, 1, False
62.04606, 2021-07-05T15:20:15.0745070+08:00, 0, 12.94095, 48.29629, 1, 1, 1, False
62.05087, 2021-07-05T15:20:15.0793710+08:00, 0, 12.94095, 48.29629, 1, 1, 1, False
62.05746, 2021-07-05T15:20:15.0859540+08:00, 0, 12.94095, 48.29629, 1, 1, 1, False
62.06403, 2021-07-05T15:20:15.0925790+08:00, 0, 12.94095, 48.29629, 1, 1, 1, False
62.07073, 2021-07-05T15:20:15.0993460+08:00, 0, 12.94095, 48.29629, 1, 1, 1, False
62.07715, 2021-07-05T15:20:15.1056660+08:00, 0, 12.94095, 48.29629, 1, 1, 1, False
62.08377, 2021-07-05T15:20:15.1123820+08:00, 0, 12.94095, 48.29629, 1, 1, 1, False
62.0906, 2021-07-05T15:20:15.1191050+08:00, 0, 12.94095, 48.29629, 1, 1, 1, False
62.09734, 2021-07-05T15:20:15.1258740+08:00, 0, 12.94095, 48.29629, 1, 1, 1, False
62.10325, 2021-07-05T15:20:15.1318210+08:00, 0, 12.94095, 48.29629, 1, 1, 1, False
62.11037, 2021-07-05T15:20:15.1388620+08:00, 0, 12.94095, 48.29629, 1, 1, 1, False
62.11617, 2021-07-05T15:20:15.1447170+08:00, 0, 12.94095, 48.29629, 1, 1, 1, False
62.12308, 2021-07-05T15:20:15.1516180+08:00, 0, 12.94095, 48.29629, 1, 1, 1, False
62.13044, 2021-07-05T15:20:15.1589320+08:00, 0, 12.94095, 48.29629, 1, 1, 1, False
62.13588, 2021-07-05T15:20:15.1643700+08:00, 0, 12.94095, 48.29629, 1, 1, 1, False
62.14275, 2021-07-05T15:20:15.1712790+08:00, 0, 12.94095, 48.29629, 1, 1, 1, False
62.149, 2021-07-05T15:20:15.1775360+08:00, 0, 12.94095, 48.29629, 1, 1, 1, False
62.15599, 2021-07-05T15:20:15.1845080+08:00, 0, 12.94095, 48.29629, 1, 1, 1, False
62.16275, 2021-07-05T15:20:15.1913040+08:00, 0, 12.94095, 48.29629, 1, 1, 1, False
62.16881, 2021-07-05T15:20:15.1974310+08:00, 0, 12.94095, 48.29629, 1, 1, 1, False
62.17552, 2021-07-05T15:20:15.2040210+08:00, 0, 12.94095, 48.29629, 1, 1, 1, False
62.18251, 2021-07-05T15:20:15.2110270+08:00, 0, 12.94095, 48.29629, 1, 1, 1, False
62.18886, 2021-07-05T15:20:15.2174630+08:00, 0, 12.94095, 48.29629, 1, 1, 1, False
62.1956, 2021-07-05T15:20:15.2241070+08:00, 0, 12.94095, 48.29629, 1, 1, 1, False
62.20262, 2021-07-05T15:20:15.2311630+08:00, 0, 12.94095, 48.29629, 1, 1, 1, False
62.21016, 2021-07-05T15:20:15.2387280+08:00, 0, 12.94095, 48.29629, 1, 1, 1, False
62.21502, 2021-07-05T15:20:15.2434930+08:00, 0, 12.94095, 48.29629, 1, 1, 1, False
62.22124, 2021-07-05T15:20:15.2499920+08:00, 0, 12.94095, 48.29629, 1, 1, 1, False
62.22789, 2021-07-05T15:20:15.2564510+08:00, 0, 12.94095, 48.29629, 1, 1, 1, False
62.23439, 2021-07-05T15:20:15.2629480+08:00, 0, 12.94095, 48.29629, 1, 1, 1, False
62.24127, 2021-07-05T15:20:15.2697980+08:00, 0, 12.94095, 48.29629, 1, 1, 1, False
62.24732, 2021-07-05T15:20:15.2758580+08:00, 0, 12.94095, 48.29629, 1, 1, 1, False
62.25421, 2021-07-05T15:20:15.2828200+08:00, 0, 12.94095, 48.29629, 1, 1, 1, False
62.26172, 2021-07-05T15:20:15.2902970+08:00, 0, 12.94095, 48.29629, 1, 1, 1, False
62.28276, 2021-07-05T15:20:15.3112770+08:00, 0, 12.94095, 48.29629, 1, 1, 1, False
62.28608, 2021-07-05T15:20:15.3145270+08:00, 0, 12.94095, 48.29629, 1, 1, 1, False
62.2901, 2021-07-05T15:20:15.3185390+08:00, 0, 12.94095, 48.29629, 1, 1, 1, False
62.29422, 2021-07-05T15:20:15.3226880+08:00, 0, 12.94095, 48.29629, 1, 1, 1, False
62.29829, 2021-07-05T15:20:15.3267410+08:00, 0, 12.94095, 48.29629, 1, 1, 1, False
62.30217, 2021-07-05T15:20:15.3306740+08:00, 0, 12.94095, 48.29629, 1, 1, 1, False
62.30754, 2021-07-05T15:20:15.3360260+08:00, 0, 12.94095, 48.29629, 1, 1, 1, False
62.3134, 2021-07-05T15:20:15.3419780+08:00, 0, 12.94095, 48.29629, 1, 1, 1, False
62.31992, 2021-07-05T15:20:15.3485040+08:00, 0, 12.94095, 48.29629, 1, 1, 1, False
62.32695, 2021-07-05T15:20:15.3554950+08:00, 0, 12.94095, 48.29629, 1, 1, 1, False
62.333, 2021-07-05T15:20:15.3615370+08:00, 0, 12.94095, 48.29629, 1, 1, 1, False
62.33986, 2021-07-05T15:20:15.3683740+08:00, 0, 12.94095, 48.29629, 1, 1, 1, False
62.34637, 2021-07-05T15:20:15.3748910+08:00, 0, 12.94095, 48.29629, 1, 1, 1, False
62.35273, 2021-07-05T15:20:15.3813260+08:00, 0, 12.94095, 48.29629, 1, 1, 1, False
62.36036, 2021-07-05T15:20:15.3889260+08:00, 0, 12.94095, 48.29629, 1, 1, 1, False
62.3666, 2021-07-05T15:20:15.3950660+08:00, 0, 12.94095, 48.29629, 1, 1, 1, False
62.37304, 2021-07-05T15:20:15.4015380+08:00, 0, 12.94095, 48.29629, 1, 1, 1, False
62.37894, 2021-07-05T15:20:15.4074620+08:00, 0, 12.94095, 48.29629, 1, 1, 1, False
62.38545, 2021-07-05T15:20:15.4140720+08:00, 0, 12.94095, 48.29629, 1, 1, 1, False
62.39194, 2021-07-05T15:20:15.4204430+08:00, 0, 12.94095, 48.29629, 1, 1, 1, False
62.39865, 2021-07-05T15:20:15.4272300+08:00, 0, 12.94095, 48.29629, 1, 1, 1, False
62.4061, 2021-07-05T15:20:15.4377650+08:00, 0, 12.94095, 48.29629, 1, 1, 1, False
62.41426, 2021-07-05T15:20:15.4427080+08:00, 0, 12.94095, 48.29629, 1, 1, 1, False
62.4187, 2021-07-05T15:20:15.4472340+08:00, 0, 12.94095, 48.29629, 1, 1, 1, False
62.42604, 2021-07-05T15:20:15.4545550+08:00, 0, 12.94095, 48.29629, 1, 1, 1, False
62.43204, 2021-07-05T15:20:15.4605780+08:00, 0, 12.94095, 48.29629, 1, 1, 1, False
62.43852, 2021-07-05T15:20:15.4670120+08:00, 0, 12.94095, 48.29629, 1, 1, 1, False
62.44464, 2021-07-05T15:20:15.4731740+08:00, 0, 12.94095, 48.29629, 1, 1, 1, False
62.45153, 2021-07-05T15:20:15.4800760+08:00, 0, 12.94095, 48.29629, 1, 1, 1, False
62.4586, 2021-07-05T15:20:15.4870830+08:00, 0, 12.94095, 48.29629, 1, 1, 1, False
62.46486, 2021-07-05T15:20:15.4934090+08:00, 0, 12.94095, 48.29629, 1, 1, 1, False
62.47128, 2021-07-05T15:20:15.4997950+08:00, 0, 12.94095, 48.29629, 1, 1, 1, False
62.47847, 2021-07-05T15:20:15.5069600+08:00, 0, 12.94095, 48.29629, 1, 1, 1, False
62.4842, 2021-07-05T15:20:15.5128350+08:00, 0, 12.94095, 48.29629, 1, 1, 1, False
62.4911, 2021-07-05T15:20:15.5196030+08:00, 0, 12.94095, 48.29629, 1, 1, 1, False
62.49843, 2021-07-05T15:20:15.5269310+08:00, 0, 12.94095, 48.29629, 1, 1, 1, False
62.50385, 2021-07-05T15:20:15.5324900+08:00, 0, 12.94095, 48.29629, 1, 1, 1, False
62.51118, 2021-07-05T15:20:15.5396890+08:00, 0, 12.94095, 48.29629, 1, 1, 1, False
62.51678, 2021-07-05T15:20:15.5453480+08:00, 0, 12.94095, 48.29629, 1, 1, 1, False
62.52407, 2021-07-05T15:20:15.5526450+08:00, 0, 12.94095, 48.29629, 1, 1, 1, False
62.5307, 2021-07-05T15:20:15.5592620+08:00, 0, 12.94095, 48.29629, 1, 1, 1, False
62.53825, 2021-07-05T15:20:15.5667180+08:00, 0, 12.94095, 48.29629, 1, 1, 1, False
62.54267, 2021-07-05T15:20:15.5712220+08:00, 0, 12.94095, 48.29629, 1, 1, 1, False
62.54931, 2021-07-05T15:20:15.5778660+08:00, 0, 12.94095, 48.29629, 1, 1, 1, False
62.55584, 2021-07-05T15:20:15.5844180+08:00, 0, 12.94095, 48.29629, 1, 1, 1, False
62.56268, 2021-07-05T15:20:15.5912890+08:00, 0, 12.94095, 48.29629, 1, 1, 1, False
62.56926, 2021-07-05T15:20:15.5978020+08:00, 0, 12.94095, 48.29629, 1, 1, 1, False
62.5758, 2021-07-05T15:20:15.6042990+08:00, 0, 12.94095, 48.29629, 1, 1, 1, False
62.58262, 2021-07-05T15:20:15.6111200+08:00, 0, 12.94095, 48.29629, 1, 1, 1, False
62.58882, 2021-07-05T15:20:15.6173180+08:00, 0, 12.94095, 48.29629, 1, 1, 1, False
62.59551, 2021-07-05T15:20:15.6240060+08:00, 0, 12.94095, 48.29629, 1, 1, 1, False
62.60247, 2021-07-05T15:20:15.6311040+08:00, 0, 12.94095, 48.29629, 1, 1, 1, False
62.61021, 2021-07-05T15:20:15.6387210+08:00, 0, 12.94095, 48.29629, 1, 1, 1, False
62.61662, 2021-07-05T15:20:15.6451720+08:00, 0, 12.94095, 48.29629, 1, 1, 1, False
62.6233, 2021-07-05T15:20:15.6518390+08:00, 0, 12.94095, 48.29629, 1, 1, 1, False
62.63077, 2021-07-05T15:20:15.6592480+08:00, 0, 12.94095, 48.29629, 1, 1, 1, False
62.63716, 2021-07-05T15:20:15.6656490+08:00, 0, 12.94095, 48.29629, 1, 1, 1, False
62.64346, 2021-07-05T15:20:15.6720000+08:00, 0, 12.94095, 48.29629, 1, 1, 1, False
62.65035, 2021-07-05T15:20:15.6789440+08:00, 0, 12.94095, 48.29629, 1, 1, 1, False
62.65737, 2021-07-05T15:20:15.6859050+08:00, 0, 12.94095, 48.29629, 1, 1, 1, False
62.66412, 2021-07-05T15:20:15.6926620+08:00, 0, 12.94095, 48.29629, 1, 1, 1, False
62.67108, 2021-07-05T15:20:15.6995750+08:00, 0, 12.94095, 48.29629, 1, 1, 1, False
62.67875, 2021-07-05T15:20:15.7072540+08:00, 0, 12.94095, 48.29629, 1, 1, 1, False
62.68529, 2021-07-05T15:20:15.7138360+08:00, 0, 12.94095, 48.29629, 1, 1, 1, False
62.69164, 2021-07-05T15:20:15.7201470+08:00, 0, 12.94095, 48.29629, 1, 1, 1, False
62.69851, 2021-07-05T15:20:15.7270170+08:00, 0, 12.94095, 48.29629, 1, 1, 1, False
62.70636, 2021-07-05T15:20:15.7348700+08:00, 0, 12.94095, 48.29629, 1, 1, 1, False
62.7118, 2021-07-05T15:20:15.7403170+08:00, 0, 12.94095, 48.29629, 1, 1, 1, False
62.71882, 2021-07-05T15:20:15.7473660+08:00, 0, 12.94095, 48.29629, 1, 1, 1, False
62.72634, 2021-07-05T15:20:15.7548540+08:00, 0, 12.94095, 48.29629, 1, 1, 1, False
62.73246, 2021-07-05T15:20:15.7610260+08:00, 0, 12.94095, 48.29629, 1, 1, 1, False
62.7392, 2021-07-05T15:20:15.7677030+08:00, 0, 12.94095, 48.29629, 1, 1, 1, False
62.74681, 2021-07-05T15:20:15.7753630+08:00, 0, 12.94095, 48.29629, 1, 1, 1, False
62.75308, 2021-07-05T15:20:15.7816600+08:00, 0, 12.94095, 48.29629, 1, 1, 1, False
62.75988, 2021-07-05T15:20:15.7883960+08:00, 0, 12.94095, 48.29629, 1, 1, 1, False
62.76668, 2021-07-05T15:20:15.7952630+08:00, 0, 12.94095, 48.29629, 1, 1, 1, False
62.77337, 2021-07-05T15:20:15.8019610+08:00, 0, 12.94095, 48.29629, 1, 1, 1, False
62.78011, 2021-07-05T15:20:15.8086770+08:00, 0, 12.94095, 48.29629, 1, 1, 1, False
62.78684, 2021-07-05T15:20:15.8154020+08:00, 0, 12.94095, 48.29629, 1, 1, 1, False
62.79478, 2021-07-05T15:20:15.8232860+08:00, 0, 12.94095, 48.29629, 1, 1, 1, False
62.80239, 2021-07-05T15:20:15.8309190+08:00, 0, 12.94095, 48.29629, 1, 1, 1, False
62.80758, 2021-07-05T15:20:15.8360770+08:00, 0, 12.94095, 48.29629, 1, 1, 1, False
62.81453, 2021-07-05T15:20:15.8430250+08:00, 0, 12.94095, 48.29629, 1, 1, 1, False
62.8206, 2021-07-05T15:20:15.8491810+08:00, 0, 12.94095, 48.29629, 1, 1, 1, False
62.82732, 2021-07-05T15:20:15.8558200+08:00, 0, 12.94095, 48.29629, 1, 1, 1, False
62.83467, 2021-07-05T15:20:15.8632650+08:00, 0, 12.94095, 48.29629, 1, 1, 1, False
62.84269, 2021-07-05T15:20:15.8712210+08:00, 0, 12.94095, 48.29629, 1, 1, 1, False
62.84747, 2021-07-05T15:20:15.8759670+08:00, 0, 12.94095, 48.29629, 1, 1, 1, False
62.85434, 2021-07-05T15:20:15.8829020+08:00, 0, 12.94095, 48.29629, 1, 1, 1, False
62.86167, 2021-07-05T15:20:15.8902290+08:00, 0, 12.94095, 48.29629, 1, 1, 1, False
62.86798, 2021-07-05T15:20:15.8965750+08:00, 0, 12.94095, 48.29629, 1, 1, 1, False
62.87477, 2021-07-05T15:20:15.9032800+08:00, 0, 12.94095, 48.29629, 1, 1, 1, False
62.88111, 2021-07-05T15:20:15.9097420+08:00, 0, 12.94095, 48.29629, 1, 1, 1, False
62.88791, 2021-07-05T15:20:15.9164970+08:00, 0, 12.94095, 48.29629, 1, 1, 1, False
62.89456, 2021-07-05T15:20:15.9231000+08:00, 0, 12.94095, 48.29629, 1, 1, 1, False
62.90145, 2021-07-05T15:20:15.9300170+08:00, 0, 12.94095, 48.29629, 1, 1, 1, False
62.90822, 2021-07-05T15:20:15.9367440+08:00, 0, 12.94095, 48.29629, 1, 1, 1, False
62.91506, 2021-07-05T15:20:15.9435900+08:00, 0, 12.94095, 48.29629, 1, 1, 1, False
62.92172, 2021-07-05T15:20:15.9502510+08:00, 0, 12.94095, 48.29629, 1, 1, 1, False
62.92837, 2021-07-05T15:20:15.9569330+08:00, 0, 12.94095, 48.29629, 1, 1, 1, False
62.93517, 2021-07-05T15:20:15.9637660+08:00, 0, 12.94095, 48.29629, 1, 1, 1, False
62.94273, 2021-07-05T15:20:15.9712670+08:00, 0, 12.94095, 48.29629, 1, 1, 1, False
62.94897, 2021-07-05T15:20:15.9775130+08:00, 0, 12.94095, 48.29629, 1, 1, 1, False
62.95572, 2021-07-05T15:20:15.9842360+08:00, 0, 12.94095, 48.29629, 1, 1, 1, False
62.96306, 2021-07-05T15:20:15.9916270+08:00, 0, 12.94095, 48.29629, 1, 1, 1, False
62.97036, 2021-07-05T15:20:15.9988960+08:00, 0, 12.94095, 48.29629, 1, 1, 1, False
62.97596, 2021-07-05T15:20:16.0044810+08:00, 0, 12.94095, 48.29629, 1, 1, 1, False
62.98291, 2021-07-05T15:20:16.0114630+08:00, 0, 12.94095, 48.29629, 1, 1, 1, False
62.9905, 2021-07-05T15:20:16.0190400+08:00, 0, 12.94095, 48.29629, 1, 1, 1, False
62.99867, 2021-07-05T15:20:16.0271610+08:00, 0, 12.94095, 48.29629, 1, 1, 1, False
63.00659, 2021-07-05T15:20:16.0351340+08:00, 0, 12.94095, 48.29629, 1, 1, 1, False
63.01052, 2021-07-05T15:20:16.0390180+08:00, 0, 12.94095, 48.29629, 1, 1, 1, False
63.01686, 2021-07-05T15:20:16.0453600+08:00, 0, 12.94095, 48.29629, 1, 1, 1, False
63.02436, 2021-07-05T15:20:16.0529130+08:00, 0, 12.94095, 48.29629, 1, 1, 1, False
63.03057, 2021-07-05T15:20:16.0591270+08:00, 0, 12.94095, 48.29629, 1, 1, 1, False
63.03766, 2021-07-05T15:20:16.0661570+08:00, 0, 12.94095, 48.29629, 1, 1, 1, False
63.04372, 2021-07-05T15:20:16.0723390+08:00, 0, 12.94095, 48.29629, 1, 1, 1, False
63.05078, 2021-07-05T15:20:16.0793390+08:00, 0, 12.94095, 48.29629, 1, 1, 1, False
63.05841, 2021-07-05T15:20:16.0870000+08:00, 0, 12.94095, 48.29629, 1, 1, 1, False
63.06637, 2021-07-05T15:20:16.0949000+08:00, 0, 12.94095, 48.29629, 1, 1, 1, False
63.07095, 2021-07-05T15:20:16.0995450+08:00, 0, 12.94095, 48.29629, 1, 1, 1, False
63.07874, 2021-07-05T15:20:16.1072440+08:00, 0, 12.94095, 48.29629, 1, 1, 1, False
63.08511, 2021-07-05T15:20:16.1136920+08:00, 0, 12.94095, 48.29629, 1, 1, 1, False
63.09129, 2021-07-05T15:20:16.1198550+08:00, 0, 12.94095, 48.29629, 1, 1, 1, False
63.0988, 2021-07-05T15:20:16.1273340+08:00, 0, 12.94095, 48.29629, 1, 1, 1, False
63.10646, 2021-07-05T15:20:16.1349970+08:00, 0, 12.94095, 48.29629, 1, 1, 1, False
63.11151, 2021-07-05T15:20:16.1400300+08:00, 0, 12.94095, 48.29629, 1, 1, 1, False
63.14135, 2021-07-05T15:20:16.1699250+08:00, 0, 12.94095, 48.29629, 1, 1, 1, False
63.14624, 2021-07-05T15:20:16.1747300+08:00, 0, 12.94095, 48.29629, 1, 1, 1, False
63.15015, 2021-07-05T15:20:16.1786460+08:00, 0, 12.94095, 48.29629, 1, 1, 1, False
63.15413, 2021-07-05T15:20:16.1825870+08:00, 0, 12.94095, 48.29629, 1, 1, 1, False
63.15809, 2021-07-05T15:20:16.1865460+08:00, 0, 12.94095, 48.29629, 1, 1, 1, False
63.16222, 2021-07-05T15:20:16.1907230+08:00, 0, 12.94095, 48.29629, 1, 1, 1, False
63.16606, 2021-07-05T15:20:16.1945140+08:00, 0, 12.94095, 48.29629, 1, 1, 1, False
63.17018, 2021-07-05T15:20:16.1986700+08:00, 0, 12.94095, 48.29629, 1, 1, 1, False
63.17642, 2021-07-05T15:20:16.2049810+08:00, 0, 12.94095, 48.29629, 1, 1, 1, False
63.18343, 2021-07-05T15:20:16.2119450+08:00, 0, 12.94095, 48.29629, 1, 1, 1, False
63.19046, 2021-07-05T15:20:16.2189570+08:00, 0, 12.94095, 48.29629, 1, 1, 1, False
63.19711, 2021-07-05T15:20:16.2255950+08:00, 0, 12.94095, 48.29629, 1, 1, 1, False
63.20333, 2021-07-05T15:20:16.2319170+08:00, 0, 12.94095, 48.29629, 1, 1, 1, False
63.21085, 2021-07-05T15:20:16.2393700+08:00, 0, 12.94095, 48.29629, 1, 1, 1, False
63.21836, 2021-07-05T15:20:16.2469240+08:00, 0, 12.94095, 48.29629, 1, 1, 1, False
63.22669, 2021-07-05T15:20:16.2552070+08:00, 0, 12.94095, 48.29629, 1, 1, 1, False
63.23117, 2021-07-05T15:20:16.2596600+08:00, 0, 12.94095, 48.29629, 1, 1, 1, False
63.23733, 2021-07-05T15:20:16.2658770+08:00, 0, 12.94095, 48.29629, 1, 1, 1, False
63.24403, 2021-07-05T15:20:16.2726870+08:00, 0, 12.94095, 48.29629, 1, 1, 1, False
63.2508, 2021-07-05T15:20:16.2793400+08:00, 0, 12.94095, 48.29629, 1, 1, 1, False
63.25829, 2021-07-05T15:20:16.2867910+08:00, 0, 12.94095, 48.29629, 1, 1, 1, False
63.26515, 2021-07-05T15:20:16.2936910+08:00, 0, 12.94095, 48.29629, 1, 1, 1, False
63.27131, 2021-07-05T15:20:16.2998570+08:00, 0, 12.94095, 48.29629, 1, 1, 1, False
63.28284, 2021-07-05T15:20:16.3115080+08:00, 0, 12.94095, 48.29629, 1, 1, 1, False
63.29052, 2021-07-05T15:20:16.3190030+08:00, 0, 12.94095, 48.29629, 1, 1, 1, False
63.29576, 2021-07-05T15:20:16.3242760+08:00, 0, 12.94095, 48.29629, 1, 1, 1, False
63.3026, 2021-07-05T15:20:16.3311500+08:00, 0, 12.94095, 48.29629, 1, 1, 1, False
63.30931, 2021-07-05T15:20:16.3378160+08:00, 0, 12.94095, 48.29629, 1, 1, 1, False
63.31627, 2021-07-05T15:20:16.3447880+08:00, 0, 12.94095, 48.29629, 1, 1, 1, False
63.32275, 2021-07-05T15:20:16.3513190+08:00, 0, 12.94095, 48.29629, 1, 1, 1, False
63.32945, 2021-07-05T15:20:16.3579540+08:00, 0, 12.94095, 48.29629, 1, 1, 1, False
63.33624, 2021-07-05T15:20:16.3648030+08:00, 0, 12.94095, 48.29629, 1, 1, 1, False
63.34371, 2021-07-05T15:20:16.3722400+08:00, 0, 12.94095, 48.29629, 1, 1, 1, False
63.35036, 2021-07-05T15:20:16.3788340+08:00, 0, 12.94095, 48.29629, 1, 1, 1, False
63.35674, 2021-07-05T15:20:16.3852960+08:00, 0, 12.94095, 48.29629, 1, 1, 1, False
63.36666, 2021-07-05T15:20:16.3996870+08:00, 0, 12.94095, 48.29629, 1, 1, 1, False
63.37437, 2021-07-05T15:20:16.4028470+08:00, 0, 12.94095, 48.29629, 1, 1, 1, False
63.37827, 2021-07-05T15:20:16.4067250+08:00, 0, 12.94095, 48.29629, 1, 1, 1, False
63.38421, 2021-07-05T15:20:16.4127430+08:00, 0, 12.94095, 48.29629, 1, 1, 1, False
63.39068, 2021-07-05T15:20:16.4192450+08:00, 0, 12.94095, 48.29629, 1, 1, 1, False
63.3976, 2021-07-05T15:20:16.4261660+08:00, 0, 12.94095, 48.29629, 1, 1, 1, False
63.4043, 2021-07-05T15:20:16.4329340+08:00, 0, 12.94095, 48.29629, 1, 1, 1, False
63.4113, 2021-07-05T15:20:16.4398260+08:00, 0, 12.94095, 48.29629, 1, 1, 1, False
63.41872, 2021-07-05T15:20:16.4472340+08:00, 0, 12.94095, 48.29629, 1, 1, 1, False
63.42515, 2021-07-05T15:20:16.4537440+08:00, 0, 12.94095, 48.29629, 1, 1, 1, False
63.43187, 2021-07-05T15:20:16.4603860+08:00, 0, 12.94095, 48.29629, 1, 1, 1, False
63.43862, 2021-07-05T15:20:16.4671940+08:00, 0, 12.94095, 48.29629, 1, 1, 1, False
63.44607, 2021-07-05T15:20:16.4746470+08:00, 0, 12.94095, 48.29629, 1, 1, 1, False
63.45226, 2021-07-05T15:20:16.4807720+08:00, 0, 12.94095, 48.29629, 1, 1, 1, False
63.45935, 2021-07-05T15:20:16.4879410+08:00, 0, 12.94095, 48.29629, 1, 1, 1, False
63.46674, 2021-07-05T15:20:16.4953170+08:00, 0, 12.94095, 48.29629, 1, 1, 1, False
63.47301, 2021-07-05T15:20:16.5015290+08:00, 0, 12.94095, 48.29629, 1, 1, 1, False
63.47934, 2021-07-05T15:20:16.5078740+08:00, 0, 12.94095, 48.29629, 1, 1, 1, False
63.48636, 2021-07-05T15:20:16.5150140+08:00, 0, 12.94095, 48.29629, 1, 1, 1, False
63.49391, 2021-07-05T15:20:16.5224410+08:00, 0, 12.94095, 48.29629, 1, 1, 1, False
63.50019, 2021-07-05T15:20:16.5287710+08:00, 0, 12.94095, 48.29629, 1, 1, 1, False
63.50741, 2021-07-05T15:20:16.5359230+08:00, 0, 12.94095, 48.29629, 1, 1, 1, False
63.51474, 2021-07-05T15:20:16.5432350+08:00, 0, 12.94095, 48.29629, 1, 1, 1, False
63.52117, 2021-07-05T15:20:16.5497090+08:00, 0, 12.94095, 48.29629, 1, 1, 1, False
63.52739, 2021-07-05T15:20:16.5559530+08:00, 0, 12.94095, 48.29629, 1, 1, 1, False
63.5346, 2021-07-05T15:20:16.5630800+08:00, 0, 12.94095, 48.29629, 1, 1, 1, False
63.54132, 2021-07-05T15:20:16.5698940+08:00, 0, 12.94095, 48.29629, 1, 1, 1, False
63.5479, 2021-07-05T15:20:16.5764260+08:00, 0, 12.94095, 48.29629, 1, 1, 1, False
63.55494, 2021-07-05T15:20:16.5835670+08:00, 0, 12.94095, 48.29629, 1, 1, 1, False
63.56269, 2021-07-05T15:20:16.5912600+08:00, 0, 12.94095, 48.29629, 1, 1, 1, False
63.56905, 2021-07-05T15:20:16.5977000+08:00, 0, 12.94095, 48.29629, 1, 1, 1, False
63.57598, 2021-07-05T15:20:16.6044970+08:00, 0, 12.94095, 48.29629, 1, 1, 1, False
63.58337, 2021-07-05T15:20:16.6119740+08:00, 0, 12.94095, 48.29629, 1, 1, 1, False
63.59041, 2021-07-05T15:20:16.6189030+08:00, 0, 12.94095, 48.29629, 1, 1, 1, False
63.59616, 2021-07-05T15:20:16.6246990+08:00, 0, 12.94095, 48.29629, 1, 1, 1, False
63.60334, 2021-07-05T15:20:16.6319500+08:00, 0, 12.94095, 48.29629, 1, 1, 1, False
63.61062, 2021-07-05T15:20:16.6391080+08:00, 0, 12.94095, 48.29629, 1, 1, 1, False
63.61675, 2021-07-05T15:20:16.6452550+08:00, 0, 12.94095, 48.29629, 1, 1, 1, False
63.62358, 2021-07-05T15:20:16.6521760+08:00, 0, 12.94095, 48.29629, 1, 1, 1, False
63.6306, 2021-07-05T15:20:16.6590990+08:00, 0, 12.94095, 48.29629, 1, 1, 1, False
63.63708, 2021-07-05T15:20:16.6656670+08:00, 0, 12.94095, 48.29629, 1, 1, 1, False
63.64471, 2021-07-05T15:20:16.6732900+08:00, 0, 12.94095, 48.29629, 1, 1, 1, False
63.65126, 2021-07-05T15:20:16.6799360+08:00, 0, 12.94095, 48.29629, 1, 1, 1, False
63.65863, 2021-07-05T15:20:16.6871200+08:00, 0, 12.94095, 48.29629, 1, 1, 1, False
63.66575, 2021-07-05T15:20:16.6943640+08:00, 0, 12.94095, 48.29629, 1, 1, 1, False
63.67204, 2021-07-05T15:20:16.7006940+08:00, 0, 12.94095, 48.29629, 1, 1, 1, False
63.67874, 2021-07-05T15:20:16.7072540+08:00, 0, 12.94095, 48.29629, 1, 1, 1, False
63.68558, 2021-07-05T15:20:16.7142010+08:00, 0, 12.94095, 48.29629, 1, 1, 1, False
63.69314, 2021-07-05T15:20:16.7216550+08:00, 0, 12.94095, 48.29629, 1, 1, 1, False
63.69872, 2021-07-05T15:20:16.7272750+08:00, 0, 12.94095, 48.29629, 1, 1, 1, False
63.70565, 2021-07-05T15:20:16.7342400+08:00, 0, 12.94095, 48.29629, 1, 1, 1, False
63.71315, 2021-07-05T15:20:16.7416700+08:00, 0, 12.94095, 48.29629, 1, 1, 1, False
63.71952, 2021-07-05T15:20:16.7481250+08:00, 0, 12.94095, 48.29629, 1, 1, 1, False
63.72681, 2021-07-05T15:20:16.7553490+08:00, 0, 12.94095, 48.29629, 1, 1, 1, False
63.73326, 2021-07-05T15:20:16.7618200+08:00, 0, 12.94095, 48.29629, 1, 1, 1, False
63.74008, 2021-07-05T15:20:16.7686970+08:00, 0, 12.94095, 48.29629, 1, 1, 1, False
63.7468, 2021-07-05T15:20:16.7753770+08:00, 0, 12.94095, 48.29629, 1, 1, 1, False
63.75372, 2021-07-05T15:20:16.7823050+08:00, 0, 12.94095, 48.29629, 1, 1, 1, False
63.76153, 2021-07-05T15:20:16.7901240+08:00, 0, 12.94095, 48.29629, 1, 1, 1, False
63.76789, 2021-07-05T15:20:16.7966050+08:00, 0, 12.94095, 48.29629, 1, 1, 1, False
63.77463, 2021-07-05T15:20:16.8031740+08:00, 0, 12.94095, 48.29629, 1, 1, 1, False
63.78096, 2021-07-05T15:20:16.8095370+08:00, 0, 12.94095, 48.29629, 1, 1, 1, False
63.7879, 2021-07-05T15:20:16.8164820+08:00, 0, 12.94095, 48.29629, 1, 1, 1, False
63.79461, 2021-07-05T15:20:16.8231390+08:00, 0, 12.94095, 48.29629, 1, 1, 1, False
63.8017, 2021-07-05T15:20:16.8304030+08:00, 0, 12.94095, 48.29629, 1, 1, 1, False
63.80866, 2021-07-05T15:20:16.8372000+08:00, 0, 12.94095, 48.29629, 1, 1, 1, False
63.81541, 2021-07-05T15:20:16.8439310+08:00, 0, 12.94095, 48.29629, 1, 1, 1, False
63.82257, 2021-07-05T15:20:16.8511530+08:00, 0, 12.94095, 48.29629, 1, 1, 1, False
63.83024, 2021-07-05T15:20:16.8587470+08:00, 0, 12.94095, 48.29629, 1, 1, 1, False
63.8361, 2021-07-05T15:20:16.8646270+08:00, 0, 12.94095, 48.29629, 1, 1, 1, False
63.84269, 2021-07-05T15:20:16.8712880+08:00, 0, 12.94095, 48.29629, 1, 1, 1, False
63.84966, 2021-07-05T15:20:16.8782800+08:00, 0, 12.94095, 48.29629, 1, 1, 1, False
63.85708, 2021-07-05T15:20:16.8856020+08:00, 0, 12.94095, 48.29629, 1, 1, 1, False
63.86339, 2021-07-05T15:20:16.8919590+08:00, 0, 12.94095, 48.29629, 1, 1, 1, False
63.87088, 2021-07-05T15:20:16.8993840+08:00, 0, 12.94095, 48.29629, 1, 1, 1, False
63.87711, 2021-07-05T15:20:16.9056490+08:00, 0, 12.94095, 48.29629, 1, 1, 1, False
63.88399, 2021-07-05T15:20:16.9125290+08:00, 0, 12.94095, 48.29629, 1, 1, 1, False
63.89063, 2021-07-05T15:20:16.9191440+08:00, 0, 12.94095, 48.29629, 1, 1, 1, False
63.8974, 2021-07-05T15:20:16.9259300+08:00, 0, 12.94095, 48.29629, 1, 1, 1, False
63.90425, 2021-07-05T15:20:16.9329540+08:00, 0, 12.94095, 48.29629, 1, 1, 1, False
63.91192, 2021-07-05T15:20:16.9404340+08:00, 0, 12.94095, 48.29629, 1, 1, 1, False
63.9186, 2021-07-05T15:20:16.9471180+08:00, 0, 12.94095, 48.29629, 1, 1, 1, False
63.92502, 2021-07-05T15:20:16.9536030+08:00, 0, 12.94095, 48.29629, 1, 1, 1, False
63.93246, 2021-07-05T15:20:16.9609780+08:00, 0, 12.94095, 48.29629, 1, 1, 1, False
63.93913, 2021-07-05T15:20:16.9676170+08:00, 0, 12.94095, 48.29629, 1, 1, 1, False
63.94533, 2021-07-05T15:20:16.9738670+08:00, 0, 12.94095, 48.29629, 1, 1, 1, False
63.95215, 2021-07-05T15:20:16.9807390+08:00, 0, 12.94095, 48.29629, 1, 1, 1, False
63.95984, 2021-07-05T15:20:16.9883490+08:00, 0, 12.94095, 48.29629, 1, 1, 1, False
63.96674, 2021-07-05T15:20:16.9952590+08:00, 0, 12.94095, 48.29629, 1, 1, 1, False
63.97349, 2021-07-05T15:20:17.0020050+08:00, 0, 12.94095, 48.29629, 1, 1, 1, False
63.9795, 2021-07-05T15:20:17.0080670+08:00, 0, 12.94095, 48.29629, 1, 1, 1, False
63.98647, 2021-07-05T15:20:17.0151160+08:00, 0, 12.94095, 48.29629, 1, 1, 1, False
63.99343, 2021-07-05T15:20:17.0219820+08:00, 0, 12.94095, 48.29629, 1, 1, 1, False
64.00028, 2021-07-05T15:20:17.0289080+08:00, 0, 12.94095, 48.29629, 1, 1, 1, False
64.0075, 2021-07-05T15:20:17.0360090+08:00, 0, 12.94095, 48.29629, 1, 1, 1, False
64.01476, 2021-07-05T15:20:17.0432510+08:00, 0, 12.94095, 48.29629, 1, 1, 1, False
64.02103, 2021-07-05T15:20:17.0495720+08:00, 0, 12.94095, 48.29629, 1, 1, 1, False
64.02716, 2021-07-05T15:20:17.0557180+08:00, 0, 12.94095, 48.29629, 1, 1, 1, False
64.03454, 2021-07-05T15:20:17.0630910+08:00, 0, 12.94095, 48.29629, 1, 1, 1, False
64.04084, 2021-07-05T15:20:17.0694140+08:00, 0, 12.94095, 48.29629, 1, 1, 1, False
64.04752, 2021-07-05T15:20:17.0760120+08:00, 0, 12.94095, 48.29629, 1, 1, 1, False
64.05431, 2021-07-05T15:20:17.0828870+08:00, 0, 12.94095, 48.29629, 1, 1, 1, False
64.06196, 2021-07-05T15:20:17.0905200+08:00, 0, 12.94095, 48.29629, 1, 1, 1, False
64.06819, 2021-07-05T15:20:17.0967930+08:00, 0, 12.94095, 48.29629, 1, 1, 1, False
64.07512, 2021-07-05T15:20:17.1036500+08:00, 0, 12.94095, 48.29629, 1, 1, 1, False
64.08267, 2021-07-05T15:20:17.1112320+08:00, 0, 12.94095, 48.29629, 1, 1, 1, False
64.09073, 2021-07-05T15:20:17.1192230+08:00, 0, 12.94095, 48.29629, 1, 1, 1, False
64.09864, 2021-07-05T15:20:17.1271480+08:00, 0, 12.94095, 48.29629, 1, 1, 1, False
64.10291, 2021-07-05T15:20:17.1314660+08:00, 0, 12.94095, 48.29629, 1, 1, 1, False
64.10992, 2021-07-05T15:20:17.1384370+08:00, 0, 12.94095, 48.29629, 1, 1, 1, False
64.11629, 2021-07-05T15:20:17.1448380+08:00, 0, 12.94095, 48.29629, 1, 1, 1, False
64.12304, 2021-07-05T15:20:17.1515920+08:00, 0, 12.94095, 48.29629, 1, 1, 1, False
64.12985, 2021-07-05T15:20:17.1584070+08:00, 0, 12.94095, 48.29629, 1, 1, 1, False
64.1599, 2021-07-05T15:20:17.1884790+08:00, 0, 12.94095, 48.29629, 1, 1, 1, False
64.16682, 2021-07-05T15:20:17.1953520+08:00, 0, 12.94095, 48.29629, 1, 1, 1, False
64.17464, 2021-07-05T15:20:17.2031530+08:00, 0, 12.94095, 48.29629, 1, 1, 1, False
64.18279, 2021-07-05T15:20:17.2113290+08:00, 0, 12.94095, 48.29629, 1, 1, 1, False
64.19084, 2021-07-05T15:20:17.2194010+08:00, 0, 12.94095, 48.29629, 1, 1, 1, False
64.19851, 2021-07-05T15:20:17.2270230+08:00, 0, 12.94095, 48.29629, 1, 1, 1, False
64.20287, 2021-07-05T15:20:17.2313960+08:00, 0, 12.94095, 48.29629, 1, 1, 1, False
64.20606, 2021-07-05T15:20:17.2345400+08:00, 0, 12.94095, 48.29629, 1, 1, 1, False
64.21029, 2021-07-05T15:20:17.2387590+08:00, 0, 12.94095, 48.29629, 1, 1, 1, False
64.21423, 2021-07-05T15:20:17.2427380+08:00, 0, 12.94095, 48.29629, 1, 1, 1, False
64.21812, 2021-07-05T15:20:17.2466160+08:00, 0, 12.94095, 48.29629, 1, 1, 1, False
64.22202, 2021-07-05T15:20:17.2505170+08:00, 0, 12.94095, 48.29629, 1, 1, 1, False
64.22757, 2021-07-05T15:20:17.2561080+08:00, 0, 12.94095, 48.29629, 1, 1, 1, False
64.2346, 2021-07-05T15:20:17.2631500+08:00, 0, 12.94095, 48.29629, 1, 1, 1, False
64.24227, 2021-07-05T15:20:17.2707960+08:00, 0, 12.94095, 48.29629, 1, 1, 1, False
64.24783, 2021-07-05T15:20:17.2763460+08:00, 0, 12.94095, 48.29629, 1, 1, 1, False
64.2545, 2021-07-05T15:20:17.2830130+08:00, 0, 12.94095, 48.29629, 1, 1, 1, False
64.2613, 2021-07-05T15:20:17.2898410+08:00, 0, 12.94095, 48.29629, 1, 1, 1, False
64.26811, 2021-07-05T15:20:17.2967450+08:00, 0, 12.94095, 48.29629, 1, 1, 1, False
64.27502, 2021-07-05T15:20:17.3035670+08:00, 0, 12.94095, 48.29629, 1, 1, 1, False
64.28181, 2021-07-05T15:20:17.3103640+08:00, 0, 12.94095, 48.29629, 1, 1, 1, False
64.2885, 2021-07-05T15:20:17.3170390+08:00, 0, 12.94095, 48.29629, 1, 1, 1, False
64.29595, 2021-07-05T15:20:17.3244580+08:00, 0, 12.94095, 48.29629, 1, 1, 1, False
64.3027, 2021-07-05T15:20:17.3312720+08:00, 0, 12.94095, 48.29629, 1, 1, 1, False
64.30996, 2021-07-05T15:20:17.3385000+08:00, 0, 12.94095, 48.29629, 1, 1, 1, False
64.31621, 2021-07-05T15:20:17.3447920+08:00, 0, 12.94095, 48.29629, 1, 1, 1, False
64.32299, 2021-07-05T15:20:17.3515420+08:00, 0, 12.94095, 48.29629, 1, 1, 1, False
64.33031, 2021-07-05T15:20:17.3588290+08:00, 0, 12.94095, 48.29629, 1, 1, 1, False
64.33643, 2021-07-05T15:20:17.3649420+08:00, 0, 12.94095, 48.29629, 1, 1, 1, False
64.34418, 2021-07-05T15:20:17.3751040+08:00, 0, 12.94095, 48.29629, 1, 1, 1, False
64.35051, 2021-07-05T15:20:17.3791070+08:00, 0, 12.94095, 48.29629, 1, 1, 1, False
64.35752, 2021-07-05T15:20:17.3860650+08:00, 0, 12.94095, 48.29629, 1, 1, 1, False
64.36431, 2021-07-05T15:20:17.3928410+08:00, 0, 12.94095, 48.29629, 1, 1, 1, False
64.37109, 2021-07-05T15:20:17.3996970+08:00, 0, 12.94095, 48.29629, 1, 1, 1, False
64.37871, 2021-07-05T15:20:17.4072140+08:00, 0, 12.94095, 48.29629, 1, 1, 1, False
64.38493, 2021-07-05T15:20:17.4135970+08:00, 0, 12.94095, 48.29629, 1, 1, 1, False
64.39217, 2021-07-05T15:20:17.4206600+08:00, 0, 12.94095, 48.29629, 1, 1, 1, False
64.39859, 2021-07-05T15:20:17.4270540+08:00, 0, 12.94095, 48.29629, 1, 1, 1, False
64.40554, 2021-07-05T15:20:17.4342000+08:00, 0, 12.94095, 48.29629, 1, 1, 1, False
64.41236, 2021-07-05T15:20:17.4408680+08:00, 0, 12.94095, 48.29629, 1, 1, 1, False
64.41945, 2021-07-05T15:20:17.4480340+08:00, 0, 12.94095, 48.29629, 1, 1, 1, False
64.42622, 2021-07-05T15:20:17.4547600+08:00, 0, 12.94095, 48.29629, 1, 1, 1, False
64.43311, 2021-07-05T15:20:17.4616190+08:00, 0, 12.94095, 48.29629, 1, 1, 1, False
64.43924, 2021-07-05T15:20:17.4678400+08:00, 0, 12.94095, 48.29629, 1, 1, 1, False
64.44604, 2021-07-05T15:20:17.4745900+08:00, 0, 12.94095, 48.29629, 1, 1, 1, False
64.45283, 2021-07-05T15:20:17.4814280+08:00, 0, 12.94095, 48.29629, 1, 1, 1, False
64.46045, 2021-07-05T15:20:17.4889900+08:00, 0, 12.94095, 48.29629, 1, 1, 1, False
64.46683, 2021-07-05T15:20:17.4954320+08:00, 0, 12.94095, 48.29629, 1, 1, 1, False
64.47467, 2021-07-05T15:20:17.5031590+08:00, 0, 12.94095, 48.29629, 1, 1, 1, False
64.48014, 2021-07-05T15:20:17.5087860+08:00, 0, 12.94095, 48.29629, 1, 1, 1, False
64.48707, 2021-07-05T15:20:17.5156050+08:00, 0, 12.94095, 48.29629, 1, 1, 1, False
64.49403, 2021-07-05T15:20:17.5225340+08:00, 0, 12.94095, 48.29629, 1, 1, 1, False
64.50089, 2021-07-05T15:20:17.5296120+08:00, 0, 12.94095, 48.29629, 1, 1, 1, False
64.50772, 2021-07-05T15:20:17.5362910+08:00, 0, 12.94095, 48.29629, 1, 1, 1, False
64.51483, 2021-07-05T15:20:17.5433360+08:00, 0, 12.94095, 48.29629, 1, 1, 1, False
64.52228, 2021-07-05T15:20:17.5508120+08:00, 0, 12.94095, 48.29629, 1, 1, 1, False
64.52832, 2021-07-05T15:20:17.5568430+08:00, 0, 12.94095, 48.29629, 1, 1, 1, False
64.53532, 2021-07-05T15:20:17.5638740+08:00, 0, 12.94095, 48.29629, 1, 1, 1, False
64.5423, 2021-07-05T15:20:17.5708780+08:00, 0, 12.94095, 48.29629, 1, 1, 1, False
64.54874, 2021-07-05T15:20:17.5773160+08:00, 0, 12.94095, 48.29629, 1, 1, 1, False
64.55566, 2021-07-05T15:20:17.5842700+08:00, 0, 12.94095, 48.29629, 1, 1, 1, False
64.56267, 2021-07-05T15:20:17.5912300+08:00, 0, 12.94095, 48.29629, 1, 1, 1, False
64.56948, 2021-07-05T15:20:17.5980370+08:00, 0, 12.94095, 48.29629, 1, 1, 1, False
64.57619, 2021-07-05T15:20:17.6047190+08:00, 0, 12.94095, 48.29629, 1, 1, 1, False
64.58306, 2021-07-05T15:20:17.6116640+08:00, 0, 12.94095, 48.29629, 1, 1, 1, False
64.59039, 2021-07-05T15:20:17.6189240+08:00, 0, 12.94095, 48.29629, 1, 1, 1, False
64.59853, 2021-07-05T15:20:17.6270310+08:00, 0, 12.94095, 48.29629, 1, 1, 1, False
64.60331, 2021-07-05T15:20:17.6320550+08:00, 0, 12.94095, 48.29629, 1, 1, 1, False
64.61091, 2021-07-05T15:20:17.6394410+08:00, 0, 12.94095, 48.29629, 1, 1, 1, False
64.61744, 2021-07-05T15:20:17.6459860+08:00, 0, 12.94095, 48.29629, 1, 1, 1, False
64.62492, 2021-07-05T15:20:17.6536300+08:00, 0, 12.94095, 48.29629, 1, 1, 1, False
64.63114, 2021-07-05T15:20:17.6597390+08:00, 0, 12.94095, 48.29629, 1, 1, 1, False
64.63795, 2021-07-05T15:20:17.6664650+08:00, 0, 12.94095, 48.29629, 1, 1, 1, False
64.64523, 2021-07-05T15:20:17.6737720+08:00, 0, 12.94095, 48.29629, 1, 1, 1, False
64.6515, 2021-07-05T15:20:17.6800450+08:00, 0, 12.94095, 48.29629, 1, 1, 1, False
64.65881, 2021-07-05T15:20:17.6873080+08:00, 0, 12.94095, 48.29629, 1, 1, 1, False
64.66591, 2021-07-05T15:20:17.6944820+08:00, 0, 12.94095, 48.29629, 1, 1, 1, False
64.67232, 2021-07-05T15:20:17.7008930+08:00, 0, 12.94095, 48.29629, 1, 1, 1, False
64.67904, 2021-07-05T15:20:17.7075710+08:00, 0, 12.94095, 48.29629, 1, 1, 1, False
64.68675, 2021-07-05T15:20:17.7153730+08:00, 0, 12.94095, 48.29629, 1, 1, 1, False
64.69331, 2021-07-05T15:20:17.7219390+08:00, 0, 12.94095, 48.29629, 1, 1, 1, False
64.69952, 2021-07-05T15:20:17.7280600+08:00, 0, 12.94095, 48.29629, 1, 1, 1, False
64.70665, 2021-07-05T15:20:17.7352010+08:00, 0, 12.94095, 48.29629, 1, 1, 1, False
64.71367, 2021-07-05T15:20:17.7422360+08:00, 0, 12.94095, 48.29629, 1, 1, 1, False
64.71996, 2021-07-05T15:20:17.7485130+08:00, 0, 12.94095, 48.29629, 1, 1, 1, False
64.72694, 2021-07-05T15:20:17.7555270+08:00, 0, 12.94095, 48.29629, 1, 1, 1, False
64.7347, 2021-07-05T15:20:17.7632520+08:00, 0, 12.94095, 48.29629, 1, 1, 1, False
64.74271, 2021-07-05T15:20:17.7712560+08:00, 0, 12.94095, 48.29629, 1, 1, 1, False
64.75027, 2021-07-05T15:20:17.7788040+08:00, 0, 12.94095, 48.29629, 1, 1, 1, False
64.75433, 2021-07-05T15:20:17.7828100+08:00, 0, 12.94095, 48.29629, 1, 1, 1, False
64.76028, 2021-07-05T15:20:17.7888440+08:00, 0, 12.94095, 48.29629, 1, 1, 1, False
64.76734, 2021-07-05T15:20:17.7958680+08:00, 0, 12.94095, 48.29629, 1, 1, 1, False
64.77464, 2021-07-05T15:20:17.8031460+08:00, 0, 12.94095, 48.29629, 1, 1, 1, False
64.78098, 2021-07-05T15:20:17.8095820+08:00, 0, 12.94095, 48.29629, 1, 1, 1, False
64.78757, 2021-07-05T15:20:17.8160630+08:00, 0, 12.94095, 48.29629, 1, 1, 1, False
64.79484, 2021-07-05T15:20:17.8233640+08:00, 0, 12.94095, 48.29629, 1, 1, 1, False
64.80105, 2021-07-05T15:20:17.8297760+08:00, 0, 12.94095, 48.29629, 1, 1, 1, False
64.80828, 2021-07-05T15:20:17.8367970+08:00, 0, 12.94095, 48.29629, 1, 1, 1, False
64.81461, 2021-07-05T15:20:17.8431550+08:00, 0, 12.94095, 48.29629, 1, 1, 1, False
64.82151, 2021-07-05T15:20:17.8501040+08:00, 0, 12.94095, 48.29629, 1, 1, 1, False
64.82812, 2021-07-05T15:20:17.8566390+08:00, 0, 12.94095, 48.29629, 1, 1, 1, False
64.83504, 2021-07-05T15:20:17.8636190+08:00, 0, 12.94095, 48.29629, 1, 1, 1, False
64.8425, 2021-07-05T15:20:17.8711910+08:00, 0, 12.94095, 48.29629, 1, 1, 1, False
64.85023, 2021-07-05T15:20:17.8787440+08:00, 0, 12.94095, 48.29629, 1, 1, 1, False
64.85525, 2021-07-05T15:20:17.8838560+08:00, 0, 12.94095, 48.29629, 1, 1, 1, False
64.86295, 2021-07-05T15:20:17.8915200+08:00, 0, 12.94095, 48.29629, 1, 1, 1, False
64.86926, 2021-07-05T15:20:17.8978260+08:00, 0, 12.94095, 48.29629, 1, 1, 1, False
64.87598, 2021-07-05T15:20:17.9045540+08:00, 0, 12.94095, 48.29629, 1, 1, 1, False
64.8828, 2021-07-05T15:20:17.9113810+08:00, 0, 12.94095, 48.29629, 1, 1, 1, False
64.89035, 2021-07-05T15:20:17.9188730+08:00, 0, 12.94095, 48.29629, 1, 1, 1, False
64.89614, 2021-07-05T15:20:17.9246940+08:00, 0, 12.94095, 48.29629, 1, 1, 1, False
64.90302, 2021-07-05T15:20:17.9315970+08:00, 0, 12.94095, 48.29629, 1, 1, 1, False
64.91073, 2021-07-05T15:20:17.9392450+08:00, 0, 12.94095, 48.29629, 1, 1, 1, False
64.91702, 2021-07-05T15:20:17.9456350+08:00, 0, 12.94095, 48.29629, 1, 1, 1, False
64.92421, 2021-07-05T15:20:17.9527940+08:00, 0, 12.94095, 48.29629, 1, 1, 1, False
64.93083, 2021-07-05T15:20:17.9593560+08:00, 0, 12.94095, 48.29629, 1, 1, 1, False
64.93731, 2021-07-05T15:20:17.9658720+08:00, 0, 12.94095, 48.29629, 1, 1, 1, False
64.9446, 2021-07-05T15:20:17.9732170+08:00, 0, 12.94095, 48.29629, 1, 1, 1, False
64.9509, 2021-07-05T15:20:17.9795250+08:00, 0, 12.94095, 48.29629, 1, 1, 1, False
64.95788, 2021-07-05T15:20:17.9863910+08:00, 0, 12.94095, 48.29629, 1, 1, 1, False
64.96522, 2021-07-05T15:20:17.9937690+08:00, 0, 12.94095, 48.29629, 1, 1, 1, False
64.97141, 2021-07-05T15:20:17.9999930+08:00, 0, 12.94095, 48.29629, 1, 1, 1, False
64.97851, 2021-07-05T15:20:18.0070350+08:00, 0, 12.94095, 48.29629, 1, 1, 1, False
64.98493, 2021-07-05T15:20:18.0135970+08:00, 0, 12.94095, 48.29629, 1, 1, 1, False
64.9926, 2021-07-05T15:20:18.0211220+08:00, 0, 12.94095, 48.29629, 1, 1, 1, False
64.99911, 2021-07-05T15:20:18.0280320+08:00, 0, 12.94095, 48.29629, 1, 1, 1, False
65.00694, 2021-07-05T15:20:18.0358130+08:00, 0, 12.94095, 48.29629, 1, 1, 1, False
65.01491, 2021-07-05T15:20:18.0434710+08:00, 0, 12.94095, 48.29629, 1, 1, 1, False
65.02129, 2021-07-05T15:20:18.0499840+08:00, 0, 12.94095, 48.29629, 1, 1, 1, False
65.02799, 2021-07-05T15:20:18.0565200+08:00, 0, 12.94095, 48.29629, 1, 1, 1, False
65.0349, 2021-07-05T15:20:18.0634930+08:00, 0, 12.94095, 48.29629, 1, 1, 1, False
65.04177, 2021-07-05T15:20:18.0703550+08:00, 0, 12.94095, 48.29629, 1, 1, 1, False
65.04862, 2021-07-05T15:20:18.0771780+08:00, 0, 12.94095, 48.29629, 1, 1, 1, False
65.07863, 2021-07-05T15:20:18.1071750+08:00, 0, 12.94095, 48.29629, 1, 1, 1, False
65.08211, 2021-07-05T15:20:18.1105960+08:00, 0, 12.94095, 48.29629, 1, 1, 1, False
65.08622, 2021-07-05T15:20:18.1146990+08:00, 0, 12.94095, 48.29629, 1, 1, 1, False
65.09008, 2021-07-05T15:20:18.1186300+08:00, 0, 12.94095, 48.29629, 1, 1, 1, False
65.09457, 2021-07-05T15:20:18.1230810+08:00, 0, 12.94095, 48.29629, 1, 1, 1, False
65.09814, 2021-07-05T15:20:18.1266630+08:00, 0, 12.94095, 48.29629, 1, 1, 1, False
65.1023, 2021-07-05T15:20:18.1308200+08:00, 0, 12.94095, 48.29629, 1, 1, 1, False
65.10761, 2021-07-05T15:20:18.1361150+08:00, 0, 12.94095, 48.29629, 1, 1, 1, False
65.11423, 2021-07-05T15:20:18.1427100+08:00, 0, 12.94095, 48.29629, 1, 1, 1, False
65.12054, 2021-07-05T15:20:18.1491310+08:00, 0, 12.94095, 48.29629, 1, 1, 1, False
65.12733, 2021-07-05T15:20:18.1558510+08:00, 0, 12.94095, 48.29629, 1, 1, 1, False
65.13464, 2021-07-05T15:20:18.1632220+08:00, 0, 12.94095, 48.29629, 1, 1, 1, False
65.14073, 2021-07-05T15:20:18.1693270+08:00, 0, 12.94095, 48.29629, 1, 1, 1, False
65.14733, 2021-07-05T15:20:18.1758850+08:00, 0, 12.94095, 48.29629, 1, 1, 1, False
65.15428, 2021-07-05T15:20:18.1830870+08:00, 0, 12.94095, 48.29629, 1, 1, 1, False
65.1623, 2021-07-05T15:20:18.1909320+08:00, 0, 12.94095, 48.29629, 1, 1, 1, False
65.16859, 2021-07-05T15:20:18.1972410+08:00, 0, 12.94095, 48.29629, 1, 1, 1, False
65.17555, 2021-07-05T15:20:18.2041030+08:00, 0, 12.94095, 48.29629, 1, 1, 1, False
65.18274, 2021-07-05T15:20:18.2113110+08:00, 0, 12.94095, 48.29629, 1, 1, 1, False
65.18921, 2021-07-05T15:20:18.2177960+08:00, 0, 12.94095, 48.29629, 1, 1, 1, False
65.19575, 2021-07-05T15:20:18.2243920+08:00, 0, 12.94095, 48.29629, 1, 1, 1, False
65.20289, 2021-07-05T15:20:18.2314920+08:00, 0, 12.94095, 48.29629, 1, 1, 1, False
65.21064, 2021-07-05T15:20:18.2391700+08:00, 0, 12.94095, 48.29629, 1, 1, 1, False
65.21707, 2021-07-05T15:20:18.2456760+08:00, 0, 12.94095, 48.29629, 1, 1, 1, False
65.22417, 2021-07-05T15:20:18.2527270+08:00, 0, 12.94095, 48.29629, 1, 1, 1, False
65.23056, 2021-07-05T15:20:18.2590790+08:00, 0, 12.94095, 48.29629, 1, 1, 1, False
65.23712, 2021-07-05T15:20:18.2656780+08:00, 0, 12.94095, 48.29629, 1, 1, 1, False
65.2438, 2021-07-05T15:20:18.2724020+08:00, 0, 12.94095, 48.29629, 1, 1, 1, False
65.25069, 2021-07-05T15:20:18.2792710+08:00, 0, 12.94095, 48.29629, 1, 1, 1, False
65.25765, 2021-07-05T15:20:18.2861840+08:00, 0, 12.94095, 48.29629, 1, 1, 1, False
65.26443, 2021-07-05T15:20:18.2930180+08:00, 0, 12.94095, 48.29629, 1, 1, 1, False
65.27118, 2021-07-05T15:20:18.2997550+08:00, 0, 12.94095, 48.29629, 1, 1, 1, False
65.27874, 2021-07-05T15:20:18.3072750+08:00, 0, 12.94095, 48.29629, 1, 1, 1, False
65.28554, 2021-07-05T15:20:18.3140860+08:00, 0, 12.94095, 48.29629, 1, 1, 1, False
65.29179, 2021-07-05T15:20:18.3203440+08:00, 0, 12.94095, 48.29629, 1, 1, 1, False
65.29912, 2021-07-05T15:20:18.3276700+08:00, 0, 12.94095, 48.29629, 1, 1, 1, False
65.3054, 2021-07-05T15:20:18.3340500+08:00, 0, 12.94095, 48.29629, 1, 1, 1, False
65.31221, 2021-07-05T15:20:18.3407370+08:00, 0, 12.94095, 48.29629, 1, 1, 1, False
65.31914, 2021-07-05T15:20:18.3477110+08:00, 0, 12.94095, 48.29629, 1, 1, 1, False
65.32674, 2021-07-05T15:20:18.3581140+08:00, 0, 12.94095, 48.29629, 1, 1, 1, False
65.33434, 2021-07-05T15:20:18.3628510+08:00, 0, 12.94095, 48.29629, 1, 1, 1, False
65.33984, 2021-07-05T15:20:18.3683380+08:00, 0, 12.94095, 48.29629, 1, 1, 1, False
65.34713, 2021-07-05T15:20:18.3756970+08:00, 0, 12.94095, 48.29629, 1, 1, 1, False
65.35358, 2021-07-05T15:20:18.3821880+08:00, 0, 12.94095, 48.29629, 1, 1, 1, False
65.36045, 2021-07-05T15:20:18.3891510+08:00, 0, 12.94095, 48.29629, 1, 1, 1, False
65.36743, 2021-07-05T15:20:18.3959900+08:00, 0, 12.94095, 48.29629, 1, 1, 1, False
65.37479, 2021-07-05T15:20:18.4033130+08:00, 0, 12.94095, 48.29629, 1, 1, 1, False
65.38116, 2021-07-05T15:20:18.4097770+08:00, 0, 12.94095, 48.29629, 1, 1, 1, False
65.38789, 2021-07-05T15:20:18.4164690+08:00, 0, 12.94095, 48.29629, 1, 1, 1, False
65.39532, 2021-07-05T15:20:18.4239000+08:00, 0, 12.94095, 48.29629, 1, 1, 1, False
65.40264, 2021-07-05T15:20:18.4312120+08:00, 0, 12.94095, 48.29629, 1, 1, 1, False
65.4087, 2021-07-05T15:20:18.4372660+08:00, 0, 12.94095, 48.29629, 1, 1, 1, False
65.41573, 2021-07-05T15:20:18.4445840+08:00, 0, 12.94095, 48.29629, 1, 1, 1, False
65.42319, 2021-07-05T15:20:18.4517460+08:00, 0, 12.94095, 48.29629, 1, 1, 1, False
65.42946, 2021-07-05T15:20:18.4579850+08:00, 0, 12.94095, 48.29629, 1, 1, 1, False
65.43623, 2021-07-05T15:20:18.4648220+08:00, 0, 12.94095, 48.29629, 1, 1, 1, False
65.44402, 2021-07-05T15:20:18.4726120+08:00, 0, 12.94095, 48.29629, 1, 1, 1, False
65.45039, 2021-07-05T15:20:18.4790160+08:00, 0, 12.94095, 48.29629, 1, 1, 1, False
65.45695, 2021-07-05T15:20:18.4855010+08:00, 0, 12.94095, 48.29629, 1, 1, 1, False
65.46423, 2021-07-05T15:20:18.4928100+08:00, 0, 12.94095, 48.29629, 1, 1, 1, False
65.47064, 2021-07-05T15:20:18.4992040+08:00, 0, 12.94095, 48.29629, 1, 1, 1, False
65.47791, 2021-07-05T15:20:18.5064450+08:00, 0, 12.94095, 48.29629, 1, 1, 1, False
65.48419, 2021-07-05T15:20:18.5128800+08:00, 0, 12.94095, 48.29629, 1, 1, 1, False
65.49088, 2021-07-05T15:20:18.5194290+08:00, 0, 12.94095, 48.29629, 1, 1, 1, False
65.49851, 2021-07-05T15:20:18.5270610+08:00, 0, 12.94095, 48.29629, 1, 1, 1, False
65.50414, 2021-07-05T15:20:18.5327040+08:00, 0, 12.94095, 48.29629, 1, 1, 1, False
65.51088, 2021-07-05T15:20:18.5394100+08:00, 0, 12.94095, 48.29629, 1, 1, 1, False
65.51759, 2021-07-05T15:20:18.5462450+08:00, 0, 12.94095, 48.29629, 1, 1, 1, False
65.52508, 2021-07-05T15:20:18.5537650+08:00, 0, 12.94095, 48.29629, 1, 1, 1, False
65.53114, 2021-07-05T15:20:18.5597130+08:00, 0, 12.94095, 48.29629, 1, 1, 1, False
65.5379, 2021-07-05T15:20:18.5664070+08:00, 0, 12.94095, 48.29629, 1, 1, 1, False
65.54525, 2021-07-05T15:20:18.5738560+08:00, 0, 12.94095, 48.29629, 1, 1, 1, False
65.55144, 2021-07-05T15:20:18.5800610+08:00, 0, 12.94095, 48.29629, 1, 1, 1, False
65.5588, 2021-07-05T15:20:18.5873280+08:00, 0, 12.94095, 48.29629, 1, 1, 1, False
65.56474, 2021-07-05T15:20:18.5933440+08:00, 0, 12.94095, 48.29629, 1, 1, 1, False
65.57178, 2021-07-05T15:20:18.6003640+08:00, 0, 12.94095, 48.29629, 1, 1, 1, False
65.57872, 2021-07-05T15:20:18.6072400+08:00, 0, 12.94095, 48.29629, 1, 1, 1, False
65.58536, 2021-07-05T15:20:18.6139870+08:00, 0, 12.94095, 48.29629, 1, 1, 1, False
65.59207, 2021-07-05T15:20:18.6206380+08:00, 0, 12.94095, 48.29629, 1, 1, 1, False
65.59866, 2021-07-05T15:20:18.6271930+08:00, 0, 12.94095, 48.29629, 1, 1, 1, False
65.60573, 2021-07-05T15:20:18.6342920+08:00, 0, 12.94095, 48.29629, 1, 1, 1, False
65.61204, 2021-07-05T15:20:18.6406130+08:00, 0, 12.94095, 48.29629, 1, 1, 1, False
65.61896, 2021-07-05T15:20:18.6475250+08:00, 0, 12.94095, 48.29629, 1, 1, 1, False
65.62682, 2021-07-05T15:20:18.6553670+08:00, 0, 12.94095, 48.29629, 1, 1, 1, False
65.63252, 2021-07-05T15:20:18.6610490+08:00, 0, 12.94095, 48.29629, 1, 1, 1, False
65.63915, 2021-07-05T15:20:18.6676850+08:00, 0, 12.94095, 48.29629, 1, 1, 1, False
65.64637, 2021-07-05T15:20:18.6749940+08:00, 0, 12.94095, 48.29629, 1, 1, 1, False
65.65266, 2021-07-05T15:20:18.6812240+08:00, 0, 12.94095, 48.29629, 1, 1, 1, False
65.66016, 2021-07-05T15:20:18.6887180+08:00, 0, 12.94095, 48.29629, 1, 1, 1, False
65.66636, 2021-07-05T15:20:18.6949720+08:00, 0, 12.94095, 48.29629, 1, 1, 1, False
65.67368, 2021-07-05T15:20:18.7022110+08:00, 0, 12.94095, 48.29629, 1, 1, 1, False
65.67971, 2021-07-05T15:20:18.7082560+08:00, 0, 12.94095, 48.29629, 1, 1, 1, False
65.68658, 2021-07-05T15:20:18.7151800+08:00, 0, 12.94095, 48.29629, 1, 1, 1, False
65.69336, 2021-07-05T15:20:18.7219510+08:00, 0, 12.94095, 48.29629, 1, 1, 1, False
65.7002, 2021-07-05T15:20:18.7288250+08:00, 0, 12.94095, 48.29629, 1, 1, 1, False
65.70745, 2021-07-05T15:20:18.7359830+08:00, 0, 12.94095, 48.29629, 1, 1, 1, False
65.71445, 2021-07-05T15:20:18.7429740+08:00, 0, 12.94095, 48.29629, 1, 1, 1, False
65.72043, 2021-07-05T15:20:18.7491100+08:00, 0, 12.94095, 48.29629, 1, 1, 1, False
65.72777, 2021-07-05T15:20:18.7563150+08:00, 0, 12.94095, 48.29629, 1, 1, 1, False
65.73479, 2021-07-05T15:20:18.7633490+08:00, 0, 12.94095, 48.29629, 1, 1, 1, False
65.74248, 2021-07-05T15:20:18.7710450+08:00, 0, 12.94095, 48.29629, 1, 1, 1, False
65.74802, 2021-07-05T15:20:18.7765620+08:00, 0, 12.94095, 48.29629, 1, 1, 1, False
65.75416, 2021-07-05T15:20:18.7826730+08:00, 0, 12.94095, 48.29629, 1, 1, 1, False
65.76094, 2021-07-05T15:20:18.7895340+08:00, 0, 12.94095, 48.29629, 1, 1, 1, False
65.7676, 2021-07-05T15:20:18.7962780+08:00, 0, 12.94095, 48.29629, 1, 1, 1, False
65.77496, 2021-07-05T15:20:18.8034830+08:00, 0, 12.94095, 48.29629, 1, 1, 1, False
65.78129, 2021-07-05T15:20:18.8098580+08:00, 0, 12.94095, 48.29629, 1, 1, 1, False
65.78801, 2021-07-05T15:20:18.8165730+08:00, 0, 12.94095, 48.29629, 1, 1, 1, False
65.79539, 2021-07-05T15:20:18.8239180+08:00, 0, 12.94095, 48.29629, 1, 1, 1, False
65.80185, 2021-07-05T15:20:18.8304990+08:00, 0, 12.94095, 48.29629, 1, 1, 1, False
65.80882, 2021-07-05T15:20:18.8373430+08:00, 0, 12.94095, 48.29629, 1, 1, 1, False
65.81475, 2021-07-05T15:20:18.8432920+08:00, 0, 12.94095, 48.29629, 1, 1, 1, False
65.82166, 2021-07-05T15:20:18.8503040+08:00, 0, 12.94095, 48.29629, 1, 1, 1, False
65.82835, 2021-07-05T15:20:18.8569000+08:00, 0, 12.94095, 48.29629, 1, 1, 1, False
65.83529, 2021-07-05T15:20:18.8638310+08:00, 0, 12.94095, 48.29629, 1, 1, 1, False
65.84243, 2021-07-05T15:20:18.8710100+08:00, 0, 12.94095, 48.29629, 1, 1, 1, False
65.84898, 2021-07-05T15:20:18.8775020+08:00, 0, 12.94095, 48.29629, 1, 1, 1, False
65.85554, 2021-07-05T15:20:18.8840980+08:00, 0, 12.94095, 48.29629, 1, 1, 1, False
65.8627, 2021-07-05T15:20:18.8912890+08:00, 0, 12.94095, 48.29629, 1, 1, 1, False
65.86906, 2021-07-05T15:20:18.8976540+08:00, 0, 12.94095, 48.29629, 1, 1, 1, False
65.87665, 2021-07-05T15:20:18.9051970+08:00, 0, 12.94095, 48.29629, 1, 1, 1, False
65.88289, 2021-07-05T15:20:18.9115150+08:00, 0, 12.94095, 48.29629, 1, 1, 1, False
65.89025, 2021-07-05T15:20:18.9187900+08:00, 0, 12.94095, 48.29629, 1, 1, 1, False
65.89616, 2021-07-05T15:20:18.9247750+08:00, 0, 12.94095, 48.29629, 1, 1, 1, False
65.90297, 2021-07-05T15:20:18.9316510+08:00, 0, 12.94095, 48.29629, 1, 1, 1, False
65.90977, 2021-07-05T15:20:18.9383070+08:00, 0, 12.94095, 48.29629, 1, 1, 1, False
65.91701, 2021-07-05T15:20:18.9455430+08:00, 0, 12.94095, 48.29629, 1, 1, 1, False
65.92332, 2021-07-05T15:20:18.9519600+08:00, 0, 12.94095, 48.29629, 1, 1, 1, False
65.9305, 2021-07-05T15:20:18.9590320+08:00, 0, 12.94095, 48.29629, 1, 1, 1, False
65.95184, 2021-07-05T15:20:18.9803840+08:00, 0, 12.94095, 48.29629, 1, 1, 1, False
65.95856, 2021-07-05T15:20:18.9870590+08:00, 0, 12.94095, 48.29629, 1, 1, 1, False
65.962, 2021-07-05T15:20:18.9905140+08:00, 0, 12.94095, 48.29629, 1, 1, 1, False
65.96618, 2021-07-05T15:20:18.9946620+08:00, 0, 12.94095, 48.29629, 1, 1, 1, False
65.97028, 2021-07-05T15:20:18.9987670+08:00, 0, 12.94095, 48.29629, 1, 1, 1, False
65.9742, 2021-07-05T15:20:19.0026810+08:00, 0, 12.94095, 48.29629, 1, 1, 1, False
65.9781, 2021-07-05T15:20:19.0065820+08:00, 0, 12.94095, 48.29629, 1, 1, 1, False
65.98304, 2021-07-05T15:20:19.0116040+08:00, 0, 12.94095, 48.29629, 1, 1, 1, False
65.99059, 2021-07-05T15:20:19.0191050+08:00, 0, 12.94095, 48.29629, 1, 1, 1, False
65.99673, 2021-07-05T15:20:19.0252690+08:00, 0, 12.94095, 48.29629, 1, 1, 1, False
66.00333, 2021-07-05T15:20:19.0318930+08:00, 0, 12.94095, 48.29629, 1, 1, 1, False
66.01059, 2021-07-05T15:20:19.0391360+08:00, 0, 12.94095, 48.29629, 1, 1, 1, False
66.0172, 2021-07-05T15:20:19.0457690+08:00, 0, 12.94095, 48.29629, 1, 1, 1, False
66.02412, 2021-07-05T15:20:19.0526900+08:00, 0, 12.94095, 48.29629, 1, 1, 1, False
66.03057, 2021-07-05T15:20:19.0590950+08:00, 0, 12.94095, 48.29629, 1, 1, 1, False
66.03712, 2021-07-05T15:20:19.0656630+08:00, 0, 12.94095, 48.29629, 1, 1, 1, False
66.04375, 2021-07-05T15:20:19.0724560+08:00, 0, 12.94095, 48.29629, 1, 1, 1, False
66.05077, 2021-07-05T15:20:19.0793190+08:00, 0, 12.94095, 48.29629, 1, 1, 1, False
66.05742, 2021-07-05T15:20:19.0859520+08:00, 0, 12.94095, 48.29629, 1, 1, 1, False
66.06413, 2021-07-05T15:20:19.0926920+08:00, 0, 12.94095, 48.29629, 1, 1, 1, False
66.07112, 2021-07-05T15:20:19.0996810+08:00, 0, 12.94095, 48.29629, 1, 1, 1, False
66.07729, 2021-07-05T15:20:19.1058460+08:00, 0, 12.94095, 48.29629, 1, 1, 1, False
66.08434, 2021-07-05T15:20:19.1129510+08:00, 0, 12.94095, 48.29629, 1, 1, 1, False
66.091, 2021-07-05T15:20:19.1195350+08:00, 0, 12.94095, 48.29629, 1, 1, 1, False
66.09834, 2021-07-05T15:20:19.1268640+08:00, 0, 12.94095, 48.29629, 1, 1, 1, False
66.10439, 2021-07-05T15:20:19.1329980+08:00, 0, 12.94095, 48.29629, 1, 1, 1, False
66.11176, 2021-07-05T15:20:19.1403050+08:00, 0, 12.94095, 48.29629, 1, 1, 1, False
66.11861, 2021-07-05T15:20:19.1471810+08:00, 0, 12.94095, 48.29629, 1, 1, 1, False
66.12473, 2021-07-05T15:20:19.1533650+08:00, 0, 12.94095, 48.29629, 1, 1, 1, False
66.13163, 2021-07-05T15:20:19.1602070+08:00, 0, 12.94095, 48.29629, 1, 1, 1, False
66.13866, 2021-07-05T15:20:19.1671790+08:00, 0, 12.94095, 48.29629, 1, 1, 1, False
66.14486, 2021-07-05T15:20:19.1734720+08:00, 0, 12.94095, 48.29629, 1, 1, 1, False
66.15202, 2021-07-05T15:20:19.1805550+08:00, 0, 12.94095, 48.29629, 1, 1, 1, False
66.15878, 2021-07-05T15:20:19.1873000+08:00, 0, 12.94095, 48.29629, 1, 1, 1, False
66.16521, 2021-07-05T15:20:19.1938180+08:00, 0, 12.94095, 48.29629, 1, 1, 1, False
66.17197, 2021-07-05T15:20:19.2005190+08:00, 0, 12.94095, 48.29629, 1, 1, 1, False
66.17902, 2021-07-05T15:20:19.2075640+08:00, 0, 12.94095, 48.29629, 1, 1, 1, False
66.18632, 2021-07-05T15:20:19.2148750+08:00, 0, 12.94095, 48.29629, 1, 1, 1, False
66.1923, 2021-07-05T15:20:19.2208650+08:00, 0, 12.94095, 48.29629, 1, 1, 1, False
66.1991, 2021-07-05T15:20:19.2276250+08:00, 0, 12.94095, 48.29629, 1, 1, 1, False
66.20641, 2021-07-05T15:20:19.2349760+08:00, 0, 12.94095, 48.29629, 1, 1, 1, False
66.21235, 2021-07-05T15:20:19.2409250+08:00, 0, 12.94095, 48.29629, 1, 1, 1, False
66.21912, 2021-07-05T15:20:19.2476920+08:00, 0, 12.94095, 48.29629, 1, 1, 1, False
66.22687, 2021-07-05T15:20:19.2554510+08:00, 0, 12.94095, 48.29629, 1, 1, 1, False
66.23315, 2021-07-05T15:20:19.2617180+08:00, 0, 12.94095, 48.29629, 1, 1, 1, False
66.23985, 2021-07-05T15:20:19.2683820+08:00, 0, 12.94095, 48.29629, 1, 1, 1, False
66.24699, 2021-07-05T15:20:19.2756710+08:00, 0, 12.94095, 48.29629, 1, 1, 1, False
66.25426, 2021-07-05T15:20:19.2827890+08:00, 0, 12.94095, 48.29629, 1, 1, 1, False
66.25993, 2021-07-05T15:20:19.2886420+08:00, 0, 12.94095, 48.29629, 1, 1, 1, False
66.26682, 2021-07-05T15:20:19.2955380+08:00, 0, 12.94095, 48.29629, 1, 1, 1, False
66.27444, 2021-07-05T15:20:19.3029850+08:00, 0, 12.94095, 48.29629, 1, 1, 1, False
66.28104, 2021-07-05T15:20:19.3096160+08:00, 0, 12.94095, 48.29629, 1, 1, 1, False
66.28745, 2021-07-05T15:20:19.3160500+08:00, 0, 12.94095, 48.29629, 1, 1, 1, False
66.29465, 2021-07-05T15:20:19.3231660+08:00, 0, 12.94095, 48.29629, 1, 1, 1, False
66.30094, 2021-07-05T15:20:19.3295440+08:00, 0, 12.94095, 48.29629, 1, 1, 1, False
66.31049, 2021-07-05T15:20:19.3435280+08:00, 0, 12.94095, 48.29629, 1, 1, 1, False
66.31907, 2021-07-05T15:20:19.3475660+08:00, 0, 12.94095, 48.29629, 1, 1, 1, False
66.32233, 2021-07-05T15:20:19.3508670+08:00, 0, 12.94095, 48.29629, 1, 1, 1, False
66.32825, 2021-07-05T15:20:19.3568220+08:00, 0, 12.94095, 48.29629, 1, 1, 1, False
66.33501, 2021-07-05T15:20:19.3636130+08:00, 0, 12.94095, 48.29629, 1, 1, 1, False
66.34205, 2021-07-05T15:20:19.3707140+08:00, 0, 12.94095, 48.29629, 1, 1, 1, False
66.34872, 2021-07-05T15:20:19.3773650+08:00, 0, 12.94095, 48.29629, 1, 1, 1, False
66.35546, 2021-07-05T15:20:19.3839900+08:00, 0, 12.94095, 48.29629, 1, 1, 1, False
66.36274, 2021-07-05T15:20:19.3913160+08:00, 0, 12.94095, 48.29629, 1, 1, 1, False
66.369, 2021-07-05T15:20:19.3975880+08:00, 0, 12.94095, 48.29629, 1, 1, 1, False
66.37582, 2021-07-05T15:20:19.4043710+08:00, 0, 12.94095, 48.29629, 1, 1, 1, False
66.38259, 2021-07-05T15:20:19.4111800+08:00, 0, 12.94095, 48.29629, 1, 1, 1, False
66.39072, 2021-07-05T15:20:19.4192780+08:00, 0, 12.94095, 48.29629, 1, 1, 1, False
66.39867, 2021-07-05T15:20:19.4271960+08:00, 0, 12.94095, 48.29629, 1, 1, 1, False
66.40646, 2021-07-05T15:20:19.4350230+08:00, 0, 12.94095, 48.29629, 1, 1, 1, False
66.41039, 2021-07-05T15:20:19.4388900+08:00, 0, 12.94095, 48.29629, 1, 1, 1, False
66.4166, 2021-07-05T15:20:19.4451670+08:00, 0, 12.94095, 48.29629, 1, 1, 1, False
66.42422, 2021-07-05T15:20:19.4528260+08:00, 0, 12.94095, 48.29629, 1, 1, 1, False
66.43091, 2021-07-05T15:20:19.4594860+08:00, 0, 12.94095, 48.29629, 1, 1, 1, False
66.43819, 2021-07-05T15:20:19.4667040+08:00, 0, 12.94095, 48.29629, 1, 1, 1, False
66.44362, 2021-07-05T15:20:19.4722580+08:00, 0, 12.94095, 48.29629, 1, 1, 1, False
66.45058, 2021-07-05T15:20:19.4791570+08:00, 0, 12.94095, 48.29629, 1, 1, 1, False
66.45866, 2021-07-05T15:20:19.4871860+08:00, 0, 12.94095, 48.29629, 1, 1, 1, False
66.46429, 2021-07-05T15:20:19.4929490+08:00, 0, 12.94095, 48.29629, 1, 1, 1, False
66.47086, 2021-07-05T15:20:19.4994550+08:00, 0, 12.94095, 48.29629, 1, 1, 1, False
66.47835, 2021-07-05T15:20:19.5068820+08:00, 0, 12.94095, 48.29629, 1, 1, 1, False
66.48449, 2021-07-05T15:20:19.5131630+08:00, 0, 12.94095, 48.29629, 1, 1, 1, False
66.4913, 2021-07-05T15:20:19.5198770+08:00, 0, 12.94095, 48.29629, 1, 1, 1, False
66.4985, 2021-07-05T15:20:19.5270260+08:00, 0, 12.94095, 48.29629, 1, 1, 1, False
66.50462, 2021-07-05T15:20:19.5332030+08:00, 0, 12.94095, 48.29629, 1, 1, 1, False
66.51091, 2021-07-05T15:20:19.5394860+08:00, 0, 12.94095, 48.29629, 1, 1, 1, False
66.51787, 2021-07-05T15:20:19.5465270+08:00, 0, 12.94095, 48.29629, 1, 1, 1, False
66.52483, 2021-07-05T15:20:19.5534680+08:00, 0, 12.94095, 48.29629, 1, 1, 1, False
66.53168, 2021-07-05T15:20:19.5602250+08:00, 0, 12.94095, 48.29629, 1, 1, 1, False
66.53823, 2021-07-05T15:20:19.5667620+08:00, 0, 12.94095, 48.29629, 1, 1, 1, False
66.54502, 2021-07-05T15:20:19.5736660+08:00, 0, 12.94095, 48.29629, 1, 1, 1, False
66.55184, 2021-07-05T15:20:19.5804620+08:00, 0, 12.94095, 48.29629, 1, 1, 1, False
66.5594, 2021-07-05T15:20:19.5879350+08:00, 0, 12.94095, 48.29629, 1, 1, 1, False
66.56642, 2021-07-05T15:20:19.5949960+08:00, 0, 12.94095, 48.29629, 1, 1, 1, False
66.57275, 2021-07-05T15:20:19.6012820+08:00, 0, 12.94095, 48.29629, 1, 1, 1, False
66.57877, 2021-07-05T15:20:19.6073530+08:00, 0, 12.94095, 48.29629, 1, 1, 1, False
66.58566, 2021-07-05T15:20:19.6143420+08:00, 0, 12.94095, 48.29629, 1, 1, 1, False
66.59244, 2021-07-05T15:20:19.6209960+08:00, 0, 12.94095, 48.29629, 1, 1, 1, False
66.5993, 2021-07-05T15:20:19.6278590+08:00, 0, 12.94095, 48.29629, 1, 1, 1, False
66.60647, 2021-07-05T15:20:19.6350400+08:00, 0, 12.94095, 48.29629, 1, 1, 1, False
66.61345, 2021-07-05T15:20:19.6419940+08:00, 0, 12.94095, 48.29629, 1, 1, 1, False
66.61973, 2021-07-05T15:20:19.6482880+08:00, 0, 12.94095, 48.29629, 1, 1, 1, False
66.62703, 2021-07-05T15:20:19.6556350+08:00, 0, 12.94095, 48.29629, 1, 1, 1, False
66.63331, 2021-07-05T15:20:19.6618380+08:00, 0, 12.94095, 48.29629, 1, 1, 1, False
66.64014, 2021-07-05T15:20:19.6687100+08:00, 0, 12.94095, 48.29629, 1, 1, 1, False
66.64686, 2021-07-05T15:20:19.6754090+08:00, 0, 12.94095, 48.29629, 1, 1, 1, False
66.65444, 2021-07-05T15:20:19.6829940+08:00, 0, 12.94095, 48.29629, 1, 1, 1, False
66.66042, 2021-07-05T15:20:19.6890290+08:00, 0, 12.94095, 48.29629, 1, 1, 1, False
66.66734, 2021-07-05T15:20:19.6959070+08:00, 0, 12.94095, 48.29629, 1, 1, 1, False
66.67461, 2021-07-05T15:20:19.7031930+08:00, 0, 12.94095, 48.29629, 1, 1, 1, False
66.68135, 2021-07-05T15:20:19.7099980+08:00, 0, 12.94095, 48.29629, 1, 1, 1, False
66.68745, 2021-07-05T15:20:19.7160490+08:00, 0, 12.94095, 48.29629, 1, 1, 1, False
66.69473, 2021-07-05T15:20:19.7233360+08:00, 0, 12.94095, 48.29629, 1, 1, 1, False
66.70252, 2021-07-05T15:20:19.7310850+08:00, 0, 12.94095, 48.29629, 1, 1, 1, False
66.70731, 2021-07-05T15:20:19.7358880+08:00, 0, 12.94095, 48.29629, 1, 1, 1, False
66.71476, 2021-07-05T15:20:19.7432760+08:00, 0, 12.94095, 48.29629, 1, 1, 1, False
66.72143, 2021-07-05T15:20:19.7499890+08:00, 0, 12.94095, 48.29629, 1, 1, 1, False
66.72778, 2021-07-05T15:20:19.7563400+08:00, 0, 12.94095, 48.29629, 1, 1, 1, False
66.73468, 2021-07-05T15:20:19.7632730+08:00, 0, 12.94095, 48.29629, 1, 1, 1, False
66.74169, 2021-07-05T15:20:19.7702890+08:00, 0, 12.94095, 48.29629, 1, 1, 1, False
66.74783, 2021-07-05T15:20:19.7763710+08:00, 0, 12.94095, 48.29629, 1, 1, 1, False
66.75471, 2021-07-05T15:20:19.7832980+08:00, 0, 12.94095, 48.29629, 1, 1, 1, False
66.76279, 2021-07-05T15:20:19.7913880+08:00, 0, 12.94095, 48.29629, 1, 1, 1, False
66.77082, 2021-07-05T15:20:19.7993370+08:00, 0, 12.94095, 48.29629, 1, 1, 1, False
66.77503, 2021-07-05T15:20:19.8035970+08:00, 0, 12.94095, 48.29629, 1, 1, 1, False
66.78134, 2021-07-05T15:20:19.8099500+08:00, 0, 12.94095, 48.29629, 1, 1, 1, False
66.78819, 2021-07-05T15:20:19.8167960+08:00, 0, 12.94095, 48.29629, 1, 1, 1, False
66.81747, 2021-07-05T15:20:19.8460610+08:00, 0, 12.94095, 48.29629, 1, 1, 1, False
66.8224, 2021-07-05T15:20:19.8509110+08:00, 0, 12.94095, 48.29629, 1, 1, 1, False
66.82594, 2021-07-05T15:20:19.8544420+08:00, 0, 12.94095, 48.29629, 1, 1, 1, False
66.83018, 2021-07-05T15:20:19.8586880+08:00, 0, 12.94095, 48.29629, 1, 1, 1, False
66.83423, 2021-07-05T15:20:19.8627210+08:00, 0, 12.94095, 48.29629, 1, 1, 1, False
66.8381, 2021-07-05T15:20:19.8665980+08:00, 0, 12.94095, 48.29629, 1, 1, 1, False
66.84211, 2021-07-05T15:20:19.8706290+08:00, 0, 12.94095, 48.29629, 1, 1, 1, False
66.84637, 2021-07-05T15:20:19.8748890+08:00, 0, 12.94095, 48.29629, 1, 1, 1, False
66.85242, 2021-07-05T15:20:19.8809530+08:00, 0, 12.94095, 48.29629, 1, 1, 1, False
66.85942, 2021-07-05T15:20:19.8879920+08:00, 0, 12.94095, 48.29629, 1, 1, 1, False
66.86655, 2021-07-05T15:20:19.8951270+08:00, 0, 12.94095, 48.29629, 1, 1, 1, False
66.87328, 2021-07-05T15:20:19.9018810+08:00, 0, 12.94095, 48.29629, 1, 1, 1, False
66.87936, 2021-07-05T15:20:19.9079160+08:00, 0, 12.94095, 48.29629, 1, 1, 1, False
66.88667, 2021-07-05T15:20:19.9152520+08:00, 0, 12.94095, 48.29629, 1, 1, 1, False
66.89369, 2021-07-05T15:20:19.9222860+08:00, 0, 12.94095, 48.29629, 1, 1, 1, False
66.89983, 2021-07-05T15:20:19.9284110+08:00, 0, 12.94095, 48.29629, 1, 1, 1, False
66.90671, 2021-07-05T15:20:19.9352860+08:00, 0, 12.94095, 48.29629, 1, 1, 1, False
66.91385, 2021-07-05T15:20:19.9423990+08:00, 0, 12.94095, 48.29629, 1, 1, 1, False
66.92033, 2021-07-05T15:20:19.9488790+08:00, 0, 12.94095, 48.29629, 1, 1, 1, False
66.92678, 2021-07-05T15:20:19.9554300+08:00, 0, 12.94095, 48.29629, 1, 1, 1, False
66.93391, 2021-07-05T15:20:19.9624470+08:00, 0, 12.94095, 48.29629, 1, 1, 1, False
66.94006, 2021-07-05T15:20:19.9686830+08:00, 0, 12.94095, 48.29629, 1, 1, 1, False
66.94672, 2021-07-05T15:20:19.9752800+08:00, 0, 12.94095, 48.29629, 1, 1, 1, False
66.95383, 2021-07-05T15:20:19.9824030+08:00, 0, 12.94095, 48.29629, 1, 1, 1, False
66.96037, 2021-07-05T15:20:19.9890030+08:00, 0, 12.94095, 48.29629, 1, 1, 1, False
66.9673, 2021-07-05T15:20:19.9958570+08:00, 0, 12.94095, 48.29629, 1, 1, 1, False
66.97475, 2021-07-05T15:20:20.0032800+08:00, 0, 12.94095, 48.29629, 1, 1, 1, False
66.98054, 2021-07-05T15:20:20.0091040+08:00, 0, 12.94095, 48.29629, 1, 1, 1, False
66.98728, 2021-07-05T15:20:20.0158360+08:00, 0, 12.94095, 48.29629, 1, 1, 1, False
66.99475, 2021-07-05T15:20:20.0232880+08:00, 0, 12.94095, 48.29629, 1, 1, 1, False
67.00099, 2021-07-05T15:20:20.0296710+08:00, 0, 12.94095, 48.29629, 1, 1, 1, False
67.00806, 2021-07-05T15:20:20.0366540+08:00, 0, 12.94095, 48.29629, 1, 1, 1, False
67.01429, 2021-07-05T15:20:20.0428300+08:00, 0, 12.94095, 48.29629, 1, 1, 1, False
67.02071, 2021-07-05T15:20:20.0493540+08:00, 0, 12.94095, 48.29629, 1, 1, 1, False
67.02704, 2021-07-05T15:20:20.0556090+08:00, 0, 12.94095, 48.29629, 1, 1, 1, False
67.03462, 2021-07-05T15:20:20.0631910+08:00, 0, 12.94095, 48.29629, 1, 1, 1, False
67.04046, 2021-07-05T15:20:20.0690740+08:00, 0, 12.94095, 48.29629, 1, 1, 1, False
67.04675, 2021-07-05T15:20:20.0752850+08:00, 0, 12.94095, 48.29629, 1, 1, 1, False
67.05279, 2021-07-05T15:20:20.0815410+08:00, 0, 12.94095, 48.29629, 1, 1, 1, False
67.0601, 2021-07-05T15:20:20.0886930+08:00, 0, 12.94095, 48.29629, 1, 1, 1, False
67.06664, 2021-07-05T15:20:20.0951800+08:00, 0, 12.94095, 48.29629, 1, 1, 1, False
67.0747, 2021-07-05T15:20:20.1032150+08:00, 0, 12.94095, 48.29629, 1, 1, 1, False
67.07875, 2021-07-05T15:20:20.1072780+08:00, 0, 12.94095, 48.29629, 1, 1, 1, False
67.08543, 2021-07-05T15:20:20.1140200+08:00, 0, 12.94095, 48.29629, 1, 1, 1, False
67.0918, 2021-07-05T15:20:20.1203460+08:00, 0, 12.94095, 48.29629, 1, 1, 1, False
67.09876, 2021-07-05T15:20:20.1272880+08:00, 0, 12.94095, 48.29629, 1, 1, 1, False
67.10523, 2021-07-05T15:20:20.1337860+08:00, 0, 12.94095, 48.29629, 1, 1, 1, False
67.11119, 2021-07-05T15:20:20.1397360+08:00, 0, 12.94095, 48.29629, 1, 1, 1, False
67.11777, 2021-07-05T15:20:20.1464490+08:00, 0, 12.94095, 48.29629, 1, 1, 1, False
67.12493, 2021-07-05T15:20:20.1535720+08:00, 0, 12.94095, 48.29629, 1, 1, 1, False
67.131, 2021-07-05T15:20:20.1595720+08:00, 0, 12.94095, 48.29629, 1, 1, 1, False
67.13745, 2021-07-05T15:20:20.1660230+08:00, 0, 12.94095, 48.29629, 1, 1, 1, False
67.14437, 2021-07-05T15:20:20.1729710+08:00, 0, 12.94095, 48.29629, 1, 1, 1, False
67.15031, 2021-07-05T15:20:20.1789010+08:00, 0, 12.94095, 48.29629, 1, 1, 1, False
67.15729, 2021-07-05T15:20:20.1858270+08:00, 0, 12.94095, 48.29629, 1, 1, 1, False
67.16291, 2021-07-05T15:20:20.1915360+08:00, 0, 12.94095, 48.29629, 1, 1, 1, False
67.16971, 2021-07-05T15:20:20.1982690+08:00, 0, 12.94095, 48.29629, 1, 1, 1, False
67.17618, 2021-07-05T15:20:20.2047450+08:00, 0, 12.94095, 48.29629, 1, 1, 1, False
67.18272, 2021-07-05T15:20:20.2113520+08:00, 0, 12.94095, 48.29629, 1, 1, 1, False
67.18921, 2021-07-05T15:20:20.2177720+08:00, 0, 12.94095, 48.29629, 1, 1, 1, False
67.19556, 2021-07-05T15:20:20.2241520+08:00, 0, 12.94095, 48.29629, 1, 1, 1, False
67.20248, 2021-07-05T15:20:20.2310890+08:00, 0, 12.94095, 48.29629, 1, 1, 1, False
67.20846, 2021-07-05T15:20:20.2370690+08:00, 0, 12.94095, 48.29629, 1, 1, 1, False
67.215, 2021-07-05T15:20:20.2435660+08:00, 0, 12.94095, 48.29629, 1, 1, 1, False
67.2225, 2021-07-05T15:20:20.2510580+08:00, 0, 12.94095, 48.29629, 1, 1, 1, False
67.22782, 2021-07-05T15:20:20.2563910+08:00, 0, 12.94095, 48.29629, 1, 1, 1, False
67.23463, 2021-07-05T15:20:20.2631540+08:00, 0, 12.94095, 48.29629, 1, 1, 1, False
67.24064, 2021-07-05T15:20:20.2692670+08:00, 0, 12.94095, 48.29629, 1, 1, 1, False
67.24722, 2021-07-05T15:20:20.2757620+08:00, 0, 12.94095, 48.29629, 1, 1, 1, False
67.25362, 2021-07-05T15:20:20.2821670+08:00, 0, 12.94095, 48.29629, 1, 1, 1, False
67.25996, 2021-07-05T15:20:20.2885470+08:00, 0, 12.94095, 48.29629, 1, 1, 1, False
67.26685, 2021-07-05T15:20:20.2954820+08:00, 0, 12.94095, 48.29629, 1, 1, 1, False
67.2746, 2021-07-05T15:20:20.3031120+08:00, 0, 12.94095, 48.29629, 1, 1, 1, False
67.27933, 2021-07-05T15:20:20.3078800+08:00, 0, 12.94095, 48.29629, 1, 1, 1, False
67.28648, 2021-07-05T15:20:20.3150460+08:00, 0, 12.94095, 48.29629, 1, 1, 1, False
67.29238, 2021-07-05T15:20:20.3239940+08:00, 0, 12.94095, 48.29629, 1, 1, 1, False
67.30232, 2021-07-05T15:20:20.3360700+08:00, 0, 12.94095, 48.29629, 1, 1, 1, False
67.31451, 2021-07-05T15:20:20.3430190+08:00, 0, 12.94095, 48.29629, 1, 1, 1, False
67.31815, 2021-07-05T15:20:20.3466970+08:00, 0, 12.94095, 48.29629, 1, 1, 1, False
67.32203, 2021-07-05T15:20:20.3505470+08:00, 0, 12.94095, 48.29629, 1, 1, 1, False
67.32621, 2021-07-05T15:20:20.3547100+08:00, 0, 12.94095, 48.29629, 1, 1, 1, False
67.33166, 2021-07-05T15:20:20.3602430+08:00, 0, 12.94095, 48.29629, 1, 1, 1, False
67.33818, 2021-07-05T15:20:20.3667040+08:00, 0, 12.94095, 48.29629, 1, 1, 1, False
67.34461, 2021-07-05T15:20:20.3732510+08:00, 0, 12.94095, 48.29629, 1, 1, 1, False
67.35101, 2021-07-05T15:20:20.3795970+08:00, 0, 12.94095, 48.29629, 1, 1, 1, False
67.35741, 2021-07-05T15:20:20.3860000+08:00, 0, 12.94095, 48.29629, 1, 1, 1, False
67.36444, 2021-07-05T15:20:20.3930190+08:00, 0, 12.94095, 48.29629, 1, 1, 1, False
67.37033, 2021-07-05T15:20:20.3988910+08:00, 0, 12.94095, 48.29629, 1, 1, 1, False
67.37689, 2021-07-05T15:20:20.4054610+08:00, 0, 12.94095, 48.29629, 1, 1, 1, False
67.38346, 2021-07-05T15:20:20.4120670+08:00, 0, 12.94095, 48.29629, 1, 1, 1, False
67.3906, 2021-07-05T15:20:20.4192050+08:00, 0, 12.94095, 48.29629, 1, 1, 1, False
67.39859, 2021-07-05T15:20:20.4271110+08:00, 0, 12.94095, 48.29629, 1, 1, 1, False
67.40298, 2021-07-05T15:20:20.4316500+08:00, 0, 12.94095, 48.29629, 1, 1, 1, False
67.41042, 2021-07-05T15:20:20.4389440+08:00, 0, 12.94095, 48.29629, 1, 1, 1, False
67.41625, 2021-07-05T15:20:20.4448330+08:00, 0, 12.94095, 48.29629, 1, 1, 1, False
67.42376, 2021-07-05T15:20:20.4523430+08:00, 0, 12.94095, 48.29629, 1, 1, 1, False
67.43036, 2021-07-05T15:20:20.4588990+08:00, 0, 12.94095, 48.29629, 1, 1, 1, False
67.43582, 2021-07-05T15:20:20.4643540+08:00, 0, 12.94095, 48.29629, 1, 1, 1, False
67.44291, 2021-07-05T15:20:20.4714860+08:00, 0, 12.94095, 48.29629, 1, 1, 1, False
67.44891, 2021-07-05T15:20:20.4775690+08:00, 0, 12.94095, 48.29629, 1, 1, 1, False
67.45557, 2021-07-05T15:20:20.4841790+08:00, 0, 12.94095, 48.29629, 1, 1, 1, False
67.46236, 2021-07-05T15:20:20.4909390+08:00, 0, 12.94095, 48.29629, 1, 1, 1, False
67.46803, 2021-07-05T15:20:20.4966370+08:00, 0, 12.94095, 48.29629, 1, 1, 1, False
67.47468, 2021-07-05T15:20:20.5032180+08:00, 0, 12.94095, 48.29629, 1, 1, 1, False
67.48117, 2021-07-05T15:20:20.5098040+08:00, 0, 12.94095, 48.29629, 1, 1, 1, False
67.48805, 2021-07-05T15:20:20.5165800+08:00, 0, 12.94095, 48.29629, 1, 1, 1, False
67.49464, 2021-07-05T15:20:20.5231880+08:00, 0, 12.94095, 48.29629, 1, 1, 1, False
67.50075, 2021-07-05T15:20:20.5293900+08:00, 0, 12.94095, 48.29629, 1, 1, 1, False
67.50768, 2021-07-05T15:20:20.5362220+08:00, 0, 12.94095, 48.29629, 1, 1, 1, False
67.51472, 2021-07-05T15:20:20.5432520+08:00, 0, 12.94095, 48.29629, 1, 1, 1, False
67.52009, 2021-07-05T15:20:20.5487410+08:00, 0, 12.94095, 48.29629, 1, 1, 1, False
67.52744, 2021-07-05T15:20:20.5559890+08:00, 0, 12.94095, 48.29629, 1, 1, 1, False
67.53454, 2021-07-05T15:20:20.5631380+08:00, 0, 12.94095, 48.29629, 1, 1, 1, False
67.53983, 2021-07-05T15:20:20.5683680+08:00, 0, 12.94095, 48.29629, 1, 1, 1, False
67.5469, 2021-07-05T15:20:20.5754840+08:00, 0, 12.94095, 48.29629, 1, 1, 1, False
67.553, 2021-07-05T15:20:20.5815770+08:00, 0, 12.94095, 48.29629, 1, 1, 1, False
67.55933, 2021-07-05T15:20:20.5879070+08:00, 0, 12.94095, 48.29629, 1, 1, 1, False
67.56629, 2021-07-05T15:20:20.5948530+08:00, 0, 12.94095, 48.29629, 1, 1, 1, False
67.5725, 2021-07-05T15:20:20.6010820+08:00, 0, 12.94095, 48.29629, 1, 1, 1, False
67.57884, 2021-07-05T15:20:20.6074160+08:00, 0, 12.94095, 48.29629, 1, 1, 1, False
67.58533, 2021-07-05T15:20:20.6139680+08:00, 0, 12.94095, 48.29629, 1, 1, 1, False
67.59267, 2021-07-05T15:20:20.6212070+08:00, 0, 12.94095, 48.29629, 1, 1, 1, False
67.59877, 2021-07-05T15:20:20.6273190+08:00, 0, 12.94095, 48.29629, 1, 1, 1, False
67.60548, 2021-07-05T15:20:20.6340600+08:00, 0, 12.94095, 48.29629, 1, 1, 1, False
67.61121, 2021-07-05T15:20:20.6397410+08:00, 0, 12.94095, 48.29629, 1, 1, 1, False
67.61845, 2021-07-05T15:20:20.6470060+08:00, 0, 12.94095, 48.29629, 1, 1, 1, False
67.62455, 2021-07-05T15:20:20.6531770+08:00, 0, 12.94095, 48.29629, 1, 1, 1, False
67.63101, 2021-07-05T15:20:20.6595970+08:00, 0, 12.94095, 48.29629, 1, 1, 1, False
67.63821, 2021-07-05T15:20:20.6667210+08:00, 0, 12.94095, 48.29629, 1, 1, 1, False
67.65823, 2021-07-05T15:20:20.6867990+08:00, 0, 12.94095, 48.29629, 1, 1, 1, False
67.6622, 2021-07-05T15:20:20.6907330+08:00, 0, 12.94095, 48.29629, 1, 1, 1, False
67.66604, 2021-07-05T15:20:20.6945490+08:00, 0, 12.94095, 48.29629, 1, 1, 1, False
67.67017, 2021-07-05T15:20:20.6986790+08:00, 0, 12.94095, 48.29629, 1, 1, 1, False
67.67418, 2021-07-05T15:20:20.7026760+08:00, 0, 12.94095, 48.29629, 1, 1, 1, False
67.67818, 2021-07-05T15:20:20.7066710+08:00, 0, 12.94095, 48.29629, 1, 1, 1, False
67.68324, 2021-07-05T15:20:20.7118010+08:00, 0, 12.94095, 48.29629, 1, 1, 1, False
67.68963, 2021-07-05T15:20:20.7181510+08:00, 0, 12.94095, 48.29629, 1, 1, 1, False
67.69568, 2021-07-05T15:20:20.7242270+08:00, 0, 12.94095, 48.29629, 1, 1, 1, False
67.70229, 2021-07-05T15:20:20.7308500+08:00, 0, 12.94095, 48.29629, 1, 1, 1, False
67.70898, 2021-07-05T15:20:20.7375080+08:00, 0, 12.94095, 48.29629, 1, 1, 1, False
67.71497, 2021-07-05T15:20:20.7435790+08:00, 0, 12.94095, 48.29629, 1, 1, 1, False
67.7222, 2021-07-05T15:20:20.7507580+08:00, 0, 12.94095, 48.29629, 1, 1, 1, False
67.72781, 2021-07-05T15:20:20.7563540+08:00, 0, 12.94095, 48.29629, 1, 1, 1, False
67.73449, 2021-07-05T15:20:20.7631000+08:00, 0, 12.94095, 48.29629, 1, 1, 1, False
67.74097, 2021-07-05T15:20:20.7695830+08:00, 0, 12.94095, 48.29629, 1, 1, 1, False
67.74757, 2021-07-05T15:20:20.7761200+08:00, 0, 12.94095, 48.29629, 1, 1, 1, False
67.75443, 2021-07-05T15:20:20.7829580+08:00, 0, 12.94095, 48.29629, 1, 1, 1, False
67.76049, 2021-07-05T15:20:20.7890930+08:00, 0, 12.94095, 48.29629, 1, 1, 1, False
67.76702, 2021-07-05T15:20:20.7956590+08:00, 0, 12.94095, 48.29629, 1, 1, 1, False
67.77489, 2021-07-05T15:20:20.8034590+08:00, 0, 12.94095, 48.29629, 1, 1, 1, False
67.78265, 2021-07-05T15:20:20.8112490+08:00, 0, 12.94095, 48.29629, 1, 1, 1, False
67.79116, 2021-07-05T15:20:20.8197500+08:00, 0, 12.94095, 48.29629, 1, 1, 1, False
67.7987, 2021-07-05T15:20:20.8272420+08:00, 0, 12.94095, 48.29629, 1, 1, 1, False
67.80655, 2021-07-05T15:20:20.8351470+08:00, 0, 12.94095, 48.29629, 1, 1, 1, False
67.81017, 2021-07-05T15:20:20.8386920+08:00, 0, 12.94095, 48.29629, 1, 1, 1, False
67.81405, 2021-07-05T15:20:20.8425540+08:00, 0, 12.94095, 48.29629, 1, 1, 1, False
67.81921, 2021-07-05T15:20:20.8477440+08:00, 0, 12.94095, 48.29629, 1, 1, 1, False
67.82586, 2021-07-05T15:20:20.8545100+08:00, 0, 12.94095, 48.29629, 1, 1, 1, False
67.83276, 2021-07-05T15:20:20.8613130+08:00, 0, 12.94095, 48.29629, 1, 1, 1, False
67.83871, 2021-07-05T15:20:20.8672400+08:00, 0, 12.94095, 48.29629, 1, 1, 1, False
67.84577, 2021-07-05T15:20:20.8743620+08:00, 0, 12.94095, 48.29629, 1, 1, 1, False
67.85178, 2021-07-05T15:20:20.8804190+08:00, 0, 12.94095, 48.29629, 1, 1, 1, False
67.85894, 2021-07-05T15:20:20.8874760+08:00, 0, 12.94095, 48.29629, 1, 1, 1, False
67.86492, 2021-07-05T15:20:20.8935800+08:00, 0, 12.94095, 48.29629, 1, 1, 1, False
67.8715, 2021-07-05T15:20:20.9000370+08:00, 0, 12.94095, 48.29629, 1, 1, 1, False
67.87866, 2021-07-05T15:20:20.9071980+08:00, 0, 12.94095, 48.29629, 1, 1, 1, False
67.88498, 2021-07-05T15:20:20.9135810+08:00, 0, 12.94095, 48.29629, 1, 1, 1, False
67.891, 2021-07-05T15:20:20.9195640+08:00, 0, 12.94095, 48.29629, 1, 1, 1, False
67.89868, 2021-07-05T15:20:20.9272290+08:00, 0, 12.94095, 48.29629, 1, 1, 1, False
67.90395, 2021-07-05T15:20:20.9325510+08:00, 0, 12.94095, 48.29629, 1, 1, 1, False
67.91079, 2021-07-05T15:20:20.9393490+08:00, 0, 12.94095, 48.29629, 1, 1, 1, False
67.91711, 2021-07-05T15:20:20.9457610+08:00, 0, 12.94095, 48.29629, 1, 1, 1, False
67.92351, 2021-07-05T15:20:20.9520890+08:00, 0, 12.94095, 48.29629, 1, 1, 1, False
67.93068, 2021-07-05T15:20:20.9592240+08:00, 0, 12.94095, 48.29629, 1, 1, 1, False
67.937, 2021-07-05T15:20:20.9655490+08:00, 0, 12.94095, 48.29629, 1, 1, 1, False
67.94296, 2021-07-05T15:20:20.9716060+08:00, 0, 12.94095, 48.29629, 1, 1, 1, False
67.9507, 2021-07-05T15:20:20.9792810+08:00, 0, 12.94095, 48.29629, 1, 1, 1, False
67.9587, 2021-07-05T15:20:20.9872480+08:00, 0, 12.94095, 48.29629, 1, 1, 1, False
67.96638, 2021-07-05T15:20:20.9949830+08:00, 0, 12.94095, 48.29629, 1, 1, 1, False
67.97475, 2021-07-05T15:20:21.0032780+08:00, 0, 12.94095, 48.29629, 1, 1, 1, False
67.97815, 2021-07-05T15:20:21.0066520+08:00, 0, 12.94095, 48.29629, 1, 1, 1, False
67.98238, 2021-07-05T15:20:21.0109280+08:00, 0, 12.94095, 48.29629, 1, 1, 1, False
67.98885, 2021-07-05T15:20:21.0173800+08:00, 0, 12.94095, 48.29629, 1, 1, 1, False
67.99538, 2021-07-05T15:20:21.0239710+08:00, 0, 12.94095, 48.29629, 1, 1, 1, False
68.00227, 2021-07-05T15:20:21.0308440+08:00, 0, 12.94095, 48.29629, 1, 1, 1, False
68.00903, 2021-07-05T15:20:21.0375680+08:00, 0, 12.94095, 48.29629, 1, 1, 1, False
68.015, 2021-07-05T15:20:21.0435770+08:00, 0, 12.94095, 48.29629, 1, 1, 1, False
68.02145, 2021-07-05T15:20:21.0500320+08:00, 0, 12.94095, 48.29629, 1, 1, 1, False
68.0275, 2021-07-05T15:20:21.0560830+08:00, 0, 12.94095, 48.29629, 1, 1, 1, False
68.03464, 2021-07-05T15:20:21.0631870+08:00, 0, 12.94095, 48.29629, 1, 1, 1, False
68.04015, 2021-07-05T15:20:21.0687390+08:00, 0, 12.94095, 48.29629, 1, 1, 1, False
68.04722, 2021-07-05T15:20:21.0757900+08:00, 0, 12.94095, 48.29629, 1, 1, 1, False
68.05412, 2021-07-05T15:20:21.0826270+08:00, 0, 12.94095, 48.29629, 1, 1, 1, False
68.05976, 2021-07-05T15:20:21.0883230+08:00, 0, 12.94095, 48.29629, 1, 1, 1, False
68.0669, 2021-07-05T15:20:21.0955110+08:00, 0, 12.94095, 48.29629, 1, 1, 1, False
68.07463, 2021-07-05T15:20:21.1031710+08:00, 0, 12.94095, 48.29629, 1, 1, 1, False
68.07912, 2021-07-05T15:20:21.1076900+08:00, 0, 12.94095, 48.29629, 1, 1, 1, False
68.08635, 2021-07-05T15:20:21.1149320+08:00, 0, 12.94095, 48.29629, 1, 1, 1, False
68.09192, 2021-07-05T15:20:21.1204780+08:00, 0, 12.94095, 48.29629, 1, 1, 1, False
68.09884, 2021-07-05T15:20:21.1274000+08:00, 0, 12.94095, 48.29629, 1, 1, 1, False
68.10542, 2021-07-05T15:20:21.1340210+08:00, 0, 12.94095, 48.29629, 1, 1, 1, False
68.11143, 2021-07-05T15:20:21.1400360+08:00, 0, 12.94095, 48.29629, 1, 1, 1, False
68.11863, 2021-07-05T15:20:21.1473250+08:00, 0, 12.94095, 48.29629, 1, 1, 1, False
68.12673, 2021-07-05T15:20:21.1553950+08:00, 0, 12.94095, 48.29629, 1, 1, 1, False
68.13461, 2021-07-05T15:20:21.1631720+08:00, 0, 12.94095, 48.29629, 1, 1, 1, False
68.14245, 2021-07-05T15:20:21.1710130+08:00, 0, 12.94095, 48.29629, 1, 1, 1, False
68.1461, 2021-07-05T15:20:21.1746040+08:00, 0, 12.94095, 48.29629, 1, 1, 1, False
68.15079, 2021-07-05T15:20:21.1793780+08:00, 0, 12.94095, 48.29629, 1, 1, 1, False
68.15819, 2021-07-05T15:20:21.1867540+08:00, 0, 12.94095, 48.29629, 1, 1, 1, False
68.16412, 2021-07-05T15:20:21.1928090+08:00, 0, 12.94095, 48.29629, 1, 1, 1, False
68.17085, 2021-07-05T15:20:21.1994330+08:00, 0, 12.94095, 48.29629, 1, 1, 1, False
68.17838, 2021-07-05T15:20:21.2068990+08:00, 0, 12.94095, 48.29629, 1, 1, 1, False
68.18424, 2021-07-05T15:20:21.2130310+08:00, 0, 12.94095, 48.29629, 1, 1, 1, False
68.19124, 2021-07-05T15:20:21.2197870+08:00, 0, 12.94095, 48.29629, 1, 1, 1, False
68.19695, 2021-07-05T15:20:21.2255370+08:00, 0, 12.94095, 48.29629, 1, 1, 1, False
68.20376, 2021-07-05T15:20:21.2323260+08:00, 0, 12.94095, 48.29629, 1, 1, 1, False
68.21024, 2021-07-05T15:20:21.2387830+08:00, 0, 12.94095, 48.29629, 1, 1, 1, False
68.21684, 2021-07-05T15:20:21.2454000+08:00, 0, 12.94095, 48.29629, 1, 1, 1, False
68.22373, 2021-07-05T15:20:21.2523130+08:00, 0, 12.94095, 48.29629, 1, 1, 1, False
68.23046, 2021-07-05T15:20:21.2589880+08:00, 0, 12.94095, 48.29629, 1, 1, 1, False
68.23628, 2021-07-05T15:20:21.2648640+08:00, 0, 12.94095, 48.29629, 1, 1, 1, False
68.24352, 2021-07-05T15:20:21.2721020+08:00, 0, 12.94095, 48.29629, 1, 1, 1, False
68.25016, 2021-07-05T15:20:21.2786810+08:00, 0, 12.94095, 48.29629, 1, 1, 1, False
68.25627, 2021-07-05T15:20:21.2848090+08:00, 0, 12.94095, 48.29629, 1, 1, 1, False
68.26238, 2021-07-05T15:20:21.2909450+08:00, 0, 12.94095, 48.29629, 1, 1, 1, False
68.27029, 2021-07-05T15:20:21.3014300+08:00, 0, 12.94095, 48.29629, 1, 1, 1, False
68.27821, 2021-07-05T15:20:21.3067080+08:00, 0, 12.94095, 48.29629, 1, 1, 1, False
68.2823, 2021-07-05T15:20:21.3108180+08:00, 0, 12.94095, 48.29629, 1, 1, 1, False
68.28825, 2021-07-05T15:20:21.3167880+08:00, 0, 12.94095, 48.29629, 1, 1, 1, False
68.29492, 2021-07-05T15:20:21.3234580+08:00, 0, 12.94095, 48.29629, 1, 1, 1, False
68.30133, 2021-07-05T15:20:21.3299600+08:00, 0, 12.94095, 48.29629, 1, 1, 1, False
68.30772, 2021-07-05T15:20:21.3362730+08:00, 0, 12.94095, 48.29629, 1, 1, 1, False
68.31463, 2021-07-05T15:20:21.3431620+08:00, 0, 12.94095, 48.29629, 1, 1, 1, False
68.32059, 2021-07-05T15:20:21.3492340+08:00, 0, 12.94095, 48.29629, 1, 1, 1, False
68.3271, 2021-07-05T15:20:21.3557050+08:00, 0, 12.94095, 48.29629, 1, 1, 1, False
68.33449, 2021-07-05T15:20:21.3630320+08:00, 0, 12.94095, 48.29629, 1, 1, 1, False
68.34063, 2021-07-05T15:20:21.3692070+08:00, 0, 12.94095, 48.29629, 1, 1, 1, False
68.34668, 2021-07-05T15:20:21.3752210+08:00, 0, 12.94095, 48.29629, 1, 1, 1, False
68.35318, 2021-07-05T15:20:21.3817410+08:00, 0, 12.94095, 48.29629, 1, 1, 1, False
68.36041, 2021-07-05T15:20:21.3890160+08:00, 0, 12.94095, 48.29629, 1, 1, 1, False
68.36664, 2021-07-05T15:20:21.3951910+08:00, 0, 12.94095, 48.29629, 1, 1, 1, False
68.37482, 2021-07-05T15:20:21.4033740+08:00, 0, 12.94095, 48.29629, 1, 1, 1, False
68.38286, 2021-07-05T15:20:21.4114770+08:00, 0, 12.94095, 48.29629, 1, 1, 1, False
68.39071, 2021-07-05T15:20:21.4192800+08:00, 0, 12.94095, 48.29629, 1, 1, 1, False
68.39896, 2021-07-05T15:20:21.4275810+08:00, 0, 12.94095, 48.29629, 1, 1, 1, False
68.40633, 2021-07-05T15:20:21.4349380+08:00, 0, 12.94095, 48.29629, 1, 1, 1, False
68.41023, 2021-07-05T15:20:21.4387630+08:00, 0, 12.94095, 48.29629, 1, 1, 1, False
68.41402, 2021-07-05T15:20:21.4425360+08:00, 0, 12.94095, 48.29629, 1, 1, 1, False
68.41915, 2021-07-05T15:20:21.4476730+08:00, 0, 12.94095, 48.29629, 1, 1, 1, False
68.42513, 2021-07-05T15:20:21.4538310+08:00, 0, 12.94095, 48.29629, 1, 1, 1, False
68.43176, 2021-07-05T15:20:21.4603390+08:00, 0, 12.94095, 48.29629, 1, 1, 1, False
68.43829, 2021-07-05T15:20:21.4668260+08:00, 0, 12.94095, 48.29629, 1, 1, 1, False
68.44419, 2021-07-05T15:20:21.4728050+08:00, 0, 12.94095, 48.29629, 1, 1, 1, False
68.45086, 2021-07-05T15:20:21.4794790+08:00, 0, 12.94095, 48.29629, 1, 1, 1, False
68.45731, 2021-07-05T15:20:21.4859400+08:00, 0, 12.94095, 48.29629, 1, 1, 1, False
68.46374, 2021-07-05T15:20:21.4923310+08:00, 0, 12.94095, 48.29629, 1, 1, 1, False
68.49199, 2021-07-05T15:20:21.5205780+08:00, 0, 12.94095, 48.29629, 1, 1, 1, False
68.49857, 2021-07-05T15:20:21.5270890+08:00, 0, 12.94095, 48.29629, 1, 1, 1, False
68.50231, 2021-07-05T15:20:21.5308480+08:00, 0, 12.94095, 48.29629, 1, 1, 1, False
68.50621, 2021-07-05T15:20:21.5347230+08:00, 0, 12.94095, 48.29629, 1, 1, 1, False
68.51017, 2021-07-05T15:20:21.5386710+08:00, 0, 12.94095, 48.29629, 1, 1, 1, False
68.5142, 2021-07-05T15:20:21.5426960+08:00, 0, 12.94095, 48.29629, 1, 1, 1, False
68.51813, 2021-07-05T15:20:21.5466440+08:00, 0, 12.94095, 48.29629, 1, 1, 1, False
68.52204, 2021-07-05T15:20:21.5505600+08:00, 0, 12.94095, 48.29629, 1, 1, 1, False
68.5262, 2021-07-05T15:20:21.5547030+08:00, 0, 12.94095, 48.29629, 1, 1, 1, False
68.53235, 2021-07-05T15:20:21.5608790+08:00, 0, 12.94095, 48.29629, 1, 1, 1, False
68.53903, 2021-07-05T15:20:21.5675740+08:00, 0, 12.94095, 48.29629, 1, 1, 1, False
68.54498, 2021-07-05T15:20:21.5736510+08:00, 0, 12.94095, 48.29629, 1, 1, 1, False
68.55165, 2021-07-05T15:20:21.5802100+08:00, 0, 12.94095, 48.29629, 1, 1, 1, False
68.55856, 2021-07-05T15:20:21.5872300+08:00, 0, 12.94095, 48.29629, 1, 1, 1, False
68.56456, 2021-07-05T15:20:21.5932360+08:00, 0, 12.94095, 48.29629, 1, 1, 1, False
68.57104, 2021-07-05T15:20:21.5996390+08:00, 0, 12.94095, 48.29629, 1, 1, 1, False
68.57747, 2021-07-05T15:20:21.6060530+08:00, 0, 12.94095, 48.29629, 1, 1, 1, False
68.58416, 2021-07-05T15:20:21.6127570+08:00, 0, 12.94095, 48.29629, 1, 1, 1, False
68.59095, 2021-07-05T15:20:21.6194900+08:00, 0, 12.94095, 48.29629, 1, 1, 1, False
68.59715, 2021-07-05T15:20:21.6257420+08:00, 0, 12.94095, 48.29629, 1, 1, 1, False
68.60368, 2021-07-05T15:20:21.6323210+08:00, 0, 12.94095, 48.29629, 1, 1, 1, False
68.61092, 2021-07-05T15:20:21.6394810+08:00, 0, 12.94095, 48.29629, 1, 1, 1, False
68.61684, 2021-07-05T15:20:21.6454220+08:00, 0, 12.94095, 48.29629, 1, 1, 1, False
68.62373, 2021-07-05T15:20:21.6523350+08:00, 0, 12.94095, 48.29629, 1, 1, 1, False
68.63092, 2021-07-05T15:20:21.6594640+08:00, 0, 12.94095, 48.29629, 1, 1, 1, False
68.63646, 2021-07-05T15:20:21.6650590+08:00, 0, 12.94095, 48.29629, 1, 1, 1, False
68.6429, 2021-07-05T15:20:21.6715150+08:00, 0, 12.94095, 48.29629, 1, 1, 1, False
68.64929, 2021-07-05T15:20:21.6778890+08:00, 0, 12.94095, 48.29629, 1, 1, 1, False
68.65626, 2021-07-05T15:20:21.6848110+08:00, 0, 12.94095, 48.29629, 1, 1, 1, False
68.66262, 2021-07-05T15:20:21.6912060+08:00, 0, 12.94095, 48.29629, 1, 1, 1, False
68.66902, 2021-07-05T15:20:21.6975670+08:00, 0, 12.94095, 48.29629, 1, 1, 1, False
68.67504, 2021-07-05T15:20:21.7036740+08:00, 0, 12.94095, 48.29629, 1, 1, 1, False
68.68311, 2021-07-05T15:20:21.7116640+08:00, 0, 12.94095, 48.29629, 1, 1, 1, False
68.69037, 2021-07-05T15:20:21.7188870+08:00, 0, 12.94095, 48.29629, 1, 1, 1, False
68.69468, 2021-07-05T15:20:21.7232140+08:00, 0, 12.94095, 48.29629, 1, 1, 1, False
68.7011, 2021-07-05T15:20:21.7297830+08:00, 0, 12.94095, 48.29629, 1, 1, 1, False
68.70774, 2021-07-05T15:20:21.7363500+08:00, 0, 12.94095, 48.29629, 1, 1, 1, False
68.71479, 2021-07-05T15:20:21.7433360+08:00, 0, 12.94095, 48.29629, 1, 1, 1, False
68.72118, 2021-07-05T15:20:21.7497960+08:00, 0, 12.94095, 48.29629, 1, 1, 1, False
68.7276, 2021-07-05T15:20:21.7561740+08:00, 0, 12.94095, 48.29629, 1, 1, 1, False
68.7346, 2021-07-05T15:20:21.7631170+08:00, 0, 12.94095, 48.29629, 1, 1, 1, False
68.74152, 2021-07-05T15:20:21.7701160+08:00, 0, 12.94095, 48.29629, 1, 1, 1, False
68.74751, 2021-07-05T15:20:21.7761420+08:00, 0, 12.94095, 48.29629, 1, 1, 1, False
68.75431, 2021-07-05T15:20:21.7828810+08:00, 0, 12.94095, 48.29629, 1, 1, 1, False
68.76131, 2021-07-05T15:20:21.7898980+08:00, 0, 12.94095, 48.29629, 1, 1, 1, False
68.76733, 2021-07-05T15:20:21.7959460+08:00, 0, 12.94095, 48.29629, 1, 1, 1, False
68.77429, 2021-07-05T15:20:21.8028170+08:00, 0, 12.94095, 48.29629, 1, 1, 1, False
68.78086, 2021-07-05T15:20:21.8094570+08:00, 0, 12.94095, 48.29629, 1, 1, 1, False
68.78679, 2021-07-05T15:20:21.8153770+08:00, 0, 12.94095, 48.29629, 1, 1, 1, False
68.79345, 2021-07-05T15:20:21.8220400+08:00, 0, 12.94095, 48.29629, 1, 1, 1, False
68.79996, 2021-07-05T15:20:21.8285620+08:00, 0, 12.94095, 48.29629, 1, 1, 1, False
68.8066, 2021-07-05T15:20:21.8352480+08:00, 0, 12.94095, 48.29629, 1, 1, 1, False
68.8131, 2021-07-05T15:20:21.8416990+08:00, 0, 12.94095, 48.29629, 1, 1, 1, False
68.82032, 2021-07-05T15:20:21.8489230+08:00, 0, 12.94095, 48.29629, 1, 1, 1, False
68.82687, 2021-07-05T15:20:21.8553830+08:00, 0, 12.94095, 48.29629, 1, 1, 1, False
68.83319, 2021-07-05T15:20:21.8617720+08:00, 0, 12.94095, 48.29629, 1, 1, 1, False
68.84239, 2021-07-05T15:20:21.8709120+08:00, 0, 12.94095, 48.29629, 1, 1, 1, False
68.84636, 2021-07-05T15:20:21.8749970+08:00, 0, 12.94095, 48.29629, 1, 1, 1, False
68.85329, 2021-07-05T15:20:21.8818250+08:00, 0, 12.94095, 48.29629, 1, 1, 1, False
68.86892, 2021-07-05T15:20:21.8975090+08:00, 0, 12.94095, 48.29629, 1, 1, 1, False
68.87434, 2021-07-05T15:20:21.9029030+08:00, 0, 12.94095, 48.29629, 1, 1, 1, False
68.91468, 2021-07-05T15:20:21.9432370+08:00, 0, 12.94095, 48.29629, 1, 1, 1, False
68.91808, 2021-07-05T15:20:21.9465980+08:00, 0, 12.94095, 48.29629, 1, 1, 1, False
68.92396, 2021-07-05T15:20:21.9526330+08:00, 0, 12.94095, 48.29629, 1, 1, 1, False
68.93073, 2021-07-05T15:20:21.9592730+08:00, 0, 12.94095, 48.29629, 1, 1, 1, False
68.93421, 2021-07-05T15:20:21.9627130+08:00, 0, 12.94095, 48.29629, 1, 1, 1, False
68.93823, 2021-07-05T15:20:21.9667190+08:00, 0, 12.94095, 48.29629, 1, 1, 1, False
68.94231, 2021-07-05T15:20:21.9708430+08:00, 0, 12.94095, 48.29629, 1, 1, 1, False
68.94621, 2021-07-05T15:20:21.9747450+08:00, 0, 12.94095, 48.29629, 1, 1, 1, False
68.95193, 2021-07-05T15:20:21.9804910+08:00, 0, 12.94095, 48.29629, 1, 1, 1, False
68.95844, 2021-07-05T15:20:21.9870610+08:00, 0, 12.94095, 48.29629, 1, 1, 1, False
68.96551, 2021-07-05T15:20:21.9943040+08:00, 0, 12.94095, 48.29629, 1, 1, 1, False
68.97162, 2021-07-05T15:20:22.0002250+08:00, 0, 12.94095, 48.29629, 1, 1, 1, False
68.97863, 2021-07-05T15:20:22.0071710+08:00, 0, 12.94095, 48.29629, 1, 1, 1, False
68.98525, 2021-07-05T15:20:22.0139470+08:00, 0, 12.94095, 48.29629, 1, 1, 1, False
68.99181, 2021-07-05T15:20:22.0203380+08:00, 0, 12.94095, 48.29629, 1, 1, 1, False
68.99893, 2021-07-05T15:20:22.0275500+08:00, 0, 12.94095, 48.29629, 1, 1, 1, False
69.00546, 2021-07-05T15:20:22.0340690+08:00, 0, 12.94095, 48.29629, 1, 1, 1, False
69.01197, 2021-07-05T15:20:22.0405090+08:00, 0, 12.94095, 48.29629, 1, 1, 1, False
69.01868, 2021-07-05T15:20:22.0472250+08:00, 0, 12.94095, 48.29629, 1, 1, 1, False
69.02624, 2021-07-05T15:20:22.0548260+08:00, 0, 12.94095, 48.29629, 1, 1, 1, False
69.03235, 2021-07-05T15:20:22.0610120+08:00, 0, 12.94095, 48.29629, 1, 1, 1, False
69.03906, 2021-07-05T15:20:22.0677300+08:00, 0, 12.94095, 48.29629, 1, 1, 1, False
69.04559, 2021-07-05T15:20:22.0741590+08:00, 0, 12.94095, 48.29629, 1, 1, 1, False
69.05218, 2021-07-05T15:20:22.0807960+08:00, 0, 12.94095, 48.29629, 1, 1, 1, False
69.09071, 2021-07-05T15:20:22.1192500+08:00, 0, 12.94095, 48.29629, 1, 1, 1, False
69.12669, 2021-07-05T15:20:22.1583080+08:00, 0, 12.94095, 48.29629, 1, 1, 1, False
69.16241, 2021-07-05T15:20:22.1909880+08:00, 0, 12.94095, 48.29629, 1, 1, 1, False
69.19417, 2021-07-05T15:20:22.2227000+08:00, 0, 12.94095, 48.29629, 1, 1, 1, False
69.19818, 2021-07-05T15:20:22.2266680+08:00, 0, 12.94095, 48.29629, 1, 1, 1, False
69.20226, 2021-07-05T15:20:22.2308290+08:00, 0, 12.94095, 48.29629, 1, 1, 1, False
69.20615, 2021-07-05T15:20:22.2346450+08:00, 0, 12.94095, 48.29629, 1, 1, 1, False
69.2105, 2021-07-05T15:20:22.2391750+08:00, 0, 12.94095, 48.29629, 1, 1, 1, False
69.2142, 2021-07-05T15:20:22.2426910+08:00, 0, 12.94095, 48.29629, 1, 1, 1, False
69.21937, 2021-07-05T15:20:22.2478670+08:00, 0, 12.94095, 48.29629, 1, 1, 1, False
69.22592, 2021-07-05T15:20:22.2547190+08:00, 0, 12.94095, 48.29629, 1, 1, 1, False
69.2336, 2021-07-05T15:20:22.2622650+08:00, 0, 12.94095, 48.29629, 1, 1, 1, False
69.24133, 2021-07-05T15:20:22.2699120+08:00, 0, 12.94095, 48.29629, 1, 1, 1, False
69.24937, 2021-07-05T15:20:22.2779260+08:00, 0, 12.94095, 48.29629, 1, 1, 1, False
69.25612, 2021-07-05T15:20:22.2848000+08:00, 0, 12.94095, 48.29629, 1, 1, 1, False
69.26329, 2021-07-05T15:20:22.2919050+08:00, 0, 12.94095, 48.29629, 1, 1, 1, False
69.27155, 2021-07-05T15:20:22.3000760+08:00, 0, 12.94095, 48.29629, 1, 1, 1, False
69.27763, 2021-07-05T15:20:22.3062580+08:00, 0, 12.94095, 48.29629, 1, 1, 1, False
69.28498, 2021-07-05T15:20:22.3137770+08:00, 0, 12.94095, 48.29629, 1, 1, 1, False
69.29229, 2021-07-05T15:20:22.3208760+08:00, 0, 12.94095, 48.29629, 1, 1, 1, False
69.29966, 2021-07-05T15:20:22.3281910+08:00, 0, 12.94095, 48.29629, 1, 1, 1, False
69.30681, 2021-07-05T15:20:22.3353500+08:00, 0, 12.94095, 48.29629, 1, 1, 1, False
69.31364, 2021-07-05T15:20:22.3421680+08:00, 0, 12.94095, 48.29629, 1, 1, 1, False
69.31979, 2021-07-05T15:20:22.3484070+08:00, 0, 12.94095, 48.29629, 1, 1, 1, False
69.32681, 2021-07-05T15:20:22.3554080+08:00, 0, 12.94095, 48.29629, 1, 1, 1, False
69.33397, 2021-07-05T15:20:22.3624870+08:00, 0, 12.94095, 48.29629, 1, 1, 1, False
69.34003, 2021-07-05T15:20:22.3687040+08:00, 0, 12.94095, 48.29629, 1, 1, 1, False
69.34696, 2021-07-05T15:20:22.3754950+08:00, 0, 12.94095, 48.29629, 1, 1, 1, False
69.3535, 2021-07-05T15:20:22.3821040+08:00, 0, 12.94095, 48.29629, 1, 1, 1, False
69.35996, 2021-07-05T15:20:22.3885190+08:00, 0, 12.94095, 48.29629, 1, 1, 1, False
69.36654, 2021-07-05T15:20:22.3951480+08:00, 0, 12.94095, 48.29629, 1, 1, 1, False
69.37429, 2021-07-05T15:20:22.4027910+08:00, 0, 12.94095, 48.29629, 1, 1, 1, False
69.37954, 2021-07-05T15:20:22.4081220+08:00, 0, 12.94095, 48.29629, 1, 1, 1, False
69.40786, 2021-07-05T15:20:22.4363890+08:00, 0, 12.94095, 48.29629, 1, 1, 1, False
69.43862, 2021-07-05T15:20:22.4672980+08:00, 0, 12.94095, 48.29629, 1, 1, 1, False
69.44196, 2021-07-05T15:20:22.4704590+08:00, 0, 12.94095, 48.29629, 1, 1, 1, False
69.44622, 2021-07-05T15:20:22.4747130+08:00, 0, 12.94095, 48.29629, 1, 1, 1, False
69.45002, 2021-07-05T15:20:22.4785000+08:00, 0, 12.94095, 48.29629, 1, 1, 1, False
69.45397, 2021-07-05T15:20:22.4824590+08:00, 0, 12.94095, 48.29629, 1, 1, 1, False
69.45823, 2021-07-05T15:20:22.4867100+08:00, 0, 12.94095, 48.29629, 1, 1, 1, False
69.46221, 2021-07-05T15:20:22.4907360+08:00, 0, 12.94095, 48.29629, 1, 1, 1, False
69.46791, 2021-07-05T15:20:22.4964400+08:00, 0, 12.94095, 48.29629, 1, 1, 1, False
69.47468, 2021-07-05T15:20:22.5031870+08:00, 0, 12.94095, 48.29629, 1, 1, 1, False
69.48081, 2021-07-05T15:20:22.5094430+08:00, 0, 12.94095, 48.29629, 1, 1, 1, False
69.48774, 2021-07-05T15:20:22.5162720+08:00, 0, 12.94095, 48.29629, 1, 1, 1, False
69.4949, 2021-07-05T15:20:22.5234240+08:00, 0, 12.94095, 48.29629, 1, 1, 1, False
69.50098, 2021-07-05T15:20:22.5298050+08:00, 0, 12.94095, 48.29629, 1, 1, 1, False
69.51575, 2021-07-05T15:20:22.5442440+08:00, 0, 12.94095, 48.29629, 1, 1, 1, False
69.52225, 2021-07-05T15:20:22.5507740+08:00, 0, 12.94095, 48.29629, 1, 1, 1, False
69.52625, 2021-07-05T15:20:22.5548290+08:00, 0, 12.94095, 48.29629, 1, 1, 1, False
69.53003, 2021-07-05T15:20:22.5585230+08:00, 0, 12.94095, 48.29629, 1, 1, 1, False
69.5342, 2021-07-05T15:20:22.5626950+08:00, 0, 12.94095, 48.29629, 1, 1, 1, False
69.54033, 2021-07-05T15:20:22.5690040+08:00, 0, 12.94095, 48.29629, 1, 1, 1, False
69.54715, 2021-07-05T15:20:22.5756690+08:00, 0, 12.94095, 48.29629, 1, 1, 1, False
69.55409, 2021-07-05T15:20:22.5826070+08:00, 0, 12.94095, 48.29629, 1, 1, 1, False
69.55951, 2021-07-05T15:20:22.5880600+08:00, 0, 12.94095, 48.29629, 1, 1, 1, False
69.56647, 2021-07-05T15:20:22.5950230+08:00, 0, 12.94095, 48.29629, 1, 1, 1, False
69.57255, 2021-07-05T15:20:22.6010890+08:00, 0, 12.94095, 48.29629, 1, 1, 1, False
69.57901, 2021-07-05T15:20:22.6075400+08:00, 0, 12.94095, 48.29629, 1, 1, 1, False
69.58543, 2021-07-05T15:20:22.6139950+08:00, 0, 12.94095, 48.29629, 1, 1, 1, False
69.5927, 2021-07-05T15:20:22.6212390+08:00, 0, 12.94095, 48.29629, 1, 1, 1, False
69.59858, 2021-07-05T15:20:22.6271250+08:00, 0, 12.94095, 48.29629, 1, 1, 1, False
69.60507, 2021-07-05T15:20:22.6337270+08:00, 0, 12.94095, 48.29629, 1, 1, 1, False
69.61143, 2021-07-05T15:20:22.6399640+08:00, 0, 12.94095, 48.29629, 1, 1, 1, False
69.61892, 2021-07-05T15:20:22.6474280+08:00, 0, 12.94095, 48.29629, 1, 1, 1, False
69.62475, 2021-07-05T15:20:22.6533420+08:00, 0, 12.94095, 48.29629, 1, 1, 1, False
69.63132, 2021-07-05T15:20:22.6598950+08:00, 0, 12.94095, 48.29629, 1, 1, 1, False
69.63779, 2021-07-05T15:20:22.6663460+08:00, 0, 12.94095, 48.29629, 1, 1, 1, False
69.64429, 2021-07-05T15:20:22.6729040+08:00, 0, 12.94095, 48.29629, 1, 1, 1, False
69.65086, 2021-07-05T15:20:22.6794060+08:00, 0, 12.94095, 48.29629, 1, 1, 1, False
69.65842, 2021-07-05T15:20:22.6869270+08:00, 0, 12.94095, 48.29629, 1, 1, 1, False
69.66334, 2021-07-05T15:20:22.6919650+08:00, 0, 12.94095, 48.29629, 1, 1, 1, False
69.67003, 2021-07-05T15:20:22.6986800+08:00, 0, 12.94095, 48.29629, 1, 1, 1, False
69.67737, 2021-07-05T15:20:22.7059680+08:00, 0, 12.94095, 48.29629, 1, 1, 1, False
69.71052, 2021-07-05T15:20:22.7390990+08:00, 0, 12.94095, 48.29629, 1, 1, 1, False
69.71416, 2021-07-05T15:20:22.7426400+08:00, 0, 12.94095, 48.29629, 1, 1, 1, False
69.71847, 2021-07-05T15:20:22.7469700+08:00, 0, 12.94095, 48.29629, 1, 1, 1, False
69.72209, 2021-07-05T15:20:22.7506090+08:00, 0, 12.94095, 48.29629, 1, 1, 1, False
69.72636, 2021-07-05T15:20:22.7548670+08:00, 0, 12.94095, 48.29629, 1, 1, 1, False
69.73022, 2021-07-05T15:20:22.7587070+08:00, 0, 12.94095, 48.29629, 1, 1, 1, False
69.73407, 2021-07-05T15:20:22.7625530+08:00, 0, 12.94095, 48.29629, 1, 1, 1, False
69.73882, 2021-07-05T15:20:22.7673730+08:00, 0, 12.94095, 48.29629, 1, 1, 1, False
69.74534, 2021-07-05T15:20:22.7738960+08:00, 0, 12.94095, 48.29629, 1, 1, 1, False
69.75183, 2021-07-05T15:20:22.7803730+08:00, 0, 12.94095, 48.29629, 1, 1, 1, False
69.75922, 2021-07-05T15:20:22.7877410+08:00, 0, 12.94095, 48.29629, 1, 1, 1, False
69.76519, 2021-07-05T15:20:22.7938370+08:00, 0, 12.94095, 48.29629, 1, 1, 1, False
69.77171, 2021-07-05T15:20:22.8032880+08:00, 0, 12.94095, 48.29629, 1, 1, 1, False
69.77907, 2021-07-05T15:20:22.8118900+08:00, 0, 12.94095, 48.29629, 1, 1, 1, False
69.79074, 2021-07-05T15:20:22.8192850+08:00, 0, 12.94095, 48.29629, 1, 1, 1, False
69.79839, 2021-07-05T15:20:22.8269460+08:00, 0, 12.94095, 48.29629, 1, 1, 1, False
69.80239, 2021-07-05T15:20:22.8309310+08:00, 0, 12.94095, 48.29629, 1, 1, 1, False
69.80608, 2021-07-05T15:20:22.8345590+08:00, 0, 12.94095, 48.29629, 1, 1, 1, False
69.81222, 2021-07-05T15:20:22.8407680+08:00, 0, 12.94095, 48.29629, 1, 1, 1, False
69.82893, 2021-07-05T15:20:22.8574630+08:00, 0, 12.94095, 48.29629, 1, 1, 1, False
69.86394, 2021-07-05T15:20:22.8925540+08:00, 0, 12.94095, 48.29629, 1, 1, 1, False
69.87041, 2021-07-05T15:20:22.8989150+08:00, 0, 12.94095, 48.29629, 1, 1, 1, False
69.87394, 2021-07-05T15:20:22.9024300+08:00, 0, 12.94095, 48.29629, 1, 1, 1, False
69.8782, 2021-07-05T15:20:22.9066910+08:00, 0, 12.94095, 48.29629, 1, 1, 1, False
69.88213, 2021-07-05T15:20:22.9106550+08:00, 0, 12.94095, 48.29629, 1, 1, 1, False
69.88621, 2021-07-05T15:20:22.9147530+08:00, 0, 12.94095, 48.29629, 1, 1, 1, False
69.89004, 2021-07-05T15:20:22.9185300+08:00, 0, 12.94095, 48.29629, 1, 1, 1, False
69.89413, 2021-07-05T15:20:22.9226150+08:00, 0, 12.94095, 48.29629, 1, 1, 1, False
69.90038, 2021-07-05T15:20:22.9289760+08:00, 0, 12.94095, 48.29629, 1, 1, 1, False
69.90698, 2021-07-05T15:20:22.9355210+08:00, 0, 12.94095, 48.29629, 1, 1, 1, False
69.91412, 2021-07-05T15:20:22.9427140+08:00, 0, 12.94095, 48.29629, 1, 1, 1, False
69.92087, 2021-07-05T15:20:22.9494510+08:00, 0, 12.94095, 48.29629, 1, 1, 1, False
69.92753, 2021-07-05T15:20:22.9560760+08:00, 0, 12.94095, 48.29629, 1, 1, 1, False
69.94245, 2021-07-05T15:20:22.9709840+08:00, 0, 12.94095, 48.29629, 1, 1, 1, False
69.97398, 2021-07-05T15:20:23.0025090+08:00, 0, 12.94095, 48.29629, 1, 1, 1, False
69.97801, 2021-07-05T15:20:23.0065020+08:00, 0, 12.94095, 48.29629, 1, 1, 1, False
69.98223, 2021-07-05T15:20:23.0107810+08:00, 0, 12.94095, 48.29629, 1, 1, 1, False
69.98593, 2021-07-05T15:20:23.0144230+08:00, 0, 12.94095, 48.29629, 1, 1, 1, False
69.99009, 2021-07-05T15:20:23.0185700+08:00, 0, 12.94095, 48.29629, 1, 1, 1, False
69.9942, 2021-07-05T15:20:23.0226850+08:00, 0, 12.94095, 48.29629, 1, 1, 1, False
69.99814, 2021-07-05T15:20:23.0266300+08:00, 0, 12.94095, 48.29629, 1, 1, 1, False
70.00328, 2021-07-05T15:20:23.0318200+08:00, 0, 12.94095, 48.29629, 1, 1, 1, False
70.00958, 2021-07-05T15:20:23.0382270+08:00, 0, 12.94095, 48.29629, 1, 1, 1, False
70.01636, 2021-07-05T15:20:23.0449020+08:00, 0, 12.94095, 48.29629, 1, 1, 1, False
70.02262, 2021-07-05T15:20:23.0512050+08:00, 0, 12.94095, 48.29629, 1, 1, 1, False
70.03036, 2021-07-05T15:20:23.0591370+08:00, 0, 12.94095, 48.29629, 1, 1, 1, False
70.03664, 2021-07-05T15:20:23.0652100+08:00, 0, 12.94095, 48.29629, 1, 1, 1, False
70.04335, 2021-07-05T15:20:23.0719380+08:00, 0, 12.94095, 48.29629, 1, 1, 1, False
70.05064, 2021-07-05T15:20:23.0791460+08:00, 0, 12.94095, 48.29629, 1, 1, 1, False
70.05686, 2021-07-05T15:20:23.0854290+08:00, 0, 12.94095, 48.29629, 1, 1, 1, False
70.06352, 2021-07-05T15:20:23.0920940+08:00, 0, 12.94095, 48.29629, 1, 1, 1, False
70.07063, 2021-07-05T15:20:23.0991530+08:00, 0, 12.94095, 48.29629, 1, 1, 1, False
70.07703, 2021-07-05T15:20:23.1055720+08:00, 0, 12.94095, 48.29629, 1, 1, 1, False
70.08395, 2021-07-05T15:20:23.1125640+08:00, 0, 12.94095, 48.29629, 1, 1, 1, False
70.09103, 2021-07-05T15:20:23.1195770+08:00, 0, 12.94095, 48.29629, 1, 1, 1, False
70.09877, 2021-07-05T15:20:23.1273060+08:00, 0, 12.94095, 48.29629, 1, 1, 1, False
70.10635, 2021-07-05T15:20:23.1349590+08:00, 0, 12.94095, 48.29629, 1, 1, 1, False
70.11147, 2021-07-05T15:20:23.1400090+08:00, 0, 12.94095, 48.29629, 1, 1, 1, False
70.11848, 2021-07-05T15:20:23.1470240+08:00, 0, 12.94095, 48.29629, 1, 1, 1, False
70.12515, 2021-07-05T15:20:23.1537260+08:00, 0, 12.94095, 48.29629, 1, 1, 1, False
70.13143, 2021-07-05T15:20:23.1599970+08:00, 0, 12.94095, 48.29629, 1, 1, 1, False
70.13851, 2021-07-05T15:20:23.1670940+08:00, 0, 12.94095, 48.29629, 1, 1, 1, False
70.1453, 2021-07-05T15:20:23.1738820+08:00, 0, 12.94095, 48.29629, 1, 1, 1, False
70.15151, 2021-07-05T15:20:23.1801090+08:00, 0, 12.94095, 48.29629, 1, 1, 1, False
70.15878, 2021-07-05T15:20:23.1872880+08:00, 0, 12.94095, 48.29629, 1, 1, 1, False
70.16525, 2021-07-05T15:20:23.1938750+08:00, 0, 12.94095, 48.29629, 1, 1, 1, False
70.17233, 2021-07-05T15:20:23.2008560+08:00, 0, 12.94095, 48.29629, 1, 1, 1, False
70.17884, 2021-07-05T15:20:23.2073780+08:00, 0, 12.94095, 48.29629, 1, 1, 1, False
70.18536, 2021-07-05T15:20:23.2139630+08:00, 0, 12.94095, 48.29629, 1, 1, 1, False
70.1929, 2021-07-05T15:20:23.2214390+08:00, 0, 12.94095, 48.29629, 1, 1, 1, False
70.19917, 2021-07-05T15:20:23.2277340+08:00, 0, 12.94095, 48.29629, 1, 1, 1, False
70.20643, 2021-07-05T15:20:23.2349970+08:00, 0, 12.94095, 48.29629, 1, 1, 1, False
70.21259, 2021-07-05T15:20:23.2411250+08:00, 0, 12.94095, 48.29629, 1, 1, 1, False
70.21939, 2021-07-05T15:20:23.2479660+08:00, 0, 12.94095, 48.29629, 1, 1, 1, False
70.22665, 2021-07-05T15:20:23.2552320+08:00, 0, 12.94095, 48.29629, 1, 1, 1, False
70.25228, 2021-07-05T15:20:23.2808110+08:00, 0, 12.94095, 48.29629, 1, 1, 1, False
70.28223, 2021-07-05T15:20:23.3107630+08:00, 0, 12.94095, 48.29629, 1, 1, 1, False
70.28615, 2021-07-05T15:20:23.3146480+08:00, 0, 12.94095, 48.29629, 1, 1, 1, False
70.29025, 2021-07-05T15:20:23.3187820+08:00, 0, 12.94095, 48.29629, 1, 1, 1, False
70.29395, 2021-07-05T15:20:23.3224340+08:00, 0, 12.94095, 48.29629, 1, 1, 1, False
70.29843, 2021-07-05T15:20:23.3269250+08:00, 0, 12.94095, 48.29629, 1, 1, 1, False
70.30195, 2021-07-05T15:20:23.3304790+08:00, 0, 12.94095, 48.29629, 1, 1, 1, False
70.30619, 2021-07-05T15:20:23.3346730+08:00, 0, 12.94095, 48.29629, 1, 1, 1, False
70.31133, 2021-07-05T15:20:23.3398560+08:00, 0, 12.94095, 48.29629, 1, 1, 1, False
70.31807, 2021-07-05T15:20:23.3466270+08:00, 0, 12.94095, 48.29629, 1, 1, 1, False
70.32464, 2021-07-05T15:20:23.3532440+08:00, 0, 12.94095, 48.29629, 1, 1, 1, False
70.33181, 2021-07-05T15:20:23.3604120+08:00, 0, 12.94095, 48.29629, 1, 1, 1, False
70.33847, 2021-07-05T15:20:23.3670360+08:00, 0, 12.94095, 48.29629, 1, 1, 1, False
70.34528, 2021-07-05T15:20:23.3738750+08:00, 0, 12.94095, 48.29629, 1, 1, 1, False
70.35208, 2021-07-05T15:20:23.3806260+08:00, 0, 12.94095, 48.29629, 1, 1, 1, False
70.35974, 2021-07-05T15:20:23.3883220+08:00, 0, 12.94095, 48.29629, 1, 1, 1, False
70.36649, 2021-07-05T15:20:23.3950670+08:00, 0, 12.94095, 48.29629, 1, 1, 1, False
70.37311, 2021-07-05T15:20:23.4016530+08:00, 0, 12.94095, 48.29629, 1, 1, 1, False
70.38903, 2021-07-05T15:20:23.4175610+08:00, 0, 12.94095, 48.29629, 1, 1, 1, False
70.39421, 2021-07-05T15:20:23.4227120+08:00, 0, 12.94095, 48.29629, 1, 1, 1, False
70.39826, 2021-07-05T15:20:23.4267510+08:00, 0, 12.94095, 48.29629, 1, 1, 1, False
70.40191, 2021-07-05T15:20:23.4304960+08:00, 0, 12.94095, 48.29629, 1, 1, 1, False
70.40627, 2021-07-05T15:20:23.4348150+08:00, 0, 12.94095, 48.29629, 1, 1, 1, False
70.41428, 2021-07-05T15:20:23.4451800+08:00, 0, 12.94095, 48.29629, 1, 1, 1, False
70.42217, 2021-07-05T15:20:23.4506880+08:00, 0, 12.94095, 48.29629, 1, 1, 1, False
70.42665, 2021-07-05T15:20:23.4551950+08:00, 0, 12.94095, 48.29629, 1, 1, 1, False
70.43388, 2021-07-05T15:20:23.4623830+08:00, 0, 12.94095, 48.29629, 1, 1, 1, False
70.43996, 2021-07-05T15:20:23.4685260+08:00, 0, 12.94095, 48.29629, 1, 1, 1, False
70.44691, 2021-07-05T15:20:23.4755520+08:00, 0, 12.94095, 48.29629, 1, 1, 1, False
70.4536, 2021-07-05T15:20:23.4821920+08:00, 0, 12.94095, 48.29629, 1, 1, 1, False
70.46029, 2021-07-05T15:20:23.4888850+08:00, 0, 12.94095, 48.29629, 1, 1, 1, False
70.4671, 2021-07-05T15:20:23.4957290+08:00, 0, 12.94095, 48.29629, 1, 1, 1, False
70.47456, 2021-07-05T15:20:23.5030990+08:00, 0, 12.94095, 48.29629, 1, 1, 1, False
70.48245, 2021-07-05T15:20:23.5110150+08:00, 0, 12.94095, 48.29629, 1, 1, 1, False
70.48774, 2021-07-05T15:20:23.5163290+08:00, 0, 12.94095, 48.29629, 1, 1, 1, False
70.49469, 2021-07-05T15:20:23.5232330+08:00, 0, 12.94095, 48.29629, 1, 1, 1, False
70.50152, 2021-07-05T15:20:23.5303100+08:00, 0, 12.94095, 48.29629, 1, 1, 1, False
70.50916, 2021-07-05T15:20:23.5378810+08:00, 0, 12.94095, 48.29629, 1, 1, 1, False
70.51526, 2021-07-05T15:20:23.5438500+08:00, 0, 12.94095, 48.29629, 1, 1, 1, False
70.5225, 2021-07-05T15:20:23.5510620+08:00, 0, 12.94095, 48.29629, 1, 1, 1, False
70.52853, 2021-07-05T15:20:23.5570860+08:00, 0, 12.94095, 48.29629, 1, 1, 1, False
70.54507, 2021-07-05T15:20:23.5736170+08:00, 0, 12.94095, 48.29629, 1, 1, 1, False
70.58717, 2021-07-05T15:20:23.6157050+08:00, 0, 12.94095, 48.29629, 1, 1, 1, False
70.61527, 2021-07-05T15:20:23.6438580+08:00, 0, 12.94095, 48.29629, 1, 1, 1, False
70.61912, 2021-07-05T15:20:23.6476290+08:00, 0, 12.94095, 48.29629, 1, 1, 1, False
70.62238, 2021-07-05T15:20:23.6509240+08:00, 0, 12.94095, 48.29629, 1, 1, 1, False
70.62611, 2021-07-05T15:20:23.6545950+08:00, 0, 12.94095, 48.29629, 1, 1, 1, False
70.63021, 2021-07-05T15:20:23.6587020+08:00, 0, 12.94095, 48.29629, 1, 1, 1, False
70.6342, 2021-07-05T15:20:23.6626870+08:00, 0, 12.94095, 48.29629, 1, 1, 1, False
70.64, 2021-07-05T15:20:23.6685420+08:00, 0, 12.94095, 48.29629, 1, 1, 1, False
70.64677, 2021-07-05T15:20:23.6754010+08:00, 0, 12.94095, 48.29629, 1, 1, 1, False
70.65421, 2021-07-05T15:20:23.6828030+08:00, 0, 12.94095, 48.29629, 1, 1, 1, False
70.66159, 2021-07-05T15:20:23.6903170+08:00, 0, 12.94095, 48.29629, 1, 1, 1, False
70.67687, 2021-07-05T15:20:23.7053840+08:00, 0, 12.94095, 48.29629, 1, 1, 1, False
70.70763, 2021-07-05T15:20:23.7361740+08:00, 0, 12.94095, 48.29629, 1, 1, 1, False
70.71459, 2021-07-05T15:20:23.7431050+08:00, 0, 12.94095, 48.29629, 1, 1, 1, False
70.7181, 2021-07-05T15:20:23.7466040+08:00, 0, 12.94095, 48.29629, 1, 1, 1, False
70.72225, 2021-07-05T15:20:23.7507900+08:00, 0, 12.94095, 48.29629, 1, 1, 1, False
70.72604, 2021-07-05T15:20:23.7545280+08:00, 0, 12.94095, 48.29629, 1, 1, 1, False
70.73026, 2021-07-05T15:20:23.7587770+08:00, 0, 12.94095, 48.29629, 1, 1, 1, False
70.73405, 2021-07-05T15:20:23.7625510+08:00, 0, 12.94095, 48.29629, 1, 1, 1, False
70.73822, 2021-07-05T15:20:23.7667070+08:00, 0, 12.94095, 48.29629, 1, 1, 1, False
70.74364, 2021-07-05T15:20:23.7723300+08:00, 0, 12.94095, 48.29629, 1, 1, 1, False
70.75033, 2021-07-05T15:20:23.7788910+08:00, 0, 12.94095, 48.29629, 1, 1, 1, False
70.75799, 2021-07-05T15:20:23.7865240+08:00, 0, 12.94095, 48.29629, 1, 1, 1, False
70.76429, 2021-07-05T15:20:23.7929430+08:00, 0, 12.94095, 48.29629, 1, 1, 1, False
70.77156, 2021-07-05T15:20:23.8000750+08:00, 0, 12.94095, 48.29629, 1, 1, 1, False
70.77761, 2021-07-05T15:20:23.8064040+08:00, 0, 12.94095, 48.29629, 1, 1, 1, False
70.78477, 2021-07-05T15:20:23.8134110+08:00, 0, 12.94095, 48.29629, 1, 1, 1, False
70.79153, 2021-07-05T15:20:23.8200560+08:00, 0, 12.94095, 48.29629, 1, 1, 1, False
70.79841, 2021-07-05T15:20:23.8269370+08:00, 0, 12.94095, 48.29629, 1, 1, 1, False
70.82158, 2021-07-05T15:20:23.8501430+08:00, 0, 12.94095, 48.29629, 1, 1, 1, False
70.84998, 2021-07-05T15:20:23.8785190+08:00, 0, 12.94095, 48.29629, 1, 1, 1, False
70.85395, 2021-07-05T15:20:23.8824430+08:00, 0, 12.94095, 48.29629, 1, 1, 1, False
70.85825, 2021-07-05T15:20:23.8867710+08:00, 0, 12.94095, 48.29629, 1, 1, 1, False
70.86197, 2021-07-05T15:20:23.8904960+08:00, 0, 12.94095, 48.29629, 1, 1, 1, False
70.8663, 2021-07-05T15:20:23.8948040+08:00, 0, 12.94095, 48.29629, 1, 1, 1, False
70.87048, 2021-07-05T15:20:23.8989710+08:00, 0, 12.94095, 48.29629, 1, 1, 1, False
70.87415, 2021-07-05T15:20:23.9026530+08:00, 0, 12.94095, 48.29629, 1, 1, 1, False
70.87949, 2021-07-05T15:20:23.9080820+08:00, 0, 12.94095, 48.29629, 1, 1, 1, False
70.88731, 2021-07-05T15:20:23.9158530+08:00, 0, 12.94095, 48.29629, 1, 1, 1, False
70.89369, 2021-07-05T15:20:23.9222890+08:00, 0, 12.94095, 48.29629, 1, 1, 1, False
70.90042, 2021-07-05T15:20:23.9290840+08:00, 0, 12.94095, 48.29629, 1, 1, 1, False
70.91435, 2021-07-05T15:20:23.9429080+08:00, 0, 12.94095, 48.29629, 1, 1, 1, False
70.91821, 2021-07-05T15:20:23.9467060+08:00, 0, 12.94095, 48.29629, 1, 1, 1, False
70.922, 2021-07-05T15:20:23.9505490+08:00, 0, 12.94095, 48.29629, 1, 1, 1, False
70.92758, 2021-07-05T15:20:23.9561110+08:00, 0, 12.94095, 48.29629, 1, 1, 1, False
70.93456, 2021-07-05T15:20:23.9631410+08:00, 0, 12.94095, 48.29629, 1, 1, 1, False
70.94133, 2021-07-05T15:20:23.9699470+08:00, 0, 12.94095, 48.29629, 1, 1, 1, False
70.94822, 2021-07-05T15:20:23.9767800+08:00, 0, 12.94095, 48.29629, 1, 1, 1, False
70.95481, 2021-07-05T15:20:23.9833710+08:00, 0, 12.94095, 48.29629, 1, 1, 1, False
70.96151, 2021-07-05T15:20:23.9901330+08:00, 0, 12.94095, 48.29629, 1, 1, 1, False
70.96928, 2021-07-05T15:20:23.9978810+08:00, 0, 12.94095, 48.29629, 1, 1, 1, False
70.97582, 2021-07-05T15:20:24.0087160+08:00, 0, 12.94095, 48.29629, 1, 1, 1, False
70.98662, 2021-07-05T15:20:24.0152820+08:00, 0, 12.94095, 48.29629, 1, 1, 1, False
70.99017, 2021-07-05T15:20:24.0186720+08:00, 0, 12.94095, 48.29629, 1, 1, 1, False
70.99545, 2021-07-05T15:20:24.0239950+08:00, 0, 12.94095, 48.29629, 1, 1, 1, False
71.00231, 2021-07-05T15:20:24.0309630+08:00, 0, 12.94095, 48.29629, 1, 1, 1, False
71.00912, 2021-07-05T15:20:24.0376700+08:00, 0, 12.94095, 48.29629, 1, 1, 1, False
71.01589, 2021-07-05T15:20:24.0444270+08:00, 0, 12.94095, 48.29629, 1, 1, 1, False
71.02293, 2021-07-05T15:20:24.0514970+08:00, 0, 12.94095, 48.29629, 1, 1, 1, False
71.02919, 2021-07-05T15:20:24.0577810+08:00, 0, 12.94095, 48.29629, 1, 1, 1, False
71.0359, 2021-07-05T15:20:24.0644540+08:00, 0, 12.94095, 48.29629, 1, 1, 1, False
71.04358, 2021-07-05T15:20:24.0721550+08:00, 0, 12.94095, 48.29629, 1, 1, 1, False
71.0503, 2021-07-05T15:20:24.0788270+08:00, 0, 12.94095, 48.29629, 1, 1, 1, False
71.07353, 2021-07-05T15:20:24.1020860+08:00, 0, 12.94095, 48.29629, 1, 1, 1, False
71.1022, 2021-07-05T15:20:24.1307380+08:00, 0, 12.94095, 48.29629, 1, 1, 1, False
71.11463, 2021-07-05T15:20:24.1431390+08:00, 0, 12.94095, 48.29629, 1, 1, 1, False
71.11797, 2021-07-05T15:20:24.1464640+08:00, 0, 12.94095, 48.29629, 1, 1, 1, False
71.12215, 2021-07-05T15:20:24.1506860+08:00, 0, 12.94095, 48.29629, 1, 1, 1, False
71.12605, 2021-07-05T15:20:24.1545420+08:00, 0, 12.94095, 48.29629, 1, 1, 1, False
71.13037, 2021-07-05T15:20:24.1588750+08:00, 0, 12.94095, 48.29629, 1, 1, 1, False
71.13417, 2021-07-05T15:20:24.1626700+08:00, 0, 12.94095, 48.29629, 1, 1, 1, False
71.13811, 2021-07-05T15:20:24.1665940+08:00, 0, 12.94095, 48.29629, 1, 1, 1, False
71.14303, 2021-07-05T15:20:24.1716610+08:00, 0, 12.94095, 48.29629, 1, 1, 1, False
71.15002, 2021-07-05T15:20:24.1785370+08:00, 0, 12.94095, 48.29629, 1, 1, 1, False
71.15725, 2021-07-05T15:20:24.1858310+08:00, 0, 12.94095, 48.29629, 1, 1, 1, False
71.16348, 2021-07-05T15:20:24.1921360+08:00, 0, 12.94095, 48.29629, 1, 1, 1, False
71.17105, 2021-07-05T15:20:24.1995830+08:00, 0, 12.94095, 48.29629, 1, 1, 1, False
71.1786, 2021-07-05T15:20:24.2071540+08:00, 0, 12.94095, 48.29629, 1, 1, 1, False
71.18642, 2021-07-05T15:20:24.2150110+08:00, 0, 12.94095, 48.29629, 1, 1, 1, False
71.19039, 2021-07-05T15:20:24.2189490+08:00, 0, 12.94095, 48.29629, 1, 1, 1, False
71.1972, 2021-07-05T15:20:24.2257260+08:00, 0, 12.94095, 48.29629, 1, 1, 1, False
71.20386, 2021-07-05T15:20:24.2324720+08:00, 0, 12.94095, 48.29629, 1, 1, 1, False
71.21136, 2021-07-05T15:20:24.2398970+08:00, 0, 12.94095, 48.29629, 1, 1, 1, False
71.21881, 2021-07-05T15:20:24.2474590+08:00, 0, 12.94095, 48.29629, 1, 1, 1, False
71.2264, 2021-07-05T15:20:24.2549470+08:00, 0, 12.94095, 48.29629, 1, 1, 1, False
71.23146, 2021-07-05T15:20:24.2599930+08:00, 0, 12.94095, 48.29629, 1, 1, 1, False
71.23827, 2021-07-05T15:20:24.2667990+08:00, 0, 12.94095, 48.29629, 1, 1, 1, False
71.24518, 2021-07-05T15:20:24.2737660+08:00, 0, 12.94095, 48.29629, 1, 1, 1, False
71.26822, 2021-07-05T15:20:24.2967570+08:00, 0, 12.94095, 48.29629, 1, 1, 1, False
71.29813, 2021-07-05T15:20:24.3266670+08:00, 0, 12.94095, 48.29629, 1, 1, 1, False
71.3021, 2021-07-05T15:20:24.3306230+08:00, 0, 12.94095, 48.29629, 1, 1, 1, False
71.30614, 2021-07-05T15:20:24.3346510+08:00, 0, 12.94095, 48.29629, 1, 1, 1, False
71.31009, 2021-07-05T15:20:24.3385900+08:00, 0, 12.94095, 48.29629, 1, 1, 1, False
71.31426, 2021-07-05T15:20:24.3427680+08:00, 0, 12.94095, 48.29629, 1, 1, 1, False
71.32702, 2021-07-05T15:20:24.3555670+08:00, 0, 12.94095, 48.29629, 1, 1, 1, False
71.32999, 2021-07-05T15:20:24.3584910+08:00, 0, 12.94095, 48.29629, 1, 1, 1, False
71.3342, 2021-07-05T15:20:24.3627060+08:00, 0, 12.94095, 48.29629, 1, 1, 1, False
71.338, 2021-07-05T15:20:24.3664870+08:00, 0, 12.94095, 48.29629, 1, 1, 1, False
71.34214, 2021-07-05T15:20:24.3706770+08:00, 0, 12.94095, 48.29629, 1, 1, 1, False
71.34929, 2021-07-05T15:20:24.3778370+08:00, 0, 12.94095, 48.29629, 1, 1, 1, False
71.35709, 2021-07-05T15:20:24.3856340+08:00, 0, 12.94095, 48.29629, 1, 1, 1, False
71.36323, 2021-07-05T15:20:24.3918430+08:00, 0, 12.94095, 48.29629, 1, 1, 1, False
71.37006, 2021-07-05T15:20:24.3986350+08:00, 0, 12.94095, 48.29629, 1, 1, 1, False
71.37745, 2021-07-05T15:20:24.4059810+08:00, 0, 12.94095, 48.29629, 1, 1, 1, False
71.38385, 2021-07-05T15:20:24.4125180+08:00, 0, 12.94095, 48.29629, 1, 1, 1, False
71.39085, 2021-07-05T15:20:24.4193890+08:00, 0, 12.94095, 48.29629, 1, 1, 1, False
71.39687, 2021-07-05T15:20:24.4254240+08:00, 0, 12.94095, 48.29629, 1, 1, 1, False
71.40375, 2021-07-05T15:20:24.4325230+08:00, 0, 12.94095, 48.29629, 1, 1, 1, False
71.41055, 2021-07-05T15:20:24.4391140+08:00, 0, 12.94095, 48.29629, 1, 1, 1, False
71.41737, 2021-07-05T15:20:24.4459340+08:00, 0, 12.94095, 48.29629, 1, 1, 1, False
71.42415, 2021-07-05T15:20:24.4527620+08:00, 0, 12.94095, 48.29629, 1, 1, 1, False
71.43098, 2021-07-05T15:20:24.4595540+08:00, 0, 12.94095, 48.29629, 1, 1, 1, False
71.43857, 2021-07-05T15:20:24.4671450+08:00, 0, 12.94095, 48.29629, 1, 1, 1, False
71.44446, 2021-07-05T15:20:24.4730620+08:00, 0, 12.94095, 48.29629, 1, 1, 1, False
71.45126, 2021-07-05T15:20:24.4798570+08:00, 0, 12.94095, 48.29629, 1, 1, 1, False
71.47759, 2021-07-05T15:20:24.5061360+08:00, 0, 12.94095, 48.29629, 1, 1, 1, False
71.50639, 2021-07-05T15:20:24.5349280+08:00, 0, 12.94095, 48.29629, 1, 1, 1, False
71.51019, 2021-07-05T15:20:24.5386920+08:00, 0, 12.94095, 48.29629, 1, 1, 1, False
71.51427, 2021-07-05T15:20:24.5427700+08:00, 0, 12.94095, 48.29629, 1, 1, 1, False
71.51797, 2021-07-05T15:20:24.5464710+08:00, 0, 12.94095, 48.29629, 1, 1, 1, False
71.52219, 2021-07-05T15:20:24.5507320+08:00, 0, 12.94095, 48.29629, 1, 1, 1, False
71.52623, 2021-07-05T15:20:24.5547370+08:00, 0, 12.94095, 48.29629, 1, 1, 1, False
71.5303, 2021-07-05T15:20:24.5588180+08:00, 0, 12.94095, 48.29629, 1, 1, 1, False
71.53721, 2021-07-05T15:20:24.5657410+08:00, 0, 12.94095, 48.29629, 1, 1, 1, False
71.5437, 2021-07-05T15:20:24.5723530+08:00, 0, 12.94095, 48.29629, 1, 1, 1, False
71.55082, 2021-07-05T15:20:24.5830810+08:00, 0, 12.94095, 48.29629, 1, 1, 1, False
71.56718, 2021-07-05T15:20:24.5957110+08:00, 0, 12.94095, 48.29629, 1, 1, 1, False
71.57021, 2021-07-05T15:20:24.5987170+08:00, 0, 12.94095, 48.29629, 1, 1, 1, False
71.57407, 2021-07-05T15:20:24.6025630+08:00, 0, 12.94095, 48.29629, 1, 1, 1, False
71.5785, 2021-07-05T15:20:24.6070300+08:00, 0, 12.94095, 48.29629, 1, 1, 1, False
71.58546, 2021-07-05T15:20:24.6141040+08:00, 0, 12.94095, 48.29629, 1, 1, 1, False
71.59251, 2021-07-05T15:20:24.6212620+08:00, 0, 12.94095, 48.29629, 1, 1, 1, False
71.5991, 2021-07-05T15:20:24.6276450+08:00, 0, 12.94095, 48.29629, 1, 1, 1, False
71.6065, 2021-07-05T15:20:24.6350600+08:00, 0, 12.94095, 48.29629, 1, 1, 1, False
71.61213, 2021-07-05T15:20:24.6406850+08:00, 0, 12.94095, 48.29629, 1, 1, 1, False
71.61883, 2021-07-05T15:20:24.6474010+08:00, 0, 12.94095, 48.29629, 1, 1, 1, False
71.62672, 2021-07-05T15:20:24.6553230+08:00, 0, 12.94095, 48.29629, 1, 1, 1, False
71.63324, 2021-07-05T15:20:24.6618520+08:00, 0, 12.94095, 48.29629, 1, 1, 1, False
71.63946, 2021-07-05T15:20:24.6680170+08:00, 0, 12.94095, 48.29629, 1, 1, 1, False
71.64669, 2021-07-05T15:20:24.6752760+08:00, 0, 12.94095, 48.29629, 1, 1, 1, False
71.65298, 2021-07-05T15:20:24.6815980+08:00, 0, 12.94095, 48.29629, 1, 1, 1, False
71.65974, 2021-07-05T15:20:24.6883220+08:00, 0, 12.94095, 48.29629, 1, 1, 1, False
71.66664, 2021-07-05T15:20:24.6951960+08:00, 0, 12.94095, 48.29629, 1, 1, 1, False
71.67335, 2021-07-05T15:20:24.7019470+08:00, 0, 12.94095, 48.29629, 1, 1, 1, False
71.67993, 2021-07-05T15:20:24.7085050+08:00, 0, 12.94095, 48.29629, 1, 1, 1, False
71.68688, 2021-07-05T15:20:24.7154630+08:00, 0, 12.94095, 48.29629, 1, 1, 1, False
71.69463, 2021-07-05T15:20:24.7232020+08:00, 0, 12.94095, 48.29629, 1, 1, 1, False
71.70079, 2021-07-05T15:20:24.7294990+08:00, 0, 12.94095, 48.29629, 1, 1, 1, False
71.70755, 2021-07-05T15:20:24.7361240+08:00, 0, 12.94095, 48.29629, 1, 1, 1, False
71.71493, 2021-07-05T15:20:24.7435310+08:00, 0, 12.94095, 48.29629, 1, 1, 1, False
71.72115, 2021-07-05T15:20:24.7498000+08:00, 0, 12.94095, 48.29629, 1, 1, 1, False
71.75427, 2021-07-05T15:20:24.7828280+08:00, 0, 12.94095, 48.29629, 1, 1, 1, False
71.75859, 2021-07-05T15:20:24.7870960+08:00, 0, 12.94095, 48.29629, 1, 1, 1, False
71.79041, 2021-07-05T15:20:24.8189670+08:00, 0, 12.94095, 48.29629, 1, 1, 1, False
71.79391, 2021-07-05T15:20:24.8223930+08:00, 0, 12.94095, 48.29629, 1, 1, 1, False
71.79829, 2021-07-05T15:20:24.8268010+08:00, 0, 12.94095, 48.29629, 1, 1, 1, False
71.80196, 2021-07-05T15:20:24.8304800+08:00, 0, 12.94095, 48.29629, 1, 1, 1, False
71.80621, 2021-07-05T15:20:24.8347160+08:00, 0, 12.94095, 48.29629, 1, 1, 1, False
71.81017, 2021-07-05T15:20:24.8386710+08:00, 0, 12.94095, 48.29629, 1, 1, 1, False
71.81417, 2021-07-05T15:20:24.8426740+08:00, 0, 12.94095, 48.29629, 1, 1, 1, False
71.81962, 2021-07-05T15:20:24.8481590+08:00, 0, 12.94095, 48.29629, 1, 1, 1, False
71.82738, 2021-07-05T15:20:24.8560500+08:00, 0, 12.94095, 48.29629, 1, 1, 1, False
71.83438, 2021-07-05T15:20:24.8629620+08:00, 0, 12.94095, 48.29629, 1, 1, 1, False
71.84153, 2021-07-05T15:20:24.8702410+08:00, 0, 12.94095, 48.29629, 1, 1, 1, False
71.8477, 2021-07-05T15:20:24.8762710+08:00, 0, 12.94095, 48.29629, 1, 1, 1, False
71.8549, 2021-07-05T15:20:24.8835050+08:00, 0, 12.94095, 48.29629, 1, 1, 1, False
71.86174, 2021-07-05T15:20:24.8903570+08:00, 0, 12.94095, 48.29629, 1, 1, 1, False
71.86899, 2021-07-05T15:20:24.8975990+08:00, 0, 12.94095, 48.29629, 1, 1, 1, False
71.87582, 2021-07-05T15:20:24.9043680+08:00, 0, 12.94095, 48.29629, 1, 1, 1, False
71.8828, 2021-07-05T15:20:24.9113730+08:00, 0, 12.94095, 48.29629, 1, 1, 1, False
71.88953, 2021-07-05T15:20:24.9181270+08:00, 0, 12.94095, 48.29629, 1, 1, 1, False
71.89705, 2021-07-05T15:20:24.9255890+08:00, 0, 12.94095, 48.29629, 1, 1, 1, False
71.90321, 2021-07-05T15:20:24.9319450+08:00, 0, 12.94095, 48.29629, 1, 1, 1, False
71.91001, 2021-07-05T15:20:24.9385970+08:00, 0, 12.94095, 48.29629, 1, 1, 1, False
71.91677, 2021-07-05T15:20:24.9453220+08:00, 0, 12.94095, 48.29629, 1, 1, 1, False
71.92365, 2021-07-05T15:20:24.9522830+08:00, 0, 12.94095, 48.29629, 1, 1, 1, False
71.93108, 2021-07-05T15:20:24.9596880+08:00, 0, 12.94095, 48.29629, 1, 1, 1, False
71.93877, 2021-07-05T15:20:24.9673050+08:00, 0, 12.94095, 48.29629, 1, 1, 1, False
71.95646, 2021-07-05T15:20:24.9851480+08:00, 0, 12.94095, 48.29629, 1, 1, 1, False
71.98616, 2021-07-05T15:20:25.0147400+08:00, 0, 12.94095, 48.29629, 1, 1, 1, False
71.99008, 2021-07-05T15:20:25.0186130+08:00, 0, 12.94095, 48.29629, 1, 1, 1, False
71.99423, 2021-07-05T15:20:25.0227780+08:00, 0, 12.94095, 48.29629, 1, 1, 1, False
71.998, 2021-07-05T15:20:25.0265270+08:00, 0, 12.94095, 48.29629, 1, 1, 1, False
72.00214, 2021-07-05T15:20:25.0307350+08:00, 0, 12.94095, 48.29629, 1, 1, 1, False
72.00611, 2021-07-05T15:20:25.0346410+08:00, 0, 12.94095, 48.29629, 1, 1, 1, False
72.01019, 2021-07-05T15:20:25.0387110+08:00, 0, 12.94095, 48.29629, 1, 1, 1, False
72.0151, 2021-07-05T15:20:25.0436460+08:00, 0, 12.94095, 48.29629, 1, 1, 1, False
72.02113, 2021-07-05T15:20:25.0498110+08:00, 0, 12.94095, 48.29629, 1, 1, 1, False
72.02856, 2021-07-05T15:20:25.0572230+08:00, 0, 12.94095, 48.29629, 1, 1, 1, False
72.03527, 2021-07-05T15:20:25.0638780+08:00, 0, 12.94095, 48.29629, 1, 1, 1, False
72.04198, 2021-07-05T15:20:25.0706430+08:00, 0, 12.94095, 48.29629, 1, 1, 1, False
72.04966, 2021-07-05T15:20:25.0782540+08:00, 0, 12.94095, 48.29629, 1, 1, 1, False
72.05646, 2021-07-05T15:20:25.0850260+08:00, 0, 12.94095, 48.29629, 1, 1, 1, False
72.06275, 2021-07-05T15:20:25.0914710+08:00, 0, 12.94095, 48.29629, 1, 1, 1, False
72.06995, 2021-07-05T15:20:25.0986300+08:00, 0, 12.94095, 48.29629, 1, 1, 1, False
72.07768, 2021-07-05T15:20:25.1063090+08:00, 0, 12.94095, 48.29629, 1, 1, 1, False
72.08394, 2021-07-05T15:20:25.1126130+08:00, 0, 12.94095, 48.29629, 1, 1, 1, False
72.09109, 2021-07-05T15:20:25.1198400+08:00, 0, 12.94095, 48.29629, 1, 1, 1, False
72.09856, 2021-07-05T15:20:25.1271340+08:00, 0, 12.94095, 48.29629, 1, 1, 1, False
72.10399, 2021-07-05T15:20:25.1326500+08:00, 0, 12.94095, 48.29629, 1, 1, 1, False
72.11075, 2021-07-05T15:20:25.1393370+08:00, 0, 12.94095, 48.29629, 1, 1, 1, False
72.11761, 2021-07-05T15:20:25.1463450+08:00, 0, 12.94095, 48.29629, 1, 1, 1, False
72.1243, 2021-07-05T15:20:25.1529150+08:00, 0, 12.94095, 48.29629, 1, 1, 1, False
72.1311, 2021-07-05T15:20:25.1596960+08:00, 0, 12.94095, 48.29629, 1, 1, 1, False
72.1385, 2021-07-05T15:20:25.1671070+08:00, 0, 12.94095, 48.29629, 1, 1, 1, False
72.14526, 2021-07-05T15:20:25.1739000+08:00, 0, 12.94095, 48.29629, 1, 1, 1, False
72.15153, 2021-07-05T15:20:25.1802530+08:00, 0, 12.94095, 48.29629, 1, 1, 1, False
72.15894, 2021-07-05T15:20:25.1875370+08:00, 0, 12.94095, 48.29629, 1, 1, 1, False
72.1666, 2021-07-05T15:20:25.1952050+08:00, 0, 12.94095, 48.29629, 1, 1, 1, False
72.17165, 2021-07-05T15:20:25.2002690+08:00, 0, 12.94095, 48.29629, 1, 1, 1, False
72.1787, 2021-07-05T15:20:25.2073020+08:00, 0, 12.94095, 48.29629, 1, 1, 1, False
72.18537, 2021-07-05T15:20:25.2140110+08:00, 0, 12.94095, 48.29629, 1, 1, 1, False
72.19192, 2021-07-05T15:20:25.2205580+08:00, 0, 12.94095, 48.29629, 1, 1, 1, False
72.19883, 2021-07-05T15:20:25.2274760+08:00, 0, 12.94095, 48.29629, 1, 1, 1, False
72.20665, 2021-07-05T15:20:25.2353210+08:00, 0, 12.94095, 48.29629, 1, 1, 1, False
72.21476, 2021-07-05T15:20:25.2433450+08:00, 0, 12.94095, 48.29629, 1, 1, 1, False
72.22241, 2021-07-05T15:20:25.2510420+08:00, 0, 12.94095, 48.29629, 1, 1, 1, False
72.2263, 2021-07-05T15:20:25.2548640+08:00, 0, 12.94095, 48.29629, 1, 1, 1, False
72.23264, 2021-07-05T15:20:25.2612520+08:00, 0, 12.94095, 48.29629, 1, 1, 1, False
72.2394, 2021-07-05T15:20:25.2679950+08:00, 0, 12.94095, 48.29629, 1, 1, 1, False
72.24681, 2021-07-05T15:20:25.2754720+08:00, 0, 12.94095, 48.29629, 1, 1, 1, False
72.25423, 2021-07-05T15:20:25.2827870+08:00, 0, 12.94095, 48.29629, 1, 1, 1, False
72.25966, 2021-07-05T15:20:25.2882310+08:00, 0, 12.94095, 48.29629, 1, 1, 1, False
72.26684, 2021-07-05T15:20:25.2954600+08:00, 0, 12.94095, 48.29629, 1, 1, 1, False
72.2732, 2021-07-05T15:20:25.3018110+08:00, 0, 12.94095, 48.29629, 1, 1, 1, False
72.27985, 2021-07-05T15:20:25.3084540+08:00, 0, 12.94095, 48.29629, 1, 1, 1, False
72.2869, 2021-07-05T15:20:25.3155150+08:00, 0, 12.94095, 48.29629, 1, 1, 1, False
72.29367, 2021-07-05T15:20:25.3222530+08:00, 0, 12.94095, 48.29629, 1, 1, 1, False
72.29991, 2021-07-05T15:20:25.3285070+08:00, 0, 12.94095, 48.29629, 1, 1, 1, False
72.30692, 2021-07-05T15:20:25.3355340+08:00, 0, 12.94095, 48.29629, 1, 1, 1, False
72.31299, 2021-07-05T15:20:25.3416450+08:00, 0, 12.94095, 48.29629, 1, 1, 1, False
72.32001, 2021-07-05T15:20:25.3486130+08:00, 0, 12.94095, 48.29629, 1, 1, 1, False
72.32677, 2021-07-05T15:20:25.3553930+08:00, 0, 12.94095, 48.29629, 1, 1, 1, False
72.33338, 2021-07-05T15:20:25.3620260+08:00, 0, 12.94095, 48.29629, 1, 1, 1, False
72.34053, 2021-07-05T15:20:25.3691990+08:00, 0, 12.94095, 48.29629, 1, 1, 1, False
72.3466, 2021-07-05T15:20:25.3753080+08:00, 0, 12.94095, 48.29629, 1, 1, 1, False
72.35361, 2021-07-05T15:20:25.3822430+08:00, 0, 12.94095, 48.29629, 1, 1, 1, False
72.36101, 2021-07-05T15:20:25.3896670+08:00, 0, 12.94095, 48.29629, 1, 1, 1, False
72.36739, 2021-07-05T15:20:25.3959870+08:00, 0, 12.94095, 48.29629, 1, 1, 1, False
72.37494, 2021-07-05T15:20:25.4035120+08:00, 0, 12.94095, 48.29629, 1, 1, 1, False
72.38039, 2021-07-05T15:20:25.4090560+08:00, 0, 12.94095, 48.29629, 1, 1, 1, False
72.39058, 2021-07-05T15:20:25.4239070+08:00, 0, 12.94095, 48.29629, 1, 1, 1, False
72.40234, 2021-07-05T15:20:25.4309370+08:00, 0, 12.94095, 48.29629, 1, 1, 1, False
72.4061, 2021-07-05T15:20:25.4346580+08:00, 0, 12.94095, 48.29629, 1, 1, 1, False
72.41018, 2021-07-05T15:20:25.4387200+08:00, 0, 12.94095, 48.29629, 1, 1, 1, False
72.41441, 2021-07-05T15:20:25.4430020+08:00, 0, 12.94095, 48.29629, 1, 1, 1, False
72.42188, 2021-07-05T15:20:25.4505150+08:00, 0, 12.94095, 48.29629, 1, 1, 1, False
72.42801, 2021-07-05T15:20:25.4566250+08:00, 0, 12.94095, 48.29629, 1, 1, 1, False
72.43492, 2021-07-05T15:20:25.4635080+08:00, 0, 12.94095, 48.29629, 1, 1, 1, False
72.4412, 2021-07-05T15:20:25.4698300+08:00, 0, 12.94095, 48.29629, 1, 1, 1, False
72.44782, 2021-07-05T15:20:25.4764180+08:00, 0, 12.94095, 48.29629, 1, 1, 1, False
72.45468, 2021-07-05T15:20:25.4833140+08:00, 0, 12.94095, 48.29629, 1, 1, 1, False
72.46153, 2021-07-05T15:20:25.4901980+08:00, 0, 12.94095, 48.29629, 1, 1, 1, False
72.46832, 2021-07-05T15:20:25.4969900+08:00, 0, 12.94095, 48.29629, 1, 1, 1, False
72.47514, 2021-07-05T15:20:25.5037810+08:00, 0, 12.94095, 48.29629, 1, 1, 1, False
72.48266, 2021-07-05T15:20:25.5113280+08:00, 0, 12.94095, 48.29629, 1, 1, 1, False
72.49042, 2021-07-05T15:20:25.5189950+08:00, 0, 12.94095, 48.29629, 1, 1, 1, False
72.4959, 2021-07-05T15:20:25.5244760+08:00, 0, 12.94095, 48.29629, 1, 1, 1, False
72.50266, 2021-07-05T15:20:25.5312560+08:00, 0, 12.94095, 48.29629, 1, 1, 1, False
72.50964, 2021-07-05T15:20:25.5382480+08:00, 0, 12.94095, 48.29629, 1, 1, 1, False
72.51584, 2021-07-05T15:20:25.5444220+08:00, 0, 12.94095, 48.29629, 1, 1, 1, False
72.52257, 2021-07-05T15:20:25.5512170+08:00, 0, 12.94095, 48.29629, 1, 1, 1, False
72.5285, 2021-07-05T15:20:25.5570980+08:00, 0, 12.94095, 48.29629, 1, 1, 1, False
72.53513, 2021-07-05T15:20:25.5637880+08:00, 0, 12.94095, 48.29629, 1, 1, 1, False
72.54222, 2021-07-05T15:20:25.5708510+08:00, 0, 12.94095, 48.29629, 1, 1, 1, False
72.5479, 2021-07-05T15:20:25.5765330+08:00, 0, 12.94095, 48.29629, 1, 1, 1, False
72.55425, 2021-07-05T15:20:25.5828510+08:00, 0, 12.94095, 48.29629, 1, 1, 1, False
72.56079, 2021-07-05T15:20:25.5894410+08:00, 0, 12.94095, 48.29629, 1, 1, 1, False
72.5673, 2021-07-05T15:20:25.5959230+08:00, 0, 12.94095, 48.29629, 1, 1, 1, False
72.57468, 2021-07-05T15:20:25.6032660+08:00, 0, 12.94095, 48.29629, 1, 1, 1, False
72.58035, 2021-07-05T15:20:25.6090020+08:00, 0, 12.94095, 48.29629, 1, 1, 1, False
72.5867, 2021-07-05T15:20:25.6153290+08:00, 0, 12.94095, 48.29629, 1, 1, 1, False
72.5941, 2021-07-05T15:20:25.6227020+08:00, 0, 12.94095, 48.29629, 1, 1, 1, False
72.60003, 2021-07-05T15:20:25.6287060+08:00, 0, 12.94095, 48.29629, 1, 1, 1, False
72.60702, 2021-07-05T15:20:25.6356070+08:00, 0, 12.94095, 48.29629, 1, 1, 1, False
72.61367, 2021-07-05T15:20:25.6422550+08:00, 0, 12.94095, 48.29629, 1, 1, 1, False
72.61978, 2021-07-05T15:20:25.6484010+08:00, 0, 12.94095, 48.29629, 1, 1, 1, False
72.62672, 2021-07-05T15:20:25.6554020+08:00, 0, 12.94095, 48.29629, 1, 1, 1, False
72.63271, 2021-07-05T15:20:25.6613410+08:00, 0, 12.94095, 48.29629, 1, 1, 1, False
72.6396, 2021-07-05T15:20:25.6681930+08:00, 0, 12.94095, 48.29629, 1, 1, 1, False
72.64635, 2021-07-05T15:20:25.6749600+08:00, 0, 12.94095, 48.29629, 1, 1, 1, False
72.652, 2021-07-05T15:20:25.6806100+08:00, 0, 12.94095, 48.29629, 1, 1, 1, False
72.65927, 2021-07-05T15:20:25.6878600+08:00, 0, 12.94095, 48.29629, 1, 1, 1, False
72.66685, 2021-07-05T15:20:25.6954590+08:00, 0, 12.94095, 48.29629, 1, 1, 1, False
72.6746, 2021-07-05T15:20:25.7031630+08:00, 0, 12.94095, 48.29629, 1, 1, 1, False
72.67871, 2021-07-05T15:20:25.7072760+08:00, 0, 12.94095, 48.29629, 1, 1, 1, False
72.68468, 2021-07-05T15:20:25.7134090+08:00, 0, 12.94095, 48.29629, 1, 1, 1, False
72.69135, 2021-07-05T15:20:25.7199370+08:00, 0, 12.94095, 48.29629, 1, 1, 1, False
72.69847, 2021-07-05T15:20:25.7270370+08:00, 0, 12.94095, 48.29629, 1, 1, 1, False
72.70441, 2021-07-05T15:20:25.7330800+08:00, 0, 12.94095, 48.29629, 1, 1, 1, False
72.71101, 2021-07-05T15:20:25.7396400+08:00, 0, 12.94095, 48.29629, 1, 1, 1, False
72.71877, 2021-07-05T15:20:25.7473340+08:00, 0, 12.94095, 48.29629, 1, 1, 1, False
72.72384, 2021-07-05T15:20:25.7524930+08:00, 0, 12.94095, 48.29629, 1, 1, 1, False
72.73083, 2021-07-05T15:20:25.7593920+08:00, 0, 12.94095, 48.29629, 1, 1, 1, False
72.73721, 2021-07-05T15:20:25.7657830+08:00, 0, 12.94095, 48.29629, 1, 1, 1, False
72.74323, 2021-07-05T15:20:25.7718590+08:00, 0, 12.94095, 48.29629, 1, 1, 1, False
72.75046, 2021-07-05T15:20:25.7790570+08:00, 0, 12.94095, 48.29629, 1, 1, 1, False
72.75644, 2021-07-05T15:20:25.7850090+08:00, 0, 12.94095, 48.29629, 1, 1, 1, False
72.76275, 2021-07-05T15:20:25.7913620+08:00, 0, 12.94095, 48.29629, 1, 1, 1, False
72.76917, 2021-07-05T15:20:25.7978040+08:00, 0, 12.94095, 48.29629, 1, 1, 1, False
72.7764, 2021-07-05T15:20:25.8050090+08:00, 0, 12.94095, 48.29629, 1, 1, 1, False
72.78281, 2021-07-05T15:20:25.8114600+08:00, 0, 12.94095, 48.29629, 1, 1, 1, False
72.79072, 2021-07-05T15:20:25.8192900+08:00, 0, 12.94095, 48.29629, 1, 1, 1, False
72.79882, 2021-07-05T15:20:25.8274100+08:00, 0, 12.94095, 48.29629, 1, 1, 1, False
72.80676, 2021-07-05T15:20:25.8354380+08:00, 0, 12.94095, 48.29629, 1, 1, 1, False
72.81459, 2021-07-05T15:20:25.8431970+08:00, 0, 12.94095, 48.29629, 1, 1, 1, False
72.8193, 2021-07-05T15:20:25.8478680+08:00, 0, 12.94095, 48.29629, 1, 1, 1, False
72.82677, 2021-07-05T15:20:25.8554030+08:00, 0, 12.94095, 48.29629, 1, 1, 1, False
72.84282, 2021-07-05T15:20:25.8715540+08:00, 0, 12.94095, 48.29629, 1, 1, 1, False
72.85017, 2021-07-05T15:20:25.8787410+08:00, 0, 12.94095, 48.29629, 1, 1, 1, False
72.8541, 2021-07-05T15:20:25.8826600+08:00, 0, 12.94095, 48.29629, 1, 1, 1, False
72.85813, 2021-07-05T15:20:25.8866710+08:00, 0, 12.94095, 48.29629, 1, 1, 1, False
72.86224, 2021-07-05T15:20:25.8908130+08:00, 0, 12.94095, 48.29629, 1, 1, 1, False
72.8662, 2021-07-05T15:20:25.8947490+08:00, 0, 12.94095, 48.29629, 1, 1, 1, False
72.87056, 2021-07-05T15:20:25.8991080+08:00, 0, 12.94095, 48.29629, 1, 1, 1, False
72.87412, 2021-07-05T15:20:25.9026610+08:00, 0, 12.94095, 48.29629, 1, 1, 1, False
72.87922, 2021-07-05T15:20:25.9078120+08:00, 0, 12.94095, 48.29629, 1, 1, 1, False
72.88566, 2021-07-05T15:20:25.9143050+08:00, 0, 12.94095, 48.29629, 1, 1, 1, False
72.89234, 2021-07-05T15:20:25.9209600+08:00, 0, 12.94095, 48.29629, 1, 1, 1, False
72.89874, 2021-07-05T15:20:25.9273580+08:00, 0, 12.94095, 48.29629, 1, 1, 1, False
72.90674, 2021-07-05T15:20:25.9353910+08:00, 0, 12.94095, 48.29629, 1, 1, 1, False
72.91451, 2021-07-05T15:20:25.9430760+08:00, 0, 12.94095, 48.29629, 1, 1, 1, False
72.9183, 2021-07-05T15:20:25.9470170+08:00, 0, 12.94095, 48.29629, 1, 1, 1, False
72.92551, 2021-07-05T15:20:25.9541400+08:00, 0, 12.94095, 48.29629, 1, 1, 1, False
72.93156, 2021-07-05T15:20:25.9601580+08:00, 0, 12.94095, 48.29629, 1, 1, 1, False
72.93834, 2021-07-05T15:20:25.9669440+08:00, 0, 12.94095, 48.29629, 1, 1, 1, False
72.94496, 2021-07-05T15:20:25.9735920+08:00, 0, 12.94095, 48.29629, 1, 1, 1, False
72.95088, 2021-07-05T15:20:25.9795570+08:00, 0, 12.94095, 48.29629, 1, 1, 1, False
72.95737, 2021-07-05T15:20:25.9859690+08:00, 0, 12.94095, 48.29629, 1, 1, 1, False
72.96395, 2021-07-05T15:20:25.9925760+08:00, 0, 12.94095, 48.29629, 1, 1, 1, False
72.97086, 2021-07-05T15:20:25.9994480+08:00, 0, 12.94095, 48.29629, 1, 1, 1, False
72.97686, 2021-07-05T15:20:26.0054470+08:00, 0, 12.94095, 48.29629, 1, 1, 1, False
72.98357, 2021-07-05T15:20:26.0122270+08:00, 0, 12.94095, 48.29629, 1, 1, 1, False
72.99052, 2021-07-05T15:20:26.0191030+08:00, 0, 12.94095, 48.29629, 1, 1, 1, False
72.99648, 2021-07-05T15:20:26.0250790+08:00, 0, 12.94095, 48.29629, 1, 1, 1, False
73.00287, 2021-07-05T15:20:26.0315630+08:00, 0, 12.94095, 48.29629, 1, 1, 1, False
73.01072, 2021-07-05T15:20:26.0392970+08:00, 0, 12.94095, 48.29629, 1, 1, 1, False
73.01622, 2021-07-05T15:20:26.0449530+08:00, 0, 12.94095, 48.29629, 1, 1, 1, False
73.0228, 2021-07-05T15:20:26.0514290+08:00, 0, 12.94095, 48.29629, 1, 1, 1, False
73.02988, 2021-07-05T15:20:26.0584930+08:00, 0, 12.94095, 48.29629, 1, 1, 1, False
73.03584, 2021-07-05T15:20:26.0644420+08:00, 0, 12.94095, 48.29629, 1, 1, 1, False
73.04266, 2021-07-05T15:20:26.0713090+08:00, 0, 12.94095, 48.29629, 1, 1, 1, False
73.04913, 2021-07-05T15:20:26.0777360+08:00, 0, 12.94095, 48.29629, 1, 1, 1, False
73.05492, 2021-07-05T15:20:26.0836110+08:00, 0, 12.94095, 48.29629, 1, 1, 1, False
73.06147, 2021-07-05T15:20:26.0901220+08:00, 0, 12.94095, 48.29629, 1, 1, 1, False
73.06807, 2021-07-05T15:20:26.0967210+08:00, 0, 12.94095, 48.29629, 1, 1, 1, False
73.07449, 2021-07-05T15:20:26.1031060+08:00, 0, 12.94095, 48.29629, 1, 1, 1, False
73.08116, 2021-07-05T15:20:26.1099510+08:00, 0, 12.94095, 48.29629, 1, 1, 1, False
73.08752, 2021-07-05T15:20:26.1161290+08:00, 0, 12.94095, 48.29629, 1, 1, 1, False
73.0945, 2021-07-05T15:20:26.1230800+08:00, 0, 12.94095, 48.29629, 1, 1, 1, False
73.10048, 2021-07-05T15:20:26.1291800+08:00, 0, 12.94095, 48.29629, 1, 1, 1, False
73.10747, 2021-07-05T15:20:26.1360670+08:00, 0, 12.94095, 48.29629, 1, 1, 1, False
73.11462, 2021-07-05T15:20:26.1431880+08:00, 0, 12.94095, 48.29629, 1, 1, 1, False
73.12038, 2021-07-05T15:20:26.1490110+08:00, 0, 12.94095, 48.29629, 1, 1, 1, False
73.12666, 2021-07-05T15:20:26.1552510+08:00, 0, 12.94095, 48.29629, 1, 1, 1, False
73.13307, 2021-07-05T15:20:26.1617230+08:00, 0, 12.94095, 48.29629, 1, 1, 1, False
73.13942, 2021-07-05T15:20:26.1680310+08:00, 0, 12.94095, 48.29629, 1, 1, 1, False
73.14633, 2021-07-05T15:20:26.1750480+08:00, 0, 12.94095, 48.29629, 1, 1, 1, False
73.15234, 2021-07-05T15:20:26.1809710+08:00, 0, 12.94095, 48.29629, 1, 1, 1, False
73.15955, 2021-07-05T15:20:26.1881530+08:00, 0, 12.94095, 48.29629, 1, 1, 1, False
73.1665, 2021-07-05T15:20:26.1951780+08:00, 0, 12.94095, 48.29629, 1, 1, 1, False
73.17465, 2021-07-05T15:20:26.2032410+08:00, 0, 12.94095, 48.29629, 1, 1, 1, False
73.18285, 2021-07-05T15:20:26.2114780+08:00, 0, 12.94095, 48.29629, 1, 1, 1, False
73.19086, 2021-07-05T15:20:26.2194650+08:00, 0, 12.94095, 48.29629, 1, 1, 1, False
73.19884, 2021-07-05T15:20:26.2275680+08:00, 0, 12.94095, 48.29629, 1, 1, 1, False
73.20652, 2021-07-05T15:20:26.2351220+08:00, 0, 12.94095, 48.29629, 1, 1, 1, False
73.2103, 2021-07-05T15:20:26.2388590+08:00, 0, 12.94095, 48.29629, 1, 1, 1, False
73.21404, 2021-07-05T15:20:26.2425760+08:00, 0, 12.94095, 48.29629, 1, 1, 1, False
73.21838, 2021-07-05T15:20:26.2469500+08:00, 0, 12.94095, 48.29629, 1, 1, 1, False
73.22446, 2021-07-05T15:20:26.2530830+08:00, 0, 12.94095, 48.29629, 1, 1, 1, False
73.23075, 2021-07-05T15:20:26.2593320+08:00, 0, 12.94095, 48.29629, 1, 1, 1, False
73.23725, 2021-07-05T15:20:26.2658480+08:00, 0, 12.94095, 48.29629, 1, 1, 1, False
73.24334, 2021-07-05T15:20:26.2721210+08:00, 0, 12.94095, 48.29629, 1, 1, 1, False
73.25047, 2021-07-05T15:20:26.2790490+08:00, 0, 12.94095, 48.29629, 1, 1, 1, False
73.25701, 2021-07-05T15:20:26.2856160+08:00, 0, 12.94095, 48.29629, 1, 1, 1, False
73.26309, 2021-07-05T15:20:26.2917140+08:00, 0, 12.94095, 48.29629, 1, 1, 1, False
73.26984, 2021-07-05T15:20:26.2984310+08:00, 0, 12.94095, 48.29629, 1, 1, 1, False
73.27592, 2021-07-05T15:20:26.3045330+08:00, 0, 12.94095, 48.29629, 1, 1, 1, False
73.28283, 2021-07-05T15:20:26.3114780+08:00, 0, 12.94095, 48.29629, 1, 1, 1, False
73.29064, 2021-07-05T15:20:26.3192260+08:00, 0, 12.94095, 48.29629, 1, 1, 1, False
73.29524, 2021-07-05T15:20:26.3238510+08:00, 0, 12.94095, 48.29629, 1, 1, 1, False
73.30235, 2021-07-05T15:20:26.3309730+08:00, 0, 12.94095, 48.29629, 1, 1, 1, False
73.30819, 2021-07-05T15:20:26.3368050+08:00, 0, 12.94095, 48.29629, 1, 1, 1, False
73.31477, 2021-07-05T15:20:26.3434040+08:00, 0, 12.94095, 48.29629, 1, 1, 1, False
73.32124, 2021-07-05T15:20:26.3498990+08:00, 0, 12.94095, 48.29629, 1, 1, 1, False
73.3277, 2021-07-05T15:20:26.3562990+08:00, 0, 12.94095, 48.29629, 1, 1, 1, False
73.33442, 2021-07-05T15:20:26.3630500+08:00, 0, 12.94095, 48.29629, 1, 1, 1, False
73.34081, 2021-07-05T15:20:26.3694330+08:00, 0, 12.94095, 48.29629, 1, 1, 1, False
73.34739, 2021-07-05T15:20:26.3760060+08:00, 0, 12.94095, 48.29629, 1, 1, 1, False
73.35424, 2021-07-05T15:20:26.3828140+08:00, 0, 12.94095, 48.29629, 1, 1, 1, False
73.36088, 2021-07-05T15:20:26.3895030+08:00, 0, 12.94095, 48.29629, 1, 1, 1, False
73.36681, 2021-07-05T15:20:26.3954300+08:00, 0, 12.94095, 48.29629, 1, 1, 1, False
73.3743, 2021-07-05T15:20:26.4029110+08:00, 0, 12.94095, 48.29629, 1, 1, 1, False
73.37965, 2021-07-05T15:20:26.4082880+08:00, 0, 12.94095, 48.29629, 1, 1, 1, False
73.38686, 2021-07-05T15:20:26.4154830+08:00, 0, 12.94095, 48.29629, 1, 1, 1, False
73.39426, 2021-07-05T15:20:26.4228300+08:00, 0, 12.94095, 48.29629, 1, 1, 1, False
73.39926, 2021-07-05T15:20:26.4278510+08:00, 0, 12.94095, 48.29629, 1, 1, 1, False
73.40636, 2021-07-05T15:20:26.4350040+08:00, 0, 12.94095, 48.29629, 1, 1, 1, False
73.41204, 2021-07-05T15:20:26.4406270+08:00, 0, 12.94095, 48.29629, 1, 1, 1, False
73.41847, 2021-07-05T15:20:26.4471130+08:00, 0, 12.94095, 48.29629, 1, 1, 1, False
73.42488, 2021-07-05T15:20:26.4535880+08:00, 0, 12.94095, 48.29629, 1, 1, 1, False
73.43148, 2021-07-05T15:20:26.4601240+08:00, 0, 12.94095, 48.29629, 1, 1, 1, False
73.43855, 2021-07-05T15:20:26.4671520+08:00, 0, 12.94095, 48.29629, 1, 1, 1, False
73.4444, 2021-07-05T15:20:26.4730490+08:00, 0, 12.94095, 48.29629, 1, 1, 1, False
73.45084, 2021-07-05T15:20:26.4795560+08:00, 0, 12.94095, 48.29629, 1, 1, 1, False
73.45825, 2021-07-05T15:20:26.4910800+08:00, 0, 12.94095, 48.29629, 1, 1, 1, False
73.46609, 2021-07-05T15:20:26.4946720+08:00, 0, 12.94095, 48.29629, 1, 1, 1, False
73.47088, 2021-07-05T15:20:26.4994420+08:00, 0, 12.94095, 48.29629, 1, 1, 1, False
73.47699, 2021-07-05T15:20:26.5055870+08:00, 0, 12.94095, 48.29629, 1, 1, 1, False
73.48361, 2021-07-05T15:20:26.5123440+08:00, 0, 12.94095, 48.29629, 1, 1, 1, False
73.49051, 2021-07-05T15:20:26.5190800+08:00, 0, 12.94095, 48.29629, 1, 1, 1, False
73.4968, 2021-07-05T15:20:26.5254330+08:00, 0, 12.94095, 48.29629, 1, 1, 1, False
73.50324, 2021-07-05T15:20:26.5318810+08:00, 0, 12.94095, 48.29629, 1, 1, 1, False
73.51035, 2021-07-05T15:20:26.5389370+08:00, 0, 12.94095, 48.29629, 1, 1, 1, False
73.51611, 2021-07-05T15:20:26.5447200+08:00, 0, 12.94095, 48.29629, 1, 1, 1, False
73.52296, 2021-07-05T15:20:26.5515910+08:00, 0, 12.94095, 48.29629, 1, 1, 1, False
73.52903, 2021-07-05T15:20:26.5576190+08:00, 0, 12.94095, 48.29629, 1, 1, 1, False
73.53545, 2021-07-05T15:20:26.5640630+08:00, 0, 12.94095, 48.29629, 1, 1, 1, False
73.54281, 2021-07-05T15:20:26.5714610+08:00, 0, 12.94095, 48.29629, 1, 1, 1, False
73.54884, 2021-07-05T15:20:26.5774600+08:00, 0, 12.94095, 48.29629, 1, 1, 1, False
73.55524, 2021-07-05T15:20:26.5838240+08:00, 0, 12.94095, 48.29629, 1, 1, 1, False
73.56272, 2021-07-05T15:20:26.5913500+08:00, 0, 12.94095, 48.29629, 1, 1, 1, False
73.56826, 2021-07-05T15:20:26.5970260+08:00, 0, 12.94095, 48.29629, 1, 1, 1, False
73.57487, 2021-07-05T15:20:26.6034740+08:00, 0, 12.94095, 48.29629, 1, 1, 1, False
73.58242, 2021-07-05T15:20:26.6110190+08:00, 0, 12.94095, 48.29629, 1, 1, 1, False
73.58754, 2021-07-05T15:20:26.6161730+08:00, 0, 12.94095, 48.29629, 1, 1, 1, False
73.59441, 2021-07-05T15:20:26.6229920+08:00, 0, 12.94095, 48.29629, 1, 1, 1, False
73.60063, 2021-07-05T15:20:26.6292790+08:00, 0, 12.94095, 48.29629, 1, 1, 1, False
73.60778, 2021-07-05T15:20:26.6364010+08:00, 0, 12.94095, 48.29629, 1, 1, 1, False
73.6146, 2021-07-05T15:20:26.6432450+08:00, 0, 12.94095, 48.29629, 1, 1, 1, False
73.62238, 2021-07-05T15:20:26.6509910+08:00, 0, 12.94095, 48.29629, 1, 1, 1, False
73.62708, 2021-07-05T15:20:26.6556790+08:00, 0, 12.94095, 48.29629, 1, 1, 1, False
73.63312, 2021-07-05T15:20:26.6617220+08:00, 0, 12.94095, 48.29629, 1, 1, 1, False
73.63939, 2021-07-05T15:20:26.6679880+08:00, 0, 12.94095, 48.29629, 1, 1, 1, False
73.6464, 2021-07-05T15:20:26.6750280+08:00, 0, 12.94095, 48.29629, 1, 1, 1, False
73.67411, 2021-07-05T15:20:26.7027410+08:00, 0, 12.94095, 48.29629, 1, 1, 1, False
73.67815, 2021-07-05T15:20:26.7066880+08:00, 0, 12.94095, 48.29629, 1, 1, 1, False
73.68233, 2021-07-05T15:20:26.7109240+08:00, 0, 12.94095, 48.29629, 1, 1, 1, False
73.68613, 2021-07-05T15:20:26.7146840+08:00, 0, 12.94095, 48.29629, 1, 1, 1, False
73.69004, 2021-07-05T15:20:26.7185760+08:00, 0, 12.94095, 48.29629, 1, 1, 1, False
73.69411, 2021-07-05T15:20:26.7226890+08:00, 0, 12.94095, 48.29629, 1, 1, 1, False
73.69806, 2021-07-05T15:20:26.7266140+08:00, 0, 12.94095, 48.29629, 1, 1, 1, False
73.70205, 2021-07-05T15:20:26.7306430+08:00, 0, 12.94095, 48.29629, 1, 1, 1, False
73.70735, 2021-07-05T15:20:26.7359750+08:00, 0, 12.94095, 48.29629, 1, 1, 1, False
73.71416, 2021-07-05T15:20:26.7427420+08:00, 0, 12.94095, 48.29629, 1, 1, 1, False
73.72065, 2021-07-05T15:20:26.7492850+08:00, 0, 12.94095, 48.29629, 1, 1, 1, False
73.72672, 2021-07-05T15:20:26.7553310+08:00, 0, 12.94095, 48.29629, 1, 1, 1, False
73.73309, 2021-07-05T15:20:26.7617280+08:00, 0, 12.94095, 48.29629, 1, 1, 1, False
73.73972, 2021-07-05T15:20:26.7683390+08:00, 0, 12.94095, 48.29629, 1, 1, 1, False
73.74656, 2021-07-05T15:20:26.7752340+08:00, 0, 12.94095, 48.29629, 1, 1, 1, False
73.75258, 2021-07-05T15:20:26.7812220+08:00, 0, 12.94095, 48.29629, 1, 1, 1, False
73.75974, 2021-07-05T15:20:26.7883460+08:00, 0, 12.94095, 48.29629, 1, 1, 1, False
73.76652, 2021-07-05T15:20:26.7951480+08:00, 0, 12.94095, 48.29629, 1, 1, 1, False
73.77213, 2021-07-05T15:20:26.8007160+08:00, 0, 12.94095, 48.29629, 1, 1, 1, False
73.77911, 2021-07-05T15:20:26.8077730+08:00, 0, 12.94095, 48.29629, 1, 1, 1, False
73.7862, 2021-07-05T15:20:26.8148550+08:00, 0, 12.94095, 48.29629, 1, 1, 1, False
73.79182, 2021-07-05T15:20:26.8204380+08:00, 0, 12.94095, 48.29629, 1, 1, 1, False
73.79866, 2021-07-05T15:20:26.8272520+08:00, 0, 12.94095, 48.29629, 1, 1, 1, False
73.80461, 2021-07-05T15:20:26.8332600+08:00, 0, 12.94095, 48.29629, 1, 1, 1, False
73.81112, 2021-07-05T15:20:26.8397100+08:00, 0, 12.94095, 48.29629, 1, 1, 1, False
73.8186, 2021-07-05T15:20:26.8471660+08:00, 0, 12.94095, 48.29629, 1, 1, 1, False
73.82382, 2021-07-05T15:20:26.8524700+08:00, 0, 12.94095, 48.29629, 1, 1, 1, False
73.83096, 2021-07-05T15:20:26.8595650+08:00, 0, 12.94095, 48.29629, 1, 1, 1, False
73.83834, 2021-07-05T15:20:26.8669110+08:00, 0, 12.94095, 48.29629, 1, 1, 1, False
73.84327, 2021-07-05T15:20:26.8719000+08:00, 0, 12.94095, 48.29629, 1, 1, 1, False
73.84976, 2021-07-05T15:20:26.8783770+08:00, 0, 12.94095, 48.29629, 1, 1, 1, False
73.85632, 2021-07-05T15:20:26.8849400+08:00, 0, 12.94095, 48.29629, 1, 1, 1, False
73.8629, 2021-07-05T15:20:26.8915930+08:00, 0, 12.94095, 48.29629, 1, 1, 1, False
73.86949, 2021-07-05T15:20:26.8980940+08:00, 0, 12.94095, 48.29629, 1, 1, 1, False
73.87675, 2021-07-05T15:20:26.9054320+08:00, 0, 12.94095, 48.29629, 1, 1, 1, False
73.88267, 2021-07-05T15:20:26.9113370+08:00, 0, 12.94095, 48.29629, 1, 1, 1, False
73.88914, 2021-07-05T15:20:26.9177390+08:00, 0, 12.94095, 48.29629, 1, 1, 1, False
73.89603, 2021-07-05T15:20:26.9246530+08:00, 0, 12.94095, 48.29629, 1, 1, 1, False
73.90252, 2021-07-05T15:20:26.9311340+08:00, 0, 12.94095, 48.29629, 1, 1, 1, False
73.9093, 2021-07-05T15:20:26.9379090+08:00, 0, 12.94095, 48.29629, 1, 1, 1, False
73.91523, 2021-07-05T15:20:26.9438460+08:00, 0, 12.94095, 48.29629, 1, 1, 1, False
73.92237, 2021-07-05T15:20:26.9510920+08:00, 0, 12.94095, 48.29629, 1, 1, 1, False
73.9286, 2021-07-05T15:20:26.9571890+08:00, 0, 12.94095, 48.29629, 1, 1, 1, False
73.93454, 2021-07-05T15:20:26.9631930+08:00, 0, 12.94095, 48.29629, 1, 1, 1, False
73.94114, 2021-07-05T15:20:26.9697980+08:00, 0, 12.94095, 48.29629, 1, 1, 1, False
73.9479, 2021-07-05T15:20:26.9765080+08:00, 0, 12.94095, 48.29629, 1, 1, 1, False
73.95428, 2021-07-05T15:20:26.9828600+08:00, 0, 12.94095, 48.29629, 1, 1, 1, False
73.9609, 2021-07-05T15:20:26.9895520+08:00, 0, 12.94095, 48.29629, 1, 1, 1, False
73.96701, 2021-07-05T15:20:26.9956580+08:00, 0, 12.94095, 48.29629, 1, 1, 1, False
73.97479, 2021-07-05T15:20:27.0033940+08:00, 0, 12.94095, 48.29629, 1, 1, 1, False
73.98288, 2021-07-05T15:20:27.0115350+08:00, 0, 12.94095, 48.29629, 1, 1, 1, False
73.99071, 2021-07-05T15:20:27.0193090+08:00, 0, 12.94095, 48.29629, 1, 1, 1, False
73.99867, 2021-07-05T15:20:27.0272710+08:00, 0, 12.94095, 48.29629, 1, 1, 1, False
74.0024, 2021-07-05T15:20:27.0310100+08:00, 0, 12.94095, 48.29629, 1, 1, 1, False
74.00632, 2021-07-05T15:20:27.0349060+08:00, 0, 12.94095, 48.29629, 1, 1, 1, False
74.01276, 2021-07-05T15:20:27.0413950+08:00, 0, 12.94095, 48.29629, 1, 1, 1, False
74.02002, 2021-07-05T15:20:27.0486600+08:00, 0, 12.94095, 48.29629, 1, 1, 1, False
74.02646, 2021-07-05T15:20:27.0550400+08:00, 0, 12.94095, 48.29629, 1, 1, 1, False
74.03268, 2021-07-05T15:20:27.0612830+08:00, 0, 12.94095, 48.29629, 1, 1, 1, False
74.03851, 2021-07-05T15:20:27.0671500+08:00, 0, 12.94095, 48.29629, 1, 1, 1, False
74.04492, 2021-07-05T15:20:27.0735780+08:00, 0, 12.94095, 48.29629, 1, 1, 1, False
74.0515, 2021-07-05T15:20:27.0801930+08:00, 0, 12.94095, 48.29629, 1, 1, 1, False
74.0588, 2021-07-05T15:20:27.0874230+08:00, 0, 12.94095, 48.29629, 1, 1, 1, False
74.0649, 2021-07-05T15:20:27.0935780+08:00, 0, 12.94095, 48.29629, 1, 1, 1, False
74.07191, 2021-07-05T15:20:27.1005260+08:00, 0, 12.94095, 48.29629, 1, 1, 1, False
74.07832, 2021-07-05T15:20:27.1069160+08:00, 0, 12.94095, 48.29629, 1, 1, 1, False
74.08411, 2021-07-05T15:20:27.1127620+08:00, 0, 12.94095, 48.29629, 1, 1, 1, False
74.09072, 2021-07-05T15:20:27.1193420+08:00, 0, 12.94095, 48.29629, 1, 1, 1, False
74.09886, 2021-07-05T15:20:27.1274560+08:00, 0, 12.94095, 48.29629, 1, 1, 1, False
74.10661, 2021-07-05T15:20:27.1352640+08:00, 0, 12.94095, 48.29629, 1, 1, 1, False
74.11463, 2021-07-05T15:20:27.1432340+08:00, 0, 12.94095, 48.29629, 1, 1, 1, False
74.12244, 2021-07-05T15:20:27.1511060+08:00, 0, 12.94095, 48.29629, 1, 1, 1, False
74.12614, 2021-07-05T15:20:27.1547120+08:00, 0, 12.94095, 48.29629, 1, 1, 1, False
74.13017, 2021-07-05T15:20:27.1587320+08:00, 0, 12.94095, 48.29629, 1, 1, 1, False
74.13667, 2021-07-05T15:20:27.1652610+08:00, 0, 12.94095, 48.29629, 1, 1, 1, False
74.14263, 2021-07-05T15:20:27.1713370+08:00, 0, 12.94095, 48.29629, 1, 1, 1, False
74.1492, 2021-07-05T15:20:27.1777850+08:00, 0, 12.94095, 48.29629, 1, 1, 1, False
74.15578, 2021-07-05T15:20:27.1843730+08:00, 0, 12.94095, 48.29629, 1, 1, 1, False
74.16266, 2021-07-05T15:20:27.1912750+08:00, 0, 12.94095, 48.29629, 1, 1, 1, False
74.16895, 2021-07-05T15:20:27.1975510+08:00, 0, 12.94095, 48.29629, 1, 1, 1, False
74.17489, 2021-07-05T15:20:27.2034800+08:00, 0, 12.94095, 48.29629, 1, 1, 1, False
74.18279, 2021-07-05T15:20:27.2114550+08:00, 0, 12.94095, 48.29629, 1, 1, 1, False
74.18831, 2021-07-05T15:20:27.2168900+08:00, 0, 12.94095, 48.29629, 1, 1, 1, False
74.19451, 2021-07-05T15:20:27.2230950+08:00, 0, 12.94095, 48.29629, 1, 1, 1, False
74.20082, 2021-07-05T15:20:27.2295390+08:00, 0, 12.94095, 48.29629, 1, 1, 1, False
74.20737, 2021-07-05T15:20:27.2359910+08:00, 0, 12.94095, 48.29629, 1, 1, 1, False
74.21478, 2021-07-05T15:20:27.2434080+08:00, 0, 12.94095, 48.29629, 1, 1, 1, False
74.22234, 2021-07-05T15:20:27.2509810+08:00, 0, 12.94095, 48.29629, 1, 1, 1, False
74.22736, 2021-07-05T15:20:27.2559520+08:00, 0, 12.94095, 48.29629, 1, 1, 1, False
74.23347, 2021-07-05T15:20:27.2620830+08:00, 0, 12.94095, 48.29629, 1, 1, 1, False
74.24055, 2021-07-05T15:20:27.2692010+08:00, 0, 12.94095, 48.29629, 1, 1, 1, False
74.24662, 2021-07-05T15:20:27.2752340+08:00, 0, 12.94095, 48.29629, 1, 1, 1, False
74.25301, 2021-07-05T15:20:27.2815820+08:00, 0, 12.94095, 48.29629, 1, 1, 1, False
74.26003, 2021-07-05T15:20:27.2887280+08:00, 0, 12.94095, 48.29629, 1, 1, 1, False
74.26669, 2021-07-05T15:20:27.2952750+08:00, 0, 12.94095, 48.29629, 1, 1, 1, False
74.27283, 2021-07-05T15:20:27.3014280+08:00, 0, 12.94095, 48.29629, 1, 1, 1, False
74.27863, 2021-07-05T15:20:27.3072540+08:00, 0, 12.94095, 48.29629, 1, 1, 1, False
74.28538, 2021-07-05T15:20:27.3140980+08:00, 0, 12.94095, 48.29629, 1, 1, 1, False
74.29181, 2021-07-05T15:20:27.3204470+08:00, 0, 12.94095, 48.29629, 1, 1, 1, False
74.2989, 2021-07-05T15:20:27.3275310+08:00, 0, 12.94095, 48.29629, 1, 1, 1, False
74.30659, 2021-07-05T15:20:27.3352190+08:00, 0, 12.94095, 48.29629, 1, 1, 1, False
74.31108, 2021-07-05T15:20:27.3397050+08:00, 0, 12.94095, 48.29629, 1, 1, 1, False
74.31763, 2021-07-05T15:20:27.3462650+08:00, 0, 12.94095, 48.29629, 1, 1, 1, False
74.3241, 2021-07-05T15:20:27.3527450+08:00, 0, 12.94095, 48.29629, 1, 1, 1, False
74.33071, 2021-07-05T15:20:27.3593400+08:00, 0, 12.94095, 48.29629, 1, 1, 1, False
74.33753, 2021-07-05T15:20:27.3661360+08:00, 0, 12.94095, 48.29629, 1, 1, 1, False
74.34352, 2021-07-05T15:20:27.3721940+08:00, 0, 12.94095, 48.29629, 1, 1, 1, False
74.35046, 2021-07-05T15:20:27.3790570+08:00, 0, 12.94095, 48.29629, 1, 1, 1, False
74.35703, 2021-07-05T15:20:27.3856360+08:00, 0, 12.94095, 48.29629, 1, 1, 1, False
74.36301, 2021-07-05T15:20:27.3916750+08:00, 0, 12.94095, 48.29629, 1, 1, 1, False
74.36955, 2021-07-05T15:20:27.3981960+08:00, 0, 12.94095, 48.29629, 1, 1, 1, False
74.37671, 2021-07-05T15:20:27.4053080+08:00, 0, 12.94095, 48.29629, 1, 1, 1, False
74.3827, 2021-07-05T15:20:27.4113670+08:00, 0, 12.94095, 48.29629, 1, 1, 1, False
74.38921, 2021-07-05T15:20:27.4178250+08:00, 0, 12.94095, 48.29629, 1, 1, 1, False
74.39525, 2021-07-05T15:20:27.4238370+08:00, 0, 12.94095, 48.29629, 1, 1, 1, False
74.40195, 2021-07-05T15:20:27.4306670+08:00, 0, 12.94095, 48.29629, 1, 1, 1, False
74.40847, 2021-07-05T15:20:27.4370790+08:00, 0, 12.94095, 48.29629, 1, 1, 1, False
74.41496, 2021-07-05T15:20:27.4435820+08:00, 0, 12.94095, 48.29629, 1, 1, 1, False
74.42148, 2021-07-05T15:20:27.4501360+08:00, 0, 12.94095, 48.29629, 1, 1, 1, False
74.42789, 2021-07-05T15:20:27.4565370+08:00, 0, 12.94095, 48.29629, 1, 1, 1, False
74.43456, 2021-07-05T15:20:27.4632340+08:00, 0, 12.94095, 48.29629, 1, 1, 1, False
74.44111, 2021-07-05T15:20:27.4697570+08:00, 0, 12.94095, 48.29629, 1, 1, 1, False
74.44758, 2021-07-05T15:20:27.4761820+08:00, 0, 12.94095, 48.29629, 1, 1, 1, False
74.45443, 2021-07-05T15:20:27.4830230+08:00, 0, 12.94095, 48.29629, 1, 1, 1, False
74.46069, 2021-07-05T15:20:27.4894020+08:00, 0, 12.94095, 48.29629, 1, 1, 1, False
74.46732, 2021-07-05T15:20:27.4959180+08:00, 0, 12.94095, 48.29629, 1, 1, 1, False
74.47446, 2021-07-05T15:20:27.5030750+08:00, 0, 12.94095, 48.29629, 1, 1, 1, False
74.48086, 2021-07-05T15:20:27.5095040+08:00, 0, 12.94095, 48.29629, 1, 1, 1, False
74.48691, 2021-07-05T15:20:27.5155580+08:00, 0, 12.94095, 48.29629, 1, 1, 1, False
74.50743, 2021-07-05T15:20:27.5360520+08:00, 0, 12.94095, 48.29629, 1, 1, 1, False
74.51458, 2021-07-05T15:20:27.5431550+08:00, 0, 12.94095, 48.29629, 1, 1, 1, False
74.51822, 2021-07-05T15:20:27.5467930+08:00, 0, 12.94095, 48.29629, 1, 1, 1, False
74.52193, 2021-07-05T15:20:27.5505110+08:00, 0, 12.94095, 48.29629, 1, 1, 1, False
74.52608, 2021-07-05T15:20:27.5546540+08:00, 0, 12.94095, 48.29629, 1, 1, 1, False
74.5303, 2021-07-05T15:20:27.5588620+08:00, 0, 12.94095, 48.29629, 1, 1, 1, False
74.53398, 2021-07-05T15:20:27.5625220+08:00, 0, 12.94095, 48.29629, 1, 1, 1, False
74.53835, 2021-07-05T15:20:27.5669170+08:00, 0, 12.94095, 48.29629, 1, 1, 1, False
74.54456, 2021-07-05T15:20:27.5732280+08:00, 0, 12.94095, 48.29629, 1, 1, 1, False
74.55414, 2021-07-05T15:20:27.5858790+08:00, 0, 12.94095, 48.29629, 1, 1, 1, False
74.56238, 2021-07-05T15:20:27.5909820+08:00, 0, 12.94095, 48.29629, 1, 1, 1, False
74.56604, 2021-07-05T15:20:27.5945850+08:00, 0, 12.94095, 48.29629, 1, 1, 1, False
74.57047, 2021-07-05T15:20:27.5990850+08:00, 0, 12.94095, 48.29629, 1, 1, 1, False
74.57761, 2021-07-05T15:20:27.6061980+08:00, 0, 12.94095, 48.29629, 1, 1, 1, False
74.58372, 2021-07-05T15:20:27.6124970+08:00, 0, 12.94095, 48.29629, 1, 1, 1, False
74.59088, 2021-07-05T15:20:27.6195270+08:00, 0, 12.94095, 48.29629, 1, 1, 1, False
74.59892, 2021-07-05T15:20:27.6275140+08:00, 0, 12.94095, 48.29629, 1, 1, 1, False
74.60654, 2021-07-05T15:20:27.6351770+08:00, 0, 12.94095, 48.29629, 1, 1, 1, False
74.61028, 2021-07-05T15:20:27.6388610+08:00, 0, 12.94095, 48.29629, 1, 1, 1, False
74.61628, 2021-07-05T15:20:27.6448800+08:00, 0, 12.94095, 48.29629, 1, 1, 1, False
74.62286, 2021-07-05T15:20:27.6514970+08:00, 0, 12.94095, 48.29629, 1, 1, 1, False
74.6294, 2021-07-05T15:20:27.6580440+08:00, 0, 12.94095, 48.29629, 1, 1, 1, False
74.63629, 2021-07-05T15:20:27.6648900+08:00, 0, 12.94095, 48.29629, 1, 1, 1, False
74.64286, 2021-07-05T15:20:27.6715270+08:00, 0, 12.94095, 48.29629, 1, 1, 1, False
74.64887, 2021-07-05T15:20:27.6775090+08:00, 0, 12.94095, 48.29629, 1, 1, 1, False
74.65568, 2021-07-05T15:20:27.6843360+08:00, 0, 12.94095, 48.29629, 1, 1, 1, False
74.66231, 2021-07-05T15:20:27.6909340+08:00, 0, 12.94095, 48.29629, 1, 1, 1, False
74.66832, 2021-07-05T15:20:27.6969880+08:00, 0, 12.94095, 48.29629, 1, 1, 1, False
74.67556, 2021-07-05T15:20:27.7041820+08:00, 0, 12.94095, 48.29629, 1, 1, 1, False
74.68239, 2021-07-05T15:20:27.7110310+08:00, 0, 12.94095, 48.29629, 1, 1, 1, False
74.68792, 2021-07-05T15:20:27.7164980+08:00, 0, 12.94095, 48.29629, 1, 1, 1, False
74.69499, 2021-07-05T15:20:27.7236060+08:00, 0, 12.94095, 48.29629, 1, 1, 1, False
74.70279, 2021-07-05T15:20:27.7314300+08:00, 0, 12.94095, 48.29629, 1, 1, 1, False
74.71034, 2021-07-05T15:20:27.7389640+08:00, 0, 12.94095, 48.29629, 1, 1, 1, False
74.71429, 2021-07-05T15:20:27.7428770+08:00, 0, 12.94095, 48.29629, 1, 1, 1, False
74.72057, 2021-07-05T15:20:27.7492170+08:00, 0, 12.94095, 48.29629, 1, 1, 1, False
74.72694, 2021-07-05T15:20:27.7555460+08:00, 0, 12.94095, 48.29629, 1, 1, 1, False
74.73364, 2021-07-05T15:20:27.7624090+08:00, 0, 12.94095, 48.29629, 1, 1, 1, False
74.7402, 2021-07-05T15:20:27.7688370+08:00, 0, 12.94095, 48.29629, 1, 1, 1, False
74.74676, 2021-07-05T15:20:27.7753570+08:00, 0, 12.94095, 48.29629, 1, 1, 1, False
74.75309, 2021-07-05T15:20:27.7817300+08:00, 0, 12.94095, 48.29629, 1, 1, 1, False
74.76033, 2021-07-05T15:20:27.7890160+08:00, 0, 12.94095, 48.29629, 1, 1, 1, False
74.76668, 2021-07-05T15:20:27.7952760+08:00, 0, 12.94095, 48.29629, 1, 1, 1, False
74.77423, 2021-07-05T15:20:27.8028280+08:00, 0, 12.94095, 48.29629, 1, 1, 1, False
74.77892, 2021-07-05T15:20:27.8075500+08:00, 0, 12.94095, 48.29629, 1, 1, 1, False
74.78535, 2021-07-05T15:20:27.8140700+08:00, 0, 12.94095, 48.29629, 1, 1, 1, False
74.79256, 2021-07-05T15:20:27.8211830+08:00, 0, 12.94095, 48.29629, 1, 1, 1, False
74.79862, 2021-07-05T15:20:27.8272470+08:00, 0, 12.94095, 48.29629, 1, 1, 1, False
74.80528, 2021-07-05T15:20:27.8339010+08:00, 0, 12.94095, 48.29629, 1, 1, 1, False
74.8111, 2021-07-05T15:20:27.8397570+08:00, 0, 12.94095, 48.29629, 1, 1, 1, False
74.81853, 2021-07-05T15:20:27.8471620+08:00, 0, 12.94095, 48.29629, 1, 1, 1, False
74.82415, 2021-07-05T15:20:27.8527940+08:00, 0, 12.94095, 48.29629, 1, 1, 1, False
74.83064, 2021-07-05T15:20:27.8592640+08:00, 0, 12.94095, 48.29629, 1, 1, 1, False
74.83739, 2021-07-05T15:20:27.8659830+08:00, 0, 12.94095, 48.29629, 1, 1, 1, False
74.84345, 2021-07-05T15:20:27.8721350+08:00, 0, 12.94095, 48.29629, 1, 1, 1, False
74.85054, 2021-07-05T15:20:27.8791670+08:00, 0, 12.94095, 48.29629, 1, 1, 1, False
74.8585, 2021-07-05T15:20:27.8870670+08:00, 0, 12.94095, 48.29629, 1, 1, 1, False
74.8625, 2021-07-05T15:20:27.8911630+08:00, 0, 12.94095, 48.29629, 1, 1, 1, False
74.86908, 2021-07-05T15:20:27.8977220+08:00, 0, 12.94095, 48.29629, 1, 1, 1, False
74.87628, 2021-07-05T15:20:27.9048870+08:00, 0, 12.94095, 48.29629, 1, 1, 1, False
74.88269, 2021-07-05T15:20:27.9113210+08:00, 0, 12.94095, 48.29629, 1, 1, 1, False
74.88923, 2021-07-05T15:20:27.9178240+08:00, 0, 12.94095, 48.29629, 1, 1, 1, False
74.89507, 2021-07-05T15:20:27.9236810+08:00, 0, 12.94095, 48.29629, 1, 1, 1, False
74.90262, 2021-07-05T15:20:27.9313000+08:00, 0, 12.94095, 48.29629, 1, 1, 1, False
74.90889, 2021-07-05T15:20:27.9374800+08:00, 0, 12.94095, 48.29629, 1, 1, 1, False
74.9148, 2021-07-05T15:20:27.9433940+08:00, 0, 12.94095, 48.29629, 1, 1, 1, False
74.92137, 2021-07-05T15:20:27.9499870+08:00, 0, 12.94095, 48.29629, 1, 1, 1, False
74.92833, 2021-07-05T15:20:27.9569290+08:00, 0, 12.94095, 48.29629, 1, 1, 1, False
74.93464, 2021-07-05T15:20:27.9632440+08:00, 0, 12.94095, 48.29629, 1, 1, 1, False
74.94109, 2021-07-05T15:20:27.9697110+08:00, 0, 12.94095, 48.29629, 1, 1, 1, False
74.94688, 2021-07-05T15:20:27.9755290+08:00, 0, 12.94095, 48.29629, 1, 1, 1, False
74.95347, 2021-07-05T15:20:27.9820990+08:00, 0, 12.94095, 48.29629, 1, 1, 1, False
74.95997, 2021-07-05T15:20:27.9886520+08:00, 0, 12.94095, 48.29629, 1, 1, 1, False
74.96694, 2021-07-05T15:20:27.9956980+08:00, 0, 12.94095, 48.29629, 1, 1, 1, False
74.97455, 2021-07-05T15:20:28.0031400+08:00, 0, 12.94095, 48.29629, 1, 1, 1, False
74.97921, 2021-07-05T15:20:28.0078330+08:00, 0, 12.94095, 48.29629, 1, 1, 1, False
74.98653, 2021-07-05T15:20:28.0151750+08:00, 0, 12.94095, 48.29629, 1, 1, 1, False
74.99219, 2021-07-05T15:20:28.0207830+08:00, 0, 12.94095, 48.29629, 1, 1, 1, False
74.99871, 2021-07-05T15:20:28.0273660+08:00, 0, 12.94095, 48.29629, 1, 1, 1, False
75.00523, 2021-07-05T15:20:28.0338740+08:00, 0, 12.94095, 48.29629, 1, 1, 1, False
75.01167, 2021-07-05T15:20:28.0402610+08:00, 0, 12.94095, 48.29629, 1, 1, 1, False
75.01864, 2021-07-05T15:20:28.0472330+08:00, 0, 12.94095, 48.29629, 1, 1, 1, False
75.02468, 2021-07-05T15:20:28.0533150+08:00, 0, 12.94095, 48.29629, 1, 1, 1, False
75.03114, 2021-07-05T15:20:28.0598100+08:00, 0, 12.94095, 48.29629, 1, 1, 1, False
75.03828, 2021-07-05T15:20:28.0668790+08:00, 0, 12.94095, 48.29629, 1, 1, 1, False
75.04477, 2021-07-05T15:20:28.0734150+08:00, 0, 12.94095, 48.29629, 1, 1, 1, False
75.05072, 2021-07-05T15:20:28.0793970+08:00, 0, 12.94095, 48.29629, 1, 1, 1, False
75.05722, 2021-07-05T15:20:28.0858190+08:00, 0, 12.94095, 48.29629, 1, 1, 1, False
75.06419, 2021-07-05T15:20:28.0928350+08:00, 0, 12.94095, 48.29629, 1, 1, 1, False
75.07078, 2021-07-05T15:20:28.0993760+08:00, 0, 12.94095, 48.29629, 1, 1, 1, False
75.0773, 2021-07-05T15:20:28.1059310+08:00, 0, 12.94095, 48.29629, 1, 1, 1, False
75.0834, 2021-07-05T15:20:28.1120490+08:00, 0, 12.94095, 48.29629, 1, 1, 1, False
75.09067, 2021-07-05T15:20:28.1192570+08:00, 0, 12.94095, 48.29629, 1, 1, 1, False
75.09586, 2021-07-05T15:20:28.1245020+08:00, 0, 12.94095, 48.29629, 1, 1, 1, False
75.10281, 2021-07-05T15:20:28.1314710+08:00, 0, 12.94095, 48.29629, 1, 1, 1, False
75.10963, 2021-07-05T15:20:28.1382520+08:00, 0, 12.94095, 48.29629, 1, 1, 1, False
75.11562, 2021-07-05T15:20:28.1442430+08:00, 0, 12.94095, 48.29629, 1, 1, 1, False
75.12241, 2021-07-05T15:20:28.1510790+08:00, 0, 12.94095, 48.29629, 1, 1, 1, False
75.12891, 2021-07-05T15:20:28.1575260+08:00, 0, 12.94095, 48.29629, 1, 1, 1, False
75.135, 2021-07-05T15:20:28.1636570+08:00, 0, 12.94095, 48.29629, 1, 1, 1, False
75.14275, 2021-07-05T15:20:28.1714430+08:00, 0, 12.94095, 48.29629, 1, 1, 1, False
75.15031, 2021-07-05T15:20:28.1789600+08:00, 0, 12.94095, 48.29629, 1, 1, 1, False
75.15466, 2021-07-05T15:20:28.1832510+08:00, 0, 12.94095, 48.29629, 1, 1, 1, False
75.16151, 2021-07-05T15:20:28.1901870+08:00, 0, 12.94095, 48.29629, 1, 1, 1, False
75.16733, 2021-07-05T15:20:28.1959660+08:00, 0, 12.94095, 48.29629, 1, 1, 1, False
75.17473, 2021-07-05T15:20:28.2033500+08:00, 0, 12.94095, 48.29629, 1, 1, 1, False
75.18047, 2021-07-05T15:20:28.2091230+08:00, 0, 12.94095, 48.29629, 1, 1, 1, False
75.18729, 2021-07-05T15:20:28.2158910+08:00, 0, 12.94095, 48.29629, 1, 1, 1, False
75.19449, 2021-07-05T15:20:28.2230880+08:00, 0, 12.94095, 48.29629, 1, 1, 1, False
75.19968, 2021-07-05T15:20:28.2283100+08:00, 0, 12.94095, 48.29629, 1, 1, 1, False
75.20677, 2021-07-05T15:20:28.2354530+08:00, 0, 12.94095, 48.29629, 1, 1, 1, False
75.21307, 2021-07-05T15:20:28.2416940+08:00, 0, 12.94095, 48.29629, 1, 1, 1, False
75.21963, 2021-07-05T15:20:28.2482970+08:00, 0, 12.94095, 48.29629, 1, 1, 1, False
75.22665, 2021-07-05T15:20:28.2552750+08:00, 0, 12.94095, 48.29629, 1, 1, 1, False
75.23244, 2021-07-05T15:20:28.2610870+08:00, 0, 12.94095, 48.29629, 1, 1, 1, False
75.23932, 2021-07-05T15:20:28.2679170+08:00, 0, 12.94095, 48.29629, 1, 1, 1, False
75.24655, 2021-07-05T15:20:28.2751780+08:00, 0, 12.94095, 48.29629, 1, 1, 1, False
75.25179, 2021-07-05T15:20:28.2804430+08:00, 0, 12.94095, 48.29629, 1, 1, 1, False
75.25903, 2021-07-05T15:20:28.2876450+08:00, 0, 12.94095, 48.29629, 1, 1, 1, False
75.26653, 2021-07-05T15:20:28.2951510+08:00, 0, 12.94095, 48.29629, 1, 1, 1, False
75.27148, 2021-07-05T15:20:28.3001050+08:00, 0, 12.94095, 48.29629, 1, 1, 1, False
75.27866, 2021-07-05T15:20:28.3072620+08:00, 0, 12.94095, 48.29629, 1, 1, 1, False
75.28451, 2021-07-05T15:20:28.3132330+08:00, 0, 12.94095, 48.29629, 1, 1, 1, False
75.29102, 2021-07-05T15:20:28.3196410+08:00, 0, 12.94095, 48.29629, 1, 1, 1, False
75.29868, 2021-07-05T15:20:28.3272710+08:00, 0, 12.94095, 48.29629, 1, 1, 1, False
75.30376, 2021-07-05T15:20:28.3324930+08:00, 0, 12.94095, 48.29629, 1, 1, 1, False
75.31068, 2021-07-05T15:20:28.3392730+08:00, 0, 12.94095, 48.29629, 1, 1, 1, False
75.31711, 2021-07-05T15:20:28.3457360+08:00, 0, 12.94095, 48.29629, 1, 1, 1, False
75.33878, 2021-07-05T15:20:28.3674090+08:00, 0, 12.94095, 48.29629, 1, 1, 1, False
75.34199, 2021-07-05T15:20:28.3705620+08:00, 0, 12.94095, 48.29629, 1, 1, 1, False
75.34612, 2021-07-05T15:20:28.3746830+08:00, 0, 12.94095, 48.29629, 1, 1, 1, False
75.34997, 2021-07-05T15:20:28.3785510+08:00, 0, 12.94095, 48.29629, 1, 1, 1, False
75.35754, 2021-07-05T15:20:28.3861700+08:00, 0, 12.94095, 48.29629, 1, 1, 1, False
75.36224, 2021-07-05T15:20:28.3908200+08:00, 0, 12.94095, 48.29629, 1, 1, 1, False
75.366, 2021-07-05T15:20:28.3945650+08:00, 0, 12.94095, 48.29629, 1, 1, 1, False
75.37031, 2021-07-05T15:20:28.3988700+08:00, 0, 12.94095, 48.29629, 1, 1, 1, False
75.37617, 2021-07-05T15:20:28.4047960+08:00, 0, 12.94095, 48.29629, 1, 1, 1, False
75.38263, 2021-07-05T15:20:28.4113000+08:00, 0, 12.94095, 48.29629, 1, 1, 1, False
75.38979, 2021-07-05T15:20:28.4183780+08:00, 0, 12.94095, 48.29629, 1, 1, 1, False
75.39581, 2021-07-05T15:20:28.4245020+08:00, 0, 12.94095, 48.29629, 1, 1, 1, False
75.4028, 2021-07-05T15:20:28.4314250+08:00, 0, 12.94095, 48.29629, 1, 1, 1, False
75.40874, 2021-07-05T15:20:28.4373670+08:00, 0, 12.94095, 48.29629, 1, 1, 1, False
75.41527, 2021-07-05T15:20:28.4439370+08:00, 0, 12.94095, 48.29629, 1, 1, 1, False
75.42226, 2021-07-05T15:20:28.4509180+08:00, 0, 12.94095, 48.29629, 1, 1, 1, False
75.4289, 2021-07-05T15:20:28.4575390+08:00, 0, 12.94095, 48.29629, 1, 1, 1, False
75.43491, 2021-07-05T15:20:28.4635990+08:00, 0, 12.94095, 48.29629, 1, 1, 1, False
75.44144, 2021-07-05T15:20:28.4701780+08:00, 0, 12.94095, 48.29629, 1, 1, 1, False
75.44842, 2021-07-05T15:20:28.4770500+08:00, 0, 12.94095, 48.29629, 1, 1, 1, False
75.45427, 2021-07-05T15:20:28.4828780+08:00, 0, 12.94095, 48.29629, 1, 1, 1, False
75.46085, 2021-07-05T15:20:28.4895350+08:00, 0, 12.94095, 48.29629, 1, 1, 1, False
75.46735, 2021-07-05T15:20:28.4960570+08:00, 0, 12.94095, 48.29629, 1, 1, 1, False
75.47454, 2021-07-05T15:20:28.5031430+08:00, 0, 12.94095, 48.29629, 1, 1, 1, False
75.48061, 2021-07-05T15:20:28.5093490+08:00, 0, 12.94095, 48.29629, 1, 1, 1, False
75.48717, 2021-07-05T15:20:28.5157830+08:00, 0, 12.94095, 48.29629, 1, 1, 1, False
75.49427, 2021-07-05T15:20:28.5228620+08:00, 0, 12.94095, 48.29629, 1, 1, 1, False
75.50072, 2021-07-05T15:20:28.5294680+08:00, 0, 12.94095, 48.29629, 1, 1, 1, False
75.51039, 2021-07-05T15:20:28.5389910+08:00, 0, 12.94095, 48.29629, 1, 1, 1, False
75.51422, 2021-07-05T15:20:28.5427840+08:00, 0, 12.94095, 48.29629, 1, 1, 1, False
75.51984, 2021-07-05T15:20:28.5484280+08:00, 0, 12.94095, 48.29629, 1, 1, 1, False
75.52632, 2021-07-05T15:20:28.5549370+08:00, 0, 12.94095, 48.29629, 1, 1, 1, False
75.53468, 2021-07-05T15:20:28.5632900+08:00, 0, 12.94095, 48.29629, 1, 1, 1, False
75.53924, 2021-07-05T15:20:28.5678390+08:00, 0, 12.94095, 48.29629, 1, 1, 1, False
75.54644, 2021-07-05T15:20:28.5750920+08:00, 0, 12.94095, 48.29629, 1, 1, 1, False
75.55183, 2021-07-05T15:20:28.5804770+08:00, 0, 12.94095, 48.29629, 1, 1, 1, False
75.55859, 2021-07-05T15:20:28.5872450+08:00, 0, 12.94095, 48.29629, 1, 1, 1, False
75.56503, 2021-07-05T15:20:28.5937210+08:00, 0, 12.94095, 48.29629, 1, 1, 1, False
75.57148, 2021-07-05T15:20:28.6000760+08:00, 0, 12.94095, 48.29629, 1, 1, 1, False
75.57882, 2021-07-05T15:20:28.6074510+08:00, 0, 12.94095, 48.29629, 1, 1, 1, False
75.585, 2021-07-05T15:20:28.6137060+08:00, 0, 12.94095, 48.29629, 1, 1, 1, False
75.59093, 2021-07-05T15:20:28.6195750+08:00, 0, 12.94095, 48.29629, 1, 1, 1, False
75.59881, 2021-07-05T15:20:28.6274450+08:00, 0, 12.94095, 48.29629, 1, 1, 1, False
75.60686, 2021-07-05T15:20:28.6355160+08:00, 0, 12.94095, 48.29629, 1, 1, 1, False
75.61475, 2021-07-05T15:20:28.6433690+08:00, 0, 12.94095, 48.29629, 1, 1, 1, False
75.62256, 2021-07-05T15:20:28.6512200+08:00, 0, 12.94095, 48.29629, 1, 1, 1, False
75.62617, 2021-07-05T15:20:28.6547630+08:00, 0, 12.94095, 48.29629, 1, 1, 1, False
75.63031, 2021-07-05T15:20:28.6588910+08:00, 0, 12.94095, 48.29629, 1, 1, 1, False
75.6371, 2021-07-05T15:20:28.6656940+08:00, 0, 12.94095, 48.29629, 1, 1, 1, False
75.64306, 2021-07-05T15:20:28.6717700+08:00, 0, 12.94095, 48.29629, 1, 1, 1, False
75.65017, 2021-07-05T15:20:28.6818480+08:00, 0, 12.94095, 48.29629, 1, 1, 1, False
75.65823, 2021-07-05T15:20:28.6904100+08:00, 0, 12.94095, 48.29629, 1, 1, 1, False
75.66636, 2021-07-05T15:20:28.6949570+08:00, 0, 12.94095, 48.29629, 1, 1, 1, False
75.67052, 2021-07-05T15:20:28.6990810+08:00, 0, 12.94095, 48.29629, 1, 1, 1, False
75.67556, 2021-07-05T15:20:28.7041800+08:00, 0, 12.94095, 48.29629, 1, 1, 1, False
75.68257, 2021-07-05T15:20:28.7111790+08:00, 0, 12.94095, 48.29629, 1, 1, 1, False
75.69186, 2021-07-05T15:20:28.7204490+08:00, 0, 12.94095, 48.29629, 1, 1, 1, False
75.69866, 2021-07-05T15:20:28.7272530+08:00, 0, 12.94095, 48.29629, 1, 1, 1, False
75.70246, 2021-07-05T15:20:28.7310830+08:00, 0, 12.94095, 48.29629, 1, 1, 1, False
75.70793, 2021-07-05T15:20:28.7365330+08:00, 0, 12.94095, 48.29629, 1, 1, 1, False
75.71913, 2021-07-05T15:20:28.7477550+08:00, 0, 12.94095, 48.29629, 1, 1, 1, False
75.72675, 2021-07-05T15:20:28.7553960+08:00, 0, 12.94095, 48.29629, 1, 1, 1, False
75.73034, 2021-07-05T15:20:28.7589160+08:00, 0, 12.94095, 48.29629, 1, 1, 1, False
75.73431, 2021-07-05T15:20:28.7629330+08:00, 0, 12.94095, 48.29629, 1, 1, 1, False
75.74093, 2021-07-05T15:20:28.7695900+08:00, 0, 12.94095, 48.29629, 1, 1, 1, False
75.74793, 2021-07-05T15:20:28.7765600+08:00, 0, 12.94095, 48.29629, 1, 1, 1, False
75.75436, 2021-07-05T15:20:28.7829620+08:00, 0, 12.94095, 48.29629, 1, 1, 1, False
75.76104, 2021-07-05T15:20:28.7897030+08:00, 0, 12.94095, 48.29629, 1, 1, 1, False
75.76712, 2021-07-05T15:20:28.7957680+08:00, 0, 12.94095, 48.29629, 1, 1, 1, False
75.77469, 2021-07-05T15:20:28.8033160+08:00, 0, 12.94095, 48.29629, 1, 1, 1, False
75.78014, 2021-07-05T15:20:28.8088310+08:00, 0, 12.94095, 48.29629, 1, 1, 1, False
75.78658, 2021-07-05T15:20:28.8152050+08:00, 0, 12.94095, 48.29629, 1, 1, 1, False
75.79361, 2021-07-05T15:20:28.8222210+08:00, 0, 12.94095, 48.29629, 1, 1, 1, False
75.79958, 2021-07-05T15:20:28.8282390+08:00, 0, 12.94095, 48.29629, 1, 1, 1, False
75.80666, 2021-07-05T15:20:28.8353220+08:00, 0, 12.94095, 48.29629, 1, 1, 1, False
75.81229, 2021-07-05T15:20:28.8409430+08:00, 0, 12.94095, 48.29629, 1, 1, 1, False
75.81899, 2021-07-05T15:20:28.8476590+08:00, 0, 12.94095, 48.29629, 1, 1, 1, False
75.82619, 2021-07-05T15:20:28.8548040+08:00, 0, 12.94095, 48.29629, 1, 1, 1, False
75.83208, 2021-07-05T15:20:28.8607050+08:00, 0, 12.94095, 48.29629, 1, 1, 1, False
75.83846, 2021-07-05T15:20:28.8670870+08:00, 0, 12.94095, 48.29629, 1, 1, 1, False
75.85275, 2021-07-05T15:20:28.8814790+08:00, 0, 12.94095, 48.29629, 1, 1, 1, False
75.85838, 2021-07-05T15:20:28.8869660+08:00, 0, 12.94095, 48.29629, 1, 1, 1, False
75.86227, 2021-07-05T15:20:28.8909130+08:00, 0, 12.94095, 48.29629, 1, 1, 1, False
75.86616, 2021-07-05T15:20:28.8947640+08:00, 0, 12.94095, 48.29629, 1, 1, 1, False
75.87183, 2021-07-05T15:20:28.9004500+08:00, 0, 12.94095, 48.29629, 1, 1, 1, False
75.87831, 2021-07-05T15:20:28.9069070+08:00, 0, 12.94095, 48.29629, 1, 1, 1, False
75.8847, 2021-07-05T15:20:28.9134140+08:00, 0, 12.94095, 48.29629, 1, 1, 1, False
75.89053, 2021-07-05T15:20:28.9191360+08:00, 0, 12.94095, 48.29629, 1, 1, 1, False
75.89715, 2021-07-05T15:20:28.9258500+08:00, 0, 12.94095, 48.29629, 1, 1, 1, False
75.90359, 2021-07-05T15:20:28.9322690+08:00, 0, 12.94095, 48.29629, 1, 1, 1, False
75.91064, 2021-07-05T15:20:28.9392510+08:00, 0, 12.94095, 48.29629, 1, 1, 1, False
75.91659, 2021-07-05T15:20:28.9452320+08:00, 0, 12.94095, 48.29629, 1, 1, 1, False
75.92312, 2021-07-05T15:20:28.9518260+08:00, 0, 12.94095, 48.29629, 1, 1, 1, False
75.93047, 2021-07-05T15:20:28.9591170+08:00, 0, 12.94095, 48.29629, 1, 1, 1, False
75.93825, 2021-07-05T15:20:28.9668320+08:00, 0, 12.94095, 48.29629, 1, 1, 1, False
75.9434, 2021-07-05T15:20:28.9720510+08:00, 0, 12.94095, 48.29629, 1, 1, 1, False
75.9502, 2021-07-05T15:20:28.9788880+08:00, 0, 12.94095, 48.29629, 1, 1, 1, False
75.95653, 2021-07-05T15:20:28.9851510+08:00, 0, 12.94095, 48.29629, 1, 1, 1, False
75.96272, 2021-07-05T15:20:28.9913580+08:00, 0, 12.94095, 48.29629, 1, 1, 1, False
75.96945, 2021-07-05T15:20:28.9980830+08:00, 0, 12.94095, 48.29629, 1, 1, 1, False
75.97511, 2021-07-05T15:20:29.0037840+08:00, 0, 12.94095, 48.29629, 1, 1, 1, False
75.98205, 2021-07-05T15:20:29.0107430+08:00, 0, 12.94095, 48.29629, 1, 1, 1, False
75.98834, 2021-07-05T15:20:29.0170110+08:00, 0, 12.94095, 48.29629, 1, 1, 1, False
75.99487, 2021-07-05T15:20:29.0234970+08:00, 0, 12.94095, 48.29629, 1, 1, 1, False
76.00144, 2021-07-05T15:20:29.0301760+08:00, 0, 12.94095, 48.29629, 1, 1, 1, False
76.015, 2021-07-05T15:20:29.0435900+08:00, 0, 12.94095, 48.29629, 1, 1, 1, False
76.01888, 2021-07-05T15:20:29.0474560+08:00, 0, 12.94095, 48.29629, 1, 1, 1, False
76.02204, 2021-07-05T15:20:29.0506420+08:00, 0, 12.94095, 48.29629, 1, 1, 1, False
76.02735, 2021-07-05T15:20:29.0559820+08:00, 0, 12.94095, 48.29629, 1, 1, 1, False
76.03578, 2021-07-05T15:20:29.0643890+08:00, 0, 12.94095, 48.29629, 1, 1, 1, False
76.04255, 2021-07-05T15:20:29.0711800+08:00, 0, 12.94095, 48.29629, 1, 1, 1, False
76.05024, 2021-07-05T15:20:29.0788560+08:00, 0, 12.94095, 48.29629, 1, 1, 1, False
76.05416, 2021-07-05T15:20:29.0827530+08:00, 0, 12.94095, 48.29629, 1, 1, 1, False
76.06026, 2021-07-05T15:20:29.0889500+08:00, 0, 12.94095, 48.29629, 1, 1, 1, False
76.06673, 2021-07-05T15:20:29.0953290+08:00, 0, 12.94095, 48.29629, 1, 1, 1, False
76.07308, 2021-07-05T15:20:29.1017110+08:00, 0, 12.94095, 48.29629, 1, 1, 1, False
76.07961, 2021-07-05T15:20:29.1082780+08:00, 0, 12.94095, 48.29629, 1, 1, 1, False
76.08641, 2021-07-05T15:20:29.1150960+08:00, 0, 12.94095, 48.29629, 1, 1, 1, False
76.09248, 2021-07-05T15:20:29.1211350+08:00, 0, 12.94095, 48.29629, 1, 1, 1, False
76.09919, 2021-07-05T15:20:29.1278520+08:00, 0, 12.94095, 48.29629, 1, 1, 1, False
76.10654, 2021-07-05T15:20:29.1352260+08:00, 0, 12.94095, 48.29629, 1, 1, 1, False
76.11285, 2021-07-05T15:20:29.1414660+08:00, 0, 12.94095, 48.29629, 1, 1, 1, False
76.11884, 2021-07-05T15:20:29.1474530+08:00, 0, 12.94095, 48.29629, 1, 1, 1, False
76.12643, 2021-07-05T15:20:29.1550880+08:00, 0, 12.94095, 48.29629, 1, 1, 1, False
76.13184, 2021-07-05T15:20:29.1604870+08:00, 0, 12.94095, 48.29629, 1, 1, 1, False
76.13877, 2021-07-05T15:20:29.1673850+08:00, 0, 12.94095, 48.29629, 1, 1, 1, False
76.14473, 2021-07-05T15:20:29.1733760+08:00, 0, 12.94095, 48.29629, 1, 1, 1, False
76.17473, 2021-07-05T15:20:29.2033770+08:00, 0, 12.94095, 48.29629, 1, 1, 1, False
76.17809, 2021-07-05T15:20:29.2066570+08:00, 0, 12.94095, 48.29629, 1, 1, 1, False
76.18232, 2021-07-05T15:20:29.2109530+08:00, 0, 12.94095, 48.29629, 1, 1, 1, False
76.19071, 2021-07-05T15:20:29.2192890+08:00, 0, 12.94095, 48.29629, 1, 1, 1, False
76.19412, 2021-07-05T15:20:29.2226920+08:00, 0, 12.94095, 48.29629, 1, 1, 1, False
76.20105, 2021-07-05T15:20:29.2297030+08:00, 0, 12.94095, 48.29629, 1, 1, 1, False
76.20625, 2021-07-05T15:20:29.2348200+08:00, 0, 12.94095, 48.29629, 1, 1, 1, False
76.21015, 2021-07-05T15:20:29.2387210+08:00, 0, 12.94095, 48.29629, 1, 1, 1, False
76.21423, 2021-07-05T15:20:29.2427940+08:00, 0, 12.94095, 48.29629, 1, 1, 1, False
76.21822, 2021-07-05T15:20:29.2467920+08:00, 0, 12.94095, 48.29629, 1, 1, 1, False
76.22211, 2021-07-05T15:20:29.2507100+08:00, 0, 12.94095, 48.29629, 1, 1, 1, False
76.22729, 2021-07-05T15:20:29.2559220+08:00, 0, 12.94095, 48.29629, 1, 1, 1, False
76.23386, 2021-07-05T15:20:29.2624980+08:00, 0, 12.94095, 48.29629, 1, 1, 1, False
76.24081, 2021-07-05T15:20:29.2694650+08:00, 0, 12.94095, 48.29629, 1, 1, 1, False
76.2467, 2021-07-05T15:20:29.2753580+08:00, 0, 12.94095, 48.29629, 1, 1, 1, False
76.25319, 2021-07-05T15:20:29.2818240+08:00, 0, 12.94095, 48.29629, 1, 1, 1, False
76.26033, 2021-07-05T15:20:29.2889880+08:00, 0, 12.94095, 48.29629, 1, 1, 1, False
76.26669, 2021-07-05T15:20:29.2952890+08:00, 0, 12.94095, 48.29629, 1, 1, 1, False
76.27323, 2021-07-05T15:20:29.3019080+08:00, 0, 12.94095, 48.29629, 1, 1, 1, False
76.27898, 2021-07-05T15:20:29.3076700+08:00, 0, 12.94095, 48.29629, 1, 1, 1, False
76.28577, 2021-07-05T15:20:29.3144360+08:00, 0, 12.94095, 48.29629, 1, 1, 1, False
76.29231, 2021-07-05T15:20:29.3209640+08:00, 0, 12.94095, 48.29629, 1, 1, 1, False
76.29866, 2021-07-05T15:20:29.3273180+08:00, 0, 12.94095, 48.29629, 1, 1, 1, False
76.30507, 2021-07-05T15:20:29.3337590+08:00, 0, 12.94095, 48.29629, 1, 1, 1, False
76.31151, 2021-07-05T15:20:29.3401860+08:00, 0, 12.94095, 48.29629, 1, 1, 1, False
76.3186, 2021-07-05T15:20:29.3472000+08:00, 0, 12.94095, 48.29629, 1, 1, 1, False
76.32475, 2021-07-05T15:20:29.3534420+08:00, 0, 12.94095, 48.29629, 1, 1, 1, False
76.33134, 2021-07-05T15:20:29.3599800+08:00, 0, 12.94095, 48.29629, 1, 1, 1, False
76.34276, 2021-07-05T15:20:29.3713780+08:00, 0, 12.94095, 48.29629, 1, 1, 1, False
76.34595, 2021-07-05T15:20:29.3745240+08:00, 0, 12.94095, 48.29629, 1, 1, 1, False
76.35085, 2021-07-05T15:20:29.3795070+08:00, 0, 12.94095, 48.29629, 1, 1, 1, False
76.35693, 2021-07-05T15:20:29.3856090+08:00, 0, 12.94095, 48.29629, 1, 1, 1, False
76.36806, 2021-07-05T15:20:29.3967070+08:00, 0, 12.94095, 48.29629, 1, 1, 1, False
76.37452, 2021-07-05T15:20:29.4031320+08:00, 0, 12.94095, 48.29629, 1, 1, 1, False
76.37815, 2021-07-05T15:20:29.4067240+08:00, 0, 12.94095, 48.29629, 1, 1, 1, False
76.38331, 2021-07-05T15:20:29.4120090+08:00, 0, 12.94095, 48.29629, 1, 1, 1, False
76.39051, 2021-07-05T15:20:29.4191080+08:00, 0, 12.94095, 48.29629, 1, 1, 1, False
76.3963, 2021-07-05T15:20:29.4249380+08:00, 0, 12.94095, 48.29629, 1, 1, 1, False
76.40318, 2021-07-05T15:20:29.4318230+08:00, 0, 12.94095, 48.29629, 1, 1, 1, False
76.40926, 2021-07-05T15:20:29.4379100+08:00, 0, 12.94095, 48.29629, 1, 1, 1, False
76.41578, 2021-07-05T15:20:29.4444430+08:00, 0, 12.94095, 48.29629, 1, 1, 1, False
76.42283, 2021-07-05T15:20:29.4514960+08:00, 0, 12.94095, 48.29629, 1, 1, 1, False
76.4307, 2021-07-05T15:20:29.4592920+08:00, 0, 12.94095, 48.29629, 1, 1, 1, False
76.43546, 2021-07-05T15:20:29.4641340+08:00, 0, 12.94095, 48.29629, 1, 1, 1, False
76.4427, 2021-07-05T15:20:29.4713430+08:00, 0, 12.94095, 48.29629, 1, 1, 1, False
76.44849, 2021-07-05T15:20:29.4771190+08:00, 0, 12.94095, 48.29629, 1, 1, 1, False
76.45486, 2021-07-05T15:20:29.4835250+08:00, 0, 12.94095, 48.29629, 1, 1, 1, False
76.4612, 2021-07-05T15:20:29.4899420+08:00, 0, 12.94095, 48.29629, 1, 1, 1, False
76.46774, 2021-07-05T15:20:29.4964360+08:00, 0, 12.94095, 48.29629, 1, 1, 1, False
76.47507, 2021-07-05T15:20:29.5036840+08:00, 0, 12.94095, 48.29629, 1, 1, 1, False
76.48115, 2021-07-05T15:20:29.5098770+08:00, 0, 12.94095, 48.29629, 1, 1, 1, False
76.48763, 2021-07-05T15:20:29.5162400+08:00, 0, 12.94095, 48.29629, 1, 1, 1, False
76.49479, 2021-07-05T15:20:29.5234280+08:00, 0, 12.94095, 48.29629, 1, 1, 1, False
76.50072, 2021-07-05T15:20:29.5295110+08:00, 0, 12.94095, 48.29629, 1, 1, 1, False
76.50733, 2021-07-05T15:20:29.5359880+08:00, 0, 12.94095, 48.29629, 1, 1, 1, False
76.5147, 2021-07-05T15:20:29.5433290+08:00, 0, 12.94095, 48.29629, 1, 1, 1, False
76.52077, 2021-07-05T15:20:29.5503550+08:00, 0, 12.94095, 48.29629, 1, 1, 1, False
76.52675, 2021-07-05T15:20:29.5553800+08:00, 0, 12.94095, 48.29629, 1, 1, 1, False
76.53326, 2021-07-05T15:20:29.5619080+08:00, 0, 12.94095, 48.29629, 1, 1, 1, False
76.53987, 2021-07-05T15:20:29.5685130+08:00, 0, 12.94095, 48.29629, 1, 1, 1, False
76.54672, 2021-07-05T15:20:29.5753800+08:00, 0, 12.94095, 48.29629, 1, 1, 1, False
76.55306, 2021-07-05T15:20:29.5817350+08:00, 0, 12.94095, 48.29629, 1, 1, 1, False
76.5602, 2021-07-05T15:20:29.5888730+08:00, 0, 12.94095, 48.29629, 1, 1, 1, False
76.56661, 2021-07-05T15:20:29.5952170+08:00, 0, 12.94095, 48.29629, 1, 1, 1, False
76.5732, 2021-07-05T15:20:29.6018170+08:00, 0, 12.94095, 48.29629, 1, 1, 1, False
76.57892, 2021-07-05T15:20:29.6075880+08:00, 0, 12.94095, 48.29629, 1, 1, 1, False
76.58659, 2021-07-05T15:20:29.6152950+08:00, 0, 12.94095, 48.29629, 1, 1, 1, False
76.59272, 2021-07-05T15:20:29.6213390+08:00, 0, 12.94095, 48.29629, 1, 1, 1, False
76.59863, 2021-07-05T15:20:29.6272860+08:00, 0, 12.94095, 48.29629, 1, 1, 1, False
76.60509, 2021-07-05T15:20:29.6337800+08:00, 0, 12.94095, 48.29629, 1, 1, 1, False
76.61215, 2021-07-05T15:20:29.6407740+08:00, 0, 12.94095, 48.29629, 1, 1, 1, False
76.61877, 2021-07-05T15:20:29.6473920+08:00, 0, 12.94095, 48.29629, 1, 1, 1, False
76.62476, 2021-07-05T15:20:29.6534220+08:00, 0, 12.94095, 48.29629, 1, 1, 1, False
76.63129, 2021-07-05T15:20:29.6599660+08:00, 0, 12.94095, 48.29629, 1, 1, 1, False
76.63823, 2021-07-05T15:20:29.6668410+08:00, 0, 12.94095, 48.29629, 1, 1, 1, False
76.64474, 2021-07-05T15:20:29.6734050+08:00, 0, 12.94095, 48.29629, 1, 1, 1, False
76.65112, 2021-07-05T15:20:29.6797360+08:00, 0, 12.94095, 48.29629, 1, 1, 1, False
76.65717, 2021-07-05T15:20:29.6858620+08:00, 0, 12.94095, 48.29629, 1, 1, 1, False
76.66366, 2021-07-05T15:20:29.6924570+08:00, 0, 12.94095, 48.29629, 1, 1, 1, False
76.672, 2021-07-05T15:20:29.7013410+08:00, 0, 12.94095, 48.29629, 1, 1, 1, False
76.67812, 2021-07-05T15:20:29.7067000+08:00, 0, 12.94095, 48.29629, 1, 1, 1, False
76.68332, 2021-07-05T15:20:29.7120100+08:00, 0, 12.94095, 48.29629, 1, 1, 1, False
76.68984, 2021-07-05T15:20:29.7184710+08:00, 0, 12.94095, 48.29629, 1, 1, 1, False
76.69624, 2021-07-05T15:20:29.7249810+08:00, 0, 12.94095, 48.29629, 1, 1, 1, False
76.70303, 2021-07-05T15:20:29.7317020+08:00, 0, 12.94095, 48.29629, 1, 1, 1, False
76.71046, 2021-07-05T15:20:29.7390950+08:00, 0, 12.94095, 48.29629, 1, 1, 1, False
76.71633, 2021-07-05T15:20:29.7449710+08:00, 0, 12.94095, 48.29629, 1, 1, 1, False
76.72277, 2021-07-05T15:20:29.7514260+08:00, 0, 12.94095, 48.29629, 1, 1, 1, False
76.72878, 2021-07-05T15:20:29.7574290+08:00, 0, 12.94095, 48.29629, 1, 1, 1, False
76.73543, 2021-07-05T15:20:29.7641240+08:00, 0, 12.94095, 48.29629, 1, 1, 1, False
76.74266, 2021-07-05T15:20:29.7713600+08:00, 0, 12.94095, 48.29629, 1, 1, 1, False
76.74861, 2021-07-05T15:20:29.7772420+08:00, 0, 12.94095, 48.29629, 1, 1, 1, False
76.75493, 2021-07-05T15:20:29.7836070+08:00, 0, 12.94095, 48.29629, 1, 1, 1, False
76.76133, 2021-07-05T15:20:29.7900050+08:00, 0, 12.94095, 48.29629, 1, 1, 1, False
76.76783, 2021-07-05T15:20:29.7965000+08:00, 0, 12.94095, 48.29629, 1, 1, 1, False
76.77866, 2021-07-05T15:20:29.8114770+08:00, 0, 12.94095, 48.29629, 1, 1, 1, False
76.78638, 2021-07-05T15:20:29.8149990+08:00, 0, 12.94095, 48.29629, 1, 1, 1, False
76.78997, 2021-07-05T15:20:29.8185280+08:00, 0, 12.94095, 48.29629, 1, 1, 1, False
76.79437, 2021-07-05T15:20:29.8229740+08:00, 0, 12.94095, 48.29629, 1, 1, 1, False
76.80053, 2021-07-05T15:20:29.8291940+08:00, 0, 12.94095, 48.29629, 1, 1, 1, False
76.80731, 2021-07-05T15:20:29.8359940+08:00, 0, 12.94095, 48.29629, 1, 1, 1, False
76.81416, 2021-07-05T15:20:29.8427580+08:00, 0, 12.94095, 48.29629, 1, 1, 1, False
76.82054, 2021-07-05T15:20:29.8491780+08:00, 0, 12.94095, 48.29629, 1, 1, 1, False
76.82649, 2021-07-05T15:20:29.8551790+08:00, 0, 12.94095, 48.29629, 1, 1, 1, False
76.83318, 2021-07-05T15:20:29.8618070+08:00, 0, 12.94095, 48.29629, 1, 1, 1, False
76.8418, 2021-07-05T15:20:29.8704160+08:00, 0, 12.94095, 48.29629, 1, 1, 1, False
76.84634, 2021-07-05T15:20:29.8749380+08:00, 0, 12.94095, 48.29629, 1, 1, 1, False
76.85251, 2021-07-05T15:20:29.8811110+08:00, 0, 12.94095, 48.29629, 1, 1, 1, False
76.86862, 2021-07-05T15:20:29.8973410+08:00, 0, 12.94095, 48.29629, 1, 1, 1, False
76.87444, 2021-07-05T15:20:29.9030380+08:00, 0, 12.94095, 48.29629, 1, 1, 1, False
76.87814, 2021-07-05T15:20:29.9067650+08:00, 0, 12.94095, 48.29629, 1, 1, 1, False
76.88236, 2021-07-05T15:20:29.9109880+08:00, 0, 12.94095, 48.29629, 1, 1, 1, False
76.88617, 2021-07-05T15:20:29.9147890+08:00, 0, 12.94095, 48.29629, 1, 1, 1, False
76.89206, 2021-07-05T15:20:29.9206740+08:00, 0, 12.94095, 48.29629, 1, 1, 1, False
76.89854, 2021-07-05T15:20:29.9271260+08:00, 0, 12.94095, 48.29629, 1, 1, 1, False
76.90447, 2021-07-05T15:20:29.9331760+08:00, 0, 12.94095, 48.29629, 1, 1, 1, False
76.91113, 2021-07-05T15:20:29.9397780+08:00, 0, 12.94095, 48.29629, 1, 1, 1, False
76.91776, 2021-07-05T15:20:29.9464170+08:00, 0, 12.94095, 48.29629, 1, 1, 1, False
76.92403, 2021-07-05T15:20:29.9527530+08:00, 0, 12.94095, 48.29629, 1, 1, 1, False
76.93118, 2021-07-05T15:20:29.9598150+08:00, 0, 12.94095, 48.29629, 1, 1, 1, False
76.93712, 2021-07-05T15:20:29.9658010+08:00, 0, 12.94095, 48.29629, 1, 1, 1, False
76.94366, 2021-07-05T15:20:29.9723340+08:00, 0, 12.94095, 48.29629, 1, 1, 1, False
76.95041, 2021-07-05T15:20:29.9790350+08:00, 0, 12.94095, 48.29629, 1, 1, 1, False
76.95855, 2021-07-05T15:20:29.9871430+08:00, 0, 12.94095, 48.29629, 1, 1, 1, False
76.96327, 2021-07-05T15:20:29.9921400+08:00, 0, 12.94095, 48.29629, 1, 1, 1, False
76.97139, 2021-07-05T15:20:30.0000010+08:00, 0, 12.94095, 48.29629, 1, 1, 1, False
76.97878, 2021-07-05T15:20:30.0074050+08:00, 0, 12.94095, 48.29629, 1, 1, 1, False
76.98665, 2021-07-05T15:20:30.0153000+08:00, 0, 12.94095, 48.29629, 1, 1, 1, False
76.9915, 2021-07-05T15:20:30.0202070+08:00, 0, 12.94095, 48.29629, 1, 1, 1, False
77.01701, 2021-07-05T15:20:30.0457270+08:00, 0, 12.94095, 48.29629, 1, 1, 1, False
77.02231, 2021-07-05T15:20:30.0509580+08:00, 0, 12.94095, 48.29629, 1, 1, 1, False
77.02602, 2021-07-05T15:20:30.0546150+08:00, 0, 12.94095, 48.29629, 1, 1, 1, False
77.03004, 2021-07-05T15:20:30.0586260+08:00, 0, 12.94095, 48.29629, 1, 1, 1, False
77.03423, 2021-07-05T15:20:30.0628110+08:00, 0, 12.94095, 48.29629, 1, 1, 1, False
77.04225, 2021-07-05T15:20:30.0708880+08:00, 0, 12.94095, 48.29629, 1, 1, 1, False
77.04617, 2021-07-05T15:20:30.0747670+08:00, 0, 12.94095, 48.29629, 1, 1, 1, False
77.0501, 2021-07-05T15:20:30.0786860+08:00, 0, 12.94095, 48.29629, 1, 1, 1, False
77.054, 2021-07-05T15:20:30.0825680+08:00, 0, 12.94095, 48.29629, 1, 1, 1, False
77.0679, 2021-07-05T15:20:30.0966200+08:00, 0, 12.94095, 48.29629, 1, 1, 1, False
77.07445, 2021-07-05T15:20:30.1030460+08:00, 0, 12.94095, 48.29629, 1, 1, 1, False
77.07831, 2021-07-05T15:20:30.1069400+08:00, 0, 12.94095, 48.29629, 1, 1, 1, False
77.08221, 2021-07-05T15:20:30.1108270+08:00, 0, 12.94095, 48.29629, 1, 1, 1, False
77.0862, 2021-07-05T15:20:30.1147980+08:00, 0, 12.94095, 48.29629, 1, 1, 1, False
77.09145, 2021-07-05T15:20:30.1200690+08:00, 0, 12.94095, 48.29629, 1, 1, 1, False
77.09779, 2021-07-05T15:20:30.1264400+08:00, 0, 12.94095, 48.29629, 1, 1, 1, False
77.10424, 2021-07-05T15:20:30.1328970+08:00, 0, 12.94095, 48.29629, 1, 1, 1, False
77.11091, 2021-07-05T15:20:30.1395700+08:00, 0, 12.94095, 48.29629, 1, 1, 1, False
77.11842, 2021-07-05T15:20:30.1470230+08:00, 0, 12.94095, 48.29629, 1, 1, 1, False
77.12423, 2021-07-05T15:20:30.1529550+08:00, 0, 12.94095, 48.29629, 1, 1, 1, False
77.13167, 2021-07-05T15:20:30.1603070+08:00, 0, 12.94095, 48.29629, 1, 1, 1, False
77.13831, 2021-07-05T15:20:30.1669280+08:00, 0, 12.94095, 48.29629, 1, 1, 1, False
77.14539, 2021-07-05T15:20:30.1740590+08:00, 0, 12.94095, 48.29629, 1, 1, 1, False
77.15163, 2021-07-05T15:20:30.1803460+08:00, 0, 12.94095, 48.29629, 1, 1, 1, False
77.15871, 2021-07-05T15:20:30.1873200+08:00, 0, 12.94095, 48.29629, 1, 1, 1, False
77.16521, 2021-07-05T15:20:30.1939560+08:00, 0, 12.94095, 48.29629, 1, 1, 1, False
77.17232, 2021-07-05T15:20:30.2009240+08:00, 0, 12.94095, 48.29629, 1, 1, 1, False
77.17862, 2021-07-05T15:20:30.2072650+08:00, 0, 12.94095, 48.29629, 1, 1, 1, False
77.18573, 2021-07-05T15:20:30.2144030+08:00, 0, 12.94095, 48.29629, 1, 1, 1, False
77.19457, 2021-07-05T15:20:30.2231570+08:00, 0, 12.94095, 48.29629, 1, 1, 1, False
77.1991, 2021-07-05T15:20:30.2277400+08:00, 0, 12.94095, 48.29629, 1, 1, 1, False
77.20624, 2021-07-05T15:20:30.2348950+08:00, 0, 12.94095, 48.29629, 1, 1, 1, False
77.21243, 2021-07-05T15:20:30.2410840+08:00, 0, 12.94095, 48.29629, 1, 1, 1, False
77.21936, 2021-07-05T15:20:30.2480310+08:00, 0, 12.94095, 48.29629, 1, 1, 1, False
77.2267, 2021-07-05T15:20:30.2553730+08:00, 0, 12.94095, 48.29629, 1, 1, 1, False
77.23453, 2021-07-05T15:20:30.2632000+08:00, 0, 12.94095, 48.29629, 1, 1, 1, False
77.24046, 2021-07-05T15:20:30.2691180+08:00, 0, 12.94095, 48.29629, 1, 1, 1, False
77.24667, 2021-07-05T15:20:30.2753370+08:00, 0, 12.94095, 48.29629, 1, 1, 1, False
77.25352, 2021-07-05T15:20:30.2821340+08:00, 0, 12.94095, 48.29629, 1, 1, 1, False
77.26079, 2021-07-05T15:20:30.2894610+08:00, 0, 12.94095, 48.29629, 1, 1, 1, False
77.26682, 2021-07-05T15:20:30.2955070+08:00, 0, 12.94095, 48.29629, 1, 1, 1, False
77.27441, 2021-07-05T15:20:30.3030210+08:00, 0, 12.94095, 48.29629, 1, 1, 1, False
77.28016, 2021-07-05T15:20:30.3088700+08:00, 0, 12.94095, 48.29629, 1, 1, 1, False
77.28704, 2021-07-05T15:20:30.3156990+08:00, 0, 12.94095, 48.29629, 1, 1, 1, False
77.29382, 2021-07-05T15:20:30.3224600+08:00, 0, 12.94095, 48.29629, 1, 1, 1, False
77.3007, 2021-07-05T15:20:30.3294550+08:00, 0, 12.94095, 48.29629, 1, 1, 1, False
77.3074, 2021-07-05T15:20:30.3360320+08:00, 0, 12.94095, 48.29629, 1, 1, 1, False
77.31448, 2021-07-05T15:20:30.3431110+08:00, 0, 12.94095, 48.29629, 1, 1, 1, False
77.32075, 2021-07-05T15:20:30.3494750+08:00, 0, 12.94095, 48.29629, 1, 1, 1, False
77.32827, 2021-07-05T15:20:30.3569270+08:00, 0, 12.94095, 48.29629, 1, 1, 1, False
77.33453, 2021-07-05T15:20:30.3631680+08:00, 0, 12.94095, 48.29629, 1, 1, 1, False
77.34145, 2021-07-05T15:20:30.3701050+08:00, 0, 12.94095, 48.29629, 1, 1, 1, False
77.34864, 2021-07-05T15:20:30.3772760+08:00, 0, 12.94095, 48.29629, 1, 1, 1, False
77.35492, 2021-07-05T15:20:30.3835700+08:00, 0, 12.94095, 48.29629, 1, 1, 1, False
77.36172, 2021-07-05T15:20:30.3904130+08:00, 0, 12.94095, 48.29629, 1, 1, 1, False
77.36859, 2021-07-05T15:20:30.3972980+08:00, 0, 12.94095, 48.29629, 1, 1, 1, False
77.37592, 2021-07-05T15:20:30.4045410+08:00, 0, 12.94095, 48.29629, 1, 1, 1, False
77.38261, 2021-07-05T15:20:30.4112880+08:00, 0, 12.94095, 48.29629, 1, 1, 1, False
77.38933, 2021-07-05T15:20:30.4179990+08:00, 0, 12.94095, 48.29629, 1, 1, 1, False
77.39532, 2021-07-05T15:20:30.4239860+08:00, 0, 12.94095, 48.29629, 1, 1, 1, False
77.40229, 2021-07-05T15:20:30.4309650+08:00, 0, 12.94095, 48.29629, 1, 1, 1, False
77.40901, 2021-07-05T15:20:30.4376510+08:00, 0, 12.94095, 48.29629, 1, 1, 1, False
77.4158, 2021-07-05T15:20:30.4444470+08:00, 0, 12.94095, 48.29629, 1, 1, 1, False
77.4226, 2021-07-05T15:20:30.4512510+08:00, 0, 12.94095, 48.29629, 1, 1, 1, False
77.42972, 2021-07-05T15:20:30.4583510+08:00, 0, 12.94095, 48.29629, 1, 1, 1, False
77.43592, 2021-07-05T15:20:30.4645960+08:00, 0, 12.94095, 48.29629, 1, 1, 1, False
77.44283, 2021-07-05T15:20:30.4714970+08:00, 0, 12.94095, 48.29629, 1, 1, 1, False
77.45024, 2021-07-05T15:20:30.4788900+08:00, 0, 12.94095, 48.29629, 1, 1, 1, False
77.45612, 2021-07-05T15:20:30.4847820+08:00, 0, 12.94095, 48.29629, 1, 1, 1, False
77.46289, 2021-07-05T15:20:30.4916010+08:00, 0, 12.94095, 48.29629, 1, 1, 1, False
77.46967, 2021-07-05T15:20:30.4983700+08:00, 0, 12.94095, 48.29629, 1, 1, 1, False
77.47762, 2021-07-05T15:20:30.5062590+08:00, 0, 12.94095, 48.29629, 1, 1, 1, False
77.48356, 2021-07-05T15:20:30.5123360+08:00, 0, 12.94095, 48.29629, 1, 1, 1, False
77.49072, 2021-07-05T15:20:30.5193670+08:00, 0, 12.94095, 48.29629, 1, 1, 1, False
77.49673, 2021-07-05T15:20:30.5254620+08:00, 0, 12.94095, 48.29629, 1, 1, 1, False
77.50355, 2021-07-05T15:20:30.5322330+08:00, 0, 12.94095, 48.29629, 1, 1, 1, False
77.51081, 2021-07-05T15:20:30.5394900+08:00, 0, 12.94095, 48.29629, 1, 1, 1, False
77.51868, 2021-07-05T15:20:30.5473290+08:00, 0, 12.94095, 48.29629, 1, 1, 1, False
77.52428, 2021-07-05T15:20:30.5529610+08:00, 0, 12.94095, 48.29629, 1, 1, 1, False
77.53074, 2021-07-05T15:20:30.5593870+08:00, 0, 12.94095, 48.29629, 1, 1, 1, False
77.53748, 2021-07-05T15:20:30.5661380+08:00, 0, 12.94095, 48.29629, 1, 1, 1, False
77.54491, 2021-07-05T15:20:30.5735830+08:00, 0, 12.94095, 48.29629, 1, 1, 1, False
77.55109, 2021-07-05T15:20:30.5797780+08:00, 0, 12.94095, 48.29629, 1, 1, 1, False
77.55856, 2021-07-05T15:20:30.5871730+08:00, 0, 12.94095, 48.29629, 1, 1, 1, False
77.56406, 2021-07-05T15:20:30.5927780+08:00, 0, 12.94095, 48.29629, 1, 1, 1, False
77.57101, 2021-07-05T15:20:30.5996460+08:00, 0, 12.94095, 48.29629, 1, 1, 1, False
77.57862, 2021-07-05T15:20:30.6072350+08:00, 0, 12.94095, 48.29629, 1, 1, 1, False
77.58459, 2021-07-05T15:20:30.6133450+08:00, 0, 12.94095, 48.29629, 1, 1, 1, False
77.59131, 2021-07-05T15:20:30.6199720+08:00, 0, 12.94095, 48.29629, 1, 1, 1, False
77.59846, 2021-07-05T15:20:30.6270810+08:00, 0, 12.94095, 48.29629, 1, 1, 1, False
77.6048, 2021-07-05T15:20:30.6335460+08:00, 0, 12.94095, 48.29629, 1, 1, 1, False
77.61227, 2021-07-05T15:20:30.6409090+08:00, 0, 12.94095, 48.29629, 1, 1, 1, False
77.61885, 2021-07-05T15:20:30.6474860+08:00, 0, 12.94095, 48.29629, 1, 1, 1, False
77.62522, 2021-07-05T15:20:30.6539450+08:00, 0, 12.94095, 48.29629, 1, 1, 1, False
77.63197, 2021-07-05T15:20:30.6606540+08:00, 0, 12.94095, 48.29629, 1, 1, 1, False
77.63917, 2021-07-05T15:20:30.6677810+08:00, 0, 12.94095, 48.29629, 1, 1, 1, False
77.64548, 2021-07-05T15:20:30.6741810+08:00, 0, 12.94095, 48.29629, 1, 1, 1, False
77.6525, 2021-07-05T15:20:30.6811280+08:00, 0, 12.94095, 48.29629, 1, 1, 1, False
77.65863, 2021-07-05T15:20:30.6872940+08:00, 0, 12.94095, 48.29629, 1, 1, 1, False
77.66556, 2021-07-05T15:20:30.6943100+08:00, 0, 12.94095, 48.29629, 1, 1, 1, False
77.67233, 2021-07-05T15:20:30.7010780+08:00, 0, 12.94095, 48.29629, 1, 1, 1, False
77.67907, 2021-07-05T15:20:30.7077240+08:00, 0, 12.94095, 48.29629, 1, 1, 1, False
77.68595, 2021-07-05T15:20:30.7146240+08:00, 0, 12.94095, 48.29629, 1, 1, 1, False
77.69341, 2021-07-05T15:20:30.7220470+08:00, 0, 12.94095, 48.29629, 1, 1, 1, False
77.69971, 2021-07-05T15:20:30.7283710+08:00, 0, 12.94095, 48.29629, 1, 1, 1, False
77.70625, 2021-07-05T15:20:30.7349190+08:00, 0, 12.94095, 48.29629, 1, 1, 1, False
77.71357, 2021-07-05T15:20:30.7422160+08:00, 0, 12.94095, 48.29629, 1, 1, 1, False
77.71995, 2021-07-05T15:20:30.7486340+08:00, 0, 12.94095, 48.29629, 1, 1, 1, False
77.72675, 2021-07-05T15:20:30.7554170+08:00, 0, 12.94095, 48.29629, 1, 1, 1, False
77.73375, 2021-07-05T15:20:30.7623850+08:00, 0, 12.94095, 48.29629, 1, 1, 1, False
77.7402, 2021-07-05T15:20:30.7688580+08:00, 0, 12.94095, 48.29629, 1, 1, 1, False
77.74648, 2021-07-05T15:20:30.7752520+08:00, 0, 12.94095, 48.29629, 1, 1, 1, False
77.75382, 2021-07-05T15:20:30.7829260+08:00, 0, 12.94095, 48.29629, 1, 1, 1, False
77.76097, 2021-07-05T15:20:30.7896130+08:00, 0, 12.94095, 48.29629, 1, 1, 1, False
77.76736, 2021-07-05T15:20:30.7960880+08:00, 0, 12.94095, 48.29629, 1, 1, 1, False
77.77464, 2021-07-05T15:20:30.8032520+08:00, 0, 12.94095, 48.29629, 1, 1, 1, False
77.7806, 2021-07-05T15:20:30.8092850+08:00, 0, 12.94095, 48.29629, 1, 1, 1, False
77.78747, 2021-07-05T15:20:30.8161340+08:00, 0, 12.94095, 48.29629, 1, 1, 1, False
77.79442, 2021-07-05T15:20:30.8230690+08:00, 0, 12.94095, 48.29629, 1, 1, 1, False
77.80087, 2021-07-05T15:20:30.8295840+08:00, 0, 12.94095, 48.29629, 1, 1, 1, False
77.80802, 2021-07-05T15:20:30.8366530+08:00, 0, 12.94095, 48.29629, 1, 1, 1, False
77.81477, 2021-07-05T15:20:30.8434530+08:00, 0, 12.94095, 48.29629, 1, 1, 1, False
77.82104, 2021-07-05T15:20:30.8497600+08:00, 0, 12.94095, 48.29629, 1, 1, 1, False
77.82859, 2021-07-05T15:20:30.8572220+08:00, 0, 12.94095, 48.29629, 1, 1, 1, False
77.83474, 2021-07-05T15:20:30.8634080+08:00, 0, 12.94095, 48.29629, 1, 1, 1, False
77.84268, 2021-07-05T15:20:30.8713980+08:00, 0, 12.94095, 48.29629, 1, 1, 1, False
77.8502, 2021-07-05T15:20:30.8788180+08:00, 0, 12.94095, 48.29629, 1, 1, 1, False
77.85508, 2021-07-05T15:20:30.8837310+08:00, 0, 12.94095, 48.29629, 1, 1, 1, False
77.86308, 2021-07-05T15:20:30.8917770+08:00, 0, 12.94095, 48.29629, 1, 1, 1, False
77.88663, 2021-07-05T15:20:30.9153160+08:00, 0, 12.94095, 48.29629, 1, 1, 1, False
77.89032, 2021-07-05T15:20:30.9189200+08:00, 0, 12.94095, 48.29629, 1, 1, 1, False
77.89414, 2021-07-05T15:20:30.9227280+08:00, 0, 12.94095, 48.29629, 1, 1, 1, False
77.89819, 2021-07-05T15:20:30.9267780+08:00, 0, 12.94095, 48.29629, 1, 1, 1, False
77.90229, 2021-07-05T15:20:30.9309110+08:00, 0, 12.94095, 48.29629, 1, 1, 1, False
77.90611, 2021-07-05T15:20:30.9346800+08:00, 0, 12.94095, 48.29629, 1, 1, 1, False
77.91019, 2021-07-05T15:20:30.9387820+08:00, 0, 12.94095, 48.29629, 1, 1, 1, False
77.91549, 2021-07-05T15:20:30.9440800+08:00, 0, 12.94095, 48.29629, 1, 1, 1, False
77.92154, 2021-07-05T15:20:30.9502150+08:00, 0, 12.94095, 48.29629, 1, 1, 1, False
77.92846, 2021-07-05T15:20:30.9571080+08:00, 0, 12.94095, 48.29629, 1, 1, 1, False
77.93829, 2021-07-05T15:20:30.9703070+08:00, 0, 12.94095, 48.29629, 1, 1, 1, False
77.94615, 2021-07-05T15:20:30.9748020+08:00, 0, 12.94095, 48.29629, 1, 1, 1, False
77.95002, 2021-07-05T15:20:30.9786010+08:00, 0, 12.94095, 48.29629, 1, 1, 1, False
77.95554, 2021-07-05T15:20:30.9842200+08:00, 0, 12.94095, 48.29629, 1, 1, 1, False
77.96281, 2021-07-05T15:20:30.9914610+08:00, 0, 12.94095, 48.29629, 1, 1, 1, False
77.96894, 2021-07-05T15:20:30.9975990+08:00, 0, 12.94095, 48.29629, 1, 1, 1, False
77.97571, 2021-07-05T15:20:31.0043560+08:00, 0, 12.94095, 48.29629, 1, 1, 1, False
77.98273, 2021-07-05T15:20:31.0114490+08:00, 0, 12.94095, 48.29629, 1, 1, 1, False
77.98985, 2021-07-05T15:20:31.0185140+08:00, 0, 12.94095, 48.29629, 1, 1, 1, False
77.99605, 2021-07-05T15:20:31.0247260+08:00, 0, 12.94095, 48.29629, 1, 1, 1, False
78.00285, 2021-07-05T15:20:31.0316020+08:00, 0, 12.94095, 48.29629, 1, 1, 1, False
78.01085, 2021-07-05T15:20:31.0394830+08:00, 0, 12.94095, 48.29629, 1, 1, 1, False
78.01672, 2021-07-05T15:20:31.0453870+08:00, 0, 12.94095, 48.29629, 1, 1, 1, False
78.02367, 2021-07-05T15:20:31.0523600+08:00, 0, 12.94095, 48.29629, 1, 1, 1, False
78.03059, 2021-07-05T15:20:31.0592120+08:00, 0, 12.94095, 48.29629, 1, 1, 1, False
78.03661, 2021-07-05T15:20:31.0652370+08:00, 0, 12.94095, 48.29629, 1, 1, 1, False
78.04336, 2021-07-05T15:20:31.0721230+08:00, 0, 12.94095, 48.29629, 1, 1, 1, False
78.05077, 2021-07-05T15:20:31.0794970+08:00, 0, 12.94095, 48.29629, 1, 1, 1, False
78.05871, 2021-07-05T15:20:31.0873480+08:00, 0, 12.94095, 48.29629, 1, 1, 1, False
78.06352, 2021-07-05T15:20:31.0922020+08:00, 0, 12.94095, 48.29629, 1, 1, 1, False
78.07287, 2021-07-05T15:20:31.1014730+08:00, 0, 12.94095, 48.29629, 1, 1, 1, False
78.07816, 2021-07-05T15:20:31.1067740+08:00, 0, 12.94095, 48.29629, 1, 1, 1, False
78.08401, 2021-07-05T15:20:31.1127730+08:00, 0, 12.94095, 48.29629, 1, 1, 1, False
78.09113, 2021-07-05T15:20:31.1197610+08:00, 0, 12.94095, 48.29629, 1, 1, 1, False
78.09718, 2021-07-05T15:20:31.1258250+08:00, 0, 12.94095, 48.29629, 1, 1, 1, False
78.10406, 2021-07-05T15:20:31.1327770+08:00, 0, 12.94095, 48.29629, 1, 1, 1, False
78.11077, 2021-07-05T15:20:31.1394350+08:00, 0, 12.94095, 48.29629, 1, 1, 1, False
78.11752, 2021-07-05T15:20:31.1462120+08:00, 0, 12.94095, 48.29629, 1, 1, 1, False
78.12481, 2021-07-05T15:20:31.1535860+08:00, 0, 12.94095, 48.29629, 1, 1, 1, False
78.13096, 2021-07-05T15:20:31.1596510+08:00, 0, 12.94095, 48.29629, 1, 1, 1, False
78.13773, 2021-07-05T15:20:31.1663980+08:00, 0, 12.94095, 48.29629, 1, 1, 1, False
78.14523, 2021-07-05T15:20:31.1739330+08:00, 0, 12.94095, 48.29629, 1, 1, 1, False
78.15154, 2021-07-05T15:20:31.1802480+08:00, 0, 12.94095, 48.29629, 1, 1, 1, False
78.15857, 2021-07-05T15:20:31.1871810+08:00, 0, 12.94095, 48.29629, 1, 1, 1, False
78.16558, 2021-07-05T15:20:31.1942710+08:00, 0, 12.94095, 48.29629, 1, 1, 1, False
78.17178, 2021-07-05T15:20:31.2004920+08:00, 0, 12.94095, 48.29629, 1, 1, 1, False
78.17883, 2021-07-05T15:20:31.2074810+08:00, 0, 12.94095, 48.29629, 1, 1, 1, False
78.18533, 2021-07-05T15:20:31.2140840+08:00, 0, 12.94095, 48.29629, 1, 1, 1, False
78.19288, 2021-07-05T15:20:31.2215130+08:00, 0, 12.94095, 48.29629, 1, 1, 1, False
78.19902, 2021-07-05T15:20:31.2277070+08:00, 0, 12.94095, 48.29629, 1, 1, 1, False
78.20576, 2021-07-05T15:20:31.2344590+08:00, 0, 12.94095, 48.29629, 1, 1, 1, False
78.21332, 2021-07-05T15:20:31.2419780+08:00, 0, 12.94095, 48.29629, 1, 1, 1, False
78.21964, 2021-07-05T15:20:31.2483890+08:00, 0, 12.94095, 48.29629, 1, 1, 1, False
78.22678, 2021-07-05T15:20:31.2554280+08:00, 0, 12.94095, 48.29629, 1, 1, 1, False
78.23351, 2021-07-05T15:20:31.2622960+08:00, 0, 12.94095, 48.29629, 1, 1, 1, False
78.24049, 2021-07-05T15:20:31.2693270+08:00, 0, 12.94095, 48.29629, 1, 1, 1, False
78.24731, 2021-07-05T15:20:31.2760400+08:00, 0, 12.94095, 48.29629, 1, 1, 1, False
78.25423, 2021-07-05T15:20:31.2829170+08:00, 0, 12.94095, 48.29629, 1, 1, 1, False
78.26183, 2021-07-05T15:20:31.2906040+08:00, 0, 12.89821, 48.13678, 1, 1, 1, False
78.26801, 2021-07-05T15:20:31.2966860+08:00, 0, 12.85472, 47.97445, 1, 1, 1, False
78.27865, 2021-07-05T15:20:31.3072510+08:00, 0, 12.80705, 47.79657, 1, 1, 1, False
78.28228, 2021-07-05T15:20:31.3109230+08:00, 0, 12.76829, 47.65192, 1, 1, 1, False
78.28857, 2021-07-05T15:20:31.3172320+08:00, 0, 12.70153, 47.40273, 1, 1, 1, False
78.29483, 2021-07-05T15:20:31.3235080+08:00, 0, 12.67872, 47.31761, 1, 1, 1, False
78.30443, 2021-07-05T15:20:31.3330820+08:00, 0, 12.63924, 47.17029, 1, 1, 1, False
78.31036, 2021-07-05T15:20:31.3389530+08:00, 0, 12.59993, 47.02359, 1, 1, 1, False
78.31536, 2021-07-05T15:20:31.3440340+08:00, 0, 12.53972, 46.79886, 1, 1, 1, False
78.32594, 2021-07-05T15:20:31.3546600+08:00, 0, 12.5025, 46.65997, 1, 1, 1, False
78.33012, 2021-07-05T15:20:31.3587420+08:00, 0, 12.47109, 46.54274, 1, 1, 1, False
78.33585, 2021-07-05T15:20:31.3645190+08:00, 0, 12.40471, 46.29499, 1, 1, 1, False
78.34253, 2021-07-05T15:20:31.3712180+08:00, 0, 12.37843, 46.19691, 1, 1, 1, False
78.35102, 2021-07-05T15:20:31.3796890+08:00, 0, 12.34246, 46.06268, 1, 1, 1, False
78.35828, 2021-07-05T15:20:31.3868960+08:00, 0, 12.30056, 45.90632, 1, 1, 1, False
78.36597, 2021-07-05T15:20:31.3946970+08:00, 0, 12.24725, 45.70736, 1, 1, 1, False
78.37222, 2021-07-05T15:20:31.4009470+08:00, 0, 12.20169, 45.53731, 1, 1, 1, False
78.37903, 2021-07-05T15:20:31.4076730+08:00, 0, 12.15346, 45.35732, 1, 1, 1, False
78.3867, 2021-07-05T15:20:31.4154780+08:00, 0, 12.11423, 45.21093, 1, 1, 1, False
78.39449, 2021-07-05T15:20:31.4231240+08:00, 0, 12.07146, 45.0513, 1, 1, 1, False
78.40086, 2021-07-05T15:20:31.4296430+08:00, 0, 12.02334, 44.87171, 1, 1, 1, False
78.4076, 2021-07-05T15:20:31.4362600+08:00, 0, 11.97447, 44.68933, 1, 1, 1, False
78.41454, 2021-07-05T15:20:31.4431510+08:00, 0, 11.9345, 44.54016, 1, 1, 1, False
78.42564, 2021-07-05T15:20:31.4542760+08:00, 0, 11.89217, 44.38219, 1, 1, 1, False
78.43024, 2021-07-05T15:20:31.4588180+08:00, 0, 11.84859, 44.21952, 1, 1, 1, False
78.43427, 2021-07-05T15:20:31.4629600+08:00, 0, 11.77892, 43.95953, 1, 1, 1, False
78.45232, 2021-07-05T15:20:31.4809880+08:00, 0, 11.75008, 43.85188, 1, 1, 1, False
78.45845, 2021-07-05T15:20:31.4870610+08:00, 0, 11.72481, 43.75759, 1, 1, 1, False
78.46214, 2021-07-05T15:20:31.4907850+08:00, 0, 11.61147, 43.33461, 1, 1, 1, False
78.46619, 2021-07-05T15:20:31.4947970+08:00, 0, 11.57301, 43.19107, 1, 1, 1, False
78.47018, 2021-07-05T15:20:31.4987770+08:00, 0, 11.54985, 43.10461, 1, 1, 1, False
78.47529, 2021-07-05T15:20:31.5039100+08:00, 0, 11.5244, 43.00965, 1, 1, 1, False
78.48243, 2021-07-05T15:20:31.5110720+08:00, 0, 11.49936, 42.91621, 1, 1, 1, False
78.48833, 2021-07-05T15:20:31.5170630+08:00, 0, 11.4673, 42.79654, 1, 1, 1, False
78.49522, 2021-07-05T15:20:31.5238940+08:00, 0, 11.42252, 42.62941, 1, 1, 1, False
78.50203, 2021-07-05T15:20:31.5307400+08:00, 0, 11.38546, 42.4911, 1, 1, 1, False
78.5086, 2021-07-05T15:20:31.5373220+08:00, 0, 11.34224, 42.3298, 1, 1, 1, False
78.51585, 2021-07-05T15:20:31.5444810+08:00, 0, 11.2995, 42.17031, 1, 1, 1, False
78.52259, 2021-07-05T15:20:31.5512450+08:00, 0, 11.25824, 42.01632, 1, 1, 1, False
78.52968, 2021-07-05T15:20:31.5584260+08:00, 0, 11.21277, 41.84664, 1, 1, 1, False
78.53584, 2021-07-05T15:20:31.5645780+08:00, 0, 11.17045, 41.68867, 1, 1, 1, False
78.54268, 2021-07-05T15:20:31.5713960+08:00, 0, 11.12595, 41.52259, 1, 1, 1, False
78.55006, 2021-07-05T15:20:31.5786730+08:00, 0, 11.0873, 41.37838, 1, 1, 1, False
78.55672, 2021-07-05T15:20:31.5853640+08:00, 0, 11.04436, 41.21811, 1, 1, 1, False
78.56295, 2021-07-05T15:20:31.5916930+08:00, 0, 10.998, 41.0451, 1, 1, 1, False
78.57069, 2021-07-05T15:20:31.5993130+08:00, 0, 10.95621, 40.88913, 1, 1, 1, False
78.5782, 2021-07-05T15:20:31.6068250+08:00, 0, 10.9171, 40.74319, 1, 1, 1, False
78.58362, 2021-07-05T15:20:31.6124030+08:00, 0, 10.86852, 40.56186, 1, 1, 1, False
78.59421, 2021-07-05T15:20:31.6228150+08:00, 0, 10.8214, 40.38602, 1, 1, 1, False
78.59801, 2021-07-05T15:20:31.6266180+08:00, 0, 10.78739, 40.2591, 1, 1, 1, False
78.60356, 2021-07-05T15:20:31.6322530+08:00, 0, 10.72092, 40.011, 1, 1, 1, False
78.61952, 2021-07-05T15:20:31.6481490+08:00, 0, 10.69708, 39.92204, 1, 1, 1, False
78.62665, 2021-07-05T15:20:31.6554370+08:00, 0, 10.66222, 39.79193, 1, 1, 1, False
78.63023, 2021-07-05T15:20:31.6588340+08:00, 0, 10.56206, 39.41813, 1, 1, 1, False
78.63418, 2021-07-05T15:20:31.6628040+08:00, 0, 10.51735, 39.25127, 1, 1, 1, False
78.63976, 2021-07-05T15:20:31.6683700+08:00, 0, 10.49487, 39.1674, 1, 1, 1, False
78.64655, 2021-07-05T15:20:31.6751950+08:00, 0, 10.47008, 39.07485, 1, 1, 1, False
78.65305, 2021-07-05T15:20:31.6817020+08:00, 0, 10.43501, 38.94397, 1, 1, 1, False
78.65919, 2021-07-05T15:20:31.6878740+08:00, 0, 10.3924, 38.78495, 1, 1, 1, False
78.66691, 2021-07-05T15:20:31.6956700+08:00, 0, 10.35163, 38.63282, 1, 1, 1, False
78.67427, 2021-07-05T15:20:31.7028910+08:00, 0, 10.31308, 38.48894, 1, 1, 1, False
78.68054, 2021-07-05T15:20:31.7093860+08:00, 0, 10.26464, 38.30816, 1, 1, 1, False
78.68829, 2021-07-05T15:20:31.7170200+08:00, 0, 10.21843, 38.1357, 1, 1, 1, False
78.69591, 2021-07-05T15:20:31.7245590+08:00, 0, 10.17905, 37.98874, 1, 1, 1, False
78.70214, 2021-07-05T15:20:31.7309580+08:00, 0, 10.13042, 37.80723, 1, 1, 1, False
78.70944, 2021-07-05T15:20:31.7380860+08:00, 0, 10.08261, 37.62881, 1, 1, 1, False
78.71547, 2021-07-05T15:20:31.7441680+08:00, 0, 10.0435, 37.48286, 1, 1, 1, False
78.72247, 2021-07-05T15:20:31.7512860+08:00, 0, 9.997663, 37.31179, 1, 1, 1, False
78.72929, 2021-07-05T15:20:31.7579500+08:00, 0, 9.959861, 37.1707, 1, 1, 1, False
78.73614, 2021-07-05T15:20:31.7648350+08:00, 0, 9.915891, 37.0066, 1, 1, 1, False
78.76603, 2021-07-05T15:20:31.7947420+08:00, 0, 9.873087, 36.84686, 1, 1, 1, False
78.77007, 2021-07-05T15:20:31.7986730+08:00, 0, 9.830131, 36.68654, 1, 1, 1, False
78.77431, 2021-07-05T15:20:31.8029170+08:00, 0, 9.642545, 35.98646, 1, 1, 1, False
78.77801, 2021-07-05T15:20:31.8065970+08:00, 0, 9.61718, 35.8918, 1, 1, 1, False
78.78197, 2021-07-05T15:20:31.8105990+08:00, 0, 9.590549, 35.79241, 1, 1, 1, False
78.78616, 2021-07-05T15:20:31.8147690+08:00, 0, 9.567337, 35.70578, 1, 1, 1, False
78.79, 2021-07-05T15:20:31.8185940+08:00, 0, 9.54242, 35.61279, 1, 1, 1, False
78.79475, 2021-07-05T15:20:31.8234030+08:00, 0, 9.516148, 35.51474, 1, 1, 1, False
78.80178, 2021-07-05T15:20:31.8304490+08:00, 0, 9.492048, 35.4248, 1, 1, 1, False
78.80814, 2021-07-05T15:20:31.8368240+08:00, 0, 9.462275, 35.31369, 1, 1, 1, False
78.81516, 2021-07-05T15:20:31.8438480+08:00, 0, 9.418153, 35.14902, 1, 1, 1, False
78.82495, 2021-07-05T15:20:31.8536230+08:00, 0, 9.378228, 35.00002, 1, 1, 1, False
78.83029, 2021-07-05T15:20:31.8588920+08:00, 0, 9.334184, 34.83564, 1, 1, 1, False
78.83598, 2021-07-05T15:20:31.8652720+08:00, 0, 9.272695, 34.60617, 1, 1, 1, False
78.84225, 2021-07-05T15:20:31.8708690+08:00, 0, 9.239182, 34.48109, 1, 1, 1, False
78.85104, 2021-07-05T15:20:31.8796570+08:00, 0, 9.203451, 34.34774, 1, 1, 1, False
78.85564, 2021-07-05T15:20:31.8843030+08:00, 0, 9.164088, 34.20084, 1, 1, 1, False
78.86232, 2021-07-05T15:20:31.8911390+08:00, 0, 9.108935, 33.99501, 1, 1, 1, False
78.86943, 2021-07-05T15:20:31.8981740+08:00, 0, 9.080123, 33.88748, 1, 1, 1, False
78.87636, 2021-07-05T15:20:31.9050510+08:00, 0, 9.038189, 33.73098, 1, 1, 1, False
78.88333, 2021-07-05T15:20:31.9120680+08:00, 0, 8.993549, 33.56438, 1, 1, 1, False
78.89079, 2021-07-05T15:20:31.9194210+08:00, 0, 8.950079, 33.40215, 1, 1, 1, False
78.897, 2021-07-05T15:20:31.9257270+08:00, 0, 8.906269, 33.23865, 1, 1, 1, False
78.9038, 2021-07-05T15:20:31.9324750+08:00, 0, 8.859453, 33.06392, 1, 1, 1, False
78.91119, 2021-07-05T15:20:31.9398430+08:00, 0, 8.820471, 32.91844, 1, 1, 1, False
78.91737, 2021-07-05T15:20:31.9461050+08:00, 0, 8.777827, 32.75929, 1, 1, 1, False
78.9242, 2021-07-05T15:20:31.9529400+08:00, 0, 8.731448, 32.5862, 1, 1, 1, False
78.93174, 2021-07-05T15:20:31.9603800+08:00, 0, 8.692655, 32.44143, 1, 1, 1, False
78.93842, 2021-07-05T15:20:31.9670270+08:00, 0, 8.649751, 32.28131, 1, 1, 1, False
78.94549, 2021-07-05T15:20:31.9741520+08:00, 0, 8.602472, 32.10486, 1, 1, 1, False
78.95162, 2021-07-05T15:20:31.9803430+08:00, 0, 8.560553, 31.94841, 1, 1, 1, False
78.95876, 2021-07-05T15:20:31.9873680+08:00, 0, 8.516171, 31.78278, 1, 1, 1, False
78.96585, 2021-07-05T15:20:31.9945150+08:00, 0, 8.477676, 31.63911, 1, 1, 1, False
78.97217, 2021-07-05T15:20:32.0009780+08:00, 0, 8.432925, 31.4721, 1, 1, 1, False
78.97911, 2021-07-05T15:20:32.0077930+08:00, 0, 8.388364, 31.3058, 1, 1, 1, False
78.98597, 2021-07-05T15:20:32.0146520+08:00, 0, 8.348721, 31.15785, 1, 1, 1, False
78.99367, 2021-07-05T15:20:32.0223230+08:00, 0, 8.305156, 30.99526, 1, 1, 1, False
79.00011, 2021-07-05T15:20:32.0289200+08:00, 0, 8.262112, 30.83462, 1, 1, 1, False
79.00716, 2021-07-05T15:20:32.0357790+08:00, 0, 8.213769, 30.6542, 1, 1, 1, False
79.01343, 2021-07-05T15:20:32.0421070+08:00, 0, 8.17334, 30.50331, 1, 1, 1, False
79.02163, 2021-07-05T15:20:32.0504170+08:00, 0, 8.129128, 30.33832, 1, 1, 1, False
79.02784, 2021-07-05T15:20:32.0564790+08:00, 0, 8.089762, 30.1914, 1, 1, 1, False
79.03446, 2021-07-05T15:20:32.0631170+08:00, 0, 8.038288, 29.9993, 1, 1, 1, False
79.04088, 2021-07-05T15:20:32.0695640+08:00, 0, 7.999311, 29.85383, 1, 1, 1, False
79.05112, 2021-07-05T15:20:32.0797450+08:00, 0, 7.957755, 29.69874, 1, 1, 1, False
79.05453, 2021-07-05T15:20:32.0832740+08:00, 0, 7.917464, 29.54837, 1, 1, 1, False
79.06133, 2021-07-05T15:20:32.0900110+08:00, 0, 7.853218, 29.3086, 1, 1, 1, False
79.06815, 2021-07-05T15:20:32.0968020+08:00, 0, 7.831758, 29.22852, 1, 1, 1, False
79.07585, 2021-07-05T15:20:32.1044900+08:00, 0, 7.789125, 29.06941, 1, 1, 1, False
79.0826, 2021-07-05T15:20:32.1112360+08:00, 0, 7.746303, 28.90959, 1, 1, 1, False
79.08949, 2021-07-05T15:20:32.1181600+08:00, 0, 7.69799, 28.72929, 1, 1, 1, False
79.09587, 2021-07-05T15:20:32.1245430+08:00, 0, 7.655622, 28.57117, 1, 1, 1, False
79.10276, 2021-07-05T15:20:32.1315050+08:00, 0, 7.612345, 28.40966, 1, 1, 1, False
79.11037, 2021-07-05T15:20:32.1390060+08:00, 0, 7.572326, 28.2603, 1, 1, 1, False
79.11657, 2021-07-05T15:20:32.1452770+08:00, 0, 7.529098, 28.09897, 1, 1, 1, False
79.12381, 2021-07-05T15:20:32.1524680+08:00, 0, 7.481304, 27.9206, 1, 1, 1, False
79.13046, 2021-07-05T15:20:32.1621550+08:00, 0, 7.442397, 27.7754, 1, 1, 1, False
79.13861, 2021-07-05T15:20:32.1696530+08:00, 0, 7.396958, 27.60582, 1, 1, 1, False
79.14629, 2021-07-05T15:20:32.1749100+08:00, 0, 7.355203, 27.44999, 1, 1, 1, False
79.1507, 2021-07-05T15:20:32.1794130+08:00, 0, 7.304064, 27.25913, 1, 1, 1, False
79.15766, 2021-07-05T15:20:32.1862980+08:00, 0, 7.255895, 27.07936, 1, 1, 1, False
79.16431, 2021-07-05T15:20:32.1930360+08:00, 0, 7.228179, 26.97593, 1, 1, 1, False
79.17159, 2021-07-05T15:20:32.2002190+08:00, 0, 7.184505, 26.81293, 1, 1, 1, False
79.17864, 2021-07-05T15:20:32.2072730+08:00, 0, 7.142777, 26.65721, 1, 1, 1, False
79.18485, 2021-07-05T15:20:32.2136780+08:00, 0, 7.097081, 26.48666, 1, 1, 1, False
79.19186, 2021-07-05T15:20:32.2205740+08:00, 0, 7.052811, 26.32145, 1, 1, 1, False
79.19874, 2021-07-05T15:20:32.2273560+08:00, 0, 7.013814, 26.17591, 1, 1, 1, False
79.20551, 2021-07-05T15:20:32.2342840+08:00, 0, 6.969884, 26.01196, 1, 1, 1, False
79.21311, 2021-07-05T15:20:32.2417560+08:00, 0, 6.926689, 25.85075, 1, 1, 1, False
79.21975, 2021-07-05T15:20:32.2492820+08:00, 0, 6.884161, 25.69204, 1, 1, 1, False
79.2265, 2021-07-05T15:20:32.2551510+08:00, 0, 6.836454, 25.51399, 1, 1, 1, False
79.2333, 2021-07-05T15:20:32.2619310+08:00, 0, 6.794806, 25.35856, 1, 1, 1, False
79.23959, 2021-07-05T15:20:32.2683400+08:00, 0, 6.752427, 25.2004, 1, 1, 1, False
79.24645, 2021-07-05T15:20:32.2752560+08:00, 0, 6.709767, 25.04119, 1, 1, 1, False
79.25346, 2021-07-05T15:20:32.2821960+08:00, 0, 6.670263, 24.89376, 1, 1, 1, False
79.26119, 2021-07-05T15:20:32.2898690+08:00, 0, 6.627237, 24.73318, 1, 1, 1, False
79.26728, 2021-07-05T15:20:32.2960130+08:00, 0, 6.583199, 24.56883, 1, 1, 1, False
79.27468, 2021-07-05T15:20:32.3033790+08:00, 0, 6.534707, 24.38786, 1, 1, 1, False
79.28116, 2021-07-05T15:20:32.3098330+08:00, 0, 6.496469, 24.24515, 1, 1, 1, False
79.28838, 2021-07-05T15:20:32.3170330+08:00, 0, 6.450034, 24.07185, 1, 1, 1, False
79.29475, 2021-07-05T15:20:32.3234890+08:00, 0, 6.409362, 23.92006, 1, 1, 1, False
79.30177, 2021-07-05T15:20:32.3305490+08:00, 0, 6.364078, 23.75106, 1, 1, 1, False
79.30906, 2021-07-05T15:20:32.3377040+08:00, 0, 6.324087, 23.60181, 1, 1, 1, False
79.31539, 2021-07-05T15:20:32.3440750+08:00, 0, 6.280072, 23.43754, 1, 1, 1, False
79.32226, 2021-07-05T15:20:32.3509920+08:00, 0, 6.234266, 23.26659, 1, 1, 1, False
79.32993, 2021-07-05T15:20:32.3586330+08:00, 0, 6.194527, 23.11829, 1, 1, 1, False
79.33605, 2021-07-05T15:20:32.3648010+08:00, 0, 6.151439, 22.95748, 1, 1, 1, False
79.34301, 2021-07-05T15:20:32.3717170+08:00, 0, 6.103281, 22.77775, 1, 1, 1, False
79.34995, 2021-07-05T15:20:32.3786190+08:00, 0, 6.064866, 22.63438, 1, 1, 1, False
79.35677, 2021-07-05T15:20:32.3854260+08:00, 0, 6.021203, 22.47143, 1, 1, 1, False
79.36346, 2021-07-05T15:20:32.3921700+08:00, 0, 5.977637, 22.30884, 1, 1, 1, False
79.3728, 2021-07-05T15:20:32.4014230+08:00, 0, 5.934836, 22.14911, 1, 1, 1, False
79.37805, 2021-07-05T15:20:32.4066640+08:00, 0, 5.892816, 21.99229, 1, 1, 1, False
79.38375, 2021-07-05T15:20:32.4124390+08:00, 0, 5.834213, 21.77358, 1, 1, 1, False
79.39065, 2021-07-05T15:20:32.4192960+08:00, 0, 5.801259, 21.65059, 1, 1, 1, False
79.4091, 2021-07-05T15:20:32.4377720+08:00, 0, 5.765462, 21.51699, 1, 1, 1, False
79.41422, 2021-07-05T15:20:32.4428350+08:00, 0, 5.722186, 21.35549, 1, 1, 1, False
79.41834, 2021-07-05T15:20:32.4469700+08:00, 0, 5.606339, 20.92314, 1, 1, 1, False
79.43507, 2021-07-05T15:20:32.4637760+08:00, 0, 5.574217, 20.80326, 1, 1, 1, False
79.44275, 2021-07-05T15:20:32.4714040+08:00, 0, 5.548357, 20.70675, 1, 1, 1, False
79.45057, 2021-07-05T15:20:32.4792250+08:00, 0, 5.443348, 20.31485, 1, 1, 1, False
79.45847, 2021-07-05T15:20:32.4871430+08:00, 0, 5.395199, 20.13515, 1, 1, 1, False
79.4668, 2021-07-05T15:20:32.4954890+08:00, 0, 5.346124, 19.952, 1, 1, 1, False
79.4743, 2021-07-05T15:20:32.5029540+08:00, 0, 5.296535, 19.76694, 1, 1, 1, False
79.47829, 2021-07-05T15:20:32.5068900+08:00, 0, 5.244216, 19.57168, 1, 1, 1, False
79.48222, 2021-07-05T15:20:32.5108560+08:00, 0, 5.197137, 19.39598, 1, 1, 1, False
79.48618, 2021-07-05T15:20:32.5148080+08:00, 0, 5.172156, 19.30275, 1, 1, 1, False
79.49017, 2021-07-05T15:20:32.5187810+08:00, 0, 5.14747, 19.21062, 1, 1, 1, False
79.49407, 2021-07-05T15:20:32.5227100+08:00, 0, 5.122559, 19.11765, 1, 1, 1, False
79.49806, 2021-07-05T15:20:32.5266610+08:00, 0, 5.097574, 19.0244, 1, 1, 1, False
79.50331, 2021-07-05T15:20:32.5320280+08:00, 0, 5.073064, 18.93293, 1, 1, 1, False
79.51012, 2021-07-05T15:20:32.5387640+08:00, 0, 5.048041, 18.83954, 1, 1, 1, False
79.51696, 2021-07-05T15:20:32.5456140+08:00, 0, 5.01509, 18.71657, 1, 1, 1, False
79.5235, 2021-07-05T15:20:32.5521930+08:00, 0, 4.972381, 18.55718, 1, 1, 1, False
79.53088, 2021-07-05T15:20:32.5595600+08:00, 0, 4.929404, 18.39679, 1, 1, 1, False
79.53831, 2021-07-05T15:20:32.5669350+08:00, 0, 4.88837, 18.24364, 1, 1, 1, False
79.54375, 2021-07-05T15:20:32.5724710+08:00, 0, 4.842061, 18.07081, 1, 1, 1, False
79.55086, 2021-07-05T15:20:32.5795110+08:00, 0, 4.795387, 17.89663, 1, 1, 1, False
79.55713, 2021-07-05T15:20:32.5858230+08:00, 0, 4.76127, 17.7693, 1, 1, 1, False
79.56406, 2021-07-05T15:20:32.5927580+08:00, 0, 4.716652, 17.60278, 1, 1, 1, False
79.57078, 2021-07-05T15:20:32.5994050+08:00, 0, 4.677275, 17.45583, 1, 1, 1, False
79.57729, 2021-07-05T15:20:32.6059420+08:00, 0, 4.633779, 17.2935, 1, 1, 1, False
79.58411, 2021-07-05T15:20:32.6129110+08:00, 0, 4.591634, 17.13621, 1, 1, 1, False
79.59138, 2021-07-05T15:20:32.6200640+08:00, 0, 4.550719, 16.98351, 1, 1, 1, False
79.59857, 2021-07-05T15:20:32.6271990+08:00, 0, 4.507954, 16.82391, 1, 1, 1, False
79.60438, 2021-07-05T15:20:32.6331200+08:00, 0, 4.46235, 16.65372, 1, 1, 1, False
79.61195, 2021-07-05T15:20:32.6406330+08:00, 0, 4.417183, 16.48515, 1, 1, 1, False
79.61881, 2021-07-05T15:20:32.6475120+08:00, 0, 4.380754, 16.34919, 1, 1, 1, False
79.62493, 2021-07-05T15:20:32.6536750+08:00, 0, 4.333187, 16.17167, 1, 1, 1, False
79.63197, 2021-07-05T15:20:32.6606380+08:00, 0, 4.290138, 16.01101, 1, 1, 1, False
79.64281, 2021-07-05T15:20:32.6714660+08:00, 0, 4.251764, 15.8678, 1, 1, 1, False
79.646, 2021-07-05T15:20:32.6745930+08:00, 0, 4.207583, 15.70291, 1, 1, 1, False
79.65166, 2021-07-05T15:20:32.6803330+08:00, 0, 4.139498, 15.44882, 1, 1, 1, False
79.66846, 2021-07-05T15:20:32.6971740+08:00, 0, 4.119553, 15.37438, 1, 1, 1, False
79.67439, 2021-07-05T15:20:32.7030200+08:00, 0, 4.084027, 15.24179, 1, 1, 1, False
79.67804, 2021-07-05T15:20:32.7066630+08:00, 0, 3.978573, 14.84823, 1, 1, 1, False
79.68218, 2021-07-05T15:20:32.7108190+08:00, 0, 3.941294, 14.70911, 1, 1, 1, False
79.6862, 2021-07-05T15:20:32.7148100+08:00, 0, 3.918397, 14.62365, 1, 1, 1, False
79.69229, 2021-07-05T15:20:32.7209840+08:00, 0, 3.892399, 14.52663, 1, 1, 1, False
79.699, 2021-07-05T15:20:32.7276410+08:00, 0, 3.867213, 14.43263, 1, 1, 1, False
79.7065, 2021-07-05T15:20:32.7351740+08:00, 0, 3.828966, 14.28989, 1, 1, 1, False
79.71239, 2021-07-05T15:20:32.7410240+08:00, 0, 3.786895, 14.13288, 1, 1, 1, False
79.71949, 2021-07-05T15:20:32.7481530+08:00, 0, 3.739802, 13.95713, 1, 1, 1, False
79.72651, 2021-07-05T15:20:32.7551980+08:00, 0, 3.702854, 13.81924, 1, 1, 1, False
79.73258, 2021-07-05T15:20:32.7612800+08:00, 0, 3.658269, 13.65284, 1, 1, 1, False
79.73972, 2021-07-05T15:20:32.7683850+08:00, 0, 3.614225, 13.48847, 1, 1, 1, False
79.7466, 2021-07-05T15:20:32.7752770+08:00, 0, 3.576069, 13.34607, 1, 1, 1, False
79.75278, 2021-07-05T15:20:32.7814880+08:00, 0, 3.53127, 13.17888, 1, 1, 1, False
79.76015, 2021-07-05T15:20:32.7888700+08:00, 0, 3.488133, 13.01789, 1, 1, 1, False
79.76679, 2021-07-05T15:20:32.7954450+08:00, 0, 3.449288, 12.87292, 1, 1, 1, False
79.77462, 2021-07-05T15:20:32.8032800+08:00, 0, 3.403015, 12.70022, 1, 1, 1, False
79.78284, 2021-07-05T15:20:32.8115170+08:00, 0, 3.361364, 12.54478, 1, 1, 1, False
79.79065, 2021-07-05T15:20:32.8192930+08:00, 0, 3.312259, 12.36152, 1, 1, 1, False
79.79446, 2021-07-05T15:20:32.8230900+08:00, 0, 3.260677, 12.16901, 1, 1, 1, False
79.8005, 2021-07-05T15:20:32.8291890+08:00, 0, 3.211623, 11.98594, 1, 1, 1, False
79.80772, 2021-07-05T15:20:32.8363880+08:00, 0, 3.187678, 11.89658, 1, 1, 1, False
79.81491, 2021-07-05T15:20:32.8436090+08:00, 0, 3.149806, 11.75523, 1, 1, 1, False
79.82241, 2021-07-05T15:20:32.8510670+08:00, 0, 3.104504, 11.58617, 1, 1, 1, False
79.82704, 2021-07-05T15:20:32.8557120+08:00, 0, 3.059383, 11.41777, 1, 1, 1, False
79.83402, 2021-07-05T15:20:32.8627910+08:00, 0, 3.012286, 11.242, 1, 1, 1, False
79.84074, 2021-07-05T15:20:32.8694750+08:00, 0, 2.983217, 11.13352, 1, 1, 1, False
79.8475, 2021-07-05T15:20:32.8761790+08:00, 0, 2.939416, 10.97005, 1, 1, 1, False
79.85442, 2021-07-05T15:20:32.8830450+08:00, 0, 2.897217, 10.81256, 1, 1, 1, False
79.86081, 2021-07-05T15:20:32.8895610+08:00, 0, 2.854859, 10.65448, 1, 1, 1, False
79.86746, 2021-07-05T15:20:32.8961810+08:00, 0, 2.811375, 10.49219, 1, 1, 1, False
79.87444, 2021-07-05T15:20:32.9031110+08:00, 0, 2.7713, 10.34263, 1, 1, 1, False
79.88113, 2021-07-05T15:20:32.9098320+08:00, 0, 2.729535, 10.18676, 1, 1, 1, False
79.88782, 2021-07-05T15:20:32.9165150+08:00, 0, 2.685732, 10.02329, 1, 1, 1, False
79.89529, 2021-07-05T15:20:32.9239660+08:00, 0, 2.643716, 9.866483, 1, 1, 1, False
79.90249, 2021-07-05T15:20:32.9312120+08:00, 0, 2.601795, 9.710029, 1, 1, 1, False
79.90849, 2021-07-05T15:20:32.9371450+08:00, 0, 2.554892, 9.534984, 1, 1, 1, False
79.91458, 2021-07-05T15:20:32.9432760+08:00, 0, 2.509676, 9.366235, 1, 1, 1, False
79.92159, 2021-07-05T15:20:32.9503490+08:00, 0, 2.47204, 9.225779, 1, 1, 1, False
79.92822, 2021-07-05T15:20:32.9568740+08:00, 0, 2.43381, 9.083102, 1, 1, 1, False
79.93523, 2021-07-05T15:20:32.9639100+08:00, 0, 2.389831, 8.918969, 1, 1, 1, False
79.94645, 2021-07-05T15:20:32.9751260+08:00, 0, 2.348194, 8.763579, 1, 1, 1, False
79.94999, 2021-07-05T15:20:32.9785970+08:00, 0, 2.304208, 8.599421, 1, 1, 1, False
79.95508, 2021-07-05T15:20:32.9837430+08:00, 0, 2.233785, 8.336596, 1, 1, 1, False
79.96964, 2021-07-05T15:20:32.9984030+08:00, 0, 2.21155, 8.253617, 1, 1, 1, False
79.97443, 2021-07-05T15:20:33.0030560+08:00, 0, 2.17961, 8.134416, 1, 1, 1, False
79.97801, 2021-07-05T15:20:33.0066190+08:00, 0, 2.088243, 7.793428, 1, 1, 1, False
79.98251, 2021-07-05T15:20:33.0111950+08:00, 0, 2.058182, 7.681239, 1, 1, 1, False
79.9894, 2021-07-05T15:20:33.0181010+08:00, 0, 2.035677, 7.597249, 1, 1, 1, False
79.99648, 2021-07-05T15:20:33.0251580+08:00, 0, 2.007442, 7.491875, 1, 1, 1, False
80.00276, 2021-07-05T15:20:33.0315530+08:00, 0, 1.964223, 7.330579, 1, 1, 1, False
80.00951, 2021-07-05T15:20:33.0381950+08:00, 0, 1.919757, 7.164628, 1, 1, 1, False
80.01665, 2021-07-05T15:20:33.0452980+08:00, 0, 1.88034, 7.017523, 1, 1, 1, False
80.02271, 2021-07-05T15:20:33.0514560+08:00, 0, 1.837978, 6.859427, 1, 1, 1, False
80.02958, 2021-07-05T15:20:33.0582710+08:00, 0, 1.79317, 6.692201, 1, 1, 1, False
80.03638, 2021-07-05T15:20:33.0650680+08:00, 0, 1.755124, 6.550211, 1, 1, 1, False
80.04314, 2021-07-05T15:20:33.0719050+08:00, 0, 1.712018, 6.389337, 1, 1, 1, False
80.05042, 2021-07-05T15:20:33.0790500+08:00, 0, 1.669351, 6.230102, 1, 1, 1, False
80.05667, 2021-07-05T15:20:33.0883780+08:00, 0, 1.626908, 6.071702, 1, 1, 1, False
80.06637, 2021-07-05T15:20:33.0996730+08:00, 0, 1.581203, 5.90113, 1, 1, 1, False
80.07423, 2021-07-05T15:20:33.1028380+08:00, 0, 1.541971, 5.754714, 1, 1, 1, False
80.07838, 2021-07-05T15:20:33.1069930+08:00, 0, 1.481116, 5.527601, 1, 1, 1, False
80.08408, 2021-07-05T15:20:33.1128340+08:00, 0, 1.431781, 5.343478, 1, 1, 1, False
80.09423, 2021-07-05T15:20:33.1228570+08:00, 0, 1.405712, 5.246188, 1, 1, 1, False
80.09833, 2021-07-05T15:20:33.1269410+08:00, 0, 1.369953, 5.112734, 1, 1, 1, False
80.10507, 2021-07-05T15:20:33.1337270+08:00, 0, 1.306241, 4.874957, 1, 1, 1, False
80.11124, 2021-07-05T15:20:33.1399060+08:00, 0, 1.280549, 4.779072, 1, 1, 1, False
80.11822, 2021-07-05T15:20:33.1469740+08:00, 0, 1.238222, 4.621107, 1, 1, 1, False
80.12556, 2021-07-05T15:20:33.1542270+08:00, 0, 1.199533, 4.476719, 1, 1, 1, False
80.13182, 2021-07-05T15:20:33.1604790+08:00, 0, 1.155702, 4.313139, 1, 1, 1, False
80.13855, 2021-07-05T15:20:33.1672210+08:00, 0, 1.109649, 4.141266, 1, 1, 1, False
80.14608, 2021-07-05T15:20:33.1747950+08:00, 0, 1.070321, 3.994493, 1, 1, 1, False
80.15236, 2021-07-05T15:20:33.1810720+08:00, 0, 1.028075, 3.836828, 1, 1, 1, False
80.15923, 2021-07-05T15:20:33.1879250+08:00, 0, 0.9808477, 3.660573, 1, 1, 1, False
80.1665, 2021-07-05T15:20:33.1951640+08:00, 0, 0.9414003, 3.513354, 1, 1, 1, False
80.1729, 2021-07-05T15:20:33.2015720+08:00, 0, 0.8983272, 3.352602, 1, 1, 1, False
80.1795, 2021-07-05T15:20:33.2081420+08:00, 0, 0.8526615, 3.182176, 1, 1, 1, False
80.18676, 2021-07-05T15:20:33.2154420+08:00, 0, 0.8125011, 3.032295, 1, 1, 1, False
80.19321, 2021-07-05T15:20:33.2219870+08:00, 0, 0.7710754, 2.877692, 1, 1, 1, False
80.2001, 2021-07-05T15:20:33.2289010+08:00, 0, 0.7255085, 2.707634, 1, 1, 1, False
80.20731, 2021-07-05T15:20:33.2359630+08:00, 0, 0.684992, 2.556425, 1, 1, 1, False
80.21443, 2021-07-05T15:20:33.2430800+08:00, 0, 0.6417519, 2.395051, 1, 1, 1, False
80.2205, 2021-07-05T15:20:33.2493140+08:00, 0, 0.5965098, 2.226204, 1, 1, 1, False
80.22801, 2021-07-05T15:20:33.2566660+08:00, 0, 0.5518414, 2.0595, 1, 1, 1, False
80.23476, 2021-07-05T15:20:33.2634220+08:00, 0, 0.5137131, 1.917203, 1, 1, 1, False
80.24278, 2021-07-05T15:20:33.2714900+08:00, 0, 0.4665967, 1.741362, 1, 1, 1, False
80.25048, 2021-07-05T15:20:33.2791540+08:00, 0, 0.4242305, 1.58325, 1, 1, 1, False
80.25844, 2021-07-05T15:20:33.2870760+08:00, 0, 0.3882286, 1.448889, 1, 1, 1, False
80.26252, 2021-07-05T15:20:33.2911940+08:00, 0, 0.3882286, 1.448889, 1, 1, 1, False
80.26923, 2021-07-05T15:20:33.2979600+08:00, 0, 0.3882286, 1.448889, 1, 1, 1, False
80.27722, 2021-07-05T15:20:33.3058800+08:00, 0, 0.3882286, 1.448889, 1, 1, 1, False
80.28383, 2021-07-05T15:20:33.3125520+08:00, 0, 0.3882286, 1.448889, 1, 1, 1, False
80.29426, 2021-07-05T15:20:33.3228960+08:00, 0, 0.3882286, 1.448889, 1, 1, 1, False
80.29831, 2021-07-05T15:20:33.3269310+08:00, 0, 0.3882286, 1.448889, 1, 1, 1, False
80.3049, 2021-07-05T15:20:33.3336730+08:00, 0, 0.3882286, 1.448889, 1, 1, 1, False
80.31201, 2021-07-05T15:20:33.3406750+08:00, 0, 0.3882286, 1.448889, 1, 1, 1, False
80.31917, 2021-07-05T15:20:33.3478740+08:00, 0, 0.3882286, 1.448889, 1, 1, 1, False
80.34961, 2021-07-05T15:20:33.3782990+08:00, 0, 0.3882286, 1.448889, 1, 1, 1, False
80.35421, 2021-07-05T15:20:33.3828140+08:00, 0, 0.3882286, 1.448889, 1, 1, 1, False
80.35821, 2021-07-05T15:20:33.3868590+08:00, 0, 0.3882286, 1.448889, 1, 1, 1, False
80.36211, 2021-07-05T15:20:33.3907650+08:00, 0, 0.3882286, 1.448889, 1, 1, 1, False
80.36614, 2021-07-05T15:20:33.3947460+08:00, 0, 0.3882286, 1.448889, 1, 1, 1, False
80.37055, 2021-07-05T15:20:33.3991630+08:00, 0, 0.3882286, 1.448889, 1, 1, 1, False
80.37398, 2021-07-05T15:20:33.4025800+08:00, 0, 0.3882286, 1.448889, 1, 1, 1, False
80.37906, 2021-07-05T15:20:33.4077230+08:00, 0, 0.3882286, 1.448889, 1, 1, 1, False
80.38685, 2021-07-05T15:20:33.4155300+08:00, 0, 0.3882286, 1.448889, 1, 1, 1, False
80.39355, 2021-07-05T15:20:33.4222590+08:00, 0, 0.3882286, 1.448889, 1, 1, 1, False
80.40057, 2021-07-05T15:20:33.4292960+08:00, 0, 0.3882286, 1.448889, 1, 1, 1, False
80.40783, 2021-07-05T15:20:33.4364730+08:00, 0, 0.3882286, 1.448889, 1, 1, 1, False
80.41521, 2021-07-05T15:20:33.4438620+08:00, 0, 0.3882286, 1.448889, 1, 1, 1, False
80.42244, 2021-07-05T15:20:33.4511450+08:00, 0, 0.3882286, 1.448889, 1, 1, 1, False
80.42944, 2021-07-05T15:20:33.4580940+08:00, 0, 0.3882286, 1.448889, 1, 1, 1, False
80.43615, 2021-07-05T15:20:33.4648270+08:00, 0, 0.3882286, 1.448889, 1, 1, 1, False
80.4432, 2021-07-05T15:20:33.4719310+08:00, 0, 0.3882286, 1.448889, 1, 1, 1, False
80.45055, 2021-07-05T15:20:33.4792070+08:00, 0, 0.3882286, 1.448889, 1, 1, 1, False
80.45714, 2021-07-05T15:20:33.4858700+08:00, 0, 0.3882286, 1.448889, 1, 1, 1, False
80.4642, 2021-07-05T15:20:33.4929220+08:00, 0, 0.3882286, 1.448889, 1, 1, 1, False
80.47535, 2021-07-05T15:20:33.5040530+08:00, 0, 0.3882286, 1.448889, 1, 1, 1, False
80.48248, 2021-07-05T15:20:33.5111410+08:00, 0, 0.3882286, 1.448889, 1, 1, 1, False
80.48647, 2021-07-05T15:20:33.5150940+08:00, 0, 0.3882286, 1.448889, 1, 1, 1, False
80.49314, 2021-07-05T15:20:33.5218360+08:00, 0, 0.3882286, 1.448889, 1, 1, 1, False
80.50116, 2021-07-05T15:20:33.5298400+08:00, 0, 0.3882286, 1.448889, 1, 1, 1, False
80.50751, 2021-07-05T15:20:33.5362030+08:00, 0, 0.3882286, 1.448889, 1, 1, 1, False
80.51472, 2021-07-05T15:20:33.5434510+08:00, 0, 0.3882286, 1.448889, 1, 1, 1, False
80.52193, 2021-07-05T15:20:33.5506440+08:00, 0, 0.3882286, 1.448889, 1, 1, 1, False
80.52892, 2021-07-05T15:20:33.5575910+08:00, 0, 0.3882286, 1.448889, 1, 1, 1, False
80.53605, 2021-07-05T15:20:33.5648330+08:00, 0, 0.3882286, 1.448889, 1, 1, 1, False
80.54393, 2021-07-05T15:20:33.5727030+08:00, 0, 0.3882286, 1.448889, 1, 1, 1, False
80.55048, 2021-07-05T15:20:33.5791960+08:00, 0, 0.3882286, 1.448889, 1, 1, 1, False
80.55805, 2021-07-05T15:20:33.5867090+08:00, 0, 0.3882286, 1.448889, 1, 1, 1, False
80.5653, 2021-07-05T15:20:33.5940160+08:00, 0, 0.3882286, 1.448889, 1, 1, 1, False
80.5719, 2021-07-05T15:20:33.6006420+08:00, 0, 0.3882286, 1.448889, 1, 1, 1, False
80.579, 2021-07-05T15:20:33.6076810+08:00, 0, 0.3882286, 1.448889, 1, 1, 1, False
80.58691, 2021-07-05T15:20:33.6156140+08:00, 0, 0.3882286, 1.448889, 1, 1, 1, False
80.59436, 2021-07-05T15:20:33.6230340+08:00, 0, 0.3882286, 1.448889, 1, 1, 1, False
80.6004, 2021-07-05T15:20:33.6291280+08:00, 0, 0.3882286, 1.448889, 1, 1, 1, False
80.60773, 2021-07-05T15:20:33.6364020+08:00, 0, 0.3882286, 1.448889, 1, 1, 1, False
80.61495, 2021-07-05T15:20:33.6436410+08:00, 0, 0.3882286, 1.448889, 1, 1, 1, False
80.62229, 2021-07-05T15:20:33.6509880+08:00, 0, 0.3882286, 1.448889, 1, 1, 1, False
80.62849, 2021-07-05T15:20:33.6571720+08:00, 0, 0.3882286, 1.448889, 1, 1, 1, False
80.6357, 2021-07-05T15:20:33.6644150+08:00, 0, 0.3882286, 1.448889, 1, 1, 1, False
80.64285, 2021-07-05T15:20:33.6715750+08:00, 0, 0.3882286, 1.448889, 1, 1, 1, False
80.65035, 2021-07-05T15:20:33.6790140+08:00, 0, 0.3882286, 1.448889, 1, 1, 1, False
80.65903, 2021-07-05T15:20:33.6876560+08:00, 0, 0.3882286, 1.448889, 1, 1, 1, False
80.66393, 2021-07-05T15:20:33.6926300+08:00, 0, 0.3882286, 1.448889, 1, 1, 1, False
80.67136, 2021-07-05T15:20:33.7000090+08:00, 0, 0.3882286, 1.448889, 1, 1, 1, False
80.67852, 2021-07-05T15:20:33.7071650+08:00, 0, 0.3882286, 1.448889, 1, 1, 1, False
80.68547, 2021-07-05T15:20:33.7143250+08:00, 0, 0.3882286, 1.448889, 1, 1, 1, False
80.69245, 2021-07-05T15:20:33.7212040+08:00, 0, 0.3882286, 1.448889, 1, 1, 1, False
80.69952, 2021-07-05T15:20:33.7281980+08:00, 0, 0.3882286, 1.448889, 1, 1, 1, False
80.70697, 2021-07-05T15:20:33.7357260+08:00, 0, 0.3882286, 1.448889, 1, 1, 1, False
80.71452, 2021-07-05T15:20:33.7431780+08:00, 0, 0.3882286, 1.448889, 1, 1, 1, False
80.72126, 2021-07-05T15:20:33.7499580+08:00, 0, 0.3882286, 1.448889, 1, 1, 1, False
80.72791, 2021-07-05T15:20:33.7566110+08:00, 0, 0.3882286, 1.448889, 1, 1, 1, False
80.73524, 2021-07-05T15:20:33.7639750+08:00, 0, 0.3882286, 1.448889, 1, 1, 1, False
80.74301, 2021-07-05T15:20:33.7717510+08:00, 0, 0.3882286, 1.448889, 1, 1, 1, False
80.7505, 2021-07-05T15:20:33.7792500+08:00, 0, 0.3882286, 1.448889, 1, 1, 1, False
80.75807, 2021-07-05T15:20:33.7866950+08:00, 0, 0.3882286, 1.448889, 1, 1, 1, False
80.76337, 2021-07-05T15:20:33.7921210+08:00, 0, 0.3882286, 1.448889, 1, 1, 1, False
80.77062, 2021-07-05T15:20:33.7993840+08:00, 0, 0.3882286, 1.448889, 1, 1, 1, False
80.7778, 2021-07-05T15:20:33.8064780+08:00, 0, 0.3882286, 1.448889, 1, 1, 1, False
80.78499, 2021-07-05T15:20:33.8137990+08:00, 0, 0.3882286, 1.448889, 1, 1, 1, False
80.79226, 2021-07-05T15:20:33.8209080+08:00, 0, 0.3882286, 1.448889, 1, 1, 1, False
80.79899, 2021-07-05T15:20:33.8276570+08:00, 0, 0.3882286, 1.448889, 1, 1, 1, False
80.80652, 2021-07-05T15:20:33.8351990+08:00, 0, 0.3882286, 1.448889, 1, 1, 1, False
80.81309, 2021-07-05T15:20:33.8417840+08:00, 0, 0.3882286, 1.448889, 1, 1, 1, False
80.82034, 2021-07-05T15:20:33.8491030+08:00, 0, 0.3882286, 1.448889, 1, 1, 1, False
80.82743, 2021-07-05T15:20:33.8560880+08:00, 0, 0.3882286, 1.448889, 1, 1, 1, False
80.83458, 2021-07-05T15:20:33.8633740+08:00, 0, 0.3882286, 1.448889, 1, 1, 1, False
80.84171, 2021-07-05T15:20:33.8704530+08:00, 0, 0.3882286, 1.448889, 1, 1, 1, False
80.84864, 2021-07-05T15:20:33.8774020+08:00, 0, 0.3882286, 1.448889, 1, 1, 1, False
80.85576, 2021-07-05T15:20:33.8845120+08:00, 0, 0.3882286, 1.448889, 1, 1, 1, False
80.86366, 2021-07-05T15:20:33.8923780+08:00, 0, 0.3882286, 1.448889, 1, 1, 1, False
80.87115, 2021-07-05T15:20:33.8998530+08:00, 0, 0.3882286, 1.448889, 1, 1, 1, False
80.8785, 2021-07-05T15:20:33.9071650+08:00, 0, 0.3882286, 1.448889, 1, 1, 1, False
80.88449, 2021-07-05T15:20:33.9133300+08:00, 0, 0.3882286, 1.448889, 1, 1, 1, False
80.89195, 2021-07-05T15:20:33.9206940+08:00, 0, 0.3882286, 1.448889, 1, 1, 1, False
80.89892, 2021-07-05T15:20:33.9276850+08:00, 0, 0.3882286, 1.448889, 1, 1, 1, False
80.90662, 2021-07-05T15:20:33.9353690+08:00, 0, 0.3882286, 1.448889, 1, 1, 1, False
80.91257, 2021-07-05T15:20:33.9412310+08:00, 0, 0.3882286, 1.448889, 1, 1, 1, False
80.91969, 2021-07-05T15:20:33.9484430+08:00, 0, 0.3882286, 1.448889, 1, 1, 1, False
80.92677, 2021-07-05T15:20:33.9555440+08:00, 0, 0.3882286, 1.448889, 1, 1, 1, False
80.93409, 2021-07-05T15:20:33.9628700+08:00, 0, 0.3882286, 1.448889, 1, 1, 1, False
80.94109, 2021-07-05T15:20:33.9698320+08:00, 0, 0.3882286, 1.448889, 1, 1, 1, False
80.94806, 2021-07-05T15:20:33.9767410+08:00, 0, 0.3882286, 1.448889, 1, 1, 1, False
80.95516, 2021-07-05T15:20:33.9838570+08:00, 0, 0.3882286, 1.448889, 1, 1, 1, False
80.96289, 2021-07-05T15:20:33.9915960+08:00, 0, 0.3882286, 1.448889, 1, 1, 1, False
80.96958, 2021-07-05T15:20:33.9983080+08:00, 0, 0.3882286, 1.448889, 1, 1, 1, False
80.97665, 2021-07-05T15:20:34.0053750+08:00, 0, 0.3882286, 1.448889, 1, 1, 1, False
80.9837, 2021-07-05T15:20:34.0125460+08:00, 0, 0.3882286, 1.448889, 1, 1, 1, False
80.99087, 2021-07-05T15:20:34.0195300+08:00, 0, 0.3882286, 1.448889, 1, 1, 1, False
80.99796, 2021-07-05T15:20:34.0266680+08:00, 0, 0.3882286, 1.448889, 1, 1, 1, False
81.00508, 2021-07-05T15:20:34.0339050+08:00, 0, 0.3882286, 1.448889, 1, 1, 1, False
81.01295, 2021-07-05T15:20:34.0416440+08:00, 0, 0.3882286, 1.448889, 1, 1, 1, False
81.0196, 2021-07-05T15:20:34.0483410+08:00, 0, 0.3882286, 1.448889, 1, 1, 1, False
81.02688, 2021-07-05T15:20:34.0555970+08:00, 0, 0.3882286, 1.448889, 1, 1, 1, False
81.03387, 2021-07-05T15:20:34.0625730+08:00, 0, 0.3882286, 1.448889, 1, 1, 1, False
81.04249, 2021-07-05T15:20:34.0749890+08:00, 0, 0.3882286, 1.448889, 1, 1, 1, False
81.05009, 2021-07-05T15:20:34.0786940+08:00, 0, 0.3882286, 1.448889, 1, 1, 1, False
81.05524, 2021-07-05T15:20:34.0841430+08:00, 0, 0.3882286, 1.448889, 1, 1, 1, False
81.06258, 2021-07-05T15:20:34.0912800+08:00, 0, 0.3882286, 1.448889, 1, 1, 1, False
81.07035, 2021-07-05T15:20:34.0998000+08:00, 0, 0.3882286, 1.448889, 1, 1, 1, False
81.07834, 2021-07-05T15:20:34.1069800+08:00, 0, 0.3882286, 1.448889, 1, 1, 1, False
81.08431, 2021-07-05T15:20:34.1130990+08:00, 0, 0.3882286, 1.448889, 1, 1, 1, False
81.09144, 2021-07-05T15:20:34.1201040+08:00, 0, 0.3882286, 1.448889, 1, 1, 1, False
81.10132, 2021-07-05T15:20:34.1300140+08:00, 0, 0.3882286, 1.448889, 1, 1, 1, False
81.10638, 2021-07-05T15:20:34.1350390+08:00, 0, 0.3882286, 1.448889, 1, 1, 1, False
81.11337, 2021-07-05T15:20:34.1420230+08:00, 0, 0.3882286, 1.448889, 1, 1, 1, False
81.11996, 2021-07-05T15:20:34.1486820+08:00, 0, 0.3882286, 1.448889, 1, 1, 1, False
81.12741, 2021-07-05T15:20:34.1561860+08:00, 0, 0.3882286, 1.448889, 1, 1, 1, False
81.13461, 2021-07-05T15:20:34.1633070+08:00, 0, 0.3882286, 1.448889, 1, 1, 1, False
81.14162, 2021-07-05T15:20:34.1703850+08:00, 0, 0.3882286, 1.448889, 1, 1, 1, False
81.14938, 2021-07-05T15:20:34.1780420+08:00, 0, 0.3882286, 1.448889, 1, 1, 1, False
81.15603, 2021-07-05T15:20:34.1846720+08:00, 0, 0.3882286, 1.448889, 1, 1, 1, False
81.16315, 2021-07-05T15:20:34.1918800+08:00, 0, 0.3882286, 1.448889, 1, 1, 1, False
81.17068, 2021-07-05T15:20:34.1993340+08:00, 0, 0.3882286, 1.448889, 1, 1, 1, False
81.17735, 2021-07-05T15:20:34.2060490+08:00, 0, 0.3882286, 1.448889, 1, 1, 1, False
81.18466, 2021-07-05T15:20:34.2134340+08:00, 0, 0.3882286, 1.448889, 1, 1, 1, False
81.19161, 2021-07-05T15:20:34.2202750+08:00, 0, 0.3882286, 1.448889, 1, 1, 1, False
81.19882, 2021-07-05T15:20:34.2275230+08:00, 0, 0.3882286, 1.448889, 1, 1, 1, False
81.20662, 2021-07-05T15:20:34.2353230+08:00, 0, 0.3882286, 1.448889, 1, 1, 1, False
81.21284, 2021-07-05T15:20:34.2415060+08:00, 0, 0.3882286, 1.448889, 1, 1, 1, False
81.22, 2021-07-05T15:20:34.2487290+08:00, 0, 0.3882286, 1.448889, 1, 1, 1, False
81.22707, 2021-07-05T15:20:34.2557910+08:00, 0, 0.3882286, 1.448889, 1, 1, 1, False
81.23479, 2021-07-05T15:20:34.2634480+08:00, 0, 0.3882286, 1.448889, 1, 1, 1, False
81.24276, 2021-07-05T15:20:34.2714330+08:00, 0, 0.3882286, 1.448889, 1, 1, 1, False
81.26459, 2021-07-05T15:20:34.2932810+08:00, 0, 0.3882286, 1.448889, 1, 1, 1, False
81.27043, 2021-07-05T15:20:34.2990940+08:00, 0, 0.3882286, 1.448889, 1, 1, 1, False
81.27411, 2021-07-05T15:20:34.3027680+08:00, 0, 0.3882286, 1.448889, 1, 1, 1, False
81.27819, 2021-07-05T15:20:34.3067980+08:00, 0, 0.3882286, 1.448889, 1, 1, 1, False
81.28222, 2021-07-05T15:20:34.3108620+08:00, 0, 0.3882286, 1.448889, 1, 1, 1, False
81.28607, 2021-07-05T15:20:34.3146890+08:00, 0, 0.3882286, 1.448889, 1, 1, 1, False
81.29104, 2021-07-05T15:20:34.3197340+08:00, 0, 0.3882286, 1.448889, 1, 1, 1, False
81.29819, 2021-07-05T15:20:34.3268820+08:00, 0, 0.3882286, 1.448889, 1, 1, 1, False
81.30521, 2021-07-05T15:20:34.3339370+08:00, 0, 0.3882286, 1.448889, 1, 1, 1, False
81.31247, 2021-07-05T15:20:34.3411830+08:00, 0, 0.3882286, 1.448889, 1, 1, 1, False
81.32, 2021-07-05T15:20:34.3486560+08:00, 0, 0.3882286, 1.448889, 1, 1, 1, False
81.32682, 2021-07-05T15:20:34.3555150+08:00, 0, 0.3882286, 1.448889, 1, 1, 1, False
81.33376, 2021-07-05T15:20:34.3624890+08:00, 0, 0.3882286, 1.448889, 1, 1, 1, False
81.34086, 2021-07-05T15:20:34.3696080+08:00, 0, 0.3882286, 1.448889, 1, 1, 1, False
81.34783, 2021-07-05T15:20:34.3765100+08:00, 0, 0.3882286, 1.448889, 1, 1, 1, False
81.35509, 2021-07-05T15:20:34.3837630+08:00, 0, 0.3882286, 1.448889, 1, 1, 1, False
81.36173, 2021-07-05T15:20:34.3904920+08:00, 0, 0.3882286, 1.448889, 1, 1, 1, False
81.36896, 2021-07-05T15:20:34.3976650+08:00, 0, 0.3882286, 1.448889, 1, 1, 1, False
81.37592, 2021-07-05T15:20:34.4046060+08:00, 0, 0.3882286, 1.448889, 1, 1, 1, False
81.38317, 2021-07-05T15:20:34.4118830+08:00, 0, 0.3882286, 1.448889, 1, 1, 1, False
81.39066, 2021-07-05T15:20:34.4193040+08:00, 0, 0.3882286, 1.448889, 1, 1, 1, False
81.39799, 2021-07-05T15:20:34.4266870+08:00, 0, 0.3882286, 1.448889, 1, 1, 1, False
81.40405, 2021-07-05T15:20:34.4328220+08:00, 0, 0.3882286, 1.448889, 1, 1, 1, False
81.41132, 2021-07-05T15:20:34.4400080+08:00, 0, 0.3882286, 1.448889, 1, 1, 1, False
81.41916, 2021-07-05T15:20:34.4478920+08:00, 0, 0.3882286, 1.448889, 1, 1, 1, False
81.42661, 2021-07-05T15:20:34.4553280+08:00, 0, 0.3882286, 1.448889, 1, 1, 1, False
81.43272, 2021-07-05T15:20:34.4614050+08:00, 0, 0.3882286, 1.448889, 1, 1, 1, False
81.43982, 2021-07-05T15:20:34.4684900+08:00, 0, 0.3882286, 1.448889, 1, 1, 1, False
81.44741, 2021-07-05T15:20:34.4761620+08:00, 0, 0.3882286, 1.448889, 1, 1, 1, False
81.45443, 2021-07-05T15:20:34.4830820+08:00, 0, 0.3882286, 1.448889, 1, 1, 1, False
81.46164, 2021-07-05T15:20:34.4903580+08:00, 0, 0.3882286, 1.448889, 1, 1, 1, False
81.46826, 2021-07-05T15:20:34.4969870+08:00, 0, 0.3882286, 1.448889, 1, 1, 1, False
81.47832, 2021-07-05T15:20:34.5069520+08:00, 0, 0.3882286, 1.448889, 1, 1, 1, False
81.48267, 2021-07-05T15:20:34.5113540+08:00, 0, 0.3882286, 1.448889, 1, 1, 1, False
81.49014, 2021-07-05T15:20:34.5188070+08:00, 0, 0.3882286, 1.448889, 1, 1, 1, False
81.49678, 2021-07-05T15:20:34.5254380+08:00, 0, 0.3882286, 1.448889, 1, 1, 1, False
81.50403, 2021-07-05T15:20:34.5328630+08:00, 0, 0.3882286, 1.448889, 1, 1, 1, False
81.5119, 2021-07-05T15:20:34.5405910+08:00, 0, 0.3882286, 1.448889, 1, 1, 1, False
81.51916, 2021-07-05T15:20:34.5478110+08:00, 0, 0.3882286, 1.448889, 1, 1, 1, False
81.5268, 2021-07-05T15:20:34.5555200+08:00, 0, 0.3882286, 1.448889, 1, 1, 1, False
81.53442, 2021-07-05T15:20:34.5631120+08:00, 0, 0.3882286, 1.448889, 1, 1, 1, False
81.54272, 2021-07-05T15:20:34.5714190+08:00, 0, 0.3882286, 1.448889, 1, 1, 1, False
81.55042, 2021-07-05T15:20:34.5790860+08:00, 0, 0.3882286, 1.448889, 1, 1, 1, False
81.55454, 2021-07-05T15:20:34.5831910+08:00, 0, 0.3882286, 1.448889, 1, 1, 1, False
81.562, 2021-07-05T15:20:34.5907170+08:00, 0, 0.3882286, 1.448889, 1, 1, 1, False
81.56797, 2021-07-05T15:20:34.5967320+08:00, 0, 0.3882286, 1.448889, 1, 1, 1, False
81.57582, 2021-07-05T15:20:34.6044890+08:00, 0, 0.3882286, 1.448889, 1, 1, 1, False
81.58279, 2021-07-05T15:20:34.6114780+08:00, 0, 0.3882286, 1.448889, 1, 1, 1, False
81.58978, 2021-07-05T15:20:34.6184610+08:00, 0, 0.3882286, 1.448889, 1, 1, 1, False
81.59629, 2021-07-05T15:20:34.6250050+08:00, 0, 0.3882286, 1.448889, 1, 1, 1, False
81.60344, 2021-07-05T15:20:34.6321990+08:00, 0, 0.3882286, 1.448889, 1, 1, 1, False
81.61077, 2021-07-05T15:20:34.6394370+08:00, 0, 0.3882286, 1.448889, 1, 1, 1, False
81.61774, 2021-07-05T15:20:34.6465220+08:00, 0, 0.3882286, 1.448889, 1, 1, 1, False
81.62479, 2021-07-05T15:20:34.6535210+08:00, 0, 0.3882286, 1.448889, 1, 1, 1, False
81.63186, 2021-07-05T15:20:34.6605510+08:00, 0, 0.3882286, 1.448889, 1, 1, 1, False
81.63895, 2021-07-05T15:20:34.6676720+08:00, 0, 0.3882286, 1.448889, 1, 1, 1, False
81.64674, 2021-07-05T15:20:34.6754400+08:00, 0, 0.3882286, 1.448889, 1, 1, 1, False
81.65424, 2021-07-05T15:20:34.6828840+08:00, 0, 0.3882286, 1.448889, 1, 1, 1, False
81.65961, 2021-07-05T15:20:34.6882940+08:00, 0, 0.3882286, 1.448889, 1, 1, 1, False
81.66668, 2021-07-05T15:20:34.6954000+08:00, 0, 0.3882286, 1.448889, 1, 1, 1, False
81.67419, 2021-07-05T15:20:34.7028370+08:00, 0, 0.3882286, 1.448889, 1, 1, 1, False
81.68011, 2021-07-05T15:20:34.7088280+08:00, 0, 0.3882286, 1.448889, 1, 1, 1, False
81.68689, 2021-07-05T15:20:34.7156630+08:00, 0, 0.3882286, 1.448889, 1, 1, 1, False
81.69445, 2021-07-05T15:20:34.7231320+08:00, 0, 0.3882286, 1.448889, 1, 1, 1, False
81.7006, 2021-07-05T15:20:34.7293950+08:00, 0, 0.3882286, 1.448889, 1, 1, 1, False
81.70743, 2021-07-05T15:20:34.7361160+08:00, 0, 0.3882286, 1.448889, 1, 1, 1, False
81.71482, 2021-07-05T15:20:34.7434840+08:00, 0, 0.3882286, 1.448889, 1, 1, 1, False
81.72108, 2021-07-05T15:20:34.7498620+08:00, 0, 0.3882286, 1.448889, 1, 1, 1, False
81.72788, 2021-07-05T15:20:34.7565410+08:00, 0, 0.3882286, 1.448889, 1, 1, 1, False
81.73508, 2021-07-05T15:20:34.7638350+08:00, 0, 0.3882286, 1.448889, 1, 1, 1, False
81.74234, 2021-07-05T15:20:34.7710510+08:00, 0, 0.3882286, 1.448889, 1, 1, 1, False
81.74844, 2021-07-05T15:20:34.7771440+08:00, 0, 0.3882286, 1.448889, 1, 1, 1, False
81.7551, 2021-07-05T15:20:34.7838170+08:00, 0, 0.3882286, 1.448889, 1, 1, 1, False
81.76254, 2021-07-05T15:20:34.7912640+08:00, 0, 0.3882286, 1.448889, 1, 1, 1, False
81.76859, 2021-07-05T15:20:34.7973270+08:00, 0, 0.3882286, 1.448889, 1, 1, 1, False
81.77621, 2021-07-05T15:20:34.8049040+08:00, 0, 0.3882286, 1.448889, 1, 1, 1, False
81.78276, 2021-07-05T15:20:34.8114670+08:00, 0, 0.3882286, 1.448889, 1, 1, 1, False
81.78976, 2021-07-05T15:20:34.8184310+08:00, 0, 0.3882286, 1.448889, 1, 1, 1, False
81.7958, 2021-07-05T15:20:34.8244920+08:00, 0, 0.3882286, 1.448889, 1, 1, 1, False
81.80276, 2021-07-05T15:20:34.8314970+08:00, 0, 0.3882286, 1.448889, 1, 1, 1, False
81.80949, 2021-07-05T15:20:34.8381800+08:00, 0, 0.3882286, 1.448889, 1, 1, 1, False
81.8164, 2021-07-05T15:20:34.8451140+08:00, 0, 0.3882286, 1.448889, 1, 1, 1, False
81.82317, 2021-07-05T15:20:34.8518890+08:00, 0, 0.3882286, 1.448889, 1, 1, 1, False
81.83047, 2021-07-05T15:20:34.8591410+08:00, 0, 0.3882286, 1.448889, 1, 1, 1, False
81.83657, 2021-07-05T15:20:34.8653540+08:00, 0, 0.3882286, 1.448889, 1, 1, 1, False
81.84412, 2021-07-05T15:20:34.8728490+08:00, 0, 0.3882286, 1.448889, 1, 1, 1, False
81.85053, 2021-07-05T15:20:34.8792380+08:00, 0, 0.3882286, 1.448889, 1, 1, 1, False
81.85847, 2021-07-05T15:20:34.8871260+08:00, 0, 0.3882286, 1.448889, 1, 1, 1, False
81.86371, 2021-07-05T15:20:34.8924510+08:00, 0, 0.3882286, 1.448889, 1, 1, 1, False
81.87128, 2021-07-05T15:20:34.8999140+08:00, 0, 0.3882286, 1.448889, 1, 1, 1, False
81.8783, 2021-07-05T15:20:34.9069880+08:00, 0, 0.3882286, 1.448889, 1, 1, 1, False
81.88448, 2021-07-05T15:20:34.9131960+08:00, 0, 0.3882286, 1.448889, 1, 1, 1, False
81.89417, 2021-07-05T15:20:34.9228240+08:00, 0, 0.3882286, 1.448889, 1, 1, 1, False
81.89837, 2021-07-05T15:20:34.9270170+08:00, 0, 0.3882286, 1.448889, 1, 1, 1, False
81.90498, 2021-07-05T15:20:34.9337280+08:00, 0, 0.3882286, 1.448889, 1, 1, 1, False
81.91168, 2021-07-05T15:20:34.9403700+08:00, 0, 0.3882286, 1.448889, 1, 1, 1, False
81.91903, 2021-07-05T15:20:34.9476970+08:00, 0, 0.3882286, 1.448889, 1, 1, 1, False
81.92552, 2021-07-05T15:20:34.9542860+08:00, 0, 0.3882286, 1.448889, 1, 1, 1, False
81.93221, 2021-07-05T15:20:34.9608970+08:00, 0, 0.3882286, 1.448889, 1, 1, 1, False
81.93993, 2021-07-05T15:20:34.9686370+08:00, 0, 0.3882286, 1.448889, 1, 1, 1, False
81.94685, 2021-07-05T15:20:34.9756400+08:00, 0, 0.3882286, 1.448889, 1, 1, 1, False
81.95421, 2021-07-05T15:20:34.9828520+08:00, 0, 0.3882286, 1.448889, 1, 1, 1, False
81.95936, 2021-07-05T15:20:34.9880180+08:00, 0, 0.3882286, 1.448889, 1, 1, 1, False
81.9668, 2021-07-05T15:20:34.9955330+08:00, 0, 0.3882286, 1.448889, 1, 1, 1, False
81.97347, 2021-07-05T15:20:35.0021530+08:00, 0, 0.3882286, 1.448889, 1, 1, 1, False
81.97972, 2021-07-05T15:20:35.0084060+08:00, 0, 0.3882286, 1.448889, 1, 1, 1, False
81.98653, 2021-07-05T15:20:35.0153240+08:00, 0, 0.3882286, 1.448889, 1, 1, 1, False
81.99425, 2021-07-05T15:20:35.0229240+08:00, 0, 0.3882286, 1.448889, 1, 1, 1, False
82.0006, 2021-07-05T15:20:35.0293080+08:00, 0, 0.3882286, 1.448889, 1, 1, 1, False
82.00759, 2021-07-05T15:20:35.0362750+08:00, 0, 0.3882286, 1.448889, 1, 1, 1, False
82.0146, 2021-07-05T15:20:35.0433090+08:00, 0, 0.3882286, 1.448889, 1, 1, 1, False
82.02226, 2021-07-05T15:20:35.0539520+08:00, 0, 0.3882286, 1.448889, 1, 1, 1, False
82.03023, 2021-07-05T15:20:35.0588470+08:00, 0, 0.3882286, 1.448889, 1, 1, 1, False
82.035, 2021-07-05T15:20:35.0637010+08:00, 0, 0.3882286, 1.448889, 1, 1, 1, False
82.04166, 2021-07-05T15:20:35.0703700+08:00, 0, 0.3882286, 1.448889, 1, 1, 1, False
82.04877, 2021-07-05T15:20:35.0774710+08:00, 0, 0.3882286, 1.448889, 1, 1, 1, False
82.05548, 2021-07-05T15:20:35.0841880+08:00, 0, 0.3882286, 1.448889, 1, 1, 1, False
82.06256, 2021-07-05T15:20:35.0913630+08:00, 0, 0.3882286, 1.448889, 1, 1, 1, False
82.06892, 2021-07-05T15:20:35.0976460+08:00, 0, 0.3882286, 1.448889, 1, 1, 1, False
82.07656, 2021-07-05T15:20:35.1052950+08:00, 0, 0.3882286, 1.448889, 1, 1, 1, False
82.08298, 2021-07-05T15:20:35.1117400+08:00, 0, 0.3882286, 1.448889, 1, 1, 1, False
82.0903, 2021-07-05T15:20:35.1189740+08:00, 0, 0.3882286, 1.448889, 1, 1, 1, False
82.09631, 2021-07-05T15:20:35.1250030+08:00, 0, 0.3882286, 1.448889, 1, 1, 1, False
82.10309, 2021-07-05T15:20:35.1318550+08:00, 0, 0.3882286, 1.448889, 1, 1, 1, False
82.11044, 2021-07-05T15:20:35.1391940+08:00, 0, 0.3882286, 1.448889, 1, 1, 1, False
82.11703, 2021-07-05T15:20:35.1457090+08:00, 0, 0.3882286, 1.448889, 1, 1, 1, False
82.1236, 2021-07-05T15:20:35.1523610+08:00, 0, 0.3882286, 1.448889, 1, 1, 1, False
82.15343, 2021-07-05T15:20:35.1821280+08:00, 0, 0.3882286, 1.448889, 1, 1, 1, False
82.15826, 2021-07-05T15:20:35.1868910+08:00, 0, 0.3882286, 1.448889, 1, 1, 1, False
82.16213, 2021-07-05T15:20:35.1907940+08:00, 0, 0.3882286, 1.448889, 1, 1, 1, False
82.16623, 2021-07-05T15:20:35.1948550+08:00, 0, 0.3882286, 1.448889, 1, 1, 1, False
82.17059, 2021-07-05T15:20:35.1992010+08:00, 0, 0.3882286, 1.448889, 1, 1, 1, False
82.17406, 2021-07-05T15:20:35.2026820+08:00, 0, 0.3882286, 1.448889, 1, 1, 1, False
82.17809, 2021-07-05T15:20:35.2067330+08:00, 0, 0.3882286, 1.448889, 1, 1, 1, False
82.18213, 2021-07-05T15:20:35.2108000+08:00, 0, 0.3882286, 1.448889, 1, 1, 1, False
82.1884, 2021-07-05T15:20:35.2171090+08:00, 0, 0.3882286, 1.448889, 1, 1, 1, False
82.19547, 2021-07-05T15:20:35.2241230+08:00, 0, 0.3882286, 1.448889, 1, 1, 1, False
82.20265, 2021-07-05T15:20:35.2313450+08:00, 0, 0.3882286, 1.448889, 1, 1, 1, False
82.20927, 2021-07-05T15:20:35.2379750+08:00, 0, 0.3882286, 1.448889, 1, 1, 1, False
82.2157, 2021-07-05T15:20:35.2443880+08:00, 0, 0.3882286, 1.448889, 1, 1, 1, False
82.22234, 2021-07-05T15:20:35.2510680+08:00, 0, 0.3882286, 1.448889, 1, 1, 1, False
82.22886, 2021-07-05T15:20:35.2575660+08:00, 0, 0.3882286, 1.448889, 1, 1, 1, False
82.23584, 2021-07-05T15:20:35.2645870+08:00, 0, 0.3882286, 1.448889, 1, 1, 1, False
82.24268, 2021-07-05T15:20:35.2714420+08:00, 0, 0.3882286, 1.448889, 1, 1, 1, False
82.24959, 2021-07-05T15:20:35.2783100+08:00, 0, 0.3882286, 1.448889, 1, 1, 1, False
82.25684, 2021-07-05T15:20:35.2855150+08:00, 0, 0.3882286, 1.448889, 1, 1, 1, False
82.26317, 2021-07-05T15:20:35.2919360+08:00, 0, 0.3882286, 1.448889, 1, 1, 1, False
82.27084, 2021-07-05T15:20:35.2995030+08:00, 0, 0.3882286, 1.448889, 1, 1, 1, False
82.27697, 2021-07-05T15:20:35.3056450+08:00, 0, 0.3882286, 1.448889, 1, 1, 1, False
82.28413, 2021-07-05T15:20:35.3129230+08:00, 0, 0.3882286, 1.448889, 1, 1, 1, False
82.29435, 2021-07-05T15:20:35.3230030+08:00, 0, 0.3882286, 1.448889, 1, 1, 1, False
82.29825, 2021-07-05T15:20:35.3269010+08:00, 0, 0.3882286, 1.448889, 1, 1, 1, False
82.30438, 2021-07-05T15:20:35.3331090+08:00, 0, 0.3882286, 1.448889, 1, 1, 1, False
82.31108, 2021-07-05T15:20:35.3397780+08:00, 0, 0.3882286, 1.448889, 1, 1, 1, False
82.31943, 2021-07-05T15:20:35.3481330+08:00, 0, 0.3882286, 1.448889, 1, 1, 1, False
82.32679, 2021-07-05T15:20:35.3554940+08:00, 0, 0.3882286, 1.448889, 1, 1, 1, False
82.33427, 2021-07-05T15:20:35.3629600+08:00, 0, 0.3882286, 1.448889, 1, 1, 1, False
82.33832, 2021-07-05T15:20:35.3670340+08:00, 0, 0.3882286, 1.448889, 1, 1, 1, False
82.34545, 2021-07-05T15:20:35.3742140+08:00, 0, 0.3882286, 1.448889, 1, 1, 1, False
82.35222, 2021-07-05T15:20:35.3810230+08:00, 0, 0.3882286, 1.448889, 1, 1, 1, False
82.35923, 2021-07-05T15:20:35.3879570+08:00, 0, 0.3882286, 1.448889, 1, 1, 1, False
82.36654, 2021-07-05T15:20:35.3952600+08:00, 0, 0.3882286, 1.448889, 1, 1, 1, False
82.37249, 2021-07-05T15:20:35.4012170+08:00, 0, 0.3882286, 1.448889, 1, 1, 1, False
82.37957, 2021-07-05T15:20:35.4082580+08:00, 0, 0.3882286, 1.448889, 1, 1, 1, False
82.3866, 2021-07-05T15:20:35.4152880+08:00, 0, 0.3882286, 1.448889, 1, 1, 1, False
82.39294, 2021-07-05T15:20:35.4216750+08:00, 0, 0.3882286, 1.448889, 1, 1, 1, False
82.40004, 2021-07-05T15:20:35.4289110+08:00, 0, 0.3882286, 1.448889, 1, 1, 1, False
82.40722, 2021-07-05T15:20:35.4358730+08:00, 0, 0.3882286, 1.448889, 1, 1, 1, False
82.41354, 2021-07-05T15:20:35.4422970+08:00, 0, 0.3882286, 1.448889, 1, 1, 1, False
82.42064, 2021-07-05T15:20:35.4493730+08:00, 0, 0.3882286, 1.448889, 1, 1, 1, False
82.42822, 2021-07-05T15:20:35.4568670+08:00, 0, 0.3882286, 1.448889, 1, 1, 1, False
82.43468, 2021-07-05T15:20:35.4633630+08:00, 0, 0.3882286, 1.448889, 1, 1, 1, False
82.44151, 2021-07-05T15:20:35.4702090+08:00, 0, 0.3882286, 1.448889, 1, 1, 1, False
82.44878, 2021-07-05T15:20:35.4774390+08:00, 0, 0.3882286, 1.448889, 1, 1, 1, False
82.45511, 2021-07-05T15:20:35.4839620+08:00, 0, 0.3882286, 1.448889, 1, 1, 1, False
82.46204, 2021-07-05T15:20:35.4907330+08:00, 0, 0.3882286, 1.448889, 1, 1, 1, False
82.46878, 2021-07-05T15:20:35.4975120+08:00, 0, 0.3882286, 1.448889, 1, 1, 1, False
82.47647, 2021-07-05T15:20:35.5051860+08:00, 0, 0.3882286, 1.448889, 1, 1, 1, False
82.4828, 2021-07-05T15:20:35.5116110+08:00, 0, 0.3882286, 1.448889, 1, 1, 1, False
82.48963, 2021-07-05T15:20:35.5182990+08:00, 0, 0.3882286, 1.448889, 1, 1, 1, False
82.49701, 2021-07-05T15:20:35.5257030+08:00, 0, 0.3882286, 1.448889, 1, 1, 1, False
82.5033, 2021-07-05T15:20:35.5321670+08:00, 0, 0.3882286, 1.448889, 1, 1, 1, False
82.5103, 2021-07-05T15:20:35.5391210+08:00, 0, 0.3882286, 1.448889, 1, 1, 1, False
82.51743, 2021-07-05T15:20:35.5461760+08:00, 0, 0.3882286, 1.448889, 1, 1, 1, False
82.52474, 2021-07-05T15:20:35.5534480+08:00, 0, 0.3882286, 1.448889, 1, 1, 1, False
82.53118, 2021-07-05T15:20:35.5598640+08:00, 0, 0.3882286, 1.448889, 1, 1, 1, False
82.53835, 2021-07-05T15:20:35.5669980+08:00, 0, 0.3882286, 1.448889, 1, 1, 1, False
82.54482, 2021-07-05T15:20:35.5735810+08:00, 0, 0.3882286, 1.448889, 1, 1, 1, False
82.55174, 2021-07-05T15:20:35.5804790+08:00, 0, 0.3882286, 1.448889, 1, 1, 1, False
82.55885, 2021-07-05T15:20:35.5875230+08:00, 0, 0.3882286, 1.448889, 1, 1, 1, False
82.56618, 2021-07-05T15:20:35.5948580+08:00, 0, 0.3882286, 1.448889, 1, 1, 1, False
82.57267, 2021-07-05T15:20:35.6013310+08:00, 0, 0.3882286, 1.448889, 1, 1, 1, False
82.57897, 2021-07-05T15:20:35.6076860+08:00, 0, 0.3882286, 1.448889, 1, 1, 1, False
82.58589, 2021-07-05T15:20:35.6146730+08:00, 0, 0.3882286, 1.448889, 1, 1, 1, False
82.59351, 2021-07-05T15:20:35.6221990+08:00, 0, 0.3882286, 1.448889, 1, 1, 1, False
82.59996, 2021-07-05T15:20:35.6286440+08:00, 0, 0.3882286, 1.448889, 1, 1, 1, False
82.60669, 2021-07-05T15:20:35.6353800+08:00, 0, 0.3882286, 1.448889, 1, 1, 1, False
82.61367, 2021-07-05T15:20:35.6423410+08:00, 0, 0.3882286, 1.448889, 1, 1, 1, False
82.61993, 2021-07-05T15:20:35.6487170+08:00, 0, 0.3882286, 1.448889, 1, 1, 1, False
82.62704, 2021-07-05T15:20:35.6557660+08:00, 0, 0.3882286, 1.448889, 1, 1, 1, False
82.63441, 2021-07-05T15:20:35.6631040+08:00, 0, 0.3882286, 1.448889, 1, 1, 1, False
82.64086, 2021-07-05T15:20:35.6696230+08:00, 0, 0.3882286, 1.448889, 1, 1, 1, False
82.64752, 2021-07-05T15:20:35.6762290+08:00, 0, 0.3882286, 1.448889, 1, 1, 1, False
82.65432, 2021-07-05T15:20:35.6830770+08:00, 0, 0.3882286, 1.448889, 1, 1, 1, False
82.66193, 2021-07-05T15:20:35.6906670+08:00, 0, 0.3882286, 1.448889, 1, 1, 1, False
82.66804, 2021-07-05T15:20:35.6968230+08:00, 0, 0.3882286, 1.448889, 1, 1, 1, False
82.67502, 2021-07-05T15:20:35.7037210+08:00, 0, 0.3882286, 1.448889, 1, 1, 1, False
82.6815, 2021-07-05T15:20:35.7102860+08:00, 0, 0.3882286, 1.448889, 1, 1, 1, False
82.68844, 2021-07-05T15:20:35.7171410+08:00, 0, 0.3882286, 1.448889, 1, 1, 1, False
82.69512, 2021-07-05T15:20:35.7238440+08:00, 0, 0.3882286, 1.448889, 1, 1, 1, False
82.70251, 2021-07-05T15:20:35.7312100+08:00, 0, 0.3882286, 1.448889, 1, 1, 1, False
82.70956, 2021-07-05T15:20:35.7382650+08:00, 0, 0.3882286, 1.448889, 1, 1, 1, False
82.71599, 2021-07-05T15:20:35.7446670+08:00, 0, 0.3882286, 1.448889, 1, 1, 1, False
82.72264, 2021-07-05T15:20:35.7514600+08:00, 0, 0.3882286, 1.448889, 1, 1, 1, False
82.73043, 2021-07-05T15:20:35.7591050+08:00, 0, 0.3882286, 1.448889, 1, 1, 1, False
82.73628, 2021-07-05T15:20:35.7650160+08:00, 0, 0.3882286, 1.448889, 1, 1, 1, False
82.74315, 2021-07-05T15:20:35.7718840+08:00, 0, 0.3882286, 1.448889, 1, 1, 1, False
82.7506, 2021-07-05T15:20:35.7792990+08:00, 0, 0.3882286, 1.448889, 1, 1, 1, False
82.75871, 2021-07-05T15:20:35.7873880+08:00, 0, 0.3882286, 1.448889, 1, 1, 1, False
82.76349, 2021-07-05T15:20:35.7921940+08:00, 0, 0.3882286, 1.448889, 1, 1, 1, False
82.77084, 2021-07-05T15:20:35.7995180+08:00, 0, 0.3882286, 1.448889, 1, 1, 1, False
82.77828, 2021-07-05T15:20:35.8069330+08:00, 0, 0.3882286, 1.448889, 1, 1, 1, False
82.78434, 2021-07-05T15:20:35.8131160+08:00, 0, 0.3882286, 1.448889, 1, 1, 1, False
82.79432, 2021-07-05T15:20:35.8229840+08:00, 0, 0.3882286, 1.448889, 1, 1, 1, False
82.79839, 2021-07-05T15:20:35.8270310+08:00, 0, 0.3882286, 1.448889, 1, 1, 1, False
82.8049, 2021-07-05T15:20:35.8336340+08:00, 0, 0.3882286, 1.448889, 1, 1, 1, False
82.81898, 2021-07-05T15:20:35.8477620+08:00, 0, 0.3882286, 1.448889, 1, 1, 1, False
82.8263, 2021-07-05T15:20:35.8550040+08:00, 0, 0.3882286, 1.448889, 1, 1, 1, False
82.83009, 2021-07-05T15:20:35.8587230+08:00, 0, 0.3882286, 1.448889, 1, 1, 1, False
82.83421, 2021-07-05T15:20:35.8628660+08:00, 0, 0.3882286, 1.448889, 1, 1, 1, False
82.83929, 2021-07-05T15:20:35.8680160+08:00, 0, 0.3882286, 1.448889, 1, 1, 1, False
82.84624, 2021-07-05T15:20:35.8749580+08:00, 0, 0.3882286, 1.448889, 1, 1, 1, False
82.85291, 2021-07-05T15:20:35.8815840+08:00, 0, 0.3882286, 1.448889, 1, 1, 1, False
82.86021, 2021-07-05T15:20:35.8889670+08:00, 0, 0.3882286, 1.448889, 1, 1, 1, False
82.86703, 2021-07-05T15:20:35.8957500+08:00, 0, 0.3882286, 1.448889, 1, 1, 1, False
82.87469, 2021-07-05T15:20:35.9034270+08:00, 0, 0.3882286, 1.448889, 1, 1, 1, False
82.88226, 2021-07-05T15:20:35.9109340+08:00, 0, 0.3882286, 1.448889, 1, 1, 1, False
82.88705, 2021-07-05T15:20:35.9157850+08:00, 0, 0.3882286, 1.448889, 1, 1, 1, False
82.894, 2021-07-05T15:20:35.9227050+08:00, 0, 0.3882286, 1.448889, 1, 1, 1, False
82.90106, 2021-07-05T15:20:35.9298740+08:00, 0, 0.3882286, 1.448889, 1, 1, 1, False
82.90872, 2021-07-05T15:20:35.9374720+08:00, 0, 0.3882286, 1.448889, 1, 1, 1, False
82.91493, 2021-07-05T15:20:35.9436130+08:00, 0, 0.3882286, 1.448889, 1, 1, 1, False
82.9218, 2021-07-05T15:20:35.9505290+08:00, 0, 0.3882286, 1.448889, 1, 1, 1, False
82.92908, 2021-07-05T15:20:35.9577750+08:00, 0, 0.3882286, 1.448889, 1, 1, 1, False
82.9353, 2021-07-05T15:20:35.9640930+08:00, 0, 0.3882286, 1.448889, 1, 1, 1, False
82.94273, 2021-07-05T15:20:35.9714780+08:00, 0, 0.3882286, 1.448889, 1, 1, 1, False
82.94905, 2021-07-05T15:20:35.9777590+08:00, 0, 0.3882286, 1.448889, 1, 1, 1, False
82.95625, 2021-07-05T15:20:35.9849390+08:00, 0, 0.3882286, 1.448889, 1, 1, 1, False
82.96278, 2021-07-05T15:20:35.9915770+08:00, 0, 0.3882286, 1.448889, 1, 1, 1, False
82.97066, 2021-07-05T15:20:35.9994390+08:00, 0, 0.3882286, 1.448889, 1, 1, 1, False
82.9769, 2021-07-05T15:20:36.0055860+08:00, 0, 0.3882286, 1.448889, 1, 1, 1, False
82.9831, 2021-07-05T15:20:36.0119410+08:00, 0, 0.3882286, 1.448889, 1, 1, 1, False
82.99053, 2021-07-05T15:20:36.0220570+08:00, 0, 0.3882286, 1.448889, 1, 1, 1, False
82.9981, 2021-07-05T15:20:36.0267340+08:00, 0, 0.3882286, 1.448889, 1, 1, 1, False
83.00362, 2021-07-05T15:20:36.0323570+08:00, 0, 0.3882286, 1.448889, 1, 1, 1, False
83.01041, 2021-07-05T15:20:36.0391390+08:00, 0, 0.3882286, 1.448889, 1, 1, 1, False
83.03458, 2021-07-05T15:20:36.0634140+08:00, 0, 0.3882286, 1.448889, 1, 1, 1, False
83.03851, 2021-07-05T15:20:36.0671780+08:00, 0, 0.3882286, 1.448889, 1, 1, 1, False
83.04221, 2021-07-05T15:20:36.0708780+08:00, 0, 0.3882286, 1.448889, 1, 1, 1, False
83.04613, 2021-07-05T15:20:36.0747640+08:00, 0, 0.3882286, 1.448889, 1, 1, 1, False
83.05016, 2021-07-05T15:20:36.0787890+08:00, 0, 0.3882286, 1.448889, 1, 1, 1, False
83.0541, 2021-07-05T15:20:36.0827250+08:00, 0, 0.3882286, 1.448889, 1, 1, 1, False
83.05822, 2021-07-05T15:20:36.0868530+08:00, 0, 0.3882286, 1.448889, 1, 1, 1, False
83.06454, 2021-07-05T15:20:36.0932350+08:00, 0, 0.3882286, 1.448889, 1, 1, 1, False
83.07079, 2021-07-05T15:20:36.0994660+08:00, 0, 0.3882286, 1.448889, 1, 1, 1, False
83.07785, 2021-07-05T15:20:36.1066490+08:00, 0, 0.3882286, 1.448889, 1, 1, 1, False
83.08459, 2021-07-05T15:20:36.1134550+08:00, 0, 0.3882286, 1.448889, 1, 1, 1, False
83.09151, 2021-07-05T15:20:36.1201860+08:00, 0, 0.3882286, 1.448889, 1, 1, 1, False
83.09837, 2021-07-05T15:20:36.1270600+08:00, 0, 0.3882286, 1.448889, 1, 1, 1, False
83.10497, 2021-07-05T15:20:36.1336910+08:00, 0, 0.3882286, 1.448889, 1, 1, 1, False
83.11133, 2021-07-05T15:20:36.1400210+08:00, 0, 0.3882286, 1.448889, 1, 1, 1, False
83.11871, 2021-07-05T15:20:36.1473810+08:00, 0, 0.3882286, 1.448889, 1, 1, 1, False
83.12548, 2021-07-05T15:20:36.1542110+08:00, 0, 0.3882286, 1.448889, 1, 1, 1, False
83.13179, 2021-07-05T15:20:36.1605130+08:00, 0, 0.3882286, 1.448889, 1, 1, 1, False
83.13852, 2021-07-05T15:20:36.1672740+08:00, 0, 0.3882286, 1.448889, 1, 1, 1, False
83.14603, 2021-07-05T15:20:36.1747620+08:00, 0, 0.3882286, 1.448889, 1, 1, 1, False
83.15218, 2021-07-05T15:20:36.1809610+08:00, 0, 0.3882286, 1.448889, 1, 1, 1, False
83.15916, 2021-07-05T15:20:36.1878520+08:00, 0, 0.3882286, 1.448889, 1, 1, 1, False
83.16656, 2021-07-05T15:20:36.1952690+08:00, 0, 0.3882286, 1.448889, 1, 1, 1, False
83.17299, 2021-07-05T15:20:36.2016640+08:00, 0, 0.3882286, 1.448889, 1, 1, 1, False
83.1797, 2021-07-05T15:20:36.2083800+08:00, 0, 0.3882286, 1.448889, 1, 1, 1, False
83.18681, 2021-07-05T15:20:36.2155160+08:00, 0, 0.3882286, 1.448889, 1, 1, 1, False
83.1935, 2021-07-05T15:20:36.2221830+08:00, 0, 0.3882286, 1.448889, 1, 1, 1, False
83.20051, 2021-07-05T15:20:36.2292350+08:00, 0, 0.3882286, 1.448889, 1, 1, 1, False
83.20754, 2021-07-05T15:20:36.2362410+08:00, 0, 0.3882286, 1.448889, 1, 1, 1, False
83.21476, 2021-07-05T15:20:36.2434930+08:00, 0, 0.3882286, 1.448889, 1, 1, 1, False
83.22263, 2021-07-05T15:20:36.2513310+08:00, 0, 0.3882286, 1.448889, 1, 1, 1, False
83.22823, 2021-07-05T15:20:36.2569160+08:00, 0, 0.3882286, 1.448889, 1, 1, 1, False
83.23453, 2021-07-05T15:20:36.2632190+08:00, 0, 0.3882286, 1.448889, 1, 1, 1, False
83.24143, 2021-07-05T15:20:36.2701850+08:00, 0, 0.3882286, 1.448889, 1, 1, 1, False
83.24841, 2021-07-05T15:20:36.2771410+08:00, 0, 0.3882286, 1.448889, 1, 1, 1, False
83.25566, 2021-07-05T15:20:36.2843180+08:00, 0, 0.3882286, 1.448889, 1, 1, 1, False
83.26202, 2021-07-05T15:20:36.2908140+08:00, 0, 0.3882286, 1.448889, 1, 1, 1, False
83.26911, 2021-07-05T15:20:36.2978500+08:00, 0, 0.3882286, 1.448889, 1, 1, 1, False
83.27674, 2021-07-05T15:20:36.3054090+08:00, 0, 0.3882286, 1.448889, 1, 1, 1, False
83.283, 2021-07-05T15:20:36.3118040+08:00, 0, 0.3882286, 1.448889, 1, 1, 1, False
83.2904, 2021-07-05T15:20:36.3190520+08:00, 0, 0.3882286, 1.448889, 1, 1, 1, False
83.2966, 2021-07-05T15:20:36.3253970+08:00, 0, 0.3882286, 1.448889, 1, 1, 1, False
83.30377, 2021-07-05T15:20:36.3324750+08:00, 0, 0.3882286, 1.448889, 1, 1, 1, False
83.31046, 2021-07-05T15:20:36.3391490+08:00, 0, 0.3882286, 1.448889, 1, 1, 1, False
83.31908, 2021-07-05T15:20:36.3477600+08:00, 0, 0.3882286, 1.448889, 1, 1, 1, False
83.32438, 2021-07-05T15:20:36.3530880+08:00, 0, 0.3882286, 1.448889, 1, 1, 1, False
83.33109, 2021-07-05T15:20:36.3598190+08:00, 0, 0.3882286, 1.448889, 1, 1, 1, False
83.3384, 2021-07-05T15:20:36.3670810+08:00, 0, 0.3882286, 1.448889, 1, 1, 1, False
83.34489, 2021-07-05T15:20:36.3737220+08:00, 0, 0.3882286, 1.448889, 1, 1, 1, False
83.35181, 2021-07-05T15:20:36.3805320+08:00, 0, 0.3882286, 1.448889, 1, 1, 1, False
83.35883, 2021-07-05T15:20:36.3875030+08:00, 0, 0.3882286, 1.448889, 1, 1, 1, False
83.36588, 2021-07-05T15:20:36.3946080+08:00, 0, 0.3882286, 1.448889, 1, 1, 1, False
83.37227, 2021-07-05T15:20:36.4010340+08:00, 0, 0.3882286, 1.448889, 1, 1, 1, False
83.37903, 2021-07-05T15:20:36.4077150+08:00, 0, 0.3882286, 1.448889, 1, 1, 1, False
83.38656, 2021-07-05T15:20:36.4152560+08:00, 0, 0.3882286, 1.448889, 1, 1, 1, False
83.3924, 2021-07-05T15:20:36.4211280+08:00, 0, 0.3882286, 1.448889, 1, 1, 1, False
83.39941, 2021-07-05T15:20:36.4281310+08:00, 0, 0.3882286, 1.448889, 1, 1, 1, False
83.40661, 2021-07-05T15:20:36.4353040+08:00, 0, 0.3882286, 1.448889, 1, 1, 1, False
83.41372, 2021-07-05T15:20:36.4424240+08:00, 0, 0.3882286, 1.448889, 1, 1, 1, False
83.42007, 2021-07-05T15:20:36.4488620+08:00, 0, 0.3882286, 1.448889, 1, 1, 1, False
83.4268, 2021-07-05T15:20:36.4554690+08:00, 0, 0.3882286, 1.448889, 1, 1, 1, False
83.43399, 2021-07-05T15:20:36.4627220+08:00, 0, 0.3882286, 1.448889, 1, 1, 1, False
83.44064, 2021-07-05T15:20:36.4694460+08:00, 0, 0.3882286, 1.448889, 1, 1, 1, False
83.44734, 2021-07-05T15:20:36.4760400+08:00, 0, 0.3882286, 1.448889, 1, 1, 1, False
83.45422, 2021-07-05T15:20:36.4829690+08:00, 0, 0.3882286, 1.448889, 1, 1, 1, False
83.46175, 2021-07-05T15:20:36.4904890+08:00, 0, 0.3882286, 1.448889, 1, 1, 1, False
83.46812, 2021-07-05T15:20:36.4968890+08:00, 0, 0.3882286, 1.448889, 1, 1, 1, False
83.47502, 2021-07-05T15:20:36.5037760+08:00, 0, 0.3882286, 1.448889, 1, 1, 1, False
83.48268, 2021-07-05T15:20:36.5114110+08:00, 0, 0.3882286, 1.448889, 1, 1, 1, False
83.48911, 2021-07-05T15:20:36.5177930+08:00, 0, 0.3882286, 1.448889, 1, 1, 1, False
83.49545, 2021-07-05T15:20:36.5241800+08:00, 0, 0.3882286, 1.448889, 1, 1, 1, False
83.50273, 2021-07-05T15:20:36.5314890+08:00, 0, 0.3882286, 1.448889, 1, 1, 1, False
83.51058, 2021-07-05T15:20:36.5392320+08:00, 0, 0.3882286, 1.448889, 1, 1, 1, False
83.51611, 2021-07-05T15:20:36.5448340+08:00, 0, 0.3882286, 1.448889, 1, 1, 1, False
83.52295, 2021-07-05T15:20:36.5516840+08:00, 0, 0.3882286, 1.448889, 1, 1, 1, False
83.5296, 2021-07-05T15:20:36.5583100+08:00, 0, 0.3882286, 1.448889, 1, 1, 1, False
83.53657, 2021-07-05T15:20:36.5653130+08:00, 0, 0.3882286, 1.448889, 1, 1, 1, False
83.54417, 2021-07-05T15:20:36.5729080+08:00, 0, 0.3882286, 1.448889, 1, 1, 1, False
83.55053, 2021-07-05T15:20:36.5792790+08:00, 0, 0.3882286, 1.448889, 1, 1, 1, False
83.5573, 2021-07-05T15:20:36.5860160+08:00, 0, 0.3882286, 1.448889, 1, 1, 1, False
83.56471, 2021-07-05T15:20:36.5934400+08:00, 0, 0.3882286, 1.448889, 1, 1, 1, False
83.57091, 2021-07-05T15:20:36.5996670+08:00, 0, 0.3882286, 1.448889, 1, 1, 1, False
83.57778, 2021-07-05T15:20:36.6064760+08:00, 0, 0.3882286, 1.448889, 1, 1, 1, False
83.58479, 2021-07-05T15:20:36.6136610+08:00, 0, 0.3882286, 1.448889, 1, 1, 1, False
83.5918, 2021-07-05T15:20:36.6205300+08:00, 0, 0.3882286, 1.448889, 1, 1, 1, False
83.59888, 2021-07-05T15:20:36.6275710+08:00, 0, 0.3882286, 1.448889, 1, 1, 1, False
83.60656, 2021-07-05T15:20:36.6352750+08:00, 0, 0.3882286, 1.448889, 1, 1, 1, False
83.61472, 2021-07-05T15:20:36.6433940+08:00, 0, 0.3882286, 1.448889, 1, 1, 1, False
83.62234, 2021-07-05T15:20:36.6510780+08:00, 0, 0.3882286, 1.448889, 1, 1, 1, False
83.62614, 2021-07-05T15:20:36.6548110+08:00, 0, 0.3882286, 1.448889, 1, 1, 1, False
83.63274, 2021-07-05T15:20:36.6614750+08:00, 0, 0.3882286, 1.448889, 1, 1, 1, False
83.63971, 2021-07-05T15:20:36.6684550+08:00, 0, 0.3882286, 1.448889, 1, 1, 1, False
83.64697, 2021-07-05T15:20:36.6757000+08:00, 0, 0.3882286, 1.448889, 1, 1, 1, False
83.6544, 2021-07-05T15:20:36.6830710+08:00, 0, 0.3882286, 1.448889, 1, 1, 1, False
83.6599, 2021-07-05T15:20:36.6886520+08:00, 0, 0.3882286, 1.448889, 1, 1, 1, False
83.66719, 2021-07-05T15:20:36.6959130+08:00, 0, 0.3882286, 1.448889, 1, 1, 1, False
83.67426, 2021-07-05T15:20:36.7029400+08:00, 0, 0.3882286, 1.448889, 1, 1, 1, False
83.68095, 2021-07-05T15:20:36.7096900+08:00, 0, 0.3882286, 1.448889, 1, 1, 1, False
83.6873, 2021-07-05T15:20:36.7160360+08:00, 0, 0.3882286, 1.448889, 1, 1, 1, False
83.69408, 2021-07-05T15:20:36.7227930+08:00, 0, 0.3882286, 1.448889, 1, 1, 1, False
83.70088, 2021-07-05T15:20:36.7296250+08:00, 0, 0.3882286, 1.448889, 1, 1, 1, False
83.70771, 2021-07-05T15:20:36.7364360+08:00, 0, 0.3882286, 1.448889, 1, 1, 1, False
83.71445, 2021-07-05T15:20:36.7431600+08:00, 0, 0.3882286, 1.448889, 1, 1, 1, False
83.72148, 2021-07-05T15:20:36.7502850+08:00, 0, 0.3882286, 1.448889, 1, 1, 1, False
83.72903, 2021-07-05T15:20:36.7577280+08:00, 0, 0.3882286, 1.448889, 1, 1, 1, False
83.73541, 2021-07-05T15:20:36.7642240+08:00, 0, 0.3882286, 1.448889, 1, 1, 1, False
83.74301, 2021-07-05T15:20:36.7717920+08:00, 0, 0.3882286, 1.448889, 1, 1, 1, False
83.75037, 2021-07-05T15:20:36.7790370+08:00, 0, 0.3882286, 1.448889, 1, 1, 1, False
83.75599, 2021-07-05T15:20:36.7847140+08:00, 0, 0.3882286, 1.448889, 1, 1, 1, False
83.7627, 2021-07-05T15:20:36.7914620+08:00, 0, 0.3882286, 1.448889, 1, 1, 1, False
83.76981, 2021-07-05T15:20:36.7985390+08:00, 0, 0.3882286, 1.448889, 1, 1, 1, False
83.7766, 2021-07-05T15:20:36.8052760+08:00, 0, 0.3882286, 1.448889, 1, 1, 1, False
83.78368, 2021-07-05T15:20:36.8123950+08:00, 0, 0.3882286, 1.448889, 1, 1, 1, False
83.79073, 2021-07-05T15:20:36.8194000+08:00, 0, 0.3882286, 1.448889, 1, 1, 1, False
83.79706, 2021-07-05T15:20:36.8258110+08:00, 0, 0.3882286, 1.448889, 1, 1, 1, False
83.80395, 2021-07-05T15:20:36.8327460+08:00, 0, 0.3882286, 1.448889, 1, 1, 1, False
83.81078, 2021-07-05T15:20:36.8394940+08:00, 0, 0.3882286, 1.448889, 1, 1, 1, False
83.8177, 2021-07-05T15:20:36.8464580+08:00, 0, 0.3882286, 1.448889, 1, 1, 1, False
83.82471, 2021-07-05T15:20:36.8534480+08:00, 0, 0.3882286, 1.448889, 1, 1, 1, False
83.83141, 2021-07-05T15:20:36.8601020+08:00, 0, 0.3882286, 1.448889, 1, 1, 1, False
83.83837, 2021-07-05T15:20:36.8670880+08:00, 0, 0.3882286, 1.448889, 1, 1, 1, False
83.84502, 2021-07-05T15:20:36.8737800+08:00, 0, 0.3882286, 1.448889, 1, 1, 1, False
83.85185, 2021-07-05T15:20:36.8806270+08:00, 0, 0.3882286, 1.448889, 1, 1, 1, False
83.8587, 2021-07-05T15:20:36.8873860+08:00, 0, 0.3882286, 1.448889, 1, 1, 1, False
83.86563, 2021-07-05T15:20:36.8943790+08:00, 0, 0.3882286, 1.448889, 1, 1, 1, False
83.87241, 2021-07-05T15:20:36.9011620+08:00, 0, 0.3882286, 1.448889, 1, 1, 1, False
83.87929, 2021-07-05T15:20:36.9080110+08:00, 0, 0.3882286, 1.448889, 1, 1, 1, False
83.90881, 2021-07-05T15:20:36.9375320+08:00, 0, 0.3882286, 1.448889, 1, 1, 1, False
83.91456, 2021-07-05T15:20:36.9432180+08:00, 0, 0.3882286, 1.448889, 1, 1, 1, False
83.91896, 2021-07-05T15:20:36.9476350+08:00, 0, 0.3882286, 1.448889, 1, 1, 1, False
83.92274, 2021-07-05T15:20:36.9514330+08:00, 0, 0.3882286, 1.448889, 1, 1, 1, False
83.92602, 2021-07-05T15:20:36.9546510+08:00, 0, 0.3882286, 1.448889, 1, 1, 1, False
83.93027, 2021-07-05T15:20:36.9589500+08:00, 0, 0.3882286, 1.448889, 1, 1, 1, False
83.93404, 2021-07-05T15:20:36.9626990+08:00, 0, 0.3882286, 1.448889, 1, 1, 1, False
83.93816, 2021-07-05T15:20:36.9667910+08:00, 0, 0.3882286, 1.448889, 1, 1, 1, False
83.94371, 2021-07-05T15:20:36.9724770+08:00, 0, 0.3882286, 1.448889, 1, 1, 1, False
83.95064, 2021-07-05T15:20:36.9793440+08:00, 0, 0.3882286, 1.448889, 1, 1, 1, False
83.95726, 2021-07-05T15:20:36.9859490+08:00, 0, 0.3882286, 1.448889, 1, 1, 1, False
83.96625, 2021-07-05T15:20:36.9991400+08:00, 0, 0.3882286, 1.448889, 1, 1, 1, False
83.97411, 2021-07-05T15:20:37.0027440+08:00, 0, 0.3882286, 1.448889, 1, 1, 1, False
83.97845, 2021-07-05T15:20:37.0070950+08:00, 0, 0.3882286, 1.448889, 1, 1, 1, False
83.98511, 2021-07-05T15:20:37.0139020+08:00, 0, 0.3882286, 1.448889, 1, 1, 1, False
83.99198, 2021-07-05T15:20:37.0207520+08:00, 0, 0.3882286, 1.448889, 1, 1, 1, False
83.99889, 2021-07-05T15:20:37.0276110+08:00, 0, 0.3882286, 1.448889, 1, 1, 1, False
84.00637, 2021-07-05T15:20:37.0351120+08:00, 0, 0.3882286, 1.448889, 1, 1, 1, False
84.01301, 2021-07-05T15:20:37.0417150+08:00, 0, 0.3882286, 1.448889, 1, 1, 1, False
84.01917, 2021-07-05T15:20:37.0478460+08:00, 0, 0.3882286, 1.448889, 1, 1, 1, False
84.02615, 2021-07-05T15:20:37.0548740+08:00, 0, 0.3882286, 1.448889, 1, 1, 1, False
84.03311, 2021-07-05T15:20:37.0618580+08:00, 0, 0.3882286, 1.448889, 1, 1, 1, False
84.03992, 2021-07-05T15:20:37.0686360+08:00, 0, 0.3882286, 1.448889, 1, 1, 1, False
84.04678, 2021-07-05T15:20:37.0755190+08:00, 0, 0.3882286, 1.448889, 1, 1, 1, False
84.05358, 2021-07-05T15:20:37.0822900+08:00, 0, 0.3882286, 1.448889, 1, 1, 1, False
84.05988, 2021-07-05T15:20:37.0886830+08:00, 0, 0.3882286, 1.448889, 1, 1, 1, False
84.06707, 2021-07-05T15:20:37.0958500+08:00, 0, 0.3882286, 1.448889, 1, 1, 1, False
84.07452, 2021-07-05T15:20:37.1032040+08:00, 0, 0.3882286, 1.448889, 1, 1, 1, False
84.08022, 2021-07-05T15:20:37.1090330+08:00, 0, 0.3882286, 1.448889, 1, 1, 1, False
84.08726, 2021-07-05T15:20:37.1160400+08:00, 0, 0.3882286, 1.448889, 1, 1, 1, False
84.09406, 2021-07-05T15:20:37.1227680+08:00, 0, 0.3882286, 1.448889, 1, 1, 1, False
84.1011, 2021-07-05T15:20:37.1298450+08:00, 0, 0.3882286, 1.448889, 1, 1, 1, False
84.10796, 2021-07-05T15:20:37.1366540+08:00, 0, 0.3882286, 1.448889, 1, 1, 1, False
84.11479, 2021-07-05T15:20:37.1435440+08:00, 0, 0.3882286, 1.448889, 1, 1, 1, False
84.12227, 2021-07-05T15:20:37.1509920+08:00, 0, 0.3882286, 1.448889, 1, 1, 1, False
84.12889, 2021-07-05T15:20:37.1575720+08:00, 0, 0.3882286, 1.448889, 1, 1, 1, False
84.13528, 2021-07-05T15:20:37.1640010+08:00, 0, 0.3882286, 1.448889, 1, 1, 1, False
84.1421, 2021-07-05T15:20:37.1708390+08:00, 0, 0.3882286, 1.448889, 1, 1, 1, False
84.14897, 2021-07-05T15:20:37.1777070+08:00, 0, 0.3882286, 1.448889, 1, 1, 1, False
84.15632, 2021-07-05T15:20:37.1849970+08:00, 0, 0.3882286, 1.448889, 1, 1, 1, False
84.16258, 2021-07-05T15:20:37.1913650+08:00, 0, 0.3882286, 1.448889, 1, 1, 1, False
84.16944, 2021-07-05T15:20:37.1982170+08:00, 0, 0.3882286, 1.448889, 1, 1, 1, False
84.17709, 2021-07-05T15:20:37.2057830+08:00, 0, 0.3882286, 1.448889, 1, 1, 1, False
84.18341, 2021-07-05T15:20:37.2122530+08:00, 0, 0.3882286, 1.448889, 1, 1, 1, False
84.19067, 2021-07-05T15:20:37.2193610+08:00, 0, 0.3882286, 1.448889, 1, 1, 1, False
84.19677, 2021-07-05T15:20:37.2255390+08:00, 0, 0.3882286, 1.448889, 1, 1, 1, False
84.20374, 2021-07-05T15:20:37.2324430+08:00, 0, 0.3882286, 1.448889, 1, 1, 1, False
84.21072, 2021-07-05T15:20:37.2394300+08:00, 0, 0.3882286, 1.448889, 1, 1, 1, False
84.21864, 2021-07-05T15:20:37.2473410+08:00, 0, 0.3882286, 1.448889, 1, 1, 1, False
84.22397, 2021-07-05T15:20:37.2527520+08:00, 0, 0.3882286, 1.448889, 1, 1, 1, False
84.23087, 2021-07-05T15:20:37.2596060+08:00, 0, 0.3882286, 1.448889, 1, 1, 1, False
84.23841, 2021-07-05T15:20:37.2671010+08:00, 0, 0.3882286, 1.448889, 1, 1, 1, False
84.24448, 2021-07-05T15:20:37.2731940+08:00, 0, 0.3882286, 1.448889, 1, 1, 1, False
84.25134, 2021-07-05T15:20:37.2800480+08:00, 0, 0.3882286, 1.448889, 1, 1, 1, False
84.25851, 2021-07-05T15:20:37.2872170+08:00, 0, 0.3882286, 1.448889, 1, 1, 1, False
84.26518, 2021-07-05T15:20:37.2939240+08:00, 0, 0.3882286, 1.448889, 1, 1, 1, False
84.27188, 2021-07-05T15:20:37.3006020+08:00, 0, 0.3882286, 1.448889, 1, 1, 1, False
84.27886, 2021-07-05T15:20:37.3075480+08:00, 0, 0.3882286, 1.448889, 1, 1, 1, False
84.28551, 2021-07-05T15:20:37.3143300+08:00, 0, 0.3882286, 1.448889, 1, 1, 1, False
84.29311, 2021-07-05T15:20:37.3218000+08:00, 0, 0.3882286, 1.448889, 1, 1, 1, False
84.29939, 2021-07-05T15:20:37.3281340+08:00, 0, 0.3882286, 1.448889, 1, 1, 1, False
84.30668, 2021-07-05T15:20:37.3354120+08:00, 0, 0.3882286, 1.448889, 1, 1, 1, False
84.31444, 2021-07-05T15:20:37.3431220+08:00, 0, 0.3882286, 1.448889, 1, 1, 1, False
84.31977, 2021-07-05T15:20:37.3485340+08:00, 0, 0.3882286, 1.448889, 1, 1, 1, False
84.32674, 2021-07-05T15:20:37.3554830+08:00, 0, 0.3882286, 1.448889, 1, 1, 1, False
84.33363, 2021-07-05T15:20:37.3623100+08:00, 0, 0.3882286, 1.448889, 1, 1, 1, False
84.34114, 2021-07-05T15:20:37.3698760+08:00, 0, 0.3882286, 1.448889, 1, 1, 1, False
84.34738, 2021-07-05T15:20:37.3760940+08:00, 0, 0.3882286, 1.448889, 1, 1, 1, False
84.35448, 2021-07-05T15:20:37.3832010+08:00, 0, 0.3882286, 1.448889, 1, 1, 1, False
84.36154, 2021-07-05T15:20:37.3903030+08:00, 0, 0.3882286, 1.448889, 1, 1, 1, False
84.36782, 2021-07-05T15:20:37.3965950+08:00, 0, 0.3882286, 1.448889, 1, 1, 1, False
84.37452, 2021-07-05T15:20:37.4032450+08:00, 0, 0.3882286, 1.448889, 1, 1, 1, False
84.38195, 2021-07-05T15:20:37.4106530+08:00, 0, 0.3882286, 1.448889, 1, 1, 1, False
84.38828, 2021-07-05T15:20:37.4170450+08:00, 0, 0.3882286, 1.448889, 1, 1, 1, False
84.39513, 2021-07-05T15:20:37.4238330+08:00, 0, 0.3882286, 1.448889, 1, 1, 1, False
84.40227, 2021-07-05T15:20:37.4309920+08:00, 0, 0.3882286, 1.448889, 1, 1, 1, False
84.40854, 2021-07-05T15:20:37.4372960+08:00, 0, 0.3882286, 1.448889, 1, 1, 1, False
84.41529, 2021-07-05T15:20:37.4440120+08:00, 0, 0.3882286, 1.448889, 1, 1, 1, False
84.42241, 2021-07-05T15:20:37.4511610+08:00, 0, 0.3882286, 1.448889, 1, 1, 1, False
84.42861, 2021-07-05T15:20:37.4573510+08:00, 0, 0.3882286, 1.448889, 1, 1, 1, False
84.43561, 2021-07-05T15:20:37.4643750+08:00, 0, 0.3882286, 1.448889, 1, 1, 1, False
84.44257, 2021-07-05T15:20:37.4714190+08:00, 0, 0.3882286, 1.448889, 1, 1, 1, False
84.44962, 2021-07-05T15:20:37.4783680+08:00, 0, 0.3882286, 1.448889, 1, 1, 1, False
84.45671, 2021-07-05T15:20:37.4853980+08:00, 0, 0.3882286, 1.448889, 1, 1, 1, False
84.46313, 2021-07-05T15:20:37.4918730+08:00, 0, 0.3882286, 1.448889, 1, 1, 1, False
84.47018, 2021-07-05T15:20:37.4989190+08:00, 0, 0.3882286, 1.448889, 1, 1, 1, False
84.47762, 2021-07-05T15:20:37.5063210+08:00, 0, 0.3882286, 1.448889, 1, 1, 1, False
84.4839, 2021-07-05T15:20:37.5127250+08:00, 0, 0.3882286, 1.448889, 1, 1, 1, False
84.49081, 2021-07-05T15:20:37.5195150+08:00, 0, 0.3882286, 1.448889, 1, 1, 1, False
84.49715, 2021-07-05T15:20:37.5258930+08:00, 0, 0.3882286, 1.448889, 1, 1, 1, False
84.50421, 2021-07-05T15:20:37.5329760+08:00, 0, 0.3882286, 1.448889, 1, 1, 1, False
84.51103, 2021-07-05T15:20:37.5397290+08:00, 0, 0.3882286, 1.448889, 1, 1, 1, False
84.51853, 2021-07-05T15:20:37.5472580+08:00, 0, 0.3882286, 1.448889, 1, 1, 1, False
84.52478, 2021-07-05T15:20:37.5535900+08:00, 0, 0.3882286, 1.448889, 1, 1, 1, False
84.53175, 2021-07-05T15:20:37.5604810+08:00, 0, 0.3882286, 1.448889, 1, 1, 1, False
84.53844, 2021-07-05T15:20:37.5671390+08:00, 0, 0.3882286, 1.448889, 1, 1, 1, False
84.54525, 2021-07-05T15:20:37.5740000+08:00, 0, 0.3882286, 1.448889, 1, 1, 1, False
84.55195, 2021-07-05T15:20:37.5807010+08:00, 0, 0.3882286, 1.448889, 1, 1, 1, False
84.55958, 2021-07-05T15:20:37.5882790+08:00, 0, 0.3882286, 1.448889, 1, 1, 1, False
84.56694, 2021-07-05T15:20:37.5957770+08:00, 0, 0.3882286, 1.448889, 1, 1, 1, False
84.57449, 2021-07-05T15:20:37.6031810+08:00, 0, 0.3882286, 1.448889, 1, 1, 1, False
84.57906, 2021-07-05T15:20:37.6077750+08:00, 0, 0.3882286, 1.448889, 1, 1, 1, False
84.58663, 2021-07-05T15:20:37.6153540+08:00, 0, 0.3882286, 1.448889, 1, 1, 1, False
84.5925, 2021-07-05T15:20:37.6212260+08:00, 0, 0.3882286, 1.448889, 1, 1, 1, False
84.59925, 2021-07-05T15:20:37.6279900+08:00, 0, 0.3882286, 1.448889, 1, 1, 1, False
84.60661, 2021-07-05T15:20:37.6353240+08:00, 0, 0.3882286, 1.448889, 1, 1, 1, False
84.61281, 2021-07-05T15:20:37.6415310+08:00, 0, 0.3882286, 1.448889, 1, 1, 1, False
84.61968, 2021-07-05T15:20:37.6484210+08:00, 0, 0.3882286, 1.448889, 1, 1, 1, False
84.62714, 2021-07-05T15:20:37.6558790+08:00, 0, 0.3882286, 1.448889, 1, 1, 1, False
84.63358, 2021-07-05T15:20:37.6623260+08:00, 0, 0.3882286, 1.448889, 1, 1, 1, False
84.64069, 2021-07-05T15:20:37.6694170+08:00, 0, 0.3882286, 1.448889, 1, 1, 1, False
84.64666, 2021-07-05T15:20:37.6753490+08:00, 0, 0.3882286, 1.448889, 1, 1, 1, False
84.65375, 2021-07-05T15:20:37.6824610+08:00, 0, 0.3882286, 1.448889, 1, 1, 1, False
84.66049, 2021-07-05T15:20:37.6892450+08:00, 0, 0.3882286, 1.448889, 1, 1, 1, False
84.66744, 2021-07-05T15:20:37.6962430+08:00, 0, 0.3882286, 1.448889, 1, 1, 1, False
84.67487, 2021-07-05T15:20:37.7035730+08:00, 0, 0.3882286, 1.448889, 1, 1, 1, False
84.68227, 2021-07-05T15:20:37.7109980+08:00, 0, 0.3882286, 1.448889, 1, 1, 1, False
84.68802, 2021-07-05T15:20:37.7167680+08:00, 0, 0.3882286, 1.448889, 1, 1, 1, False
84.69495, 2021-07-05T15:20:37.7236650+08:00, 0, 0.3882286, 1.448889, 1, 1, 1, False
84.70204, 2021-07-05T15:20:37.7307870+08:00, 0, 0.3882286, 1.448889, 1, 1, 1, False
84.7093, 2021-07-05T15:20:37.7380490+08:00, 0, 0.3882286, 1.448889, 1, 1, 1, False
84.71559, 2021-07-05T15:20:37.7443090+08:00, 0, 0.3882286, 1.448889, 1, 1, 1, False
84.72257, 2021-07-05T15:20:37.7513130+08:00, 0, 0.3882286, 1.448889, 1, 1, 1, False
84.72977, 2021-07-05T15:20:37.7584990+08:00, 0, 0.3882286, 1.448889, 1, 1, 1, False
84.73598, 2021-07-05T15:20:37.7647430+08:00, 0, 0.3882286, 1.448889, 1, 1, 1, False
84.74307, 2021-07-05T15:20:37.7718390+08:00, 0, 0.3882286, 1.448889, 1, 1, 1, False
84.75035, 2021-07-05T15:20:37.7790960+08:00, 0, 0.3882286, 1.448889, 1, 1, 1, False
84.75854, 2021-07-05T15:20:37.7872290+08:00, 0, 0.3882286, 1.448889, 1, 1, 1, False
84.76326, 2021-07-05T15:20:37.7920110+08:00, 0, 0.3882286, 1.448889, 1, 1, 1, False
84.79382, 2021-07-05T15:20:37.8225690+08:00, 0, 0.3882286, 1.448889, 1, 1, 1, False
84.79823, 2021-07-05T15:20:37.8268860+08:00, 0, 0.3882286, 1.448889, 1, 1, 1, False
84.80223, 2021-07-05T15:20:37.8309430+08:00, 0, 0.3882286, 1.448889, 1, 1, 1, False
84.80608, 2021-07-05T15:20:37.8347420+08:00, 0, 0.3882286, 1.448889, 1, 1, 1, False
84.81027, 2021-07-05T15:20:37.8389820+08:00, 0, 0.3882286, 1.448889, 1, 1, 1, False
84.81425, 2021-07-05T15:20:37.8429130+08:00, 0, 0.3882286, 1.448889, 1, 1, 1, False
84.81815, 2021-07-05T15:20:37.8467920+08:00, 0, 0.3882286, 1.448889, 1, 1, 1, False
84.8233, 2021-07-05T15:20:37.8519970+08:00, 0, 0.3882286, 1.448889, 1, 1, 1, False
84.82954, 2021-07-05T15:20:37.8582740+08:00, 0, 0.3882286, 1.448889, 1, 1, 1, False
84.83629, 2021-07-05T15:20:37.8649940+08:00, 0, 0.3882286, 1.448889, 1, 1, 1, False
84.84291, 2021-07-05T15:20:37.8716680+08:00, 0, 0.3882286, 1.448889, 1, 1, 1, False
84.85035, 2021-07-05T15:20:37.8790330+08:00, 0, 0.3882286, 1.448889, 1, 1, 1, False
84.85712, 2021-07-05T15:20:37.8858290+08:00, 0, 0.3882286, 1.448889, 1, 1, 1, False
84.86355, 2021-07-05T15:20:37.8922950+08:00, 0, 0.3882286, 1.448889, 1, 1, 1, False
84.8704, 2021-07-05T15:20:37.8991620+08:00, 0, 0.3882286, 1.448889, 1, 1, 1, False
84.87798, 2021-07-05T15:20:37.9066910+08:00, 0, 0.3882286, 1.448889, 1, 1, 1, False
84.88422, 2021-07-05T15:20:37.9131270+08:00, 0, 0.3882286, 1.448889, 1, 1, 1, False
84.89112, 2021-07-05T15:20:37.9198400+08:00, 0, 0.3882286, 1.448889, 1, 1, 1, False
84.89843, 2021-07-05T15:20:37.9271210+08:00, 0, 0.3882286, 1.448889, 1, 1, 1, False
84.9043, 2021-07-05T15:20:37.9331050+08:00, 0, 0.3882286, 1.448889, 1, 1, 1, False
84.91186, 2021-07-05T15:20:37.9405610+08:00, 0, 0.3882286, 1.448889, 1, 1, 1, False
84.91871, 2021-07-05T15:20:37.9473890+08:00, 0, 0.3882286, 1.448889, 1, 1, 1, False
84.92576, 2021-07-05T15:20:37.9545210+08:00, 0, 0.3882286, 1.448889, 1, 1, 1, False
84.932, 2021-07-05T15:20:37.9607600+08:00, 0, 0.3882286, 1.448889, 1, 1, 1, False
84.93895, 2021-07-05T15:20:37.9676480+08:00, 0, 0.3882286, 1.448889, 1, 1, 1, False
84.94653, 2021-07-05T15:20:37.9752630+08:00, 0, 0.3882286, 1.448889, 1, 1, 1, False
84.95403, 2021-07-05T15:20:37.9865230+08:00, 0, 0.3882286, 1.448889, 1, 1, 1, False
84.96214, 2021-07-05T15:20:37.9908180+08:00, 0, 0.3882286, 1.448889, 1, 1, 1, False
84.96638, 2021-07-05T15:20:37.9950280+08:00, 0, 0.3882286, 1.448889, 1, 1, 1, False
84.97378, 2021-07-05T15:20:38.0024680+08:00, 0, 0.3882286, 1.448889, 1, 1, 1, False
84.98016, 2021-07-05T15:20:38.0088840+08:00, 0, 0.3882286, 1.448889, 1, 1, 1, False
84.98698, 2021-07-05T15:20:38.0157650+08:00, 0, 0.3882286, 1.448889, 1, 1, 1, False
84.99383, 2021-07-05T15:20:38.0225710+08:00, 0, 0.3882286, 1.448889, 1, 1, 1, False
85.00055, 2021-07-05T15:20:38.0294040+08:00, 0, 0.3882286, 1.448889, 1, 1, 1, False
85.00797, 2021-07-05T15:20:38.0366970+08:00, 0, 0.3882286, 1.448889, 1, 1, 1, False
85.01486, 2021-07-05T15:20:38.0436820+08:00, 0, 0.3882286, 1.448889, 1, 1, 1, False
85.02267, 2021-07-05T15:20:38.0514400+08:00, 0, 0.3882286, 1.448889, 1, 1, 1, False
85.03075, 2021-07-05T15:20:38.0594410+08:00, 0, 0.3882286, 1.448889, 1, 1, 1, False
85.0383, 2021-07-05T15:20:38.0669900+08:00, 0, 0.3882286, 1.448889, 1, 1, 1, False
85.04218, 2021-07-05T15:20:38.0708810+08:00, 0, 0.3882286, 1.448889, 1, 1, 1, False
85.04848, 2021-07-05T15:20:38.0771770+08:00, 0, 0.3882286, 1.448889, 1, 1, 1, False
85.0553, 2021-07-05T15:20:38.0840130+08:00, 0, 0.3882286, 1.448889, 1, 1, 1, False
85.06232, 2021-07-05T15:20:38.0910860+08:00, 0, 0.3882286, 1.448889, 1, 1, 1, False
85.06898, 2021-07-05T15:20:38.0977030+08:00, 0, 0.3882286, 1.448889, 1, 1, 1, False
85.07583, 2021-07-05T15:20:38.1045530+08:00, 0, 0.3882286, 1.448889, 1, 1, 1, False
85.08268, 2021-07-05T15:20:38.1115170+08:00, 0, 0.3882286, 1.448889, 1, 1, 1, False
85.09032, 2021-07-05T15:20:38.1190280+08:00, 0, 0.3882286, 1.448889, 1, 1, 1, False
85.09629, 2021-07-05T15:20:38.1250190+08:00, 0, 0.3882286, 1.448889, 1, 1, 1, False
85.10313, 2021-07-05T15:20:38.1319220+08:00, 0, 0.3882286, 1.448889, 1, 1, 1, False
85.11081, 2021-07-05T15:20:38.1394990+08:00, 0, 0.3882286, 1.448889, 1, 1, 1, False
85.1169, 2021-07-05T15:20:38.1457020+08:00, 0, 0.3882286, 1.448889, 1, 1, 1, False
85.12417, 2021-07-05T15:20:38.1529260+08:00, 0, 0.3882286, 1.448889, 1, 1, 1, False
85.13052, 2021-07-05T15:20:38.1592100+08:00, 0, 0.3882286, 1.448889, 1, 1, 1, False
85.13723, 2021-07-05T15:20:38.1659400+08:00, 0, 0.3882286, 1.448889, 1, 1, 1, False
85.14392, 2021-07-05T15:20:38.1727320+08:00, 0, 0.3882286, 1.448889, 1, 1, 1, False
85.15087, 2021-07-05T15:20:38.1796850+08:00, 0, 0.3882286, 1.448889, 1, 1, 1, False
85.15867, 2021-07-05T15:20:38.1873710+08:00, 0, 0.3882286, 1.448889, 1, 1, 1, False
85.16438, 2021-07-05T15:20:38.1931690+08:00, 0, 0.3882286, 1.448889, 1, 1, 1, False
85.17117, 2021-07-05T15:20:38.1999130+08:00, 0, 0.3882286, 1.448889, 1, 1, 1, False
85.1787, 2021-07-05T15:20:38.2073990+08:00, 0, 0.3882286, 1.448889, 1, 1, 1, False
85.1852, 2021-07-05T15:20:38.2139330+08:00, 0, 0.3882286, 1.448889, 1, 1, 1, False
85.19176, 2021-07-05T15:20:38.2204670+08:00, 0, 0.3882286, 1.448889, 1, 1, 1, False
85.19855, 2021-07-05T15:20:38.2272970+08:00, 0, 0.3882286, 1.448889, 1, 1, 1, False
85.20536, 2021-07-05T15:20:38.2340820+08:00, 0, 0.3882286, 1.448889, 1, 1, 1, False
85.21204, 2021-07-05T15:20:38.2407440+08:00, 0, 0.3882286, 1.448889, 1, 1, 1, False
85.21876, 2021-07-05T15:20:38.2474840+08:00, 0, 0.3882286, 1.448889, 1, 1, 1, False
85.22683, 2021-07-05T15:20:38.2556420+08:00, 0, 0.3882286, 1.448889, 1, 1, 1, False
85.23487, 2021-07-05T15:20:38.2636300+08:00, 0, 0.3882286, 1.448889, 1, 1, 1, False
85.24258, 2021-07-05T15:20:38.2713060+08:00, 0, 0.3882286, 1.448889, 1, 1, 1, False
85.2505, 2021-07-05T15:20:38.2792340+08:00, 0, 0.3882286, 1.448889, 1, 1, 1, False
85.25868, 2021-07-05T15:20:38.2873810+08:00, 0, 0.3882286, 1.448889, 1, 1, 1, False
85.26685, 2021-07-05T15:20:38.2956530+08:00, 0, 0.3882286, 1.448889, 1, 1, 1, False
85.27479, 2021-07-05T15:20:38.3035270+08:00, 0, 0.3882286, 1.448889, 1, 1, 1, False
85.28283, 2021-07-05T15:20:38.3115530+08:00, 0, 0.3882286, 1.448889, 1, 1, 1, False
85.29073, 2021-07-05T15:20:38.3194350+08:00, 0, 0.3882286, 1.448889, 1, 1, 1, False
85.29898, 2021-07-05T15:20:38.3277220+08:00, 0, 0.3882286, 1.448889, 1, 1, 1, False
85.30664, 2021-07-05T15:20:38.3353710+08:00, 0, 0.3882286, 1.448889, 1, 1, 1, False
85.3148, 2021-07-05T15:20:38.3435570+08:00, 0, 0.3882286, 1.448889, 1, 1, 1, False
85.32263, 2021-07-05T15:20:38.3513690+08:00, 0, 0.3882286, 1.448889, 1, 1, 1, False
85.32626, 2021-07-05T15:20:38.3549400+08:00, 0, 0.3882286, 1.448889, 1, 1, 1, False
85.3301, 2021-07-05T15:20:38.3587710+08:00, 0, 0.3882286, 1.448889, 1, 1, 1, False
85.33408, 2021-07-05T15:20:38.3627520+08:00, 0, 0.3882286, 1.448889, 1, 1, 1, False
85.33817, 2021-07-05T15:20:38.3668290+08:00, 0, 0.3882286, 1.448889, 1, 1, 1, False
85.34229, 2021-07-05T15:20:38.3709850+08:00, 0, 0.3882286, 1.448889, 1, 1, 1, False
85.34866, 2021-07-05T15:20:38.3773430+08:00, 0, 0.3882286, 1.448889, 1, 1, 1, False
85.35474, 2021-07-05T15:20:38.3834680+08:00, 0, 0.3882286, 1.448889, 1, 1, 1, False
85.36192, 2021-07-05T15:20:38.3906670+08:00, 0, 0.3882286, 1.448889, 1, 1, 1, False
85.36874, 2021-07-05T15:20:38.3974400+08:00, 0, 0.3882286, 1.448889, 1, 1, 1, False
85.37555, 2021-07-05T15:20:38.4042970+08:00, 0, 0.3882286, 1.448889, 1, 1, 1, False
85.38279, 2021-07-05T15:20:38.4115540+08:00, 0, 0.3882286, 1.448889, 1, 1, 1, False
85.39082, 2021-07-05T15:20:38.4195180+08:00, 0, 0.3882286, 1.448889, 1, 1, 1, False
85.39886, 2021-07-05T15:20:38.4275880+08:00, 0, 0.3882286, 1.448889, 1, 1, 1, False
85.4067, 2021-07-05T15:20:38.4354470+08:00, 0, 0.3882286, 1.448889, 1, 1, 1, False
85.41477, 2021-07-05T15:20:38.4434620+08:00, 0, 0.3882286, 1.448889, 1, 1, 1, False
85.41892, 2021-07-05T15:20:38.4475930+08:00, 0, 0.3882286, 1.448889, 1, 1, 1, False
85.42407, 2021-07-05T15:20:38.4528080+08:00, 0, 0.3882286, 1.448889, 1, 1, 1, False
85.43082, 2021-07-05T15:20:38.4594840+08:00, 0, 0.3882286, 1.448889, 1, 1, 1, False
85.43793, 2021-07-05T15:20:38.4666280+08:00, 0, 0.3882286, 1.448889, 1, 1, 1, False
85.44427, 2021-07-05T15:20:38.4729850+08:00, 0, 0.3882286, 1.448889, 1, 1, 1, False
85.45126, 2021-07-05T15:20:38.4799550+08:00, 0, 0.3882286, 1.448889, 1, 1, 1, False
85.45801, 2021-07-05T15:20:38.4867520+08:00, 0, 0.3882286, 1.448889, 1, 1, 1, False
85.46471, 2021-07-05T15:20:38.4934660+08:00, 0, 0.3882286, 1.448889, 1, 1, 1, False
85.47147, 2021-07-05T15:20:38.5002220+08:00, 0, 0.3882286, 1.448889, 1, 1, 1, False
85.47871, 2021-07-05T15:20:38.5074020+08:00, 0, 0.3882286, 1.448889, 1, 1, 1, False
85.48516, 2021-07-05T15:20:38.5140600+08:00, 0, 0.3882286, 1.448889, 1, 1, 1, False
85.49218, 2021-07-05T15:20:38.5209040+08:00, 0, 0.3882286, 1.448889, 1, 1, 1, False
85.49888, 2021-07-05T15:20:38.5276270+08:00, 0, 0.3882286, 1.448889, 1, 1, 1, False
85.50628, 2021-07-05T15:20:38.5350340+08:00, 0, 0.3882286, 1.448889, 1, 1, 1, False
85.51322, 2021-07-05T15:20:38.5419030+08:00, 0, 0.3882286, 1.448889, 1, 1, 1, False
85.51958, 2021-07-05T15:20:38.5482750+08:00, 0, 0.3882286, 1.448889, 1, 1, 1, False
85.52637, 2021-07-05T15:20:38.5551120+08:00, 0, 0.3882286, 1.448889, 1, 1, 1, False
85.53324, 2021-07-05T15:20:38.5619910+08:00, 0, 0.3882286, 1.448889, 1, 1, 1, False
85.54008, 2021-07-05T15:20:38.5688300+08:00, 0, 0.3882286, 1.448889, 1, 1, 1, False
85.54675, 2021-07-05T15:20:38.5754350+08:00, 0, 0.3882286, 1.448889, 1, 1, 1, False
85.55359, 2021-07-05T15:20:38.5822890+08:00, 0, 0.3882286, 1.448889, 1, 1, 1, False
85.56109, 2021-07-05T15:20:38.5898240+08:00, 0, 0.3882286, 1.448889, 1, 1, 1, False
85.56736, 2021-07-05T15:20:38.5961430+08:00, 0, 0.3882286, 1.448889, 1, 1, 1, False
85.57469, 2021-07-05T15:20:38.6033690+08:00, 0, 0.3882286, 1.448889, 1, 1, 1, False
85.58162, 2021-07-05T15:20:38.6103700+08:00, 0, 0.3882286, 1.448889, 1, 1, 1, False
85.58789, 2021-07-05T15:20:38.6166320+08:00, 0, 0.3882286, 1.448889, 1, 1, 1, False
85.59471, 2021-07-05T15:20:38.6234320+08:00, 0, 0.3882286, 1.448889, 1, 1, 1, False
85.60168, 2021-07-05T15:20:38.6304370+08:00, 0, 0.3882286, 1.448889, 1, 1, 1, False
85.60913, 2021-07-05T15:20:38.6378460+08:00, 0, 0.3882286, 1.448889, 1, 1, 1, False
85.61544, 2021-07-05T15:20:38.6441680+08:00, 0, 0.3882286, 1.448889, 1, 1, 1, False
85.62263, 2021-07-05T15:20:38.6513590+08:00, 0, 0.3882286, 1.448889, 1, 1, 1, False
85.62946, 2021-07-05T15:20:38.6581600+08:00, 0, 0.3882286, 1.448889, 1, 1, 1, False
85.63572, 2021-07-05T15:20:38.6644960+08:00, 0, 0.3882286, 1.448889, 1, 1, 1, False
85.6427, 2021-07-05T15:20:38.6714380+08:00, 0, 0.3882286, 1.448889, 1, 1, 1, False
85.64935, 2021-07-05T15:20:38.6780880+08:00, 0, 0.3882286, 1.448889, 1, 1, 1, False
85.6713, 2021-07-05T15:20:38.7000570+08:00, 0, 0.3882286, 1.448889, 1, 1, 1, False
85.67876, 2021-07-05T15:20:38.7074340+08:00, 0, 0.3882286, 1.448889, 1, 1, 1, False
85.68232, 2021-07-05T15:20:38.7110350+08:00, 0, 0.3882286, 1.448889, 1, 1, 1, False
85.68599, 2021-07-05T15:20:38.7146430+08:00, 0, 0.3882286, 1.448889, 1, 1, 1, False
85.69025, 2021-07-05T15:20:38.7189140+08:00, 0, 0.3882286, 1.448889, 1, 1, 1, False
85.69413, 2021-07-05T15:20:38.7227860+08:00, 0, 0.3882286, 1.448889, 1, 1, 1, False
85.69823, 2021-07-05T15:20:38.7269260+08:00, 0, 0.3882286, 1.448889, 1, 1, 1, False
85.70351, 2021-07-05T15:20:38.7322770+08:00, 0, 0.3882286, 1.448889, 1, 1, 1, False
85.71069, 2021-07-05T15:20:38.7393770+08:00, 0, 0.3882286, 1.448889, 1, 1, 1, False
85.71706, 2021-07-05T15:20:38.7457820+08:00, 0, 0.3882286, 1.448889, 1, 1, 1, False
85.72382, 2021-07-05T15:20:38.7526160+08:00, 0, 0.3882286, 1.448889, 1, 1, 1, False
85.73089, 2021-07-05T15:20:38.7596240+08:00, 0, 0.3882286, 1.448889, 1, 1, 1, False
85.7382, 2021-07-05T15:20:38.7669220+08:00, 0, 0.3882286, 1.448889, 1, 1, 1, False
85.74409, 2021-07-05T15:20:38.7728710+08:00, 0, 0.3882286, 1.448889, 1, 1, 1, False
85.75096, 2021-07-05T15:20:38.7797620+08:00, 0, 0.3882286, 1.448889, 1, 1, 1, False
85.75883, 2021-07-05T15:20:38.7875460+08:00, 0, 0.3882286, 1.448889, 1, 1, 1, False
85.7668, 2021-07-05T15:20:38.7955790+08:00, 0, 0.3882286, 1.448889, 1, 1, 1, False
85.77485, 2021-07-05T15:20:38.8035530+08:00, 0, 0.3882286, 1.448889, 1, 1, 1, False
85.78263, 2021-07-05T15:20:38.8113710+08:00, 0, 0.3882286, 1.448889, 1, 1, 1, False
85.79069, 2021-07-05T15:20:38.8194120+08:00, 0, 0.3882286, 1.448889, 1, 1, 1, False
85.79883, 2021-07-05T15:20:38.8275950+08:00, 0, 0.3882286, 1.448889, 1, 1, 1, False
85.80668, 2021-07-05T15:20:38.8354240+08:00, 0, 0.3882286, 1.448889, 1, 1, 1, False
85.81042, 2021-07-05T15:20:38.8390990+08:00, 0, 0.3882286, 1.448889, 1, 1, 1, False
85.81412, 2021-07-05T15:20:38.8427770+08:00, 0, 0.3882286, 1.448889, 1, 1, 1, False
85.81929, 2021-07-05T15:20:38.8480130+08:00, 0, 0.3882286, 1.448889, 1, 1, 1, False
85.82635, 2021-07-05T15:20:38.8551640+08:00, 0, 0.3882286, 1.448889, 1, 1, 1, False
85.83315, 2021-07-05T15:20:38.8618720+08:00, 0, 0.3882286, 1.448889, 1, 1, 1, False
85.84013, 2021-07-05T15:20:38.8688950+08:00, 0, 0.3882286, 1.448889, 1, 1, 1, False
85.84674, 2021-07-05T15:20:38.8755040+08:00, 0, 0.3882286, 1.448889, 1, 1, 1, False
85.8533, 2021-07-05T15:20:38.8820100+08:00, 0, 0.3882286, 1.448889, 1, 1, 1, False
85.85985, 2021-07-05T15:20:38.8886020+08:00, 0, 0.3882286, 1.448889, 1, 1, 1, False
85.86681, 2021-07-05T15:20:38.8957190+08:00, 0, 0.3882286, 1.448889, 1, 1, 1, False
85.87444, 2021-07-05T15:20:38.9031540+08:00, 0, 0.3882286, 1.448889, 1, 1, 1, False
85.88017, 2021-07-05T15:20:38.9089710+08:00, 0, 0.3882286, 1.448889, 1, 1, 1, False
85.88704, 2021-07-05T15:20:38.9157970+08:00, 0, 0.3882286, 1.448889, 1, 1, 1, False
85.89455, 2021-07-05T15:20:38.9232600+08:00, 0, 0.3882286, 1.448889, 1, 1, 1, False
85.90077, 2021-07-05T15:20:38.9296850+08:00, 0, 0.3882286, 1.448889, 1, 1, 1, False
85.90762, 2021-07-05T15:20:38.9363230+08:00, 0, 0.3882286, 1.448889, 1, 1, 1, False
85.91508, 2021-07-05T15:20:38.9437820+08:00, 0, 0.3882286, 1.448889, 1, 1, 1, False
85.92214, 2021-07-05T15:20:38.9508860+08:00, 0, 0.3882286, 1.448889, 1, 1, 1, False
85.92877, 2021-07-05T15:20:38.9574760+08:00, 0, 0.3882286, 1.448889, 1, 1, 1, False
85.93508, 2021-07-05T15:20:38.9638470+08:00, 0, 0.3882286, 1.448889, 1, 1, 1, False
85.94237, 2021-07-05T15:20:38.9758510+08:00, 0, 0.3882286, 1.448889, 1, 1, 1, False
85.9503, 2021-07-05T15:20:38.9789860+08:00, 0, 0.3882286, 1.448889, 1, 1, 1, False
85.95621, 2021-07-05T15:20:38.9848910+08:00, 0, 0.3882286, 1.448889, 1, 1, 1, False
85.96273, 2021-07-05T15:20:38.9914570+08:00, 0, 0.3882286, 1.448889, 1, 1, 1, False
85.96936, 2021-07-05T15:20:38.9981040+08:00, 0, 0.3882286, 1.448889, 1, 1, 1, False
85.97689, 2021-07-05T15:20:39.0056000+08:00, 0, 0.3882286, 1.448889, 1, 1, 1, False
85.98316, 2021-07-05T15:20:39.0119850+08:00, 0, 0.3882286, 1.448889, 1, 1, 1, False
85.99071, 2021-07-05T15:20:39.0194160+08:00, 0, 0.3882286, 1.448889, 1, 1, 1, False
85.99633, 2021-07-05T15:20:39.0251280+08:00, 0, 0.3882286, 1.448889, 1, 1, 1, False
86.00346, 2021-07-05T15:20:39.0322410+08:00, 0, 0.3882286, 1.448889, 1, 1, 1, False
86.01046, 2021-07-05T15:20:39.0391690+08:00, 0, 0.3882286, 1.448889, 1, 1, 1, False
86.01713, 2021-07-05T15:20:39.0458520+08:00, 0, 0.3882286, 1.448889, 1, 1, 1, False
86.02389, 2021-07-05T15:20:39.0526750+08:00, 0, 0.3882286, 1.448889, 1, 1, 1, False
86.03072, 2021-07-05T15:20:39.0594200+08:00, 0, 0.3882286, 1.448889, 1, 1, 1, False
86.03765, 2021-07-05T15:20:39.0663910+08:00, 0, 0.3882286, 1.448889, 1, 1, 1, False
86.04507, 2021-07-05T15:20:39.0738160+08:00, 0, 0.3882286, 1.448889, 1, 1, 1, False
86.05128, 2021-07-05T15:20:39.0800830+08:00, 0, 0.3882286, 1.448889, 1, 1, 1, False
86.05867, 2021-07-05T15:20:39.0873720+08:00, 0, 0.3882286, 1.448889, 1, 1, 1, False
86.06459, 2021-07-05T15:20:39.0933610+08:00, 0, 0.3882286, 1.448889, 1, 1, 1, False
86.07158, 2021-07-05T15:20:39.1002830+08:00, 0, 0.3882286, 1.448889, 1, 1, 1, False
86.07876, 2021-07-05T15:20:39.1074560+08:00, 0, 0.3882286, 1.448889, 1, 1, 1, False
86.08528, 2021-07-05T15:20:39.1141080+08:00, 0, 0.3882286, 1.448889, 1, 1, 1, False
86.09204, 2021-07-05T15:20:39.1207880+08:00, 0, 0.3882286, 1.448889, 1, 1, 1, False
86.09902, 2021-07-05T15:20:39.1277390+08:00, 0, 0.3882286, 1.448889, 1, 1, 1, False
86.10651, 2021-07-05T15:20:39.1352730+08:00, 0, 0.3882286, 1.448889, 1, 1, 1, False
86.1123, 2021-07-05T15:20:39.1410280+08:00, 0, 0.3882286, 1.448889, 1, 1, 1, False
86.11918, 2021-07-05T15:20:39.1479230+08:00, 0, 0.3882286, 1.448889, 1, 1, 1, False
86.1266, 2021-07-05T15:20:39.1553560+08:00, 0, 0.3882286, 1.448889, 1, 1, 1, False
86.13341, 2021-07-05T15:20:39.1621240+08:00, 0, 0.3882286, 1.448889, 1, 1, 1, False
86.13989, 2021-07-05T15:20:39.1685920+08:00, 0, 0.3882286, 1.448889, 1, 1, 1, False
86.14635, 2021-07-05T15:20:39.1750670+08:00, 0, 0.3882286, 1.448889, 1, 1, 1, False
86.15308, 2021-07-05T15:20:39.1818020+08:00, 0, 0.3882286, 1.448889, 1, 1, 1, False
86.15987, 2021-07-05T15:20:39.1886280+08:00, 0, 0.3882286, 1.448889, 1, 1, 1, False
86.16697, 2021-07-05T15:20:39.1958250+08:00, 0, 0.3882286, 1.448889, 1, 1, 1, False
86.17462, 2021-07-05T15:20:39.2033220+08:00, 0, 0.3882286, 1.448889, 1, 1, 1, False
86.18008, 2021-07-05T15:20:39.2088640+08:00, 0, 0.3882286, 1.448889, 1, 1, 1, False
86.187, 2021-07-05T15:20:39.2157640+08:00, 0, 0.3882286, 1.448889, 1, 1, 1, False
86.19445, 2021-07-05T15:20:39.2231530+08:00, 0, 0.3882286, 1.448889, 1, 1, 1, False
86.20081, 2021-07-05T15:20:39.2296460+08:00, 0, 0.3882286, 1.448889, 1, 1, 1, False
86.20768, 2021-07-05T15:20:39.2363930+08:00, 0, 0.3882286, 1.448889, 1, 1, 1, False
86.21493, 2021-07-05T15:20:39.2436520+08:00, 0, 0.3882286, 1.448889, 1, 1, 1, False
86.22245, 2021-07-05T15:20:39.2511920+08:00, 0, 0.3882286, 1.448889, 1, 1, 1, False
86.22808, 2021-07-05T15:20:39.2568100+08:00, 0, 0.3882286, 1.448889, 1, 1, 1, False
86.23526, 2021-07-05T15:20:39.2639740+08:00, 0, 0.3882286, 1.448889, 1, 1, 1, False
86.24281, 2021-07-05T15:20:39.2715140+08:00, 0, 0.3882286, 1.448889, 1, 1, 1, False
86.2484, 2021-07-05T15:20:39.2771390+08:00, 0, 0.3882286, 1.448889, 1, 1, 1, False
86.25516, 2021-07-05T15:20:39.2838760+08:00, 0, 0.3882286, 1.448889, 1, 1, 1, False
86.26188, 2021-07-05T15:20:39.2906090+08:00, 0, 0.3882286, 1.448889, 1, 1, 1, False
86.26866, 2021-07-05T15:20:39.2974150+08:00, 0, 0.3882286, 1.448889, 1, 1, 1, False
86.27623, 2021-07-05T15:20:39.3049370+08:00, 0, 0.3882286, 1.448889, 1, 1, 1, False
86.28283, 2021-07-05T15:20:39.3115620+08:00, 0, 0.3882286, 1.448889, 1, 1, 1, False
86.29073, 2021-07-05T15:20:39.3194210+08:00, 0, 0.3882286, 1.448889, 1, 1, 1, False
86.29592, 2021-07-05T15:20:39.3246670+08:00, 0, 0.3882286, 1.448889, 1, 1, 1, False
86.30286, 2021-07-05T15:20:39.3316250+08:00, 0, 0.3882286, 1.448889, 1, 1, 1, False
86.30972, 2021-07-05T15:20:39.3384600+08:00, 0, 0.3882286, 1.448889, 1, 1, 1, False
86.31659, 2021-07-05T15:20:39.3453680+08:00, 0, 0.3882286, 1.448889, 1, 1, 1, False
86.32372, 2021-07-05T15:20:39.3524830+08:00, 0, 0.3882286, 1.448889, 1, 1, 1, False
86.33061, 2021-07-05T15:20:39.3593230+08:00, 0, 0.3882286, 1.448889, 1, 1, 1, False
86.33692, 2021-07-05T15:20:39.3656620+08:00, 0, 0.3882286, 1.448889, 1, 1, 1, False
86.34431, 2021-07-05T15:20:39.3730890+08:00, 0, 0.3882286, 1.448889, 1, 1, 1, False
86.35059, 2021-07-05T15:20:39.3793760+08:00, 0, 0.3882286, 1.448889, 1, 1, 1, False
86.35749, 2021-07-05T15:20:39.3862350+08:00, 0, 0.3882286, 1.448889, 1, 1, 1, False
86.36478, 2021-07-05T15:20:39.3936000+08:00, 0, 0.3882286, 1.448889, 1, 1, 1, False
86.37109, 2021-07-05T15:20:39.3998210+08:00, 0, 0.3882286, 1.448889, 1, 1, 1, False
86.37788, 2021-07-05T15:20:39.4065950+08:00, 0, 0.3882286, 1.448889, 1, 1, 1, False
86.38465, 2021-07-05T15:20:39.4134330+08:00, 0, 0.3882286, 1.448889, 1, 1, 1, False
86.39232, 2021-07-05T15:20:39.4210610+08:00, 0, 0.3882286, 1.448889, 1, 1, 1, False
86.39883, 2021-07-05T15:20:39.4275660+08:00, 0, 0.3882286, 1.448889, 1, 1, 1, False
86.40668, 2021-07-05T15:20:39.4354110+08:00, 0, 0.3882286, 1.448889, 1, 1, 1, False
86.41183, 2021-07-05T15:20:39.4405940+08:00, 0, 0.3882286, 1.448889, 1, 1, 1, False
86.41881, 2021-07-05T15:20:39.4475430+08:00, 0, 0.3882286, 1.448889, 1, 1, 1, False
86.42654, 2021-07-05T15:20:39.4552820+08:00, 0, 0.3882286, 1.448889, 1, 1, 1, False
86.43304, 2021-07-05T15:20:39.4617750+08:00, 0, 0.3882286, 1.448889, 1, 1, 1, False
86.44022, 2021-07-05T15:20:39.4689590+08:00, 0, 0.3882286, 1.448889, 1, 1, 1, False
86.44675, 2021-07-05T15:20:39.4754550+08:00, 0, 0.3882286, 1.448889, 1, 1, 1, False
86.45348, 2021-07-05T15:20:39.4822440+08:00, 0, 0.3882286, 1.448889, 1, 1, 1, False
86.46102, 2021-07-05T15:20:39.4897880+08:00, 0, 0.3882286, 1.448889, 1, 1, 1, False
86.46725, 2021-07-05T15:20:39.4959630+08:00, 0, 0.3882286, 1.448889, 1, 1, 1, False
86.47446, 2021-07-05T15:20:39.5031630+08:00, 0, 0.3882286, 1.448889, 1, 1, 1, False
86.48167, 2021-07-05T15:20:39.5104730+08:00, 0, 0.3882286, 1.448889, 1, 1, 1, False
86.488, 2021-07-05T15:20:39.5167730+08:00, 0, 0.3882286, 1.448889, 1, 1, 1, False
86.49477, 2021-07-05T15:20:39.5235010+08:00, 0, 0.3882286, 1.448889, 1, 1, 1, False
86.50159, 2021-07-05T15:20:39.5304590+08:00, 0, 0.3882286, 1.448889, 1, 1, 1, False
86.50841, 2021-07-05T15:20:39.5373070+08:00, 0, 0.3882286, 1.448889, 1, 1, 1, False
86.51578, 2021-07-05T15:20:39.5446050+08:00, 0, 0.3882286, 1.448889, 1, 1, 1, False
86.54788, 2021-07-05T15:20:39.5766940+08:00, 0, 0.3882286, 1.448889, 1, 1, 1, False
86.55452, 2021-07-05T15:20:39.5834500+08:00, 0, 0.3882286, 1.448889, 1, 1, 1, False
86.56248, 2021-07-05T15:20:39.5913850+08:00, 0, 0.3882286, 1.448889, 1, 1, 1, False
86.57045, 2021-07-05T15:20:39.5991760+08:00, 0, 0.3882286, 1.448889, 1, 1, 1, False
86.57813, 2021-07-05T15:20:39.6068260+08:00, 0, 0.3882286, 1.448889, 1, 1, 1, False
86.58239, 2021-07-05T15:20:39.6110860+08:00, 0, 0.3882286, 1.448889, 1, 1, 1, False
86.58611, 2021-07-05T15:20:39.6148130+08:00, 0, 0.3882286, 1.448889, 1, 1, 1, False
86.59005, 2021-07-05T15:20:39.6187320+08:00, 0, 0.3882286, 1.448889, 1, 1, 1, False
86.59449, 2021-07-05T15:20:39.6231940+08:00, 0, 0.3882286, 1.448889, 1, 1, 1, False
86.60241, 2021-07-05T15:20:39.6311760+08:00, 0, 0.3882286, 1.448889, 1, 1, 1, False
86.61103, 2021-07-05T15:20:39.6398130+08:00, 0, 0.3882286, 1.448889, 1, 1, 1, False
86.61849, 2021-07-05T15:20:39.6472340+08:00, 0, 0.3882286, 1.448889, 1, 1, 1, False
86.6262, 2021-07-05T15:20:39.6549670+08:00, 0, 0.3882286, 1.448889, 1, 1, 1, False
86.63029, 2021-07-05T15:20:39.6589900+08:00, 0, 0.3882286, 1.448889, 1, 1, 1, False
86.63871, 2021-07-05T15:20:39.6675710+08:00, 0, 0.3882286, 1.448889, 1, 1, 1, False
86.6467, 2021-07-05T15:20:39.6755660+08:00, 0, 0.3882286, 1.448889, 1, 1, 1, False
86.65445, 2021-07-05T15:20:39.6831760+08:00, 0, 0.3882286, 1.448889, 1, 1, 1, False
86.66232, 2021-07-05T15:20:39.6910750+08:00, 0, 0.3882286, 1.448889, 1, 1, 1, False
86.67036, 2021-07-05T15:20:39.6990690+08:00, 0, 0.3882286, 1.448889, 1, 1, 1, False
86.67406, 2021-07-05T15:20:39.7027150+08:00, 0, 0.3882286, 1.448889, 1, 1, 1, False
86.67882, 2021-07-05T15:20:39.7078140+08:00, 0, 0.3882286, 1.448889, 1, 1, 1, False
86.6868, 2021-07-05T15:20:39.7156930+08:00, 0, 0.3882286, 1.448889, 1, 1, 1, False
86.69521, 2021-07-05T15:20:39.7240280+08:00, 0, 0.3882286, 1.448889, 1, 1, 1, False
86.70275, 2021-07-05T15:20:39.7315730+08:00, 0, 0.3882286, 1.448889, 1, 1, 1, False
86.71033, 2021-07-05T15:20:39.7391130+08:00, 0, 0.3882286, 1.448889, 1, 1, 1, False
86.718, 2021-07-05T15:20:39.7468170+08:00, 0, 0.3882286, 1.448889, 1, 1, 1, False
86.7253, 2021-07-05T15:20:39.7540300+08:00, 0, 0.3882286, 1.448889, 1, 1, 1, False
86.73186, 2021-07-05T15:20:39.7606210+08:00, 0, 0.3882286, 1.448889, 1, 1, 1, False
86.7393, 2021-07-05T15:20:39.7679910+08:00, 0, 0.3882286, 1.448889, 1, 1, 1, False
86.74571, 2021-07-05T15:20:39.7745400+08:00, 0, 0.3882286, 1.448889, 1, 1, 1, False
86.75319, 2021-07-05T15:20:39.7820010+08:00, 0, 0.3882286, 1.448889, 1, 1, 1, False
86.76025, 2021-07-05T15:20:39.7891030+08:00, 0, 0.3882286, 1.448889, 1, 1, 1, False
86.76805, 2021-07-05T15:20:39.7969410+08:00, 0, 0.3882286, 1.448889, 1, 1, 1, False
86.77557, 2021-07-05T15:20:39.8042810+08:00, 0, 0.3882286, 1.448889, 1, 1, 1, False
86.78274, 2021-07-05T15:20:39.8114590+08:00, 0, 0.3882286, 1.448889, 1, 1, 1, False
86.78968, 2021-07-05T15:20:39.8184260+08:00, 0, 0.3882286, 1.448889, 1, 1, 1, False
86.79781, 2021-07-05T15:20:39.8265550+08:00, 0, 0.3882286, 1.448889, 1, 1, 1, False
86.80449, 2021-07-05T15:20:39.8334120+08:00, 0, 0.3882286, 1.448889, 1, 1, 1, False
86.81174, 2021-07-05T15:20:39.8405110+08:00, 0, 0.3882286, 1.448889, 1, 1, 1, False
86.81937, 2021-07-05T15:20:39.8480860+08:00, 0, 0.3882286, 1.448889, 1, 1, 1, False
86.82593, 2021-07-05T15:20:39.8547840+08:00, 0, 0.3882286, 1.448889, 1, 1, 1, False
86.83318, 2021-07-05T15:20:39.8619180+08:00, 0, 0.3882286, 1.448889, 1, 1, 1, False
86.84042, 2021-07-05T15:20:39.8692160+08:00, 0, 0.3882286, 1.448889, 1, 1, 1, False
86.84807, 2021-07-05T15:20:39.8768000+08:00, 0, 0.3882286, 1.448889, 1, 1, 1, False
86.85513, 2021-07-05T15:20:39.8838320+08:00, 0, 0.3882286, 1.448889, 1, 1, 1, False
86.86207, 2021-07-05T15:20:39.8908390+08:00, 0, 0.3882286, 1.448889, 1, 1, 1, False
86.86861, 2021-07-05T15:20:39.8973600+08:00, 0, 0.3882286, 1.448889, 1, 1, 1, False
86.87566, 2021-07-05T15:20:39.9043890+08:00, 0, 0.3882286, 1.448889, 1, 1, 1, False
86.88269, 2021-07-05T15:20:39.9114610+08:00, 0, 0.3882286, 1.448889, 1, 1, 1, False
86.89085, 2021-07-05T15:20:39.9195890+08:00, 0, 0.3882286, 1.448889, 1, 1, 1, False
86.8983, 2021-07-05T15:20:39.9270130+08:00, 0, 0.3882286, 1.448889, 1, 1, 1, False
86.9043, 2021-07-05T15:20:39.9331490+08:00, 0, 0.3882286, 1.448889, 1, 1, 1, False
86.91208, 2021-07-05T15:20:39.9408010+08:00, 0, 0.3882286, 1.448889, 1, 1, 1, False
86.91888, 2021-07-05T15:20:39.9476110+08:00, 0, 0.3882286, 1.448889, 1, 1, 1, False
86.92645, 2021-07-05T15:20:39.9552440+08:00, 0, 0.3882286, 1.448889, 1, 1, 1, False
86.93318, 2021-07-05T15:20:39.9619310+08:00, 0, 0.3882286, 1.448889, 1, 1, 1, False
86.94048, 2021-07-05T15:20:39.9692870+08:00, 0, 0.3882286, 1.448889, 1, 1, 1, False
86.94675, 2021-07-05T15:20:39.9755160+08:00, 0, 0.3882286, 1.448889, 1, 1, 1, False
86.95406, 2021-07-05T15:20:39.9828210+08:00, 0, 0.3882286, 1.448889, 1, 1, 1, False
86.9611, 2021-07-05T15:20:39.9899230+08:00, 0, 0.3882286, 1.448889, 1, 1, 1, False
86.96839, 2021-07-05T15:20:39.9971720+08:00, 0, 0.3882286, 1.448889, 1, 1, 1, False
86.9774, 2021-07-05T15:20:40.0062370+08:00, 0, 0.3882286, 1.448889, 1, 1, 1, False
86.98254, 2021-07-05T15:20:40.0144750+08:00, 0, 0.3882286, 1.448889, 1, 1, 1, False
86.99065, 2021-07-05T15:20:40.0195360+08:00, 0, 0.3882286, 1.448889, 1, 1, 1, False
87.00465, 2021-07-05T15:20:40.0336420+08:00, 0, 0.3882286, 1.448889, 1, 1, 1, False
87.01061, 2021-07-05T15:20:40.0395070+08:00, 0, 0.3882286, 1.448889, 1, 1, 1, False
87.0192, 2021-07-05T15:20:40.0480610+08:00, 0, 0.3882286, 1.448889, 1, 1, 1, False
87.02641, 2021-07-05T15:20:40.0552890+08:00, 0, 0.3882286, 1.448889, 1, 1, 1, False
87.03027, 2021-07-05T15:20:40.0589540+08:00, 0, 0.3882286, 1.448889, 1, 1, 1, False
87.03711, 2021-07-05T15:20:40.0658100+08:00, 0, 0.3882286, 1.448889, 1, 1, 1, False
87.04417, 2021-07-05T15:20:40.0729410+08:00, 0, 0.3882286, 1.448889, 1, 1, 1, False
87.05235, 2021-07-05T15:20:40.0813020+08:00, 0, 0.3882286, 1.448889, 1, 1, 1, False
87.06282, 2021-07-05T15:20:40.0916170+08:00, 0, 0.3882286, 1.448889, 1, 1, 1, False
87.07047, 2021-07-05T15:20:40.0991380+08:00, 0, 0.3882286, 1.448889, 1, 1, 1, False
87.0751, 2021-07-05T15:20:40.1038620+08:00, 0, 0.3882286, 1.448889, 1, 1, 1, False
87.08284, 2021-07-05T15:20:40.1115910+08:00, 0, 0.3882286, 1.448889, 1, 1, 1, False
87.09074, 2021-07-05T15:20:40.1194330+08:00, 0, 0.3882286, 1.448889, 1, 1, 1, False
87.09659, 2021-07-05T15:20:40.1254320+08:00, 0, 0.3882286, 1.448889, 1, 1, 1, False
87.1042, 2021-07-05T15:20:40.1331240+08:00, 0, 0.3882286, 1.448889, 1, 1, 1, False
87.11143, 2021-07-05T15:20:40.1402750+08:00, 0, 0.3882286, 1.448889, 1, 1, 1, False
87.1188, 2021-07-05T15:20:40.1475740+08:00, 0, 0.3882286, 1.448889, 1, 1, 1, False
87.12592, 2021-07-05T15:20:40.1547320+08:00, 0, 0.3882286, 1.448889, 1, 1, 1, False
87.13313, 2021-07-05T15:20:40.1618840+08:00, 0, 0.3882286, 1.448889, 1, 1, 1, False
87.1408, 2021-07-05T15:20:40.1695970+08:00, 0, 0.3882286, 1.448889, 1, 1, 1, False
87.14748, 2021-07-05T15:20:40.1762160+08:00, 0, 0.3882286, 1.448889, 1, 1, 1, False
87.15484, 2021-07-05T15:20:40.1835560+08:00, 0, 0.3882286, 1.448889, 1, 1, 1, False
87.16158, 2021-07-05T15:20:40.1905150+08:00, 0, 0.3882286, 1.448889, 1, 1, 1, False
87.16914, 2021-07-05T15:20:40.1979140+08:00, 0, 0.3882286, 1.448889, 1, 1, 1, False
87.17634, 2021-07-05T15:20:40.2051030+08:00, 0, 0.3882286, 1.448889, 1, 1, 1, False
87.18367, 2021-07-05T15:20:40.2124870+08:00, 0, 0.3882286, 1.448889, 1, 1, 1, False
87.1912, 2021-07-05T15:20:40.2199660+08:00, 0, 0.3882286, 1.448889, 1, 1, 1, False
87.19864, 2021-07-05T15:20:40.2274440+08:00, 0, 0.3882286, 1.448889, 1, 1, 1, False
87.20631, 2021-07-05T15:20:40.2351520+08:00, 0, 0.3882286, 1.448889, 1, 1, 1, False
87.21333, 2021-07-05T15:20:40.2420650+08:00, 0, 0.3882286, 1.448889, 1, 1, 1, False
87.21991, 2021-07-05T15:20:40.2487180+08:00, 0, 0.3882286, 1.448889, 1, 1, 1, False
87.22717, 2021-07-05T15:20:40.2559390+08:00, 0, 0.3882286, 1.448889, 1, 1, 1, False
87.23461, 2021-07-05T15:20:40.2633510+08:00, 0, 0.3882286, 1.448889, 1, 1, 1, False
87.24119, 2021-07-05T15:20:40.2699970+08:00, 0, 0.3882286, 1.448889, 1, 1, 1, False
87.24821, 2021-07-05T15:20:40.2770000+08:00, 0, 0.3882286, 1.448889, 1, 1, 1, False
87.25541, 2021-07-05T15:20:40.2842060+08:00, 0, 0.3882286, 1.448889, 1, 1, 1, False
87.26251, 2021-07-05T15:20:40.2913630+08:00, 0, 0.3882286, 1.448889, 1, 1, 1, False
87.26984, 2021-07-05T15:20:40.2986240+08:00, 0, 0.3882286, 1.448889, 1, 1, 1, False
87.27706, 2021-07-05T15:20:40.3058000+08:00, 0, 0.3882286, 1.448889, 1, 1, 1, False
87.28423, 2021-07-05T15:20:40.3130820+08:00, 0, 0.3882286, 1.448889, 1, 1, 1, False
87.29108, 2021-07-05T15:20:40.3198620+08:00, 0, 0.3882286, 1.448889, 1, 1, 1, False
87.29848, 2021-07-05T15:20:40.3271990+08:00, 0, 0.3882286, 1.448889, 1, 1, 1, False
87.3056, 2021-07-05T15:20:40.3345390+08:00, 0, 0.3882286, 1.448889, 1, 1, 1, False
87.31365, 2021-07-05T15:20:40.3423760+08:00, 0, 0.3882286, 1.448889, 1, 1, 1, False
87.32016, 2021-07-05T15:20:40.3489930+08:00, 0, 0.3882286, 1.448889, 1, 1, 1, False
87.32749, 2021-07-05T15:20:40.3562640+08:00, 0, 0.3882286, 1.448889, 1, 1, 1, False
87.33469, 2021-07-05T15:20:40.3634700+08:00, 0, 0.3882286, 1.448889, 1, 1, 1, False
87.34203, 2021-07-05T15:20:40.3708180+08:00, 0, 0.3882286, 1.448889, 1, 1, 1, False
87.34897, 2021-07-05T15:20:40.3777300+08:00, 0, 0.3882286, 1.448889, 1, 1, 1, False
87.35652, 2021-07-05T15:20:40.3852600+08:00, 0, 0.3882286, 1.448889, 1, 1, 1, False
87.36315, 2021-07-05T15:20:40.3920150+08:00, 0, 0.3882286, 1.448889, 1, 1, 1, False
87.37058, 2021-07-05T15:20:40.3993320+08:00, 0, 0.3882286, 1.448889, 1, 1, 1, False
87.37753, 2021-07-05T15:20:40.4062690+08:00, 0, 0.3882286, 1.448889, 1, 1, 1, False
87.38481, 2021-07-05T15:20:40.4136770+08:00, 0, 0.3882286, 1.448889, 1, 1, 1, False
87.39179, 2021-07-05T15:20:40.4205310+08:00, 0, 0.3882286, 1.448889, 1, 1, 1, False
87.3997, 2021-07-05T15:20:40.4284520+08:00, 0, 0.3882286, 1.448889, 1, 1, 1, False
87.40677, 2021-07-05T15:20:40.4355190+08:00, 0, 0.3882286, 1.448889, 1, 1, 1, False
87.41414, 2021-07-05T15:20:40.4428730+08:00, 0, 0.3882286, 1.448889, 1, 1, 1, False
87.42072, 2021-07-05T15:20:40.4495430+08:00, 0, 0.3882286, 1.448889, 1, 1, 1, False
87.42787, 2021-07-05T15:20:40.4565910+08:00, 0, 0.3882286, 1.448889, 1, 1, 1, False
87.43494, 2021-07-05T15:20:40.4637190+08:00, 0, 0.3882286, 1.448889, 1, 1, 1, False
87.44279, 2021-07-05T15:20:40.4715640+08:00, 0, 0.3882286, 1.448889, 1, 1, 1, False
87.45024, 2021-07-05T15:20:40.4789780+08:00, 0, 0.3882286, 1.448889, 1, 1, 1, False
87.45621, 2021-07-05T15:20:40.4850010+08:00, 0, 0.3882286, 1.448889, 1, 1, 1, False
87.46338, 2021-07-05T15:20:40.4921420+08:00, 0, 0.3882286, 1.448889, 1, 1, 1, False
87.47054, 2021-07-05T15:20:40.4993170+08:00, 0, 0.3882286, 1.448889, 1, 1, 1, False
87.47853, 2021-07-05T15:20:40.5072770+08:00, 0, 0.3882286, 1.448889, 1, 1, 1, False
87.48521, 2021-07-05T15:20:40.5140430+08:00, 0, 0.3882286, 1.448889, 1, 1, 1, False
87.49239, 2021-07-05T15:20:40.5211120+08:00, 0, 0.3882286, 1.448889, 1, 1, 1, False
87.51551, 2021-07-05T15:20:40.5443010+08:00, 0, 0.3882286, 1.448889, 1, 1, 1, False
87.52258, 2021-07-05T15:20:40.5513380+08:00, 0, 0.3882286, 1.448889, 1, 1, 1, False
87.52644, 2021-07-05T15:20:40.5551300+08:00, 0, 0.3882286, 1.448889, 1, 1, 1, False
87.53001, 2021-07-05T15:20:40.5586860+08:00, 0, 0.3882286, 1.448889, 1, 1, 1, False
87.53407, 2021-07-05T15:20:40.5627620+08:00, 0, 0.3882286, 1.448889, 1, 1, 1, False
87.53803, 2021-07-05T15:20:40.5667000+08:00, 0, 0.3882286, 1.448889, 1, 1, 1, False
87.54227, 2021-07-05T15:20:40.5709830+08:00, 0, 0.3882286, 1.448889, 1, 1, 1, False
87.54865, 2021-07-05T15:20:40.5773960+08:00, 0, 0.3882286, 1.448889, 1, 1, 1, False
87.5564, 2021-07-05T15:20:40.5851370+08:00, 0, 0.3882286, 1.448889, 1, 1, 1, False
87.56254, 2021-07-05T15:20:40.5913340+08:00, 0, 0.3882286, 1.448889, 1, 1, 1, False
87.56977, 2021-07-05T15:20:40.5985010+08:00, 0, 0.3882286, 1.448889, 1, 1, 1, False
87.57744, 2021-07-05T15:20:40.6061480+08:00, 0, 0.3882286, 1.448889, 1, 1, 1, False
87.58416, 2021-07-05T15:20:40.6129540+08:00, 0, 0.3882286, 1.448889, 1, 1, 1, False
87.59117, 2021-07-05T15:20:40.6198970+08:00, 0, 0.3882286, 1.448889, 1, 1, 1, False
87.59872, 2021-07-05T15:20:40.6274440+08:00, 0, 0.3882286, 1.448889, 1, 1, 1, False
87.60659, 2021-07-05T15:20:40.6353380+08:00, 0, 0.3882286, 1.448889, 1, 1, 1, False
87.6123, 2021-07-05T15:20:40.6410270+08:00, 0, 0.3882286, 1.448889, 1, 1, 1, False
87.61951, 2021-07-05T15:20:40.6483280+08:00, 0, 0.3882286, 1.448889, 1, 1, 1, False
87.62733, 2021-07-05T15:20:40.6560930+08:00, 0, 0.3882286, 1.448889, 1, 1, 1, False
87.6347, 2021-07-05T15:20:40.6634960+08:00, 0, 0.3882286, 1.448889, 1, 1, 1, False
87.64138, 2021-07-05T15:20:40.6701510+08:00, 0, 0.3882286, 1.448889, 1, 1, 1, False
87.64774, 2021-07-05T15:20:40.6764470+08:00, 0, 0.3882286, 1.448889, 1, 1, 1, False
87.65505, 2021-07-05T15:20:40.6838360+08:00, 0, 0.3882286, 1.448889, 1, 1, 1, False
87.66248, 2021-07-05T15:20:40.6912380+08:00, 0, 0.3882286, 1.448889, 1, 1, 1, False
87.66924, 2021-07-05T15:20:40.6980100+08:00, 0, 0.3882286, 1.448889, 1, 1, 1, False
87.67625, 2021-07-05T15:20:40.7050160+08:00, 0, 0.3882286, 1.448889, 1, 1, 1, False
87.68346, 2021-07-05T15:20:40.7123100+08:00, 0, 0.3882286, 1.448889, 1, 1, 1, False
87.69073, 2021-07-05T15:20:40.7194500+08:00, 0, 0.3882286, 1.448889, 1, 1, 1, False
87.69748, 2021-07-05T15:20:40.7262650+08:00, 0, 0.3882286, 1.448889, 1, 1, 1, False
87.70459, 2021-07-05T15:20:40.7334230+08:00, 0, 0.3882286, 1.448889, 1, 1, 1, False
87.71258, 2021-07-05T15:20:40.7413400+08:00, 0, 0.3882286, 1.448889, 1, 1, 1, False
87.71909, 2021-07-05T15:20:40.7478520+08:00, 0, 0.3882286, 1.448889, 1, 1, 1, False
87.72668, 2021-07-05T15:20:40.7554150+08:00, 0, 0.3882286, 1.448889, 1, 1, 1, False
87.73278, 2021-07-05T15:20:40.7615580+08:00, 0, 0.3882286, 1.448889, 1, 1, 1, False
87.74004, 2021-07-05T15:20:40.7688210+08:00, 0, 0.3882286, 1.448889, 1, 1, 1, False
87.74671, 2021-07-05T15:20:40.7754470+08:00, 0, 0.3882286, 1.448889, 1, 1, 1, False
87.75414, 2021-07-05T15:20:40.7829160+08:00, 0, 0.3882286, 1.448889, 1, 1, 1, False
87.7617, 2021-07-05T15:20:40.7904970+08:00, 0, 0.3882286, 1.448889, 1, 1, 1, False
87.76837, 2021-07-05T15:20:40.7971550+08:00, 0, 0.3882286, 1.448889, 1, 1, 1, False
87.77581, 2021-07-05T15:20:40.8045390+08:00, 0, 0.3882286, 1.448889, 1, 1, 1, False
87.78249, 2021-07-05T15:20:40.8112560+08:00, 0, 0.3882286, 1.448889, 1, 1, 1, False
87.78938, 2021-07-05T15:20:40.8181670+08:00, 0, 0.3882286, 1.448889, 1, 1, 1, False
87.79633, 2021-07-05T15:20:40.8250720+08:00, 0, 0.3882286, 1.448889, 1, 1, 1, False
87.8036, 2021-07-05T15:20:40.8323480+08:00, 0, 0.3882286, 1.448889, 1, 1, 1, False
87.81071, 2021-07-05T15:20:40.8394390+08:00, 0, 0.3882286, 1.448889, 1, 1, 1, False
87.81785, 2021-07-05T15:20:40.8466400+08:00, 0, 0.3882286, 1.448889, 1, 1, 1, False
87.82496, 2021-07-05T15:20:40.8537360+08:00, 0, 0.3882286, 1.448889, 1, 1, 1, False
87.83195, 2021-07-05T15:20:40.8606720+08:00, 0, 0.3882286, 1.448889, 1, 1, 1, False
87.8391, 2021-07-05T15:20:40.8678640+08:00, 0, 0.3882286, 1.448889, 1, 1, 1, False
87.8468, 2021-07-05T15:20:40.8755720+08:00, 0, 0.3882286, 1.448889, 1, 1, 1, False
87.85339, 2021-07-05T15:20:40.8821810+08:00, 0, 0.3882286, 1.448889, 1, 1, 1, False
87.86045, 2021-07-05T15:20:40.8892540+08:00, 0, 0.3882286, 1.448889, 1, 1, 1, False
87.86755, 2021-07-05T15:20:40.8963390+08:00, 0, 0.3882286, 1.448889, 1, 1, 1, False
87.87474, 2021-07-05T15:20:40.9035040+08:00, 0, 0.3882286, 1.448889, 1, 1, 1, False
87.88182, 2021-07-05T15:20:40.9106780+08:00, 0, 0.3882286, 1.448889, 1, 1, 1, False
87.88926, 2021-07-05T15:20:40.9180010+08:00, 0, 0.3882286, 1.448889, 1, 1, 1, False
87.89564, 2021-07-05T15:20:40.9244530+08:00, 0, 0.3882286, 1.448889, 1, 1, 1, False
87.90307, 2021-07-05T15:20:40.9318760+08:00, 0, 0.3882286, 1.448889, 1, 1, 1, False
87.91078, 2021-07-05T15:20:40.9395160+08:00, 0, 0.3882286, 1.448889, 1, 1, 1, False
87.91728, 2021-07-05T15:20:40.9461930+08:00, 0, 0.3882286, 1.448889, 1, 1, 1, False
87.92451, 2021-07-05T15:20:40.9532800+08:00, 0, 0.3882286, 1.448889, 1, 1, 1, False
87.93208, 2021-07-05T15:20:40.9608100+08:00, 0, 0.3882286, 1.448889, 1, 1, 1, False
87.93859, 2021-07-05T15:20:40.9674290+08:00, 0, 0.3882286, 1.448889, 1, 1, 1, False
87.94572, 2021-07-05T15:20:40.9745250+08:00, 0, 0.3882286, 1.448889, 1, 1, 1, False
87.95307, 2021-07-05T15:20:40.9818030+08:00, 0, 0.3882286, 1.448889, 1, 1, 1, False
87.95963, 2021-07-05T15:20:40.9884290+08:00, 0, 0.3882286, 1.448889, 1, 1, 1, False
87.96693, 2021-07-05T15:20:40.9956760+08:00, 0, 0.3882286, 1.448889, 1, 1, 1, False
87.97491, 2021-07-05T15:20:41.0036300+08:00, 0, 0.3882286, 1.448889, 1, 1, 1, False
87.9823, 2021-07-05T15:20:41.0110670+08:00, 0, 0.3882286, 1.448889, 1, 1, 1, False
87.98821, 2021-07-05T15:20:41.0170990+08:00, 0, 0.3882286, 1.448889, 1, 1, 1, False
87.99599, 2021-07-05T15:20:41.0247290+08:00, 0, 0.3882286, 1.448889, 1, 1, 1, False
88.00269, 2021-07-05T15:20:41.0316060+08:00, 0, 0.3882286, 1.448889, 1, 1, 1, False
88.00987, 2021-07-05T15:20:41.0387030+08:00, 0, 0.3882286, 1.448889, 1, 1, 1, False
88.01716, 2021-07-05T15:20:41.0459000+08:00, 0, 0.3882286, 1.448889, 1, 1, 1, False
88.02365, 2021-07-05T15:20:41.0525100+08:00, 0, 0.3882286, 1.448889, 1, 1, 1, False
88.03093, 2021-07-05T15:20:41.0596720+08:00, 0, 0.3882286, 1.448889, 1, 1, 1, False
88.03819, 2021-07-05T15:20:41.0669580+08:00, 0, 0.3882286, 1.448889, 1, 1, 1, False
88.04639, 2021-07-05T15:20:41.0787930+08:00, 0, 0.3882286, 1.448889, 1, 1, 1, False
88.05408, 2021-07-05T15:20:41.0827930+08:00, 0, 0.3882286, 1.448889, 1, 1, 1, False
88.06012, 2021-07-05T15:20:41.0888560+08:00, 0, 0.3882286, 1.448889, 1, 1, 1, False
88.06641, 2021-07-05T15:20:41.0951820+08:00, 0, 0.3882286, 1.448889, 1, 1, 1, False
88.07377, 2021-07-05T15:20:41.1025990+08:00, 0, 0.3882286, 1.448889, 1, 1, 1, False
88.08077, 2021-07-05T15:20:41.1097870+08:00, 0, 0.3882286, 1.448889, 1, 1, 1, False
88.08847, 2021-07-05T15:20:41.1172010+08:00, 0, 0.3882286, 1.448889, 1, 1, 1, False
88.095, 2021-07-05T15:20:41.1237240+08:00, 0, 0.3882286, 1.448889, 1, 1, 1, False
88.10239, 2021-07-05T15:20:41.1311450+08:00, 0, 0.3882286, 1.448889, 1, 1, 1, False
88.10983, 2021-07-05T15:20:41.1385560+08:00, 0, 0.3882286, 1.448889, 1, 1, 1, False
88.11651, 2021-07-05T15:20:41.1452640+08:00, 0, 0.3882286, 1.448889, 1, 1, 1, False
88.12386, 2021-07-05T15:20:41.1526370+08:00, 0, 0.3882286, 1.448889, 1, 1, 1, False
88.13062, 2021-07-05T15:20:41.1593570+08:00, 0, 0.3882286, 1.448889, 1, 1, 1, False
88.13821, 2021-07-05T15:20:41.1669430+08:00, 0, 0.3882286, 1.448889, 1, 1, 1, False
88.14507, 2021-07-05T15:20:41.1738520+08:00, 0, 0.3882286, 1.448889, 1, 1, 1, False
88.15176, 2021-07-05T15:20:41.1805580+08:00, 0, 0.3882286, 1.448889, 1, 1, 1, False
88.15874, 2021-07-05T15:20:41.1874590+08:00, 0, 0.3882286, 1.448889, 1, 1, 1, False
88.16582, 2021-07-05T15:20:41.1946430+08:00, 0, 0.3882286, 1.448889, 1, 1, 1, False
88.17347, 2021-07-05T15:20:41.2022630+08:00, 0, 0.3882286, 1.448889, 1, 1, 1, False
88.17992, 2021-07-05T15:20:41.2086990+08:00, 0, 0.3882286, 1.448889, 1, 1, 1, False
88.18707, 2021-07-05T15:20:41.2158860+08:00, 0, 0.3882286, 1.448889, 1, 1, 1, False
88.19492, 2021-07-05T15:20:41.2236630+08:00, 0, 0.3882286, 1.448889, 1, 1, 1, False
88.20157, 2021-07-05T15:20:41.2304240+08:00, 0, 0.3882286, 1.448889, 1, 1, 1, False
88.20866, 2021-07-05T15:20:41.2373870+08:00, 0, 0.3882286, 1.448889, 1, 1, 1, False
88.21619, 2021-07-05T15:20:41.2449200+08:00, 0, 0.3882286, 1.448889, 1, 1, 1, False
88.22321, 2021-07-05T15:20:41.2519820+08:00, 0, 0.3882286, 1.448889, 1, 1, 1, False
88.23062, 2021-07-05T15:20:41.2593750+08:00, 0, 0.3882286, 1.448889, 1, 1, 1, False
88.23843, 2021-07-05T15:20:41.2671410+08:00, 0, 0.3882286, 1.448889, 1, 1, 1, False
88.24467, 2021-07-05T15:20:41.2734360+08:00, 0, 0.3882286, 1.448889, 1, 1, 1, False
88.25129, 2021-07-05T15:20:41.2801390+08:00, 0, 0.3882286, 1.448889, 1, 1, 1, False
88.25851, 2021-07-05T15:20:41.2873140+08:00, 0, 0.3882286, 1.448889, 1, 1, 1, False
88.26595, 2021-07-05T15:20:41.2948030+08:00, 0, 0.3882286, 1.448889, 1, 1, 1, False
88.2735, 2021-07-05T15:20:41.3022480+08:00, 0, 0.3882286, 1.448889, 1, 1, 1, False
88.28023, 2021-07-05T15:20:41.3090390+08:00, 0, 0.3882286, 1.448889, 1, 1, 1, False
88.28752, 2021-07-05T15:20:41.3163240+08:00, 0, 0.3882286, 1.448889, 1, 1, 1, False
88.29561, 2021-07-05T15:20:41.3243300+08:00, 0, 0.3882286, 1.448889, 1, 1, 1, False
88.30282, 2021-07-05T15:20:41.3315360+08:00, 0, 0.3882286, 1.448889, 1, 1, 1, False
88.30988, 2021-07-05T15:20:41.3386550+08:00, 0, 0.3882286, 1.448889, 1, 1, 1, False
88.31621, 2021-07-05T15:20:41.3449690+08:00, 0, 0.3882286, 1.448889, 1, 1, 1, False
88.32356, 2021-07-05T15:20:41.3523680+08:00, 0, 0.3882286, 1.448889, 1, 1, 1, False
88.3306, 2021-07-05T15:20:41.3593510+08:00, 0, 0.3882286, 1.448889, 1, 1, 1, False
88.33786, 2021-07-05T15:20:41.3665980+08:00, 0, 0.3882286, 1.448889, 1, 1, 1, False
88.3449, 2021-07-05T15:20:41.3736450+08:00, 0, 0.3882286, 1.448889, 1, 1, 1, False
88.35174, 2021-07-05T15:20:41.3804910+08:00, 0, 0.3882286, 1.448889, 1, 1, 1, False
88.35877, 2021-07-05T15:20:41.3875070+08:00, 0, 0.3882286, 1.448889, 1, 1, 1, False
88.36674, 2021-07-05T15:20:41.3956040+08:00, 0, 0.3882286, 1.448889, 1, 1, 1, False
88.37472, 2021-07-05T15:20:41.4034320+08:00, 0, 0.3882286, 1.448889, 1, 1, 1, False
88.37994, 2021-07-05T15:20:41.4086900+08:00, 0, 0.3882286, 1.448889, 1, 1, 1, False
88.38732, 2021-07-05T15:20:41.4160870+08:00, 0, 0.3882286, 1.448889, 1, 1, 1, False
88.3945, 2021-07-05T15:20:41.4232470+08:00, 0, 0.3882286, 1.448889, 1, 1, 1, False
88.40127, 2021-07-05T15:20:41.4301580+08:00, 0, 0.3882286, 1.448889, 1, 1, 1, False
88.42405, 2021-07-05T15:20:41.4528260+08:00, 0, 0.3882286, 1.448889, 1, 1, 1, False
88.43041, 2021-07-05T15:20:41.4591080+08:00, 0, 0.3882286, 1.448889, 1, 1, 1, False
88.4342, 2021-07-05T15:20:41.4628920+08:00, 0, 0.3882286, 1.448889, 1, 1, 1, False
88.43797, 2021-07-05T15:20:41.4666390+08:00, 0, 0.3882286, 1.448889, 1, 1, 1, False
88.44231, 2021-07-05T15:20:41.4710290+08:00, 0, 0.3882286, 1.448889, 1, 1, 1, False
88.44595, 2021-07-05T15:20:41.4746140+08:00, 0, 0.3882286, 1.448889, 1, 1, 1, False
88.451, 2021-07-05T15:20:41.4797120+08:00, 0, 0.3882286, 1.448889, 1, 1, 1, False
88.45808, 2021-07-05T15:20:41.4867880+08:00, 0, 0.3882286, 1.448889, 1, 1, 1, False
88.46444, 2021-07-05T15:20:41.4932300+08:00, 0, 0.3882286, 1.448889, 1, 1, 1, False
88.47153, 2021-07-05T15:20:41.5002790+08:00, 0, 0.3882286, 1.448889, 1, 1, 1, False
88.47884, 2021-07-05T15:20:41.5075540+08:00, 0, 0.3882286, 1.448889, 1, 1, 1, False
88.48572, 2021-07-05T15:20:41.5145470+08:00, 0, 0.3882286, 1.448889, 1, 1, 1, False
88.49323, 2021-07-05T15:20:41.5219730+08:00, 0, 0.3882286, 1.448889, 1, 1, 1, False
88.49986, 2021-07-05T15:20:41.5286360+08:00, 0, 0.3882286, 1.448889, 1, 1, 1, False
88.50697, 2021-07-05T15:20:41.5357620+08:00, 0, 0.3882286, 1.448889, 1, 1, 1, False
88.51454, 2021-07-05T15:20:41.5432640+08:00, 0, 0.3882286, 1.448889, 1, 1, 1, False
88.52173, 2021-07-05T15:20:41.5505090+08:00, 0, 0.3882286, 1.448889, 1, 1, 1, False
88.52859, 2021-07-05T15:20:41.5573200+08:00, 0, 0.3882286, 1.448889, 1, 1, 1, False
88.53551, 2021-07-05T15:20:41.5642450+08:00, 0, 0.3882286, 1.448889, 1, 1, 1, False
88.54289, 2021-07-05T15:20:41.5716780+08:00, 0, 0.3882286, 1.448889, 1, 1, 1, False
88.54945, 2021-07-05T15:20:41.5782230+08:00, 0, 0.3882286, 1.448889, 1, 1, 1, False
88.55695, 2021-07-05T15:20:41.5857200+08:00, 0, 0.3882286, 1.448889, 1, 1, 1, False
88.56332, 2021-07-05T15:20:41.5921250+08:00, 0, 0.3882286, 1.448889, 1, 1, 1, False
88.57072, 2021-07-05T15:20:41.5994620+08:00, 0, 0.3882286, 1.448889, 1, 1, 1, False
88.57833, 2021-07-05T15:20:41.6070650+08:00, 0, 0.3882286, 1.448889, 1, 1, 1, False
88.58505, 2021-07-05T15:20:41.6138860+08:00, 0, 0.3882286, 1.448889, 1, 1, 1, False
88.59212, 2021-07-05T15:20:41.6208500+08:00, 0, 0.3882286, 1.448889, 1, 1, 1, False
88.59967, 2021-07-05T15:20:41.6284020+08:00, 0, 0.3882286, 1.448889, 1, 1, 1, False
88.60703, 2021-07-05T15:20:41.6358110+08:00, 0, 0.3882286, 1.448889, 1, 1, 1, False
88.61452, 2021-07-05T15:20:41.6432670+08:00, 0, 0.3882286, 1.448889, 1, 1, 1, False
88.62239, 2021-07-05T15:20:41.6511560+08:00, 0, 0.3882286, 1.448889, 1, 1, 1, False
88.63077, 2021-07-05T15:20:41.6594950+08:00, 0, 0.3882286, 1.448889, 1, 1, 1, False
88.63844, 2021-07-05T15:20:41.6671670+08:00, 0, 0.3882286, 1.448889, 1, 1, 1, False
88.64233, 2021-07-05T15:20:41.6710720+08:00, 0, 0.3882286, 1.448889, 1, 1, 1, False
88.64931, 2021-07-05T15:20:41.6780730+08:00, 0, 0.3882286, 1.448889, 1, 1, 1, False
88.65628, 2021-07-05T15:20:41.6850150+08:00, 0, 0.3882286, 1.448889, 1, 1, 1, False
88.66348, 2021-07-05T15:20:41.6922750+08:00, 0, 0.3882286, 1.448889, 1, 1, 1, False
88.67062, 2021-07-05T15:20:41.6993620+08:00, 0, 0.3882286, 1.448889, 1, 1, 1, False
88.67818, 2021-07-05T15:20:41.7069180+08:00, 0, 0.3882286, 1.448889, 1, 1, 1, False
88.68501, 2021-07-05T15:20:41.7139400+08:00, 0, 0.3882286, 1.448889, 1, 1, 1, False
88.69234, 2021-07-05T15:20:41.7210710+08:00, 0, 0.3882286, 1.448889, 1, 1, 1, False
88.69856, 2021-07-05T15:20:41.7272830+08:00, 0, 0.3882286, 1.448889, 1, 1, 1, False
88.70598, 2021-07-05T15:20:41.7347520+08:00, 0, 0.3882286, 1.448889, 1, 1, 1, False
88.71303, 2021-07-05T15:20:41.7417490+08:00, 0, 0.3882286, 1.448889, 1, 1, 1, False
88.72025, 2021-07-05T15:20:41.7490530+08:00, 0, 0.3882286, 1.448889, 1, 1, 1, False
88.72715, 2021-07-05T15:20:41.7559280+08:00, 0, 0.3882286, 1.448889, 1, 1, 1, False
88.73486, 2021-07-05T15:20:41.7635980+08:00, 0, 0.3882286, 1.448889, 1, 1, 1, False
88.74146, 2021-07-05T15:20:41.7702940+08:00, 0, 0.3882286, 1.448889, 1, 1, 1, False
88.74836, 2021-07-05T15:20:41.7771140+08:00, 0, 0.3882286, 1.448889, 1, 1, 1, False
88.75541, 2021-07-05T15:20:41.7842080+08:00, 0, 0.3882286, 1.448889, 1, 1, 1, False
88.76313, 2021-07-05T15:20:41.7919060+08:00, 0, 0.3882286, 1.448889, 1, 1, 1, False
88.76984, 2021-07-05T15:20:41.7986900+08:00, 0, 0.3882286, 1.448889, 1, 1, 1, False
88.7771, 2021-07-05T15:20:41.8058520+08:00, 0, 0.3882286, 1.448889, 1, 1, 1, False
88.78412, 2021-07-05T15:20:41.8129020+08:00, 0, 0.3882286, 1.448889, 1, 1, 1, False
88.79157, 2021-07-05T15:20:41.8202940+08:00, 0, 0.3882286, 1.448889, 1, 1, 1, False
88.79867, 2021-07-05T15:20:41.8273920+08:00, 0, 0.3882286, 1.448889, 1, 1, 1, False
88.80544, 2021-07-05T15:20:41.8342730+08:00, 0, 0.3882286, 1.448889, 1, 1, 1, False
88.81316, 2021-07-05T15:20:41.8419110+08:00, 0, 0.3882286, 1.448889, 1, 1, 1, False
88.81983, 2021-07-05T15:20:41.8489020+08:00, 0, 0.3882286, 1.448889, 1, 1, 1, False
88.83053, 2021-07-05T15:20:41.8592650+08:00, 0, 0.3882286, 1.448889, 1, 1, 1, False
88.83467, 2021-07-05T15:20:41.8635040+08:00, 0, 0.3882286, 1.448889, 1, 1, 1, False
88.84216, 2021-07-05T15:20:41.8709090+08:00, 0, 0.3882286, 1.448889, 1, 1, 1, False
88.84883, 2021-07-05T15:20:41.8776070+08:00, 0, 0.3882286, 1.448889, 1, 1, 1, False
88.85606, 2021-07-05T15:20:41.8848730+08:00, 0, 0.3882286, 1.448889, 1, 1, 1, False
88.864, 2021-07-05T15:20:41.8927650+08:00, 0, 0.3882286, 1.448889, 1, 1, 1, False
88.87061, 2021-07-05T15:20:41.8993350+08:00, 0, 0.3882286, 1.448889, 1, 1, 1, False
88.87807, 2021-07-05T15:20:41.9068350+08:00, 0, 0.3882286, 1.448889, 1, 1, 1, False
88.88523, 2021-07-05T15:20:41.9140900+08:00, 0, 0.3882286, 1.448889, 1, 1, 1, False
88.89275, 2021-07-05T15:20:41.9214620+08:00, 0, 0.3882286, 1.448889, 1, 1, 1, False
88.89938, 2021-07-05T15:20:41.9281440+08:00, 0, 0.3882286, 1.448889, 1, 1, 1, False
88.90653, 2021-07-05T15:20:41.9353930+08:00, 0, 0.3882286, 1.448889, 1, 1, 1, False
88.91425, 2021-07-05T15:20:41.9429720+08:00, 0, 0.3882286, 1.448889, 1, 1, 1, False
88.92122, 2021-07-05T15:20:41.9499540+08:00, 0, 0.3882286, 1.448889, 1, 1, 1, False
88.92835, 2021-07-05T15:20:41.9570630+08:00, 0, 0.3882286, 1.448889, 1, 1, 1, False
88.93488, 2021-07-05T15:20:41.9636910+08:00, 0, 0.3882286, 1.448889, 1, 1, 1, False
88.9425, 2021-07-05T15:20:41.9712490+08:00, 0, 0.3882286, 1.448889, 1, 1, 1, False
88.94916, 2021-07-05T15:20:41.9779160+08:00, 0, 0.3882286, 1.448889, 1, 1, 1, False
88.95648, 2021-07-05T15:20:41.9852100+08:00, 0, 0.3882286, 1.448889, 1, 1, 1, False
88.96298, 2021-07-05T15:20:41.9918610+08:00, 0, 0.3882286, 1.448889, 1, 1, 1, False
88.97036, 2021-07-05T15:20:41.9992160+08:00, 0, 0.3882286, 1.448889, 1, 1, 1, False
88.97736, 2021-07-05T15:20:42.0061370+08:00, 0, 0.3882286, 1.448889, 1, 1, 1, False
88.98498, 2021-07-05T15:20:42.0138320+08:00, 0, 0.3882286, 1.448889, 1, 1, 1, False
88.99234, 2021-07-05T15:20:42.0210450+08:00, 0, 0.3882286, 1.448889, 1, 1, 1, False
88.99899, 2021-07-05T15:20:42.0277560+08:00, 0, 0.3882286, 1.448889, 1, 1, 1, False
89.00654, 2021-07-05T15:20:42.0353240+08:00, 0, 0.3882286, 1.448889, 1, 1, 1, False
89.01318, 2021-07-05T15:20:42.0420230+08:00, 0, 0.3882286, 1.448889, 1, 1, 1, False
89.02097, 2021-07-05T15:20:42.0497120+08:00, 0, 0.3882286, 1.448889, 1, 1, 1, False
89.02772, 2021-07-05T15:20:42.0565300+08:00, 0, 0.3882286, 1.448889, 1, 1, 1, False
89.03516, 2021-07-05T15:20:42.0639030+08:00, 0, 0.3882286, 1.448889, 1, 1, 1, False
89.04232, 2021-07-05T15:20:42.0710910+08:00, 0, 0.3882286, 1.448889, 1, 1, 1, False
89.04935, 2021-07-05T15:20:42.0780700+08:00, 0, 0.3882286, 1.448889, 1, 1, 1, False
89.05641, 2021-07-05T15:20:42.0852370+08:00, 0, 0.3882286, 1.448889, 1, 1, 1, False
89.06432, 2021-07-05T15:20:42.0930830+08:00, 0, 0.3882286, 1.448889, 1, 1, 1, False
89.07085, 2021-07-05T15:20:42.0997880+08:00, 0, 0.3882286, 1.448889, 1, 1, 1, False
89.07817, 2021-07-05T15:20:42.1069160+08:00, 0, 0.3882286, 1.448889, 1, 1, 1, False
89.08537, 2021-07-05T15:20:42.1142410+08:00, 0, 0.3882286, 1.448889, 1, 1, 1, False
89.09329, 2021-07-05T15:20:42.1220510+08:00, 0, 0.3882286, 1.448889, 1, 1, 1, False
89.09988, 2021-07-05T15:20:42.1286450+08:00, 0, 0.3882286, 1.448889, 1, 1, 1, False
89.10715, 2021-07-05T15:20:42.1389270+08:00, 0, 0.3882286, 1.448889, 1, 1, 1, False
89.11513, 2021-07-05T15:20:42.1438410+08:00, 0, 0.3882286, 1.448889, 1, 1, 1, False
89.12228, 2021-07-05T15:20:42.1510460+08:00, 0, 0.3882286, 1.448889, 1, 1, 1, False
89.12918, 2021-07-05T15:20:42.1578950+08:00, 0, 0.3882286, 1.448889, 1, 1, 1, False
89.1358, 2021-07-05T15:20:42.1646580+08:00, 0, 0.3882286, 1.448889, 1, 1, 1, False
89.14297, 2021-07-05T15:20:42.1717440+08:00, 0, 0.3882286, 1.448889, 1, 1, 1, False
89.15038, 2021-07-05T15:20:42.1790960+08:00, 0, 0.3882286, 1.448889, 1, 1, 1, False
89.15668, 2021-07-05T15:20:42.1855210+08:00, 0, 0.3882286, 1.448889, 1, 1, 1, False
89.16376, 2021-07-05T15:20:42.1925310+08:00, 0, 0.3882286, 1.448889, 1, 1, 1, False
89.17094, 2021-07-05T15:20:42.1997280+08:00, 0, 0.3882286, 1.448889, 1, 1, 1, False
89.17901, 2021-07-05T15:20:42.2077320+08:00, 0, 0.3882286, 1.448889, 1, 1, 1, False
89.18564, 2021-07-05T15:20:42.2145620+08:00, 0, 0.3882286, 1.448889, 1, 1, 1, False
89.19289, 2021-07-05T15:20:42.2216520+08:00, 0, 0.3882286, 1.448889, 1, 1, 1, False
89.20056, 2021-07-05T15:20:42.2294110+08:00, 0, 0.3882286, 1.448889, 1, 1, 1, False
89.20721, 2021-07-05T15:20:42.2360400+08:00, 0, 0.3882286, 1.448889, 1, 1, 1, False
89.21436, 2021-07-05T15:20:42.2431170+08:00, 0, 0.3882286, 1.448889, 1, 1, 1, False
89.22166, 2021-07-05T15:20:42.2505880+08:00, 0, 0.3882286, 1.448889, 1, 1, 1, False
89.22969, 2021-07-05T15:20:42.2584200+08:00, 0, 0.3882286, 1.448889, 1, 1, 1, False
89.23622, 2021-07-05T15:20:42.2650830+08:00, 0, 0.3882286, 1.448889, 1, 1, 1, False
89.24352, 2021-07-05T15:20:42.2724820+08:00, 0, 0.3882286, 1.448889, 1, 1, 1, False
89.25149, 2021-07-05T15:20:42.2802320+08:00, 0, 0.3882286, 1.448889, 1, 1, 1, False
89.25785, 2021-07-05T15:20:42.2866720+08:00, 0, 0.3882286, 1.448889, 1, 1, 1, False
89.26504, 2021-07-05T15:20:42.2938090+08:00, 0, 0.3882286, 1.448889, 1, 1, 1, False
89.27214, 2021-07-05T15:20:42.3009910+08:00, 0, 0.3882286, 1.448889, 1, 1, 1, False
89.28013, 2021-07-05T15:20:42.3088890+08:00, 0, 0.3882286, 1.448889, 1, 1, 1, False
89.28658, 2021-07-05T15:20:42.3153030+08:00, 0, 0.3882286, 1.448889, 1, 1, 1, False
89.29399, 2021-07-05T15:20:42.3227670+08:00, 0, 0.3882286, 1.448889, 1, 1, 1, False
89.30136, 2021-07-05T15:20:42.3301550+08:00, 0, 0.3882286, 1.448889, 1, 1, 1, False
89.30898, 2021-07-05T15:20:42.3376910+08:00, 0, 0.3882286, 1.448889, 1, 1, 1, False
89.33925, 2021-07-05T15:20:42.3680070+08:00, 0, 0.3882286, 1.448889, 1, 1, 1, False
89.34217, 2021-07-05T15:20:42.3708770+08:00, 0, 0.3882286, 1.448889, 1, 1, 1, False
89.34605, 2021-07-05T15:20:42.3747430+08:00, 0, 0.3882286, 1.448889, 1, 1, 1, False
89.34995, 2021-07-05T15:20:42.3786330+08:00, 0, 0.3882286, 1.448889, 1, 1, 1, False
89.35408, 2021-07-05T15:20:42.3827700+08:00, 0, 0.3882286, 1.448889, 1, 1, 1, False
89.35807, 2021-07-05T15:20:42.3867560+08:00, 0, 0.3882286, 1.448889, 1, 1, 1, False
89.36205, 2021-07-05T15:20:42.3907730+08:00, 0, 0.3882286, 1.448889, 1, 1, 1, False
89.36888, 2021-07-05T15:20:42.3984210+08:00, 0, 0.3882286, 1.448889, 1, 1, 1, False
89.37566, 2021-07-05T15:20:42.4043830+08:00, 0, 0.3882286, 1.448889, 1, 1, 1, False
89.38329, 2021-07-05T15:20:42.4120180+08:00, 0, 0.3882286, 1.448889, 1, 1, 1, False
89.39052, 2021-07-05T15:20:42.4192260+08:00, 0, 0.3882286, 1.448889, 1, 1, 1, False
89.39685, 2021-07-05T15:20:42.4256280+08:00, 0, 0.3882286, 1.448889, 1, 1, 1, False
89.40414, 2021-07-05T15:20:42.4329450+08:00, 0, 0.3882286, 1.448889, 1, 1, 1, False
89.41122, 2021-07-05T15:20:42.4399720+08:00, 0, 0.3882286, 1.448889, 1, 1, 1, False
89.4189, 2021-07-05T15:20:42.4476220+08:00, 0, 0.3882286, 1.448889, 1, 1, 1, False
89.42636, 2021-07-05T15:20:42.4551170+08:00, 0, 0.3882286, 1.448889, 1, 1, 1, False
89.43246, 2021-07-05T15:20:42.4611800+08:00, 0, 0.3882286, 1.448889, 1, 1, 1, False
89.43951, 2021-07-05T15:20:42.4683180+08:00, 0, 0.3882286, 1.448889, 1, 1, 1, False
89.44755, 2021-07-05T15:20:42.4763620+08:00, 0, 0.3882286, 1.448889, 1, 1, 1, False
89.45432, 2021-07-05T15:20:42.4830470+08:00, 0, 0.3882286, 1.448889, 1, 1, 1, False
89.46104, 2021-07-05T15:20:42.4898400+08:00, 0, 0.3882286, 1.448889, 1, 1, 1, False
89.46828, 2021-07-05T15:20:42.4971130+08:00, 0, 0.3882286, 1.448889, 1, 1, 1, False
89.47601, 2021-07-05T15:20:42.5047790+08:00, 0, 0.3882286, 1.448889, 1, 1, 1, False
89.48279, 2021-07-05T15:20:42.5115690+08:00, 0, 0.3882286, 1.448889, 1, 1, 1, False
89.49045, 2021-07-05T15:20:42.5191910+08:00, 0, 0.3882286, 1.448889, 1, 1, 1, False
89.49641, 2021-07-05T15:20:42.5251950+08:00, 0, 0.3882286, 1.448889, 1, 1, 1, False
89.50364, 2021-07-05T15:20:42.5324160+08:00, 0, 0.3882286, 1.448889, 1, 1, 1, False
89.51081, 2021-07-05T15:20:42.5395670+08:00, 0, 0.3882286, 1.448889, 1, 1, 1, False
89.51813, 2021-07-05T15:20:42.5468790+08:00, 0, 0.3882286, 1.448889, 1, 1, 1, False
89.52489, 2021-07-05T15:20:42.5537670+08:00, 0, 0.3882286, 1.448889, 1, 1, 1, False
89.53183, 2021-07-05T15:20:42.5605880+08:00, 0, 0.3882286, 1.448889, 1, 1, 1, False
89.53923, 2021-07-05T15:20:42.5679660+08:00, 0, 0.3882286, 1.448889, 1, 1, 1, False
89.54641, 2021-07-05T15:20:42.5752150+08:00, 0, 0.3882286, 1.448889, 1, 1, 1, False
89.55295, 2021-07-05T15:20:42.5817110+08:00, 0, 0.3882286, 1.448889, 1, 1, 1, False
89.55989, 2021-07-05T15:20:42.5887300+08:00, 0, 0.3882286, 1.448889, 1, 1, 1, False
89.56719, 2021-07-05T15:20:42.5959890+08:00, 0, 0.3882286, 1.448889, 1, 1, 1, False
89.57473, 2021-07-05T15:20:42.6034570+08:00, 0, 0.3882286, 1.448889, 1, 1, 1, False
89.58198, 2021-07-05T15:20:42.6107720+08:00, 0, 0.3882286, 1.448889, 1, 1, 1, False
89.5886, 2021-07-05T15:20:42.6174060+08:00, 0, 0.3882286, 1.448889, 1, 1, 1, False
89.59553, 2021-07-05T15:20:42.6243040+08:00, 0, 0.3882286, 1.448889, 1, 1, 1, False
89.6028, 2021-07-05T15:20:42.6317060+08:00, 0, 0.3882286, 1.448889, 1, 1, 1, False
89.61057, 2021-07-05T15:20:42.6393120+08:00, 0, 0.3882286, 1.448889, 1, 1, 1, False
89.61705, 2021-07-05T15:20:42.6457850+08:00, 0, 0.3882286, 1.448889, 1, 1, 1, False
89.62426, 2021-07-05T15:20:42.6530880+08:00, 0, 0.3882286, 1.448889, 1, 1, 1, False
89.63191, 2021-07-05T15:20:42.6606620+08:00, 0, 0.3882286, 1.448889, 1, 1, 1, False
89.63829, 2021-07-05T15:20:42.6670790+08:00, 0, 0.3882286, 1.448889, 1, 1, 1, False
89.64555, 2021-07-05T15:20:42.6743460+08:00, 0, 0.3882286, 1.448889, 1, 1, 1, False
89.6531, 2021-07-05T15:20:42.6818540+08:00, 0, 0.3882286, 1.448889, 1, 1, 1, False
89.66006, 2021-07-05T15:20:42.6888680+08:00, 0, 0.3882286, 1.448889, 1, 1, 1, False
89.66702, 2021-07-05T15:20:42.6957790+08:00, 0, 0.3882286, 1.448889, 1, 1, 1, False
89.67463, 2021-07-05T15:20:42.7034650+08:00, 0, 0.3882286, 1.448889, 1, 1, 1, False
89.68274, 2021-07-05T15:20:42.7115090+08:00, 0, 0.3882286, 1.448889, 1, 1, 1, False
89.6908, 2021-07-05T15:20:42.7195480+08:00, 0, 0.3882286, 1.448889, 1, 1, 1, False
89.69851, 2021-07-05T15:20:42.7272680+08:00, 0, 0.3882286, 1.448889, 1, 1, 1, False
89.70672, 2021-07-05T15:20:42.7355030+08:00, 0, 0.3882286, 1.448889, 1, 1, 1, False
89.71464, 2021-07-05T15:20:42.7434130+08:00, 0, 0.3882286, 1.448889, 1, 1, 1, False
89.72241, 2021-07-05T15:20:42.7511900+08:00, 0, 0.3882286, 1.448889, 1, 1, 1, False
89.7261, 2021-07-05T15:20:42.7548040+08:00, 0, 0.3882286, 1.448889, 1, 1, 1, False
89.73036, 2021-07-05T15:20:42.7591470+08:00, 0, 0.3882286, 1.448889, 1, 1, 1, False
89.73827, 2021-07-05T15:20:42.7670200+08:00, 0, 0.3882286, 1.448889, 1, 1, 1, False
89.7448, 2021-07-05T15:20:42.7736520+08:00, 0, 0.3882286, 1.448889, 1, 1, 1, False
89.75194, 2021-07-05T15:20:42.7806920+08:00, 0, 0.3882286, 1.448889, 1, 1, 1, False
89.75919, 2021-07-05T15:20:42.7879300+08:00, 0, 0.3882286, 1.448889, 1, 1, 1, False
89.76694, 2021-07-05T15:20:42.7957680+08:00, 0, 0.3882286, 1.448889, 1, 1, 1, False
89.77434, 2021-07-05T15:20:42.8030660+08:00, 0, 0.3882286, 1.448889, 1, 1, 1, False
89.7802, 2021-07-05T15:20:42.8089880+08:00, 0, 0.3882286, 1.448889, 1, 1, 1, False
89.78749, 2021-07-05T15:20:42.8162260+08:00, 0, 0.3882286, 1.448889, 1, 1, 1, False
89.79438, 2021-07-05T15:20:42.8231180+08:00, 0, 0.3882286, 1.448889, 1, 1, 1, False
89.80139, 2021-07-05T15:20:42.8302160+08:00, 0, 0.3882286, 1.448889, 1, 1, 1, False
89.80872, 2021-07-05T15:20:42.8374380+08:00, 0, 0.3882286, 1.448889, 1, 1, 1, False
89.81527, 2021-07-05T15:20:42.8440500+08:00, 0, 0.3882286, 1.448889, 1, 1, 1, False
89.82253, 2021-07-05T15:20:42.8513700+08:00, 0, 0.3882286, 1.448889, 1, 1, 1, False
89.83031, 2021-07-05T15:20:42.8590680+08:00, 0, 0.3882286, 1.448889, 1, 1, 1, False
89.83686, 2021-07-05T15:20:42.8656960+08:00, 0, 0.3882286, 1.448889, 1, 1, 1, False
89.84397, 2021-07-05T15:20:42.8727760+08:00, 0, 0.3882286, 1.448889, 1, 1, 1, False
89.85107, 2021-07-05T15:20:42.8799140+08:00, 0, 0.3882286, 1.448889, 1, 1, 1, False
89.85857, 2021-07-05T15:20:42.8873120+08:00, 0, 0.3882286, 1.448889, 1, 1, 1, False
89.86596, 2021-07-05T15:20:42.8947790+08:00, 0, 0.3882286, 1.448889, 1, 1, 1, False
89.87248, 2021-07-05T15:20:42.9012350+08:00, 0, 0.3882286, 1.448889, 1, 1, 1, False
89.87933, 2021-07-05T15:20:42.9081730+08:00, 0, 0.3882286, 1.448889, 1, 1, 1, False
89.88687, 2021-07-05T15:20:42.9156400+08:00, 0, 0.3882286, 1.448889, 1, 1, 1, False
89.89433, 2021-07-05T15:20:42.9230920+08:00, 0, 0.3882286, 1.448889, 1, 1, 1, False
89.90094, 2021-07-05T15:20:42.9298670+08:00, 0, 0.3882286, 1.448889, 1, 1, 1, False
89.90806, 2021-07-05T15:20:42.9368060+08:00, 0, 0.3882286, 1.448889, 1, 1, 1, False
89.91473, 2021-07-05T15:20:42.9435360+08:00, 0, 0.3882286, 1.448889, 1, 1, 1, False
89.92213, 2021-07-05T15:20:42.9509700+08:00, 0, 0.3882286, 1.448889, 1, 1, 1, False
89.92904, 2021-07-05T15:20:42.9578190+08:00, 0, 0.3882286, 1.448889, 1, 1, 1, False
89.93623, 2021-07-05T15:20:42.9650020+08:00, 0, 0.3882286, 1.448889, 1, 1, 1, False
89.9432, 2021-07-05T15:20:42.9720030+08:00, 0, 0.3882286, 1.448889, 1, 1, 1, False
89.95042, 2021-07-05T15:20:42.9793700+08:00, 0, 0.3882286, 1.448889, 1, 1, 1, False
89.95766, 2021-07-05T15:20:42.9864530+08:00, 0, 0.3882286, 1.448889, 1, 1, 1, False
89.96477, 2021-07-05T15:20:42.9935700+08:00, 0, 0.3882286, 1.448889, 1, 1, 1, False
89.97179, 2021-07-05T15:20:43.0006020+08:00, 0, 0.3882286, 1.448889, 1, 1, 1, False
89.97977, 2021-07-05T15:20:43.0085320+08:00, 0, 0.3882286, 1.448889, 1, 1, 1, False
89.98701, 2021-07-05T15:20:43.0157700+08:00, 0, 0.3882286, 1.448889, 1, 1, 1, False
89.99484, 2021-07-05T15:20:43.0235770+08:00, 0, 0.3882286, 1.448889, 1, 1, 1, False
90.00069, 2021-07-05T15:20:43.0295890+08:00, 0, 0.3882286, 1.448889, 1, 1, 1, False
90.0079, 2021-07-05T15:20:43.0366800+08:00, 0, 0.3882286, 1.448889, 1, 1, 1, False
90.0155, 2021-07-05T15:20:43.0442800+08:00, 0, 0.3882286, 1.448889, 1, 1, 1, False
90.02253, 2021-07-05T15:20:43.0512940+08:00, 0, 0.3882286, 1.448889, 1, 1, 1, False
90.0292, 2021-07-05T15:20:43.0579560+08:00, 0, 0.3882286, 1.448889, 1, 1, 1, False
90.03629, 2021-07-05T15:20:43.0650740+08:00, 0, 0.3882286, 1.448889, 1, 1, 1, False
90.04411, 2021-07-05T15:20:43.0728940+08:00, 0, 0.3882286, 1.448889, 1, 1, 1, False
90.05059, 2021-07-05T15:20:43.0794050+08:00, 0, 0.3882286, 1.448889, 1, 1, 1, False
90.05808, 2021-07-05T15:20:43.0868480+08:00, 0, 0.3882286, 1.448889, 1, 1, 1, False
90.06452, 2021-07-05T15:20:43.0934020+08:00, 0, 0.3882286, 1.448889, 1, 1, 1, False
90.07161, 2021-07-05T15:20:43.1004430+08:00, 0, 0.3882286, 1.448889, 1, 1, 1, False
90.07887, 2021-07-05T15:20:43.1076550+08:00, 0, 0.3882286, 1.448889, 1, 1, 1, False
90.08595, 2021-07-05T15:20:43.1147750+08:00, 0, 0.3882286, 1.448889, 1, 1, 1, False
90.0929, 2021-07-05T15:20:43.1217380+08:00, 0, 0.3882286, 1.448889, 1, 1, 1, False
90.10028, 2021-07-05T15:20:43.1291060+08:00, 0, 0.3882286, 1.448889, 1, 1, 1, False
90.10748, 2021-07-05T15:20:43.1362320+08:00, 0, 0.3882286, 1.448889, 1, 1, 1, False
90.11491, 2021-07-05T15:20:43.1436860+08:00, 0, 0.3882286, 1.448889, 1, 1, 1, False
90.12253, 2021-07-05T15:20:43.1513160+08:00, 0, 0.3882286, 1.448889, 1, 1, 1, False
90.12901, 2021-07-05T15:20:43.1577540+08:00, 0, 0.3882286, 1.448889, 1, 1, 1, False
90.13554, 2021-07-05T15:20:43.1643450+08:00, 0, 0.3882286, 1.448889, 1, 1, 1, False
90.14297, 2021-07-05T15:20:43.1717750+08:00, 0, 0.3882286, 1.448889, 1, 1, 1, False
90.15079, 2021-07-05T15:20:43.1795990+08:00, 0, 0.3882286, 1.448889, 1, 1, 1, False
90.15873, 2021-07-05T15:20:43.1874730+08:00, 0, 0.3882286, 1.448889, 1, 1, 1, False
90.16399, 2021-07-05T15:20:43.1927880+08:00, 0, 0.3882286, 1.448889, 1, 1, 1, False
90.17149, 2021-07-05T15:20:43.2002430+08:00, 0, 0.3882286, 1.448889, 1, 1, 1, False
90.17873, 2021-07-05T15:20:43.2105310+08:00, 0, 0.3882286, 1.448889, 1, 1, 1, False
90.18626, 2021-07-05T15:20:43.2188690+08:00, 0, 0.3882286, 1.448889, 1, 1, 1, False
90.19411, 2021-07-05T15:20:43.2228100+08:00, 0, 0.3882286, 1.448889, 1, 1, 1, False
90.19935, 2021-07-05T15:20:43.2281500+08:00, 0, 0.3882286, 1.448889, 1, 1, 1, False
90.2066, 2021-07-05T15:20:43.2353830+08:00, 0, 0.3882286, 1.448889, 1, 1, 1, False
90.21373, 2021-07-05T15:20:43.2425240+08:00, 0, 0.3882286, 1.448889, 1, 1, 1, False
90.22128, 2021-07-05T15:20:43.2500620+08:00, 0, 0.3882286, 1.448889, 1, 1, 1, False
90.22813, 2021-07-05T15:20:43.2568730+08:00, 0, 0.3882286, 1.448889, 1, 1, 1, False
90.25074, 2021-07-05T15:20:43.2795720+08:00, 0, 0.3882286, 1.448889, 1, 1, 1, False
90.25872, 2021-07-05T15:20:43.2874710+08:00, 0, 0.3882286, 1.448889, 1, 1, 1, False
90.26694, 2021-07-05T15:20:43.2957770+08:00, 0, 0.3882286, 1.448889, 1, 1, 1, False
90.27462, 2021-07-05T15:20:43.3033510+08:00, 0, 0.3882286, 1.448889, 1, 1, 1, False
90.28271, 2021-07-05T15:20:43.3115020+08:00, 0, 0.3882286, 1.448889, 1, 1, 1, False
90.29082, 2021-07-05T15:20:43.3195930+08:00, 0, 0.3882286, 1.448889, 1, 1, 1, False
90.29868, 2021-07-05T15:20:43.3274060+08:00, 0, 0.3882286, 1.448889, 1, 1, 1, False
90.30269, 2021-07-05T15:20:43.3314390+08:00, 0, 0.3882286, 1.448889, 1, 1, 1, False
90.30614, 2021-07-05T15:20:43.3348500+08:00, 0, 0.3882286, 1.448889, 1, 1, 1, False
90.31014, 2021-07-05T15:20:43.3388410+08:00, 0, 0.3882286, 1.448889, 1, 1, 1, False
90.31425, 2021-07-05T15:20:43.3429720+08:00, 0, 0.3882286, 1.448889, 1, 1, 1, False
90.31808, 2021-07-05T15:20:43.3467770+08:00, 0, 0.3882286, 1.448889, 1, 1, 1, False
90.32218, 2021-07-05T15:20:43.3509150+08:00, 0, 0.3882286, 1.448889, 1, 1, 1, False
90.32847, 2021-07-05T15:20:43.3572510+08:00, 0, 0.3882286, 1.448889, 1, 1, 1, False
90.3357, 2021-07-05T15:20:43.3644560+08:00, 0, 0.3882286, 1.448889, 1, 1, 1, False
90.34283, 2021-07-05T15:20:43.3716090+08:00, 0, 0.3882286, 1.448889, 1, 1, 1, False
90.34973, 2021-07-05T15:20:43.3784920+08:00, 0, 0.3882286, 1.448889, 1, 1, 1, False
90.35713, 2021-07-05T15:20:43.3858760+08:00, 0, 0.3882286, 1.448889, 1, 1, 1, False
90.36375, 2021-07-05T15:20:43.3925950+08:00, 0, 0.3882286, 1.448889, 1, 1, 1, False
90.37099, 2021-07-05T15:20:43.3998060+08:00, 0, 0.3882286, 1.448889, 1, 1, 1, False
90.37888, 2021-07-05T15:20:43.4076310+08:00, 0, 0.3882286, 1.448889, 1, 1, 1, False
90.3868, 2021-07-05T15:20:43.4155750+08:00, 0, 0.3882286, 1.448889, 1, 1, 1, False
90.39233, 2021-07-05T15:20:43.4210720+08:00, 0, 0.3882286, 1.448889, 1, 1, 1, False
90.40004, 2021-07-05T15:20:43.4288830+08:00, 0, 0.3882286, 1.448889, 1, 1, 1, False
90.40692, 2021-07-05T15:20:43.4356730+08:00, 0, 0.3882286, 1.448889, 1, 1, 1, False
90.41473, 2021-07-05T15:20:43.4434690+08:00, 0, 0.3882286, 1.448889, 1, 1, 1, False
90.4208, 2021-07-05T15:20:43.4496430+08:00, 0, 0.3882286, 1.448889, 1, 1, 1, False
90.42778, 2021-07-05T15:20:43.4565180+08:00, 0, 0.3882286, 1.448889, 1, 1, 1, False
90.43507, 2021-07-05T15:20:43.4638260+08:00, 0, 0.3882286, 1.448889, 1, 1, 1, False
90.44299, 2021-07-05T15:20:43.4718030+08:00, 0, 0.3882286, 1.448889, 1, 1, 1, False
90.45029, 2021-07-05T15:20:43.4790460+08:00, 0, 0.3882286, 1.448889, 1, 1, 1, False
90.45647, 2021-07-05T15:20:43.4852320+08:00, 0, 0.3882286, 1.448889, 1, 1, 1, False
90.46333, 2021-07-05T15:20:43.4921330+08:00, 0, 0.3882286, 1.448889, 1, 1, 1, False
90.47038, 2021-07-05T15:20:43.4991730+08:00, 0, 0.3882286, 1.448889, 1, 1, 1, False
90.47832, 2021-07-05T15:20:43.5071080+08:00, 0, 0.3882286, 1.448889, 1, 1, 1, False
90.48491, 2021-07-05T15:20:43.5138010+08:00, 0, 0.3882286, 1.448889, 1, 1, 1, False
90.49199, 2021-07-05T15:20:43.5207640+08:00, 0, 0.3882286, 1.448889, 1, 1, 1, False
90.49961, 2021-07-05T15:20:43.5283730+08:00, 0, 0.3882286, 1.448889, 1, 1, 1, False
90.50661, 2021-07-05T15:20:43.5353740+08:00, 0, 0.3882286, 1.448889, 1, 1, 1, False
90.51447, 2021-07-05T15:20:43.5431960+08:00, 0, 0.3882286, 1.448889, 1, 1, 1, False
90.52029, 2021-07-05T15:20:43.5490710+08:00, 0, 0.3882286, 1.448889, 1, 1, 1, False
90.52814, 2021-07-05T15:20:43.5569010+08:00, 0, 0.3882286, 1.448889, 1, 1, 1, False
90.53478, 2021-07-05T15:20:43.5636270+08:00, 0, 0.3882286, 1.448889, 1, 1, 1, False
90.5424, 2021-07-05T15:20:43.5712170+08:00, 0, 0.3882286, 1.448889, 1, 1, 1, False
90.5488, 2021-07-05T15:20:43.5775770+08:00, 0, 0.3882286, 1.448889, 1, 1, 1, False
90.55589, 2021-07-05T15:20:43.5847020+08:00, 0, 0.3882286, 1.448889, 1, 1, 1, False
90.563, 2021-07-05T15:20:43.5919160+08:00, 0, 0.3882286, 1.448889, 1, 1, 1, False
90.57074, 2021-07-05T15:20:43.5994740+08:00, 0, 0.3882286, 1.448889, 1, 1, 1, False
90.57813, 2021-07-05T15:20:43.6069070+08:00, 0, 0.3882286, 1.448889, 1, 1, 1, False
90.58479, 2021-07-05T15:20:43.6136470+08:00, 0, 0.3882286, 1.448889, 1, 1, 1, False
90.59218, 2021-07-05T15:20:43.6209250+08:00, 0, 0.3882286, 1.448889, 1, 1, 1, False
90.59868, 2021-07-05T15:20:43.6274120+08:00, 0, 0.3882286, 1.448889, 1, 1, 1, False
90.60673, 2021-07-05T15:20:43.6355340+08:00, 0, 0.3882286, 1.448889, 1, 1, 1, False
90.61493, 2021-07-05T15:20:43.6436930+08:00, 0, 0.3882286, 1.448889, 1, 1, 1, False
90.62242, 2021-07-05T15:20:43.6512010+08:00, 0, 0.3882286, 1.448889, 1, 1, 1, False
90.62689, 2021-07-05T15:20:43.6556540+08:00, 0, 0.3882286, 1.448889, 1, 1, 1, False
90.63393, 2021-07-05T15:20:43.6626970+08:00, 0, 0.3882286, 1.448889, 1, 1, 1, False
90.64151, 2021-07-05T15:20:43.6703190+08:00, 0, 0.3882286, 1.448889, 1, 1, 1, False
90.64809, 2021-07-05T15:20:43.6768720+08:00, 0, 0.3882286, 1.448889, 1, 1, 1, False
90.65503, 2021-07-05T15:20:43.6838010+08:00, 0, 0.3882286, 1.448889, 1, 1, 1, False
90.66174, 2021-07-05T15:20:43.6905740+08:00, 0, 0.3882286, 1.448889, 1, 1, 1, False
90.66891, 2021-07-05T15:20:43.6977510+08:00, 0, 0.3882286, 1.448889, 1, 1, 1, False
90.67607, 2021-07-05T15:20:43.7048490+08:00, 0, 0.3882286, 1.448889, 1, 1, 1, False
90.68324, 2021-07-05T15:20:43.7120420+08:00, 0, 0.3882286, 1.448889, 1, 1, 1, False
90.69083, 2021-07-05T15:20:43.7195930+08:00, 0, 0.3882286, 1.448889, 1, 1, 1, False
90.69853, 2021-07-05T15:20:43.7273010+08:00, 0, 0.3882286, 1.448889, 1, 1, 1, False
90.7066, 2021-07-05T15:20:43.7353680+08:00, 0, 0.3882286, 1.448889, 1, 1, 1, False
90.71133, 2021-07-05T15:20:43.7401290+08:00, 0, 0.3882286, 1.448889, 1, 1, 1, False
90.71905, 2021-07-05T15:20:43.7478110+08:00, 0, 0.3882286, 1.448889, 1, 1, 1, False
90.7267, 2021-07-05T15:20:43.7554920+08:00, 0, 0.3882286, 1.448889, 1, 1, 1, False
90.73467, 2021-07-05T15:20:43.7634400+08:00, 0, 0.3882286, 1.448889, 1, 1, 1, False
90.74, 2021-07-05T15:20:43.7687540+08:00, 0, 0.3882286, 1.448889, 1, 1, 1, False
90.7469, 2021-07-05T15:20:43.7757440+08:00, 0, 0.3882286, 1.448889, 1, 1, 1, False
90.7546, 2021-07-05T15:20:43.7833620+08:00, 0, 0.3882286, 1.448889, 1, 1, 1, False
90.76129, 2021-07-05T15:20:43.7901050+08:00, 0, 0.3882286, 1.448889, 1, 1, 1, False
90.7683, 2021-07-05T15:20:43.7971130+08:00, 0, 0.3882286, 1.448889, 1, 1, 1, False
90.77555, 2021-07-05T15:20:43.8043430+08:00, 0, 0.3882286, 1.448889, 1, 1, 1, False
90.78287, 2021-07-05T15:20:43.8116850+08:00, 0, 0.3882286, 1.448889, 1, 1, 1, False
90.79061, 2021-07-05T15:20:43.8194110+08:00, 0, 0.3882286, 1.448889, 1, 1, 1, False
90.79759, 2021-07-05T15:20:43.8263700+08:00, 0, 0.3882286, 1.448889, 1, 1, 1, False
90.80804, 2021-07-05T15:20:43.8367950+08:00, 0, 0.3882286, 1.448889, 1, 1, 1, False
90.81451, 2021-07-05T15:20:43.8432510+08:00, 0, 0.3882286, 1.448889, 1, 1, 1, False
90.81857, 2021-07-05T15:20:43.8472880+08:00, 0, 0.3882286, 1.448889, 1, 1, 1, False
90.83521, 2021-07-05T15:20:43.8640620+08:00, 0, 0.3882286, 1.448889, 1, 1, 1, False
90.84258, 2021-07-05T15:20:43.8713760+08:00, 0, 0.3882286, 1.448889, 1, 1, 1, False
90.84633, 2021-07-05T15:20:43.8750950+08:00, 0, 0.3882286, 1.448889, 1, 1, 1, False
90.8502, 2021-07-05T15:20:43.8789210+08:00, 0, 0.3882286, 1.448889, 1, 1, 1, False
90.85421, 2021-07-05T15:20:43.8829180+08:00, 0, 0.3882286, 1.448889, 1, 1, 1, False
90.86082, 2021-07-05T15:20:43.8896000+08:00, 0, 0.3882286, 1.448889, 1, 1, 1, False
90.86779, 2021-07-05T15:20:43.8965560+08:00, 0, 0.3882286, 1.448889, 1, 1, 1, False
90.87437, 2021-07-05T15:20:43.9031630+08:00, 0, 0.3882286, 1.448889, 1, 1, 1, False
90.8814, 2021-07-05T15:20:43.9102640+08:00, 0, 0.3882286, 1.448889, 1, 1, 1, False
90.88844, 2021-07-05T15:20:43.9172070+08:00, 0, 0.3882286, 1.448889, 1, 1, 1, False
90.89548, 2021-07-05T15:20:43.9242180+08:00, 0, 0.3882286, 1.448889, 1, 1, 1, False
90.90266, 2021-07-05T15:20:43.9315790+08:00, 0, 0.3882286, 1.448889, 1, 1, 1, False
90.91056, 2021-07-05T15:20:43.9393360+08:00, 0, 0.3882286, 1.448889, 1, 1, 1, False
90.91717, 2021-07-05T15:20:43.9459660+08:00, 0, 0.3882286, 1.448889, 1, 1, 1, False
90.92461, 2021-07-05T15:20:43.9534900+08:00, 0, 0.3882286, 1.448889, 1, 1, 1, False
90.93085, 2021-07-05T15:20:43.9596510+08:00, 0, 0.3882286, 1.448889, 1, 1, 1, False
90.93846, 2021-07-05T15:20:43.9672170+08:00, 0, 0.3882286, 1.448889, 1, 1, 1, False
90.94576, 2021-07-05T15:20:43.9745790+08:00, 0, 0.3882286, 1.448889, 1, 1, 1, False
90.95236, 2021-07-05T15:20:43.9811390+08:00, 0, 0.3882286, 1.448889, 1, 1, 1, False
90.95938, 2021-07-05T15:20:43.9881480+08:00, 0, 0.3882286, 1.448889, 1, 1, 1, False
90.96675, 2021-07-05T15:20:43.9956810+08:00, 0, 0.3882286, 1.448889, 1, 1, 1, False
90.97487, 2021-07-05T15:20:44.0036330+08:00, 0, 0.3882286, 1.448889, 1, 1, 1, False
90.9827, 2021-07-05T15:20:44.0114810+08:00, 0, 0.3882286, 1.448889, 1, 1, 1, False
90.99064, 2021-07-05T15:20:44.0193670+08:00, 0, 0.3882286, 1.448889, 1, 1, 1, False
90.99522, 2021-07-05T15:20:44.0239590+08:00, 0, 0.3882286, 1.448889, 1, 1, 1, False
91.00185, 2021-07-05T15:20:44.0307750+08:00, 0, 0.3882286, 1.448889, 1, 1, 1, False
91.00903, 2021-07-05T15:20:44.0377740+08:00, 0, 0.3882286, 1.448889, 1, 1, 1, False
91.01614, 2021-07-05T15:20:44.0449410+08:00, 0, 0.3882286, 1.448889, 1, 1, 1, False
91.02361, 2021-07-05T15:20:44.0524180+08:00, 0, 0.3882286, 1.448889, 1, 1, 1, False
91.03065, 2021-07-05T15:20:44.0595070+08:00, 0, 0.3882286, 1.448889, 1, 1, 1, False
91.0383, 2021-07-05T15:20:44.0671100+08:00, 0, 0.3882286, 1.448889, 1, 1, 1, False
91.04507, 2021-07-05T15:20:44.0738940+08:00, 0, 0.3882286, 1.448889, 1, 1, 1, False
91.05154, 2021-07-05T15:20:44.0803610+08:00, 0, 0.3882286, 1.448889, 1, 1, 1, False
91.0587, 2021-07-05T15:20:44.0875010+08:00, 0, 0.3882286, 1.448889, 1, 1, 1, False
91.06701, 2021-07-05T15:20:44.0958240+08:00, 0, 0.3882286, 1.448889, 1, 1, 1, False
91.07448, 2021-07-05T15:20:44.1032310+08:00, 0, 0.3882286, 1.448889, 1, 1, 1, False
91.07855, 2021-07-05T15:20:44.1073320+08:00, 0, 0.3882286, 1.448889, 1, 1, 1, False
91.08549, 2021-07-05T15:20:44.1142800+08:00, 0, 0.3882286, 1.448889, 1, 1, 1, False
91.09295, 2021-07-05T15:20:44.1216970+08:00, 0, 0.3882286, 1.448889, 1, 1, 1, False
91.09923, 2021-07-05T15:20:44.1280310+08:00, 0, 0.3882286, 1.448889, 1, 1, 1, False
91.10638, 2021-07-05T15:20:44.1351480+08:00, 0, 0.3882286, 1.448889, 1, 1, 1, False
91.11276, 2021-07-05T15:20:44.1415600+08:00, 0, 0.3882286, 1.448889, 1, 1, 1, False
91.11972, 2021-07-05T15:20:44.1485490+08:00, 0, 0.3882286, 1.448889, 1, 1, 1, False
91.12718, 2021-07-05T15:20:44.1559730+08:00, 0, 0.3882286, 1.448889, 1, 1, 1, False
91.13377, 2021-07-05T15:20:44.1625700+08:00, 0, 0.3882286, 1.448889, 1, 1, 1, False
91.14116, 2021-07-05T15:20:44.1699390+08:00, 0, 0.3882286, 1.448889, 1, 1, 1, False
91.14709, 2021-07-05T15:20:44.1759010+08:00, 0, 0.3882286, 1.448889, 1, 1, 1, False
91.15427, 2021-07-05T15:20:44.1830790+08:00, 0, 0.3882286, 1.448889, 1, 1, 1, False
91.16114, 2021-07-05T15:20:44.1899680+08:00, 0, 0.3882286, 1.448889, 1, 1, 1, False
91.16819, 2021-07-05T15:20:44.1969620+08:00, 0, 0.3882286, 1.448889, 1, 1, 1, False
91.17502, 2021-07-05T15:20:44.2038030+08:00, 0, 0.3882286, 1.448889, 1, 1, 1, False
91.18188, 2021-07-05T15:20:44.2107080+08:00, 0, 0.3882286, 1.448889, 1, 1, 1, False
91.20889, 2021-07-05T15:20:44.2376470+08:00, 0, 0.3882286, 1.448889, 1, 1, 1, False
91.22009, 2021-07-05T15:20:44.2488840+08:00, 0, 0.3882286, 1.448889, 1, 1, 1, False
91.22675, 2021-07-05T15:20:44.2554750+08:00, 0, 0.3882286, 1.448889, 1, 1, 1, False
91.23026, 2021-07-05T15:20:44.2589580+08:00, 0, 0.3882286, 1.448889, 1, 1, 1, False
91.23405, 2021-07-05T15:20:44.2627700+08:00, 0, 0.3882286, 1.448889, 1, 1, 1, False
91.23811, 2021-07-05T15:20:44.2668130+08:00, 0, 0.3882286, 1.448889, 1, 1, 1, False
91.24253, 2021-07-05T15:20:44.2712770+08:00, 0, 0.3882286, 1.448889, 1, 1, 1, False
91.24608, 2021-07-05T15:20:44.2748180+08:00, 0, 0.3882286, 1.448889, 1, 1, 1, False
91.25012, 2021-07-05T15:20:44.2788450+08:00, 0, 0.3882286, 1.448889, 1, 1, 1, False
91.2561, 2021-07-05T15:20:44.2850320+08:00, 0, 0.3882286, 1.448889, 1, 1, 1, False
91.26669, 2021-07-05T15:20:44.2989000+08:00, 0, 0.3882286, 1.448889, 1, 1, 1, False
91.27419, 2021-07-05T15:20:44.3029270+08:00, 0, 0.3882286, 1.448889, 1, 1, 1, False
91.2785, 2021-07-05T15:20:44.3073240+08:00, 0, 0.3882286, 1.448889, 1, 1, 1, False
91.28472, 2021-07-05T15:20:44.3135950+08:00, 0, 0.3882286, 1.448889, 1, 1, 1, False
91.29202, 2021-07-05T15:20:44.3207800+08:00, 0, 0.3882286, 1.448889, 1, 1, 1, False
91.29819, 2021-07-05T15:20:44.3270050+08:00, 0, 0.3882286, 1.448889, 1, 1, 1, False
91.30523, 2021-07-05T15:20:44.3340180+08:00, 0, 0.3882286, 1.448889, 1, 1, 1, False
91.31268, 2021-07-05T15:20:44.3414350+08:00, 0, 0.3882286, 1.448889, 1, 1, 1, False
91.31891, 2021-07-05T15:20:44.3477360+08:00, 0, 0.3882286, 1.448889, 1, 1, 1, False
91.32573, 2021-07-05T15:20:44.3545470+08:00, 0, 0.3882286, 1.448889, 1, 1, 1, False
91.33259, 2021-07-05T15:20:44.3613350+08:00, 0, 0.3882286, 1.448889, 1, 1, 1, False
91.33986, 2021-07-05T15:20:44.3686130+08:00, 0, 0.3882286, 1.448889, 1, 1, 1, False
91.34655, 2021-07-05T15:20:44.3753670+08:00, 0, 0.3882286, 1.448889, 1, 1, 1, False
91.35294, 2021-07-05T15:20:44.3817480+08:00, 0, 0.3882286, 1.448889, 1, 1, 1, False
91.36034, 2021-07-05T15:20:44.3891690+08:00, 0, 0.3882286, 1.448889, 1, 1, 1, False
91.3666, 2021-07-05T15:20:44.3954780+08:00, 0, 0.3882286, 1.448889, 1, 1, 1, False
91.37449, 2021-07-05T15:20:44.4032350+08:00, 0, 0.3882286, 1.448889, 1, 1, 1, False
91.37987, 2021-07-05T15:20:44.4086810+08:00, 0, 0.3882286, 1.448889, 1, 1, 1, False
91.38678, 2021-07-05T15:20:44.4156400+08:00, 0, 0.3882286, 1.448889, 1, 1, 1, False
91.39388, 2021-07-05T15:20:44.4226540+08:00, 0, 0.3882286, 1.448889, 1, 1, 1, False
91.40057, 2021-07-05T15:20:44.4293810+08:00, 0, 0.3882286, 1.448889, 1, 1, 1, False
91.40741, 2021-07-05T15:20:44.4361650+08:00, 0, 0.3882286, 1.448889, 1, 1, 1, False
91.41444, 2021-07-05T15:20:44.4431910+08:00, 0, 0.3882286, 1.448889, 1, 1, 1, False
91.42123, 2021-07-05T15:20:44.4500190+08:00, 0, 0.3882286, 1.448889, 1, 1, 1, False
91.42751, 2021-07-05T15:20:44.4563270+08:00, 0, 0.3882286, 1.448889, 1, 1, 1, False
91.43494, 2021-07-05T15:20:44.4637510+08:00, 0, 0.3882286, 1.448889, 1, 1, 1, False
91.44293, 2021-07-05T15:20:44.4717540+08:00, 0, 0.3882286, 1.448889, 1, 1, 1, False
91.45028, 2021-07-05T15:20:44.4790240+08:00, 0, 0.3882286, 1.448889, 1, 1, 1, False
91.45488, 2021-07-05T15:20:44.4836930+08:00, 0, 0.3882286, 1.448889, 1, 1, 1, False
91.46272, 2021-07-05T15:20:44.4915630+08:00, 0, 0.3882286, 1.448889, 1, 1, 1, False
91.46906, 2021-07-05T15:20:44.4977880+08:00, 0, 0.3882286, 1.448889, 1, 1, 1, False
91.47537, 2021-07-05T15:20:44.5041430+08:00, 0, 0.3882286, 1.448889, 1, 1, 1, False
91.48269, 2021-07-05T15:20:44.5114570+08:00, 0, 0.3882286, 1.448889, 1, 1, 1, False
91.48902, 2021-07-05T15:20:44.5177840+08:00, 0, 0.3882286, 1.448889, 1, 1, 1, False
91.49579, 2021-07-05T15:20:44.5245530+08:00, 0, 0.3882286, 1.448889, 1, 1, 1, False
91.50263, 2021-07-05T15:20:44.5315180+08:00, 0, 0.3882286, 1.448889, 1, 1, 1, False
91.51025, 2021-07-05T15:20:44.5390260+08:00, 0, 0.3882286, 1.448889, 1, 1, 1, False
91.51651, 2021-07-05T15:20:44.5452980+08:00, 0, 0.3882286, 1.448889, 1, 1, 1, False
91.52373, 2021-07-05T15:20:44.5525130+08:00, 0, 0.3882286, 1.448889, 1, 1, 1, False
91.53095, 2021-07-05T15:20:44.5597060+08:00, 0, 0.3882286, 1.448889, 1, 1, 1, False
91.53704, 2021-07-05T15:20:44.5658570+08:00, 0, 0.3882286, 1.448889, 1, 1, 1, False
91.54381, 2021-07-05T15:20:44.5725860+08:00, 0, 0.3882286, 1.448889, 1, 1, 1, False
91.55081, 2021-07-05T15:20:44.5795520+08:00, 0, 0.3882286, 1.448889, 1, 1, 1, False
91.55736, 2021-07-05T15:20:44.5861630+08:00, 0, 0.3882286, 1.448889, 1, 1, 1, False
91.56401, 2021-07-05T15:20:44.5928760+08:00, 0, 0.3882286, 1.448889, 1, 1, 1, False
91.57279, 2021-07-05T15:20:44.6015910+08:00, 0, 0.3882286, 1.448889, 1, 1, 1, False
91.57853, 2021-07-05T15:20:44.6072660+08:00, 0, 0.3882286, 1.448889, 1, 1, 1, False
91.5853, 2021-07-05T15:20:44.6141020+08:00, 0, 0.3882286, 1.448889, 1, 1, 1, False
91.59161, 2021-07-05T15:20:44.6203530+08:00, 0, 0.3882286, 1.448889, 1, 1, 1, False
91.60107, 2021-07-05T15:20:44.6298520+08:00, 0, 0.3882286, 1.448889, 1, 1, 1, False
91.60609, 2021-07-05T15:20:44.6348220+08:00, 0, 0.3882286, 1.448889, 1, 1, 1, False
91.61197, 2021-07-05T15:20:44.6407120+08:00, 0, 0.3882286, 1.448889, 1, 1, 1, False
91.6188, 2021-07-05T15:20:44.6476260+08:00, 0, 0.3882286, 1.448889, 1, 1, 1, False
91.62672, 2021-07-05T15:20:44.6556020+08:00, 0, 0.3882286, 1.448889, 1, 1, 1, False
91.63311, 2021-07-05T15:20:44.6619230+08:00, 0, 0.3882286, 1.448889, 1, 1, 1, False
91.63945, 2021-07-05T15:20:44.6682280+08:00, 0, 0.3882286, 1.448889, 1, 1, 1, False
91.64693, 2021-07-05T15:20:44.6757670+08:00, 0, 0.3882286, 1.448889, 1, 1, 1, False
91.65427, 2021-07-05T15:20:44.6830080+08:00, 0, 0.3882286, 1.448889, 1, 1, 1, False
91.65985, 2021-07-05T15:20:44.6886420+08:00, 0, 0.3882286, 1.448889, 1, 1, 1, False
91.66677, 2021-07-05T15:20:44.6956200+08:00, 0, 0.3882286, 1.448889, 1, 1, 1, False
91.67464, 2021-07-05T15:20:44.7034090+08:00, 0, 0.3882286, 1.448889, 1, 1, 1, False
91.68047, 2021-07-05T15:20:44.7093150+08:00, 0, 0.3882286, 1.448889, 1, 1, 1, False
91.68705, 2021-07-05T15:20:44.7158360+08:00, 0, 0.3882286, 1.448889, 1, 1, 1, False
91.69347, 2021-07-05T15:20:44.7223550+08:00, 0, 0.3882286, 1.448889, 1, 1, 1, False
91.70047, 2021-07-05T15:20:44.7292590+08:00, 0, 0.3882286, 1.448889, 1, 1, 1, False
91.70688, 2021-07-05T15:20:44.7356390+08:00, 0, 0.3882286, 1.448889, 1, 1, 1, False
91.71374, 2021-07-05T15:20:44.7425950+08:00, 0, 0.3882286, 1.448889, 1, 1, 1, False
91.72104, 2021-07-05T15:20:44.7498390+08:00, 0, 0.3882286, 1.448889, 1, 1, 1, False
91.72729, 2021-07-05T15:20:44.7560930+08:00, 0, 0.3882286, 1.448889, 1, 1, 1, False
91.73484, 2021-07-05T15:20:44.7639100+08:00, 0, 0.3882286, 1.448889, 1, 1, 1, False
91.74259, 2021-07-05T15:20:44.7713840+08:00, 0, 0.3882286, 1.448889, 1, 1, 1, False
91.75038, 2021-07-05T15:20:44.7791320+08:00, 0, 0.3882286, 1.448889, 1, 1, 1, False
91.75447, 2021-07-05T15:20:44.7832540+08:00, 0, 0.3882286, 1.448889, 1, 1, 1, False
91.76183, 2021-07-05T15:20:44.7906460+08:00, 0, 0.3882286, 1.448889, 1, 1, 1, False
91.76817, 2021-07-05T15:20:44.7969670+08:00, 0, 0.3882286, 1.448889, 1, 1, 1, False
91.77561, 2021-07-05T15:20:44.8043930+08:00, 0, 0.3882286, 1.448889, 1, 1, 1, False
91.78238, 2021-07-05T15:20:44.8111710+08:00, 0, 0.3882286, 1.448889, 1, 1, 1, False
91.78901, 2021-07-05T15:20:44.8178150+08:00, 0, 0.3882286, 1.448889, 1, 1, 1, False
91.79498, 2021-07-05T15:20:44.8237960+08:00, 0, 0.3882286, 1.448889, 1, 1, 1, False
91.80233, 2021-07-05T15:20:44.8310930+08:00, 0, 0.3882286, 1.448889, 1, 1, 1, False
91.80888, 2021-07-05T15:20:44.8376650+08:00, 0, 0.3882286, 1.448889, 1, 1, 1, False
91.81586, 2021-07-05T15:20:44.8446280+08:00, 0, 0.3882286, 1.448889, 1, 1, 1, False
91.82236, 2021-07-05T15:20:44.8512470+08:00, 0, 0.3882286, 1.448889, 1, 1, 1, False
91.82919, 2021-07-05T15:20:44.8579600+08:00, 0, 0.3882286, 1.448889, 1, 1, 1, False
91.83641, 2021-07-05T15:20:44.8651820+08:00, 0, 0.3882286, 1.448889, 1, 1, 1, False
91.84305, 2021-07-05T15:20:44.8718580+08:00, 0, 0.3882286, 1.448889, 1, 1, 1, False
91.85032, 2021-07-05T15:20:44.8791270+08:00, 0, 0.3882286, 1.448889, 1, 1, 1, False
91.85657, 2021-07-05T15:20:44.8853300+08:00, 0, 0.3882286, 1.448889, 1, 1, 1, False
91.86295, 2021-07-05T15:20:44.8917810+08:00, 0, 0.3882286, 1.448889, 1, 1, 1, False
91.87053, 2021-07-05T15:20:44.8993080+08:00, 0, 0.3882286, 1.448889, 1, 1, 1, False
91.87656, 2021-07-05T15:20:44.9054190+08:00, 0, 0.3882286, 1.448889, 1, 1, 1, False
91.88338, 2021-07-05T15:20:44.9122550+08:00, 0, 0.3882286, 1.448889, 1, 1, 1, False
91.89074, 2021-07-05T15:20:44.9195180+08:00, 0, 0.3882286, 1.448889, 1, 1, 1, False
91.89828, 2021-07-05T15:20:44.9269980+08:00, 0, 0.3882286, 1.448889, 1, 1, 1, False
91.90366, 2021-07-05T15:20:44.9325270+08:00, 0, 0.3882286, 1.448889, 1, 1, 1, False
91.91077, 2021-07-05T15:20:44.9395260+08:00, 0, 0.3882286, 1.448889, 1, 1, 1, False
91.91723, 2021-07-05T15:20:44.9460610+08:00, 0, 0.3882286, 1.448889, 1, 1, 1, False
91.92483, 2021-07-05T15:20:44.9536490+08:00, 0, 0.3882286, 1.448889, 1, 1, 1, False
91.93112, 2021-07-05T15:20:44.9599160+08:00, 0, 0.3882286, 1.448889, 1, 1, 1, False
91.94112, 2021-07-05T15:20:44.9699080+08:00, 0, 0.3882286, 1.448889, 1, 1, 1, False
91.9463, 2021-07-05T15:20:44.9750150+08:00, 0, 0.3882286, 1.448889, 1, 1, 1, False
91.95135, 2021-07-05T15:20:44.9802300+08:00, 0, 0.3882286, 1.448889, 1, 1, 1, False
91.96832, 2021-07-05T15:20:44.9971530+08:00, 0, 0.3882286, 1.448889, 1, 1, 1, False
91.97449, 2021-07-05T15:20:45.0032200+08:00, 0, 0.3882286, 1.448889, 1, 1, 1, False
91.97816, 2021-07-05T15:20:45.0068890+08:00, 0, 0.3882286, 1.448889, 1, 1, 1, False
91.98214, 2021-07-05T15:20:45.0108920+08:00, 0, 0.3882286, 1.448889, 1, 1, 1, False
91.98607, 2021-07-05T15:20:45.0148000+08:00, 0, 0.3882286, 1.448889, 1, 1, 1, False
91.9924, 2021-07-05T15:20:45.0211540+08:00, 0, 0.3882286, 1.448889, 1, 1, 1, False
91.99924, 2021-07-05T15:20:45.0280010+08:00, 0, 0.3882286, 1.448889, 1, 1, 1, False
92.00553, 2021-07-05T15:20:45.0343670+08:00, 0, 0.3882286, 1.448889, 1, 1, 1, False
92.01244, 2021-07-05T15:20:45.0412720+08:00, 0, 0.3882286, 1.448889, 1, 1, 1, False
92.01969, 2021-07-05T15:20:45.0484410+08:00, 0, 0.3882286, 1.448889, 1, 1, 1, False
92.02646, 2021-07-05T15:20:45.0552300+08:00, 0, 0.3882286, 1.448889, 1, 1, 1, False
92.03302, 2021-07-05T15:20:45.0618140+08:00, 0, 0.3882286, 1.448889, 1, 1, 1, False
92.03986, 2021-07-05T15:20:45.0686220+08:00, 0, 0.3882286, 1.448889, 1, 1, 1, False
92.04696, 2021-07-05T15:20:45.0758730+08:00, 0, 0.3882286, 1.448889, 1, 1, 1, False
92.05424, 2021-07-05T15:20:45.0830470+08:00, 0, 0.3882286, 1.448889, 1, 1, 1, False
92.06074, 2021-07-05T15:20:45.0895210+08:00, 0, 0.3882286, 1.448889, 1, 1, 1, False
92.06712, 2021-07-05T15:20:45.0959310+08:00, 0, 0.3882286, 1.448889, 1, 1, 1, False
92.07464, 2021-07-05T15:20:45.1033960+08:00, 0, 0.3882286, 1.448889, 1, 1, 1, False
92.08089, 2021-07-05T15:20:45.1097180+08:00, 0, 0.3882286, 1.448889, 1, 1, 1, False
92.10279, 2021-07-05T15:20:45.1315770+08:00, 0, 0.3882286, 1.448889, 1, 1, 1, False
92.10615, 2021-07-05T15:20:45.1348670+08:00, 0, 0.3882286, 1.448889, 1, 1, 1, False
92.11012, 2021-07-05T15:20:45.1388220+08:00, 0, 0.3882286, 1.448889, 1, 1, 1, False
92.11442, 2021-07-05T15:20:45.1431650+08:00, 0, 0.3882286, 1.448889, 1, 1, 1, False
92.11819, 2021-07-05T15:20:45.1469390+08:00, 0, 0.3882286, 1.448889, 1, 1, 1, False
92.12208, 2021-07-05T15:20:45.1508390+08:00, 0, 0.3882286, 1.448889, 1, 1, 1, False
92.12759, 2021-07-05T15:20:45.1563330+08:00, 0, 0.3882286, 1.448889, 1, 1, 1, False
92.13381, 2021-07-05T15:20:45.1625980+08:00, 0, 0.3882286, 1.448889, 1, 1, 1, False
92.1406, 2021-07-05T15:20:45.1694550+08:00, 0, 0.3882286, 1.448889, 1, 1, 1, False
92.14758, 2021-07-05T15:20:45.1763880+08:00, 0, 0.3882286, 1.448889, 1, 1, 1, False
92.1543, 2021-07-05T15:20:45.1831060+08:00, 0, 0.3882286, 1.448889, 1, 1, 1, False
92.16105, 2021-07-05T15:20:45.1899000+08:00, 0, 0.3882286, 1.448889, 1, 1, 1, False
92.16808, 2021-07-05T15:20:45.1969340+08:00, 0, 0.3882286, 1.448889, 1, 1, 1, False
92.17527, 2021-07-05T15:20:45.2040140+08:00, 0, 0.3882286, 1.448889, 1, 1, 1, False
92.18165, 2021-07-05T15:20:45.2104610+08:00, 0, 0.3882286, 1.448889, 1, 1, 1, False
92.18843, 2021-07-05T15:20:45.2172590+08:00, 0, 0.3882286, 1.448889, 1, 1, 1, False
92.19603, 2021-07-05T15:20:45.2248040+08:00, 0, 0.3882286, 1.448889, 1, 1, 1, False
92.2023, 2021-07-05T15:20:45.2311830+08:00, 0, 0.3882286, 1.448889, 1, 1, 1, False
92.20977, 2021-07-05T15:20:45.2385510+08:00, 0, 0.3882286, 1.448889, 1, 1, 1, False
92.21609, 2021-07-05T15:20:45.2448910+08:00, 0, 0.3882286, 1.448889, 1, 1, 1, False
92.22283, 2021-07-05T15:20:45.2516430+08:00, 0, 0.3882286, 1.448889, 1, 1, 1, False
92.23052, 2021-07-05T15:20:45.2592760+08:00, 0, 0.3882286, 1.448889, 1, 1, 1, False
92.23626, 2021-07-05T15:20:45.2650750+08:00, 0, 0.3882286, 1.448889, 1, 1, 1, False
92.2431, 2021-07-05T15:20:45.2719140+08:00, 0, 0.3882286, 1.448889, 1, 1, 1, False
92.25043, 2021-07-05T15:20:45.2791810+08:00, 0, 0.3882286, 1.448889, 1, 1, 1, False
92.25703, 2021-07-05T15:20:45.2857830+08:00, 0, 0.3882286, 1.448889, 1, 1, 1, False
92.26336, 2021-07-05T15:20:45.2921710+08:00, 0, 0.3882286, 1.448889, 1, 1, 1, False
92.27049, 2021-07-05T15:20:45.2992570+08:00, 0, 0.3882286, 1.448889, 1, 1, 1, False
92.27641, 2021-07-05T15:20:45.3052320+08:00, 0, 0.3882286, 1.448889, 1, 1, 1, False
92.28328, 2021-07-05T15:20:45.3121940+08:00, 0, 0.3882286, 1.448889, 1, 1, 1, False
92.29069, 2021-07-05T15:20:45.3194620+08:00, 0, 0.3882286, 1.448889, 1, 1, 1, False
92.29698, 2021-07-05T15:20:45.3258070+08:00, 0, 0.3882286, 1.448889, 1, 1, 1, False
92.30659, 2021-07-05T15:20:45.3401290+08:00, 0, 0.3882286, 1.448889, 1, 1, 1, False
92.31861, 2021-07-05T15:20:45.3474520+08:00, 0, 0.3882286, 1.448889, 1, 1, 1, False
92.32227, 2021-07-05T15:20:45.3510320+08:00, 0, 0.3882286, 1.448889, 1, 1, 1, False
92.32619, 2021-07-05T15:20:45.3549210+08:00, 0, 0.3882286, 1.448889, 1, 1, 1, False
92.3317, 2021-07-05T15:20:45.3604560+08:00, 0, 0.3882286, 1.448889, 1, 1, 1, False
92.33836, 2021-07-05T15:20:45.3671070+08:00, 0, 0.3882286, 1.448889, 1, 1, 1, False
92.3448, 2021-07-05T15:20:45.3736200+08:00, 0, 0.3882286, 1.448889, 1, 1, 1, False
92.35152, 2021-07-05T15:20:45.3803210+08:00, 0, 0.3882286, 1.448889, 1, 1, 1, False
92.35876, 2021-07-05T15:20:45.3875670+08:00, 0, 0.3882286, 1.448889, 1, 1, 1, False
92.36521, 2021-07-05T15:20:45.3941200+08:00, 0, 0.3882286, 1.448889, 1, 1, 1, False
92.37246, 2021-07-05T15:20:45.4012550+08:00, 0, 0.3882286, 1.448889, 1, 1, 1, False
92.37896, 2021-07-05T15:20:45.4077750+08:00, 0, 0.3882286, 1.448889, 1, 1, 1, False
92.38663, 2021-07-05T15:20:45.4155460+08:00, 0, 0.3882286, 1.448889, 1, 1, 1, False
92.39322, 2021-07-05T15:20:45.4220510+08:00, 0, 0.3882286, 1.448889, 1, 1, 1, False
92.39936, 2021-07-05T15:20:45.4281800+08:00, 0, 0.3882286, 1.448889, 1, 1, 1, False
92.40652, 2021-07-05T15:20:45.4353090+08:00, 0, 0.3882286, 1.448889, 1, 1, 1, False
92.41252, 2021-07-05T15:20:45.4413050+08:00, 0, 0.3882286, 1.448889, 1, 1, 1, False
92.41953, 2021-07-05T15:20:45.4483910+08:00, 0, 0.3882286, 1.448889, 1, 1, 1, False
92.42669, 2021-07-05T15:20:45.4554820+08:00, 0, 0.3882286, 1.448889, 1, 1, 1, False
92.43319, 2021-07-05T15:20:45.4619610+08:00, 0, 0.3882286, 1.448889, 1, 1, 1, False
92.44022, 2021-07-05T15:20:45.4690640+08:00, 0, 0.3882286, 1.448889, 1, 1, 1, False
92.44692, 2021-07-05T15:20:45.4757300+08:00, 0, 0.3882286, 1.448889, 1, 1, 1, False
92.45428, 2021-07-05T15:20:45.4830540+08:00, 0, 0.3882286, 1.448889, 1, 1, 1, False
92.46097, 2021-07-05T15:20:45.4897850+08:00, 0, 0.3882286, 1.448889, 1, 1, 1, False
92.4672, 2021-07-05T15:20:45.4960670+08:00, 0, 0.3882286, 1.448889, 1, 1, 1, False
92.47449, 2021-07-05T15:20:45.5032170+08:00, 0, 0.3882286, 1.448889, 1, 1, 1, False
92.48106, 2021-07-05T15:20:45.5099290+08:00, 0, 0.3882286, 1.448889, 1, 1, 1, False
92.48833, 2021-07-05T15:20:45.5170780+08:00, 0, 0.3882286, 1.448889, 1, 1, 1, False
92.49477, 2021-07-05T15:20:45.5235610+08:00, 0, 0.3882286, 1.448889, 1, 1, 1, False
92.50166, 2021-07-05T15:20:45.5305540+08:00, 0, 0.3882286, 1.448889, 1, 1, 1, False
92.50928, 2021-07-05T15:20:45.5380440+08:00, 0, 0.3882286, 1.448889, 1, 1, 1, False
92.51555, 2021-07-05T15:20:45.5443540+08:00, 0, 0.3882286, 1.448889, 1, 1, 1, False
92.52261, 2021-07-05T15:20:45.5513870+08:00, 0, 0.3882286, 1.448889, 1, 1, 1, False
92.52965, 2021-07-05T15:20:45.5584380+08:00, 0, 0.3882286, 1.448889, 1, 1, 1, False
92.53585, 2021-07-05T15:20:45.5646900+08:00, 0, 0.3882286, 1.448889, 1, 1, 1, False
92.54288, 2021-07-05T15:20:45.5716750+08:00, 0, 0.3882286, 1.448889, 1, 1, 1, False
92.54958, 2021-07-05T15:20:45.5783430+08:00, 0, 0.3882286, 1.448889, 1, 1, 1, False
92.55647, 2021-07-05T15:20:45.5852340+08:00, 0, 0.3882286, 1.448889, 1, 1, 1, False
92.5631, 2021-07-05T15:20:45.5919100+08:00, 0, 0.3882286, 1.448889, 1, 1, 1, False
92.57043, 2021-07-05T15:20:45.5991710+08:00, 0, 0.3882286, 1.448889, 1, 1, 1, False
92.57702, 2021-07-05T15:20:45.6057800+08:00, 0, 0.3882286, 1.448889, 1, 1, 1, False
92.58393, 2021-07-05T15:20:45.6127840+08:00, 0, 0.3882286, 1.448889, 1, 1, 1, False
92.59074, 2021-07-05T15:20:45.6194860+08:00, 0, 0.3882286, 1.448889, 1, 1, 1, False
92.59738, 2021-07-05T15:20:45.6261460+08:00, 0, 0.3882286, 1.448889, 1, 1, 1, False
92.60413, 2021-07-05T15:20:45.6329930+08:00, 0, 0.3882286, 1.448889, 1, 1, 1, False
92.61176, 2021-07-05T15:20:45.6405270+08:00, 0, 0.3882286, 1.448889, 1, 1, 1, False
92.61865, 2021-07-05T15:20:45.6474060+08:00, 0, 0.3882286, 1.448889, 1, 1, 1, False
92.6254, 2021-07-05T15:20:45.6542220+08:00, 0, 0.3882286, 1.448889, 1, 1, 1, False
92.63134, 2021-07-05T15:20:45.6601470+08:00, 0, 0.3882286, 1.448889, 1, 1, 1, False
92.63859, 2021-07-05T15:20:45.6673710+08:00, 0, 0.3882286, 1.448889, 1, 1, 1, False
92.64597, 2021-07-05T15:20:45.6748110+08:00, 0, 0.3882286, 1.448889, 1, 1, 1, False
92.65222, 2021-07-05T15:20:45.6810460+08:00, 0, 0.3882286, 1.448889, 1, 1, 1, False
92.65903, 2021-07-05T15:20:45.6878170+08:00, 0, 0.3882286, 1.448889, 1, 1, 1, False
92.66673, 2021-07-05T15:20:45.6955920+08:00, 0, 0.3882286, 1.448889, 1, 1, 1, False
92.67495, 2021-07-05T15:20:45.7037080+08:00, 0, 0.3882286, 1.448889, 1, 1, 1, False
92.68275, 2021-07-05T15:20:45.7115860+08:00, 0, 0.3882286, 1.448889, 1, 1, 1, False
92.6908, 2021-07-05T15:20:45.7195820+08:00, 0, 0.3882286, 1.448889, 1, 1, 1, False
92.69827, 2021-07-05T15:20:45.7270080+08:00, 0, 0.3882286, 1.448889, 1, 1, 1, False
92.70234, 2021-07-05T15:20:45.7310930+08:00, 0, 0.3882286, 1.448889, 1, 1, 1, False
92.70732, 2021-07-05T15:20:45.7360850+08:00, 0, 0.3882286, 1.448889, 1, 1, 1, False
92.71447, 2021-07-05T15:20:45.7432440+08:00, 0, 0.3882286, 1.448889, 1, 1, 1, False
92.72024, 2021-07-05T15:20:45.7490960+08:00, 0, 0.3882286, 1.448889, 1, 1, 1, False
92.72738, 2021-07-05T15:20:45.7561760+08:00, 0, 0.3882286, 1.448889, 1, 1, 1, False
92.73473, 2021-07-05T15:20:45.7635410+08:00, 0, 0.3882286, 1.448889, 1, 1, 1, False
92.74277, 2021-07-05T15:20:45.7715880+08:00, 0, 0.3882286, 1.448889, 1, 1, 1, False
92.75033, 2021-07-05T15:20:45.7790940+08:00, 0, 0.3882286, 1.448889, 1, 1, 1, False
92.75457, 2021-07-05T15:20:45.7833200+08:00, 0, 0.3882286, 1.448889, 1, 1, 1, False
92.76185, 2021-07-05T15:20:45.7906650+08:00, 0, 0.3882286, 1.448889, 1, 1, 1, False
92.7681, 2021-07-05T15:20:45.7970030+08:00, 0, 0.3882286, 1.448889, 1, 1, 1, False
92.77493, 2021-07-05T15:20:45.8036880+08:00, 0, 0.3882286, 1.448889, 1, 1, 1, False
92.78217, 2021-07-05T15:20:45.8109760+08:00, 0, 0.3882286, 1.448889, 1, 1, 1, False
92.78903, 2021-07-05T15:20:45.8177970+08:00, 0, 0.3882286, 1.448889, 1, 1, 1, False
92.79535, 2021-07-05T15:20:45.8241390+08:00, 0, 0.3882286, 1.448889, 1, 1, 1, False
92.80264, 2021-07-05T15:20:45.8314450+08:00, 0, 0.3882286, 1.448889, 1, 1, 1, False
92.80911, 2021-07-05T15:20:45.8378720+08:00, 0, 0.3882286, 1.448889, 1, 1, 1, False
92.81586, 2021-07-05T15:20:45.8446600+08:00, 0, 0.3882286, 1.448889, 1, 1, 1, False
92.82261, 2021-07-05T15:20:45.8514780+08:00, 0, 0.3882286, 1.448889, 1, 1, 1, False
92.83068, 2021-07-05T15:20:45.8594440+08:00, 0, 0.3882286, 1.448889, 1, 1, 1, False
92.83629, 2021-07-05T15:20:45.8650580+08:00, 0, 0.3882286, 1.448889, 1, 1, 1, False
92.84396, 2021-07-05T15:20:45.8728160+08:00, 0, 0.3882286, 1.448889, 1, 1, 1, False
92.85058, 2021-07-05T15:20:45.8793600+08:00, 0, 0.3882286, 1.448889, 1, 1, 1, False
92.85701, 2021-07-05T15:20:45.8858430+08:00, 0, 0.3882286, 1.448889, 1, 1, 1, False
92.86371, 2021-07-05T15:20:45.8925370+08:00, 0, 0.3882286, 1.448889, 1, 1, 1, False
92.87067, 2021-07-05T15:20:45.8994810+08:00, 0, 0.3882286, 1.448889, 1, 1, 1, False
92.87877, 2021-07-05T15:20:45.9075600+08:00, 0, 0.3882286, 1.448889, 1, 1, 1, False
92.88673, 2021-07-05T15:20:45.9155230+08:00, 0, 0.3882286, 1.448889, 1, 1, 1, False
92.89431, 2021-07-05T15:20:45.9230770+08:00, 0, 0.3882286, 1.448889, 1, 1, 1, False
92.89827, 2021-07-05T15:20:45.9270450+08:00, 0, 0.3882286, 1.448889, 1, 1, 1, False
92.90472, 2021-07-05T15:20:45.9335200+08:00, 0, 0.3882286, 1.448889, 1, 1, 1, False
92.91156, 2021-07-05T15:20:45.9403690+08:00, 0, 0.3882286, 1.448889, 1, 1, 1, False
92.919, 2021-07-05T15:20:45.9477530+08:00, 0, 0.3882286, 1.448889, 1, 1, 1, False
92.92587, 2021-07-05T15:20:45.9546710+08:00, 0, 0.3882286, 1.448889, 1, 1, 1, False
92.93225, 2021-07-05T15:20:45.9610520+08:00, 0, 0.3882286, 1.448889, 1, 1, 1, False
92.93889, 2021-07-05T15:20:45.9676440+08:00, 0, 0.3882286, 1.448889, 1, 1, 1, False
92.94679, 2021-07-05T15:20:45.9756060+08:00, 0, 0.3882286, 1.448889, 1, 1, 1, False
92.97542, 2021-07-05T15:20:46.0042300+08:00, 0, 0.3882286, 1.448889, 1, 1, 1, False
92.98273, 2021-07-05T15:20:46.0115510+08:00, 0, 0.3882286, 1.448889, 1, 1, 1, False
92.99087, 2021-07-05T15:20:46.0196660+08:00, 0, 0.3882286, 1.448889, 1, 1, 1, False
92.99845, 2021-07-05T15:20:46.0271950+08:00, 0, 0.3882286, 1.448889, 1, 1, 1, False
93.00232, 2021-07-05T15:20:46.0310900+08:00, 0, 0.3882286, 1.448889, 1, 1, 1, False
93.00618, 2021-07-05T15:20:46.0349050+08:00, 0, 0.3882286, 1.448889, 1, 1, 1, False
93.01015, 2021-07-05T15:20:46.0388850+08:00, 0, 0.3882286, 1.448889, 1, 1, 1, False
93.01421, 2021-07-05T15:20:46.0429480+08:00, 0, 0.3882286, 1.448889, 1, 1, 1, False
93.01825, 2021-07-05T15:20:46.0469960+08:00, 0, 0.3882286, 1.448889, 1, 1, 1, False
93.02206, 2021-07-05T15:20:46.0508100+08:00, 0, 0.3882286, 1.448889, 1, 1, 1, False
93.02735, 2021-07-05T15:20:46.0561690+08:00, 0, 0.3882286, 1.448889, 1, 1, 1, False
93.03471, 2021-07-05T15:20:46.0635010+08:00, 0, 0.3882286, 1.448889, 1, 1, 1, False
93.04268, 2021-07-05T15:20:46.0714760+08:00, 0, 0.3882286, 1.448889, 1, 1, 1, False
93.048, 2021-07-05T15:20:46.0768360+08:00, 0, 0.3882286, 1.448889, 1, 1, 1, False
93.05465, 2021-07-05T15:20:46.0834040+08:00, 0, 0.3882286, 1.448889, 1, 1, 1, False
93.0621, 2021-07-05T15:20:46.0909140+08:00, 0, 0.3882286, 1.448889, 1, 1, 1, False
93.06824, 2021-07-05T15:20:46.0970140+08:00, 0, 0.3882286, 1.448889, 1, 1, 1, False
93.07508, 2021-07-05T15:20:46.1038740+08:00, 0, 0.3882286, 1.448889, 1, 1, 1, False
93.08239, 2021-07-05T15:20:46.1111800+08:00, 0, 0.3882286, 1.448889, 1, 1, 1, False
93.08884, 2021-07-05T15:20:46.1176080+08:00, 0, 0.3882286, 1.448889, 1, 1, 1, False
93.09558, 2021-07-05T15:20:46.1243680+08:00, 0, 0.3882286, 1.448889, 1, 1, 1, False
93.10268, 2021-07-05T15:20:46.1315230+08:00, 0, 0.3882286, 1.448889, 1, 1, 1, False
93.10941, 2021-07-05T15:20:46.1382270+08:00, 0, 0.3882286, 1.448889, 1, 1, 1, False
93.11623, 2021-07-05T15:20:46.1450060+08:00, 0, 0.3882286, 1.448889, 1, 1, 1, False
93.12289, 2021-07-05T15:20:46.1517710+08:00, 0, 0.3882286, 1.448889, 1, 1, 1, False
93.13033, 2021-07-05T15:20:46.1590880+08:00, 0, 0.3882286, 1.448889, 1, 1, 1, False
93.13638, 2021-07-05T15:20:46.1651620+08:00, 0, 0.3882286, 1.448889, 1, 1, 1, False
93.14398, 2021-07-05T15:20:46.1728100+08:00, 0, 0.3882286, 1.448889, 1, 1, 1, False
93.15039, 2021-07-05T15:20:46.1792080+08:00, 0, 0.3882286, 1.448889, 1, 1, 1, False
93.15722, 2021-07-05T15:20:46.1859800+08:00, 0, 0.3882286, 1.448889, 1, 1, 1, False
93.16457, 2021-07-05T15:20:46.1934090+08:00, 0, 0.3882286, 1.448889, 1, 1, 1, False
93.17087, 2021-07-05T15:20:46.1996640+08:00, 0, 0.3882286, 1.448889, 1, 1, 1, False
93.1777, 2021-07-05T15:20:46.2064730+08:00, 0, 0.3882286, 1.448889, 1, 1, 1, False
93.18447, 2021-07-05T15:20:46.2133850+08:00, 0, 0.3882286, 1.448889, 1, 1, 1, False
93.192, 2021-07-05T15:20:46.2208100+08:00, 0, 0.3882286, 1.448889, 1, 1, 1, False
93.19863, 2021-07-05T15:20:46.2273810+08:00, 0, 0.3882286, 1.448889, 1, 1, 1, False
93.20551, 2021-07-05T15:20:46.2342990+08:00, 0, 0.3882286, 1.448889, 1, 1, 1, False
93.21146, 2021-07-05T15:20:46.2402630+08:00, 0, 0.3882286, 1.448889, 1, 1, 1, False
93.21873, 2021-07-05T15:20:46.2475060+08:00, 0, 0.3882286, 1.448889, 1, 1, 1, False
93.22611, 2021-07-05T15:20:46.2549330+08:00, 0, 0.3882286, 1.448889, 1, 1, 1, False
93.23255, 2021-07-05T15:20:46.2613250+08:00, 0, 0.3882286, 1.448889, 1, 1, 1, False
93.23918, 2021-07-05T15:20:46.2679770+08:00, 0, 0.3882286, 1.448889, 1, 1, 1, False
93.2468, 2021-07-05T15:20:46.2756580+08:00, 0, 0.3882286, 1.448889, 1, 1, 1, False
93.2542, 2021-07-05T15:20:46.2829420+08:00, 0, 0.3882286, 1.448889, 1, 1, 1, False
93.25958, 2021-07-05T15:20:46.2883630+08:00, 0, 0.3882286, 1.448889, 1, 1, 1, False
93.26694, 2021-07-05T15:20:46.2957540+08:00, 0, 0.3882286, 1.448889, 1, 1, 1, False
93.27458, 2021-07-05T15:20:46.3033470+08:00, 0, 0.3882286, 1.448889, 1, 1, 1, False
93.28229, 2021-07-05T15:20:46.3110920+08:00, 0, 0.3882286, 1.448889, 1, 1, 1, False
93.2871, 2021-07-05T15:20:46.3158720+08:00, 0, 0.3882286, 1.448889, 1, 1, 1, False
93.29346, 2021-07-05T15:20:46.3222930+08:00, 0, 0.3882286, 1.448889, 1, 1, 1, False
93.30048, 2021-07-05T15:20:46.3292820+08:00, 0, 0.3882286, 1.448889, 1, 1, 1, False
93.30782, 2021-07-05T15:20:46.3366110+08:00, 0, 0.3882286, 1.448889, 1, 1, 1, False
93.31449, 2021-07-05T15:20:46.3432660+08:00, 0, 0.3882286, 1.448889, 1, 1, 1, False
93.32137, 2021-07-05T15:20:46.3501890+08:00, 0, 0.3882286, 1.448889, 1, 1, 1, False
93.32767, 2021-07-05T15:20:46.3564860+08:00, 0, 0.3882286, 1.448889, 1, 1, 1, False
93.33505, 2021-07-05T15:20:46.3638810+08:00, 0, 0.3882286, 1.448889, 1, 1, 1, False
93.34268, 2021-07-05T15:20:46.3714900+08:00, 0, 0.3882286, 1.448889, 1, 1, 1, False
93.35029, 2021-07-05T15:20:46.3790530+08:00, 0, 0.3882286, 1.448889, 1, 1, 1, False
93.35497, 2021-07-05T15:20:46.3837400+08:00, 0, 0.3882286, 1.448889, 1, 1, 1, False
93.36167, 2021-07-05T15:20:46.3904940+08:00, 0, 0.3882286, 1.448889, 1, 1, 1, False
93.3709, 2021-07-05T15:20:46.4032920+08:00, 0, 0.3882286, 1.448889, 1, 1, 1, False
93.37801, 2021-07-05T15:20:46.4067260+08:00, 0, 0.3882286, 1.448889, 1, 1, 1, False
93.38251, 2021-07-05T15:20:46.4112840+08:00, 0, 0.3882286, 1.448889, 1, 1, 1, False
93.39007, 2021-07-05T15:20:46.4188400+08:00, 0, 0.3882286, 1.448889, 1, 1, 1, False
93.39646, 2021-07-05T15:20:46.4252370+08:00, 0, 0.3882286, 1.448889, 1, 1, 1, False
93.40311, 2021-07-05T15:20:46.4319380+08:00, 0, 0.3882286, 1.448889, 1, 1, 1, False
93.41046, 2021-07-05T15:20:46.4392480+08:00, 0, 0.3882286, 1.448889, 1, 1, 1, False
93.41695, 2021-07-05T15:20:46.4458070+08:00, 0, 0.3882286, 1.448889, 1, 1, 1, False
93.4241, 2021-07-05T15:20:46.4529410+08:00, 0, 0.3882286, 1.448889, 1, 1, 1, False
93.43063, 2021-07-05T15:20:46.4594610+08:00, 0, 0.3882286, 1.448889, 1, 1, 1, False
93.43708, 2021-07-05T15:20:46.4658640+08:00, 0, 0.3882286, 1.448889, 1, 1, 1, False
93.44386, 2021-07-05T15:20:46.4726940+08:00, 0, 0.3882286, 1.448889, 1, 1, 1, False
93.45075, 2021-07-05T15:20:46.4795450+08:00, 0, 0.3882286, 1.448889, 1, 1, 1, False
93.45752, 2021-07-05T15:20:46.4862960+08:00, 0, 0.3882286, 1.448889, 1, 1, 1, False
93.46455, 2021-07-05T15:20:46.4933780+08:00, 0, 0.3882286, 1.448889, 1, 1, 1, False
93.47128, 2021-07-05T15:20:46.5000610+08:00, 0, 0.3882286, 1.448889, 1, 1, 1, False
93.47848, 2021-07-05T15:20:46.5073390+08:00, 0, 0.3882286, 1.448889, 1, 1, 1, False
93.48495, 2021-07-05T15:20:46.5139100+08:00, 0, 0.3882286, 1.448889, 1, 1, 1, False
93.49172, 2021-07-05T15:20:46.5205950+08:00, 0, 0.3882286, 1.448889, 1, 1, 1, False
93.4989, 2021-07-05T15:20:46.5276840+08:00, 0, 0.3882286, 1.448889, 1, 1, 1, False
93.50665, 2021-07-05T15:20:46.5354520+08:00, 0, 0.3882286, 1.448889, 1, 1, 1, False
93.51207, 2021-07-05T15:20:46.5409570+08:00, 0, 0.3882286, 1.448889, 1, 1, 1, False
93.51896, 2021-07-05T15:20:46.5477840+08:00, 0, 0.3882286, 1.448889, 1, 1, 1, False
93.5269, 2021-07-05T15:20:46.5558930+08:00, 0, 0.3882286, 1.448889, 1, 1, 1, False
93.53497, 2021-07-05T15:20:46.5638000+08:00, 0, 0.3882286, 1.448889, 1, 1, 1, False
93.54255, 2021-07-05T15:20:46.5713800+08:00, 0, 0.3882286, 1.448889, 1, 1, 1, False
93.55049, 2021-07-05T15:20:46.5792710+08:00, 0, 0.3882286, 1.448889, 1, 1, 1, False
93.55455, 2021-07-05T15:20:46.5833070+08:00, 0, 0.3882286, 1.448889, 1, 1, 1, False
93.56053, 2021-07-05T15:20:46.5893410+08:00, 0, 0.3882286, 1.448889, 1, 1, 1, False
93.5668, 2021-07-05T15:20:46.5956130+08:00, 0, 0.3882286, 1.448889, 1, 1, 1, False
93.57473, 2021-07-05T15:20:46.6035320+08:00, 0, 0.3882286, 1.448889, 1, 1, 1, False
93.58125, 2021-07-05T15:20:46.6101130+08:00, 0, 0.3882286, 1.448889, 1, 1, 1, False
93.58749, 2021-07-05T15:20:46.6162530+08:00, 0, 0.3882286, 1.448889, 1, 1, 1, False
93.59486, 2021-07-05T15:20:46.6236370+08:00, 0, 0.3882286, 1.448889, 1, 1, 1, False
93.60117, 2021-07-05T15:20:46.6300570+08:00, 0, 0.3882286, 1.448889, 1, 1, 1, False
93.60798, 2021-07-05T15:20:46.6367950+08:00, 0, 0.3882286, 1.448889, 1, 1, 1, False
93.61472, 2021-07-05T15:20:46.6434880+08:00, 0, 0.3882286, 1.448889, 1, 1, 1, False
93.62203, 2021-07-05T15:20:46.6508440+08:00, 0, 0.3882286, 1.448889, 1, 1, 1, False
93.62837, 2021-07-05T15:20:46.6571690+08:00, 0, 0.3882286, 1.448889, 1, 1, 1, False
93.63522, 2021-07-05T15:20:46.6640590+08:00, 0, 0.3882286, 1.448889, 1, 1, 1, False
93.64276, 2021-07-05T15:20:46.6715970+08:00, 0, 0.3882286, 1.448889, 1, 1, 1, False
93.64903, 2021-07-05T15:20:46.6778510+08:00, 0, 0.3882286, 1.448889, 1, 1, 1, False
93.65573, 2021-07-05T15:20:46.6845370+08:00, 0, 0.3882286, 1.448889, 1, 1, 1, False
93.66319, 2021-07-05T15:20:46.6920180+08:00, 0, 0.3882286, 1.448889, 1, 1, 1, False
93.67033, 2021-07-05T15:20:46.6991010+08:00, 0, 0.3882286, 1.448889, 1, 1, 1, False
93.67619, 2021-07-05T15:20:46.7049790+08:00, 0, 0.3882286, 1.448889, 1, 1, 1, False
93.68308, 2021-07-05T15:20:46.7119460+08:00, 0, 0.3882286, 1.448889, 1, 1, 1, False
93.69085, 2021-07-05T15:20:46.7196270+08:00, 0, 0.3882286, 1.448889, 1, 1, 1, False
93.69877, 2021-07-05T15:20:46.7275750+08:00, 0, 0.3882286, 1.448889, 1, 1, 1, False
93.70671, 2021-07-05T15:20:46.7355300+08:00, 0, 0.3882286, 1.448889, 1, 1, 1, False
93.71497, 2021-07-05T15:20:46.7437760+08:00, 0, 0.3882286, 1.448889, 1, 1, 1, False
93.72257, 2021-07-05T15:20:46.7513960+08:00, 0, 0.3882286, 1.448889, 1, 1, 1, False
93.72611, 2021-07-05T15:20:46.7548410+08:00, 0, 0.3882286, 1.448889, 1, 1, 1, False
93.73059, 2021-07-05T15:20:46.7594150+08:00, 0, 0.3882286, 1.448889, 1, 1, 1, False
93.73808, 2021-07-05T15:20:46.7668690+08:00, 0, 0.3882286, 1.448889, 1, 1, 1, False
93.74438, 2021-07-05T15:20:46.7732570+08:00, 0, 0.3882286, 1.448889, 1, 1, 1, False
93.7513, 2021-07-05T15:20:46.7800670+08:00, 0, 0.3882286, 1.448889, 1, 1, 1, False
93.7586, 2021-07-05T15:20:46.7874350+08:00, 0, 0.3882286, 1.448889, 1, 1, 1, False
93.76507, 2021-07-05T15:20:46.7939130+08:00, 0, 0.3882286, 1.448889, 1, 1, 1, False
93.77133, 2021-07-05T15:20:46.8001600+08:00, 0, 0.3882286, 1.448889, 1, 1, 1, False
93.77851, 2021-07-05T15:20:46.8072790+08:00, 0, 0.3882286, 1.448889, 1, 1, 1, False
93.78529, 2021-07-05T15:20:46.8141140+08:00, 0, 0.3882286, 1.448889, 1, 1, 1, False
93.79169, 2021-07-05T15:20:46.8205320+08:00, 0, 0.3882286, 1.448889, 1, 1, 1, False
93.79884, 2021-07-05T15:20:46.8276640+08:00, 0, 0.3882286, 1.448889, 1, 1, 1, False
93.80666, 2021-07-05T15:20:46.8354610+08:00, 0, 0.3882286, 1.448889, 1, 1, 1, False
93.81212, 2021-07-05T15:20:46.8409100+08:00, 0, 0.3882286, 1.448889, 1, 1, 1, False
93.81891, 2021-07-05T15:20:46.8477620+08:00, 0, 0.3882286, 1.448889, 1, 1, 1, False
93.82698, 2021-07-05T15:20:46.8558190+08:00, 0, 0.3882286, 1.448889, 1, 1, 1, False
93.83476, 2021-07-05T15:20:46.8635540+08:00, 0, 0.3882286, 1.448889, 1, 1, 1, False
93.84275, 2021-07-05T15:20:46.8715730+08:00, 0, 0.3882286, 1.448889, 1, 1, 1, False
93.85052, 2021-07-05T15:20:46.8793040+08:00, 0, 0.3882286, 1.448889, 1, 1, 1, False
93.85867, 2021-07-05T15:20:46.8874670+08:00, 0, 0.3882286, 1.448889, 1, 1, 1, False
93.87547, 2021-07-05T15:20:46.9043080+08:00, 0, 0.3882286, 1.448889, 1, 1, 1, False
93.88265, 2021-07-05T15:20:46.9114540+08:00, 0, 0.3882286, 1.448889, 1, 1, 1, False
93.89031, 2021-07-05T15:20:46.9190990+08:00, 0, 0.3882286, 1.448889, 1, 1, 1, False
93.89447, 2021-07-05T15:20:46.9232440+08:00, 0, 0.3882286, 1.448889, 1, 1, 1, False
93.89816, 2021-07-05T15:20:46.9269070+08:00, 0, 0.3882286, 1.448889, 1, 1, 1, False
93.90216, 2021-07-05T15:20:46.9309320+08:00, 0, 0.3882286, 1.448889, 1, 1, 1, False
93.90622, 2021-07-05T15:20:46.9349490+08:00, 0, 0.3882286, 1.448889, 1, 1, 1, False
93.91008, 2021-07-05T15:20:46.9388070+08:00, 0, 0.3882286, 1.448889, 1, 1, 1, False
93.9146, 2021-07-05T15:20:46.9433420+08:00, 0, 0.3882286, 1.448889, 1, 1, 1, False
93.92139, 2021-07-05T15:20:46.9501860+08:00, 0, 0.3882286, 1.448889, 1, 1, 1, False
93.9277, 2021-07-05T15:20:46.9565070+08:00, 0, 0.3882286, 1.448889, 1, 1, 1, False
93.9347, 2021-07-05T15:20:46.9634960+08:00, 0, 0.3882286, 1.448889, 1, 1, 1, False
93.94138, 2021-07-05T15:20:46.9702000+08:00, 0, 0.3882286, 1.448889, 1, 1, 1, False
93.94867, 2021-07-05T15:20:46.9774800+08:00, 0, 0.3882286, 1.448889, 1, 1, 1, False
93.9549, 2021-07-05T15:20:46.9837210+08:00, 0, 0.3882286, 1.448889, 1, 1, 1, False
93.96168, 2021-07-05T15:20:46.9904940+08:00, 0, 0.3882286, 1.448889, 1, 1, 1, False
93.96836, 2021-07-05T15:20:46.9972010+08:00, 0, 0.3882286, 1.448889, 1, 1, 1, False
93.97591, 2021-07-05T15:20:47.0046890+08:00, 0, 0.3882286, 1.448889, 1, 1, 1, False
93.98283, 2021-07-05T15:20:47.0116590+08:00, 0, 0.3882286, 1.448889, 1, 1, 1, False
93.99072, 2021-07-05T15:20:47.0194860+08:00, 0, 0.3882286, 1.448889, 1, 1, 1, False
93.99827, 2021-07-05T15:20:47.0270320+08:00, 0, 0.3882286, 1.448889, 1, 1, 1, False
94.00244, 2021-07-05T15:20:47.0313100+08:00, 0, 0.3882286, 1.448889, 1, 1, 1, False
94.00937, 2021-07-05T15:20:47.0381270+08:00, 0, 0.3882286, 1.448889, 1, 1, 1, False
94.0162, 2021-07-05T15:20:47.0450000+08:00, 0, 0.3882286, 1.448889, 1, 1, 1, False
94.02288, 2021-07-05T15:20:47.0517080+08:00, 0, 0.3882286, 1.448889, 1, 1, 1, False
94.02977, 2021-07-05T15:20:47.0585690+08:00, 0, 0.3882286, 1.448889, 1, 1, 1, False
94.03638, 2021-07-05T15:20:47.0652040+08:00, 0, 0.3882286, 1.448889, 1, 1, 1, False
94.04328, 2021-07-05T15:20:47.0721160+08:00, 0, 0.3882286, 1.448889, 1, 1, 1, False
94.05051, 2021-07-05T15:20:47.0792920+08:00, 0, 0.3882286, 1.448889, 1, 1, 1, False
94.0574, 2021-07-05T15:20:47.0862170+08:00, 0, 0.3882286, 1.448889, 1, 1, 1, False
94.06372, 2021-07-05T15:20:47.0925510+08:00, 0, 0.3882286, 1.448889, 1, 1, 1, False
94.07062, 2021-07-05T15:20:47.0995020+08:00, 0, 0.3882286, 1.448889, 1, 1, 1, False
94.07807, 2021-07-05T15:20:47.1068740+08:00, 0, 0.3882286, 1.448889, 1, 1, 1, False
94.08454, 2021-07-05T15:20:47.1134500+08:00, 0, 0.3882286, 1.448889, 1, 1, 1, False
94.09134, 2021-07-05T15:20:47.1201060+08:00, 0, 0.3882286, 1.448889, 1, 1, 1, False
94.09859, 2021-07-05T15:20:47.1273700+08:00, 0, 0.3882286, 1.448889, 1, 1, 1, False
94.10448, 2021-07-05T15:20:47.1333710+08:00, 0, 0.3882286, 1.448889, 1, 1, 1, False
94.11195, 2021-07-05T15:20:47.1407340+08:00, 0, 0.3882286, 1.448889, 1, 1, 1, False
94.1189, 2021-07-05T15:20:47.1476800+08:00, 0, 0.3882286, 1.448889, 1, 1, 1, False
94.12669, 2021-07-05T15:20:47.1554860+08:00, 0, 0.3882286, 1.448889, 1, 1, 1, False
94.1321, 2021-07-05T15:20:47.1609400+08:00, 0, 0.3882286, 1.448889, 1, 1, 1, False
94.13892, 2021-07-05T15:20:47.1677090+08:00, 0, 0.3882286, 1.448889, 1, 1, 1, False
94.14658, 2021-07-05T15:20:47.1754150+08:00, 0, 0.3882286, 1.448889, 1, 1, 1, False
94.15235, 2021-07-05T15:20:47.1811460+08:00, 0, 0.3882286, 1.448889, 1, 1, 1, False
94.15871, 2021-07-05T15:20:47.1875250+08:00, 0, 0.3882286, 1.448889, 1, 1, 1, False
94.16555, 2021-07-05T15:20:47.1943540+08:00, 0, 0.3882286, 1.448889, 1, 1, 1, False
94.17247, 2021-07-05T15:20:47.2012360+08:00, 0, 0.3882286, 1.448889, 1, 1, 1, False
94.17915, 2021-07-05T15:20:47.2079260+08:00, 0, 0.3882286, 1.448889, 1, 1, 1, False
94.18654, 2021-07-05T15:20:47.2153400+08:00, 0, 0.3882286, 1.448889, 1, 1, 1, False
94.19293, 2021-07-05T15:20:47.2217050+08:00, 0, 0.3882286, 1.448889, 1, 1, 1, False
94.19985, 2021-07-05T15:20:47.2286910+08:00, 0, 0.3882286, 1.448889, 1, 1, 1, False
94.20703, 2021-07-05T15:20:47.2358480+08:00, 0, 0.3882286, 1.448889, 1, 1, 1, False
94.21333, 2021-07-05T15:20:47.2420980+08:00, 0, 0.3882286, 1.448889, 1, 1, 1, False
94.22012, 2021-07-05T15:20:47.2490510+08:00, 0, 0.3882286, 1.448889, 1, 1, 1, False
94.22779, 2021-07-05T15:20:47.2565890+08:00, 0, 0.3882286, 1.448889, 1, 1, 1, False
94.23477, 2021-07-05T15:20:47.2635750+08:00, 0, 0.3882286, 1.448889, 1, 1, 1, False
94.24287, 2021-07-05T15:20:47.2717070+08:00, 0, 0.3882286, 1.448889, 1, 1, 1, False
94.25052, 2021-07-05T15:20:47.2792950+08:00, 0, 0.3882286, 1.448889, 1, 1, 1, False
94.25847, 2021-07-05T15:20:47.2872820+08:00, 0, 0.3882286, 1.448889, 1, 1, 1, False
94.26677, 2021-07-05T15:20:47.2956170+08:00, 0, 0.3882286, 1.448889, 1, 1, 1, False
94.27472, 2021-07-05T15:20:47.3035070+08:00, 0, 0.3882286, 1.448889, 1, 1, 1, False
94.27831, 2021-07-05T15:20:47.3070700+08:00, 0, 0.3882286, 1.448889, 1, 1, 1, False
94.28223, 2021-07-05T15:20:47.3110020+08:00, 0, 0.3882286, 1.448889, 1, 1, 1, False
94.2893, 2021-07-05T15:20:47.3180830+08:00, 0, 0.3882286, 1.448889, 1, 1, 1, False
94.29562, 2021-07-05T15:20:47.3244620+08:00, 0, 0.3882286, 1.448889, 1, 1, 1, False
94.30235, 2021-07-05T15:20:47.3312180+08:00, 0, 0.3882286, 1.448889, 1, 1, 1, False
94.30994, 2021-07-05T15:20:47.3387410+08:00, 0, 0.3882286, 1.448889, 1, 1, 1, False
94.31616, 2021-07-05T15:20:47.3449930+08:00, 0, 0.3882286, 1.448889, 1, 1, 1, False
94.32288, 2021-07-05T15:20:47.3517420+08:00, 0, 0.3882286, 1.448889, 1, 1, 1, False
94.33052, 2021-07-05T15:20:47.3592960+08:00, 0, 0.3882286, 1.448889, 1, 1, 1, False
94.33612, 2021-07-05T15:20:47.3649260+08:00, 0, 0.3882286, 1.448889, 1, 1, 1, False
94.34287, 2021-07-05T15:20:47.3716830+08:00, 0, 0.3882286, 1.448889, 1, 1, 1, False
94.34978, 2021-07-05T15:20:47.3785930+08:00, 0, 0.3882286, 1.448889, 1, 1, 1, False
94.35704, 2021-07-05T15:20:47.3858780+08:00, 0, 0.3882286, 1.448889, 1, 1, 1, False
94.36317, 2021-07-05T15:20:47.3919960+08:00, 0, 0.3882286, 1.448889, 1, 1, 1, False
94.3704, 2021-07-05T15:20:47.3992140+08:00, 0, 0.3882286, 1.448889, 1, 1, 1, False
94.37685, 2021-07-05T15:20:47.4056470+08:00, 0, 0.3882286, 1.448889, 1, 1, 1, False
94.38383, 2021-07-05T15:20:47.4127660+08:00, 0, 0.3882286, 1.448889, 1, 1, 1, False
94.39069, 2021-07-05T15:20:47.4195220+08:00, 0, 0.3882286, 1.448889, 1, 1, 1, False
94.39764, 2021-07-05T15:20:47.4264450+08:00, 0, 0.3882286, 1.448889, 1, 1, 1, False
94.40453, 2021-07-05T15:20:47.4333540+08:00, 0, 0.3882286, 1.448889, 1, 1, 1, False
94.4121, 2021-07-05T15:20:47.4408990+08:00, 0, 0.3882286, 1.448889, 1, 1, 1, False
94.41898, 2021-07-05T15:20:47.4477790+08:00, 0, 0.3882286, 1.448889, 1, 1, 1, False
94.42683, 2021-07-05T15:20:47.4556790+08:00, 0, 0.3882286, 1.448889, 1, 1, 1, False
94.43423, 2021-07-05T15:20:47.4684200+08:00, 0, 0.3882286, 1.448889, 1, 1, 1, False
94.44668, 2021-07-05T15:20:47.4755260+08:00, 0, 0.3882286, 1.448889, 1, 1, 1, False
94.45005, 2021-07-05T15:20:47.4788360+08:00, 0, 0.3882286, 1.448889, 1, 1, 1, False
94.45414, 2021-07-05T15:20:47.4828670+08:00, 0, 0.3882286, 1.448889, 1, 1, 1, False
94.45924, 2021-07-05T15:20:47.4880530+08:00, 0, 0.3882286, 1.448889, 1, 1, 1, False
94.46634, 2021-07-05T15:20:47.4951940+08:00, 0, 0.3882286, 1.448889, 1, 1, 1, False
94.47459, 2021-07-05T15:20:47.5033590+08:00, 0, 0.3882286, 1.448889, 1, 1, 1, False
94.48009, 2021-07-05T15:20:47.5089120+08:00, 0, 0.3882286, 1.448889, 1, 1, 1, False
94.48685, 2021-07-05T15:20:47.5156440+08:00, 0, 0.3882286, 1.448889, 1, 1, 1, False
94.49438, 2021-07-05T15:20:47.5231610+08:00, 0, 0.3882286, 1.448889, 1, 1, 1, False
94.50106, 2021-07-05T15:20:47.5298800+08:00, 0, 0.3882286, 1.448889, 1, 1, 1, False
94.5075, 2021-07-05T15:20:47.5362900+08:00, 0, 0.3882286, 1.448889, 1, 1, 1, False
94.51485, 2021-07-05T15:20:47.5436090+08:00, 0, 0.3882286, 1.448889, 1, 1, 1, False
94.52125, 2021-07-05T15:20:47.5501560+08:00, 0, 0.3882286, 1.448889, 1, 1, 1, False
94.52799, 2021-07-05T15:20:47.5568280+08:00, 0, 0.3882286, 1.448889, 1, 1, 1, False
94.53498, 2021-07-05T15:20:47.5638390+08:00, 0, 0.3882286, 1.448889, 1, 1, 1, False
94.54275, 2021-07-05T15:20:47.5716200+08:00, 0, 0.3882286, 1.448889, 1, 1, 1, False
94.55037, 2021-07-05T15:20:47.5791690+08:00, 0, 0.3882286, 1.448889, 1, 1, 1, False
94.55871, 2021-07-05T15:20:47.5874960+08:00, 0, 0.3882286, 1.448889, 1, 1, 1, False
94.56689, 2021-07-05T15:20:47.5957550+08:00, 0, 0.3882286, 1.448889, 1, 1, 1, False
94.57452, 2021-07-05T15:20:47.6032800+08:00, 0, 0.3882286, 1.448889, 1, 1, 1, False
94.57819, 2021-07-05T15:20:47.6069240+08:00, 0, 0.3882286, 1.448889, 1, 1, 1, False
94.58311, 2021-07-05T15:20:47.6119840+08:00, 0, 0.3882286, 1.448889, 1, 1, 1, False
94.59055, 2021-07-05T15:20:47.6193830+08:00, 0, 0.3882286, 1.448889, 1, 1, 1, False
94.59702, 2021-07-05T15:20:47.6258450+08:00, 0, 0.3882286, 1.448889, 1, 1, 1, False
94.60403, 2021-07-05T15:20:47.6328520+08:00, 0, 0.3882286, 1.448889, 1, 1, 1, False
94.61069, 2021-07-05T15:20:47.6394910+08:00, 0, 0.3882286, 1.448889, 1, 1, 1, False
94.61738, 2021-07-05T15:20:47.6462880+08:00, 0, 0.3882286, 1.448889, 1, 1, 1, False
94.62487, 2021-07-05T15:20:47.6536830+08:00, 0, 0.3882286, 1.448889, 1, 1, 1, False
94.63116, 2021-07-05T15:20:47.6599570+08:00, 0, 0.3882286, 1.448889, 1, 1, 1, False
94.63789, 2021-07-05T15:20:47.6666910+08:00, 0, 0.3882286, 1.448889, 1, 1, 1, False
94.64433, 2021-07-05T15:20:47.6731560+08:00, 0, 0.3882286, 1.448889, 1, 1, 1, False
94.65133, 2021-07-05T15:20:47.6801550+08:00, 0, 0.3882286, 1.448889, 1, 1, 1, False
94.65823, 2021-07-05T15:20:47.6870420+08:00, 0, 0.3882286, 1.448889, 1, 1, 1, False
94.66502, 2021-07-05T15:20:47.6938870+08:00, 0, 0.3882286, 1.448889, 1, 1, 1, False
94.67185, 2021-07-05T15:20:47.7007230+08:00, 0, 0.3882286, 1.448889, 1, 1, 1, False
94.67921, 2021-07-05T15:20:47.7080100+08:00, 0, 0.3882286, 1.448889, 1, 1, 1, False
94.68668, 2021-07-05T15:20:47.7154760+08:00, 0, 0.3882286, 1.448889, 1, 1, 1, False
94.69227, 2021-07-05T15:20:47.7210630+08:00, 0, 0.3882286, 1.448889, 1, 1, 1, False
94.69911, 2021-07-05T15:20:47.7279500+08:00, 0, 0.3882286, 1.448889, 1, 1, 1, False
94.70673, 2021-07-05T15:20:47.7356210+08:00, 0, 0.3882286, 1.448889, 1, 1, 1, False
94.71451, 2021-07-05T15:20:47.7433100+08:00, 0, 0.3882286, 1.448889, 1, 1, 1, False
94.72216, 2021-07-05T15:20:47.7509580+08:00, 0, 0.3882286, 1.448889, 1, 1, 1, False
94.7493, 2021-07-05T15:20:47.7781100+08:00, 0, 0.3882286, 1.448889, 1, 1, 1, False
94.75431, 2021-07-05T15:20:47.7830750+08:00, 0, 0.3882286, 1.448889, 1, 1, 1, False
94.75815, 2021-07-05T15:20:47.7868870+08:00, 0, 0.3882286, 1.448889, 1, 1, 1, False
94.76237, 2021-07-05T15:20:47.7911500+08:00, 0, 0.3882286, 1.448889, 1, 1, 1, False
94.76605, 2021-07-05T15:20:47.7947830+08:00, 0, 0.3882286, 1.448889, 1, 1, 1, False
94.77042, 2021-07-05T15:20:47.7991640+08:00, 0, 0.3882286, 1.448889, 1, 1, 1, False
94.77406, 2021-07-05T15:20:47.8027700+08:00, 0, 0.3882286, 1.448889, 1, 1, 1, False
94.77821, 2021-07-05T15:20:47.8069450+08:00, 0, 0.3882286, 1.448889, 1, 1, 1, False
94.78487, 2021-07-05T15:20:47.8137060+08:00, 0, 0.3882286, 1.448889, 1, 1, 1, False
94.79116, 2021-07-05T15:20:47.8200030+08:00, 0, 0.3882286, 1.448889, 1, 1, 1, False
94.79881, 2021-07-05T15:20:47.8275950+08:00, 0, 0.3882286, 1.448889, 1, 1, 1, False
94.80639, 2021-07-05T15:20:47.8351820+08:00, 0, 0.3882286, 1.448889, 1, 1, 1, False
94.81173, 2021-07-05T15:20:47.8405090+08:00, 0, 0.3882286, 1.448889, 1, 1, 1, False
94.81878, 2021-07-05T15:20:47.8475410+08:00, 0, 0.3882286, 1.448889, 1, 1, 1, False
94.82572, 2021-07-05T15:20:47.8545690+08:00, 0, 0.3882286, 1.448889, 1, 1, 1, False
94.83205, 2021-07-05T15:20:47.8608760+08:00, 0, 0.3882286, 1.448889, 1, 1, 1, False
94.83879, 2021-07-05T15:20:47.8675810+08:00, 0, 0.3882286, 1.448889, 1, 1, 1, False
94.8466, 2021-07-05T15:20:47.8754300+08:00, 0, 0.3882286, 1.448889, 1, 1, 1, False
94.85242, 2021-07-05T15:20:47.8812440+08:00, 0, 0.3882286, 1.448889, 1, 1, 1, False
94.85918, 2021-07-05T15:20:47.8879620+08:00, 0, 0.3882286, 1.448889, 1, 1, 1, False
94.86654, 2021-07-05T15:20:47.8953540+08:00, 0, 0.3882286, 1.448889, 1, 1, 1, False
94.87468, 2021-07-05T15:20:47.9034510+08:00, 0, 0.3882286, 1.448889, 1, 1, 1, False
94.87968, 2021-07-05T15:20:47.9084800+08:00, 0, 0.3882286, 1.448889, 1, 1, 1, False
94.88682, 2021-07-05T15:20:47.9156800+08:00, 0, 0.3882286, 1.448889, 1, 1, 1, False
94.89303, 2021-07-05T15:20:47.9218670+08:00, 0, 0.3882286, 1.448889, 1, 1, 1, False
94.90012, 2021-07-05T15:20:47.9290040+08:00, 0, 0.3882286, 1.448889, 1, 1, 1, False
94.90723, 2021-07-05T15:20:47.9360330+08:00, 0, 0.3882286, 1.448889, 1, 1, 1, False
94.91487, 2021-07-05T15:20:47.9436770+08:00, 0, 0.3882286, 1.448889, 1, 1, 1, False
94.92238, 2021-07-05T15:20:47.9511740+08:00, 0, 0.3882286, 1.448889, 1, 1, 1, False
94.92786, 2021-07-05T15:20:47.9566410+08:00, 0, 0.3882286, 1.448889, 1, 1, 1, False
94.93465, 2021-07-05T15:20:47.9634920+08:00, 0, 0.3882286, 1.448889, 1, 1, 1, False
94.9416, 2021-07-05T15:20:47.9704210+08:00, 0, 0.3882286, 1.448889, 1, 1, 1, False
94.94783, 2021-07-05T15:20:47.9766470+08:00, 0, 0.3882286, 1.448889, 1, 1, 1, False
94.95454, 2021-07-05T15:20:47.9833150+08:00, 0, 0.3882286, 1.448889, 1, 1, 1, False
94.96197, 2021-07-05T15:20:47.9908090+08:00, 0, 0.3882286, 1.448889, 1, 1, 1, False
94.96829, 2021-07-05T15:20:47.9971230+08:00, 0, 0.3882286, 1.448889, 1, 1, 1, False
94.97567, 2021-07-05T15:20:48.0044690+08:00, 0, 0.3882286, 1.448889, 1, 1, 1, False
94.98254, 2021-07-05T15:20:48.0113500+08:00, 0, 0.3882286, 1.448889, 1, 1, 1, False
94.98917, 2021-07-05T15:20:48.0180030+08:00, 0, 0.3882286, 1.448889, 1, 1, 1, False
94.99525, 2021-07-05T15:20:48.0240430+08:00, 0, 0.3882286, 1.448889, 1, 1, 1, False
95.00273, 2021-07-05T15:20:48.0315440+08:00, 0, 0.3882286, 1.448889, 1, 1, 1, False
95.00971, 2021-07-05T15:20:48.0385240+08:00, 0, 0.3882286, 1.448889, 1, 1, 1, False
95.01602, 2021-07-05T15:20:48.0448590+08:00, 0, 0.3882286, 1.448889, 1, 1, 1, False
95.0228, 2021-07-05T15:20:48.0516060+08:00, 0, 0.3882286, 1.448889, 1, 1, 1, False
95.03057, 2021-07-05T15:20:48.0593360+08:00, 0, 0.3882286, 1.448889, 1, 1, 1, False
95.03638, 2021-07-05T15:20:48.0651710+08:00, 0, 0.3882286, 1.448889, 1, 1, 1, False
95.04311, 2021-07-05T15:20:48.0719850+08:00, 0, 0.3882286, 1.448889, 1, 1, 1, False
95.05005, 2021-07-05T15:20:48.0790010+08:00, 0, 0.3882286, 1.448889, 1, 1, 1, False
95.05688, 2021-07-05T15:20:48.0857100+08:00, 0, 0.3882286, 1.448889, 1, 1, 1, False
95.06371, 2021-07-05T15:20:48.0925670+08:00, 0, 0.3882286, 1.448889, 1, 1, 1, False
95.07099, 2021-07-05T15:20:48.0998590+08:00, 0, 0.3882286, 1.448889, 1, 1, 1, False
95.07874, 2021-07-05T15:20:48.1074960+08:00, 0, 0.3882286, 1.448889, 1, 1, 1, False
95.08432, 2021-07-05T15:20:48.1132180+08:00, 0, 0.3882286, 1.448889, 1, 1, 1, False
95.09135, 2021-07-05T15:20:48.1201340+08:00, 0, 0.3882286, 1.448889, 1, 1, 1, False
95.09884, 2021-07-05T15:20:48.1276060+08:00, 0, 0.3882286, 1.448889, 1, 1, 1, False
95.10447, 2021-07-05T15:20:48.1333710+08:00, 0, 0.3882286, 1.448889, 1, 1, 1, False
95.11193, 2021-07-05T15:20:48.1407320+08:00, 0, 0.3882286, 1.448889, 1, 1, 1, False
95.11866, 2021-07-05T15:20:48.1474890+08:00, 0, 0.3882286, 1.448889, 1, 1, 1, False
95.12519, 2021-07-05T15:20:48.1540220+08:00, 0, 0.3882286, 1.448889, 1, 1, 1, False
95.13201, 2021-07-05T15:20:48.1608580+08:00, 0, 0.3882286, 1.448889, 1, 1, 1, False
95.13918, 2021-07-05T15:20:48.1679800+08:00, 0, 0.3882286, 1.448889, 1, 1, 1, False
95.14671, 2021-07-05T15:20:48.1755250+08:00, 0, 0.3882286, 1.448889, 1, 1, 1, False
95.15232, 2021-07-05T15:20:48.1810980+08:00, 0, 0.3882286, 1.448889, 1, 1, 1, False
95.15979, 2021-07-05T15:20:48.1886020+08:00, 0, 0.3882286, 1.448889, 1, 1, 1, False
95.16687, 2021-07-05T15:20:48.1958050+08:00, 0, 0.3882286, 1.448889, 1, 1, 1, False
95.17457, 2021-07-05T15:20:48.2033430+08:00, 0, 0.3882286, 1.448889, 1, 1, 1, False
95.17945, 2021-07-05T15:20:48.2083100+08:00, 0, 0.3882286, 1.448889, 1, 1, 1, False
95.18681, 2021-07-05T15:20:48.2156510+08:00, 0, 0.3882286, 1.448889, 1, 1, 1, False
95.19313, 2021-07-05T15:20:48.2219160+08:00, 0, 0.3882286, 1.448889, 1, 1, 1, False
95.19996, 2021-07-05T15:20:48.2289140+08:00, 0, 0.3882286, 1.448889, 1, 1, 1, False
95.20724, 2021-07-05T15:20:48.2360650+08:00, 0, 0.3882286, 1.448889, 1, 1, 1, False
95.21444, 2021-07-05T15:20:48.2432080+08:00, 0, 0.3882286, 1.448889, 1, 1, 1, False
95.22047, 2021-07-05T15:20:48.2493480+08:00, 0, 0.3882286, 1.448889, 1, 1, 1, False
95.22791, 2021-07-05T15:20:48.2566860+08:00, 0, 0.3882286, 1.448889, 1, 1, 1, False
95.23489, 2021-07-05T15:20:48.2637180+08:00, 0, 0.3882286, 1.448889, 1, 1, 1, False
95.24256, 2021-07-05T15:20:48.2714120+08:00, 0, 0.3882286, 1.448889, 1, 1, 1, False
95.2505, 2021-07-05T15:20:48.2792720+08:00, 0, 0.3882286, 1.448889, 1, 1, 1, False
95.25893, 2021-07-05T15:20:48.2877900+08:00, 0, 0.3882286, 1.448889, 1, 1, 1, False
95.26689, 2021-07-05T15:20:48.2957550+08:00, 0, 0.3882286, 1.448889, 1, 1, 1, False
95.27445, 2021-07-05T15:20:48.3032710+08:00, 0, 0.3882286, 1.448889, 1, 1, 1, False
95.27801, 2021-07-05T15:20:48.3067410+08:00, 0, 0.3882286, 1.448889, 1, 1, 1, False
95.28253, 2021-07-05T15:20:48.3113420+08:00, 0, 0.3882286, 1.448889, 1, 1, 1, False
95.28962, 2021-07-05T15:20:48.3184230+08:00, 0, 0.3882286, 1.448889, 1, 1, 1, False
95.29603, 2021-07-05T15:20:48.3248120+08:00, 0, 0.3882286, 1.448889, 1, 1, 1, False
95.30268, 2021-07-05T15:20:48.3315300+08:00, 0, 0.3882286, 1.448889, 1, 1, 1, False
95.3102, 2021-07-05T15:20:48.3390100+08:00, 0, 0.3882286, 1.448889, 1, 1, 1, False
95.3165, 2021-07-05T15:20:48.3453170+08:00, 0, 0.3882286, 1.448889, 1, 1, 1, False
95.32351, 2021-07-05T15:20:48.3523550+08:00, 0, 0.3882286, 1.448889, 1, 1, 1, False
95.33089, 2021-07-05T15:20:48.3596790+08:00, 0, 0.3882286, 1.448889, 1, 1, 1, False
95.33833, 2021-07-05T15:20:48.3671030+08:00, 0, 0.3882286, 1.448889, 1, 1, 1, False
95.3433, 2021-07-05T15:20:48.3722120+08:00, 0, 0.3882286, 1.448889, 1, 1, 1, False
95.35057, 2021-07-05T15:20:48.3793570+08:00, 0, 0.3882286, 1.448889, 1, 1, 1, False
95.35712, 2021-07-05T15:20:48.3859960+08:00, 0, 0.3882286, 1.448889, 1, 1, 1, False
95.36399, 2021-07-05T15:20:48.3928320+08:00, 0, 0.3882286, 1.448889, 1, 1, 1, False
95.37071, 2021-07-05T15:20:48.3995340+08:00, 0, 0.3882286, 1.448889, 1, 1, 1, False
95.37743, 2021-07-05T15:20:48.4062250+08:00, 0, 0.3882286, 1.448889, 1, 1, 1, False
95.38433, 2021-07-05T15:20:48.4132660+08:00, 0, 0.3882286, 1.448889, 1, 1, 1, False
95.39133, 2021-07-05T15:20:48.4201120+08:00, 0, 0.3882286, 1.448889, 1, 1, 1, False
95.39854, 2021-07-05T15:20:48.4273800+08:00, 0, 0.3882286, 1.448889, 1, 1, 1, False
95.40501, 2021-07-05T15:20:48.4339050+08:00, 0, 0.3882286, 1.448889, 1, 1, 1, False
95.41267, 2021-07-05T15:20:48.4415130+08:00, 0, 0.3882286, 1.448889, 1, 1, 1, False
95.41896, 2021-07-05T15:20:48.4477730+08:00, 0, 0.3882286, 1.448889, 1, 1, 1, False
95.42569, 2021-07-05T15:20:48.4545400+08:00, 0, 0.3882286, 1.448889, 1, 1, 1, False
95.43261, 2021-07-05T15:20:48.4613920+08:00, 0, 0.3882286, 1.448889, 1, 1, 1, False
95.43936, 2021-07-05T15:20:48.4681740+08:00, 0, 0.3882286, 1.448889, 1, 1, 1, False
95.4464, 2021-07-05T15:20:48.4752360+08:00, 0, 0.3882286, 1.448889, 1, 1, 1, False
95.45328, 2021-07-05T15:20:48.4820910+08:00, 0, 0.3882286, 1.448889, 1, 1, 1, False
95.45958, 2021-07-05T15:20:48.4884440+08:00, 0, 0.3882286, 1.448889, 1, 1, 1, False
95.46687, 2021-07-05T15:20:48.4957340+08:00, 0, 0.3882286, 1.448889, 1, 1, 1, False
95.47458, 2021-07-05T15:20:48.5033590+08:00, 0, 0.3882286, 1.448889, 1, 1, 1, False
95.47997, 2021-07-05T15:20:48.5088040+08:00, 0, 0.3882286, 1.448889, 1, 1, 1, False
95.48667, 2021-07-05T15:20:48.5155610+08:00, 0, 0.3882286, 1.448889, 1, 1, 1, False
95.49441, 2021-07-05T15:20:48.5231900+08:00, 0, 0.3882286, 1.448889, 1, 1, 1, False
95.50063, 2021-07-05T15:20:48.5295510+08:00, 0, 0.3882286, 1.448889, 1, 1, 1, False
95.5076, 2021-07-05T15:20:48.5395160+08:00, 0, 0.3882286, 1.448889, 1, 1, 1, False
95.51428, 2021-07-05T15:20:48.5472270+08:00, 0, 0.3882286, 1.448889, 1, 1, 1, False
95.52235, 2021-07-05T15:20:48.5511410+08:00, 0, 0.3882286, 1.448889, 1, 1, 1, False
95.52812, 2021-07-05T15:20:48.5568750+08:00, 0, 0.3882286, 1.448889, 1, 1, 1, False
95.53496, 2021-07-05T15:20:48.5637490+08:00, 0, 0.3882286, 1.448889, 1, 1, 1, False
95.54171, 2021-07-05T15:20:48.5705400+08:00, 0, 0.3882286, 1.448889, 1, 1, 1, False
95.54819, 2021-07-05T15:20:48.5770460+08:00, 0, 0.3882286, 1.448889, 1, 1, 1, False
95.55539, 2021-07-05T15:20:48.5841580+08:00, 0, 0.3882286, 1.448889, 1, 1, 1, False
95.56176, 2021-07-05T15:20:48.5906000+08:00, 0, 0.3882286, 1.448889, 1, 1, 1, False
95.56863, 2021-07-05T15:20:48.5975430+08:00, 0, 0.3882286, 1.448889, 1, 1, 1, False
95.57636, 2021-07-05T15:20:48.6051450+08:00, 0, 0.3882286, 1.448889, 1, 1, 1, False
95.58272, 2021-07-05T15:20:48.6115850+08:00, 0, 0.3882286, 1.448889, 1, 1, 1, False
95.58991, 2021-07-05T15:20:48.6187170+08:00, 0, 0.3882286, 1.448889, 1, 1, 1, False
95.59592, 2021-07-05T15:20:48.6247530+08:00, 0, 0.3882286, 1.448889, 1, 1, 1, False
95.60289, 2021-07-05T15:20:48.6318730+08:00, 0, 0.3882286, 1.448889, 1, 1, 1, False
95.62463, 2021-07-05T15:20:48.6534440+08:00, 0, 0.3882286, 1.448889, 1, 1, 1, False
95.63045, 2021-07-05T15:20:48.6592280+08:00, 0, 0.3882286, 1.448889, 1, 1, 1, False
95.63421, 2021-07-05T15:20:48.6629730+08:00, 0, 0.3882286, 1.448889, 1, 1, 1, False
95.63805, 2021-07-05T15:20:48.6667960+08:00, 0, 0.3882286, 1.448889, 1, 1, 1, False
95.64223, 2021-07-05T15:20:48.6710170+08:00, 0, 0.3882286, 1.448889, 1, 1, 1, False
95.64598, 2021-07-05T15:20:48.6747050+08:00, 0, 0.3882286, 1.448889, 1, 1, 1, False
95.65009, 2021-07-05T15:20:48.6788580+08:00, 0, 0.3882286, 1.448889, 1, 1, 1, False
95.65746, 2021-07-05T15:20:48.6862470+08:00, 0, 0.3882286, 1.448889, 1, 1, 1, False
95.66376, 2021-07-05T15:20:48.6925830+08:00, 0, 0.3882286, 1.448889, 1, 1, 1, False
95.67077, 2021-07-05T15:20:48.6995640+08:00, 0, 0.3882286, 1.448889, 1, 1, 1, False
95.67692, 2021-07-05T15:20:48.7057590+08:00, 0, 0.3882286, 1.448889, 1, 1, 1, False
95.68407, 2021-07-05T15:20:48.7129420+08:00, 0, 0.3882286, 1.448889, 1, 1, 1, False
95.69099, 2021-07-05T15:20:48.7198240+08:00, 0, 0.3882286, 1.448889, 1, 1, 1, False
95.69872, 2021-07-05T15:20:48.7275170+08:00, 0, 0.3882286, 1.448889, 1, 1, 1, False
95.70456, 2021-07-05T15:20:48.7334150+08:00, 0, 0.3882286, 1.448889, 1, 1, 1, False
95.71133, 2021-07-05T15:20:48.7401300+08:00, 0, 0.3882286, 1.448889, 1, 1, 1, False
95.71878, 2021-07-05T15:20:48.7475540+08:00, 0, 0.3882286, 1.448889, 1, 1, 1, False
95.72567, 2021-07-05T15:20:48.7545120+08:00, 0, 0.3882286, 1.448889, 1, 1, 1, False
95.73198, 2021-07-05T15:20:48.7607680+08:00, 0, 0.3882286, 1.448889, 1, 1, 1, False
95.73887, 2021-07-05T15:20:48.7676540+08:00, 0, 0.3882286, 1.448889, 1, 1, 1, False
95.74658, 2021-07-05T15:20:48.7754320+08:00, 0, 0.3882286, 1.448889, 1, 1, 1, False
95.75254, 2021-07-05T15:20:48.7813830+08:00, 0, 0.3882286, 1.448889, 1, 1, 1, False
95.7593, 2021-07-05T15:20:48.7881060+08:00, 0, 0.3882286, 1.448889, 1, 1, 1, False
95.76657, 2021-07-05T15:20:48.7954340+08:00, 0, 0.3882286, 1.448889, 1, 1, 1, False
95.77484, 2021-07-05T15:20:48.8036520+08:00, 0, 0.3882286, 1.448889, 1, 1, 1, False
95.78268, 2021-07-05T15:20:48.8115260+08:00, 0, 0.3882286, 1.448889, 1, 1, 1, False
95.79082, 2021-07-05T15:20:48.8196120+08:00, 0, 0.3882286, 1.448889, 1, 1, 1, False
95.79887, 2021-07-05T15:20:48.8276650+08:00, 0, 0.3882286, 1.448889, 1, 1, 1, False
95.80675, 2021-07-05T15:20:48.8355780+08:00, 0, 0.3882286, 1.448889, 1, 1, 1, False
95.81458, 2021-07-05T15:20:48.8433570+08:00, 0, 0.3882286, 1.448889, 1, 1, 1, False
95.81879, 2021-07-05T15:20:48.8475520+08:00, 0, 0.3882286, 1.448889, 1, 1, 1, False
95.82192, 2021-07-05T15:20:48.8506930+08:00, 0, 0.3882286, 1.448889, 1, 1, 1, False
95.82773, 2021-07-05T15:20:48.8565220+08:00, 0, 0.3882286, 1.448889, 1, 1, 1, False
95.83468, 2021-07-05T15:20:48.8634800+08:00, 0, 0.3882286, 1.448889, 1, 1, 1, False
95.84165, 2021-07-05T15:20:48.8704850+08:00, 0, 0.3882286, 1.448889, 1, 1, 1, False
95.84835, 2021-07-05T15:20:48.8771520+08:00, 0, 0.3882286, 1.448889, 1, 1, 1, False
95.85509, 2021-07-05T15:20:48.8838890+08:00, 0, 0.3882286, 1.448889, 1, 1, 1, False
95.86277, 2021-07-05T15:20:48.8916110+08:00, 0, 0.3882286, 1.448889, 1, 1, 1, False
95.86851, 2021-07-05T15:20:48.8973690+08:00, 0, 0.3882286, 1.448889, 1, 1, 1, False
95.8754, 2021-07-05T15:20:48.9042080+08:00, 0, 0.3882286, 1.448889, 1, 1, 1, False
95.88255, 2021-07-05T15:20:48.9113990+08:00, 0, 0.3882286, 1.448889, 1, 1, 1, False
95.88885, 2021-07-05T15:20:48.9176840+08:00, 0, 0.3882286, 1.448889, 1, 1, 1, False
95.89554, 2021-07-05T15:20:48.9243580+08:00, 0, 0.3882286, 1.448889, 1, 1, 1, False
95.90282, 2021-07-05T15:20:48.9316440+08:00, 0, 0.3882286, 1.448889, 1, 1, 1, False
95.90904, 2021-07-05T15:20:48.9378770+08:00, 0, 0.3882286, 1.448889, 1, 1, 1, False
95.91592, 2021-07-05T15:20:48.9448100+08:00, 0, 0.3882286, 1.448889, 1, 1, 1, False
95.923, 2021-07-05T15:20:48.9518230+08:00, 0, 0.3882286, 1.448889, 1, 1, 1, False
95.92937, 2021-07-05T15:20:48.9581670+08:00, 0, 0.3882286, 1.448889, 1, 1, 1, False
95.93634, 2021-07-05T15:20:48.9651950+08:00, 0, 0.3882286, 1.448889, 1, 1, 1, False
95.94308, 2021-07-05T15:20:48.9719070+08:00, 0, 0.3882286, 1.448889, 1, 1, 1, False
95.95045, 2021-07-05T15:20:48.9792580+08:00, 0, 0.3882286, 1.448889, 1, 1, 1, False
95.95673, 2021-07-05T15:20:48.9855330+08:00, 0, 0.3882286, 1.448889, 1, 1, 1, False
95.96348, 2021-07-05T15:20:48.9923070+08:00, 0, 0.3882286, 1.448889, 1, 1, 1, False
95.97036, 2021-07-05T15:20:48.9991630+08:00, 0, 0.3882286, 1.448889, 1, 1, 1, False
95.97706, 2021-07-05T15:20:49.0058480+08:00, 0, 0.3882286, 1.448889, 1, 1, 1, False
95.98395, 2021-07-05T15:20:49.0128660+08:00, 0, 0.3882286, 1.448889, 1, 1, 1, False
95.99068, 2021-07-05T15:20:49.0195120+08:00, 0, 0.3882286, 1.448889, 1, 1, 1, False
95.99756, 2021-07-05T15:20:49.0263740+08:00, 0, 0.3882286, 1.448889, 1, 1, 1, False
96.0042, 2021-07-05T15:20:49.0331040+08:00, 0, 0.3882286, 1.448889, 1, 1, 1, False
96.01109, 2021-07-05T15:20:49.0398820+08:00, 0, 0.3882286, 1.448889, 1, 1, 1, False
96.01844, 2021-07-05T15:20:49.0472040+08:00, 0, 0.3882286, 1.448889, 1, 1, 1, False
96.0248, 2021-07-05T15:20:49.0536220+08:00, 0, 0.3882286, 1.448889, 1, 1, 1, False
96.03164, 2021-07-05T15:20:49.0604590+08:00, 0, 0.3882286, 1.448889, 1, 1, 1, False
96.03846, 2021-07-05T15:20:49.0672950+08:00, 0, 0.3882286, 1.448889, 1, 1, 1, False
96.04523, 2021-07-05T15:20:49.0740910+08:00, 0, 0.3882286, 1.448889, 1, 1, 1, False
96.05209, 2021-07-05T15:20:49.0809510+08:00, 0, 0.3882286, 1.448889, 1, 1, 1, False
96.05962, 2021-07-05T15:20:49.0884130+08:00, 0, 0.3882286, 1.448889, 1, 1, 1, False
96.06673, 2021-07-05T15:20:49.0956640+08:00, 0, 0.3882286, 1.448889, 1, 1, 1, False
96.07275, 2021-07-05T15:20:49.1015500+08:00, 0, 0.3882286, 1.448889, 1, 1, 1, False
96.08014, 2021-07-05T15:20:49.1090000+08:00, 0, 0.3882286, 1.448889, 1, 1, 1, False
96.08633, 2021-07-05T15:20:49.1151720+08:00, 0, 0.3882286, 1.448889, 1, 1, 1, False
96.0938, 2021-07-05T15:20:49.1226050+08:00, 0, 0.3882286, 1.448889, 1, 1, 1, False
96.10011, 2021-07-05T15:20:49.1290880+08:00, 0, 0.3882286, 1.448889, 1, 1, 1, False
96.10732, 2021-07-05T15:20:49.1361190+08:00, 0, 0.3882286, 1.448889, 1, 1, 1, False
96.11448, 2021-07-05T15:20:49.1432880+08:00, 0, 0.3882286, 1.448889, 1, 1, 1, False
96.12044, 2021-07-05T15:20:49.1492900+08:00, 0, 0.3882286, 1.448889, 1, 1, 1, False
96.12714, 2021-07-05T15:20:49.1559510+08:00, 0, 0.3882286, 1.448889, 1, 1, 1, False
96.1347, 2021-07-05T15:20:49.1635120+08:00, 0, 0.3882286, 1.448889, 1, 1, 1, False
96.14159, 2021-07-05T15:20:49.1704590+08:00, 0, 0.3882286, 1.448889, 1, 1, 1, False
96.14766, 2021-07-05T15:20:49.1765080+08:00, 0, 0.3882286, 1.448889, 1, 1, 1, False
96.1546, 2021-07-05T15:20:49.1833840+08:00, 0, 0.3882286, 1.448889, 1, 1, 1, False
96.16191, 2021-07-05T15:20:49.1907540+08:00, 0, 0.3882286, 1.448889, 1, 1, 1, False
96.16826, 2021-07-05T15:20:49.1970810+08:00, 0, 0.3882286, 1.448889, 1, 1, 1, False
96.17568, 2021-07-05T15:20:49.2044750+08:00, 0, 0.3882286, 1.448889, 1, 1, 1, False
96.18269, 2021-07-05T15:20:49.2115110+08:00, 0, 0.3882286, 1.448889, 1, 1, 1, False
96.18906, 2021-07-05T15:20:49.2178650+08:00, 0, 0.3882286, 1.448889, 1, 1, 1, False
96.19519, 2021-07-05T15:20:49.2240310+08:00, 0, 0.3882286, 1.448889, 1, 1, 1, False
96.20258, 2021-07-05T15:20:49.2314400+08:00, 0, 0.3882286, 1.448889, 1, 1, 1, False
96.2097, 2021-07-05T15:20:49.2385250+08:00, 0, 0.3882286, 1.448889, 1, 1, 1, False
96.21596, 2021-07-05T15:20:49.2447360+08:00, 0, 0.3882286, 1.448889, 1, 1, 1, False
96.22272, 2021-07-05T15:20:49.2515480+08:00, 0, 0.3882286, 1.448889, 1, 1, 1, False
96.23005, 2021-07-05T15:20:49.2588770+08:00, 0, 0.3882286, 1.448889, 1, 1, 1, False
96.2364, 2021-07-05T15:20:49.2652680+08:00, 0, 0.3882286, 1.448889, 1, 1, 1, False
96.24317, 2021-07-05T15:20:49.2721500+08:00, 0, 0.3882286, 1.448889, 1, 1, 1, False
96.2506, 2021-07-05T15:20:49.2794020+08:00, 0, 0.3882286, 1.448889, 1, 1, 1, False
96.25713, 2021-07-05T15:20:49.2859840+08:00, 0, 0.3882286, 1.448889, 1, 1, 1, False
96.26345, 2021-07-05T15:20:49.2923110+08:00, 0, 0.3882286, 1.448889, 1, 1, 1, False
96.27078, 2021-07-05T15:20:49.2995670+08:00, 0, 0.3882286, 1.448889, 1, 1, 1, False
96.27711, 2021-07-05T15:20:49.3059170+08:00, 0, 0.3882286, 1.448889, 1, 1, 1, False
96.28397, 2021-07-05T15:20:49.3129120+08:00, 0, 0.3882286, 1.448889, 1, 1, 1, False
96.29073, 2021-07-05T15:20:49.3195610+08:00, 0, 0.3882286, 1.448889, 1, 1, 1, False
96.29902, 2021-07-05T15:20:49.3278590+08:00, 0, 0.3882286, 1.448889, 1, 1, 1, False
96.30659, 2021-07-05T15:20:49.3354250+08:00, 0, 0.3882286, 1.448889, 1, 1, 1, False
96.31096, 2021-07-05T15:20:49.3397870+08:00, 0, 0.3882286, 1.448889, 1, 1, 1, False
96.31799, 2021-07-05T15:20:49.3468450+08:00, 0, 0.3882286, 1.448889, 1, 1, 1, False
96.32551, 2021-07-05T15:20:49.3543560+08:00, 0, 0.3882286, 1.448889, 1, 1, 1, False
96.33183, 2021-07-05T15:20:49.3606470+08:00, 0, 0.3882286, 1.448889, 1, 1, 1, False
96.3385, 2021-07-05T15:20:49.3673100+08:00, 0, 0.3882286, 1.448889, 1, 1, 1, False
96.34584, 2021-07-05T15:20:49.3746940+08:00, 0, 0.3882286, 1.448889, 1, 1, 1, False
96.35197, 2021-07-05T15:20:49.3808330+08:00, 0, 0.3882286, 1.448889, 1, 1, 1, False
96.35889, 2021-07-05T15:20:49.3877050+08:00, 0, 0.3882286, 1.448889, 1, 1, 1, False
96.36583, 2021-07-05T15:20:49.3946980+08:00, 0, 0.3882286, 1.448889, 1, 1, 1, False
96.37301, 2021-07-05T15:20:49.4018120+08:00, 0, 0.3882286, 1.448889, 1, 1, 1, False
96.37932, 2021-07-05T15:20:49.4081500+08:00, 0, 0.3882286, 1.448889, 1, 1, 1, False
96.38656, 2021-07-05T15:20:49.4153910+08:00, 0, 0.3882286, 1.448889, 1, 1, 1, False
96.39299, 2021-07-05T15:20:49.4218070+08:00, 0, 0.3882286, 1.448889, 1, 1, 1, False
96.39989, 2021-07-05T15:20:49.4287420+08:00, 0, 0.3882286, 1.448889, 1, 1, 1, False
96.40713, 2021-07-05T15:20:49.4360040+08:00, 0, 0.3882286, 1.448889, 1, 1, 1, False
96.41423, 2021-07-05T15:20:49.4430090+08:00, 0, 0.3882286, 1.448889, 1, 1, 1, False
96.42036, 2021-07-05T15:20:49.4492920+08:00, 0, 0.3882286, 1.448889, 1, 1, 1, False
96.42777, 2021-07-05T15:20:49.4565730+08:00, 0, 0.3882286, 1.448889, 1, 1, 1, False
96.43466, 2021-07-05T15:20:49.4634830+08:00, 0, 0.3882286, 1.448889, 1, 1, 1, False
96.4408, 2021-07-05T15:20:49.4696400+08:00, 0, 0.3882286, 1.448889, 1, 1, 1, False
96.44819, 2021-07-05T15:20:49.4769810+08:00, 0, 0.3882286, 1.448889, 1, 1, 1, False
96.45436, 2021-07-05T15:20:49.4831650+08:00, 0, 0.3882286, 1.448889, 1, 1, 1, False
96.46117, 2021-07-05T15:20:49.4900280+08:00, 0, 0.3882286, 1.448889, 1, 1, 1, False
96.46809, 2021-07-05T15:20:49.4969910+08:00, 0, 0.3882286, 1.448889, 1, 1, 1, False
96.47494, 2021-07-05T15:20:49.5037690+08:00, 0, 0.3882286, 1.448889, 1, 1, 1, False
96.49711, 2021-07-05T15:20:49.5259320+08:00, 0, 0.3882286, 1.448889, 1, 1, 1, False
96.50243, 2021-07-05T15:20:49.5312420+08:00, 0, 0.3882286, 1.448889, 1, 1, 1, False
96.50607, 2021-07-05T15:20:49.5348430+08:00, 0, 0.3882286, 1.448889, 1, 1, 1, False
96.51019, 2021-07-05T15:20:49.5389300+08:00, 0, 0.3882286, 1.448889, 1, 1, 1, False
96.5142, 2021-07-05T15:20:49.5429440+08:00, 0, 0.3882286, 1.448889, 1, 1, 1, False
96.51819, 2021-07-05T15:20:49.5469460+08:00, 0, 0.3882286, 1.448889, 1, 1, 1, False
96.52283, 2021-07-05T15:20:49.5516350+08:00, 0, 0.3882286, 1.448889, 1, 1, 1, False
96.52894, 2021-07-05T15:20:49.5577260+08:00, 0, 0.3882286, 1.448889, 1, 1, 1, False
96.53596, 2021-07-05T15:20:49.5648130+08:00, 0, 0.3882286, 1.448889, 1, 1, 1, False
96.54261, 2021-07-05T15:20:49.5714660+08:00, 0, 0.3882286, 1.448889, 1, 1, 1, False
96.54951, 2021-07-05T15:20:49.5783460+08:00, 0, 0.3882286, 1.448889, 1, 1, 1, False
96.55643, 2021-07-05T15:20:49.5852600+08:00, 0, 0.3882286, 1.448889, 1, 1, 1, False
96.56329, 2021-07-05T15:20:49.5921600+08:00, 0, 0.3882286, 1.448889, 1, 1, 1, False
96.57037, 2021-07-05T15:20:49.5991650+08:00, 0, 0.3882286, 1.448889, 1, 1, 1, False
96.577, 2021-07-05T15:20:49.6058230+08:00, 0, 0.3882286, 1.448889, 1, 1, 1, False
96.58392, 2021-07-05T15:20:49.6128290+08:00, 0, 0.3882286, 1.448889, 1, 1, 1, False
96.59067, 2021-07-05T15:20:49.6195280+08:00, 0, 0.3882286, 1.448889, 1, 1, 1, False
96.59817, 2021-07-05T15:20:49.6311990+08:00, 0, 0.3882286, 1.448889, 1, 1, 1, False
96.60614, 2021-07-05T15:20:49.6350020+08:00, 0, 0.3882286, 1.448889, 1, 1, 1, False
96.61201, 2021-07-05T15:20:49.6408120+08:00, 0, 0.3882286, 1.448889, 1, 1, 1, False
96.61886, 2021-07-05T15:20:49.6476460+08:00, 0, 0.3882286, 1.448889, 1, 1, 1, False
96.62613, 2021-07-05T15:20:49.6549970+08:00, 0, 0.3882286, 1.448889, 1, 1, 1, False
96.63235, 2021-07-05T15:20:49.6611750+08:00, 0, 0.3882286, 1.448889, 1, 1, 1, False
96.63901, 2021-07-05T15:20:49.6678470+08:00, 0, 0.3882286, 1.448889, 1, 1, 1, False
96.64674, 2021-07-05T15:20:49.6756780+08:00, 0, 0.3882286, 1.448889, 1, 1, 1, False
96.65321, 2021-07-05T15:20:49.6820400+08:00, 0, 0.3882286, 1.448889, 1, 1, 1, False
96.65956, 2021-07-05T15:20:49.6883760+08:00, 0, 0.3882286, 1.448889, 1, 1, 1, False
96.66695, 2021-07-05T15:20:49.6958530+08:00, 0, 0.3882286, 1.448889, 1, 1, 1, False
96.67437, 2021-07-05T15:20:49.7031480+08:00, 0, 0.3882286, 1.448889, 1, 1, 1, False
96.67992, 2021-07-05T15:20:49.7087380+08:00, 0, 0.3882286, 1.448889, 1, 1, 1, False
96.68689, 2021-07-05T15:20:49.7157060+08:00, 0, 0.3882286, 1.448889, 1, 1, 1, False
96.69447, 2021-07-05T15:20:49.7232830+08:00, 0, 0.3882286, 1.448889, 1, 1, 1, False
96.70075, 2021-07-05T15:20:49.7297200+08:00, 0, 0.3882286, 1.448889, 1, 1, 1, False
96.70758, 2021-07-05T15:20:49.7364330+08:00, 0, 0.3882286, 1.448889, 1, 1, 1, False
96.71504, 2021-07-05T15:20:49.7439140+08:00, 0, 0.3882286, 1.448889, 1, 1, 1, False
96.7228, 2021-07-05T15:20:49.7516670+08:00, 0, 0.3882286, 1.448889, 1, 1, 1, False
96.73082, 2021-07-05T15:20:49.7596150+08:00, 0, 0.3882286, 1.448889, 1, 1, 1, False
96.73843, 2021-07-05T15:20:49.7672310+08:00, 0, 0.3882286, 1.448889, 1, 1, 1, False
96.74256, 2021-07-05T15:20:49.7713900+08:00, 0, 0.3882286, 1.448889, 1, 1, 1, False
96.74889, 2021-07-05T15:20:49.7777220+08:00, 0, 0.3882286, 1.448889, 1, 1, 1, False
96.7557, 2021-07-05T15:20:49.7845050+08:00, 0, 0.3882286, 1.448889, 1, 1, 1, False
96.76289, 2021-07-05T15:20:49.7917260+08:00, 0, 0.3882286, 1.448889, 1, 1, 1, False
96.76924, 2021-07-05T15:20:49.7980820+08:00, 0, 0.3882286, 1.448889, 1, 1, 1, False
96.77604, 2021-07-05T15:20:49.8048680+08:00, 0, 0.3882286, 1.448889, 1, 1, 1, False
96.78299, 2021-07-05T15:20:49.8118880+08:00, 0, 0.3882286, 1.448889, 1, 1, 1, False
96.79094, 2021-07-05T15:20:49.8197700+08:00, 0, 0.3882286, 1.448889, 1, 1, 1, False
96.79859, 2021-07-05T15:20:49.8273820+08:00, 0, 0.3882286, 1.448889, 1, 1, 1, False
96.80328, 2021-07-05T15:20:49.8321940+08:00, 0, 0.3882286, 1.448889, 1, 1, 1, False
96.81078, 2021-07-05T15:20:49.8395820+08:00, 0, 0.3882286, 1.448889, 1, 1, 1, False
96.81712, 2021-07-05T15:20:49.8460230+08:00, 0, 0.3882286, 1.448889, 1, 1, 1, False
96.82394, 2021-07-05T15:20:49.8528000+08:00, 0, 0.3882286, 1.448889, 1, 1, 1, False
96.83089, 2021-07-05T15:20:49.8597470+08:00, 0, 0.3882286, 1.448889, 1, 1, 1, False
96.83855, 2021-07-05T15:20:49.8673570+08:00, 0, 0.3882286, 1.448889, 1, 1, 1, False
96.84439, 2021-07-05T15:20:49.8732890+08:00, 0, 0.3882286, 1.448889, 1, 1, 1, False
96.85149, 2021-07-05T15:20:49.8803880+08:00, 0, 0.3882286, 1.448889, 1, 1, 1, False
96.85889, 2021-07-05T15:20:49.8877800+08:00, 0, 0.3882286, 1.448889, 1, 1, 1, False
96.86672, 2021-07-05T15:20:49.8955740+08:00, 0, 0.3882286, 1.448889, 1, 1, 1, False
96.87474, 2021-07-05T15:20:49.9035430+08:00, 0, 0.3882286, 1.448889, 1, 1, 1, False
96.88277, 2021-07-05T15:20:49.9116200+08:00, 0, 0.3882286, 1.448889, 1, 1, 1, False
96.8904, 2021-07-05T15:20:49.9192050+08:00, 0, 0.3882286, 1.448889, 1, 1, 1, False
96.89899, 2021-07-05T15:20:49.9278560+08:00, 0, 0.3882286, 1.448889, 1, 1, 1, False
96.90651, 2021-07-05T15:20:49.9353620+08:00, 0, 0.3882286, 1.448889, 1, 1, 1, False
96.91027, 2021-07-05T15:20:49.9390460+08:00, 0, 0.3882286, 1.448889, 1, 1, 1, False
96.91439, 2021-07-05T15:20:49.9431570+08:00, 0, 0.3882286, 1.448889, 1, 1, 1, False
96.91998, 2021-07-05T15:20:49.9487460+08:00, 0, 0.3882286, 1.448889, 1, 1, 1, False
96.92673, 2021-07-05T15:20:49.9556430+08:00, 0, 0.3882286, 1.448889, 1, 1, 1, False
96.9332, 2021-07-05T15:20:49.9619950+08:00, 0, 0.3882286, 1.448889, 1, 1, 1, False
96.9399, 2021-07-05T15:20:49.9687380+08:00, 0, 0.3882286, 1.448889, 1, 1, 1, False
96.94685, 2021-07-05T15:20:49.9757560+08:00, 0, 0.3882286, 1.448889, 1, 1, 1, False
96.95431, 2021-07-05T15:20:49.9831250+08:00, 0, 0.3882286, 1.448889, 1, 1, 1, False
96.96007, 2021-07-05T15:20:49.9889670+08:00, 0, 0.3882286, 1.448889, 1, 1, 1, False
96.96705, 2021-07-05T15:20:49.9959300+08:00, 0, 0.3882286, 1.448889, 1, 1, 1, False
96.97472, 2021-07-05T15:20:50.0035410+08:00, 0, 0.3882286, 1.448889, 1, 1, 1, False
96.98272, 2021-07-05T15:20:50.0115460+08:00, 0, 0.3882286, 1.448889, 1, 1, 1, False
96.99069, 2021-07-05T15:20:50.0195030+08:00, 0, 0.3882286, 1.448889, 1, 1, 1, False
96.99887, 2021-07-05T15:20:50.0276700+08:00, 0, 0.3882286, 1.448889, 1, 1, 1, False
97.00664, 2021-07-05T15:20:50.0354720+08:00, 0, 0.3882286, 1.448889, 1, 1, 1, False
97.01459, 2021-07-05T15:20:50.0434380+08:00, 0, 0.3882286, 1.448889, 1, 1, 1, False
97.02247, 2021-07-05T15:20:50.0513250+08:00, 0, 0.3882286, 1.448889, 1, 1, 1, False
97.02636, 2021-07-05T15:20:50.0551450+08:00, 0, 0.3882286, 1.448889, 1, 1, 1, False
97.03009, 2021-07-05T15:20:50.0588520+08:00, 0, 0.3882286, 1.448889, 1, 1, 1, False
97.03519, 2021-07-05T15:20:50.0640270+08:00, 0, 0.3882286, 1.448889, 1, 1, 1, False
97.04224, 2021-07-05T15:20:50.0711510+08:00, 0, 0.3882286, 1.448889, 1, 1, 1, False
97.04903, 2021-07-05T15:20:50.0778680+08:00, 0, 0.3882286, 1.448889, 1, 1, 1, False
97.05575, 2021-07-05T15:20:50.0845620+08:00, 0, 0.3882286, 1.448889, 1, 1, 1, False
97.0631, 2021-07-05T15:20:50.0919690+08:00, 0, 0.3882286, 1.448889, 1, 1, 1, False
97.07053, 2021-07-05T15:20:50.0993210+08:00, 0, 0.3882286, 1.448889, 1, 1, 1, False
97.0761, 2021-07-05T15:20:50.1049110+08:00, 0, 0.3882286, 1.448889, 1, 1, 1, False
97.08311, 2021-07-05T15:20:50.1119630+08:00, 0, 0.3882286, 1.448889, 1, 1, 1, False
97.09051, 2021-07-05T15:20:50.1193410+08:00, 0, 0.3882286, 1.448889, 1, 1, 1, False
97.09743, 2021-07-05T15:20:50.1262710+08:00, 0, 0.3882286, 1.448889, 1, 1, 1, False
97.10364, 2021-07-05T15:20:50.1324970+08:00, 0, 0.3882286, 1.448889, 1, 1, 1, False
97.11102, 2021-07-05T15:20:50.1398650+08:00, 0, 0.3882286, 1.448889, 1, 1, 1, False
97.11899, 2021-07-05T15:20:50.1478150+08:00, 0, 0.3882286, 1.448889, 1, 1, 1, False
97.12667, 2021-07-05T15:20:50.1555210+08:00, 0, 0.3882286, 1.448889, 1, 1, 1, False
97.13477, 2021-07-05T15:20:50.1635890+08:00, 0, 0.3882286, 1.448889, 1, 1, 1, False
97.13853, 2021-07-05T15:20:50.1673230+08:00, 0, 0.3882286, 1.448889, 1, 1, 1, False
97.1446, 2021-07-05T15:20:50.1734540+08:00, 0, 0.3882286, 1.448889, 1, 1, 1, False
97.15144, 2021-07-05T15:20:50.1803470+08:00, 0, 0.3882286, 1.448889, 1, 1, 1, False
97.1591, 2021-07-05T15:20:50.1879020+08:00, 0, 0.3882286, 1.448889, 1, 1, 1, False
97.1668, 2021-07-05T15:20:50.1956160+08:00, 0, 0.3882286, 1.448889, 1, 1, 1, False
97.17461, 2021-07-05T15:20:50.2034210+08:00, 0, 0.3882286, 1.448889, 1, 1, 1, False
97.17821, 2021-07-05T15:20:50.2069990+08:00, 0, 0.3882286, 1.448889, 1, 1, 1, False
97.18485, 2021-07-05T15:20:50.2137360+08:00, 0, 0.3882286, 1.448889, 1, 1, 1, False
97.19164, 2021-07-05T15:20:50.2204960+08:00, 0, 0.3882286, 1.448889, 1, 1, 1, False
97.19897, 2021-07-05T15:20:50.2277860+08:00, 0, 0.3882286, 1.448889, 1, 1, 1, False
97.20665, 2021-07-05T15:20:50.2354800+08:00, 0, 0.3882286, 1.448889, 1, 1, 1, False
97.21208, 2021-07-05T15:20:50.2409330+08:00, 0, 0.3882286, 1.448889, 1, 1, 1, False
97.21906, 2021-07-05T15:20:50.2479150+08:00, 0, 0.3882286, 1.448889, 1, 1, 1, False
97.22684, 2021-07-05T15:20:50.2557270+08:00, 0, 0.3882286, 1.448889, 1, 1, 1, False
97.23351, 2021-07-05T15:20:50.2623410+08:00, 0, 0.3882286, 1.448889, 1, 1, 1, False
97.23981, 2021-07-05T15:20:50.2686230+08:00, 0, 0.3882286, 1.448889, 1, 1, 1, False
97.24647, 2021-07-05T15:20:50.2753850+08:00, 0, 0.3882286, 1.448889, 1, 1, 1, False
97.25297, 2021-07-05T15:20:50.2818040+08:00, 0, 0.3882286, 1.448889, 1, 1, 1, False
97.25962, 2021-07-05T15:20:50.2884400+08:00, 0, 0.3882286, 1.448889, 1, 1, 1, False
97.26694, 2021-07-05T15:20:50.2958340+08:00, 0, 0.3882286, 1.448889, 1, 1, 1, False
97.27465, 2021-07-05T15:20:50.3034490+08:00, 0, 0.3882286, 1.448889, 1, 1, 1, False
97.28272, 2021-07-05T15:20:50.3115810+08:00, 0, 0.3882286, 1.448889, 1, 1, 1, False
97.29065, 2021-07-05T15:20:50.3194490+08:00, 0, 0.3882286, 1.448889, 1, 1, 1, False
97.29436, 2021-07-05T15:20:50.3231370+08:00, 0, 0.3882286, 1.448889, 1, 1, 1, False
97.30073, 2021-07-05T15:20:50.3296660+08:00, 0, 0.3882286, 1.448889, 1, 1, 1, False
97.30766, 2021-07-05T15:20:50.3364700+08:00, 0, 0.3882286, 1.448889, 1, 1, 1, False
97.31483, 2021-07-05T15:20:50.3436530+08:00, 0, 0.3882286, 1.448889, 1, 1, 1, False
97.3225, 2021-07-05T15:20:50.3513430+08:00, 0, 0.3882286, 1.448889, 1, 1, 1, False
97.32794, 2021-07-05T15:20:50.3567260+08:00, 0, 0.3882286, 1.448889, 1, 1, 1, False
97.33488, 2021-07-05T15:20:50.3637560+08:00, 0, 0.3882286, 1.448889, 1, 1, 1, False
97.34278, 2021-07-05T15:20:50.3716950+08:00, 0, 0.3882286, 1.448889, 1, 1, 1, False
97.37229, 2021-07-05T15:20:50.4011940+08:00, 0, 0.3882286, 1.448889, 1, 1, 1, False
97.37866, 2021-07-05T15:20:50.4074850+08:00, 0, 0.3882286, 1.448889, 1, 1, 1, False
97.38666, 2021-07-05T15:20:50.4154820+08:00, 0, 0.3882286, 1.448889, 1, 1, 1, False
97.39431, 2021-07-05T15:20:50.4231030+08:00, 0, 0.3882286, 1.448889, 1, 1, 1, False
97.39806, 2021-07-05T15:20:50.4268140+08:00, 0, 0.3882286, 1.448889, 1, 1, 1, False
97.40229, 2021-07-05T15:20:50.4310930+08:00, 0, 0.3882286, 1.448889, 1, 1, 1, False
97.40611, 2021-07-05T15:20:50.4348700+08:00, 0, 0.3882286, 1.448889, 1, 1, 1, False
97.41019, 2021-07-05T15:20:50.4389640+08:00, 0, 0.3882286, 1.448889, 1, 1, 1, False
97.41425, 2021-07-05T15:20:50.4430200+08:00, 0, 0.3882286, 1.448889, 1, 1, 1, False
97.41815, 2021-07-05T15:20:50.4469120+08:00, 0, 0.3882286, 1.448889, 1, 1, 1, False
97.42335, 2021-07-05T15:20:50.4522590+08:00, 0, 0.3882286, 1.448889, 1, 1, 1, False
97.43075, 2021-07-05T15:20:50.4595670+08:00, 0, 0.3882286, 1.448889, 1, 1, 1, False
97.43726, 2021-07-05T15:20:50.4661000+08:00, 0, 0.3882286, 1.448889, 1, 1, 1, False
97.44335, 2021-07-05T15:20:50.4722480+08:00, 0, 0.3882286, 1.448889, 1, 1, 1, False
97.45027, 2021-07-05T15:20:50.4791130+08:00, 0, 0.3882286, 1.448889, 1, 1, 1, False
97.45722, 2021-07-05T15:20:50.4860140+08:00, 0, 0.3882286, 1.448889, 1, 1, 1, False
97.46389, 2021-07-05T15:20:50.4927230+08:00, 0, 0.3882286, 1.448889, 1, 1, 1, False
97.47118, 2021-07-05T15:20:50.5000000+08:00, 0, 0.3882286, 1.448889, 1, 1, 1, False
97.47878, 2021-07-05T15:20:50.5075720+08:00, 0, 0.3882286, 1.448889, 1, 1, 1, False
97.48425, 2021-07-05T15:20:50.5131000+08:00, 0, 0.3882286, 1.448889, 1, 1, 1, False
97.49116, 2021-07-05T15:20:50.5199740+08:00, 0, 0.3882286, 1.448889, 1, 1, 1, False
97.49875, 2021-07-05T15:20:50.5276100+08:00, 0, 0.3882286, 1.448889, 1, 1, 1, False
97.50644, 2021-07-05T15:20:50.5352480+08:00, 0, 0.3882286, 1.448889, 1, 1, 1, False
97.51139, 2021-07-05T15:20:50.5402140+08:00, 0, 0.3882286, 1.448889, 1, 1, 1, False
97.51881, 2021-07-05T15:20:50.5476350+08:00, 0, 0.3882286, 1.448889, 1, 1, 1, False
97.52595, 2021-07-05T15:20:50.5548820+08:00, 0, 0.3882286, 1.448889, 1, 1, 1, False
97.53209, 2021-07-05T15:20:50.5609420+08:00, 0, 0.3882286, 1.448889, 1, 1, 1, False
97.5388, 2021-07-05T15:20:50.5676260+08:00, 0, 0.3882286, 1.448889, 1, 1, 1, False
97.54671, 2021-07-05T15:20:50.5755480+08:00, 0, 0.3882286, 1.448889, 1, 1, 1, False
97.55247, 2021-07-05T15:20:50.5813180+08:00, 0, 0.3882286, 1.448889, 1, 1, 1, False
97.55914, 2021-07-05T15:20:50.5880140+08:00, 0, 0.3882286, 1.448889, 1, 1, 1, False
97.56671, 2021-07-05T15:20:50.5956100+08:00, 0, 0.3882286, 1.448889, 1, 1, 1, False
97.57465, 2021-07-05T15:20:50.6034360+08:00, 0, 0.3882286, 1.448889, 1, 1, 1, False
97.57934, 2021-07-05T15:20:50.6081920+08:00, 0, 0.3882286, 1.448889, 1, 1, 1, False
97.58685, 2021-07-05T15:20:50.6157200+08:00, 0, 0.3882286, 1.448889, 1, 1, 1, False
97.59307, 2021-07-05T15:20:50.6219560+08:00, 0, 0.3882286, 1.448889, 1, 1, 1, False
97.59994, 2021-07-05T15:20:50.6288260+08:00, 0, 0.3882286, 1.448889, 1, 1, 1, False
97.60718, 2021-07-05T15:20:50.6360320+08:00, 0, 0.3882286, 1.448889, 1, 1, 1, False
97.61469, 2021-07-05T15:20:50.6435230+08:00, 0, 0.3882286, 1.448889, 1, 1, 1, False
97.6224, 2021-07-05T15:20:50.6512400+08:00, 0, 0.3882286, 1.448889, 1, 1, 1, False
97.62779, 2021-07-05T15:20:50.6565890+08:00, 0, 0.3882286, 1.448889, 1, 1, 1, False
97.63484, 2021-07-05T15:20:50.6636730+08:00, 0, 0.3882286, 1.448889, 1, 1, 1, False
97.64297, 2021-07-05T15:20:50.6718220+08:00, 0, 0.3882286, 1.448889, 1, 1, 1, False
97.6504, 2021-07-05T15:20:50.6792000+08:00, 0, 0.3882286, 1.448889, 1, 1, 1, False
97.65893, 2021-07-05T15:20:50.6878040+08:00, 0, 0.3882286, 1.448889, 1, 1, 1, False
97.66693, 2021-07-05T15:20:50.6958130+08:00, 0, 0.3882286, 1.448889, 1, 1, 1, False
97.67439, 2021-07-05T15:20:50.7032030+08:00, 0, 0.3882286, 1.448889, 1, 1, 1, False
97.67815, 2021-07-05T15:20:50.7069340+08:00, 0, 0.3882286, 1.448889, 1, 1, 1, False
97.68249, 2021-07-05T15:20:50.7113050+08:00, 0, 0.3882286, 1.448889, 1, 1, 1, False
97.68889, 2021-07-05T15:20:50.7177160+08:00, 0, 0.3882286, 1.448889, 1, 1, 1, False
97.69587, 2021-07-05T15:20:50.7277730+08:00, 0, 0.3882286, 1.448889, 1, 1, 1, False
97.7066, 2021-07-05T15:20:50.7400770+08:00, 0, 0.3882286, 1.448889, 1, 1, 1, False
97.71857, 2021-07-05T15:20:50.7473700+08:00, 0, 0.3882286, 1.448889, 1, 1, 1, False
97.72199, 2021-07-05T15:20:50.7508050+08:00, 0, 0.3882286, 1.448889, 1, 1, 1, False
97.72613, 2021-07-05T15:20:50.7548730+08:00, 0, 0.3882286, 1.448889, 1, 1, 1, False
97.73035, 2021-07-05T15:20:50.7591740+08:00, 0, 0.3882286, 1.448889, 1, 1, 1, False
97.73788, 2021-07-05T15:20:50.7666920+08:00, 0, 0.3882286, 1.448889, 1, 1, 1, False
97.74417, 2021-07-05T15:20:50.7731420+08:00, 0, 0.3882286, 1.448889, 1, 1, 1, False
97.75104, 2021-07-05T15:20:50.7798910+08:00, 0, 0.3882286, 1.448889, 1, 1, 1, False
97.75879, 2021-07-05T15:20:50.7876110+08:00, 0, 0.3882286, 1.448889, 1, 1, 1, False
97.76692, 2021-07-05T15:20:50.7957960+08:00, 0, 0.3882286, 1.448889, 1, 1, 1, False
97.77448, 2021-07-05T15:20:50.8032800+08:00, 0, 0.3882286, 1.448889, 1, 1, 1, False
97.77885, 2021-07-05T15:20:50.8076460+08:00, 0, 0.3882286, 1.448889, 1, 1, 1, False
97.78521, 2021-07-05T15:20:50.8141120+08:00, 0, 0.3882286, 1.448889, 1, 1, 1, False
97.79208, 2021-07-05T15:20:50.8209200+08:00, 0, 0.3882286, 1.448889, 1, 1, 1, False
97.79884, 2021-07-05T15:20:50.8276560+08:00, 0, 0.3882286, 1.448889, 1, 1, 1, False
97.80656, 2021-07-05T15:20:50.8354670+08:00, 0, 0.3882286, 1.448889, 1, 1, 1, False
97.81245, 2021-07-05T15:20:50.8412840+08:00, 0, 0.3882286, 1.448889, 1, 1, 1, False
97.81925, 2021-07-05T15:20:50.8481200+08:00, 0, 0.3882286, 1.448889, 1, 1, 1, False
97.82671, 2021-07-05T15:20:50.8555840+08:00, 0, 0.3882286, 1.448889, 1, 1, 1, False
97.83303, 2021-07-05T15:20:50.8618690+08:00, 0, 0.3882286, 1.448889, 1, 1, 1, False
97.84023, 2021-07-05T15:20:50.8691080+08:00, 0, 0.3882286, 1.448889, 1, 1, 1, False
97.84638, 2021-07-05T15:20:50.8752220+08:00, 0, 0.3882286, 1.448889, 1, 1, 1, False
97.85331, 2021-07-05T15:20:50.8821640+08:00, 0, 0.3882286, 1.448889, 1, 1, 1, False
97.85995, 2021-07-05T15:20:50.8887780+08:00, 0, 0.3882286, 1.448889, 1, 1, 1, False
97.86682, 2021-07-05T15:20:50.8957520+08:00, 0, 0.3882286, 1.448889, 1, 1, 1, False
97.8744, 2021-07-05T15:20:50.9032140+08:00, 0, 0.3882286, 1.448889, 1, 1, 1, False
97.88051, 2021-07-05T15:20:50.9093760+08:00, 0, 0.3882286, 1.448889, 1, 1, 1, False
97.88731, 2021-07-05T15:20:50.9161730+08:00, 0, 0.3882286, 1.448889, 1, 1, 1, False
97.89482, 2021-07-05T15:20:50.9236390+08:00, 0, 0.3882286, 1.448889, 1, 1, 1, False
97.90112, 2021-07-05T15:20:50.9300080+08:00, 0, 0.3882286, 1.448889, 1, 1, 1, False
97.90854, 2021-07-05T15:20:50.9373670+08:00, 0, 0.3882286, 1.448889, 1, 1, 1, False
97.91474, 2021-07-05T15:20:50.9435830+08:00, 0, 0.3882286, 1.448889, 1, 1, 1, False
97.92163, 2021-07-05T15:20:50.9504930+08:00, 0, 0.3882286, 1.448889, 1, 1, 1, False
97.92835, 2021-07-05T15:20:50.9571710+08:00, 0, 0.3882286, 1.448889, 1, 1, 1, False
97.9353, 2021-07-05T15:20:50.9641280+08:00, 0, 0.3882286, 1.448889, 1, 1, 1, False
97.94286, 2021-07-05T15:20:50.9717230+08:00, 0, 0.3882286, 1.448889, 1, 1, 1, False
97.94888, 2021-07-05T15:20:50.9776850+08:00, 0, 0.3882286, 1.448889, 1, 1, 1, False
97.95552, 2021-07-05T15:20:50.9843290+08:00, 0, 0.3882286, 1.448889, 1, 1, 1, False
97.96271, 2021-07-05T15:20:50.9916080+08:00, 0, 0.3882286, 1.448889, 1, 1, 1, False
97.96899, 2021-07-05T15:20:50.9978610+08:00, 0, 0.3882286, 1.448889, 1, 1, 1, False
97.9765, 2021-07-05T15:20:51.0053250+08:00, 0, 0.3882286, 1.448889, 1, 1, 1, False
97.98275, 2021-07-05T15:20:51.0116800+08:00, 0, 0.3882286, 1.448889, 1, 1, 1, False
97.99107, 2021-07-05T15:20:51.0199360+08:00, 0, 0.3882286, 1.448889, 1, 1, 1, False
97.99873, 2021-07-05T15:20:51.0275190+08:00, 0, 0.3882286, 1.448889, 1, 1, 1, False
98.00614, 2021-07-05T15:20:51.0350000+08:00, 0, 0.3882286, 1.448889, 1, 1, 1, False
98.01042, 2021-07-05T15:20:51.0392280+08:00, 0, 0.3882286, 1.448889, 1, 1, 1, False
98.01704, 2021-07-05T15:20:51.0459110+08:00, 0, 0.3882286, 1.448889, 1, 1, 1, False
98.02454, 2021-07-05T15:20:51.0534080+08:00, 0, 0.3882286, 1.448889, 1, 1, 1, False
98.03063, 2021-07-05T15:20:51.0594540+08:00, 0, 0.3882286, 1.448889, 1, 1, 1, False
98.03786, 2021-07-05T15:20:51.0666720+08:00, 0, 0.3882286, 1.448889, 1, 1, 1, False
98.04396, 2021-07-05T15:20:51.0728050+08:00, 0, 0.3882286, 1.448889, 1, 1, 1, False
98.05101, 2021-07-05T15:20:51.0799230+08:00, 0, 0.3882286, 1.448889, 1, 1, 1, False
98.05865, 2021-07-05T15:20:51.0874790+08:00, 0, 0.3882286, 1.448889, 1, 1, 1, False
98.06483, 2021-07-05T15:20:51.0936790+08:00, 0, 0.3882286, 1.448889, 1, 1, 1, False
98.07159, 2021-07-05T15:20:51.1004310+08:00, 0, 0.3882286, 1.448889, 1, 1, 1, False
98.079, 2021-07-05T15:20:51.1078180+08:00, 0, 0.3882286, 1.448889, 1, 1, 1, False
98.08518, 2021-07-05T15:20:51.1141130+08:00, 0, 0.3882286, 1.448889, 1, 1, 1, False
98.09212, 2021-07-05T15:20:51.1209880+08:00, 0, 0.3882286, 1.448889, 1, 1, 1, False
98.09879, 2021-07-05T15:20:51.1276920+08:00, 0, 0.3882286, 1.448889, 1, 1, 1, False
98.10657, 2021-07-05T15:20:51.1354270+08:00, 0, 0.3882286, 1.448889, 1, 1, 1, False
98.11243, 2021-07-05T15:20:51.1412640+08:00, 0, 0.3882286, 1.448889, 1, 1, 1, False
98.1195, 2021-07-05T15:20:51.1483440+08:00, 0, 0.3882286, 1.448889, 1, 1, 1, False
98.12691, 2021-07-05T15:20:51.1558010+08:00, 0, 0.3882286, 1.448889, 1, 1, 1, False
98.13464, 2021-07-05T15:20:51.1635140+08:00, 0, 0.3882286, 1.448889, 1, 1, 1, False
98.14291, 2021-07-05T15:20:51.1717780+08:00, 0, 0.3882286, 1.448889, 1, 1, 1, False
98.15033, 2021-07-05T15:20:51.1791150+08:00, 0, 0.3882286, 1.448889, 1, 1, 1, False
98.15419, 2021-07-05T15:20:51.1829860+08:00, 0, 0.3882286, 1.448889, 1, 1, 1, False
98.15984, 2021-07-05T15:20:51.1886600+08:00, 0, 0.3882286, 1.448889, 1, 1, 1, False
98.16683, 2021-07-05T15:20:51.1957100+08:00, 0, 0.3882286, 1.448889, 1, 1, 1, False
98.17458, 2021-07-05T15:20:51.2033890+08:00, 0, 0.3882286, 1.448889, 1, 1, 1, False
98.18055, 2021-07-05T15:20:51.2094080+08:00, 0, 0.3882286, 1.448889, 1, 1, 1, False
98.18728, 2021-07-05T15:20:51.2160830+08:00, 0, 0.3882286, 1.448889, 1, 1, 1, False
98.1937, 2021-07-05T15:20:51.2225310+08:00, 0, 0.3882286, 1.448889, 1, 1, 1, False
98.20058, 2021-07-05T15:20:51.2295220+08:00, 0, 0.3882286, 1.448889, 1, 1, 1, False
98.20731, 2021-07-05T15:20:51.2361720+08:00, 0, 0.3882286, 1.448889, 1, 1, 1, False
98.21456, 2021-07-05T15:20:51.2434460+08:00, 0, 0.3882286, 1.448889, 1, 1, 1, False
98.22087, 2021-07-05T15:20:51.2498930+08:00, 0, 0.3882286, 1.448889, 1, 1, 1, False
98.2285, 2021-07-05T15:20:51.2573370+08:00, 0, 0.3882286, 1.448889, 1, 1, 1, False
98.2347, 2021-07-05T15:20:51.2635990+08:00, 0, 0.3882286, 1.448889, 1, 1, 1, False
98.24173, 2021-07-05T15:20:51.2706440+08:00, 0, 0.3882286, 1.448889, 1, 1, 1, False
98.24876, 2021-07-05T15:20:51.2776440+08:00, 0, 0.3882286, 1.448889, 1, 1, 1, False
98.27145, 2021-07-05T15:20:51.3003020+08:00, 0, 0.3882286, 1.448889, 1, 1, 1, False
98.27869, 2021-07-05T15:20:51.3075230+08:00, 0, 0.3882286, 1.448889, 1, 1, 1, False
98.28247, 2021-07-05T15:20:51.3113180+08:00, 0, 0.3882286, 1.448889, 1, 1, 1, False
98.28609, 2021-07-05T15:20:51.3148820+08:00, 0, 0.3882286, 1.448889, 1, 1, 1, False
98.29018, 2021-07-05T15:20:51.3189510+08:00, 0, 0.3882286, 1.448889, 1, 1, 1, False
98.29417, 2021-07-05T15:20:51.3229470+08:00, 0, 0.3882286, 1.448889, 1, 1, 1, False
98.29814, 2021-07-05T15:20:51.3269080+08:00, 0, 0.3882286, 1.448889, 1, 1, 1, False
98.30276, 2021-07-05T15:20:51.3315800+08:00, 0, 0.3882286, 1.448889, 1, 1, 1, False
98.3091, 2021-07-05T15:20:51.3380230+08:00, 0, 0.3882286, 1.448889, 1, 1, 1, False
98.3162, 2021-07-05T15:20:51.3450780+08:00, 0, 0.3882286, 1.448889, 1, 1, 1, False
98.3231, 2021-07-05T15:20:51.3519650+08:00, 0, 0.3882286, 1.448889, 1, 1, 1, False
98.32986, 2021-07-05T15:20:51.3586880+08:00, 0, 0.3882286, 1.448889, 1, 1, 1, False
98.33698, 2021-07-05T15:20:51.3658740+08:00, 0, 0.3882286, 1.448889, 1, 1, 1, False
98.34386, 2021-07-05T15:20:51.3726930+08:00, 0, 0.3882286, 1.448889, 1, 1, 1, False
98.35091, 2021-07-05T15:20:51.3797370+08:00, 0, 0.3882286, 1.448889, 1, 1, 1, False
98.3578, 2021-07-05T15:20:51.3866370+08:00, 0, 0.3882286, 1.448889, 1, 1, 1, False
98.3645, 2021-07-05T15:20:51.3934300+08:00, 0, 0.3882286, 1.448889, 1, 1, 1, False
98.37155, 2021-07-05T15:20:51.4003950+08:00, 0, 0.3882286, 1.448889, 1, 1, 1, False
98.37875, 2021-07-05T15:20:51.4075900+08:00, 0, 0.3882286, 1.448889, 1, 1, 1, False
98.38515, 2021-07-05T15:20:51.4140790+08:00, 0, 0.3882286, 1.448889, 1, 1, 1, False
98.39191, 2021-07-05T15:20:51.4207780+08:00, 0, 0.3882286, 1.448889, 1, 1, 1, False
98.39866, 2021-07-05T15:20:51.4275100+08:00, 0, 0.3882286, 1.448889, 1, 1, 1, False
98.40548, 2021-07-05T15:20:51.4343540+08:00, 0, 0.3882286, 1.448889, 1, 1, 1, False
98.41222, 2021-07-05T15:20:51.4410540+08:00, 0, 0.3882286, 1.448889, 1, 1, 1, False
98.41914, 2021-07-05T15:20:51.4480030+08:00, 0, 0.3882286, 1.448889, 1, 1, 1, False
98.42667, 2021-07-05T15:20:51.4555060+08:00, 0, 0.3882286, 1.448889, 1, 1, 1, False
98.43293, 2021-07-05T15:20:51.4617730+08:00, 0, 0.3882286, 1.448889, 1, 1, 1, False
98.44004, 2021-07-05T15:20:51.4688920+08:00, 0, 0.3882286, 1.448889, 1, 1, 1, False
98.44662, 2021-07-05T15:20:51.4754330+08:00, 0, 0.3882286, 1.448889, 1, 1, 1, False
98.45303, 2021-07-05T15:20:51.4819200+08:00, 0, 0.3882286, 1.448889, 1, 1, 1, False
98.45991, 2021-07-05T15:20:51.4887840+08:00, 0, 0.3882286, 1.448889, 1, 1, 1, False
98.467, 2021-07-05T15:20:51.4959020+08:00, 0, 0.3882286, 1.448889, 1, 1, 1, False
98.47433, 2021-07-05T15:20:51.5031500+08:00, 0, 0.3882286, 1.448889, 1, 1, 1, False
98.48028, 2021-07-05T15:20:51.5091740+08:00, 0, 0.3882286, 1.448889, 1, 1, 1, False
98.48707, 2021-07-05T15:20:51.5159340+08:00, 0, 0.3882286, 1.448889, 1, 1, 1, False
98.4946, 2021-07-05T15:20:51.5234340+08:00, 0, 0.3882286, 1.448889, 1, 1, 1, False
98.50092, 2021-07-05T15:20:51.5298550+08:00, 0, 0.3882286, 1.448889, 1, 1, 1, False
98.50774, 2021-07-05T15:20:51.5365710+08:00, 0, 0.3882286, 1.448889, 1, 1, 1, False
98.51475, 2021-07-05T15:20:51.5436510+08:00, 0, 0.3882286, 1.448889, 1, 1, 1, False
98.52242, 2021-07-05T15:20:51.5512750+08:00, 0, 0.3882286, 1.448889, 1, 1, 1, False
98.52834, 2021-07-05T15:20:51.5571510+08:00, 0, 0.3882286, 1.448889, 1, 1, 1, False
98.53458, 2021-07-05T15:20:51.5634810+08:00, 0, 0.3882286, 1.448889, 1, 1, 1, False
98.54158, 2021-07-05T15:20:51.5704520+08:00, 0, 0.3882286, 1.448889, 1, 1, 1, False
98.54883, 2021-07-05T15:20:51.5776380+08:00, 0, 0.3882286, 1.448889, 1, 1, 1, False
98.55572, 2021-07-05T15:20:51.5845310+08:00, 0, 0.3882286, 1.448889, 1, 1, 1, False
98.56252, 2021-07-05T15:20:51.5914030+08:00, 0, 0.3882286, 1.448889, 1, 1, 1, False
98.56908, 2021-07-05T15:20:51.5979870+08:00, 0, 0.3882286, 1.448889, 1, 1, 1, False
98.57661, 2021-07-05T15:20:51.6054400+08:00, 0, 0.3882286, 1.448889, 1, 1, 1, False
98.58292, 2021-07-05T15:20:51.6117600+08:00, 0, 0.3882286, 1.448889, 1, 1, 1, False
98.59052, 2021-07-05T15:20:51.6193500+08:00, 0, 0.3882286, 1.448889, 1, 1, 1, False
98.59704, 2021-07-05T15:20:51.6258500+08:00, 0, 0.3882286, 1.448889, 1, 1, 1, False
98.60331, 2021-07-05T15:20:51.6322290+08:00, 0, 0.3882286, 1.448889, 1, 1, 1, False
98.61056, 2021-07-05T15:20:51.6393590+08:00, 0, 0.3882286, 1.448889, 1, 1, 1, False
98.61707, 2021-07-05T15:20:51.6458820+08:00, 0, 0.3882286, 1.448889, 1, 1, 1, False
98.62435, 2021-07-05T15:20:51.6532500+08:00, 0, 0.3882286, 1.448889, 1, 1, 1, False
98.63074, 2021-07-05T15:20:51.6595420+08:00, 0, 0.3882286, 1.448889, 1, 1, 1, False
98.63758, 2021-07-05T15:20:51.6664530+08:00, 0, 0.3882286, 1.448889, 1, 1, 1, False
98.64515, 2021-07-05T15:20:51.6740100+08:00, 0, 0.3882286, 1.448889, 1, 1, 1, False
98.65148, 2021-07-05T15:20:51.6803510+08:00, 0, 0.3882286, 1.448889, 1, 1, 1, False
98.65878, 2021-07-05T15:20:51.6876070+08:00, 0, 0.3882286, 1.448889, 1, 1, 1, False
98.66472, 2021-07-05T15:20:51.6936200+08:00, 0, 0.3882286, 1.448889, 1, 1, 1, False
98.67169, 2021-07-05T15:20:51.7005480+08:00, 0, 0.3882286, 1.448889, 1, 1, 1, False
98.67878, 2021-07-05T15:20:51.7076060+08:00, 0, 0.3882286, 1.448889, 1, 1, 1, False
98.68531, 2021-07-05T15:20:51.7142110+08:00, 0, 0.3882286, 1.448889, 1, 1, 1, False
98.69207, 2021-07-05T15:20:51.7209070+08:00, 0, 0.3882286, 1.448889, 1, 1, 1, False
98.69894, 2021-07-05T15:20:51.7277830+08:00, 0, 0.3882286, 1.448889, 1, 1, 1, False
98.70563, 2021-07-05T15:20:51.7344970+08:00, 0, 0.3882286, 1.448889, 1, 1, 1, False
98.71243, 2021-07-05T15:20:51.7412740+08:00, 0, 0.3882286, 1.448889, 1, 1, 1, False
98.71934, 2021-07-05T15:20:51.7482230+08:00, 0, 0.3882286, 1.448889, 1, 1, 1, False
98.7268, 2021-07-05T15:20:51.7556810+08:00, 0, 0.3882286, 1.448889, 1, 1, 1, False
98.73317, 2021-07-05T15:20:51.7620670+08:00, 0, 0.3882286, 1.448889, 1, 1, 1, False
98.74036, 2021-07-05T15:20:51.7692370+08:00, 0, 0.3882286, 1.448889, 1, 1, 1, False
98.74675, 2021-07-05T15:20:51.7755730+08:00, 0, 0.3882286, 1.448889, 1, 1, 1, False
98.7534, 2021-07-05T15:20:51.7823050+08:00, 0, 0.3882286, 1.448889, 1, 1, 1, False
98.76016, 2021-07-05T15:20:51.7890220+08:00, 0, 0.3882286, 1.448889, 1, 1, 1, False
98.76701, 2021-07-05T15:20:51.7959080+08:00, 0, 0.3882286, 1.448889, 1, 1, 1, False
98.77466, 2021-07-05T15:20:51.8035020+08:00, 0, 0.3882286, 1.448889, 1, 1, 1, False
98.78281, 2021-07-05T15:20:51.8116560+08:00, 0, 0.3882286, 1.448889, 1, 1, 1, False
98.79073, 2021-07-05T15:20:51.8195570+08:00, 0, 0.3882286, 1.448889, 1, 1, 1, False
98.79881, 2021-07-05T15:20:51.8276280+08:00, 0, 0.3882286, 1.448889, 1, 1, 1, False
98.80682, 2021-07-05T15:20:51.8357300+08:00, 0, 0.3882286, 1.448889, 1, 1, 1, False
98.81429, 2021-07-05T15:20:51.8488340+08:00, 0, 0.3882286, 1.448889, 1, 1, 1, False
98.82659, 2021-07-05T15:20:51.8554120+08:00, 0, 0.3882286, 1.448889, 1, 1, 1, False
98.83006, 2021-07-05T15:20:51.8588310+08:00, 0, 0.3882286, 1.448889, 1, 1, 1, False
98.83431, 2021-07-05T15:20:51.8630910+08:00, 0, 0.3882286, 1.448889, 1, 1, 1, False
98.84238, 2021-07-05T15:20:51.8711930+08:00, 0, 0.3882286, 1.448889, 1, 1, 1, False
98.84604, 2021-07-05T15:20:51.8748070+08:00, 0, 0.3882286, 1.448889, 1, 1, 1, False
98.85023, 2021-07-05T15:20:51.8790090+08:00, 0, 0.3882286, 1.448889, 1, 1, 1, False
98.86788, 2021-07-05T15:20:51.8967210+08:00, 0, 0.3882286, 1.448889, 1, 1, 1, False
98.87472, 2021-07-05T15:20:51.9035600+08:00, 0, 0.3882286, 1.448889, 1, 1, 1, False
98.87805, 2021-07-05T15:20:51.9068330+08:00, 0, 0.3882286, 1.448889, 1, 1, 1, False
98.88224, 2021-07-05T15:20:51.9110470+08:00, 0, 0.3882286, 1.448889, 1, 1, 1, False
98.88615, 2021-07-05T15:20:51.9149010+08:00, 0, 0.3882286, 1.448889, 1, 1, 1, False
98.89084, 2021-07-05T15:20:51.9197290+08:00, 0, 0.3882286, 1.448889, 1, 1, 1, False
98.89817, 2021-07-05T15:20:51.9269880+08:00, 0, 0.3882286, 1.448889, 1, 1, 1, False
98.90456, 2021-07-05T15:20:51.9335030+08:00, 0, 0.3882286, 1.448889, 1, 1, 1, False
98.91167, 2021-07-05T15:20:51.9404820+08:00, 0, 0.3882286, 1.448889, 1, 1, 1, False
98.91917, 2021-07-05T15:20:51.9479950+08:00, 0, 0.3882286, 1.448889, 1, 1, 1, False
98.92554, 2021-07-05T15:20:51.9545150+08:00, 0, 0.3882286, 1.448889, 1, 1, 1, False
98.9331, 2021-07-05T15:20:51.9619010+08:00, 0, 0.3882286, 1.448889, 1, 1, 1, False
98.93933, 2021-07-05T15:20:51.9682440+08:00, 0, 0.3882286, 1.448889, 1, 1, 1, False
98.94622, 2021-07-05T15:20:51.9750750+08:00, 0, 0.3882286, 1.448889, 1, 1, 1, False
98.95296, 2021-07-05T15:20:51.9818340+08:00, 0, 0.3882286, 1.448889, 1, 1, 1, False
98.96069, 2021-07-05T15:20:51.9895500+08:00, 0, 0.3882286, 1.448889, 1, 1, 1, False
98.96697, 2021-07-05T15:20:51.9959350+08:00, 0, 0.3882286, 1.448889, 1, 1, 1, False
98.97468, 2021-07-05T15:20:52.0034800+08:00, 0, 0.3882286, 1.448889, 1, 1, 1, False
98.98084, 2021-07-05T15:20:52.0096900+08:00, 0, 0.3882286, 1.448889, 1, 1, 1, False
98.98782, 2021-07-05T15:20:52.0167200+08:00, 0, 0.3882286, 1.448889, 1, 1, 1, False
98.99465, 2021-07-05T15:20:52.0235110+08:00, 0, 0.3882286, 1.448889, 1, 1, 1, False
99.00161, 2021-07-05T15:20:52.0305490+08:00, 0, 0.3882286, 1.448889, 1, 1, 1, False
99.00847, 2021-07-05T15:20:52.0373440+08:00, 0, 0.3882286, 1.448889, 1, 1, 1, False
99.01541, 2021-07-05T15:20:52.0442500+08:00, 0, 0.3882286, 1.448889, 1, 1, 1, False
99.02242, 2021-07-05T15:20:52.0513700+08:00, 0, 0.3882286, 1.448889, 1, 1, 1, False
99.02988, 2021-07-05T15:20:52.0586910+08:00, 0, 0.3882286, 1.448889, 1, 1, 1, False
99.03624, 2021-07-05T15:20:52.0651590+08:00, 0, 0.3882286, 1.448889, 1, 1, 1, False
99.04315, 2021-07-05T15:20:52.0720300+08:00, 0, 0.3882286, 1.448889, 1, 1, 1, False
99.05004, 2021-07-05T15:20:52.0789370+08:00, 0, 0.3882286, 1.448889, 1, 1, 1, False
99.05704, 2021-07-05T15:20:52.0858460+08:00, 0, 0.3882286, 1.448889, 1, 1, 1, False
99.06393, 2021-07-05T15:20:52.0927800+08:00, 0, 0.3882286, 1.448889, 1, 1, 1, False
99.07101, 2021-07-05T15:20:52.1000400+08:00, 0, 0.3882286, 1.448889, 1, 1, 1, False
99.07864, 2021-07-05T15:20:52.1074460+08:00, 0, 0.3882286, 1.448889, 1, 1, 1, False
99.08504, 2021-07-05T15:20:52.1140100+08:00, 0, 0.3882286, 1.448889, 1, 1, 1, False
99.09187, 2021-07-05T15:20:52.1207120+08:00, 0, 0.3882286, 1.448889, 1, 1, 1, False
99.09921, 2021-07-05T15:20:52.1280170+08:00, 0, 0.3882286, 1.448889, 1, 1, 1, False
99.10561, 2021-07-05T15:20:52.1345810+08:00, 0, 0.3882286, 1.448889, 1, 1, 1, False
99.11258, 2021-07-05T15:20:52.1414130+08:00, 0, 0.3882286, 1.448889, 1, 1, 1, False
99.11964, 2021-07-05T15:20:52.1485450+08:00, 0, 0.3882286, 1.448889, 1, 1, 1, False
99.12727, 2021-07-05T15:20:52.1561200+08:00, 0, 0.3882286, 1.448889, 1, 1, 1, False
99.1484, 2021-07-05T15:20:52.1772290+08:00, 0, 0.3882286, 1.448889, 1, 1, 1, False
99.15446, 2021-07-05T15:20:52.1832620+08:00, 0, 0.3882286, 1.448889, 1, 1, 1, False
99.1581, 2021-07-05T15:20:52.1869480+08:00, 0, 0.3882286, 1.448889, 1, 1, 1, False
99.16209, 2021-07-05T15:20:52.1909250+08:00, 0, 0.3882286, 1.448889, 1, 1, 1, False
99.16603, 2021-07-05T15:20:52.1947990+08:00, 0, 0.3882286, 1.448889, 1, 1, 1, False
99.17001, 2021-07-05T15:20:52.1987730+08:00, 0, 0.3882286, 1.448889, 1, 1, 1, False
99.17539, 2021-07-05T15:20:52.2042310+08:00, 0, 0.3882286, 1.448889, 1, 1, 1, False
99.18262, 2021-07-05T15:20:52.2114420+08:00, 0, 0.3882286, 1.448889, 1, 1, 1, False
99.18968, 2021-07-05T15:20:52.2184920+08:00, 0, 0.3882286, 1.448889, 1, 1, 1, False
99.19595, 2021-07-05T15:20:52.2248720+08:00, 0, 0.3882286, 1.448889, 1, 1, 1, False
99.2029, 2021-07-05T15:20:52.2317600+08:00, 0, 0.3882286, 1.448889, 1, 1, 1, False
99.20945, 2021-07-05T15:20:52.2383900+08:00, 0, 0.3882286, 1.448889, 1, 1, 1, False
99.21667, 2021-07-05T15:20:52.2455110+08:00, 0, 0.3882286, 1.448889, 1, 1, 1, False
99.22366, 2021-07-05T15:20:52.2525080+08:00, 0, 0.3882286, 1.448889, 1, 1, 1, False
99.23075, 2021-07-05T15:20:52.2595420+08:00, 0, 0.3882286, 1.448889, 1, 1, 1, False
99.2373, 2021-07-05T15:20:52.2661960+08:00, 0, 0.3882286, 1.448889, 1, 1, 1, False
99.24496, 2021-07-05T15:20:52.2738090+08:00, 0, 0.3882286, 1.448889, 1, 1, 1, False
99.25138, 2021-07-05T15:20:52.2803130+08:00, 0, 0.3882286, 1.448889, 1, 1, 1, False
99.25863, 2021-07-05T15:20:52.2874300+08:00, 0, 0.3882286, 1.448889, 1, 1, 1, False
99.26492, 2021-07-05T15:20:52.2938820+08:00, 0, 0.3882286, 1.448889, 1, 1, 1, False
99.27199, 2021-07-05T15:20:52.3008970+08:00, 0, 0.3882286, 1.448889, 1, 1, 1, False
99.27879, 2021-07-05T15:20:52.3076470+08:00, 0, 0.3882286, 1.448889, 1, 1, 1, False
99.28585, 2021-07-05T15:20:52.3147740+08:00, 0, 0.3882286, 1.448889, 1, 1, 1, False
99.29261, 2021-07-05T15:20:52.3214700+08:00, 0, 0.3882286, 1.448889, 1, 1, 1, False
99.29964, 2021-07-05T15:20:52.3284630+08:00, 0, 0.3882286, 1.448889, 1, 1, 1, False
99.30656, 2021-07-05T15:20:52.3354950+08:00, 0, 0.3882286, 1.448889, 1, 1, 1, False
99.31347, 2021-07-05T15:20:52.3423060+08:00, 0, 0.3882286, 1.448889, 1, 1, 1, False
99.32056, 2021-07-05T15:20:52.3506670+08:00, 0, 0.3882286, 1.448889, 1, 1, 1, False
99.32787, 2021-07-05T15:20:52.3566930+08:00, 0, 0.3882286, 1.448889, 1, 1, 1, False
99.33478, 2021-07-05T15:20:52.3635840+08:00, 0, 0.3882286, 1.448889, 1, 1, 1, False
99.34119, 2021-07-05T15:20:52.3700290+08:00, 0, 0.3882286, 1.448889, 1, 1, 1, False
99.3524, 2021-07-05T15:20:52.3812330+08:00, 0, 0.3882286, 1.448889, 1, 1, 1, False
99.3585, 2021-07-05T15:20:52.3873220+08:00, 0, 0.3882286, 1.448889, 1, 1, 1, False
99.36243, 2021-07-05T15:20:52.3912700+08:00, 0, 0.3882286, 1.448889, 1, 1, 1, False
99.3685, 2021-07-05T15:20:52.3973780+08:00, 0, 0.3882286, 1.448889, 1, 1, 1, False
99.37559, 2021-07-05T15:20:52.4044180+08:00, 0, 0.3882286, 1.448889, 1, 1, 1, False
99.38225, 2021-07-05T15:20:52.4111040+08:00, 0, 0.3882286, 1.448889, 1, 1, 1, False
99.38902, 2021-07-05T15:20:52.4178830+08:00, 0, 0.3882286, 1.448889, 1, 1, 1, False
99.39646, 2021-07-05T15:20:52.4253240+08:00, 0, 0.3882286, 1.448889, 1, 1, 1, False
99.40291, 2021-07-05T15:20:52.4318530+08:00, 0, 0.3882286, 1.448889, 1, 1, 1, False
99.40981, 2021-07-05T15:20:52.4386830+08:00, 0, 0.3882286, 1.448889, 1, 1, 1, False
99.41653, 2021-07-05T15:20:52.4454150+08:00, 0, 0.3882286, 1.448889, 1, 1, 1, False
99.42352, 2021-07-05T15:20:52.4523990+08:00, 0, 0.3882286, 1.448889, 1, 1, 1, False
99.4309, 2021-07-05T15:20:52.4597580+08:00, 0, 0.3882286, 1.448889, 1, 1, 1, False
99.43853, 2021-07-05T15:20:52.4673530+08:00, 0, 0.3882286, 1.448889, 1, 1, 1, False
99.44458, 2021-07-05T15:20:52.4734530+08:00, 0, 0.3882286, 1.448889, 1, 1, 1, False
99.45097, 2021-07-05T15:20:52.4798300+08:00, 0, 0.3882286, 1.448889, 1, 1, 1, False
99.45852, 2021-07-05T15:20:52.4873830+08:00, 0, 0.3882286, 1.448889, 1, 1, 1, False
99.46679, 2021-07-05T15:20:52.4956660+08:00, 0, 0.3882286, 1.448889, 1, 1, 1, False
99.47434, 2021-07-05T15:20:52.5031950+08:00, 0, 0.3882286, 1.448889, 1, 1, 1, False
99.47832, 2021-07-05T15:20:52.5071660+08:00, 0, 0.3882286, 1.448889, 1, 1, 1, False
99.48483, 2021-07-05T15:20:52.5137750+08:00, 0, 0.3882286, 1.448889, 1, 1, 1, False
99.49245, 2021-07-05T15:20:52.5213120+08:00, 0, 0.3882286, 1.448889, 1, 1, 1, False
99.49874, 2021-07-05T15:20:52.5275690+08:00, 0, 0.3882286, 1.448889, 1, 1, 1, False
99.50677, 2021-07-05T15:20:52.5356200+08:00, 0, 0.3882286, 1.448889, 1, 1, 1, False
99.51471, 2021-07-05T15:20:52.5435420+08:00, 0, 0.3882286, 1.448889, 1, 1, 1, False
99.52277, 2021-07-05T15:20:52.5516480+08:00, 0, 0.3882286, 1.448889, 1, 1, 1, False
99.53084, 2021-07-05T15:20:52.5596660+08:00, 0, 0.3882286, 1.448889, 1, 1, 1, False
99.53841, 2021-07-05T15:20:52.5672190+08:00, 0, 0.3882286, 1.448889, 1, 1, 1, False
99.54202, 2021-07-05T15:20:52.5708430+08:00, 0, 0.3882286, 1.448889, 1, 1, 1, False
99.54625, 2021-07-05T15:20:52.5750990+08:00, 0, 0.3882286, 1.448889, 1, 1, 1, False
99.55325, 2021-07-05T15:20:52.5820920+08:00, 0, 0.3882286, 1.448889, 1, 1, 1, False
99.56007, 2021-07-05T15:20:52.5890040+08:00, 0, 0.3882286, 1.448889, 1, 1, 1, False
99.5672, 2021-07-05T15:20:52.5960320+08:00, 0, 0.3882286, 1.448889, 1, 1, 1, False
99.57441, 2021-07-05T15:20:52.6032320+08:00, 0, 0.3882286, 1.448889, 1, 1, 1, False
99.58035, 2021-07-05T15:20:52.6092350+08:00, 0, 0.3882286, 1.448889, 1, 1, 1, False
99.58729, 2021-07-05T15:20:52.6161470+08:00, 0, 0.3882286, 1.448889, 1, 1, 1, False
99.59413, 2021-07-05T15:20:52.6229630+08:00, 0, 0.3882286, 1.448889, 1, 1, 1, False
99.60104, 2021-07-05T15:20:52.6299380+08:00, 0, 0.3882286, 1.448889, 1, 1, 1, False
99.60794, 2021-07-05T15:20:52.6367640+08:00, 0, 0.3882286, 1.448889, 1, 1, 1, False
99.6149, 2021-07-05T15:20:52.6438260+08:00, 0, 0.3882286, 1.448889, 1, 1, 1, False
99.62232, 2021-07-05T15:20:52.6511530+08:00, 0, 0.3882286, 1.448889, 1, 1, 1, False
99.62776, 2021-07-05T15:20:52.6566080+08:00, 0, 0.3882286, 1.448889, 1, 1, 1, False
99.63482, 2021-07-05T15:20:52.6636390+08:00, 0, 0.3882286, 1.448889, 1, 1, 1, False
99.64162, 2021-07-05T15:20:52.6705660+08:00, 0, 0.3882286, 1.448889, 1, 1, 1, False
99.64858, 2021-07-05T15:20:52.6774390+08:00, 0, 0.3882286, 1.448889, 1, 1, 1, False
99.65525, 2021-07-05T15:20:52.6840930+08:00, 0, 0.3882286, 1.448889, 1, 1, 1, False
99.66246, 2021-07-05T15:20:52.6913770+08:00, 0, 0.3882286, 1.448889, 1, 1, 1, False
99.66886, 2021-07-05T15:20:52.6977320+08:00, 0, 0.3882286, 1.448889, 1, 1, 1, False
99.67632, 2021-07-05T15:20:52.7051740+08:00, 0, 0.3882286, 1.448889, 1, 1, 1, False
99.68266, 2021-07-05T15:20:52.7115760+08:00, 0, 0.3882286, 1.448889, 1, 1, 1, False
99.69032, 2021-07-05T15:20:52.7191430+08:00, 0, 0.3882286, 1.448889, 1, 1, 1, False
99.69591, 2021-07-05T15:20:52.7247320+08:00, 0, 0.3882286, 1.448889, 1, 1, 1, False
99.70278, 2021-07-05T15:20:52.7317720+08:00, 0, 0.3882286, 1.448889, 1, 1, 1, False
99.70972, 2021-07-05T15:20:52.7385610+08:00, 0, 0.3882286, 1.448889, 1, 1, 1, False
99.71677, 2021-07-05T15:20:52.7456000+08:00, 0, 0.3882286, 1.448889, 1, 1, 1, False
99.72375, 2021-07-05T15:20:52.7526180+08:00, 0, 0.3882286, 1.448889, 1, 1, 1, False
99.73071, 2021-07-05T15:20:52.7595630+08:00, 0, 0.3882286, 1.448889, 1, 1, 1, False
99.73848, 2021-07-05T15:20:52.7673080+08:00, 0, 0.3882286, 1.448889, 1, 1, 1, False
99.74438, 2021-07-05T15:20:52.7732440+08:00, 0, 0.3882286, 1.448889, 1, 1, 1, False
99.75084, 2021-07-05T15:20:52.7797430+08:00, 0, 0.3882286, 1.448889, 1, 1, 1, False
99.75764, 2021-07-05T15:20:52.7864760+08:00, 0, 0.3882286, 1.448889, 1, 1, 1, False
99.76449, 2021-07-05T15:20:52.7934010+08:00, 0, 0.3882286, 1.448889, 1, 1, 1, False
99.77173, 2021-07-05T15:20:52.8005590+08:00, 0, 0.3882286, 1.448889, 1, 1, 1, False
99.77841, 2021-07-05T15:20:52.8072430+08:00, 0, 0.3882286, 1.448889, 1, 1, 1, False
99.78519, 2021-07-05T15:20:52.8140730+08:00, 0, 0.3882286, 1.448889, 1, 1, 1, False
99.79149, 2021-07-05T15:20:52.8203390+08:00, 0, 0.3882286, 1.448889, 1, 1, 1, False
99.79871, 2021-07-05T15:20:52.8275560+08:00, 0, 0.3882286, 1.448889, 1, 1, 1, False
99.80652, 2021-07-05T15:20:52.8353760+08:00, 0, 0.3882286, 1.448889, 1, 1, 1, False
99.81189, 2021-07-05T15:20:52.8407470+08:00, 0, 0.3882286, 1.448889, 1, 1, 1, False
99.81872, 2021-07-05T15:20:52.8475850+08:00, 0, 0.3882286, 1.448889, 1, 1, 1, False
99.82706, 2021-07-05T15:20:52.8559550+08:00, 0, 0.3882286, 1.448889, 1, 1, 1, False
99.83453, 2021-07-05T15:20:52.8633740+08:00, 0, 0.3882286, 1.448889, 1, 1, 1, False
99.83929, 2021-07-05T15:20:52.8681170+08:00, 0, 0.3882286, 1.448889, 1, 1, 1, False
99.84675, 2021-07-05T15:20:52.8756020+08:00, 0, 0.3882286, 1.448889, 1, 1, 1, False
99.85284, 2021-07-05T15:20:52.8816720+08:00, 0, 0.3882286, 1.448889, 1, 1, 1, False
99.85975, 2021-07-05T15:20:52.8885880+08:00, 0, 0.3882286, 1.448889, 1, 1, 1, False
99.86687, 2021-07-05T15:20:52.8957450+08:00, 0, 0.3882286, 1.448889, 1, 1, 1, False
99.87434, 2021-07-05T15:20:52.9031510+08:00, 0, 0.3882286, 1.448889, 1, 1, 1, False
99.8802, 2021-07-05T15:20:52.9090940+08:00, 0, 0.3882286, 1.448889, 1, 1, 1, False
99.88712, 2021-07-05T15:20:52.9159770+08:00, 0, 0.3882286, 1.448889, 1, 1, 1, False
99.89462, 2021-07-05T15:20:52.9234470+08:00, 0, 0.3882286, 1.448889, 1, 1, 1, False
99.90093, 2021-07-05T15:20:52.9299170+08:00, 0, 0.3882286, 1.448889, 1, 1, 1, False
99.90806, 2021-07-05T15:20:52.9368980+08:00, 0, 0.3882286, 1.448889, 1, 1, 1, False
99.91462, 2021-07-05T15:20:52.9434440+08:00, 0, 0.3882286, 1.448889, 1, 1, 1, False
99.92117, 2021-07-05T15:20:52.9500380+08:00, 0, 0.3882286, 1.448889, 1, 1, 1, False
99.93045, 2021-07-05T15:20:52.9623740+08:00, 0, 0.3882286, 1.448889, 1, 1, 1, False
99.93819, 2021-07-05T15:20:52.9699000+08:00, 0, 0.3882286, 1.448889, 1, 1, 1, False
99.94638, 2021-07-05T15:20:52.9752080+08:00, 0, 0.3882286, 1.448889, 1, 1, 1, False
99.95015, 2021-07-05T15:20:52.9789390+08:00, 0, 0.3882286, 1.448889, 1, 1, 1, False
99.95563, 2021-07-05T15:20:52.9844630+08:00, 0, 0.3882286, 1.448889, 1, 1, 1, False
99.96255, 2021-07-05T15:20:52.9914730+08:00, 0, 0.3882286, 1.448889, 1, 1, 1, False
99.96983, 2021-07-05T15:20:52.9986560+08:00, 0, 0.3882286, 1.448889, 1, 1, 1, False
99.97615, 2021-07-05T15:20:53.0049880+08:00, 0, 0.3882286, 1.448889, 1, 1, 1, False
99.98286, 2021-07-05T15:20:53.0117980+08:00, 0, 0.3882286, 1.448889, 1, 1, 1, False
99.99048, 2021-07-05T15:20:53.0194110+08:00, 0, 0.3882286, 1.448889, 1, 1, 1, False
99.99876, 2021-07-05T15:20:53.0276080+08:00, 0, 0.3882286, 1.448889, 1, 1, 1, False
100.026, 2021-07-05T15:20:53.0549250+08:00, 0, 0.3882286, 1.448889, 1, 1, 1, False
100.0301, 2021-07-05T15:20:53.0589180+08:00, 0, 0.3882286, 1.448889, 1, 1, 1, False
100.0343, 2021-07-05T15:20:53.0631020+08:00, 0, 0.3882286, 1.448889, 1, 1, 1, False
100.038, 2021-07-05T15:20:53.0667570+08:00, 0, 0.3882286, 1.448889, 1, 1, 1, False
100.0422, 2021-07-05T15:20:53.0710510+08:00, 0, 0.3882286, 1.448889, 1, 1, 1, False
100.0462, 2021-07-05T15:20:53.0749690+08:00, 0, 0.3882286, 1.448889, 1, 1, 1, False
100.0499, 2021-07-05T15:20:53.0787360+08:00, 0, 0.3882286, 1.448889, 1, 1, 1, False
100.0545, 2021-07-05T15:20:53.0834060+08:00, 0, 0.3882286, 1.448889, 1, 1, 1, False
100.0613, 2021-07-05T15:20:53.0902320+08:00, 0, 0.3882286, 1.448889, 1, 1, 1, False
100.0682, 2021-07-05T15:20:53.0971170+08:00, 0, 0.3882286, 1.448889, 1, 1, 1, False
100.0756, 2021-07-05T15:20:53.1044220+08:00, 0, 0.3882286, 1.448889, 1, 1, 1, False
100.0824, 2021-07-05T15:20:53.1112770+08:00, 0, 0.3882286, 1.448889, 1, 1, 1, False
100.0892, 2021-07-05T15:20:53.1180750+08:00, 0, 0.3882286, 1.448889, 1, 1, 1, False
100.0953, 2021-07-05T15:20:53.1241090+08:00, 0, 0.3882286, 1.448889, 1, 1, 1, False
100.1026, 2021-07-05T15:20:53.1314380+08:00, 0, 0.3882286, 1.448889, 1, 1, 1, False
100.1097, 2021-07-05T15:20:53.1385680+08:00, 0, 0.3882286, 1.448889, 1, 1, 1, False
100.116, 2021-07-05T15:20:53.1449230+08:00, 0, 0.3882286, 1.448889, 1, 1, 1, False
100.1229, 2021-07-05T15:20:53.1517860+08:00, 0, 0.3882286, 1.448889, 1, 1, 1, False
100.1305, 2021-07-05T15:20:53.1593690+08:00, 0, 0.3882286, 1.448889, 1, 1, 1, False
100.1365, 2021-07-05T15:20:53.1653170+08:00, 0, 0.3882286, 1.448889, 1, 1, 1, False
100.1432, 2021-07-05T15:20:53.1721800+08:00, 0, 0.3882286, 1.448889, 1, 1, 1, False
100.1506, 2021-07-05T15:20:53.1794900+08:00, 0, 0.3882286, 1.448889, 1, 1, 1, False
100.1586, 2021-07-05T15:20:53.1874500+08:00, 0, 0.3882286, 1.448889, 1, 1, 1, False
100.1637, 2021-07-05T15:20:53.1925480+08:00, 0, 0.3882286, 1.448889, 1, 1, 1, False
100.1706, 2021-07-05T15:20:53.1994000+08:00, 0, 0.3882286, 1.448889, 1, 1, 1, False
100.1768, 2021-07-05T15:20:53.2057340+08:00, 0, 0.3882286, 1.448889, 1, 1, 1, False
100.1838, 2021-07-05T15:20:53.2127440+08:00, 0, 0.3882286, 1.448889, 1, 1, 1, False
100.1909, 2021-07-05T15:20:53.2197650+08:00, 0, 0.3882286, 1.448889, 1, 1, 1, False
100.1985, 2021-07-05T15:20:53.2272820+08:00, 0, 0.3882286, 1.448889, 1, 1, 1, False
100.2039, 2021-07-05T15:20:53.2328600+08:00, 0, 0.3882286, 1.448889, 1, 1, 1, False
100.2108, 2021-07-05T15:20:53.2396460+08:00, 0, 0.3882286, 1.448889, 1, 1, 1, False
100.2188, 2021-07-05T15:20:53.2476070+08:00, 0, 0.3882286, 1.448889, 1, 1, 1, False
100.2245, 2021-07-05T15:20:53.2533890+08:00, 0, 0.3882286, 1.448889, 1, 1, 1, False
100.2314, 2021-07-05T15:20:53.2602380+08:00, 0, 0.3882286, 1.448889, 1, 1, 1, False
100.2385, 2021-07-05T15:20:53.2673990+08:00, 0, 0.3882286, 1.448889, 1, 1, 1, False
100.2455, 2021-07-05T15:20:53.2743560+08:00, 0, 0.3882286, 1.448889, 1, 1, 1, False
100.2517, 2021-07-05T15:20:53.2806040+08:00, 0, 0.3882286, 1.448889, 1, 1, 1, False
100.2588, 2021-07-05T15:20:53.2876070+08:00, 0, 0.3882286, 1.448889, 1, 1, 1, False
100.2653, 2021-07-05T15:20:53.2942640+08:00, 0, 0.3882286, 1.448889, 1, 1, 1, False
100.2728, 2021-07-05T15:20:53.3016310+08:00, 0, 0.3882286, 1.448889, 1, 1, 1, False
100.2791, 2021-07-05T15:20:53.3079040+08:00, 0, 0.3882286, 1.448889, 1, 1, 1, False
100.2869, 2021-07-05T15:20:53.3158070+08:00, 0, 0.3882286, 1.448889, 1, 1, 1, False
100.2944, 2021-07-05T15:20:53.3232010+08:00, 0, 0.3882286, 1.448889, 1, 1, 1, False
100.2995, 2021-07-05T15:20:53.3283580+08:00, 0, 0.3882286, 1.448889, 1, 1, 1, False
100.3069, 2021-07-05T15:20:53.3358630+08:00, 0, 0.3882286, 1.448889, 1, 1, 1, False
100.3142, 2021-07-05T15:20:53.3430130+08:00, 0, 0.3882286, 1.448889, 1, 1, 1, False
100.3197, 2021-07-05T15:20:53.3486230+08:00, 0, 0.3882286, 1.448889, 1, 1, 1, False
100.3268, 2021-07-05T15:20:53.3556650+08:00, 0, 0.3882286, 1.448889, 1, 1, 1, False
100.3347, 2021-07-05T15:20:53.3635830+08:00, 0, 0.3882286, 1.448889, 1, 1, 1, False
100.3407, 2021-07-05T15:20:53.3695580+08:00, 0, 0.3882286, 1.448889, 1, 1, 1, False
100.3469, 2021-07-05T15:20:53.3757520+08:00, 0, 0.3882286, 1.448889, 1, 1, 1, False
100.3545, 2021-07-05T15:20:53.3833870+08:00, 0, 0.3882286, 1.448889, 1, 1, 1, False
100.3606, 2021-07-05T15:20:53.3895140+08:00, 0, 0.3882286, 1.448889, 1, 1, 1, False
100.3676, 2021-07-05T15:20:53.3965610+08:00, 0, 0.3882286, 1.448889, 1, 1, 1, False
100.3748, 2021-07-05T15:20:53.4037180+08:00, 0, 0.3882286, 1.448889, 1, 1, 1, False
100.3824, 2021-07-05T15:20:53.4113040+08:00, 0, 0.3882286, 1.448889, 1, 1, 1, False
100.3882, 2021-07-05T15:20:53.4170300+08:00, 0, 0.3882286, 1.448889, 1, 1, 1, False
100.3949, 2021-07-05T15:20:53.4237220+08:00, 0, 0.3882286, 1.448889, 1, 1, 1, False
100.4018, 2021-07-05T15:20:53.4306360+08:00, 0, 0.3882286, 1.448889, 1, 1, 1, False
100.4086, 2021-07-05T15:20:53.4374350+08:00, 0, 0.3882286, 1.448889, 1, 1, 1, False
100.4155, 2021-07-05T15:20:53.4443730+08:00, 0, 0.3882286, 1.448889, 1, 1, 1, False
100.4226, 2021-07-05T15:20:53.4514980+08:00, 0, 0.3882286, 1.448889, 1, 1, 1, False
100.4298, 2021-07-05T15:20:53.4587170+08:00, 0, 0.3882286, 1.448889, 1, 1, 1, False
100.436, 2021-07-05T15:20:53.4648550+08:00, 0, 0.3882286, 1.448889, 1, 1, 1, False
100.4429, 2021-07-05T15:20:53.4718100+08:00, 0, 0.3882286, 1.448889, 1, 1, 1, False
100.4496, 2021-07-05T15:20:53.4784730+08:00, 0, 0.3882286, 1.448889, 1, 1, 1, False
100.4566, 2021-07-05T15:20:53.4854270+08:00, 0, 0.3882286, 1.448889, 1, 1, 1, False
100.4633, 2021-07-05T15:20:53.4921790+08:00, 0, 0.3882286, 1.448889, 1, 1, 1, False
100.4702, 2021-07-05T15:20:53.4991140+08:00, 0, 0.3882286, 1.448889, 1, 1, 1, False
100.4777, 2021-07-05T15:20:53.5064990+08:00, 0, 0.3882286, 1.448889, 1, 1, 1, False
100.484, 2021-07-05T15:20:53.5128730+08:00, 0, 0.3882286, 1.448889, 1, 1, 1, False
100.4909, 2021-07-05T15:20:53.5197270+08:00, 0, 0.3882286, 1.448889, 1, 1, 1, False
100.4987, 2021-07-05T15:20:53.5275620+08:00, 0, 0.3882286, 1.448889, 1, 1, 1, False
100.5045, 2021-07-05T15:20:53.5333650+08:00, 0, 0.3882286, 1.448889, 1, 1, 1, False
100.5112, 2021-07-05T15:20:53.5400800+08:00, 0, 0.3882286, 1.448889, 1, 1, 1, False
100.519, 2021-07-05T15:20:53.5478560+08:00, 0, 0.3882286, 1.448889, 1, 1, 1, False
100.5267, 2021-07-05T15:20:53.5555870+08:00, 0, 0.3882286, 1.448889, 1, 1, 1, False
100.532, 2021-07-05T15:20:53.5608640+08:00, 0, 0.3882286, 1.448889, 1, 1, 1, False
100.5388, 2021-07-05T15:20:53.5676340+08:00, 0, 0.3882286, 1.448889, 1, 1, 1, False
100.5465, 2021-07-05T15:20:53.5753990+08:00, 0, 0.3882286, 1.448889, 1, 1, 1, False
100.5523, 2021-07-05T15:20:53.5812730+08:00, 0, 0.3882286, 1.448889, 1, 1, 1, False
100.5591, 2021-07-05T15:20:53.5879240+08:00, 0, 0.3882286, 1.448889, 1, 1, 1, False
100.5665, 2021-07-05T15:20:53.5954830+08:00, 0, 0.3882286, 1.448889, 1, 1, 1, False
100.5746, 2021-07-05T15:20:53.6034110+08:00, 0, 0.3882286, 1.448889, 1, 1, 1, False
100.5791, 2021-07-05T15:20:53.6079750+08:00, 0, 0.3882286, 1.448889, 1, 1, 1, False
100.5861, 2021-07-05T15:20:53.6150210+08:00, 0, 0.3882286, 1.448889, 1, 1, 1, False
100.5928, 2021-07-05T15:20:53.6216150+08:00, 0, 0.3882286, 1.448889, 1, 1, 1, False
100.5996, 2021-07-05T15:20:53.6285310+08:00, 0, 0.3882286, 1.448889, 1, 1, 1, False
100.6069, 2021-07-05T15:20:53.6358400+08:00, 0, 0.3882286, 1.448889, 1, 1, 1, False
100.6146, 2021-07-05T15:20:53.6434680+08:00, 0, 0.3882286, 1.448889, 1, 1, 1, False
100.6201, 2021-07-05T15:20:53.6490450+08:00, 0, 0.3882286, 1.448889, 1, 1, 1, False
100.6275, 2021-07-05T15:20:53.6563710+08:00, 0, 0.3882286, 1.448889, 1, 1, 1, False
100.6346, 2021-07-05T15:20:53.6634930+08:00, 0, 0.3882286, 1.448889, 1, 1, 1, False
100.6414, 2021-07-05T15:20:53.6702810+08:00, 0, 0.3882286, 1.448889, 1, 1, 1, False
100.6476, 2021-07-05T15:20:53.6764480+08:00, 0, 0.3882286, 1.448889, 1, 1, 1, False
100.6544, 2021-07-05T15:20:53.6832280+08:00, 0, 0.3882286, 1.448889, 1, 1, 1, False
100.6617, 2021-07-05T15:20:53.6905500+08:00, 0, 0.3882286, 1.448889, 1, 1, 1, False
100.6681, 2021-07-05T15:20:53.6970270+08:00, 0, 0.3882286, 1.448889, 1, 1, 1, False
100.6749, 2021-07-05T15:20:53.7037300+08:00, 0, 0.3882286, 1.448889, 1, 1, 1, False
100.6816, 2021-07-05T15:20:53.7106310+08:00, 0, 0.3882286, 1.448889, 1, 1, 1, False
100.6889, 2021-07-05T15:20:53.7177820+08:00, 0, 0.3882286, 1.448889, 1, 1, 1, False
100.6952, 2021-07-05T15:20:53.7240940+08:00, 0, 0.3882286, 1.448889, 1, 1, 1, False
100.7024, 2021-07-05T15:20:53.7312610+08:00, 0, 0.3882286, 1.448889, 1, 1, 1, False
100.7091, 2021-07-05T15:20:53.7379530+08:00, 0, 0.3882286, 1.448889, 1, 1, 1, False
100.716, 2021-07-05T15:20:53.7448020+08:00, 0, 0.3882286, 1.448889, 1, 1, 1, False
100.7225, 2021-07-05T15:20:53.7513840+08:00, 0, 0.3882286, 1.448889, 1, 1, 1, False
100.7294, 2021-07-05T15:20:53.7582520+08:00, 0, 0.3882286, 1.448889, 1, 1, 1, False
100.7361, 2021-07-05T15:20:53.7649590+08:00, 0, 0.3882286, 1.448889, 1, 1, 1, False
100.7437, 2021-07-05T15:20:53.7725470+08:00, 0, 0.3882286, 1.448889, 1, 1, 1, False
100.7505, 2021-07-05T15:20:53.7793370+08:00, 0, 0.3882286, 1.448889, 1, 1, 1, False
100.7567, 2021-07-05T15:20:53.7855120+08:00, 0, 0.3882286, 1.448889, 1, 1, 1, False
100.7639, 2021-07-05T15:20:53.7927350+08:00, 0, 0.3882286, 1.448889, 1, 1, 1, False
100.7703, 2021-07-05T15:20:53.7991530+08:00, 0, 0.3882286, 1.448889, 1, 1, 1, False
100.7777, 2021-07-05T15:20:53.8065230+08:00, 0, 0.3882286, 1.448889, 1, 1, 1, False
100.784, 2021-07-05T15:20:53.8129940+08:00, 0, 0.3882286, 1.448889, 1, 1, 1, False
100.7908, 2021-07-05T15:20:53.8197120+08:00, 0, 0.3882286, 1.448889, 1, 1, 1, False
100.799, 2021-07-05T15:20:53.8279400+08:00, 0, 0.3882286, 1.448889, 1, 1, 1, False
100.8066, 2021-07-05T15:20:53.8354840+08:00, 0, 0.3882286, 1.448889, 1, 1, 1, False
100.8107, 2021-07-05T15:20:53.8395580+08:00, 0, 0.3882286, 1.448889, 1, 1, 1, False
100.8177, 2021-07-05T15:20:53.8465970+08:00, 0, 0.3882286, 1.448889, 1, 1, 1, False
100.8246, 2021-07-05T15:20:53.8534240+08:00, 0, 0.3882286, 1.448889, 1, 1, 1, False
100.8315, 2021-07-05T15:20:53.8603480+08:00, 0, 0.3882286, 1.448889, 1, 1, 1, False
100.8384, 2021-07-05T15:20:53.8672730+08:00, 0, 0.3882286, 1.448889, 1, 1, 1, False
100.8455, 2021-07-05T15:20:53.8744480+08:00, 0, 0.3882286, 1.448889, 1, 1, 1, False
100.8518, 2021-07-05T15:20:53.8807360+08:00, 0, 0.3882286, 1.448889, 1, 1, 1, False
100.8587, 2021-07-05T15:20:53.8875870+08:00, 0, 0.3882286, 1.448889, 1, 1, 1, False
100.8663, 2021-07-05T15:20:53.8985650+08:00, 0, 0.3882286, 1.448889, 1, 1, 1, False
100.8743, 2021-07-05T15:20:53.9030850+08:00, 0, 0.3882286, 1.448889, 1, 1, 1, False
100.88, 2021-07-05T15:20:53.9089260+08:00, 0, 0.3882286, 1.448889, 1, 1, 1, False
100.9016, 2021-07-05T15:20:53.9305210+08:00, 0, 0.3882286, 1.448889, 1, 1, 1, False
100.9064, 2021-07-05T15:20:53.9351660+08:00, 0, 0.3882286, 1.448889, 1, 1, 1, False
100.9103, 2021-07-05T15:20:53.9390870+08:00, 0, 0.3882286, 1.448889, 1, 1, 1, False
100.9141, 2021-07-05T15:20:53.9428730+08:00, 0, 0.3882286, 1.448889, 1, 1, 1, False
100.9183, 2021-07-05T15:20:53.9470690+08:00, 0, 0.3882286, 1.448889, 1, 1, 1, False
100.922, 2021-07-05T15:20:53.9508390+08:00, 0, 0.3882286, 1.448889, 1, 1, 1, False
100.9268, 2021-07-05T15:20:53.9556840+08:00, 0, 0.3882286, 1.448889, 1, 1, 1, False
100.9338, 2021-07-05T15:20:53.9627070+08:00, 0, 0.3882286, 1.448889, 1, 1, 1, False
100.941, 2021-07-05T15:20:53.9699030+08:00, 0, 0.3882286, 1.448889, 1, 1, 1, False
100.9472, 2021-07-05T15:20:53.9760610+08:00, 0, 0.3882286, 1.448889, 1, 1, 1, False
100.9544, 2021-07-05T15:20:53.9832120+08:00, 0, 0.3882286, 1.448889, 1, 1, 1, False
100.9604, 2021-07-05T15:20:53.9893370+08:00, 0, 0.3882286, 1.448889, 1, 1, 1, False
100.9674, 2021-07-05T15:20:53.9962560+08:00, 0, 0.3882286, 1.448889, 1, 1, 1, False
100.9746, 2021-07-05T15:20:54.0034440+08:00, 0, 0.3882286, 1.448889, 1, 1, 1, False
100.9811, 2021-07-05T15:20:54.0100020+08:00, 0, 0.3882286, 1.448889, 1, 1, 1, False
100.9874, 2021-07-05T15:20:54.0162650+08:00, 0, 0.3882286, 1.448889, 1, 1, 1, False
100.9944, 2021-07-05T15:20:54.0232780+08:00, 0, 0.3882286, 1.448889, 1, 1, 1, False
101.0013, 2021-07-05T15:20:54.0303280+08:00, 0, 0.3882286, 1.448889, 1, 1, 1, False
101.0081, 2021-07-05T15:20:54.0369720+08:00, 0, 0.3882286, 1.448889, 1, 1, 1, False
101.0151, 2021-07-05T15:20:54.0439090+08:00, 0, 0.3882286, 1.448889, 1, 1, 1, False
101.0225, 2021-07-05T15:20:54.0514440+08:00, 0, 0.3882286, 1.448889, 1, 1, 1, False
101.0292, 2021-07-05T15:20:54.0580450+08:00, 0, 0.3882286, 1.448889, 1, 1, 1, False
101.0354, 2021-07-05T15:20:54.0642930+08:00, 0, 0.3882286, 1.448889, 1, 1, 1, False
101.0429, 2021-07-05T15:20:54.0717990+08:00, 0, 0.3882286, 1.448889, 1, 1, 1, False
101.0503, 2021-07-05T15:20:54.0791730+08:00, 0, 0.3882286, 1.448889, 1, 1, 1, False
101.0564, 2021-07-05T15:20:54.0852900+08:00, 0, 0.3882286, 1.448889, 1, 1, 1, False
101.0625, 2021-07-05T15:20:54.0914430+08:00, 0, 0.3882286, 1.448889, 1, 1, 1, False
101.0694, 2021-07-05T15:20:54.0983260+08:00, 0, 0.3882286, 1.448889, 1, 1, 1, False
101.0769, 2021-07-05T15:20:54.1057110+08:00, 0, 0.3882286, 1.448889, 1, 1, 1, False
101.0833, 2021-07-05T15:20:54.1122860+08:00, 0, 0.3882286, 1.448889, 1, 1, 1, False
101.0907, 2021-07-05T15:20:54.1195330+08:00, 0, 0.3882286, 1.448889, 1, 1, 1, False
101.0972, 2021-07-05T15:20:54.1260930+08:00, 0, 0.3882286, 1.448889, 1, 1, 1, False
101.1034, 2021-07-05T15:20:54.1323350+08:00, 0, 0.3882286, 1.448889, 1, 1, 1, False
101.1108, 2021-07-05T15:20:54.1396950+08:00, 0, 0.3882286, 1.448889, 1, 1, 1, False
101.1189, 2021-07-05T15:20:54.1477100+08:00, 0, 0.3882286, 1.448889, 1, 1, 1, False
101.1266, 2021-07-05T15:20:54.1555370+08:00, 0, 0.3882286, 1.448889, 1, 1, 1, False
101.1346, 2021-07-05T15:20:54.1634730+08:00, 0, 0.3882286, 1.448889, 1, 1, 1, False
101.143, 2021-07-05T15:20:54.1719200+08:00, 0, 0.3882286, 1.448889, 1, 1, 1, False
101.1505, 2021-07-05T15:20:54.1793300+08:00, 0, 0.3882286, 1.448889, 1, 1, 1, False
101.1587, 2021-07-05T15:20:54.1875510+08:00, 0, 0.3882286, 1.448889, 1, 1, 1, False
101.1665, 2021-07-05T15:20:54.1954090+08:00, 0, 0.3882286, 1.448889, 1, 1, 1, False
101.1702, 2021-07-05T15:20:54.1990330+08:00, 0, 0.3882286, 1.448889, 1, 1, 1, False
101.1741, 2021-07-05T15:20:54.2028720+08:00, 0, 0.3882286, 1.448889, 1, 1, 1, False
101.1784, 2021-07-05T15:20:54.2072590+08:00, 0, 0.3882286, 1.448889, 1, 1, 1, False
101.1859, 2021-07-05T15:20:54.2147630+08:00, 0, 0.3882286, 1.448889, 1, 1, 1, False
101.1922, 2021-07-05T15:20:54.2209900+08:00, 0, 0.3882286, 1.448889, 1, 1, 1, False
101.1991, 2021-07-05T15:20:54.2279030+08:00, 0, 0.3882286, 1.448889, 1, 1, 1, False
101.2064, 2021-07-05T15:20:54.2353310+08:00, 0, 0.3882286, 1.448889, 1, 1, 1, False
101.2129, 2021-07-05T15:20:54.2417420+08:00, 0, 0.3882286, 1.448889, 1, 1, 1, False
101.2191, 2021-07-05T15:20:54.2480860+08:00, 0, 0.3882286, 1.448889, 1, 1, 1, False
101.2265, 2021-07-05T15:20:54.2553320+08:00, 0, 0.3882286, 1.448889, 1, 1, 1, False
101.2333, 2021-07-05T15:20:54.2621670+08:00, 0, 0.3882286, 1.448889, 1, 1, 1, False
101.24, 2021-07-05T15:20:54.2688270+08:00, 0, 0.3882286, 1.448889, 1, 1, 1, False
101.2468, 2021-07-05T15:20:54.2756070+08:00, 0, 0.3882286, 1.448889, 1, 1, 1, False
101.2533, 2021-07-05T15:20:54.2821730+08:00, 0, 0.3882286, 1.448889, 1, 1, 1, False
101.2608, 2021-07-05T15:20:54.2897160+08:00, 0, 0.3882286, 1.448889, 1, 1, 1, False
101.267, 2021-07-05T15:20:54.2958150+08:00, 0, 0.3882286, 1.448889, 1, 1, 1, False
101.2743, 2021-07-05T15:20:54.3031050+08:00, 0, 0.3882286, 1.448889, 1, 1, 1, False
101.2813, 2021-07-05T15:20:54.3101680+08:00, 0, 0.3882286, 1.448889, 1, 1, 1, False
101.2876, 2021-07-05T15:20:54.3164970+08:00, 0, 0.3882286, 1.448889, 1, 1, 1, False
101.2949, 2021-07-05T15:20:54.3238640+08:00, 0, 0.3882286, 1.448889, 1, 1, 1, False
101.3014, 2021-07-05T15:20:54.3304260+08:00, 0, 0.3882286, 1.448889, 1, 1, 1, False
101.3088, 2021-07-05T15:20:54.3376400+08:00, 0, 0.3882286, 1.448889, 1, 1, 1, False
101.3152, 2021-07-05T15:20:54.3440280+08:00, 0, 0.3882286, 1.448889, 1, 1, 1, False
101.3224, 2021-07-05T15:20:54.3512980+08:00, 0, 0.3882286, 1.448889, 1, 1, 1, False
101.3285, 2021-07-05T15:20:54.3573990+08:00, 0, 0.3882286, 1.448889, 1, 1, 1, False
101.3356, 2021-07-05T15:20:54.3644950+08:00, 0, 0.3882286, 1.448889, 1, 1, 1, False
101.3427, 2021-07-05T15:20:54.3716860+08:00, 0, 0.3882286, 1.448889, 1, 1, 1, False
101.3493, 2021-07-05T15:20:54.3781920+08:00, 0, 0.3882286, 1.448889, 1, 1, 1, False
101.3563, 2021-07-05T15:20:54.3851340+08:00, 0, 0.3882286, 1.448889, 1, 1, 1, False
101.3625, 2021-07-05T15:20:54.3914490+08:00, 0, 0.3882286, 1.448889, 1, 1, 1, False
101.3694, 2021-07-05T15:20:54.3982590+08:00, 0, 0.3882286, 1.448889, 1, 1, 1, False
101.377, 2021-07-05T15:20:54.4058780+08:00, 0, 0.3882286, 1.448889, 1, 1, 1, False
101.3832, 2021-07-05T15:20:54.4122170+08:00, 0, 0.3882286, 1.448889, 1, 1, 1, False
101.3907, 2021-07-05T15:20:54.4195520+08:00, 0, 0.3882286, 1.448889, 1, 1, 1, False
101.3966, 2021-07-05T15:20:54.4254790+08:00, 0, 0.3882286, 1.448889, 1, 1, 1, False
101.4036, 2021-07-05T15:20:54.4324800+08:00, 0, 0.3882286, 1.448889, 1, 1, 1, False
101.4104, 2021-07-05T15:20:54.4392420+08:00, 0, 0.3882286, 1.448889, 1, 1, 1, False
101.4173, 2021-07-05T15:20:54.4462520+08:00, 0, 0.3882286, 1.448889, 1, 1, 1, False
101.424, 2021-07-05T15:20:54.4529290+08:00, 0, 0.3882286, 1.448889, 1, 1, 1, False
101.4309, 2021-07-05T15:20:54.4597710+08:00, 0, 0.3882286, 1.448889, 1, 1, 1, False
101.4377, 2021-07-05T15:20:54.4665910+08:00, 0, 0.3882286, 1.448889, 1, 1, 1, False
101.4453, 2021-07-05T15:20:54.4741370+08:00, 0, 0.3882286, 1.448889, 1, 1, 1, False
101.4516, 2021-07-05T15:20:54.4804600+08:00, 0, 0.3882286, 1.448889, 1, 1, 1, False
101.459, 2021-07-05T15:20:54.4878840+08:00, 0, 0.3882286, 1.448889, 1, 1, 1, False
101.467, 2021-07-05T15:20:54.4958720+08:00, 0, 0.3882286, 1.448889, 1, 1, 1, False
101.4747, 2021-07-05T15:20:54.5035040+08:00, 0, 0.3882286, 1.448889, 1, 1, 1, False
101.4786, 2021-07-05T15:20:54.5074300+08:00, 0, 0.3882286, 1.448889, 1, 1, 1, False
101.4856, 2021-07-05T15:20:54.5145000+08:00, 0, 0.3882286, 1.448889, 1, 1, 1, False
101.493, 2021-07-05T15:20:54.5218330+08:00, 0, 0.3882286, 1.448889, 1, 1, 1, False
101.4994, 2021-07-05T15:20:54.5282810+08:00, 0, 0.3882286, 1.448889, 1, 1, 1, False
101.5068, 2021-07-05T15:20:54.5356970+08:00, 0, 0.3882286, 1.448889, 1, 1, 1, False
101.5127, 2021-07-05T15:20:54.5415470+08:00, 0, 0.3882286, 1.448889, 1, 1, 1, False
101.5197, 2021-07-05T15:20:54.5486360+08:00, 0, 0.3882286, 1.448889, 1, 1, 1, False
101.5268, 2021-07-05T15:20:54.5556710+08:00, 0, 0.3882286, 1.448889, 1, 1, 1, False
101.5337, 2021-07-05T15:20:54.5625380+08:00, 0, 0.3882286, 1.448889, 1, 1, 1, False
101.5406, 2021-07-05T15:20:54.5694970+08:00, 0, 0.3882286, 1.448889, 1, 1, 1, False
101.5469, 2021-07-05T15:20:54.5758650+08:00, 0, 0.3882286, 1.448889, 1, 1, 1, False
101.5544, 2021-07-05T15:20:54.5832060+08:00, 0, 0.3882286, 1.448889, 1, 1, 1, False
101.5607, 2021-07-05T15:20:54.5896630+08:00, 0, 0.3882286, 1.448889, 1, 1, 1, False
101.5677, 2021-07-05T15:20:54.5965740+08:00, 0, 0.3882286, 1.448889, 1, 1, 1, False
101.5751, 2021-07-05T15:20:54.6039810+08:00, 0, 0.3882286, 1.448889, 1, 1, 1, False
101.5827, 2021-07-05T15:20:54.6115410+08:00, 0, 0.3882286, 1.448889, 1, 1, 1, False
101.5907, 2021-07-05T15:20:54.6195010+08:00, 0, 0.3882286, 1.448889, 1, 1, 1, False
101.5987, 2021-07-05T15:20:54.6275160+08:00, 0, 0.3882286, 1.448889, 1, 1, 1, False
101.6024, 2021-07-05T15:20:54.6312760+08:00, 0, 0.3882286, 1.448889, 1, 1, 1, False
101.6087, 2021-07-05T15:20:54.6375280+08:00, 0, 0.3882286, 1.448889, 1, 1, 1, False
101.6155, 2021-07-05T15:20:54.6443530+08:00, 0, 0.3882286, 1.448889, 1, 1, 1, False
101.623, 2021-07-05T15:20:54.6519220+08:00, 0, 0.3882286, 1.448889, 1, 1, 1, False
101.6292, 2021-07-05T15:20:54.6581400+08:00, 0, 0.3882286, 1.448889, 1, 1, 1, False
101.6361, 2021-07-05T15:20:54.6649750+08:00, 0, 0.3882286, 1.448889, 1, 1, 1, False
101.6434, 2021-07-05T15:20:54.6722660+08:00, 0, 0.3882286, 1.448889, 1, 1, 1, False
101.6502, 2021-07-05T15:20:54.6789620+08:00, 0, 0.3882286, 1.448889, 1, 1, 1, False
101.6565, 2021-07-05T15:20:54.6853430+08:00, 0, 0.3882286, 1.448889, 1, 1, 1, False
101.6628, 2021-07-05T15:20:54.6917170+08:00, 0, 0.3882286, 1.448889, 1, 1, 1, False
101.6705, 2021-07-05T15:20:54.6992980+08:00, 0, 0.3882286, 1.448889, 1, 1, 1, False
101.6772, 2021-07-05T15:20:54.7060260+08:00, 0, 0.3882286, 1.448889, 1, 1, 1, False
101.6835, 2021-07-05T15:20:54.7124180+08:00, 0, 0.3882286, 1.448889, 1, 1, 1, False
101.6907, 2021-07-05T15:20:54.7195230+08:00, 0, 0.3882286, 1.448889, 1, 1, 1, False
101.6969, 2021-07-05T15:20:54.7257580+08:00, 0, 0.3882286, 1.448889, 1, 1, 1, False
101.7038, 2021-07-05T15:20:54.7327390+08:00, 0, 0.3882286, 1.448889, 1, 1, 1, False
101.7108, 2021-07-05T15:20:54.7396280+08:00, 0, 0.3882286, 1.448889, 1, 1, 1, False
101.7175, 2021-07-05T15:20:54.7464190+08:00, 0, 0.3882286, 1.448889, 1, 1, 1, False
101.7243, 2021-07-05T15:20:54.7531370+08:00, 0, 0.3882286, 1.448889, 1, 1, 1, False
101.731, 2021-07-05T15:20:54.7598470+08:00, 0, 0.3882286, 1.448889, 1, 1, 1, False
101.7379, 2021-07-05T15:20:54.7667340+08:00, 0, 0.3882286, 1.448889, 1, 1, 1, False
101.7447, 2021-07-05T15:20:54.7735990+08:00, 0, 0.3882286, 1.448889, 1, 1, 1, False
101.775, 2021-07-05T15:20:54.8039060+08:00, 0, 0.3882286, 1.448889, 1, 1, 1, False
101.7827, 2021-07-05T15:20:54.8115760+08:00, 0, 0.3882286, 1.448889, 1, 1, 1, False
101.7908, 2021-07-05T15:20:54.8196220+08:00, 0, 0.3882286, 1.448889, 1, 1, 1, False
101.7989, 2021-07-05T15:20:54.8277830+08:00, 0, 0.3882286, 1.448889, 1, 1, 1, False
101.8066, 2021-07-05T15:20:54.8354700+08:00, 0, 0.3882286, 1.448889, 1, 1, 1, False
101.8104, 2021-07-05T15:20:54.8392210+08:00, 0, 0.3882286, 1.448889, 1, 1, 1, False
101.8142, 2021-07-05T15:20:54.8430260+08:00, 0, 0.3882286, 1.448889, 1, 1, 1, False
101.8182, 2021-07-05T15:20:54.8470030+08:00, 0, 0.3882286, 1.448889, 1, 1, 1, False
101.8263, 2021-07-05T15:20:54.8577750+08:00, 0, 0.3882286, 1.448889, 1, 1, 1, False
101.8346, 2021-07-05T15:20:54.8634250+08:00, 0, 0.3882286, 1.448889, 1, 1, 1, False
101.838, 2021-07-05T15:20:54.8667990+08:00, 0, 0.3882286, 1.448889, 1, 1, 1, False
101.8423, 2021-07-05T15:20:54.8711410+08:00, 0, 0.3882286, 1.448889, 1, 1, 1, False
101.8461, 2021-07-05T15:20:54.8749420+08:00, 0, 0.3882286, 1.448889, 1, 1, 1, False
101.8501, 2021-07-05T15:20:54.8789230+08:00, 0, 0.3882286, 1.448889, 1, 1, 1, False
101.856, 2021-07-05T15:20:54.8848200+08:00, 0, 0.3882286, 1.448889, 1, 1, 1, False
101.863, 2021-07-05T15:20:54.8918960+08:00, 0, 0.3882286, 1.448889, 1, 1, 1, False
101.8693, 2021-07-05T15:20:54.8982010+08:00, 0, 0.3882286, 1.448889, 1, 1, 1, False
101.8761, 2021-07-05T15:20:54.9049820+08:00, 0, 0.3882286, 1.448889, 1, 1, 1, False
101.883, 2021-07-05T15:20:54.9119380+08:00, 0, 0.3882286, 1.448889, 1, 1, 1, False
101.8909, 2021-07-05T15:20:54.9197720+08:00, 0, 0.3882286, 1.448889, 1, 1, 1, False
101.8987, 2021-07-05T15:20:54.9275430+08:00, 0, 0.3882286, 1.448889, 1, 1, 1, False
101.9068, 2021-07-05T15:20:54.9357160+08:00, 0, 0.3882286, 1.448889, 1, 1, 1, False
101.9146, 2021-07-05T15:20:54.9434810+08:00, 0, 0.3882286, 1.448889, 1, 1, 1, False
101.9225, 2021-07-05T15:20:54.9514180+08:00, 0, 0.3882286, 1.448889, 1, 1, 1, False
101.9263, 2021-07-05T15:20:54.9551510+08:00, 0, 0.3882286, 1.448889, 1, 1, 1, False
101.931, 2021-07-05T15:20:54.9599130+08:00, 0, 0.3882286, 1.448889, 1, 1, 1, False
101.9386, 2021-07-05T15:20:54.9674230+08:00, 0, 0.3882286, 1.448889, 1, 1, 1, False
101.9449, 2021-07-05T15:20:54.9738160+08:00, 0, 0.3882286, 1.448889, 1, 1, 1, False
101.9517, 2021-07-05T15:20:54.9805040+08:00, 0, 0.3882286, 1.448889, 1, 1, 1, False
101.9584, 2021-07-05T15:20:54.9872330+08:00, 0, 0.3882286, 1.448889, 1, 1, 1, False
101.9652, 2021-07-05T15:20:54.9940550+08:00, 0, 0.3882286, 1.448889, 1, 1, 1, False
101.9715, 2021-07-05T15:20:55.0004030+08:00, 0, 0.3882286, 1.448889, 1, 1, 1, False
101.9788, 2021-07-05T15:20:55.0076670+08:00, 0, 0.3882286, 1.448889, 1, 1, 1, False
101.9852, 2021-07-05T15:20:55.0140290+08:00, 0, 0.3882286, 1.448889, 1, 1, 1, False
101.992, 2021-07-05T15:20:55.0208610+08:00, 0, 0.3882286, 1.448889, 1, 1, 1, False
101.9988, 2021-07-05T15:20:55.0276580+08:00, 0, 0.3882286, 1.448889, 1, 1, 1, False
102.0064, 2021-07-05T15:20:55.0352800+08:00, 0, 0.3882286, 1.448889, 1, 1, 1, False
102.0122, 2021-07-05T15:20:55.0410900+08:00, 0, 0.3882286, 1.448889, 1, 1, 1, False
102.0192, 2021-07-05T15:20:55.0482030+08:00, 0, 0.3882286, 1.448889, 1, 1, 1, False
102.0268, 2021-07-05T15:20:55.0556730+08:00, 0, 0.3882286, 1.448889, 1, 1, 1, False
102.0332, 2021-07-05T15:20:55.0621620+08:00, 0, 0.3882286, 1.448889, 1, 1, 1, False
102.0403, 2021-07-05T15:20:55.0691630+08:00, 0, 0.3882286, 1.448889, 1, 1, 1, False
102.0467, 2021-07-05T15:20:55.0755560+08:00, 0, 0.3882286, 1.448889, 1, 1, 1, False
102.0533, 2021-07-05T15:20:55.0821470+08:00, 0, 0.3882286, 1.448889, 1, 1, 1, False
102.06, 2021-07-05T15:20:55.0890870+08:00, 0, 0.3882286, 1.448889, 1, 1, 1, False
102.0671, 2021-07-05T15:20:55.0961010+08:00, 0, 0.3882286, 1.448889, 1, 1, 1, False
102.0744, 2021-07-05T15:20:55.1032640+08:00, 0, 0.3882286, 1.448889, 1, 1, 1, False
102.0813, 2021-07-05T15:20:55.1102290+08:00, 0, 0.3882286, 1.448889, 1, 1, 1, False
102.0876, 2021-07-05T15:20:55.1165130+08:00, 0, 0.3882286, 1.448889, 1, 1, 1, False
102.0945, 2021-07-05T15:20:55.1234050+08:00, 0, 0.3882286, 1.448889, 1, 1, 1, False
102.1016, 2021-07-05T15:20:55.1305240+08:00, 0, 0.3882286, 1.448889, 1, 1, 1, False
102.1079, 2021-07-05T15:20:55.1368370+08:00, 0, 0.3882286, 1.448889, 1, 1, 1, False
102.1147, 2021-07-05T15:20:55.1435940+08:00, 0, 0.3882286, 1.448889, 1, 1, 1, False
102.1216, 2021-07-05T15:20:55.1505530+08:00, 0, 0.3882286, 1.448889, 1, 1, 1, False
102.1283, 2021-07-05T15:20:55.1571560+08:00, 0, 0.3882286, 1.448889, 1, 1, 1, False
102.135, 2021-07-05T15:20:55.1638950+08:00, 0, 0.3882286, 1.448889, 1, 1, 1, False
102.143, 2021-07-05T15:20:55.1718530+08:00, 0, 0.3882286, 1.448889, 1, 1, 1, False
102.1505, 2021-07-05T15:20:55.1794120+08:00, 0, 0.3882286, 1.448889, 1, 1, 1, False
102.1588, 2021-07-05T15:20:55.1876810+08:00, 0, 0.3882286, 1.448889, 1, 1, 1, False
102.1666, 2021-07-05T15:20:55.1956400+08:00, 0, 0.3882286, 1.448889, 1, 1, 1, False
102.1748, 2021-07-05T15:20:55.2036670+08:00, 0, 0.3882286, 1.448889, 1, 1, 1, False
102.1827, 2021-07-05T15:20:55.2116720+08:00, 0, 0.3882286, 1.448889, 1, 1, 1, False
102.1905, 2021-07-05T15:20:55.2194150+08:00, 0, 0.3882286, 1.448889, 1, 1, 1, False
102.1942, 2021-07-05T15:20:55.2230110+08:00, 0, 0.3882286, 1.448889, 1, 1, 1, False
102.1982, 2021-07-05T15:20:55.2270690+08:00, 0, 0.3882286, 1.448889, 1, 1, 1, False
102.2045, 2021-07-05T15:20:55.2333580+08:00, 0, 0.3882286, 1.448889, 1, 1, 1, False
102.2107, 2021-07-05T15:20:55.2396810+08:00, 0, 0.3882286, 1.448889, 1, 1, 1, False
102.2176, 2021-07-05T15:20:55.2464610+08:00, 0, 0.3882286, 1.448889, 1, 1, 1, False
102.2243, 2021-07-05T15:20:55.2531990+08:00, 0, 0.3882286, 1.448889, 1, 1, 1, False
102.2312, 2021-07-05T15:20:55.2601610+08:00, 0, 0.3882286, 1.448889, 1, 1, 1, False
102.2385, 2021-07-05T15:20:55.2673540+08:00, 0, 0.3882286, 1.448889, 1, 1, 1, False
102.2449, 2021-07-05T15:20:55.2738100+08:00, 0, 0.3882286, 1.448889, 1, 1, 1, False
102.2515, 2021-07-05T15:20:55.2804640+08:00, 0, 0.3882286, 1.448889, 1, 1, 1, False
102.2592, 2021-07-05T15:20:55.2880850+08:00, 0, 0.3882286, 1.448889, 1, 1, 1, False
102.2668, 2021-07-05T15:20:55.2957160+08:00, 0, 0.3882286, 1.448889, 1, 1, 1, False
102.2747, 2021-07-05T15:20:55.3035240+08:00, 0, 0.3882286, 1.448889, 1, 1, 1, False
102.2794, 2021-07-05T15:20:55.3082710+08:00, 0, 0.3882286, 1.448889, 1, 1, 1, False
102.2857, 2021-07-05T15:20:55.3147100+08:00, 0, 0.3882286, 1.448889, 1, 1, 1, False
102.2926, 2021-07-05T15:20:55.3214860+08:00, 0, 0.3882286, 1.448889, 1, 1, 1, False
102.2994, 2021-07-05T15:20:55.3282910+08:00, 0, 0.3882286, 1.448889, 1, 1, 1, False
102.3068, 2021-07-05T15:20:55.3356380+08:00, 0, 0.3882286, 1.448889, 1, 1, 1, False
102.3137, 2021-07-05T15:20:55.3426150+08:00, 0, 0.3882286, 1.448889, 1, 1, 1, False
102.3201, 2021-07-05T15:20:55.3490350+08:00, 0, 0.3882286, 1.448889, 1, 1, 1, False
102.327, 2021-07-05T15:20:55.3558770+08:00, 0, 0.3882286, 1.448889, 1, 1, 1, False
102.3345, 2021-07-05T15:20:55.3634520+08:00, 0, 0.3882286, 1.448889, 1, 1, 1, False
102.3408, 2021-07-05T15:20:55.3697470+08:00, 0, 0.3882286, 1.448889, 1, 1, 1, False
102.3472, 2021-07-05T15:20:55.3760760+08:00, 0, 0.3882286, 1.448889, 1, 1, 1, False
102.3544, 2021-07-05T15:20:55.3832550+08:00, 0, 0.3882286, 1.448889, 1, 1, 1, False
102.3609, 2021-07-05T15:20:55.3898790+08:00, 0, 0.3882286, 1.448889, 1, 1, 1, False
102.368, 2021-07-05T15:20:55.3969220+08:00, 0, 0.3882286, 1.448889, 1, 1, 1, False
102.3749, 2021-07-05T15:20:55.4038060+08:00, 0, 0.3882286, 1.448889, 1, 1, 1, False
102.3817, 2021-07-05T15:20:55.4106430+08:00, 0, 0.3882286, 1.448889, 1, 1, 1, False
102.3888, 2021-07-05T15:20:55.4176100+08:00, 0, 0.3882286, 1.448889, 1, 1, 1, False
102.3952, 2021-07-05T15:20:55.4240790+08:00, 0, 0.3882286, 1.448889, 1, 1, 1, False
102.4022, 2021-07-05T15:20:55.4311830+08:00, 0, 0.3882286, 1.448889, 1, 1, 1, False
102.409, 2021-07-05T15:20:55.4379060+08:00, 0, 0.3882286, 1.448889, 1, 1, 1, False
102.416, 2021-07-05T15:20:55.4450410+08:00, 0, 0.3882286, 1.448889, 1, 1, 1, False
102.4233, 2021-07-05T15:20:55.4522060+08:00, 0, 0.3882286, 1.448889, 1, 1, 1, False
102.4298, 2021-07-05T15:20:55.4586680+08:00, 0, 0.3882286, 1.448889, 1, 1, 1, False
102.4369, 2021-07-05T15:20:55.4657500+08:00, 0, 0.3882286, 1.448889, 1, 1, 1, False
102.4433, 2021-07-05T15:20:55.4722570+08:00, 0, 0.3882286, 1.448889, 1, 1, 1, False
102.4504, 2021-07-05T15:20:55.4794110+08:00, 0, 0.3882286, 1.448889, 1, 1, 1, False
102.4581, 2021-07-05T15:20:55.4869440+08:00, 0, 0.3882286, 1.448889, 1, 1, 1, False
102.4646, 2021-07-05T15:20:55.4935240+08:00, 0, 0.3882286, 1.448889, 1, 1, 1, False
102.4715, 2021-07-05T15:20:55.5004430+08:00, 0, 0.3882286, 1.448889, 1, 1, 1, False
102.4788, 2021-07-05T15:20:55.5076580+08:00, 0, 0.3882286, 1.448889, 1, 1, 1, False
102.4853, 2021-07-05T15:20:55.5142570+08:00, 0, 0.3882286, 1.448889, 1, 1, 1, False
102.4921, 2021-07-05T15:20:55.5210530+08:00, 0, 0.3882286, 1.448889, 1, 1, 1, False
102.499, 2021-07-05T15:20:55.5278540+08:00, 0, 0.3882286, 1.448889, 1, 1, 1, False
102.5064, 2021-07-05T15:20:55.5352740+08:00, 0, 0.3882286, 1.448889, 1, 1, 1, False
102.5136, 2021-07-05T15:20:55.5425290+08:00, 0, 0.3882286, 1.448889, 1, 1, 1, False
102.5201, 2021-07-05T15:20:55.5490560+08:00, 0, 0.3882286, 1.448889, 1, 1, 1, False
102.5269, 2021-07-05T15:20:55.5557990+08:00, 0, 0.3882286, 1.448889, 1, 1, 1, False
102.5337, 2021-07-05T15:20:55.5626470+08:00, 0, 0.3882286, 1.448889, 1, 1, 1, False
102.5407, 2021-07-05T15:20:55.5696440+08:00, 0, 0.3882286, 1.448889, 1, 1, 1, False
102.5476, 2021-07-05T15:20:55.5764700+08:00, 0, 0.3882286, 1.448889, 1, 1, 1, False
102.5546, 2021-07-05T15:20:55.5835800+08:00, 0, 0.3882286, 1.448889, 1, 1, 1, False
102.5626, 2021-07-05T15:20:55.5915600+08:00, 0, 0.3882286, 1.448889, 1, 1, 1, False
102.5694, 2021-07-05T15:20:55.5983660+08:00, 0, 0.3882286, 1.448889, 1, 1, 1, False
102.5763, 2021-07-05T15:20:55.6052110+08:00, 0, 0.3882286, 1.448889, 1, 1, 1, False
102.5836, 2021-07-05T15:20:55.6124520+08:00, 0, 0.3882286, 1.448889, 1, 1, 1, False
102.5907, 2021-07-05T15:20:55.6195290+08:00, 0, 0.3882286, 1.448889, 1, 1, 1, False
102.5976, 2021-07-05T15:20:55.6264830+08:00, 0, 0.3882286, 1.448889, 1, 1, 1, False
102.6038, 2021-07-05T15:20:55.6328540+08:00, 0, 0.3882286, 1.448889, 1, 1, 1, False
102.6109, 2021-07-05T15:20:55.6397390+08:00, 0, 0.3882286, 1.448889, 1, 1, 1, False
102.618, 2021-07-05T15:20:55.6468590+08:00, 0, 0.3882286, 1.448889, 1, 1, 1, False
102.6258, 2021-07-05T15:20:55.6546670+08:00, 0, 0.3882286, 1.448889, 1, 1, 1, False
102.632, 2021-07-05T15:20:55.6608940+08:00, 0, 0.3882286, 1.448889, 1, 1, 1, False
102.6387, 2021-07-05T15:20:55.6675990+08:00, 0, 0.3882286, 1.448889, 1, 1, 1, False
102.6454, 2021-07-05T15:20:55.6743240+08:00, 0, 0.3882286, 1.448889, 1, 1, 1, False
102.6522, 2021-07-05T15:20:55.6812160+08:00, 0, 0.3882286, 1.448889, 1, 1, 1, False
102.6598, 2021-07-05T15:20:55.6886750+08:00, 0, 0.3882286, 1.448889, 1, 1, 1, False
102.6668, 2021-07-05T15:20:55.6957400+08:00, 0, 0.3882286, 1.448889, 1, 1, 1, False
102.6884, 2021-07-05T15:20:55.7172410+08:00, 0, 0.3882286, 1.448889, 1, 1, 1, False
102.6944, 2021-07-05T15:20:55.7232260+08:00, 0, 0.3882286, 1.448889, 1, 1, 1, False
102.6983, 2021-07-05T15:20:55.7271230+08:00, 0, 0.3882286, 1.448889, 1, 1, 1, False
102.7022, 2021-07-05T15:20:55.7310070+08:00, 0, 0.3882286, 1.448889, 1, 1, 1, False
102.7062, 2021-07-05T15:20:55.7350260+08:00, 0, 0.3882286, 1.448889, 1, 1, 1, False
102.7102, 2021-07-05T15:20:55.7390480+08:00, 0, 0.3882286, 1.448889, 1, 1, 1, False
102.7141, 2021-07-05T15:20:55.7430300+08:00, 0, 0.3882286, 1.448889, 1, 1, 1, False
102.7217, 2021-07-05T15:20:55.7506410+08:00, 0, 0.3882286, 1.448889, 1, 1, 1, False
102.7287, 2021-07-05T15:20:55.7575310+08:00, 0, 0.3882286, 1.448889, 1, 1, 1, False
102.735, 2021-07-05T15:20:55.7638800+08:00, 0, 0.3882286, 1.448889, 1, 1, 1, False
102.7418, 2021-07-05T15:20:55.7706590+08:00, 0, 0.3882286, 1.448889, 1, 1, 1, False
102.7484, 2021-07-05T15:20:55.7773410+08:00, 0, 0.3882286, 1.448889, 1, 1, 1, False
102.7558, 2021-07-05T15:20:55.7848180+08:00, 0, 0.3882286, 1.448889, 1, 1, 1, False
102.7628, 2021-07-05T15:20:55.7917760+08:00, 0, 0.3882286, 1.448889, 1, 1, 1, False
102.77, 2021-07-05T15:20:55.8019760+08:00, 0, 0.3882286, 1.448889, 1, 1, 1, False
102.7783, 2021-07-05T15:20:55.8109560+08:00, 0, 0.3882286, 1.448889, 1, 1, 1, False
102.786, 2021-07-05T15:20:55.8148590+08:00, 0, 0.3882286, 1.448889, 1, 1, 1, False
102.7907, 2021-07-05T15:20:55.8195780+08:00, 0, 0.3882286, 1.448889, 1, 1, 1, False
102.7975, 2021-07-05T15:20:55.8263030+08:00, 0, 0.3882286, 1.448889, 1, 1, 1, False
102.8067, 2021-07-05T15:20:55.8356390+08:00, 0, 0.3882286, 1.448889, 1, 1, 1, False
102.8145, 2021-07-05T15:20:55.8433350+08:00, 0, 0.3882286, 1.448889, 1, 1, 1, False
102.8206, 2021-07-05T15:20:55.8495810+08:00, 0, 0.3882286, 1.448889, 1, 1, 1, False
102.8275, 2021-07-05T15:20:55.8563370+08:00, 0, 0.3882286, 1.448889, 1, 1, 1, False
102.8346, 2021-07-05T15:20:55.8634920+08:00, 0, 0.3882286, 1.448889, 1, 1, 1, False
102.8421, 2021-07-05T15:20:55.8709700+08:00, 0, 0.3882286, 1.448889, 1, 1, 1, False
102.8484, 2021-07-05T15:20:55.8773770+08:00, 0, 0.3882286, 1.448889, 1, 1, 1, False
102.8555, 2021-07-05T15:20:55.8843700+08:00, 0, 0.3882286, 1.448889, 1, 1, 1, False
102.863, 2021-07-05T15:20:55.8919090+08:00, 0, 0.3882286, 1.448889, 1, 1, 1, False
102.8694, 2021-07-05T15:20:55.8982780+08:00, 0, 0.3882286, 1.448889, 1, 1, 1, False
102.8762, 2021-07-05T15:20:55.9051000+08:00, 0, 0.3882286, 1.448889, 1, 1, 1, False
102.883, 2021-07-05T15:20:55.9119450+08:00, 0, 0.3882286, 1.448889, 1, 1, 1, False
102.8908, 2021-07-05T15:20:55.9197130+08:00, 0, 0.3882286, 1.448889, 1, 1, 1, False
102.8986, 2021-07-05T15:20:55.9274830+08:00, 0, 0.3882286, 1.448889, 1, 1, 1, False
102.9067, 2021-07-05T15:20:55.9355310+08:00, 0, 0.3882286, 1.448889, 1, 1, 1, False
102.9147, 2021-07-05T15:20:55.9435470+08:00, 0, 0.3882286, 1.448889, 1, 1, 1, False
102.919, 2021-07-05T15:20:55.9478450+08:00, 0, 0.3882286, 1.448889, 1, 1, 1, False
102.9246, 2021-07-05T15:20:55.9534980+08:00, 0, 0.3882286, 1.448889, 1, 1, 1, False
102.9315, 2021-07-05T15:20:55.9603730+08:00, 0, 0.3882286, 1.448889, 1, 1, 1, False
102.9391, 2021-07-05T15:20:55.9679240+08:00, 0, 0.3882286, 1.448889, 1, 1, 1, False
102.9452, 2021-07-05T15:20:55.9741840+08:00, 0, 0.3882286, 1.448889, 1, 1, 1, False
102.9522, 2021-07-05T15:20:55.9810770+08:00, 0, 0.3882286, 1.448889, 1, 1, 1, False
102.9599, 2021-07-05T15:20:55.9887860+08:00, 0, 0.3882286, 1.448889, 1, 1, 1, False
102.9666, 2021-07-05T15:20:55.9955060+08:00, 0, 0.3882286, 1.448889, 1, 1, 1, False
102.9731, 2021-07-05T15:20:56.0019290+08:00, 0, 0.3882286, 1.448889, 1, 1, 1, False
102.9795, 2021-07-05T15:20:56.0083710+08:00, 0, 0.3882286, 1.448889, 1, 1, 1, False
102.9868, 2021-07-05T15:20:56.0157370+08:00, 0, 0.3882286, 1.448889, 1, 1, 1, False
102.994, 2021-07-05T15:20:56.0229070+08:00, 0, 0.3882286, 1.448889, 1, 1, 1, False
103.0004, 2021-07-05T15:20:56.0293460+08:00, 0, 0.3882286, 1.448889, 1, 1, 1, False
103.0077, 2021-07-05T15:20:56.0365360+08:00, 0, 0.3882286, 1.448889, 1, 1, 1, False
103.0148, 2021-07-05T15:20:56.0436040+08:00, 0, 0.3882286, 1.448889, 1, 1, 1, False
103.021, 2021-07-05T15:20:56.0498540+08:00, 0, 0.3882286, 1.448889, 1, 1, 1, False
103.0278, 2021-07-05T15:20:56.0567110+08:00, 0, 0.3882286, 1.448889, 1, 1, 1, False
103.0348, 2021-07-05T15:20:56.0637680+08:00, 0, 0.3882286, 1.448889, 1, 1, 1, False
103.042, 2021-07-05T15:20:56.0709450+08:00, 0, 0.3882286, 1.448889, 1, 1, 1, False
103.0493, 2021-07-05T15:20:56.0781480+08:00, 0, 0.3882286, 1.448889, 1, 1, 1, False
103.0564, 2021-07-05T15:20:56.0852970+08:00, 0, 0.3882286, 1.448889, 1, 1, 1, False
103.0635, 2021-07-05T15:20:56.0924390+08:00, 0, 0.3882286, 1.448889, 1, 1, 1, False
103.0708, 2021-07-05T15:20:56.0997390+08:00, 0, 0.3882286, 1.448889, 1, 1, 1, False
103.0787, 2021-07-05T15:20:56.1075750+08:00, 0, 0.3882286, 1.448889, 1, 1, 1, False
103.0852, 2021-07-05T15:20:56.1141390+08:00, 0, 0.3882286, 1.448889, 1, 1, 1, False
103.0924, 2021-07-05T15:20:56.1212060+08:00, 0, 0.3882286, 1.448889, 1, 1, 1, False
103.1, 2021-07-05T15:20:56.1289070+08:00, 0, 0.3882286, 1.448889, 1, 1, 1, False
103.1068, 2021-07-05T15:20:56.1356250+08:00, 0, 0.3882286, 1.448889, 1, 1, 1, False
103.1141, 2021-07-05T15:20:56.1429930+08:00, 0, 0.3882286, 1.448889, 1, 1, 1, False
103.1208, 2021-07-05T15:20:56.1496550+08:00, 0, 0.3882286, 1.448889, 1, 1, 1, False
103.128, 2021-07-05T15:20:56.1568560+08:00, 0, 0.3882286, 1.448889, 1, 1, 1, False
103.1351, 2021-07-05T15:20:56.1639730+08:00, 0, 0.3882286, 1.448889, 1, 1, 1, False
103.1427, 2021-07-05T15:20:56.1715660+08:00, 0, 0.3882286, 1.448889, 1, 1, 1, False
103.1493, 2021-07-05T15:20:56.1781970+08:00, 0, 0.3882286, 1.448889, 1, 1, 1, False
103.1566, 2021-07-05T15:20:56.1855330+08:00, 0, 0.3882286, 1.448889, 1, 1, 1, False
103.1643, 2021-07-05T15:20:56.1931930+08:00, 0, 0.3882286, 1.448889, 1, 1, 1, False
103.1714, 2021-07-05T15:20:56.2002400+08:00, 0, 0.3882286, 1.448889, 1, 1, 1, False
103.1787, 2021-07-05T15:20:56.2075550+08:00, 0, 0.3882286, 1.448889, 1, 1, 1, False
103.1848, 2021-07-05T15:20:56.2136810+08:00, 0, 0.3882286, 1.448889, 1, 1, 1, False
103.1919, 2021-07-05T15:20:56.2207810+08:00, 0, 0.3882286, 1.448889, 1, 1, 1, False
103.1991, 2021-07-05T15:20:56.2280810+08:00, 0, 0.3882286, 1.448889, 1, 1, 1, False
103.2067, 2021-07-05T15:20:56.2355760+08:00, 0, 0.3882286, 1.448889, 1, 1, 1, False
103.2136, 2021-07-05T15:20:56.2424480+08:00, 0, 0.3882286, 1.448889, 1, 1, 1, False
103.2209, 2021-07-05T15:20:56.2498500+08:00, 0, 0.3882286, 1.448889, 1, 1, 1, False
103.2288, 2021-07-05T15:20:56.2576430+08:00, 0, 0.3882286, 1.448889, 1, 1, 1, False
103.2353, 2021-07-05T15:20:56.2642010+08:00, 0, 0.3882286, 1.448889, 1, 1, 1, False
103.243, 2021-07-05T15:20:56.2719030+08:00, 0, 0.3882286, 1.448889, 1, 1, 1, False
103.2504, 2021-07-05T15:20:56.2792730+08:00, 0, 0.3882286, 1.448889, 1, 1, 1, False
103.2565, 2021-07-05T15:20:56.2854260+08:00, 0, 0.3882286, 1.448889, 1, 1, 1, False
103.2637, 2021-07-05T15:20:56.2925980+08:00, 0, 0.3882286, 1.448889, 1, 1, 1, False
103.2711, 2021-07-05T15:20:56.2999560+08:00, 0, 0.3882286, 1.448889, 1, 1, 1, False
103.2785, 2021-07-05T15:20:56.3073390+08:00, 0, 0.3882286, 1.448889, 1, 1, 1, False
103.2856, 2021-07-05T15:20:56.3144530+08:00, 0, 0.3882286, 1.448889, 1, 1, 1, False
103.2922, 2021-07-05T15:20:56.3210750+08:00, 0, 0.3882286, 1.448889, 1, 1, 1, False
103.2998, 2021-07-05T15:20:56.3286770+08:00, 0, 0.3882286, 1.448889, 1, 1, 1, False
103.307, 2021-07-05T15:20:56.3359040+08:00, 0, 0.3882286, 1.448889, 1, 1, 1, False
103.3149, 2021-07-05T15:20:56.3437230+08:00, 0, 0.3882286, 1.448889, 1, 1, 1, False
103.3209, 2021-07-05T15:20:56.3498780+08:00, 0, 0.3882286, 1.448889, 1, 1, 1, False
103.3281, 2021-07-05T15:20:56.3569520+08:00, 0, 0.3882286, 1.448889, 1, 1, 1, False
103.3353, 2021-07-05T15:20:56.3641560+08:00, 0, 0.3882286, 1.448889, 1, 1, 1, False
103.3429, 2021-07-05T15:20:56.3718260+08:00, 0, 0.3882286, 1.448889, 1, 1, 1, False
103.3495, 2021-07-05T15:20:56.3783720+08:00, 0, 0.3882286, 1.448889, 1, 1, 1, False
103.3572, 2021-07-05T15:20:56.3860260+08:00, 0, 0.3882286, 1.448889, 1, 1, 1, False
103.3645, 2021-07-05T15:20:56.3933920+08:00, 0, 0.3882286, 1.448889, 1, 1, 1, False
103.3711, 2021-07-05T15:20:56.4000370+08:00, 0, 0.3882286, 1.448889, 1, 1, 1, False
103.3782, 2021-07-05T15:20:56.4071130+08:00, 0, 0.3882286, 1.448889, 1, 1, 1, False
103.3853, 2021-07-05T15:20:56.4143030+08:00, 0, 0.3882286, 1.448889, 1, 1, 1, False
103.3928, 2021-07-05T15:20:56.4217220+08:00, 0, 0.3882286, 1.448889, 1, 1, 1, False
103.3994, 2021-07-05T15:20:56.4282940+08:00, 0, 0.3882286, 1.448889, 1, 1, 1, False
103.4068, 2021-07-05T15:20:56.4357000+08:00, 0, 0.3882286, 1.448889, 1, 1, 1, False
103.4137, 2021-07-05T15:20:56.4425930+08:00, 0, 0.3882286, 1.448889, 1, 1, 1, False
103.4211, 2021-07-05T15:20:56.4500010+08:00, 0, 0.3882286, 1.448889, 1, 1, 1, False
103.4277, 2021-07-05T15:20:56.4566120+08:00, 0, 0.3882286, 1.448889, 1, 1, 1, False
103.4348, 2021-07-05T15:20:56.4636480+08:00, 0, 0.3882286, 1.448889, 1, 1, 1, False
103.442, 2021-07-05T15:20:56.4709330+08:00, 0, 0.3882286, 1.448889, 1, 1, 1, False
103.4487, 2021-07-05T15:20:56.4775900+08:00, 0, 0.3882286, 1.448889, 1, 1, 1, False
103.456, 2021-07-05T15:20:56.4849400+08:00, 0, 0.3882286, 1.448889, 1, 1, 1, False
103.4631, 2021-07-05T15:20:56.4920470+08:00, 0, 0.3882286, 1.448889, 1, 1, 1, False
103.4704, 2021-07-05T15:20:56.4993480+08:00, 0, 0.3882286, 1.448889, 1, 1, 1, False
103.4775, 2021-07-05T15:20:56.5064600+08:00, 0, 0.3882286, 1.448889, 1, 1, 1, False
103.4847, 2021-07-05T15:20:56.5135700+08:00, 0, 0.3882286, 1.448889, 1, 1, 1, False
103.4915, 2021-07-05T15:20:56.5204060+08:00, 0, 0.3882286, 1.448889, 1, 1, 1, False
103.4988, 2021-07-05T15:20:56.5276940+08:00, 0, 0.3882286, 1.448889, 1, 1, 1, False
103.5057, 2021-07-05T15:20:56.5346960+08:00, 0, 0.3882286, 1.448889, 1, 1, 1, False
103.5137, 2021-07-05T15:20:56.5425860+08:00, 0, 0.3882286, 1.448889, 1, 1, 1, False
103.5203, 2021-07-05T15:20:56.5492840+08:00, 0, 0.3882286, 1.448889, 1, 1, 1, False
103.5274, 2021-07-05T15:20:56.5562820+08:00, 0, 0.3882286, 1.448889, 1, 1, 1, False
103.5345, 2021-07-05T15:20:56.5634870+08:00, 0, 0.3882286, 1.448889, 1, 1, 1, False
103.5422, 2021-07-05T15:20:56.5710890+08:00, 0, 0.3882286, 1.448889, 1, 1, 1, False
103.5488, 2021-07-05T15:20:56.5776600+08:00, 0, 0.3882286, 1.448889, 1, 1, 1, False
103.5561, 2021-07-05T15:20:56.5851080+08:00, 0, 0.3882286, 1.448889, 1, 1, 1, False
103.5642, 2021-07-05T15:20:56.5930800+08:00, 0, 0.3882286, 1.448889, 1, 1, 1, False
103.5948, 2021-07-05T15:20:56.6237360+08:00, 0, 0.3882286, 1.448889, 1, 1, 1, False
103.5982, 2021-07-05T15:20:56.6269870+08:00, 0, 0.3882286, 1.448889, 1, 1, 1, False
103.6021, 2021-07-05T15:20:56.6309650+08:00, 0, 0.3882286, 1.448889, 1, 1, 1, False
103.6062, 2021-07-05T15:20:56.6349710+08:00, 0, 0.3882286, 1.448889, 1, 1, 1, False
103.6103, 2021-07-05T15:20:56.6390750+08:00, 0, 0.3882286, 1.448889, 1, 1, 1, False
103.6141, 2021-07-05T15:20:56.6428800+08:00, 0, 0.3882286, 1.448889, 1, 1, 1, False
103.6187, 2021-07-05T15:20:56.6475290+08:00, 0, 0.3882286, 1.448889, 1, 1, 1, False
103.6254, 2021-07-05T15:20:56.6543890+08:00, 0, 0.3882286, 1.448889, 1, 1, 1, False
103.6325, 2021-07-05T15:20:56.6614110+08:00, 0, 0.3882286, 1.448889, 1, 1, 1, False
103.6395, 2021-07-05T15:20:56.6683650+08:00, 0, 0.3882286, 1.448889, 1, 1, 1, False
103.6472, 2021-07-05T15:20:56.6761250+08:00, 0, 0.3882286, 1.448889, 1, 1, 1, False
103.6544, 2021-07-05T15:20:56.6832340+08:00, 0, 0.3882286, 1.448889, 1, 1, 1, False
103.6618, 2021-07-05T15:20:56.6907270+08:00, 0, 0.3882286, 1.448889, 1, 1, 1, False
103.6684, 2021-07-05T15:20:56.6973200+08:00, 0, 0.3882286, 1.448889, 1, 1, 1, False
103.6756, 2021-07-05T15:20:56.7044170+08:00, 0, 0.3882286, 1.448889, 1, 1, 1, False
103.6832, 2021-07-05T15:20:56.7121160+08:00, 0, 0.3882286, 1.448889, 1, 1, 1, False
103.6906, 2021-07-05T15:20:56.7194670+08:00, 0, 0.3882286, 1.448889, 1, 1, 1, False
103.6987, 2021-07-05T15:20:56.7275700+08:00, 0, 0.3882286, 1.448889, 1, 1, 1, False
103.7066, 2021-07-05T15:20:56.7354290+08:00, 0, 0.3882286, 1.448889, 1, 1, 1, False
103.7116, 2021-07-05T15:20:56.7404980+08:00, 0, 0.3882286, 1.448889, 1, 1, 1, False
103.7188, 2021-07-05T15:20:56.7476340+08:00, 0, 0.3882286, 1.448889, 1, 1, 1, False
103.7261, 2021-07-05T15:20:56.7550420+08:00, 0, 0.3882286, 1.448889, 1, 1, 1, False
103.7328, 2021-07-05T15:20:56.7616610+08:00, 0, 0.3882286, 1.448889, 1, 1, 1, False
103.7401, 2021-07-05T15:20:56.7690540+08:00, 0, 0.3882286, 1.448889, 1, 1, 1, False
103.7468, 2021-07-05T15:20:56.7757050+08:00, 0, 0.3882286, 1.448889, 1, 1, 1, False
103.7538, 2021-07-05T15:20:56.7827050+08:00, 0, 0.3882286, 1.448889, 1, 1, 1, False
103.7608, 2021-07-05T15:20:56.7898120+08:00, 0, 0.3882286, 1.448889, 1, 1, 1, False
103.7682, 2021-07-05T15:20:56.7970430+08:00, 0, 0.3882286, 1.448889, 1, 1, 1, False
103.7753, 2021-07-05T15:20:56.8041360+08:00, 0, 0.3882286, 1.448889, 1, 1, 1, False
103.7825, 2021-07-05T15:20:56.8147500+08:00, 0, 0.3882286, 1.448889, 1, 1, 1, False
103.7902, 2021-07-05T15:20:56.8190360+08:00, 0, 0.3882286, 1.448889, 1, 1, 1, False
103.7966, 2021-07-05T15:20:56.8254380+08:00, 0, 0.3882286, 1.448889, 1, 1, 1, False
103.8038, 2021-07-05T15:20:56.8327710+08:00, 0, 0.3882286, 1.448889, 1, 1, 1, False
103.8109, 2021-07-05T15:20:56.8398310+08:00, 0, 0.3882286, 1.448889, 1, 1, 1, False
103.8181, 2021-07-05T15:20:56.8471130+08:00, 0, 0.3882286, 1.448889, 1, 1, 1, False
103.8254, 2021-07-05T15:20:56.8542950+08:00, 0, 0.3882286, 1.448889, 1, 1, 1, False
103.8324, 2021-07-05T15:20:56.8612700+08:00, 0, 0.3882286, 1.448889, 1, 1, 1, False
103.8395, 2021-07-05T15:20:56.8684050+08:00, 0, 0.3882286, 1.448889, 1, 1, 1, False
103.8473, 2021-07-05T15:20:56.8762660+08:00, 0, 0.3882286, 1.448889, 1, 1, 1, False
103.8544, 2021-07-05T15:20:56.8832560+08:00, 0, 0.3882286, 1.448889, 1, 1, 1, False
103.8618, 2021-07-05T15:20:56.8907460+08:00, 0, 0.3882286, 1.448889, 1, 1, 1, False
103.8684, 2021-07-05T15:20:56.8973310+08:00, 0, 0.3882286, 1.448889, 1, 1, 1, False
103.8755, 2021-07-05T15:20:56.9043210+08:00, 0, 0.3882286, 1.448889, 1, 1, 1, False
103.8829, 2021-07-05T15:20:56.9117570+08:00, 0, 0.3882286, 1.448889, 1, 1, 1, False
103.8905, 2021-07-05T15:20:56.9193410+08:00, 0, 0.3882286, 1.448889, 1, 1, 1, False
103.8967, 2021-07-05T15:20:56.9255230+08:00, 0, 0.3882286, 1.448889, 1, 1, 1, False
103.9038, 2021-07-05T15:20:56.9328230+08:00, 0, 0.3882286, 1.448889, 1, 1, 1, False
103.9118, 2021-07-05T15:20:56.9406790+08:00, 0, 0.3882286, 1.448889, 1, 1, 1, False
103.9188, 2021-07-05T15:20:56.9476520+08:00, 0, 0.3882286, 1.448889, 1, 1, 1, False
103.926, 2021-07-05T15:20:56.9548830+08:00, 0, 0.3882286, 1.448889, 1, 1, 1, False
103.9322, 2021-07-05T15:20:56.9611140+08:00, 0, 0.3882286, 1.448889, 1, 1, 1, False
103.9396, 2021-07-05T15:20:56.9684410+08:00, 0, 0.3882286, 1.448889, 1, 1, 1, False
103.9468, 2021-07-05T15:20:56.9757180+08:00, 0, 0.3882286, 1.448889, 1, 1, 1, False
103.9537, 2021-07-05T15:20:56.9826450+08:00, 0, 0.3882286, 1.448889, 1, 1, 1, False
103.961, 2021-07-05T15:20:56.9898910+08:00, 0, 0.3882286, 1.448889, 1, 1, 1, False
103.9681, 2021-07-05T15:20:56.9969690+08:00, 0, 0.3882286, 1.448889, 1, 1, 1, False
103.9754, 2021-07-05T15:20:57.0042590+08:00, 0, 0.3882286, 1.448889, 1, 1, 1, False
103.9827, 2021-07-05T15:20:57.0115490+08:00, 0, 0.3882286, 1.448889, 1, 1, 1, False
103.9891, 2021-07-05T15:20:57.0180090+08:00, 0, 0.3882286, 1.448889, 1, 1, 1, False
103.996, 2021-07-05T15:20:57.0249110+08:00, 0, 0.3882286, 1.448889, 1, 1, 1, False
104.0033, 2021-07-05T15:20:57.0322550+08:00, 0, 0.3882286, 1.448889, 1, 1, 1, False
104.0108, 2021-07-05T15:20:57.0396630+08:00, 0, 0.3882286, 1.448889, 1, 1, 1, False
104.0178, 2021-07-05T15:20:57.0467310+08:00, 0, 0.3882286, 1.448889, 1, 1, 1, False
104.0252, 2021-07-05T15:20:57.0541960+08:00, 0, 0.3882286, 1.448889, 1, 1, 1, False
104.0317, 2021-07-05T15:20:57.0605460+08:00, 0, 0.3882286, 1.448889, 1, 1, 1, False
104.039, 2021-07-05T15:20:57.0679010+08:00, 0, 0.3882286, 1.448889, 1, 1, 1, False
104.0465, 2021-07-05T15:20:57.0754220+08:00, 0, 0.3882286, 1.448889, 1, 1, 1, False
104.0532, 2021-07-05T15:20:57.0821660+08:00, 0, 0.3882286, 1.448889, 1, 1, 1, False
104.0604, 2021-07-05T15:20:57.0894380+08:00, 0, 0.3882286, 1.448889, 1, 1, 1, False
104.0678, 2021-07-05T15:20:57.0967510+08:00, 0, 0.3882286, 1.448889, 1, 1, 1, False
104.0753, 2021-07-05T15:20:57.1041220+08:00, 0, 0.3882286, 1.448889, 1, 1, 1, False
104.0826, 2021-07-05T15:20:57.1114630+08:00, 0, 0.3882286, 1.448889, 1, 1, 1, False
104.089, 2021-07-05T15:20:57.1179280+08:00, 0, 0.3882286, 1.448889, 1, 1, 1, False
104.0969, 2021-07-05T15:20:57.1257820+08:00, 0, 0.3882286, 1.448889, 1, 1, 1, False
104.1033, 2021-07-05T15:20:57.1322940+08:00, 0, 0.3882286, 1.448889, 1, 1, 1, False
104.1109, 2021-07-05T15:20:57.1397680+08:00, 0, 0.3882286, 1.448889, 1, 1, 1, False
104.1179, 2021-07-05T15:20:57.1468840+08:00, 0, 0.3882286, 1.448889, 1, 1, 1, False
104.125, 2021-07-05T15:20:57.1539510+08:00, 0, 0.3882286, 1.448889, 1, 1, 1, False
104.1322, 2021-07-05T15:20:57.1611150+08:00, 0, 0.3882286, 1.448889, 1, 1, 1, False
104.1391, 2021-07-05T15:20:57.1680200+08:00, 0, 0.3882286, 1.448889, 1, 1, 1, False
104.1466, 2021-07-05T15:20:57.1755540+08:00, 0, 0.3882286, 1.448889, 1, 1, 1, False
104.1534, 2021-07-05T15:20:57.1823450+08:00, 0, 0.3882286, 1.448889, 1, 1, 1, False
104.1613, 2021-07-05T15:20:57.1901900+08:00, 0, 0.3882286, 1.448889, 1, 1, 1, False
104.1679, 2021-07-05T15:20:57.1969190+08:00, 0, 0.3882286, 1.448889, 1, 1, 1, False
104.175, 2021-07-05T15:20:57.2038330+08:00, 0, 0.3882286, 1.448889, 1, 1, 1, False
104.1817, 2021-07-05T15:20:57.2105570+08:00, 0, 0.3882286, 1.448889, 1, 1, 1, False
104.1889, 2021-07-05T15:20:57.2178300+08:00, 0, 0.3882286, 1.448889, 1, 1, 1, False
104.1958, 2021-07-05T15:20:57.2247130+08:00, 0, 0.3882286, 1.448889, 1, 1, 1, False
104.2033, 2021-07-05T15:20:57.2322110+08:00, 0, 0.3882286, 1.448889, 1, 1, 1, False
104.2107, 2021-07-05T15:20:57.2395810+08:00, 0, 0.3882286, 1.448889, 1, 1, 1, False
104.2176, 2021-07-05T15:20:57.2465540+08:00, 0, 0.3882286, 1.448889, 1, 1, 1, False
104.2247, 2021-07-05T15:20:57.2536180+08:00, 0, 0.3882286, 1.448889, 1, 1, 1, False
104.2312, 2021-07-05T15:20:57.2601550+08:00, 0, 0.3882286, 1.448889, 1, 1, 1, False
104.2385, 2021-07-05T15:20:57.2674030+08:00, 0, 0.3882286, 1.448889, 1, 1, 1, False
104.2454, 2021-07-05T15:20:57.2743540+08:00, 0, 0.3882286, 1.448889, 1, 1, 1, False
104.2527, 2021-07-05T15:20:57.2816840+08:00, 0, 0.3882286, 1.448889, 1, 1, 1, False
104.2598, 2021-07-05T15:20:57.2886650+08:00, 0, 0.3882286, 1.448889, 1, 1, 1, False
104.2669, 2021-07-05T15:20:57.2958510+08:00, 0, 0.3882286, 1.448889, 1, 1, 1, False
104.2741, 2021-07-05T15:20:57.3030690+08:00, 0, 0.3882286, 1.448889, 1, 1, 1, False
104.2825, 2021-07-05T15:20:57.3114030+08:00, 0, 0.3882286, 1.448889, 1, 1, 1, False
104.2889, 2021-07-05T15:20:57.3177830+08:00, 0, 0.3882286, 1.448889, 1, 1, 1, False
104.2957, 2021-07-05T15:20:57.3246190+08:00, 0, 0.3882286, 1.448889, 1, 1, 1, False
104.3026, 2021-07-05T15:20:57.3314740+08:00, 0, 0.3882286, 1.448889, 1, 1, 1, False
104.3093, 2021-07-05T15:20:57.3382070+08:00, 0, 0.3882286, 1.448889, 1, 1, 1, False
104.3166, 2021-07-05T15:20:57.3455060+08:00, 0, 0.3882286, 1.448889, 1, 1, 1, False
104.324, 2021-07-05T15:20:57.3529350+08:00, 0, 0.3882286, 1.448889, 1, 1, 1, False
104.3309, 2021-07-05T15:20:57.3597330+08:00, 0, 0.3882286, 1.448889, 1, 1, 1, False
104.3386, 2021-07-05T15:20:57.3674640+08:00, 0, 0.3882286, 1.448889, 1, 1, 1, False
104.3438, 2021-07-05T15:20:57.3728250+08:00, 0, 0.3882286, 1.448889, 1, 1, 1, False
104.3515, 2021-07-05T15:20:57.3803940+08:00, 0, 0.3882286, 1.448889, 1, 1, 1, False
104.3589, 2021-07-05T15:20:57.3878330+08:00, 0, 0.3882286, 1.448889, 1, 1, 1, False
104.3667, 2021-07-05T15:20:57.3956720+08:00, 0, 0.3882286, 1.448889, 1, 1, 1, False
104.3727, 2021-07-05T15:20:57.4015890+08:00, 0, 0.3882286, 1.448889, 1, 1, 1, False
104.3796, 2021-07-05T15:20:57.4084530+08:00, 0, 0.3882286, 1.448889, 1, 1, 1, False
104.3868, 2021-07-05T15:20:57.4157700+08:00, 0, 0.3882286, 1.448889, 1, 1, 1, False
104.394, 2021-07-05T15:20:57.4228950+08:00, 0, 0.3882286, 1.448889, 1, 1, 1, False
104.4014, 2021-07-05T15:20:57.4304420+08:00, 0, 0.3882286, 1.448889, 1, 1, 1, False
104.409, 2021-07-05T15:20:57.4378600+08:00, 0, 0.3882286, 1.448889, 1, 1, 1, False
104.4156, 2021-07-05T15:20:57.4445280+08:00, 0, 0.3882286, 1.448889, 1, 1, 1, False
104.4228, 2021-07-05T15:20:57.4517330+08:00, 0, 0.3882286, 1.448889, 1, 1, 1, False
104.4307, 2021-07-05T15:20:57.4595820+08:00, 0, 0.3882286, 1.448889, 1, 1, 1, False
104.4373, 2021-07-05T15:20:57.4662440+08:00, 0, 0.3882286, 1.448889, 1, 1, 1, False
104.4445, 2021-07-05T15:20:57.4734160+08:00, 0, 0.3882286, 1.448889, 1, 1, 1, False
104.4515, 2021-07-05T15:20:57.4805190+08:00, 0, 0.3882286, 1.448889, 1, 1, 1, False
104.4592, 2021-07-05T15:20:57.4880900+08:00, 0, 0.3882286, 1.448889, 1, 1, 1, False
104.4669, 2021-07-05T15:20:57.4958630+08:00, 0, 0.3882286, 1.448889, 1, 1, 1, False
104.4745, 2021-07-05T15:20:57.5033260+08:00, 0, 0.3882286, 1.448889, 1, 1, 1, False
104.4801, 2021-07-05T15:20:57.5090460+08:00, 0, 0.3882286, 1.448889, 1, 1, 1, False
104.4872, 2021-07-05T15:20:57.5161160+08:00, 0, 0.3882286, 1.448889, 1, 1, 1, False
104.5108, 2021-07-05T15:20:57.5396780+08:00, 0, 0.3882286, 1.448889, 1, 1, 1, False
104.5141, 2021-07-05T15:20:57.5429480+08:00, 0, 0.3882286, 1.448889, 1, 1, 1, False
104.5183, 2021-07-05T15:20:57.5471230+08:00, 0, 0.3882286, 1.448889, 1, 1, 1, False
104.5221, 2021-07-05T15:20:57.5509590+08:00, 0, 0.3882286, 1.448889, 1, 1, 1, False
104.5261, 2021-07-05T15:20:57.5549450+08:00, 0, 0.3882286, 1.448889, 1, 1, 1, False
104.5304, 2021-07-05T15:20:57.5592750+08:00, 0, 0.3882286, 1.448889, 1, 1, 1, False
104.5371, 2021-07-05T15:20:57.5659630+08:00, 0, 0.3882286, 1.448889, 1, 1, 1, False
104.5443, 2021-07-05T15:20:57.5732500+08:00, 0, 0.3882286, 1.448889, 1, 1, 1, False
104.5515, 2021-07-05T15:20:57.5803770+08:00, 0, 0.3882286, 1.448889, 1, 1, 1, False
104.5588, 2021-07-05T15:20:57.5878030+08:00, 0, 0.3882286, 1.448889, 1, 1, 1, False
104.6095, 2021-07-05T15:20:57.6384600+08:00, 0, 0.3882286, 1.448889, 1, 1, 1, False
104.6224, 2021-07-05T15:20:57.6512750+08:00, 0, 0.3882286, 1.448889, 1, 1, 1, False
104.626, 2021-07-05T15:20:57.6547810+08:00, 0, 0.3882286, 1.448889, 1, 1, 1, False
104.6303, 2021-07-05T15:20:57.6591500+08:00, 0, 0.3882286, 1.448889, 1, 1, 1, False
104.6341, 2021-07-05T15:20:57.6628840+08:00, 0, 0.3882286, 1.448889, 1, 1, 1, False
104.6382, 2021-07-05T15:20:57.6670830+08:00, 0, 0.3882286, 1.448889, 1, 1, 1, False
104.6422, 2021-07-05T15:20:57.6710150+08:00, 0, 0.3882286, 1.448889, 1, 1, 1, False
104.6461, 2021-07-05T15:20:57.6749110+08:00, 0, 0.3882286, 1.448889, 1, 1, 1, False
104.652, 2021-07-05T15:20:57.6809380+08:00, 0, 0.3882286, 1.448889, 1, 1, 1, False
104.6595, 2021-07-05T15:20:57.6884120+08:00, 0, 0.3882286, 1.448889, 1, 1, 1, False
104.667, 2021-07-05T15:20:57.6958770+08:00, 0, 12.94095, 48.29629, 1, 1, 1, False
104.6736, 2021-07-05T15:20:57.7025880+08:00, 0, 12.94095, 48.29629, 1, 1, 1, False
104.6817, 2021-07-05T15:20:57.7106400+08:00, 0, 12.94095, 48.29629, 1, 1, 1, False
104.6879, 2021-07-05T15:20:57.7168070+08:00, 0, 12.94095, 48.29629, 1, 1, 1, False
104.6946, 2021-07-05T15:20:57.7235200+08:00, 0, 12.94095, 48.29629, 1, 1, 1, False
104.7015, 2021-07-05T15:20:57.7304510+08:00, 0, 12.94095, 48.29629, 1, 1, 1, False
104.709, 2021-07-05T15:20:57.7378420+08:00, 0, 12.94095, 48.29629, 1, 1, 1, False
104.7152, 2021-07-05T15:20:57.7441590+08:00, 0, 12.94095, 48.29629, 1, 1, 1, False
104.7223, 2021-07-05T15:20:57.7511760+08:00, 0, 12.94095, 48.29629, 1, 1, 1, False
104.7292, 2021-07-05T15:20:57.7580900+08:00, 0, 12.94095, 48.29629, 1, 1, 1, False
104.7356, 2021-07-05T15:20:57.7645270+08:00, 0, 12.94095, 48.29629, 1, 1, 1, False
104.7426, 2021-07-05T15:20:57.7715000+08:00, 0, 12.94095, 48.29629, 1, 1, 1, False
104.7491, 2021-07-05T15:20:57.7779490+08:00, 0, 12.94095, 48.29629, 1, 1, 1, False
104.7562, 2021-07-05T15:20:57.7851050+08:00, 0, 12.94095, 48.29629, 1, 1, 1, False
104.7628, 2021-07-05T15:20:57.7917250+08:00, 0, 12.94095, 48.29629, 1, 1, 1, False
104.7693, 2021-07-05T15:20:57.7982610+08:00, 0, 12.94095, 48.29629, 1, 1, 1, False
104.7769, 2021-07-05T15:20:57.8057730+08:00, 0, 12.94095, 48.29629, 1, 1, 1, False
104.7831, 2021-07-05T15:20:57.8120380+08:00, 0, 12.94095, 48.29629, 1, 1, 1, False
104.7902, 2021-07-05T15:20:57.8189930+08:00, 0, 12.94095, 48.29629, 1, 1, 1, False
104.7962, 2021-07-05T15:20:57.8251110+08:00, 0, 12.94095, 48.29629, 1, 1, 1, False
104.8065, 2021-07-05T15:20:57.8378510+08:00, 0, 12.94095, 48.29629, 1, 1, 1, False
104.8144, 2021-07-05T15:20:57.8432460+08:00, 0, 12.94095, 48.29629, 1, 1, 1, False
104.8183, 2021-07-05T15:20:57.8471250+08:00, 0, 12.94095, 48.29629, 1, 1, 1, False
104.8241, 2021-07-05T15:20:57.8529810+08:00, 0, 12.94095, 48.29629, 1, 1, 1, False
104.8308, 2021-07-05T15:20:57.8597160+08:00, 0, 12.94095, 48.29629, 1, 1, 1, False
104.8379, 2021-07-05T15:20:57.8668160+08:00, 0, 12.94095, 48.29629, 1, 1, 1, False
104.8443, 2021-07-05T15:20:57.8731620+08:00, 0, 12.94095, 48.29629, 1, 1, 1, False
104.8512, 2021-07-05T15:20:57.8801060+08:00, 0, 12.94095, 48.29629, 1, 1, 1, False
104.8588, 2021-07-05T15:20:57.8876460+08:00, 0, 12.94095, 48.29629, 1, 1, 1, False
104.865, 2021-07-05T15:20:57.8939070+08:00, 0, 12.94095, 48.29629, 1, 1, 1, False
104.8716, 2021-07-05T15:20:57.9004990+08:00, 0, 12.94095, 48.29629, 1, 1, 1, False
104.8789, 2021-07-05T15:20:57.9077550+08:00, 0, 12.94095, 48.29629, 1, 1, 1, False
104.8851, 2021-07-05T15:20:57.9140630+08:00, 0, 12.94095, 48.29629, 1, 1, 1, False
104.8919, 2021-07-05T15:20:57.9207590+08:00, 0, 12.94095, 48.29629, 1, 1, 1, False
104.8987, 2021-07-05T15:20:57.9276080+08:00, 0, 12.94095, 48.29629, 1, 1, 1, False
104.9058, 2021-07-05T15:20:57.9347390+08:00, 0, 12.94095, 48.29629, 1, 1, 1, False
104.9121, 2021-07-05T15:20:57.9410120+08:00, 0, 12.94095, 48.29629, 1, 1, 1, False
104.9189, 2021-07-05T15:20:57.9478070+08:00, 0, 12.94095, 48.29629, 1, 1, 1, False
104.9269, 2021-07-05T15:20:57.9558700+08:00, 0, 12.94095, 48.29629, 1, 1, 1, False
104.9347, 2021-07-05T15:20:57.9636260+08:00, 0, 12.94095, 48.29629, 1, 1, 1, False
104.9428, 2021-07-05T15:20:57.9716870+08:00, 0, 12.94095, 48.29629, 1, 1, 1, False
104.9464, 2021-07-05T15:20:57.9752520+08:00, 0, 12.94095, 48.29629, 1, 1, 1, False
104.9526, 2021-07-05T15:20:57.9814400+08:00, 0, 12.94095, 48.29629, 1, 1, 1, False
104.9593, 2021-07-05T15:20:57.9882010+08:00, 0, 12.94095, 48.29629, 1, 1, 1, False
104.9667, 2021-07-05T15:20:57.9956800+08:00, 0, 12.94095, 48.29629, 1, 1, 1, False
104.9748, 2021-07-05T15:20:58.0036980+08:00, 0, 12.94095, 48.29629, 1, 1, 1, False
104.9827, 2021-07-05T15:20:58.0115780+08:00, 0, 12.94095, 48.29629, 1, 1, 1, False
104.9907, 2021-07-05T15:20:58.0195740+08:00, 0, 12.94095, 48.29629, 1, 1, 1, False
104.9987, 2021-07-05T15:20:58.0276210+08:00, 0, 12.94095, 48.29629, 1, 1, 1, False
105.0067, 2021-07-05T15:20:58.0355510+08:00, 0, 12.94095, 48.29629, 1, 1, 1, False
105.01, 2021-07-05T15:20:58.0387990+08:00, 0, 12.94095, 48.29629, 1, 1, 1, False
105.0144, 2021-07-05T15:20:58.0431970+08:00, 0, 12.94095, 48.29629, 1, 1, 1, False
105.0201, 2021-07-05T15:20:58.0490360+08:00, 0, 12.94095, 48.29629, 1, 1, 1, False
105.0271, 2021-07-05T15:20:58.0560250+08:00, 0, 12.94095, 48.29629, 1, 1, 1, False
105.0346, 2021-07-05T15:20:58.0635010+08:00, 0, 12.94095, 48.29629, 1, 1, 1, False
105.0409, 2021-07-05T15:20:58.0697920+08:00, 0, 12.94095, 48.29629, 1, 1, 1, False
105.0468, 2021-07-05T15:20:58.0758800+08:00, 0, 12.94095, 48.29629, 1, 1, 1, False
105.0539, 2021-07-05T15:20:58.0828770+08:00, 0, 12.94095, 48.29629, 1, 1, 1, False
105.0607, 2021-07-05T15:20:58.0896150+08:00, 0, 12.94095, 48.29629, 1, 1, 1, False
105.0675, 2021-07-05T15:20:58.0964230+08:00, 0, 12.94095, 48.29629, 1, 1, 1, False
105.0747, 2021-07-05T15:20:58.1035320+08:00, 0, 12.94095, 48.29629, 1, 1, 1, False
105.0814, 2021-07-05T15:20:58.1102990+08:00, 0, 12.94095, 48.29629, 1, 1, 1, False
105.0877, 2021-07-05T15:20:58.1166020+08:00, 0, 12.94095, 48.29629, 1, 1, 1, False
105.0943, 2021-07-05T15:20:58.1232300+08:00, 0, 12.94095, 48.29629, 1, 1, 1, False
105.1014, 2021-07-05T15:20:58.1303350+08:00, 0, 12.94095, 48.29629, 1, 1, 1, False
105.1078, 2021-07-05T15:20:58.1368360+08:00, 0, 12.94095, 48.29629, 1, 1, 1, False
105.1148, 2021-07-05T15:20:58.1437470+08:00, 0, 12.94095, 48.29629, 1, 1, 1, False
105.1225, 2021-07-05T15:20:58.1513380+08:00, 0, 12.94095, 48.29629, 1, 1, 1, False
105.1277, 2021-07-05T15:20:58.1565980+08:00, 0, 12.94095, 48.29629, 1, 1, 1, False
105.1346, 2021-07-05T15:20:58.1634170+08:00, 0, 12.94095, 48.29629, 1, 1, 1, False
105.1408, 2021-07-05T15:20:58.1697150+08:00, 0, 12.94095, 48.29629, 1, 1, 1, False
105.1474, 2021-07-05T15:20:58.1762580+08:00, 0, 12.94095, 48.29629, 1, 1, 1, False
105.1543, 2021-07-05T15:20:58.1832030+08:00, 0, 12.94095, 48.29629, 1, 1, 1, False
105.1608, 2021-07-05T15:20:58.1897580+08:00, 0, 12.94095, 48.29629, 1, 1, 1, False
105.1669, 2021-07-05T15:20:58.1957420+08:00, 0, 12.94095, 48.29629, 1, 1, 1, False
105.175, 2021-07-05T15:20:58.2039340+08:00, 0, 12.94095, 48.29629, 1, 1, 1, False
105.1827, 2021-07-05T15:20:58.2116560+08:00, 0, 12.94095, 48.29629, 1, 1, 1, False
105.1909, 2021-07-05T15:20:58.2198580+08:00, 0, 12.94095, 48.29629, 1, 1, 1, False
105.1986, 2021-07-05T15:20:58.2274450+08:00, 0, 12.94095, 48.29629, 1, 1, 1, False
105.2063, 2021-07-05T15:20:58.2352050+08:00, 0, 12.94095, 48.29629, 1, 1, 1, False
105.2101, 2021-07-05T15:20:58.2389560+08:00, 0, 12.94095, 48.29629, 1, 1, 1, False
105.2142, 2021-07-05T15:20:58.2430690+08:00, 0, 12.94095, 48.29629, 1, 1, 1, False
105.2197, 2021-07-05T15:20:58.2485500+08:00, 0, 12.94095, 48.29629, 1, 1, 1, False
105.2265, 2021-07-05T15:20:58.2553390+08:00, 0, 12.94095, 48.29629, 1, 1, 1, False
105.2325, 2021-07-05T15:20:58.2613830+08:00, 0, 12.94095, 48.29629, 1, 1, 1, False
105.2382, 2021-07-05T15:20:58.2670880+08:00, 0, 12.94095, 48.29629, 1, 1, 1, False
105.2447, 2021-07-05T15:20:58.2736520+08:00, 0, 12.94095, 48.29629, 1, 1, 1, False
105.2514, 2021-07-05T15:20:58.2802800+08:00, 0, 12.94095, 48.29629, 1, 1, 1, False
105.2587, 2021-07-05T15:20:58.2876320+08:00, 0, 12.94095, 48.29629, 1, 1, 1, False
105.2668, 2021-07-05T15:20:58.2956370+08:00, 0, 12.94095, 48.29629, 1, 1, 1, False
105.2747, 2021-07-05T15:20:58.3035740+08:00, 0, 12.94095, 48.29629, 1, 1, 1, False
105.2781, 2021-07-05T15:20:58.3069650+08:00, 0, 12.94095, 48.29629, 1, 1, 1, False
105.2839, 2021-07-05T15:20:58.3129020+08:00, 0, 12.94095, 48.29629, 1, 1, 1, False
105.2907, 2021-07-05T15:20:58.3196000+08:00, 0, 12.94095, 48.29629, 1, 1, 1, False
105.297, 2021-07-05T15:20:58.3258270+08:00, 0, 12.94095, 48.29629, 1, 1, 1, False
105.3036, 2021-07-05T15:20:58.3324770+08:00, 0, 12.94095, 48.29629, 1, 1, 1, False
105.3104, 2021-07-05T15:20:58.3393120+08:00, 0, 12.94095, 48.29629, 1, 1, 1, False
105.3163, 2021-07-05T15:20:58.3452060+08:00, 0, 12.94095, 48.29629, 1, 1, 1, False
105.3227, 2021-07-05T15:20:58.3516090+08:00, 0, 12.94095, 48.29629, 1, 1, 1, False
105.3292, 2021-07-05T15:20:58.3580660+08:00, 0, 12.94095, 48.29629, 1, 1, 1, False
105.3356, 2021-07-05T15:20:58.3645100+08:00, 0, 12.94095, 48.29629, 1, 1, 1, False
105.3428, 2021-07-05T15:20:58.3717150+08:00, 0, 12.94095, 48.29629, 1, 1, 1, False
105.3487, 2021-07-05T15:20:58.3776330+08:00, 0, 12.94095, 48.29629, 1, 1, 1, False
105.3552, 2021-07-05T15:20:58.3840510+08:00, 0, 12.94095, 48.29629, 1, 1, 1, False
105.3627, 2021-07-05T15:20:58.3916190+08:00, 0, 12.94095, 48.29629, 1, 1, 1, False
105.369, 2021-07-05T15:20:58.3978490+08:00, 0, 12.94095, 48.29629, 1, 1, 1, False
105.3748, 2021-07-05T15:20:58.4038340+08:00, 0, 12.94095, 48.29629, 1, 1, 1, False
105.3816, 2021-07-05T15:20:58.4105300+08:00, 0, 12.94095, 48.29629, 1, 1, 1, False
105.3885, 2021-07-05T15:20:58.4174020+08:00, 0, 12.94095, 48.29629, 1, 1, 1, False
105.3951, 2021-07-05T15:20:58.4239930+08:00, 0, 12.94095, 48.29629, 1, 1, 1, False
105.4011, 2021-07-05T15:20:58.4301200+08:00, 0, 12.94095, 48.29629, 1, 1, 1, False
105.4082, 2021-07-05T15:20:58.4371260+08:00, 0, 12.94095, 48.29629, 1, 1, 1, False
105.4147, 2021-07-05T15:20:58.4436500+08:00, 0, 12.94095, 48.29629, 1, 1, 1, False
105.4223, 2021-07-05T15:20:58.4511570+08:00, 0, 12.94095, 48.29629, 1, 1, 1, False
105.4267, 2021-07-05T15:20:58.4556410+08:00, 0, 12.94095, 48.29629, 1, 1, 1, False
105.4335, 2021-07-05T15:20:58.4623530+08:00, 0, 12.94095, 48.29629, 1, 1, 1, False
105.4404, 2021-07-05T15:20:58.4693520+08:00, 0, 12.94095, 48.29629, 1, 1, 1, False
105.4466, 2021-07-05T15:20:58.4754840+08:00, 0, 12.94095, 48.29629, 1, 1, 1, False
105.4533, 2021-07-05T15:20:58.4821810+08:00, 0, 12.94095, 48.29629, 1, 1, 1, False
105.4591, 2021-07-05T15:20:58.4880390+08:00, 0, 12.94095, 48.29629, 1, 1, 1, False
105.4804, 2021-07-05T15:20:58.5093310+08:00, 0, 12.94095, 48.29629, 1, 1, 1, False
105.4864, 2021-07-05T15:20:58.5153160+08:00, 0, 12.94095, 48.29629, 1, 1, 1, False
105.4903, 2021-07-05T15:20:58.5190980+08:00, 0, 12.94095, 48.29629, 1, 1, 1, False
105.494, 2021-07-05T15:20:58.5228450+08:00, 0, 12.94095, 48.29629, 1, 1, 1, False
105.4983, 2021-07-05T15:20:58.5271930+08:00, 0, 12.94095, 48.29629, 1, 1, 1, False
105.5021, 2021-07-05T15:20:58.5309820+08:00, 0, 12.94095, 48.29629, 1, 1, 1, False
105.5061, 2021-07-05T15:20:58.5349230+08:00, 0, 12.94095, 48.29629, 1, 1, 1, False
105.5108, 2021-07-05T15:20:58.5397450+08:00, 0, 12.94095, 48.29629, 1, 1, 1, False
105.518, 2021-07-05T15:20:58.5468440+08:00, 0, 12.94095, 48.29629, 1, 1, 1, False
105.524, 2021-07-05T15:20:58.5529150+08:00, 0, 12.94095, 48.29629, 1, 1, 1, False
105.5309, 2021-07-05T15:20:58.5597780+08:00, 0, 12.94095, 48.29629, 1, 1, 1, False
105.5382, 2021-07-05T15:20:58.5670800+08:00, 0, 12.94095, 48.29629, 1, 1, 1, False
105.5425, 2021-07-05T15:20:58.5714750+08:00, 0, 12.94095, 48.29629, 1, 1, 1, False
105.5493, 2021-07-05T15:20:58.5782070+08:00, 0, 12.94095, 48.29629, 1, 1, 1, False
105.5557, 2021-07-05T15:20:58.5846430+08:00, 0, 12.94095, 48.29629, 1, 1, 1, False
105.5628, 2021-07-05T15:20:58.5917370+08:00, 0, 12.94095, 48.29629, 1, 1, 1, False
105.5692, 2021-07-05T15:20:58.5981030+08:00, 0, 12.94095, 48.29629, 1, 1, 1, False
105.5752, 2021-07-05T15:20:58.6041160+08:00, 0, 12.94095, 48.29629, 1, 1, 1, False
105.5825, 2021-07-05T15:20:58.6113690+08:00, 0, 12.94095, 48.29629, 1, 1, 1, False
105.5883, 2021-07-05T15:20:58.6172130+08:00, 0, 12.94095, 48.29629, 1, 1, 1, False
105.5946, 2021-07-05T15:20:58.6235180+08:00, 0, 12.94095, 48.29629, 1, 1, 1, False
105.6012, 2021-07-05T15:20:58.6302630+08:00, 0, 12.94095, 48.29629, 1, 1, 1, False
105.6079, 2021-07-05T15:20:58.6367910+08:00, 0, 12.94095, 48.29629, 1, 1, 1, False
105.6147, 2021-07-05T15:20:58.6435290+08:00, 0, 12.94095, 48.29629, 1, 1, 1, False
105.6209, 2021-07-05T15:20:58.6498390+08:00, 0, 12.94095, 48.29629, 1, 1, 1, False
105.6274, 2021-07-05T15:20:58.6562890+08:00, 0, 12.94095, 48.29629, 1, 1, 1, False
105.6347, 2021-07-05T15:20:58.6636450+08:00, 0, 12.94095, 48.29629, 1, 1, 1, False
105.6404, 2021-07-05T15:20:58.6693470+08:00, 0, 12.94095, 48.29629, 1, 1, 1, False
105.6469, 2021-07-05T15:20:58.6758520+08:00, 0, 12.94095, 48.29629, 1, 1, 1, False
105.6535, 2021-07-05T15:20:58.6823430+08:00, 0, 12.94095, 48.29629, 1, 1, 1, False
105.6598, 2021-07-05T15:20:58.6886870+08:00, 0, 12.94095, 48.29629, 1, 1, 1, False
105.6667, 2021-07-05T15:20:58.6955860+08:00, 0, 12.94095, 48.29629, 1, 1, 1, False
105.6732, 2021-07-05T15:20:58.7020400+08:00, 0, 12.94095, 48.29629, 1, 1, 1, False
105.6793, 2021-07-05T15:20:58.7082160+08:00, 0, 12.94095, 48.29629, 1, 1, 1, False
105.6857, 2021-07-05T15:20:58.7147640+08:00, 0, 12.94095, 48.29629, 1, 1, 1, False
105.6931, 2021-07-05T15:20:58.7220190+08:00, 0, 12.94095, 48.29629, 1, 1, 1, False
105.6991, 2021-07-05T15:20:58.7280090+08:00, 0, 12.94095, 48.29629, 1, 1, 1, False
105.7056, 2021-07-05T15:20:58.7345230+08:00, 0, 12.94095, 48.29629, 1, 1, 1, False
105.7125, 2021-07-05T15:20:58.7413290+08:00, 0, 12.94095, 48.29629, 1, 1, 1, False
105.7184, 2021-07-05T15:20:58.7473290+08:00, 0, 12.94095, 48.29629, 1, 1, 1, False
105.725, 2021-07-05T15:20:58.7539510+08:00, 0, 12.94095, 48.29629, 1, 1, 1, False
105.7313, 2021-07-05T15:20:58.7602510+08:00, 0, 12.94095, 48.29629, 1, 1, 1, False
105.7385, 2021-07-05T15:20:58.7673540+08:00, 0, 12.94095, 48.29629, 1, 1, 1, False
105.7443, 2021-07-05T15:20:58.7732790+08:00, 0, 12.94095, 48.29629, 1, 1, 1, False
105.7542, 2021-07-05T15:20:58.7872680+08:00, 0, 12.94095, 48.29629, 1, 1, 1, False
105.7622, 2021-07-05T15:20:58.7911070+08:00, 0, 12.94095, 48.29629, 1, 1, 1, False
105.7662, 2021-07-05T15:20:58.7950050+08:00, 0, 12.94095, 48.29629, 1, 1, 1, False
105.7712, 2021-07-05T15:20:58.8000910+08:00, 0, 12.94095, 48.29629, 1, 1, 1, False
105.7773, 2021-07-05T15:20:58.8061610+08:00, 0, 12.94095, 48.29629, 1, 1, 1, False
105.7839, 2021-07-05T15:20:58.8128560+08:00, 0, 12.94095, 48.29629, 1, 1, 1, False
105.7908, 2021-07-05T15:20:58.8197080+08:00, 0, 12.94095, 48.29629, 1, 1, 1, False
105.7988, 2021-07-05T15:20:58.8277420+08:00, 0, 12.94095, 48.29629, 1, 1, 1, False
105.8066, 2021-07-05T15:20:58.8354850+08:00, 0, 12.94095, 48.29629, 1, 1, 1, False
105.8104, 2021-07-05T15:20:58.8392940+08:00, 0, 12.94095, 48.29629, 1, 1, 1, False
105.8162, 2021-07-05T15:20:58.8451490+08:00, 0, 12.94095, 48.29629, 1, 1, 1, False
105.8236, 2021-07-05T15:20:58.8525430+08:00, 0, 12.94095, 48.29629, 1, 1, 1, False
105.8302, 2021-07-05T15:20:58.8590970+08:00, 0, 12.94095, 48.29629, 1, 1, 1, False
105.8365, 2021-07-05T15:20:58.8653350+08:00, 0, 12.94095, 48.29629, 1, 1, 1, False
105.8425, 2021-07-05T15:20:58.8714840+08:00, 0, 12.94095, 48.29629, 1, 1, 1, False
105.8489, 2021-07-05T15:20:58.8777970+08:00, 0, 12.94095, 48.29629, 1, 1, 1, False
105.8553, 2021-07-05T15:20:58.8841570+08:00, 0, 12.94095, 48.29629, 1, 1, 1, False
105.8617, 2021-07-05T15:20:58.8906050+08:00, 0, 12.94095, 48.29629, 1, 1, 1, False
105.868, 2021-07-05T15:20:58.8969650+08:00, 0, 12.94095, 48.29629, 1, 1, 1, False
105.8753, 2021-07-05T15:20:58.9041360+08:00, 0, 12.94095, 48.29629, 1, 1, 1, False
105.8824, 2021-07-05T15:20:58.9113240+08:00, 0, 12.94095, 48.29629, 1, 1, 1, False
105.8877, 2021-07-05T15:20:58.9165880+08:00, 0, 12.94095, 48.29629, 1, 1, 1, False
105.8947, 2021-07-05T15:20:58.9236100+08:00, 0, 12.94095, 48.29629, 1, 1, 1, False
105.9007, 2021-07-05T15:20:58.9297130+08:00, 0, 12.94095, 48.29629, 1, 1, 1, False
105.9072, 2021-07-05T15:20:58.9360780+08:00, 0, 12.94095, 48.29629, 1, 1, 1, False
105.9147, 2021-07-05T15:20:58.9435240+08:00, 0, 12.94095, 48.29629, 1, 1, 1, False
105.9205, 2021-07-05T15:20:58.9494560+08:00, 0, 12.94095, 48.29629, 1, 1, 1, False
105.9267, 2021-07-05T15:20:58.9555360+08:00, 0, 12.94095, 48.29629, 1, 1, 1, False
105.9332, 2021-07-05T15:20:58.9622670+08:00, 0, 12.94095, 48.29629, 1, 1, 1, False
105.9398, 2021-07-05T15:20:58.9687310+08:00, 0, 12.94095, 48.29629, 1, 1, 1, False
105.9467, 2021-07-05T15:20:58.9756410+08:00, 0, 12.94095, 48.29629, 1, 1, 1, False
105.953, 2021-07-05T15:20:58.9818930+08:00, 0, 12.94095, 48.29629, 1, 1, 1, False
105.9591, 2021-07-05T15:20:58.9879760+08:00, 0, 12.94095, 48.29629, 1, 1, 1, False
105.9664, 2021-07-05T15:20:58.9953380+08:00, 0, 12.94095, 48.29629, 1, 1, 1, False
105.9721, 2021-07-05T15:20:59.0009720+08:00, 0, 12.94095, 48.29629, 1, 1, 1, False
105.9788, 2021-07-05T15:20:59.0076650+08:00, 0, 12.94095, 48.29629, 1, 1, 1, False
105.9849, 2021-07-05T15:20:59.0139280+08:00, 0, 12.94095, 48.29629, 1, 1, 1, False
105.9922, 2021-07-05T15:20:59.0210790+08:00, 0, 12.94095, 48.29629, 1, 1, 1, False
105.9986, 2021-07-05T15:20:59.0274880+08:00, 0, 12.94095, 48.29629, 1, 1, 1, False
106.0065, 2021-07-05T15:20:59.0354560+08:00, 0, 12.94095, 48.29629, 1, 1, 1, False
106.0107, 2021-07-05T15:20:59.0395900+08:00, 0, 12.94095, 48.29629, 1, 1, 1, False
106.0175, 2021-07-05T15:20:59.0464230+08:00, 0, 12.94095, 48.29629, 1, 1, 1, False
106.0245, 2021-07-05T15:20:59.0534180+08:00, 0, 12.94095, 48.29629, 1, 1, 1, False
106.0307, 2021-07-05T15:20:59.0596390+08:00, 0, 12.94095, 48.29629, 1, 1, 1, False
106.0374, 2021-07-05T15:20:59.0662710+08:00, 0, 12.94095, 48.29629, 1, 1, 1, False
106.0432, 2021-07-05T15:20:59.0721670+08:00, 0, 12.94095, 48.29629, 1, 1, 1, False
106.0507, 2021-07-05T15:20:59.0796090+08:00, 0, 12.94095, 48.29629, 1, 1, 1, False
106.0586, 2021-07-05T15:20:59.0875270+08:00, 0, 12.94095, 48.29629, 1, 1, 1, False
106.0668, 2021-07-05T15:20:59.0957410+08:00, 0, 12.94095, 48.29629, 1, 1, 1, False
106.0747, 2021-07-05T15:20:59.1035470+08:00, 0, 12.94095, 48.29629, 1, 1, 1, False
106.0828, 2021-07-05T15:20:59.1117890+08:00, 0, 12.94095, 48.29629, 1, 1, 1, False
106.0908, 2021-07-05T15:20:59.1197240+08:00, 0, 12.94095, 48.29629, 1, 1, 1, False
106.0987, 2021-07-05T15:20:59.1276520+08:00, 0, 12.94095, 48.29629, 1, 1, 1, False
106.1067, 2021-07-05T15:20:59.1356110+08:00, 0, 12.94095, 48.29629, 1, 1, 1, False
106.1149, 2021-07-05T15:20:59.1438280+08:00, 0, 12.94095, 48.29629, 1, 1, 1, False
106.1225, 2021-07-05T15:20:59.1513690+08:00, 0, 12.94095, 48.29629, 1, 1, 1, False
106.1261, 2021-07-05T15:20:59.1549750+08:00, 0, 12.94095, 48.29629, 1, 1, 1, False
106.13, 2021-07-05T15:20:59.1588660+08:00, 0, 12.94095, 48.29629, 1, 1, 1, False
106.1343, 2021-07-05T15:20:59.1632030+08:00, 0, 12.94095, 48.29629, 1, 1, 1, False
106.1381, 2021-07-05T15:20:59.1668910+08:00, 0, 12.94095, 48.29629, 1, 1, 1, False
106.1424, 2021-07-05T15:20:59.1712580+08:00, 0, 12.94095, 48.29629, 1, 1, 1, False
106.1469, 2021-07-05T15:20:59.1757670+08:00, 0, 12.94095, 48.29629, 1, 1, 1, False
106.1527, 2021-07-05T15:20:59.1816030+08:00, 0, 12.94095, 48.29629, 1, 1, 1, False
106.1593, 2021-07-05T15:20:59.1881800+08:00, 0, 12.94095, 48.29629, 1, 1, 1, False
106.1668, 2021-07-05T15:20:59.1956970+08:00, 0, 12.94095, 48.29629, 1, 1, 1, False
106.1721, 2021-07-05T15:20:59.2010360+08:00, 0, 12.94095, 48.29629, 1, 1, 1, False
106.1789, 2021-07-05T15:20:59.2077970+08:00, 0, 12.94095, 48.29629, 1, 1, 1, False
106.1864, 2021-07-05T15:20:59.2152490+08:00, 0, 12.94095, 48.29629, 1, 1, 1, False
106.1915, 2021-07-05T15:20:59.2203420+08:00, 0, 12.94095, 48.29629, 1, 1, 1, False
106.1986, 2021-07-05T15:20:59.2274680+08:00, 0, 12.94095, 48.29629, 1, 1, 1, False
106.2049, 2021-07-05T15:20:59.2338810+08:00, 0, 12.94095, 48.29629, 1, 1, 1, False
106.2109, 2021-07-05T15:20:59.2397520+08:00, 0, 12.94095, 48.29629, 1, 1, 1, False
106.2178, 2021-07-05T15:20:59.2467060+08:00, 0, 12.94095, 48.29629, 1, 1, 1, False
106.2244, 2021-07-05T15:20:59.2533890+08:00, 0, 12.94095, 48.29629, 1, 1, 1, False
106.2307, 2021-07-05T15:20:59.2595590+08:00, 0, 12.94095, 48.29629, 1, 1, 1, False
106.2373, 2021-07-05T15:20:59.2662200+08:00, 0, 12.94095, 48.29629, 1, 1, 1, False
106.2431, 2021-07-05T15:20:59.2721530+08:00, 0, 12.94095, 48.29629, 1, 1, 1, False
106.2504, 2021-07-05T15:20:59.2792610+08:00, 0, 12.94095, 48.29629, 1, 1, 1, False
106.2564, 2021-07-05T15:20:59.2852530+08:00, 0, 12.94095, 48.29629, 1, 1, 1, False
106.2627, 2021-07-05T15:20:59.2916100+08:00, 0, 12.94095, 48.29629, 1, 1, 1, False
106.2691, 2021-07-05T15:20:59.2980600+08:00, 0, 12.94095, 48.29629, 1, 1, 1, False
106.2763, 2021-07-05T15:20:59.3052340+08:00, 0, 12.94095, 48.29629, 1, 1, 1, False
106.2827, 2021-07-05T15:20:59.3115940+08:00, 0, 12.94095, 48.29629, 1, 1, 1, False
106.2893, 2021-07-05T15:20:59.3182280+08:00, 0, 12.94095, 48.29629, 1, 1, 1, False
106.3168, 2021-07-05T15:20:59.3457390+08:00, 0, 12.94095, 48.29629, 1, 1, 1, False
106.3226, 2021-07-05T15:20:59.3515440+08:00, 0, 12.94095, 48.29629, 1, 1, 1, False
106.326, 2021-07-05T15:20:59.3548710+08:00, 0, 12.94095, 48.29629, 1, 1, 1, False
106.3302, 2021-07-05T15:20:59.3590850+08:00, 0, 12.94095, 48.29629, 1, 1, 1, False
106.3341, 2021-07-05T15:20:59.3629600+08:00, 0, 12.94095, 48.29629, 1, 1, 1, False
106.3381, 2021-07-05T15:20:59.3669600+08:00, 0, 12.94095, 48.29629, 1, 1, 1, False
106.3422, 2021-07-05T15:20:59.3711040+08:00, 0, 12.94095, 48.29629, 1, 1, 1, False
106.3461, 2021-07-05T15:20:59.3749120+08:00, 0, 12.94095, 48.29629, 1, 1, 1, False
106.3501, 2021-07-05T15:20:59.3789530+08:00, 0, 12.94095, 48.29629, 1, 1, 1, False
106.3569, 2021-07-05T15:20:59.3858990+08:00, 0, 12.94095, 48.29629, 1, 1, 1, False
106.3635, 2021-07-05T15:20:59.3923790+08:00, 0, 12.94095, 48.29629, 1, 1, 1, False
106.3702, 2021-07-05T15:20:59.3990690+08:00, 0, 12.94095, 48.29629, 1, 1, 1, False
106.3761, 2021-07-05T15:20:59.4049850+08:00, 0, 12.94095, 48.29629, 1, 1, 1, False
106.3828, 2021-07-05T15:20:59.4117490+08:00, 0, 12.94095, 48.29629, 1, 1, 1, False
106.3891, 2021-07-05T15:20:59.4180350+08:00, 0, 12.94095, 48.29629, 1, 1, 1, False
106.3956, 2021-07-05T15:20:59.4244770+08:00, 0, 12.94095, 48.29629, 1, 1, 1, False
106.4025, 2021-07-05T15:20:59.4313690+08:00, 0, 12.94095, 48.29629, 1, 1, 1, False
106.4085, 2021-07-05T15:20:59.4374010+08:00, 0, 12.94095, 48.29629, 1, 1, 1, False
106.4152, 2021-07-05T15:20:59.4441100+08:00, 0, 12.94095, 48.29629, 1, 1, 1, False
106.4215, 2021-07-05T15:20:59.4505170+08:00, 0, 12.94095, 48.29629, 1, 1, 1, False
106.4279, 2021-07-05T15:20:59.4568420+08:00, 0, 12.94095, 48.29629, 1, 1, 1, False
106.4345, 2021-07-05T15:20:59.4635200+08:00, 0, 12.94095, 48.29629, 1, 1, 1, False
106.4425, 2021-07-05T15:20:59.4714270+08:00, 0, 12.94095, 48.29629, 1, 1, 1, False
106.448, 2021-07-05T15:20:59.4769040+08:00, 0, 12.94095, 48.29629, 1, 1, 1, False
106.4546, 2021-07-05T15:20:59.4834790+08:00, 0, 12.94095, 48.29629, 1, 1, 1, False
106.4616, 2021-07-05T15:20:59.4905290+08:00, 0, 12.94095, 48.29629, 1, 1, 1, False
106.4676, 2021-07-05T15:20:59.4965150+08:00, 0, 12.94095, 48.29629, 1, 1, 1, False
106.4745, 2021-07-05T15:20:59.5033310+08:00, 0, 12.94095, 48.29629, 1, 1, 1, False
106.4807, 2021-07-05T15:20:59.5096270+08:00, 0, 12.94095, 48.29629, 1, 1, 1, False
106.4874, 2021-07-05T15:20:59.5162940+08:00, 0, 12.94095, 48.29629, 1, 1, 1, False
106.4935, 2021-07-05T15:20:59.5224120+08:00, 0, 12.94095, 48.29629, 1, 1, 1, False
106.5, 2021-07-05T15:20:59.5290190+08:00, 0, 12.94095, 48.29629, 1, 1, 1, False
106.5069, 2021-07-05T15:20:59.5357800+08:00, 0, 12.94095, 48.29629, 1, 1, 1, False
106.5129, 2021-07-05T15:20:59.5418530+08:00, 0, 12.94095, 48.29629, 1, 1, 1, False
106.5199, 2021-07-05T15:20:59.5487200+08:00, 0, 12.94095, 48.29629, 1, 1, 1, False
106.5265, 2021-07-05T15:20:59.5554250+08:00, 0, 12.94095, 48.29629, 1, 1, 1, False
106.5323, 2021-07-05T15:20:59.5612320+08:00, 0, 12.94095, 48.29629, 1, 1, 1, False
106.5387, 2021-07-05T15:20:59.5676430+08:00, 0, 12.94095, 48.29629, 1, 1, 1, False
106.5452, 2021-07-05T15:20:59.5741720+08:00, 0, 12.94095, 48.29629, 1, 1, 1, False
106.5516, 2021-07-05T15:20:59.5805250+08:00, 0, 12.94095, 48.29629, 1, 1, 1, False
106.5588, 2021-07-05T15:20:59.5877410+08:00, 0, 12.94095, 48.29629, 1, 1, 1, False
106.5669, 2021-07-05T15:20:59.5957870+08:00, 0, 12.94095, 48.29629, 1, 1, 1, False
106.5747, 2021-07-05T15:20:59.6035780+08:00, 0, 12.94095, 48.29629, 1, 1, 1, False
106.5785, 2021-07-05T15:20:59.6073410+08:00, 0, 12.94095, 48.29629, 1, 1, 1, False
106.5844, 2021-07-05T15:20:59.6134780+08:00, 0, 12.94095, 48.29629, 1, 1, 1, False
106.591, 2021-07-05T15:20:59.6198920+08:00, 0, 12.94095, 48.29629, 1, 1, 1, False
106.5985, 2021-07-05T15:20:59.6274340+08:00, 0, 12.94095, 48.29629, 1, 1, 1, False
106.6044, 2021-07-05T15:20:59.6334580+08:00, 0, 12.94095, 48.29629, 1, 1, 1, False
106.6105, 2021-07-05T15:20:59.6394560+08:00, 0, 12.94095, 48.29629, 1, 1, 1, False
106.6172, 2021-07-05T15:20:59.6461810+08:00, 0, 12.94095, 48.29629, 1, 1, 1, False
106.6237, 2021-07-05T15:20:59.6527140+08:00, 0, 12.94095, 48.29629, 1, 1, 1, False
106.6307, 2021-07-05T15:20:59.6596040+08:00, 0, 12.94095, 48.29629, 1, 1, 1, False
106.6372, 2021-07-05T15:20:59.6660970+08:00, 0, 12.94095, 48.29629, 1, 1, 1, False
106.6432, 2021-07-05T15:20:59.6721640+08:00, 0, 12.94095, 48.29629, 1, 1, 1, False
106.6503, 2021-07-05T15:20:59.6791710+08:00, 0, 12.94095, 48.29629, 1, 1, 1, False
106.6568, 2021-07-05T15:20:59.6856830+08:00, 0, 12.94095, 48.29629, 1, 1, 1, False
106.6627, 2021-07-05T15:20:59.6916840+08:00, 0, 12.94095, 48.29629, 1, 1, 1, False
106.6696, 2021-07-05T15:20:59.6984870+08:00, 0, 12.94095, 48.29629, 1, 1, 1, False
106.6757, 2021-07-05T15:20:59.7045870+08:00, 0, 12.94095, 48.29629, 1, 1, 1, False
106.6827, 2021-07-05T15:20:59.7116190+08:00, 0, 12.94095, 48.29629, 1, 1, 1, False
106.6889, 2021-07-05T15:20:59.7178900+08:00, 0, 12.94095, 48.29629, 1, 1, 1, False
106.6983, 2021-07-05T15:20:59.7330640+08:00, 0, 12.94095, 48.29629, 1, 1, 1, False
106.7106, 2021-07-05T15:20:59.7394710+08:00, 0, 12.94095, 48.29629, 1, 1, 1, False
106.7141, 2021-07-05T15:20:59.7429250+08:00, 0, 12.94095, 48.29629, 1, 1, 1, False
106.7182, 2021-07-05T15:20:59.7470240+08:00, 0, 12.94095, 48.29629, 1, 1, 1, False
106.7222, 2021-07-05T15:20:59.7510400+08:00, 0, 12.94095, 48.29629, 1, 1, 1, False
106.7278, 2021-07-05T15:20:59.7566790+08:00, 0, 12.94095, 48.29629, 1, 1, 1, False
106.7348, 2021-07-05T15:20:59.7636720+08:00, 0, 12.94095, 48.29629, 1, 1, 1, False
106.7408, 2021-07-05T15:20:59.7697380+08:00, 0, 12.94095, 48.29629, 1, 1, 1, False
106.7478, 2021-07-05T15:20:59.7766430+08:00, 0, 12.94095, 48.29629, 1, 1, 1, False
106.7544, 2021-07-05T15:20:59.7833070+08:00, 0, 12.94095, 48.29629, 1, 1, 1, False
106.7609, 2021-07-05T15:20:59.7898550+08:00, 0, 12.94095, 48.29629, 1, 1, 1, False
106.7668, 2021-07-05T15:20:59.7957460+08:00, 0, 12.94095, 48.29629, 1, 1, 1, False
106.7734, 2021-07-05T15:20:59.8023680+08:00, 0, 12.94095, 48.29629, 1, 1, 1, False
106.7804, 2021-07-05T15:20:59.8093960+08:00, 0, 12.94095, 48.29629, 1, 1, 1, False
106.7871, 2021-07-05T15:20:59.8160870+08:00, 0, 12.94095, 48.29629, 1, 1, 1, False
106.7946, 2021-07-05T15:20:59.8234540+08:00, 0, 12.94095, 48.29629, 1, 1, 1, False
106.7997, 2021-07-05T15:20:59.8286210+08:00, 0, 12.94095, 48.29629, 1, 1, 1, False
106.8064, 2021-07-05T15:20:59.8353600+08:00, 0, 12.94095, 48.29629, 1, 1, 1, False
106.8123, 2021-07-05T15:20:59.8412110+08:00, 0, 12.94095, 48.29629, 1, 1, 1, False
106.819, 2021-07-05T15:20:59.8479210+08:00, 0, 12.94095, 48.29629, 1, 1, 1, False
106.8263, 2021-07-05T15:20:59.8552530+08:00, 0, 12.94095, 48.29629, 1, 1, 1, False
106.8321, 2021-07-05T15:20:59.8610560+08:00, 0, 12.94095, 48.29629, 1, 1, 1, False
106.8386, 2021-07-05T15:20:59.8675260+08:00, 0, 12.94095, 48.29629, 1, 1, 1, False
106.8449, 2021-07-05T15:20:59.8738450+08:00, 0, 12.94095, 48.29629, 1, 1, 1, False
106.8515, 2021-07-05T15:20:59.8804150+08:00, 0, 12.94095, 48.29629, 1, 1, 1, False
106.8587, 2021-07-05T15:20:59.8875570+08:00, 0, 12.94095, 48.29629, 1, 1, 1, False
106.8647, 2021-07-05T15:20:59.8937540+08:00, 0, 12.94095, 48.29629, 1, 1, 1, False
106.8712, 2021-07-05T15:20:59.9000900+08:00, 0, 12.94095, 48.29629, 1, 1, 1, False
106.8787, 2021-07-05T15:20:59.9075890+08:00, 0, 12.94095, 48.29629, 1, 1, 1, False
106.8843, 2021-07-05T15:20:59.9135040+08:00, 0, 12.94095, 48.29629, 1, 1, 1, False
106.8909, 2021-07-05T15:20:59.9198480+08:00, 0, 12.94095, 48.29629, 1, 1, 1, False
106.8978, 2021-07-05T15:20:59.9266920+08:00, 0, 12.94095, 48.29629, 1, 1, 1, False
106.9038, 2021-07-05T15:20:59.9327480+08:00, 0, 12.94095, 48.29629, 1, 1, 1, False
106.9109, 2021-07-05T15:20:59.9398060+08:00, 0, 12.94095, 48.29629, 1, 1, 1, False
106.9169, 2021-07-05T15:20:59.9458390+08:00, 0, 12.94095, 48.29629, 1, 1, 1, False
106.9232, 2021-07-05T15:20:59.9522340+08:00, 0, 12.94095, 48.29629, 1, 1, 1, False
106.9305, 2021-07-05T15:20:59.9594490+08:00, 0, 12.94095, 48.29629, 1, 1, 1, False
106.9383, 2021-07-05T15:20:59.9671930+08:00, 0, 12.94095, 48.29629, 1, 1, 1, False
106.9427, 2021-07-05T15:20:59.9715910+08:00, 0, 12.94095, 48.29629, 1, 1, 1, False
106.9494, 2021-07-05T15:20:59.9782720+08:00, 0, 12.94095, 48.29629, 1, 1, 1, False
106.9556, 2021-07-05T15:20:59.9846820+08:00, 0, 12.94095, 48.29629, 1, 1, 1, False
106.9629, 2021-07-05T15:20:59.9917970+08:00, 0, 12.94095, 48.29629, 1, 1, 1, False
106.9698, 2021-07-05T15:20:59.9986840+08:00, 0, 12.94095, 48.29629, 1, 1, 1, False
106.976, 2021-07-05T15:21:00.0050200+08:00, 0, 12.94095, 48.29629, 1, 1, 1, False
106.9829, 2021-07-05T15:21:00.0120940+08:00, 0, 12.94095, 48.29629, 1, 1, 1, False
106.9912, 2021-07-05T15:21:00.0200670+08:00, 0, 12.94095, 48.29629, 1, 1, 1, False
106.9969, 2021-07-05T15:21:00.0258330+08:00, 0, 12.94095, 48.29629, 1, 1, 1, False
107.0039, 2021-07-05T15:21:00.0330300+08:00, 0, 12.94095, 48.29629, 1, 1, 1, False
107.0116, 2021-07-05T15:21:00.0406120+08:00, 0, 12.94095, 48.29629, 1, 1, 1, False
107.0188, 2021-07-05T15:21:00.0477350+08:00, 0, 12.94095, 48.29629, 1, 1, 1, False
107.0262, 2021-07-05T15:21:00.0551500+08:00, 0, 12.94095, 48.29629, 1, 1, 1, False
107.0311, 2021-07-05T15:21:00.0601530+08:00, 0, 12.94095, 48.29629, 1, 1, 1, False
107.038, 2021-07-05T15:21:00.0669260+08:00, 0, 12.94095, 48.29629, 1, 1, 1, False
107.0444, 2021-07-05T15:21:00.0732990+08:00, 0, 12.94095, 48.29629, 1, 1, 1, False
107.0511, 2021-07-05T15:21:00.0800100+08:00, 0, 12.94095, 48.29629, 1, 1, 1, False
107.0588, 2021-07-05T15:21:00.0876370+08:00, 0, 12.94095, 48.29629, 1, 1, 1, False
107.0641, 2021-07-05T15:21:00.0930460+08:00, 0, 12.94095, 48.29629, 1, 1, 1, False
107.0706, 2021-07-05T15:21:00.0995530+08:00, 0, 12.94095, 48.29629, 1, 1, 1, False
107.0771, 2021-07-05T15:21:00.1059820+08:00, 0, 12.94095, 48.29629, 1, 1, 1, False
107.0835, 2021-07-05T15:21:00.1124430+08:00, 0, 12.94095, 48.29629, 1, 1, 1, False
107.0906, 2021-07-05T15:21:00.1194700+08:00, 0, 12.94095, 48.29629, 1, 1, 1, False
107.0965, 2021-07-05T15:21:00.1253950+08:00, 0, 12.94095, 48.29629, 1, 1, 1, False
107.1031, 2021-07-05T15:21:00.1320250+08:00, 0, 12.94095, 48.29629, 1, 1, 1, False
107.1104, 2021-07-05T15:21:00.1393180+08:00, 0, 12.94095, 48.29629, 1, 1, 1, False
107.1165, 2021-07-05T15:21:00.1454160+08:00, 0, 12.94095, 48.29629, 1, 1, 1, False
107.1234, 2021-07-05T15:21:00.1523070+08:00, 0, 12.94095, 48.29629, 1, 1, 1, False
107.1303, 2021-07-05T15:21:00.1591620+08:00, 0, 12.94095, 48.29629, 1, 1, 1, False
107.1357, 2021-07-05T15:21:00.1645650+08:00, 0, 12.94095, 48.29629, 1, 1, 1, False
107.1562, 2021-07-05T15:21:00.1851350+08:00, 0, 12.94095, 48.29629, 1, 1, 1, False
107.1624, 2021-07-05T15:21:00.1913700+08:00, 0, 12.94095, 48.29629, 1, 1, 1, False
107.1662, 2021-07-05T15:21:00.1950360+08:00, 0, 12.94095, 48.29629, 1, 1, 1, False
107.17, 2021-07-05T15:21:00.1988320+08:00, 0, 12.94095, 48.29629, 1, 1, 1, False
107.1744, 2021-07-05T15:21:00.2032540+08:00, 0, 12.94095, 48.29629, 1, 1, 1, False
107.1782, 2021-07-05T15:21:00.2070300+08:00, 0, 12.94095, 48.29629, 1, 1, 1, False
107.182, 2021-07-05T15:21:00.2108950+08:00, 0, 12.94095, 48.29629, 1, 1, 1, False
107.1867, 2021-07-05T15:21:00.2156160+08:00, 0, 12.94095, 48.29629, 1, 1, 1, False
107.1931, 2021-07-05T15:21:00.2220660+08:00, 0, 12.94095, 48.29629, 1, 1, 1, False
107.1996, 2021-07-05T15:21:00.2284640+08:00, 0, 12.94095, 48.29629, 1, 1, 1, False
107.2066, 2021-07-05T15:21:00.2354800+08:00, 0, 12.94095, 48.29629, 1, 1, 1, False
107.2126, 2021-07-05T15:21:00.2415440+08:00, 0, 12.94095, 48.29629, 1, 1, 1, False
107.2195, 2021-07-05T15:21:00.2484160+08:00, 0, 12.94095, 48.29629, 1, 1, 1, False
107.2264, 2021-07-05T15:21:00.2553190+08:00, 0, 12.94095, 48.29629, 1, 1, 1, False
107.2322, 2021-07-05T15:21:00.2610870+08:00, 0, 12.94095, 48.29629, 1, 1, 1, False
107.2391, 2021-07-05T15:21:00.2679730+08:00, 0, 12.94095, 48.29629, 1, 1, 1, False
107.2452, 2021-07-05T15:21:00.2740770+08:00, 0, 12.94095, 48.29629, 1, 1, 1, False
107.2517, 2021-07-05T15:21:00.2805970+08:00, 0, 12.94095, 48.29629, 1, 1, 1, False
107.259, 2021-07-05T15:21:00.2879170+08:00, 0, 12.94095, 48.29629, 1, 1, 1, False
107.265, 2021-07-05T15:21:00.2939990+08:00, 0, 12.94095, 48.29629, 1, 1, 1, False
107.2715, 2021-07-05T15:21:00.3004480+08:00, 0, 12.94095, 48.29629, 1, 1, 1, False
107.2787, 2021-07-05T15:21:00.3075640+08:00, 0, 12.94095, 48.29629, 1, 1, 1, False
107.2848, 2021-07-05T15:21:00.3138110+08:00, 0, 12.94095, 48.29629, 1, 1, 1, False
107.2913, 2021-07-05T15:21:00.3201780+08:00, 0, 12.94095, 48.29629, 1, 1, 1, False
107.2986, 2021-07-05T15:21:00.3275310+08:00, 0, 12.94095, 48.29629, 1, 1, 1, False
107.3042, 2021-07-05T15:21:00.3331350+08:00, 0, 12.94095, 48.29629, 1, 1, 1, False
107.3106, 2021-07-05T15:21:00.3394850+08:00, 0, 12.94095, 48.29629, 1, 1, 1, False
107.3172, 2021-07-05T15:21:00.3461470+08:00, 0, 12.94095, 48.29629, 1, 1, 1, False
107.3236, 2021-07-05T15:21:00.3525790+08:00, 0, 12.94095, 48.29629, 1, 1, 1, False
107.3309, 2021-07-05T15:21:00.3597540+08:00, 0, 12.94095, 48.29629, 1, 1, 1, False
107.3372, 2021-07-05T15:21:00.3661330+08:00, 0, 12.94095, 48.29629, 1, 1, 1, False
107.3433, 2021-07-05T15:21:00.3723110+08:00, 0, 12.94095, 48.29629, 1, 1, 1, False
107.3503, 2021-07-05T15:21:00.3792020+08:00, 0, 12.94095, 48.29629, 1, 1, 1, False
107.3564, 2021-07-05T15:21:00.3853260+08:00, 0, 12.94095, 48.29629, 1, 1, 1, False
107.3627, 2021-07-05T15:21:00.3916550+08:00, 0, 12.94095, 48.29629, 1, 1, 1, False
107.3692, 2021-07-05T15:21:00.3981030+08:00, 0, 12.94095, 48.29629, 1, 1, 1, False
107.3762, 2021-07-05T15:21:00.4051610+08:00, 0, 12.94095, 48.29629, 1, 1, 1, False
107.3827, 2021-07-05T15:21:00.4116720+08:00, 0, 12.94095, 48.29629, 1, 1, 1, False
107.3907, 2021-07-05T15:21:00.4195580+08:00, 0, 12.94095, 48.29629, 1, 1, 1, False
107.3985, 2021-07-05T15:21:00.4273750+08:00, 0, 12.94095, 48.29629, 1, 1, 1, False
107.4065, 2021-07-05T15:21:00.4354830+08:00, 0, 12.94095, 48.29629, 1, 1, 1, False
107.415, 2021-07-05T15:21:00.4438920+08:00, 0, 12.94095, 48.29629, 1, 1, 1, False
107.4224, 2021-07-05T15:21:00.4513800+08:00, 0, 12.94095, 48.29629, 1, 1, 1, False
107.4262, 2021-07-05T15:21:00.4550790+08:00, 0, 12.94095, 48.29629, 1, 1, 1, False
107.43, 2021-07-05T15:21:00.4588350+08:00, 0, 12.94095, 48.29629, 1, 1, 1, False
107.4349, 2021-07-05T15:21:00.4637390+08:00, 0, 12.94095, 48.29629, 1, 1, 1, False
107.4406, 2021-07-05T15:21:00.4696140+08:00, 0, 12.94095, 48.29629, 1, 1, 1, False
107.4474, 2021-07-05T15:21:00.4763420+08:00, 0, 12.94095, 48.29629, 1, 1, 1, False
107.4542, 2021-07-05T15:21:00.4830610+08:00, 0, 12.94095, 48.29629, 1, 1, 1, False
107.4605, 2021-07-05T15:21:00.4894910+08:00, 0, 12.94095, 48.29629, 1, 1, 1, False
107.4666, 2021-07-05T15:21:00.4955370+08:00, 0, 12.94095, 48.29629, 1, 1, 1, False
107.4729, 2021-07-05T15:21:00.5018080+08:00, 0, 12.94095, 48.29629, 1, 1, 1, False
107.4799, 2021-07-05T15:21:00.5087500+08:00, 0, 12.94095, 48.29629, 1, 1, 1, False
107.4863, 2021-07-05T15:21:00.5151960+08:00, 0, 12.94095, 48.29629, 1, 1, 1, False
107.4931, 2021-07-05T15:21:00.5219790+08:00, 0, 12.94095, 48.29629, 1, 1, 1, False
107.4989, 2021-07-05T15:21:00.5278550+08:00, 0, 12.94095, 48.29629, 1, 1, 1, False
107.5055, 2021-07-05T15:21:00.5344760+08:00, 0, 12.94095, 48.29629, 1, 1, 1, False
107.5125, 2021-07-05T15:21:00.5413540+08:00, 0, 12.94095, 48.29629, 1, 1, 1, False
107.5188, 2021-07-05T15:21:00.5476350+08:00, 0, 12.94095, 48.29629, 1, 1, 1, False
107.5257, 2021-07-05T15:21:00.5546490+08:00, 0, 12.94095, 48.29629, 1, 1, 1, False
107.5317, 2021-07-05T15:21:00.5605830+08:00, 0, 12.94095, 48.29629, 1, 1, 1, False
107.5384, 2021-07-05T15:21:00.5672380+08:00, 0, 12.94095, 48.29629, 1, 1, 1, False
107.5451, 2021-07-05T15:21:00.5740270+08:00, 0, 12.94095, 48.29629, 1, 1, 1, False
107.5511, 2021-07-05T15:21:00.5800510+08:00, 0, 12.94095, 48.29629, 1, 1, 1, False
107.5577, 2021-07-05T15:21:00.5865970+08:00, 0, 12.94095, 48.29629, 1, 1, 1, False
107.5641, 2021-07-05T15:21:00.5930910+08:00, 0, 12.94095, 48.29629, 1, 1, 1, False
107.5711, 2021-07-05T15:21:00.5999880+08:00, 0, 12.94095, 48.29629, 1, 1, 1, False
107.5771, 2021-07-05T15:21:00.6060430+08:00, 0, 12.94095, 48.29629, 1, 1, 1, False
107.5837, 2021-07-05T15:21:00.6126900+08:00, 0, 12.94095, 48.29629, 1, 1, 1, False
107.591, 2021-07-05T15:21:00.6199890+08:00, 0, 12.94095, 48.29629, 1, 1, 1, False
107.5988, 2021-07-05T15:21:00.6276710+08:00, 0, 12.94095, 48.29629, 1, 1, 1, False
107.6066, 2021-07-05T15:21:00.6355410+08:00, 0, 12.94095, 48.29629, 1, 1, 1, False
107.6104, 2021-07-05T15:21:00.6392760+08:00, 0, 12.94095, 48.29629, 1, 1, 1, False
107.6165, 2021-07-05T15:21:00.6454160+08:00, 0, 12.94095, 48.29629, 1, 1, 1, False
107.6236, 2021-07-05T15:21:00.6525330+08:00, 0, 12.94095, 48.29629, 1, 1, 1, False
107.6302, 2021-07-05T15:21:00.6591410+08:00, 0, 12.94095, 48.29629, 1, 1, 1, False
107.6362, 2021-07-05T15:21:00.6651240+08:00, 0, 12.94095, 48.29629, 1, 1, 1, False
107.6465, 2021-07-05T15:21:00.6791400+08:00, 0, 12.94095, 48.29629, 1, 1, 1, False
107.6541, 2021-07-05T15:21:00.6829830+08:00, 0, 12.94095, 48.29629, 1, 1, 1, False
107.6582, 2021-07-05T15:21:00.6870410+08:00, 0, 12.94095, 48.29629, 1, 1, 1, False
107.6622, 2021-07-05T15:21:00.6911410+08:00, 0, 12.94095, 48.29629, 1, 1, 1, False
107.6683, 2021-07-05T15:21:00.6972190+08:00, 0, 12.94095, 48.29629, 1, 1, 1, False
107.6751, 2021-07-05T15:21:00.7040340+08:00, 0, 12.94095, 48.29629, 1, 1, 1, False
107.6815, 2021-07-05T15:21:00.7104730+08:00, 0, 12.94095, 48.29629, 1, 1, 1, False
107.6878, 2021-07-05T15:21:00.7167300+08:00, 0, 12.94095, 48.29629, 1, 1, 1, False
107.6949, 2021-07-05T15:21:00.7238120+08:00, 0, 12.94095, 48.29629, 1, 1, 1, False
107.7008, 2021-07-05T15:21:00.7298450+08:00, 0, 12.94095, 48.29629, 1, 1, 1, False
107.7075, 2021-07-05T15:21:00.7364250+08:00, 0, 12.94095, 48.29629, 1, 1, 1, False
107.7148, 2021-07-05T15:21:00.7436970+08:00, 0, 12.94095, 48.29629, 1, 1, 1, False
107.7223, 2021-07-05T15:21:00.7512250+08:00, 0, 12.94095, 48.29629, 1, 1, 1, False
107.7273, 2021-07-05T15:21:00.7562180+08:00, 0, 12.94095, 48.29629, 1, 1, 1, False
107.7334, 2021-07-05T15:21:00.7623790+08:00, 0, 12.94095, 48.29629, 1, 1, 1, False
107.7405, 2021-07-05T15:21:00.7694110+08:00, 0, 12.94095, 48.29629, 1, 1, 1, False
107.7468, 2021-07-05T15:21:00.7756300+08:00, 0, 12.94095, 48.29629, 1, 1, 1, False
107.7532, 2021-07-05T15:21:00.7821350+08:00, 0, 12.94095, 48.29629, 1, 1, 1, False
107.7598, 2021-07-05T15:21:00.7887400+08:00, 0, 12.94095, 48.29629, 1, 1, 1, False
107.7665, 2021-07-05T15:21:00.7954840+08:00, 0, 12.94095, 48.29629, 1, 1, 1, False
107.7727, 2021-07-05T15:21:00.8015530+08:00, 0, 12.94095, 48.29629, 1, 1, 1, False
107.7785, 2021-07-05T15:21:00.8074680+08:00, 0, 12.94095, 48.29629, 1, 1, 1, False
107.7852, 2021-07-05T15:21:00.8141700+08:00, 0, 12.94095, 48.29629, 1, 1, 1, False
107.7915, 2021-07-05T15:21:00.8204230+08:00, 0, 12.94095, 48.29629, 1, 1, 1, False
107.7989, 2021-07-05T15:21:00.8278080+08:00, 0, 12.94095, 48.29629, 1, 1, 1, False
107.8065, 2021-07-05T15:21:00.8354380+08:00, 0, 12.94095, 48.29629, 1, 1, 1, False
107.8109, 2021-07-05T15:21:00.8398510+08:00, 0, 12.94095, 48.29629, 1, 1, 1, False
107.8175, 2021-07-05T15:21:00.8464960+08:00, 0, 12.94095, 48.29629, 1, 1, 1, False
107.824, 2021-07-05T15:21:00.8529280+08:00, 0, 12.94095, 48.29629, 1, 1, 1, False
107.8308, 2021-07-05T15:21:00.8596890+08:00, 0, 12.94095, 48.29629, 1, 1, 1, False
107.8374, 2021-07-05T15:21:00.8663110+08:00, 0, 12.94095, 48.29629, 1, 1, 1, False
107.8435, 2021-07-05T15:21:00.8724490+08:00, 0, 12.94095, 48.29629, 1, 1, 1, False
107.8505, 2021-07-05T15:21:00.8794280+08:00, 0, 12.94095, 48.29629, 1, 1, 1, False
107.8564, 2021-07-05T15:21:00.8854010+08:00, 0, 12.94095, 48.29629, 1, 1, 1, False
107.8631, 2021-07-05T15:21:00.8920190+08:00, 0, 12.94095, 48.29629, 1, 1, 1, False
107.8702, 2021-07-05T15:21:00.8990750+08:00, 0, 12.94095, 48.29629, 1, 1, 1, False
107.8759, 2021-07-05T15:21:00.9048560+08:00, 0, 12.94095, 48.29629, 1, 1, 1, False
107.8826, 2021-07-05T15:21:00.9115720+08:00, 0, 12.94095, 48.29629, 1, 1, 1, False
107.8889, 2021-07-05T15:21:00.9178200+08:00, 0, 12.94095, 48.29629, 1, 1, 1, False
107.8953, 2021-07-05T15:21:00.9241980+08:00, 0, 12.94095, 48.29629, 1, 1, 1, False
107.9024, 2021-07-05T15:21:00.9312820+08:00, 0, 12.94095, 48.29629, 1, 1, 1, False
107.9084, 2021-07-05T15:21:00.9372950+08:00, 0, 12.94095, 48.29629, 1, 1, 1, False
107.9149, 2021-07-05T15:21:00.9438460+08:00, 0, 12.94095, 48.29629, 1, 1, 1, False
107.9214, 2021-07-05T15:21:00.9503300+08:00, 0, 12.94095, 48.29629, 1, 1, 1, False
107.9278, 2021-07-05T15:21:00.9567380+08:00, 0, 12.94095, 48.29629, 1, 1, 1, False
107.9345, 2021-07-05T15:21:00.9634040+08:00, 0, 12.94095, 48.29629, 1, 1, 1, False
107.9417, 2021-07-05T15:21:00.9706180+08:00, 0, 12.94095, 48.29629, 1, 1, 1, False
107.9475, 2021-07-05T15:21:00.9764430+08:00, 0, 12.94095, 48.29629, 1, 1, 1, False
107.9544, 2021-07-05T15:21:00.9832240+08:00, 0, 12.94095, 48.29629, 1, 1, 1, False
107.961, 2021-07-05T15:21:00.9899710+08:00, 0, 12.94095, 48.29629, 1, 1, 1, False
107.9887, 2021-07-05T15:21:01.0176680+08:00, 0, 12.94095, 48.29629, 1, 1, 1, False
107.9946, 2021-07-05T15:21:01.0234910+08:00, 0, 12.94095, 48.29629, 1, 1, 1, False
107.9982, 2021-07-05T15:21:01.0270660+08:00, 0, 12.94095, 48.29629, 1, 1, 1, False
108.002, 2021-07-05T15:21:01.0308370+08:00, 0, 12.94095, 48.29629, 1, 1, 1, False
108.0062, 2021-07-05T15:21:01.0350200+08:00, 0, 12.94095, 48.29629, 1, 1, 1, False
108.0103, 2021-07-05T15:21:01.0392480+08:00, 0, 12.94095, 48.29629, 1, 1, 1, False
108.0142, 2021-07-05T15:21:01.0430050+08:00, 0, 12.94095, 48.29629, 1, 1, 1, False
108.0182, 2021-07-05T15:21:01.0470320+08:00, 0, 12.94095, 48.29629, 1, 1, 1, False
108.0226, 2021-07-05T15:21:01.0514620+08:00, 0, 12.94095, 48.29629, 1, 1, 1, False
108.0283, 2021-07-05T15:21:01.0572050+08:00, 0, 12.94095, 48.29629, 1, 1, 1, False
108.0351, 2021-07-05T15:21:01.0640310+08:00, 0, 12.94095, 48.29629, 1, 1, 1, False
108.0413, 2021-07-05T15:21:01.0702460+08:00, 0, 12.94095, 48.29629, 1, 1, 1, False
108.0479, 2021-07-05T15:21:01.0768060+08:00, 0, 12.94095, 48.29629, 1, 1, 1, False
108.0546, 2021-07-05T15:21:01.0834770+08:00, 0, 12.94095, 48.29629, 1, 1, 1, False
108.0607, 2021-07-05T15:21:01.0896520+08:00, 0, 12.94095, 48.29629, 1, 1, 1, False
108.0672, 2021-07-05T15:21:01.0961630+08:00, 0, 12.94095, 48.29629, 1, 1, 1, False
108.0743, 2021-07-05T15:21:01.1032770+08:00, 0, 12.94095, 48.29629, 1, 1, 1, False
108.0807, 2021-07-05T15:21:01.1097020+08:00, 0, 12.94095, 48.29629, 1, 1, 1, False
108.0868, 2021-07-05T15:21:01.1157510+08:00, 0, 12.94095, 48.29629, 1, 1, 1, False
108.0939, 2021-07-05T15:21:01.1228140+08:00, 0, 12.94095, 48.29629, 1, 1, 1, False
108.1, 2021-07-05T15:21:01.1289300+08:00, 0, 12.94095, 48.29629, 1, 1, 1, False
108.1068, 2021-07-05T15:21:01.1358810+08:00, 0, 12.94095, 48.29629, 1, 1, 1, False
108.1146, 2021-07-05T15:21:01.1435390+08:00, 0, 12.94095, 48.29629, 1, 1, 1, False
108.1195, 2021-07-05T15:21:01.1484430+08:00, 0, 12.94095, 48.29629, 1, 1, 1, False
108.1264, 2021-07-05T15:21:01.1553940+08:00, 0, 12.94095, 48.29629, 1, 1, 1, False
108.1323, 2021-07-05T15:21:01.1611780+08:00, 0, 12.94095, 48.29629, 1, 1, 1, False
108.1394, 2021-07-05T15:21:01.1683430+08:00, 0, 12.94095, 48.29629, 1, 1, 1, False
108.1468, 2021-07-05T15:21:01.1757740+08:00, 0, 12.94095, 48.29629, 1, 1, 1, False
108.1543, 2021-07-05T15:21:01.1831640+08:00, 0, 12.94095, 48.29629, 1, 1, 1, False
108.1587, 2021-07-05T15:21:01.1876290+08:00, 0, 12.94095, 48.29629, 1, 1, 1, False
108.1648, 2021-07-05T15:21:01.1937330+08:00, 0, 12.94095, 48.29629, 1, 1, 1, False
108.1712, 2021-07-05T15:21:01.2000560+08:00, 0, 12.94095, 48.29629, 1, 1, 1, False
108.1774, 2021-07-05T15:21:01.2063080+08:00, 0, 12.94095, 48.29629, 1, 1, 1, False
108.1839, 2021-07-05T15:21:01.2129290+08:00, 0, 12.94095, 48.29629, 1, 1, 1, False
108.1907, 2021-07-05T15:21:01.2196380+08:00, 0, 12.94095, 48.29629, 1, 1, 1, False
108.197, 2021-07-05T15:21:01.2259590+08:00, 0, 12.94095, 48.29629, 1, 1, 1, False
108.2033, 2021-07-05T15:21:01.2322930+08:00, 0, 12.94095, 48.29629, 1, 1, 1, False
108.2107, 2021-07-05T15:21:01.2396210+08:00, 0, 12.94095, 48.29629, 1, 1, 1, False
108.2186, 2021-07-05T15:21:01.2475260+08:00, 0, 12.94095, 48.29629, 1, 1, 1, False
108.2227, 2021-07-05T15:21:01.2516330+08:00, 0, 12.94095, 48.29629, 1, 1, 1, False
108.2294, 2021-07-05T15:21:01.2583140+08:00, 0, 12.94095, 48.29629, 1, 1, 1, False
108.2358, 2021-07-05T15:21:01.2647390+08:00, 0, 12.94095, 48.29629, 1, 1, 1, False
108.2426, 2021-07-05T15:21:01.2715730+08:00, 0, 12.94095, 48.29629, 1, 1, 1, False
108.2487, 2021-07-05T15:21:01.2776250+08:00, 0, 12.94095, 48.29629, 1, 1, 1, False
108.2555, 2021-07-05T15:21:01.2844220+08:00, 0, 12.94095, 48.29629, 1, 1, 1, False
108.2628, 2021-07-05T15:21:01.2917380+08:00, 0, 12.94095, 48.29629, 1, 1, 1, False
108.2683, 2021-07-05T15:21:01.2972240+08:00, 0, 12.94095, 48.29629, 1, 1, 1, False
108.2748, 2021-07-05T15:21:01.3036630+08:00, 0, 12.94095, 48.29629, 1, 1, 1, False
108.281, 2021-07-05T15:21:01.3099990+08:00, 0, 12.94095, 48.29629, 1, 1, 1, False
108.2875, 2021-07-05T15:21:01.3163800+08:00, 0, 12.94095, 48.29629, 1, 1, 1, False
108.2947, 2021-07-05T15:21:01.3236210+08:00, 0, 12.94095, 48.29629, 1, 1, 1, False
108.3006, 2021-07-05T15:21:01.3296200+08:00, 0, 12.94095, 48.29629, 1, 1, 1, False
108.3071, 2021-07-05T15:21:01.3360700+08:00, 0, 12.94095, 48.29629, 1, 1, 1, False
108.3149, 2021-07-05T15:21:01.3438200+08:00, 0, 12.94095, 48.29629, 1, 1, 1, False
108.3226, 2021-07-05T15:21:01.3515760+08:00, 0, 12.94095, 48.29629, 1, 1, 1, False
108.3271, 2021-07-05T15:21:01.3560110+08:00, 0, 12.94095, 48.29629, 1, 1, 1, False
108.3332, 2021-07-05T15:21:01.3622150+08:00, 0, 12.94095, 48.29629, 1, 1, 1, False
108.3404, 2021-07-05T15:21:01.3694350+08:00, 0, 12.94095, 48.29629, 1, 1, 1, False
108.3466, 2021-07-05T15:21:01.3754820+08:00, 0, 12.94095, 48.29629, 1, 1, 1, False
108.3532, 2021-07-05T15:21:01.3821520+08:00, 0, 12.94095, 48.29629, 1, 1, 1, False
108.3591, 2021-07-05T15:21:01.3880340+08:00, 0, 12.94095, 48.29629, 1, 1, 1, False
108.3664, 2021-07-05T15:21:01.3953740+08:00, 0, 12.94095, 48.29629, 1, 1, 1, False
108.3729, 2021-07-05T15:21:01.4017930+08:00, 0, 12.94095, 48.29629, 1, 1, 1, False
108.3789, 2021-07-05T15:21:01.4078030+08:00, 0, 12.94095, 48.29629, 1, 1, 1, False
108.3858, 2021-07-05T15:21:01.4148040+08:00, 0, 12.94095, 48.29629, 1, 1, 1, False
108.393, 2021-07-05T15:21:01.4219290+08:00, 0, 12.94095, 48.29629, 1, 1, 1, False
108.399, 2021-07-05T15:21:01.4279490+08:00, 0, 12.94095, 48.29629, 1, 1, 1, False
108.4065, 2021-07-05T15:21:01.4355640+08:00, 0, 12.94095, 48.29629, 1, 1, 1, False
108.4128, 2021-07-05T15:21:01.4416890+08:00, 0, 12.94095, 48.29629, 1, 1, 1, False
108.4188, 2021-07-05T15:21:01.4477660+08:00, 0, 12.94095, 48.29629, 1, 1, 1, False
108.4255, 2021-07-05T15:21:01.4544320+08:00, 0, 12.94095, 48.29629, 1, 1, 1, False
108.432, 2021-07-05T15:21:01.4609490+08:00, 0, 12.94095, 48.29629, 1, 1, 1, False
108.4389, 2021-07-05T15:21:01.4678190+08:00, 0, 12.94095, 48.29629, 1, 1, 1, False
108.4449, 2021-07-05T15:21:01.4739540+08:00, 0, 12.94095, 48.29629, 1, 1, 1, False
108.4515, 2021-07-05T15:21:01.4804170+08:00, 0, 12.94095, 48.29629, 1, 1, 1, False
108.4587, 2021-07-05T15:21:01.4876320+08:00, 0, 12.94095, 48.29629, 1, 1, 1, False
108.4647, 2021-07-05T15:21:01.4937180+08:00, 0, 12.94095, 48.29629, 1, 1, 1, False
108.4713, 2021-07-05T15:21:01.5001650+08:00, 0, 12.94095, 48.29629, 1, 1, 1, False
108.4774, 2021-07-05T15:21:01.5062920+08:00, 0, 12.94095, 48.29629, 1, 1, 1, False
108.484, 2021-07-05T15:21:01.5130560+08:00, 0, 12.94095, 48.29629, 1, 1, 1, False
108.491, 2021-07-05T15:21:01.5198610+08:00, 0, 12.94095, 48.29629, 1, 1, 1, False
108.497, 2021-07-05T15:21:01.5259740+08:00, 0, 12.94095, 48.29629, 1, 1, 1, False
108.5035, 2021-07-05T15:21:01.5324060+08:00, 0, 12.94095, 48.29629, 1, 1, 1, False
108.5107, 2021-07-05T15:21:01.5396140+08:00, 0, 12.94095, 48.29629, 1, 1, 1, False
108.5166, 2021-07-05T15:21:01.5455440+08:00, 0, 12.94095, 48.29629, 1, 1, 1, False
108.5233, 2021-07-05T15:21:01.5521850+08:00, 0, 12.94095, 48.29629, 1, 1, 1, False
108.5291, 2021-07-05T15:21:01.5580240+08:00, 0, 12.94095, 48.29629, 1, 1, 1, False
108.5358, 2021-07-05T15:21:01.5646720+08:00, 0, 12.94095, 48.29629, 1, 1, 1, False
108.5426, 2021-07-05T15:21:01.5715240+08:00, 0, 12.94095, 48.29629, 1, 1, 1, False
108.5487, 2021-07-05T15:21:01.5776370+08:00, 0, 12.94095, 48.29629, 1, 1, 1, False
108.5555, 2021-07-05T15:21:01.5844390+08:00, 0, 12.94095, 48.29629, 1, 1, 1, False
108.5623, 2021-07-05T15:21:01.5912540+08:00, 0, 12.94095, 48.29629, 1, 1, 1, False
108.568, 2021-07-05T15:21:01.5969620+08:00, 0, 12.94095, 48.29629, 1, 1, 1, False
108.5754, 2021-07-05T15:21:01.6043310+08:00, 0, 12.94095, 48.29629, 1, 1, 1, False
108.5827, 2021-07-05T15:21:01.6116410+08:00, 0, 12.94095, 48.29629, 1, 1, 1, False
108.5877, 2021-07-05T15:21:01.6166930+08:00, 0, 12.94095, 48.29629, 1, 1, 1, False
108.5948, 2021-07-05T15:21:01.6237450+08:00, 0, 12.94095, 48.29629, 1, 1, 1, False
108.601, 2021-07-05T15:21:01.6299480+08:00, 0, 12.94095, 48.29629, 1, 1, 1, False
108.6106, 2021-07-05T15:21:01.6436500+08:00, 0, 12.94095, 48.29629, 1, 1, 1, False
108.6188, 2021-07-05T15:21:01.6476940+08:00, 0, 12.94095, 48.29629, 1, 1, 1, False
108.6219, 2021-07-05T15:21:01.6507990+08:00, 0, 12.94095, 48.29629, 1, 1, 1, False
108.6268, 2021-07-05T15:21:01.6557050+08:00, 0, 12.94095, 48.29629, 1, 1, 1, False
108.6333, 2021-07-05T15:21:01.6622030+08:00, 0, 12.94095, 48.29629, 1, 1, 1, False
108.6402, 2021-07-05T15:21:01.6691560+08:00, 0, 12.94095, 48.29629, 1, 1, 1, False
108.6466, 2021-07-05T15:21:01.6754740+08:00, 0, 12.94095, 48.29629, 1, 1, 1, False
108.6531, 2021-07-05T15:21:01.6819760+08:00, 0, 12.94095, 48.29629, 1, 1, 1, False
108.6602, 2021-07-05T15:21:01.6891080+08:00, 0, 12.94095, 48.29629, 1, 1, 1, False
108.6665, 2021-07-05T15:21:01.6954400+08:00, 0, 12.94095, 48.29629, 1, 1, 1, False
108.6726, 2021-07-05T15:21:01.7016190+08:00, 0, 12.94095, 48.29629, 1, 1, 1, False
108.6786, 2021-07-05T15:21:01.7075950+08:00, 0, 12.94095, 48.29629, 1, 1, 1, False
108.6853, 2021-07-05T15:21:01.7142750+08:00, 0, 12.94095, 48.29629, 1, 1, 1, False
108.6917, 2021-07-05T15:21:01.7205890+08:00, 0, 12.94095, 48.29629, 1, 1, 1, False
108.6987, 2021-07-05T15:21:01.7275840+08:00, 0, 12.94095, 48.29629, 1, 1, 1, False
108.7048, 2021-07-05T15:21:01.7338060+08:00, 0, 12.94095, 48.29629, 1, 1, 1, False
108.7111, 2021-07-05T15:21:01.7400620+08:00, 0, 12.94095, 48.29629, 1, 1, 1, False
108.7177, 2021-07-05T15:21:01.7466850+08:00, 0, 12.94095, 48.29629, 1, 1, 1, False
108.7249, 2021-07-05T15:21:01.7538050+08:00, 0, 12.94095, 48.29629, 1, 1, 1, False
108.7311, 2021-07-05T15:21:01.7600330+08:00, 0, 12.94095, 48.29629, 1, 1, 1, False
108.7374, 2021-07-05T15:21:01.7663450+08:00, 0, 12.94095, 48.29629, 1, 1, 1, False
108.7444, 2021-07-05T15:21:01.7733500+08:00, 0, 12.94095, 48.29629, 1, 1, 1, False
108.7504, 2021-07-05T15:21:01.7794430+08:00, 0, 12.94095, 48.29629, 1, 1, 1, False
108.757, 2021-07-05T15:21:01.7859550+08:00, 0, 12.94095, 48.29629, 1, 1, 1, False
108.7634, 2021-07-05T15:21:01.7924320+08:00, 0, 12.94095, 48.29629, 1, 1, 1, False
108.7704, 2021-07-05T15:21:01.7992810+08:00, 0, 12.94095, 48.29629, 1, 1, 1, False
108.7761, 2021-07-05T15:21:01.8050760+08:00, 0, 12.94095, 48.29629, 1, 1, 1, False
108.7827, 2021-07-05T15:21:01.8116770+08:00, 0, 12.94095, 48.29629, 1, 1, 1, False
108.7892, 2021-07-05T15:21:01.8181450+08:00, 0, 12.94095, 48.29629, 1, 1, 1, False
108.7955, 2021-07-05T15:21:01.8245210+08:00, 0, 12.94095, 48.29629, 1, 1, 1, False
108.8026, 2021-07-05T15:21:01.8315770+08:00, 0, 12.94095, 48.29629, 1, 1, 1, False
108.8315, 2021-07-05T15:21:01.8604240+08:00, 0, 12.94095, 48.29629, 1, 1, 1, False
108.8512, 2021-07-05T15:21:01.8800510+08:00, 0, 12.94095, 48.29629, 1, 1, 1, False
108.8542, 2021-07-05T15:21:01.8830360+08:00, 0, 12.94095, 48.29629, 1, 1, 1, False
108.8582, 2021-07-05T15:21:01.8870170+08:00, 0, 12.94095, 48.29629, 1, 1, 1, False
108.8622, 2021-07-05T15:21:01.8911500+08:00, 0, 12.94095, 48.29629, 1, 1, 1, False
108.8661, 2021-07-05T15:21:01.8950010+08:00, 0, 12.94095, 48.29629, 1, 1, 1, False
108.8702, 2021-07-05T15:21:01.8990490+08:00, 0, 12.94095, 48.29629, 1, 1, 1, False
108.8764, 2021-07-05T15:21:01.9052920+08:00, 0, 12.94095, 48.29629, 1, 1, 1, False
108.8827, 2021-07-05T15:21:01.9116080+08:00, 0, 12.94095, 48.29629, 1, 1, 1, False
108.8889, 2021-07-05T15:21:01.9177880+08:00, 0, 12.94095, 48.29629, 1, 1, 1, False
108.8955, 2021-07-05T15:21:01.9244530+08:00, 0, 12.94095, 48.29629, 1, 1, 1, False
108.9019, 2021-07-05T15:21:01.9309290+08:00, 0, 12.94095, 48.29629, 1, 1, 1, False
108.9086, 2021-07-05T15:21:01.9374780+08:00, 0, 12.94095, 48.29629, 1, 1, 1, False
108.9152, 2021-07-05T15:21:01.9441760+08:00, 0, 12.94095, 48.29629, 1, 1, 1, False
108.9224, 2021-07-05T15:21:01.9512780+08:00, 0, 12.94095, 48.29629, 1, 1, 1, False
108.9284, 2021-07-05T15:21:01.9573970+08:00, 0, 12.94095, 48.29629, 1, 1, 1, False
108.9353, 2021-07-05T15:21:01.9642390+08:00, 0, 12.94095, 48.29629, 1, 1, 1, False
108.9426, 2021-07-05T15:21:01.9715660+08:00, 0, 12.94095, 48.29629, 1, 1, 1, False
108.9483, 2021-07-05T15:21:01.9772300+08:00, 0, 12.94095, 48.29629, 1, 1, 1, False
108.9548, 2021-07-05T15:21:01.9837540+08:00, 0, 12.94095, 48.29629, 1, 1, 1, False
108.9619, 2021-07-05T15:21:01.9908070+08:00, 0, 12.94095, 48.29629, 1, 1, 1, False
108.968, 2021-07-05T15:21:01.9969250+08:00, 0, 12.94095, 48.29629, 1, 1, 1, False
108.9747, 2021-07-05T15:21:02.0036020+08:00, 0, 12.94095, 48.29629, 1, 1, 1, False
108.9812, 2021-07-05T15:21:02.0101890+08:00, 0, 12.94095, 48.29629, 1, 1, 1, False
108.9882, 2021-07-05T15:21:02.0171120+08:00, 0, 12.94095, 48.29629, 1, 1, 1, False
108.9944, 2021-07-05T15:21:02.0233310+08:00, 0, 12.94095, 48.29629, 1, 1, 1, False
109.001, 2021-07-05T15:21:02.0301270+08:00, 0, 12.94095, 48.29629, 1, 1, 1, False
109.0083, 2021-07-05T15:21:02.0371840+08:00, 0, 12.94095, 48.29629, 1, 1, 1, False
109.0146, 2021-07-05T15:21:02.0435890+08:00, 0, 12.94095, 48.29629, 1, 1, 1, False
109.0215, 2021-07-05T15:21:02.0503990+08:00, 0, 12.94095, 48.29629, 1, 1, 1, False
109.0271, 2021-07-05T15:21:02.0561030+08:00, 0, 12.94095, 48.29629, 1, 1, 1, False
109.0346, 2021-07-05T15:21:02.0635500+08:00, 0, 12.94095, 48.29629, 1, 1, 1, False
109.0407, 2021-07-05T15:21:02.0696570+08:00, 0, 12.94095, 48.29629, 1, 1, 1, False
109.0473, 2021-07-05T15:21:02.0762840+08:00, 0, 12.94095, 48.29629, 1, 1, 1, False
109.0538, 2021-07-05T15:21:02.0827230+08:00, 0, 12.94095, 48.29629, 1, 1, 1, False
109.0603, 2021-07-05T15:21:02.0892210+08:00, 0, 12.94095, 48.29629, 1, 1, 1, False
109.0669, 2021-07-05T15:21:02.0958230+08:00, 0, 12.94095, 48.29629, 1, 1, 1, False
109.0744, 2021-07-05T15:21:02.1032180+08:00, 0, 12.94095, 48.29629, 1, 1, 1, False
109.0808, 2021-07-05T15:21:02.1097730+08:00, 0, 12.94095, 48.29629, 1, 1, 1, False
109.0868, 2021-07-05T15:21:02.1158280+08:00, 0, 12.94095, 48.29629, 1, 1, 1, False
109.0935, 2021-07-05T15:21:02.1224030+08:00, 0, 12.94095, 48.29629, 1, 1, 1, False
109.1001, 2021-07-05T15:21:02.1290240+08:00, 0, 12.94095, 48.29629, 1, 1, 1, False
109.1068, 2021-07-05T15:21:02.1356970+08:00, 0, 12.94095, 48.29629, 1, 1, 1, False
109.1132, 2021-07-05T15:21:02.1421530+08:00, 0, 12.94095, 48.29629, 1, 1, 1, False
109.12, 2021-07-05T15:21:02.1491050+08:00, 0, 12.94095, 48.29629, 1, 1, 1, False
109.1274, 2021-07-05T15:21:02.1563410+08:00, 0, 12.94095, 48.29629, 1, 1, 1, False
109.1336, 2021-07-05T15:21:02.1625260+08:00, 0, 12.94095, 48.29629, 1, 1, 1, False
109.14, 2021-07-05T15:21:02.1689960+08:00, 0, 12.94095, 48.29629, 1, 1, 1, False
109.1471, 2021-07-05T15:21:02.1759540+08:00, 0, 12.94095, 48.29629, 1, 1, 1, False
109.153, 2021-07-05T15:21:02.1820450+08:00, 0, 12.94095, 48.29629, 1, 1, 1, False
109.1596, 2021-07-05T15:21:02.1885940+08:00, 0, 12.94095, 48.29629, 1, 1, 1, False
109.1667, 2021-07-05T15:21:02.1956030+08:00, 0, 12.94095, 48.29629, 1, 1, 1, False
109.1733, 2021-07-05T15:21:02.2022600+08:00, 0, 12.94095, 48.29629, 1, 1, 1, False
109.1793, 2021-07-05T15:21:02.2082920+08:00, 0, 12.94095, 48.29629, 1, 1, 1, False
109.186, 2021-07-05T15:21:02.2149980+08:00, 0, 12.94095, 48.29629, 1, 1, 1, False
109.1933, 2021-07-05T15:21:02.2221590+08:00, 0, 12.94095, 48.29629, 1, 1, 1, False
109.1992, 2021-07-05T15:21:02.2282000+08:00, 0, 12.94095, 48.29629, 1, 1, 1, False
109.2066, 2021-07-05T15:21:02.2355740+08:00, 0, 12.94095, 48.29629, 1, 1, 1, False
109.2129, 2021-07-05T15:21:02.2417760+08:00, 0, 12.94095, 48.29629, 1, 1, 1, False
109.219, 2021-07-05T15:21:02.2480680+08:00, 0, 12.94095, 48.29629, 1, 1, 1, False
109.2257, 2021-07-05T15:21:02.2546700+08:00, 0, 12.94095, 48.29629, 1, 1, 1, False
109.2323, 2021-07-05T15:21:02.2612890+08:00, 0, 12.94095, 48.29629, 1, 1, 1, False
109.2393, 2021-07-05T15:21:02.2681950+08:00, 0, 12.94095, 48.29629, 1, 1, 1, False
109.2453, 2021-07-05T15:21:02.2743180+08:00, 0, 12.94095, 48.29629, 1, 1, 1, False
109.2521, 2021-07-05T15:21:02.2809800+08:00, 0, 12.94095, 48.29629, 1, 1, 1, False
109.2595, 2021-07-05T15:21:02.2883950+08:00, 0, 12.94095, 48.29629, 1, 1, 1, False
109.2655, 2021-07-05T15:21:02.2946160+08:00, 0, 12.94095, 48.29629, 1, 1, 1, False
109.2723, 2021-07-05T15:21:02.3013150+08:00, 0, 12.94095, 48.29629, 1, 1, 1, False
109.2794, 2021-07-05T15:21:02.3083430+08:00, 0, 12.94095, 48.29629, 1, 1, 1, False
109.2855, 2021-07-05T15:21:02.3145600+08:00, 0, 12.94095, 48.29629, 1, 1, 1, False
109.2921, 2021-07-05T15:21:02.3210160+08:00, 0, 12.94095, 48.29629, 1, 1, 1, False
109.2986, 2021-07-05T15:21:02.3275410+08:00, 0, 12.94095, 48.29629, 1, 1, 1, False
109.3057, 2021-07-05T15:21:02.3346420+08:00, 0, 12.94095, 48.29629, 1, 1, 1, False
109.3118, 2021-07-05T15:21:02.3407830+08:00, 0, 12.94095, 48.29629, 1, 1, 1, False
109.3186, 2021-07-05T15:21:02.3481000+08:00, 0, 12.94095, 48.29629, 1, 1, 1, False
109.3262, 2021-07-05T15:21:02.3551230+08:00, 0, 12.94095, 48.29629, 1, 1, 1, False
109.3319, 2021-07-05T15:21:02.3608410+08:00, 0, 12.94095, 48.29629, 1, 1, 1, False
109.3384, 2021-07-05T15:21:02.3673100+08:00, 0, 12.94095, 48.29629, 1, 1, 1, False
109.3521, 2021-07-05T15:21:02.3810050+08:00, 0, 12.94095, 48.29629, 1, 1, 1, False
109.3586, 2021-07-05T15:21:02.3875300+08:00, 0, 12.94095, 48.29629, 1, 1, 1, False
109.362, 2021-07-05T15:21:02.3909350+08:00, 0, 12.94095, 48.29629, 1, 1, 1, False
109.3662, 2021-07-05T15:21:02.3950930+08:00, 0, 12.94095, 48.29629, 1, 1, 1, False
109.3717, 2021-07-05T15:21:02.4006230+08:00, 0, 12.94095, 48.29629, 1, 1, 1, False
109.3783, 2021-07-05T15:21:02.4071240+08:00, 0, 12.94095, 48.29629, 1, 1, 1, False
109.3847, 2021-07-05T15:21:02.4136300+08:00, 0, 12.94095, 48.29629, 1, 1, 1, False
109.3905, 2021-07-05T15:21:02.4193960+08:00, 0, 12.94095, 48.29629, 1, 1, 1, False
109.3972, 2021-07-05T15:21:02.4261250+08:00, 0, 12.94095, 48.29629, 1, 1, 1, False
109.4041, 2021-07-05T15:21:02.4330720+08:00, 0, 12.94095, 48.29629, 1, 1, 1, False
109.4106, 2021-07-05T15:21:02.4394670+08:00, 0, 12.94095, 48.29629, 1, 1, 1, False
109.4166, 2021-07-05T15:21:02.4455730+08:00, 0, 12.94095, 48.29629, 1, 1, 1, False
109.4234, 2021-07-05T15:21:02.4523920+08:00, 0, 12.94095, 48.29629, 1, 1, 1, False
109.4307, 2021-07-05T15:21:02.4595520+08:00, 0, 12.94095, 48.29629, 1, 1, 1, False
109.436, 2021-07-05T15:21:02.4648940+08:00, 0, 12.94095, 48.29629, 1, 1, 1, False
109.4433, 2021-07-05T15:21:02.4722460+08:00, 0, 12.94095, 48.29629, 1, 1, 1, False
109.4492, 2021-07-05T15:21:02.4781840+08:00, 0, 12.94095, 48.29629, 1, 1, 1, False
109.4556, 2021-07-05T15:21:02.4845510+08:00, 0, 12.94095, 48.29629, 1, 1, 1, False
109.4627, 2021-07-05T15:21:02.4916860+08:00, 0, 12.94095, 48.29629, 1, 1, 1, False
109.4688, 2021-07-05T15:21:02.4976850+08:00, 0, 12.94095, 48.29629, 1, 1, 1, False
109.4751, 2021-07-05T15:21:02.5040770+08:00, 0, 12.94095, 48.29629, 1, 1, 1, False
109.4824, 2021-07-05T15:21:02.5113390+08:00, 0, 12.94095, 48.29629, 1, 1, 1, False
109.4879, 2021-07-05T15:21:02.5168380+08:00, 0, 12.94095, 48.29629, 1, 1, 1, False
109.4946, 2021-07-05T15:21:02.5234910+08:00, 0, 12.94095, 48.29629, 1, 1, 1, False
109.5009, 2021-07-05T15:21:02.5299550+08:00, 0, 12.94095, 48.29629, 1, 1, 1, False
109.5073, 2021-07-05T15:21:02.5362810+08:00, 0, 12.94095, 48.29629, 1, 1, 1, False
109.5145, 2021-07-05T15:21:02.5434340+08:00, 0, 12.94095, 48.29629, 1, 1, 1, False
109.5209, 2021-07-05T15:21:02.5498470+08:00, 0, 12.94095, 48.29629, 1, 1, 1, False
109.5269, 2021-07-05T15:21:02.5558380+08:00, 0, 12.94095, 48.29629, 1, 1, 1, False
109.5344, 2021-07-05T15:21:02.5633050+08:00, 0, 12.94095, 48.29629, 1, 1, 1, False
109.5396, 2021-07-05T15:21:02.5686870+08:00, 0, 12.94095, 48.29629, 1, 1, 1, False
109.5468, 2021-07-05T15:21:02.5757330+08:00, 0, 12.94095, 48.29629, 1, 1, 1, False
109.5541, 2021-07-05T15:21:02.5829780+08:00, 0, 12.94095, 48.29629, 1, 1, 1, False
109.56, 2021-07-05T15:21:02.5888910+08:00, 0, 12.94095, 48.29629, 1, 1, 1, False
109.5664, 2021-07-05T15:21:02.5953880+08:00, 0, 12.94095, 48.29629, 1, 1, 1, False
109.5724, 2021-07-05T15:21:02.6013730+08:00, 0, 12.94095, 48.29629, 1, 1, 1, False
109.5796, 2021-07-05T15:21:02.6085790+08:00, 0, 12.94095, 48.29629, 1, 1, 1, False
109.5863, 2021-07-05T15:21:02.6151960+08:00, 0, 12.94095, 48.29629, 1, 1, 1, False
109.5927, 2021-07-05T15:21:02.6215680+08:00, 0, 12.94095, 48.29629, 1, 1, 1, False
109.5986, 2021-07-05T15:21:02.6275620+08:00, 0, 12.94095, 48.29629, 1, 1, 1, False
109.6065, 2021-07-05T15:21:02.6387780+08:00, 0, 12.94095, 48.29629, 1, 1, 1, False
109.6141, 2021-07-05T15:21:02.6429720+08:00, 0, 12.94095, 48.29629, 1, 1, 1, False
109.6183, 2021-07-05T15:21:02.6472310+08:00, 0, 12.94095, 48.29629, 1, 1, 1, False
109.6249, 2021-07-05T15:21:02.6539660+08:00, 0, 12.94095, 48.29629, 1, 1, 1, False
109.6318, 2021-07-05T15:21:02.6607080+08:00, 0, 12.94095, 48.29629, 1, 1, 1, False
109.6384, 2021-07-05T15:21:02.6672430+08:00, 0, 12.94095, 48.29629, 1, 1, 1, False
109.645, 2021-07-05T15:21:02.6739930+08:00, 0, 12.94095, 48.29629, 1, 1, 1, False
109.6511, 2021-07-05T15:21:02.6800960+08:00, 0, 12.94095, 48.29629, 1, 1, 1, False
109.6582, 2021-07-05T15:21:02.6871520+08:00, 0, 12.94095, 48.29629, 1, 1, 1, False
109.6641, 2021-07-05T15:21:02.6930230+08:00, 0, 12.94095, 48.29629, 1, 1, 1, False
109.671, 2021-07-05T15:21:02.6999230+08:00, 0, 12.94095, 48.29629, 1, 1, 1, False
109.6915, 2021-07-05T15:21:02.7204550+08:00, 0, 12.94095, 48.29629, 1, 1, 1, False
109.6984, 2021-07-05T15:21:02.7272510+08:00, 0, 12.94095, 48.29629, 1, 1, 1, False
109.7022, 2021-07-05T15:21:02.7310560+08:00, 0, 12.94095, 48.29629, 1, 1, 1, False
109.7061, 2021-07-05T15:21:02.7350080+08:00, 0, 12.94095, 48.29629, 1, 1, 1, False
109.7103, 2021-07-05T15:21:02.7391460+08:00, 0, 12.94095, 48.29629, 1, 1, 1, False
109.7142, 2021-07-05T15:21:02.7430250+08:00, 0, 12.94095, 48.29629, 1, 1, 1, False
109.7182, 2021-07-05T15:21:02.7470220+08:00, 0, 12.94095, 48.29629, 1, 1, 1, False
109.7226, 2021-07-05T15:21:02.7515040+08:00, 0, 12.94095, 48.29629, 1, 1, 1, False
109.7289, 2021-07-05T15:21:02.7578000+08:00, 0, 12.94095, 48.29629, 1, 1, 1, False
109.735, 2021-07-05T15:21:02.7639080+08:00, 0, 12.94095, 48.29629, 1, 1, 1, False
109.7413, 2021-07-05T15:21:02.7702900+08:00, 0, 12.94095, 48.29629, 1, 1, 1, False
109.748, 2021-07-05T15:21:02.7769620+08:00, 0, 12.94095, 48.29629, 1, 1, 1, False
109.7542, 2021-07-05T15:21:02.7831800+08:00, 0, 12.94095, 48.29629, 1, 1, 1, False
109.7606, 2021-07-05T15:21:02.7895830+08:00, 0, 12.94095, 48.29629, 1, 1, 1, False
109.7673, 2021-07-05T15:21:02.7962990+08:00, 0, 12.94095, 48.29629, 1, 1, 1, False
109.7744, 2021-07-05T15:21:02.8033180+08:00, 0, 12.94095, 48.29629, 1, 1, 1, False
109.7827, 2021-07-05T15:21:02.8116750+08:00, 0, 12.94095, 48.29629, 1, 1, 1, False
109.7908, 2021-07-05T15:21:02.8197940+08:00, 0, 12.94095, 48.29629, 1, 1, 1, False
109.7987, 2021-07-05T15:21:02.8275630+08:00, 0, 12.94095, 48.29629, 1, 1, 1, False
109.8068, 2021-07-05T15:21:02.8357680+08:00, 0, 12.94095, 48.29629, 1, 1, 1, False
109.8148, 2021-07-05T15:21:02.8437800+08:00, 0, 12.94095, 48.29629, 1, 1, 1, False
109.8225, 2021-07-05T15:21:02.8514980+08:00, 0, 12.94095, 48.29629, 1, 1, 1, False
109.8303, 2021-07-05T15:21:02.8592300+08:00, 0, 12.94095, 48.29629, 1, 1, 1, False
109.8344, 2021-07-05T15:21:02.8633190+08:00, 0, 12.94095, 48.29629, 1, 1, 1, False
109.8381, 2021-07-05T15:21:02.8669940+08:00, 0, 12.94095, 48.29629, 1, 1, 1, False
109.8422, 2021-07-05T15:21:02.8710960+08:00, 0, 12.94095, 48.29629, 1, 1, 1, False
109.8464, 2021-07-05T15:21:02.8752600+08:00, 0, 12.94095, 48.29629, 1, 1, 1, False
109.8522, 2021-07-05T15:21:02.8810910+08:00, 0, 12.94095, 48.29629, 1, 1, 1, False
109.8589, 2021-07-05T15:21:02.8878160+08:00, 0, 12.94095, 48.29629, 1, 1, 1, False
109.8653, 2021-07-05T15:21:02.8943050+08:00, 0, 12.94095, 48.29629, 1, 1, 1, False
109.8719, 2021-07-05T15:21:02.9008140+08:00, 0, 12.94095, 48.29629, 1, 1, 1, False
109.8788, 2021-07-05T15:21:02.9077050+08:00, 0, 12.94095, 48.29629, 1, 1, 1, False
109.8848, 2021-07-05T15:21:02.9138760+08:00, 0, 12.94095, 48.29629, 1, 1, 1, False
109.8913, 2021-07-05T15:21:02.9202680+08:00, 0, 12.94095, 48.29629, 1, 1, 1, False
109.8983, 2021-07-05T15:21:02.9272470+08:00, 0, 12.94095, 48.29629, 1, 1, 1, False
109.9044, 2021-07-05T15:21:02.9333350+08:00, 0, 12.94095, 48.29629, 1, 1, 1, False
109.9108, 2021-07-05T15:21:02.9397280+08:00, 0, 12.94095, 48.29629, 1, 1, 1, False
109.9174, 2021-07-05T15:21:02.9464100+08:00, 0, 12.94095, 48.29629, 1, 1, 1, False
109.9239, 2021-07-05T15:21:02.9528750+08:00, 0, 12.94095, 48.29629, 1, 1, 1, False
109.9307, 2021-07-05T15:21:02.9596650+08:00, 0, 12.94095, 48.29629, 1, 1, 1, False
109.9372, 2021-07-05T15:21:02.9660650+08:00, 0, 12.94095, 48.29629, 1, 1, 1, False
109.9435, 2021-07-05T15:21:02.9725520+08:00, 0, 12.94095, 48.29629, 1, 1, 1, False
109.9507, 2021-07-05T15:21:02.9796570+08:00, 0, 12.94095, 48.29629, 1, 1, 1, False
109.9585, 2021-07-05T15:21:02.9874230+08:00, 0, 12.94095, 48.29629, 1, 1, 1, False
109.9632, 2021-07-05T15:21:02.9921660+08:00, 0, 12.94095, 48.29629, 1, 1, 1, False
109.9697, 2021-07-05T15:21:02.9986600+08:00, 0, 12.94095, 48.29629, 1, 1, 1, False
109.9767, 2021-07-05T15:21:03.0055790+08:00, 0, 12.94095, 48.29629, 1, 1, 1, False
109.9826, 2021-07-05T15:21:03.0115610+08:00, 0, 12.94095, 48.29629, 1, 1, 1, False
109.9895, 2021-07-05T15:21:03.0184510+08:00, 0, 12.94095, 48.29629, 1, 1, 1, False
109.9952, 2021-07-05T15:21:03.0241620+08:00, 0, 12.94095, 48.29629, 1, 1, 1, False
110.0024, 2021-07-05T15:21:03.0313670+08:00, 0, 12.94095, 48.29629, 1, 1, 1, False
110.0084, 2021-07-05T15:21:03.0373730+08:00, 0, 12.94095, 48.29629, 1, 1, 1, False
110.0149, 2021-07-05T15:21:03.0438720+08:00, 0, 12.94095, 48.29629, 1, 1, 1, False
110.0214, 2021-07-05T15:21:03.0503900+08:00, 0, 12.94095, 48.29629, 1, 1, 1, False
110.0279, 2021-07-05T15:21:03.0568230+08:00, 0, 12.94095, 48.29629, 1, 1, 1, False
110.0344, 2021-07-05T15:21:03.0634200+08:00, 0, 12.94095, 48.29629, 1, 1, 1, False
110.0409, 2021-07-05T15:21:03.0699190+08:00, 0, 12.94095, 48.29629, 1, 1, 1, False
110.0475, 2021-07-05T15:21:03.0764170+08:00, 0, 12.94095, 48.29629, 1, 1, 1, False
110.0543, 2021-07-05T15:21:03.0831610+08:00, 0, 12.94095, 48.29629, 1, 1, 1, False
110.061, 2021-07-05T15:21:03.0899550+08:00, 0, 12.94095, 48.29629, 1, 1, 1, False
110.067, 2021-07-05T15:21:03.0960820+08:00, 0, 12.94095, 48.29629, 1, 1, 1, False
110.0742, 2021-07-05T15:21:03.1031460+08:00, 0, 12.94095, 48.29629, 1, 1, 1, False
110.0795, 2021-07-05T15:21:03.1084730+08:00, 0, 12.94095, 48.29629, 1, 1, 1, False
110.0865, 2021-07-05T15:21:03.1153960+08:00, 0, 12.94095, 48.29629, 1, 1, 1, False
110.0927, 2021-07-05T15:21:03.1216120+08:00, 0, 12.94095, 48.29629, 1, 1, 1, False
110.0992, 2021-07-05T15:21:03.1280590+08:00, 0, 12.94095, 48.29629, 1, 1, 1, False
110.1065, 2021-07-05T15:21:03.1354280+08:00, 0, 12.94095, 48.29629, 1, 1, 1, False
110.1127, 2021-07-05T15:21:03.1416310+08:00, 0, 12.94095, 48.29629, 1, 1, 1, False
110.1187, 2021-07-05T15:21:03.1476500+08:00, 0, 12.94095, 48.29629, 1, 1, 1, False
110.1252, 2021-07-05T15:21:03.1541870+08:00, 0, 12.94095, 48.29629, 1, 1, 1, False
110.1317, 2021-07-05T15:21:03.1606060+08:00, 0, 12.94095, 48.29629, 1, 1, 1, False
110.1385, 2021-07-05T15:21:03.1674430+08:00, 0, 12.94095, 48.29629, 1, 1, 1, False
110.1445, 2021-07-05T15:21:03.1735430+08:00, 0, 12.94095, 48.29629, 1, 1, 1, False
110.1512, 2021-07-05T15:21:03.1801660+08:00, 0, 12.94095, 48.29629, 1, 1, 1, False
110.1586, 2021-07-05T15:21:03.1875090+08:00, 0, 12.94095, 48.29629, 1, 1, 1, False
110.1645, 2021-07-05T15:21:03.1935540+08:00, 0, 12.94095, 48.29629, 1, 1, 1, False
110.1709, 2021-07-05T15:21:03.1998940+08:00, 0, 12.94095, 48.29629, 1, 1, 1, False
110.1774, 2021-07-05T15:21:03.2063100+08:00, 0, 12.94095, 48.29629, 1, 1, 1, False
110.184, 2021-07-05T15:21:03.2130310+08:00, 0, 12.94095, 48.29629, 1, 1, 1, False
110.1906, 2021-07-05T15:21:03.2195560+08:00, 0, 12.94095, 48.29629, 1, 1, 1, False
110.197, 2021-07-05T15:21:03.2260320+08:00, 0, 12.94095, 48.29629, 1, 1, 1, False
110.2034, 2021-07-05T15:21:03.2323970+08:00, 0, 12.94095, 48.29629, 1, 1, 1, False
110.2107, 2021-07-05T15:21:03.2395840+08:00, 0, 12.94095, 48.29629, 1, 1, 1, False
110.2169, 2021-07-05T15:21:03.2458060+08:00, 0, 12.94095, 48.29629, 1, 1, 1, False
110.2228, 2021-07-05T15:21:03.2518660+08:00, 0, 12.94095, 48.29629, 1, 1, 1, False
110.2294, 2021-07-05T15:21:03.2583070+08:00, 0, 12.94095, 48.29629, 1, 1, 1, False
110.2362, 2021-07-05T15:21:03.2651290+08:00, 0, 12.94095, 48.29629, 1, 1, 1, False
110.2426, 2021-07-05T15:21:03.2715240+08:00, 0, 12.94095, 48.29629, 1, 1, 1, False
110.2488, 2021-07-05T15:21:03.2777610+08:00, 0, 12.94095, 48.29629, 1, 1, 1, False
110.2552, 2021-07-05T15:21:03.2840940+08:00, 0, 12.94095, 48.29629, 1, 1, 1, False
110.2616, 2021-07-05T15:21:03.2906290+08:00, 0, 12.94095, 48.29629, 1, 1, 1, False
110.2681, 2021-07-05T15:21:03.2970530+08:00, 0, 12.94095, 48.29629, 1, 1, 1, False
110.2755, 2021-07-05T15:21:03.3043840+08:00, 0, 12.94095, 48.29629, 1, 1, 1, False
110.2822, 2021-07-05T15:21:03.3111780+08:00, 0, 12.94095, 48.29629, 1, 1, 1, False
110.2882, 2021-07-05T15:21:03.3171130+08:00, 0, 12.94095, 48.29629, 1, 1, 1, False
110.2944, 2021-07-05T15:21:03.3232980+08:00, 0, 12.94095, 48.29629, 1, 1, 1, False
110.3008, 2021-07-05T15:21:03.3297440+08:00, 0, 12.94095, 48.29629, 1, 1, 1, False
110.3072, 2021-07-05T15:21:03.3361240+08:00, 0, 12.94095, 48.29629, 1, 1, 1, False
110.3138, 2021-07-05T15:21:03.3428120+08:00, 0, 12.94095, 48.29629, 1, 1, 1, False
110.3203, 2021-07-05T15:21:03.3492740+08:00, 0, 12.94095, 48.29629, 1, 1, 1, False
110.3268, 2021-07-05T15:21:03.3558190+08:00, 0, 12.94095, 48.29629, 1, 1, 1, False
110.3334, 2021-07-05T15:21:03.3623730+08:00, 0, 12.94095, 48.29629, 1, 1, 1, False
110.3402, 2021-07-05T15:21:03.3691310+08:00, 0, 12.94095, 48.29629, 1, 1, 1, False
110.3466, 2021-07-05T15:21:03.3755390+08:00, 0, 12.94095, 48.29629, 1, 1, 1, False
110.3527, 2021-07-05T15:21:03.3816600+08:00, 0, 12.94095, 48.29629, 1, 1, 1, False
110.3599, 2021-07-05T15:21:03.3888430+08:00, 0, 12.94095, 48.29629, 1, 1, 1, False
110.3664, 2021-07-05T15:21:03.3955160+08:00, 0, 12.94095, 48.29629, 1, 1, 1, False
110.3725, 2021-07-05T15:21:03.4013780+08:00, 0, 12.94095, 48.29629, 1, 1, 1, False
110.3795, 2021-07-05T15:21:03.4084420+08:00, 0, 12.94095, 48.29629, 1, 1, 1, False
110.3862, 2021-07-05T15:21:03.4151600+08:00, 0, 12.94095, 48.29629, 1, 1, 1, False
110.3926, 2021-07-05T15:21:03.4215140+08:00, 0, 12.94095, 48.29629, 1, 1, 1, False
110.3985, 2021-07-05T15:21:03.4274750+08:00, 0, 12.94095, 48.29629, 1, 1, 1, False
110.4051, 2021-07-05T15:21:03.4340300+08:00, 0, 12.94095, 48.29629, 1, 1, 1, False
110.412, 2021-07-05T15:21:03.4408940+08:00, 0, 12.94095, 48.29629, 1, 1, 1, False
110.4186, 2021-07-05T15:21:03.4474740+08:00, 0, 12.94095, 48.29629, 1, 1, 1, False
110.4252, 2021-07-05T15:21:03.4542160+08:00, 0, 12.94095, 48.29629, 1, 1, 1, False
110.4312, 2021-07-05T15:21:03.4602270+08:00, 0, 12.94095, 48.29629, 1, 1, 1, False
110.4385, 2021-07-05T15:21:03.4674290+08:00, 0, 12.94095, 48.29629, 1, 1, 1, False
110.444, 2021-07-05T15:21:03.4730910+08:00, 0, 12.94095, 48.29629, 1, 1, 1, False
110.4508, 2021-07-05T15:21:03.4797430+08:00, 0, 12.94095, 48.29629, 1, 1, 1, False
110.4588, 2021-07-05T15:21:03.4877490+08:00, 0, 12.94095, 48.29629, 1, 1, 1, False
110.4668, 2021-07-05T15:21:03.4958100+08:00, 0, 12.94095, 48.29629, 1, 1, 1, False
110.4744, 2021-07-05T15:21:03.5033150+08:00, 0, 12.94095, 48.29629, 1, 1, 1, False
110.4828, 2021-07-05T15:21:03.5117940+08:00, 0, 12.94095, 48.29629, 1, 1, 1, False
110.4904, 2021-07-05T15:21:03.5193370+08:00, 0, 12.94095, 48.29629, 1, 1, 1, False
110.4943, 2021-07-05T15:21:03.5231580+08:00, 0, 12.94095, 48.29629, 1, 1, 1, False
110.498, 2021-07-05T15:21:03.5268790+08:00, 0, 12.94095, 48.29629, 1, 1, 1, False
110.5242, 2021-07-05T15:21:03.5531460+08:00, 0, 12.94095, 48.29629, 1, 1, 1, False
110.5305, 2021-07-05T15:21:03.5594520+08:00, 0, 12.94095, 48.29629, 1, 1, 1, False
110.5342, 2021-07-05T15:21:03.5630680+08:00, 0, 12.94095, 48.29629, 1, 1, 1, False
110.5382, 2021-07-05T15:21:03.5670310+08:00, 0, 12.94095, 48.29629, 1, 1, 1, False
110.5421, 2021-07-05T15:21:03.5709990+08:00, 0, 12.94095, 48.29629, 1, 1, 1, False
110.5462, 2021-07-05T15:21:03.5751110+08:00, 0, 12.94095, 48.29629, 1, 1, 1, False
110.55, 2021-07-05T15:21:03.5788960+08:00, 0, 12.94095, 48.29629, 1, 1, 1, False
110.554, 2021-07-05T15:21:03.5829120+08:00, 0, 12.94095, 48.29629, 1, 1, 1, False
110.5586, 2021-07-05T15:21:03.5875260+08:00, 0, 12.94095, 48.29629, 1, 1, 1, False
110.5653, 2021-07-05T15:21:03.5942530+08:00, 0, 12.94095, 48.29629, 1, 1, 1, False
110.5712, 2021-07-05T15:21:03.6001840+08:00, 0, 12.94095, 48.29629, 1, 1, 1, False
110.578, 2021-07-05T15:21:03.6070220+08:00, 0, 12.94095, 48.29629, 1, 1, 1, False
110.5846, 2021-07-05T15:21:03.6166560+08:00, 0, 12.94095, 48.29629, 1, 1, 1, False
110.5942, 2021-07-05T15:21:03.6279150+08:00, 0, 12.94095, 48.29629, 1, 1, 1, False
110.602, 2021-07-05T15:21:03.6309420+08:00, 0, 12.94095, 48.29629, 1, 1, 1, False
110.6062, 2021-07-05T15:21:03.6350700+08:00, 0, 12.94095, 48.29629, 1, 1, 1, False
110.6105, 2021-07-05T15:21:03.6394350+08:00, 0, 12.94095, 48.29629, 1, 1, 1, False
110.6176, 2021-07-05T15:21:03.6466070+08:00, 0, 12.94095, 48.29629, 1, 1, 1, False
110.6238, 2021-07-05T15:21:03.6528520+08:00, 0, 12.94095, 48.29629, 1, 1, 1, False
110.6307, 2021-07-05T15:21:03.6596310+08:00, 0, 12.94095, 48.29629, 1, 1, 1, False
110.6366, 2021-07-05T15:21:03.6655860+08:00, 0, 12.94095, 48.29629, 1, 1, 1, False
110.6431, 2021-07-05T15:21:03.6720650+08:00, 0, 12.94095, 48.29629, 1, 1, 1, False
110.6503, 2021-07-05T15:21:03.6793010+08:00, 0, 12.94095, 48.29629, 1, 1, 1, False
110.6562, 2021-07-05T15:21:03.6851700+08:00, 0, 12.94095, 48.29629, 1, 1, 1, False
110.6626, 2021-07-05T15:21:03.6915440+08:00, 0, 12.94095, 48.29629, 1, 1, 1, False
110.6692, 2021-07-05T15:21:03.6981730+08:00, 0, 12.94095, 48.29629, 1, 1, 1, False
110.6764, 2021-07-05T15:21:03.7053690+08:00, 0, 12.94095, 48.29629, 1, 1, 1, False
110.6826, 2021-07-05T15:21:03.7115360+08:00, 0, 12.94095, 48.29629, 1, 1, 1, False
110.6907, 2021-07-05T15:21:03.7195550+08:00, 0, 12.94095, 48.29629, 1, 1, 1, False
110.6951, 2021-07-05T15:21:03.7239890+08:00, 0, 12.94095, 48.29629, 1, 1, 1, False
110.7017, 2021-07-05T15:21:03.7307170+08:00, 0, 12.94095, 48.29629, 1, 1, 1, False
110.7081, 2021-07-05T15:21:03.7371360+08:00, 0, 12.94095, 48.29629, 1, 1, 1, False
110.7151, 2021-07-05T15:21:03.7440470+08:00, 0, 12.94095, 48.29629, 1, 1, 1, False
110.7227, 2021-07-05T15:21:03.7516440+08:00, 0, 12.94095, 48.29629, 1, 1, 1, False
110.7303, 2021-07-05T15:21:03.7592900+08:00, 0, 12.94095, 48.29629, 1, 1, 1, False
110.7344, 2021-07-05T15:21:03.7633710+08:00, 0, 12.94095, 48.29629, 1, 1, 1, False
110.7414, 2021-07-05T15:21:03.7703880+08:00, 0, 12.94095, 48.29629, 1, 1, 1, False
110.7475, 2021-07-05T15:21:03.7764250+08:00, 0, 12.94095, 48.29629, 1, 1, 1, False
110.7543, 2021-07-05T15:21:03.7831990+08:00, 0, 12.94095, 48.29629, 1, 1, 1, False
110.7598, 2021-07-05T15:21:03.7887530+08:00, 0, 12.94095, 48.29629, 1, 1, 1, False
110.7668, 2021-07-05T15:21:03.7957000+08:00, 0, 12.94095, 48.29629, 1, 1, 1, False
110.7724, 2021-07-05T15:21:03.8013050+08:00, 0, 12.94095, 48.29629, 1, 1, 1, False
110.7793, 2021-07-05T15:21:03.8082150+08:00, 0, 12.94095, 48.29629, 1, 1, 1, False
110.7867, 2021-07-05T15:21:03.8156000+08:00, 0, 12.94095, 48.29629, 1, 1, 1, False
110.7919, 2021-07-05T15:21:03.8208190+08:00, 0, 12.94095, 48.29629, 1, 1, 1, False
110.799, 2021-07-05T15:21:03.8279050+08:00, 0, 12.94095, 48.29629, 1, 1, 1, False
110.8067, 2021-07-05T15:21:03.8356180+08:00, 0, 12.94095, 48.29629, 1, 1, 1, False
110.8148, 2021-07-05T15:21:03.8437600+08:00, 0, 12.94095, 48.29629, 1, 1, 1, False
110.8226, 2021-07-05T15:21:03.8515710+08:00, 0, 12.94095, 48.29629, 1, 1, 1, False
110.8304, 2021-07-05T15:21:03.8593870+08:00, 0, 12.94095, 48.29629, 1, 1, 1, False
110.8341, 2021-07-05T15:21:03.8630110+08:00, 0, 12.94095, 48.29629, 1, 1, 1, False
110.8382, 2021-07-05T15:21:03.8670560+08:00, 0, 12.94095, 48.29629, 1, 1, 1, False
110.844, 2021-07-05T15:21:03.8730350+08:00, 0, 12.94095, 48.29629, 1, 1, 1, False
110.8512, 2021-07-05T15:21:03.8801500+08:00, 0, 12.94095, 48.29629, 1, 1, 1, False
110.8572, 2021-07-05T15:21:03.8862070+08:00, 0, 12.94095, 48.29629, 1, 1, 1, False
110.8638, 2021-07-05T15:21:03.8927420+08:00, 0, 12.94095, 48.29629, 1, 1, 1, False
110.8705, 2021-07-05T15:21:03.8994170+08:00, 0, 12.94095, 48.29629, 1, 1, 1, False
110.8771, 2021-07-05T15:21:03.9060000+08:00, 0, 12.94095, 48.29629, 1, 1, 1, False
110.883, 2021-07-05T15:21:03.9119700+08:00, 0, 12.94095, 48.29629, 1, 1, 1, False
110.8906, 2021-07-05T15:21:03.9194960+08:00, 0, 12.94095, 48.29629, 1, 1, 1, False
110.8955, 2021-07-05T15:21:03.9244360+08:00, 0, 12.94095, 48.29629, 1, 1, 1, False
110.9026, 2021-07-05T15:21:03.9315180+08:00, 0, 12.94095, 48.29629, 1, 1, 1, False
110.9086, 2021-07-05T15:21:03.9374960+08:00, 0, 12.94095, 48.29629, 1, 1, 1, False
110.9151, 2021-07-05T15:21:03.9440460+08:00, 0, 12.94095, 48.29629, 1, 1, 1, False
110.9216, 2021-07-05T15:21:03.9505390+08:00, 0, 12.94095, 48.29629, 1, 1, 1, False
110.9279, 2021-07-05T15:21:03.9568590+08:00, 0, 12.94095, 48.29629, 1, 1, 1, False
110.9343, 2021-07-05T15:21:03.9633100+08:00, 0, 12.94095, 48.29629, 1, 1, 1, False
110.9418, 2021-07-05T15:21:03.9707720+08:00, 0, 12.94095, 48.29629, 1, 1, 1, False
110.9477, 2021-07-05T15:21:03.9767180+08:00, 0, 12.94095, 48.29629, 1, 1, 1, False
110.9543, 2021-07-05T15:21:03.9832230+08:00, 0, 12.94095, 48.29629, 1, 1, 1, False
110.9613, 2021-07-05T15:21:03.9903020+08:00, 0, 12.94095, 48.29629, 1, 1, 1, False
110.9674, 2021-07-05T15:21:03.9963750+08:00, 0, 12.94095, 48.29629, 1, 1, 1, False
110.9745, 2021-07-05T15:21:04.0034910+08:00, 0, 12.94095, 48.29629, 1, 1, 1, False
110.9827, 2021-07-05T15:21:04.0116510+08:00, 0, 12.94095, 48.29629, 1, 1, 1, False
110.9908, 2021-07-05T15:21:04.0197640+08:00, 0, 12.94095, 48.29629, 1, 1, 1, False
110.9987, 2021-07-05T15:21:04.0276840+08:00, 0, 12.94095, 48.29629, 1, 1, 1, False
111.0068, 2021-07-05T15:21:04.0357760+08:00, 0, 12.94095, 48.29629, 1, 1, 1, False
111.0101, 2021-07-05T15:21:04.0390320+08:00, 0, 12.94095, 48.29629, 1, 1, 1, False
111.0143, 2021-07-05T15:21:04.0431600+08:00, 0, 12.94095, 48.29629, 1, 1, 1, False
111.0193, 2021-07-05T15:21:04.0482030+08:00, 0, 12.94095, 48.29629, 1, 1, 1, False
111.0264, 2021-07-05T15:21:04.0553620+08:00, 0, 12.94095, 48.29629, 1, 1, 1, False
111.0325, 2021-07-05T15:21:04.0614230+08:00, 0, 12.94095, 48.29629, 1, 1, 1, False
111.0388, 2021-07-05T15:21:04.0677900+08:00, 0, 12.94095, 48.29629, 1, 1, 1, False
111.0449, 2021-07-05T15:21:04.0739490+08:00, 0, 12.94095, 48.29629, 1, 1, 1, False
111.0514, 2021-07-05T15:21:04.0803720+08:00, 0, 12.94095, 48.29629, 1, 1, 1, False
111.0591, 2021-07-05T15:21:04.0880520+08:00, 0, 12.94095, 48.29629, 1, 1, 1, False
111.0667, 2021-07-05T15:21:04.0956640+08:00, 0, 12.94095, 48.29629, 1, 1, 1, False
111.0745, 2021-07-05T15:21:04.1034450+08:00, 0, 12.94095, 48.29629, 1, 1, 1, False
111.0782, 2021-07-05T15:21:04.1070560+08:00, 0, 12.94095, 48.29629, 1, 1, 1, False
111.084, 2021-07-05T15:21:04.1131340+08:00, 0, 12.94095, 48.29629, 1, 1, 1, False
111.0914, 2021-07-05T15:21:04.1203140+08:00, 0, 12.94095, 48.29629, 1, 1, 1, False
111.0982, 2021-07-05T15:21:04.1271540+08:00, 0, 12.94095, 48.29629, 1, 1, 1, False
111.1043, 2021-07-05T15:21:04.1333210+08:00, 0, 12.94095, 48.29629, 1, 1, 1, False
111.1107, 2021-07-05T15:21:04.1396060+08:00, 0, 12.94095, 48.29629, 1, 1, 1, False
111.1169, 2021-07-05T15:21:04.1458700+08:00, 0, 12.94095, 48.29629, 1, 1, 1, False
111.1239, 2021-07-05T15:21:04.1528770+08:00, 0, 12.94095, 48.29629, 1, 1, 1, False
111.1304, 2021-07-05T15:21:04.1593500+08:00, 0, 12.94095, 48.29629, 1, 1, 1, False
111.1383, 2021-07-05T15:21:04.1672060+08:00, 0, 12.94095, 48.29629, 1, 1, 1, False
111.1432, 2021-07-05T15:21:04.1721390+08:00, 0, 12.94095, 48.29629, 1, 1, 1, False
111.1492, 2021-07-05T15:21:04.1781780+08:00, 0, 12.94095, 48.29629, 1, 1, 1, False
111.1556, 2021-07-05T15:21:04.1845570+08:00, 0, 12.94095, 48.29629, 1, 1, 1, False
111.1626, 2021-07-05T15:21:04.1915860+08:00, 0, 12.94095, 48.29629, 1, 1, 1, False
111.1688, 2021-07-05T15:21:04.1977180+08:00, 0, 12.94095, 48.29629, 1, 1, 1, False
111.1753, 2021-07-05T15:21:04.2042060+08:00, 0, 12.94095, 48.29629, 1, 1, 1, False
111.1824, 2021-07-05T15:21:04.2112880+08:00, 0, 12.94095, 48.29629, 1, 1, 1, False
111.1884, 2021-07-05T15:21:04.2172870+08:00, 0, 12.94095, 48.29629, 1, 1, 1, False
111.1945, 2021-07-05T15:21:04.2233810+08:00, 0, 12.94095, 48.29629, 1, 1, 1, False
111.2012, 2021-07-05T15:21:04.2301660+08:00, 0, 12.94095, 48.29629, 1, 1, 1, False
111.2083, 2021-07-05T15:21:04.2372580+08:00, 0, 12.94095, 48.29629, 1, 1, 1, False
111.2143, 2021-07-05T15:21:04.2432420+08:00, 0, 12.94095, 48.29629, 1, 1, 1, False
111.2207, 2021-07-05T15:21:04.2497290+08:00, 0, 12.94095, 48.29629, 1, 1, 1, False
111.2272, 2021-07-05T15:21:04.2561640+08:00, 0, 12.94095, 48.29629, 1, 1, 1, False
111.2345, 2021-07-05T15:21:04.2634230+08:00, 0, 12.94095, 48.29629, 1, 1, 1, False
111.2403, 2021-07-05T15:21:04.2692450+08:00, 0, 12.94095, 48.29629, 1, 1, 1, False
111.247, 2021-07-05T15:21:04.2759680+08:00, 0, 12.94095, 48.29629, 1, 1, 1, False
111.2537, 2021-07-05T15:21:04.2827070+08:00, 0, 12.94095, 48.29629, 1, 1, 1, False
111.2613, 2021-07-05T15:21:04.2902470+08:00, 0, 12.94095, 48.29629, 1, 1, 1, False
111.2675, 2021-07-05T15:21:04.2965010+08:00, 0, 12.94095, 48.29629, 1, 1, 1, False
111.2747, 2021-07-05T15:21:04.3036260+08:00, 0, 12.94095, 48.29629, 1, 1, 1, False
111.2828, 2021-07-05T15:21:04.3118550+08:00, 0, 12.94095, 48.29629, 1, 1, 1, False
111.2908, 2021-07-05T15:21:04.3197590+08:00, 0, 12.94095, 48.29629, 1, 1, 1, False
111.2985, 2021-07-05T15:21:04.3274270+08:00, 0, 12.94095, 48.29629, 1, 1, 1, False
111.3062, 2021-07-05T15:21:04.3352180+08:00, 0, 12.94095, 48.29629, 1, 1, 1, False
111.3146, 2021-07-05T15:21:04.3434530+08:00, 0, 12.94095, 48.29629, 1, 1, 1, False
111.3182, 2021-07-05T15:21:04.3471130+08:00, 0, 12.94095, 48.29629, 1, 1, 1, False
111.3223, 2021-07-05T15:21:04.3513970+08:00, 0, 12.94095, 48.29629, 1, 1, 1, False
111.3292, 2021-07-05T15:21:04.3583910+08:00, 0, 12.94095, 48.29629, 1, 1, 1, False
111.3367, 2021-07-05T15:21:04.3655820+08:00, 0, 12.94095, 48.29629, 1, 1, 1, False
111.343, 2021-07-05T15:21:04.3720630+08:00, 0, 12.94095, 48.29629, 1, 1, 1, False
111.3503, 2021-07-05T15:21:04.3793050+08:00, 0, 12.94095, 48.29629, 1, 1, 1, False
111.372, 2021-07-05T15:21:04.4009210+08:00, 0, 12.94095, 48.29629, 1, 1, 1, False
111.3787, 2021-07-05T15:21:04.4076670+08:00, 0, 12.94095, 48.29629, 1, 1, 1, False
111.3822, 2021-07-05T15:21:04.4110850+08:00, 0, 12.94095, 48.29629, 1, 1, 1, False
111.3861, 2021-07-05T15:21:04.4149980+08:00, 0, 12.94095, 48.29629, 1, 1, 1, False
111.3903, 2021-07-05T15:21:04.4192050+08:00, 0, 12.94095, 48.29629, 1, 1, 1, False
111.394, 2021-07-05T15:21:04.4228620+08:00, 0, 12.94095, 48.29629, 1, 1, 1, False
111.3981, 2021-07-05T15:21:04.4269860+08:00, 0, 12.94095, 48.29629, 1, 1, 1, False
111.4046, 2021-07-05T15:21:04.4335080+08:00, 0, 12.94095, 48.29629, 1, 1, 1, False
111.4112, 2021-07-05T15:21:04.4400830+08:00, 0, 12.94095, 48.29629, 1, 1, 1, False
111.4179, 2021-07-05T15:21:04.4468560+08:00, 0, 12.94095, 48.29629, 1, 1, 1, False
111.4243, 2021-07-05T15:21:04.4533270+08:00, 0, 12.94095, 48.29629, 1, 1, 1, False
111.4318, 2021-07-05T15:21:04.4607160+08:00, 0, 12.94095, 48.29629, 1, 1, 1, False
111.4384, 2021-07-05T15:21:04.4673240+08:00, 0, 12.94095, 48.29629, 1, 1, 1, False
111.4447, 2021-07-05T15:21:04.4737310+08:00, 0, 12.94095, 48.29629, 1, 1, 1, False
111.4515, 2021-07-05T15:21:04.4804840+08:00, 0, 12.94095, 48.29629, 1, 1, 1, False
111.4589, 2021-07-05T15:21:04.4878830+08:00, 0, 12.94095, 48.29629, 1, 1, 1, False
111.4662, 2021-07-05T15:21:04.4952200+08:00, 0, 12.94095, 48.29629, 1, 1, 1, False
111.4724, 2021-07-05T15:21:04.5013180+08:00, 0, 12.94095, 48.29629, 1, 1, 1, False
111.4786, 2021-07-05T15:21:04.5075640+08:00, 0, 12.94095, 48.29629, 1, 1, 1, False
111.4855, 2021-07-05T15:21:04.5144850+08:00, 0, 12.94095, 48.29629, 1, 1, 1, False
111.492, 2021-07-05T15:21:04.5209310+08:00, 0, 12.94095, 48.29629, 1, 1, 1, False
111.4989, 2021-07-05T15:21:04.5279340+08:00, 0, 12.94095, 48.29629, 1, 1, 1, False
111.5064, 2021-07-05T15:21:04.5354540+08:00, 0, 12.94095, 48.29629, 1, 1, 1, False
111.5148, 2021-07-05T15:21:04.5437000+08:00, 0, 12.94095, 48.29629, 1, 1, 1, False
111.5224, 2021-07-05T15:21:04.5513840+08:00, 0, 12.94095, 48.29629, 1, 1, 1, False
111.5265, 2021-07-05T15:21:04.5554500+08:00, 0, 12.94095, 48.29629, 1, 1, 1, False
111.5328, 2021-07-05T15:21:04.5618090+08:00, 0, 12.94095, 48.29629, 1, 1, 1, False
111.5404, 2021-07-05T15:21:04.5694220+08:00, 0, 12.94095, 48.29629, 1, 1, 1, False
111.5467, 2021-07-05T15:21:04.5758730+08:00, 0, 12.94095, 48.29629, 1, 1, 1, False
111.5543, 2021-07-05T15:21:04.5832050+08:00, 0, 12.94095, 48.29629, 1, 1, 1, False
111.5603, 2021-07-05T15:21:04.5892960+08:00, 0, 12.94095, 48.29629, 1, 1, 1, False
111.5672, 2021-07-05T15:21:04.5962140+08:00, 0, 12.94095, 48.29629, 1, 1, 1, False
111.5747, 2021-07-05T15:21:04.6036110+08:00, 0, 12.94095, 48.29629, 1, 1, 1, False
111.5804, 2021-07-05T15:21:04.6093750+08:00, 0, 12.94095, 48.29629, 1, 1, 1, False
111.5872, 2021-07-05T15:21:04.6161710+08:00, 0, 12.94095, 48.29629, 1, 1, 1, False
111.5946, 2021-07-05T15:21:04.6276160+08:00, 0, 12.94095, 48.29629, 1, 1, 1, False
111.6021, 2021-07-05T15:21:04.6310680+08:00, 0, 12.94095, 48.29629, 1, 1, 1, False
111.6077, 2021-07-05T15:21:04.6366660+08:00, 0, 12.94095, 48.29629, 1, 1, 1, False
111.6148, 2021-07-05T15:21:04.6437090+08:00, 0, 12.94095, 48.29629, 1, 1, 1, False
111.6214, 2021-07-05T15:21:04.6503700+08:00, 0, 12.94095, 48.29629, 1, 1, 1, False
111.6278, 2021-07-05T15:21:04.6566770+08:00, 0, 12.94095, 48.29629, 1, 1, 1, False
111.6347, 2021-07-05T15:21:04.6636140+08:00, 0, 12.94095, 48.29629, 1, 1, 1, False
111.641, 2021-07-05T15:21:04.6700190+08:00, 0, 12.94095, 48.29629, 1, 1, 1, False
111.6478, 2021-07-05T15:21:04.6768120+08:00, 0, 12.94095, 48.29629, 1, 1, 1, False
111.6545, 2021-07-05T15:21:04.6834110+08:00, 0, 12.94095, 48.29629, 1, 1, 1, False
111.6611, 2021-07-05T15:21:04.6900980+08:00, 0, 12.94095, 48.29629, 1, 1, 1, False
111.668, 2021-07-05T15:21:04.6969890+08:00, 0, 12.94095, 48.29629, 1, 1, 1, False
111.6756, 2021-07-05T15:21:04.7045150+08:00, 0, 12.94095, 48.29629, 1, 1, 1, False
111.6829, 2021-07-05T15:21:04.7118830+08:00, 0, 12.94095, 48.29629, 1, 1, 1, False
111.6906, 2021-07-05T15:21:04.7195580+08:00, 0, 12.94095, 48.29629, 1, 1, 1, False
111.6959, 2021-07-05T15:21:04.7248320+08:00, 0, 12.94095, 48.29629, 1, 1, 1, False
111.7023, 2021-07-05T15:21:04.7313050+08:00, 0, 12.94095, 48.29629, 1, 1, 1, False
111.7094, 2021-07-05T15:21:04.7383530+08:00, 0, 12.94095, 48.29629, 1, 1, 1, False
111.7156, 2021-07-05T15:21:04.7445790+08:00, 0, 12.94095, 48.29629, 1, 1, 1, False
111.7228, 2021-07-05T15:21:04.7518770+08:00, 0, 12.94095, 48.29629, 1, 1, 1, False
111.7305, 2021-07-05T15:21:04.7594370+08:00, 0, 12.94095, 48.29629, 1, 1, 1, False
111.7383, 2021-07-05T15:21:04.7672430+08:00, 0, 12.94095, 48.29629, 1, 1, 1, False
111.7425, 2021-07-05T15:21:04.7714360+08:00, 0, 12.94095, 48.29629, 1, 1, 1, False
111.7495, 2021-07-05T15:21:04.7784810+08:00, 0, 12.94095, 48.29629, 1, 1, 1, False
111.7553, 2021-07-05T15:21:04.7842740+08:00, 0, 12.94095, 48.29629, 1, 1, 1, False
111.7627, 2021-07-05T15:21:04.7916250+08:00, 0, 12.94095, 48.29629, 1, 1, 1, False
111.7685, 2021-07-05T15:21:04.7974800+08:00, 0, 12.94095, 48.29629, 1, 1, 1, False
111.7751, 2021-07-05T15:21:04.8040880+08:00, 0, 12.94095, 48.29629, 1, 1, 1, False
111.7821, 2021-07-05T15:21:04.8110970+08:00, 0, 12.94095, 48.29629, 1, 1, 1, False
111.789, 2021-07-05T15:21:04.8179180+08:00, 0, 12.94095, 48.29629, 1, 1, 1, False
111.796, 2021-07-05T15:21:04.8249500+08:00, 0, 12.94095, 48.29629, 1, 1, 1, False
111.8026, 2021-07-05T15:21:04.8315740+08:00, 0, 12.94095, 48.29629, 1, 1, 1, False
111.8097, 2021-07-05T15:21:04.8386530+08:00, 0, 12.94095, 48.29629, 1, 1, 1, False
111.816, 2021-07-05T15:21:04.8449030+08:00, 0, 12.94095, 48.29629, 1, 1, 1, False
111.8228, 2021-07-05T15:21:04.8517600+08:00, 0, 12.94095, 48.29629, 1, 1, 1, False
111.8308, 2021-07-05T15:21:04.8597690+08:00, 0, 12.94095, 48.29629, 1, 1, 1, False
111.8385, 2021-07-05T15:21:04.8674160+08:00, 0, 12.94095, 48.29629, 1, 1, 1, False
111.8428, 2021-07-05T15:21:04.8717600+08:00, 0, 12.94095, 48.29629, 1, 1, 1, False
111.8495, 2021-07-05T15:21:04.8784830+08:00, 0, 12.94095, 48.29629, 1, 1, 1, False
111.8562, 2021-07-05T15:21:04.8851950+08:00, 0, 12.94095, 48.29629, 1, 1, 1, False
111.8631, 2021-07-05T15:21:04.8921480+08:00, 0, 12.94095, 48.29629, 1, 1, 1, False
111.8703, 2021-07-05T15:21:04.8992440+08:00, 0, 12.94095, 48.29629, 1, 1, 1, False
111.8772, 2021-07-05T15:21:04.9061540+08:00, 0, 12.94095, 48.29629, 1, 1, 1, False
111.8835, 2021-07-05T15:21:04.9125350+08:00, 0, 12.94095, 48.29629, 1, 1, 1, False
111.8909, 2021-07-05T15:21:04.9198330+08:00, 0, 12.94095, 48.29629, 1, 1, 1, False
111.8967, 2021-07-05T15:21:04.9257010+08:00, 0, 12.94095, 48.29629, 1, 1, 1, False
111.9036, 2021-07-05T15:21:04.9325840+08:00, 0, 12.94095, 48.29629, 1, 1, 1, False
111.9108, 2021-07-05T15:21:04.9397170+08:00, 0, 12.94095, 48.29629, 1, 1, 1, False
111.9171, 2021-07-05T15:21:04.9461030+08:00, 0, 12.94095, 48.29629, 1, 1, 1, False
111.9238, 2021-07-05T15:21:04.9528180+08:00, 0, 12.94095, 48.29629, 1, 1, 1, False
111.9308, 2021-07-05T15:21:04.9598390+08:00, 0, 12.94095, 48.29629, 1, 1, 1, False
111.9384, 2021-07-05T15:21:04.9674160+08:00, 0, 12.94095, 48.29629, 1, 1, 1, False
111.9447, 2021-07-05T15:21:04.9736870+08:00, 0, 12.94095, 48.29629, 1, 1, 1, False
111.951, 2021-07-05T15:21:04.9800600+08:00, 0, 12.94095, 48.29629, 1, 1, 1, False
111.9578, 2021-07-05T15:21:04.9867300+08:00, 0, 12.94095, 48.29629, 1, 1, 1, False
111.9647, 2021-07-05T15:21:04.9936680+08:00, 0, 12.94095, 48.29629, 1, 1, 1, False
111.9717, 2021-07-05T15:21:05.0006350+08:00, 0, 12.94095, 48.29629, 1, 1, 1, False
111.9788, 2021-07-05T15:21:05.0077960+08:00, 0, 12.94095, 48.29629, 1, 1, 1, False
111.9867, 2021-07-05T15:21:05.0156450+08:00, 0, 12.94095, 48.29629, 1, 1, 1, False
111.9922, 2021-07-05T15:21:05.0210820+08:00, 0, 12.94095, 48.29629, 1, 1, 1, False
111.9987, 2021-07-05T15:21:05.0276010+08:00, 0, 12.94095, 48.29629, 1, 1, 1, False
112.0055, 2021-07-05T15:21:05.0344540+08:00, 0, 12.94095, 48.29629, 1, 1, 1, False
112.0116, 2021-07-05T15:21:05.0405090+08:00, 0, 12.94095, 48.29629, 1, 1, 1, False
112.0188, 2021-07-05T15:21:05.0477620+08:00, 0, 12.94095, 48.29629, 1, 1, 1, False
112.0265, 2021-07-05T15:21:05.0554510+08:00, 0, 12.94095, 48.29629, 1, 1, 1, False
112.0321, 2021-07-05T15:21:05.0610350+08:00, 0, 12.94095, 48.29629, 1, 1, 1, False
112.0392, 2021-07-05T15:21:05.0681130+08:00, 0, 12.94095, 48.29629, 1, 1, 1, False
112.0453, 2021-07-05T15:21:05.0742810+08:00, 0, 12.94095, 48.29629, 1, 1, 1, False
112.0522, 2021-07-05T15:21:05.0811510+08:00, 0, 12.94095, 48.29629, 1, 1, 1, False
112.0587, 2021-07-05T15:21:05.0876550+08:00, 0, 12.94095, 48.29629, 1, 1, 1, False
112.0657, 2021-07-05T15:21:05.0946580+08:00, 0, 12.94095, 48.29629, 1, 1, 1, False
112.0723, 2021-07-05T15:21:05.1013280+08:00, 0, 12.94095, 48.29629, 1, 1, 1, False
112.0789, 2021-07-05T15:21:05.1078480+08:00, 0, 12.94095, 48.29629, 1, 1, 1, False
112.0858, 2021-07-05T15:21:05.1148270+08:00, 0, 12.94095, 48.29629, 1, 1, 1, False
112.0925, 2021-07-05T15:21:05.1214250+08:00, 0, 12.94095, 48.29629, 1, 1, 1, False
112.0993, 2021-07-05T15:21:05.1282480+08:00, 0, 12.94095, 48.29629, 1, 1, 1, False
112.1068, 2021-07-05T15:21:05.1357980+08:00, 0, 12.94095, 48.29629, 1, 1, 1, False
112.1134, 2021-07-05T15:21:05.1423450+08:00, 0, 12.94095, 48.29629, 1, 1, 1, False
112.1196, 2021-07-05T15:21:05.1486140+08:00, 0, 12.94095, 48.29629, 1, 1, 1, False
112.1267, 2021-07-05T15:21:05.1556630+08:00, 0, 12.94095, 48.29629, 1, 1, 1, False
112.1344, 2021-07-05T15:21:05.1633060+08:00, 0, 12.94095, 48.29629, 1, 1, 1, False
112.1399, 2021-07-05T15:21:05.1688750+08:00, 0, 12.94095, 48.29629, 1, 1, 1, False
112.1468, 2021-07-05T15:21:05.1757210+08:00, 0, 12.94095, 48.29629, 1, 1, 1, False
112.1535, 2021-07-05T15:21:05.1824480+08:00, 0, 12.94095, 48.29629, 1, 1, 1, False
112.1608, 2021-07-05T15:21:05.1898150+08:00, 0, 12.94095, 48.29629, 1, 1, 1, False
112.167, 2021-07-05T15:21:05.1961650+08:00, 0, 12.94095, 48.29629, 1, 1, 1, False
112.1745, 2021-07-05T15:21:05.2034350+08:00, 0, 12.94095, 48.29629, 1, 1, 1, False
112.1802, 2021-07-05T15:21:05.2091650+08:00, 0, 12.94095, 48.29629, 1, 1, 1, False
112.187, 2021-07-05T15:21:05.2160070+08:00, 0, 12.94095, 48.29629, 1, 1, 1, False
112.1938, 2021-07-05T15:21:05.2227700+08:00, 0, 12.94095, 48.29629, 1, 1, 1, False
112.2007, 2021-07-05T15:21:05.2297680+08:00, 0, 12.94095, 48.29629, 1, 1, 1, False
112.2074, 2021-07-05T15:21:05.2363620+08:00, 0, 12.94095, 48.29629, 1, 1, 1, False
112.2372, 2021-07-05T15:21:05.2662440+08:00, 0, 12.94095, 48.29629, 1, 1, 1, False
112.2424, 2021-07-05T15:21:05.2714610+08:00, 0, 12.94095, 48.29629, 1, 1, 1, False
112.2462, 2021-07-05T15:21:05.2751080+08:00, 0, 12.94095, 48.29629, 1, 1, 1, False
112.2501, 2021-07-05T15:21:05.2789460+08:00, 0, 12.94095, 48.29629, 1, 1, 1, False
112.2541, 2021-07-05T15:21:05.2830010+08:00, 0, 12.94095, 48.29629, 1, 1, 1, False
112.2582, 2021-07-05T15:21:05.2871120+08:00, 0, 12.94095, 48.29629, 1, 1, 1, False
112.262, 2021-07-05T15:21:05.2909530+08:00, 0, 12.94095, 48.29629, 1, 1, 1, False
112.2662, 2021-07-05T15:21:05.2950920+08:00, 0, 12.94095, 48.29629, 1, 1, 1, False
112.2721, 2021-07-05T15:21:05.3010800+08:00, 0, 12.94095, 48.29629, 1, 1, 1, False
112.279, 2021-07-05T15:21:05.3079120+08:00, 0, 12.94095, 48.29629, 1, 1, 1, False
112.2857, 2021-07-05T15:21:05.3147270+08:00, 0, 12.94095, 48.29629, 1, 1, 1, False
112.2931, 2021-07-05T15:21:05.3220420+08:00, 0, 12.94095, 48.29629, 1, 1, 1, False
112.2992, 2021-07-05T15:21:05.3281450+08:00, 0, 12.94095, 48.29629, 1, 1, 1, False
112.3067, 2021-07-05T15:21:05.3356940+08:00, 0, 12.94095, 48.29629, 1, 1, 1, False
112.3124, 2021-07-05T15:21:05.3413440+08:00, 0, 12.94095, 48.29629, 1, 1, 1, False
112.3194, 2021-07-05T15:21:05.3483300+08:00, 0, 12.94095, 48.29629, 1, 1, 1, False
112.3264, 2021-07-05T15:21:05.3554070+08:00, 0, 12.94095, 48.29629, 1, 1, 1, False
112.3329, 2021-07-05T15:21:05.3619010+08:00, 0, 12.94095, 48.29629, 1, 1, 1, False
112.3401, 2021-07-05T15:21:05.3690990+08:00, 0, 12.94095, 48.29629, 1, 1, 1, False
112.3468, 2021-07-05T15:21:05.3757300+08:00, 0, 12.94095, 48.29629, 1, 1, 1, False
112.3532, 2021-07-05T15:21:05.3822090+08:00, 0, 12.94095, 48.29629, 1, 1, 1, False
112.3608, 2021-07-05T15:21:05.3897500+08:00, 0, 12.94095, 48.29629, 1, 1, 1, False
112.3669, 2021-07-05T15:21:05.3959210+08:00, 0, 12.94095, 48.29629, 1, 1, 1, False
112.3738, 2021-07-05T15:21:05.4027960+08:00, 0, 12.94095, 48.29629, 1, 1, 1, False
112.3801, 2021-07-05T15:21:05.4091000+08:00, 0, 12.94095, 48.29629, 1, 1, 1, False
112.3871, 2021-07-05T15:21:05.4160650+08:00, 0, 12.94095, 48.29629, 1, 1, 1, False
112.3938, 2021-07-05T15:21:05.4227550+08:00, 0, 12.94095, 48.29629, 1, 1, 1, False
112.4007, 2021-07-05T15:21:05.4297360+08:00, 0, 12.94095, 48.29629, 1, 1, 1, False
112.4074, 2021-07-05T15:21:05.4363340+08:00, 0, 12.94095, 48.29629, 1, 1, 1, False
112.4145, 2021-07-05T15:21:05.4433820+08:00, 0, 12.94095, 48.29629, 1, 1, 1, False
112.4209, 2021-07-05T15:21:05.4499190+08:00, 0, 12.94095, 48.29629, 1, 1, 1, False
112.4282, 2021-07-05T15:21:05.4572080+08:00, 0, 12.94095, 48.29629, 1, 1, 1, False
112.4344, 2021-07-05T15:21:05.4635290+08:00, 0, 12.94095, 48.29629, 1, 1, 1, False
112.4414, 2021-07-05T15:21:05.4704110+08:00, 0, 12.94095, 48.29629, 1, 1, 1, False
112.4487, 2021-07-05T15:21:05.4776880+08:00, 0, 12.94095, 48.29629, 1, 1, 1, False
112.4549, 2021-07-05T15:21:05.4838830+08:00, 0, 12.94095, 48.29629, 1, 1, 1, False
112.4624, 2021-07-05T15:21:05.4913400+08:00, 0, 12.94095, 48.29629, 1, 1, 1, False
112.4687, 2021-07-05T15:21:05.4976430+08:00, 0, 12.94095, 48.29629, 1, 1, 1, False
112.475, 2021-07-05T15:21:05.5040190+08:00, 0, 12.94095, 48.29629, 1, 1, 1, False
112.4829, 2021-07-05T15:21:05.5119090+08:00, 0, 12.94095, 48.29629, 1, 1, 1, False
112.4906, 2021-07-05T15:21:05.5195160+08:00, 0, 12.94095, 48.29629, 1, 1, 1, False
112.4989, 2021-07-05T15:21:05.5278600+08:00, 0, 12.94095, 48.29629, 1, 1, 1, False
112.5067, 2021-07-05T15:21:05.5357330+08:00, 0, 12.94095, 48.29629, 1, 1, 1, False
112.5149, 2021-07-05T15:21:05.5438080+08:00, 0, 12.94095, 48.29629, 1, 1, 1, False
112.5226, 2021-07-05T15:21:05.5515800+08:00, 0, 12.94095, 48.29629, 1, 1, 1, False
112.5263, 2021-07-05T15:21:05.5552180+08:00, 0, 12.94095, 48.29629, 1, 1, 1, False
112.5302, 2021-07-05T15:21:05.5591440+08:00, 0, 12.94095, 48.29629, 1, 1, 1, False
112.5367, 2021-07-05T15:21:05.5656010+08:00, 0, 12.94095, 48.29629, 1, 1, 1, False
112.5428, 2021-07-05T15:21:05.5718740+08:00, 0, 12.94095, 48.29629, 1, 1, 1, False
112.5497, 2021-07-05T15:21:05.5785680+08:00, 0, 12.94095, 48.29629, 1, 1, 1, False
112.5563, 2021-07-05T15:21:05.5852370+08:00, 0, 12.94095, 48.29629, 1, 1, 1, False
112.5629, 2021-07-05T15:21:05.5918420+08:00, 0, 12.94095, 48.29629, 1, 1, 1, False
112.5699, 2021-07-05T15:21:05.5989230+08:00, 0, 12.94095, 48.29629, 1, 1, 1, False
112.5766, 2021-07-05T15:21:05.6055050+08:00, 0, 12.94095, 48.29629, 1, 1, 1, False
112.5835, 2021-07-05T15:21:05.6124300+08:00, 0, 12.94095, 48.29629, 1, 1, 1, False
112.5907, 2021-07-05T15:21:05.6196180+08:00, 0, 12.94095, 48.29629, 1, 1, 1, False
112.5975, 2021-07-05T15:21:05.6264210+08:00, 0, 12.94095, 48.29629, 1, 1, 1, False
112.6038, 2021-07-05T15:21:05.6327910+08:00, 0, 12.94095, 48.29629, 1, 1, 1, False
112.6109, 2021-07-05T15:21:05.6398490+08:00, 0, 12.94095, 48.29629, 1, 1, 1, False
112.6187, 2021-07-05T15:21:05.6476290+08:00, 0, 12.94095, 48.29629, 1, 1, 1, False
112.6267, 2021-07-05T15:21:05.6557320+08:00, 0, 12.94095, 48.29629, 1, 1, 1, False
112.6342, 2021-07-05T15:21:05.6679100+08:00, 0, 12.94095, 48.29629, 1, 1, 1, False
112.6423, 2021-07-05T15:21:05.6711950+08:00, 0, 12.94095, 48.29629, 1, 1, 1, False
112.6461, 2021-07-05T15:21:05.6749680+08:00, 0, 12.94095, 48.29629, 1, 1, 1, False
112.6512, 2021-07-05T15:21:05.6802180+08:00, 0, 12.94095, 48.29629, 1, 1, 1, False
112.6587, 2021-07-05T15:21:05.6876120+08:00, 0, 12.94095, 48.29629, 1, 1, 1, False
112.665, 2021-07-05T15:21:05.6939600+08:00, 0, 12.94095, 48.29629, 1, 1, 1, False
112.6716, 2021-07-05T15:21:05.7006470+08:00, 0, 12.94095, 48.29629, 1, 1, 1, False
112.6789, 2021-07-05T15:21:05.7079220+08:00, 0, 12.94095, 48.29629, 1, 1, 1, False
112.6866, 2021-07-05T15:21:05.7155660+08:00, 0, 12.94095, 48.29629, 1, 1, 1, False
112.6919, 2021-07-05T15:21:05.7208460+08:00, 0, 12.94095, 48.29629, 1, 1, 1, False
112.6989, 2021-07-05T15:21:05.7278410+08:00, 0, 12.94095, 48.29629, 1, 1, 1, False
112.7065, 2021-07-05T15:21:05.7354650+08:00, 0, 12.94095, 48.29629, 1, 1, 1, False
112.7118, 2021-07-05T15:21:05.7407570+08:00, 0, 12.94095, 48.29629, 1, 1, 1, False
112.719, 2021-07-05T15:21:05.7479710+08:00, 0, 12.94095, 48.29629, 1, 1, 1, False
112.7252, 2021-07-05T15:21:05.7542400+08:00, 0, 12.94095, 48.29629, 1, 1, 1, False
112.7321, 2021-07-05T15:21:05.7610390+08:00, 0, 12.94095, 48.29629, 1, 1, 1, False
112.7387, 2021-07-05T15:21:05.7676940+08:00, 0, 12.94095, 48.29629, 1, 1, 1, False
112.7455, 2021-07-05T15:21:05.7745440+08:00, 0, 12.94095, 48.29629, 1, 1, 1, False
112.7523, 2021-07-05T15:21:05.7812750+08:00, 0, 12.94095, 48.29629, 1, 1, 1, False
112.7598, 2021-07-05T15:21:05.7887360+08:00, 0, 12.94095, 48.29629, 1, 1, 1, False
112.7666, 2021-07-05T15:21:05.7955460+08:00, 0, 12.94095, 48.29629, 1, 1, 1, False
112.7747, 2021-07-05T15:21:05.8036630+08:00, 0, 12.94095, 48.29629, 1, 1, 1, False
112.7829, 2021-07-05T15:21:05.8119850+08:00, 0, 12.94095, 48.29629, 1, 1, 1, False
112.7907, 2021-07-05T15:21:05.8196090+08:00, 0, 12.94095, 48.29629, 1, 1, 1, False
112.7988, 2021-07-05T15:21:05.8277340+08:00, 0, 12.94095, 48.29629, 1, 1, 1, False
112.8068, 2021-07-05T15:21:05.8358060+08:00, 0, 12.94095, 48.29629, 1, 1, 1, False
112.8102, 2021-07-05T15:21:05.8391130+08:00, 0, 12.94095, 48.29629, 1, 1, 1, False
112.8142, 2021-07-05T15:21:05.8430930+08:00, 0, 12.94095, 48.29629, 1, 1, 1, False
112.8202, 2021-07-05T15:21:05.8491930+08:00, 0, 12.94095, 48.29629, 1, 1, 1, False
112.827, 2021-07-05T15:21:05.8559470+08:00, 0, 12.94095, 48.29629, 1, 1, 1, False
112.8344, 2021-07-05T15:21:05.8633060+08:00, 0, 12.94095, 48.29629, 1, 1, 1, False
112.8404, 2021-07-05T15:21:05.8694270+08:00, 0, 12.94095, 48.29629, 1, 1, 1, False
112.8478, 2021-07-05T15:21:05.8767770+08:00, 0, 12.94095, 48.29629, 1, 1, 1, False
112.8545, 2021-07-05T15:21:05.8834320+08:00, 0, 12.94095, 48.29629, 1, 1, 1, False
112.8616, 2021-07-05T15:21:05.8905400+08:00, 0, 12.94095, 48.29629, 1, 1, 1, False
112.8679, 2021-07-05T15:21:05.8968410+08:00, 0, 12.94095, 48.29629, 1, 1, 1, False
112.8749, 2021-07-05T15:21:05.9038440+08:00, 0, 12.94095, 48.29629, 1, 1, 1, False
112.881, 2021-07-05T15:21:05.9100000+08:00, 0, 12.94095, 48.29629, 1, 1, 1, False
112.8878, 2021-07-05T15:21:05.9167660+08:00, 0, 12.94095, 48.29629, 1, 1, 1, False
112.8944, 2021-07-05T15:21:05.9233830+08:00, 0, 12.94095, 48.29629, 1, 1, 1, False
112.9015, 2021-07-05T15:21:05.9306370+08:00, 0, 12.94095, 48.29629, 1, 1, 1, False
112.9082, 2021-07-05T15:21:05.9372200+08:00, 0, 12.94095, 48.29629, 1, 1, 1, False
112.9151, 2021-07-05T15:21:05.9440330+08:00, 0, 12.94095, 48.29629, 1, 1, 1, False
112.9219, 2021-07-05T15:21:05.9509180+08:00, 0, 12.94095, 48.29629, 1, 1, 1, False
112.9286, 2021-07-05T15:21:05.9575720+08:00, 0, 12.94095, 48.29629, 1, 1, 1, False
112.9353, 2021-07-05T15:21:05.9643530+08:00, 0, 12.94095, 48.29629, 1, 1, 1, False
112.943, 2021-07-05T15:21:05.9719660+08:00, 0, 12.94095, 48.29629, 1, 1, 1, False
112.9491, 2021-07-05T15:21:05.9781290+08:00, 0, 12.94095, 48.29629, 1, 1, 1, False
112.9564, 2021-07-05T15:21:05.9853040+08:00, 0, 12.94095, 48.29629, 1, 1, 1, False
112.9627, 2021-07-05T15:21:05.9916380+08:00, 0, 12.94095, 48.29629, 1, 1, 1, False
112.9693, 2021-07-05T15:21:05.9983120+08:00, 0, 12.94095, 48.29629, 1, 1, 1, False
112.9761, 2021-07-05T15:21:06.0050130+08:00, 0, 12.94095, 48.29629, 1, 1, 1, False
112.9828, 2021-07-05T15:21:06.0118470+08:00, 0, 12.94095, 48.29629, 1, 1, 1, False
112.9904, 2021-07-05T15:21:06.0194100+08:00, 0, 12.94095, 48.29629, 1, 1, 1, False
112.9988, 2021-07-05T15:21:06.0276980+08:00, 0, 12.94095, 48.29629, 1, 1, 1, False
113.0066, 2021-07-05T15:21:06.0356090+08:00, 0, 12.94095, 48.29629, 1, 1, 1, False
113.0104, 2021-07-05T15:21:06.0393360+08:00, 0, 12.94095, 48.29629, 1, 1, 1, False
113.0168, 2021-07-05T15:21:06.0457790+08:00, 0, 12.94095, 48.29629, 1, 1, 1, False
113.0241, 2021-07-05T15:21:06.0530720+08:00, 0, 12.94095, 48.29629, 1, 1, 1, False
113.0307, 2021-07-05T15:21:06.0596540+08:00, 0, 12.94095, 48.29629, 1, 1, 1, False
113.0374, 2021-07-05T15:21:06.0663410+08:00, 0, 12.94095, 48.29629, 1, 1, 1, False
113.0434, 2021-07-05T15:21:06.0724740+08:00, 0, 12.94095, 48.29629, 1, 1, 1, False
113.0507, 2021-07-05T15:21:06.0796940+08:00, 0, 12.94095, 48.29629, 1, 1, 1, False
113.0588, 2021-07-05T15:21:06.0877440+08:00, 0, 12.94095, 48.29629, 1, 1, 1, False
113.0667, 2021-07-05T15:21:06.0956900+08:00, 0, 12.94095, 48.29629, 1, 1, 1, False
113.0748, 2021-07-05T15:21:06.1037530+08:00, 0, 12.94095, 48.29629, 1, 1, 1, False
113.0828, 2021-07-05T15:21:06.1118750+08:00, 0, 12.94095, 48.29629, 1, 1, 1, False
113.0906, 2021-07-05T15:21:06.1195440+08:00, 0, 12.94095, 48.29629, 1, 1, 1, False
113.1047, 2021-07-05T15:21:06.1336700+08:00, 0, 12.94095, 48.29629, 1, 1, 1, False
113.1103, 2021-07-05T15:21:06.1391730+08:00, 0, 12.94095, 48.29629, 1, 1, 1, False
113.1141, 2021-07-05T15:21:06.1430290+08:00, 0, 12.94095, 48.29629, 1, 1, 1, False
113.1182, 2021-07-05T15:21:06.1470590+08:00, 0, 12.94095, 48.29629, 1, 1, 1, False
113.1223, 2021-07-05T15:21:06.1512120+08:00, 0, 12.94095, 48.29629, 1, 1, 1, False
113.1261, 2021-07-05T15:21:06.1549920+08:00, 0, 12.94095, 48.29629, 1, 1, 1, False
113.1302, 2021-07-05T15:21:06.1590730+08:00, 0, 12.94095, 48.29629, 1, 1, 1, False
113.1351, 2021-07-05T15:21:06.1639740+08:00, 0, 12.94095, 48.29629, 1, 1, 1, False
113.141, 2021-07-05T15:21:06.1700470+08:00, 0, 12.94095, 48.29629, 1, 1, 1, False
113.1476, 2021-07-05T15:21:06.1765480+08:00, 0, 12.94095, 48.29629, 1, 1, 1, False
113.1543, 2021-07-05T15:21:06.1832800+08:00, 0, 12.94095, 48.29629, 1, 1, 1, False
113.1609, 2021-07-05T15:21:06.1899050+08:00, 0, 12.94095, 48.29629, 1, 1, 1, False
113.1669, 2021-07-05T15:21:06.1958380+08:00, 0, 12.94095, 48.29629, 1, 1, 1, False
113.1734, 2021-07-05T15:21:06.2023450+08:00, 0, 12.94095, 48.29629, 1, 1, 1, False
113.1793, 2021-07-05T15:21:06.2083210+08:00, 0, 12.94095, 48.29629, 1, 1, 1, False
113.1865, 2021-07-05T15:21:06.2155260+08:00, 0, 12.94095, 48.29629, 1, 1, 1, False
113.1934, 2021-07-05T15:21:06.2224120+08:00, 0, 12.94095, 48.29629, 1, 1, 1, False
113.1994, 2021-07-05T15:21:06.2283440+08:00, 0, 12.94095, 48.29629, 1, 1, 1, False
113.2066, 2021-07-05T15:21:06.2356620+08:00, 0, 12.94095, 48.29629, 1, 1, 1, False
113.2147, 2021-07-05T15:21:06.2436330+08:00, 0, 12.94095, 48.29629, 1, 1, 1, False
113.2226, 2021-07-05T15:21:06.2515700+08:00, 0, 12.94095, 48.29629, 1, 1, 1, False
113.2264, 2021-07-05T15:21:06.2553220+08:00, 0, 12.94095, 48.29629, 1, 1, 1, False
113.2319, 2021-07-05T15:21:06.2608590+08:00, 0, 12.94095, 48.29629, 1, 1, 1, False
113.2382, 2021-07-05T15:21:06.2671600+08:00, 0, 12.94095, 48.29629, 1, 1, 1, False
113.2445, 2021-07-05T15:21:06.2735240+08:00, 0, 12.94095, 48.29629, 1, 1, 1, False
113.251, 2021-07-05T15:21:06.2799310+08:00, 0, 12.94095, 48.29629, 1, 1, 1, False
113.2586, 2021-07-05T15:21:06.2875190+08:00, 0, 12.94095, 48.29629, 1, 1, 1, False
113.2642, 2021-07-05T15:21:06.2932070+08:00, 0, 12.94095, 48.29629, 1, 1, 1, False
113.2711, 2021-07-05T15:21:06.3000450+08:00, 0, 12.94095, 48.29629, 1, 1, 1, False
113.2787, 2021-07-05T15:21:06.3075930+08:00, 0, 12.94095, 48.29629, 1, 1, 1, False
113.2834, 2021-07-05T15:21:06.3123300+08:00, 0, 12.94095, 48.29629, 1, 1, 1, False
113.2907, 2021-07-05T15:21:06.3196930+08:00, 0, 12.94095, 48.29629, 1, 1, 1, False
113.2969, 2021-07-05T15:21:06.3258220+08:00, 0, 12.94095, 48.29629, 1, 1, 1, False
113.3029, 2021-07-05T15:21:06.3318720+08:00, 0, 12.94095, 48.29629, 1, 1, 1, False
113.309, 2021-07-05T15:21:06.3379880+08:00, 0, 12.94095, 48.29629, 1, 1, 1, False
113.3156, 2021-07-05T15:21:06.3445450+08:00, 0, 12.94095, 48.29629, 1, 1, 1, False
113.3223, 2021-07-05T15:21:06.3514080+08:00, 0, 12.94095, 48.29629, 1, 1, 1, False
113.3286, 2021-07-05T15:21:06.3575350+08:00, 0, 12.94095, 48.29629, 1, 1, 1, False
113.3349, 2021-07-05T15:21:06.3638890+08:00, 0, 12.94095, 48.29629, 1, 1, 1, False
113.3414, 2021-07-05T15:21:06.3703950+08:00, 0, 12.94095, 48.29629, 1, 1, 1, False
113.3478, 2021-07-05T15:21:06.3767690+08:00, 0, 12.94095, 48.29629, 1, 1, 1, False
113.3546, 2021-07-05T15:21:06.3835820+08:00, 0, 12.94095, 48.29629, 1, 1, 1, False
113.3605, 2021-07-05T15:21:06.3895610+08:00, 0, 12.94095, 48.29629, 1, 1, 1, False
113.3672, 2021-07-05T15:21:06.3963370+08:00, 0, 12.94095, 48.29629, 1, 1, 1, False
113.3742, 2021-07-05T15:21:06.4031820+08:00, 0, 12.94095, 48.29629, 1, 1, 1, False
113.3806, 2021-07-05T15:21:06.4096140+08:00, 0, 12.94095, 48.29629, 1, 1, 1, False
113.3869, 2021-07-05T15:21:06.4158950+08:00, 0, 12.94095, 48.29629, 1, 1, 1, False
113.3934, 2021-07-05T15:21:06.4224530+08:00, 0, 12.94095, 48.29629, 1, 1, 1, False
113.3999, 2021-07-05T15:21:06.4289090+08:00, 0, 12.94095, 48.29629, 1, 1, 1, False
113.4068, 2021-07-05T15:21:06.4358200+08:00, 0, 12.94095, 48.29629, 1, 1, 1, False
113.4128, 2021-07-05T15:21:06.4418240+08:00, 0, 12.94095, 48.29629, 1, 1, 1, False
113.4194, 2021-07-05T15:21:06.4483590+08:00, 0, 12.94095, 48.29629, 1, 1, 1, False
113.4266, 2021-07-05T15:21:06.4555470+08:00, 0, 12.94095, 48.29629, 1, 1, 1, False
113.4327, 2021-07-05T15:21:06.4616640+08:00, 0, 12.94095, 48.29629, 1, 1, 1, False
113.4387, 2021-07-05T15:21:06.4676960+08:00, 0, 12.94095, 48.29629, 1, 1, 1, False
113.4459, 2021-07-05T15:21:06.4748390+08:00, 0, 12.94095, 48.29629, 1, 1, 1, False
113.4518, 2021-07-05T15:21:06.4807420+08:00, 0, 12.94095, 48.29629, 1, 1, 1, False
113.4585, 2021-07-05T15:21:06.4874620+08:00, 0, 12.94095, 48.29629, 1, 1, 1, False
113.4648, 2021-07-05T15:21:06.4938380+08:00, 0, 12.94095, 48.29629, 1, 1, 1, False
113.4717, 2021-07-05T15:21:06.5006840+08:00, 0, 12.94095, 48.29629, 1, 1, 1, False
113.4786, 2021-07-05T15:21:06.5076120+08:00, 0, 12.94095, 48.29629, 1, 1, 1, False
113.4868, 2021-07-05T15:21:06.5157530+08:00, 0, 12.94095, 48.29629, 1, 1, 1, False
113.4944, 2021-07-05T15:21:06.5234060+08:00, 0, 12.94095, 48.29629, 1, 1, 1, False
113.4983, 2021-07-05T15:21:06.5272100+08:00, 0, 12.94095, 48.29629, 1, 1, 1, False
113.5036, 2021-07-05T15:21:06.5326490+08:00, 0, 12.94095, 48.29629, 1, 1, 1, False
113.5106, 2021-07-05T15:21:06.5395220+08:00, 0, 12.94095, 48.29629, 1, 1, 1, False
113.5165, 2021-07-05T15:21:06.5455140+08:00, 0, 12.94095, 48.29629, 1, 1, 1, False
113.523, 2021-07-05T15:21:06.5520210+08:00, 0, 12.94095, 48.29629, 1, 1, 1, False
113.5297, 2021-07-05T15:21:06.5586440+08:00, 0, 12.94095, 48.29629, 1, 1, 1, False
113.536, 2021-07-05T15:21:06.5650520+08:00, 0, 12.94095, 48.29629, 1, 1, 1, False
113.5426, 2021-07-05T15:21:06.5715820+08:00, 0, 12.94095, 48.29629, 1, 1, 1, False
113.5492, 2021-07-05T15:21:06.5781400+08:00, 0, 12.94095, 48.29629, 1, 1, 1, False
113.5555, 2021-07-05T15:21:06.5845150+08:00, 0, 12.94095, 48.29629, 1, 1, 1, False
113.5625, 2021-07-05T15:21:06.5914980+08:00, 0, 12.94095, 48.29629, 1, 1, 1, False
113.5686, 2021-07-05T15:21:06.5975800+08:00, 0, 12.94095, 48.29629, 1, 1, 1, False
113.5758, 2021-07-05T15:21:06.6047540+08:00, 0, 12.94095, 48.29629, 1, 1, 1, False
113.5825, 2021-07-05T15:21:06.6114810+08:00, 0, 12.94095, 48.29629, 1, 1, 1, False
113.5906, 2021-07-05T15:21:06.6194830+08:00, 0, 12.94095, 48.29629, 1, 1, 1, False
113.5942, 2021-07-05T15:21:06.6231500+08:00, 0, 12.94095, 48.29629, 1, 1, 1, False
113.6009, 2021-07-05T15:21:06.6298640+08:00, 0, 12.94095, 48.29629, 1, 1, 1, False
113.6073, 2021-07-05T15:21:06.6362810+08:00, 0, 12.94095, 48.29629, 1, 1, 1, False
113.6139, 2021-07-05T15:21:06.6428540+08:00, 0, 12.94095, 48.29629, 1, 1, 1, False
113.6203, 2021-07-05T15:21:06.6492690+08:00, 0, 12.94095, 48.29629, 1, 1, 1, False
113.6265, 2021-07-05T15:21:06.6554650+08:00, 0, 12.94095, 48.29629, 1, 1, 1, False
113.6334, 2021-07-05T15:21:06.6623940+08:00, 0, 12.94095, 48.29629, 1, 1, 1, False
113.6399, 2021-07-05T15:21:06.6689460+08:00, 0, 12.94095, 48.29629, 1, 1, 1, False
113.6469, 2021-07-05T15:21:06.6758420+08:00, 0, 12.94095, 48.29629, 1, 1, 1, False
113.6585, 2021-07-05T15:21:06.6918350+08:00, 0, 12.94095, 48.29629, 1, 1, 1, False
113.6663, 2021-07-05T15:21:06.6953370+08:00, 0, 12.94095, 48.29629, 1, 1, 1, False
113.6702, 2021-07-05T15:21:06.6990700+08:00, 0, 12.94095, 48.29629, 1, 1, 1, False
113.6741, 2021-07-05T15:21:06.7029880+08:00, 0, 12.94095, 48.29629, 1, 1, 1, False
113.6795, 2021-07-05T15:21:06.7084470+08:00, 0, 12.94095, 48.29629, 1, 1, 1, False
113.6868, 2021-07-05T15:21:06.7157910+08:00, 0, 12.94095, 48.29629, 1, 1, 1, False
113.6928, 2021-07-05T15:21:06.7218010+08:00, 0, 12.94095, 48.29629, 1, 1, 1, False
113.6992, 2021-07-05T15:21:06.7281640+08:00, 0, 12.94095, 48.29629, 1, 1, 1, False
113.7063, 2021-07-05T15:21:06.7352630+08:00, 0, 12.94095, 48.29629, 1, 1, 1, False
113.7125, 2021-07-05T15:21:06.7414090+08:00, 0, 12.94095, 48.29629, 1, 1, 1, False
113.7187, 2021-07-05T15:21:06.7476190+08:00, 0, 12.94095, 48.29629, 1, 1, 1, False
113.7257, 2021-07-05T15:21:06.7546780+08:00, 0, 12.94095, 48.29629, 1, 1, 1, False
113.7316, 2021-07-05T15:21:06.7605770+08:00, 0, 12.94095, 48.29629, 1, 1, 1, False
113.7384, 2021-07-05T15:21:06.7673250+08:00, 0, 12.94095, 48.29629, 1, 1, 1, False
113.7445, 2021-07-05T15:21:06.7735570+08:00, 0, 12.94095, 48.29629, 1, 1, 1, False
113.7511, 2021-07-05T15:21:06.7800800+08:00, 0, 12.94095, 48.29629, 1, 1, 1, False
113.7576, 2021-07-05T15:21:06.7865360+08:00, 0, 12.94095, 48.29629, 1, 1, 1, False
113.7642, 2021-07-05T15:21:06.7932340+08:00, 0, 12.94095, 48.29629, 1, 1, 1, False
113.7706, 2021-07-05T15:21:06.7995780+08:00, 0, 12.94095, 48.29629, 1, 1, 1, False
113.7775, 2021-07-05T15:21:06.8065190+08:00, 0, 12.94095, 48.29629, 1, 1, 1, False
113.7836, 2021-07-05T15:21:06.8126570+08:00, 0, 12.94095, 48.29629, 1, 1, 1, False
113.7908, 2021-07-05T15:21:06.8197660+08:00, 0, 12.94095, 48.29629, 1, 1, 1, False
113.7983, 2021-07-05T15:21:06.8272250+08:00, 0, 12.94095, 48.29629, 1, 1, 1, False
113.8034, 2021-07-05T15:21:06.8323410+08:00, 0, 12.94095, 48.29629, 1, 1, 1, False
113.8109, 2021-07-05T15:21:06.8398450+08:00, 0, 12.94095, 48.29629, 1, 1, 1, False
113.8186, 2021-07-05T15:21:06.8475870+08:00, 0, 12.94095, 48.29629, 1, 1, 1, False
113.8229, 2021-07-05T15:21:06.8518890+08:00, 0, 12.94095, 48.29629, 1, 1, 1, False
113.8289, 2021-07-05T15:21:06.8578670+08:00, 0, 12.94095, 48.29629, 1, 1, 1, False
113.8355, 2021-07-05T15:21:06.8644370+08:00, 0, 12.94095, 48.29629, 1, 1, 1, False
113.8427, 2021-07-05T15:21:06.8716620+08:00, 0, 12.94095, 48.29629, 1, 1, 1, False
113.8489, 2021-07-05T15:21:06.8778180+08:00, 0, 12.94095, 48.29629, 1, 1, 1, False
113.8548, 2021-07-05T15:21:06.8837940+08:00, 0, 12.94095, 48.29629, 1, 1, 1, False
113.862, 2021-07-05T15:21:06.8910540+08:00, 0, 12.94095, 48.29629, 1, 1, 1, False
113.8681, 2021-07-05T15:21:06.8971160+08:00, 0, 12.94095, 48.29629, 1, 1, 1, False
113.8748, 2021-07-05T15:21:06.9037460+08:00, 0, 12.94095, 48.29629, 1, 1, 1, False
113.8811, 2021-07-05T15:21:06.9101850+08:00, 0, 12.94095, 48.29629, 1, 1, 1, False
113.8881, 2021-07-05T15:21:06.9169970+08:00, 0, 12.94095, 48.29629, 1, 1, 1, False
113.8944, 2021-07-05T15:21:06.9233420+08:00, 0, 12.94095, 48.29629, 1, 1, 1, False
113.9007, 2021-07-05T15:21:06.9297520+08:00, 0, 12.94095, 48.29629, 1, 1, 1, False
113.9081, 2021-07-05T15:21:06.9371230+08:00, 0, 12.94095, 48.29629, 1, 1, 1, False
113.9358, 2021-07-05T15:21:06.9648510+08:00, 0, 12.94095, 48.29629, 1, 1, 1, False
113.9428, 2021-07-05T15:21:06.9717420+08:00, 0, 12.94095, 48.29629, 1, 1, 1, False
113.9503, 2021-07-05T15:21:06.9792950+08:00, 0, 12.94095, 48.29629, 1, 1, 1, False
113.954, 2021-07-05T15:21:06.9829380+08:00, 0, 12.94095, 48.29629, 1, 1, 1, False
113.9583, 2021-07-05T15:21:06.9872210+08:00, 0, 12.94095, 48.29629, 1, 1, 1, False
113.9621, 2021-07-05T15:21:06.9909860+08:00, 0, 12.94095, 48.29629, 1, 1, 1, False
113.9663, 2021-07-05T15:21:06.9951810+08:00, 0, 12.94095, 48.29629, 1, 1, 1, False
113.97, 2021-07-05T15:21:06.9988920+08:00, 0, 12.94095, 48.29629, 1, 1, 1, False
113.9742, 2021-07-05T15:21:07.0030550+08:00, 0, 12.94095, 48.29629, 1, 1, 1, False
113.9782, 2021-07-05T15:21:07.0071600+08:00, 0, 12.94095, 48.29629, 1, 1, 1, False
113.9836, 2021-07-05T15:21:07.0126610+08:00, 0, 12.94095, 48.29629, 1, 1, 1, False
113.9908, 2021-07-05T15:21:07.0197440+08:00, 0, 12.94095, 48.29629, 1, 1, 1, False
113.9973, 2021-07-05T15:21:07.0262700+08:00, 0, 12.94095, 48.29629, 1, 1, 1, False
114.0032, 2021-07-05T15:21:07.0322140+08:00, 0, 12.94095, 48.29629, 1, 1, 1, False
114.0107, 2021-07-05T15:21:07.0396330+08:00, 0, 12.94095, 48.29629, 1, 1, 1, False
114.0159, 2021-07-05T15:21:07.0449090+08:00, 0, 12.94095, 48.29629, 1, 1, 1, False
114.0226, 2021-07-05T15:21:07.0515600+08:00, 0, 12.94095, 48.29629, 1, 1, 1, False
114.0288, 2021-07-05T15:21:07.0578050+08:00, 0, 12.94095, 48.29629, 1, 1, 1, False
114.0352, 2021-07-05T15:21:07.0641270+08:00, 0, 12.94095, 48.29629, 1, 1, 1, False
114.0416, 2021-07-05T15:21:07.0706400+08:00, 0, 12.94095, 48.29629, 1, 1, 1, False
114.048, 2021-07-05T15:21:07.0770140+08:00, 0, 12.94095, 48.29629, 1, 1, 1, False
114.055, 2021-07-05T15:21:07.0839770+08:00, 0, 12.94095, 48.29629, 1, 1, 1, False
114.061, 2021-07-05T15:21:07.0900020+08:00, 0, 12.94095, 48.29629, 1, 1, 1, False
114.0675, 2021-07-05T15:21:07.0965580+08:00, 0, 12.94095, 48.29629, 1, 1, 1, False
114.0747, 2021-07-05T15:21:07.1036260+08:00, 0, 12.94095, 48.29629, 1, 1, 1, False
114.0808, 2021-07-05T15:21:07.1098300+08:00, 0, 12.94095, 48.29629, 1, 1, 1, False
114.0872, 2021-07-05T15:21:07.1161220+08:00, 0, 12.94095, 48.29629, 1, 1, 1, False
114.0946, 2021-07-05T15:21:07.1235680+08:00, 0, 12.94095, 48.29629, 1, 1, 1, False
114.1002, 2021-07-05T15:21:07.1291730+08:00, 0, 12.94095, 48.29629, 1, 1, 1, False
114.107, 2021-07-05T15:21:07.1360120+08:00, 0, 12.94095, 48.29629, 1, 1, 1, False
114.1145, 2021-07-05T15:21:07.1434100+08:00, 0, 12.94095, 48.29629, 1, 1, 1, False
114.1197, 2021-07-05T15:21:07.1486430+08:00, 0, 12.94095, 48.29629, 1, 1, 1, False
114.1267, 2021-07-05T15:21:07.1557190+08:00, 0, 12.94095, 48.29629, 1, 1, 1, False
114.1327, 2021-07-05T15:21:07.1616650+08:00, 0, 12.94095, 48.29629, 1, 1, 1, False
114.1391, 2021-07-05T15:21:07.1680840+08:00, 0, 12.94095, 48.29629, 1, 1, 1, False
114.1467, 2021-07-05T15:21:07.1757360+08:00, 0, 12.94095, 48.29629, 1, 1, 1, False
114.152, 2021-07-05T15:21:07.1809960+08:00, 0, 12.94095, 48.29629, 1, 1, 1, False
114.1589, 2021-07-05T15:21:07.1878070+08:00, 0, 12.94095, 48.29629, 1, 1, 1, False
114.165, 2021-07-05T15:21:07.1940700+08:00, 0, 12.94095, 48.29629, 1, 1, 1, False
114.172, 2021-07-05T15:21:07.2009260+08:00, 0, 12.94095, 48.29629, 1, 1, 1, False
114.1784, 2021-07-05T15:21:07.2074080+08:00, 0, 12.94095, 48.29629, 1, 1, 1, False
114.1847, 2021-07-05T15:21:07.2137210+08:00, 0, 12.94095, 48.29629, 1, 1, 1, False
114.1916, 2021-07-05T15:21:07.2206770+08:00, 0, 12.94095, 48.29629, 1, 1, 1, False
114.1986, 2021-07-05T15:21:07.2275910+08:00, 0, 12.94095, 48.29629, 1, 1, 1, False
114.2066, 2021-07-05T15:21:07.2355850+08:00, 0, 12.94095, 48.29629, 1, 1, 1, False
114.2106, 2021-07-05T15:21:07.2395230+08:00, 0, 12.94095, 48.29629, 1, 1, 1, False
114.2168, 2021-07-05T15:21:07.2457880+08:00, 0, 12.94095, 48.29629, 1, 1, 1, False
114.2232, 2021-07-05T15:21:07.2522290+08:00, 0, 12.94095, 48.29629, 1, 1, 1, False
114.2307, 2021-07-05T15:21:07.2597110+08:00, 0, 12.94095, 48.29629, 1, 1, 1, False
114.2362, 2021-07-05T15:21:07.2651610+08:00, 0, 12.94095, 48.29629, 1, 1, 1, False
114.2426, 2021-07-05T15:21:07.2716400+08:00, 0, 12.94095, 48.29629, 1, 1, 1, False
114.249, 2021-07-05T15:21:07.2780730+08:00, 0, 12.94095, 48.29629, 1, 1, 1, False
114.2563, 2021-07-05T15:21:07.2853420+08:00, 0, 12.94095, 48.29629, 1, 1, 1, False
114.2623, 2021-07-05T15:21:07.2913880+08:00, 0, 12.94095, 48.29629, 1, 1, 1, False
114.2688, 2021-07-05T15:21:07.2977890+08:00, 0, 12.94095, 48.29629, 1, 1, 1, False
114.2758, 2021-07-05T15:21:07.3047530+08:00, 0, 12.94095, 48.29629, 1, 1, 1, False
114.2823, 2021-07-05T15:21:07.3113600+08:00, 0, 12.94095, 48.29629, 1, 1, 1, False
114.2883, 2021-07-05T15:21:07.3173460+08:00, 0, 12.94095, 48.29629, 1, 1, 1, False
114.2953, 2021-07-05T15:21:07.3242580+08:00, 0, 12.94095, 48.29629, 1, 1, 1, False
114.3027, 2021-07-05T15:21:07.3316950+08:00, 0, 12.94095, 48.29629, 1, 1, 1, False
114.3083, 2021-07-05T15:21:07.3372930+08:00, 0, 12.94095, 48.29629, 1, 1, 1, False
114.3147, 2021-07-05T15:21:07.3436730+08:00, 0, 12.94095, 48.29629, 1, 1, 1, False
114.3212, 2021-07-05T15:21:07.3501860+08:00, 0, 12.94095, 48.29629, 1, 1, 1, False
114.327, 2021-07-05T15:21:07.3560140+08:00, 0, 12.94095, 48.29629, 1, 1, 1, False
114.3335, 2021-07-05T15:21:07.3625590+08:00, 0, 12.94095, 48.29629, 1, 1, 1, False
114.3401, 2021-07-05T15:21:07.3690800+08:00, 0, 12.94095, 48.29629, 1, 1, 1, False
114.3467, 2021-07-05T15:21:07.3756250+08:00, 0, 12.94095, 48.29629, 1, 1, 1, False
114.3535, 2021-07-05T15:21:07.3824020+08:00, 0, 12.94095, 48.29629, 1, 1, 1, False
114.3594, 2021-07-05T15:21:07.3883450+08:00, 0, 12.94095, 48.29629, 1, 1, 1, False
114.3665, 2021-07-05T15:21:07.3955430+08:00, 0, 12.94095, 48.29629, 1, 1, 1, False
114.3724, 2021-07-05T15:21:07.4013990+08:00, 0, 12.94095, 48.29629, 1, 1, 1, False
114.3789, 2021-07-05T15:21:07.4079900+08:00, 0, 12.94095, 48.29629, 1, 1, 1, False
114.3857, 2021-07-05T15:21:07.4147460+08:00, 0, 12.94095, 48.29629, 1, 1, 1, False
114.3929, 2021-07-05T15:21:07.4218460+08:00, 0, 12.94095, 48.29629, 1, 1, 1, False
114.3988, 2021-07-05T15:21:07.4278290+08:00, 0, 12.94095, 48.29629, 1, 1, 1, False
114.4055, 2021-07-05T15:21:07.4344780+08:00, 0, 12.94095, 48.29629, 1, 1, 1, False
114.4125, 2021-07-05T15:21:07.4414460+08:00, 0, 12.94095, 48.29629, 1, 1, 1, False
114.4185, 2021-07-05T15:21:07.4475140+08:00, 0, 12.94095, 48.29629, 1, 1, 1, False
114.4251, 2021-07-05T15:21:07.4540810+08:00, 0, 12.94095, 48.29629, 1, 1, 1, False
114.4315, 2021-07-05T15:21:07.4604990+08:00, 0, 12.94095, 48.29629, 1, 1, 1, False
114.4385, 2021-07-05T15:21:07.4674420+08:00, 0, 12.94095, 48.29629, 1, 1, 1, False
114.4446, 2021-07-05T15:21:07.4736470+08:00, 0, 12.94095, 48.29629, 1, 1, 1, False
114.4512, 2021-07-05T15:21:07.4802480+08:00, 0, 12.94095, 48.29629, 1, 1, 1, False
114.4588, 2021-07-05T15:21:07.4877890+08:00, 0, 12.94095, 48.29629, 1, 1, 1, False
114.4668, 2021-07-05T15:21:07.4957670+08:00, 0, 12.94095, 48.29629, 1, 1, 1, False
114.4744, 2021-07-05T15:21:07.5033250+08:00, 0, 12.94095, 48.29629, 1, 1, 1, False
114.4783, 2021-07-05T15:21:07.5072450+08:00, 0, 12.94095, 48.29629, 1, 1, 1, False
114.4836, 2021-07-05T15:21:07.5127260+08:00, 0, 12.94095, 48.29629, 1, 1, 1, False
114.4908, 2021-07-05T15:21:07.5198030+08:00, 0, 12.94095, 48.29629, 1, 1, 1, False
114.4967, 2021-07-05T15:21:07.5257050+08:00, 0, 12.94095, 48.29629, 1, 1, 1, False
114.5032, 2021-07-05T15:21:07.5321170+08:00, 0, 12.94095, 48.29629, 1, 1, 1, False
114.5093, 2021-07-05T15:21:07.5382370+08:00, 0, 12.94095, 48.29629, 1, 1, 1, False
114.516, 2021-07-05T15:21:07.5449670+08:00, 0, 12.94095, 48.29629, 1, 1, 1, False
114.5225, 2021-07-05T15:21:07.5515400+08:00, 0, 12.94095, 48.29629, 1, 1, 1, False
114.5291, 2021-07-05T15:21:07.5581080+08:00, 0, 12.94095, 48.29629, 1, 1, 1, False
114.535, 2021-07-05T15:21:07.5639880+08:00, 0, 12.94095, 48.29629, 1, 1, 1, False
114.5416, 2021-07-05T15:21:07.5706520+08:00, 0, 12.94095, 48.29629, 1, 1, 1, False
114.5481, 2021-07-05T15:21:07.5770740+08:00, 0, 12.94095, 48.29629, 1, 1, 1, False
114.5546, 2021-07-05T15:21:07.5835340+08:00, 0, 12.94095, 48.29629, 1, 1, 1, False
114.5609, 2021-07-05T15:21:07.5899600+08:00, 0, 12.94095, 48.29629, 1, 1, 1, False
114.5675, 2021-07-05T15:21:07.5964810+08:00, 0, 12.94095, 48.29629, 1, 1, 1, False
114.5746, 2021-07-05T15:21:07.6035240+08:00, 0, 12.94095, 48.29629, 1, 1, 1, False
114.5807, 2021-07-05T15:21:07.6097510+08:00, 0, 12.94095, 48.29629, 1, 1, 1, False
114.587, 2021-07-05T15:21:07.6160200+08:00, 0, 12.94095, 48.29629, 1, 1, 1, False
114.5936, 2021-07-05T15:21:07.6225730+08:00, 0, 12.94095, 48.29629, 1, 1, 1, False
114.6, 2021-07-05T15:21:07.6290390+08:00, 0, 12.94095, 48.29629, 1, 1, 1, False
114.6067, 2021-07-05T15:21:07.6356920+08:00, 0, 12.94095, 48.29629, 1, 1, 1, False
114.6131, 2021-07-05T15:21:07.6420770+08:00, 0, 12.94095, 48.29629, 1, 1, 1, False
114.6195, 2021-07-05T15:21:07.6484370+08:00, 0, 12.94095, 48.29629, 1, 1, 1, False
114.6267, 2021-07-05T15:21:07.6556480+08:00, 0, 12.94095, 48.29629, 1, 1, 1, False
114.6324, 2021-07-05T15:21:07.6614010+08:00, 0, 12.94095, 48.29629, 1, 1, 1, False
114.6393, 2021-07-05T15:21:07.6683050+08:00, 0, 12.94095, 48.29629, 1, 1, 1, False
114.6466, 2021-07-05T15:21:07.6756290+08:00, 0, 12.94095, 48.29629, 1, 1, 1, False
114.652, 2021-07-05T15:21:07.6809080+08:00, 0, 12.94095, 48.29629, 1, 1, 1, False
114.6591, 2021-07-05T15:21:07.6880490+08:00, 0, 12.94095, 48.29629, 1, 1, 1, False
114.6651, 2021-07-05T15:21:07.6941220+08:00, 0, 12.94095, 48.29629, 1, 1, 1, False
114.6745, 2021-07-05T15:21:07.7077620+08:00, 0, 12.94095, 48.29629, 1, 1, 1, False
114.6821, 2021-07-05T15:21:07.7110640+08:00, 0, 12.94095, 48.29629, 1, 1, 1, False
114.6861, 2021-07-05T15:21:07.7151210+08:00, 0, 12.94095, 48.29629, 1, 1, 1, False
114.6911, 2021-07-05T15:21:07.7200640+08:00, 0, 12.94095, 48.29629, 1, 1, 1, False
114.6978, 2021-07-05T15:21:07.7267570+08:00, 0, 12.94095, 48.29629, 1, 1, 1, False
114.705, 2021-07-05T15:21:07.7339540+08:00, 0, 12.94095, 48.29629, 1, 1, 1, False
114.7111, 2021-07-05T15:21:07.7400640+08:00, 0, 12.94095, 48.29629, 1, 1, 1, False
114.7176, 2021-07-05T15:21:07.7465670+08:00, 0, 12.94095, 48.29629, 1, 1, 1, False
114.7238, 2021-07-05T15:21:07.7528670+08:00, 0, 12.94095, 48.29629, 1, 1, 1, False
114.7307, 2021-07-05T15:21:07.7596670+08:00, 0, 12.94095, 48.29629, 1, 1, 1, False
114.7384, 2021-07-05T15:21:07.7673890+08:00, 0, 12.94095, 48.29629, 1, 1, 1, False
114.7433, 2021-07-05T15:21:07.7722750+08:00, 0, 12.94095, 48.29629, 1, 1, 1, False
114.7504, 2021-07-05T15:21:07.7794070+08:00, 0, 12.94095, 48.29629, 1, 1, 1, False
114.7571, 2021-07-05T15:21:07.7860930+08:00, 0, 12.94095, 48.29629, 1, 1, 1, False
114.763, 2021-07-05T15:21:07.7920870+08:00, 0, 12.94095, 48.29629, 1, 1, 1, False
114.7841, 2021-07-05T15:21:07.8130990+08:00, 0, 12.94095, 48.29629, 1, 1, 1, False
114.7903, 2021-07-05T15:21:07.8192180+08:00, 0, 12.94095, 48.29629, 1, 1, 1, False
114.7942, 2021-07-05T15:21:07.8231360+08:00, 0, 12.94095, 48.29629, 1, 1, 1, False
114.7982, 2021-07-05T15:21:07.8270780+08:00, 0, 12.94095, 48.29629, 1, 1, 1, False
114.8021, 2021-07-05T15:21:07.8310510+08:00, 0, 12.94095, 48.29629, 1, 1, 1, False
114.8062, 2021-07-05T15:21:07.8350730+08:00, 0, 12.94095, 48.29629, 1, 1, 1, False
114.8102, 2021-07-05T15:21:07.8390670+08:00, 0, 12.94095, 48.29629, 1, 1, 1, False
114.8145, 2021-07-05T15:21:07.8434210+08:00, 0, 12.94095, 48.29629, 1, 1, 1, False
114.821, 2021-07-05T15:21:07.8499990+08:00, 0, 12.94095, 48.29629, 1, 1, 1, False
114.8271, 2021-07-05T15:21:07.8560360+08:00, 0, 12.94095, 48.29629, 1, 1, 1, False
114.8344, 2021-07-05T15:21:07.8634810+08:00, 0, 12.94095, 48.29629, 1, 1, 1, False
114.8398, 2021-07-05T15:21:07.8688240+08:00, 0, 12.94095, 48.29629, 1, 1, 1, False
114.8469, 2021-07-05T15:21:07.8758740+08:00, 0, 12.94095, 48.29629, 1, 1, 1, False
114.8529, 2021-07-05T15:21:07.8818810+08:00, 0, 12.94095, 48.29629, 1, 1, 1, False
114.8594, 2021-07-05T15:21:07.8884120+08:00, 0, 12.94095, 48.29629, 1, 1, 1, False
114.8667, 2021-07-05T15:21:07.8956890+08:00, 0, 12.94095, 48.29629, 1, 1, 1, False
114.8725, 2021-07-05T15:21:07.9014770+08:00, 0, 12.94095, 48.29629, 1, 1, 1, False
114.8789, 2021-07-05T15:21:07.9079030+08:00, 0, 12.94095, 48.29629, 1, 1, 1, False
114.8866, 2021-07-05T15:21:07.9155580+08:00, 0, 12.94095, 48.29629, 1, 1, 1, False
114.8917, 2021-07-05T15:21:07.9207140+08:00, 0, 12.94095, 48.29629, 1, 1, 1, False
114.8988, 2021-07-05T15:21:07.9277280+08:00, 0, 12.94095, 48.29629, 1, 1, 1, False
114.9046, 2021-07-05T15:21:07.9335890+08:00, 0, 12.94095, 48.29629, 1, 1, 1, False
114.911, 2021-07-05T15:21:07.9399790+08:00, 0, 12.94095, 48.29629, 1, 1, 1, False
114.9185, 2021-07-05T15:21:07.9475000+08:00, 0, 12.94095, 48.29629, 1, 1, 1, False
114.924, 2021-07-05T15:21:07.9529790+08:00, 0, 12.94095, 48.29629, 1, 1, 1, False
114.9309, 2021-07-05T15:21:07.9598200+08:00, 0, 12.94095, 48.29629, 1, 1, 1, False
114.9374, 2021-07-05T15:21:07.9663250+08:00, 0, 12.94095, 48.29629, 1, 1, 1, False
114.9434, 2021-07-05T15:21:07.9724000+08:00, 0, 12.94095, 48.29629, 1, 1, 1, False
114.9505, 2021-07-05T15:21:07.9795610+08:00, 0, 12.94095, 48.29629, 1, 1, 1, False
114.9584, 2021-07-05T15:21:07.9873610+08:00, 0, 12.94095, 48.29629, 1, 1, 1, False
114.9629, 2021-07-05T15:21:07.9918950+08:00, 0, 12.94095, 48.29629, 1, 1, 1, False
114.9693, 2021-07-05T15:21:07.9982600+08:00, 0, 12.94095, 48.29629, 1, 1, 1, False
114.9764, 2021-07-05T15:21:08.0053120+08:00, 0, 12.94095, 48.29629, 1, 1, 1, False
114.9826, 2021-07-05T15:21:08.0115960+08:00, 0, 12.94095, 48.29629, 1, 1, 1, False
114.9892, 2021-07-05T15:21:08.0181710+08:00, 0, 12.94095, 48.29629, 1, 1, 1, False
114.9949, 2021-07-05T15:21:08.0239340+08:00, 0, 12.94095, 48.29629, 1, 1, 1, False
115.0016, 2021-07-05T15:21:08.0305850+08:00, 0, 12.94095, 48.29629, 1, 1, 1, False
115.008, 2021-07-05T15:21:08.0369500+08:00, 0, 12.94095, 48.29629, 1, 1, 1, False
115.0147, 2021-07-05T15:21:08.0436540+08:00, 0, 12.94095, 48.29629, 1, 1, 1, False
115.0214, 2021-07-05T15:21:08.0503590+08:00, 0, 12.94095, 48.29629, 1, 1, 1, False
115.0273, 2021-07-05T15:21:08.0562530+08:00, 0, 12.94095, 48.29629, 1, 1, 1, False
115.0344, 2021-07-05T15:21:08.0633310+08:00, 0, 12.94095, 48.29629, 1, 1, 1, False
115.0401, 2021-07-05T15:21:08.0691310+08:00, 0, 12.94095, 48.29629, 1, 1, 1, False
115.0466, 2021-07-05T15:21:08.0755960+08:00, 0, 12.94095, 48.29629, 1, 1, 1, False
115.0531, 2021-07-05T15:21:08.0821200+08:00, 0, 12.94095, 48.29629, 1, 1, 1, False
115.0594, 2021-07-05T15:21:08.0883990+08:00, 0, 12.94095, 48.29629, 1, 1, 1, False
115.0665, 2021-07-05T15:21:08.0955100+08:00, 0, 12.94095, 48.29629, 1, 1, 1, False
115.0726, 2021-07-05T15:21:08.1015530+08:00, 0, 12.94095, 48.29629, 1, 1, 1, False
115.079, 2021-07-05T15:21:08.1079760+08:00, 0, 12.94095, 48.29629, 1, 1, 1, False
115.0856, 2021-07-05T15:21:08.1146250+08:00, 0, 12.94095, 48.29629, 1, 1, 1, False
115.0927, 2021-07-05T15:21:08.1216720+08:00, 0, 12.94095, 48.29629, 1, 1, 1, False
115.0986, 2021-07-05T15:21:08.1275250+08:00, 0, 12.94095, 48.29629, 1, 1, 1, False
115.105, 2021-07-05T15:21:08.1340540+08:00, 0, 12.94095, 48.29629, 1, 1, 1, False
115.1111, 2021-07-05T15:21:08.1400550+08:00, 0, 12.94095, 48.29629, 1, 1, 1, False
115.1186, 2021-07-05T15:21:08.1476620+08:00, 0, 12.94095, 48.29629, 1, 1, 1, False
115.1248, 2021-07-05T15:21:08.1538910+08:00, 0, 12.94095, 48.29629, 1, 1, 1, False
115.1307, 2021-07-05T15:21:08.1597530+08:00, 0, 12.94095, 48.29629, 1, 1, 1, False
115.1373, 2021-07-05T15:21:08.1662710+08:00, 0, 12.94095, 48.29629, 1, 1, 1, False
115.1442, 2021-07-05T15:21:08.1732500+08:00, 0, 12.94095, 48.29629, 1, 1, 1, False
115.1505, 2021-07-05T15:21:08.1794460+08:00, 0, 12.94095, 48.29629, 1, 1, 1, False
115.157, 2021-07-05T15:21:08.1859880+08:00, 0, 12.94095, 48.29629, 1, 1, 1, False
115.1628, 2021-07-05T15:21:08.1918310+08:00, 0, 12.94095, 48.29629, 1, 1, 1, False
115.1693, 2021-07-05T15:21:08.1983040+08:00, 0, 12.94095, 48.29629, 1, 1, 1, False
115.1758, 2021-07-05T15:21:08.2047580+08:00, 0, 12.94095, 48.29629, 1, 1, 1, False
115.1828, 2021-07-05T15:21:08.2118350+08:00, 0, 12.94095, 48.29629, 1, 1, 1, False
115.1908, 2021-07-05T15:21:08.2197930+08:00, 0, 12.94095, 48.29629, 1, 1, 1, False
115.1983, 2021-07-05T15:21:08.2272940+08:00, 0, 12.94095, 48.29629, 1, 1, 1, False
115.2066, 2021-07-05T15:21:08.2356230+08:00, 0, 12.94095, 48.29629, 1, 1, 1, False
115.2149, 2021-07-05T15:21:08.2439330+08:00, 0, 12.94095, 48.29629, 1, 1, 1, False
115.2228, 2021-07-05T15:21:08.2518190+08:00, 0, 12.94095, 48.29629, 1, 1, 1, False
115.2308, 2021-07-05T15:21:08.2597760+08:00, 0, 12.94095, 48.29629, 1, 1, 1, False
115.2385, 2021-07-05T15:21:08.2674670+08:00, 0, 12.94095, 48.29629, 1, 1, 1, False
115.2469, 2021-07-05T15:21:08.2759200+08:00, 0, 12.94095, 48.29629, 1, 1, 1, False
115.2544, 2021-07-05T15:21:08.2833250+08:00, 0, 12.94095, 48.29629, 1, 1, 1, False
115.2581, 2021-07-05T15:21:08.2870440+08:00, 0, 12.94095, 48.29629, 1, 1, 1, False
115.262, 2021-07-05T15:21:08.2909740+08:00, 0, 12.94095, 48.29629, 1, 1, 1, False
115.2663, 2021-07-05T15:21:08.2951790+08:00, 0, 12.94095, 48.29629, 1, 1, 1, False
115.2701, 2021-07-05T15:21:08.2989910+08:00, 0, 12.94095, 48.29629, 1, 1, 1, False
115.2741, 2021-07-05T15:21:08.3030320+08:00, 0, 12.94095, 48.29629, 1, 1, 1, False
115.2794, 2021-07-05T15:21:08.3083300+08:00, 0, 12.94095, 48.29629, 1, 1, 1, False
115.285, 2021-07-05T15:21:08.3140480+08:00, 0, 12.94095, 48.29629, 1, 1, 1, False
115.2919, 2021-07-05T15:21:08.3208950+08:00, 0, 12.94095, 48.29629, 1, 1, 1, False
115.2987, 2021-07-05T15:21:08.3276790+08:00, 0, 12.94095, 48.29629, 1, 1, 1, False
115.305, 2021-07-05T15:21:08.3339980+08:00, 0, 12.94095, 48.29629, 1, 1, 1, False
115.3108, 2021-07-05T15:21:08.3398440+08:00, 0, 12.94095, 48.29629, 1, 1, 1, False
115.3189, 2021-07-05T15:21:08.3478980+08:00, 0, 12.94095, 48.29629, 1, 1, 1, False
115.3266, 2021-07-05T15:21:08.3556080+08:00, 0, 12.94095, 48.29629, 1, 1, 1, False
115.3305, 2021-07-05T15:21:08.3594750+08:00, 0, 12.94095, 48.29629, 1, 1, 1, False
115.3373, 2021-07-05T15:21:08.3663030+08:00, 0, 12.94095, 48.29629, 1, 1, 1, False
115.3433, 2021-07-05T15:21:08.3722920+08:00, 0, 12.94095, 48.29629, 1, 1, 1, False
115.3504, 2021-07-05T15:21:08.3794490+08:00, 0, 12.94095, 48.29629, 1, 1, 1, False
115.3568, 2021-07-05T15:21:08.3858070+08:00, 0, 12.94095, 48.29629, 1, 1, 1, False
115.3626, 2021-07-05T15:21:08.3916840+08:00, 0, 12.94095, 48.29629, 1, 1, 1, False
115.3694, 2021-07-05T15:21:08.3983400+08:00, 0, 12.94095, 48.29629, 1, 1, 1, False
115.3766, 2021-07-05T15:21:08.4056030+08:00, 0, 12.94095, 48.29629, 1, 1, 1, False
115.3825, 2021-07-05T15:21:08.4116490+08:00, 0, 12.94095, 48.29629, 1, 1, 1, False
115.3906, 2021-07-05T15:21:08.4194820+08:00, 0, 12.94095, 48.29629, 1, 1, 1, False
115.3953, 2021-07-05T15:21:08.4243130+08:00, 0, 12.94095, 48.29629, 1, 1, 1, False
115.4021, 2021-07-05T15:21:08.4310990+08:00, 0, 12.94095, 48.29629, 1, 1, 1, False
115.4101, 2021-07-05T15:21:08.4390350+08:00, 0, 12.94095, 48.29629, 1, 1, 1, False
115.4152, 2021-07-05T15:21:08.4441760+08:00, 0, 12.94095, 48.29629, 1, 1, 1, False
115.4218, 2021-07-05T15:21:08.4507720+08:00, 0, 12.94095, 48.29629, 1, 1, 1, False
115.4281, 2021-07-05T15:21:08.4570680+08:00, 0, 12.94095, 48.29629, 1, 1, 1, False
115.4352, 2021-07-05T15:21:08.4641810+08:00, 0, 12.94095, 48.29629, 1, 1, 1, False
115.4413, 2021-07-05T15:21:08.4703210+08:00, 0, 12.94095, 48.29629, 1, 1, 1, False
115.448, 2021-07-05T15:21:08.4769270+08:00, 0, 12.94095, 48.29629, 1, 1, 1, False
115.4544, 2021-07-05T15:21:08.4834050+08:00, 0, 12.94095, 48.29629, 1, 1, 1, False
115.4609, 2021-07-05T15:21:08.4898900+08:00, 0, 12.94095, 48.29629, 1, 1, 1, False
115.4672, 2021-07-05T15:21:08.4962140+08:00, 0, 12.94095, 48.29629, 1, 1, 1, False
115.4746, 2021-07-05T15:21:08.5035600+08:00, 0, 12.94095, 48.29629, 1, 1, 1, False
115.4804, 2021-07-05T15:21:08.5093900+08:00, 0, 12.94095, 48.29629, 1, 1, 1, False
115.4865, 2021-07-05T15:21:08.5154630+08:00, 0, 12.94095, 48.29629, 1, 1, 1, False
115.4928, 2021-07-05T15:21:08.5217860+08:00, 0, 12.94095, 48.29629, 1, 1, 1, False
115.4995, 2021-07-05T15:21:08.5284890+08:00, 0, 12.94095, 48.29629, 1, 1, 1, False
115.5065, 2021-07-05T15:21:08.5354310+08:00, 0, 12.94095, 48.29629, 1, 1, 1, False
115.5125, 2021-07-05T15:21:08.5414360+08:00, 0, 12.94095, 48.29629, 1, 1, 1, False
115.519, 2021-07-05T15:21:08.5480200+08:00, 0, 12.94095, 48.29629, 1, 1, 1, False
115.5266, 2021-07-05T15:21:08.5556000+08:00, 0, 12.94095, 48.29629, 1, 1, 1, False
115.532, 2021-07-05T15:21:08.5610500+08:00, 0, 12.94095, 48.29629, 1, 1, 1, False
115.5385, 2021-07-05T15:21:08.5674250+08:00, 0, 12.94095, 48.29629, 1, 1, 1, False
115.5455, 2021-07-05T15:21:08.5745550+08:00, 0, 12.94095, 48.29629, 1, 1, 1, False
115.5514, 2021-07-05T15:21:08.5804010+08:00, 0, 12.94095, 48.29629, 1, 1, 1, False
115.5585, 2021-07-05T15:21:08.5874780+08:00, 0, 12.94095, 48.29629, 1, 1, 1, False
115.5645, 2021-07-05T15:21:08.5935840+08:00, 0, 12.94095, 48.29629, 1, 1, 1, False
115.5714, 2021-07-05T15:21:08.6003320+08:00, 0, 12.94095, 48.29629, 1, 1, 1, False
115.5774, 2021-07-05T15:21:08.6063480+08:00, 0, 12.94095, 48.29629, 1, 1, 1, False
115.584, 2021-07-05T15:21:08.6130470+08:00, 0, 12.94095, 48.29629, 1, 1, 1, False
115.6129, 2021-07-05T15:21:08.6419480+08:00, 0, 12.94095, 48.29629, 1, 1, 1, False
115.6185, 2021-07-05T15:21:08.6474020+08:00, 0, 12.94095, 48.29629, 1, 1, 1, False
115.6222, 2021-07-05T15:21:08.6512360+08:00, 0, 12.94095, 48.29629, 1, 1, 1, False
115.6261, 2021-07-05T15:21:08.6550460+08:00, 0, 12.94095, 48.29629, 1, 1, 1, False
115.6301, 2021-07-05T15:21:08.6590620+08:00, 0, 12.94095, 48.29629, 1, 1, 1, False
115.6343, 2021-07-05T15:21:08.6633710+08:00, 0, 12.94095, 48.29629, 1, 1, 1, False
115.6381, 2021-07-05T15:21:08.6669790+08:00, 0, 12.94095, 48.29629, 1, 1, 1, False
115.6422, 2021-07-05T15:21:08.6711090+08:00, 0, 12.94095, 48.29629, 1, 1, 1, False
115.6468, 2021-07-05T15:21:08.6757610+08:00, 0, 12.94095, 48.29629, 1, 1, 1, False
115.6529, 2021-07-05T15:21:08.6819320+08:00, 0, 12.94095, 48.29629, 1, 1, 1, False
115.6596, 2021-07-05T15:21:08.6886040+08:00, 0, 12.94095, 48.29629, 1, 1, 1, False
115.6666, 2021-07-05T15:21:08.6955950+08:00, 0, 12.94095, 48.29629, 1, 1, 1, False
115.6725, 2021-07-05T15:21:08.7015280+08:00, 0, 12.94095, 48.29629, 1, 1, 1, False
115.6795, 2021-07-05T15:21:08.7084370+08:00, 0, 12.94095, 48.29629, 1, 1, 1, False
115.6862, 2021-07-05T15:21:08.7152230+08:00, 0, 12.94095, 48.29629, 1, 1, 1, False
115.6918, 2021-07-05T15:21:08.7208050+08:00, 0, 12.94095, 48.29629, 1, 1, 1, False
115.6983, 2021-07-05T15:21:08.7310110+08:00, 0, 12.94095, 48.29629, 1, 1, 1, False
115.7061, 2021-07-05T15:21:08.7350770+08:00, 0, 12.94095, 48.29629, 1, 1, 1, False
115.7115, 2021-07-05T15:21:08.7404670+08:00, 0, 12.94095, 48.29629, 1, 1, 1, False
115.7186, 2021-07-05T15:21:08.7475320+08:00, 0, 12.94095, 48.29629, 1, 1, 1, False
115.7248, 2021-07-05T15:21:08.7537690+08:00, 0, 12.94095, 48.29629, 1, 1, 1, False
115.7313, 2021-07-05T15:21:08.7602830+08:00, 0, 12.94095, 48.29629, 1, 1, 1, False
115.7383, 2021-07-05T15:21:08.7672590+08:00, 0, 12.94095, 48.29629, 1, 1, 1, False
115.7448, 2021-07-05T15:21:08.7737570+08:00, 0, 12.94095, 48.29629, 1, 1, 1, False
115.7508, 2021-07-05T15:21:08.7798790+08:00, 0, 12.94095, 48.29629, 1, 1, 1, False
115.7585, 2021-07-05T15:21:08.7874300+08:00, 0, 12.94095, 48.29629, 1, 1, 1, False
115.7638, 2021-07-05T15:21:08.7928680+08:00, 0, 12.94095, 48.29629, 1, 1, 1, False
115.7705, 2021-07-05T15:21:08.7994770+08:00, 0, 12.94095, 48.29629, 1, 1, 1, False
115.7774, 2021-07-05T15:21:08.8064340+08:00, 0, 12.94095, 48.29629, 1, 1, 1, False
115.7828, 2021-07-05T15:21:08.8118470+08:00, 0, 12.94095, 48.29629, 1, 1, 1, False
115.7907, 2021-07-05T15:21:08.8196980+08:00, 0, 12.94095, 48.29629, 1, 1, 1, False
115.7963, 2021-07-05T15:21:08.8253640+08:00, 0, 12.94095, 48.29629, 1, 1, 1, False
115.8027, 2021-07-05T15:21:08.8317470+08:00, 0, 12.94095, 48.29629, 1, 1, 1, False
115.8094, 2021-07-05T15:21:08.8384440+08:00, 0, 12.94095, 48.29629, 1, 1, 1, False
115.8154, 2021-07-05T15:21:08.8443690+08:00, 0, 12.94095, 48.29629, 1, 1, 1, False
115.8225, 2021-07-05T15:21:08.8516350+08:00, 0, 12.94095, 48.29629, 1, 1, 1, False
115.8286, 2021-07-05T15:21:08.8576020+08:00, 0, 12.94095, 48.29629, 1, 1, 1, False
115.8346, 2021-07-05T15:21:08.8636930+08:00, 0, 12.94095, 48.29629, 1, 1, 1, False
115.841, 2021-07-05T15:21:08.8700900+08:00, 0, 12.94095, 48.29629, 1, 1, 1, False
115.8477, 2021-07-05T15:21:08.8767620+08:00, 0, 12.94095, 48.29629, 1, 1, 1, False
115.8546, 2021-07-05T15:21:08.8836080+08:00, 0, 12.94095, 48.29629, 1, 1, 1, False
115.8606, 2021-07-05T15:21:08.8896430+08:00, 0, 12.94095, 48.29629, 1, 1, 1, False
115.8672, 2021-07-05T15:21:08.8962860+08:00, 0, 12.94095, 48.29629, 1, 1, 1, False
115.8745, 2021-07-05T15:21:08.9034670+08:00, 0, 12.94095, 48.29629, 1, 1, 1, False
115.8803, 2021-07-05T15:21:08.9093060+08:00, 0, 12.94095, 48.29629, 1, 1, 1, False
115.8867, 2021-07-05T15:21:08.9157320+08:00, 0, 12.94095, 48.29629, 1, 1, 1, False
115.8932, 2021-07-05T15:21:08.9222340+08:00, 0, 12.94095, 48.29629, 1, 1, 1, False
115.8997, 2021-07-05T15:21:08.9287110+08:00, 0, 12.94095, 48.29629, 1, 1, 1, False
115.9078, 2021-07-05T15:21:08.9367400+08:00, 0, 12.94095, 48.29629, 1, 1, 1, False
115.9128, 2021-07-05T15:21:08.9417300+08:00, 0, 12.94095, 48.29629, 1, 1, 1, False
115.9193, 2021-07-05T15:21:08.9483170+08:00, 0, 12.94095, 48.29629, 1, 1, 1, False
115.935, 2021-07-05T15:21:08.9640190+08:00, 0, 12.94095, 48.29629, 1, 1, 1, False
115.9428, 2021-07-05T15:21:08.9718470+08:00, 0, 12.94095, 48.29629, 1, 1, 1, False
115.9503, 2021-07-05T15:21:08.9792310+08:00, 0, 12.94095, 48.29629, 1, 1, 1, False
115.9541, 2021-07-05T15:21:08.9829730+08:00, 0, 12.94095, 48.29629, 1, 1, 1, False
115.9584, 2021-07-05T15:21:08.9874370+08:00, 0, 12.94095, 48.29629, 1, 1, 1, False
115.962, 2021-07-05T15:21:08.9909350+08:00, 0, 12.94095, 48.29629, 1, 1, 1, False
115.9663, 2021-07-05T15:21:08.9952270+08:00, 0, 12.94095, 48.29629, 1, 1, 1, False
115.9718, 2021-07-05T15:21:09.0007350+08:00, 0, 12.94095, 48.29629, 1, 1, 1, False
115.9788, 2021-07-05T15:21:09.0077490+08:00, 0, 12.94095, 48.29629, 1, 1, 1, False
115.9847, 2021-07-05T15:21:09.0137400+08:00, 0, 12.94095, 48.29629, 1, 1, 1, False
115.9909, 2021-07-05T15:21:09.0198370+08:00, 0, 12.94095, 48.29629, 1, 1, 1, False
115.9973, 2021-07-05T15:21:09.0263410+08:00, 0, 12.94095, 48.29629, 1, 1, 1, False
116.0038, 2021-07-05T15:21:09.0327550+08:00, 0, 12.94095, 48.29629, 1, 1, 1, False
116.0106, 2021-07-05T15:21:09.0395760+08:00, 0, 12.94095, 48.29629, 1, 1, 1, False
116.0168, 2021-07-05T15:21:09.0457850+08:00, 0, 12.94095, 48.29629, 1, 1, 1, False
116.0236, 2021-07-05T15:21:09.0526440+08:00, 0, 12.94095, 48.29629, 1, 1, 1, False
116.0304, 2021-07-05T15:21:09.0594200+08:00, 0, 12.94095, 48.29629, 1, 1, 1, False
116.0383, 2021-07-05T15:21:09.0673040+08:00, 0, 12.94095, 48.29629, 1, 1, 1, False
116.0432, 2021-07-05T15:21:09.0722010+08:00, 0, 12.94095, 48.29629, 1, 1, 1, False
116.0505, 2021-07-05T15:21:09.0794430+08:00, 0, 12.94095, 48.29629, 1, 1, 1, False
116.0557, 2021-07-05T15:21:09.0846570+08:00, 0, 12.94095, 48.29629, 1, 1, 1, False
116.0627, 2021-07-05T15:21:09.0917200+08:00, 0, 12.94095, 48.29629, 1, 1, 1, False
116.0693, 2021-07-05T15:21:09.0982400+08:00, 0, 12.94095, 48.29629, 1, 1, 1, False
116.0753, 2021-07-05T15:21:09.1042780+08:00, 0, 12.94095, 48.29629, 1, 1, 1, False
116.0824, 2021-07-05T15:21:09.1114830+08:00, 0, 12.94095, 48.29629, 1, 1, 1, False
116.0887, 2021-07-05T15:21:09.1176620+08:00, 0, 12.94095, 48.29629, 1, 1, 1, False
116.0948, 2021-07-05T15:21:09.1237710+08:00, 0, 12.94095, 48.29629, 1, 1, 1, False
116.1014, 2021-07-05T15:21:09.1305550+08:00, 0, 12.94095, 48.29629, 1, 1, 1, False
116.1079, 2021-07-05T15:21:09.1369020+08:00, 0, 12.94095, 48.29629, 1, 1, 1, False
116.1144, 2021-07-05T15:21:09.1435040+08:00, 0, 12.94095, 48.29629, 1, 1, 1, False
116.121, 2021-07-05T15:21:09.1500070+08:00, 0, 12.94095, 48.29629, 1, 1, 1, False
116.1274, 2021-07-05T15:21:09.1563940+08:00, 0, 12.94095, 48.29629, 1, 1, 1, False
116.1345, 2021-07-05T15:21:09.1635970+08:00, 0, 12.94095, 48.29629, 1, 1, 1, False
116.1426, 2021-07-05T15:21:09.1715940+08:00, 0, 12.94095, 48.29629, 1, 1, 1, False
116.147, 2021-07-05T15:21:09.1760240+08:00, 0, 12.94095, 48.29629, 1, 1, 1, False
116.1536, 2021-07-05T15:21:09.1826350+08:00, 0, 12.94095, 48.29629, 1, 1, 1, False
116.1598, 2021-07-05T15:21:09.1887700+08:00, 0, 12.94095, 48.29629, 1, 1, 1, False
116.1669, 2021-07-05T15:21:09.1959850+08:00, 0, 12.94095, 48.29629, 1, 1, 1, False
116.1748, 2021-07-05T15:21:09.2037330+08:00, 0, 12.94095, 48.29629, 1, 1, 1, False
116.1828, 2021-07-05T15:21:09.2118490+08:00, 0, 12.94095, 48.29629, 1, 1, 1, False
116.1909, 2021-07-05T15:21:09.2198610+08:00, 0, 12.94095, 48.29629, 1, 1, 1, False
116.1986, 2021-07-05T15:21:09.2276180+08:00, 0, 12.94095, 48.29629, 1, 1, 1, False
116.2068, 2021-07-05T15:21:09.2357540+08:00, 0, 12.94095, 48.29629, 1, 1, 1, False
116.2103, 2021-07-05T15:21:09.2392040+08:00, 0, 12.94095, 48.29629, 1, 1, 1, False
116.214, 2021-07-05T15:21:09.2428980+08:00, 0, 12.94095, 48.29629, 1, 1, 1, False
116.219, 2021-07-05T15:21:09.2479350+08:00, 0, 12.94095, 48.29629, 1, 1, 1, False
116.2251, 2021-07-05T15:21:09.2541650+08:00, 0, 12.94095, 48.29629, 1, 1, 1, False
116.2316, 2021-07-05T15:21:09.2606180+08:00, 0, 12.94095, 48.29629, 1, 1, 1, False
116.2383, 2021-07-05T15:21:09.2672810+08:00, 0, 12.94095, 48.29629, 1, 1, 1, False
116.2446, 2021-07-05T15:21:09.2735830+08:00, 0, 12.94095, 48.29629, 1, 1, 1, False
116.2506, 2021-07-05T15:21:09.2796580+08:00, 0, 12.94095, 48.29629, 1, 1, 1, False
116.2572, 2021-07-05T15:21:09.2862070+08:00, 0, 12.94095, 48.29629, 1, 1, 1, False
116.2638, 2021-07-05T15:21:09.2928520+08:00, 0, 12.94095, 48.29629, 1, 1, 1, False
116.2706, 2021-07-05T15:21:09.2995740+08:00, 0, 12.94095, 48.29629, 1, 1, 1, False
116.2767, 2021-07-05T15:21:09.3057210+08:00, 0, 12.94095, 48.29629, 1, 1, 1, False
116.2834, 2021-07-05T15:21:09.3125030+08:00, 0, 12.94095, 48.29629, 1, 1, 1, False
116.2908, 2021-07-05T15:21:09.3198050+08:00, 0, 12.94095, 48.29629, 1, 1, 1, False
116.2973, 2021-07-05T15:21:09.3262460+08:00, 0, 12.94095, 48.29629, 1, 1, 1, False
116.3032, 2021-07-05T15:21:09.3322560+08:00, 0, 12.94095, 48.29629, 1, 1, 1, False
116.3094, 2021-07-05T15:21:09.3383780+08:00, 0, 12.94095, 48.29629, 1, 1, 1, False
116.316, 2021-07-05T15:21:09.3450800+08:00, 0, 12.94095, 48.29629, 1, 1, 1, False
116.3234, 2021-07-05T15:21:09.3524250+08:00, 0, 12.94095, 48.29629, 1, 1, 1, False
116.331, 2021-07-05T15:21:09.3599130+08:00, 0, 12.94095, 48.29629, 1, 1, 1, False
116.3384, 2021-07-05T15:21:09.3673770+08:00, 0, 12.94095, 48.29629, 1, 1, 1, False
116.3421, 2021-07-05T15:21:09.3711260+08:00, 0, 12.94095, 48.29629, 1, 1, 1, False
116.3487, 2021-07-05T15:21:09.3777160+08:00, 0, 12.94095, 48.29629, 1, 1, 1, False
116.3553, 2021-07-05T15:21:09.3843820+08:00, 0, 12.94095, 48.29629, 1, 1, 1, False
116.3621, 2021-07-05T15:21:09.3911670+08:00, 0, 12.94095, 48.29629, 1, 1, 1, False
116.3685, 2021-07-05T15:21:09.3974960+08:00, 0, 12.94095, 48.29629, 1, 1, 1, False
116.375, 2021-07-05T15:21:09.4040540+08:00, 0, 12.94095, 48.29629, 1, 1, 1, False
116.3817, 2021-07-05T15:21:09.4106970+08:00, 0, 12.94095, 48.29629, 1, 1, 1, False
116.3886, 2021-07-05T15:21:09.4176070+08:00, 0, 12.94095, 48.29629, 1, 1, 1, False
116.3947, 2021-07-05T15:21:09.4237410+08:00, 0, 12.94095, 48.29629, 1, 1, 1, False
116.4014, 2021-07-05T15:21:09.4304840+08:00, 0, 12.94095, 48.29629, 1, 1, 1, False
116.4102, 2021-07-05T15:21:09.4390900+08:00, 0, 12.94095, 48.29629, 1, 1, 1, False
116.4148, 2021-07-05T15:21:09.4438380+08:00, 0, 12.94095, 48.29629, 1, 1, 1, False
116.4215, 2021-07-05T15:21:09.4504870+08:00, 0, 12.94095, 48.29629, 1, 1, 1, False
116.4342, 2021-07-05T15:21:09.4632020+08:00, 0, 12.94095, 48.29629, 1, 1, 1, False
116.4491, 2021-07-05T15:21:09.4781770+08:00, 0, 12.94095, 48.29629, 1, 1, 1, False
116.4544, 2021-07-05T15:21:09.4833720+08:00, 0, 12.94095, 48.29629, 1, 1, 1, False
116.4581, 2021-07-05T15:21:09.4870690+08:00, 0, 12.94095, 48.29629, 1, 1, 1, False
116.4621, 2021-07-05T15:21:09.4910630+08:00, 0, 12.94095, 48.29629, 1, 1, 1, False
116.4662, 2021-07-05T15:21:09.4951690+08:00, 0, 12.94095, 48.29629, 1, 1, 1, False
116.47, 2021-07-05T15:21:09.4988810+08:00, 0, 12.94095, 48.29629, 1, 1, 1, False
116.4742, 2021-07-05T15:21:09.5031380+08:00, 0, 12.94095, 48.29629, 1, 1, 1, False
116.48, 2021-07-05T15:21:09.5090100+08:00, 0, 12.94095, 48.29629, 1, 1, 1, False
116.4871, 2021-07-05T15:21:09.5160510+08:00, 0, 12.94095, 48.29629, 1, 1, 1, False
116.4931, 2021-07-05T15:21:09.5220860+08:00, 0, 12.94095, 48.29629, 1, 1, 1, False
116.4995, 2021-07-05T15:21:09.5285710+08:00, 0, 12.94095, 48.29629, 1, 1, 1, False
116.5067, 2021-07-05T15:21:09.5356360+08:00, 0, 12.94095, 48.29629, 1, 1, 1, False
116.5123, 2021-07-05T15:21:09.5413090+08:00, 0, 12.94095, 48.29629, 1, 1, 1, False
116.519, 2021-07-05T15:21:09.5480620+08:00, 0, 12.94095, 48.29629, 1, 1, 1, False
116.5255, 2021-07-05T15:21:09.5545210+08:00, 0, 12.94095, 48.29629, 1, 1, 1, False
116.5321, 2021-07-05T15:21:09.5610920+08:00, 0, 12.94095, 48.29629, 1, 1, 1, False
116.5389, 2021-07-05T15:21:09.5679320+08:00, 0, 12.94095, 48.29629, 1, 1, 1, False
116.5464, 2021-07-05T15:21:09.5754140+08:00, 0, 12.94095, 48.29629, 1, 1, 1, False
116.5515, 2021-07-05T15:21:09.5805820+08:00, 0, 12.94095, 48.29629, 1, 1, 1, False
116.5587, 2021-07-05T15:21:09.5876960+08:00, 0, 12.94095, 48.29629, 1, 1, 1, False
116.5648, 2021-07-05T15:21:09.5938890+08:00, 0, 12.94095, 48.29629, 1, 1, 1, False
116.5712, 2021-07-05T15:21:09.6002480+08:00, 0, 12.94095, 48.29629, 1, 1, 1, False
116.5787, 2021-07-05T15:21:09.6076920+08:00, 0, 12.94095, 48.29629, 1, 1, 1, False
116.5849, 2021-07-05T15:21:09.6139630+08:00, 0, 12.94095, 48.29629, 1, 1, 1, False
116.5909, 2021-07-05T15:21:09.6198730+08:00, 0, 12.94095, 48.29629, 1, 1, 1, False
116.5975, 2021-07-05T15:21:09.6265860+08:00, 0, 12.94095, 48.29629, 1, 1, 1, False
116.6074, 2021-07-05T15:21:09.6363660+08:00, 0, 12.94095, 48.29629, 1, 1, 1, False
116.6143, 2021-07-05T15:21:09.6432170+08:00, 0, 12.94095, 48.29629, 1, 1, 1, False
116.6181, 2021-07-05T15:21:09.6471200+08:00, 0, 12.94095, 48.29629, 1, 1, 1, False
116.6347, 2021-07-05T15:21:09.6636940+08:00, 0, 12.94095, 48.29629, 1, 1, 1, False
116.6428, 2021-07-05T15:21:09.6717830+08:00, 0, 12.94095, 48.29629, 1, 1, 1, False
116.65, 2021-07-05T15:21:09.6789420+08:00, 0, 12.94095, 48.29629, 1, 1, 1, False
116.654, 2021-07-05T15:21:09.6829830+08:00, 0, 12.94095, 48.29629, 1, 1, 1, False
116.6582, 2021-07-05T15:21:09.6871030+08:00, 0, 12.94095, 48.29629, 1, 1, 1, False
116.6623, 2021-07-05T15:21:09.6912530+08:00, 0, 12.94095, 48.29629, 1, 1, 1, False
116.666, 2021-07-05T15:21:09.6948960+08:00, 0, 12.94095, 48.29629, 1, 1, 1, False
116.6702, 2021-07-05T15:21:09.6991410+08:00, 0, 12.94095, 48.29629, 1, 1, 1, False
116.6762, 2021-07-05T15:21:09.7052380+08:00, 0, 12.94095, 48.29629, 1, 1, 1, False
116.683, 2021-07-05T15:21:09.7120110+08:00, 0, 12.94095, 48.29629, 1, 1, 1, False
116.6905, 2021-07-05T15:21:09.7194720+08:00, 0, 12.94095, 48.29629, 1, 1, 1, False
116.6957, 2021-07-05T15:21:09.7247140+08:00, 0, 12.94095, 48.29629, 1, 1, 1, False
116.7024, 2021-07-05T15:21:09.7315910+08:00, 0, 12.94095, 48.29629, 1, 1, 1, False
116.7102, 2021-07-05T15:21:09.7391250+08:00, 0, 12.94095, 48.29629, 1, 1, 1, False
116.7153, 2021-07-05T15:21:09.7442960+08:00, 0, 12.94095, 48.29629, 1, 1, 1, False
116.7225, 2021-07-05T15:21:09.7515350+08:00, 0, 12.94095, 48.29629, 1, 1, 1, False
116.7286, 2021-07-05T15:21:09.7575990+08:00, 0, 12.94095, 48.29629, 1, 1, 1, False
116.7383, 2021-07-05T15:21:09.7710010+08:00, 0, 12.94095, 48.29629, 1, 1, 1, False
116.7463, 2021-07-05T15:21:09.7752870+08:00, 0, 12.94095, 48.29629, 1, 1, 1, False
116.75, 2021-07-05T15:21:09.7789120+08:00, 0, 12.94095, 48.29629, 1, 1, 1, False
116.7544, 2021-07-05T15:21:09.7832990+08:00, 0, 12.94095, 48.29629, 1, 1, 1, False
116.7605, 2021-07-05T15:21:09.7895740+08:00, 0, 12.94095, 48.29629, 1, 1, 1, False
116.7671, 2021-07-05T15:21:09.7960840+08:00, 0, 12.94095, 48.29629, 1, 1, 1, False
116.7741, 2021-07-05T15:21:09.8031330+08:00, 0, 12.94095, 48.29629, 1, 1, 1, False
116.78, 2021-07-05T15:21:09.8090910+08:00, 0, 12.94095, 48.29629, 1, 1, 1, False
116.7874, 2021-07-05T15:21:09.8170050+08:00, 0, 12.94095, 48.29629, 1, 1, 1, False
116.7941, 2021-07-05T15:21:09.8230550+08:00, 0, 12.94095, 48.29629, 1, 1, 1, False
116.7996, 2021-07-05T15:21:09.8286790+08:00, 0, 12.94095, 48.29629, 1, 1, 1, False
116.8067, 2021-07-05T15:21:09.8356670+08:00, 0, 12.94095, 48.29629, 1, 1, 1, False
116.8173, 2021-07-05T15:21:09.8462900+08:00, 0, 12.94095, 48.29629, 1, 1, 1, False
116.8223, 2021-07-05T15:21:09.8512890+08:00, 0, 12.94095, 48.29629, 1, 1, 1, False
116.8263, 2021-07-05T15:21:09.8552270+08:00, 0, 12.94095, 48.29629, 1, 1, 1, False
116.8326, 2021-07-05T15:21:09.8615630+08:00, 0, 12.94095, 48.29629, 1, 1, 1, False
116.839, 2021-07-05T15:21:09.8680440+08:00, 0, 12.94095, 48.29629, 1, 1, 1, False
116.8465, 2021-07-05T15:21:09.8755610+08:00, 0, 12.94095, 48.29629, 1, 1, 1, False
116.8525, 2021-07-05T15:21:09.8814780+08:00, 0, 12.94095, 48.29629, 1, 1, 1, False
116.8585, 2021-07-05T15:21:09.8874970+08:00, 0, 12.94095, 48.29629, 1, 1, 1, False
116.8651, 2021-07-05T15:21:09.8941610+08:00, 0, 12.94095, 48.29629, 1, 1, 1, False
116.8721, 2021-07-05T15:21:09.9011010+08:00, 0, 12.94095, 48.29629, 1, 1, 1, False
116.8783, 2021-07-05T15:21:09.9072680+08:00, 0, 12.94095, 48.29629, 1, 1, 1, False
116.8848, 2021-07-05T15:21:09.9138860+08:00, 0, 12.94095, 48.29629, 1, 1, 1, False
116.8921, 2021-07-05T15:21:09.9211140+08:00, 0, 12.94095, 48.29629, 1, 1, 1, False
116.8986, 2021-07-05T15:21:09.9275340+08:00, 0, 12.94095, 48.29629, 1, 1, 1, False
116.9052, 2021-07-05T15:21:09.9342000+08:00, 0, 12.94095, 48.29629, 1, 1, 1, False
116.9108, 2021-07-05T15:21:09.9398270+08:00, 0, 12.94095, 48.29629, 1, 1, 1, False
116.9174, 2021-07-05T15:21:09.9464180+08:00, 0, 12.94095, 48.29629, 1, 1, 1, False
116.9247, 2021-07-05T15:21:09.9538270+08:00, 0, 12.94095, 48.29629, 1, 1, 1, False
116.9306, 2021-07-05T15:21:09.9596670+08:00, 0, 12.94095, 48.29629, 1, 1, 1, False
116.9372, 2021-07-05T15:21:09.9661900+08:00, 0, 12.94095, 48.29629, 1, 1, 1, False
116.9441, 2021-07-05T15:21:09.9731090+08:00, 0, 12.94095, 48.29629, 1, 1, 1, False
116.9505, 2021-07-05T15:21:09.9795130+08:00, 0, 12.94095, 48.29629, 1, 1, 1, False
116.9571, 2021-07-05T15:21:09.9860820+08:00, 0, 12.94095, 48.29629, 1, 1, 1, False
116.9628, 2021-07-05T15:21:09.9918360+08:00, 0, 12.94095, 48.29629, 1, 1, 1, False
116.9694, 2021-07-05T15:21:09.9984140+08:00, 0, 12.94095, 48.29629, 1, 1, 1, False
116.9759, 2021-07-05T15:21:10.0049100+08:00, 0, 12.94095, 48.29629, 1, 1, 1, False
116.9827, 2021-07-05T15:21:10.0117440+08:00, 0, 12.94095, 48.29629, 1, 1, 1, False
116.9903, 2021-07-05T15:21:10.0193090+08:00, 0, 12.94095, 48.29629, 1, 1, 1, False
116.9962, 2021-07-05T15:21:10.0251970+08:00, 0, 12.94095, 48.29629, 1, 1, 1, False
117.0023, 2021-07-05T15:21:10.0314420+08:00, 0, 12.94095, 48.29629, 1, 1, 1, False
117.0089, 2021-07-05T15:21:10.0378530+08:00, 0, 12.94095, 48.29629, 1, 1, 1, False
117.0155, 2021-07-05T15:21:10.0445140+08:00, 0, 12.94095, 48.29629, 1, 1, 1, False
117.0225, 2021-07-05T15:21:10.0515190+08:00, 0, 12.94095, 48.29629, 1, 1, 1, False
117.0285, 2021-07-05T15:21:10.0575540+08:00, 0, 12.94095, 48.29629, 1, 1, 1, False
117.0351, 2021-07-05T15:21:10.0641280+08:00, 0, 12.94095, 48.29629, 1, 1, 1, False
117.0425, 2021-07-05T15:21:10.0715420+08:00, 0, 12.94095, 48.29629, 1, 1, 1, False
117.0484, 2021-07-05T15:21:10.0774980+08:00, 0, 12.94095, 48.29629, 1, 1, 1, False
117.0548, 2021-07-05T15:21:10.0838290+08:00, 0, 12.94095, 48.29629, 1, 1, 1, False
117.062, 2021-07-05T15:21:10.0910510+08:00, 0, 12.94095, 48.29629, 1, 1, 1, False
117.068, 2021-07-05T15:21:10.0970900+08:00, 0, 12.94095, 48.29629, 1, 1, 1, False
117.0745, 2021-07-05T15:21:10.1035160+08:00, 0, 12.94095, 48.29629, 1, 1, 1, False
117.0811, 2021-07-05T15:21:10.1101600+08:00, 0, 12.94095, 48.29629, 1, 1, 1, False
117.0881, 2021-07-05T15:21:10.1170370+08:00, 0, 12.94095, 48.29629, 1, 1, 1, False
117.0944, 2021-07-05T15:21:10.1233180+08:00, 0, 12.94095, 48.29629, 1, 1, 1, False
117.1008, 2021-07-05T15:21:10.1298420+08:00, 0, 12.94095, 48.29629, 1, 1, 1, False
117.108, 2021-07-05T15:21:10.1369630+08:00, 0, 12.94095, 48.29629, 1, 1, 1, False
117.1145, 2021-07-05T15:21:10.1434810+08:00, 0, 12.94095, 48.29629, 1, 1, 1, False
117.1204, 2021-07-05T15:21:10.1494920+08:00, 0, 12.94095, 48.29629, 1, 1, 1, False
117.1275, 2021-07-05T15:21:10.1564700+08:00, 0, 12.94095, 48.29629, 1, 1, 1, False
117.1335, 2021-07-05T15:21:10.1625040+08:00, 0, 12.94095, 48.29629, 1, 1, 1, False
117.1401, 2021-07-05T15:21:10.1691350+08:00, 0, 12.94095, 48.29629, 1, 1, 1, False
117.1467, 2021-07-05T15:21:10.1759170+08:00, 0, 12.94095, 48.29629, 1, 1, 1, False
117.1542, 2021-07-05T15:21:10.1838540+08:00, 0, 12.94095, 48.29629, 1, 1, 1, False
117.1599, 2021-07-05T15:21:10.1889080+08:00, 0, 12.94095, 48.29629, 1, 1, 1, False
117.1665, 2021-07-05T15:21:10.1955400+08:00, 0, 12.94095, 48.29629, 1, 1, 1, False
117.1732, 2021-07-05T15:21:10.2022060+08:00, 0, 12.94095, 48.29629, 1, 1, 1, False
117.1796, 2021-07-05T15:21:10.2086360+08:00, 0, 12.94095, 48.29629, 1, 1, 1, False
117.1864, 2021-07-05T15:21:10.2154310+08:00, 0, 12.94095, 48.29629, 1, 1, 1, False
117.1927, 2021-07-05T15:21:10.2217230+08:00, 0, 12.94095, 48.29629, 1, 1, 1, False
117.1994, 2021-07-05T15:21:10.2283940+08:00, 0, 12.94095, 48.29629, 1, 1, 1, False
117.2066, 2021-07-05T15:21:10.2356120+08:00, 0, 12.94095, 48.29629, 1, 1, 1, False
117.2129, 2021-07-05T15:21:10.2419280+08:00, 0, 12.94095, 48.29629, 1, 1, 1, False
117.2189, 2021-07-05T15:21:10.2479150+08:00, 0, 12.94095, 48.29629, 1, 1, 1, False
117.2255, 2021-07-05T15:21:10.2545980+08:00, 0, 12.94095, 48.29629, 1, 1, 1, False
117.2321, 2021-07-05T15:21:10.2611390+08:00, 0, 12.94095, 48.29629, 1, 1, 1, False
117.2389, 2021-07-05T15:21:10.2678900+08:00, 0, 12.94095, 48.29629, 1, 1, 1, False
117.245, 2021-07-05T15:21:10.2740370+08:00, 0, 12.94095, 48.29629, 1, 1, 1, False
117.2518, 2021-07-05T15:21:10.2808530+08:00, 0, 12.94095, 48.29629, 1, 1, 1, False
117.2589, 2021-07-05T15:21:10.2879320+08:00, 0, 12.94095, 48.29629, 1, 1, 1, False
117.2871, 2021-07-05T15:21:10.3161430+08:00, 0, 12.94095, 48.29629, 1, 1, 1, False
117.2901, 2021-07-05T15:21:10.3190240+08:00, 0, 12.94095, 48.29629, 1, 1, 1, False
117.2943, 2021-07-05T15:21:10.3232830+08:00, 0, 12.94095, 48.29629, 1, 1, 1, False
117.298, 2021-07-05T15:21:10.3269870+08:00, 0, 12.94095, 48.29629, 1, 1, 1, False
117.3022, 2021-07-05T15:21:10.3312260+08:00, 0, 12.94095, 48.29629, 1, 1, 1, False
117.3061, 2021-07-05T15:21:10.3350870+08:00, 0, 12.94095, 48.29629, 1, 1, 1, False
117.3101, 2021-07-05T15:21:10.3390270+08:00, 0, 12.94095, 48.29629, 1, 1, 1, False
117.3144, 2021-07-05T15:21:10.3432930+08:00, 0, 12.94095, 48.29629, 1, 1, 1, False
117.3209, 2021-07-05T15:21:10.3498830+08:00, 0, 12.94095, 48.29629, 1, 1, 1, False
117.3271, 2021-07-05T15:21:10.3560550+08:00, 0, 12.94095, 48.29629, 1, 1, 1, False
117.3332, 2021-07-05T15:21:10.3621560+08:00, 0, 12.94095, 48.29629, 1, 1, 1, False
117.3396, 2021-07-05T15:21:10.3686220+08:00, 0, 12.94095, 48.29629, 1, 1, 1, False
117.3467, 2021-07-05T15:21:10.3756980+08:00, 0, 12.94095, 48.29629, 1, 1, 1, False
117.3526, 2021-07-05T15:21:10.3816440+08:00, 0, 12.94095, 48.29629, 1, 1, 1, False
117.3591, 2021-07-05T15:21:10.3881170+08:00, 0, 12.94095, 48.29629, 1, 1, 1, False
117.3657, 2021-07-05T15:21:10.3947680+08:00, 0, 12.94095, 48.29629, 1, 1, 1, False
117.3723, 2021-07-05T15:21:10.4012740+08:00, 0, 12.94095, 48.29629, 1, 1, 1, False
117.3786, 2021-07-05T15:21:10.4076420+08:00, 0, 12.94095, 48.29629, 1, 1, 1, False
117.3852, 2021-07-05T15:21:10.4143380+08:00, 0, 12.94095, 48.29629, 1, 1, 1, False
117.3925, 2021-07-05T15:21:10.4214710+08:00, 0, 12.94095, 48.29629, 1, 1, 1, False
117.3986, 2021-07-05T15:21:10.4276630+08:00, 0, 12.94095, 48.29629, 1, 1, 1, False
117.4053, 2021-07-05T15:21:10.4343500+08:00, 0, 12.94095, 48.29629, 1, 1, 1, False
117.4111, 2021-07-05T15:21:10.4401490+08:00, 0, 12.94095, 48.29629, 1, 1, 1, False
117.4184, 2021-07-05T15:21:10.4473270+08:00, 0, 12.94095, 48.29629, 1, 1, 1, False
117.425, 2021-07-05T15:21:10.4540890+08:00, 0, 12.94095, 48.29629, 1, 1, 1, False
117.4311, 2021-07-05T15:21:10.4601360+08:00, 0, 12.94095, 48.29629, 1, 1, 1, False
117.4376, 2021-07-05T15:21:10.4666140+08:00, 0, 12.94095, 48.29629, 1, 1, 1, False
117.4438, 2021-07-05T15:21:10.4727760+08:00, 0, 12.94095, 48.29629, 1, 1, 1, False
117.4504, 2021-07-05T15:21:10.4794460+08:00, 0, 12.94095, 48.29629, 1, 1, 1, False
117.4571, 2021-07-05T15:21:10.4861260+08:00, 0, 12.94095, 48.29629, 1, 1, 1, False
117.4637, 2021-07-05T15:21:10.4927580+08:00, 0, 12.94095, 48.29629, 1, 1, 1, False
117.4725, 2021-07-05T15:21:10.5014550+08:00, 0, 12.94095, 48.29629, 1, 1, 1, False
117.4784, 2021-07-05T15:21:10.5073880+08:00, 0, 12.94095, 48.29629, 1, 1, 1, False
117.483, 2021-07-05T15:21:10.5121210+08:00, 0, 12.94095, 48.29629, 1, 1, 1, False
117.4897, 2021-07-05T15:21:10.5186750+08:00, 0, 12.94095, 48.29629, 1, 1, 1, False
117.4961, 2021-07-05T15:21:10.5251190+08:00, 0, 12.94095, 48.29629, 1, 1, 1, False
117.5025, 2021-07-05T15:21:10.5316960+08:00, 0, 12.94095, 48.29629, 1, 1, 1, False
117.5099, 2021-07-05T15:21:10.5389120+08:00, 0, 12.94095, 48.29629, 1, 1, 1, False
117.5159, 2021-07-05T15:21:10.5448980+08:00, 0, 12.94095, 48.29629, 1, 1, 1, False
117.5231, 2021-07-05T15:21:10.5521180+08:00, 0, 12.94095, 48.29629, 1, 1, 1, False
117.5304, 2021-07-05T15:21:10.5593640+08:00, 0, 12.94095, 48.29629, 1, 1, 1, False
117.5355, 2021-07-05T15:21:10.5644620+08:00, 0, 12.94095, 48.29629, 1, 1, 1, False
117.5426, 2021-07-05T15:21:10.5716680+08:00, 0, 12.94095, 48.29629, 1, 1, 1, False
117.549, 2021-07-05T15:21:10.5779410+08:00, 0, 12.94095, 48.29629, 1, 1, 1, False
117.5549, 2021-07-05T15:21:10.5839900+08:00, 0, 12.94095, 48.29629, 1, 1, 1, False
117.5615, 2021-07-05T15:21:10.5905720+08:00, 0, 12.94095, 48.29629, 1, 1, 1, False
117.5684, 2021-07-05T15:21:10.5973910+08:00, 0, 12.94095, 48.29629, 1, 1, 1, False
117.5745, 2021-07-05T15:21:10.6035600+08:00, 0, 12.94095, 48.29629, 1, 1, 1, False
117.5812, 2021-07-05T15:21:10.6102270+08:00, 0, 12.94095, 48.29629, 1, 1, 1, False
117.588, 2021-07-05T15:21:10.6169560+08:00, 0, 12.94095, 48.29629, 1, 1, 1, False
117.5945, 2021-07-05T15:21:10.6234860+08:00, 0, 12.94095, 48.29629, 1, 1, 1, False
117.6006, 2021-07-05T15:21:10.6297030+08:00, 0, 12.94095, 48.29629, 1, 1, 1, False
117.6072, 2021-07-05T15:21:10.6362050+08:00, 0, 12.94095, 48.29629, 1, 1, 1, False
117.6144, 2021-07-05T15:21:10.6433370+08:00, 0, 12.94095, 48.29629, 1, 1, 1, False
117.6209, 2021-07-05T15:21:10.6498690+08:00, 0, 12.94095, 48.29629, 1, 1, 1, False
117.6268, 2021-07-05T15:21:10.6558780+08:00, 0, 12.94095, 48.29629, 1, 1, 1, False
117.6334, 2021-07-05T15:21:10.6624330+08:00, 0, 12.94095, 48.29629, 1, 1, 1, False
117.6408, 2021-07-05T15:21:10.6698760+08:00, 0, 12.94095, 48.29629, 1, 1, 1, False
117.6468, 2021-07-05T15:21:10.6757970+08:00, 0, 12.94095, 48.29629, 1, 1, 1, False
117.6535, 2021-07-05T15:21:10.6824400+08:00, 0, 12.94095, 48.29629, 1, 1, 1, False
117.6605, 2021-07-05T15:21:10.6894850+08:00, 0, 12.94095, 48.29629, 1, 1, 1, False
117.6665, 2021-07-05T15:21:10.6955070+08:00, 0, 12.94095, 48.29629, 1, 1, 1, False
117.6734, 2021-07-05T15:21:10.7023610+08:00, 0, 12.94095, 48.29629, 1, 1, 1, False
117.6792, 2021-07-05T15:21:10.7082320+08:00, 0, 12.94095, 48.29629, 1, 1, 1, False
117.6864, 2021-07-05T15:21:10.7154590+08:00, 0, 12.94095, 48.29629, 1, 1, 1, False
117.693, 2021-07-05T15:21:10.7220280+08:00, 0, 12.94095, 48.29629, 1, 1, 1, False
117.699, 2021-07-05T15:21:10.7280120+08:00, 0, 12.94095, 48.29629, 1, 1, 1, False
117.7054, 2021-07-05T15:21:10.7344970+08:00, 0, 12.94095, 48.29629, 1, 1, 1, False
117.7125, 2021-07-05T15:21:10.7415220+08:00, 0, 12.94095, 48.29629, 1, 1, 1, False
117.7184, 2021-07-05T15:21:10.7474270+08:00, 0, 12.94095, 48.29629, 1, 1, 1, False
117.725, 2021-07-05T15:21:10.7540800+08:00, 0, 12.94095, 48.29629, 1, 1, 1, False
117.7315, 2021-07-05T15:21:10.7605350+08:00, 0, 12.94095, 48.29629, 1, 1, 1, False
117.7386, 2021-07-05T15:21:10.7676040+08:00, 0, 12.94095, 48.29629, 1, 1, 1, False
117.7453, 2021-07-05T15:21:10.7743600+08:00, 0, 12.94095, 48.29629, 1, 1, 1, False
117.7513, 2021-07-05T15:21:10.7803280+08:00, 0, 12.94095, 48.29629, 1, 1, 1, False
117.7584, 2021-07-05T15:21:10.7873750+08:00, 0, 12.94095, 48.29629, 1, 1, 1, False
117.7645, 2021-07-05T15:21:10.7935620+08:00, 0, 12.94095, 48.29629, 1, 1, 1, False
117.7709, 2021-07-05T15:21:10.7999300+08:00, 0, 12.94095, 48.29629, 1, 1, 1, False
117.7773, 2021-07-05T15:21:10.8063840+08:00, 0, 12.94095, 48.29629, 1, 1, 1, False
117.7854, 2021-07-05T15:21:10.8144700+08:00, 0, 12.94095, 48.29629, 1, 1, 1, False
117.7904, 2021-07-05T15:21:10.8241370+08:00, 0, 12.94095, 48.29629, 1, 1, 1, False
117.8026, 2021-07-05T15:21:10.8315580+08:00, 0, 12.94095, 48.29629, 1, 1, 1, False
117.8059, 2021-07-05T15:21:10.8348780+08:00, 0, 12.94095, 48.29629, 1, 1, 1, False
117.8102, 2021-07-05T15:21:10.8392300+08:00, 0, 12.94095, 48.29629, 1, 1, 1, False
117.8167, 2021-07-05T15:21:10.8457290+08:00, 0, 12.94095, 48.29629, 1, 1, 1, False
117.8241, 2021-07-05T15:21:10.8531210+08:00, 0, 12.94095, 48.29629, 1, 1, 1, False
117.8306, 2021-07-05T15:21:10.8595580+08:00, 0, 12.94095, 48.29629, 1, 1, 1, False
117.8411, 2021-07-05T15:21:10.8700840+08:00, 0, 12.94095, 48.29629, 1, 1, 1, False
117.8463, 2021-07-05T15:21:10.8752690+08:00, 0, 12.94095, 48.29629, 1, 1, 1, False
117.8502, 2021-07-05T15:21:10.8792530+08:00, 0, 12.94095, 48.29629, 1, 1, 1, False
117.8684, 2021-07-05T15:21:10.8975090+08:00, 0, 12.94095, 48.29629, 1, 1, 1, False
117.8745, 2021-07-05T15:21:10.9034500+08:00, 0, 12.94095, 48.29629, 1, 1, 1, False
117.8782, 2021-07-05T15:21:10.9071440+08:00, 0, 12.94095, 48.29629, 1, 1, 1, False
117.8825, 2021-07-05T15:21:10.9115660+08:00, 0, 12.94095, 48.29629, 1, 1, 1, False
117.886, 2021-07-05T15:21:10.9149310+08:00, 0, 12.94095, 48.29629, 1, 1, 1, False
117.8901, 2021-07-05T15:21:10.9190420+08:00, 0, 12.94095, 48.29629, 1, 1, 1, False
117.8955, 2021-07-05T15:21:10.9244880+08:00, 0, 12.94095, 48.29629, 1, 1, 1, False
117.9015, 2021-07-05T15:21:10.9306060+08:00, 0, 12.94095, 48.29629, 1, 1, 1, False
117.9081, 2021-07-05T15:21:10.9371180+08:00, 0, 12.94095, 48.29629, 1, 1, 1, False
117.9151, 2021-07-05T15:21:10.9440680+08:00, 0, 12.94095, 48.29629, 1, 1, 1, False
117.921, 2021-07-05T15:21:10.9501130+08:00, 0, 12.94095, 48.29629, 1, 1, 1, False
117.9282, 2021-07-05T15:21:10.9571630+08:00, 0, 12.94095, 48.29629, 1, 1, 1, False
117.9342, 2021-07-05T15:21:10.9632680+08:00, 0, 12.94095, 48.29629, 1, 1, 1, False
117.9407, 2021-07-05T15:21:10.9697430+08:00, 0, 12.94095, 48.29629, 1, 1, 1, False
117.9471, 2021-07-05T15:21:10.9760980+08:00, 0, 12.94095, 48.29629, 1, 1, 1, False
117.9543, 2021-07-05T15:21:10.9833190+08:00, 0, 12.94095, 48.29629, 1, 1, 1, False
117.9608, 2021-07-05T15:21:10.9898110+08:00, 0, 12.94095, 48.29629, 1, 1, 1, False
117.9668, 2021-07-05T15:21:10.9958410+08:00, 0, 12.94095, 48.29629, 1, 1, 1, False
117.9734, 2021-07-05T15:21:11.0023780+08:00, 0, 12.94095, 48.29629, 1, 1, 1, False
117.9805, 2021-07-05T15:21:11.0095280+08:00, 0, 12.94095, 48.29629, 1, 1, 1, False
117.9866, 2021-07-05T15:21:11.0155880+08:00, 0, 12.94095, 48.29629, 1, 1, 1, False
117.9936, 2021-07-05T15:21:11.0226160+08:00, 0, 12.94095, 48.29629, 1, 1, 1, False
117.9996, 2021-07-05T15:21:11.0286380+08:00, 0, 12.94095, 48.29629, 1, 1, 1, False
118.0067, 2021-07-05T15:21:11.0357270+08:00, 0, 12.94095, 48.29629, 1, 1, 1, False
118.0128, 2021-07-05T15:21:11.0418200+08:00, 0, 12.94095, 48.29629, 1, 1, 1, False
118.0192, 2021-07-05T15:21:11.0481870+08:00, 0, 12.94095, 48.29629, 1, 1, 1, False
118.0266, 2021-07-05T15:21:11.0556670+08:00, 0, 12.94095, 48.29629, 1, 1, 1, False
118.0327, 2021-07-05T15:21:11.0617750+08:00, 0, 12.94095, 48.29629, 1, 1, 1, False
118.0386, 2021-07-05T15:21:11.0676310+08:00, 0, 12.94095, 48.29629, 1, 1, 1, False
118.0448, 2021-07-05T15:21:11.0738640+08:00, 0, 12.94095, 48.29629, 1, 1, 1, False
118.0513, 2021-07-05T15:21:11.0803830+08:00, 0, 12.94095, 48.29629, 1, 1, 1, False
118.0587, 2021-07-05T15:21:11.0876940+08:00, 0, 12.94095, 48.29629, 1, 1, 1, False
118.0667, 2021-07-05T15:21:11.0957290+08:00, 0, 12.94095, 48.29629, 1, 1, 1, False
118.0743, 2021-07-05T15:21:11.1033120+08:00, 0, 12.94095, 48.29629, 1, 1, 1, False
118.0781, 2021-07-05T15:21:11.1070720+08:00, 0, 12.94095, 48.29629, 1, 1, 1, False
118.0838, 2021-07-05T15:21:11.1128990+08:00, 0, 12.94095, 48.29629, 1, 1, 1, False
118.0905, 2021-07-05T15:21:11.1194760+08:00, 0, 12.94095, 48.29629, 1, 1, 1, False
118.0967, 2021-07-05T15:21:11.1257580+08:00, 0, 12.94095, 48.29629, 1, 1, 1, False
118.1032, 2021-07-05T15:21:11.1322250+08:00, 0, 12.94095, 48.29629, 1, 1, 1, False
118.1241, 2021-07-05T15:21:11.1531170+08:00, 0, 12.94095, 48.29629, 1, 1, 1, False
118.1304, 2021-07-05T15:21:11.1593600+08:00, 0, 12.94095, 48.29629, 1, 1, 1, False
118.1341, 2021-07-05T15:21:11.1630330+08:00, 0, 12.94095, 48.29629, 1, 1, 1, False
118.1381, 2021-07-05T15:21:11.1670510+08:00, 0, 12.94095, 48.29629, 1, 1, 1, False
118.1421, 2021-07-05T15:21:11.1711040+08:00, 0, 12.94095, 48.29629, 1, 1, 1, False
118.1461, 2021-07-05T15:21:11.1750590+08:00, 0, 12.94095, 48.29629, 1, 1, 1, False
118.1506, 2021-07-05T15:21:11.1795540+08:00, 0, 12.94095, 48.29629, 1, 1, 1, False
118.1583, 2021-07-05T15:21:11.1872340+08:00, 0, 12.94095, 48.29629, 1, 1, 1, False
118.1621, 2021-07-05T15:21:11.1911010+08:00, 0, 12.94095, 48.29629, 1, 1, 1, False
118.1685, 2021-07-05T15:21:11.1975060+08:00, 0, 12.94095, 48.29629, 1, 1, 1, False
118.1746, 2021-07-05T15:21:11.2037060+08:00, 0, 12.94095, 48.29629, 1, 1, 1, False
118.1811, 2021-07-05T15:21:11.2101150+08:00, 0, 12.94095, 48.29629, 1, 1, 1, False
118.1877, 2021-07-05T15:21:11.2166520+08:00, 0, 12.94095, 48.29629, 1, 1, 1, False
118.1943, 2021-07-05T15:21:11.2233150+08:00, 0, 12.94095, 48.29629, 1, 1, 1, False
118.2004, 2021-07-05T15:21:11.2294930+08:00, 0, 12.94095, 48.29629, 1, 1, 1, False
118.2069, 2021-07-05T15:21:11.2359200+08:00, 0, 12.94095, 48.29629, 1, 1, 1, False
118.2134, 2021-07-05T15:21:11.2424050+08:00, 0, 12.94095, 48.29629, 1, 1, 1, False
118.2203, 2021-07-05T15:21:11.2492580+08:00, 0, 12.94095, 48.29629, 1, 1, 1, False
118.2266, 2021-07-05T15:21:11.2556250+08:00, 0, 12.94095, 48.29629, 1, 1, 1, False
118.2328, 2021-07-05T15:21:11.2618190+08:00, 0, 12.94095, 48.29629, 1, 1, 1, False
118.2393, 2021-07-05T15:21:11.2683050+08:00, 0, 12.94095, 48.29629, 1, 1, 1, False
118.2458, 2021-07-05T15:21:11.2748110+08:00, 0, 12.94095, 48.29629, 1, 1, 1, False
118.2522, 2021-07-05T15:21:11.2812660+08:00, 0, 12.94095, 48.29629, 1, 1, 1, False
118.2596, 2021-07-05T15:21:11.2886170+08:00, 0, 12.94095, 48.29629, 1, 1, 1, False
118.2667, 2021-07-05T15:21:11.2958300+08:00, 0, 12.94095, 48.29629, 1, 1, 1, False
118.2747, 2021-07-05T15:21:11.3037240+08:00, 0, 12.94095, 48.29629, 1, 1, 1, False
118.2826, 2021-07-05T15:21:11.3116320+08:00, 0, 12.94095, 48.29629, 1, 1, 1, False
118.2908, 2021-07-05T15:21:11.3198830+08:00, 0, 12.94095, 48.29629, 1, 1, 1, False
118.2986, 2021-07-05T15:21:11.3276060+08:00, 0, 12.94095, 48.29629, 1, 1, 1, False
118.3069, 2021-07-05T15:21:11.3359860+08:00, 0, 12.94095, 48.29629, 1, 1, 1, False
118.3147, 2021-07-05T15:21:11.3436980+08:00, 0, 12.94095, 48.29629, 1, 1, 1, False
118.3223, 2021-07-05T15:21:11.3515120+08:00, 0, 12.94095, 48.29629, 1, 1, 1, False
118.3307, 2021-07-05T15:21:11.3596910+08:00, 0, 12.94095, 48.29629, 1, 1, 1, False
118.3356, 2021-07-05T15:21:11.3645660+08:00, 0, 12.94095, 48.29629, 1, 1, 1, False
118.3428, 2021-07-05T15:21:11.3718010+08:00, 0, 12.94095, 48.29629, 1, 1, 1, False
118.3502, 2021-07-05T15:21:11.3792540+08:00, 0, 12.94095, 48.29629, 1, 1, 1, False
118.3541, 2021-07-05T15:21:11.3830260+08:00, 0, 12.94095, 48.29629, 1, 1, 1, False
118.3582, 2021-07-05T15:21:11.3871620+08:00, 0, 12.94095, 48.29629, 1, 1, 1, False
118.3623, 2021-07-05T15:21:11.3912740+08:00, 0, 12.94095, 48.29629, 1, 1, 1, False
118.366, 2021-07-05T15:21:11.3949320+08:00, 0, 12.94095, 48.29629, 1, 1, 1, False
118.3702, 2021-07-05T15:21:11.3991920+08:00, 0, 12.94095, 48.29629, 1, 1, 1, False
118.3766, 2021-07-05T15:21:11.4056090+08:00, 0, 12.94095, 48.29629, 1, 1, 1, False
118.3826, 2021-07-05T15:21:11.4116510+08:00, 0, 12.94095, 48.29629, 1, 1, 1, False
118.3891, 2021-07-05T15:21:11.4181100+08:00, 0, 12.94095, 48.29629, 1, 1, 1, False
118.3958, 2021-07-05T15:21:11.4247850+08:00, 0, 12.94095, 48.29629, 1, 1, 1, False
118.4027, 2021-07-05T15:21:11.4316900+08:00, 0, 12.94095, 48.29629, 1, 1, 1, False
118.4093, 2021-07-05T15:21:11.4383470+08:00, 0, 12.94095, 48.29629, 1, 1, 1, False
118.4153, 2021-07-05T15:21:11.4443080+08:00, 0, 12.94095, 48.29629, 1, 1, 1, False
118.4261, 2021-07-05T15:21:11.4551460+08:00, 0, 12.94095, 48.29629, 1, 1, 1, False
118.4301, 2021-07-05T15:21:11.4590210+08:00, 0, 12.94095, 48.29629, 1, 1, 1, False
118.4351, 2021-07-05T15:21:11.4641450+08:00, 0, 12.94095, 48.29629, 1, 1, 1, False
118.4417, 2021-07-05T15:21:11.4707980+08:00, 0, 12.94095, 48.29629, 1, 1, 1, False
118.4505, 2021-07-05T15:21:11.4794770+08:00, 0, 12.94095, 48.29629, 1, 1, 1, False
118.4549, 2021-07-05T15:21:11.4839980+08:00, 0, 12.94095, 48.29629, 1, 1, 1, False
118.4616, 2021-07-05T15:21:11.4906770+08:00, 0, 12.94095, 48.29629, 1, 1, 1, False
118.4683, 2021-07-05T15:21:11.4973170+08:00, 0, 12.94095, 48.29629, 1, 1, 1, False
118.4756, 2021-07-05T15:21:11.5046310+08:00, 0, 12.94095, 48.29629, 1, 1, 1, False
118.4824, 2021-07-05T15:21:11.5114210+08:00, 0, 12.94095, 48.29629, 1, 1, 1, False
118.4885, 2021-07-05T15:21:11.5174940+08:00, 0, 12.94095, 48.29629, 1, 1, 1, False
118.4943, 2021-07-05T15:21:11.5232680+08:00, 0, 12.94095, 48.29629, 1, 1, 1, False
118.501, 2021-07-05T15:21:11.5301830+08:00, 0, 12.94095, 48.29629, 1, 1, 1, False
118.5082, 2021-07-05T15:21:11.5372320+08:00, 0, 12.94095, 48.29629, 1, 1, 1, False
118.5141, 2021-07-05T15:21:11.5431650+08:00, 0, 12.94095, 48.29629, 1, 1, 1, False
118.5208, 2021-07-05T15:21:11.5499200+08:00, 0, 12.94095, 48.29629, 1, 1, 1, False
118.5278, 2021-07-05T15:21:11.5567870+08:00, 0, 12.94095, 48.29629, 1, 1, 1, False
118.5344, 2021-07-05T15:21:11.5634640+08:00, 0, 12.94095, 48.29629, 1, 1, 1, False
118.5403, 2021-07-05T15:21:11.5693120+08:00, 0, 12.94095, 48.29629, 1, 1, 1, False
118.5472, 2021-07-05T15:21:11.5762480+08:00, 0, 12.94095, 48.29629, 1, 1, 1, False
118.5542, 2021-07-05T15:21:11.5831910+08:00, 0, 12.94095, 48.29629, 1, 1, 1, False
118.5596, 2021-07-05T15:21:11.5886300+08:00, 0, 12.94095, 48.29629, 1, 1, 1, False
118.5666, 2021-07-05T15:21:11.5956230+08:00, 0, 12.94095, 48.29629, 1, 1, 1, False
118.5746, 2021-07-05T15:21:11.6035290+08:00, 0, 12.94095, 48.29629, 1, 1, 1, False
118.5791, 2021-07-05T15:21:11.6081160+08:00, 0, 12.94095, 48.29629, 1, 1, 1, False
118.5856, 2021-07-05T15:21:11.6147660+08:00, 0, 12.94095, 48.29629, 1, 1, 1, False
118.5929, 2021-07-05T15:21:11.6219180+08:00, 0, 12.94095, 48.29629, 1, 1, 1, False
118.5988, 2021-07-05T15:21:11.6278780+08:00, 0, 12.94095, 48.29629, 1, 1, 1, False
118.6053, 2021-07-05T15:21:11.6343610+08:00, 0, 12.94095, 48.29629, 1, 1, 1, False
118.6123, 2021-07-05T15:21:11.6413220+08:00, 0, 12.94095, 48.29629, 1, 1, 1, False
118.6184, 2021-07-05T15:21:11.6475030+08:00, 0, 12.94095, 48.29629, 1, 1, 1, False
118.6252, 2021-07-05T15:21:11.6542070+08:00, 0, 12.94095, 48.29629, 1, 1, 1, False
118.6314, 2021-07-05T15:21:11.6604360+08:00, 0, 12.94095, 48.29629, 1, 1, 1, False
118.6384, 2021-07-05T15:21:11.6673370+08:00, 0, 12.94095, 48.29629, 1, 1, 1, False
118.6443, 2021-07-05T15:21:11.6733780+08:00, 0, 12.94095, 48.29629, 1, 1, 1, False
118.6513, 2021-07-05T15:21:11.6802490+08:00, 0, 12.94095, 48.29629, 1, 1, 1, False
118.6573, 2021-07-05T15:21:11.6863430+08:00, 0, 12.94095, 48.29629, 1, 1, 1, False
118.6641, 2021-07-05T15:21:11.6931420+08:00, 0, 12.94095, 48.29629, 1, 1, 1, False
118.6703, 2021-07-05T15:21:11.6993710+08:00, 0, 12.94095, 48.29629, 1, 1, 1, False
118.6768, 2021-07-05T15:21:11.7057690+08:00, 0, 12.94095, 48.29629, 1, 1, 1, False
118.6834, 2021-07-05T15:21:11.7124050+08:00, 0, 12.94095, 48.29629, 1, 1, 1, False
118.6944, 2021-07-05T15:21:11.7233450+08:00, 0, 12.94095, 48.29629, 1, 1, 1, False
118.6982, 2021-07-05T15:21:11.7271470+08:00, 0, 12.94095, 48.29629, 1, 1, 1, False
118.7033, 2021-07-05T15:21:11.7322720+08:00, 0, 12.94095, 48.29629, 1, 1, 1, False
118.7188, 2021-07-05T15:21:11.7477900+08:00, 0, 12.94095, 48.29629, 1, 1, 1, False
118.7269, 2021-07-05T15:21:11.7558750+08:00, 0, 12.94095, 48.29629, 1, 1, 1, False
118.7302, 2021-07-05T15:21:11.7591660+08:00, 0, 12.94095, 48.29629, 1, 1, 1, False
118.734, 2021-07-05T15:21:11.7629980+08:00, 0, 12.94095, 48.29629, 1, 1, 1, False
118.7381, 2021-07-05T15:21:11.7670560+08:00, 0, 12.94095, 48.29629, 1, 1, 1, False
118.7428, 2021-07-05T15:21:11.7718910+08:00, 0, 12.94095, 48.29629, 1, 1, 1, False
118.7493, 2021-07-05T15:21:11.7783440+08:00, 0, 12.94095, 48.29629, 1, 1, 1, False
118.7557, 2021-07-05T15:21:11.7847090+08:00, 0, 12.94095, 48.29629, 1, 1, 1, False
118.7629, 2021-07-05T15:21:11.7918880+08:00, 0, 12.94095, 48.29629, 1, 1, 1, False
118.7692, 2021-07-05T15:21:11.7981950+08:00, 0, 12.94095, 48.29629, 1, 1, 1, False
118.7753, 2021-07-05T15:21:11.8042830+08:00, 0, 12.94095, 48.29629, 1, 1, 1, False
118.7826, 2021-07-05T15:21:11.8116620+08:00, 0, 12.94095, 48.29629, 1, 1, 1, False
118.7905, 2021-07-05T15:21:11.8194220+08:00, 0, 12.94095, 48.29629, 1, 1, 1, False
118.7944, 2021-07-05T15:21:11.8234040+08:00, 0, 12.94095, 48.29629, 1, 1, 1, False
118.8014, 2021-07-05T15:21:11.8304920+08:00, 0, 12.94095, 48.29629, 1, 1, 1, False
118.8074, 2021-07-05T15:21:11.8364830+08:00, 0, 12.94095, 48.29629, 1, 1, 1, False
118.8146, 2021-07-05T15:21:11.8435300+08:00, 0, 12.94095, 48.29629, 1, 1, 1, False
118.8212, 2021-07-05T15:21:11.8502520+08:00, 0, 12.94095, 48.29629, 1, 1, 1, False
118.8273, 2021-07-05T15:21:11.8563790+08:00, 0, 12.94095, 48.29629, 1, 1, 1, False
118.8348, 2021-07-05T15:21:11.8646860+08:00, 0, 12.94095, 48.29629, 1, 1, 1, False
118.8423, 2021-07-05T15:21:11.8712470+08:00, 0, 12.94095, 48.29629, 1, 1, 1, False
118.8502, 2021-07-05T15:21:11.8822760+08:00, 0, 12.94095, 48.29629, 1, 1, 1, False
118.8673, 2021-07-05T15:21:11.8965870+08:00, 0, 12.94095, 48.29629, 1, 1, 1, False
118.8748, 2021-07-05T15:21:11.9037280+08:00, 0, 12.94095, 48.29629, 1, 1, 1, False
118.8824, 2021-07-05T15:21:11.9114260+08:00, 0, 12.94095, 48.29629, 1, 1, 1, False
118.8863, 2021-07-05T15:21:11.9152600+08:00, 0, 12.94095, 48.29629, 1, 1, 1, False
118.89, 2021-07-05T15:21:11.9189710+08:00, 0, 12.94095, 48.29629, 1, 1, 1, False
118.8944, 2021-07-05T15:21:11.9234230+08:00, 0, 12.94095, 48.29629, 1, 1, 1, False
118.8983, 2021-07-05T15:21:11.9273220+08:00, 0, 12.94095, 48.29629, 1, 1, 1, False
118.9023, 2021-07-05T15:21:11.9313030+08:00, 0, 12.94095, 48.29629, 1, 1, 1, False
118.9077, 2021-07-05T15:21:11.9366480+08:00, 0, 12.94095, 48.29629, 1, 1, 1, False
118.9145, 2021-07-05T15:21:11.9434520+08:00, 0, 12.94095, 48.29629, 1, 1, 1, False
118.921, 2021-07-05T15:21:11.9500450+08:00, 0, 12.94095, 48.29629, 1, 1, 1, False
118.9272, 2021-07-05T15:21:11.9563290+08:00, 0, 12.94095, 48.29629, 1, 1, 1, False
118.9339, 2021-07-05T15:21:11.9628790+08:00, 0, 12.94095, 48.29629, 1, 1, 1, False
118.9618, 2021-07-05T15:21:11.9908440+08:00, 0, 12.94095, 48.29629, 1, 1, 1, False
118.9662, 2021-07-05T15:21:11.9951290+08:00, 0, 12.94095, 48.29629, 1, 1, 1, False
118.9703, 2021-07-05T15:21:11.9993260+08:00, 0, 12.94095, 48.29629, 1, 1, 1, False
118.9741, 2021-07-05T15:21:12.0030920+08:00, 0, 12.94095, 48.29629, 1, 1, 1, False
118.978, 2021-07-05T15:21:12.0069790+08:00, 0, 12.94095, 48.29629, 1, 1, 1, False
118.9823, 2021-07-05T15:21:12.0113300+08:00, 0, 12.94095, 48.29629, 1, 1, 1, False
118.9866, 2021-07-05T15:21:12.0155720+08:00, 0, 12.94095, 48.29629, 1, 1, 1, False
118.9901, 2021-07-05T15:21:12.0190640+08:00, 0, 12.94095, 48.29629, 1, 1, 1, False
118.9954, 2021-07-05T15:21:12.0244020+08:00, 0, 12.94095, 48.29629, 1, 1, 1, False
119.0022, 2021-07-05T15:21:12.0312360+08:00, 0, 12.94095, 48.29629, 1, 1, 1, False
119.0091, 2021-07-05T15:21:12.0381440+08:00, 0, 12.94095, 48.29629, 1, 1, 1, False
119.0158, 2021-07-05T15:21:12.0449370+08:00, 0, 12.94095, 48.29629, 1, 1, 1, False
119.0231, 2021-07-05T15:21:12.0521470+08:00, 0, 12.94095, 48.29629, 1, 1, 1, False
119.0291, 2021-07-05T15:21:12.0581360+08:00, 0, 12.94095, 48.29629, 1, 1, 1, False
119.0362, 2021-07-05T15:21:12.0652830+08:00, 0, 12.94095, 48.29629, 1, 1, 1, False
119.0429, 2021-07-05T15:21:12.0719600+08:00, 0, 12.94095, 48.29629, 1, 1, 1, False
119.0498, 2021-07-05T15:21:12.0789160+08:00, 0, 12.94095, 48.29629, 1, 1, 1, False
119.057, 2021-07-05T15:21:12.0859390+08:00, 0, 12.94095, 48.29629, 1, 1, 1, False
119.0633, 2021-07-05T15:21:12.0923610+08:00, 0, 12.94095, 48.29629, 1, 1, 1, False
119.071, 2021-07-05T15:21:12.0999720+08:00, 0, 12.94095, 48.29629, 1, 1, 1, False
119.0772, 2021-07-05T15:21:12.1062350+08:00, 0, 12.94095, 48.29629, 1, 1, 1, False
119.0841, 2021-07-05T15:21:12.1133650+08:00, 0, 12.94095, 48.29629, 1, 1, 1, False
119.0942, 2021-07-05T15:21:12.1231750+08:00, 0, 12.94095, 48.29629, 1, 1, 1, False
119.0983, 2021-07-05T15:21:12.1272890+08:00, 0, 12.94095, 48.29629, 1, 1, 1, False
119.1046, 2021-07-05T15:21:12.1335950+08:00, 0, 12.94095, 48.29629, 1, 1, 1, False
119.1121, 2021-07-05T15:21:12.1411120+08:00, 0, 12.94095, 48.29629, 1, 1, 1, False
119.1184, 2021-07-05T15:21:12.1475090+08:00, 0, 12.94095, 48.29629, 1, 1, 1, False
119.1254, 2021-07-05T15:21:12.1544790+08:00, 0, 12.94095, 48.29629, 1, 1, 1, False
119.1323, 2021-07-05T15:21:12.1613530+08:00, 0, 12.94095, 48.29629, 1, 1, 1, False
119.139, 2021-07-05T15:21:12.1680520+08:00, 0, 12.94095, 48.29629, 1, 1, 1, False
119.1457, 2021-07-05T15:21:12.1746760+08:00, 0, 12.94095, 48.29629, 1, 1, 1, False
119.1525, 2021-07-05T15:21:12.1816050+08:00, 0, 12.94095, 48.29629, 1, 1, 1, False
119.1601, 2021-07-05T15:21:12.1891710+08:00, 0, 12.94095, 48.29629, 1, 1, 1, False
119.1668, 2021-07-05T15:21:12.1957490+08:00, 0, 12.94095, 48.29629, 1, 1, 1, False
119.1734, 2021-07-05T15:21:12.2024070+08:00, 0, 12.94095, 48.29629, 1, 1, 1, False
119.1808, 2021-07-05T15:21:12.2098410+08:00, 0, 12.94095, 48.29629, 1, 1, 1, False
119.1871, 2021-07-05T15:21:12.2161120+08:00, 0, 12.94095, 48.29629, 1, 1, 1, False
119.1941, 2021-07-05T15:21:12.2232030+08:00, 0, 12.94095, 48.29629, 1, 1, 1, False
119.2004, 2021-07-05T15:21:12.2295960+08:00, 0, 12.94095, 48.29629, 1, 1, 1, False
119.2072, 2021-07-05T15:21:12.2362470+08:00, 0, 12.94095, 48.29629, 1, 1, 1, False
119.2146, 2021-07-05T15:21:12.2436020+08:00, 0, 12.94095, 48.29629, 1, 1, 1, False
119.2214, 2021-07-05T15:21:12.2504630+08:00, 0, 12.94095, 48.29629, 1, 1, 1, False
119.2279, 2021-07-05T15:21:12.2570900+08:00, 0, 12.94095, 48.29629, 1, 1, 1, False
119.2348, 2021-07-05T15:21:12.2639120+08:00, 0, 12.94095, 48.29629, 1, 1, 1, False
119.2424, 2021-07-05T15:21:12.2714300+08:00, 0, 12.94095, 48.29629, 1, 1, 1, False
119.2487, 2021-07-05T15:21:12.2778530+08:00, 0, 12.94095, 48.29629, 1, 1, 1, False
119.2563, 2021-07-05T15:21:12.2854740+08:00, 0, 12.94095, 48.29629, 1, 1, 1, False
119.2632, 2021-07-05T15:21:12.2922330+08:00, 0, 12.94095, 48.29629, 1, 1, 1, False
119.2704, 2021-07-05T15:21:12.2994390+08:00, 0, 12.94095, 48.29629, 1, 1, 1, False
119.2772, 2021-07-05T15:21:12.3062370+08:00, 0, 12.94095, 48.29629, 1, 1, 1, False
119.2841, 2021-07-05T15:21:12.3132640+08:00, 0, 12.94095, 48.29629, 1, 1, 1, False
119.291, 2021-07-05T15:21:12.3199960+08:00, 0, 12.94095, 48.29629, 1, 1, 1, False
119.2978, 2021-07-05T15:21:12.3267950+08:00, 0, 12.94095, 48.29629, 1, 1, 1, False
119.3048, 2021-07-05T15:21:12.3340460+08:00, 0, 12.94095, 48.29629, 1, 1, 1, False
119.3125, 2021-07-05T15:21:12.3415620+08:00, 0, 12.94095, 48.29629, 1, 1, 1, False
119.319, 2021-07-05T15:21:12.3483460+08:00, 0, 12.94095, 48.29629, 1, 1, 1, False
119.3259, 2021-07-05T15:21:12.3549990+08:00, 0, 12.94095, 48.29629, 1, 1, 1, False
119.3334, 2021-07-05T15:21:12.3624110+08:00, 0, 12.94095, 48.29629, 1, 1, 1, False
119.3398, 2021-07-05T15:21:12.3689530+08:00, 0, 12.94095, 48.29629, 1, 1, 1, False
119.3467, 2021-07-05T15:21:12.3757050+08:00, 0, 12.94095, 48.29629, 1, 1, 1, False
119.3541, 2021-07-05T15:21:12.3830950+08:00, 0, 12.94095, 48.29629, 1, 1, 1, False
119.3605, 2021-07-05T15:21:12.3897590+08:00, 0, 12.94095, 48.29629, 1, 1, 1, False
119.3681, 2021-07-05T15:21:12.3976790+08:00, 0, 12.94095, 48.29629, 1, 1, 1, False
119.3746, 2021-07-05T15:21:12.4036930+08:00, 0, 12.94095, 48.29629, 1, 1, 1, False
119.3814, 2021-07-05T15:21:12.4104620+08:00, 0, 12.94095, 48.29629, 1, 1, 1, False
119.3882, 2021-07-05T15:21:12.4172490+08:00, 0, 12.94095, 48.29629, 1, 1, 1, False
119.4006, 2021-07-05T15:21:12.4296810+08:00, 0, 12.94095, 48.29629, 1, 1, 1, False
119.4065, 2021-07-05T15:21:12.4354650+08:00, 0, 12.94095, 48.29629, 1, 1, 1, False
119.4101, 2021-07-05T15:21:12.4390640+08:00, 0, 12.94095, 48.29629, 1, 1, 1, False
119.4162, 2021-07-05T15:21:12.4453090+08:00, 0, 12.94095, 48.29629, 1, 1, 1, False
119.4234, 2021-07-05T15:21:12.4524750+08:00, 0, 12.94095, 48.29629, 1, 1, 1, False
119.4307, 2021-07-05T15:21:12.4596820+08:00, 0, 12.94095, 48.29629, 1, 1, 1, False
119.4373, 2021-07-05T15:21:12.4663210+08:00, 0, 12.94095, 48.29629, 1, 1, 1, False
119.4436, 2021-07-05T15:21:12.4726410+08:00, 0, 12.94095, 48.29629, 1, 1, 1, False
119.4505, 2021-07-05T15:21:12.4797340+08:00, 0, 12.94095, 48.29629, 1, 1, 1, False
119.4583, 2021-07-05T15:21:12.4873330+08:00, 0, 12.94095, 48.29629, 1, 1, 1, False
119.4651, 2021-07-05T15:21:12.4941750+08:00, 0, 12.94095, 48.29629, 1, 1, 1, False
119.4715, 2021-07-05T15:21:12.5005230+08:00, 0, 12.94095, 48.29629, 1, 1, 1, False
119.4788, 2021-07-05T15:21:12.5079090+08:00, 0, 12.94095, 48.29629, 1, 1, 1, False
119.4852, 2021-07-05T15:21:12.5142930+08:00, 0, 12.94095, 48.29629, 1, 1, 1, False
119.4927, 2021-07-05T15:21:12.5216810+08:00, 0, 12.94095, 48.29629, 1, 1, 1, False
119.4989, 2021-07-05T15:21:12.5279840+08:00, 0, 12.94095, 48.29629, 1, 1, 1, False
119.5058, 2021-07-05T15:21:12.5348510+08:00, 0, 12.94095, 48.29629, 1, 1, 1, False
119.5123, 2021-07-05T15:21:12.5413950+08:00, 0, 12.94095, 48.29629, 1, 1, 1, False
119.5193, 2021-07-05T15:21:12.5483770+08:00, 0, 12.94095, 48.29629, 1, 1, 1, False
119.5264, 2021-07-05T15:21:12.5554840+08:00, 0, 12.94095, 48.29629, 1, 1, 1, False
119.5328, 2021-07-05T15:21:12.5618850+08:00, 0, 12.94095, 48.29629, 1, 1, 1, False
119.54, 2021-07-05T15:21:12.5689970+08:00, 0, 12.94095, 48.29629, 1, 1, 1, False
119.5467, 2021-07-05T15:21:12.5757920+08:00, 0, 12.94095, 48.29629, 1, 1, 1, False
119.5534, 2021-07-05T15:21:12.5824200+08:00, 0, 12.94095, 48.29629, 1, 1, 1, False
119.5598, 2021-07-05T15:21:12.5888760+08:00, 0, 12.94095, 48.29629, 1, 1, 1, False
119.5669, 2021-07-05T15:21:12.5960820+08:00, 0, 12.94095, 48.29629, 1, 1, 1, False
119.5745, 2021-07-05T15:21:12.6034670+08:00, 0, 12.94095, 48.29629, 1, 1, 1, False
119.5803, 2021-07-05T15:21:12.6093080+08:00, 0, 12.94095, 48.29629, 1, 1, 1, False
119.588, 2021-07-05T15:21:12.6173260+08:00, 0, 12.94095, 48.29629, 1, 1, 1, False
119.5942, 2021-07-05T15:21:12.6232120+08:00, 0, 12.94095, 48.29629, 1, 1, 1, False
119.6006, 2021-07-05T15:21:12.6296750+08:00, 0, 12.94095, 48.29629, 1, 1, 1, False
119.6074, 2021-07-05T15:21:12.6364160+08:00, 0, 12.94095, 48.29629, 1, 1, 1, False
119.6146, 2021-07-05T15:21:12.6435820+08:00, 0, 12.94095, 48.29629, 1, 1, 1, False
119.621, 2021-07-05T15:21:12.6501200+08:00, 0, 12.94095, 48.29629, 1, 1, 1, False
119.6285, 2021-07-05T15:21:12.6574840+08:00, 0, 12.94095, 48.29629, 1, 1, 1, False
119.6348, 2021-07-05T15:21:12.6638560+08:00, 0, 12.94095, 48.29629, 1, 1, 1, False
119.6417, 2021-07-05T15:21:12.6706970+08:00, 0, 12.94095, 48.29629, 1, 1, 1, False
119.6484, 2021-07-05T15:21:12.6775210+08:00, 0, 12.94095, 48.29629, 1, 1, 1, False
119.6558, 2021-07-05T15:21:12.6848180+08:00, 0, 12.94095, 48.29629, 1, 1, 1, False
119.6626, 2021-07-05T15:21:12.6916230+08:00, 0, 12.94095, 48.29629, 1, 1, 1, False
119.6694, 2021-07-05T15:21:12.6984100+08:00, 0, 12.94095, 48.29629, 1, 1, 1, False
119.6756, 2021-07-05T15:21:12.7046810+08:00, 0, 12.94095, 48.29629, 1, 1, 1, False
119.6829, 2021-07-05T15:21:12.7120190+08:00, 0, 12.94095, 48.29629, 1, 1, 1, False
119.6893, 2021-07-05T15:21:12.7183020+08:00, 0, 12.94095, 48.29629, 1, 1, 1, False
119.6959, 2021-07-05T15:21:12.7249650+08:00, 0, 12.94095, 48.29629, 1, 1, 1, False
119.7029, 2021-07-05T15:21:12.7320250+08:00, 0, 12.94095, 48.29629, 1, 1, 1, False
119.7107, 2021-07-05T15:21:12.7397290+08:00, 0, 12.94095, 48.29629, 1, 1, 1, False
119.7169, 2021-07-05T15:21:12.7459900+08:00, 0, 12.94095, 48.29629, 1, 1, 1, False
119.7236, 2021-07-05T15:21:12.7526990+08:00, 0, 12.94095, 48.29629, 1, 1, 1, False
119.7309, 2021-07-05T15:21:12.7599490+08:00, 0, 12.94095, 48.29629, 1, 1, 1, False
119.7372, 2021-07-05T15:21:12.7662280+08:00, 0, 12.94095, 48.29629, 1, 1, 1, False
119.7439, 2021-07-05T15:21:12.7729740+08:00, 0, 12.94095, 48.29629, 1, 1, 1, False
119.7508, 2021-07-05T15:21:12.7801040+08:00, 0, 12.94095, 48.29629, 1, 1, 1, False
119.7586, 2021-07-05T15:21:12.7876510+08:00, 0, 12.94095, 48.29629, 1, 1, 1, False
119.7651, 2021-07-05T15:21:12.7941500+08:00, 0, 12.94095, 48.29629, 1, 1, 1, False
119.7719, 2021-07-05T15:21:12.8008770+08:00, 0, 12.94095, 48.29629, 1, 1, 1, False
119.779, 2021-07-05T15:21:12.8080160+08:00, 0, 12.94095, 48.29629, 1, 1, 1, False
119.7869, 2021-07-05T15:21:12.8159110+08:00, 0, 12.94095, 48.29629, 1, 1, 1, False
119.7943, 2021-07-05T15:21:12.8232610+08:00, 0, 12.94095, 48.29629, 1, 1, 1, False
119.7987, 2021-07-05T15:21:12.8277670+08:00, 0, 12.94095, 48.29629, 1, 1, 1, False
119.8062, 2021-07-05T15:21:12.8352820+08:00, 0, 12.94095, 48.29629, 1, 1, 1, False
119.8125, 2021-07-05T15:21:12.8415610+08:00, 0, 12.94095, 48.29629, 1, 1, 1, False
119.8195, 2021-07-05T15:21:12.8484800+08:00, 0, 12.94095, 48.29629, 1, 1, 1, False
119.8414, 2021-07-05T15:21:12.8704610+08:00, 0, 12.94095, 48.29629, 1, 1, 1, False
119.8464, 2021-07-05T15:21:12.8754180+08:00, 0, 12.94095, 48.29629, 1, 1, 1, False
119.8501, 2021-07-05T15:21:12.8790840+08:00, 0, 12.94095, 48.29629, 1, 1, 1, False
119.8542, 2021-07-05T15:21:12.8831500+08:00, 0, 12.94095, 48.29629, 1, 1, 1, False
119.8582, 2021-07-05T15:21:12.8871660+08:00, 0, 12.94095, 48.29629, 1, 1, 1, False
119.8622, 2021-07-05T15:21:12.8912170+08:00, 0, 12.94095, 48.29629, 1, 1, 1, False
119.8675, 2021-07-05T15:21:12.8964720+08:00, 0, 12.94095, 48.29629, 1, 1, 1, False
119.8749, 2021-07-05T15:21:12.9038530+08:00, 0, 12.94095, 48.29629, 1, 1, 1, False
119.8812, 2021-07-05T15:21:12.9102710+08:00, 0, 12.94095, 48.29629, 1, 1, 1, False
119.8879, 2021-07-05T15:21:12.9168870+08:00, 0, 12.94095, 48.29629, 1, 1, 1, False
119.8952, 2021-07-05T15:21:12.9242470+08:00, 0, 12.94095, 48.29629, 1, 1, 1, False
119.9015, 2021-07-05T15:21:12.9307620+08:00, 0, 12.94095, 48.29629, 1, 1, 1, False
119.9086, 2021-07-05T15:21:12.9376480+08:00, 0, 12.94095, 48.29629, 1, 1, 1, False
119.9156, 2021-07-05T15:21:12.9447970+08:00, 0, 12.94095, 48.29629, 1, 1, 1, False
119.9227, 2021-07-05T15:21:12.9517590+08:00, 0, 12.94095, 48.29629, 1, 1, 1, False
119.9294, 2021-07-05T15:21:12.9583510+08:00, 0, 12.94095, 48.29629, 1, 1, 1, False
119.9361, 2021-07-05T15:21:12.9651260+08:00, 0, 12.94095, 48.29629, 1, 1, 1, False
119.9436, 2021-07-05T15:21:12.9726540+08:00, 0, 12.94095, 48.29629, 1, 1, 1, False
119.9504, 202