t, x1, y1, z1, scale_x1, scale_y1, scale_z1, x2, y2, z2, scale_x2, scale_y2, scale_z2, stimulusOn
0.02, 0, 0, 75, 1, 1, 1, 0, -100, -75, 2, 2, 2, True
0.12, 0, 0, 75, 1, 1, 1, 0, -100, -75, 2, 2, 2, True
0.22, 0, 0, 75, 1, 1, 1, 0, -100, -75, 2, 2, 2, True
0.2886492, 0, 0, 75, 1, 1, 1, 0, -100, -75, 2, 2, 2, True
0.3024458, 0, 0, 75, 1, 1, 1, 0, -100, -75, 2, 2, 2, True
0.3061768, 0, 0, 75, 1, 1, 1, 0, -100, -75, 2, 2, 2, True
0.3117223, 0, 0, 75, 1, 1, 1, 0, -100, -75, 2, 2, 2, True
0.318425, 0, 0, 75, 1, 1, 1, 0, -100, -75, 2, 2, 2, True
0.3222112, 0, 0, 75, 1, 1, 1, 0, -100, -75, 2, 2, 2, True
0.3261564, 0, 0, 75, 1, 1, 1, 0, -100, -75, 2, 2, 2, True
0.3330411, 0, 0, 75, 1, 1, 1, 0, -100, -75, 2, 2, 2, True
0.3400629, 0, 0, 75, 1, 1, 1, 0, -100, -75, 2, 2, 2, True
0.3481694, 0, 0, 75, 1, 1, 1, 0, -100, -75, 2, 2, 2, True
0.3554475, 0, 0, 75, 1, 1, 1, 0, -100, -75, 2, 2, 2, True
0.3635765, 0, 0, 75, 1, 1, 1, 0, -100, -75, 2, 2, 2, True
0.3706781, 0, 0, 75, 1, 1, 1, 0, -100, -75, 2, 2, 2, True
0.3783884, 0, 0, 75, 1, 1, 1, 0, -100, -75, 2, 2, 2, True
0.3859381, 0, 0, 75, 1, 1, 1, 0, -100, -75, 2, 2, 2, True
0.3923849, 0, 0, 75, 1, 1, 1, 0, -100, -75, 2, 2, 2, True
0.3997809, 0, 0, 75, 1, 1, 1, 0, -100, -75, 2, 2, 2, True
0.4065988, 0, 0, 75, 1, 1, 1, 0, -100, -75, 2, 2, 2, True
0.4142139, 0, 0, 75, 1, 1, 1, 0, -100, -75, 2, 2, 2, True
0.4207408, 0, 0, 75, 1, 1, 1, 0, -100, -75, 2, 2, 2, True
0.4267947, 0, 0, 75, 1, 1, 1, 0, -100, -75, 2, 2, 2, True
0.4333222, 0, 0, 75, 1, 1, 1, 0, -100, -75, 2, 2, 2, True
0.4399223, 0, 0, 75, 1, 1, 1, 0, -100, -75, 2, 2, 2, True
0.4465048, 0, 0, 75, 1, 1, 1, 0, -100, -75, 2, 2, 2, True
0.4530093, 0, 0, 75, 1, 1, 1, 0, -100, -75, 2, 2, 2, True
0.4593884, 0, 0, 75, 1, 1, 1, 0, -100, -75, 2, 2, 2, True
0.4662364, 0, 0, 75, 1, 1, 1, 0, -100, -75, 2, 2, 2, True
0.4719584, 0, 0, 75, 1, 1, 1, 0, -100, -75, 2, 2, 2, True
0.4784709, 0, 0, 75, 1, 1, 1, 0, -100, -75, 2, 2, 2, True
0.4839326, 0, 0, 75, 1, 1, 1, 0, -100, -75, 2, 2, 2, True
0.490475, 0, 0, 75, 1, 1, 1, 0, -100, -75, 2, 2, 2, True
0.496423, 0, 0, 75, 1, 1, 1, 0, -100, -75, 2, 2, 2, True
0.5023205, 0, 0, 75, 1, 1, 1, 0, -100, -75, 2, 2, 2, True
0.5077316, 0, 0, 75, 1, 1, 1, 0, -100, -75, 2, 2, 2, True
0.5142558, 0, 0, 75, 1, 1, 1, 0, -100, -75, 2, 2, 2, True
0.5189213, 0, 0, 75, 1, 1, 1, 0, -100, -75, 2, 2, 2, True
0.5247155, 0, 0, 75, 1, 1, 1, 0, -100, -75, 2, 2, 2, True
0.5304003, 0, 0, 75, 1, 1, 1, 0, -100, -75, 2, 2, 2, True
0.536072, 0, 0, 75, 1, 1, 1, 0, -100, -75, 2, 2, 2, True
0.5423041, 0, 0, 75, 1, 1, 1, 0, -100, -75, 2, 2, 2, True
0.5476573, 0, 0, 75, 1, 1, 1, 0, -100, -75, 2, 2, 2, True
0.5545351, 0, 0, 75, 1, 1, 1, 0, -100, -75, 2, 2, 2, True
0.5581598, 0, 0, 75, 1, 1, 1, 0, -100, -75, 2, 2, 2, True
0.5693547, 0, 0, 75, 1, 1, 1, 0, -100, -75, 2, 2, 2, True
0.5741342, 0, 0, 75, 1, 1, 1, 0, -100, -75, 2, 2, 2, True
0.5779811, 0, 0, 75, 1, 1, 1, 0, -100, -75, 2, 2, 2, True
0.5822396, 0, 0, 75, 1, 1, 1, 0, -100, -75, 2, 2, 2, True
0.5861868, 0, 0, 75, 1, 1, 1, 0, -100, -75, 2, 2, 2, True
0.591592, 0, 0, 75, 1, 1, 1, 0, -100, -75, 2, 2, 2, True
0.5984358, 0, 0, 75, 1, 1, 1, 0, -100, -75, 2, 2, 2, True
0.6019923, 0, 0, 75, 1, 1, 1, 0, -100, -75, 2, 2, 2, True
0.6067275, 0, 0, 75, 1, 1, 1, 0, -100, -75, 2, 2, 2, True
0.6122065, 0, 0, 75, 1, 1, 1, 0, -100, -75, 2, 2, 2, True
0.6179864, 0, 0, 75, 1, 1, 1, 0, -100, -75, 2, 2, 2, True
0.6220462, 0, 0, 75, 1, 1, 1, 0, -100, -75, 2, 2, 2, True
0.6271679, 0, 0, 75, 1, 1, 1, 0, -100, -75, 2, 2, 2, True
0.6317349, 0, 0, 75, 1, 1, 1, 0, -100, -75, 2, 2, 2, True
0.638025, 0, 0, 75, 1, 1, 1, 0, -100, -75, 2, 2, 2, True
0.6420764, 0, 0, 75, 1, 1, 1, 0, -100, -75, 2, 2, 2, True
0.6469732, 0, 0, 75, 1, 1, 1, 0, -100, -75, 2, 2, 2, True
0.651513, 0, 0, 75, 1, 1, 1, 0, -100, -75, 2, 2, 2, True
0.6565848, 0, 0, 75, 1, 1, 1, 0, -100, -75, 2, 2, 2, True
0.666557, 0, 0, 75, 1, 1, 1, -25.65152, -100, 70.47696, 2, 2, 2, True
0.6745955, -25.65151, 0, 70.47694, 1, 1, 1, -25.65152, -100, 70.47696, 2, 2, 2, True
0.6830767, -25.65151, 0, 70.47694, 1, 1, 1, -25.65152, -100, 70.47696, 2, 2, 2, True
0.6905553, -25.65151, 0, 70.47694, 1, 1, 1, -25.65152, -100, 70.47696, 2, 2, 2, True
0.6986002, -25.65151, 0, 70.47694, 1, 1, 1, -25.65152, -100, 70.47696, 2, 2, 2, True
0.7019622, -25.65151, 0, 70.47694, 1, 1, 1, -25.65152, -100, 70.47696, 2, 2, 2, True
0.7060115, -25.65151, 0, 70.47694, 1, 1, 1, -25.65152, -100, 70.47696, 2, 2, 2, True
0.7100769, -25.65151, 0, 70.47694, 1, 1, 1, -25.65152, -100, 70.47696, 2, 2, 2, True
0.7141021, -25.65151, 0, 70.47694, 1, 1, 1, -25.65152, -100, 70.47696, 2, 2, 2, True
0.7180861, -25.65151, 0, 70.47694, 1, 1, 1, -25.65152, -100, 70.47696, 2, 2, 2, True
0.7220874, -25.65151, 0, 70.47694, 1, 1, 1, -25.65152, -100, 70.47696, 2, 2, 2, True
0.7260175, -25.65151, 0, 70.47694, 1, 1, 1, -25.65152, -100, 70.47696, 2, 2, 2, True
0.7299671, -25.65151, 0, 70.47694, 1, 1, 1, -25.65152, -100, 70.47696, 2, 2, 2, True
0.7339817, -25.65151, 0, 70.47694, 1, 1, 1, -25.65152, -100, 70.47696, 2, 2, 2, True
0.7380471, -25.65151, 0, 70.47694, 1, 1, 1, -25.65152, -100, 70.47696, 2, 2, 2, True
0.7423404, -25.65151, 0, 70.47694, 1, 1, 1, -25.65152, -100, 70.47696, 2, 2, 2, True
0.746085, -25.65151, 0, 70.47694, 1, 1, 1, -25.65152, -100, 70.47696, 2, 2, 2, True
0.7500062, -25.65151, 0, 70.47694, 1, 1, 1, -25.65152, -100, 70.47696, 2, 2, 2, True
0.7540066, -25.65151, 0, 70.47694, 1, 1, 1, -25.65152, -100, 70.47696, 2, 2, 2, True
0.7581919, -25.65151, 0, 70.47694, 1, 1, 1, -25.65152, -100, 70.47696, 2, 2, 2, True
0.7620471, -25.65151, 0, 70.47694, 1, 1, 1, -25.65152, -100, 70.47696, 2, 2, 2, True
0.7659665, -25.65151, 0, 70.47694, 1, 1, 1, -25.65152, -100, 70.47696, 2, 2, 2, True
0.7700374, -25.65151, 0, 70.47694, 1, 1, 1, -25.65152, -100, 70.47696, 2, 2, 2, True
0.7740073, -25.65151, 0, 70.47694, 1, 1, 1, -25.65152, -100, 70.47696, 2, 2, 2, True
0.7779956, -25.65151, 0, 70.47694, 1, 1, 1, -25.65152, -100, 70.47696, 2, 2, 2, True
0.7824244, -25.65151, 0, 70.47694, 1, 1, 1, -25.65152, -100, 70.47696, 2, 2, 2, True
0.7859589, -25.65151, 0, 70.47694, 1, 1, 1, -25.65152, -100, 70.47696, 2, 2, 2, True
0.7900044, -25.65151, 0, 70.47694, 1, 1, 1, -25.65152, -100, 70.47696, 2, 2, 2, True
0.7944903, -25.65151, 0, 70.47694, 1, 1, 1, -25.65152, -100, 70.47696, 2, 2, 2, True
0.7988946, -25.65151, 0, 70.47694, 1, 1, 1, -25.65152, -100, 70.47696, 2, 2, 2, True
0.8030877, -25.65151, 0, 70.47694, 1, 1, 1, -25.65152, -100, 70.47696, 2, 2, 2, True
0.8074924, -25.65151, 0, 70.47694, 1, 1, 1, -25.65152, -100, 70.47696, 2, 2, 2, True
0.8144096, -25.65151, 0, 70.47694, 1, 1, 1, -25.65152, -100, 70.47696, 2, 2, 2, True
0.8875417, -25.65151, 0, 70.47694, 1, 1, 1, -25.65152, -100, 70.47696, 2, 2, 2, True
0.927363, -25.65151, 0, 70.47694, 1, 1, 1, -25.65152, -100, 70.47696, 2, 2, 2, True
0.9345468, -25.65151, 0, 70.47694, 1, 1, 1, -25.65152, -100, 70.47696, 2, 2, 2, True
0.9380952, -25.65151, 0, 70.47694, 1, 1, 1, -25.65152, -100, 70.47696, 2, 2, 2, True
0.9421198, -25.65151, 0, 70.47694, 1, 1, 1, -25.65152, -100, 70.47696, 2, 2, 2, True
0.9460979, -25.65151, 0, 70.47694, 1, 1, 1, -25.65152, -100, 70.47696, 2, 2, 2, True
0.9500789, -25.65151, 0, 70.47694, 1, 1, 1, -25.65152, -100, 70.47696, 2, 2, 2, True
0.9539441, -25.65151, 0, 70.47694, 1, 1, 1, -25.65152, -100, 70.47696, 2, 2, 2, True
0.9581196, -25.65151, 0, 70.47694, 1, 1, 1, -25.65152, -100, 70.47696, 2, 2, 2, True
0.9619224, -25.65151, 0, 70.47694, 1, 1, 1, -25.65152, -100, 70.47696, 2, 2, 2, True
0.9659091, -25.65151, 0, 70.47694, 1, 1, 1, -25.65152, -100, 70.47696, 2, 2, 2, True
0.9701314, -25.65151, 0, 70.47694, 1, 1, 1, -25.65152, -100, 70.47696, 2, 2, 2, True
0.9739336, -25.65151, 0, 70.47694, 1, 1, 1, -25.65152, -100, 70.47696, 2, 2, 2, True
0.9780484, -25.65151, 0, 70.47694, 1, 1, 1, -25.65152, -100, 70.47696, 2, 2, 2, True
0.9823053, -25.65151, 0, 70.47694, 1, 1, 1, -25.65152, -100, 70.47696, 2, 2, 2, True
0.9860732, -25.65151, 0, 70.47694, 1, 1, 1, -25.65152, -100, 70.47696, 2, 2, 2, True
0.9900831, -25.65151, 0, 70.47694, 1, 1, 1, -25.65152, -100, 70.47696, 2, 2, 2, True
0.9950576, -25.65151, 0, 70.47694, 1, 1, 1, -25.65152, -100, 70.47696, 2, 2, 2, True
0.9996924, -25.65151, 0, 70.47694, 1, 1, 1, -25.65152, -100, 70.47696, 2, 2, 2, True
1.00635, -25.65151, 0, 70.47694, 1, 1, 1, -25.65152, -100, 70.47696, 2, 2, 2, True
1.010054, -25.65151, 0, 70.47694, 1, 1, 1, -25.65152, -100, 70.47696, 2, 2, 2, True
1.014111, -25.65151, 0, 70.47694, 1, 1, 1, -25.65152, -100, 70.47696, 2, 2, 2, True
1.018352, -25.65151, 0, 70.47694, 1, 1, 1, -25.65152, -100, 70.47696, 2, 2, 2, True
1.025941, -25.65151, 0, 70.47694, 1, 1, 1, -25.65152, -100, 70.47696, 2, 2, 2, True
1.034005, -25.65151, 0, 70.47694, 1, 1, 1, -25.65152, -100, 70.47696, 2, 2, 2, True
1.0381, -25.65151, 0, 70.47694, 1, 1, 1, -25.65152, -100, 70.47696, 2, 2, 2, True
1.042157, -25.65151, 0, 70.47694, 1, 1, 1, -25.65152, -100, 70.47696, 2, 2, 2, True
1.045915, -25.65151, 0, 70.47694, 1, 1, 1, -25.65152, -100, 70.47696, 2, 2, 2, True
1.050063, -25.65151, 0, 70.47694, 1, 1, 1, -25.65152, -100, 70.47696, 2, 2, 2, True
1.054007, -25.65151, 0, 70.47694, 1, 1, 1, -25.65152, -100, 70.47696, 2, 2, 2, True
1.058107, -25.65151, 0, 70.47694, 1, 1, 1, -25.65152, -100, 70.47696, 2, 2, 2, True
1.062293, -25.65151, 0, 70.47694, 1, 1, 1, -25.65152, -100, 70.47696, 2, 2, 2, True
1.066477, -25.65151, 0, 70.47694, 1, 1, 1, -25.65152, -100, 70.47696, 2, 2, 2, True
1.070671, -25.65151, 0, 70.47694, 1, 1, 1, -25.65152, -100, 70.47696, 2, 2, 2, True
1.075195, -25.65151, 0, 70.47694, 1, 1, 1, -25.65152, -100, 70.47696, 2, 2, 2, True
1.08292, -25.65151, 0, 70.47694, 1, 1, 1, -25.65152, -100, 70.47696, 2, 2, 2, True
1.090403, -25.65151, 0, 70.47694, 1, 1, 1, -25.65152, -100, 70.47696, 2, 2, 2, True
1.094384, -25.65151, 0, 70.47694, 1, 1, 1, -25.65152, -100, 70.47696, 2, 2, 2, True
1.097973, -25.65151, 0, 70.47694, 1, 1, 1, -25.65152, -100, 70.47696, 2, 2, 2, True
1.102153, -25.65151, 0, 70.47694, 1, 1, 1, -25.65152, -100, 70.47696, 2, 2, 2, True
1.106056, -25.65151, 0, 70.47694, 1, 1, 1, -25.65152, -100, 70.47696, 2, 2, 2, True
1.109973, -25.65151, 0, 70.47694, 1, 1, 1, -25.65152, -100, 70.47696, 2, 2, 2, True
1.114019, -25.65151, 0, 70.47694, 1, 1, 1, -25.65152, -100, 70.47696, 2, 2, 2, True
1.117966, -25.65151, 0, 70.47694, 1, 1, 1, -25.65152, -100, 70.47696, 2, 2, 2, True
1.121883, -25.65151, 0, 70.47694, 1, 1, 1, -25.65152, -100, 70.47696, 2, 2, 2, True
1.126101, -25.65151, 0, 70.47694, 1, 1, 1, -25.65152, -100, 70.47696, 2, 2, 2, True
1.129908, -25.65151, 0, 70.47694, 1, 1, 1, -25.65152, -100, 70.47696, 2, 2, 2, True
1.134273, -25.65151, 0, 70.47694, 1, 1, 1, -25.65152, -100, 70.47696, 2, 2, 2, True
1.138582, -25.65151, 0, 70.47694, 1, 1, 1, -25.65152, -100, 70.47696, 2, 2, 2, True
1.143929, -25.65151, 0, 70.47694, 1, 1, 1, -25.65152, -100, 70.47696, 2, 2, 2, True
1.150171, -25.65151, 0, 70.47694, 1, 1, 1, -25.65152, -100, 70.47696, 2, 2, 2, True
1.154294, -25.65151, 0, 70.47694, 1, 1, 1, -25.65152, -100, 70.47696, 2, 2, 2, True
1.158136, -25.65151, 0, 70.47694, 1, 1, 1, -25.65152, -100, 70.47696, 2, 2, 2, True
1.16287, -25.65151, 0, 70.47694, 1, 1, 1, -25.65152, -100, 70.47696, 2, 2, 2, True
1.167053, -25.65151, 0, 70.47694, 1, 1, 1, -25.65152, -100, 70.47696, 2, 2, 2, True
1.171533, -25.65151, 0, 70.47694, 1, 1, 1, -25.65152, -100, 70.47696, 2, 2, 2, True
1.175687, -25.65151, 0, 70.47694, 1, 1, 1, -25.65152, -100, 70.47696, 2, 2, 2, True
1.183055, -25.65151, 0, 70.47694, 1, 1, 1, -25.65152, -100, 70.47696, 2, 2, 2, True
1.190367, -25.65151, 0, 70.47694, 1, 1, 1, -25.65152, -100, 70.47696, 2, 2, 2, True
1.194038, -25.65151, 0, 70.47694, 1, 1, 1, -25.65152, -100, 70.47696, 2, 2, 2, True
1.198048, -25.65151, 0, 70.47694, 1, 1, 1, -25.65152, -100, 70.47696, 2, 2, 2, True
1.202024, -25.65151, 0, 70.47694, 1, 1, 1, -25.65152, -100, 70.47696, 2, 2, 2, True
1.206039, -25.65151, 0, 70.47694, 1, 1, 1, -25.65152, -100, 70.47696, 2, 2, 2, True
1.210016, -25.65151, 0, 70.47694, 1, 1, 1, -25.65152, -100, 70.47696, 2, 2, 2, True
1.214056, -25.65151, 0, 70.47694, 1, 1, 1, -25.65152, -100, 70.47696, 2, 2, 2, True
1.217966, -25.65151, 0, 70.47694, 1, 1, 1, -25.65152, -100, 70.47696, 2, 2, 2, True
1.22208, -25.65151, 0, 70.47694, 1, 1, 1, -25.65152, -100, 70.47696, 2, 2, 2, True
1.230408, -25.65151, 0, 70.47694, 1, 1, 1, -25.65152, -100, 70.47696, 2, 2, 2, True
1.233961, -25.65151, 0, 70.47694, 1, 1, 1, -25.65152, -100, 70.47696, 2, 2, 2, True
1.238136, -25.65151, 0, 70.47694, 1, 1, 1, -25.65152, -100, 70.47696, 2, 2, 2, True
1.242034, -25.65151, 0, 70.47694, 1, 1, 1, -25.65152, -100, 70.47696, 2, 2, 2, True
1.246097, -25.65151, 0, 70.47694, 1, 1, 1, -25.65152, -100, 70.47696, 2, 2, 2, True
1.250431, -25.65151, 0, 70.47694, 1, 1, 1, -25.65152, -100, 70.47696, 2, 2, 2, True
1.254919, -25.65151, 0, 70.47694, 1, 1, 1, -25.65152, -100, 70.47696, 2, 2, 2, True
1.25941, -25.65151, 0, 70.47694, 1, 1, 1, -25.65152, -100, 70.47696, 2, 2, 2, True
1.266049, -25.65151, 0, 70.47694, 1, 1, 1, -25.65152, -100, 70.47696, 2, 2, 2, True
1.269968, -25.65151, 0, 70.47694, 1, 1, 1, -25.65152, -100, 70.47696, 2, 2, 2, True
1.274118, -25.65151, 0, 70.47694, 1, 1, 1, -25.65152, -100, 70.47696, 2, 2, 2, True
1.278625, -25.65151, 0, 70.47694, 1, 1, 1, -25.65152, -100, 70.47696, 2, 2, 2, True
1.282762, -25.65151, 0, 70.47694, 1, 1, 1, -25.65152, -100, 70.47696, 2, 2, 2, True
1.286906, -25.65151, 0, 70.47694, 1, 1, 1, -25.65152, -100, 70.47696, 2, 2, 2, True
1.291841, -25.65151, 0, 70.47694, 1, 1, 1, -25.65152, -100, 70.47696, 2, 2, 2, True
1.298363, -25.65151, 0, 70.47694, 1, 1, 1, -25.65152, -100, 70.47696, 2, 2, 2, True
1.301903, -25.65151, 0, 70.47694, 1, 1, 1, -25.65152, -100, 70.47696, 2, 2, 2, True
1.306031, -25.65151, 0, 70.47694, 1, 1, 1, -25.65152, -100, 70.47696, 2, 2, 2, True
1.310061, -25.65151, 0, 70.47694, 1, 1, 1, -25.65152, -100, 70.47696, 2, 2, 2, True
1.314233, -25.65151, 0, 70.47694, 1, 1, 1, -25.65152, -100, 70.47696, 2, 2, 2, True
1.318472, -25.65151, 0, 70.47694, 1, 1, 1, -25.65152, -100, 70.47696, 2, 2, 2, True
1.322644, -25.65151, 0, 70.47694, 1, 1, 1, -25.65152, -100, 70.47696, 2, 2, 2, True
1.327064, -25.65151, 0, 70.47694, 1, 1, 1, -25.65152, -100, 70.47696, 2, 2, 2, True
1.331659, -25.65151, 0, 70.47694, 1, 1, 1, -25.65152, -100, 70.47696, 2, 2, 2, True
1.337903, -25.65151, 0, 70.47694, 1, 1, 1, -25.65152, -100, 70.47696, 2, 2, 2, True
1.342173, -25.65151, 0, 70.47694, 1, 1, 1, -25.65152, -100, 70.47696, 2, 2, 2, True
1.346061, -25.65151, 0, 70.47694, 1, 1, 1, -25.65152, -100, 70.47696, 2, 2, 2, True
1.350127, -25.65151, 0, 70.47694, 1, 1, 1, -25.65152, -100, 70.47696, 2, 2, 2, True
1.354251, -25.65151, 0, 70.47694, 1, 1, 1, -25.65152, -100, 70.47696, 2, 2, 2, True
1.359224, -25.65151, 0, 70.47694, 1, 1, 1, -25.65152, -100, 70.47696, 2, 2, 2, True
1.363755, -25.65151, 0, 70.47694, 1, 1, 1, -25.65152, -100, 70.47696, 2, 2, 2, True
1.370408, -25.65151, 0, 70.47694, 1, 1, 1, -25.65152, -100, 70.47696, 2, 2, 2, True
1.373864, -25.65151, 0, 70.47694, 1, 1, 1, -25.65152, -100, 70.47696, 2, 2, 2, True
1.378007, -25.65151, 0, 70.47694, 1, 1, 1, -25.65152, -100, 70.47696, 2, 2, 2, True
1.382405, -25.65151, 0, 70.47694, 1, 1, 1, -25.65152, -100, 70.47696, 2, 2, 2, True
1.386147, -25.65151, 0, 70.47694, 1, 1, 1, -25.65152, -100, 70.47696, 2, 2, 2, True
1.390134, -25.65151, 0, 70.47694, 1, 1, 1, -25.65152, -100, 70.47696, 2, 2, 2, True
1.394699, -25.65151, 0, 70.47694, 1, 1, 1, -25.65152, -100, 70.47696, 2, 2, 2, True
1.399172, -25.65151, 0, 70.47694, 1, 1, 1, -25.65152, -100, 70.47696, 2, 2, 2, True
1.403608, -25.65151, 0, 70.47694, 1, 1, 1, -25.65152, -100, 70.47696, 2, 2, 2, True
1.409999, -25.65151, 0, 70.47694, 1, 1, 1, -25.65152, -100, 70.47696, 2, 2, 2, True
1.414033, -25.65151, 0, 70.47694, 1, 1, 1, -25.65152, -100, 70.47696, 2, 2, 2, True
1.418041, -25.65151, 0, 70.47694, 1, 1, 1, -25.65152, -100, 70.47696, 2, 2, 2, True
1.422113, -25.65151, 0, 70.47694, 1, 1, 1, -25.65152, -100, 70.47696, 2, 2, 2, True
1.426602, -25.65151, 0, 70.47694, 1, 1, 1, -25.65152, -100, 70.47696, 2, 2, 2, True
1.434283, -25.65151, 0, 70.47694, 1, 1, 1, -25.65152, -100, 70.47696, 2, 2, 2, True
1.437994, -25.65151, 0, 70.47694, 1, 1, 1, -25.65152, -100, 70.47696, 2, 2, 2, True
1.442011, -25.65151, 0, 70.47694, 1, 1, 1, -25.65152, -100, 70.47696, 2, 2, 2, True
1.445866, -25.65151, 0, 70.47694, 1, 1, 1, -25.65152, -100, 70.47696, 2, 2, 2, True
1.45143, -25.65151, 0, 70.47694, 1, 1, 1, -25.65152, -100, 70.47696, 2, 2, 2, True
1.455507, -25.65151, 0, 70.47694, 1, 1, 1, -25.65152, -100, 70.47696, 2, 2, 2, True
1.462494, -25.65151, 0, 70.47694, 1, 1, 1, -25.65152, -100, 70.47696, 2, 2, 2, True
1.466106, -25.65151, 0, 70.47694, 1, 1, 1, -25.65152, -100, 70.47696, 2, 2, 2, True
1.469965, -25.65151, 0, 70.47694, 1, 1, 1, -25.65152, -100, 70.47696, 2, 2, 2, True
1.474324, -25.65151, 0, 70.47694, 1, 1, 1, -25.65152, -100, 70.47696, 2, 2, 2, True
1.478248, -25.65151, 0, 70.47694, 1, 1, 1, -25.65152, -100, 70.47696, 2, 2, 2, True
1.483101, -25.65151, 0, 70.47694, 1, 1, 1, -25.65152, -100, 70.47696, 2, 2, 2, True
1.487645, -25.65151, 0, 70.47694, 1, 1, 1, -25.65152, -100, 70.47696, 2, 2, 2, True
1.493914, -25.65151, 0, 70.47694, 1, 1, 1, -25.65152, -100, 70.47696, 2, 2, 2, True
1.498036, -25.65151, 0, 70.47694, 1, 1, 1, -25.65152, -100, 70.47696, 2, 2, 2, True
1.502104, -25.65151, 0, 70.47694, 1, 1, 1, -25.65152, -100, 70.47696, 2, 2, 2, True
1.52179, -25.65151, 0, 70.47694, 1, 1, 1, -25.65152, -100, 70.47696, 2, 2, 2, True
1.526014, -25.65151, 0, 70.47694, 1, 1, 1, -25.65152, -100, 70.47696, 2, 2, 2, True
1.529974, -25.65151, 0, 70.47694, 1, 1, 1, -25.65152, -100, 70.47696, 2, 2, 2, True
1.534017, -25.65151, 0, 70.47694, 1, 1, 1, -25.65152, -100, 70.47696, 2, 2, 2, True
1.537959, -25.65151, 0, 70.47694, 1, 1, 1, -25.65152, -100, 70.47696, 2, 2, 2, True
1.54207, -25.65151, 0, 70.47694, 1, 1, 1, -25.65152, -100, 70.47696, 2, 2, 2, True
1.546052, -25.65151, 0, 70.47694, 1, 1, 1, -25.65152, -100, 70.47696, 2, 2, 2, True
1.550174, -25.65151, 0, 70.47694, 1, 1, 1, -25.65152, -100, 70.47696, 2, 2, 2, True
1.554102, -25.65151, 0, 70.47694, 1, 1, 1, -25.65152, -100, 70.47696, 2, 2, 2, True
1.56203, -25.65151, 0, 70.47694, 1, 1, 1, -25.65152, -100, 70.47696, 2, 2, 2, True
1.570005, -25.65151, 0, 70.47694, 1, 1, 1, -25.65152, -100, 70.47696, 2, 2, 2, True
1.574131, -25.65151, 0, 70.47694, 1, 1, 1, -25.65152, -100, 70.47696, 2, 2, 2, True
1.57812, -25.65151, 0, 70.47694, 1, 1, 1, -25.65152, -100, 70.47696, 2, 2, 2, True
1.582265, -25.65151, 0, 70.47694, 1, 1, 1, -25.65152, -100, 70.47696, 2, 2, 2, True
1.586111, -25.65151, 0, 70.47694, 1, 1, 1, -25.65152, -100, 70.47696, 2, 2, 2, True
1.59015, -25.65151, 0, 70.47694, 1, 1, 1, -25.65152, -100, 70.47696, 2, 2, 2, True
1.593929, -25.65151, 0, 70.47694, 1, 1, 1, -25.65152, -100, 70.47696, 2, 2, 2, True
1.598157, -25.65151, 0, 70.47694, 1, 1, 1, -25.65152, -100, 70.47696, 2, 2, 2, True
1.601895, -25.65151, 0, 70.47694, 1, 1, 1, -25.65152, -100, 70.47696, 2, 2, 2, True
1.606008, -25.65151, 0, 70.47694, 1, 1, 1, -25.65152, -100, 70.47696, 2, 2, 2, True
1.609944, -25.65151, 0, 70.47694, 1, 1, 1, -25.65152, -100, 70.47696, 2, 2, 2, True
1.614119, -25.65151, 0, 70.47694, 1, 1, 1, -25.65152, -100, 70.47696, 2, 2, 2, True
1.618055, -25.65151, 0, 70.47694, 1, 1, 1, -25.65152, -100, 70.47696, 2, 2, 2, True
1.621938, -25.65151, 0, 70.47694, 1, 1, 1, -25.65152, -100, 70.47696, 2, 2, 2, True
1.626215, -25.65151, 0, 70.47694, 1, 1, 1, -25.65152, -100, 70.47696, 2, 2, 2, True
1.634213, -25.65151, 0, 70.47694, 1, 1, 1, -25.65152, -100, 70.47696, 2, 2, 2, True
1.638037, -25.65151, 0, 70.47694, 1, 1, 1, -25.65152, -100, 70.47696, 2, 2, 2, True
1.642094, -25.65151, 0, 70.47694, 1, 1, 1, -25.65152, -100, 70.47696, 2, 2, 2, True
1.646093, -25.65151, 0, 70.47694, 1, 1, 1, -25.65152, -100, 70.47696, 2, 2, 2, True
1.650104, -25.65151, 0, 70.47694, 1, 1, 1, -25.65152, -100, 70.47696, 2, 2, 2, True
1.654137, -25.65151, 0, 70.47694, 1, 1, 1, -25.65152, -100, 70.47696, 2, 2, 2, True
1.658057, -25.65151, 0, 70.47694, 1, 1, 1, -25.65152, -100, 70.47696, 2, 2, 2, True
1.662004, -25.65151, 0, 70.47694, 1, 1, 1, -25.65152, -100, 70.47696, 2, 2, 2, True
1.665952, -25.65151, 0, 70.47694, 1, 1, 1, -25.65152, -100, 70.47696, 2, 2, 2, True
1.669995, -25.65151, 0, 70.47694, 1, 1, 1, -25.65152, -100, 70.47696, 2, 2, 2, True
1.674049, -25.65151, 0, 70.47694, 1, 1, 1, -25.65152, -100, 70.47696, 2, 2, 2, True
1.678164, -25.65151, 0, 70.47694, 1, 1, 1, -25.65152, -100, 70.47696, 2, 2, 2, True
1.68248, -25.65151, 0, 70.47694, 1, 1, 1, -25.65152, -100, 70.47696, 2, 2, 2, True
1.686606, -25.65151, 0, 70.47694, 1, 1, 1, -25.65152, -100, 70.47696, 2, 2, 2, True
1.691063, -25.65151, 0, 70.47694, 1, 1, 1, -25.65152, -100, 70.47696, 2, 2, 2, True
1.69614, -25.65151, 0, 70.47694, 1, 1, 1, -25.65152, -100, 70.47696, 2, 2, 2, True
1.702341, -25.65151, 0, 70.47694, 1, 1, 1, -25.65152, -100, 70.47696, 2, 2, 2, True
1.705929, -25.65151, 0, 70.47694, 1, 1, 1, -25.65152, -100, 70.47696, 2, 2, 2, True
1.710075, -25.65151, 0, 70.47694, 1, 1, 1, -25.65152, -100, 70.47696, 2, 2, 2, True
1.714095, -25.65151, 0, 70.47694, 1, 1, 1, -25.65152, -100, 70.47696, 2, 2, 2, True
1.718241, -25.65151, 0, 70.47694, 1, 1, 1, -25.65152, -100, 70.47696, 2, 2, 2, True
1.722761, -25.65151, 0, 70.47694, 1, 1, 1, -25.65152, -100, 70.47696, 2, 2, 2, True
1.727801, -25.65151, 0, 70.47694, 1, 1, 1, -25.65152, -100, 70.47696, 2, 2, 2, True
1.734214, -25.65151, 0, 70.47694, 1, 1, 1, -25.65152, -100, 70.47696, 2, 2, 2, True
1.738078, -25.65151, 0, 70.47694, 1, 1, 1, -25.65152, -100, 70.47696, 2, 2, 2, True
1.742001, -25.65151, 0, 70.47694, 1, 1, 1, -25.65152, -100, 70.47696, 2, 2, 2, True
1.746085, -25.65151, 0, 70.47694, 1, 1, 1, -25.65152, -100, 70.47696, 2, 2, 2, True
1.750138, -25.65151, 0, 70.47694, 1, 1, 1, -25.65152, -100, 70.47696, 2, 2, 2, True
1.754413, -25.65151, 0, 70.47694, 1, 1, 1, -25.65152, -100, 70.47696, 2, 2, 2, True
1.758883, -25.65151, 0, 70.47694, 1, 1, 1, -25.65152, -100, 70.47696, 2, 2, 2, True
1.763868, -25.65151, 0, 70.47694, 1, 1, 1, -25.65152, -100, 70.47696, 2, 2, 2, True
1.770751, -25.65151, 0, 70.47694, 1, 1, 1, -25.65152, -100, 70.47696, 2, 2, 2, True
1.778005, -25.65151, 0, 70.47694, 1, 1, 1, -25.65152, -100, 70.47696, 2, 2, 2, True
1.782488, -25.65151, 0, 70.47694, 1, 1, 1, -25.65152, -100, 70.47696, 2, 2, 2, True
1.785946, -25.65151, 0, 70.47694, 1, 1, 1, -25.65152, -100, 70.47696, 2, 2, 2, True
1.790106, -25.65151, 0, 70.47694, 1, 1, 1, -25.65152, -100, 70.47696, 2, 2, 2, True
1.793857, -25.65151, 0, 70.47694, 1, 1, 1, -25.65152, -100, 70.47696, 2, 2, 2, True
1.797996, -25.65151, 0, 70.47694, 1, 1, 1, -25.65152, -100, 70.47696, 2, 2, 2, True
1.801946, -25.65151, 0, 70.47694, 1, 1, 1, -25.65152, -100, 70.47696, 2, 2, 2, True
1.806163, -25.65151, 0, 70.47694, 1, 1, 1, -25.65152, -100, 70.47696, 2, 2, 2, True
1.809988, -25.65151, 0, 70.47694, 1, 1, 1, -25.65152, -100, 70.47696, 2, 2, 2, True
1.814042, -25.65151, 0, 70.47694, 1, 1, 1, -25.65152, -100, 70.47696, 2, 2, 2, True
1.818004, -25.65151, 0, 70.47694, 1, 1, 1, -25.65152, -100, 70.47696, 2, 2, 2, True
1.822167, -25.65151, 0, 70.47694, 1, 1, 1, -25.65152, -100, 70.47696, 2, 2, 2, True
1.826605, -25.65151, 0, 70.47694, 1, 1, 1, -25.65152, -100, 70.47696, 2, 2, 2, True
1.831245, -25.65151, 0, 70.47694, 1, 1, 1, -25.65152, -100, 70.47696, 2, 2, 2, True
1.838133, -25.65151, 0, 70.47694, 1, 1, 1, -25.65152, -100, 70.47696, 2, 2, 2, True
1.842033, -25.65151, 0, 70.47694, 1, 1, 1, -25.65152, -100, 70.47696, 2, 2, 2, True
1.845864, -25.65151, 0, 70.47694, 1, 1, 1, -25.65152, -100, 70.47696, 2, 2, 2, True
1.850008, -25.65151, 0, 70.47694, 1, 1, 1, -25.65152, -100, 70.47696, 2, 2, 2, True
1.855559, -25.65151, 0, 70.47694, 1, 1, 1, -25.65152, -100, 70.47696, 2, 2, 2, True
1.862372, -25.65151, 0, 70.47694, 1, 1, 1, -25.65152, -100, 70.47696, 2, 2, 2, True
1.866004, -25.65151, 0, 70.47694, 1, 1, 1, -25.65152, -100, 70.47696, 2, 2, 2, True
1.870028, -25.65151, 0, 70.47694, 1, 1, 1, -25.65152, -100, 70.47696, 2, 2, 2, True
1.874392, -25.65151, 0, 70.47694, 1, 1, 1, -25.65152, -100, 70.47696, 2, 2, 2, True
1.879418, -25.65151, 0, 70.47694, 1, 1, 1, -25.65152, -100, 70.47696, 2, 2, 2, True
1.886417, -25.65151, 0, 70.47694, 1, 1, 1, -25.65152, -100, 70.47696, 2, 2, 2, True
1.890096, -25.65151, 0, 70.47694, 1, 1, 1, -25.65152, -100, 70.47696, 2, 2, 2, True
1.894077, -25.65151, 0, 70.47694, 1, 1, 1, -25.65152, -100, 70.47696, 2, 2, 2, True
1.898043, -25.65151, 0, 70.47694, 1, 1, 1, -25.65152, -100, 70.47696, 2, 2, 2, True
1.902127, -25.65151, 0, 70.47694, 1, 1, 1, -25.65152, -100, 70.47696, 2, 2, 2, True
1.906137, -25.65151, 0, 70.47694, 1, 1, 1, -25.65152, -100, 70.47696, 2, 2, 2, True
1.91112, -25.65151, 0, 70.47694, 1, 1, 1, -25.65152, -100, 70.47696, 2, 2, 2, True
1.915263, -25.65151, 0, 70.47694, 1, 1, 1, -25.65152, -100, 70.47696, 2, 2, 2, True
1.919719, -25.65151, 0, 70.47694, 1, 1, 1, -25.65152, -100, 70.47696, 2, 2, 2, True
1.926311, -25.65151, 0, 70.47694, 1, 1, 1, -25.65152, -100, 70.47696, 2, 2, 2, True
1.92989, -25.65151, 0, 70.47694, 1, 1, 1, -25.65152, -100, 70.47696, 2, 2, 2, True
1.934088, -25.65151, 0, 70.47694, 1, 1, 1, -25.65152, -100, 70.47696, 2, 2, 2, True
1.937964, -25.65151, 0, 70.47694, 1, 1, 1, -25.65152, -100, 70.47696, 2, 2, 2, True
1.942648, -25.65151, 0, 70.47694, 1, 1, 1, -25.65152, -100, 70.47696, 2, 2, 2, True
1.947248, -25.65151, 0, 70.47694, 1, 1, 1, -25.65152, -100, 70.47696, 2, 2, 2, True
1.951577, -25.65151, 0, 70.47694, 1, 1, 1, -25.65152, -100, 70.47696, 2, 2, 2, True
1.958432, -25.65151, 0, 70.47694, 1, 1, 1, -25.65152, -100, 70.47696, 2, 2, 2, True
1.961924, -25.65151, 0, 70.47694, 1, 1, 1, -25.65152, -100, 70.47696, 2, 2, 2, True
1.966026, -25.65151, 0, 70.47694, 1, 1, 1, -25.65152, -100, 70.47696, 2, 2, 2, True
1.970056, -25.65151, 0, 70.47694, 1, 1, 1, -25.65152, -100, 70.47696, 2, 2, 2, True
1.974084, -25.65151, 0, 70.47694, 1, 1, 1, -25.65152, -100, 70.47696, 2, 2, 2, True
1.978176, -25.65151, 0, 70.47694, 1, 1, 1, -25.65152, -100, 70.47696, 2, 2, 2, True
1.982658, -25.65151, 0, 70.47694, 1, 1, 1, -25.65152, -100, 70.47696, 2, 2, 2, True
1.987165, -25.65151, 0, 70.47694, 1, 1, 1, -25.65152, -100, 70.47696, 2, 2, 2, True
1.99166, -25.65151, 0, 70.47694, 1, 1, 1, -25.65152, -100, 70.47696, 2, 2, 2, True
1.998321, -25.65151, 0, 70.47694, 1, 1, 1, -25.65152, -100, 70.47696, 2, 2, 2, True
2.001917, -25.65151, 0, 70.47694, 1, 1, 1, -25.65152, -100, 70.47696, 2, 2, 2, True
2.006268, -25.65151, 0, 70.47694, 1, 1, 1, -25.65152, -100, 70.47696, 2, 2, 2, True
2.010154, -25.65151, 0, 70.47694, 1, 1, 1, -25.65152, -100, 70.47696, 2, 2, 2, True
2.014171, -25.65151, 0, 70.47694, 1, 1, 1, -25.65152, -100, 70.47696, 2, 2, 2, True
2.018673, -25.65151, 0, 70.47694, 1, 1, 1, -25.65152, -100, 70.47696, 2, 2, 2, True
2.023398, -25.65151, 0, 70.47694, 1, 1, 1, -25.65152, -100, 70.47696, 2, 2, 2, True
2.030218, -25.65151, 0, 70.47694, 1, 1, 1, -25.65152, -100, 70.47696, 2, 2, 2, True
2.038068, -25.65151, 0, 70.47694, 1, 1, 1, -25.65152, -100, 70.47696, 2, 2, 2, True
2.042047, -25.65151, 0, 70.47694, 1, 1, 1, -25.65152, -100, 70.47696, 2, 2, 2, True
2.046089, -25.65151, 0, 70.47694, 1, 1, 1, -25.65152, -100, 70.47696, 2, 2, 2, True
2.049946, -25.65151, 0, 70.47694, 1, 1, 1, -25.65152, -100, 70.47696, 2, 2, 2, True
2.054131, -25.65151, 0, 70.47694, 1, 1, 1, -25.65152, -100, 70.47696, 2, 2, 2, True
2.057928, -25.65151, 0, 70.47694, 1, 1, 1, -25.65152, -100, 70.47696, 2, 2, 2, True
2.06223, -25.65151, 0, 70.47694, 1, 1, 1, -25.65152, -100, 70.47696, 2, 2, 2, True
2.066348, -25.65151, 0, 70.47694, 1, 1, 1, -25.65152, -100, 70.47696, 2, 2, 2, True
2.071027, -25.65151, 0, 70.47694, 1, 1, 1, -25.65152, -100, 70.47696, 2, 2, 2, True
2.078114, -25.65151, 0, 70.47694, 1, 1, 1, -25.65152, -100, 70.47696, 2, 2, 2, True
2.086052, -25.65151, 0, 70.47694, 1, 1, 1, -25.65152, -100, 70.47696, 2, 2, 2, True
2.090067, -25.65151, 0, 70.47694, 1, 1, 1, -25.65152, -100, 70.47696, 2, 2, 2, True
2.093871, -25.65151, 0, 70.47694, 1, 1, 1, -25.65152, -100, 70.47696, 2, 2, 2, True
2.098214, -25.65151, 0, 70.47694, 1, 1, 1, -25.65152, -100, 70.47696, 2, 2, 2, True
2.102062, -25.65151, 0, 70.47694, 1, 1, 1, -25.65152, -100, 70.47696, 2, 2, 2, True
2.105934, -25.65151, 0, 70.47694, 1, 1, 1, -25.65152, -100, 70.47696, 2, 2, 2, True
2.109993, -25.65151, 0, 70.47694, 1, 1, 1, -25.65152, -100, 70.47696, 2, 2, 2, True
2.113973, -25.65151, 0, 70.47694, 1, 1, 1, -25.65152, -100, 70.47696, 2, 2, 2, True
2.117929, -25.65151, 0, 70.47694, 1, 1, 1, -25.65152, -100, 70.47696, 2, 2, 2, True
2.122125, -25.65151, 0, 70.47694, 1, 1, 1, -25.65152, -100, 70.47696, 2, 2, 2, True
2.126237, -25.65151, 0, 70.47694, 1, 1, 1, -25.65152, -100, 70.47696, 2, 2, 2, True
2.130435, -25.65151, 0, 70.47694, 1, 1, 1, -25.65152, -100, 70.47696, 2, 2, 2, True
2.149552, -25.65151, 0, 70.47694, 1, 1, 1, -25.65152, -100, 70.47696, 2, 2, 2, True
2.154116, -25.65151, 0, 70.47694, 1, 1, 1, -25.65152, -100, 70.47696, 2, 2, 2, True
2.157911, -25.65151, 0, 70.47694, 1, 1, 1, -25.65152, -100, 70.47696, 2, 2, 2, True
2.162017, -25.65151, 0, 70.47694, 1, 1, 1, -25.65152, -100, 70.47696, 2, 2, 2, True
2.165994, -25.65151, 0, 70.47694, 1, 1, 1, -25.65152, -100, 70.47696, 2, 2, 2, True
2.169949, -25.65151, 0, 70.47694, 1, 1, 1, -25.65152, -100, 70.47696, 2, 2, 2, True
2.173955, -25.65151, 0, 70.47694, 1, 1, 1, -25.65152, -100, 70.47696, 2, 2, 2, True
2.178043, -25.65151, 0, 70.47694, 1, 1, 1, -25.65152, -100, 70.47696, 2, 2, 2, True
2.182436, -25.65151, 0, 70.47694, 1, 1, 1, -25.65152, -100, 70.47696, 2, 2, 2, True
2.186039, -25.65151, 0, 70.47694, 1, 1, 1, -25.65152, -100, 70.47696, 2, 2, 2, True
2.190111, -25.65151, 0, 70.47694, 1, 1, 1, -25.65152, -100, 70.47696, 2, 2, 2, True
2.19397, -25.65151, 0, 70.47694, 1, 1, 1, -25.65152, -100, 70.47696, 2, 2, 2, True
2.198047, -25.65151, 0, 70.47694, 1, 1, 1, -25.65152, -100, 70.47696, 2, 2, 2, True
2.202043, -25.65151, 0, 70.47694, 1, 1, 1, -25.65152, -100, 70.47696, 2, 2, 2, True
2.206178, -25.65151, 0, 70.47694, 1, 1, 1, -25.65152, -100, 70.47696, 2, 2, 2, True
2.210028, -25.65151, 0, 70.47694, 1, 1, 1, -25.65152, -100, 70.47696, 2, 2, 2, True
2.21418, -25.65151, 0, 70.47694, 1, 1, 1, -25.65152, -100, 70.47696, 2, 2, 2, True
2.21801, -25.65151, 0, 70.47694, 1, 1, 1, -25.65152, -100, 70.47696, 2, 2, 2, True
2.2221, -25.65151, 0, 70.47694, 1, 1, 1, -25.65152, -100, 70.47696, 2, 2, 2, True
2.226062, -25.65151, 0, 70.47694, 1, 1, 1, -25.65152, -100, 70.47696, 2, 2, 2, True
2.230024, -25.65151, 0, 70.47694, 1, 1, 1, -25.65152, -100, 70.47696, 2, 2, 2, True
2.234048, -25.65151, 0, 70.47694, 1, 1, 1, -25.65152, -100, 70.47696, 2, 2, 2, True
2.242373, -25.65151, 0, 70.47694, 1, 1, 1, -25.65152, -100, 70.47696, 2, 2, 2, True
2.245934, -25.65151, 0, 70.47694, 1, 1, 1, -25.65152, -100, 70.47696, 2, 2, 2, True
2.250127, -25.65151, 0, 70.47694, 1, 1, 1, -25.65152, -100, 70.47696, 2, 2, 2, True
2.254041, -25.65151, 0, 70.47694, 1, 1, 1, -25.65152, -100, 70.47696, 2, 2, 2, True
2.257967, -25.65151, 0, 70.47694, 1, 1, 1, -25.65152, -100, 70.47696, 2, 2, 2, True
2.26202, -25.65151, 0, 70.47694, 1, 1, 1, -25.65152, -100, 70.47696, 2, 2, 2, True
2.266098, -25.65151, 0, 70.47694, 1, 1, 1, -25.65152, -100, 70.47696, 2, 2, 2, True
2.270667, -25.65151, 0, 70.47694, 1, 1, 1, -25.65152, -100, 70.47696, 2, 2, 2, True
2.27553, -25.65151, 0, 70.47694, 1, 1, 1, -25.65152, -100, 70.47696, 2, 2, 2, True
2.282977, -25.65151, 0, 70.47694, 1, 1, 1, -25.65152, -100, 70.47696, 2, 2, 2, True
2.290426, -25.65151, 0, 70.47694, 1, 1, 1, -25.65152, -100, 70.47696, 2, 2, 2, True
2.294255, -25.65151, 0, 70.47694, 1, 1, 1, -25.65152, -100, 70.47696, 2, 2, 2, True
2.298126, -25.65151, 0, 70.47694, 1, 1, 1, -25.65152, -100, 70.47696, 2, 2, 2, True
2.301989, -25.65151, 0, 70.47694, 1, 1, 1, -25.65152, -100, 70.47696, 2, 2, 2, True
2.306104, -25.65151, 0, 70.47694, 1, 1, 1, -25.65152, -100, 70.47696, 2, 2, 2, True
2.31001, -25.65151, 0, 70.47694, 1, 1, 1, -25.65152, -100, 70.47696, 2, 2, 2, True
2.313971, -25.65151, 0, 70.47694, 1, 1, 1, -25.65152, -100, 70.47696, 2, 2, 2, True
2.31807, -25.65151, 0, 70.47694, 1, 1, 1, -25.65152, -100, 70.47696, 2, 2, 2, True
2.322003, -25.65151, 0, 70.47694, 1, 1, 1, -25.65152, -100, 70.47696, 2, 2, 2, True
2.326137, -25.65151, 0, 70.47694, 1, 1, 1, -25.65152, -100, 70.47696, 2, 2, 2, True
2.330064, -25.65151, 0, 70.47694, 1, 1, 1, -25.65152, -100, 70.47696, 2, 2, 2, True
2.334082, -25.65151, 0, 70.47694, 1, 1, 1, -25.65152, -100, 70.47696, 2, 2, 2, True
2.338511, -25.65151, 0, 70.47694, 1, 1, 1, -25.65152, -100, 70.47696, 2, 2, 2, True
2.342507, -25.65151, 0, 70.47694, 1, 1, 1, -25.65152, -100, 70.47696, 2, 2, 2, True
2.347224, -25.65151, 0, 70.47694, 1, 1, 1, -25.65152, -100, 70.47696, 2, 2, 2, True
2.351678, -25.65151, 0, 70.47694, 1, 1, 1, -25.65152, -100, 70.47696, 2, 2, 2, True
2.358391, -25.65151, 0, 70.47694, 1, 1, 1, -25.65152, -100, 70.47696, 2, 2, 2, True
2.361916, -25.65151, 0, 70.47694, 1, 1, 1, -25.65152, -100, 70.47696, 2, 2, 2, True
2.366021, -25.65151, 0, 70.47694, 1, 1, 1, -25.65152, -100, 70.47696, 2, 2, 2, True
2.370057, -25.65151, 0, 70.47694, 1, 1, 1, -25.65152, -100, 70.47696, 2, 2, 2, True
2.374114, -25.65151, 0, 70.47694, 1, 1, 1, -25.65152, -100, 70.47696, 2, 2, 2, True
2.378417, -25.65151, 0, 70.47694, 1, 1, 1, -25.65152, -100, 70.47696, 2, 2, 2, True
2.382943, -25.65151, 0, 70.47694, 1, 1, 1, -25.65152, -100, 70.47696, 2, 2, 2, True
2.38745, -25.65151, 0, 70.47694, 1, 1, 1, -25.65152, -100, 70.47696, 2, 2, 2, True
2.393926, -25.65151, 0, 70.47694, 1, 1, 1, -25.65152, -100, 70.47696, 2, 2, 2, True
2.398074, -25.65151, 0, 70.47694, 1, 1, 1, -25.65152, -100, 70.47696, 2, 2, 2, True
2.401889, -25.65151, 0, 70.47694, 1, 1, 1, -25.65152, -100, 70.47696, 2, 2, 2, True
2.405929, -25.65151, 0, 70.47694, 1, 1, 1, -25.65152, -100, 70.47696, 2, 2, 2, True
2.409956, -25.65151, 0, 70.47694, 1, 1, 1, -25.65152, -100, 70.47696, 2, 2, 2, True
2.414322, -25.65151, 0, 70.47694, 1, 1, 1, -25.65152, -100, 70.47696, 2, 2, 2, True
2.418793, -25.65151, 0, 70.47694, 1, 1, 1, -25.65152, -100, 70.47696, 2, 2, 2, True
2.423268, -25.65151, 0, 70.47694, 1, 1, 1, -25.65152, -100, 70.47696, 2, 2, 2, True
2.430142, -25.65151, 0, 70.47694, 1, 1, 1, -25.65152, -100, 70.47696, 2, 2, 2, True
2.43391, -25.65151, 0, 70.47694, 1, 1, 1, -25.65152, -100, 70.47696, 2, 2, 2, True
2.438158, -25.65151, 0, 70.47694, 1, 1, 1, -25.65152, -100, 70.47696, 2, 2, 2, True
2.446183, -25.65151, 0, 70.47694, 1, 1, 1, -25.65152, -100, 70.47696, 2, 2, 2, True
2.450034, -25.65151, 0, 70.47694, 1, 1, 1, -25.65152, -100, 70.47696, 2, 2, 2, True
2.454188, -25.65151, 0, 70.47694, 1, 1, 1, -25.65152, -100, 70.47696, 2, 2, 2, True
2.457937, -25.65151, 0, 70.47694, 1, 1, 1, -25.65152, -100, 70.47696, 2, 2, 2, True
2.462034, -25.65151, 0, 70.47694, 1, 1, 1, -25.65152, -100, 70.47696, 2, 2, 2, True
2.466453, -25.65151, 0, 70.47694, 1, 1, 1, -25.65152, -100, 70.47696, 2, 2, 2, True
2.470996, -25.65151, 0, 70.47694, 1, 1, 1, -25.65152, -100, 70.47696, 2, 2, 2, True
2.475441, -25.65151, 0, 70.47694, 1, 1, 1, -25.65152, -100, 70.47696, 2, 2, 2, True
2.482975, -25.65151, 0, 70.47694, 1, 1, 1, -25.65152, -100, 70.47696, 2, 2, 2, True
2.490268, -25.65151, 0, 70.47694, 1, 1, 1, -25.65152, -100, 70.47696, 2, 2, 2, True
2.494135, -25.65151, 0, 70.47694, 1, 1, 1, -25.65152, -100, 70.47696, 2, 2, 2, True
2.498037, -25.65151, 0, 70.47694, 1, 1, 1, -25.65152, -100, 70.47696, 2, 2, 2, True
2.50198, -25.65151, 0, 70.47694, 1, 1, 1, -25.65152, -100, 70.47696, 2, 2, 2, True
2.505992, -25.65151, 0, 70.47694, 1, 1, 1, -25.65152, -100, 70.47696, 2, 2, 2, True
2.509833, -25.65151, 0, 70.47694, 1, 1, 1, -25.65152, -100, 70.47696, 2, 2, 2, True
2.514027, -25.65151, 0, 70.47694, 1, 1, 1, -25.65152, -100, 70.47696, 2, 2, 2, True
2.518017, -25.65151, 0, 70.47694, 1, 1, 1, -25.65152, -100, 70.47696, 2, 2, 2, True
2.522309, -25.65151, 0, 70.47694, 1, 1, 1, -25.65152, -100, 70.47696, 2, 2, 2, True
2.526135, -25.65151, 0, 70.47694, 1, 1, 1, -25.65152, -100, 70.47696, 2, 2, 2, True
2.530206, -25.65151, 0, 70.47694, 1, 1, 1, -25.65152, -100, 70.47696, 2, 2, 2, True
2.534816, -25.65151, 0, 70.47694, 1, 1, 1, -25.65152, -100, 70.47696, 2, 2, 2, True
2.53888, -25.65151, 0, 70.47694, 1, 1, 1, -25.65152, -100, 70.47696, 2, 2, 2, True
2.543353, -25.65151, 0, 70.47694, 1, 1, 1, -25.65152, -100, 70.47696, 2, 2, 2, True
2.547999, -25.65151, 0, 70.47694, 1, 1, 1, -25.65152, -100, 70.47696, 2, 2, 2, True
2.554344, -25.65151, 0, 70.47694, 1, 1, 1, -25.65152, -100, 70.47696, 2, 2, 2, True
2.558075, -25.65151, 0, 70.47694, 1, 1, 1, -25.65152, -100, 70.47696, 2, 2, 2, True
2.562146, -25.65151, 0, 70.47694, 1, 1, 1, -25.65152, -100, 70.47696, 2, 2, 2, True
2.566329, -25.65151, 0, 70.47694, 1, 1, 1, -25.65152, -100, 70.47696, 2, 2, 2, True
2.570849, -25.65151, 0, 70.47694, 1, 1, 1, -25.65152, -100, 70.47696, 2, 2, 2, True
2.575789, -25.65151, 0, 70.47694, 1, 1, 1, -25.65152, -100, 70.47696, 2, 2, 2, True
2.583001, -25.65151, 0, 70.47694, 1, 1, 1, -25.65152, -100, 70.47696, 2, 2, 2, True
2.590436, -25.65151, 0, 70.47694, 1, 1, 1, -25.65152, -100, 70.47696, 2, 2, 2, True
2.598366, -25.65151, 0, 70.47694, 1, 1, 1, -25.65152, -100, 70.47696, 2, 2, 2, True
2.601947, -25.65151, 0, 70.47694, 1, 1, 1, -25.65152, -100, 70.47696, 2, 2, 2, True
2.606065, -25.65151, 0, 70.47694, 1, 1, 1, -25.65152, -100, 70.47696, 2, 2, 2, True
2.610018, -25.65151, 0, 70.47694, 1, 1, 1, -25.65152, -100, 70.47696, 2, 2, 2, True
2.618171, -25.65151, 0, 70.47694, 1, 1, 1, -25.65152, -100, 70.47696, 2, 2, 2, True
2.63051, -25.65151, 0, 70.47694, 1, 1, 1, -25.65152, -100, 70.47696, 2, 2, 2, True
2.633898, -25.65151, 0, 70.47694, 1, 1, 1, -25.65152, -100, 70.47696, 2, 2, 2, True
2.638106, -25.65151, 0, 70.47694, 1, 1, 1, -25.65152, -100, 70.47696, 2, 2, 2, True
2.642144, -25.65151, 0, 70.47694, 1, 1, 1, -25.65152, -100, 70.47696, 2, 2, 2, True
2.650034, -25.65151, 0, 70.47694, 1, 1, 1, -25.65152, -100, 70.47696, 2, 2, 2, True
2.654067, -25.65151, 0, 70.47694, 1, 1, 1, -25.65152, -100, 70.47696, 2, 2, 2, True
2.657991, -25.65151, 0, 70.47694, 1, 1, 1, -25.65152, -100, 70.47696, 2, 2, 2, True
2.661907, -25.65151, 0, 70.47694, 1, 1, 1, -25.65152, -100, 70.47696, 2, 2, 2, True
2.666016, -25.65151, 0, 70.47694, 1, 1, 1, -25.65152, -100, 70.47696, 2, 2, 2, True
2.670081, -25.65151, 0, 70.47694, 1, 1, 1, -25.65152, -100, 70.47696, 2, 2, 2, True
2.674106, -25.65151, 0, 70.47694, 1, 1, 1, -25.65152, -100, 70.47696, 2, 2, 2, True
2.678059, -25.65151, 0, 70.47694, 1, 1, 1, -25.65152, -100, 70.47696, 2, 2, 2, True
2.682414, -25.65151, 0, 70.47694, 1, 1, 1, -25.65152, -100, 70.47696, 2, 2, 2, True
2.686034, -25.65151, 0, 70.47694, 1, 1, 1, -25.65152, -100, 70.47696, 2, 2, 2, True
2.690041, -25.65151, 0, 70.47694, 1, 1, 1, -25.65152, -100, 70.47696, 2, 2, 2, True
2.694027, -25.65151, 0, 70.47694, 1, 1, 1, -25.65152, -100, 70.47696, 2, 2, 2, True
2.698068, -25.65151, 0, 70.47694, 1, 1, 1, -25.65152, -100, 70.47696, 2, 2, 2, True
2.702124, -25.65151, 0, 70.47694, 1, 1, 1, -25.65152, -100, 70.47696, 2, 2, 2, True
2.706067, -25.65151, 0, 70.47694, 1, 1, 1, -25.65152, -100, 70.47696, 2, 2, 2, True
2.70996, -25.65151, 0, 70.47694, 1, 1, 1, -25.65152, -100, 70.47696, 2, 2, 2, True
2.71427, -25.65151, 0, 70.47694, 1, 1, 1, -25.65152, -100, 70.47696, 2, 2, 2, True
2.717884, -25.65151, 0, 70.47694, 1, 1, 1, -25.65152, -100, 70.47696, 2, 2, 2, True
2.722034, -25.65151, 0, 70.47694, 1, 1, 1, -25.65152, -100, 70.47696, 2, 2, 2, True
2.72611, -25.65151, 0, 70.47694, 1, 1, 1, -25.65152, -100, 70.47696, 2, 2, 2, True
2.729893, -25.65151, 0, 70.47694, 1, 1, 1, -25.65152, -100, 70.47696, 2, 2, 2, True
2.734073, -25.65151, 0, 70.47694, 1, 1, 1, -25.65152, -100, 70.47696, 2, 2, 2, True
2.738119, -25.65151, 0, 70.47694, 1, 1, 1, -25.65152, -100, 70.47696, 2, 2, 2, True
2.742234, -25.65151, 0, 70.47694, 1, 1, 1, -25.65152, -100, 70.47696, 2, 2, 2, True
2.746874, -25.65151, 0, 70.47694, 1, 1, 1, -25.65152, -100, 70.47696, 2, 2, 2, True
2.75136, -25.65151, 0, 70.47694, 1, 1, 1, -25.65152, -100, 70.47696, 2, 2, 2, True
2.758498, -25.65151, 0, 70.47694, 1, 1, 1, -25.65152, -100, 70.47696, 2, 2, 2, True
2.761884, -25.65151, 0, 70.47694, 1, 1, 1, -25.65152, -100, 70.47696, 2, 2, 2, True
2.765933, -25.65151, 0, 70.47694, 1, 1, 1, -25.65152, -100, 70.47696, 2, 2, 2, True
2.769979, -25.65151, 0, 70.47694, 1, 1, 1, -25.65152, -100, 70.47696, 2, 2, 2, True
2.774434, -25.65151, 0, 70.47694, 1, 1, 1, -25.65152, -100, 70.47696, 2, 2, 2, True
2.778982, -25.65151, 0, 70.47694, 1, 1, 1, -25.65152, -100, 70.47696, 2, 2, 2, True
2.783363, -25.65151, 0, 70.47694, 1, 1, 1, -25.65152, -100, 70.47696, 2, 2, 2, True
2.787532, -25.65151, 0, 70.47694, 1, 1, 1, -25.65152, -100, 70.47696, 2, 2, 2, True
2.7939, -25.65151, 0, 70.47694, 1, 1, 1, -25.65152, -100, 70.47696, 2, 2, 2, True
2.798025, -25.65151, 0, 70.47694, 1, 1, 1, -25.65152, -100, 70.47696, 2, 2, 2, True
2.802077, -25.65151, 0, 70.47694, 1, 1, 1, -25.65152, -100, 70.47696, 2, 2, 2, True
2.806055, -25.65151, 0, 70.47694, 1, 1, 1, -25.65152, -100, 70.47696, 2, 2, 2, True
2.810067, -25.65151, 0, 70.47694, 1, 1, 1, -25.65152, -100, 70.47696, 2, 2, 2, True
2.814313, -25.65151, 0, 70.47694, 1, 1, 1, -25.65152, -100, 70.47696, 2, 2, 2, True
2.818775, -25.65151, 0, 70.47694, 1, 1, 1, -25.65152, -100, 70.47696, 2, 2, 2, True
2.823293, -25.65151, 0, 70.47694, 1, 1, 1, -25.65152, -100, 70.47696, 2, 2, 2, True
2.830246, -25.65151, 0, 70.47694, 1, 1, 1, -25.65152, -100, 70.47696, 2, 2, 2, True
2.833947, -25.65151, 0, 70.47694, 1, 1, 1, -25.65152, -100, 70.47696, 2, 2, 2, True
2.838112, -25.65151, 0, 70.47694, 1, 1, 1, -25.65152, -100, 70.47696, 2, 2, 2, True
2.842086, -25.65151, 0, 70.47694, 1, 1, 1, -25.65152, -100, 70.47696, 2, 2, 2, True
2.845966, -25.65151, 0, 70.47694, 1, 1, 1, -25.65152, -100, 70.47696, 2, 2, 2, True
2.851292, -25.65151, 0, 70.47694, 1, 1, 1, -25.65152, -100, 70.47696, 2, 2, 2, True
2.855064, -25.65151, 0, 70.47694, 1, 1, 1, -25.65152, -100, 70.47696, 2, 2, 2, True
2.859221, -25.65151, 0, 70.47694, 1, 1, 1, -25.65152, -100, 70.47696, 2, 2, 2, True
2.866351, -25.65151, 0, 70.47694, 1, 1, 1, -25.65152, -100, 70.47696, 2, 2, 2, True
2.870686, -25.65151, 0, 70.47694, 1, 1, 1, -25.65152, -100, 70.47696, 2, 2, 2, True
2.874837, -25.65151, 0, 70.47694, 1, 1, 1, -25.65152, -100, 70.47696, 2, 2, 2, True
2.87932, -25.65151, 0, 70.47694, 1, 1, 1, -25.65152, -100, 70.47696, 2, 2, 2, True
2.886494, -25.65151, 0, 70.47694, 1, 1, 1, -25.65152, -100, 70.47696, 2, 2, 2, True
2.890048, -25.65151, 0, 70.47694, 1, 1, 1, -25.65152, -100, 70.47696, 2, 2, 2, True
2.894124, -25.65151, 0, 70.47694, 1, 1, 1, -25.65152, -100, 70.47696, 2, 2, 2, True
2.898201, -25.65151, 0, 70.47694, 1, 1, 1, -25.65152, -100, 70.47696, 2, 2, 2, True
2.902293, -25.65151, 0, 70.47694, 1, 1, 1, -25.65152, -100, 70.47696, 2, 2, 2, True
2.906791, -25.65151, 0, 70.47694, 1, 1, 1, -25.65152, -100, 70.47696, 2, 2, 2, True
2.912049, -25.65151, 0, 70.47694, 1, 1, 1, -25.65152, -100, 70.47696, 2, 2, 2, True
2.918257, -25.65151, 0, 70.47694, 1, 1, 1, -25.65152, -100, 70.47696, 2, 2, 2, True
2.921944, -25.65151, 0, 70.47694, 1, 1, 1, -25.65152, -100, 70.47696, 2, 2, 2, True
2.926014, -25.65151, 0, 70.47694, 1, 1, 1, -25.65152, -100, 70.47696, 2, 2, 2, True
2.929987, -25.65151, 0, 70.47694, 1, 1, 1, -25.65152, -100, 70.47696, 2, 2, 2, True
2.934511, -25.65151, 0, 70.47694, 1, 1, 1, -25.65152, -100, 70.47696, 2, 2, 2, True
2.938495, -25.65151, 0, 70.47694, 1, 1, 1, -25.65152, -100, 70.47696, 2, 2, 2, True
2.94361, -25.65151, 0, 70.47694, 1, 1, 1, -25.65152, -100, 70.47696, 2, 2, 2, True
2.950086, -25.65151, 0, 70.47694, 1, 1, 1, -25.65152, -100, 70.47696, 2, 2, 2, True
2.953915, -25.65151, 0, 70.47694, 1, 1, 1, -25.65152, -100, 70.47696, 2, 2, 2, True
2.958115, -25.65151, 0, 70.47694, 1, 1, 1, -25.65152, -100, 70.47696, 2, 2, 2, True
2.961975, -25.65151, 0, 70.47694, 1, 1, 1, -25.65152, -100, 70.47696, 2, 2, 2, True
2.966081, -25.65151, 0, 70.47694, 1, 1, 1, -25.65152, -100, 70.47696, 2, 2, 2, True
2.970262, -25.65151, 0, 70.47694, 1, 1, 1, -25.65152, -100, 70.47696, 2, 2, 2, True
2.975239, -25.65151, 0, 70.47694, 1, 1, 1, -25.65152, -100, 70.47696, 2, 2, 2, True
2.983153, -25.65151, 0, 70.47694, 1, 1, 1, -25.65152, -100, 70.47696, 2, 2, 2, True
2.990551, -25.65151, 0, 70.47694, 1, 1, 1, -25.65152, -100, 70.47696, 2, 2, 2, True
2.998153, -25.65151, 0, 70.47694, 1, 1, 1, -25.65152, -100, 70.47696, 2, 2, 2, True
3.002178, -25.65151, 0, 70.47694, 1, 1, 1, -25.65152, -100, 70.47696, 2, 2, 2, True
3.006099, -25.65151, 0, 70.47694, 1, 1, 1, -25.65152, -100, 70.47696, 2, 2, 2, True
3.010018, -25.65151, 0, 70.47694, 1, 1, 1, -25.65152, -100, 70.47696, 2, 2, 2, True
3.014031, -25.65151, 0, 70.47694, 1, 1, 1, -25.65152, -100, 70.47696, 2, 2, 2, True
3.0179, -25.65151, 0, 70.47694, 1, 1, 1, -25.65152, -100, 70.47696, 2, 2, 2, True
3.02207, -25.65151, 0, 70.47694, 1, 1, 1, -25.65152, -100, 70.47696, 2, 2, 2, True
3.026083, -25.65151, 0, 70.47694, 1, 1, 1, -25.65152, -100, 70.47696, 2, 2, 2, True
3.030007, -25.65151, 0, 70.47694, 1, 1, 1, -25.65152, -100, 70.47696, 2, 2, 2, True
3.034067, -25.65151, 0, 70.47694, 1, 1, 1, -25.65152, -100, 70.47696, 2, 2, 2, True
3.038151, -25.65151, 0, 70.47694, 1, 1, 1, -25.65152, -100, 70.47696, 2, 2, 2, True
3.042197, -25.65151, 0, 70.47694, 1, 1, 1, -25.65152, -100, 70.47696, 2, 2, 2, True
3.046001, -25.65151, 0, 70.47694, 1, 1, 1, -25.65152, -100, 70.47696, 2, 2, 2, True
3.050004, -25.65151, 0, 70.47694, 1, 1, 1, -25.65152, -100, 70.47696, 2, 2, 2, True
3.054063, -25.65151, 0, 70.47694, 1, 1, 1, -25.65152, -100, 70.47696, 2, 2, 2, True
3.057953, -25.65151, 0, 70.47694, 1, 1, 1, -25.65152, -100, 70.47696, 2, 2, 2, True
3.061994, -25.65151, 0, 70.47694, 1, 1, 1, -25.65152, -100, 70.47696, 2, 2, 2, True
3.066393, -25.65151, 0, 70.47694, 1, 1, 1, -25.65152, -100, 70.47696, 2, 2, 2, True
3.071295, -25.65151, 0, 70.47694, 1, 1, 1, -25.65152, -100, 70.47696, 2, 2, 2, True
3.078492, -25.65151, 0, 70.47694, 1, 1, 1, -25.65152, -100, 70.47696, 2, 2, 2, True
3.082085, -25.65151, 0, 70.47694, 1, 1, 1, -25.65152, -100, 70.47696, 2, 2, 2, True
3.086034, -25.65151, 0, 70.47694, 1, 1, 1, -25.65152, -100, 70.47696, 2, 2, 2, True
3.089988, -25.65151, 0, 70.47694, 1, 1, 1, -25.65152, -100, 70.47696, 2, 2, 2, True
3.094021, -25.65151, 0, 70.47694, 1, 1, 1, -25.65152, -100, 70.47696, 2, 2, 2, True
3.098695, -25.65151, 0, 70.47694, 1, 1, 1, -25.65152, -100, 70.47696, 2, 2, 2, True
3.10318, -25.65151, 0, 70.47694, 1, 1, 1, -25.65152, -100, 70.47696, 2, 2, 2, True
3.107651, -25.65151, 0, 70.47694, 1, 1, 1, -25.65152, -100, 70.47696, 2, 2, 2, True
3.114358, -25.65151, 0, 70.47694, 1, 1, 1, -25.65152, -100, 70.47696, 2, 2, 2, True
3.11801, -25.65151, 0, 70.47694, 1, 1, 1, -25.65152, -100, 70.47696, 2, 2, 2, True
3.122081, -25.65151, 0, 70.47694, 1, 1, 1, -25.65152, -100, 70.47696, 2, 2, 2, True
3.126063, -25.65151, 0, 70.47694, 1, 1, 1, -25.65152, -100, 70.47696, 2, 2, 2, True
3.130466, -25.65151, 0, 70.47694, 1, 1, 1, -25.65152, -100, 70.47696, 2, 2, 2, True
3.134615, -25.65151, 0, 70.47694, 1, 1, 1, -25.65152, -100, 70.47696, 2, 2, 2, True
3.139086, -25.65151, 0, 70.47694, 1, 1, 1, -25.65152, -100, 70.47696, 2, 2, 2, True
3.145929, -25.65151, 0, 70.47694, 1, 1, 1, -25.65152, -100, 70.47696, 2, 2, 2, True
3.154152, -25.65151, 0, 70.47694, 1, 1, 1, -25.65152, -100, 70.47696, 2, 2, 2, True
3.15809, -25.65151, 0, 70.47694, 1, 1, 1, -25.65152, -100, 70.47696, 2, 2, 2, True
3.162075, -25.65151, 0, 70.47694, 1, 1, 1, -25.65152, -100, 70.47696, 2, 2, 2, True
3.165975, -25.65151, 0, 70.47694, 1, 1, 1, -25.65152, -100, 70.47696, 2, 2, 2, True
3.170094, -25.65151, 0, 70.47694, 1, 1, 1, -25.65152, -100, 70.47696, 2, 2, 2, True
3.173929, -25.65151, 0, 70.47694, 1, 1, 1, -25.65152, -100, 70.47696, 2, 2, 2, True
3.177922, -25.65151, 0, 70.47694, 1, 1, 1, -25.65152, -100, 70.47696, 2, 2, 2, True
3.182392, -25.65151, 0, 70.47694, 1, 1, 1, -25.65152, -100, 70.47696, 2, 2, 2, True
3.185959, -25.65151, 0, 70.47694, 1, 1, 1, -25.65152, -100, 70.47696, 2, 2, 2, True
3.190071, -25.65151, 0, 70.47694, 1, 1, 1, -25.65152, -100, 70.47696, 2, 2, 2, True
3.208435, -25.65151, 0, 70.47694, 1, 1, 1, -25.65152, -100, 70.47696, 2, 2, 2, True
3.214357, -25.65151, 0, 70.47694, 1, 1, 1, -25.65152, -100, 70.47696, 2, 2, 2, True
3.217942, -25.65151, 0, 70.47694, 1, 1, 1, -25.65152, -100, 70.47696, 2, 2, 2, True
3.222064, -25.65151, 0, 70.47694, 1, 1, 1, -25.65152, -100, 70.47696, 2, 2, 2, True
3.226035, -25.65151, 0, 70.47694, 1, 1, 1, -25.65152, -100, 70.47696, 2, 2, 2, True
3.230017, -25.65151, 0, 70.47694, 1, 1, 1, -25.65152, -100, 70.47696, 2, 2, 2, True
3.233937, -25.65151, 0, 70.47694, 1, 1, 1, -25.65152, -100, 70.47696, 2, 2, 2, True
3.238175, -25.65151, 0, 70.47694, 1, 1, 1, -25.65152, -100, 70.47696, 2, 2, 2, True
3.242091, -25.65151, 0, 70.47694, 1, 1, 1, -25.65152, -100, 70.47696, 2, 2, 2, True
3.246066, -25.65151, 0, 70.47694, 1, 1, 1, -25.65152, -100, 70.47696, 2, 2, 2, True
3.254482, -25.65151, 0, 70.47694, 1, 1, 1, -25.65152, -100, 70.47696, 2, 2, 2, True
3.25791, -25.65151, 0, 70.47694, 1, 1, 1, -25.65152, -100, 70.47696, 2, 2, 2, True
3.26207, -25.65151, 0, 70.47694, 1, 1, 1, -25.65152, -100, 70.47696, 2, 2, 2, True
3.266084, -25.65151, 0, 70.47694, 1, 1, 1, -25.65152, -100, 70.47696, 2, 2, 2, True
3.269962, -25.65151, 0, 70.47694, 1, 1, 1, -25.65152, -100, 70.47696, 2, 2, 2, True
3.273918, -25.65151, 0, 70.47694, 1, 1, 1, -25.65152, -100, 70.47696, 2, 2, 2, True
3.278078, -25.65151, 0, 70.47694, 1, 1, 1, -25.65152, -100, 70.47696, 2, 2, 2, True
3.28223, -25.65151, 0, 70.47694, 1, 1, 1, -25.65152, -100, 70.47696, 2, 2, 2, True
3.285911, -25.65151, 0, 70.47694, 1, 1, 1, -25.65152, -100, 70.47696, 2, 2, 2, True
3.289974, -25.65151, 0, 70.47694, 1, 1, 1, -25.65152, -100, 70.47696, 2, 2, 2, True
3.294038, -25.65151, 0, 70.47694, 1, 1, 1, -25.65152, -100, 70.47696, 2, 2, 2, True
3.298138, -25.65151, 0, 70.47694, 1, 1, 1, -25.65152, -100, 70.47696, 2, 2, 2, True
3.30205, -25.65151, 0, 70.47694, 1, 1, 1, -25.65152, -100, 70.47696, 2, 2, 2, True
3.305953, -25.65151, 0, 70.47694, 1, 1, 1, -25.65152, -100, 70.47696, 2, 2, 2, True
3.309959, -25.65151, 0, 70.47694, 1, 1, 1, -25.65152, -100, 70.47696, 2, 2, 2, True
3.314011, -25.65151, 0, 70.47694, 1, 1, 1, -25.65152, -100, 70.47696, 2, 2, 2, True
3.318155, -25.65151, 0, 70.47694, 1, 1, 1, -25.65152, -100, 70.47696, 2, 2, 2, True
3.321908, -25.65151, 0, 70.47694, 1, 1, 1, -25.65152, -100, 70.47696, 2, 2, 2, True
3.326293, -25.65151, 0, 70.47694, 1, 1, 1, -25.65152, -100, 70.47696, 2, 2, 2, True
3.330572, -25.65151, 0, 70.47694, 1, 1, 1, -25.65152, -100, 70.47696, 2, 2, 2, True
3.335061, -25.65151, 0, 70.47694, 1, 1, 1, -25.65152, -100, 70.47696, 2, 2, 2, True
3.339509, -25.65151, 0, 70.47694, 1, 1, 1, -25.65152, -100, 70.47696, 2, 2, 2, True
3.346389, -25.65151, 0, 70.47694, 1, 1, 1, -25.65152, -100, 70.47696, 2, 2, 2, True
3.349923, -25.65151, 0, 70.47694, 1, 1, 1, -25.65152, -100, 70.47696, 2, 2, 2, True
3.35403, -25.65151, 0, 70.47694, 1, 1, 1, -25.65152, -100, 70.47696, 2, 2, 2, True
3.357971, -25.65151, 0, 70.47694, 1, 1, 1, -25.65152, -100, 70.47696, 2, 2, 2, True
3.36247, -25.65151, 0, 70.47694, 1, 1, 1, -25.65152, -100, 70.47696, 2, 2, 2, True
3.366605, -25.65151, 0, 70.47694, 1, 1, 1, -25.65152, -100, 70.47696, 2, 2, 2, True
3.371133, -25.65151, 0, 70.47694, 1, 1, 1, -25.65152, -100, 70.47696, 2, 2, 2, True
3.376014, -25.65151, 0, 70.47694, 1, 1, 1, -25.65152, -100, 70.47696, 2, 2, 2, True
3.382986, -25.65151, 0, 70.47694, 1, 1, 1, -25.65152, -100, 70.47696, 2, 2, 2, True
3.390276, -25.65151, 0, 70.47694, 1, 1, 1, -25.65152, -100, 70.47696, 2, 2, 2, True
3.394214, -25.65151, 0, 70.47694, 1, 1, 1, -25.65152, -100, 70.47696, 2, 2, 2, True
3.39812, -25.65151, 0, 70.47694, 1, 1, 1, -25.65152, -100, 70.47696, 2, 2, 2, True
3.40207, -25.65151, 0, 70.47694, 1, 1, 1, -25.65152, -100, 70.47696, 2, 2, 2, True
3.406073, -25.65151, 0, 70.47694, 1, 1, 1, -25.65152, -100, 70.47696, 2, 2, 2, True
3.409934, -25.65151, 0, 70.47694, 1, 1, 1, -25.65152, -100, 70.47696, 2, 2, 2, True
3.414052, -25.65151, 0, 70.47694, 1, 1, 1, -25.65152, -100, 70.47696, 2, 2, 2, True
3.417961, -25.65151, 0, 70.47694, 1, 1, 1, -25.65152, -100, 70.47696, 2, 2, 2, True
3.422001, -25.65151, 0, 70.47694, 1, 1, 1, -25.65152, -100, 70.47696, 2, 2, 2, True
3.426188, -25.65151, 0, 70.47694, 1, 1, 1, -25.65152, -100, 70.47696, 2, 2, 2, True
3.430135, -25.65151, 0, 70.47694, 1, 1, 1, -25.65152, -100, 70.47696, 2, 2, 2, True
3.43427, -25.65151, 0, 70.47694, 1, 1, 1, -25.65152, -100, 70.47696, 2, 2, 2, True
3.438422, -25.65151, 0, 70.47694, 1, 1, 1, -25.65152, -100, 70.47696, 2, 2, 2, True
3.4427, -25.65151, 0, 70.47694, 1, 1, 1, -25.65152, -100, 70.47696, 2, 2, 2, True
3.447364, -25.65151, 0, 70.47694, 1, 1, 1, -25.65152, -100, 70.47696, 2, 2, 2, True
3.45454, -25.65151, 0, 70.47694, 1, 1, 1, -25.65152, -100, 70.47696, 2, 2, 2, True
3.462314, -25.65151, 0, 70.47694, 1, 1, 1, -25.65152, -100, 70.47696, 2, 2, 2, True
3.466019, -25.65151, 0, 70.47694, 1, 1, 1, -25.65152, -100, 70.47696, 2, 2, 2, True
3.470222, -25.65151, 0, 70.47694, 1, 1, 1, -25.65152, -100, 70.47696, 2, 2, 2, True
3.473959, -25.65151, 0, 70.47694, 1, 1, 1, -25.65152, -100, 70.47696, 2, 2, 2, True
3.477986, -25.65151, 0, 70.47694, 1, 1, 1, -25.65152, -100, 70.47696, 2, 2, 2, True
3.482126, -25.65151, 0, 70.47694, 1, 1, 1, -25.65152, -100, 70.47696, 2, 2, 2, True
3.486123, -25.65151, 0, 70.47694, 1, 1, 1, -25.65152, -100, 70.47696, 2, 2, 2, True
3.490292, -25.65151, 0, 70.47694, 1, 1, 1, -25.65152, -100, 70.47696, 2, 2, 2, True
3.495317, -25.65151, 0, 70.47694, 1, 1, 1, -25.65152, -100, 70.47696, 2, 2, 2, True
3.499446, -25.65151, 0, 70.47694, 1, 1, 1, -25.65152, -100, 70.47696, 2, 2, 2, True
3.506377, -25.65151, 0, 70.47694, 1, 1, 1, -25.65152, -100, 70.47696, 2, 2, 2, True
3.509901, -25.65151, 0, 70.47694, 1, 1, 1, -25.65152, -100, 70.47696, 2, 2, 2, True
3.51412, -25.65151, 0, 70.47694, 1, 1, 1, -25.65152, -100, 70.47696, 2, 2, 2, True
3.518098, -25.65151, 0, 70.47694, 1, 1, 1, -25.65152, -100, 70.47696, 2, 2, 2, True
3.522068, -25.65151, 0, 70.47694, 1, 1, 1, -25.65152, -100, 70.47696, 2, 2, 2, True
3.526863, -25.65151, 0, 70.47694, 1, 1, 1, -25.65152, -100, 70.47696, 2, 2, 2, True
3.530948, -25.65151, 0, 70.47694, 1, 1, 1, -25.65152, -100, 70.47696, 2, 2, 2, True
3.535447, -25.65151, 0, 70.47694, 1, 1, 1, -25.65152, -100, 70.47696, 2, 2, 2, True
3.539627, -25.65151, 0, 70.47694, 1, 1, 1, -25.65152, -100, 70.47696, 2, 2, 2, True
3.546158, -25.65151, 0, 70.47694, 1, 1, 1, -25.65152, -100, 70.47696, 2, 2, 2, True
3.549965, -25.65151, 0, 70.47694, 1, 1, 1, -25.65152, -100, 70.47696, 2, 2, 2, True
3.554138, -25.65151, 0, 70.47694, 1, 1, 1, -25.65152, -100, 70.47696, 2, 2, 2, True
3.558068, -25.65151, 0, 70.47694, 1, 1, 1, -25.65152, -100, 70.47696, 2, 2, 2, True
3.56214, -25.65151, 0, 70.47694, 1, 1, 1, -25.65152, -100, 70.47696, 2, 2, 2, True
3.566689, -25.65151, 0, 70.47694, 1, 1, 1, -25.65152, -100, 70.47696, 2, 2, 2, True
3.57119, -25.65151, 0, 70.47694, 1, 1, 1, -25.65152, -100, 70.47696, 2, 2, 2, True
3.575688, -25.65151, 0, 70.47694, 1, 1, 1, -25.65152, -100, 70.47696, 2, 2, 2, True
3.582949, -25.65151, 0, 70.47694, 1, 1, 1, -25.65152, -100, 70.47696, 2, 2, 2, True
3.590336, -25.65151, 0, 70.47694, 1, 1, 1, -25.65152, -100, 70.47696, 2, 2, 2, True
3.594468, -25.65151, 0, 70.47694, 1, 1, 1, -25.65152, -100, 70.47696, 2, 2, 2, True
3.598095, -25.65151, 0, 70.47694, 1, 1, 1, -25.65152, -100, 70.47696, 2, 2, 2, True
3.602031, -25.65151, 0, 70.47694, 1, 1, 1, -25.65152, -100, 70.47696, 2, 2, 2, True
3.60613, -25.65151, 0, 70.47694, 1, 1, 1, -25.65152, -100, 70.47696, 2, 2, 2, True
3.610042, -25.65151, 0, 70.47694, 1, 1, 1, -25.65152, -100, 70.47696, 2, 2, 2, True
3.613907, -25.65151, 0, 70.47694, 1, 1, 1, -25.65152, -100, 70.47696, 2, 2, 2, True
3.617989, -25.65151, 0, 70.47694, 1, 1, 1, -25.65152, -100, 70.47696, 2, 2, 2, True
3.621971, -25.65151, 0, 70.47694, 1, 1, 1, -25.65152, -100, 70.47696, 2, 2, 2, True
3.626098, -25.65151, 0, 70.47694, 1, 1, 1, -25.65152, -100, 70.47696, 2, 2, 2, True
3.630012, -25.65151, 0, 70.47694, 1, 1, 1, -25.65152, -100, 70.47696, 2, 2, 2, True
3.63421, -25.65151, 0, 70.47694, 1, 1, 1, -25.65152, -100, 70.47696, 2, 2, 2, True
3.638358, -25.65151, 0, 70.47694, 1, 1, 1, -25.65152, -100, 70.47696, 2, 2, 2, True
3.64334, -25.65151, 0, 70.47694, 1, 1, 1, -25.65152, -100, 70.47696, 2, 2, 2, True
3.647322, -25.65151, 0, 70.47694, 1, 1, 1, -25.65152, -100, 70.47696, 2, 2, 2, True
3.651756, -25.65151, 0, 70.47694, 1, 1, 1, -25.65152, -100, 70.47696, 2, 2, 2, True
3.658332, -25.65151, 0, 70.47694, 1, 1, 1, -25.65152, -100, 70.47696, 2, 2, 2, True
3.665977, -25.65151, 0, 70.47694, 1, 1, 1, -25.65152, -100, 70.47696, 2, 2, 2, True
3.670005, -25.65151, 0, 70.47694, 1, 1, 1, -25.65152, -100, 70.47696, 2, 2, 2, True
3.674113, -25.65151, 0, 70.47694, 1, 1, 1, -25.65152, -100, 70.47696, 2, 2, 2, True
3.682193, -25.65151, 0, 70.47694, 1, 1, 1, -25.65152, -100, 70.47696, 2, 2, 2, True
3.694038, -25.65151, 0, 70.47694, 1, 1, 1, -25.65152, -100, 70.47696, 2, 2, 2, True
3.697971, -25.65151, 0, 70.47694, 1, 1, 1, -25.65152, -100, 70.47696, 2, 2, 2, True
3.702011, -25.65151, 0, 70.47694, 1, 1, 1, -25.65152, -100, 70.47696, 2, 2, 2, True
3.706028, -25.65151, 0, 70.47694, 1, 1, 1, -25.65152, -100, 70.47696, 2, 2, 2, True
3.70998, -25.65151, 0, 70.47694, 1, 1, 1, -25.65152, -100, 70.47696, 2, 2, 2, True
3.714035, -25.65151, 0, 70.47694, 1, 1, 1, -25.65152, -100, 70.47696, 2, 2, 2, True
3.718154, -25.65151, 0, 70.47694, 1, 1, 1, -25.65152, -100, 70.47696, 2, 2, 2, True
3.722046, -25.65151, 0, 70.47694, 1, 1, 1, -25.65152, -100, 70.47696, 2, 2, 2, True
3.726146, -25.65151, 0, 70.47694, 1, 1, 1, -25.65152, -100, 70.47696, 2, 2, 2, True
3.729946, -25.65151, 0, 70.47694, 1, 1, 1, -25.65152, -100, 70.47696, 2, 2, 2, True
3.734043, -25.65151, 0, 70.47694, 1, 1, 1, -25.65152, -100, 70.47696, 2, 2, 2, True
3.737982, -25.65151, 0, 70.47694, 1, 1, 1, -25.65152, -100, 70.47696, 2, 2, 2, True
3.742064, -25.65151, 0, 70.47694, 1, 1, 1, -25.65152, -100, 70.47696, 2, 2, 2, True
3.745994, -25.65151, 0, 70.47694, 1, 1, 1, -25.65152, -100, 70.47696, 2, 2, 2, True
3.750022, -25.65151, 0, 70.47694, 1, 1, 1, -25.65152, -100, 70.47696, 2, 2, 2, True
3.754228, -25.65151, 0, 70.47694, 1, 1, 1, -25.65152, -100, 70.47696, 2, 2, 2, True
3.758024, -25.65151, 0, 70.47694, 1, 1, 1, -25.65152, -100, 70.47696, 2, 2, 2, True
3.76207, -25.65151, 0, 70.47694, 1, 1, 1, -25.65152, -100, 70.47696, 2, 2, 2, True
3.766059, -25.65151, 0, 70.47694, 1, 1, 1, -25.65152, -100, 70.47696, 2, 2, 2, True
3.770007, -25.65151, 0, 70.47694, 1, 1, 1, -25.65152, -100, 70.47696, 2, 2, 2, True
3.774017, -25.65151, 0, 70.47694, 1, 1, 1, -25.65152, -100, 70.47696, 2, 2, 2, True
3.778053, -25.65151, 0, 70.47694, 1, 1, 1, -25.65152, -100, 70.47696, 2, 2, 2, True
3.782307, -25.65151, 0, 70.47694, 1, 1, 1, -25.65152, -100, 70.47696, 2, 2, 2, True
3.785969, -25.65151, 0, 70.47694, 1, 1, 1, -25.65152, -100, 70.47696, 2, 2, 2, True
3.78998, -25.65151, 0, 70.47694, 1, 1, 1, -25.65152, -100, 70.47696, 2, 2, 2, True
3.794367, -25.65151, 0, 70.47694, 1, 1, 1, -25.65152, -100, 70.47696, 2, 2, 2, True
3.798515, -25.65151, 0, 70.47694, 1, 1, 1, -25.65152, -100, 70.47696, 2, 2, 2, True
3.803002, -25.65151, 0, 70.47694, 1, 1, 1, -25.65152, -100, 70.47696, 2, 2, 2, True
3.807261, -25.65151, 0, 70.47694, 1, 1, 1, -25.65152, -100, 70.47696, 2, 2, 2, True
3.81167, -25.65151, 0, 70.47694, 1, 1, 1, -25.65152, -100, 70.47696, 2, 2, 2, True
3.818236, -25.65151, 0, 70.47694, 1, 1, 1, -25.65152, -100, 70.47696, 2, 2, 2, True
3.822052, -25.65151, 0, 70.47694, 1, 1, 1, -25.65152, -100, 70.47696, 2, 2, 2, True
3.826189, -25.65151, 0, 70.47694, 1, 1, 1, -25.65152, -100, 70.47696, 2, 2, 2, True
3.83032, -25.65151, 0, 70.47694, 1, 1, 1, -25.65152, -100, 70.47696, 2, 2, 2, True
3.834485, -25.65151, 0, 70.47694, 1, 1, 1, -25.65152, -100, 70.47696, 2, 2, 2, True
3.838971, -25.65151, 0, 70.47694, 1, 1, 1, -25.65152, -100, 70.47696, 2, 2, 2, True
3.843991, -25.65151, 0, 70.47694, 1, 1, 1, -25.65152, -100, 70.47696, 2, 2, 2, True
3.850145, -25.65151, 0, 70.47694, 1, 1, 1, -25.65152, -100, 70.47696, 2, 2, 2, True
3.854072, -25.65151, 0, 70.47694, 1, 1, 1, -25.65152, -100, 70.47696, 2, 2, 2, True
3.858087, -25.65151, 0, 70.47694, 1, 1, 1, -25.65152, -100, 70.47696, 2, 2, 2, True
3.862106, -25.65151, 0, 70.47694, 1, 1, 1, -25.65152, -100, 70.47696, 2, 2, 2, True
3.870538, -25.65151, 0, 70.47694, 1, 1, 1, -25.65152, -100, 70.47696, 2, 2, 2, True
3.874046, -25.65151, 0, 70.47694, 1, 1, 1, -25.65152, -100, 70.47696, 2, 2, 2, True
3.877893, -25.65151, 0, 70.47694, 1, 1, 1, -25.65152, -100, 70.47696, 2, 2, 2, True
3.882916, -25.65151, 0, 70.47694, 1, 1, 1, -25.65152, -100, 70.47696, 2, 2, 2, True
3.886565, -25.65151, 0, 70.47694, 1, 1, 1, -25.65152, -100, 70.47696, 2, 2, 2, True
3.890693, -25.65151, 0, 70.47694, 1, 1, 1, -25.65152, -100, 70.47696, 2, 2, 2, True
3.895583, -25.65151, 0, 70.47694, 1, 1, 1, -25.65152, -100, 70.47696, 2, 2, 2, True
3.902394, -25.65151, 0, 70.47694, 1, 1, 1, -25.65152, -100, 70.47696, 2, 2, 2, True
3.90587, -25.65151, 0, 70.47694, 1, 1, 1, -25.65152, -100, 70.47696, 2, 2, 2, True
3.910192, -25.65151, 0, 70.47694, 1, 1, 1, -25.65152, -100, 70.47696, 2, 2, 2, True
3.914098, -25.65151, 0, 70.47694, 1, 1, 1, -25.65152, -100, 70.47696, 2, 2, 2, True
3.91824, -25.65151, 0, 70.47694, 1, 1, 1, -25.65152, -100, 70.47696, 2, 2, 2, True
3.922673, -25.65151, 0, 70.47694, 1, 1, 1, -25.65152, -100, 70.47696, 2, 2, 2, True
3.92789, -25.65151, 0, 70.47694, 1, 1, 1, -25.65152, -100, 70.47696, 2, 2, 2, True
3.934146, -25.65151, 0, 70.47694, 1, 1, 1, -25.65152, -100, 70.47696, 2, 2, 2, True
3.937944, -25.65151, 0, 70.47694, 1, 1, 1, -25.65152, -100, 70.47696, 2, 2, 2, True
3.942229, -25.65151, 0, 70.47694, 1, 1, 1, -25.65152, -100, 70.47696, 2, 2, 2, True
3.94611, -25.65151, 0, 70.47694, 1, 1, 1, -25.65152, -100, 70.47696, 2, 2, 2, True
3.950137, -25.65151, 0, 70.47694, 1, 1, 1, -25.65152, -100, 70.47696, 2, 2, 2, True
3.954627, -25.65151, 0, 70.47694, 1, 1, 1, -25.65152, -100, 70.47696, 2, 2, 2, True
3.959535, -25.65151, 0, 70.47694, 1, 1, 1, -25.65152, -100, 70.47696, 2, 2, 2, True
3.965953, -25.65151, 0, 70.47694, 1, 1, 1, -25.65152, -100, 70.47696, 2, 2, 2, True
3.970016, -25.65151, 0, 70.47694, 1, 1, 1, -25.65152, -100, 70.47696, 2, 2, 2, True
3.974057, -25.65151, 0, 70.47694, 1, 1, 1, -25.65152, -100, 70.47696, 2, 2, 2, True
3.978045, -25.65151, 0, 70.47694, 1, 1, 1, -25.65152, -100, 70.47696, 2, 2, 2, True
3.982382, -25.65151, 0, 70.47694, 1, 1, 1, -25.65152, -100, 70.47696, 2, 2, 2, True
3.98632, -25.65151, 0, 70.47694, 1, 1, 1, -25.65152, -100, 70.47696, 2, 2, 2, True
3.990795, -25.65151, 0, 70.47694, 1, 1, 1, -25.65152, -100, 70.47696, 2, 2, 2, True
3.995644, -25.65151, 0, 70.47694, 1, 1, 1, -25.65152, -100, 70.47696, 2, 2, 2, True
4.002024, -25.65151, 0, 70.47694, 1, 1, 1, -25.65152, -100, 70.47696, 2, 2, 2, True
4.006064, -25.65151, 0, 70.47694, 1, 1, 1, -25.65152, -100, 70.47696, 2, 2, 2, True
4.010087, -25.65151, 0, 70.47694, 1, 1, 1, -25.65152, -100, 70.47696, 2, 2, 2, True
4.014095, -25.65151, 0, 70.47694, 1, 1, 1, -25.65152, -100, 70.47696, 2, 2, 2, True
4.018077, -25.65151, 0, 70.47694, 1, 1, 1, -25.65152, -100, 70.47696, 2, 2, 2, True
4.022242, -25.65151, 0, 70.47694, 1, 1, 1, -25.65152, -100, 70.47696, 2, 2, 2, True
4.026616, -25.65151, 0, 70.47694, 1, 1, 1, -25.65152, -100, 70.47696, 2, 2, 2, True
4.031524, -25.65151, 0, 70.47694, 1, 1, 1, -25.65152, -100, 70.47696, 2, 2, 2, True
4.038386, -25.65151, 0, 70.47694, 1, 1, 1, -25.65152, -100, 70.47696, 2, 2, 2, True
4.042064, -25.65151, 0, 70.47694, 1, 1, 1, -25.65152, -100, 70.47696, 2, 2, 2, True
4.046072, -25.65151, 0, 70.47694, 1, 1, 1, -25.65152, -100, 70.47696, 2, 2, 2, True
4.049905, -25.65151, 0, 70.47694, 1, 1, 1, -25.65152, -100, 70.47696, 2, 2, 2, True
4.054143, -25.65151, 0, 70.47694, 1, 1, 1, -25.65152, -100, 70.47696, 2, 2, 2, True
4.058199, -25.65151, 0, 70.47694, 1, 1, 1, -25.65152, -100, 70.47696, 2, 2, 2, True
4.062922, -25.65151, 0, 70.47694, 1, 1, 1, -25.65152, -100, 70.47696, 2, 2, 2, True
4.070239, -25.65151, 0, 70.47694, 1, 1, 1, -25.65152, -100, 70.47696, 2, 2, 2, True
4.073907, -25.65151, 0, 70.47694, 1, 1, 1, -25.65152, -100, 70.47696, 2, 2, 2, True
4.078073, -25.65151, 0, 70.47694, 1, 1, 1, -25.65152, -100, 70.47696, 2, 2, 2, True
4.082269, -25.65151, 0, 70.47694, 1, 1, 1, -25.65152, -100, 70.47696, 2, 2, 2, True
4.087734, -25.65151, 0, 70.47694, 1, 1, 1, -25.65152, -100, 70.47696, 2, 2, 2, True
4.094082, -25.65151, 0, 70.47694, 1, 1, 1, -25.65152, -100, 70.47696, 2, 2, 2, True
4.098007, -25.65151, 0, 70.47694, 1, 1, 1, -25.65152, -100, 70.47696, 2, 2, 2, True
4.101904, -25.65151, 0, 70.47694, 1, 1, 1, -25.65152, -100, 70.47696, 2, 2, 2, True
4.106174, -25.65151, 0, 70.47694, 1, 1, 1, -25.65152, -100, 70.47696, 2, 2, 2, True
4.110028, -25.65151, 0, 70.47694, 1, 1, 1, -25.65152, -100, 70.47696, 2, 2, 2, True
4.114946, -25.65151, 0, 70.47694, 1, 1, 1, -25.65152, -100, 70.47696, 2, 2, 2, True
4.119455, -25.65151, 0, 70.47694, 1, 1, 1, -25.65152, -100, 70.47696, 2, 2, 2, True
4.126118, -25.65151, 0, 70.47694, 1, 1, 1, -25.65152, -100, 70.47696, 2, 2, 2, True
4.129953, -25.65151, 0, 70.47694, 1, 1, 1, -25.65152, -100, 70.47696, 2, 2, 2, True
4.13397, -25.65151, 0, 70.47694, 1, 1, 1, -25.65152, -100, 70.47696, 2, 2, 2, True
4.138072, -25.65151, 0, 70.47694, 1, 1, 1, -25.65152, -100, 70.47696, 2, 2, 2, True
4.142159, -25.65151, 0, 70.47694, 1, 1, 1, -25.65152, -100, 70.47696, 2, 2, 2, True
4.146519, -25.65151, 0, 70.47694, 1, 1, 1, -25.65152, -100, 70.47696, 2, 2, 2, True
4.151017, -25.65151, 0, 70.47694, 1, 1, 1, -25.65152, -100, 70.47696, 2, 2, 2, True
4.155768, -25.65151, 0, 70.47694, 1, 1, 1, -25.65152, -100, 70.47696, 2, 2, 2, True
4.16214, -25.65151, 0, 70.47694, 1, 1, 1, -25.65152, -100, 70.47696, 2, 2, 2, True
4.165973, -25.65151, 0, 70.47694, 1, 1, 1, -25.65152, -100, 70.47696, 2, 2, 2, True
4.170097, -25.65151, 0, 70.47694, 1, 1, 1, -25.65152, -100, 70.47696, 2, 2, 2, True
4.174267, -25.65151, 0, 70.47694, 1, 1, 1, -25.65152, -100, 70.47696, 2, 2, 2, True
4.17812, -25.65151, 0, 70.47694, 1, 1, 1, -25.65152, -100, 70.47696, 2, 2, 2, True
4.182548, -25.65151, 0, 70.47694, 1, 1, 1, -25.65152, -100, 70.47696, 2, 2, 2, True
4.186711, -25.65151, 0, 70.47694, 1, 1, 1, -25.65152, -100, 70.47696, 2, 2, 2, True
4.191599, -25.65151, 0, 70.47694, 1, 1, 1, -25.65152, -100, 70.47696, 2, 2, 2, True
4.198403, -25.65151, 0, 70.47694, 1, 1, 1, -25.65152, -100, 70.47696, 2, 2, 2, True
4.201869, -25.65151, 0, 70.47694, 1, 1, 1, -25.65152, -100, 70.47696, 2, 2, 2, True
4.20617, -25.65151, 0, 70.47694, 1, 1, 1, -25.65152, -100, 70.47696, 2, 2, 2, True
4.214392, -25.65151, 0, 70.47694, 1, 1, 1, -25.65152, -100, 70.47696, 2, 2, 2, True
4.222103, -25.65151, 0, 70.47694, 1, 1, 1, -25.65152, -100, 70.47696, 2, 2, 2, True
4.226207, -25.65151, 0, 70.47694, 1, 1, 1, -25.65152, -100, 70.47696, 2, 2, 2, True
4.229943, -25.65151, 0, 70.47694, 1, 1, 1, -25.65152, -100, 70.47696, 2, 2, 2, True
4.234125, -25.65151, 0, 70.47694, 1, 1, 1, -25.65152, -100, 70.47696, 2, 2, 2, True
4.238194, -25.65151, 0, 70.47694, 1, 1, 1, -25.65152, -100, 70.47696, 2, 2, 2, True
4.242023, -25.65151, 0, 70.47694, 1, 1, 1, -25.65152, -100, 70.47696, 2, 2, 2, True
4.246088, -25.65151, 0, 70.47694, 1, 1, 1, -25.65152, -100, 70.47696, 2, 2, 2, True
4.250174, -25.65151, 0, 70.47694, 1, 1, 1, -25.65152, -100, 70.47696, 2, 2, 2, True
4.254063, -25.65151, 0, 70.47694, 1, 1, 1, -25.65152, -100, 70.47696, 2, 2, 2, True
4.258015, -25.65151, 0, 70.47694, 1, 1, 1, -25.65152, -100, 70.47696, 2, 2, 2, True
4.274034, -25.65151, 0, 70.47694, 1, 1, 1, -25.65152, -100, 70.47696, 2, 2, 2, True
4.278011, -25.65151, 0, 70.47694, 1, 1, 1, -25.65152, -100, 70.47696, 2, 2, 2, True
4.286297, -25.65151, 0, 70.47694, 1, 1, 1, -25.65152, -100, 70.47696, 2, 2, 2, True
4.289964, -25.65151, 0, 70.47694, 1, 1, 1, -25.65152, -100, 70.47696, 2, 2, 2, True
4.294105, -25.65151, 0, 70.47694, 1, 1, 1, -25.65152, -100, 70.47696, 2, 2, 2, True
4.298023, -25.65151, 0, 70.47694, 1, 1, 1, -25.65152, -100, 70.47696, 2, 2, 2, True
4.302155, -25.65151, 0, 70.47694, 1, 1, 1, -25.65152, -100, 70.47696, 2, 2, 2, True
4.306053, -25.65151, 0, 70.47694, 1, 1, 1, -25.65152, -100, 70.47696, 2, 2, 2, True
4.310084, -25.65151, 0, 70.47694, 1, 1, 1, -25.65152, -100, 70.47696, 2, 2, 2, True
4.314089, -25.65151, 0, 70.47694, 1, 1, 1, -25.65152, -100, 70.47696, 2, 2, 2, True
4.317911, -25.65151, 0, 70.47694, 1, 1, 1, -25.65152, -100, 70.47696, 2, 2, 2, True
4.322061, -25.65151, 0, 70.47694, 1, 1, 1, -25.65152, -100, 70.47696, 2, 2, 2, True
4.326126, -25.65151, 0, 70.47694, 1, 1, 1, -25.65152, -100, 70.47696, 2, 2, 2, True
4.330095, -25.65151, 0, 70.47694, 1, 1, 1, -25.65152, -100, 70.47696, 2, 2, 2, True
4.334019, -25.65151, 0, 70.47694, 1, 1, 1, -25.65152, -100, 70.47696, 2, 2, 2, True
4.338166, -25.65151, 0, 70.47694, 1, 1, 1, -25.65152, -100, 70.47696, 2, 2, 2, True
4.342068, -25.65151, 0, 70.47694, 1, 1, 1, -25.65152, -100, 70.47696, 2, 2, 2, True
4.346085, -25.65151, 0, 70.47694, 1, 1, 1, -25.65152, -100, 70.47696, 2, 2, 2, True
4.349996, -25.65151, 0, 70.47694, 1, 1, 1, -25.65152, -100, 70.47696, 2, 2, 2, True
4.353999, -25.65151, 0, 70.47694, 1, 1, 1, -25.65152, -100, 70.47696, 2, 2, 2, True
4.358038, -25.65151, 0, 70.47694, 1, 1, 1, -25.65152, -100, 70.47696, 2, 2, 2, True
4.36198, -25.65151, 0, 70.47694, 1, 1, 1, -25.65152, -100, 70.47696, 2, 2, 2, True
4.366055, -25.65151, 0, 70.47694, 1, 1, 1, -25.65152, -100, 70.47696, 2, 2, 2, True
4.370149, -25.65151, 0, 70.47694, 1, 1, 1, -25.65152, -100, 70.47696, 2, 2, 2, True
4.374201, -25.65151, 0, 70.47694, 1, 1, 1, -25.65152, -100, 70.47696, 2, 2, 2, True
4.379076, -25.65151, 0, 70.47694, 1, 1, 1, -25.65152, -100, 70.47696, 2, 2, 2, True
4.383241, -25.65151, 0, 70.47694, 1, 1, 1, -25.65152, -100, 70.47696, 2, 2, 2, True
4.387719, -25.65151, 0, 70.47694, 1, 1, 1, -25.65152, -100, 70.47696, 2, 2, 2, True
4.393914, -25.65151, 0, 70.47694, 1, 1, 1, -25.65152, -100, 70.47696, 2, 2, 2, True
4.397954, -25.65151, 0, 70.47694, 1, 1, 1, -25.65152, -100, 70.47696, 2, 2, 2, True
4.401957, -25.65151, 0, 70.47694, 1, 1, 1, -25.65152, -100, 70.47696, 2, 2, 2, True
4.405944, -25.65151, 0, 70.47694, 1, 1, 1, -25.65152, -100, 70.47696, 2, 2, 2, True
4.410314, -25.65151, 0, 70.47694, 1, 1, 1, -25.65152, -100, 70.47696, 2, 2, 2, True
4.414474, -25.65151, 0, 70.47694, 1, 1, 1, -25.65152, -100, 70.47696, 2, 2, 2, True
4.418987, -25.65151, 0, 70.47694, 1, 1, 1, -25.65152, -100, 70.47696, 2, 2, 2, True
4.423679, -25.65151, 0, 70.47694, 1, 1, 1, -25.65152, -100, 70.47696, 2, 2, 2, True
4.430283, -25.65151, 0, 70.47694, 1, 1, 1, -25.65152, -100, 70.47696, 2, 2, 2, True
4.433917, -25.65151, 0, 70.47694, 1, 1, 1, -25.65152, -100, 70.47696, 2, 2, 2, True
4.438192, -25.65151, 0, 70.47694, 1, 1, 1, -25.65152, -100, 70.47696, 2, 2, 2, True
4.442069, -25.65151, 0, 70.47694, 1, 1, 1, -25.65152, -100, 70.47696, 2, 2, 2, True
4.446505, -25.65151, 0, 70.47694, 1, 1, 1, -25.65152, -100, 70.47696, 2, 2, 2, True
4.450892, -25.65151, 0, 70.47694, 1, 1, 1, -25.65152, -100, 70.47696, 2, 2, 2, True
4.455069, -25.65151, 0, 70.47694, 1, 1, 1, -25.65152, -100, 70.47696, 2, 2, 2, True
4.459364, -25.65151, 0, 70.47694, 1, 1, 1, -25.65152, -100, 70.47696, 2, 2, 2, True
4.466021, -25.65151, 0, 70.47694, 1, 1, 1, -25.65152, -100, 70.47696, 2, 2, 2, True
4.470003, -25.65151, 0, 70.47694, 1, 1, 1, -25.65152, -100, 70.47696, 2, 2, 2, True
4.474054, -25.65151, 0, 70.47694, 1, 1, 1, -25.65152, -100, 70.47696, 2, 2, 2, True
4.477991, -25.65151, 0, 70.47694, 1, 1, 1, -25.65152, -100, 70.47696, 2, 2, 2, True
4.482461, -25.65151, 0, 70.47694, 1, 1, 1, -25.65152, -100, 70.47696, 2, 2, 2, True
4.490417, -25.65151, 0, 70.47694, 1, 1, 1, -25.65152, -100, 70.47696, 2, 2, 2, True
4.493969, -25.65151, 0, 70.47694, 1, 1, 1, -25.65152, -100, 70.47696, 2, 2, 2, True
4.497992, -25.65151, 0, 70.47694, 1, 1, 1, -25.65152, -100, 70.47696, 2, 2, 2, True
4.50193, -25.65151, 0, 70.47694, 1, 1, 1, -25.65152, -100, 70.47696, 2, 2, 2, True
4.506162, -25.65151, 0, 70.47694, 1, 1, 1, -25.65152, -100, 70.47696, 2, 2, 2, True
4.511455, -25.65151, 0, 70.47694, 1, 1, 1, -25.65152, -100, 70.47696, 2, 2, 2, True
4.51834, -25.65151, 0, 70.47694, 1, 1, 1, -25.65152, -100, 70.47696, 2, 2, 2, True
4.521875, -25.65151, 0, 70.47694, 1, 1, 1, -25.65152, -100, 70.47696, 2, 2, 2, True
4.526178, -25.65151, 0, 70.47694, 1, 1, 1, -25.65152, -100, 70.47696, 2, 2, 2, True
4.530199, -25.65151, 0, 70.47694, 1, 1, 1, -25.65152, -100, 70.47696, 2, 2, 2, True
4.534298, -25.65151, 0, 70.47694, 1, 1, 1, -25.65152, -100, 70.47696, 2, 2, 2, True
4.538861, -25.65151, 0, 70.47694, 1, 1, 1, -25.65152, -100, 70.47696, 2, 2, 2, True
4.54408, -25.65151, 0, 70.47694, 1, 1, 1, -25.65152, -100, 70.47696, 2, 2, 2, True
4.549981, -25.65151, 0, 70.47694, 1, 1, 1, -25.65152, -100, 70.47696, 2, 2, 2, True
4.554068, -25.65151, 0, 70.47694, 1, 1, 1, -25.65152, -100, 70.47696, 2, 2, 2, True
4.55795, -25.65151, 0, 70.47694, 1, 1, 1, -25.65152, -100, 70.47696, 2, 2, 2, True
4.56199, -25.65151, 0, 70.47694, 1, 1, 1, -25.65152, -100, 70.47696, 2, 2, 2, True
4.566063, -25.65151, 0, 70.47694, 1, 1, 1, -25.65152, -100, 70.47696, 2, 2, 2, True
4.570614, -25.65151, 0, 70.47694, 1, 1, 1, -25.65152, -100, 70.47696, 2, 2, 2, True
4.575072, -25.65151, 0, 70.47694, 1, 1, 1, -25.65152, -100, 70.47696, 2, 2, 2, True
4.579999, -25.65151, 0, 70.47694, 1, 1, 1, -25.65152, -100, 70.47696, 2, 2, 2, True
4.586317, -25.65151, 0, 70.47694, 1, 1, 1, -25.65152, -100, 70.47696, 2, 2, 2, True
4.589912, -25.65151, 0, 70.47694, 1, 1, 1, -25.65152, -100, 70.47696, 2, 2, 2, True
4.594039, -25.65151, 0, 70.47694, 1, 1, 1, -25.65152, -100, 70.47696, 2, 2, 2, True
4.598158, -25.65151, 0, 70.47694, 1, 1, 1, -25.65152, -100, 70.47696, 2, 2, 2, True
4.602478, -25.65151, 0, 70.47694, 1, 1, 1, -25.65152, -100, 70.47696, 2, 2, 2, True
4.606565, -25.65151, 0, 70.47694, 1, 1, 1, -25.65152, -100, 70.47696, 2, 2, 2, True
4.610757, -25.65151, 0, 70.47694, 1, 1, 1, -25.65152, -100, 70.47696, 2, 2, 2, True
4.615464, -25.65151, 0, 70.47694, 1, 1, 1, -25.65152, -100, 70.47696, 2, 2, 2, True
4.621891, -25.65151, 0, 70.47694, 1, 1, 1, -25.65152, -100, 70.47696, 2, 2, 2, True
4.626122, -25.65151, 0, 70.47694, 1, 1, 1, -25.65152, -100, 70.47696, 2, 2, 2, True
4.63001, -25.65151, 0, 70.47694, 1, 1, 1, -25.65152, -100, 70.47696, 2, 2, 2, True
4.634229, -25.65151, 0, 70.47694, 1, 1, 1, -25.65152, -100, 70.47696, 2, 2, 2, True
4.638385, -25.65151, 0, 70.47694, 1, 1, 1, -25.65152, -100, 70.47696, 2, 2, 2, True
4.643323, -25.65151, 0, 70.47694, 1, 1, 1, -25.65152, -100, 70.47696, 2, 2, 2, True
4.647477, -25.65151, 0, 70.47694, 1, 1, 1, -25.65152, -100, 70.47696, 2, 2, 2, True
4.654439, -25.65151, 0, 70.47694, 1, 1, 1, -25.65152, -100, 70.47696, 2, 2, 2, True
4.657888, -25.65151, 0, 70.47694, 1, 1, 1, -25.65152, -100, 70.47696, 2, 2, 2, True
4.66204, -25.65151, 0, 70.47694, 1, 1, 1, -25.65152, -100, 70.47696, 2, 2, 2, True
4.666029, -25.65151, 0, 70.47694, 1, 1, 1, -25.65152, -100, 70.47696, 2, 2, 2, True
4.670087, -25.65151, 0, 70.47694, 1, 1, 1, -25.65152, -100, 70.47696, 2, 2, 2, True
4.674678, -25.65151, 0, 70.47694, 1, 1, 1, -25.65152, -100, 70.47696, 2, 2, 2, True
4.679202, -25.65151, 0, 70.47694, 1, 1, 1, -25.65152, -100, 70.47696, 2, 2, 2, True
4.686327, -25.65151, 0, 70.47694, 1, 1, 1, -25.65152, -100, 70.47696, 2, 2, 2, True
4.694228, -25.65151, 0, 70.47694, 1, 1, 1, -25.65152, -100, 70.47696, 2, 2, 2, True
4.697899, -25.65151, 0, 70.47694, 1, 1, 1, -25.65152, -100, 70.47696, 2, 2, 2, True
4.702079, -25.65151, 0, 70.47694, 1, 1, 1, -25.65152, -100, 70.47696, 2, 2, 2, True
4.706128, -25.65151, 0, 70.47694, 1, 1, 1, -25.65152, -100, 70.47696, 2, 2, 2, True
4.709888, -25.65151, 0, 70.47694, 1, 1, 1, -25.65152, -100, 70.47696, 2, 2, 2, True
4.714141, -25.65151, 0, 70.47694, 1, 1, 1, -25.65152, -100, 70.47696, 2, 2, 2, True
4.718138, -25.65151, 0, 70.47694, 1, 1, 1, -25.65152, -100, 70.47696, 2, 2, 2, True
4.721995, -25.65151, 0, 70.47694, 1, 1, 1, -25.65152, -100, 70.47696, 2, 2, 2, True
4.726941, -25.65151, 0, 70.47694, 1, 1, 1, -25.65152, -100, 70.47696, 2, 2, 2, True
4.73108, -25.65151, 0, 70.47694, 1, 1, 1, -25.65152, -100, 70.47696, 2, 2, 2, True
4.735598, -25.65151, 0, 70.47694, 1, 1, 1, -25.65152, -100, 70.47696, 2, 2, 2, True
4.742436, -25.65151, 0, 70.47694, 1, 1, 1, -25.65152, -100, 70.47696, 2, 2, 2, True
4.745975, -25.65151, 0, 70.47694, 1, 1, 1, -25.65152, -100, 70.47696, 2, 2, 2, True
4.754316, -25.65151, 0, 70.47694, 1, 1, 1, -25.65152, -100, 70.47696, 2, 2, 2, True
4.766013, -25.65151, 0, 70.47694, 1, 1, 1, -25.65152, -100, 70.47696, 2, 2, 2, True
4.769998, -25.65151, 0, 70.47694, 1, 1, 1, -25.65152, -100, 70.47696, 2, 2, 2, True
4.773967, -25.65151, 0, 70.47694, 1, 1, 1, -25.65152, -100, 70.47696, 2, 2, 2, True
4.778044, -25.65151, 0, 70.47694, 1, 1, 1, -25.65152, -100, 70.47696, 2, 2, 2, True
4.782183, -25.65151, 0, 70.47694, 1, 1, 1, -25.65152, -100, 70.47696, 2, 2, 2, True
4.786037, -25.65151, 0, 70.47694, 1, 1, 1, -25.65152, -100, 70.47696, 2, 2, 2, True
4.790236, -25.65151, 0, 70.47694, 1, 1, 1, -25.65152, -100, 70.47696, 2, 2, 2, True
4.793923, -25.65151, 0, 70.47694, 1, 1, 1, -25.65152, -100, 70.47696, 2, 2, 2, True
4.798114, -25.65151, 0, 70.47694, 1, 1, 1, -25.65152, -100, 70.47696, 2, 2, 2, True
4.801921, -25.65151, 0, 70.47694, 1, 1, 1, -25.65152, -100, 70.47696, 2, 2, 2, True
4.80605, -25.65151, 0, 70.47694, 1, 1, 1, -25.65152, -100, 70.47696, 2, 2, 2, True
4.809902, -25.65151, 0, 70.47694, 1, 1, 1, -25.65152, -100, 70.47696, 2, 2, 2, True
4.81413, -25.65151, 0, 70.47694, 1, 1, 1, -25.65152, -100, 70.47696, 2, 2, 2, True
4.817962, -25.65151, 0, 70.47694, 1, 1, 1, -25.65152, -100, 70.47696, 2, 2, 2, True
4.822134, -25.65151, 0, 70.47694, 1, 1, 1, -25.65152, -100, 70.47696, 2, 2, 2, True
4.826136, -25.65151, 0, 70.47694, 1, 1, 1, -25.65152, -100, 70.47696, 2, 2, 2, True
4.830074, -25.65151, 0, 70.47694, 1, 1, 1, -25.65152, -100, 70.47696, 2, 2, 2, True
4.834073, -25.65151, 0, 70.47694, 1, 1, 1, -25.65152, -100, 70.47696, 2, 2, 2, True
4.837984, -25.65151, 0, 70.47694, 1, 1, 1, -25.65152, -100, 70.47696, 2, 2, 2, True
4.842022, -25.65151, 0, 70.47694, 1, 1, 1, -25.65152, -100, 70.47696, 2, 2, 2, True
4.845907, -25.65151, 0, 70.47694, 1, 1, 1, -25.65152, -100, 70.47696, 2, 2, 2, True
4.850126, -25.65151, 0, 70.47694, 1, 1, 1, -25.65152, -100, 70.47696, 2, 2, 2, True
4.854001, -25.65151, 0, 70.47694, 1, 1, 1, -25.65152, -100, 70.47696, 2, 2, 2, True
4.858062, -25.65151, 0, 70.47694, 1, 1, 1, -25.65152, -100, 70.47696, 2, 2, 2, True
4.86209, -25.65151, 0, 70.47694, 1, 1, 1, -25.65152, -100, 70.47696, 2, 2, 2, True
4.866473, -25.65151, 0, 70.47694, 1, 1, 1, -25.65152, -100, 70.47696, 2, 2, 2, True
4.870639, -25.65151, 0, 70.47694, 1, 1, 1, -25.65152, -100, 70.47696, 2, 2, 2, True
4.874817, -25.65151, 0, 70.47694, 1, 1, 1, -25.65152, -100, 70.47696, 2, 2, 2, True
4.879525, -25.65151, 0, 70.47694, 1, 1, 1, -25.65152, -100, 70.47696, 2, 2, 2, True
4.886539, -25.65151, 0, 70.47694, 1, 1, 1, -25.65152, -100, 70.47696, 2, 2, 2, True
4.894269, -25.65151, 0, 70.47694, 1, 1, 1, -25.65152, -100, 70.47696, 2, 2, 2, True
4.898052, -25.65151, 0, 70.47694, 1, 1, 1, -25.65152, -100, 70.47696, 2, 2, 2, True
4.901951, -25.65151, 0, 70.47694, 1, 1, 1, -25.65152, -100, 70.47696, 2, 2, 2, True
4.906004, -25.65151, 0, 70.47694, 1, 1, 1, -25.65152, -100, 70.47696, 2, 2, 2, True
4.909937, -25.65151, 0, 70.47694, 1, 1, 1, -25.65152, -100, 70.47696, 2, 2, 2, True
4.914111, -25.65151, 0, 70.47694, 1, 1, 1, -25.65152, -100, 70.47696, 2, 2, 2, True
4.918119, -25.65151, 0, 70.47694, 1, 1, 1, -25.65152, -100, 70.47696, 2, 2, 2, True
4.92258, -25.65151, 0, 70.47694, 1, 1, 1, -25.65152, -100, 70.47696, 2, 2, 2, True
4.926972, -25.65151, 0, 70.47694, 1, 1, 1, -25.65152, -100, 70.47696, 2, 2, 2, True
4.931827, -25.65151, 0, 70.47694, 1, 1, 1, -25.65152, -100, 70.47696, 2, 2, 2, True
4.938308, -25.65151, 0, 70.47694, 1, 1, 1, -25.65152, -100, 70.47696, 2, 2, 2, True
4.942138, -25.65151, 0, 70.47694, 1, 1, 1, -25.65152, -100, 70.47696, 2, 2, 2, True
4.946016, -25.65151, 0, 70.47694, 1, 1, 1, -25.65152, -100, 70.47696, 2, 2, 2, True
4.95016, -25.65151, 0, 70.47694, 1, 1, 1, -25.65152, -100, 70.47696, 2, 2, 2, True
4.954677, -25.65151, 0, 70.47694, 1, 1, 1, -25.65152, -100, 70.47696, 2, 2, 2, True
4.959599, -25.65151, 0, 70.47694, 1, 1, 1, -25.65152, -100, 70.47696, 2, 2, 2, True
4.966216, -25.65151, 0, 70.47694, 1, 1, 1, -25.65152, -100, 70.47696, 2, 2, 2, True
4.969963, -25.65151, 0, 70.47694, 1, 1, 1, -25.65152, -100, 70.47696, 2, 2, 2, True
4.974157, -25.65151, 0, 70.47694, 1, 1, 1, -25.65152, -100, 70.47696, 2, 2, 2, True
4.978063, -25.65151, 0, 70.47694, 1, 1, 1, -25.65152, -100, 70.47696, 2, 2, 2, True
4.982405, -25.65151, 0, 70.47694, 1, 1, 1, -25.65152, -100, 70.47696, 2, 2, 2, True
4.986704, -25.65151, 0, 70.47694, 1, 1, 1, -25.65152, -100, 70.47696, 2, 2, 2, True
4.990675, -25.65151, 0, 70.47694, 1, 1, 1, -25.65152, -100, 70.47696, 2, 2, 2, True
4.995445, -25.65151, 0, 70.47694, 1, 1, 1, -25.65152, -100, 70.47696, 2, 2, 2, True
5.002473, -25.65151, 0, 70.47694, 1, 1, 1, -25.65152, -100, 70.47696, 2, 2, 2, True
5.005844, -25.65151, 0, 70.47694, 1, 1, 1, -25.65152, -100, 70.47696, 2, 2, 2, True
5.009986, -25.65151, 0, 70.47694, 1, 1, 1, -25.65152, -100, 70.47696, 2, 2, 2, True
5.01411, -25.65151, 0, 70.47694, 1, 1, 1, -25.65152, -100, 70.47696, 2, 2, 2, True
5.018316, -25.65151, 0, 70.47694, 1, 1, 1, -25.65152, -100, 70.47696, 2, 2, 2, True
5.022464, -25.65151, 0, 70.47694, 1, 1, 1, -25.65152, -100, 70.47696, 2, 2, 2, True
5.027538, -25.65151, 0, 70.47694, 1, 1, 1, -25.65152, -100, 70.47696, 2, 2, 2, True
5.034306, -25.65151, 0, 70.47694, 1, 1, 1, -25.65152, -100, 70.47696, 2, 2, 2, True
5.037919, -25.65151, 0, 70.47694, 1, 1, 1, -25.65152, -100, 70.47696, 2, 2, 2, True
5.042074, -25.65151, 0, 70.47694, 1, 1, 1, -25.65152, -100, 70.47696, 2, 2, 2, True
5.045985, -25.65151, 0, 70.47694, 1, 1, 1, -25.65152, -100, 70.47696, 2, 2, 2, True
5.050145, -25.65151, 0, 70.47694, 1, 1, 1, -25.65152, -100, 70.47696, 2, 2, 2, True
5.054307, -25.65151, 0, 70.47694, 1, 1, 1, -25.65152, -100, 70.47696, 2, 2, 2, True
5.059239, -25.65151, 0, 70.47694, 1, 1, 1, -25.65152, -100, 70.47696, 2, 2, 2, True
5.063797, -25.65151, 0, 70.47694, 1, 1, 1, -25.65152, -100, 70.47696, 2, 2, 2, True
5.070374, -25.65151, 0, 70.47694, 1, 1, 1, -25.65152, -100, 70.47696, 2, 2, 2, True
5.078201, -25.65151, 0, 70.47694, 1, 1, 1, -25.65152, -100, 70.47696, 2, 2, 2, True
5.082084, -25.65151, 0, 70.47694, 1, 1, 1, -25.65152, -100, 70.47696, 2, 2, 2, True
5.086029, -25.65151, 0, 70.47694, 1, 1, 1, -25.65152, -100, 70.47696, 2, 2, 2, True
5.090239, -25.65151, 0, 70.47694, 1, 1, 1, -25.65152, -100, 70.47696, 2, 2, 2, True
5.098271, -25.65151, 0, 70.47694, 1, 1, 1, -25.65152, -100, 70.47696, 2, 2, 2, True
5.10189, -25.65151, 0, 70.47694, 1, 1, 1, -25.65152, -100, 70.47696, 2, 2, 2, True
5.106043, -25.65151, 0, 70.47694, 1, 1, 1, -25.65152, -100, 70.47696, 2, 2, 2, True
5.110019, -25.65151, 0, 70.47694, 1, 1, 1, -25.65152, -100, 70.47696, 2, 2, 2, True
5.114083, -25.65151, 0, 70.47694, 1, 1, 1, -25.65152, -100, 70.47696, 2, 2, 2, True
5.118118, -25.65151, 0, 70.47694, 1, 1, 1, -25.65152, -100, 70.47696, 2, 2, 2, True
5.121893, -25.65151, 0, 70.47694, 1, 1, 1, -25.65152, -100, 70.47696, 2, 2, 2, True
5.126171, -25.65151, 0, 70.47694, 1, 1, 1, -25.65152, -100, 70.47696, 2, 2, 2, True
5.13008, -25.65151, 0, 70.47694, 1, 1, 1, -25.65152, -100, 70.47696, 2, 2, 2, True
5.13402, -25.65151, 0, 70.47694, 1, 1, 1, -25.65152, -100, 70.47696, 2, 2, 2, True
5.138084, -25.65151, 0, 70.47694, 1, 1, 1, -25.65152, -100, 70.47696, 2, 2, 2, True
5.142179, -25.65151, 0, 70.47694, 1, 1, 1, -25.65152, -100, 70.47696, 2, 2, 2, True
5.146782, -25.65151, 0, 70.47694, 1, 1, 1, -25.65152, -100, 70.47696, 2, 2, 2, True
5.151259, -25.65151, 0, 70.47694, 1, 1, 1, -25.65152, -100, 70.47696, 2, 2, 2, True
5.155761, -25.65151, 0, 70.47694, 1, 1, 1, -25.65152, -100, 70.47696, 2, 2, 2, True
5.162389, -25.65151, 0, 70.47694, 1, 1, 1, -25.65152, -100, 70.47696, 2, 2, 2, True
5.166003, -25.65151, 0, 70.47694, 1, 1, 1, -25.65152, -100, 70.47696, 2, 2, 2, True
5.170173, -25.65151, 0, 70.47694, 1, 1, 1, -25.65152, -100, 70.47696, 2, 2, 2, True
5.174215, -25.65151, 0, 70.47694, 1, 1, 1, -25.65152, -100, 70.47696, 2, 2, 2, True
5.179008, -25.65151, 0, 70.47694, 1, 1, 1, -25.65152, -100, 70.47696, 2, 2, 2, True
5.183104, -25.65151, 0, 70.47694, 1, 1, 1, -25.65152, -100, 70.47696, 2, 2, 2, True
5.18757, -25.65151, 0, 70.47694, 1, 1, 1, -25.65152, -100, 70.47696, 2, 2, 2, True
5.193958, -25.65151, 0, 70.47694, 1, 1, 1, -25.65152, -100, 70.47696, 2, 2, 2, True
5.198035, -25.65151, 0, 70.47694, 1, 1, 1, -25.65152, -100, 70.47696, 2, 2, 2, True
5.202182, -25.65151, 0, 70.47694, 1, 1, 1, -25.65152, -100, 70.47696, 2, 2, 2, True
5.205906, -25.65151, 0, 70.47694, 1, 1, 1, -25.65152, -100, 70.47696, 2, 2, 2, True
5.210105, -25.65151, 0, 70.47694, 1, 1, 1, -25.65152, -100, 70.47696, 2, 2, 2, True
5.214369, -25.65151, 0, 70.47694, 1, 1, 1, -25.65152, -100, 70.47696, 2, 2, 2, True
5.218853, -25.65151, 0, 70.47694, 1, 1, 1, -25.65152, -100, 70.47696, 2, 2, 2, True
5.223395, -25.65151, 0, 70.47694, 1, 1, 1, -25.65152, -100, 70.47696, 2, 2, 2, True
5.230214, -25.65151, 0, 70.47694, 1, 1, 1, -25.65152, -100, 70.47696, 2, 2, 2, True
5.233905, -25.65151, 0, 70.47694, 1, 1, 1, -25.65152, -100, 70.47696, 2, 2, 2, True
5.238173, -25.65151, 0, 70.47694, 1, 1, 1, -25.65152, -100, 70.47696, 2, 2, 2, True
5.242141, -25.65151, 0, 70.47694, 1, 1, 1, -25.65152, -100, 70.47696, 2, 2, 2, True
5.246622, -25.65151, 0, 70.47694, 1, 1, 1, -25.65152, -100, 70.47696, 2, 2, 2, True
5.250774, -25.65151, 0, 70.47694, 1, 1, 1, -25.65152, -100, 70.47696, 2, 2, 2, True
5.255227, -25.65151, 0, 70.47694, 1, 1, 1, -25.65152, -100, 70.47696, 2, 2, 2, True
5.262229, -25.65151, 0, 70.47694, 1, 1, 1, -25.65152, -100, 70.47696, 2, 2, 2, True
5.265919, -25.65151, 0, 70.47694, 1, 1, 1, -25.65152, -100, 70.47696, 2, 2, 2, True
5.270073, -25.65151, 0, 70.47694, 1, 1, 1, -25.65152, -100, 70.47696, 2, 2, 2, True
5.274132, -25.65151, 0, 70.47694, 1, 1, 1, -25.65152, -100, 70.47696, 2, 2, 2, True
5.278147, -25.65151, 0, 70.47694, 1, 1, 1, -25.65152, -100, 70.47696, 2, 2, 2, True
5.282349, -25.65151, 0, 70.47694, 1, 1, 1, -25.65152, -100, 70.47696, 2, 2, 2, True
5.290208, -25.65151, 0, 70.47694, 1, 1, 1, -25.65152, -100, 70.47696, 2, 2, 2, True
5.302281, -25.65151, 0, 70.47694, 1, 1, 1, -25.65152, -100, 70.47696, 2, 2, 2, True
5.30595, -25.65151, 0, 70.47694, 1, 1, 1, -25.65152, -100, 70.47696, 2, 2, 2, True
5.309977, -25.65151, 0, 70.47694, 1, 1, 1, -25.65152, -100, 70.47696, 2, 2, 2, True
5.314004, -25.65151, 0, 70.47694, 1, 1, 1, -25.65152, -100, 70.47696, 2, 2, 2, True
5.317981, -25.65151, 0, 70.47694, 1, 1, 1, -25.65152, -100, 70.47696, 2, 2, 2, True
5.322076, -25.65151, 0, 70.47694, 1, 1, 1, -25.65152, -100, 70.47696, 2, 2, 2, True
5.326119, -25.65151, 0, 70.47694, 1, 1, 1, -25.65152, -100, 70.47696, 2, 2, 2, True
5.330033, -25.65151, 0, 70.47694, 1, 1, 1, -25.65152, -100, 70.47696, 2, 2, 2, True
5.334113, -25.65151, 0, 70.47694, 1, 1, 1, -25.65152, -100, 70.47696, 2, 2, 2, True
5.349533, -25.65151, 0, 70.47694, 1, 1, 1, -25.65152, -100, 70.47696, 2, 2, 2, True
5.354155, -25.65151, 0, 70.47694, 1, 1, 1, -25.65152, -100, 70.47696, 2, 2, 2, True
5.357915, -25.65151, 0, 70.47694, 1, 1, 1, -25.65152, -100, 70.47696, 2, 2, 2, True
5.362048, -25.65151, 0, 70.47694, 1, 1, 1, -25.65152, -100, 70.47696, 2, 2, 2, True
5.365971, -25.65151, 0, 70.47694, 1, 1, 1, -25.65152, -100, 70.47696, 2, 2, 2, True
5.370013, -25.65151, 0, 70.47694, 1, 1, 1, -25.65152, -100, 70.47696, 2, 2, 2, True
5.374187, -25.65151, 0, 70.47694, 1, 1, 1, -25.65152, -100, 70.47696, 2, 2, 2, True
5.378047, -25.65151, 0, 70.47694, 1, 1, 1, -25.65152, -100, 70.47696, 2, 2, 2, True
5.382421, -25.65151, 0, 70.47694, 1, 1, 1, -25.65152, -100, 70.47696, 2, 2, 2, True
5.385964, -25.65151, 0, 70.47694, 1, 1, 1, -25.65152, -100, 70.47696, 2, 2, 2, True
5.390048, -25.65151, 0, 70.47694, 1, 1, 1, -25.65152, -100, 70.47696, 2, 2, 2, True
5.394009, -25.65151, 0, 70.47694, 1, 1, 1, -25.65152, -100, 70.47696, 2, 2, 2, True
5.398044, -25.65151, 0, 70.47694, 1, 1, 1, -25.65152, -100, 70.47696, 2, 2, 2, True
5.402039, -25.65151, 0, 70.47694, 1, 1, 1, -25.65152, -100, 70.47696, 2, 2, 2, True
5.406112, -25.65151, 0, 70.47694, 1, 1, 1, -25.65152, -100, 70.47696, 2, 2, 2, True
5.410016, -25.65151, 0, 70.47694, 1, 1, 1, -25.65152, -100, 70.47696, 2, 2, 2, True
5.4142, -25.65151, 0, 70.47694, 1, 1, 1, -25.65152, -100, 70.47696, 2, 2, 2, True
5.418036, -25.65151, 0, 70.47694, 1, 1, 1, -25.65152, -100, 70.47696, 2, 2, 2, True
5.421936, -25.65151, 0, 70.47694, 1, 1, 1, -25.65152, -100, 70.47696, 2, 2, 2, True
5.426062, -25.65151, 0, 70.47694, 1, 1, 1, -25.65152, -100, 70.47696, 2, 2, 2, True
5.430027, -25.65151, 0, 70.47694, 1, 1, 1, -25.65152, -100, 70.47696, 2, 2, 2, True
5.4341, -25.65151, 0, 70.47694, 1, 1, 1, -25.65152, -100, 70.47696, 2, 2, 2, True
5.43812, -25.65151, 0, 70.47694, 1, 1, 1, -25.65152, -100, 70.47696, 2, 2, 2, True
5.442054, -25.65151, 0, 70.47694, 1, 1, 1, -25.65152, -100, 70.47696, 2, 2, 2, True
5.446134, -25.65151, 0, 70.47694, 1, 1, 1, -25.65152, -100, 70.47696, 2, 2, 2, True
5.450538, -25.65151, 0, 70.47694, 1, 1, 1, -25.65152, -100, 70.47696, 2, 2, 2, True
5.455047, -25.65151, 0, 70.47694, 1, 1, 1, -25.65152, -100, 70.47696, 2, 2, 2, True
5.459992, -25.65151, 0, 70.47694, 1, 1, 1, -25.65152, -100, 70.47696, 2, 2, 2, True
5.466174, -25.65151, 0, 70.47694, 1, 1, 1, -25.65152, -100, 70.47696, 2, 2, 2, True
5.469934, -25.65151, 0, 70.47694, 1, 1, 1, -25.65152, -100, 70.47696, 2, 2, 2, True
5.474076, -25.65151, 0, 70.47694, 1, 1, 1, -25.65152, -100, 70.47696, 2, 2, 2, True
5.478057, -25.65151, 0, 70.47694, 1, 1, 1, -25.65152, -100, 70.47696, 2, 2, 2, True
5.482398, -25.65151, 0, 70.47694, 1, 1, 1, -25.65152, -100, 70.47696, 2, 2, 2, True
5.486681, -25.65151, 0, 70.47694, 1, 1, 1, -25.65152, -100, 70.47696, 2, 2, 2, True
5.491288, -25.65151, 0, 70.47694, 1, 1, 1, -25.65152, -100, 70.47696, 2, 2, 2, True
5.498444, -25.65151, 0, 70.47694, 1, 1, 1, -25.65152, -100, 70.47696, 2, 2, 2, True
5.506285, -25.65151, 0, 70.47694, 1, 1, 1, -25.65152, -100, 70.47696, 2, 2, 2, True
5.510059, -25.65151, 0, 70.47694, 1, 1, 1, -25.65152, -100, 70.47696, 2, 2, 2, True
5.514017, -25.65151, 0, 70.47694, 1, 1, 1, -25.65152, -100, 70.47696, 2, 2, 2, True
5.518044, -25.65151, 0, 70.47694, 1, 1, 1, -25.65152, -100, 70.47696, 2, 2, 2, True
5.521956, -25.65151, 0, 70.47694, 1, 1, 1, -25.65152, -100, 70.47696, 2, 2, 2, True
5.526124, -25.65151, 0, 70.47694, 1, 1, 1, -25.65152, -100, 70.47696, 2, 2, 2, True
5.530039, -25.65151, 0, 70.47694, 1, 1, 1, -25.65152, -100, 70.47696, 2, 2, 2, True
5.533954, -25.65151, 0, 70.47694, 1, 1, 1, -25.65152, -100, 70.47696, 2, 2, 2, True
5.538414, -25.65151, 0, 70.47694, 1, 1, 1, -25.65152, -100, 70.47696, 2, 2, 2, True
5.542478, -25.65151, 0, 70.47694, 1, 1, 1, -25.65152, -100, 70.47696, 2, 2, 2, True
5.547261, -25.65151, 0, 70.47694, 1, 1, 1, -25.65152, -100, 70.47696, 2, 2, 2, True
5.551754, -25.65151, 0, 70.47694, 1, 1, 1, -25.65152, -100, 70.47696, 2, 2, 2, True
5.558363, -25.65151, 0, 70.47694, 1, 1, 1, -25.65152, -100, 70.47696, 2, 2, 2, True
5.562003, -25.65151, 0, 70.47694, 1, 1, 1, -25.65152, -100, 70.47696, 2, 2, 2, True
5.566005, -25.65151, 0, 70.47694, 1, 1, 1, -25.65152, -100, 70.47696, 2, 2, 2, True
5.570527, -25.65151, 0, 70.47694, 1, 1, 1, -25.65152, -100, 70.47696, 2, 2, 2, True
5.574586, -25.65151, 0, 70.47694, 1, 1, 1, -25.65152, -100, 70.47696, 2, 2, 2, True
5.579496, -25.65151, 0, 70.47694, 1, 1, 1, -25.65152, -100, 70.47696, 2, 2, 2, True
5.586606, -25.65151, 0, 70.47694, 1, 1, 1, -25.65152, -100, 70.47696, 2, 2, 2, True
5.594597, -25.65151, 0, 70.47694, 1, 1, 1, -25.65152, -100, 70.47696, 2, 2, 2, True
5.602262, -25.65151, 0, 70.47694, 1, 1, 1, -25.65152, -100, 70.47696, 2, 2, 2, True
5.610398, -25.65151, 0, 70.47694, 1, 1, 1, -25.65152, -100, 70.47696, 2, 2, 2, True
5.614111, -25.65151, 0, 70.47694, 1, 1, 1, -25.65152, -100, 70.47696, 2, 2, 2, True
5.618043, -25.65151, 0, 70.47694, 1, 1, 1, -25.65152, -100, 70.47696, 2, 2, 2, True
5.622107, -25.65151, 0, 70.47694, 1, 1, 1, -25.65152, -100, 70.47696, 2, 2, 2, True
5.626111, -25.65151, 0, 70.47694, 1, 1, 1, -25.65152, -100, 70.47696, 2, 2, 2, True
5.630048, -25.65151, 0, 70.47694, 1, 1, 1, -25.65152, -100, 70.47696, 2, 2, 2, True
5.634045, -25.65151, 0, 70.47694, 1, 1, 1, -25.65152, -100, 70.47696, 2, 2, 2, True
5.638045, -25.65151, 0, 70.47694, 1, 1, 1, -25.65152, -100, 70.47696, 2, 2, 2, True
5.642096, -25.65151, 0, 70.47694, 1, 1, 1, -25.65152, -100, 70.47696, 2, 2, 2, True
5.645956, -25.65151, 0, 70.47694, 1, 1, 1, -25.65152, -100, 70.47696, 2, 2, 2, True
5.649996, -25.65151, 0, 70.47694, 1, 1, 1, -25.65152, -100, 70.47696, 2, 2, 2, True
5.653876, -25.65151, 0, 70.47694, 1, 1, 1, -25.65152, -100, 70.47696, 2, 2, 2, True
5.65811, -25.65151, 0, 70.47694, 1, 1, 1, 3.420203, -100, -9.396927, 2, 2, 2, True
5.662018, -3.420202, 0, 9.396926, 1, 1, 1, 3.406309, -100, -9.401972, 2, 2, 2, True
5.666012, -3.406307, 0, 9.401972, 1, 1, 1, 3.39348, -100, -9.406609, 2, 2, 2, True
5.670188, -3.39348, 0, 9.40661, 1, 1, 1, 3.380363, -100, -9.411331, 2, 2, 2, True
5.674109, -3.380363, 0, 9.411331, 1, 1, 1, 3.36664, -100, -9.416248, 2, 2, 2, True
5.678083, -3.366639, 0, 9.416249, 1, 1, 1, 3.353749, -100, -9.420847, 2, 2, 2, True
5.682343, -3.353748, 0, 9.420848, 1, 1, 1, 3.340678, -100, -9.425489, 2, 2, 2, True
5.685902, -3.340678, 0, 9.42549, 1, 1, 1, 3.326657, -100, -9.430449, 2, 2, 2, True
5.690135, -3.326657, 0, 9.430449, 1, 1, 1, 3.314942, -100, -9.434572, 2, 2, 2, True
5.693923, -3.314941, 0, 9.434573, 1, 1, 1, 3.300997, -100, -9.439465, 2, 2, 2, True
5.698172, -3.300996, 0, 9.439461, 1, 1, 1, 3.288511, -100, -9.443819, 2, 2, 2, True
5.702085, -3.28851, 0, 9.443818, 1, 1, 1, 3.2745, -100, -9.448685, 2, 2, 2, True
5.710045, -3.274499, 0, 9.448686, 1, 1, 1, 3.261591, -100, -9.453148, 2, 2, 2, True
5.714084, -3.261591, 0, 9.453149, 1, 1, 1, 3.235314, -100, -9.462173, 2, 2, 2, True
5.718082, -3.235313, 0, 9.462174, 1, 1, 1, 3.221972, -100, -9.466726, 2, 2, 2, True
5.721977, -3.221971, 0, 9.466726, 1, 1, 1, 3.208753, -100, -9.471214, 2, 2, 2, True
5.726253, -3.208752, 0, 9.471214, 1, 1, 1, 3.195875, -100, -9.475567, 2, 2, 2, True
5.730719, -3.195874, 0, 9.475568, 1, 1, 1, 3.18173, -100, -9.48033, 2, 2, 2, True
5.73522, -3.181729, 0, 9.480328, 1, 1, 1, 3.166945, -100, -9.485275, 2, 2, 2, True
5.739706, -3.166944, 0, 9.485276, 1, 1, 1, 3.152039, -100, -9.49024, 2, 2, 2, True
5.758276, -3.152038, 0, 9.49024, 1, 1, 1, 3.137174, -100, -9.495165, 2, 2, 2, True
5.761896, -3.137173, 0, 9.495164, 1, 1, 1, 3.07556, -100, -9.515301, 2, 2, 2, True
5.765934, -3.075559, 0, 9.5153, 1, 1, 1, 3.063531, -100, -9.519178, 2, 2, 2, True
5.770117, -3.063531, 0, 9.519179, 1, 1, 1, 3.050111, -100, -9.523489, 2, 2, 2, True
5.774136, -3.050111, 0, 9.523488, 1, 1, 1, 3.036204, -100, -9.527933, 2, 2, 2, True
5.777948, -3.036203, 0, 9.527931, 1, 1, 1, 3.022833, -100, -9.532183, 2, 2, 2, True
5.78215, -3.022832, 0, 9.532182, 1, 1, 1, 3.010147, -100, -9.536198, 2, 2, 2, True
5.786113, -3.010146, 0, 9.536196, 1, 1, 1, 2.996158, -100, -9.540602, 2, 2, 2, True
5.79009, -2.996157, 0, 9.5406, 1, 1, 1, 2.982956, -100, -9.544737, 2, 2, 2, True
5.794033, -2.982955, 0, 9.544736, 1, 1, 1, 2.969702, -100, -9.548866, 2, 2, 2, True
5.798079, -2.969702, 0, 9.548867, 1, 1, 1, 2.956558, -100, -9.552948, 2, 2, 2, True
5.801947, -2.956557, 0, 9.552946, 1, 1, 1, 2.94306, -100, -9.557114, 2, 2, 2, True
5.806136, -2.943059, 0, 9.557113, 1, 1, 1, 2.930156, -100, -9.561077, 2, 2, 2, True
5.810231, -2.930155, 0, 9.561077, 1, 1, 1, 2.916174, -100, -9.565351, 2, 2, 2, True
5.813928, -2.916173, 0, 9.565351, 1, 1, 1, 2.902497, -100, -9.56951, 2, 2, 2, True
5.818465, -2.902496, 0, 9.56951, 1, 1, 1, 2.890145, -100, -9.57325, 2, 2, 2, True
5.822611, -2.890144, 0, 9.573248, 1, 1, 1, 2.874979, -100, -9.577814, 2, 2, 2, True
5.827668, -2.874978, 0, 9.577813, 1, 1, 1, 2.861114, -100, -9.581964, 2, 2, 2, True
5.831806, -2.861113, 0, 9.581964, 1, 1, 1, 2.844198, -100, -9.586998, 2, 2, 2, True
5.838153, -2.844197, 0, 9.586999, 1, 1, 1, 2.830344, -100, -9.591097, 2, 2, 2, True
5.842079, -2.830344, 0, 9.591098, 1, 1, 1, 2.809089, -100, -9.597345, 2, 2, 2, True
5.84596, -2.809088, 0, 9.597344, 1, 1, 1, 2.795933, -100, -9.601187, 2, 2, 2, True
5.854472, -2.795933, 0, 9.601186, 1, 1, 1, 2.782926, -100, -9.604965, 2, 2, 2, True
5.866056, -2.782925, 0, 9.604963, 1, 1, 1, 2.754373, -100, -9.613192, 2, 2, 2, True
5.870066, -2.754372, 0, 9.613191, 1, 1, 1, 2.715479, -100, -9.624249, 2, 2, 2, True
5.874085, -2.715478, 0, 9.624249, 1, 1, 1, 2.702006, -100, -9.628044, 2, 2, 2, True
5.878072, -2.702006, 0, 9.62804, 1, 1, 1, 2.688495, -100, -9.631823, 2, 2, 2, True
5.88199, -2.688494, 0, 9.631823, 1, 1, 1, 2.675087, -100, -9.635555, 2, 2, 2, True
5.886184, -2.675086, 0, 9.635554, 1, 1, 1, 2.661908, -100, -9.639204, 2, 2, 2, True
5.890241, -2.661907, 0, 9.639204, 1, 1, 1, 2.647792, -100, -9.643093, 2, 2, 2, True
5.906226, -2.647791, 0, 9.643091, 1, 1, 1, 2.634134, -100, -9.646833, 2, 2, 2, True
5.909903, -2.634133, 0, 9.646831, 1, 1, 1, 2.580265, -100, -9.661381, 2, 2, 2, True
5.913949, -2.580264, 0, 9.661379, 1, 1, 1, 2.567864, -100, -9.664682, 2, 2, 2, True
5.918078, -2.567863, 0, 9.664682, 1, 1, 1, 2.55421, -100, -9.668299, 2, 2, 2, True
5.922184, -2.55421, 0, 9.6683, 1, 1, 1, 2.540275, -100, -9.671972, 2, 2, 2, True
5.926106, -2.540274, 0, 9.67197, 1, 1, 1, 2.526411, -100, -9.675602, 2, 2, 2, True
5.929959, -2.52641, 0, 9.675601, 1, 1, 1, 2.51316, -100, -9.679052, 2, 2, 2, True
5.934029, -2.51316, 0, 9.679051, 1, 1, 1, 2.500139, -100, -9.682423, 2, 2, 2, True
5.937976, -2.500138, 0, 9.682423, 1, 1, 1, 2.486382, -100, -9.685965, 2, 2, 2, True
5.942173, -2.486381, 0, 9.685965, 1, 1, 1, 2.473034, -100, -9.689381, 2, 2, 2, True
5.946125, -2.473033, 0, 9.689381, 1, 1, 1, 2.458838, -100, -9.692995, 2, 2, 2, True
5.95009, -2.458837, 0, 9.692993, 1, 1, 1, 2.445464, -100, -9.696377, 2, 2, 2, True
5.954217, -2.445463, 0, 9.696376, 1, 1, 1, 2.432039, -100, -9.699753, 2, 2, 2, True
5.958101, -2.432038, 0, 9.699752, 1, 1, 1, 2.418064, -100, -9.703245, 2, 2, 2, True
5.961963, -2.418063, 0, 9.703245, 1, 1, 1, 2.404905, -100, -9.706516, 2, 2, 2, True
5.965899, -2.404904, 0, 9.706515, 1, 1, 1, 2.391818, -100, -9.709749, 2, 2, 2, True
5.970077, -2.391817, 0, 9.709748, 1, 1, 1, 2.378475, -100, -9.713024, 2, 2, 2, True
5.974062, -2.378475, 0, 9.713025, 1, 1, 1, 2.36431, -100, -9.716486, 2, 2, 2, True
5.978028, -2.364309, 0, 9.716483, 1, 1, 1, 2.350789, -100, -9.719765, 2, 2, 2, True
5.982351, -2.350788, 0, 9.719763, 1, 1, 1, 2.337332, -100, -9.723007, 2, 2, 2, True
5.986017, -2.337332, 0, 9.723008, 1, 1, 1, 2.322657, -100, -9.726524, 2, 2, 2, True
5.990438, -2.322657, 0, 9.726524, 1, 1, 1, 2.31021, -100, -9.729488, 2, 2, 2, True
5.994988, -2.310209, 0, 9.729487, 1, 1, 1, 2.29519, -100, -9.733044, 2, 2, 2, True
5.99937, -2.295189, 0, 9.733042, 1, 1, 1, 2.279729, -100, -9.736675, 2, 2, 2, True
6.003785, -2.279728, 0, 9.736675, 1, 1, 1, 2.264835, -100, -9.740149, 2, 2, 2, True
6.010002, -2.264835, 0, 9.74015, 1, 1, 1, 2.249819, -100, -9.743631, 2, 2, 2, True
6.014122, -2.249818, 0, 9.743629, 1, 1, 1, 2.228671, -100, -9.748489, 2, 2, 2, True
6.018061, -2.22867, 0, 9.748488, 1, 1, 1, 2.214647, -100, -9.751686, 2, 2, 2, True
6.022113, -2.214647, 0, 9.751684, 1, 1, 1, 2.201238, -100, -9.754721, 2, 2, 2, True
6.026155, -2.201237, 0, 9.75472, 1, 1, 1, 2.187439, -100, -9.757826, 2, 2, 2, True
6.03025, -2.187438, 0, 9.757823, 1, 1, 1, 2.173668, -100, -9.760902, 2, 2, 2, True
6.034779, -2.173668, 0, 9.7609, 1, 1, 1, 2.159714, -100, -9.763996, 2, 2, 2, True
6.039217, -2.159713, 0, 9.763997, 1, 1, 1, 2.144276, -100, -9.767401, 2, 2, 2, True
6.046543, -2.144275, 0, 9.767399, 1, 1, 1, 2.129141, -100, -9.770708, 2, 2, 2, True
6.062644, -2.129141, 0, 9.770709, 1, 1, 1, 2.104148, -100, -9.776123, 2, 2, 2, True
6.065918, -2.104147, 0, 9.776122, 1, 1, 1, 2.049169, -100, -9.787794, 2, 2, 2, True
6.070039, -2.049168, 0, 9.787794, 1, 1, 1, 2.037981, -100, -9.790131, 2, 2, 2, True
6.07411, -2.037981, 0, 9.79013, 1, 1, 1, 2.023899, -100, -9.793051, 2, 2, 2, True
6.077941, -2.023899, 0, 9.793051, 1, 1, 1, 2.009979, -100, -9.795918, 2, 2, 2, True
6.082382, -2.009979, 0, 9.795917, 1, 1, 1, 1.996877, -100, -9.798597, 2, 2, 2, True
6.086082, -1.996876, 0, 9.798596, 1, 1, 1, 1.981685, -100, -9.801682, 2, 2, 2, True
6.090123, -1.981684, 0, 9.80168, 1, 1, 1, 1.969023, -100, -9.804232, 2, 2, 2, True
6.093888, -1.969023, 0, 9.804232, 1, 1, 1, 1.955191, -100, -9.806997, 2, 2, 2, True
6.098152, -1.955191, 0, 9.806999, 1, 1, 1, 1.942302, -100, -9.809561, 2, 2, 2, True
6.101921, -1.942301, 0, 9.80956, 1, 1, 1, 1.9277, -100, -9.812443, 2, 2, 2, True
6.1061, -1.927699, 0, 9.81244, 1, 1, 1, 1.914788, -100, -9.814966, 2, 2, 2, True
6.109995, -1.914787, 0, 9.814968, 1, 1, 1, 1.900469, -100, -9.817751, 2, 2, 2, True
6.114058, -1.900468, 0, 9.81775, 1, 1, 1, 1.887119, -100, -9.820326, 2, 2, 2, True
6.118178, -1.887118, 0, 9.820325, 1, 1, 1, 1.873188, -100, -9.82299, 2, 2, 2, True
6.122309, -1.873188, 0, 9.822991, 1, 1, 1, 1.859059, -100, -9.825676, 2, 2, 2, True
6.126699, -1.859058, 0, 9.825676, 1, 1, 1, 1.844889, -100, -9.828346, 2, 2, 2, True
6.131543, -1.844888, 0, 9.828346, 1, 1, 1, 1.829827, -100, -9.831161, 2, 2, 2, True
6.138248, -1.829826, 0, 9.831161, 1, 1, 1, 1.8132, -100, -9.834244, 2, 2, 2, True
6.142002, -1.813199, 0, 9.834242, 1, 1, 1, 1.790178, -100, -9.838459, 2, 2, 2, True
6.146019, -1.790178, 0, 9.838458, 1, 1, 1, 1.777285, -100, -9.840797, 2, 2, 2, True
6.150155, -1.777284, 0, 9.840796, 1, 1, 1, 1.763485, -100, -9.843279, 2, 2, 2, True
6.154548, -1.763485, 0, 9.843278, 1, 1, 1, 1.749274, -100, -9.845814, 2, 2, 2, True
6.158501, -1.749273, 0, 9.845814, 1, 1, 1, 1.734172, -100, -9.848484, 2, 2, 2, True
6.163255, -1.734172, 0, 9.848485, 1, 1, 1, 1.720581, -100, -9.850868, 2, 2, 2, True
6.167701, -1.72058, 0, 9.850868, 1, 1, 1, 1.70423, -100, -9.853712, 2, 2, 2, True
6.174463, -1.70423, 0, 9.85371, 1, 1, 1, 1.688937, -100, -9.856344, 2, 2, 2, True
6.177956, -1.688937, 0, 9.856342, 1, 1, 1, 1.665666, -100, -9.860302, 2, 2, 2, True
6.18196, -1.665666, 0, 9.860302, 1, 1, 1, 1.653644, -100, -9.862329, 2, 2, 2, True
6.186223, -1.653643, 0, 9.862326, 1, 1, 1, 1.639857, -100, -9.864628, 2, 2, 2, True
6.19035, -1.639857, 0, 9.864627, 1, 1, 1, 1.625176, -100, -9.867056, 2, 2, 2, True
6.19524, -1.625175, 0, 9.867057, 1, 1, 1, 1.610961, -100, -9.869389, 2, 2, 2, True
6.199343, -1.61096, 0, 9.869388, 1, 1, 1, 1.594109, -100, -9.872124, 2, 2, 2, True
6.214069, -1.594108, 0, 9.872124, 1, 1, 1, 1.57997, -100, -9.874399, 2, 2, 2, True
6.218145, -1.579969, 0, 9.874396, 1, 1, 1, 1.529191, -100, -9.882389, 2, 2, 2, True
6.222237, -1.52919, 0, 9.882387, 1, 1, 1, 1.515131, -100, -9.884552, 2, 2, 2, True
6.226284, -1.51513, 0, 9.884553, 1, 1, 1, 1.501009, -100, -9.886707, 2, 2, 2, True
6.230073, -1.501008, 0, 9.886707, 1, 1, 1, 1.487042, -100, -9.888819, 2, 2, 2, True
6.233991, -1.487042, 0, 9.888817, 1, 1, 1, 1.47396, -100, -9.890778, 2, 2, 2, True
6.23804, -1.473959, 0, 9.890776, 1, 1, 1, 1.460433, -100, -9.892782, 2, 2, 2, True
6.242037, -1.460432, 0, 9.892782, 1, 1, 1, 1.446447, -100, -9.894838, 2, 2, 2, True
6.246073, -1.446447, 0, 9.894836, 1, 1, 1, 1.432641, -100, -9.896847, 2, 2, 2, True
6.250128, -1.43264, 0, 9.896845, 1, 1, 1, 1.418698, -100, -9.898853, 2, 2, 2, True
6.254428, -1.418698, 0, 9.898853, 1, 1, 1, 1.404686, -100, -9.900852, 2, 2, 2, True
6.258356, -1.404686, 0, 9.900851, 1, 1, 1, 1.389822, -100, -9.90295, 2, 2, 2, True
6.263361, -1.389822, 0, 9.902948, 1, 1, 1, 1.376242, -100, -9.904846, 2, 2, 2, True
6.26775, -1.376241, 0, 9.904845, 1, 1, 1, 1.358936, -100, -9.907236, 2, 2, 2, True
6.274306, -1.358935, 0, 9.907234, 1, 1, 1, 1.343755, -100, -9.909306, 2, 2, 2, True
6.277998, -1.343755, 0, 9.909305, 1, 1, 1, 1.321077, -100, -9.912354, 2, 2, 2, True
6.282427, -1.321076, 0, 9.912354, 1, 1, 1, 1.308299, -100, -9.914047, 2, 2, 2, True
6.286176, -1.308299, 0, 9.914048, 1, 1, 1, 1.292971, -100, -9.916059, 2, 2, 2, True
6.290976, -1.292971, 0, 9.916059, 1, 1, 1, 1.279992, -100, -9.917744, 2, 2, 2, True
6.295501, -1.279991, 0, 9.917743, 1, 1, 1, 1.263376, -100, -9.919874, 2, 2, 2, True
6.302472, -1.263376, 0, 9.919873, 1, 1, 1, 1.247703, -100, -9.921858, 2, 2, 2, True
6.305882, -1.247702, 0, 9.921857, 1, 1, 1, 1.223558, -100, -9.924864, 2, 2, 2, True
6.310139, -1.223558, 0, 9.924863, 1, 1, 1, 1.21174, -100, -9.926313, 2, 2, 2, True
6.314122, -1.21174, 0, 9.926312, 1, 1, 1, 1.196991, -100, -9.928102, 2, 2, 2, True
6.318117, -1.196991, 0, 9.928102, 1, 1, 1, 1.183187, -100, -9.929756, 2, 2, 2, True
6.322453, -1.183186, 0, 9.929757, 1, 1, 1, 1.169337, -100, -9.931398, 2, 2, 2, True
6.326371, -1.169336, 0, 9.931397, 1, 1, 1, 1.154302, -100, -9.933159, 2, 2, 2, True
6.331123, -1.154302, 0, 9.933156, 1, 1, 1, 1.140718, -100, -9.934727, 2, 2, 2, True
6.335551, -1.140718, 0, 9.934725, 1, 1, 1, 1.124237, -100, -9.936604, 2, 2, 2, True
6.34243, -1.124236, 0, 9.936604, 1, 1, 1, 1.108877, -100, -9.938332, 2, 2, 2, True
6.345941, -1.108876, 0, 9.93833, 1, 1, 1, 1.08501, -100, -9.940964, 2, 2, 2, True
6.350211, -1.085009, 0, 9.940964, 1, 1, 1, 1.072827, -100, -9.942287, 2, 2, 2, True
6.366143, -1.072826, 0, 9.942286, 1, 1, 1, 1.058007, -100, -9.943874, 2, 2, 2, True
6.369977, -1.058007, 0, 9.943873, 1, 1, 1, 1.002688, -100, -9.949604, 2, 2, 2, True
6.374012, -1.002688, 0, 9.949604, 1, 1, 1, 0.9893723, -100, -9.950937, 2, 2, 2, True
6.37797, -0.9893717, 0, 9.950937, 1, 1, 1, 0.9753544, -100, -9.95232, 2, 2, 2, True
6.381874, -0.9753541, 0, 9.95232, 1, 1, 1, 0.9616042, -100, -9.953657, 2, 2, 2, True
6.38614, -0.9616036, 0, 9.953658, 1, 1, 1, 0.9480401, -100, -9.95496, 2, 2, 2, True
6.390113, -0.9480396, 0, 9.95496, 1, 1, 1, 0.9332123, -100, -9.956362, 2, 2, 2, True
6.394018, -0.9332117, 0, 9.956361, 1, 1, 1, 0.9194045, -100, -9.957649, 2, 2, 2, True
6.398121, -0.9194041, 0, 9.957645, 1, 1, 1, 0.9058317, -100, -9.958889, 2, 2, 2, True
6.402101, -0.9058311, 0, 9.958889, 1, 1, 1, 0.8915651, -100, -9.960178, 2, 2, 2, True
6.405975, -0.8915645, 0, 9.960176, 1, 1, 1, 0.8777275, -100, -9.961405, 2, 2, 2, True
6.410031, -0.8777272, 0, 9.961405, 1, 1, 1, 0.8642575, -100, -9.962584, 2, 2, 2, True
6.414157, -0.8642572, 0, 9.962583, 1, 1, 1, 0.8501489, -100, -9.963797, 2, 2, 2, True
6.418108, -0.8501485, 0, 9.963797, 1, 1, 1, 0.8357995, -100, -9.965012, 2, 2, 2, True
6.422016, -0.835799, 0, 9.965011, 1, 1, 1, 0.8220577, -100, -9.966154, 2, 2, 2, True
6.426883, -0.8220571, 0, 9.966154, 1, 1, 1, 0.8084587, -100, -9.967268, 2, 2, 2, True
6.431023, -0.8084582, 0, 9.967266, 1, 1, 1, 0.7915264, -100, -9.968626, 2, 2, 2, True
6.438036, -0.7915261, 0, 9.968625, 1, 1, 1, 0.7771189, -100, -9.969761, 2, 2, 2, True
6.445935, -0.7771184, 0, 9.969759, 1, 1, 1, 0.7527086, -100, -9.971634, 2, 2, 2, True
6.450034, -0.7527083, 0, 9.971631, 1, 1, 1, 0.7252112, -100, -9.973671, 2, 2, 2, True
6.453978, -0.7252107, 0, 9.973669, 1, 1, 1, 0.7109429, -100, -9.974695, 2, 2, 2, True
6.458231, -0.7109425, 0, 9.974696, 1, 1, 1, 0.6972103, -100, -9.975666, 2, 2, 2, True
6.462113, -0.6972098, 0, 9.975665, 1, 1, 1, 0.6823981, -100, -9.97669, 2, 2, 2, True
6.465971, -0.6823976, 0, 9.976689, 1, 1, 1, 0.6688787, -100, -9.977606, 2, 2, 2, True
6.47015, -0.6688783, 0, 9.977605, 1, 1, 1, 0.6554424, -100, -9.978498, 2, 2, 2, True
6.474075, -0.6554421, 0, 9.978497, 1, 1, 1, 0.640885, -100, -9.979441, 2, 2, 2, True
6.478075, -0.6408844, 0, 9.979443, 1, 1, 1, 0.6272101, -100, -9.980314, 2, 2, 2, True
6.482237, -0.6272099, 0, 9.980311, 1, 1, 1, 0.613277, -100, -9.981176, 2, 2, 2, True
6.495366, -0.6132766, 0, 9.981177, 1, 1, 1, 0.5987717, -100, -9.982058, 2, 2, 2, True
6.497944, -0.5987712, 0, 9.982058, 1, 1, 1, 0.5530219, -100, -9.984699, 2, 2, 2, True
6.502127, -0.5530214, 0, 9.984696, 1, 1, 1, 0.544036, -100, -9.985191, 2, 2, 2, True
6.518182, -0.5440356, 0, 9.98519, 1, 1, 1, 0.5294565, -100, -9.985973, 2, 2, 2, True
6.521918, -0.5294559, 0, 9.985974, 1, 1, 1, 0.4734829, -100, -9.988787, 2, 2, 2, True
6.526142, -0.4734826, 0, 9.988785, 1, 1, 1, 0.4604547, -100, -9.989393, 2, 2, 2, True
6.530082, -0.4604545, 0, 9.989393, 1, 1, 1, 0.4457285, -100, -9.990061, 2, 2, 2, True
6.534039, -0.4457282, 0, 9.990062, 1, 1, 1, 0.4319882, -100, -9.990665, 2, 2, 2, True
6.538082, -0.431988, 0, 9.990665, 1, 1, 1, 0.4181874, -100, -9.991253, 2, 2, 2, True
6.542169, -0.4181871, 0, 9.991252, 1, 1, 1, 0.4040864, -100, -9.991833, 2, 2, 2, True
6.545945, -0.4040862, 0, 9.991833, 1, 1, 1, 0.389832, -100, -9.992401, 2, 2, 2, True
6.550122, -0.3898316, 0, 9.992398, 1, 1, 1, 0.3766584, -100, -9.992907, 2, 2, 2, True
6.553949, -0.3766581, 0, 9.992904, 1, 1, 1, 0.3620894, -100, -9.993443, 2, 2, 2, True
6.558076, -0.3620892, 0, 9.993443, 1, 1, 1, 0.3487391, -100, -9.993917, 2, 2, 2, True
6.561869, -0.3487388, 0, 9.993917, 1, 1, 1, 0.3343425, -100, -9.99441, 2, 2, 2, True
6.565958, -0.3343422, 0, 9.99441, 1, 1, 1, 0.3211075, -100, -9.994846, 2, 2, 2, True
6.570186, -0.3211072, 0, 9.994843, 1, 1, 1, 0.3068429, -100, -9.995291, 2, 2, 2, True
6.574072, -0.3068426, 0, 9.995292, 1, 1, 1, 0.2920901, -100, -9.995735, 2, 2, 2, True
6.578127, -0.2920898, 0, 9.995733, 1, 1, 1, 0.2785301, -100, -9.99612, 2, 2, 2, True
6.582268, -0.2785298, 0, 9.99612, 1, 1, 1, 0.2643805, -100, -9.996506, 2, 2, 2, True
6.585981, -0.2643802, 0, 9.996505, 1, 1, 1, 0.249933, -100, -9.996876, 2, 2, 2, True
6.590174, -0.2499326, 0, 9.996876, 1, 1, 1, 0.2369738, -100, -9.997192, 2, 2, 2, True
6.593971, -0.2369734, 0, 9.997191, 1, 1, 1, 0.2223415, -100, -9.99753, 2, 2, 2, True
6.598035, -0.2223411, 0, 9.997528, 1, 1, 1, 0.2090915, -100, -9.997816, 2, 2, 2, True
6.602163, -0.209091, 0, 9.997814, 1, 1, 1, 0.1949088, -100, -9.998102, 2, 2, 2, True
6.606205, -0.1949083, 0, 9.9981, 1, 1, 1, 0.1805012, -100, -9.998375, 2, 2, 2, True
6.610394, -0.1805009, 0, 9.998371, 1, 1, 1, 0.1663932, -100, -9.998617, 2, 2, 2, True
6.615026, -0.1663929, 0, 9.998615, 1, 1, 1, 0.1517754, -100, -9.998852, 2, 2, 2, True
6.619927, -0.1517751, 0, 9.998848, 1, 1, 1, 0.1356048, -100, -9.999083, 2, 2, 2, True
6.626182, -0.1356042, 0, 9.999081, 1, 1, 1, 0.118499, -100, -9.999298, 2, 2, 2, True
6.630004, -0.1184987, 0, 9.999298, 1, 1, 1, 0.09666801, -100, -9.999533, 2, 2, 2, True
6.634041, -0.09666769, 0, 9.999533, 1, 1, 1, 0.08332624, -100, -9.999653, 2, 2, 2, True
6.638135, -0.0833258, 0, 9.999653, 1, 1, 1, 0.06923621, -100, -9.999762, 2, 2, 2, True
6.642201, -0.06923577, 0, 9.999761, 1, 1, 1, 0.05494533, -100, -9.999849, 2, 2, 2, True
6.646831, -0.0549449, 0, 9.999849, 1, 1, 1, 0.04075141, -100, -9.999916, 2, 2, 2, True
6.65133, -0.04075108, 0, 9.999917, 1, 1, 1, 0.02459132, -100, -9.999971, 2, 2, 2, True
6.655808, -0.02459111, 0, 9.999969, 1, 1, 1, 0.008883746, -100, -9.999998, 2, 2, 2, True
6.674318, -0.008883419, 0, 9.999996, 1, 1, 1, -0.006744771, -100, -9.999998, 2, 2, 2, True
6.678135, 0.006745207, 0, 9.999998, 1, 1, 1, -0.07135891, -100, -9.999748, 2, 2, 2, True
6.682443, 0.07135914, 0, 9.999745, 1, 1, 1, -0.08468217, -100, -9.999641, 2, 2, 2, True
6.685895, 0.08468238, 0, 9.999641, 1, 1, 1, -0.09971909, -100, -9.999504, 2, 2, 2, True
6.690105, 0.09971931, 0, 9.999503, 1, 1, 1, -0.1117661, -100, -9.999378, 2, 2, 2, True
6.693909, 0.1117665, 0, 9.999375, 1, 1, 1, -0.126462, -100, -9.999203, 2, 2, 2, True
6.698139, 0.1264622, 0, 9.9992, 1, 1, 1, -0.1397371, -100, -9.999025, 2, 2, 2, True
6.702036, 0.1397373, 0, 9.999023, 1, 1, 1, -0.1545018, -100, -9.998808, 2, 2, 2, True
6.706154, 0.1545022, 0, 9.998806, 1, 1, 1, -0.1681055, -100, -9.998589, 2, 2, 2, True
6.710223, 0.1681057, 0, 9.998587, 1, 1, 1, -0.1824759, -100, -9.998339, 2, 2, 2, True
6.714123, 0.1824762, 0, 9.998335, 1, 1, 1, -0.1966781, -100, -9.998066, 2, 2, 2, True
6.71823, 0.1966785, 0, 9.998066, 1, 1, 1, -0.2102874, -100, -9.997789, 2, 2, 2, True
6.722109, 0.2102878, 0, 9.997788, 1, 1, 1, -0.2246194, -100, -9.997478, 2, 2, 2, True
6.726074, 0.2246195, 0, 9.997477, 1, 1, 1, -0.2381572, -100, -9.997166, 2, 2, 2, True
6.730072, 0.2381574, 0, 9.997164, 1, 1, 1, -0.251995, -100, -9.996826, 2, 2, 2, True
6.734049, 0.2519952, 0, 9.996824, 1, 1, 1, -0.2659453, -100, -9.996464, 2, 2, 2, True
6.738156, 0.2659455, 0, 9.996463, 1, 1, 1, -0.2798228, -100, -9.996088, 2, 2, 2, True
6.742154, 0.279823, 0, 9.996084, 1, 1, 1, -0.2941527, -100, -9.995674, 2, 2, 2, True
6.74618, 0.2941529, 0, 9.995673, 1, 1, 1, -0.3080991, -100, -9.995253, 2, 2, 2, True
6.750783, 0.3080995, 0, 9.995253, 1, 1, 1, -0.3221456, -100, -9.994812, 2, 2, 2, True
6.754865, 0.3221458, 0, 9.99481, 1, 1, 1, -0.3382069, -100, -9.99428, 2, 2, 2, True
6.759813, 0.3382072, 0, 9.994279, 1, 1, 1, -0.3524472, -100, -9.993786, 2, 2, 2, True
6.766144, 0.3524475, 0, 9.993787, 1, 1, 1, -0.3697069, -100, -9.993164, 2, 2, 2, True
6.770034, 0.3697074, 0, 9.993163, 1, 1, 1, -0.3917899, -100, -9.992325, 2, 2, 2, True
6.774071, 0.3917901, 0, 9.992322, 1, 1, 1, -0.4053605, -100, -9.991781, 2, 2, 2, True
6.778069, 0.4053606, 0, 9.991781, 1, 1, 1, -0.4194396, -100, -9.991201, 2, 2, 2, True
6.782433, 0.4194397, 0, 9.991199, 1, 1, 1, -0.4333794, -100, -9.990604, 2, 2, 2, True
6.786704, 0.4333795, 0, 9.990604, 1, 1, 1, -0.4485992, -100, -9.989933, 2, 2, 2, True
6.791211, 0.4485993, 0, 9.989933, 1, 1, 1, -0.4634938, -100, -9.989254, 2, 2, 2, True
6.798377, 0.4634941, 0, 9.989253, 1, 1, 1, -0.4792088, -100, -9.988512, 2, 2, 2, True
6.801893, 0.4792091, 0, 9.988511, 1, 1, 1, -0.5041922, -100, -9.987282, 2, 2, 2, True
6.806122, 0.5041925, 0, 9.987282, 1, 1, 1, -0.5164501, -100, -9.986658, 2, 2, 2, True
6.821978, 0.5164502, 0, 9.986655, 1, 1, 1, -0.5311922, -100, -9.985884, 2, 2, 2, True
6.826002, 0.5311924, 0, 9.985882, 1, 1, 1, -0.5864514, -100, -9.98279, 2, 2, 2, True
6.83005, 0.5864515, 0, 9.982789, 1, 1, 1, -0.6004741, -100, -9.981955, 2, 2, 2, True
6.833912, 0.6004742, 0, 9.981956, 1, 1, 1, -0.6145791, -100, -9.981098, 2, 2, 2, True
6.838092, 0.6145793, 0, 9.981097, 1, 1, 1, -0.6280344, -100, -9.980261, 2, 2, 2, True
6.842122, 0.6280346, 0, 9.980259, 1, 1, 1, -0.6425928, -100, -9.979334, 2, 2, 2, True
6.846101, 0.6425929, 0, 9.979332, 1, 1, 1, -0.6566317, -100, -9.978422, 2, 2, 2, True
6.850179, 0.6566318, 0, 9.978418, 1, 1, 1, -0.6704906, -100, -9.977497, 2, 2, 2, True
6.854043, 0.6704908, 0, 9.977497, 1, 1, 1, -0.684693, -100, -9.976532, 2, 2, 2, True
6.858105, 0.6846932, 0, 9.976532, 1, 1, 1, -0.6981481, -100, -9.975601, 2, 2, 2, True
6.861976, 0.6981481, 0, 9.975599, 1, 1, 1, -0.7122927, -100, -9.9746, 2, 2, 2, True
6.865941, 0.712293, 0, 9.9746, 1, 1, 1, -0.7257705, -100, -9.973629, 2, 2, 2, True
6.870126, 0.7257707, 0, 9.973628, 1, 1, 1, -0.7395736, -100, -9.972614, 2, 2, 2, True
6.874023, 0.7395741, 0, 9.972614, 1, 1, 1, -0.7541389, -100, -9.971525, 2, 2, 2, True
6.878214, 0.7541391, 0, 9.971523, 1, 1, 1, -0.7677034, -100, -9.97049, 2, 2, 2, True
6.88246, 0.7677034, 0, 9.970488, 1, 1, 1, -0.782289, -100, -9.969353, 2, 2, 2, True
6.887094, 0.7822892, 0, 9.969355, 1, 1, 1, -0.7970652, -100, -9.968184, 2, 2, 2, True
6.891551, 0.7970654, 0, 9.968184, 1, 1, 1, -0.8131894, -100, -9.966881, 2, 2, 2, True
6.895742, 0.8131897, 0, 9.966882, 1, 1, 1, -0.8286948, -100, -9.965607, 2, 2, 2, True
6.902421, 0.8286949, 0, 9.965604, 1, 1, 1, -0.8432723, -100, -9.964382, 2, 2, 2, True
6.906069, 0.8432727, 0, 9.964381, 1, 1, 1, -0.8665022, -100, -9.962389, 2, 2, 2, True
6.91024, 0.8665023, 0, 9.962388, 1, 1, 1, -0.8791841, -100, -9.961279, 2, 2, 2, True
6.914214, 0.8791842, 0, 9.961277, 1, 1, 1, -0.8936865, -100, -9.959988, 2, 2, 2, True
6.91819, 0.8936867, 0, 9.959986, 1, 1, 1, -0.9075031, -100, -9.958736, 2, 2, 2, True
6.922697, 0.9075032, 0, 9.958736, 1, 1, 1, -0.9213232, -100, -9.95747, 2, 2, 2, True
6.927246, 0.9213233, 0, 9.957468, 1, 1, 1, -0.9369891, -100, -9.956007, 2, 2, 2, True
6.931918, 0.9369891, 0, 9.956006, 1, 1, 1, -0.9527948, -100, -9.954508, 2, 2, 2, True
6.938334, 0.9527949, 0, 9.954506, 1, 1, 1, -0.9690281, -100, -9.95294, 2, 2, 2, True
6.942039, 0.9690282, 0, 9.952938, 1, 1, 1, -0.9913195, -100, -9.950745, 2, 2, 2, True
6.946181, 0.9913195, 0, 9.950743, 1, 1, 1, -1.004184, -100, -9.949453, 2, 2, 2, True
6.950146, 1.004185, 0, 9.949453, 1, 1, 1, -1.01857, -100, -9.94799, 2, 2, 2, True
6.954764, 1.01857, 0, 9.94799, 1, 1, 1, -1.032337, -100, -9.946573, 2, 2, 2, True
6.958969, 1.032337, 0, 9.946571, 1, 1, 1, -1.048371, -100, -9.944897, 2, 2, 2, True
6.974421, 1.048371, 0, 9.944894, 1, 1, 1, -1.062967, -100, -9.943344, 2, 2, 2, True
6.978003, 1.062967, 0, 9.943344, 1, 1, 1, -1.116583, -100, -9.937469, 2, 2, 2, True
6.982445, 1.116583, 0, 9.937467, 1, 1, 1, -1.129006, -100, -9.936064, 2, 2, 2, True
6.986178, 1.129007, 0, 9.936063, 1, 1, 1, -1.144413, -100, -9.934303, 2, 2, 2, True
6.99005, 1.144413, 0, 9.9343, 1, 1, 1, -1.157356, -100, -9.9328, 2, 2, 2, True
6.993962, 1.157356, 0, 9.9328, 1, 1, 1, -1.170782, -100, -9.931229, 2, 2, 2, True
6.998067, 1.170782, 0, 9.931227, 1, 1, 1, -1.184339, -100, -9.929619, 2, 2, 2, True
7.002114, 1.184339, 0, 9.92962, 1, 1, 1, -1.198566, -100, -9.927914, 2, 2, 2, True
7.006027, 1.198566, 0, 9.927912, 1, 1, 1, -1.21259, -100, -9.92621, 2, 2, 2, True
7.009969, 1.21259, 0, 9.926209, 1, 1, 1, -1.226148, -100, -9.924545, 2, 2, 2, True
7.014287, 1.226148, 0, 9.924543, 1, 1, 1, -1.239803, -100, -9.92285, 2, 2, 2, True
7.019208, 1.239804, 0, 9.922847, 1, 1, 1, -1.254757, -100, -9.920967, 2, 2, 2, True
7.025959, 1.254757, 0, 9.920967, 1, 1, 1, -1.2718, -100, -9.918798, 2, 2, 2, True
7.034137, 1.2718, 0, 9.918797, 1, 1, 1, -1.29517, -100, -9.915773, 2, 2, 2, True
7.038103, 1.29517, 0, 9.915772, 1, 1, 1, -1.32347, -100, -9.912035, 2, 2, 2, True
7.041963, 1.32347, 0, 9.912034, 1, 1, 1, -1.33719, -100, -9.910196, 2, 2, 2, True
7.046125, 1.33719, 0, 9.910192, 1, 1, 1, -1.350541, -100, -9.908382, 2, 2, 2, True
7.050006, 1.350541, 0, 9.908382, 1, 1, 1, -1.364937, -100, -9.90641, 2, 2, 2, True
7.054064, 1.364937, 0, 9.906409, 1, 1, 1, -1.378355, -100, -9.904552, 2, 2, 2, True
7.058095, 1.378355, 0, 9.904552, 1, 1, 1, -1.392384, -100, -9.90259, 2, 2, 2, True
7.062022, 1.392384, 0, 9.902589, 1, 1, 1, -1.406315, -100, -9.90062, 2, 2, 2, True
7.065907, 1.406316, 0, 9.90062, 1, 1, 1, -1.419886, -100, -9.898684, 2, 2, 2, True
7.070125, 1.419886, 0, 9.898683, 1, 1, 1, -1.433309, -100, -9.896748, 2, 2, 2, True
7.074147, 1.433309, 0, 9.896749, 1, 1, 1, -1.447877, -100, -9.894627, 2, 2, 2, True
7.078151, 1.447877, 0, 9.894628, 1, 1, 1, -1.461766, -100, -9.892584, 2, 2, 2, True
7.082763, 1.461766, 0, 9.892585, 1, 1, 1, -1.475592, -100, -9.890535, 2, 2, 2, True
7.086567, 1.475592, 0, 9.890532, 1, 1, 1, -1.491512, -100, -9.888144, 2, 2, 2, True
7.10642, 1.491512, 0, 9.888144, 1, 1, 1, -1.504642, -100, -9.886154, 2, 2, 2, True
7.110158, 1.504642, 0, 9.886154, 1, 1, 1, -1.573117, -100, -9.875492, 2, 2, 2, True
7.126099, 1.573117, 0, 9.87549, 1, 1, 1, -1.586002, -100, -9.87343, 2, 2, 2, True
7.129912, 1.586002, 0, 9.873429, 1, 1, 1, -1.640918, -100, -9.86445, 2, 2, 2, True
7.133998, 1.640918, 0, 9.86445, 1, 1, 1, -1.654047, -100, -9.862259, 2, 2, 2, True
7.13799, 1.654047, 0, 9.862258, 1, 1, 1, -1.668112, -100, -9.85989, 2, 2, 2, True
7.14221, 1.668112, 0, 9.859889, 1, 1, 1, -1.681848, -100, -9.857555, 2, 2, 2, True
7.146033, 1.681848, 0, 9.857554, 1, 1, 1, -1.696368, -100, -9.855066, 2, 2, 2, True
7.150116, 1.696368, 0, 9.855066, 1, 1, 1, -1.709515, -100, -9.852795, 2, 2, 2, True
7.154054, 1.709515, 0, 9.852795, 1, 1, 1, -1.723557, -100, -9.850349, 2, 2, 2, True
7.158005, 1.723557, 0, 9.850348, 1, 1, 1, -1.737096, -100, -9.847969, 2, 2, 2, True
7.162007, 1.737096, 0, 9.847969, 1, 1, 1, -1.750675, -100, -9.845566, 2, 2, 2, True
7.165909, 1.750675, 0, 9.845564, 1, 1, 1, -1.764428, -100, -9.843113, 2, 2, 2, True
7.170119, 1.764428, 0, 9.843109, 1, 1, 1, -1.777832, -100, -9.840696, 2, 2, 2, True
7.174116, 1.777832, 0, 9.840696, 1, 1, 1, -1.792293, -100, -9.838076, 2, 2, 2, True
7.17811, 1.792293, 0, 9.838074, 1, 1, 1, -1.806017, -100, -9.835566, 2, 2, 2, True
7.18198, 1.806017, 0, 9.835563, 1, 1, 1, -1.819727, -100, -9.833035, 2, 2, 2, True
7.186126, 1.819727, 0, 9.833035, 1, 1, 1, -1.833008, -100, -9.83057, 2, 2, 2, True
7.190006, 1.833008, 0, 9.830568, 1, 1, 1, -1.847234, -100, -9.827904, 2, 2, 2, True
7.194064, 1.847234, 0, 9.827906, 1, 1, 1, -1.860544, -100, -9.825396, 2, 2, 2, True
7.198057, 1.860544, 0, 9.825395, 1, 1, 1, -1.874458, -100, -9.822748, 2, 2, 2, True
7.202055, 1.874458, 0, 9.822749, 1, 1, 1, -1.888147, -100, -9.820129, 2, 2, 2, True
7.206036, 1.888147, 0, 9.820127, 1, 1, 1, -1.901852, -100, -9.817482, 2, 2, 2, True
7.21016, 1.901851, 0, 9.817482, 1, 1, 1, -1.915492, -100, -9.814831, 2, 2, 2, True
7.214154, 1.915492, 0, 9.81483, 1, 1, 1, -1.929619, -100, -9.812065, 2, 2, 2, True
7.218474, 1.929618, 0, 9.812062, 1, 1, 1, -1.943299, -100, -9.809364, 2, 2, 2, True
7.222621, 1.943299, 0, 9.809362, 1, 1, 1, -1.958088, -100, -9.806421, 2, 2, 2, True
7.22688, 1.958088, 0, 9.806421, 1, 1, 1, -1.972281, -100, -9.803577, 2, 2, 2, True
7.231574, 1.972281, 0, 9.803576, 1, 1, 1, -1.986854, -100, -9.800636, 2, 2, 2, True
7.237938, 1.986854, 0, 9.800633, 1, 1, 1, -2.002909, -100, -9.797365, 2, 2, 2, True
7.242042, 2.002909, 0, 9.797365, 1, 1, 1, -2.02467, -100, -9.792891, 2, 2, 2, True
7.246095, 2.02467, 0, 9.792891, 1, 1, 1, -2.038695, -100, -9.789984, 2, 2, 2, True
7.250026, 2.038695, 0, 9.789981, 1, 1, 1, -2.052545, -100, -9.787086, 2, 2, 2, True
7.254506, 2.052545, 0, 9.787086, 1, 1, 1, -2.06597, -100, -9.784262, 2, 2, 2, True
7.258456, 2.06597, 0, 9.784261, 1, 1, 1, -2.081271, -100, -9.781019, 2, 2, 2, True
7.263155, 2.081271, 0, 9.781018, 1, 1, 1, -2.094756, -100, -9.778141, 2, 2, 2, True
7.282583, 2.094756, 0, 9.778139, 1, 1, 1, -2.11079, -100, -9.774691, 2, 2, 2, True
7.2862, 2.11079, 0, 9.77469, 1, 1, 1, -2.177029, -100, -9.760153, 2, 2, 2, True
7.289998, 2.177029, 0, 9.760151, 1, 1, 1, -2.189349, -100, -9.757397, 2, 2, 2, True
7.294121, 2.189348, 0, 9.757395, 1, 1, 1, -2.202285, -100, -9.754484, 2, 2, 2, True
7.298105, 2.202284, 0, 9.754483, 1, 1, 1, -2.216323, -100, -9.751305, 2, 2, 2, True
7.301918, 2.216323, 0, 9.751304, 1, 1, 1, -2.229881, -100, -9.748213, 2, 2, 2, True
7.306166, 2.229881, 0, 9.748212, 1, 1, 1, -2.242853, -100, -9.745237, 2, 2, 2, True
7.310043, 2.242853, 0, 9.745235, 1, 1, 1, -2.257301, -100, -9.741899, 2, 2, 2, True
7.314126, 2.2573, 0, 9.741899, 1, 1, 1, -2.270484, -100, -9.738836, 2, 2, 2, True
7.318125, 2.270484, 0, 9.738834, 1, 1, 1, -2.284361, -100, -9.735588, 2, 2, 2, True
7.3222, 2.284361, 0, 9.735589, 1, 1, 1, -2.297949, -100, -9.732391, 2, 2, 2, True
7.326101, 2.297949, 0, 9.73239, 1, 1, 1, -2.311791, -100, -9.729113, 2, 2, 2, True
7.330108, 2.311791, 0, 9.729112, 1, 1, 1, -2.325035, -100, -9.725956, 2, 2, 2, True
7.333935, 2.325035, 0, 9.725956, 1, 1, 1, -2.338638, -100, -9.722694, 2, 2, 2, True
7.337853, 2.338638, 0, 9.722693, 1, 1, 1, -2.351624, -100, -9.719563, 2, 2, 2, True
7.342133, 2.351623, 0, 9.719561, 1, 1, 1, -2.364914, -100, -9.716337, 2, 2, 2, True
7.346104, 2.364914, 0, 9.716336, 1, 1, 1, -2.379426, -100, -9.712793, 2, 2, 2, True
7.350022, 2.379426, 0, 9.712792, 1, 1, 1, -2.39289, -100, -9.709486, 2, 2, 2, True
7.354291, 2.392889, 0, 9.709484, 1, 1, 1, -2.406166, -100, -9.706202, 2, 2, 2, True
7.358163, 2.406166, 0, 9.706203, 1, 1, 1, -2.420628, -100, -9.702606, 2, 2, 2, True
7.362844, 2.420628, 0, 9.702606, 1, 1, 1, -2.433739, -100, -9.699327, 2, 2, 2, True
7.367335, 2.433739, 0, 9.699326, 1, 1, 1, -2.449586, -100, -9.695335, 2, 2, 2, True
7.371775, 2.449586, 0, 9.695335, 1, 1, 1, -2.464782, -100, -9.691484, 2, 2, 2, True
7.378386, 2.464782, 0, 9.691483, 1, 1, 1, -2.479797, -100, -9.687654, 2, 2, 2, True
7.382218, 2.479797, 0, 9.687653, 1, 1, 1, -2.50215, -100, -9.681904, 2, 2, 2, True
7.386059, 2.502149, 0, 9.681903, 1, 1, 1, -2.515095, -100, -9.678551, 2, 2, 2, True
7.390062, 2.515095, 0, 9.678548, 1, 1, 1, -2.528069, -100, -9.675167, 2, 2, 2, True
7.394486, 2.528069, 0, 9.675167, 1, 1, 1, -2.541586, -100, -9.671627, 2, 2, 2, True
7.398635, 2.541585, 0, 9.671626, 1, 1, 1, -2.55652, -100, -9.66769, 2, 2, 2, True
7.403128, 2.55652, 0, 9.667688, 1, 1, 1, -2.570519, -100, -9.663979, 2, 2, 2, True
7.407791, 2.570519, 0, 9.663976, 1, 1, 1, -2.585672, -100, -9.659933, 2, 2, 2, True
7.414525, 2.585672, 0, 9.659933, 1, 1, 1, -2.601392, -100, -9.655712, 2, 2, 2, True
7.434342, 2.601392, 0, 9.655711, 1, 1, 1, -2.624079, -100, -9.64957, 2, 2, 2, True
7.437935, 2.624079, 0, 9.64957, 1, 1, 1, -2.690767, -100, -9.631191, 2, 2, 2, True
7.442111, 2.690766, 0, 9.631187, 1, 1, 1, -2.702844, -100, -9.627804, 2, 2, 2, True
7.446036, 2.702844, 0, 9.627806, 1, 1, 1, -2.716879, -100, -9.623856, 2, 2, 2, True
7.45019, 2.716879, 0, 9.623855, 1, 1, 1, -2.730059, -100, -9.620123, 2, 2, 2, True
7.454211, 2.730059, 0, 9.620124, 1, 1, 1, -2.744004, -100, -9.616158, 2, 2, 2, True
7.458107, 2.744004, 0, 9.616156, 1, 1, 1, -2.757499, -100, -9.612295, 2, 2, 2, True
7.461991, 2.757499, 0, 9.612294, 1, 1, 1, -2.770571, -100, -9.608534, 2, 2, 2, True
7.465908, 2.770571, 0, 9.608535, 1, 1, 1, -2.783595, -100, -9.604771, 2, 2, 2, True
7.470105, 2.783595, 0, 9.60477, 1, 1, 1, -2.796725, -100, -9.600956, 2, 2, 2, True
7.47412, 2.796725, 0, 9.600955, 1, 1, 1, -2.810786, -100, -9.596848, 2, 2, 2, True
7.478112, 2.810786, 0, 9.596848, 1, 1, 1, -2.824234, -100, -9.592897, 2, 2, 2, True
7.481911, 2.824234, 0, 9.592898, 1, 1, 1, -2.8376, -100, -9.588955, 2, 2, 2, True
7.486191, 2.8376, 0, 9.588953, 1, 1, 1, -2.850313, -100, -9.585182, 2, 2, 2, True
7.490032, 2.850313, 0, 9.585182, 1, 1, 1, -2.86463, -100, -9.580914, 2, 2, 2, True
7.494137, 2.864629, 0, 9.580914, 1, 1, 1, -2.877472, -100, -9.577065, 2, 2, 2, True
7.498123, 2.877472, 0, 9.577065, 1, 1, 1, -2.891194, -100, -9.572931, 2, 2, 2, True
7.502076, 2.891194, 0, 9.57293, 1, 1, 1, -2.904509, -100, -9.568899, 2, 2, 2, True
7.506081, 2.904508, 0, 9.568899, 1, 1, 1, -2.91771, -100, -9.564882, 2, 2, 2, True
7.510089, 2.91771, 0, 9.564882, 1, 1, 1, -2.93108, -100, -9.560793, 2, 2, 2, True
7.51405, 2.93108, 0, 9.560794, 1, 1, 1, -2.944455, -100, -9.556684, 2, 2, 2, True
7.51814, 2.944454, 0, 9.556683, 1, 1, 1, -2.957665, -100, -9.552605, 2, 2, 2, True
7.522185, 2.957665, 0, 9.552603, 1, 1, 1, -2.971299, -100, -9.54837, 2, 2, 2, True
7.526929, 2.971298, 0, 9.54837, 1, 1, 1, -2.984777, -100, -9.544167, 2, 2, 2, True
7.531096, 2.984777, 0, 9.544167, 1, 1, 1, -3.00058, -100, -9.539211, 2, 2, 2, True
7.535475, 3.00058, 0, 9.539209, 1, 1, 1, -3.014453, -100, -9.534836, 2, 2, 2, True
7.542425, 3.014452, 0, 9.534835, 1, 1, 1, -3.029021, -100, -9.530218, 2, 2, 2, True
7.546063, 3.029021, 0, 9.530217, 1, 1, 1, -3.052131, -100, -9.52284, 2, 2, 2, True
7.550078, 3.052131, 0, 9.52284, 1, 1, 1, -3.064224, -100, -9.518957, 2, 2, 2, True
7.554007, 3.064224, 0, 9.518956, 1, 1, 1, -3.077561, -100, -9.514652, 2, 2, 2, True
7.558163, 3.077561, 0, 9.514653, 1, 1, 1, -3.090606, -100, -9.510426, 2, 2, 2, True
7.562296, 3.090606, 0, 9.510424, 1, 1, 1, -3.104402, -100, -9.50593, 2, 2, 2, True
7.566851, 3.104402, 0, 9.505929, 1, 1, 1, -3.118113, -100, -9.501442, 2, 2, 2, True
7.582006, 3.118112, 0, 9.501441, 1, 1, 1, -3.133216, -100, -9.496473, 2, 2, 2, True
7.586154, 3.133215, 0, 9.496471, 1, 1, 1, -3.183406, -100, -9.479765, 2, 2, 2, True
7.59011, 3.183406, 0, 9.479764, 1, 1, 1, -3.19713, -100, -9.475147, 2, 2, 2, True
7.594161, 3.197129, 0, 9.475144, 1, 1, 1, -3.210212, -100, -9.470722, 2, 2, 2, True
7.598167, 3.210212, 0, 9.47072, 1, 1, 1, -3.223601, -100, -9.466173, 2, 2, 2, True
7.602092, 3.223601, 0, 9.466171, 1, 1, 1, -3.236835, -100, -9.461655, 2, 2, 2, True
7.605997, 3.236835, 0, 9.461655, 1, 1, 1, -3.249797, -100, -9.457211, 2, 2, 2, True
7.610082, 3.249797, 0, 9.457211, 1, 1, 1, -3.262685, -100, -9.452772, 2, 2, 2, True
7.613981, 3.262685, 0, 9.452771, 1, 1, 1, -3.27616, -100, -9.448111, 2, 2, 2, True
7.618122, 3.27616, 0, 9.44811, 1, 1, 1, -3.289014, -100, -9.443644, 2, 2, 2, True
7.626109, 3.289013, 0, 9.443643, 1, 1, 1, -3.302663, -100, -9.438879, 2, 2, 2, True
7.633944, 3.302662, 0, 9.438878, 1, 1, 1, -3.328966, -100, -9.429634, 2, 2, 2, True
7.638055, 3.328966, 0, 9.429633, 1, 1, 1, -3.354741, -100, -9.420496, 2, 2, 2, True
7.642055, 3.354741, 0, 9.420494, 1, 1, 1, -3.368259, -100, -9.415668, 2, 2, 2, True
7.645977, 3.368259, 0, 9.415669, 1, 1, 1, -3.3814, -100, -9.410959, 2, 2, 2, True
7.650014, 3.381399, 0, 9.410958, 1, 1, 1, -3.394282, -100, -9.406321, 2, 2, 2, True
7.654101, 3.394282, 0, 9.40632, 1, 1, 1, -3.407534, -100, -9.401527, 2, 2, 2, True
7.658194, 3.407534, 0, 9.401527, 1, 1, 1, -3.420202, -100, -9.396927, 2, 2, 2, True
7.66208, 3.420202, 0, 9.396926, 1, 1, 1, 3.420203, -100, -9.396927, 2, 2, 2, True
7.665937, -3.420202, 0, 9.396926, 1, 1, 1, 3.420203, -100, -9.396927, 2, 2, 2, True
7.670215, -3.420202, 0, 9.396926, 1, 1, 1, 3.420203, -100, -9.396927, 2, 2, 2, True
7.674036, -3.420202, 0, 9.396926, 1, 1, 1, 3.420203, -100, -9.396927, 2, 2, 2, True
7.678073, -3.420202, 0, 9.396926, 1, 1, 1, 3.420203, -100, -9.396927, 2, 2, 2, True
7.682261, -3.420202, 0, 9.396926, 1, 1, 1, 3.420203, -100, -9.396927, 2, 2, 2, True
7.68603, -3.420202, 0, 9.396926, 1, 1, 1, 3.420203, -100, -9.396927, 2, 2, 2, True
7.690074, -3.420202, 0, 9.396926, 1, 1, 1, 3.420203, -100, -9.396927, 2, 2, 2, True
7.694001, -3.420202, 0, 9.396926, 1, 1, 1, 3.420203, -100, -9.396927, 2, 2, 2, True
7.698143, -3.420202, 0, 9.396926, 1, 1, 1, 3.420203, -100, -9.396927, 2, 2, 2, True
7.702579, -3.420202, 0, 9.396926, 1, 1, 1, 3.420203, -100, -9.396927, 2, 2, 2, True
7.706719, -3.420202, 0, 9.396926, 1, 1, 1, 3.420203, -100, -9.396927, 2, 2, 2, True
7.711198, -3.420202, 0, 9.396926, 1, 1, 1, 3.420203, -100, -9.396927, 2, 2, 2, True
7.716012, -3.420202, 0, 9.396926, 1, 1, 1, 3.420203, -100, -9.396927, 2, 2, 2, True
7.722324, -3.420202, 0, 9.396926, 1, 1, 1, 3.420203, -100, -9.396927, 2, 2, 2, True
7.742156, -3.420202, 0, 9.396926, 1, 1, 1, 3.420203, -100, -9.396927, 2, 2, 2, True
7.745854, -3.420202, 0, 9.396926, 1, 1, 1, 3.420203, -100, -9.396927, 2, 2, 2, True
7.750005, -3.420202, 0, 9.396926, 1, 1, 1, 3.420203, -100, -9.396927, 2, 2, 2, True
7.754101, -3.420202, 0, 9.396926, 1, 1, 1, 3.420203, -100, -9.396927, 2, 2, 2, True
7.758151, -3.420202, 0, 9.396926, 1, 1, 1, 3.420203, -100, -9.396927, 2, 2, 2, True
7.762126, -3.420202, 0, 9.396926, 1, 1, 1, 3.420203, -100, -9.396927, 2, 2, 2, True
7.766135, -3.420202, 0, 9.396926, 1, 1, 1, 3.420203, -100, -9.396927, 2, 2, 2, True
7.770117, -3.420202, 0, 9.396926, 1, 1, 1, 3.420203, -100, -9.396927, 2, 2, 2, True
7.774005, -3.420202, 0, 9.396926, 1, 1, 1, 3.420203, -100, -9.396927, 2, 2, 2, True
7.778041, -3.420202, 0, 9.396926, 1, 1, 1, 3.420203, -100, -9.396927, 2, 2, 2, True
7.78189, -3.420202, 0, 9.396926, 1, 1, 1, 3.420203, -100, -9.396927, 2, 2, 2, True
7.786215, -3.420202, 0, 9.396926, 1, 1, 1, 3.420203, -100, -9.396927, 2, 2, 2, True
7.790111, -3.420202, 0, 9.396926, 1, 1, 1, 3.420203, -100, -9.396927, 2, 2, 2, True
7.794084, -3.420202, 0, 9.396926, 1, 1, 1, 3.420203, -100, -9.396927, 2, 2, 2, True
7.798238, -3.420202, 0, 9.396926, 1, 1, 1, 3.420203, -100, -9.396927, 2, 2, 2, True
7.802111, -3.420202, 0, 9.396926, 1, 1, 1, 3.420203, -100, -9.396927, 2, 2, 2, True
7.806159, -3.420202, 0, 9.396926, 1, 1, 1, 3.420203, -100, -9.396927, 2, 2, 2, True
7.809942, -3.420202, 0, 9.396926, 1, 1, 1, 3.420203, -100, -9.396927, 2, 2, 2, True
7.8141, -3.420202, 0, 9.396926, 1, 1, 1, 3.420203, -100, -9.396927, 2, 2, 2, True
7.818034, -3.420202, 0, 9.396926, 1, 1, 1, 3.420203, -100, -9.396927, 2, 2, 2, True
7.822053, -3.420202, 0, 9.396926, 1, 1, 1, 3.420203, -100, -9.396927, 2, 2, 2, True
7.826092, -3.420202, 0, 9.396926, 1, 1, 1, 3.420203, -100, -9.396927, 2, 2, 2, True
7.829956, -3.420202, 0, 9.396926, 1, 1, 1, 3.420203, -100, -9.396927, 2, 2, 2, True
7.834445, -3.420202, 0, 9.396926, 1, 1, 1, 3.420203, -100, -9.396927, 2, 2, 2, True
7.838698, -3.420202, 0, 9.396926, 1, 1, 1, 3.420203, -100, -9.396927, 2, 2, 2, True
7.843768, -3.420202, 0, 9.396926, 1, 1, 1, 3.420203, -100, -9.396927, 2, 2, 2, True
7.850018, -3.420202, 0, 9.396926, 1, 1, 1, 3.420203, -100, -9.396927, 2, 2, 2, True
7.854072, -3.420202, 0, 9.396926, 1, 1, 1, 3.420203, -100, -9.396927, 2, 2, 2, True
7.858102, -3.420202, 0, 9.396926, 1, 1, 1, 3.420203, -100, -9.396927, 2, 2, 2, True
7.862198, -3.420202, 0, 9.396926, 1, 1, 1, 3.420203, -100, -9.396927, 2, 2, 2, True
7.86623, -3.420202, 0, 9.396926, 1, 1, 1, 3.420203, -100, -9.396927, 2, 2, 2, True
7.870748, -3.420202, 0, 9.396926, 1, 1, 1, 3.420203, -100, -9.396927, 2, 2, 2, True
7.874828, -3.420202, 0, 9.396926, 1, 1, 1, 3.420203, -100, -9.396927, 2, 2, 2, True
7.879645, -3.420202, 0, 9.396926, 1, 1, 1, 3.420203, -100, -9.396927, 2, 2, 2, True
7.886297, -3.420202, 0, 9.396926, 1, 1, 1, 3.420203, -100, -9.396927, 2, 2, 2, True
7.890243, -3.420202, 0, 9.396926, 1, 1, 1, 3.420203, -100, -9.396927, 2, 2, 2, True
7.894046, -3.420202, 0, 9.396926, 1, 1, 1, 3.420203, -100, -9.396927, 2, 2, 2, True
7.898139, -3.420202, 0, 9.396926, 1, 1, 1, 3.420203, -100, -9.396927, 2, 2, 2, True
7.902148, -3.420202, 0, 9.396926, 1, 1, 1, 3.420203, -100, -9.396927, 2, 2, 2, True
7.906578, -3.420202, 0, 9.396926, 1, 1, 1, 3.420203, -100, -9.396927, 2, 2, 2, True
7.910838, -3.420202, 0, 9.396926, 1, 1, 1, 3.420203, -100, -9.396927, 2, 2, 2, True
7.91537, -3.420202, 0, 9.396926, 1, 1, 1, 3.420203, -100, -9.396927, 2, 2, 2, True
7.919841, -3.420202, 0, 9.396926, 1, 1, 1, 3.420203, -100, -9.396927, 2, 2, 2, True
7.926211, -3.420202, 0, 9.396926, 1, 1, 1, 3.420203, -100, -9.396927, 2, 2, 2, True
7.930113, -3.420202, 0, 9.396926, 1, 1, 1, 3.420203, -100, -9.396927, 2, 2, 2, True
7.934065, -3.420202, 0, 9.396926, 1, 1, 1, 3.420203, -100, -9.396927, 2, 2, 2, True
7.938149, -3.420202, 0, 9.396926, 1, 1, 1, 3.420203, -100, -9.396927, 2, 2, 2, True
7.942205, -3.420202, 0, 9.396926, 1, 1, 1, 3.420203, -100, -9.396927, 2, 2, 2, True
7.946693, -3.420202, 0, 9.396926, 1, 1, 1, 3.420203, -100, -9.396927, 2, 2, 2, True
7.951189, -3.420202, 0, 9.396926, 1, 1, 1, 3.420203, -100, -9.396927, 2, 2, 2, True
7.955873, -3.420202, 0, 9.396926, 1, 1, 1, 3.420203, -100, -9.396927, 2, 2, 2, True
7.962397, -3.420202, 0, 9.396926, 1, 1, 1, 3.420203, -100, -9.396927, 2, 2, 2, True
7.965961, -3.420202, 0, 9.396926, 1, 1, 1, 3.420203, -100, -9.396927, 2, 2, 2, True
7.970148, -3.420202, 0, 9.396926, 1, 1, 1, 3.420203, -100, -9.396927, 2, 2, 2, True
7.974126, -3.420202, 0, 9.396926, 1, 1, 1, 3.420203, -100, -9.396927, 2, 2, 2, True
7.978207, -3.420202, 0, 9.396926, 1, 1, 1, 3.420203, -100, -9.396927, 2, 2, 2, True
7.982769, -3.420202, 0, 9.396926, 1, 1, 1, 3.420203, -100, -9.396927, 2, 2, 2, True
7.987234, -3.420202, 0, 9.396926, 1, 1, 1, 3.420203, -100, -9.396927, 2, 2, 2, True
7.991676, -3.420202, 0, 9.396926, 1, 1, 1, 3.420203, -100, -9.396927, 2, 2, 2, True
7.99847, -3.420202, 0, 9.396926, 1, 1, 1, 3.420203, -100, -9.396927, 2, 2, 2, True
8.00192, -3.420202, 0, 9.396926, 1, 1, 1, 3.420203, -100, -9.396927, 2, 2, 2, True
8.006234, -3.420202, 0, 9.396926, 1, 1, 1, 3.420203, -100, -9.396927, 2, 2, 2, True
8.010242, -3.420202, 0, 9.396926, 1, 1, 1, 3.420203, -100, -9.396927, 2, 2, 2, True
8.014287, -3.420202, 0, 9.396926, 1, 1, 1, 3.420203, -100, -9.396927, 2, 2, 2, True
8.018788, -3.420202, 0, 9.396926, 1, 1, 1, 3.420203, -100, -9.396927, 2, 2, 2, True
8.023453, -3.420202, 0, 9.396926, 1, 1, 1, 3.420203, -100, -9.396927, 2, 2, 2, True
8.030122, -3.420202, 0, 9.396926, 1, 1, 1, 3.420203, -100, -9.396927, 2, 2, 2, True
8.034021, -3.420202, 0, 9.396926, 1, 1, 1, 3.420203, -100, -9.396927, 2, 2, 2, True
8.038039, -3.420202, 0, 9.396926, 1, 1, 1, 3.420203, -100, -9.396927, 2, 2, 2, True
8.042127, -3.420202, 0, 9.396926, 1, 1, 1, 3.420203, -100, -9.396927, 2, 2, 2, True
8.04607, -3.420202, 0, 9.396926, 1, 1, 1, 3.420203, -100, -9.396927, 2, 2, 2, True
8.050544, -3.420202, 0, 9.396926, 1, 1, 1, 3.420203, -100, -9.396927, 2, 2, 2, True
8.054644, -3.420202, 0, 9.396926, 1, 1, 1, 3.420203, -100, -9.396927, 2, 2, 2, True
8.059566, -3.420202, 0, 9.396926, 1, 1, 1, 3.420203, -100, -9.396927, 2, 2, 2, True
8.066035, -3.420202, 0, 9.396926, 1, 1, 1, 3.420203, -100, -9.396927, 2, 2, 2, True
8.070153, -3.420202, 0, 9.396926, 1, 1, 1, 3.420203, -100, -9.396927, 2, 2, 2, True
8.074006, -3.420202, 0, 9.396926, 1, 1, 1, 3.420203, -100, -9.396927, 2, 2, 2, True
8.078053, -3.420202, 0, 9.396926, 1, 1, 1, 3.420203, -100, -9.396927, 2, 2, 2, True
8.082531, -3.420202, 0, 9.396926, 1, 1, 1, 3.420203, -100, -9.396927, 2, 2, 2, True
8.086375, -3.420202, 0, 9.396926, 1, 1, 1, 3.420203, -100, -9.396927, 2, 2, 2, True
8.091273, -3.420202, 0, 9.396926, 1, 1, 1, 3.420203, -100, -9.396927, 2, 2, 2, True
8.09853, -3.420202, 0, 9.396926, 1, 1, 1, 3.420203, -100, -9.396927, 2, 2, 2, True
8.101882, -3.420202, 0, 9.396926, 1, 1, 1, 3.420203, -100, -9.396927, 2, 2, 2, True
8.106152, -3.420202, 0, 9.396926, 1, 1, 1, 3.420203, -100, -9.396927, 2, 2, 2, True
8.110194, -3.420202, 0, 9.396926, 1, 1, 1, 3.420203, -100, -9.396927, 2, 2, 2, True
8.114165, -3.420202, 0, 9.396926, 1, 1, 1, 3.420203, -100, -9.396927, 2, 2, 2, True
8.118352, -3.420202, 0, 9.396926, 1, 1, 1, 3.420203, -100, -9.396927, 2, 2, 2, True
8.122499, -3.420202, 0, 9.396926, 1, 1, 1, 3.420203, -100, -9.396927, 2, 2, 2, True
8.12757, -3.420202, 0, 9.396926, 1, 1, 1, 3.420203, -100, -9.396927, 2, 2, 2, True
8.131683, -3.420202, 0, 9.396926, 1, 1, 1, 3.420203, -100, -9.396927, 2, 2, 2, True
8.138215, -3.420202, 0, 9.396926, 1, 1, 1, 3.420203, -100, -9.396927, 2, 2, 2, True
8.142043, -3.420202, 0, 9.396926, 1, 1, 1, 3.420203, -100, -9.396927, 2, 2, 2, True
8.146067, -3.420202, 0, 9.396926, 1, 1, 1, 3.420203, -100, -9.396927, 2, 2, 2, True
8.150122, -3.420202, 0, 9.396926, 1, 1, 1, 3.420203, -100, -9.396927, 2, 2, 2, True
8.154379, -3.420202, 0, 9.396926, 1, 1, 1, 3.420203, -100, -9.396927, 2, 2, 2, True
8.15828, -3.420202, 0, 9.396926, 1, 1, 1, 3.420203, -100, -9.396927, 2, 2, 2, True
8.162976, -3.420202, 0, 9.396926, 1, 1, 1, 3.420203, -100, -9.396927, 2, 2, 2, True
8.16746, -3.420202, 0, 9.396926, 1, 1, 1, 3.420203, -100, -9.396927, 2, 2, 2, True
8.171887, -3.420202, 0, 9.396926, 1, 1, 1, 3.420203, -100, -9.396927, 2, 2, 2, True
8.178419, -3.420202, 0, 9.396926, 1, 1, 1, 3.420203, -100, -9.396927, 2, 2, 2, True
8.182082, -3.420202, 0, 9.396926, 1, 1, 1, 3.420203, -100, -9.396927, 2, 2, 2, True
8.186015, -3.420202, 0, 9.396926, 1, 1, 1, 3.420203, -100, -9.396927, 2, 2, 2, True
8.190077, -3.420202, 0, 9.396926, 1, 1, 1, 3.420203, -100, -9.396927, 2, 2, 2, True
8.194385, -3.420202, 0, 9.396926, 1, 1, 1, 3.420203, -100, -9.396927, 2, 2, 2, True
8.199, -3.420202, 0, 9.396926, 1, 1, 1, 3.420203, -100, -9.396927, 2, 2, 2, True
8.203402, -3.420202, 0, 9.396926, 1, 1, 1, 3.420203, -100, -9.396927, 2, 2, 2, True
8.207881, -3.420202, 0, 9.396926, 1, 1, 1, 3.420203, -100, -9.396927, 2, 2, 2, True
8.214338, -3.420202, 0, 9.396926, 1, 1, 1, 3.420203, -100, -9.396927, 2, 2, 2, True
8.21801, -3.420202, 0, 9.396926, 1, 1, 1, 3.420203, -100, -9.396927, 2, 2, 2, True
8.221926, -3.420202, 0, 9.396926, 1, 1, 1, 3.420203, -100, -9.396927, 2, 2, 2, True
8.226197, -3.420202, 0, 9.396926, 1, 1, 1, 3.420203, -100, -9.396927, 2, 2, 2, True
8.230495, -3.420202, 0, 9.396926, 1, 1, 1, 3.420203, -100, -9.396927, 2, 2, 2, True
8.23501, -3.420202, 0, 9.396926, 1, 1, 1, 3.420203, -100, -9.396927, 2, 2, 2, True
8.242029, -3.420202, 0, 9.396926, 1, 1, 1, 3.420203, -100, -9.396927, 2, 2, 2, True
8.249845, -3.420202, 0, 9.396926, 1, 1, 1, 3.420203, -100, -9.396927, 2, 2, 2, True
8.25405, -3.420202, 0, 9.396926, 1, 1, 1, 3.420203, -100, -9.396927, 2, 2, 2, True
8.258176, -3.420202, 0, 9.396926, 1, 1, 1, 3.420203, -100, -9.396927, 2, 2, 2, True
8.262057, -3.420202, 0, 9.396926, 1, 1, 1, 3.420203, -100, -9.396927, 2, 2, 2, True
8.265955, -3.420202, 0, 9.396926, 1, 1, 1, 3.420203, -100, -9.396927, 2, 2, 2, True
8.27009, -3.420202, 0, 9.396926, 1, 1, 1, 3.420203, -100, -9.396927, 2, 2, 2, True
8.274075, -3.420202, 0, 9.396926, 1, 1, 1, 3.420203, -100, -9.396927, 2, 2, 2, True
8.278035, -3.420202, 0, 9.396926, 1, 1, 1, 3.420203, -100, -9.396927, 2, 2, 2, True
8.282248, -3.420202, 0, 9.396926, 1, 1, 1, 3.420203, -100, -9.396927, 2, 2, 2, True
8.286039, -3.420202, 0, 9.396926, 1, 1, 1, 3.420203, -100, -9.396927, 2, 2, 2, True
8.290101, -3.420202, 0, 9.396926, 1, 1, 1, 3.420203, -100, -9.396927, 2, 2, 2, True
8.293963, -3.420202, 0, 9.396926, 1, 1, 1, 3.420203, -100, -9.396927, 2, 2, 2, True
8.298244, -3.420202, 0, 9.396926, 1, 1, 1, 3.420203, -100, -9.396927, 2, 2, 2, True
8.302213, -3.420202, 0, 9.396926, 1, 1, 1, 3.420203, -100, -9.396927, 2, 2, 2, True
8.306704, -3.420202, 0, 9.396926, 1, 1, 1, 3.420203, -100, -9.396927, 2, 2, 2, True
8.321898, -3.420202, 0, 9.396926, 1, 1, 1, 3.420203, -100, -9.396927, 2, 2, 2, True
8.326054, -3.420202, 0, 9.396926, 1, 1, 1, 3.420203, -100, -9.396927, 2, 2, 2, True
8.329965, -3.420202, 0, 9.396926, 1, 1, 1, 3.420203, -100, -9.396927, 2, 2, 2, True
8.334202, -3.420202, 0, 9.396926, 1, 1, 1, 3.420203, -100, -9.396927, 2, 2, 2, True
8.338167, -3.420202, 0, 9.396926, 1, 1, 1, 3.420203, -100, -9.396927, 2, 2, 2, True
8.342122, -3.420202, 0, 9.396926, 1, 1, 1, 3.420203, -100, -9.396927, 2, 2, 2, True
8.346078, -3.420202, 0, 9.396926, 1, 1, 1, 3.420203, -100, -9.396927, 2, 2, 2, True
8.35007, -3.420202, 0, 9.396926, 1, 1, 1, 3.420203, -100, -9.396927, 2, 2, 2, True
8.354149, -3.420202, 0, 9.396926, 1, 1, 1, 3.420203, -100, -9.396927, 2, 2, 2, True
8.358029, -3.420202, 0, 9.396926, 1, 1, 1, 3.420203, -100, -9.396927, 2, 2, 2, True
8.362094, -3.420202, 0, 9.396926, 1, 1, 1, 3.420203, -100, -9.396927, 2, 2, 2, True
8.36596, -3.420202, 0, 9.396926, 1, 1, 1, 3.420203, -100, -9.396927, 2, 2, 2, True
8.370117, -3.420202, 0, 9.396926, 1, 1, 1, 3.420203, -100, -9.396927, 2, 2, 2, True
8.374115, -3.420202, 0, 9.396926, 1, 1, 1, 3.420203, -100, -9.396927, 2, 2, 2, True
8.37813, -3.420202, 0, 9.396926, 1, 1, 1, 3.420203, -100, -9.396927, 2, 2, 2, True
8.382318, -3.420202, 0, 9.396926, 1, 1, 1, 3.420203, -100, -9.396927, 2, 2, 2, True
8.386088, -3.420202, 0, 9.396926, 1, 1, 1, 3.420203, -100, -9.396927, 2, 2, 2, True
8.390032, -3.420202, 0, 9.396926, 1, 1, 1, 3.420203, -100, -9.396927, 2, 2, 2, True
8.394086, -3.420202, 0, 9.396926, 1, 1, 1, 3.420203, -100, -9.396927, 2, 2, 2, True
8.398004, -3.420202, 0, 9.396926, 1, 1, 1, 3.420203, -100, -9.396927, 2, 2, 2, True
8.402018, -3.420202, 0, 9.396926, 1, 1, 1, 3.420203, -100, -9.396927, 2, 2, 2, True
8.406122, -3.420202, 0, 9.396926, 1, 1, 1, 3.420203, -100, -9.396927, 2, 2, 2, True
8.410181, -3.420202, 0, 9.396926, 1, 1, 1, 3.420203, -100, -9.396927, 2, 2, 2, True
8.414166, -3.420202, 0, 9.396926, 1, 1, 1, 3.420203, -100, -9.396927, 2, 2, 2, True
8.418528, -3.420202, 0, 9.396926, 1, 1, 1, 3.420203, -100, -9.396927, 2, 2, 2, True
8.422685, -3.420202, 0, 9.396926, 1, 1, 1, 3.420203, -100, -9.396927, 2, 2, 2, True
8.427728, -3.420202, 0, 9.396926, 1, 1, 1, 3.420203, -100, -9.396927, 2, 2, 2, True
8.434228, -3.420202, 0, 9.396926, 1, 1, 1, 3.420203, -100, -9.396927, 2, 2, 2, True
8.437946, -3.420202, 0, 9.396926, 1, 1, 1, 3.420203, -100, -9.396927, 2, 2, 2, True
8.442098, -3.420202, 0, 9.396926, 1, 1, 1, 3.420203, -100, -9.396927, 2, 2, 2, True
8.446122, -3.420202, 0, 9.396926, 1, 1, 1, 3.420203, -100, -9.396927, 2, 2, 2, True
8.450096, -3.420202, 0, 9.396926, 1, 1, 1, 3.420203, -100, -9.396927, 2, 2, 2, True
8.4547, -3.420202, 0, 9.396926, 1, 1, 1, 3.420203, -100, -9.396927, 2, 2, 2, True
8.45886, -3.420202, 0, 9.396926, 1, 1, 1, 3.420203, -100, -9.396927, 2, 2, 2, True
8.463768, -3.420202, 0, 9.396926, 1, 1, 1, 3.420203, -100, -9.396927, 2, 2, 2, True
8.470476, -3.420202, 0, 9.396926, 1, 1, 1, 3.420203, -100, -9.396927, 2, 2, 2, True
8.474042, -3.420202, 0, 9.396926, 1, 1, 1, 3.420203, -100, -9.396927, 2, 2, 2, True
8.478084, -3.420202, 0, 9.396926, 1, 1, 1, 3.420203, -100, -9.396927, 2, 2, 2, True
8.482198, -3.420202, 0, 9.396926, 1, 1, 1, 3.420203, -100, -9.396927, 2, 2, 2, True
8.486373, -3.420202, 0, 9.396926, 1, 1, 1, 3.420203, -100, -9.396927, 2, 2, 2, True
8.490355, -3.420202, 0, 9.396926, 1, 1, 1, 3.420203, -100, -9.396927, 2, 2, 2, True
8.494995, -3.420202, 0, 9.396926, 1, 1, 1, 3.420203, -100, -9.396927, 2, 2, 2, True
8.499504, -3.420202, 0, 9.396926, 1, 1, 1, 3.420203, -100, -9.396927, 2, 2, 2, True
8.506416, -3.420202, 0, 9.396926, 1, 1, 1, 3.420203, -100, -9.396927, 2, 2, 2, True
8.510046, -3.420202, 0, 9.396926, 1, 1, 1, 3.420203, -100, -9.396927, 2, 2, 2, True
8.514138, -3.420202, 0, 9.396926, 1, 1, 1, 3.420203, -100, -9.396927, 2, 2, 2, True
8.518115, -3.420202, 0, 9.396926, 1, 1, 1, 3.420203, -100, -9.396927, 2, 2, 2, True
8.522307, -3.420202, 0, 9.396926, 1, 1, 1, 3.420203, -100, -9.396927, 2, 2, 2, True
8.526319, -3.420202, 0, 9.396926, 1, 1, 1, 3.420203, -100, -9.396927, 2, 2, 2, True
8.531013, -3.420202, 0, 9.396926, 1, 1, 1, 3.420203, -100, -9.396927, 2, 2, 2, True
8.535501, -3.420202, 0, 9.396926, 1, 1, 1, 3.420203, -100, -9.396927, 2, 2, 2, True
8.542476, -3.420202, 0, 9.396926, 1, 1, 1, 3.420203, -100, -9.396927, 2, 2, 2, True
8.545989, -3.420202, 0, 9.396926, 1, 1, 1, 3.420203, -100, -9.396927, 2, 2, 2, True
8.550041, -3.420202, 0, 9.396926, 1, 1, 1, 3.420203, -100, -9.396927, 2, 2, 2, True
8.554141, -3.420202, 0, 9.396926, 1, 1, 1, 3.420203, -100, -9.396927, 2, 2, 2, True
8.558061, -3.420202, 0, 9.396926, 1, 1, 1, 3.420203, -100, -9.396927, 2, 2, 2, True
8.562396, -3.420202, 0, 9.396926, 1, 1, 1, 3.420203, -100, -9.396927, 2, 2, 2, True
8.566862, -3.420202, 0, 9.396926, 1, 1, 1, 3.420203, -100, -9.396927, 2, 2, 2, True
8.57139, -3.420202, 0, 9.396926, 1, 1, 1, 3.420203, -100, -9.396927, 2, 2, 2, True
8.575854, -3.420202, 0, 9.396926, 1, 1, 1, 3.420203, -100, -9.396927, 2, 2, 2, True
8.582846, -3.420202, 0, 9.396926, 1, 1, 1, 3.420203, -100, -9.396927, 2, 2, 2, True
8.590089, -3.420202, 0, 9.396926, 1, 1, 1, 3.420203, -100, -9.396927, 2, 2, 2, True
8.594154, -3.420202, 0, 9.396926, 1, 1, 1, 3.420203, -100, -9.396927, 2, 2, 2, True
8.598197, -3.420202, 0, 9.396926, 1, 1, 1, 3.420203, -100, -9.396927, 2, 2, 2, True
8.602074, -3.420202, 0, 9.396926, 1, 1, 1, 3.420203, -100, -9.396927, 2, 2, 2, True
8.605914, -3.420202, 0, 9.396926, 1, 1, 1, 3.420203, -100, -9.396927, 2, 2, 2, True
8.61012, -3.420202, 0, 9.396926, 1, 1, 1, 3.420203, -100, -9.396927, 2, 2, 2, True
8.614014, -3.420202, 0, 9.396926, 1, 1, 1, 3.420203, -100, -9.396927, 2, 2, 2, True
8.618121, -3.420202, 0, 9.396926, 1, 1, 1, 3.420203, -100, -9.396927, 2, 2, 2, True
8.622102, -3.420202, 0, 9.396926, 1, 1, 1, 3.420203, -100, -9.396927, 2, 2, 2, True
8.626209, -3.420202, 0, 9.396926, 1, 1, 1, 3.420203, -100, -9.396927, 2, 2, 2, True
8.630543, -3.420202, 0, 9.396926, 1, 1, 1, 3.420203, -100, -9.396927, 2, 2, 2, True
8.634963, -3.420202, 0, 9.396926, 1, 1, 1, 3.420203, -100, -9.396927, 2, 2, 2, True
8.639133, -3.420202, 0, 9.396926, 1, 1, 1, 3.420203, -100, -9.396927, 2, 2, 2, True
8.643421, -3.420202, 0, 9.396926, 1, 1, 1, 3.420203, -100, -9.396927, 2, 2, 2, True
8.648122, -3.420202, 0, 9.396926, 1, 1, 1, 3.420203, -100, -9.396927, 2, 2, 2, True
8.654369, -3.420202, 0, 9.396926, 1, 1, 1, 3.420203, -100, -9.396927, 2, 2, 2, True
8.658055, -3.420202, 0, 9.396926, 1, 1, 1, 3.420203, -100, -9.396927, 2, 2, 2, True
8.662109, -3.420202, 0, 9.396926, 1, 1, 1, 3.420203, -100, -9.396927, 2, 2, 2, True
8.666218, -3.420202, 0, 9.396926, 1, 1, 1, 3.420203, -100, -9.396927, 2, 2, 2, True
8.670714, -3.420202, 0, 9.396926, 1, 1, 1, 3.420203, -100, -9.396927, 2, 2, 2, True
8.675179, -3.420202, 0, 9.396926, 1, 1, 1, 3.420203, -100, -9.396927, 2, 2, 2, True
8.683047, -3.420202, 0, 9.396926, 1, 1, 1, 3.420203, -100, -9.396927, 2, 2, 2, True
8.690234, -3.420202, 0, 9.396926, 1, 1, 1, 3.420203, -100, -9.396927, 2, 2, 2, True
8.694298, -3.420202, 0, 9.396926, 1, 1, 1, 3.420203, -100, -9.396927, 2, 2, 2, True
8.698105, -3.420202, 0, 9.396926, 1, 1, 1, 3.420203, -100, -9.396927, 2, 2, 2, True
8.702148, -3.420202, 0, 9.396926, 1, 1, 1, 3.420203, -100, -9.396927, 2, 2, 2, True
8.706111, -3.420202, 0, 9.396926, 1, 1, 1, 3.420203, -100, -9.396927, 2, 2, 2, True
8.710212, -3.420202, 0, 9.396926, 1, 1, 1, 3.420203, -100, -9.396927, 2, 2, 2, True
8.714107, -3.420202, 0, 9.396926, 1, 1, 1, 3.420203, -100, -9.396927, 2, 2, 2, True
8.718013, -3.420202, 0, 9.396926, 1, 1, 1, 3.420203, -100, -9.396927, 2, 2, 2, True
8.722188, -3.420202, 0, 9.396926, 1, 1, 1, 3.420203, -100, -9.396927, 2, 2, 2, True
8.726045, -3.420202, 0, 9.396926, 1, 1, 1, 3.420203, -100, -9.396927, 2, 2, 2, True
8.730081, -3.420202, 0, 9.396926, 1, 1, 1, 3.420203, -100, -9.396927, 2, 2, 2, True
8.734086, -3.420202, 0, 9.396926, 1, 1, 1, 3.420203, -100, -9.396927, 2, 2, 2, True
8.738325, -3.420202, 0, 9.396926, 1, 1, 1, 3.420203, -100, -9.396927, 2, 2, 2, True
8.742241, -3.420202, 0, 9.396926, 1, 1, 1, 3.420203, -100, -9.396927, 2, 2, 2, True
8.746953, -3.420202, 0, 9.396926, 1, 1, 1, 3.420203, -100, -9.396927, 2, 2, 2, True
8.751455, -3.420202, 0, 9.396926, 1, 1, 1, 3.420203, -100, -9.396927, 2, 2, 2, True
8.758481, -3.420202, 0, 9.396926, 1, 1, 1, 3.420203, -100, -9.396927, 2, 2, 2, True
8.761971, -3.420202, 0, 9.396926, 1, 1, 1, 3.420203, -100, -9.396927, 2, 2, 2, True
8.766163, -3.420202, 0, 9.396926, 1, 1, 1, 3.420203, -100, -9.396927, 2, 2, 2, True
8.770106, -3.420202, 0, 9.396926, 1, 1, 1, 3.420203, -100, -9.396927, 2, 2, 2, True
8.774598, -3.420202, 0, 9.396926, 1, 1, 1, 3.420203, -100, -9.396927, 2, 2, 2, True
8.779091, -3.420202, 0, 9.396926, 1, 1, 1, 3.420203, -100, -9.396927, 2, 2, 2, True
8.783509, -3.420202, 0, 9.396926, 1, 1, 1, 3.420203, -100, -9.396927, 2, 2, 2, True
8.787618, -3.420202, 0, 9.396926, 1, 1, 1, 3.420203, -100, -9.396927, 2, 2, 2, True
8.794205, -3.420202, 0, 9.396926, 1, 1, 1, 3.420203, -100, -9.396927, 2, 2, 2, True
8.797992, -3.420202, 0, 9.396926, 1, 1, 1, 3.420203, -100, -9.396927, 2, 2, 2, True
8.802208, -3.420202, 0, 9.396926, 1, 1, 1, 3.420203, -100, -9.396927, 2, 2, 2, True
8.806138, -3.420202, 0, 9.396926, 1, 1, 1, 3.420203, -100, -9.396927, 2, 2, 2, True
8.810509, -3.420202, 0, 9.396926, 1, 1, 1, 3.420203, -100, -9.396927, 2, 2, 2, True
8.814627, -3.420202, 0, 9.396926, 1, 1, 1, 3.420203, -100, -9.396927, 2, 2, 2, True
8.819115, -3.420202, 0, 9.396926, 1, 1, 1, 3.420203, -100, -9.396927, 2, 2, 2, True
8.823308, -3.420202, 0, 9.396926, 1, 1, 1, 3.420203, -100, -9.396927, 2, 2, 2, True
8.827727, -3.420202, 0, 9.396926, 1, 1, 1, 3.420203, -100, -9.396927, 2, 2, 2, True
8.834138, -3.420202, 0, 9.396926, 1, 1, 1, 3.420203, -100, -9.396927, 2, 2, 2, True
8.838177, -3.420202, 0, 9.396926, 1, 1, 1, 3.420203, -100, -9.396927, 2, 2, 2, True
8.841964, -3.420202, 0, 9.396926, 1, 1, 1, 3.420203, -100, -9.396927, 2, 2, 2, True
8.846043, -3.420202, 0, 9.396926, 1, 1, 1, 3.420203, -100, -9.396927, 2, 2, 2, True
8.850357, -3.420202, 0, 9.396926, 1, 1, 1, 3.420203, -100, -9.396927, 2, 2, 2, True
8.854857, -3.420202, 0, 9.396926, 1, 1, 1, 3.420203, -100, -9.396927, 2, 2, 2, True
8.859298, -3.420202, 0, 9.396926, 1, 1, 1, 3.420203, -100, -9.396927, 2, 2, 2, True
8.865838, -3.420202, 0, 9.396926, 1, 1, 1, 3.420203, -100, -9.396927, 2, 2, 2, True
8.874189, -3.420202, 0, 9.396926, 1, 1, 1, 3.420203, -100, -9.396927, 2, 2, 2, True
8.878139, -3.420202, 0, 9.396926, 1, 1, 1, 3.420203, -100, -9.396927, 2, 2, 2, True
8.882289, -3.420202, 0, 9.396926, 1, 1, 1, 3.420203, -100, -9.396927, 2, 2, 2, True
8.896991, -3.420202, 0, 9.396926, 1, 1, 1, 3.420203, -100, -9.396927, 2, 2, 2, True
8.902276, -3.420202, 0, 9.396926, 1, 1, 1, 3.420203, -100, -9.396927, 2, 2, 2, True
8.906, -3.420202, 0, 9.396926, 1, 1, 1, 3.420203, -100, -9.396927, 2, 2, 2, True
8.91019, -3.420202, 0, 9.396926, 1, 1, 1, 3.420203, -100, -9.396927, 2, 2, 2, True
8.914061, -3.420202, 0, 9.396926, 1, 1, 1, 3.420203, -100, -9.396927, 2, 2, 2, True
8.918191, -3.420202, 0, 9.396926, 1, 1, 1, 3.420203, -100, -9.396927, 2, 2, 2, True
8.922132, -3.420202, 0, 9.396926, 1, 1, 1, 3.420203, -100, -9.396927, 2, 2, 2, True
8.926085, -3.420202, 0, 9.396926, 1, 1, 1, 3.420203, -100, -9.396927, 2, 2, 2, True
8.930131, -3.420202, 0, 9.396926, 1, 1, 1, 3.420203, -100, -9.396927, 2, 2, 2, True
8.933988, -3.420202, 0, 9.396926, 1, 1, 1, 3.420203, -100, -9.396927, 2, 2, 2, True
8.938044, -3.420202, 0, 9.396926, 1, 1, 1, 3.420203, -100, -9.396927, 2, 2, 2, True
8.94205, -3.420202, 0, 9.396926, 1, 1, 1, 3.420203, -100, -9.396927, 2, 2, 2, True
8.946019, -3.420202, 0, 9.396926, 1, 1, 1, 3.420203, -100, -9.396927, 2, 2, 2, True
8.950044, -3.420202, 0, 9.396926, 1, 1, 1, 3.420203, -100, -9.396927, 2, 2, 2, True
8.954121, -3.420202, 0, 9.396926, 1, 1, 1, 3.420203, -100, -9.396927, 2, 2, 2, True
8.958163, -3.420202, 0, 9.396926, 1, 1, 1, 3.420203, -100, -9.396927, 2, 2, 2, True
8.962173, -3.420202, 0, 9.396926, 1, 1, 1, 3.420203, -100, -9.396927, 2, 2, 2, True
8.965941, -3.420202, 0, 9.396926, 1, 1, 1, 3.420203, -100, -9.396927, 2, 2, 2, True
8.970164, -3.420202, 0, 9.396926, 1, 1, 1, 3.420203, -100, -9.396927, 2, 2, 2, True
8.973976, -3.420202, 0, 9.396926, 1, 1, 1, 3.420203, -100, -9.396927, 2, 2, 2, True
8.978041, -3.420202, 0, 9.396926, 1, 1, 1, 3.420203, -100, -9.396927, 2, 2, 2, True
8.982169, -3.420202, 0, 9.396926, 1, 1, 1, 3.420203, -100, -9.396927, 2, 2, 2, True
8.986002, -3.420202, 0, 9.396926, 1, 1, 1, 3.420203, -100, -9.396927, 2, 2, 2, True
8.990171, -3.420202, 0, 9.396926, 1, 1, 1, 3.420203, -100, -9.396927, 2, 2, 2, True
8.994027, -3.420202, 0, 9.396926, 1, 1, 1, 3.420203, -100, -9.396927, 2, 2, 2, True
8.998181, -3.420202, 0, 9.396926, 1, 1, 1, 3.420203, -100, -9.396927, 2, 2, 2, True
9.002116, -3.420202, 0, 9.396926, 1, 1, 1, 3.420203, -100, -9.396927, 2, 2, 2, True
9.006185, -3.420202, 0, 9.396926, 1, 1, 1, 3.420203, -100, -9.396927, 2, 2, 2, True
9.010664, -3.420202, 0, 9.396926, 1, 1, 1, 3.420203, -100, -9.396927, 2, 2, 2, True
9.015227, -3.420202, 0, 9.396926, 1, 1, 1, 3.420203, -100, -9.396927, 2, 2, 2, True
9.019711, -3.420202, 0, 9.396926, 1, 1, 1, 3.420203, -100, -9.396927, 2, 2, 2, True
9.02605, -3.420202, 0, 9.396926, 1, 1, 1, 3.420203, -100, -9.396927, 2, 2, 2, True
9.030092, -3.420202, 0, 9.396926, 1, 1, 1, 3.420203, -100, -9.396927, 2, 2, 2, True
9.03392, -3.420202, 0, 9.396926, 1, 1, 1, 3.420203, -100, -9.396927, 2, 2, 2, True
9.038134, -3.420202, 0, 9.396926, 1, 1, 1, 3.420203, -100, -9.396927, 2, 2, 2, True
9.042176, -3.420202, 0, 9.396926, 1, 1, 1, 3.420203, -100, -9.396927, 2, 2, 2, True
9.046809, -3.420202, 0, 9.396926, 1, 1, 1, 3.420203, -100, -9.396927, 2, 2, 2, True
9.051267, -3.420202, 0, 9.396926, 1, 1, 1, 3.420203, -100, -9.396927, 2, 2, 2, True
9.055697, -3.420202, 0, 9.396926, 1, 1, 1, 3.420203, -100, -9.396927, 2, 2, 2, True
9.062375, -3.420202, 0, 9.396926, 1, 1, 1, 3.420203, -100, -9.396927, 2, 2, 2, True
9.066113, -3.420202, 0, 9.396926, 1, 1, 1, 3.420203, -100, -9.396927, 2, 2, 2, True
9.069903, -3.420202, 0, 9.396926, 1, 1, 1, 3.420203, -100, -9.396927, 2, 2, 2, True
9.073983, -3.420202, 0, 9.396926, 1, 1, 1, 3.420203, -100, -9.396927, 2, 2, 2, True
9.078738, -3.420202, 0, 9.396926, 1, 1, 1, 3.420203, -100, -9.396927, 2, 2, 2, True
9.082921, -3.420202, 0, 9.396926, 1, 1, 1, 3.420203, -100, -9.396927, 2, 2, 2, True
9.08742, -3.420202, 0, 9.396926, 1, 1, 1, 3.420203, -100, -9.396927, 2, 2, 2, True
9.0916, -3.420202, 0, 9.396926, 1, 1, 1, 3.420203, -100, -9.396927, 2, 2, 2, True
9.098668, -3.420202, 0, 9.396926, 1, 1, 1, 3.420203, -100, -9.396927, 2, 2, 2, True
9.101954, -3.420202, 0, 9.396926, 1, 1, 1, 3.420203, -100, -9.396927, 2, 2, 2, True
9.106149, -3.420202, 0, 9.396926, 1, 1, 1, 3.420203, -100, -9.396927, 2, 2, 2, True
9.110011, -3.420202, 0, 9.396926, 1, 1, 1, 3.420203, -100, -9.396927, 2, 2, 2, True
9.114244, -3.420202, 0, 9.396926, 1, 1, 1, 3.420203, -100, -9.396927, 2, 2, 2, True
9.119188, -3.420202, 0, 9.396926, 1, 1, 1, 3.420203, -100, -9.396927, 2, 2, 2, True
9.123304, -3.420202, 0, 9.396926, 1, 1, 1, 3.420203, -100, -9.396927, 2, 2, 2, True
9.128348, -3.420202, 0, 9.396926, 1, 1, 1, 3.420203, -100, -9.396927, 2, 2, 2, True
9.134129, -3.420202, 0, 9.396926, 1, 1, 1, 3.420203, -100, -9.396927, 2, 2, 2, True
9.138046, -3.420202, 0, 9.396926, 1, 1, 1, 3.420203, -100, -9.396927, 2, 2, 2, True
9.14219, -3.420202, 0, 9.396926, 1, 1, 1, 3.420203, -100, -9.396927, 2, 2, 2, True
9.146029, -3.420202, 0, 9.396926, 1, 1, 1, 3.420203, -100, -9.396927, 2, 2, 2, True
9.150248, -3.420202, 0, 9.396926, 1, 1, 1, 3.420203, -100, -9.396927, 2, 2, 2, True
9.154766, -3.420202, 0, 9.396926, 1, 1, 1, 3.420203, -100, -9.396927, 2, 2, 2, True
9.1592, -3.420202, 0, 9.396926, 1, 1, 1, 3.420203, -100, -9.396927, 2, 2, 2, True
9.166235, -3.420202, 0, 9.396926, 1, 1, 1, 3.420203, -100, -9.396927, 2, 2, 2, True
9.169971, -3.420202, 0, 9.396926, 1, 1, 1, 3.420203, -100, -9.396927, 2, 2, 2, True
9.174047, -3.420202, 0, 9.396926, 1, 1, 1, 3.420203, -100, -9.396927, 2, 2, 2, True
9.177981, -3.420202, 0, 9.396926, 1, 1, 1, 3.420203, -100, -9.396927, 2, 2, 2, True
9.182089, -3.420202, 0, 9.396926, 1, 1, 1, 3.420203, -100, -9.396927, 2, 2, 2, True
9.186324, -3.420202, 0, 9.396926, 1, 1, 1, 3.420203, -100, -9.396927, 2, 2, 2, True
9.190599, -3.420202, 0, 9.396926, 1, 1, 1, 3.420203, -100, -9.396927, 2, 2, 2, True
9.195493, -3.420202, 0, 9.396926, 1, 1, 1, 3.420203, -100, -9.396927, 2, 2, 2, True
9.202485, -3.420202, 0, 9.396926, 1, 1, 1, 3.420203, -100, -9.396927, 2, 2, 2, True
9.205923, -3.420202, 0, 9.396926, 1, 1, 1, 3.420203, -100, -9.396927, 2, 2, 2, True
9.210131, -3.420202, 0, 9.396926, 1, 1, 1, 3.420203, -100, -9.396927, 2, 2, 2, True
9.21411, -3.420202, 0, 9.396926, 1, 1, 1, 3.420203, -100, -9.396927, 2, 2, 2, True
9.218202, -3.420202, 0, 9.396926, 1, 1, 1, 3.420203, -100, -9.396927, 2, 2, 2, True
9.222494, -3.420202, 0, 9.396926, 1, 1, 1, 3.420203, -100, -9.396927, 2, 2, 2, True
9.226401, -3.420202, 0, 9.396926, 1, 1, 1, 3.420203, -100, -9.396927, 2, 2, 2, True
9.231185, -3.420202, 0, 9.396926, 1, 1, 1, 3.420203, -100, -9.396927, 2, 2, 2, True
9.235636, -3.420202, 0, 9.396926, 1, 1, 1, 3.420203, -100, -9.396927, 2, 2, 2, True
9.2421, -3.420202, 0, 9.396926, 1, 1, 1, 3.420203, -100, -9.396927, 2, 2, 2, True
9.245963, -3.420202, 0, 9.396926, 1, 1, 1, 3.420203, -100, -9.396927, 2, 2, 2, True
9.250212, -3.420202, 0, 9.396926, 1, 1, 1, 3.420203, -100, -9.396927, 2, 2, 2, True
9.254169, -3.420202, 0, 9.396926, 1, 1, 1, 3.420203, -100, -9.396927, 2, 2, 2, True
9.258286, -3.420202, 0, 9.396926, 1, 1, 1, 3.420203, -100, -9.396927, 2, 2, 2, True
9.262864, -3.420202, 0, 9.396926, 1, 1, 1, 3.420203, -100, -9.396927, 2, 2, 2, True
9.267187, -3.420202, 0, 9.396926, 1, 1, 1, 3.420203, -100, -9.396927, 2, 2, 2, True
9.271227, -3.420202, 0, 9.396926, 1, 1, 1, 3.420203, -100, -9.396927, 2, 2, 2, True
9.275594, -3.420202, 0, 9.396926, 1, 1, 1, 3.420203, -100, -9.396927, 2, 2, 2, True
9.282992, -3.420202, 0, 9.396926, 1, 1, 1, 3.420203, -100, -9.396927, 2, 2, 2, True
9.290264, -3.420202, 0, 9.396926, 1, 1, 1, 3.420203, -100, -9.396927, 2, 2, 2, True
9.294487, -3.420202, 0, 9.396926, 1, 1, 1, 3.420203, -100, -9.396927, 2, 2, 2, True
9.297963, -3.420202, 0, 9.396926, 1, 1, 1, 3.420203, -100, -9.396927, 2, 2, 2, True
9.302147, -3.420202, 0, 9.396926, 1, 1, 1, 3.420203, -100, -9.396927, 2, 2, 2, True
9.306005, -3.420202, 0, 9.396926, 1, 1, 1, 3.420203, -100, -9.396927, 2, 2, 2, True
9.310168, -3.420202, 0, 9.396926, 1, 1, 1, 3.420203, -100, -9.396927, 2, 2, 2, True
9.314031, -3.420202, 0, 9.396926, 1, 1, 1, 3.420203, -100, -9.396927, 2, 2, 2, True
9.318021, -3.420202, 0, 9.396926, 1, 1, 1, 3.420203, -100, -9.396927, 2, 2, 2, True
9.322135, -3.420202, 0, 9.396926, 1, 1, 1, 3.420203, -100, -9.396927, 2, 2, 2, True
9.326118, -3.420202, 0, 9.396926, 1, 1, 1, 3.420203, -100, -9.396927, 2, 2, 2, True
9.330177, -3.420202, 0, 9.396926, 1, 1, 1, 3.420203, -100, -9.396927, 2, 2, 2, True
9.334228, -3.420202, 0, 9.396926, 1, 1, 1, 3.420203, -100, -9.396927, 2, 2, 2, True
9.338728, -3.420202, 0, 9.396926, 1, 1, 1, 3.420203, -100, -9.396927, 2, 2, 2, True
9.343156, -3.420202, 0, 9.396926, 1, 1, 1, 3.420203, -100, -9.396927, 2, 2, 2, True
9.347727, -3.420202, 0, 9.396926, 1, 1, 1, 3.420203, -100, -9.396927, 2, 2, 2, True
9.354389, -3.420202, 0, 9.396926, 1, 1, 1, 3.420203, -100, -9.396927, 2, 2, 2, True
9.358074, -3.420202, 0, 9.396926, 1, 1, 1, 3.420203, -100, -9.396927, 2, 2, 2, True
9.362033, -3.420202, 0, 9.396926, 1, 1, 1, 3.420203, -100, -9.396927, 2, 2, 2, True
9.36622, -3.420202, 0, 9.396926, 1, 1, 1, 3.420203, -100, -9.396927, 2, 2, 2, True
9.370351, -3.420202, 0, 9.396926, 1, 1, 1, 3.420203, -100, -9.396927, 2, 2, 2, True
9.375271, -3.420202, 0, 9.396926, 1, 1, 1, 3.420203, -100, -9.396927, 2, 2, 2, True
9.379865, -3.420202, 0, 9.396926, 1, 1, 1, 3.420203, -100, -9.396927, 2, 2, 2, True
9.38649, -3.420202, 0, 9.396926, 1, 1, 1, 3.420203, -100, -9.396927, 2, 2, 2, True
9.389909, -3.420202, 0, 9.396926, 1, 1, 1, 3.420203, -100, -9.396927, 2, 2, 2, True
9.394019, -3.420202, 0, 9.396926, 1, 1, 1, 3.420203, -100, -9.396927, 2, 2, 2, True
9.398211, -3.420202, 0, 9.396926, 1, 1, 1, 3.420203, -100, -9.396927, 2, 2, 2, True
9.402206, -3.420202, 0, 9.396926, 1, 1, 1, 3.420203, -100, -9.396927, 2, 2, 2, True
9.40652, -3.420202, 0, 9.396926, 1, 1, 1, 3.420203, -100, -9.396927, 2, 2, 2, True
9.410644, -3.420202, 0, 9.396926, 1, 1, 1, 3.420203, -100, -9.396927, 2, 2, 2, True
9.415247, -3.420202, 0, 9.396926, 1, 1, 1, 3.420203, -100, -9.396927, 2, 2, 2, True
9.420103, -3.420202, 0, 9.396926, 1, 1, 1, 3.420203, -100, -9.396927, 2, 2, 2, True
9.426021, -3.420202, 0, 9.396926, 1, 1, 1, 3.420203, -100, -9.396927, 2, 2, 2, True
9.429953, -3.420202, 0, 9.396926, 1, 1, 1, 3.420203, -100, -9.396927, 2, 2, 2, True
9.433974, -3.420202, 0, 9.396926, 1, 1, 1, 3.420203, -100, -9.396927, 2, 2, 2, True
9.43822, -3.420202, 0, 9.396926, 1, 1, 1, 3.420203, -100, -9.396927, 2, 2, 2, True
9.442157, -3.420202, 0, 9.396926, 1, 1, 1, 3.420203, -100, -9.396927, 2, 2, 2, True
9.446887, -3.420202, 0, 9.396926, 1, 1, 1, 3.420203, -100, -9.396927, 2, 2, 2, True
9.451411, -3.420202, 0, 9.396926, 1, 1, 1, 3.420203, -100, -9.396927, 2, 2, 2, True
9.458408, -3.420202, 0, 9.396926, 1, 1, 1, 3.420203, -100, -9.396927, 2, 2, 2, True
9.461905, -3.420202, 0, 9.396926, 1, 1, 1, 3.420203, -100, -9.396927, 2, 2, 2, True
9.466084, -3.420202, 0, 9.396926, 1, 1, 1, 3.420203, -100, -9.396927, 2, 2, 2, True
9.480147, -3.420202, 0, 9.396926, 1, 1, 1, 3.420203, -100, -9.396927, 2, 2, 2, True
9.486472, -3.420202, 0, 9.396926, 1, 1, 1, 3.420203, -100, -9.396927, 2, 2, 2, True
9.489975, -3.420202, 0, 9.396926, 1, 1, 1, 3.420203, -100, -9.396927, 2, 2, 2, True
9.494189, -3.420202, 0, 9.396926, 1, 1, 1, 3.420203, -100, -9.396927, 2, 2, 2, True
9.498097, -3.420202, 0, 9.396926, 1, 1, 1, 3.420203, -100, -9.396927, 2, 2, 2, True
9.502117, -3.420202, 0, 9.396926, 1, 1, 1, 3.420203, -100, -9.396927, 2, 2, 2, True
9.506193, -3.420202, 0, 9.396926, 1, 1, 1, 3.420203, -100, -9.396927, 2, 2, 2, True
9.514193, -3.420202, 0, 9.396926, 1, 1, 1, 3.420203, -100, -9.396927, 2, 2, 2, True
9.521927, -3.420202, 0, 9.396926, 1, 1, 1, 3.420203, -100, -9.396927, 2, 2, 2, True
9.526055, -3.420202, 0, 9.396926, 1, 1, 1, 3.420203, -100, -9.396927, 2, 2, 2, True
9.53008, -3.420202, 0, 9.396926, 1, 1, 1, 3.420203, -100, -9.396927, 2, 2, 2, True
9.534183, -3.420202, 0, 9.396926, 1, 1, 1, 3.420203, -100, -9.396927, 2, 2, 2, True
9.538015, -3.420202, 0, 9.396926, 1, 1, 1, 3.420203, -100, -9.396927, 2, 2, 2, True
9.542238, -3.420202, 0, 9.396926, 1, 1, 1, 3.420203, -100, -9.396927, 2, 2, 2, True
9.546306, -3.420202, 0, 9.396926, 1, 1, 1, 3.420203, -100, -9.396927, 2, 2, 2, True
9.550061, -3.420202, 0, 9.396926, 1, 1, 1, 3.420203, -100, -9.396927, 2, 2, 2, True
9.554172, -3.420202, 0, 9.396926, 1, 1, 1, 3.420203, -100, -9.396927, 2, 2, 2, True
9.558045, -3.420202, 0, 9.396926, 1, 1, 1, 3.420203, -100, -9.396927, 2, 2, 2, True
9.562022, -3.420202, 0, 9.396926, 1, 1, 1, 3.420203, -100, -9.396927, 2, 2, 2, True
9.565987, -3.420202, 0, 9.396926, 1, 1, 1, 3.420203, -100, -9.396927, 2, 2, 2, True
9.570018, -3.420202, 0, 9.396926, 1, 1, 1, 3.420203, -100, -9.396927, 2, 2, 2, True
9.573996, -3.420202, 0, 9.396926, 1, 1, 1, 3.420203, -100, -9.396927, 2, 2, 2, True
9.578044, -3.420202, 0, 9.396926, 1, 1, 1, 3.420203, -100, -9.396927, 2, 2, 2, True
9.582314, -3.420202, 0, 9.396926, 1, 1, 1, 3.420203, -100, -9.396927, 2, 2, 2, True
9.586196, -3.420202, 0, 9.396926, 1, 1, 1, 3.420203, -100, -9.396927, 2, 2, 2, True
9.590117, -3.420202, 0, 9.396926, 1, 1, 1, 3.420203, -100, -9.396927, 2, 2, 2, True
9.594006, -3.420202, 0, 9.396926, 1, 1, 1, 3.420203, -100, -9.396927, 2, 2, 2, True
9.598133, -3.420202, 0, 9.396926, 1, 1, 1, 3.420203, -100, -9.396927, 2, 2, 2, True
9.602023, -3.420202, 0, 9.396926, 1, 1, 1, 3.420203, -100, -9.396927, 2, 2, 2, True
9.605997, -3.420202, 0, 9.396926, 1, 1, 1, 3.420203, -100, -9.396927, 2, 2, 2, True
9.610141, -3.420202, 0, 9.396926, 1, 1, 1, 3.420203, -100, -9.396927, 2, 2, 2, True
9.614026, -3.420202, 0, 9.396926, 1, 1, 1, 3.420203, -100, -9.396927, 2, 2, 2, True
9.617993, -3.420202, 0, 9.396926, 1, 1, 1, 3.420203, -100, -9.396927, 2, 2, 2, True
9.622558, -3.420202, 0, 9.396926, 1, 1, 1, 3.420203, -100, -9.396927, 2, 2, 2, True
9.626744, -3.420202, 0, 9.396926, 1, 1, 1, 3.420203, -100, -9.396927, 2, 2, 2, True
9.631466, -3.420202, 0, 9.396926, 1, 1, 1, 3.420203, -100, -9.396927, 2, 2, 2, True
9.635958, -3.420202, 0, 9.396926, 1, 1, 1, 3.420203, -100, -9.396927, 2, 2, 2, True
9.642437, -3.420202, 0, 9.396926, 1, 1, 1, 3.420203, -100, -9.396927, 2, 2, 2, True
9.646013, -3.420202, 0, 9.396926, 1, 1, 1, 3.420203, -100, -9.396927, 2, 2, 2, True
9.650122, -3.420202, 0, 9.396926, 1, 1, 1, 3.420203, -100, -9.396927, 2, 2, 2, True
9.654398, -3.420202, 0, 9.396926, 1, 1, 1, 3.420203, -100, -9.396927, 2, 2, 2, True
9.658349, -3.420202, 0, 9.396926, 1, 1, 1, 3.420203, -100, -9.396927, 2, 2, 2, True
9.663201, -3.420202, 0, 9.396926, 1, 1, 1, 3.420203, -100, -9.396927, 2, 2, 2, True
9.667645, -3.420202, 0, 9.396926, 1, 1, 1, 3.420203, -100, -9.396927, 2, 2, 2, True
9.67448, -3.420202, 0, 9.396926, 1, 1, 1, 3.420203, -100, -9.396927, 2, 2, 2, True
9.678018, -3.420202, 0, 9.396926, 1, 1, 1, 3.420203, -100, -9.396927, 2, 2, 2, True
9.682076, -3.420202, 0, 9.396926, 1, 1, 1, 3.420203, -100, -9.396927, 2, 2, 2, True
9.686166, -3.420202, 0, 9.396926, 1, 1, 1, 3.420203, -100, -9.396927, 2, 2, 2, True
9.69072, -3.420202, 0, 9.396926, 1, 1, 1, 3.420203, -100, -9.396927, 2, 2, 2, True
9.69525, -3.420202, 0, 9.396926, 1, 1, 1, 3.420203, -100, -9.396927, 2, 2, 2, True
9.699591, -3.420202, 0, 9.396926, 1, 1, 1, 3.420203, -100, -9.396927, 2, 2, 2, True
9.706536, -3.420202, 0, 9.396926, 1, 1, 1, 3.420203, -100, -9.396927, 2, 2, 2, True
9.7106, -3.420202, 0, 9.396926, 1, 1, 1, 3.420203, -100, -9.396927, 2, 2, 2, True
9.714071, -3.420202, 0, 9.396926, 1, 1, 1, 3.420203, -100, -9.396927, 2, 2, 2, True
9.718016, -3.420202, 0, 9.396926, 1, 1, 1, 3.420203, -100, -9.396927, 2, 2, 2, True
9.722116, -3.420202, 0, 9.396926, 1, 1, 1, 3.420203, -100, -9.396927, 2, 2, 2, True
9.726106, -3.420202, 0, 9.396926, 1, 1, 1, 3.420203, -100, -9.396927, 2, 2, 2, True
9.730896, -3.420202, 0, 9.396926, 1, 1, 1, 3.420203, -100, -9.396927, 2, 2, 2, True
9.734886, -3.420202, 0, 9.396926, 1, 1, 1, 3.420203, -100, -9.396927, 2, 2, 2, True
9.739362, -3.420202, 0, 9.396926, 1, 1, 1, 3.420203, -100, -9.396927, 2, 2, 2, True
9.743896, -3.420202, 0, 9.396926, 1, 1, 1, 3.420203, -100, -9.396927, 2, 2, 2, True
9.750225, -3.420202, 0, 9.396926, 1, 1, 1, 3.420203, -100, -9.396927, 2, 2, 2, True
9.753956, -3.420202, 0, 9.396926, 1, 1, 1, 3.420203, -100, -9.396927, 2, 2, 2, True
9.758165, -3.420202, 0, 9.396926, 1, 1, 1, 3.420203, -100, -9.396927, 2, 2, 2, True
9.762436, -3.420202, 0, 9.396926, 1, 1, 1, 3.420203, -100, -9.396927, 2, 2, 2, True
9.766646, -3.420202, 0, 9.396926, 1, 1, 1, 3.420203, -100, -9.396927, 2, 2, 2, True
9.771136, -3.420202, 0, 9.396926, 1, 1, 1, 3.420203, -100, -9.396927, 2, 2, 2, True
9.775311, -3.420202, 0, 9.396926, 1, 1, 1, 3.420203, -100, -9.396927, 2, 2, 2, True
9.780003, -3.420202, 0, 9.396926, 1, 1, 1, 3.420203, -100, -9.396927, 2, 2, 2, True
9.786442, -3.420202, 0, 9.396926, 1, 1, 1, 3.420203, -100, -9.396927, 2, 2, 2, True
9.79, -3.420202, 0, 9.396926, 1, 1, 1, 3.420203, -100, -9.396927, 2, 2, 2, True
9.794033, -3.420202, 0, 9.396926, 1, 1, 1, 3.420203, -100, -9.396927, 2, 2, 2, True
9.798203, -3.420202, 0, 9.396926, 1, 1, 1, 3.420203, -100, -9.396927, 2, 2, 2, True
9.802424, -3.420202, 0, 9.396926, 1, 1, 1, 3.420203, -100, -9.396927, 2, 2, 2, True
9.80632, -3.420202, 0, 9.396926, 1, 1, 1, 3.420203, -100, -9.396927, 2, 2, 2, True
9.810885, -3.420202, 0, 9.396926, 1, 1, 1, 3.420203, -100, -9.396927, 2, 2, 2, True
9.81548, -3.420202, 0, 9.396926, 1, 1, 1, 3.420203, -100, -9.396927, 2, 2, 2, True
9.819975, -3.420202, 0, 9.396926, 1, 1, 1, 3.420203, -100, -9.396927, 2, 2, 2, True
9.826032, -3.420202, 0, 9.396926, 1, 1, 1, 3.420203, -100, -9.396927, 2, 2, 2, True
9.830059, -3.420202, 0, 9.396926, 1, 1, 1, 3.420203, -100, -9.396927, 2, 2, 2, True
9.834059, -3.420202, 0, 9.396926, 1, 1, 1, 3.420203, -100, -9.396927, 2, 2, 2, True
9.83841, -3.420202, 0, 9.396926, 1, 1, 1, 3.420203, -100, -9.396927, 2, 2, 2, True
9.842376, -3.420202, 0, 9.396926, 1, 1, 1, 3.420203, -100, -9.396927, 2, 2, 2, True
9.847036, -3.420202, 0, 9.396926, 1, 1, 1, 3.420203, -100, -9.396927, 2, 2, 2, True
9.851533, -3.420202, 0, 9.396926, 1, 1, 1, 3.420203, -100, -9.396927, 2, 2, 2, True
9.858685, -3.420202, 0, 9.396926, 1, 1, 1, 3.420203, -100, -9.396927, 2, 2, 2, True
9.866426, -3.420202, 0, 9.396926, 1, 1, 1, 3.420203, -100, -9.396927, 2, 2, 2, True
9.874734, -3.420202, 0, 9.396926, 1, 1, 1, 3.420203, -100, -9.396927, 2, 2, 2, True
9.883347, -3.420202, 0, 9.396926, 1, 1, 1, 3.420203, -100, -9.396927, 2, 2, 2, True
9.890701, -3.420202, 0, 9.396926, 1, 1, 1, 3.420203, -100, -9.396927, 2, 2, 2, True
9.898747, -3.420202, 0, 9.396926, 1, 1, 1, 3.420203, -100, -9.396927, 2, 2, 2, True
9.906597, -3.420202, 0, 9.396926, 1, 1, 1, 3.420203, -100, -9.396927, 2, 2, 2, True
9.914825, -3.420202, 0, 9.396926, 1, 1, 1, 3.420203, -100, -9.396927, 2, 2, 2, True
9.9224, -3.420202, 0, 9.396926, 1, 1, 1, 3.420203, -100, -9.396927, 2, 2, 2, True
9.930648, -3.420202, 0, 9.396926, 1, 1, 1, 3.420203, -100, -9.396927, 2, 2, 2, True
9.938788, -3.420202, 0, 9.396926, 1, 1, 1, 3.420203, -100, -9.396927, 2, 2, 2, True
9.946605, -3.420202, 0, 9.396926, 1, 1, 1, 3.420203, -100, -9.396927, 2, 2, 2, True
9.954913, -3.420202, 0, 9.396926, 1, 1, 1, 3.420203, -100, -9.396927, 2, 2, 2, True
9.962645, -3.420202, 0, 9.396926, 1, 1, 1, 3.420203, -100, -9.396927, 2, 2, 2, True
9.970808, -3.420202, 0, 9.396926, 1, 1, 1, 3.420203, -100, -9.396927, 2, 2, 2, True
9.978605, -3.420202, 0, 9.396926, 1, 1, 1, 3.420203, -100, -9.396927, 2, 2, 2, True
9.982021, -3.420202, 0, 9.396926, 1, 1, 1, 3.420203, -100, -9.396927, 2, 2, 2, True
9.986037, -3.420202, 0, 9.396926, 1, 1, 1, 3.420203, -100, -9.396927, 2, 2, 2, True
9.989944, -3.420202, 0, 9.396926, 1, 1, 1, 3.420203, -100, -9.396927, 2, 2, 2, True
9.993939, -3.420202, 0, 9.396926, 1, 1, 1, 3.420203, -100, -9.396927, 2, 2, 2, True
9.998077, -3.420202, 0, 9.396926, 1, 1, 1, 3.420203, -100, -9.396927, 2, 2, 2, True
10.0021, -3.420202, 0, 9.396926, 1, 1, 1, 3.420203, -100, -9.396927, 2, 2, 2, True
10.00609, -3.420202, 0, 9.396926, 1, 1, 1, 3.420203, -100, -9.396927, 2, 2, 2, True
10.0101, -3.420202, 0, 9.396926, 1, 1, 1, 3.420203, -100, -9.396927, 2, 2, 2, True
10.01406, -3.420202, 0, 9.396926, 1, 1, 1, 3.420203, -100, -9.396927, 2, 2, 2, True
10.01796, -3.420202, 0, 9.396926, 1, 1, 1, 3.420203, -100, -9.396927, 2, 2, 2, True
10.02208, -3.420202, 0, 9.396926, 1, 1, 1, 3.420203, -100, -9.396927, 2, 2, 2, True
10.02611, -3.420202, 0, 9.396926, 1, 1, 1, 3.420203, -100, -9.396927, 2, 2, 2, True
10.02999, -3.420202, 0, 9.396926, 1, 1, 1, 3.420203, -100, -9.396927, 2, 2, 2, True
10.03419, -3.420202, 0, 9.396926, 1, 1, 1, 3.420203, -100, -9.396927, 2, 2, 2, True
10.03817, -3.420202, 0, 9.396926, 1, 1, 1, 3.420203, -100, -9.396927, 2, 2, 2, True
10.04214, -3.420202, 0, 9.396926, 1, 1, 1, 3.420203, -100, -9.396927, 2, 2, 2, True
10.04606, -3.420202, 0, 9.396926, 1, 1, 1, 3.420203, -100, -9.396927, 2, 2, 2, True
10.05011, -3.420202, 0, 9.396926, 1, 1, 1, 3.420203, -100, -9.396927, 2, 2, 2, True
10.05407, -3.420202, 0, 9.396926, 1, 1, 1, 3.420203, -100, -9.396927, 2, 2, 2, True
10.05805, -3.420202, 0, 9.396926, 1, 1, 1, 3.420203, -100, -9.396927, 2, 2, 2, True
10.06205, -3.420202, 0, 9.396926, 1, 1, 1, 3.420203, -100, -9.396927, 2, 2, 2, True
10.06596, -3.420202, 0, 9.396926, 1, 1, 1, 3.420203, -100, -9.396927, 2, 2, 2, True
10.07006, -3.420202, 0, 9.396926, 1, 1, 1, 3.420203, -100, -9.396927, 2, 2, 2, True
10.07444, -3.420202, 0, 9.396926, 1, 1, 1, 3.420203, -100, -9.396927, 2, 2, 2, True
10.07893, -3.420202, 0, 9.396926, 1, 1, 1, 3.420203, -100, -9.396927, 2, 2, 2, True
10.08338, -3.420202, 0, 9.396926, 1, 1, 1, 3.420203, -100, -9.396927, 2, 2, 2, True
10.0878, -3.420202, 0, 9.396926, 1, 1, 1, 3.420203, -100, -9.396927, 2, 2, 2, True
10.09391, -3.420202, 0, 9.396926, 1, 1, 1, 3.420203, -100, -9.396927, 2, 2, 2, True
10.09812, -3.420202, 0, 9.396926, 1, 1, 1, 3.420203, -100, -9.396927, 2, 2, 2, True
10.10209, -3.420202, 0, 9.396926, 1, 1, 1, 3.420203, -100, -9.396927, 2, 2, 2, True
10.10609, -3.420202, 0, 9.396926, 1, 1, 1, 3.420203, -100, -9.396927, 2, 2, 2, True
10.11002, -3.420202, 0, 9.396926, 1, 1, 1, 3.420203, -100, -9.396927, 2, 2, 2, True
10.11434, -3.420202, 0, 9.396926, 1, 1, 1, 3.420203, -100, -9.396927, 2, 2, 2, True
10.11879, -3.420202, 0, 9.396926, 1, 1, 1, 3.420203, -100, -9.396927, 2, 2, 2, True
10.12328, -3.420202, 0, 9.396926, 1, 1, 1, 3.420203, -100, -9.396927, 2, 2, 2, True
10.12835, -3.420202, 0, 9.396926, 1, 1, 1, 3.420203, -100, -9.396927, 2, 2, 2, True
10.1342, -3.420202, 0, 9.396926, 1, 1, 1, 3.420203, -100, -9.396927, 2, 2, 2, True
10.13818, -3.420202, 0, 9.396926, 1, 1, 1, 3.420203, -100, -9.396927, 2, 2, 2, True
10.14191, -3.420202, 0, 9.396926, 1, 1, 1, 3.420203, -100, -9.396927, 2, 2, 2, True
10.14645, -3.420202, 0, 9.396926, 1, 1, 1, 3.420203, -100, -9.396927, 2, 2, 2, True
10.15059, -3.420202, 0, 9.396926, 1, 1, 1, 3.420203, -100, -9.396927, 2, 2, 2, True
10.15504, -3.420202, 0, 9.396926, 1, 1, 1, 3.420203, -100, -9.396927, 2, 2, 2, True
10.15995, -3.420202, 0, 9.396926, 1, 1, 1, 3.420203, -100, -9.396927, 2, 2, 2, True
10.16613, -3.420202, 0, 9.396926, 1, 1, 1, 3.420203, -100, -9.396927, 2, 2, 2, True
10.17001, -3.420202, 0, 9.396926, 1, 1, 1, 3.420203, -100, -9.396927, 2, 2, 2, True
10.17416, -3.420202, 0, 9.396926, 1, 1, 1, 3.420203, -100, -9.396927, 2, 2, 2, True
10.17817, -3.420202, 0, 9.396926, 1, 1, 1, 3.420203, -100, -9.396927, 2, 2, 2, True
10.1824, -3.420202, 0, 9.396926, 1, 1, 1, 3.420203, -100, -9.396927, 2, 2, 2, True
10.19011, -3.420202, 0, 9.396926, 1, 1, 1, 3.420203, -100, -9.396927, 2, 2, 2, True
10.20248, -3.420202, 0, 9.396926, 1, 1, 1, 3.420203, -100, -9.396927, 2, 2, 2, True
10.20603, -3.420202, 0, 9.396926, 1, 1, 1, 3.420203, -100, -9.396927, 2, 2, 2, True
10.21018, -3.420202, 0, 9.396926, 1, 1, 1, 3.420203, -100, -9.396927, 2, 2, 2, True
10.2141, -3.420202, 0, 9.396926, 1, 1, 1, 3.420203, -100, -9.396927, 2, 2, 2, True
10.21807, -3.420202, 0, 9.396926, 1, 1, 1, 3.420203, -100, -9.396927, 2, 2, 2, True
10.22219, -3.420202, 0, 9.396926, 1, 1, 1, 3.420203, -100, -9.396927, 2, 2, 2, True
10.22612, -3.420202, 0, 9.396926, 1, 1, 1, 3.420203, -100, -9.396927, 2, 2, 2, True
10.23017, -3.420202, 0, 9.396926, 1, 1, 1, 3.420203, -100, -9.396927, 2, 2, 2, True
10.23405, -3.420202, 0, 9.396926, 1, 1, 1, 3.420203, -100, -9.396927, 2, 2, 2, True
10.23804, -3.420202, 0, 9.396926, 1, 1, 1, 3.420203, -100, -9.396927, 2, 2, 2, True
10.24206, -3.420202, 0, 9.396926, 1, 1, 1, 3.420203, -100, -9.396927, 2, 2, 2, True
10.24602, -3.420202, 0, 9.396926, 1, 1, 1, 3.420203, -100, -9.396927, 2, 2, 2, True
10.25011, -3.420202, 0, 9.396926, 1, 1, 1, 3.420203, -100, -9.396927, 2, 2, 2, True
10.25402, -3.420202, 0, 9.396926, 1, 1, 1, 3.420203, -100, -9.396927, 2, 2, 2, True
10.25817, -3.420202, 0, 9.396926, 1, 1, 1, 3.420203, -100, -9.396927, 2, 2, 2, True
10.26219, -3.420202, 0, 9.396926, 1, 1, 1, 3.420203, -100, -9.396927, 2, 2, 2, True
10.26602, -3.420202, 0, 9.396926, 1, 1, 1, 3.420203, -100, -9.396927, 2, 2, 2, True
10.27014, -3.420202, 0, 9.396926, 1, 1, 1, 3.420203, -100, -9.396927, 2, 2, 2, True
10.27408, -3.420202, 0, 9.396926, 1, 1, 1, 3.420203, -100, -9.396927, 2, 2, 2, True
10.27806, -3.420202, 0, 9.396926, 1, 1, 1, 3.420203, -100, -9.396927, 2, 2, 2, True
10.28221, -3.420202, 0, 9.396926, 1, 1, 1, 3.420203, -100, -9.396927, 2, 2, 2, True
10.28607, -3.420202, 0, 9.396926, 1, 1, 1, 3.420203, -100, -9.396927, 2, 2, 2, True
10.29007, -3.420202, 0, 9.396926, 1, 1, 1, 3.420203, -100, -9.396927, 2, 2, 2, True
10.29391, -3.420202, 0, 9.396926, 1, 1, 1, 3.420203, -100, -9.396927, 2, 2, 2, True
10.29809, -3.420202, 0, 9.396926, 1, 1, 1, 3.420203, -100, -9.396927, 2, 2, 2, True
10.30246, -3.420202, 0, 9.396926, 1, 1, 1, 3.420203, -100, -9.396927, 2, 2, 2, True
10.3066, -3.420202, 0, 9.396926, 1, 1, 1, 3.420203, -100, -9.396927, 2, 2, 2, True
10.31105, -3.420202, 0, 9.396926, 1, 1, 1, 3.420203, -100, -9.396927, 2, 2, 2, True
10.31563, -3.420202, 0, 9.396926, 1, 1, 1, 3.420203, -100, -9.396927, 2, 2, 2, True
10.32215, -3.420202, 0, 9.396926, 1, 1, 1, 3.420203, -100, -9.396927, 2, 2, 2, True
10.32604, -3.420202, 0, 9.396926, 1, 1, 1, 3.420203, -100, -9.396927, 2, 2, 2, True
10.33008, -3.420202, 0, 9.396926, 1, 1, 1, 3.420203, -100, -9.396927, 2, 2, 2, True
10.33418, -3.420202, 0, 9.396926, 1, 1, 1, 3.420203, -100, -9.396927, 2, 2, 2, True
10.33827, -3.420202, 0, 9.396926, 1, 1, 1, 3.420203, -100, -9.396927, 2, 2, 2, True
10.34279, -3.420202, 0, 9.396926, 1, 1, 1, 3.420203, -100, -9.396927, 2, 2, 2, True
10.34746, -3.420202, 0, 9.396926, 1, 1, 1, 3.420203, -100, -9.396927, 2, 2, 2, True
10.35447, -3.420202, 0, 9.396926, 1, 1, 1, 3.420203, -100, -9.396927, 2, 2, 2, True
10.35806, -3.420202, 0, 9.396926, 1, 1, 1, 3.420203, -100, -9.396927, 2, 2, 2, True
10.36191, -3.420202, 0, 9.396926, 1, 1, 1, 3.420203, -100, -9.396927, 2, 2, 2, True
10.36606, -3.420202, 0, 9.396926, 1, 1, 1, 3.420203, -100, -9.396927, 2, 2, 2, True
10.37024, -3.420202, 0, 9.396926, 1, 1, 1, 3.420203, -100, -9.396927, 2, 2, 2, True
10.37518, -3.420202, 0, 9.396926, 1, 1, 1, 3.420203, -100, -9.396927, 2, 2, 2, True
10.37968, -3.420202, 0, 9.396926, 1, 1, 1, 3.420203, -100, -9.396927, 2, 2, 2, True
10.38657, -3.420202, 0, 9.396926, 1, 1, 1, 3.420203, -100, -9.396927, 2, 2, 2, True
10.38996, -3.420202, 0, 9.396926, 1, 1, 1, 3.420203, -100, -9.396927, 2, 2, 2, True
10.39392, -3.420202, 0, 9.396926, 1, 1, 1, 3.420203, -100, -9.396927, 2, 2, 2, True
10.39821, -3.420202, 0, 9.396926, 1, 1, 1, 3.420203, -100, -9.396927, 2, 2, 2, True
10.40216, -3.420202, 0, 9.396926, 1, 1, 1, 3.420203, -100, -9.396927, 2, 2, 2, True
10.40613, -3.420202, 0, 9.396926, 1, 1, 1, 3.420203, -100, -9.396927, 2, 2, 2, True
10.41064, -3.420202, 0, 9.396926, 1, 1, 1, 3.420203, -100, -9.396927, 2, 2, 2, True
10.41523, -3.420202, 0, 9.396926, 1, 1, 1, 3.420203, -100, -9.396927, 2, 2, 2, True
10.42014, -3.420202, 0, 9.396926, 1, 1, 1, 3.420203, -100, -9.396927, 2, 2, 2, True
10.4261, -3.420202, 0, 9.396926, 1, 1, 1, 3.420203, -100, -9.396927, 2, 2, 2, True
10.42998, -3.420202, 0, 9.396926, 1, 1, 1, 3.420203, -100, -9.396927, 2, 2, 2, True
10.434, -3.420202, 0, 9.396926, 1, 1, 1, 3.420203, -100, -9.396927, 2, 2, 2, True
10.43824, -3.420202, 0, 9.396926, 1, 1, 1, 3.420203, -100, -9.396927, 2, 2, 2, True
10.44215, -3.420202, 0, 9.396926, 1, 1, 1, 3.420203, -100, -9.396927, 2, 2, 2, True
10.44691, -3.420202, 0, 9.396926, 1, 1, 1, 3.420203, -100, -9.396927, 2, 2, 2, True
10.45136, -3.420202, 0, 9.396926, 1, 1, 1, 3.420203, -100, -9.396927, 2, 2, 2, True
10.45583, -3.420202, 0, 9.396926, 1, 1, 1, 3.420203, -100, -9.396927, 2, 2, 2, True
10.46241, -3.420202, 0, 9.396926, 1, 1, 1, 3.420203, -100, -9.396927, 2, 2, 2, True
10.46602, -3.420202, 0, 9.396926, 1, 1, 1, 3.420203, -100, -9.396927, 2, 2, 2, True
10.4701, -3.420202, 0, 9.396926, 1, 1, 1, 3.420203, -100, -9.396927, 2, 2, 2, True
10.47433, -3.420202, 0, 9.396926, 1, 1, 1, 3.420203, -100, -9.396927, 2, 2, 2, True
10.47835, -3.420202, 0, 9.396926, 1, 1, 1, 3.420203, -100, -9.396927, 2, 2, 2, True
10.48303, -3.420202, 0, 9.396926, 1, 1, 1, 3.420203, -100, -9.396927, 2, 2, 2, True
10.48747, -3.420202, 0, 9.396926, 1, 1, 1, 3.420203, -100, -9.396927, 2, 2, 2, True
10.49198, -3.420202, 0, 9.396926, 1, 1, 1, 3.420203, -100, -9.396927, 2, 2, 2, True
10.49833, -3.420202, 0, 9.396926, 1, 1, 1, 3.420203, -100, -9.396927, 2, 2, 2, True
10.50203, -3.420202, 0, 9.396926, 1, 1, 1, 3.420203, -100, -9.396927, 2, 2, 2, True
10.5061, -3.420202, 0, 9.396926, 1, 1, 1, 3.420203, -100, -9.396927, 2, 2, 2, True
10.51026, -3.420202, 0, 9.396926, 1, 1, 1, 3.420203, -100, -9.396927, 2, 2, 2, True
10.5144, -3.420202, 0, 9.396926, 1, 1, 1, 3.420203, -100, -9.396927, 2, 2, 2, True
10.51885, -3.420202, 0, 9.396926, 1, 1, 1, 3.420203, -100, -9.396927, 2, 2, 2, True
10.52356, -3.420202, 0, 9.396926, 1, 1, 1, 3.420203, -100, -9.396927, 2, 2, 2, True
10.53039, -3.420202, 0, 9.396926, 1, 1, 1, 3.420203, -100, -9.396927, 2, 2, 2, True
10.53392, -3.420202, 0, 9.396926, 1, 1, 1, 3.420203, -100, -9.396927, 2, 2, 2, True
10.53806, -3.420202, 0, 9.396926, 1, 1, 1, 3.420203, -100, -9.396927, 2, 2, 2, True
10.54211, -3.420202, 0, 9.396926, 1, 1, 1, 3.420203, -100, -9.396927, 2, 2, 2, True
10.54642, -3.420202, 0, 9.396926, 1, 1, 1, 3.420203, -100, -9.396927, 2, 2, 2, True
10.5508, -3.420202, 0, 9.396926, 1, 1, 1, 3.420203, -100, -9.396927, 2, 2, 2, True
10.55497, -3.420202, 0, 9.396926, 1, 1, 1, 3.420203, -100, -9.396927, 2, 2, 2, True
10.55935, -3.420202, 0, 9.396926, 1, 1, 1, 3.420203, -100, -9.396927, 2, 2, 2, True
10.56397, -3.420202, 0, 9.396926, 1, 1, 1, 3.420203, -100, -9.396927, 2, 2, 2, True
10.57036, -3.420202, 0, 9.396926, 1, 1, 1, 3.420203, -100, -9.396927, 2, 2, 2, True
10.57414, -3.420202, 0, 9.396926, 1, 1, 1, 3.420203, -100, -9.396927, 2, 2, 2, True
10.57811, -3.420202, 0, 9.396926, 1, 1, 1, 3.420203, -100, -9.396927, 2, 2, 2, True
10.58238, -3.420202, 0, 9.396926, 1, 1, 1, 3.420203, -100, -9.396927, 2, 2, 2, True
10.58693, -3.420202, 0, 9.396926, 1, 1, 1, 3.420203, -100, -9.396927, 2, 2, 2, True
10.5909, -3.420202, 0, 9.396926, 1, 1, 1, 3.420203, -100, -9.396927, 2, 2, 2, True
10.59556, -3.420202, 0, 9.396926, 1, 1, 1, 3.420203, -100, -9.396927, 2, 2, 2, True
10.60244, -3.420202, 0, 9.396926, 1, 1, 1, 3.420203, -100, -9.396927, 2, 2, 2, True
10.6059, -3.420202, 0, 9.396926, 1, 1, 1, 3.420203, -100, -9.396927, 2, 2, 2, True
10.61003, -3.420202, 0, 9.396926, 1, 1, 1, 3.420203, -100, -9.396927, 2, 2, 2, True
10.61416, -3.420202, 0, 9.396926, 1, 1, 1, 3.420203, -100, -9.396927, 2, 2, 2, True
10.61838, -3.420202, 0, 9.396926, 1, 1, 1, 3.420203, -100, -9.396927, 2, 2, 2, True
10.62255, -3.420202, 0, 9.396926, 1, 1, 1, 3.420203, -100, -9.396927, 2, 2, 2, True
10.62761, -3.420202, 0, 9.396926, 1, 1, 1, 3.420203, -100, -9.396927, 2, 2, 2, True
10.63435, -3.420202, 0, 9.396926, 1, 1, 1, 3.420203, -100, -9.396927, 2, 2, 2, True
10.63796, -3.420202, 0, 9.396926, 1, 1, 1, 3.420203, -100, -9.396927, 2, 2, 2, True
10.64214, -3.420202, 0, 9.396926, 1, 1, 1, 3.420203, -100, -9.396927, 2, 2, 2, True
10.64606, -3.420202, 0, 9.396926, 1, 1, 1, 3.420203, -100, -9.396927, 2, 2, 2, True
10.65023, -3.420202, 0, 9.396926, 1, 1, 1, 3.420203, -100, -9.396927, 2, 2, 2, True
10.65438, -3.420202, 0, 9.396926, 1, 1, 1, 3.420203, -100, -9.396927, 2, 2, 2, True
10.65933, -3.420202, 0, 9.396926, 1, 1, 1, 3.420203, -100, -9.396927, 2, 2, 2, True
10.66597, -3.420202, 0, 9.396926, 1, 1, 1, 3.420203, -100, -9.396927, 2, 2, 2, True
10.67007, -3.420202, 0, 9.396926, 1, 1, 1, 3.420203, -100, -9.396927, 2, 2, 2, True
10.67407, -3.420202, 0, 9.396926, 1, 1, 1, 3.420203, -100, -9.396927, 2, 2, 2, True
10.67807, -3.420202, 0, 9.396926, 1, 1, 1, 3.420203, -100, -9.396927, 2, 2, 2, True
10.68202, -3.420202, 0, 9.396926, 1, 1, 1, 3.420203, -100, -9.396927, 2, 2, 2, True
10.68667, -3.420202, 0, 9.396926, 1, 1, 1, 3.420203, -100, -9.396927, 2, 2, 2, True
10.69159, -3.420202, 0, 9.396926, 1, 1, 1, 3.420203, -100, -9.396927, 2, 2, 2, True
10.69847, -3.420202, 0, 9.396926, 1, 1, 1, 3.420203, -100, -9.396927, 2, 2, 2, True
10.70203, -3.420202, 0, 9.396926, 1, 1, 1, 3.420203, -100, -9.396927, 2, 2, 2, True
10.70598, -3.420202, 0, 9.396926, 1, 1, 1, 3.420203, -100, -9.396927, 2, 2, 2, True
10.71003, -3.420202, 0, 9.396926, 1, 1, 1, 3.420203, -100, -9.396927, 2, 2, 2, True
10.71438, -3.420202, 0, 9.396926, 1, 1, 1, 3.420203, -100, -9.396927, 2, 2, 2, True
10.71886, -3.420202, 0, 9.396926, 1, 1, 1, 3.420203, -100, -9.396927, 2, 2, 2, True
10.72337, -3.420202, 0, 9.396926, 1, 1, 1, 3.420203, -100, -9.396927, 2, 2, 2, True
10.72836, -3.420202, 0, 9.396926, 1, 1, 1, 3.420203, -100, -9.396927, 2, 2, 2, True
10.7342, -3.420202, 0, 9.396926, 1, 1, 1, 3.420203, -100, -9.396927, 2, 2, 2, True
10.73812, -3.420202, 0, 9.396926, 1, 1, 1, 3.420203, -100, -9.396927, 2, 2, 2, True
10.74214, -3.420202, 0, 9.396926, 1, 1, 1, 3.420203, -100, -9.396927, 2, 2, 2, True
10.74619, -3.420202, 0, 9.396926, 1, 1, 1, 3.420203, -100, -9.396927, 2, 2, 2, True
10.75056, -3.420202, 0, 9.396926, 1, 1, 1, 3.420203, -100, -9.396927, 2, 2, 2, True
10.75504, -3.420202, 0, 9.396926, 1, 1, 1, 3.420203, -100, -9.396927, 2, 2, 2, True
10.75953, -3.420202, 0, 9.396926, 1, 1, 1, 3.420203, -100, -9.396927, 2, 2, 2, True
10.76599, -3.420202, 0, 9.396926, 1, 1, 1, 3.420203, -100, -9.396927, 2, 2, 2, True
10.77013, -3.420202, 0, 9.396926, 1, 1, 1, 3.420203, -100, -9.396927, 2, 2, 2, True
10.78375, -3.420202, 0, 9.396926, 1, 1, 1, 3.420203, -100, -9.396927, 2, 2, 2, True
10.7906, -3.420202, 0, 9.396926, 1, 1, 1, 3.420203, -100, -9.396927, 2, 2, 2, True
10.79819, -3.420202, 0, 9.396926, 1, 1, 1, 3.420203, -100, -9.396927, 2, 2, 2, True
10.80195, -3.420202, 0, 9.396926, 1, 1, 1, 3.420203, -100, -9.396927, 2, 2, 2, True
10.80608, -3.420202, 0, 9.396926, 1, 1, 1, 3.420203, -100, -9.396927, 2, 2, 2, True
10.81005, -3.420202, 0, 9.396926, 1, 1, 1, 3.420203, -100, -9.396927, 2, 2, 2, True
10.81417, -3.420202, 0, 9.396926, 1, 1, 1, 3.420203, -100, -9.396927, 2, 2, 2, True
10.81812, -3.420202, 0, 9.396926, 1, 1, 1, 3.420203, -100, -9.396927, 2, 2, 2, True
10.82218, -3.420202, 0, 9.396926, 1, 1, 1, 3.420203, -100, -9.396927, 2, 2, 2, True
10.8261, -3.420202, 0, 9.396926, 1, 1, 1, 3.420203, -100, -9.396927, 2, 2, 2, True
10.83002, -3.420202, 0, 9.396926, 1, 1, 1, 3.420203, -100, -9.396927, 2, 2, 2, True
10.834, -3.420202, 0, 9.396926, 1, 1, 1, 3.420203, -100, -9.396927, 2, 2, 2, True
10.84205, -3.420202, 0, 9.396926, 1, 1, 1, 3.420203, -100, -9.396927, 2, 2, 2, True
10.84998, -3.420202, 0, 9.396926, 1, 1, 1, 3.420203, -100, -9.396927, 2, 2, 2, True
10.8584, -3.420202, 0, 9.396926, 1, 1, 1, 3.420203, -100, -9.396927, 2, 2, 2, True
10.86593, -3.420202, 0, 9.396926, 1, 1, 1, 3.420203, -100, -9.396927, 2, 2, 2, True
10.87017, -3.420202, 0, 9.396926, 1, 1, 1, 3.420203, -100, -9.396927, 2, 2, 2, True
10.87408, -3.420202, 0, 9.396926, 1, 1, 1, 3.420203, -100, -9.396927, 2, 2, 2, True
10.87799, -3.420202, 0, 9.396926, 1, 1, 1, 3.420203, -100, -9.396927, 2, 2, 2, True
10.88209, -3.420202, 0, 9.396926, 1, 1, 1, 3.420203, -100, -9.396927, 2, 2, 2, True
10.88617, -3.420202, 0, 9.396926, 1, 1, 1, 3.420203, -100, -9.396927, 2, 2, 2, True
10.89008, -3.420202, 0, 9.396926, 1, 1, 1, 3.420203, -100, -9.396927, 2, 2, 2, True
10.89403, -3.420202, 0, 9.396926, 1, 1, 1, 3.420203, -100, -9.396927, 2, 2, 2, True
10.89814, -3.420202, 0, 9.396926, 1, 1, 1, 3.420203, -100, -9.396927, 2, 2, 2, True
10.90193, -3.420202, 0, 9.396926, 1, 1, 1, 3.420203, -100, -9.396927, 2, 2, 2, True
10.90605, -3.420202, 0, 9.396926, 1, 1, 1, 3.420203, -100, -9.396927, 2, 2, 2, True
10.91011, -3.420202, 0, 9.396926, 1, 1, 1, 3.420203, -100, -9.396927, 2, 2, 2, True
10.91411, -3.420202, 0, 9.396926, 1, 1, 1, 3.420203, -100, -9.396927, 2, 2, 2, True
10.91814, -3.420202, 0, 9.396926, 1, 1, 1, 3.420203, -100, -9.396927, 2, 2, 2, True
10.92195, -3.420202, 0, 9.396926, 1, 1, 1, 3.420203, -100, -9.396927, 2, 2, 2, True
10.9261, -3.420202, 0, 9.396926, 1, 1, 1, 3.420203, -100, -9.396927, 2, 2, 2, True
10.93014, -3.420202, 0, 9.396926, 1, 1, 1, 3.420203, -100, -9.396927, 2, 2, 2, True
10.93403, -3.420202, 0, 9.396926, 1, 1, 1, 3.420203, -100, -9.396927, 2, 2, 2, True
10.9381, -3.420202, 0, 9.396926, 1, 1, 1, 3.420203, -100, -9.396927, 2, 2, 2, True
10.94219, -3.420202, 0, 9.396926, 1, 1, 1, 3.420203, -100, -9.396927, 2, 2, 2, True
10.94597, -3.420202, 0, 9.396926, 1, 1, 1, 3.420203, -100, -9.396927, 2, 2, 2, True
10.95005, -3.420202, 0, 9.396926, 1, 1, 1, 3.420203, -100, -9.396927, 2, 2, 2, True
10.95414, -3.420202, 0, 9.396926, 1, 1, 1, 3.420203, -100, -9.396927, 2, 2, 2, True
10.95802, -3.420202, 0, 9.396926, 1, 1, 1, 3.420203, -100, -9.396927, 2, 2, 2, True
10.96219, -3.420202, 0, 9.396926, 1, 1, 1, 3.420203, -100, -9.396927, 2, 2, 2, True
10.96634, -3.420202, 0, 9.396926, 1, 1, 1, 3.420203, -100, -9.396927, 2, 2, 2, True
10.97079, -3.420202, 0, 9.396926, 1, 1, 1, 3.420203, -100, -9.396927, 2, 2, 2, True
10.9757, -3.420202, 0, 9.396926, 1, 1, 1, 3.420203, -100, -9.396927, 2, 2, 2, True
10.98207, -3.420202, 0, 9.396926, 1, 1, 1, 3.420203, -100, -9.396927, 2, 2, 2, True
10.98608, -3.420202, 0, 9.396926, 1, 1, 1, 3.420203, -100, -9.396927, 2, 2, 2, True
10.99013, -3.420202, 0, 9.396926, 1, 1, 1, 3.420203, -100, -9.396927, 2, 2, 2, True
10.99395, -3.420202, 0, 9.396926, 1, 1, 1, 3.420203, -100, -9.396927, 2, 2, 2, True
10.99812, -3.420202, 0, 9.396926, 1, 1, 1, 3.420203, -100, -9.396927, 2, 2, 2, True
11.00261, -3.420202, 0, 9.396926, 1, 1, 1, 3.420203, -100, -9.396927, 2, 2, 2, True
11.0069, -3.420202, 0, 9.396926, 1, 1, 1, 3.420203, -100, -9.396927, 2, 2, 2, True
11.01165, -3.420202, 0, 9.396926, 1, 1, 1, 3.420203, -100, -9.396927, 2, 2, 2, True
11.01573, -3.420202, 0, 9.396926, 1, 1, 1, 3.420203, -100, -9.396927, 2, 2, 2, True
11.02027, -3.420202, 0, 9.396926, 1, 1, 1, 3.420203, -100, -9.396927, 2, 2, 2, True
11.02613, -3.420202, 0, 9.396926, 1, 1, 1, 3.420203, -100, -9.396927, 2, 2, 2, True
11.02996, -3.420202, 0, 9.396926, 1, 1, 1, 3.420203, -100, -9.396927, 2, 2, 2, True
11.03418, -3.420202, 0, 9.396926, 1, 1, 1, 3.420203, -100, -9.396927, 2, 2, 2, True
11.03827, -3.420202, 0, 9.396926, 1, 1, 1, 3.420203, -100, -9.396927, 2, 2, 2, True
11.04326, -3.420202, 0, 9.396926, 1, 1, 1, 3.420203, -100, -9.396927, 2, 2, 2, True
11.04739, -3.420202, 0, 9.396926, 1, 1, 1, 3.420203, -100, -9.396927, 2, 2, 2, True
11.05455, -3.420202, 0, 9.396926, 1, 1, 1, 3.420203, -100, -9.396927, 2, 2, 2, True
11.05813, -3.420202, 0, 9.396926, 1, 1, 1, 3.420203, -100, -9.396927, 2, 2, 2, True
11.06213, -3.420202, 0, 9.396926, 1, 1, 1, 3.420203, -100, -9.396927, 2, 2, 2, True
11.06603, -3.420202, 0, 9.396926, 1, 1, 1, 3.420203, -100, -9.396927, 2, 2, 2, True
11.0702, -3.420202, 0, 9.396926, 1, 1, 1, 3.420203, -100, -9.396927, 2, 2, 2, True
11.07429, -3.420202, 0, 9.396926, 1, 1, 1, 3.420203, -100, -9.396927, 2, 2, 2, True
11.07925, -3.420202, 0, 9.396926, 1, 1, 1, 3.420203, -100, -9.396927, 2, 2, 2, True
11.08323, -3.420202, 0, 9.396926, 1, 1, 1, 3.420203, -100, -9.396927, 2, 2, 2, True
11.08778, -3.420202, 0, 9.396926, 1, 1, 1, 3.420203, -100, -9.396927, 2, 2, 2, True
11.0942, -3.420202, 0, 9.396926, 1, 1, 1, 3.420203, -100, -9.396927, 2, 2, 2, True
11.09806, -3.420202, 0, 9.396926, 1, 1, 1, 3.420203, -100, -9.396927, 2, 2, 2, True
11.10211, -3.420202, 0, 9.396926, 1, 1, 1, 3.420203, -100, -9.396927, 2, 2, 2, True
11.10608, -3.420202, 0, 9.396926, 1, 1, 1, 3.420203, -100, -9.396927, 2, 2, 2, True
11.11079, -3.420202, 0, 9.396926, 1, 1, 1, 3.420203, -100, -9.396927, 2, 2, 2, True
11.11491, -3.420202, 0, 9.396926, 1, 1, 1, 3.420203, -100, -9.396927, 2, 2, 2, True
11.11943, -3.420202, 0, 9.396926, 1, 1, 1, 3.420203, -100, -9.396927, 2, 2, 2, True
11.12611, -3.420202, 0, 9.396926, 1, 1, 1, 3.420203, -100, -9.396927, 2, 2, 2, True
11.13006, -3.420202, 0, 9.396926, 1, 1, 1, 3.420203, -100, -9.396927, 2, 2, 2, True
11.13408, -3.420202, 0, 9.396926, 1, 1, 1, 3.420203, -100, -9.396927, 2, 2, 2, True
11.1381, -3.420202, 0, 9.396926, 1, 1, 1, 3.420203, -100, -9.396927, 2, 2, 2, True
11.14218, -3.420202, 0, 9.396926, 1, 1, 1, 3.420203, -100, -9.396927, 2, 2, 2, True
11.14617, -3.420202, 0, 9.396926, 1, 1, 1, 3.420203, -100, -9.396927, 2, 2, 2, True
11.15068, -3.420202, 0, 9.396926, 1, 1, 1, 3.420203, -100, -9.396927, 2, 2, 2, True
11.15521, -3.420202, 0, 9.396926, 1, 1, 1, 3.420203, -100, -9.396927, 2, 2, 2, True
11.16013, -3.420202, 0, 9.396926, 1, 1, 1, 3.420203, -100, -9.396927, 2, 2, 2, True
11.16604, -3.420202, 0, 9.396926, 1, 1, 1, 3.420203, -100, -9.396927, 2, 2, 2, True
11.17004, -3.420202, 0, 9.396926, 1, 1, 1, 3.420203, -100, -9.396927, 2, 2, 2, True
11.17414, -3.420202, 0, 9.396926, 1, 1, 1, 3.420203, -100, -9.396927, 2, 2, 2, True
11.17807, -3.420202, 0, 9.396926, 1, 1, 1, 3.420203, -100, -9.396927, 2, 2, 2, True
11.1823, -3.420202, 0, 9.396926, 1, 1, 1, 3.420203, -100, -9.396927, 2, 2, 2, True
11.18688, -3.420202, 0, 9.396926, 1, 1, 1, 3.420203, -100, -9.396927, 2, 2, 2, True
11.19108, -3.420202, 0, 9.396926, 1, 1, 1, 3.420203, -100, -9.396927, 2, 2, 2, True
11.19596, -3.420202, 0, 9.396926, 1, 1, 1, 3.420203, -100, -9.396927, 2, 2, 2, True
11.20247, -3.420202, 0, 9.396926, 1, 1, 1, 3.420203, -100, -9.396927, 2, 2, 2, True
11.20598, -3.420202, 0, 9.396926, 1, 1, 1, 3.420203, -100, -9.396927, 2, 2, 2, True
11.21016, -3.420202, 0, 9.396926, 1, 1, 1, 3.420203, -100, -9.396927, 2, 2, 2, True
11.21401, -3.420202, 0, 9.396926, 1, 1, 1, 3.420203, -100, -9.396927, 2, 2, 2, True
11.21833, -3.420202, 0, 9.396926, 1, 1, 1, 3.420203, -100, -9.396927, 2, 2, 2, True
11.22256, -3.420202, 0, 9.396926, 1, 1, 1, 3.420203, -100, -9.396927, 2, 2, 2, True
11.22736, -3.420202, 0, 9.396926, 1, 1, 1, 3.420203, -100, -9.396927, 2, 2, 2, True
11.23152, -3.420202, 0, 9.396926, 1, 1, 1, 3.420203, -100, -9.396927, 2, 2, 2, True
11.23841, -3.420202, 0, 9.396926, 1, 1, 1, 3.420203, -100, -9.396927, 2, 2, 2, True
11.24201, -3.420202, 0, 9.396926, 1, 1, 1, 3.420203, -100, -9.396927, 2, 2, 2, True
11.24615, -3.420202, 0, 9.396926, 1, 1, 1, 3.420203, -100, -9.396927, 2, 2, 2, True
11.25016, -3.420202, 0, 9.396926, 1, 1, 1, 3.420203, -100, -9.396927, 2, 2, 2, True
11.25418, -3.420202, 0, 9.396926, 1, 1, 1, 3.420203, -100, -9.396927, 2, 2, 2, True
11.25876, -3.420202, 0, 9.396926, 1, 1, 1, 3.420203, -100, -9.396927, 2, 2, 2, True
11.2633, -3.420202, 0, 9.396926, 1, 1, 1, 3.420203, -100, -9.396927, 2, 2, 2, True
11.26739, -3.420202, 0, 9.396926, 1, 1, 1, 3.420203, -100, -9.396927, 2, 2, 2, True
11.27452, -3.420202, 0, 9.396926, 1, 1, 1, 3.420203, -100, -9.396927, 2, 2, 2, True
11.27791, -3.420202, 0, 9.396926, 1, 1, 1, 3.420203, -100, -9.396927, 2, 2, 2, True
11.28222, -3.420202, 0, 9.396926, 1, 1, 1, 3.420203, -100, -9.396927, 2, 2, 2, True
11.28608, -3.420202, 0, 9.396926, 1, 1, 1, 3.420203, -100, -9.396927, 2, 2, 2, True
11.29018, -3.420202, 0, 9.396926, 1, 1, 1, 3.420203, -100, -9.396927, 2, 2, 2, True
11.29482, -3.420202, 0, 9.396926, 1, 1, 1, 3.420203, -100, -9.396927, 2, 2, 2, True
11.29918, -3.420202, 0, 9.396926, 1, 1, 1, 3.420203, -100, -9.396927, 2, 2, 2, True
11.30337, -3.420202, 0, 9.396926, 1, 1, 1, 3.420203, -100, -9.396927, 2, 2, 2, True
11.3078, -3.420202, 0, 9.396926, 1, 1, 1, 3.420203, -100, -9.396927, 2, 2, 2, True
11.31434, -3.420202, 0, 9.396926, 1, 1, 1, 3.420203, -100, -9.396927, 2, 2, 2, True
11.31806, -3.420202, 0, 9.396926, 1, 1, 1, 3.420203, -100, -9.396927, 2, 2, 2, True
11.32206, -3.420202, 0, 9.396926, 1, 1, 1, 3.420203, -100, -9.396927, 2, 2, 2, True
11.32611, -3.420202, 0, 9.396926, 1, 1, 1, 3.420203, -100, -9.396927, 2, 2, 2, True
11.33044, -3.420202, 0, 9.396926, 1, 1, 1, 3.420203, -100, -9.396927, 2, 2, 2, True
11.33491, -3.420202, 0, 9.396926, 1, 1, 1, 3.420203, -100, -9.396927, 2, 2, 2, True
11.33947, -3.420202, 0, 9.396926, 1, 1, 1, 3.420203, -100, -9.396927, 2, 2, 2, True
11.34649, -3.420202, 0, 9.396926, 1, 1, 1, 3.420203, -100, -9.396927, 2, 2, 2, True
11.34998, -3.420202, 0, 9.396926, 1, 1, 1, 3.420203, -100, -9.396927, 2, 2, 2, True
11.35419, -3.420202, 0, 9.396926, 1, 1, 1, 3.420203, -100, -9.396927, 2, 2, 2, True
11.35794, -3.420202, 0, 9.396926, 1, 1, 1, 3.420203, -100, -9.396927, 2, 2, 2, True
11.36217, -3.420202, 0, 9.396926, 1, 1, 1, 3.420203, -100, -9.396927, 2, 2, 2, True
11.37022, -3.420202, 0, 9.396926, 1, 1, 1, 3.420203, -100, -9.396927, 2, 2, 2, True
11.38239, -3.420202, 0, 9.396926, 1, 1, 1, 3.420203, -100, -9.396927, 2, 2, 2, True
11.38607, -3.420202, 0, 9.396926, 1, 1, 1, 3.420203, -100, -9.396927, 2, 2, 2, True
11.38996, -3.420202, 0, 9.396926, 1, 1, 1, 3.420203, -100, -9.396927, 2, 2, 2, True
11.39409, -3.420202, 0, 9.396926, 1, 1, 1, 3.420203, -100, -9.396927, 2, 2, 2, True
11.39822, -3.420202, 0, 9.396926, 1, 1, 1, 3.420203, -100, -9.396927, 2, 2, 2, True
11.40222, -3.420202, 0, 9.396926, 1, 1, 1, 3.420203, -100, -9.396927, 2, 2, 2, True
11.40606, -3.420202, 0, 9.396926, 1, 1, 1, 3.420203, -100, -9.396927, 2, 2, 2, True
11.41014, -3.420202, 0, 9.396926, 1, 1, 1, 3.420203, -100, -9.396927, 2, 2, 2, True
11.4141, -3.420202, 0, 9.396926, 1, 1, 1, 3.420203, -100, -9.396927, 2, 2, 2, True
11.41806, -3.420202, 0, 9.396926, 1, 1, 1, 3.420203, -100, -9.396927, 2, 2, 2, True
11.42205, -3.420202, 0, 9.396926, 1, 1, 1, 3.420203, -100, -9.396927, 2, 2, 2, True
11.42597, -3.420202, 0, 9.396926, 1, 1, 1, 3.420203, -100, -9.396927, 2, 2, 2, True
11.43005, -3.420202, 0, 9.396926, 1, 1, 1, 3.420203, -100, -9.396927, 2, 2, 2, True
11.43402, -3.420202, 0, 9.396926, 1, 1, 1, 3.420203, -100, -9.396927, 2, 2, 2, True
11.43794, -3.420202, 0, 9.396926, 1, 1, 1, 3.420203, -100, -9.396927, 2, 2, 2, True
11.44221, -3.420202, 0, 9.396926, 1, 1, 1, 3.420203, -100, -9.396927, 2, 2, 2, True
11.44603, -3.420202, 0, 9.396926, 1, 1, 1, 3.420203, -100, -9.396927, 2, 2, 2, True
11.45006, -3.420202, 0, 9.396926, 1, 1, 1, 3.420203, -100, -9.396927, 2, 2, 2, True
11.45411, -3.420202, 0, 9.396926, 1, 1, 1, 3.420203, -100, -9.396927, 2, 2, 2, True
11.45801, -3.420202, 0, 9.396926, 1, 1, 1, 3.420203, -100, -9.396927, 2, 2, 2, True
11.46203, -3.420202, 0, 9.396926, 1, 1, 1, 3.420203, -100, -9.396927, 2, 2, 2, True
11.46598, -3.420202, 0, 9.396926, 1, 1, 1, 3.420203, -100, -9.396927, 2, 2, 2, True
11.46995, -3.420202, 0, 9.396926, 1, 1, 1, 3.420203, -100, -9.396927, 2, 2, 2, True
11.47439, -3.420202, 0, 9.396926, 1, 1, 1, 3.420203, -100, -9.396927, 2, 2, 2, True
11.47888, -3.420202, 0, 9.396926, 1, 1, 1, 3.420203, -100, -9.396927, 2, 2, 2, True
11.48331, -3.420202, 0, 9.396926, 1, 1, 1, 3.420203, -100, -9.396927, 2, 2, 2, True
11.48739, -3.420202, 0, 9.396926, 1, 1, 1, 3.420203, -100, -9.396927, 2, 2, 2, True
11.49178, -3.420202, 0, 9.396926, 1, 1, 1, 3.420203, -100, -9.396927, 2, 2, 2, True
11.49843, -3.420202, 0, 9.396926, 1, 1, 1, 3.420203, -100, -9.396927, 2, 2, 2, True
11.50206, -3.420202, 0, 9.396926, 1, 1, 1, 3.420203, -100, -9.396927, 2, 2, 2, True
11.50593, -3.420202, 0, 9.396926, 1, 1, 1, 3.420203, -100, -9.396927, 2, 2, 2, True
11.51025, -3.420202, 0, 9.396926, 1, 1, 1, 3.420203, -100, -9.396927, 2, 2, 2, True
11.51424, -3.420202, 0, 9.396926, 1, 1, 1, 3.420203, -100, -9.396927, 2, 2, 2, True
11.5187, -3.420202, 0, 9.396926, 1, 1, 1, 3.420203, -100, -9.396927, 2, 2, 2, True
11.52324, -3.420202, 0, 9.396926, 1, 1, 1, 3.420203, -100, -9.396927, 2, 2, 2, True
11.53052, -3.420202, 0, 9.396926, 1, 1, 1, 3.420203, -100, -9.396927, 2, 2, 2, True
11.53391, -3.420202, 0, 9.396926, 1, 1, 1, 3.420203, -100, -9.396927, 2, 2, 2, True
11.53825, -3.420202, 0, 9.396926, 1, 1, 1, 3.420203, -100, -9.396927, 2, 2, 2, True
11.54206, -3.420202, 0, 9.396926, 1, 1, 1, 3.420203, -100, -9.396927, 2, 2, 2, True
11.5462, -3.420202, 0, 9.396926, 1, 1, 1, 3.420203, -100, -9.396927, 2, 2, 2, True
11.55062, -3.420202, 0, 9.396926, 1, 1, 1, 3.420203, -100, -9.396927, 2, 2, 2, True
11.55497, -3.420202, 0, 9.396926, 1, 1, 1, 3.420203, -100, -9.396927, 2, 2, 2, True
11.55918, -3.420202, 0, 9.396926, 1, 1, 1, 3.420203, -100, -9.396927, 2, 2, 2, True
11.56377, -3.420202, 0, 9.396926, 1, 1, 1, 3.420203, -100, -9.396927, 2, 2, 2, True
11.57051, -3.420202, 0, 9.396926, 1, 1, 1, 3.420203, -100, -9.396927, 2, 2, 2, True
11.5741, -3.420202, 0, 9.396926, 1, 1, 1, 3.420203, -100, -9.396927, 2, 2, 2, True
11.57801, -3.420202, 0, 9.396926, 1, 1, 1, 3.420203, -100, -9.396927, 2, 2, 2, True
11.58235, -3.420202, 0, 9.396926, 1, 1, 1, 3.420203, -100, -9.396927, 2, 2, 2, True
11.58661, -3.420202, 0, 9.396926, 1, 1, 1, 3.420203, -100, -9.396927, 2, 2, 2, True
11.59058, -3.420202, 0, 9.396926, 1, 1, 1, 3.420203, -100, -9.396927, 2, 2, 2, True
11.59524, -3.420202, 0, 9.396926, 1, 1, 1, 3.420203, -100, -9.396927, 2, 2, 2, True
11.59976, -3.420202, 0, 9.396926, 1, 1, 1, 3.420203, -100, -9.396927, 2, 2, 2, True
11.60646, -3.420202, 0, 9.396926, 1, 1, 1, 3.420203, -100, -9.396927, 2, 2, 2, True
11.61014, -3.420202, 0, 9.396926, 1, 1, 1, 3.420203, -100, -9.396927, 2, 2, 2, True
11.61404, -3.420202, 0, 9.396926, 1, 1, 1, 3.420203, -100, -9.396927, 2, 2, 2, True
11.61809, -3.420202, 0, 9.396926, 1, 1, 1, 3.420203, -100, -9.396927, 2, 2, 2, True
11.62243, -3.420202, 0, 9.396926, 1, 1, 1, 3.420203, -100, -9.396927, 2, 2, 2, True
11.62643, -3.420202, 0, 9.396926, 1, 1, 1, 3.420203, -100, -9.396927, 2, 2, 2, True
11.63106, -3.420202, 0, 9.396926, 1, 1, 1, 3.420203, -100, -9.396927, 2, 2, 2, True
11.63555, -3.420202, 0, 9.396926, 1, 1, 1, 3.420203, -100, -9.396927, 2, 2, 2, True
11.64246, -3.420202, 0, 9.396926, 1, 1, 1, 3.420203, -100, -9.396927, 2, 2, 2, True
11.64596, -3.420202, 0, 9.396926, 1, 1, 1, 3.420203, -100, -9.396927, 2, 2, 2, True
11.65022, -3.420202, 0, 9.396926, 1, 1, 1, 3.420203, -100, -9.396927, 2, 2, 2, True
11.6542, -3.420202, 0, 9.396926, 1, 1, 1, 3.420203, -100, -9.396927, 2, 2, 2, True
11.65854, -3.420202, 0, 9.396926, 1, 1, 1, 3.420203, -100, -9.396927, 2, 2, 2, True
11.66317, -3.420202, 0, 9.396926, 1, 1, 1, 3.420203, -100, -9.396927, 2, 2, 2, True
11.66753, -3.420202, 0, 9.396926, 1, 1, 1, 3.420203, -100, -9.396927, 2, 2, 2, True
11.67168, -3.420202, 0, 9.396926, 1, 1, 1, 3.420203, -100, -9.396927, 2, 2, 2, True
11.67598, -3.420202, 0, 9.396926, 1, 1, 1, 3.420203, -100, -9.396927, 2, 2, 2, True
11.68282, -3.420202, 0, 9.396926, 1, 1, 1, 3.420203, -100, -9.396927, 2, 2, 2, True
11.68608, -3.420202, 0, 9.396926, 1, 1, 1, 3.420203, -100, -9.396927, 2, 2, 2, True
11.69012, -3.420202, 0, 9.396926, 1, 1, 1, 3.420203, -100, -9.396927, 2, 2, 2, True
11.69408, -3.420202, 0, 9.396926, 1, 1, 1, 3.420203, -100, -9.396927, 2, 2, 2, True
11.69843, -3.420202, 0, 9.396926, 1, 1, 1, 3.420203, -100, -9.396927, 2, 2, 2, True
11.70289, -3.420202, 0, 9.396926, 1, 1, 1, 3.420203, -100, -9.396927, 2, 2, 2, True
11.7074, -3.420202, 0, 9.396926, 1, 1, 1, 3.420203, -100, -9.396927, 2, 2, 2, True
11.71445, -3.420202, 0, 9.396926, 1, 1, 1, 3.420203, -100, -9.396927, 2, 2, 2, True
11.71801, -3.420202, 0, 9.396926, 1, 1, 1, 3.420203, -100, -9.396927, 2, 2, 2, True
11.72229, -3.420202, 0, 9.396926, 1, 1, 1, 3.420203, -100, -9.396927, 2, 2, 2, True
11.72603, -3.420202, 0, 9.396926, 1, 1, 1, 3.420203, -100, -9.396927, 2, 2, 2, True
11.73048, -3.420202, 0, 9.396926, 1, 1, 1, 3.420203, -100, -9.396927, 2, 2, 2, True
11.73483, -3.420202, 0, 9.396926, 1, 1, 1, 3.420203, -100, -9.396927, 2, 2, 2, True
11.73905, -3.420202, 0, 9.396926, 1, 1, 1, 3.420203, -100, -9.396927, 2, 2, 2, True
11.74353, -3.420202, 0, 9.396926, 1, 1, 1, 3.420203, -100, -9.396927, 2, 2, 2, True
11.75014, -3.420202, 0, 9.396926, 1, 1, 1, 3.420203, -100, -9.396927, 2, 2, 2, True
11.75408, -3.420202, 0, 9.396926, 1, 1, 1, 3.420203, -100, -9.396927, 2, 2, 2, True
11.75829, -3.420202, 0, 9.396926, 1, 1, 1, 3.420203, -100, -9.396927, 2, 2, 2, True
11.7621, -3.420202, 0, 9.396926, 1, 1, 1, 3.420203, -100, -9.396927, 2, 2, 2, True
11.76629, -3.420202, 0, 9.396926, 1, 1, 1, 3.420203, -100, -9.396927, 2, 2, 2, True
11.77081, -3.420202, 0, 9.396926, 1, 1, 1, 3.420203, -100, -9.396927, 2, 2, 2, True
11.77575, -3.420202, 0, 9.396926, 1, 1, 1, 3.420203, -100, -9.396927, 2, 2, 2, True
11.78298, -3.420202, 0, 9.396926, 1, 1, 1, 3.420203, -100, -9.396927, 2, 2, 2, True
11.79016, -3.420202, 0, 9.396926, 1, 1, 1, 3.420203, -100, -9.396927, 2, 2, 2, True
11.79424, -3.420202, 0, 9.396926, 1, 1, 1, 3.420203, -100, -9.396927, 2, 2, 2, True
11.7983, -3.420202, 0, 9.396926, 1, 1, 1, 3.420203, -100, -9.396927, 2, 2, 2, True
11.80205, -3.420202, 0, 9.396926, 1, 1, 1, 3.420203, -100, -9.396927, 2, 2, 2, True
11.80606, -3.420202, 0, 9.396926, 1, 1, 1, 3.420203, -100, -9.396927, 2, 2, 2, True
11.81026, -3.420202, 0, 9.396926, 1, 1, 1, 3.420203, -100, -9.396927, 2, 2, 2, True
11.81406, -3.420202, 0, 9.396926, 1, 1, 1, 3.420203, -100, -9.396927, 2, 2, 2, True
11.81805, -3.420202, 0, 9.396926, 1, 1, 1, 3.420203, -100, -9.396927, 2, 2, 2, True
11.82212, -3.420202, 0, 9.396926, 1, 1, 1, 3.420203, -100, -9.396927, 2, 2, 2, True
11.82595, -3.420202, 0, 9.396926, 1, 1, 1, 3.420203, -100, -9.396927, 2, 2, 2, True
11.83019, -3.420202, 0, 9.396926, 1, 1, 1, 3.420203, -100, -9.396927, 2, 2, 2, True
11.83427, -3.420202, 0, 9.396926, 1, 1, 1, 3.420203, -100, -9.396927, 2, 2, 2, True
11.83872, -3.420202, 0, 9.396926, 1, 1, 1, 3.420203, -100, -9.396927, 2, 2, 2, True
11.84311, -3.420202, 0, 9.396926, 1, 1, 1, 3.420203, -100, -9.396927, 2, 2, 2, True
11.84775, -3.420202, 0, 9.396926, 1, 1, 1, 3.420203, -100, -9.396927, 2, 2, 2, True
11.85418, -3.420202, 0, 9.396926, 1, 1, 1, 3.420203, -100, -9.396927, 2, 2, 2, True
11.85801, -3.420202, 0, 9.396926, 1, 1, 1, 3.420203, -100, -9.396927, 2, 2, 2, True
11.86191, -3.420202, 0, 9.396926, 1, 1, 1, 3.420203, -100, -9.396927, 2, 2, 2, True
11.86613, -3.420202, 0, 9.396926, 1, 1, 1, 3.420203, -100, -9.396927, 2, 2, 2, True
11.87029, -3.420202, 0, 9.396926, 1, 1, 1, 3.420203, -100, -9.396927, 2, 2, 2, True
11.8753, -3.420202, 0, 9.396926, 1, 1, 1, 3.420203, -100, -9.396927, 2, 2, 2, True
11.87975, -3.420202, 0, 9.396926, 1, 1, 1, 3.420203, -100, -9.396927, 2, 2, 2, True
11.88641, -3.420202, 0, 9.396926, 1, 1, 1, 3.420203, -100, -9.396927, 2, 2, 2, True
11.89415, -3.420202, 0, 9.396926, 1, 1, 1, 3.420203, -100, -9.396927, 2, 2, 2, True
11.90206, -3.420202, 0, 9.396926, 1, 1, 1, 3.420203, -100, -9.396927, 2, 2, 2, True
11.90621, -3.420202, 0, 9.396926, 1, 1, 1, 3.420203, -100, -9.396927, 2, 2, 2, True
11.91012, -3.420202, 0, 9.396926, 1, 1, 1, 3.420203, -100, -9.396927, 2, 2, 2, True
11.91419, -3.420202, 0, 9.396926, 1, 1, 1, 3.420203, -100, -9.396927, 2, 2, 2, True
11.9179, -3.420202, 0, 9.396926, 1, 1, 1, 3.420203, -100, -9.396927, 2, 2, 2, True
11.92195, -3.420202, 0, 9.396926, 1, 1, 1, 3.420203, -100, -9.396927, 2, 2, 2, True
11.92601, -3.420202, 0, 9.396926, 1, 1, 1, 3.420203, -100, -9.396927, 2, 2, 2, True
11.93007, -3.420202, 0, 9.396926, 1, 1, 1, 3.420203, -100, -9.396927, 2, 2, 2, True
11.93405, -3.420202, 0, 9.396926, 1, 1, 1, 3.420203, -100, -9.396927, 2, 2, 2, True
11.93805, -3.420202, 0, 9.396926, 1, 1, 1, 3.420203, -100, -9.396927, 2, 2, 2, True
11.94216, -3.420202, 0, 9.396926, 1, 1, 1, 3.420203, -100, -9.396927, 2, 2, 2, True
11.94607, -3.420202, 0, 9.396926, 1, 1, 1, 3.420203, -100, -9.396927, 2, 2, 2, True
11.96207, -3.420202, 0, 9.396926, 1, 1, 1, 3.420203, -100, -9.396927, 2, 2, 2, True
11.96598, -3.420202, 0, 9.396926, 1, 1, 1, 3.420203, -100, -9.396927, 2, 2, 2, True
11.97007, -3.420202, 0, 9.396926, 1, 1, 1, 3.420203, -100, -9.396927, 2, 2, 2, True
11.97411, -3.420202, 0, 9.396926, 1, 1, 1, 3.420203, -100, -9.396927, 2, 2, 2, True
11.97809, -3.420202, 0, 9.396926, 1, 1, 1, 3.420203, -100, -9.396927, 2, 2, 2, True
11.98234, -3.420202, 0, 9.396926, 1, 1, 1, 3.420203, -100, -9.396927, 2, 2, 2, True
11.98612, -3.420202, 0, 9.396926, 1, 1, 1, 3.420203, -100, -9.396927, 2, 2, 2, True
11.99012, -3.420202, 0, 9.396926, 1, 1, 1, 3.420203, -100, -9.396927, 2, 2, 2, True
11.99413, -3.420202, 0, 9.396926, 1, 1, 1, 3.420203, -100, -9.396927, 2, 2, 2, True
11.99815, -3.420202, 0, 9.396926, 1, 1, 1, 3.420203, -100, -9.396927, 2, 2, 2, True
12.00212, -3.420202, 0, 9.396926, 1, 1, 1, 3.420203, -100, -9.396927, 2, 2, 2, True
12.00617, -3.420202, 0, 9.396926, 1, 1, 1, 3.420203, -100, -9.396927, 2, 2, 2, True
12.01002, -3.420202, 0, 9.396926, 1, 1, 1, 3.420203, -100, -9.396927, 2, 2, 2, True
12.01413, -3.420202, 0, 9.396926, 1, 1, 1, 3.420203, -100, -9.396927, 2, 2, 2, True
12.01803, -3.420202, 0, 9.396926, 1, 1, 1, 3.420203, -100, -9.396927, 2, 2, 2, True
12.02212, -3.420202, 0, 9.396926, 1, 1, 1, 3.420203, -100, -9.396927, 2, 2, 2, True
12.02594, -3.420202, 0, 9.396926, 1, 1, 1, 3.420203, -100, -9.396927, 2, 2, 2, True
12.03012, -3.420202, 0, 9.396926, 1, 1, 1, 3.420203, -100, -9.396927, 2, 2, 2, True
12.03412, -3.420202, 0, 9.396926, 1, 1, 1, 3.420203, -100, -9.396927, 2, 2, 2, True
12.03796, -3.420202, 0, 9.396926, 1, 1, 1, 3.420203, -100, -9.396927, 2, 2, 2, True
12.04219, -3.420202, 0, 9.396926, 1, 1, 1, 3.420203, -100, -9.396927, 2, 2, 2, True
12.04612, -3.420202, 0, 9.396926, 1, 1, 1, 3.420203, -100, -9.396927, 2, 2, 2, True
12.05, -3.420202, 0, 9.396926, 1, 1, 1, 3.420203, -100, -9.396927, 2, 2, 2, True
12.05403, -3.420202, 0, 9.396926, 1, 1, 1, 3.420203, -100, -9.396927, 2, 2, 2, True
12.05803, -3.420202, 0, 9.396926, 1, 1, 1, 3.420203, -100, -9.396927, 2, 2, 2, True
12.06221, -3.420202, 0, 9.396926, 1, 1, 1, 3.420203, -100, -9.396927, 2, 2, 2, True
12.06598, -3.420202, 0, 9.396926, 1, 1, 1, 3.420203, -100, -9.396927, 2, 2, 2, True
12.07025, -3.420202, 0, 9.396926, 1, 1, 1, 3.420203, -100, -9.396927, 2, 2, 2, True
12.07441, -3.420202, 0, 9.396926, 1, 1, 1, 3.420203, -100, -9.396927, 2, 2, 2, True
12.07934, -3.420202, 0, 9.396926, 1, 1, 1, 3.420203, -100, -9.396927, 2, 2, 2, True
12.08348, -3.420202, 0, 9.396926, 1, 1, 1, 3.420203, -100, -9.396927, 2, 2, 2, True
12.09042, -3.420202, 0, 9.396926, 1, 1, 1, 3.420203, -100, -9.396927, 2, 2, 2, True
12.09397, -3.420202, 0, 9.396926, 1, 1, 1, 3.420203, -100, -9.396927, 2, 2, 2, True
12.098, -3.420202, 0, 9.396926, 1, 1, 1, 3.420203, -100, -9.396927, 2, 2, 2, True
12.102, -3.420202, 0, 9.396926, 1, 1, 1, 3.420203, -100, -9.396927, 2, 2, 2, True
12.10605, -3.420202, 0, 9.396926, 1, 1, 1, 3.420203, -100, -9.396927, 2, 2, 2, True
12.11038, -3.420202, 0, 9.396926, 1, 1, 1, 3.420203, -100, -9.396927, 2, 2, 2, True
12.11495, -3.420202, 0, 9.396926, 1, 1, 1, 3.420203, -100, -9.396927, 2, 2, 2, True
12.11961, -3.420202, 0, 9.396926, 1, 1, 1, 3.420203, -100, -9.396927, 2, 2, 2, True
12.12626, -3.420202, 0, 9.396926, 1, 1, 1, 3.420203, -100, -9.396927, 2, 2, 2, True
12.12989, -3.420202, 0, 9.396926, 1, 1, 1, 3.420203, -100, -9.396927, 2, 2, 2, True
12.13413, -3.420202, 0, 9.396926, 1, 1, 1, 3.420203, -100, -9.396927, 2, 2, 2, True
12.13814, -3.420202, 0, 9.396926, 1, 1, 1, 3.420203, -100, -9.396927, 2, 2, 2, True
12.14215, -3.420202, 0, 9.396926, 1, 1, 1, 3.420203, -100, -9.396927, 2, 2, 2, True
12.14635, -3.420202, 0, 9.396926, 1, 1, 1, 3.420203, -100, -9.396927, 2, 2, 2, True
12.15091, -3.420202, 0, 9.396926, 1, 1, 1, 3.420203, -100, -9.396927, 2, 2, 2, True
12.15557, -3.420202, 0, 9.396926, 1, 1, 1, 3.420203, -100, -9.396927, 2, 2, 2, True
12.16254, -3.420202, 0, 9.396926, 1, 1, 1, 3.420203, -100, -9.396927, 2, 2, 2, True
12.16588, -3.420202, 0, 9.396926, 1, 1, 1, 3.420203, -100, -9.396927, 2, 2, 2, True
12.17017, -3.420202, 0, 9.396926, 1, 1, 1, 3.420203, -100, -9.396927, 2, 2, 2, True
12.17422, -3.420202, 0, 9.396926, 1, 1, 1, 3.420203, -100, -9.396927, 2, 2, 2, True
12.17835, -3.420202, 0, 9.396926, 1, 1, 1, 3.420203, -100, -9.396927, 2, 2, 2, True
12.18252, -3.420202, 0, 9.396926, 1, 1, 1, 3.420203, -100, -9.396927, 2, 2, 2, True
12.18694, -3.420202, 0, 9.396926, 1, 1, 1, 3.420203, -100, -9.396927, 2, 2, 2, True
12.19187, -3.420202, 0, 9.396926, 1, 1, 1, 3.420203, -100, -9.396927, 2, 2, 2, True
12.19806, -3.420202, 0, 9.396926, 1, 1, 1, 3.420203, -100, -9.396927, 2, 2, 2, True
12.20205, -3.420202, 0, 9.396926, 1, 1, 1, 3.420203, -100, -9.396927, 2, 2, 2, True
12.20604, -3.420202, 0, 9.396926, 1, 1, 1, 3.420203, -100, -9.396927, 2, 2, 2, True
12.21017, -3.420202, 0, 9.396926, 1, 1, 1, 3.420203, -100, -9.396927, 2, 2, 2, True
12.21421, -3.420202, 0, 9.396926, 1, 1, 1, 3.420203, -100, -9.396927, 2, 2, 2, True
12.21838, -3.420202, 0, 9.396926, 1, 1, 1, 3.420203, -100, -9.396927, 2, 2, 2, True
12.22305, -3.420202, 0, 9.396926, 1, 1, 1, 3.420203, -100, -9.396927, 2, 2, 2, True
12.22783, -3.420202, 0, 9.396926, 1, 1, 1, 3.420203, -100, -9.396927, 2, 2, 2, True
12.234, -3.420202, 0, 9.396926, 1, 1, 1, 3.420203, -100, -9.396927, 2, 2, 2, True
12.23819, -3.420202, 0, 9.396926, 1, 1, 1, 3.420203, -100, -9.396927, 2, 2, 2, True
12.24214, -3.420202, 0, 9.396926, 1, 1, 1, 3.420203, -100, -9.396927, 2, 2, 2, True
12.24607, -3.420202, 0, 9.396926, 1, 1, 1, 3.420203, -100, -9.396927, 2, 2, 2, True
12.25028, -3.420202, 0, 9.396926, 1, 1, 1, 3.420203, -100, -9.396927, 2, 2, 2, True
12.25449, -3.420202, 0, 9.396926, 1, 1, 1, 3.420203, -100, -9.396927, 2, 2, 2, True
12.2594, -3.420202, 0, 9.396926, 1, 1, 1, 3.420203, -100, -9.396927, 2, 2, 2, True
12.26603, -3.420202, 0, 9.396926, 1, 1, 1, 3.420203, -100, -9.396927, 2, 2, 2, True
12.27001, -3.420202, 0, 9.396926, 1, 1, 1, 3.420203, -100, -9.396927, 2, 2, 2, True
12.27396, -3.420202, 0, 9.396926, 1, 1, 1, 3.420203, -100, -9.396927, 2, 2, 2, True
12.27809, -3.420202, 0, 9.396926, 1, 1, 1, 3.420203, -100, -9.396927, 2, 2, 2, True
12.28214, -3.420202, 0, 9.396926, 1, 1, 1, 3.420203, -100, -9.396927, 2, 2, 2, True
12.28642, -3.420202, 0, 9.396926, 1, 1, 1, 3.420203, -100, -9.396927, 2, 2, 2, True
12.29036, -3.420202, 0, 9.396926, 1, 1, 1, 3.420203, -100, -9.396927, 2, 2, 2, True
12.29512, -3.420202, 0, 9.396926, 1, 1, 1, 3.420203, -100, -9.396927, 2, 2, 2, True
12.29956, -3.420202, 0, 9.396926, 1, 1, 1, 3.420203, -100, -9.396927, 2, 2, 2, True
12.30655, -3.420202, 0, 9.396926, 1, 1, 1, 3.420203, -100, -9.396927, 2, 2, 2, True
12.3106, -3.420202, 0, 9.396926, 1, 1, 1, 3.420203, -100, -9.396927, 2, 2, 2, True
12.31405, -3.420202, 0, 9.396926, 1, 1, 1, 3.420203, -100, -9.396927, 2, 2, 2, True
12.31822, -3.420202, 0, 9.396926, 1, 1, 1, 3.420203, -100, -9.396927, 2, 2, 2, True
12.32252, -3.420202, 0, 9.396926, 1, 1, 1, 3.420203, -100, -9.396927, 2, 2, 2, True
12.32694, -3.420202, 0, 9.396926, 1, 1, 1, 3.420203, -100, -9.396927, 2, 2, 2, True
12.33138, -3.420202, 0, 9.396926, 1, 1, 1, 3.420203, -100, -9.396927, 2, 2, 2, True
12.33557, -3.420202, 0, 9.396926, 1, 1, 1, 3.420203, -100, -9.396927, 2, 2, 2, True
12.3425, -3.420202, 0, 9.396926, 1, 1, 1, 3.420203, -100, -9.396927, 2, 2, 2, True
12.3461, -3.420202, 0, 9.396926, 1, 1, 1, 3.420203, -100, -9.396927, 2, 2, 2, True
12.35008, -3.420202, 0, 9.396926, 1, 1, 1, 3.420203, -100, -9.396927, 2, 2, 2, True
12.35419, -3.420202, 0, 9.396926, 1, 1, 1, 3.420203, -100, -9.396927, 2, 2, 2, True
12.35832, -3.420202, 0, 9.396926, 1, 1, 1, 3.420203, -100, -9.396927, 2, 2, 2, True
12.36289, -3.420202, 0, 9.396926, 1, 1, 1, 3.420203, -100, -9.396927, 2, 2, 2, True
12.36729, -3.420202, 0, 9.396926, 1, 1, 1, 3.420203, -100, -9.396927, 2, 2, 2, True
12.37137, -3.420202, 0, 9.396926, 1, 1, 1, 3.420203, -100, -9.396927, 2, 2, 2, True
12.37575, -3.420202, 0, 9.396926, 1, 1, 1, 3.420203, -100, -9.396927, 2, 2, 2, True
12.38291, -3.420202, 0, 9.396926, 1, 1, 1, 3.420203, -100, -9.396927, 2, 2, 2, True
12.38612, -3.420202, 0, 9.396926, 1, 1, 1, 3.420203, -100, -9.396927, 2, 2, 2, True
12.39014, -3.420202, 0, 9.396926, 1, 1, 1, 3.420203, -100, -9.396927, 2, 2, 2, True
12.3944, -3.420202, 0, 9.396926, 1, 1, 1, 3.420203, -100, -9.396927, 2, 2, 2, True
12.39852, -3.420202, 0, 9.396926, 1, 1, 1, 3.420203, -100, -9.396927, 2, 2, 2, True
12.40301, -3.420202, 0, 9.396926, 1, 1, 1, 3.420203, -100, -9.396927, 2, 2, 2, True
12.40768, -3.420202, 0, 9.396926, 1, 1, 1, 3.420203, -100, -9.396927, 2, 2, 2, True
12.41436, -3.420202, 0, 9.396926, 1, 1, 1, 3.420203, -100, -9.396927, 2, 2, 2, True
12.42227, -3.420202, 0, 9.396926, 1, 1, 1, 3.420203, -100, -9.396927, 2, 2, 2, True
12.4344, -3.420202, 0, 9.396926, 1, 1, 1, 3.420203, -100, -9.396927, 2, 2, 2, True
12.43792, -3.420202, 0, 9.396926, 1, 1, 1, 3.420203, -100, -9.396927, 2, 2, 2, True
12.4421, -3.420202, 0, 9.396926, 1, 1, 1, 3.420203, -100, -9.396927, 2, 2, 2, True
12.44609, -3.420202, 0, 9.396926, 1, 1, 1, 3.420203, -100, -9.396927, 2, 2, 2, True
12.45009, -3.420202, 0, 9.396926, 1, 1, 1, 3.420203, -100, -9.396927, 2, 2, 2, True
12.4542, -3.420202, 0, 9.396926, 1, 1, 1, 3.420203, -100, -9.396927, 2, 2, 2, True
12.45825, -3.420202, 0, 9.396926, 1, 1, 1, 3.420203, -100, -9.396927, 2, 2, 2, True
12.46207, -3.420202, 0, 9.396926, 1, 1, 1, 3.420203, -100, -9.396927, 2, 2, 2, True
12.4662, -3.420202, 0, 9.396926, 1, 1, 1, 3.420203, -100, -9.396927, 2, 2, 2, True
12.47015, -3.420202, 0, 9.396926, 1, 1, 1, 3.420203, -100, -9.396927, 2, 2, 2, True
12.47397, -3.420202, 0, 9.396926, 1, 1, 1, 3.420203, -100, -9.396927, 2, 2, 2, True
12.47805, -3.420202, 0, 9.396926, 1, 1, 1, 3.420203, -100, -9.396927, 2, 2, 2, True
12.4821, -3.420202, 0, 9.396926, 1, 1, 1, 3.420203, -100, -9.396927, 2, 2, 2, True
12.48612, -3.420202, 0, 9.396926, 1, 1, 1, 3.420203, -100, -9.396927, 2, 2, 2, True
12.49016, -3.420202, 0, 9.396926, 1, 1, 1, 3.420203, -100, -9.396927, 2, 2, 2, True
12.49403, -3.420202, 0, 9.396926, 1, 1, 1, 3.420203, -100, -9.396927, 2, 2, 2, True
12.49812, -3.420202, 0, 9.396926, 1, 1, 1, 3.420203, -100, -9.396927, 2, 2, 2, True
12.50213, -3.420202, 0, 9.396926, 1, 1, 1, 3.420203, -100, -9.396927, 2, 2, 2, True
12.50623, -3.420202, 0, 9.396926, 1, 1, 1, 3.420203, -100, -9.396927, 2, 2, 2, True
12.51009, -3.420202, 0, 9.396926, 1, 1, 1, 3.420203, -100, -9.396927, 2, 2, 2, True
12.5141, -3.420202, 0, 9.396926, 1, 1, 1, 3.420203, -100, -9.396927, 2, 2, 2, True
12.51793, -3.420202, 0, 9.396926, 1, 1, 1, 3.420203, -100, -9.396927, 2, 2, 2, True
12.52203, -3.420202, 0, 9.396926, 1, 1, 1, 3.420203, -100, -9.396927, 2, 2, 2, True
12.52604, -3.420202, 0, 9.396926, 1, 1, 1, 3.420203, -100, -9.396927, 2, 2, 2, True
12.53014, -3.420202, 0, 9.396926, 1, 1, 1, 3.420203, -100, -9.396927, 2, 2, 2, True
12.53409, -3.420202, 0, 9.396926, 1, 1, 1, 3.420203, -100, -9.396927, 2, 2, 2, True
12.53832, -3.420202, 0, 9.396926, 1, 1, 1, 3.420203, -100, -9.396927, 2, 2, 2, True
12.54279, -3.420202, 0, 9.396926, 1, 1, 1, 3.420203, -100, -9.396927, 2, 2, 2, True
12.54729, -3.420202, 0, 9.396926, 1, 1, 1, 3.420203, -100, -9.396927, 2, 2, 2, True
12.55147, -3.420202, 0, 9.396926, 1, 1, 1, 3.420203, -100, -9.396927, 2, 2, 2, True
12.55818, -3.420202, 0, 9.396926, 1, 1, 1, 3.420203, -100, -9.396927, 2, 2, 2, True
12.56208, -3.420202, 0, 9.396926, 1, 1, 1, 3.420203, -100, -9.396927, 2, 2, 2, True
12.56603, -3.420202, 0, 9.396926, 1, 1, 1, 3.420203, -100, -9.396927, 2, 2, 2, True
12.56995, -3.420202, 0, 9.396926, 1, 1, 1, 3.420203, -100, -9.396927, 2, 2, 2, True
12.57416, -3.420202, 0, 9.396926, 1, 1, 1, 3.420203, -100, -9.396927, 2, 2, 2, True
12.57852, -3.420202, 0, 9.396926, 1, 1, 1, 3.420203, -100, -9.396927, 2, 2, 2, True
12.583, -3.420202, 0, 9.396926, 1, 1, 1, 3.420203, -100, -9.396927, 2, 2, 2, True
12.58748, -3.420202, 0, 9.396926, 1, 1, 1, 3.420203, -100, -9.396927, 2, 2, 2, True
12.59192, -3.420202, 0, 9.396926, 1, 1, 1, 3.420203, -100, -9.396927, 2, 2, 2, True
12.59844, -3.420202, 0, 9.396926, 1, 1, 1, 3.420203, -100, -9.396927, 2, 2, 2, True
12.60206, -3.420202, 0, 9.396926, 1, 1, 1, 3.420203, -100, -9.396927, 2, 2, 2, True
12.60607, -3.420202, 0, 9.396926, 1, 1, 1, 3.420203, -100, -9.396927, 2, 2, 2, True
12.61026, -3.420202, 0, 9.396926, 1, 1, 1, 3.420203, -100, -9.396927, 2, 2, 2, True
12.61465, -3.420202, 0, 9.396926, 1, 1, 1, 3.420203, -100, -9.396927, 2, 2, 2, True
12.61916, -3.420202, 0, 9.396926, 1, 1, 1, 3.420203, -100, -9.396927, 2, 2, 2, True
12.6236, -3.420202, 0, 9.396926, 1, 1, 1, 3.420203, -100, -9.396927, 2, 2, 2, True
12.63041, -3.420202, 0, 9.396926, 1, 1, 1, 3.420203, -100, -9.396927, 2, 2, 2, True
12.63398, -3.420202, 0, 9.396926, 1, 1, 1, 3.420203, -100, -9.396927, 2, 2, 2, True
12.63816, -3.420202, 0, 9.396926, 1, 1, 1, 3.420203, -100, -9.396927, 2, 2, 2, True
12.6422, -3.420202, 0, 9.396926, 1, 1, 1, 3.420203, -100, -9.396927, 2, 2, 2, True
12.64679, -3.420202, 0, 9.396926, 1, 1, 1, 3.420203, -100, -9.396927, 2, 2, 2, True
12.65123, -3.420202, 0, 9.396926, 1, 1, 1, 3.420203, -100, -9.396927, 2, 2, 2, True
12.65536, -3.420202, 0, 9.396926, 1, 1, 1, 3.420203, -100, -9.396927, 2, 2, 2, True
12.66244, -3.420202, 0, 9.396926, 1, 1, 1, 3.420203, -100, -9.396927, 2, 2, 2, True
12.66594, -3.420202, 0, 9.396926, 1, 1, 1, 3.420203, -100, -9.396927, 2, 2, 2, True
12.67011, -3.420202, 0, 9.396926, 1, 1, 1, 3.420203, -100, -9.396927, 2, 2, 2, True
12.67421, -3.420202, 0, 9.396926, 1, 1, 1, 3.420203, -100, -9.396927, 2, 2, 2, True
12.67835, -3.420202, 0, 9.396926, 1, 1, 1, 3.420203, -100, -9.396927, 2, 2, 2, True
12.68251, -3.420202, 0, 9.396926, 1, 1, 1, 3.420203, -100, -9.396927, 2, 2, 2, True
12.68703, -3.420202, 0, 9.396926, 1, 1, 1, 3.420203, -100, -9.396927, 2, 2, 2, True
12.69197, -3.420202, 0, 9.396926, 1, 1, 1, 3.420203, -100, -9.396927, 2, 2, 2, True
12.69836, -3.420202, 0, 9.396926, 1, 1, 1, 3.420203, -100, -9.396927, 2, 2, 2, True
12.70189, -3.420202, 0, 9.396926, 1, 1, 1, 3.420203, -100, -9.396927, 2, 2, 2, True
12.70622, -3.420202, 0, 9.396926, 1, 1, 1, 3.420203, -100, -9.396927, 2, 2, 2, True
12.71007, -3.420202, 0, 9.396926, 1, 1, 1, 3.420203, -100, -9.396927, 2, 2, 2, True
12.71431, -3.420202, 0, 9.396926, 1, 1, 1, 3.420203, -100, -9.396927, 2, 2, 2, True
12.71847, -3.420202, 0, 9.396926, 1, 1, 1, 3.420203, -100, -9.396927, 2, 2, 2, True
12.72313, -3.420202, 0, 9.396926, 1, 1, 1, 3.420203, -100, -9.396927, 2, 2, 2, True
12.72787, -3.420202, 0, 9.396926, 1, 1, 1, 3.420203, -100, -9.396927, 2, 2, 2, True
12.73427, -3.420202, 0, 9.396926, 1, 1, 1, 3.420203, -100, -9.396927, 2, 2, 2, True
12.73811, -3.420202, 0, 9.396926, 1, 1, 1, 3.420203, -100, -9.396927, 2, 2, 2, True
12.74216, -3.420202, 0, 9.396926, 1, 1, 1, 3.420203, -100, -9.396927, 2, 2, 2, True
12.74615, -3.420202, 0, 9.396926, 1, 1, 1, 3.420203, -100, -9.396927, 2, 2, 2, True
12.75014, -3.420202, 0, 9.396926, 1, 1, 1, 3.420203, -100, -9.396927, 2, 2, 2, True
12.75464, -3.420202, 0, 9.396926, 1, 1, 1, 3.420203, -100, -9.396927, 2, 2, 2, True
12.75955, -3.420202, 0, 9.396926, 1, 1, 1, 3.420203, -100, -9.396927, 2, 2, 2, True
12.766, -3.420202, 0, 9.396926, 1, 1, 1, 3.420203, -100, -9.396927, 2, 2, 2, True
12.77009, -3.420202, 0, 9.396926, 1, 1, 1, 3.420203, -100, -9.396927, 2, 2, 2, True
12.77405, -3.420202, 0, 9.396926, 1, 1, 1, 3.420203, -100, -9.396927, 2, 2, 2, True
12.77788, -3.420202, 0, 9.396926, 1, 1, 1, 3.420203, -100, -9.396927, 2, 2, 2, True
12.78201, -3.420202, 0, 9.396926, 1, 1, 1, 3.420203, -100, -9.396927, 2, 2, 2, True
12.78626, -3.420202, 0, 9.396926, 1, 1, 1, 3.420203, -100, -9.396927, 2, 2, 2, True
12.79095, -3.420202, 0, 9.396926, 1, 1, 1, 3.420203, -100, -9.396927, 2, 2, 2, True
12.79553, -3.420202, 0, 9.396926, 1, 1, 1, 3.420203, -100, -9.396927, 2, 2, 2, True
12.80245, -3.420202, 0, 9.396926, 1, 1, 1, 3.420203, -100, -9.396927, 2, 2, 2, True
12.80603, -3.420202, 0, 9.396926, 1, 1, 1, 3.420203, -100, -9.396927, 2, 2, 2, True
12.81032, -3.420202, 0, 9.396926, 1, 1, 1, 3.420203, -100, -9.396927, 2, 2, 2, True
12.81404, -3.420202, 0, 9.396926, 1, 1, 1, 3.420203, -100, -9.396927, 2, 2, 2, True
12.8183, -3.420202, 0, 9.396926, 1, 1, 1, 3.420203, -100, -9.396927, 2, 2, 2, True
12.82255, -3.420202, 0, 9.396926, 1, 1, 1, 3.420203, -100, -9.396927, 2, 2, 2, True
12.82675, -3.420202, 0, 9.396926, 1, 1, 1, 3.420203, -100, -9.396927, 2, 2, 2, True
12.83149, -3.420202, 0, 9.396926, 1, 1, 1, 3.420203, -100, -9.396927, 2, 2, 2, True
12.83594, -3.420202, 0, 9.396926, 1, 1, 1, 3.420203, -100, -9.396927, 2, 2, 2, True
12.8421, -3.420202, 0, 9.396926, 1, 1, 1, 3.420203, -100, -9.396927, 2, 2, 2, True
12.84603, -3.420202, 0, 9.396926, 1, 1, 1, 3.420203, -100, -9.396927, 2, 2, 2, True
12.85013, -3.420202, 0, 9.396926, 1, 1, 1, 3.420203, -100, -9.396927, 2, 2, 2, True
12.85459, -3.420202, 0, 9.396926, 1, 1, 1, 3.420203, -100, -9.396927, 2, 2, 2, True
12.85854, -3.420202, 0, 9.396926, 1, 1, 1, 3.420203, -100, -9.396927, 2, 2, 2, True
12.86334, -3.420202, 0, 9.396926, 1, 1, 1, 3.420203, -100, -9.396927, 2, 2, 2, True
12.8678, -3.420202, 0, 9.396926, 1, 1, 1, 3.420203, -100, -9.396927, 2, 2, 2, True
12.87421, -3.420202, 0, 9.396926, 1, 1, 1, 3.420203, -100, -9.396927, 2, 2, 2, True
12.87814, -3.420202, 0, 9.396926, 1, 1, 1, 3.420203, -100, -9.396927, 2, 2, 2, True
12.88198, -3.420202, 0, 9.396926, 1, 1, 1, 3.420203, -100, -9.396927, 2, 2, 2, True
12.88629, -3.420202, 0, 9.396926, 1, 1, 1, 3.420203, -100, -9.396927, 2, 2, 2, True
12.89043, -3.420202, 0, 9.396926, 1, 1, 1, 3.420203, -100, -9.396927, 2, 2, 2, True
12.89535, -3.420202, 0, 9.396926, 1, 1, 1, 3.420203, -100, -9.396927, 2, 2, 2, True
12.89954, -3.420202, 0, 9.396926, 1, 1, 1, 3.420203, -100, -9.396927, 2, 2, 2, True
12.90404, -3.420202, 0, 9.396926, 1, 1, 1, 3.420203, -100, -9.396927, 2, 2, 2, True
12.91029, -3.420202, 0, 9.396926, 1, 1, 1, 3.420203, -100, -9.396927, 2, 2, 2, True
12.91412, -3.420202, 0, 9.396926, 1, 1, 1, 3.420203, -100, -9.396927, 2, 2, 2, True
12.91813, -3.420202, 0, 9.396926, 1, 1, 1, 3.420203, -100, -9.396927, 2, 2, 2, True
12.92244, -3.420202, 0, 9.396926, 1, 1, 1, 3.420203, -100, -9.396927, 2, 2, 2, True
12.92652, -3.420202, 0, 9.396926, 1, 1, 1, 3.420203, -100, -9.396927, 2, 2, 2, True
12.93118, -3.420202, 0, 9.396926, 1, 1, 1, 3.420203, -100, -9.396927, 2, 2, 2, True
12.9357, -3.420202, 0, 9.396926, 1, 1, 1, 3.420203, -100, -9.396927, 2, 2, 2, True
12.94254, -3.420202, 0, 9.396926, 1, 1, 1, 3.420203, -100, -9.396927, 2, 2, 2, True
12.9501, -3.420202, 0, 9.396926, 1, 1, 1, 3.420203, -100, -9.396927, 2, 2, 2, True
12.95807, -3.420202, 0, 9.396926, 1, 1, 1, 3.420203, -100, -9.396927, 2, 2, 2, True
12.96216, -3.420202, 0, 9.396926, 1, 1, 1, 3.420203, -100, -9.396927, 2, 2, 2, True
12.96606, -3.420202, 0, 9.396926, 1, 1, 1, 3.420203, -100, -9.396927, 2, 2, 2, True
12.96997, -3.420202, 0, 9.396926, 1, 1, 1, 3.420203, -100, -9.396927, 2, 2, 2, True
12.97413, -3.420202, 0, 9.396926, 1, 1, 1, 3.420203, -100, -9.396927, 2, 2, 2, True
12.97803, -3.420202, 0, 9.396926, 1, 1, 1, 3.420203, -100, -9.396927, 2, 2, 2, True
12.98196, -3.420202, 0, 9.396926, 1, 1, 1, 3.420203, -100, -9.396927, 2, 2, 2, True
12.98605, -3.420202, 0, 9.396926, 1, 1, 1, 3.420203, -100, -9.396927, 2, 2, 2, True
12.9902, -3.420202, 0, 9.396926, 1, 1, 1, 3.420203, -100, -9.396927, 2, 2, 2, True
12.99429, -3.420202, 0, 9.396926, 1, 1, 1, 3.420203, -100, -9.396927, 2, 2, 2, True
12.99813, -3.420202, 0, 9.396926, 1, 1, 1, 3.420203, -100, -9.396927, 2, 2, 2, True
13.00205, -3.420202, 0, 9.396926, 1, 1, 1, 3.420203, -100, -9.396927, 2, 2, 2, True
13.01386, -3.420202, 0, 9.396926, 1, 1, 1, 3.420203, -100, -9.396927, 2, 2, 2, True
13.01812, -3.420202, 0, 9.396926, 1, 1, 1, 3.420203, -100, -9.396927, 2, 2, 2, True
13.02215, -3.420202, 0, 9.396926, 1, 1, 1, 3.420203, -100, -9.396927, 2, 2, 2, True
13.02616, -3.420202, 0, 9.396926, 1, 1, 1, 3.420203, -100, -9.396927, 2, 2, 2, True
13.03017, -3.420202, 0, 9.396926, 1, 1, 1, 3.420203, -100, -9.396927, 2, 2, 2, True
13.03409, -3.420202, 0, 9.396926, 1, 1, 1, 3.420203, -100, -9.396927, 2, 2, 2, True
13.03803, -3.420202, 0, 9.396926, 1, 1, 1, 3.420203, -100, -9.396927, 2, 2, 2, True
13.04223, -3.420202, 0, 9.396926, 1, 1, 1, 3.420203, -100, -9.396927, 2, 2, 2, True
13.04602, -3.420202, 0, 9.396926, 1, 1, 1, 3.420203, -100, -9.396927, 2, 2, 2, True
13.05008, -3.420202, 0, 9.396926, 1, 1, 1, 3.420203, -100, -9.396927, 2, 2, 2, True
13.05415, -3.420202, 0, 9.396926, 1, 1, 1, 3.420203, -100, -9.396927, 2, 2, 2, True
13.05812, -3.420202, 0, 9.396926, 1, 1, 1, 3.420203, -100, -9.396927, 2, 2, 2, True
13.06213, -3.420202, 0, 9.396926, 1, 1, 1, 3.420203, -100, -9.396927, 2, 2, 2, True
13.06612, -3.420202, 0, 9.396926, 1, 1, 1, 3.420203, -100, -9.396927, 2, 2, 2, True
13.06998, -3.420202, 0, 9.396926, 1, 1, 1, 3.420203, -100, -9.396927, 2, 2, 2, True
13.07424, -3.420202, 0, 9.396926, 1, 1, 1, 3.420203, -100, -9.396927, 2, 2, 2, True
13.07802, -3.420202, 0, 9.396926, 1, 1, 1, 3.420203, -100, -9.396927, 2, 2, 2, True
13.08194, -3.420202, 0, 9.396926, 1, 1, 1, 3.420203, -100, -9.396927, 2, 2, 2, True
13.08604, -3.420202, 0, 9.396926, 1, 1, 1, 3.420203, -100, -9.396927, 2, 2, 2, True
13.09013, -3.420202, 0, 9.396926, 1, 1, 1, 3.420203, -100, -9.396927, 2, 2, 2, True
13.09416, -3.420202, 0, 9.396926, 1, 1, 1, 3.420203, -100, -9.396927, 2, 2, 2, True
13.09817, -3.420202, 0, 9.396926, 1, 1, 1, 3.420203, -100, -9.396927, 2, 2, 2, True
13.10208, -3.420202, 0, 9.396926, 1, 1, 1, 3.420203, -100, -9.396927, 2, 2, 2, True
13.1063, -3.420202, 0, 9.396926, 1, 1, 1, 3.420203, -100, -9.396927, 2, 2, 2, True
13.1105, -3.420202, 0, 9.396926, 1, 1, 1, 3.420203, -100, -9.396927, 2, 2, 2, True
13.11508, -3.420202, 0, 9.396926, 1, 1, 1, 3.420203, -100, -9.396927, 2, 2, 2, True
13.11995, -3.420202, 0, 9.396926, 1, 1, 1, 3.420203, -100, -9.396927, 2, 2, 2, True
13.12617, -3.420202, 0, 9.396926, 1, 1, 1, 3.420203, -100, -9.396927, 2, 2, 2, True
13.13013, -3.420202, 0, 9.396926, 1, 1, 1, 3.420203, -100, -9.396927, 2, 2, 2, True
13.13396, -3.420202, 0, 9.396926, 1, 1, 1, 3.420203, -100, -9.396927, 2, 2, 2, True
13.13829, -3.420202, 0, 9.396926, 1, 1, 1, 3.420203, -100, -9.396927, 2, 2, 2, True
13.14217, -3.420202, 0, 9.396926, 1, 1, 1, 3.420203, -100, -9.396927, 2, 2, 2, True
13.14693, -3.420202, 0, 9.396926, 1, 1, 1, 3.420203, -100, -9.396927, 2, 2, 2, True
13.15138, -3.420202, 0, 9.396926, 1, 1, 1, 3.420203, -100, -9.396927, 2, 2, 2, True
13.15588, -3.420202, 0, 9.396926, 1, 1, 1, 3.420203, -100, -9.396927, 2, 2, 2, True
13.16223, -3.420202, 0, 9.396926, 1, 1, 1, 3.420203, -100, -9.396927, 2, 2, 2, True
13.16606, -3.420202, 0, 9.396926, 1, 1, 1, 3.420203, -100, -9.396927, 2, 2, 2, True
13.17014, -3.420202, 0, 9.396926, 1, 1, 1, 3.420203, -100, -9.396927, 2, 2, 2, True
13.17435, -3.420202, 0, 9.396926, 1, 1, 1, 3.420203, -100, -9.396927, 2, 2, 2, True
13.17919, -3.420202, 0, 9.396926, 1, 1, 1, 3.420203, -100, -9.396927, 2, 2, 2, True
13.18331, -3.420202, 0, 9.396926, 1, 1, 1, 3.420203, -100, -9.396927, 2, 2, 2, True
13.18784, -3.420202, 0, 9.396926, 1, 1, 1, 3.420203, -100, -9.396927, 2, 2, 2, True
13.19409, -3.420202, 0, 9.396926, 1, 1, 1, 3.420203, -100, -9.396927, 2, 2, 2, True
13.19818, -3.420202, 0, 9.396926, 1, 1, 1, 3.420203, -100, -9.396927, 2, 2, 2, True
13.20204, -3.420202, 0, 9.396926, 1, 1, 1, 3.420203, -100, -9.396927, 2, 2, 2, True
13.20616, -3.420202, 0, 9.396926, 1, 1, 1, 3.420203, -100, -9.396927, 2, 2, 2, True
13.21019, -3.420202, 0, 9.396926, 1, 1, 1, 3.420203, -100, -9.396927, 2, 2, 2, True
13.21479, -3.420202, 0, 9.396926, 1, 1, 1, 3.420203, -100, -9.396927, 2, 2, 2, True
13.21933, -3.420202, 0, 9.396926, 1, 1, 1, 3.420203, -100, -9.396927, 2, 2, 2, True
13.22381, -3.420202, 0, 9.396926, 1, 1, 1, 3.420203, -100, -9.396927, 2, 2, 2, True
13.23043, -3.420202, 0, 9.396926, 1, 1, 1, 3.420203, -100, -9.396927, 2, 2, 2, True
13.23405, -3.420202, 0, 9.396926, 1, 1, 1, 3.420203, -100, -9.396927, 2, 2, 2, True
13.23813, -3.420202, 0, 9.396926, 1, 1, 1, 3.420203, -100, -9.396927, 2, 2, 2, True
13.2421, -3.420202, 0, 9.396926, 1, 1, 1, 3.420203, -100, -9.396927, 2, 2, 2, True
13.24678, -3.420202, 0, 9.396926, 1, 1, 1, 3.420203, -100, -9.396927, 2, 2, 2, True
13.25132, -3.420202, 0, 9.396926, 1, 1, 1, 3.420203, -100, -9.396927, 2, 2, 2, True
13.2558, -3.420202, 0, 9.396926, 1, 1, 1, 3.420203, -100, -9.396927, 2, 2, 2, True
13.26244, -3.420202, 0, 9.396926, 1, 1, 1, 3.420203, -100, -9.396927, 2, 2, 2, True
13.26596, -3.420202, 0, 9.396926, 1, 1, 1, 3.420203, -100, -9.396927, 2, 2, 2, True
13.27009, -3.420202, 0, 9.396926, 1, 1, 1, 3.420203, -100, -9.396927, 2, 2, 2, True
13.27424, -3.420202, 0, 9.396926, 1, 1, 1, 3.420203, -100, -9.396927, 2, 2, 2, True
13.279, -3.420202, 0, 9.396926, 1, 1, 1, 3.420203, -100, -9.396927, 2, 2, 2, True
13.28329, -3.420202, 0, 9.396926, 1, 1, 1, 3.420203, -100, -9.396927, 2, 2, 2, True
13.28776, -3.420202, 0, 9.396926, 1, 1, 1, 3.420203, -100, -9.396927, 2, 2, 2, True
13.29445, -3.420202, 0, 9.396926, 1, 1, 1, 3.420203, -100, -9.396927, 2, 2, 2, True
13.29811, -3.420202, 0, 9.396926, 1, 1, 1, 3.420203, -100, -9.396927, 2, 2, 2, True
13.3021, -3.420202, 0, 9.396926, 1, 1, 1, 3.420203, -100, -9.396927, 2, 2, 2, True
13.30619, -3.420202, 0, 9.396926, 1, 1, 1, 3.420203, -100, -9.396927, 2, 2, 2, True
13.31168, -3.420202, 0, 9.396926, 1, 1, 1, 3.420203, -100, -9.396927, 2, 2, 2, True
13.31511, -3.420202, 0, 9.396926, 1, 1, 1, 3.420203, -100, -9.396927, 2, 2, 2, True
13.31961, -3.420202, 0, 9.396926, 1, 1, 1, 3.420203, -100, -9.396927, 2, 2, 2, True
13.32602, -3.420202, 0, 9.396926, 1, 1, 1, 3.420203, -100, -9.396927, 2, 2, 2, True
13.33011, -3.420202, 0, 9.396926, 1, 1, 1, 3.420203, -100, -9.396927, 2, 2, 2, True
13.33399, -3.420202, 0, 9.396926, 1, 1, 1, 3.420203, -100, -9.396927, 2, 2, 2, True
13.33814, -3.420202, 0, 9.396926, 1, 1, 1, 3.420203, -100, -9.396927, 2, 2, 2, True
13.34216, -3.420202, 0, 9.396926, 1, 1, 1, 3.420203, -100, -9.396927, 2, 2, 2, True
13.34677, -3.420202, 0, 9.396926, 1, 1, 1, 3.420203, -100, -9.396927, 2, 2, 2, True
13.35134, -3.420202, 0, 9.396926, 1, 1, 1, 3.420203, -100, -9.396927, 2, 2, 2, True
13.35604, -3.420202, 0, 9.396926, 1, 1, 1, 3.420203, -100, -9.396927, 2, 2, 2, True
13.36238, -3.420202, 0, 9.396926, 1, 1, 1, 3.420203, -100, -9.396927, 2, 2, 2, True
13.36606, -3.420202, 0, 9.396926, 1, 1, 1, 3.420203, -100, -9.396927, 2, 2, 2, True
13.37004, -3.420202, 0, 9.396926, 1, 1, 1, 3.420203, -100, -9.396927, 2, 2, 2, True
13.37415, -3.420202, 0, 9.396926, 1, 1, 1, 3.420203, -100, -9.396927, 2, 2, 2, True
13.37819, -3.420202, 0, 9.396926, 1, 1, 1, 3.420203, -100, -9.396927, 2, 2, 2, True
13.38284, -3.420202, 0, 9.396926, 1, 1, 1, 3.420203, -100, -9.396927, 2, 2, 2, True
13.38728, -3.420202, 0, 9.396926, 1, 1, 1, 3.420203, -100, -9.396927, 2, 2, 2, True
13.39179, -3.420202, 0, 9.396926, 1, 1, 1, 3.420203, -100, -9.396927, 2, 2, 2, True
13.39841, -3.420202, 0, 9.396926, 1, 1, 1, 3.420203, -100, -9.396927, 2, 2, 2, True
13.40196, -3.420202, 0, 9.396926, 1, 1, 1, 3.420203, -100, -9.396927, 2, 2, 2, True
13.4061, -3.420202, 0, 9.396926, 1, 1, 1, 3.420203, -100, -9.396927, 2, 2, 2, True
13.41033, -3.420202, 0, 9.396926, 1, 1, 1, 3.420203, -100, -9.396927, 2, 2, 2, True
13.41446, -3.420202, 0, 9.396926, 1, 1, 1, 3.420203, -100, -9.396927, 2, 2, 2, True
13.41893, -3.420202, 0, 9.396926, 1, 1, 1, 3.420203, -100, -9.396927, 2, 2, 2, True
13.4236, -3.420202, 0, 9.396926, 1, 1, 1, 3.420203, -100, -9.396927, 2, 2, 2, True
13.43049, -3.420202, 0, 9.396926, 1, 1, 1, 3.420203, -100, -9.396927, 2, 2, 2, True
13.43399, -3.420202, 0, 9.396926, 1, 1, 1, 3.420203, -100, -9.396927, 2, 2, 2, True
13.43814, -3.420202, 0, 9.396926, 1, 1, 1, 3.420203, -100, -9.396927, 2, 2, 2, True
13.44217, -3.420202, 0, 9.396926, 1, 1, 1, 3.420203, -100, -9.396927, 2, 2, 2, True
13.44606, -3.420202, 0, 9.396926, 1, 1, 1, 3.420203, -100, -9.396927, 2, 2, 2, True
13.45036, -3.420202, 0, 9.396926, 1, 1, 1, 3.420203, -100, -9.396927, 2, 2, 2, True
13.45494, -3.420202, 0, 9.396926, 1, 1, 1, 3.420203, -100, -9.396927, 2, 2, 2, True
13.45936, -3.420202, 0, 9.396926, 1, 1, 1, 3.420203, -100, -9.396927, 2, 2, 2, True
13.46603, -3.420202, 0, 9.396926, 1, 1, 1, 3.420203, -100, -9.396927, 2, 2, 2, True
13.47005, -3.420202, 0, 9.396926, 1, 1, 1, 3.420203, -100, -9.396927, 2, 2, 2, True
13.47406, -3.420202, 0, 9.396926, 1, 1, 1, 3.420203, -100, -9.396927, 2, 2, 2, True
13.48288, -3.420202, 0, 9.396926, 1, 1, 1, 3.420203, -100, -9.396927, 2, 2, 2, True
13.49439, -3.420202, 0, 9.396926, 1, 1, 1, 3.420203, -100, -9.396927, 2, 2, 2, True
13.49803, -3.420202, 0, 9.396926, 1, 1, 1, 3.420203, -100, -9.396927, 2, 2, 2, True
13.50203, -3.420202, 0, 9.396926, 1, 1, 1, 3.420203, -100, -9.396927, 2, 2, 2, True
13.5061, -3.420202, 0, 9.396926, 1, 1, 1, 3.420203, -100, -9.396927, 2, 2, 2, True
13.51032, -3.420202, 0, 9.396926, 1, 1, 1, 3.420203, -100, -9.396927, 2, 2, 2, True
13.51404, -3.420202, 0, 9.396926, 1, 1, 1, 3.420203, -100, -9.396927, 2, 2, 2, True
13.51816, -3.420202, 0, 9.396926, 1, 1, 1, 3.420203, -100, -9.396927, 2, 2, 2, True
13.52207, -3.420202, 0, 9.396926, 1, 1, 1, 3.420203, -100, -9.396927, 2, 2, 2, True
13.52604, -3.420202, 0, 9.396926, 1, 1, 1, 3.420203, -100, -9.396927, 2, 2, 2, True
13.53014, -3.420202, 0, 9.396926, 1, 1, 1, 3.420203, -100, -9.396927, 2, 2, 2, True
13.53418, -3.420202, 0, 9.396926, 1, 1, 1, 3.420203, -100, -9.396927, 2, 2, 2, True
13.53793, -3.420202, 0, 9.396926, 1, 1, 1, 3.420203, -100, -9.396927, 2, 2, 2, True
13.54205, -3.420202, 0, 9.396926, 1, 1, 1, 3.420203, -100, -9.396927, 2, 2, 2, True
13.54604, -3.420202, 0, 9.396926, 1, 1, 1, 3.420203, -100, -9.396927, 2, 2, 2, True
13.55005, -3.420202, 0, 9.396926, 1, 1, 1, 3.420203, -100, -9.396927, 2, 2, 2, True
13.55397, -3.420202, 0, 9.396926, 1, 1, 1, 3.420203, -100, -9.396927, 2, 2, 2, True
13.55811, -3.420202, 0, 9.396926, 1, 1, 1, 3.420203, -100, -9.396927, 2, 2, 2, True
13.56241, -3.420202, 0, 9.396926, 1, 1, 1, 3.420203, -100, -9.396927, 2, 2, 2, True
13.56604, -3.420202, 0, 9.396926, 1, 1, 1, 3.420203, -100, -9.396927, 2, 2, 2, True
13.57011, -3.420202, 0, 9.396926, 1, 1, 1, 3.420203, -100, -9.396927, 2, 2, 2, True
13.57393, -3.420202, 0, 9.396926, 1, 1, 1, 3.420203, -100, -9.396927, 2, 2, 2, True
13.57815, -3.420202, 0, 9.396926, 1, 1, 1, 3.420203, -100, -9.396927, 2, 2, 2, True
13.58202, -3.420202, 0, 9.396926, 1, 1, 1, 3.420203, -100, -9.396927, 2, 2, 2, True
13.58606, -3.420202, 0, 9.396926, 1, 1, 1, 3.420203, -100, -9.396927, 2, 2, 2, True
13.58998, -3.420202, 0, 9.396926, 1, 1, 1, 3.420203, -100, -9.396927, 2, 2, 2, True
13.59396, -3.420202, 0, 9.396926, 1, 1, 1, 3.420203, -100, -9.396927, 2, 2, 2, True
13.59821, -3.420202, 0, 9.396926, 1, 1, 1, 3.420203, -100, -9.396927, 2, 2, 2, True
13.6025, -3.420202, 0, 9.396926, 1, 1, 1, 3.420203, -100, -9.396927, 2, 2, 2, True
13.60646, -3.420202, 0, 9.396926, 1, 1, 1, 3.420203, -100, -9.396927, 2, 2, 2, True
13.6116, -3.420202, 0, 9.396926, 1, 1, 1, 3.420203, -100, -9.396927, 2, 2, 2, True
13.61576, -3.420202, 0, 9.396926, 1, 1, 1, 3.420203, -100, -9.396927, 2, 2, 2, True
13.62209, -3.420202, 0, 9.396926, 1, 1, 1, 3.420203, -100, -9.396927, 2, 2, 2, True
13.62609, -3.420202, 0, 9.396926, 1, 1, 1, 3.420203, -100, -9.396927, 2, 2, 2, True
13.6299, -3.420202, 0, 9.396926, 1, 1, 1, 3.420203, -100, -9.396927, 2, 2, 2, True
13.63419, -3.420202, 0, 9.396926, 1, 1, 1, 3.420203, -100, -9.396927, 2, 2, 2, True
13.63813, -3.420202, 0, 9.396926, 1, 1, 1, 3.420203, -100, -9.396927, 2, 2, 2, True
13.64308, -3.420202, 0, 9.396926, 1, 1, 1, 3.420203, -100, -9.396927, 2, 2, 2, True
13.64722, -3.420202, 0, 9.396926, 1, 1, 1, 3.420203, -100, -9.396927, 2, 2, 2, True
13.65164, -3.420202, 0, 9.396926, 1, 1, 1, 3.420203, -100, -9.396927, 2, 2, 2, True
13.65835, -3.420202, 0, 9.396926, 1, 1, 1, 3.420203, -100, -9.396927, 2, 2, 2, True
13.66203, -3.420202, 0, 9.396926, 1, 1, 1, 3.420203, -100, -9.396927, 2, 2, 2, True
13.66605, -3.420202, 0, 9.396926, 1, 1, 1, 3.420203, -100, -9.396927, 2, 2, 2, True
13.67002, -3.420202, 0, 9.396926, 1, 1, 1, 3.420203, -100, -9.396927, 2, 2, 2, True
13.67461, -3.420202, 0, 9.396926, 1, 1, 1, 3.420203, -100, -9.396927, 2, 2, 2, True
13.67915, -3.420202, 0, 9.396926, 1, 1, 1, 3.420203, -100, -9.396927, 2, 2, 2, True
13.68356, -3.420202, 0, 9.396926, 1, 1, 1, 3.420203, -100, -9.396927, 2, 2, 2, True
13.69008, -3.420202, 0, 9.396926, 1, 1, 1, 3.420203, -100, -9.396927, 2, 2, 2, True
13.69408, -3.420202, 0, 9.396926, 1, 1, 1, 3.420203, -100, -9.396927, 2, 2, 2, True
13.6981, -3.420202, 0, 9.396926, 1, 1, 1, 3.420203, -100, -9.396927, 2, 2, 2, True
13.70212, -3.420202, 0, 9.396926, 1, 1, 1, 3.420203, -100, -9.396927, 2, 2, 2, True
13.70599, -3.420202, 0, 9.396926, 1, 1, 1, 3.420203, -100, -9.396927, 2, 2, 2, True
13.71054, -3.420202, 0, 9.396926, 1, 1, 1, 3.420203, -100, -9.396927, 2, 2, 2, True
13.71453, -3.420202, 0, 9.396926, 1, 1, 1, 3.420203, -100, -9.396927, 2, 2, 2, True
13.71901, -3.420202, 0, 9.396926, 1, 1, 1, 3.420203, -100, -9.396927, 2, 2, 2, True
13.72366, -3.420202, 0, 9.396926, 1, 1, 1, 3.420203, -100, -9.396927, 2, 2, 2, True
13.73044, -3.420202, 0, 9.396926, 1, 1, 1, 3.420203, -100, -9.396927, 2, 2, 2, True
13.73389, -3.420202, 0, 9.396926, 1, 1, 1, 3.420203, -100, -9.396927, 2, 2, 2, True
13.73797, -3.420202, 0, 9.396926, 1, 1, 1, 3.420203, -100, -9.396927, 2, 2, 2, True
13.74223, -3.420202, 0, 9.396926, 1, 1, 1, 3.420203, -100, -9.396927, 2, 2, 2, True
13.74645, -3.420202, 0, 9.396926, 1, 1, 1, 3.420203, -100, -9.396927, 2, 2, 2, True
13.75082, -3.420202, 0, 9.396926, 1, 1, 1, 3.420203, -100, -9.396927, 2, 2, 2, True
13.75497, -3.420202, 0, 9.396926, 1, 1, 1, 3.420203, -100, -9.396927, 2, 2, 2, True
13.75938, -3.420202, 0, 9.396926, 1, 1, 1, 3.420203, -100, -9.396927, 2, 2, 2, True
13.76394, -3.420202, 0, 9.396926, 1, 1, 1, 3.420203, -100, -9.396927, 2, 2, 2, True
13.7704, -3.420202, 0, 9.396926, 1, 1, 1, 3.420203, -100, -9.396927, 2, 2, 2, True
13.77406, -3.420202, 0, 9.396926, 1, 1, 1, 3.420203, -100, -9.396927, 2, 2, 2, True
13.77813, -3.420202, 0, 9.396926, 1, 1, 1, 3.420203, -100, -9.396927, 2, 2, 2, True
13.78237, -3.420202, 0, 9.396926, 1, 1, 1, 3.420203, -100, -9.396927, 2, 2, 2, True
13.78694, -3.420202, 0, 9.396926, 1, 1, 1, 3.420203, -100, -9.396927, 2, 2, 2, True
13.79085, -3.420202, 0, 9.396926, 1, 1, 1, 3.420203, -100, -9.396927, 2, 2, 2, True
13.79559, -3.420202, 0, 9.396926, 1, 1, 1, 3.420203, -100, -9.396927, 2, 2, 2, True
13.80246, -3.420202, 0, 9.396926, 1, 1, 1, 3.420203, -100, -9.396927, 2, 2, 2, True
13.80595, -3.420202, 0, 9.396926, 1, 1, 1, 3.420203, -100, -9.396927, 2, 2, 2, True
13.81015, -3.420202, 0, 9.396926, 1, 1, 1, 3.420203, -100, -9.396927, 2, 2, 2, True
13.81413, -3.420202, 0, 9.396926, 1, 1, 1, 3.420203, -100, -9.396927, 2, 2, 2, True
13.81842, -3.420202, 0, 9.396926, 1, 1, 1, 3.420203, -100, -9.396927, 2, 2, 2, True
13.82257, -3.420202, 0, 9.396926, 1, 1, 1, 3.420203, -100, -9.396927, 2, 2, 2, True
13.82776, -3.420202, 0, 9.396926, 1, 1, 1, 3.420203, -100, -9.396927, 2, 2, 2, True
13.83417, -3.420202, 0, 9.396926, 1, 1, 1, 3.420203, -100, -9.396927, 2, 2, 2, True
13.83802, -3.420202, 0, 9.396926, 1, 1, 1, 3.420203, -100, -9.396927, 2, 2, 2, True
13.84227, -3.420202, 0, 9.396926, 1, 1, 1, 3.420203, -100, -9.396927, 2, 2, 2, True
13.84607, -3.420202, 0, 9.396926, 1, 1, 1, 3.420203, -100, -9.396927, 2, 2, 2, True
13.8502, -3.420202, 0, 9.396926, 1, 1, 1, 3.420203, -100, -9.396927, 2, 2, 2, True
13.85439, -3.420202, 0, 9.396926, 1, 1, 1, 3.420203, -100, -9.396927, 2, 2, 2, True
13.85937, -3.420202, 0, 9.396926, 1, 1, 1, 3.420203, -100, -9.396927, 2, 2, 2, True
13.86614, -3.420202, 0, 9.396926, 1, 1, 1, 3.420203, -100, -9.396927, 2, 2, 2, True
13.87002, -3.420202, 0, 9.396926, 1, 1, 1, 3.420203, -100, -9.396927, 2, 2, 2, True
13.87405, -3.420202, 0, 9.396926, 1, 1, 1, 3.420203, -100, -9.396927, 2, 2, 2, True
13.87807, -3.420202, 0, 9.396926, 1, 1, 1, 3.420203, -100, -9.396927, 2, 2, 2, True
13.88199, -3.420202, 0, 9.396926, 1, 1, 1, 3.420203, -100, -9.396927, 2, 2, 2, True
13.88624, -3.420202, 0, 9.396926, 1, 1, 1, 3.420203, -100, -9.396927, 2, 2, 2, True
13.89022, -3.420202, 0, 9.396926, 1, 1, 1, 3.420203, -100, -9.396927, 2, 2, 2, True
13.89498, -3.420202, 0, 9.396926, 1, 1, 1, 3.420203, -100, -9.396927, 2, 2, 2, True
13.89943, -3.420202, 0, 9.396926, 1, 1, 1, 3.420203, -100, -9.396927, 2, 2, 2, True
13.90654, -3.420202, 0, 9.396926, 1, 1, 1, 3.420203, -100, -9.396927, 2, 2, 2, True
13.91043, -3.420202, 0, 9.396926, 1, 1, 1, 3.420203, -100, -9.396927, 2, 2, 2, True
13.91391, -3.420202, 0, 9.396926, 1, 1, 1, 3.420203, -100, -9.396927, 2, 2, 2, True
13.91803, -3.420202, 0, 9.396926, 1, 1, 1, 3.420203, -100, -9.396927, 2, 2, 2, True
13.92229, -3.420202, 0, 9.396926, 1, 1, 1, 3.420203, -100, -9.396927, 2, 2, 2, True
13.9268, -3.420202, 0, 9.396926, 1, 1, 1, 3.420203, -100, -9.396927, 2, 2, 2, True
13.93072, -3.420202, 0, 9.396926, 1, 1, 1, 3.420203, -100, -9.396927, 2, 2, 2, True
13.93518, -3.420202, 0, 9.396926, 1, 1, 1, 3.420203, -100, -9.396927, 2, 2, 2, True
13.9396, -3.420202, 0, 9.396926, 1, 1, 1, 3.420203, -100, -9.396927, 2, 2, 2, True
13.94647, -3.420202, 0, 9.396926, 1, 1, 1, 3.420203, -100, -9.396927, 2, 2, 2, True
13.95, -3.420202, 0, 9.396926, 1, 1, 1, 3.420203, -100, -9.396927, 2, 2, 2, True
13.95456, -3.420202, 0, 9.396926, 1, 1, 1, 3.420203, -100, -9.396927, 2, 2, 2, True
13.95806, -3.420202, 0, 9.396926, 1, 1, 1, 3.420203, -100, -9.396927, 2, 2, 2, True
13.96287, -3.420202, 0, 9.396926, 1, 1, 1, 3.420203, -100, -9.396927, 2, 2, 2, True
13.96708, -3.420202, 0, 9.396926, 1, 1, 1, 3.420203, -100, -9.396927, 2, 2, 2, True
13.97151, -3.420202, 0, 9.396926, 1, 1, 1, 3.420203, -100, -9.396927, 2, 2, 2, True
13.97819, -3.420202, 0, 9.396926, 1, 1, 1, 3.420203, -100, -9.396927, 2, 2, 2, True
13.982, -3.420202, 0, 9.396926, 1, 1, 1, 3.420203, -100, -9.396927, 2, 2, 2, True
13.98606, -3.420202, 0, 9.396926, 1, 1, 1, 3.420203, -100, -9.396927, 2, 2, 2, True
13.9901, -3.420202, 0, 9.396926, 1, 1, 1, 3.420203, -100, -9.396927, 2, 2, 2, True
13.99418, -3.420202, 0, 9.396926, 1, 1, 1, 3.420203, -100, -9.396927, 2, 2, 2, True
14.00234, -3.420202, 0, 9.396926, 1, 1, 1, 3.420203, -100, -9.396927, 2, 2, 2, True
14.01455, -3.420202, 0, 9.396926, 1, 1, 1, 3.420203, -100, -9.396927, 2, 2, 2, True
14.0222, -3.420202, 0, 9.396926, 1, 1, 1, 3.420203, -100, -9.396927, 2, 2, 2, True
14.02604, -3.420202, 0, 9.396926, 1, 1, 1, 3.420203, -100, -9.396927, 2, 2, 2, True
14.03051, -3.420202, 0, 9.396926, 1, 1, 1, 3.420203, -100, -9.396927, 2, 2, 2, True
14.03395, -3.420202, 0, 9.396926, 1, 1, 1, 3.420203, -100, -9.396927, 2, 2, 2, True
14.03815, -3.420202, 0, 9.396926, 1, 1, 1, 3.420203, -100, -9.396927, 2, 2, 2, True
14.04648, -3.420202, 0, 9.396926, 1, 1, 1, 3.420203, -100, -9.396927, 2, 2, 2, True
14.04998, -3.420202, 0, 9.396926, 1, 1, 1, 3.420203, -100, -9.396927, 2, 2, 2, True
14.05408, -3.420202, 0, 9.396926, 1, 1, 1, 3.420203, -100, -9.396927, 2, 2, 2, True
14.05797, -3.420202, 0, 9.396926, 1, 1, 1, 3.420203, -100, -9.396927, 2, 2, 2, True
14.06217, -3.420202, 0, 9.396926, 1, 1, 1, 3.420203, -100, -9.396927, 2, 2, 2, True
14.06609, -3.420202, 0, 9.396926, 1, 1, 1, 3.420203, -100, -9.396927, 2, 2, 2, True
14.07007, -3.420202, 0, 9.396926, 1, 1, 1, 3.420203, -100, -9.396927, 2, 2, 2, True
14.07399, -3.420202, 0, 9.396926, 1, 1, 1, 3.420203, -100, -9.396927, 2, 2, 2, True
14.078, -3.420202, 0, 9.396926, 1, 1, 1, 3.420203, -100, -9.396927, 2, 2, 2, True
14.08189, -3.420202, 0, 9.396926, 1, 1, 1, 3.420203, -100, -9.396927, 2, 2, 2, True
14.08611, -3.420202, 0, 9.396926, 1, 1, 1, 3.420203, -100, -9.396927, 2, 2, 2, True
14.09007, -3.420202, 0, 9.396926, 1, 1, 1, 3.420203, -100, -9.396927, 2, 2, 2, True
14.09397, -3.420202, 0, 9.396926, 1, 1, 1, 3.420203, -100, -9.396927, 2, 2, 2, True
14.09819, -3.420202, 0, 9.396926, 1, 1, 1, 3.420203, -100, -9.396927, 2, 2, 2, True
14.10209, -3.420202, 0, 9.396926, 1, 1, 1, 3.420203, -100, -9.396927, 2, 2, 2, True
14.10604, -3.420202, 0, 9.396926, 1, 1, 1, 3.420203, -100, -9.396927, 2, 2, 2, True
14.11003, -3.420202, 0, 9.396926, 1, 1, 1, 3.420203, -100, -9.396927, 2, 2, 2, True
14.11399, -3.420202, 0, 9.396926, 1, 1, 1, 3.420203, -100, -9.396927, 2, 2, 2, True
14.11801, -3.420202, 0, 9.396926, 1, 1, 1, 3.420203, -100, -9.396927, 2, 2, 2, True
14.12213, -3.420202, 0, 9.396926, 1, 1, 1, 3.420203, -100, -9.396927, 2, 2, 2, True
14.12595, -3.420202, 0, 9.396926, 1, 1, 1, 3.420203, -100, -9.396927, 2, 2, 2, True
14.13011, -3.420202, 0, 9.396926, 1, 1, 1, 3.420203, -100, -9.396927, 2, 2, 2, True
14.13442, -3.420202, 0, 9.396926, 1, 1, 1, 3.420203, -100, -9.396927, 2, 2, 2, True
14.13862, -3.420202, 0, 9.396926, 1, 1, 1, 3.420203, -100, -9.396927, 2, 2, 2, True
14.14273, -3.420202, 0, 9.396926, 1, 1, 1, 3.420203, -100, -9.396927, 2, 2, 2, True
14.14746, -3.420202, 0, 9.396926, 1, 1, 1, 3.420203, -100, -9.396927, 2, 2, 2, True
14.15446, -3.420202, 0, 9.396926, 1, 1, 1, 3.420203, -100, -9.396927, 2, 2, 2, True
14.158, -3.420202, 0, 9.396926, 1, 1, 1, 3.420203, -100, -9.396927, 2, 2, 2, True
14.1619, -3.420202, 0, 9.396926, 1, 1, 1, 3.420203, -100, -9.396927, 2, 2, 2, True
14.16603, -3.420202, 0, 9.396926, 1, 1, 1, 3.420203, -100, -9.396927, 2, 2, 2, True
14.17042, -3.420202, 0, 9.396926, 1, 1, 1, 3.420203, -100, -9.396927, 2, 2, 2, True
14.17453, -3.420202, 0, 9.396926, 1, 1, 1, 3.420203, -100, -9.396927, 2, 2, 2, True
14.17941, -3.420202, 0, 9.396926, 1, 1, 1, 3.420203, -100, -9.396927, 2, 2, 2, True
14.18656, -3.420202, 0, 9.396926, 1, 1, 1, 3.420203, -100, -9.396927, 2, 2, 2, True
14.19416, -3.420202, 0, 9.396926, 1, 1, 1, 3.420203, -100, -9.396927, 2, 2, 2, True
14.19812, -3.420202, 0, 9.396926, 1, 1, 1, 3.420203, -100, -9.396927, 2, 2, 2, True
14.20194, -3.420202, 0, 9.396926, 1, 1, 1, 3.420203, -100, -9.396927, 2, 2, 2, True
14.20616, -3.420202, 0, 9.396926, 1, 1, 1, 3.420203, -100, -9.396927, 2, 2, 2, True
14.2102, -3.420202, 0, 9.396926, 1, 1, 1, 3.420203, -100, -9.396927, 2, 2, 2, True
14.21403, -3.420202, 0, 9.396926, 1, 1, 1, 3.420203, -100, -9.396927, 2, 2, 2, True
14.2181, -3.420202, 0, 9.396926, 1, 1, 1, 3.420203, -100, -9.396927, 2, 2, 2, True
14.22195, -3.420202, 0, 9.396926, 1, 1, 1, 3.420203, -100, -9.396927, 2, 2, 2, True
14.22594, -3.420202, 0, 9.396926, 1, 1, 1, 3.420203, -100, -9.396927, 2, 2, 2, True
14.23005, -3.420202, 0, 9.396926, 1, 1, 1, 3.420203, -100, -9.396927, 2, 2, 2, True
14.23409, -3.420202, 0, 9.396926, 1, 1, 1, 3.420203, -100, -9.396927, 2, 2, 2, True
14.23806, -3.420202, 0, 9.396926, 1, 1, 1, 3.420203, -100, -9.396927, 2, 2, 2, True
14.24216, -3.420202, 0, 9.396926, 1, 1, 1, 3.420203, -100, -9.396927, 2, 2, 2, True
14.25014, -3.420202, 0, 9.396926, 1, 1, 1, 3.420203, -100, -9.396927, 2, 2, 2, True
14.25403, -3.420202, 0, 9.396926, 1, 1, 1, 3.420203, -100, -9.396927, 2, 2, 2, True
14.25802, -3.420202, 0, 9.396926, 1, 1, 1, 3.420203, -100, -9.396927, 2, 2, 2, True
14.26201, -3.420202, 0, 9.396926, 1, 1, 1, 3.420203, -100, -9.396927, 2, 2, 2, True
14.26626, -3.420202, 0, 9.396926, 1, 1, 1, 3.420203, -100, -9.396927, 2, 2, 2, True
14.27122, -3.420202, 0, 9.396926, 1, 1, 1, 3.420203, -100, -9.396927, 2, 2, 2, True
14.27555, -3.420202, 0, 9.396926, 1, 1, 1, 3.420203, -100, -9.396927, 2, 2, 2, True
14.28285, -3.420202, 0, 9.396926, 1, 1, 1, 3.420203, -100, -9.396927, 2, 2, 2, True
14.29045, -3.420202, 0, 9.396926, 1, 1, 1, 3.420203, -100, -9.396927, 2, 2, 2, True
14.29873, -3.420202, 0, 9.396926, 1, 1, 1, 3.420203, -100, -9.396927, 2, 2, 2, True
14.30661, -3.420202, 0, 9.396926, 1, 1, 1, 3.420203, -100, -9.396927, 2, 2, 2, True
14.31457, -3.420202, 0, 9.396926, 1, 1, 1, 3.420203, -100, -9.396927, 2, 2, 2, True
14.32224, -3.420202, 0, 9.396926, 1, 1, 1, 3.420203, -100, -9.396927, 2, 2, 2, True
14.33037, -3.420202, 0, 9.396926, 1, 1, 1, 3.420203, -100, -9.396927, 2, 2, 2, True
14.334, -3.420202, 0, 9.396926, 1, 1, 1, 3.420203, -100, -9.396927, 2, 2, 2, True
14.33801, -3.420202, 0, 9.396926, 1, 1, 1, 3.420203, -100, -9.396927, 2, 2, 2, True
14.34193, -3.420202, 0, 9.396926, 1, 1, 1, 3.420203, -100, -9.396927, 2, 2, 2, True
14.34618, -3.420202, 0, 9.396926, 1, 1, 1, 3.420203, -100, -9.396927, 2, 2, 2, True
14.35006, -3.420202, 0, 9.396926, 1, 1, 1, 3.420203, -100, -9.396927, 2, 2, 2, True
14.35407, -3.420202, 0, 9.396926, 1, 1, 1, 3.420203, -100, -9.396927, 2, 2, 2, True
14.35806, -3.420202, 0, 9.396926, 1, 1, 1, 3.420203, -100, -9.396927, 2, 2, 2, True
14.36195, -3.420202, 0, 9.396926, 1, 1, 1, 3.420203, -100, -9.396927, 2, 2, 2, True
14.36594, -3.420202, 0, 9.396926, 1, 1, 1, 3.420203, -100, -9.396927, 2, 2, 2, True
14.37003, -3.420202, 0, 9.396926, 1, 1, 1, 3.420203, -100, -9.396927, 2, 2, 2, True
14.37399, -3.420202, 0, 9.396926, 1, 1, 1, 3.420203, -100, -9.396927, 2, 2, 2, True
14.37807, -3.420202, 0, 9.396926, 1, 1, 1, 3.420203, -100, -9.396927, 2, 2, 2, True
14.38222, -3.420202, 0, 9.396926, 1, 1, 1, 3.420203, -100, -9.396927, 2, 2, 2, True
14.38607, -3.420202, 0, 9.396926, 1, 1, 1, 3.420203, -100, -9.396927, 2, 2, 2, True
14.39011, -3.420202, 0, 9.396926, 1, 1, 1, 3.420203, -100, -9.396927, 2, 2, 2, True
14.39409, -3.420202, 0, 9.396926, 1, 1, 1, 3.420203, -100, -9.396927, 2, 2, 2, True
14.39797, -3.420202, 0, 9.396926, 1, 1, 1, 3.420203, -100, -9.396927, 2, 2, 2, True
14.40198, -3.420202, 0, 9.396926, 1, 1, 1, 3.420203, -100, -9.396927, 2, 2, 2, True
14.40593, -3.420202, 0, 9.396926, 1, 1, 1, 3.420203, -100, -9.396927, 2, 2, 2, True
14.41009, -3.420202, 0, 9.396926, 1, 1, 1, 3.420203, -100, -9.396927, 2, 2, 2, True
14.41392, -3.420202, 0, 9.396926, 1, 1, 1, 3.420203, -100, -9.396927, 2, 2, 2, True
14.41808, -3.420202, 0, 9.396926, 1, 1, 1, 3.420203, -100, -9.396927, 2, 2, 2, True
14.42225, -3.420202, 0, 9.396926, 1, 1, 1, 3.420203, -100, -9.396927, 2, 2, 2, True
14.42621, -3.420202, 0, 9.396926, 1, 1, 1, 3.420203, -100, -9.396927, 2, 2, 2, True
14.43094, -3.420202, 0, 9.396926, 1, 1, 1, 3.420203, -100, -9.396927, 2, 2, 2, True
14.43545, -3.420202, 0, 9.396926, 1, 1, 1, 3.420203, -100, -9.396927, 2, 2, 2, True
14.44248, -3.420202, 0, 9.396926, 1, 1, 1, 3.420203, -100, -9.396927, 2, 2, 2, True
14.45013, -3.420202, 0, 9.396926, 1, 1, 1, 3.420203, -100, -9.396927, 2, 2, 2, True
14.45406, -3.420202, 0, 9.396926, 1, 1, 1, 3.420203, -100, -9.396927, 2, 2, 2, True
14.45819, -3.420202, 0, 9.396926, 1, 1, 1, 3.420203, -100, -9.396927, 2, 2, 2, True
14.46204, -3.420202, 0, 9.396926, 1, 1, 1, 3.420203, -100, -9.396927, 2, 2, 2, True
14.46599, -3.420202, 0, 9.396926, 1, 1, 1, 3.420203, -100, -9.396927, 2, 2, 2, True
14.47008, -3.420202, 0, 9.396926, 1, 1, 1, 3.420203, -100, -9.396927, 2, 2, 2, True
14.47417, -3.420202, 0, 9.396926, 1, 1, 1, 3.420203, -100, -9.396927, 2, 2, 2, True
14.47913, -3.420202, 0, 9.396926, 1, 1, 1, 3.420203, -100, -9.396927, 2, 2, 2, True
14.48321, -3.420202, 0, 9.396926, 1, 1, 1, 3.420203, -100, -9.396927, 2, 2, 2, True
14.48988, -3.420202, 0, 9.396926, 1, 1, 1, 3.420203, -100, -9.396927, 2, 2, 2, True
14.49804, -3.420202, 0, 9.396926, 1, 1, 1, 3.420203, -100, -9.396927, 2, 2, 2, True
14.50209, -3.420202, 0, 9.396926, 1, 1, 1, 3.420203, -100, -9.396927, 2, 2, 2, True
14.50611, -3.420202, 0, 9.396926, 1, 1, 1, 3.420203, -100, -9.396927, 2, 2, 2, True
14.51006, -3.420202, 0, 9.396926, 1, 1, 1, 3.420203, -100, -9.396927, 2, 2, 2, True
14.51413, -3.420202, 0, 9.396926, 1, 1, 1, 3.420203, -100, -9.396927, 2, 2, 2, True
14.51792, -3.420202, 0, 9.396926, 1, 1, 1, 3.420203, -100, -9.396927, 2, 2, 2, True
14.52201, -3.420202, 0, 9.396926, 1, 1, 1, 3.420203, -100, -9.396927, 2, 2, 2, True
14.526, -3.420202, 0, 9.396926, 1, 1, 1, 3.420203, -100, -9.396927, 2, 2, 2, True
14.5301, -3.420202, 0, 9.396926, 1, 1, 1, 3.420203, -100, -9.396927, 2, 2, 2, True
14.53401, -3.420202, 0, 9.396926, 1, 1, 1, 3.420203, -100, -9.396927, 2, 2, 2, True
14.538, -3.420202, 0, 9.396926, 1, 1, 1, 3.420203, -100, -9.396927, 2, 2, 2, True
14.54246, -3.420202, 0, 9.396926, 1, 1, 1, 3.420203, -100, -9.396927, 2, 2, 2, True
14.54685, -3.420202, 0, 9.396926, 1, 1, 1, 3.420203, -100, -9.396927, 2, 2, 2, True
14.55128, -3.420202, 0, 9.396926, 1, 1, 1, 3.420203, -100, -9.396927, 2, 2, 2, True
14.55542, -3.420202, 0, 9.396926, 1, 1, 1, 3.420203, -100, -9.396927, 2, 2, 2, True
14.56238, -3.420202, 0, 9.396926, 1, 1, 1, 3.420203, -100, -9.396927, 2, 2, 2, True
14.56584, -3.420202, 0, 9.396926, 1, 1, 1, 3.420203, -100, -9.396927, 2, 2, 2, True
14.57015, -3.420202, 0, 9.396926, 1, 1, 1, 3.420203, -100, -9.396927, 2, 2, 2, True
14.57399, -3.420202, 0, 9.396926, 1, 1, 1, 3.420203, -100, -9.396927, 2, 2, 2, True
14.57849, -3.420202, 0, 9.396926, 1, 1, 1, 3.420203, -100, -9.396927, 2, 2, 2, True
14.58257, -3.420202, 0, 9.396926, 1, 1, 1, 3.420203, -100, -9.396927, 2, 2, 2, True
14.58711, -3.420202, 0, 9.396926, 1, 1, 1, 3.420203, -100, -9.396927, 2, 2, 2, True
14.592, -3.420202, 0, 9.396926, 1, 1, 1, 3.420203, -100, -9.396927, 2, 2, 2, True
14.59841, -3.420202, 0, 9.396926, 1, 1, 1, 3.420203, -100, -9.396927, 2, 2, 2, True
14.60198, -3.420202, 0, 9.396926, 1, 1, 1, 3.420203, -100, -9.396927, 2, 2, 2, True
14.60617, -3.420202, 0, 9.396926, 1, 1, 1, 3.420203, -100, -9.396927, 2, 2, 2, True
14.6101, -3.420202, 0, 9.396926, 1, 1, 1, 3.420203, -100, -9.396927, 2, 2, 2, True
14.61419, -3.420202, 0, 9.396926, 1, 1, 1, 3.420203, -100, -9.396927, 2, 2, 2, True
14.61906, -3.420202, 0, 9.396926, 1, 1, 1, 3.420203, -100, -9.396927, 2, 2, 2, True
14.62331, -3.420202, 0, 9.396926, 1, 1, 1, 3.420203, -100, -9.396927, 2, 2, 2, True
14.62874, -3.420202, 0, 9.396926, 1, 1, 1, 3.420203, -100, -9.396927, 2, 2, 2, True
14.63402, -3.420202, 0, 9.396926, 1, 1, 1, 3.420203, -100, -9.396927, 2, 2, 2, True
14.63791, -3.420202, 0, 9.396926, 1, 1, 1, 3.420203, -100, -9.396927, 2, 2, 2, True
14.6421, -3.420202, 0, 9.396926, 1, 1, 1, 3.420203, -100, -9.396927, 2, 2, 2, True
14.64686, -3.420202, 0, 9.396926, 1, 1, 1, 3.420203, -100, -9.396927, 2, 2, 2, True
14.65419, -3.420202, 0, 9.396926, 1, 1, 1, 3.420203, -100, -9.396927, 2, 2, 2, True
14.65787, -3.420202, 0, 9.396926, 1, 1, 1, 3.420203, -100, -9.396927, 2, 2, 2, True
14.66204, -3.420202, 0, 9.396926, 1, 1, 1, 3.420203, -100, -9.396927, 2, 2, 2, True
14.66595, -3.420202, 0, 9.396926, 1, 1, 1, 3.420203, -100, -9.396927, 2, 2, 2, True
14.67159, -3.420202, 0, 9.396926, 1, 1, 1, 3.420203, -100, -9.396927, 2, 2, 2, True
14.67842, -3.420202, 0, 9.396926, 1, 1, 1, 3.420203, -100, -9.396927, 2, 2, 2, True
14.68197, -3.420202, 0, 9.396926, 1, 1, 1, 3.420203, -100, -9.396927, 2, 2, 2, True
14.686, -3.420202, 0, 9.396926, 1, 1, 1, 3.420203, -100, -9.396927, 2, 2, 2, True
14.68993, -3.420202, 0, 9.396926, 1, 1, 1, 3.420203, -100, -9.396927, 2, 2, 2, True
14.69453, -3.420202, 0, 9.396926, 1, 1, 1, 3.420203, -100, -9.396927, 2, 2, 2, True
14.69867, -3.420202, 0, 9.396926, 1, 1, 1, 3.420203, -100, -9.396927, 2, 2, 2, True
14.7032, -3.420202, 0, 9.396926, 1, 1, 1, 3.420203, -100, -9.396927, 2, 2, 2, True
14.71042, -3.420202, 0, 9.396926, 1, 1, 1, 3.420203, -100, -9.396927, 2, 2, 2, True
14.71401, -3.420202, 0, 9.396926, 1, 1, 1, 3.420203, -100, -9.396927, 2, 2, 2, True
14.71803, -3.420202, 0, 9.396926, 1, 1, 1, 3.420203, -100, -9.396927, 2, 2, 2, True
14.72194, -3.420202, 0, 9.396926, 1, 1, 1, 3.420203, -100, -9.396927, 2, 2, 2, True
14.72647, -3.420202, 0, 9.396926, 1, 1, 1, 3.420203, -100, -9.396927, 2, 2, 2, True
14.73052, -3.420202, 0, 9.396926, 1, 1, 1, 3.420203, -100, -9.396927, 2, 2, 2, True
14.73503, -3.420202, 0, 9.396926, 1, 1, 1, 3.420203, -100, -9.396927, 2, 2, 2, True
14.73975, -3.420202, 0, 9.396926, 1, 1, 1, 3.420203, -100, -9.396927, 2, 2, 2, True
14.74635, -3.420202, 0, 9.396926, 1, 1, 1, 3.420203, -100, -9.396927, 2, 2, 2, True
14.75001, -3.420202, 0, 9.396926, 1, 1, 1, 3.420203, -100, -9.396927, 2, 2, 2, True
14.75398, -3.420202, 0, 9.396926, 1, 1, 1, 3.420203, -100, -9.396927, 2, 2, 2, True
14.75794, -3.420202, 0, 9.396926, 1, 1, 1, 3.420203, -100, -9.396927, 2, 2, 2, True
14.76233, -3.420202, 0, 9.396926, 1, 1, 1, 3.420203, -100, -9.396927, 2, 2, 2, True
14.76645, -3.420202, 0, 9.396926, 1, 1, 1, 3.420203, -100, -9.396927, 2, 2, 2, True
14.77101, -3.420202, 0, 9.396926, 1, 1, 1, 3.420203, -100, -9.396927, 2, 2, 2, True
14.77586, -3.420202, 0, 9.396926, 1, 1, 1, 3.420203, -100, -9.396927, 2, 2, 2, True
14.78274, -3.420202, 0, 9.396926, 1, 1, 1, 3.420203, -100, -9.396927, 2, 2, 2, True
14.78581, -3.420202, 0, 9.396926, 1, 1, 1, 3.420203, -100, -9.396927, 2, 2, 2, True
14.78994, -3.420202, 0, 9.396926, 1, 1, 1, 3.420203, -100, -9.396927, 2, 2, 2, True
14.79393, -3.420202, 0, 9.396926, 1, 1, 1, 3.420203, -100, -9.396927, 2, 2, 2, True
14.79796, -3.420202, 0, 9.396926, 1, 1, 1, 3.420203, -100, -9.396927, 2, 2, 2, True
14.80256, -3.420202, 0, 9.396926, 1, 1, 1, 3.420203, -100, -9.396927, 2, 2, 2, True
14.80653, -3.420202, 0, 9.396926, 1, 1, 1, 3.420203, -100, -9.396927, 2, 2, 2, True
14.81164, -3.420202, 0, 9.396926, 1, 1, 1, 3.420203, -100, -9.396927, 2, 2, 2, True
14.8183, -3.420202, 0, 9.396926, 1, 1, 1, 3.420203, -100, -9.396927, 2, 2, 2, True
14.82193, -3.420202, 0, 9.396926, 1, 1, 1, 3.420203, -100, -9.396927, 2, 2, 2, True
14.82604, -3.420202, 0, 9.396926, 1, 1, 1, 3.420203, -100, -9.396927, 2, 2, 2, True
14.83002, -3.420202, 0, 9.396926, 1, 1, 1, 3.420203, -100, -9.396927, 2, 2, 2, True
14.83414, -3.420202, 0, 9.396926, 1, 1, 1, 3.420203, -100, -9.396927, 2, 2, 2, True
14.83835, -3.420202, 0, 9.396926, 1, 1, 1, 3.420203, -100, -9.396927, 2, 2, 2, True
14.84337, -3.420202, 0, 9.396926, 1, 1, 1, 3.420203, -100, -9.396927, 2, 2, 2, True
14.84722, -3.420202, 0, 9.396926, 1, 1, 1, 3.420203, -100, -9.396927, 2, 2, 2, True
14.85455, -3.420202, 0, 9.396926, 1, 1, 1, 3.420203, -100, -9.396927, 2, 2, 2, True
14.8623, -3.420202, 0, 9.396926, 1, 1, 1, 3.420203, -100, -9.396927, 2, 2, 2, True
14.86604, -3.420202, 0, 9.396926, 1, 1, 1, 3.420203, -100, -9.396927, 2, 2, 2, True
14.87007, -3.420202, 0, 9.396926, 1, 1, 1, 3.420203, -100, -9.396927, 2, 2, 2, True
14.87401, -3.420202, 0, 9.396926, 1, 1, 1, 3.420203, -100, -9.396927, 2, 2, 2, True
14.87791, -3.420202, 0, 9.396926, 1, 1, 1, 3.420203, -100, -9.396927, 2, 2, 2, True
14.88193, -3.420202, 0, 9.396926, 1, 1, 1, 3.420203, -100, -9.396927, 2, 2, 2, True
14.88612, -3.420202, 0, 9.396926, 1, 1, 1, 3.420203, -100, -9.396927, 2, 2, 2, True
14.89075, -3.420202, 0, 9.396926, 1, 1, 1, 3.420203, -100, -9.396927, 2, 2, 2, True
14.90997, -3.420202, 0, 9.396926, 1, 1, 1, 3.420203, -100, -9.396927, 2, 2, 2, True
14.91413, -3.420202, 0, 9.396926, 1, 1, 1, 3.420203, -100, -9.396927, 2, 2, 2, True
14.91793, -3.420202, 0, 9.396926, 1, 1, 1, 3.420203, -100, -9.396927, 2, 2, 2, True
14.92203, -3.420202, 0, 9.396926, 1, 1, 1, 3.420203, -100, -9.396927, 2, 2, 2, True
14.92604, -3.420202, 0, 9.396926, 1, 1, 1, 3.420203, -100, -9.396927, 2, 2, 2, True
14.92989, -3.420202, 0, 9.396926, 1, 1, 1, 3.420203, -100, -9.396927, 2, 2, 2, True
14.93412, -3.420202, 0, 9.396926, 1, 1, 1, 3.420203, -100, -9.396927, 2, 2, 2, True
14.93792, -3.420202, 0, 9.396926, 1, 1, 1, 3.420203, -100, -9.396927, 2, 2, 2, True
14.9421, -3.420202, 0, 9.396926, 1, 1, 1, 3.420203, -100, -9.396927, 2, 2, 2, True
14.94605, -3.420202, 0, 9.396926, 1, 1, 1, 3.420203, -100, -9.396927, 2, 2, 2, True
14.95007, -3.420202, 0, 9.396926, 1, 1, 1, 3.420203, -100, -9.396927, 2, 2, 2, True
14.95404, -3.420202, 0, 9.396926, 1, 1, 1, 3.420203, -100, -9.396927, 2, 2, 2, True
14.95798, -3.420202, 0, 9.396926, 1, 1, 1, 3.420203, -100, -9.396927, 2, 2, 2, True
14.96204, -3.420202, 0, 9.396926, 1, 1, 1, 3.420203, -100, -9.396927, 2, 2, 2, True
14.96594, -3.420202, 0, 9.396926, 1, 1, 1, 3.420203, -100, -9.396927, 2, 2, 2, True
14.97013, -3.420202, 0, 9.396926, 1, 1, 1, 3.420203, -100, -9.396927, 2, 2, 2, True
14.97826, -3.420202, 0, 9.396926, 1, 1, 1, 3.420203, -100, -9.396927, 2, 2, 2, True
14.98596, -3.420202, 0, 9.396926, 1, 1, 1, 3.420203, -100, -9.396927, 2, 2, 2, True
14.9901, -3.420202, 0, 9.396926, 1, 1, 1, 3.420203, -100, -9.396927, 2, 2, 2, True
14.9941, -3.420202, 0, 9.396926, 1, 1, 1, 3.420203, -100, -9.396927, 2, 2, 2, True
14.99797, -3.420202, 0, 9.396926, 1, 1, 1, 3.420203, -100, -9.396927, 2, 2, 2, True
15.00213, -3.420202, 0, 9.396926, 1, 1, 1, 3.420203, -100, -9.396927, 2, 2, 2, True
15.00612, -3.420202, 0, 9.396926, 1, 1, 1, 3.420203, -100, -9.396927, 2, 2, 2, True
15.01024, -3.420202, 0, 9.396926, 1, 1, 1, 3.420203, -100, -9.396927, 2, 2, 2, True
15.01407, -3.420202, 0, 9.396926, 1, 1, 1, 3.420203, -100, -9.396927, 2, 2, 2, True
15.01795, -3.420202, 0, 9.396926, 1, 1, 1, 3.420203, -100, -9.396927, 2, 2, 2, True
15.022, -3.420202, 0, 9.396926, 1, 1, 1, 3.420203, -100, -9.396927, 2, 2, 2, True
15.02593, -3.420202, 0, 9.396926, 1, 1, 1, 3.420203, -100, -9.396927, 2, 2, 2, True
15.03001, -3.420202, 0, 9.396926, 1, 1, 1, 3.420203, -100, -9.396927, 2, 2, 2, True
15.03402, -3.420202, 0, 9.396926, 1, 1, 1, 3.420203, -100, -9.396927, 2, 2, 2, True
15.03812, -3.420202, 0, 9.396926, 1, 1, 1, 3.420203, -100, -9.396927, 2, 2, 2, True
15.04209, -3.420202, 0, 9.396926, 1, 1, 1, 3.420203, -100, -9.396927, 2, 2, 2, True
15.04602, -3.420202, 0, 9.396926, 1, 1, 1, 3.420203, -100, -9.396927, 2, 2, 2, True
15.05021, -3.420202, 0, 9.396926, 1, 1, 1, 3.420203, -100, -9.396927, 2, 2, 2, True
15.05407, -3.420202, 0, 9.396926, 1, 1, 1, 3.420203, -100, -9.396927, 2, 2, 2, True
15.05801, -3.420202, 0, 9.396926, 1, 1, 1, 3.420203, -100, -9.396927, 2, 2, 2, True
15.06607, -3.420202, 0, 9.396926, 1, 1, 1, 3.420203, -100, -9.396927, 2, 2, 2, True
15.06999, -3.420202, 0, 9.396926, 1, 1, 1, 3.420203, -100, -9.396927, 2, 2, 2, True
15.074, -3.420202, 0, 9.396926, 1, 1, 1, 3.420203, -100, -9.396927, 2, 2, 2, True
15.07806, -3.420202, 0, 9.396926, 1, 1, 1, 3.420203, -100, -9.396927, 2, 2, 2, True
15.08207, -3.420202, 0, 9.396926, 1, 1, 1, 3.420203, -100, -9.396927, 2, 2, 2, True
15.08595, -3.420202, 0, 9.396926, 1, 1, 1, 3.420203, -100, -9.396927, 2, 2, 2, True
15.09005, -3.420202, 0, 9.396926, 1, 1, 1, 3.420203, -100, -9.396927, 2, 2, 2, True
15.09392, -3.420202, 0, 9.396926, 1, 1, 1, 3.420203, -100, -9.396927, 2, 2, 2, True
15.09822, -3.420202, 0, 9.396926, 1, 1, 1, 3.420203, -100, -9.396927, 2, 2, 2, True
15.10277, -3.420202, 0, 9.396926, 1, 1, 1, 3.420203, -100, -9.396927, 2, 2, 2, True
15.10719, -3.420202, 0, 9.396926, 1, 1, 1, 3.420203, -100, -9.396927, 2, 2, 2, True
15.11449, -3.420202, 0, 9.396926, 1, 1, 1, 3.420203, -100, -9.396927, 2, 2, 2, True
15.11807, -3.420202, 0, 9.396926, 1, 1, 1, 3.420203, -100, -9.396927, 2, 2, 2, True
15.12214, -3.420202, 0, 9.396926, 1, 1, 1, 3.420203, -100, -9.396927, 2, 2, 2, True
15.12597, -3.420202, 0, 9.396926, 1, 1, 1, 3.420203, -100, -9.396927, 2, 2, 2, True
15.13019, -3.420202, 0, 9.396926, 1, 1, 1, 3.420203, -100, -9.396927, 2, 2, 2, True
15.13461, -3.420202, 0, 9.396926, 1, 1, 1, 3.420203, -100, -9.396927, 2, 2, 2, True
15.13879, -3.420202, 0, 9.396926, 1, 1, 1, 3.420203, -100, -9.396927, 2, 2, 2, True
15.14316, -3.420202, 0, 9.396926, 1, 1, 1, 3.420203, -100, -9.396927, 2, 2, 2, True
15.14778, -3.420202, 0, 9.396926, 1, 1, 1, 3.420203, -100, -9.396927, 2, 2, 2, True
15.1544, -3.420202, 0, 9.396926, 1, 1, 1, 3.420203, -100, -9.396927, 2, 2, 2, True
15.15794, -3.420202, 0, 9.396926, 1, 1, 1, 3.420203, -100, -9.396927, 2, 2, 2, True
15.16208, -3.420202, 0, 9.396926, 1, 1, 1, 3.420203, -100, -9.396927, 2, 2, 2, True
15.16613, -3.420202, 0, 9.396926, 1, 1, 1, 3.420203, -100, -9.396927, 2, 2, 2, True
15.17063, -3.420202, 0, 9.396926, 1, 1, 1, 3.420203, -100, -9.396927, 2, 2, 2, True
15.17511, -3.420202, 0, 9.396926, 1, 1, 1, 3.420203, -100, -9.396927, 2, 2, 2, True
15.1823, -3.420202, 0, 9.396926, 1, 1, 1, 3.420203, -100, -9.396927, 2, 2, 2, True
15.18591, -3.420202, 0, 9.396926, 1, 1, 1, 3.420203, -100, -9.396927, 2, 2, 2, True
15.18993, -3.420202, 0, 9.396926, 1, 1, 1, 3.420203, -100, -9.396927, 2, 2, 2, True
15.1941, -3.420202, 0, 9.396926, 1, 1, 1, 3.420203, -100, -9.396927, 2, 2, 2, True
15.19804, -3.420202, 0, 9.396926, 1, 1, 1, 3.420203, -100, -9.396927, 2, 2, 2, True
15.20256, -3.420202, 0, 9.396926, 1, 1, 1, 3.420203, -100, -9.396927, 2, 2, 2, True
15.20677, -3.420202, 0, 9.396926, 1, 1, 1, 3.420203, -100, -9.396927, 2, 2, 2, True
15.21181, -3.420202, 0, 9.396926, 1, 1, 1, 3.420203, -100, -9.396927, 2, 2, 2, True
15.21813, -3.420202, 0, 9.396926, 1, 1, 1, 3.420203, -100, -9.396927, 2, 2, 2, True
15.22191, -3.420202, 0, 9.396926, 1, 1, 1, 3.420203, -100, -9.396927, 2, 2, 2, True
15.22602, -3.420202, 0, 9.396926, 1, 1, 1, 3.420203, -100, -9.396927, 2, 2, 2, True
15.23007, -3.420202, 0, 9.396926, 1, 1, 1, 3.420203, -100, -9.396927, 2, 2, 2, True
15.23407, -3.420202, 0, 9.396926, 1, 1, 1, 3.420203, -100, -9.396927, 2, 2, 2, True
15.23847, -3.420202, 0, 9.396926, 1, 1, 1, 3.420203, -100, -9.396927, 2, 2, 2, True
15.24256, -3.420202, 0, 9.396926, 1, 1, 1, 3.420203, -100, -9.396927, 2, 2, 2, True
15.24729, -3.420202, 0, 9.396926, 1, 1, 1, 3.420203, -100, -9.396927, 2, 2, 2, True
15.25449, -3.420202, 0, 9.396926, 1, 1, 1, 3.420203, -100, -9.396927, 2, 2, 2, True
15.25795, -3.420202, 0, 9.396926, 1, 1, 1, 3.420203, -100, -9.396927, 2, 2, 2, True
15.26207, -3.420202, 0, 9.396926, 1, 1, 1, 3.420203, -100, -9.396927, 2, 2, 2, True
15.2705, -3.420202, 0, 9.396926, 1, 1, 1, 3.420203, -100, -9.396927, 2, 2, 2, True
15.27395, -3.420202, 0, 9.396926, 1, 1, 1, 3.420203, -100, -9.396927, 2, 2, 2, True
15.27804, -3.420202, 0, 9.396926, 1, 1, 1, 3.420203, -100, -9.396927, 2, 2, 2, True
15.28199, -3.420202, 0, 9.396926, 1, 1, 1, 3.420203, -100, -9.396927, 2, 2, 2, True
15.28616, -3.420202, 0, 9.396926, 1, 1, 1, 3.420203, -100, -9.396927, 2, 2, 2, True
15.29007, -3.420202, 0, 9.396926, 1, 1, 1, 3.420203, -100, -9.396927, 2, 2, 2, True
15.29474, -3.420202, 0, 9.396926, 1, 1, 1, 3.420203, -100, -9.396927, 2, 2, 2, True
15.29887, -3.420202, 0, 9.396926, 1, 1, 1, 3.420203, -100, -9.396927, 2, 2, 2, True
15.30338, -3.420202, 0, 9.396926, 1, 1, 1, 3.420203, -100, -9.396927, 2, 2, 2, True
15.31005, -3.420202, 0, 9.396926, 1, 1, 1, 3.420203, -100, -9.396927, 2, 2, 2, True
15.31404, -3.420202, 0, 9.396926, 1, 1, 1, 3.420203, -100, -9.396927, 2, 2, 2, True
15.3181, -3.420202, 0, 9.396926, 1, 1, 1, 3.420203, -100, -9.396927, 2, 2, 2, True
15.32211, -3.420202, 0, 9.396926, 1, 1, 1, 3.420203, -100, -9.396927, 2, 2, 2, True
15.32695, -3.420202, 0, 9.396926, 1, 1, 1, 3.420203, -100, -9.396927, 2, 2, 2, True
15.33084, -3.420202, 0, 9.396926, 1, 1, 1, 3.420203, -100, -9.396927, 2, 2, 2, True
15.33565, -3.420202, 0, 9.396926, 1, 1, 1, 3.420203, -100, -9.396927, 2, 2, 2, True
15.3425, -3.420202, 0, 9.396926, 1, 1, 1, 3.420203, -100, -9.396927, 2, 2, 2, True
15.34595, -3.420202, 0, 9.396926, 1, 1, 1, 3.420203, -100, -9.396927, 2, 2, 2, True
15.35009, -3.420202, 0, 9.396926, 1, 1, 1, 3.420203, -100, -9.396927, 2, 2, 2, True
15.35408, -3.420202, 0, 9.396926, 1, 1, 1, 3.420203, -100, -9.396927, 2, 2, 2, True
15.3582, -3.420202, 0, 9.396926, 1, 1, 1, 3.420203, -100, -9.396927, 2, 2, 2, True
15.3628, -3.420202, 0, 9.396926, 1, 1, 1, 3.420203, -100, -9.396927, 2, 2, 2, True
15.36714, -3.420202, 0, 9.396926, 1, 1, 1, 3.420203, -100, -9.396927, 2, 2, 2, True
15.37127, -3.420202, 0, 9.396926, 1, 1, 1, 3.420203, -100, -9.396927, 2, 2, 2, True
15.37605, -3.420202, 0, 9.396926, 1, 1, 1, 3.420203, -100, -9.396927, 2, 2, 2, True
15.38282, -3.420202, 0, 9.396926, 1, 1, 1, 3.420203, -100, -9.396927, 2, 2, 2, True
15.39062, -3.420202, 0, 9.396926, 1, 1, 1, 3.420203, -100, -9.396927, 2, 2, 2, True
15.39882, -3.420202, 0, 9.396926, 1, 1, 1, 3.420203, -100, -9.396927, 2, 2, 2, True
15.4066, -3.420202, 0, 9.396926, 1, 1, 1, 3.420203, -100, -9.396927, 2, 2, 2, True
15.41448, -3.420202, 0, 9.396926, 1, 1, 1, 3.420203, -100, -9.396927, 2, 2, 2, True
15.42218, -3.420202, 0, 9.396926, 1, 1, 1, 3.420203, -100, -9.396927, 2, 2, 2, True
15.42594, -3.420202, 0, 9.396926, 1, 1, 1, 3.420203, -100, -9.396927, 2, 2, 2, True
15.42998, -3.420202, 0, 9.396926, 1, 1, 1, 3.420203, -100, -9.396927, 2, 2, 2, True
15.43407, -3.420202, 0, 9.396926, 1, 1, 1, 3.420203, -100, -9.396927, 2, 2, 2, True
15.43814, -3.420202, 0, 9.396926, 1, 1, 1, 3.420203, -100, -9.396927, 2, 2, 2, True
15.44207, -3.420202, 0, 9.396926, 1, 1, 1, 3.420203, -100, -9.396927, 2, 2, 2, True
15.44606, -3.420202, 0, 9.396926, 1, 1, 1, 3.420203, -100, -9.396927, 2, 2, 2, True
15.45007, -3.420202, 0, 9.396926, 1, 1, 1, 3.420203, -100, -9.396927, 2, 2, 2, True
15.45408, -3.420202, 0, 9.396926, 1, 1, 1, 3.420203, -100, -9.396927, 2, 2, 2, True
15.45796, -3.420202, 0, 9.396926, 1, 1, 1, 3.420203, -100, -9.396927, 2, 2, 2, True
15.46195, -3.420202, 0, 9.396926, 1, 1, 1, 3.420203, -100, -9.396927, 2, 2, 2, True
15.47011, -3.420202, 0, 9.396926, 1, 1, 1, 3.420203, -100, -9.396927, 2, 2, 2, True
15.4822, -3.420202, 0, 9.396926, 1, 1, 1, 3.420203, -100, -9.396927, 2, 2, 2, True
15.48591, -3.420202, 0, 9.396926, 1, 1, 1, 3.420203, -100, -9.396927, 2, 2, 2, True
15.49024, -3.420202, 0, 9.396926, 1, 1, 1, 3.420203, -100, -9.396927, 2, 2, 2, True
15.49403, -3.420202, 0, 9.396926, 1, 1, 1, 3.420203, -100, -9.396927, 2, 2, 2, True
15.49817, -3.420202, 0, 9.396926, 1, 1, 1, 3.420203, -100, -9.396927, 2, 2, 2, True
15.50208, -3.420202, 0, 9.396926, 1, 1, 1, 3.420203, -100, -9.396927, 2, 2, 2, True
15.50612, -3.420202, 0, 9.396926, 1, 1, 1, 3.420203, -100, -9.396927, 2, 2, 2, True
15.51009, -3.420202, 0, 9.396926, 1, 1, 1, 3.420203, -100, -9.396927, 2, 2, 2, True
15.51402, -3.420202, 0, 9.396926, 1, 1, 1, 3.420203, -100, -9.396927, 2, 2, 2, True
15.51794, -3.420202, 0, 9.396926, 1, 1, 1, 3.420203, -100, -9.396927, 2, 2, 2, True
15.52211, -3.420202, 0, 9.396926, 1, 1, 1, 3.420203, -100, -9.396927, 2, 2, 2, True
15.52601, -3.420202, 0, 9.396926, 1, 1, 1, 3.420203, -100, -9.396927, 2, 2, 2, True
15.53013, -3.420202, 0, 9.396926, 1, 1, 1, 3.420203, -100, -9.396927, 2, 2, 2, True
15.53412, -3.420202, 0, 9.396926, 1, 1, 1, 3.420203, -100, -9.396927, 2, 2, 2, True
15.53815, -3.420202, 0, 9.396926, 1, 1, 1, 3.420203, -100, -9.396927, 2, 2, 2, True
15.54211, -3.420202, 0, 9.396926, 1, 1, 1, 3.420203, -100, -9.396927, 2, 2, 2, True
15.546, -3.420202, 0, 9.396926, 1, 1, 1, 3.420203, -100, -9.396927, 2, 2, 2, True
15.55002, -3.420202, 0, 9.396926, 1, 1, 1, 3.420203, -100, -9.396927, 2, 2, 2, True
15.55398, -3.420202, 0, 9.396926, 1, 1, 1, 3.420203, -100, -9.396927, 2, 2, 2, True
15.55816, -3.420202, 0, 9.396926, 1, 1, 1, 3.420203, -100, -9.396927, 2, 2, 2, True
15.56203, -3.420202, 0, 9.396926, 1, 1, 1, 3.420203, -100, -9.396927, 2, 2, 2, True
15.56604, -3.420202, 0, 9.396926, 1, 1, 1, 3.420203, -100, -9.396927, 2, 2, 2, True
15.56999, -3.420202, 0, 9.396926, 1, 1, 1, 3.420203, -100, -9.396927, 2, 2, 2, True
15.57465, -3.420202, 0, 9.396926, 1, 1, 1, 3.420203, -100, -9.396927, 2, 2, 2, True
15.5792, -3.420202, 0, 9.396926, 1, 1, 1, 3.420203, -100, -9.396927, 2, 2, 2, True
15.58362, -3.420202, 0, 9.396926, 1, 1, 1, 3.420203, -100, -9.396927, 2, 2, 2, True
15.59051, -3.420202, 0, 9.396926, 1, 1, 1, 3.420203, -100, -9.396927, 2, 2, 2, True
15.59849, -3.420202, 0, 9.396926, 1, 1, 1, 3.420203, -100, -9.396927, 2, 2, 2, True
15.602, -3.420202, 0, 9.396926, 1, 1, 1, 3.420203, -100, -9.396927, 2, 2, 2, True
15.60608, -3.420202, 0, 9.396926, 1, 1, 1, 3.420203, -100, -9.396927, 2, 2, 2, True
15.61018, -3.420202, 0, 9.396926, 1, 1, 1, 3.420203, -100, -9.396927, 2, 2, 2, True
15.61411, -3.420202, 0, 9.396926, 1, 1, 1, 3.420203, -100, -9.396927, 2, 2, 2, True
15.61802, -3.420202, 0, 9.396926, 1, 1, 1, 3.420203, -100, -9.396927, 2, 2, 2, True
15.62199, -3.420202, 0, 9.396926, 1, 1, 1, 3.420203, -100, -9.396927, 2, 2, 2, True
15.6259, -3.420202, 0, 9.396926, 1, 1, 1, 3.420203, -100, -9.396927, 2, 2, 2, True
15.63007, -3.420202, 0, 9.396926, 1, 1, 1, 3.420203, -100, -9.396927, 2, 2, 2, True
15.63399, -3.420202, 0, 9.396926, 1, 1, 1, 3.420203, -100, -9.396927, 2, 2, 2, True
15.63796, -3.420202, 0, 9.396926, 1, 1, 1, 3.420203, -100, -9.396927, 2, 2, 2, True
15.64241, -3.420202, 0, 9.396926, 1, 1, 1, 3.420203, -100, -9.396927, 2, 2, 2, True
15.64686, -3.420202, 0, 9.396926, 1, 1, 1, 3.420203, -100, -9.396927, 2, 2, 2, True
15.65105, -3.420202, 0, 9.396926, 1, 1, 1, 3.420203, -100, -9.396927, 2, 2, 2, True
15.65552, -3.420202, 0, 9.396926, 1, 1, 1, 3.420203, -100, -9.396927, 2, 2, 2, True
15.6624, -3.420202, 0, 9.396926, 1, 1, 1, 3.420203, -100, -9.396927, 2, 2, 2, True
15.66594, -3.420202, 0, 9.396926, 1, 1, 1, 3.420203, -100, -9.396927, 2, 2, 2, True
15.67011, -3.420202, 0, 9.396926, 1, 1, 1, 3.420203, -100, -9.396927, 2, 2, 2, True
15.67412, -3.420202, 0, 9.396926, 1, 1, 1, 3.420203, -100, -9.396927, 2, 2, 2, True
15.68289, -3.420202, 0, 9.396926, 1, 1, 1, 3.420203, -100, -9.396927, 2, 2, 2, True
15.68621, -3.420202, 0, 9.396926, 1, 1, 1, 3.420203, -100, -9.396927, 2, 2, 2, True
15.69005, -3.420202, 0, 9.396926, 1, 1, 1, 3.420203, -100, -9.396927, 2, 2, 2, True
15.69421, -3.420202, 0, 9.396926, 1, 1, 1, 3.420203, -100, -9.396927, 2, 2, 2, True
15.69876, -3.420202, 0, 9.396926, 1, 1, 1, 3.420203, -100, -9.396927, 2, 2, 2, True
15.70283, -3.420202, 0, 9.396926, 1, 1, 1, 3.420203, -100, -9.396927, 2, 2, 2, True
15.70733, -3.420202, 0, 9.396926, 1, 1, 1, 3.420203, -100, -9.396927, 2, 2, 2, True
15.71446, -3.420202, 0, 9.396926, 1, 1, 1, 3.420203, -100, -9.396927, 2, 2, 2, True
15.71792, -3.420202, 0, 9.396926, 1, 1, 1, 3.420203, -100, -9.396927, 2, 2, 2, True
15.72221, -3.420202, 0, 9.396926, 1, 1, 1, 3.420203, -100, -9.396927, 2, 2, 2, True
15.72604, -3.420202, 0, 9.396926, 1, 1, 1, 3.420203, -100, -9.396927, 2, 2, 2, True
15.7304, -3.420202, 0, 9.396926, 1, 1, 1, 3.420203, -100, -9.396927, 2, 2, 2, True
15.7349, -3.420202, 0, 9.396926, 1, 1, 1, 3.420203, -100, -9.396927, 2, 2, 2, True
15.73942, -3.420202, 0, 9.396926, 1, 1, 1, 3.420203, -100, -9.396927, 2, 2, 2, True
15.74636, -3.420202, 0, 9.396926, 1, 1, 1, 3.420203, -100, -9.396927, 2, 2, 2, True
15.75005, -3.420202, 0, 9.396926, 1, 1, 1, 3.420203, -100, -9.396927, 2, 2, 2, True
15.75405, -3.420202, 0, 9.396926, 1, 1, 1, 3.420203, -100, -9.396927, 2, 2, 2, True
15.75803, -3.420202, 0, 9.396926, 1, 1, 1, 3.420203, -100, -9.396927, 2, 2, 2, True
15.76277, -3.420202, 0, 9.396926, 1, 1, 1, 3.420203, -100, -9.396927, 2, 2, 2, True
15.76692, -3.420202, 0, 9.396926, 1, 1, 1, 3.420203, -100, -9.396927, 2, 2, 2, True
15.77145, -3.420202, 0, 9.396926, 1, 1, 1, 3.420203, -100, -9.396927, 2, 2, 2, True
15.7785, -3.420202, 0, 9.396926, 1, 1, 1, 3.420203, -100, -9.396927, 2, 2, 2, True
15.78189, -3.420202, 0, 9.396926, 1, 1, 1, 3.420203, -100, -9.396927, 2, 2, 2, True
15.78617, -3.420202, 0, 9.396926, 1, 1, 1, 3.420203, -100, -9.396927, 2, 2, 2, True
15.79009, -3.420202, 0, 9.396926, 1, 1, 1, 3.420203, -100, -9.396927, 2, 2, 2, True
15.79418, -3.420202, 0, 9.396926, 1, 1, 1, 3.420203, -100, -9.396927, 2, 2, 2, True
15.79851, -3.420202, 0, 9.396926, 1, 1, 1, 3.420203, -100, -9.396927, 2, 2, 2, True
15.80303, -3.420202, 0, 9.396926, 1, 1, 1, 3.420203, -100, -9.396927, 2, 2, 2, True
15.80751, -3.420202, 0, 9.396926, 1, 1, 1, 3.420203, -100, -9.396927, 2, 2, 2, True
15.81432, -3.420202, 0, 9.396926, 1, 1, 1, 3.420203, -100, -9.396927, 2, 2, 2, True
15.81795, -3.420202, 0, 9.396926, 1, 1, 1, 3.420203, -100, -9.396927, 2, 2, 2, True
15.82195, -3.420202, 0, 9.396926, 1, 1, 1, 3.420203, -100, -9.396927, 2, 2, 2, True
15.82607, -3.420202, 0, 9.396926, 1, 1, 1, 3.420203, -100, -9.396927, 2, 2, 2, True
15.83022, -3.420202, 0, 9.396926, 1, 1, 1, 3.420203, -100, -9.396927, 2, 2, 2, True
15.83473, -3.420202, 0, 9.396926, 1, 1, 1, 3.420203, -100, -9.396927, 2, 2, 2, True
15.83947, -3.420202, 0, 9.396926, 1, 1, 1, 3.420203, -100, -9.396927, 2, 2, 2, True
15.8437, -3.420202, 0, 9.396926, 1, 1, 1, 3.420203, -100, -9.396927, 2, 2, 2, True
15.85008, -3.420202, 0, 9.396926, 1, 1, 1, 3.420203, -100, -9.396927, 2, 2, 2, True
15.85408, -3.420202, 0, 9.396926, 1, 1, 1, 3.420203, -100, -9.396927, 2, 2, 2, True
15.85807, -3.420202, 0, 9.396926, 1, 1, 1, 3.420203, -100, -9.396927, 2, 2, 2, True
15.86229, -3.420202, 0, 9.396926, 1, 1, 1, 3.420203, -100, -9.396927, 2, 2, 2, True
15.86644, -3.420202, 0, 9.396926, 1, 1, 1, 3.420203, -100, -9.396927, 2, 2, 2, True
15.87094, -3.420202, 0, 9.396926, 1, 1, 1, 3.420203, -100, -9.396927, 2, 2, 2, True
15.87511, -3.420202, 0, 9.396926, 1, 1, 1, 3.420203, -100, -9.396927, 2, 2, 2, True
15.87974, -3.420202, 0, 9.396926, 1, 1, 1, 3.420203, -100, -9.396927, 2, 2, 2, True
15.8861, -3.420202, 0, 9.396926, 1, 1, 1, 3.420203, -100, -9.396927, 2, 2, 2, True
15.88998, -3.420202, 0, 9.396926, 1, 1, 1, 3.420203, -100, -9.396927, 2, 2, 2, True
15.89394, -3.420202, 0, 9.396926, 1, 1, 1, 3.420203, -100, -9.396927, 2, 2, 2, True
15.89807, -3.420202, 0, 9.396926, 1, 1, 1, 3.420203, -100, -9.396927, 2, 2, 2, True
15.90391, -3.420202, 0, 9.396926, 1, 1, 1, 3.420203, -100, -9.396927, 2, 2, 2, True
15.91038, -3.420202, 0, 9.396926, 1, 1, 1, 3.420203, -100, -9.396927, 2, 2, 2, True
15.91404, -3.420202, 0, 9.396926, 1, 1, 1, 3.420203, -100, -9.396927, 2, 2, 2, True
15.91817, -3.420202, 0, 9.396926, 1, 1, 1, 3.420203, -100, -9.396927, 2, 2, 2, True
15.92294, -3.420202, 0, 9.396926, 1, 1, 1, 3.420203, -100, -9.396927, 2, 2, 2, True
15.92715, -3.420202, 0, 9.396926, 1, 1, 1, 3.420203, -100, -9.396927, 2, 2, 2, True
15.93198, -3.420202, 0, 9.396926, 1, 1, 1, 3.420203, -100, -9.396927, 2, 2, 2, True
15.93829, -3.420202, 0, 9.396926, 1, 1, 1, 3.420203, -100, -9.396927, 2, 2, 2, True
15.94197, -3.420202, 0, 9.396926, 1, 1, 1, 3.420203, -100, -9.396927, 2, 2, 2, True
15.94616, -3.420202, 0, 9.396926, 1, 1, 1, 3.420203, -100, -9.396927, 2, 2, 2, True
15.9542, -3.420202, 0, 9.396926, 1, 1, 1, 3.420203, -100, -9.396927, 2, 2, 2, True
15.96198, -3.420202, 0, 9.396926, 1, 1, 1, 3.420203, -100, -9.396927, 2, 2, 2, True
15.966, -3.420202, 0, 9.396926, 1, 1, 1, 3.420203, -100, -9.396927, 2, 2, 2, True
15.96998, -3.420202, 0, 9.396926, 1, 1, 1, 3.420203, -100, -9.396927, 2, 2, 2, True
15.97409, -3.420202, 0, 9.396926, 1, 1, 1, 3.420203, -100, -9.396927, 2, 2, 2, True
15.97815, -3.420202, 0, 9.396926, 1, 1, 1, 3.420203, -100, -9.396927, 2, 2, 2, True
15.98225, -3.420202, 0, 9.396926, 1, 1, 1, 3.420203, -100, -9.396927, 2, 2, 2, True
15.98615, -3.420202, 0, 9.396926, 1, 1, 1, 3.420203, -100, -9.396927, 2, 2, 2, True
15.99005, -3.420202, 0, 9.396926, 1, 1, 1, 3.420203, -100, -9.396927, 2, 2, 2, True
15.99405, -3.420202, 0, 9.396926, 1, 1, 1, 3.420203, -100, -9.396927, 2, 2, 2, True
15.998, -3.420202, 0, 9.396926, 1, 1, 1, 3.420203, -100, -9.396927, 2, 2, 2, True
16.00199, -3.420202, 0, 9.396926, 1, 1, 1, 3.420203, -100, -9.396927, 2, 2, 2, True
16.00599, -3.420202, 0, 9.396926, 1, 1, 1, 3.420203, -100, -9.396927, 2, 2, 2, True
16.01017, -3.420202, 0, 9.396926, 1, 1, 1, 3.420203, -100, -9.396927, 2, 2, 2, True
16.01406, -3.420202, 0, 9.396926, 1, 1, 1, 3.420203, -100, -9.396927, 2, 2, 2, True
16.01794, -3.420202, 0, 9.396926, 1, 1, 1, 3.420203, -100, -9.396927, 2, 2, 2, True
16.02249, -3.420202, 0, 9.396926, 1, 1, 1, 3.420203, -100, -9.396927, 2, 2, 2, True
16.02649, -3.420202, 0, 9.396926, 1, 1, 1, 3.420203, -100, -9.396927, 2, 2, 2, True
16.03121, -3.420202, 0, 9.396926, 1, 1, 1, 3.420203, -100, -9.396927, 2, 2, 2, True
16.0357, -3.420202, 0, 9.396926, 1, 1, 1, 3.420203, -100, -9.396927, 2, 2, 2, True
16.04241, -3.420202, 0, 9.396926, 1, 1, 1, 3.420203, -100, -9.396927, 2, 2, 2, True
16.04596, -3.420202, 0, 9.396926, 1, 1, 1, 3.420203, -100, -9.396927, 2, 2, 2, True
16.06456, -3.420202, 0, 9.396926, 1, 1, 1, 3.420203, -100, -9.396927, 2, 2, 2, True
16.07038, -3.420202, 0, 9.396926, 1, 1, 1, 3.420203, -100, -9.396927, 2, 2, 2, True
16.0739, -3.420202, 0, 9.396926, 1, 1, 1, 3.420203, -100, -9.396927, 2, 2, 2, True
16.07815, -3.420202, 0, 9.396926, 1, 1, 1, 3.420203, -100, -9.396927, 2, 2, 2, True
16.08607, -3.420202, 0, 9.396926, 1, 1, 1, 3.420203, -100, -9.396927, 2, 2, 2, True
16.08995, -3.420202, 0, 9.396926, 1, 1, 1, 3.420203, -100, -9.396927, 2, 2, 2, True
16.0941, -3.420202, 0, 9.396926, 1, 1, 1, 3.420203, -100, -9.396927, 2, 2, 2, True
16.09809, -3.420202, 0, 9.396926, 1, 1, 1, 3.420203, -100, -9.396927, 2, 2, 2, True
16.10208, -3.420202, 0, 9.396926, 1, 1, 1, 3.420203, -100, -9.396927, 2, 2, 2, True
16.10611, -3.420202, 0, 9.396926, 1, 1, 1, 3.420203, -100, -9.396927, 2, 2, 2, True
16.11008, -3.420202, 0, 9.396926, 1, 1, 1, 3.420203, -100, -9.396927, 2, 2, 2, True
16.11394, -3.420202, 0, 9.396926, 1, 1, 1, 3.420203, -100, -9.396927, 2, 2, 2, True
16.11794, -3.420202, 0, 9.396926, 1, 1, 1, 3.420203, -100, -9.396927, 2, 2, 2, True
16.12207, -3.420202, 0, 9.396926, 1, 1, 1, 3.420203, -100, -9.396927, 2, 2, 2, True
16.12597, -3.420202, 0, 9.396926, 1, 1, 1, 3.420203, -100, -9.396927, 2, 2, 2, True
16.1301, -3.420202, 0, 9.396926, 1, 1, 1, 3.420203, -100, -9.396927, 2, 2, 2, True
16.134, -3.420202, 0, 9.396926, 1, 1, 1, 3.420203, -100, -9.396927, 2, 2, 2, True
16.13793, -3.420202, 0, 9.396926, 1, 1, 1, 3.420203, -100, -9.396927, 2, 2, 2, True
16.14206, -3.420202, 0, 9.396926, 1, 1, 1, 3.420203, -100, -9.396927, 2, 2, 2, True
16.14606, -3.420202, 0, 9.396926, 1, 1, 1, 3.420203, -100, -9.396927, 2, 2, 2, True
16.14996, -3.420202, 0, 9.396926, 1, 1, 1, 3.420203, -100, -9.396927, 2, 2, 2, True
16.15407, -3.420202, 0, 9.396926, 1, 1, 1, 3.420203, -100, -9.396927, 2, 2, 2, True
16.15794, -3.420202, 0, 9.396926, 1, 1, 1, 3.420203, -100, -9.396927, 2, 2, 2, True
16.16214, -3.420202, 0, 9.396926, 1, 1, 1, 3.420203, -100, -9.396927, 2, 2, 2, True
16.16603, -3.420202, 0, 9.396926, 1, 1, 1, 3.420203, -100, -9.396927, 2, 2, 2, True
16.17017, -3.420202, 0, 9.396926, 1, 1, 1, 3.420203, -100, -9.396927, 2, 2, 2, True
16.17417, -3.420202, 0, 9.396926, 1, 1, 1, 3.420203, -100, -9.396927, 2, 2, 2, True
16.17889, -3.420202, 0, 9.396926, 1, 1, 1, 3.420203, -100, -9.396927, 2, 2, 2, True
16.18335, -3.420202, 0, 9.396926, 1, 1, 1, 3.420203, -100, -9.396927, 2, 2, 2, True
16.19048, -3.420202, 0, 9.396926, 1, 1, 1, 3.420203, -100, -9.396927, 2, 2, 2, True
16.19409, -3.420202, 0, 9.396926, 1, 1, 1, 3.420203, -100, -9.396927, 2, 2, 2, True
16.198, -3.420202, 0, 9.396926, 1, 1, 1, 3.420203, -100, -9.396927, 2, 2, 2, True
16.20205, -3.420202, 0, 9.396926, 1, 1, 1, 3.420203, -100, -9.396927, 2, 2, 2, True
16.20622, -3.420202, 0, 9.396926, 1, 1, 1, 3.420203, -100, -9.396927, 2, 2, 2, True
16.21057, -3.420202, 0, 9.396926, 1, 1, 1, 3.420203, -100, -9.396927, 2, 2, 2, True
16.21502, -3.420202, 0, 9.396926, 1, 1, 1, 3.420203, -100, -9.396927, 2, 2, 2, True
16.21956, -3.420202, 0, 9.396926, 1, 1, 1, 3.420203, -100, -9.396927, 2, 2, 2, True
16.22603, -3.420202, 0, 9.396926, 1, 1, 1, 3.420203, -100, -9.396927, 2, 2, 2, True
16.23012, -3.420202, 0, 9.396926, 1, 1, 1, 3.420203, -100, -9.396927, 2, 2, 2, True
16.234, -3.420202, 0, 9.396926, 1, 1, 1, 3.420203, -100, -9.396927, 2, 2, 2, True
16.23799, -3.420202, 0, 9.396926, 1, 1, 1, 3.420203, -100, -9.396927, 2, 2, 2, True
16.24261, -3.420202, 0, 9.396926, 1, 1, 1, 3.420203, -100, -9.396927, 2, 2, 2, True
16.24718, -3.420202, 0, 9.396926, 1, 1, 1, 3.420203, -100, -9.396927, 2, 2, 2, True
16.25133, -3.420202, 0, 9.396926, 1, 1, 1, 3.420203, -100, -9.396927, 2, 2, 2, True
16.25852, -3.420202, 0, 9.396926, 1, 1, 1, 3.420203, -100, -9.396927, 2, 2, 2, True
16.26604, -3.420202, 0, 9.396926, 1, 1, 1, 3.420203, -100, -9.396927, 2, 2, 2, True
16.27006, -3.420202, 0, 9.396926, 1, 1, 1, 3.420203, -100, -9.396927, 2, 2, 2, True
16.27418, -3.420202, 0, 9.396926, 1, 1, 1, 3.420203, -100, -9.396927, 2, 2, 2, True
16.27804, -3.420202, 0, 9.396926, 1, 1, 1, 3.420203, -100, -9.396927, 2, 2, 2, True
16.28231, -3.420202, 0, 9.396926, 1, 1, 1, 3.420203, -100, -9.396927, 2, 2, 2, True
16.29038, -3.420202, 0, 9.396926, 1, 1, 1, 3.420203, -100, -9.396927, 2, 2, 2, True
16.294, -3.420202, 0, 9.396926, 1, 1, 1, 3.420203, -100, -9.396927, 2, 2, 2, True
16.29809, -3.420202, 0, 9.396926, 1, 1, 1, 3.420203, -100, -9.396927, 2, 2, 2, True
16.30203, -3.420202, 0, 9.396926, 1, 1, 1, 3.420203, -100, -9.396927, 2, 2, 2, True
16.30602, -3.420202, 0, 9.396926, 1, 1, 1, 3.420203, -100, -9.396927, 2, 2, 2, True
16.31005, -3.420202, 0, 9.396926, 1, 1, 1, 3.420203, -100, -9.396927, 2, 2, 2, True
16.31399, -3.420202, 0, 9.396926, 1, 1, 1, 3.420203, -100, -9.396927, 2, 2, 2, True
16.31812, -3.420202, 0, 9.396926, 1, 1, 1, 3.420203, -100, -9.396927, 2, 2, 2, True
16.32204, -3.420202, 0, 9.396926, 1, 1, 1, 3.420203, -100, -9.396927, 2, 2, 2, True
16.32598, -3.420202, 0, 9.396926, 1, 1, 1, 3.420203, -100, -9.396927, 2, 2, 2, True
16.33083, -3.420202, 0, 9.396926, 1, 1, 1, 3.420203, -100, -9.396927, 2, 2, 2, True
16.33537, -3.420202, 0, 9.396926, 1, 1, 1, 3.420203, -100, -9.396927, 2, 2, 2, True
16.34256, -3.420202, 0, 9.396926, 1, 1, 1, 3.420203, -100, -9.396927, 2, 2, 2, True
16.34608, -3.420202, 0, 9.396926, 1, 1, 1, 3.420203, -100, -9.396927, 2, 2, 2, True
16.35002, -3.420202, 0, 9.396926, 1, 1, 1, 3.420203, -100, -9.396927, 2, 2, 2, True
16.35404, -3.420202, 0, 9.396926, 1, 1, 1, 3.420203, -100, -9.396927, 2, 2, 2, True
16.3586, -3.420202, 0, 9.396926, 1, 1, 1, 3.420203, -100, -9.396927, 2, 2, 2, True
16.36305, -3.420202, 0, 9.396926, 1, 1, 1, 3.420203, -100, -9.396927, 2, 2, 2, True
16.36744, -3.420202, 0, 9.396926, 1, 1, 1, 3.420203, -100, -9.396927, 2, 2, 2, True
16.37441, -3.420202, 0, 9.396926, 1, 1, 1, 3.420203, -100, -9.396927, 2, 2, 2, True
16.37789, -3.420202, 0, 9.396926, 1, 1, 1, 3.420203, -100, -9.396927, 2, 2, 2, True
16.38228, -3.420202, 0, 9.396926, 1, 1, 1, 3.420203, -100, -9.396927, 2, 2, 2, True
16.38603, -3.420202, 0, 9.396926, 1, 1, 1, 3.420203, -100, -9.396927, 2, 2, 2, True
16.39017, -3.420202, 0, 9.396926, 1, 1, 1, 3.420203, -100, -9.396927, 2, 2, 2, True
16.39416, -3.420202, 0, 9.396926, 1, 1, 1, 3.420203, -100, -9.396927, 2, 2, 2, True
16.39862, -3.420202, 0, 9.396926, 1, 1, 1, 3.420203, -100, -9.396927, 2, 2, 2, True
16.40311, -3.420202, 0, 9.396926, 1, 1, 1, 3.420203, -100, -9.396927, 2, 2, 2, True
16.40756, -3.420202, 0, 9.396926, 1, 1, 1, 3.420203, -100, -9.396927, 2, 2, 2, True
16.41447, -3.420202, 0, 9.396926, 1, 1, 1, 3.420203, -100, -9.396927, 2, 2, 2, True
16.41785, -3.420202, 0, 9.396926, 1, 1, 1, 3.420203, -100, -9.396927, 2, 2, 2, True
16.42214, -3.420202, 0, 9.396926, 1, 1, 1, 3.420203, -100, -9.396927, 2, 2, 2, True
16.42601, -3.420202, 0, 9.396926, 1, 1, 1, 3.420203, -100, -9.396927, 2, 2, 2, True
16.43016, -3.420202, 0, 9.396926, 1, 1, 1, 3.420203, -100, -9.396927, 2, 2, 2, True
16.43434, -3.420202, 0, 9.396926, 1, 1, 1, 3.420203, -100, -9.396927, 2, 2, 2, True
16.43901, -3.420202, 0, 9.396926, 1, 1, 1, 3.420203, -100, -9.396927, 2, 2, 2, True
16.44594, -3.420202, 0, 9.396926, 1, 1, 1, 3.420203, -100, -9.396927, 2, 2, 2, True
16.45409, -3.420202, 0, 9.396926, 1, 1, 1, 3.420203, -100, -9.396927, 2, 2, 2, True
16.458, -3.420202, 0, 9.396926, 1, 1, 1, 3.420203, -100, -9.396927, 2, 2, 2, True
16.4621, -3.420202, 0, 9.396926, 1, 1, 1, 3.420203, -100, -9.396927, 2, 2, 2, True
16.46599, -3.420202, 0, 9.396926, 1, 1, 1, 3.420203, -100, -9.396927, 2, 2, 2, True
16.47005, -3.420202, 0, 9.396926, 1, 1, 1, 3.420203, -100, -9.396927, 2, 2, 2, True
16.47397, -3.420202, 0, 9.396926, 1, 1, 1, 3.420203, -100, -9.396927, 2, 2, 2, True
16.47807, -3.420202, 0, 9.396926, 1, 1, 1, 3.420203, -100, -9.396927, 2, 2, 2, True
16.4821, -3.420202, 0, 9.396926, 1, 1, 1, 3.420203, -100, -9.396927, 2, 2, 2, True
16.48594, -3.420202, 0, 9.396926, 1, 1, 1, 3.420203, -100, -9.396927, 2, 2, 2, True
16.494, -3.420202, 0, 9.396926, 1, 1, 1, 3.420203, -100, -9.396927, 2, 2, 2, True
16.49821, -3.420202, 0, 9.396926, 1, 1, 1, 3.420203, -100, -9.396927, 2, 2, 2, True
16.50199, -3.420202, 0, 9.396926, 1, 1, 1, 3.420203, -100, -9.396927, 2, 2, 2, True
16.50605, -3.420202, 0, 9.396926, 1, 1, 1, 3.420203, -100, -9.396927, 2, 2, 2, True
16.51016, -3.420202, 0, 9.396926, 1, 1, 1, 3.420203, -100, -9.396927, 2, 2, 2, True
16.51413, -3.420202, 0, 9.396926, 1, 1, 1, 3.420203, -100, -9.396927, 2, 2, 2, True
16.51873, -3.420202, 0, 9.396926, 1, 1, 1, 3.420203, -100, -9.396927, 2, 2, 2, True
16.52289, -3.420202, 0, 9.396926, 1, 1, 1, 3.420203, -100, -9.396927, 2, 2, 2, True
16.52818, -3.420202, 0, 9.396926, 1, 1, 1, 3.420203, -100, -9.396927, 2, 2, 2, True
16.53418, -3.420202, 0, 9.396926, 1, 1, 1, 3.420203, -100, -9.396927, 2, 2, 2, True
16.53797, -3.420202, 0, 9.396926, 1, 1, 1, 3.420203, -100, -9.396927, 2, 2, 2, True
16.54208, -3.420202, 0, 9.396926, 1, 1, 1, 3.420203, -100, -9.396927, 2, 2, 2, True
16.54608, -3.420202, 0, 9.396926, 1, 1, 1, 3.420203, -100, -9.396927, 2, 2, 2, True
16.55039, -3.420202, 0, 9.396926, 1, 1, 1, 3.420203, -100, -9.396927, 2, 2, 2, True
16.55492, -3.420202, 0, 9.396926, 1, 1, 1, 3.420203, -100, -9.396927, 2, 2, 2, True
16.55935, -3.420202, 0, 9.396926, 1, 1, 1, 3.420203, -100, -9.396927, 2, 2, 2, True
16.56603, -3.420202, 0, 9.396926, 1, 1, 1, 3.420203, -100, -9.396927, 2, 2, 2, True
16.57014, -3.420202, 0, 9.396926, 1, 1, 1, 3.420203, -100, -9.396927, 2, 2, 2, True
16.57395, -3.420202, 0, 9.396926, 1, 1, 1, 3.420203, -100, -9.396927, 2, 2, 2, True
16.57812, -3.420202, 0, 9.396926, 1, 1, 1, 3.420203, -100, -9.396927, 2, 2, 2, True
16.5822, -3.420202, 0, 9.396926, 1, 1, 1, 3.420203, -100, -9.396927, 2, 2, 2, True
16.58659, -3.420202, 0, 9.396926, 1, 1, 1, 3.420203, -100, -9.396927, 2, 2, 2, True
16.59081, -3.420202, 0, 9.396926, 1, 1, 1, 3.420203, -100, -9.396927, 2, 2, 2, True
16.59566, -3.420202, 0, 9.396926, 1, 1, 1, 3.420203, -100, -9.396927, 2, 2, 2, True
16.60203, -3.420202, 0, 9.396926, 1, 1, 1, 3.420203, -100, -9.396927, 2, 2, 2, True
16.60595, -3.420202, 0, 9.396926, 1, 1, 1, 3.420203, -100, -9.396927, 2, 2, 2, True
16.61009, -3.420202, 0, 9.396926, 1, 1, 1, 3.420203, -100, -9.396927, 2, 2, 2, True
16.61406, -3.420202, 0, 9.396926, 1, 1, 1, 3.420203, -100, -9.396927, 2, 2, 2, True
16.61808, -3.420202, 0, 9.396926, 1, 1, 1, 3.420203, -100, -9.396927, 2, 2, 2, True
16.6226, -3.420202, 0, 9.396926, 1, 1, 1, 3.420203, -100, -9.396927, 2, 2, 2, True
16.62661, -3.420202, 0, 9.396926, 1, 1, 1, 3.420203, -100, -9.396927, 2, 2, 2, True
16.63126, -3.420202, 0, 9.396926, 1, 1, 1, 3.420203, -100, -9.396927, 2, 2, 2, True
16.63581, -3.420202, 0, 9.396926, 1, 1, 1, 3.420203, -100, -9.396927, 2, 2, 2, True
16.64243, -3.420202, 0, 9.396926, 1, 1, 1, 3.420203, -100, -9.396927, 2, 2, 2, True
16.64601, -3.420202, 0, 9.396926, 1, 1, 1, 3.420203, -100, -9.396927, 2, 2, 2, True
16.65002, -3.420202, 0, 9.396926, 1, 1, 1, 3.420203, -100, -9.396927, 2, 2, 2, True
16.66927, -3.420202, 0, 9.396926, 1, 1, 1, 3.420203, -100, -9.396927, 2, 2, 2, True
16.67414, -3.420202, 0, 9.396926, 1, 1, 1, 3.420203, -100, -9.396927, 2, 2, 2, True
16.67795, -3.420202, 0, 9.396926, 1, 1, 1, 3.420203, -100, -9.396927, 2, 2, 2, True
16.682, -3.420202, 0, 9.396926, 1, 1, 1, 3.420203, -100, -9.396927, 2, 2, 2, True
16.68595, -3.420202, 0, 9.396926, 1, 1, 1, 3.420203, -100, -9.396927, 2, 2, 2, True
16.69016, -3.420202, 0, 9.396926, 1, 1, 1, 3.420203, -100, -9.396927, 2, 2, 2, True
16.69841, -3.420202, 0, 9.396926, 1, 1, 1, 3.420203, -100, -9.396927, 2, 2, 2, True
16.70193, -3.420202, 0, 9.396926, 1, 1, 1, 3.420203, -100, -9.396927, 2, 2, 2, True
16.70612, -3.420202, 0, 9.396926, 1, 1, 1, 3.420203, -100, -9.396927, 2, 2, 2, True
16.71012, -3.420202, 0, 9.396926, 1, 1, 1, 3.420203, -100, -9.396927, 2, 2, 2, True
16.71415, -3.420202, 0, 9.396926, 1, 1, 1, 3.420203, -100, -9.396927, 2, 2, 2, True
16.71804, -3.420202, 0, 9.396926, 1, 1, 1, 3.420203, -100, -9.396927, 2, 2, 2, True
16.72212, -3.420202, 0, 9.396926, 1, 1, 1, 3.420203, -100, -9.396927, 2, 2, 2, True
16.72586, -3.420202, 0, 9.396926, 1, 1, 1, 3.420203, -100, -9.396927, 2, 2, 2, True
16.73028, -3.420202, 0, 9.396926, 1, 1, 1, 3.420203, -100, -9.396927, 2, 2, 2, True
16.73389, -3.420202, 0, 9.396926, 1, 1, 1, 3.420203, -100, -9.396927, 2, 2, 2, True
16.73824, -3.420202, 0, 9.396926, 1, 1, 1, 3.420203, -100, -9.396927, 2, 2, 2, True
16.74199, -3.420202, 0, 9.396926, 1, 1, 1, 3.420203, -100, -9.396927, 2, 2, 2, True
16.74613, -3.420202, 0, 9.396926, 1, 1, 1, 3.420203, -100, -9.396927, 2, 2, 2, True
16.75014, -3.420202, 0, 9.396926, 1, 1, 1, 3.420203, -100, -9.396927, 2, 2, 2, True
16.75409, -3.420202, 0, 9.396926, 1, 1, 1, 3.420203, -100, -9.396927, 2, 2, 2, True
16.75813, -3.420202, 0, 9.396926, 1, 1, 1, 3.420203, -100, -9.396927, 2, 2, 2, True
16.762, -3.420202, 0, 9.396926, 1, 1, 1, 3.420203, -100, -9.396927, 2, 2, 2, True
16.76587, -3.420202, 0, 9.396926, 1, 1, 1, 3.420203, -100, -9.396927, 2, 2, 2, True
16.77003, -3.420202, 0, 9.396926, 1, 1, 1, 3.420203, -100, -9.396927, 2, 2, 2, True
16.77408, -3.420202, 0, 9.396926, 1, 1, 1, 3.420203, -100, -9.396927, 2, 2, 2, True
16.7781, -3.420202, 0, 9.396926, 1, 1, 1, 3.420203, -100, -9.396927, 2, 2, 2, True
16.78203, -3.420202, 0, 9.396926, 1, 1, 1, 3.420203, -100, -9.396927, 2, 2, 2, True
16.78633, -3.420202, 0, 9.396926, 1, 1, 1, 3.420203, -100, -9.396927, 2, 2, 2, True
16.79096, -3.420202, 0, 9.396926, 1, 1, 1, 3.420203, -100, -9.396927, 2, 2, 2, True
16.79552, -3.420202, 0, 9.396926, 1, 1, 1, 3.420203, -100, -9.396927, 2, 2, 2, True
16.80223, -3.420202, 0, 9.396926, 1, 1, 1, 3.420203, -100, -9.396927, 2, 2, 2, True
16.80592, -3.420202, 0, 9.396926, 1, 1, 1, 3.420203, -100, -9.396927, 2, 2, 2, True
16.81014, -3.420202, 0, 9.396926, 1, 1, 1, 3.420203, -100, -9.396927, 2, 2, 2, True
16.81409, -3.420202, 0, 9.396926, 1, 1, 1, 3.420203, -100, -9.396927, 2, 2, 2, True
16.81809, -3.420202, 0, 9.396926, 1, 1, 1, 3.420203, -100, -9.396927, 2, 2, 2, True
16.82216, -3.420202, 0, 9.396926, 1, 1, 1, 3.420203, -100, -9.396927, 2, 2, 2, True
16.82684, -3.420202, 0, 9.396926, 1, 1, 1, 3.420203, -100, -9.396927, 2, 2, 2, True
16.83099, -3.420202, 0, 9.396926, 1, 1, 1, 3.420203, -100, -9.396927, 2, 2, 2, True
16.83549, -3.420202, 0, 9.396926, 1, 1, 1, 3.420203, -100, -9.396927, 2, 2, 2, True
16.84192, -3.420202, 0, 9.396926, 1, 1, 1, 3.420203, -100, -9.396927, 2, 2, 2, True
16.84599, -3.420202, 0, 9.396926, 1, 1, 1, 3.420203, -100, -9.396927, 2, 2, 2, True
16.85004, -3.420202, 0, 9.396926, 1, 1, 1, 3.420203, -100, -9.396927, 2, 2, 2, True
16.85402, -3.420202, 0, 9.396926, 1, 1, 1, 3.420203, -100, -9.396927, 2, 2, 2, True
16.85856, -3.420202, 0, 9.396926, 1, 1, 1, 3.420203, -100, -9.396927, 2, 2, 2, True
16.86312, -3.420202, 0, 9.396926, 1, 1, 1, 3.420203, -100, -9.396927, 2, 2, 2, True
16.86755, -3.420202, 0, 9.396926, 1, 1, 1, 3.420203, -100, -9.396927, 2, 2, 2, True
16.87447, -3.420202, 0, 9.396926, 1, 1, 1, 3.420203, -100, -9.396927, 2, 2, 2, True
16.87804, -3.420202, 0, 9.396926, 1, 1, 1, 3.420203, -100, -9.396927, 2, 2, 2, True
16.88197, -3.420202, 0, 9.396926, 1, 1, 1, 3.420203, -100, -9.396927, 2, 2, 2, True
16.88604, -3.420202, 0, 9.396926, 1, 1, 1, 3.420203, -100, -9.396927, 2, 2, 2, True
16.89013, -3.420202, 0, 9.396926, 1, 1, 1, 3.420203, -100, -9.396927, 2, 2, 2, True
16.89413, -3.420202, 0, 9.396926, 1, 1, 1, 3.420203, -100, -9.396927, 2, 2, 2, True
16.90247, -3.420202, 0, 9.396926, 1, 1, 1, 3.420203, -100, -9.396927, 2, 2, 2, True
16.90585, -3.420202, 0, 9.396926, 1, 1, 1, 3.420203, -100, -9.396927, 2, 2, 2, True
16.9101, -3.420202, 0, 9.396926, 1, 1, 1, 3.420203, -100, -9.396927, 2, 2, 2, True
16.91406, -3.420202, 0, 9.396926, 1, 1, 1, 3.420203, -100, -9.396927, 2, 2, 2, True
16.91872, -3.420202, 0, 9.396926, 1, 1, 1, 3.420203, -100, -9.396927, 2, 2, 2, True
16.92364, -3.420202, 0, 9.396926, 1, 1, 1, 3.420203, -100, -9.396927, 2, 2, 2, True
16.93033, -3.420202, 0, 9.396926, 1, 1, 1, 3.420203, -100, -9.396927, 2, 2, 2, True
16.93391, -3.420202, 0, 9.396926, 1, 1, 1, 3.420203, -100, -9.396927, 2, 2, 2, True
16.94242, -3.420202, 0, 9.396926, 1, 1, 1, 3.420203, -100, -9.396927, 2, 2, 2, True
16.94995, -3.420202, 0, 9.396926, 1, 1, 1, 3.420203, -100, -9.396927, 2, 2, 2, True
16.95398, -3.420202, 0, 9.396926, 1, 1, 1, 3.420203, -100, -9.396927, 2, 2, 2, True
16.95802, -3.420202, 0, 9.396926, 1, 1, 1, 3.420203, -100, -9.396927, 2, 2, 2, True
16.96195, -3.420202, 0, 9.396926, 1, 1, 1, 3.420203, -100, -9.396927, 2, 2, 2, True
16.96613, -3.420202, 0, 9.396926, 1, 1, 1, 3.420203, -100, -9.396927, 2, 2, 2, True
16.96995, -3.420202, 0, 9.396926, 1, 1, 1, 3.420203, -100, -9.396927, 2, 2, 2, True
16.97414, -3.420202, 0, 9.396926, 1, 1, 1, 3.420203, -100, -9.396927, 2, 2, 2, True
16.97807, -3.420202, 0, 9.396926, 1, 1, 1, 3.420203, -100, -9.396927, 2, 2, 2, True
16.9819, -3.420202, 0, 9.396926, 1, 1, 1, 3.420203, -100, -9.396927, 2, 2, 2, True
16.98608, -3.420202, 0, 9.396926, 1, 1, 1, 3.420203, -100, -9.396927, 2, 2, 2, True
16.98997, -3.420202, 0, 9.396926, 1, 1, 1, 3.420203, -100, -9.396927, 2, 2, 2, True
16.99393, -3.420202, 0, 9.396926, 1, 1, 1, 3.420203, -100, -9.396927, 2, 2, 2, True
16.99807, -3.420202, 0, 9.396926, 1, 1, 1, 3.420203, -100, -9.396927, 2, 2, 2, True
17.00203, -3.420202, 0, 9.396926, 1, 1, 1, 3.420203, -100, -9.396927, 2, 2, 2, True
17.00599, -3.420202, 0, 9.396926, 1, 1, 1, 3.420203, -100, -9.396927, 2, 2, 2, True
17.01015, -3.420202, 0, 9.396926, 1, 1, 1, 3.420203, -100, -9.396927, 2, 2, 2, True
17.01423, -3.420202, 0, 9.396926, 1, 1, 1, 3.420203, -100, -9.396927, 2, 2, 2, True
17.01873, -3.420202, 0, 9.396926, 1, 1, 1, 3.420203, -100, -9.396927, 2, 2, 2, True
17.02342, -3.420202, 0, 9.396926, 1, 1, 1, 3.420203, -100, -9.396927, 2, 2, 2, True
17.03044, -3.420202, 0, 9.396926, 1, 1, 1, 3.420203, -100, -9.396927, 2, 2, 2, True
17.03383, -3.420202, 0, 9.396926, 1, 1, 1, 3.420203, -100, -9.396927, 2, 2, 2, True
17.03801, -3.420202, 0, 9.396926, 1, 1, 1, 3.420203, -100, -9.396927, 2, 2, 2, True
17.04202, -3.420202, 0, 9.396926, 1, 1, 1, 3.420203, -100, -9.396927, 2, 2, 2, True
17.04629, -3.420202, 0, 9.396926, 1, 1, 1, 3.420203, -100, -9.396927, 2, 2, 2, True
17.05046, -3.420202, 0, 9.396926, 1, 1, 1, 3.420203, -100, -9.396927, 2, 2, 2, True
17.05492, -3.420202, 0, 9.396926, 1, 1, 1, 3.420203, -100, -9.396927, 2, 2, 2, True
17.05984, -3.420202, 0, 9.396926, 1, 1, 1, 3.420203, -100, -9.396927, 2, 2, 2, True
17.06609, -3.420202, 0, 9.396926, 1, 1, 1, 3.420203, -100, -9.396927, 2, 2, 2, True
17.07003, -3.420202, 0, 9.396926, 1, 1, 1, 3.420203, -100, -9.396927, 2, 2, 2, True
17.07399, -3.420202, 0, 9.396926, 1, 1, 1, 3.420203, -100, -9.396927, 2, 2, 2, True
17.07794, -3.420202, 0, 9.396926, 1, 1, 1, 3.420203, -100, -9.396927, 2, 2, 2, True
17.08222, -3.420202, 0, 9.396926, 1, 1, 1, 3.420203, -100, -9.396927, 2, 2, 2, True
17.0867, -3.420202, 0, 9.396926, 1, 1, 1, 3.420203, -100, -9.396927, 2, 2, 2, True
17.09065, -3.420202, 0, 9.396926, 1, 1, 1, 3.420203, -100, -9.396927, 2, 2, 2, True
17.09538, -3.420202, 0, 9.396926, 1, 1, 1, 3.420203, -100, -9.396927, 2, 2, 2, True
17.09983, -3.420202, 0, 9.396926, 1, 1, 1, 3.420203, -100, -9.396927, 2, 2, 2, True
17.10616, -3.420202, 0, 9.396926, 1, 1, 1, 3.420203, -100, -9.396927, 2, 2, 2, True
17.11016, -3.420202, 0, 9.396926, 1, 1, 1, 3.420203, -100, -9.396927, 2, 2, 2, True
17.11394, -3.420202, 0, 9.396926, 1, 1, 1, 3.420203, -100, -9.396927, 2, 2, 2, True
17.11816, -3.420202, 0, 9.396926, 1, 1, 1, 3.420203, -100, -9.396927, 2, 2, 2, True
17.12419, -3.420202, 0, 9.396926, 1, 1, 1, 3.420203, -100, -9.396927, 2, 2, 2, True
17.13015, -3.420202, 0, 9.396926, 1, 1, 1, 3.420203, -100, -9.396927, 2, 2, 2, True
17.13456, -3.420202, 0, 9.396926, 1, 1, 1, 3.420203, -100, -9.396927, 2, 2, 2, True
17.13874, -3.420202, 0, 9.396926, 1, 1, 1, 3.420203, -100, -9.396927, 2, 2, 2, True
17.14408, -3.420202, 0, 9.396926, 1, 1, 1, 3.420203, -100, -9.396927, 2, 2, 2, True
17.1502, -3.420202, 0, 9.396926, 1, 1, 1, 3.420203, -100, -9.396927, 2, 2, 2, True
17.15408, -3.420202, 0, 9.396926, 1, 1, 1, 3.420203, -100, -9.396927, 2, 2, 2, True
17.15807, -3.420202, 0, 9.396926, 1, 1, 1, 3.420203, -100, -9.396927, 2, 2, 2, True
17.1621, -3.420202, 0, 9.396926, 1, 1, 1, 3.420203, -100, -9.396927, 2, 2, 2, True
17.16666, -3.420202, 0, 9.396926, 1, 1, 1, 3.420203, -100, -9.396927, 2, 2, 2, True
17.17099, -3.420202, 0, 9.396926, 1, 1, 1, 3.420203, -100, -9.396927, 2, 2, 2, True
17.17517, -3.420202, 0, 9.396926, 1, 1, 1, 3.420203, -100, -9.396927, 2, 2, 2, True
17.18279, -3.420202, 0, 9.396926, 1, 1, 1, 3.420203, -100, -9.396927, 2, 2, 2, True
17.19029, -3.420202, 0, 9.396926, 1, 1, 1, 3.420203, -100, -9.396927, 2, 2, 2, True
17.19413, -3.420202, 0, 9.396926, 1, 1, 1, 3.420203, -100, -9.396927, 2, 2, 2, True
17.19812, -3.420202, 0, 9.396926, 1, 1, 1, 3.420203, -100, -9.396927, 2, 2, 2, True
17.2021, -3.420202, 0, 9.396926, 1, 1, 1, 3.420203, -100, -9.396927, 2, 2, 2, True
17.2061, -3.420202, 0, 9.396926, 1, 1, 1, 3.420203, -100, -9.396927, 2, 2, 2, True
17.2101, -3.420202, 0, 9.396926, 1, 1, 1, 3.420203, -100, -9.396927, 2, 2, 2, True
17.21405, -3.420202, 0, 9.396926, 1, 1, 1, 3.420203, -100, -9.396927, 2, 2, 2, True
17.21796, -3.420202, 0, 9.396926, 1, 1, 1, 3.420203, -100, -9.396927, 2, 2, 2, True
17.22196, -3.420202, 0, 9.396926, 1, 1, 1, 3.420203, -100, -9.396927, 2, 2, 2, True
17.22598, -3.420202, 0, 9.396926, 1, 1, 1, 3.420203, -100, -9.396927, 2, 2, 2, True
17.23003, -3.420202, 0, 9.396926, 1, 1, 1, 3.420203, -100, -9.396927, 2, 2, 2, True
17.2341, -3.420202, 0, 9.396926, 1, 1, 1, 3.420203, -100, -9.396927, 2, 2, 2, True
17.25349, -3.420202, 0, 9.396926, 1, 1, 1, 3.420203, -100, -9.396927, 2, 2, 2, True
17.25819, -3.420202, 0, 9.396926, 1, 1, 1, 3.420203, -100, -9.396927, 2, 2, 2, True
17.26189, -3.420202, 0, 9.396926, 1, 1, 1, 3.420203, -100, -9.396927, 2, 2, 2, True
17.26601, -3.420202, 0, 9.396926, 1, 1, 1, 3.420203, -100, -9.396927, 2, 2, 2, True
17.27009, -3.420202, 0, 9.396926, 1, 1, 1, 3.420203, -100, -9.396927, 2, 2, 2, True
17.27409, -3.420202, 0, 9.396926, 1, 1, 1, 3.420203, -100, -9.396927, 2, 2, 2, True
17.27813, -3.420202, 0, 9.396926, 1, 1, 1, 3.420203, -100, -9.396927, 2, 2, 2, True
17.28218, -3.420202, 0, 9.396926, 1, 1, 1, 3.420203, -100, -9.396927, 2, 2, 2, True
17.28609, -3.420202, 0, 9.396926, 1, 1, 1, 3.420203, -100, -9.396927, 2, 2, 2, True
17.2901, -3.420202, 0, 9.396926, 1, 1, 1, 3.420203, -100, -9.396927, 2, 2, 2, True
17.29412, -3.420202, 0, 9.396926, 1, 1, 1, 3.420203, -100, -9.396927, 2, 2, 2, True
17.29807, -3.420202, 0, 9.396926, 1, 1, 1, 3.420203, -100, -9.396927, 2, 2, 2, True
17.30637, -3.420202, 0, 9.396926, 1, 1, 1, 3.420203, -100, -9.396927, 2, 2, 2, True
17.30997, -3.420202, 0, 9.396926, 1, 1, 1, 3.420203, -100, -9.396927, 2, 2, 2, True
17.3139, -3.420202, 0, 9.396926, 1, 1, 1, 3.420203, -100, -9.396927, 2, 2, 2, True
17.31805, -3.420202, 0, 9.396926, 1, 1, 1, 3.420203, -100, -9.396927, 2, 2, 2, True
17.32201, -3.420202, 0, 9.396926, 1, 1, 1, 3.420203, -100, -9.396927, 2, 2, 2, True
17.32594, -3.420202, 0, 9.396926, 1, 1, 1, 3.420203, -100, -9.396927, 2, 2, 2, True
17.32996, -3.420202, 0, 9.396926, 1, 1, 1, 3.420203, -100, -9.396927, 2, 2, 2, True
17.33414, -3.420202, 0, 9.396926, 1, 1, 1, 3.420203, -100, -9.396927, 2, 2, 2, True
17.33809, -3.420202, 0, 9.396926, 1, 1, 1, 3.420203, -100, -9.396927, 2, 2, 2, True
17.34213, -3.420202, 0, 9.396926, 1, 1, 1, 3.420203, -100, -9.396927, 2, 2, 2, True
17.3461, -3.420202, 0, 9.396926, 1, 1, 1, 3.420203, -100, -9.396927, 2, 2, 2, True
17.34995, -3.420202, 0, 9.396926, 1, 1, 1, 3.420203, -100, -9.396927, 2, 2, 2, True
17.35386, -3.420202, 0, 9.396926, 1, 1, 1, 3.420203, -100, -9.396927, 2, 2, 2, True
17.35815, -3.420202, 0, 9.396926, 1, 1, 1, 3.420203, -100, -9.396927, 2, 2, 2, True
17.3867, -3.420202, 0, 9.396926, 1, 1, 1, 3.420203, -100, -9.396927, 2, 2, 2, True
17.3943, -3.420202, 0, 9.396926, 1, 1, 1, 3.420203, -100, -9.396927, 2, 2, 2, True
17.40265, -3.420202, 0, 9.396926, 1, 1, 1, 3.420203, -100, -9.396927, 2, 2, 2, True
17.4103, -3.420202, 0, 9.396926, 1, 1, 1, 3.420203, -100, -9.396927, 2, 2, 2, True
17.41847, -3.420202, 0, 9.396926, 1, 1, 1, 3.420203, -100, -9.396927, 2, 2, 2, True
17.42216, -3.420202, 0, 9.396926, 1, 1, 1, 3.420203, -100, -9.396927, 2, 2, 2, True
17.42606, -3.420202, 0, 9.396926, 1, 1, 1, 3.420203, -100, -9.396927, 2, 2, 2, True
17.43014, -3.420202, 0, 9.396926, 1, 1, 1, 3.420203, -100, -9.396927, 2, 2, 2, True
17.43402, -3.420202, 0, 9.396926, 1, 1, 1, 3.420203, -100, -9.396927, 2, 2, 2, True
17.43811, -3.420202, 0, 9.396926, 1, 1, 1, 3.420203, -100, -9.396927, 2, 2, 2, True
17.44211, -3.420202, 0, 9.396926, 1, 1, 1, 3.420203, -100, -9.396927, 2, 2, 2, True
17.44603, -3.420202, 0, 9.396926, 1, 1, 1, 3.420203, -100, -9.396927, 2, 2, 2, True
17.44999, -3.420202, 0, 9.396926, 1, 1, 1, 3.420203, -100, -9.396927, 2, 2, 2, True
17.45399, -3.420202, 0, 9.396926, 1, 1, 1, 3.420203, -100, -9.396927, 2, 2, 2, True
17.45801, -3.420202, 0, 9.396926, 1, 1, 1, 3.420203, -100, -9.396927, 2, 2, 2, True
17.46197, -3.420202, 0, 9.396926, 1, 1, 1, 3.420203, -100, -9.396927, 2, 2, 2, True
17.47033, -3.420202, 0, 9.396926, 1, 1, 1, 3.420203, -100, -9.396927, 2, 2, 2, True
17.47798, -3.420202, 0, 9.396926, 1, 1, 1, 3.420203, -100, -9.396927, 2, 2, 2, True
17.48208, -3.420202, 0, 9.396926, 1, 1, 1, 3.420203, -100, -9.396927, 2, 2, 2, True
17.48636, -3.420202, 0, 9.396926, 1, 1, 1, 3.420203, -100, -9.396927, 2, 2, 2, True
17.4901, -3.420202, 0, 9.396926, 1, 1, 1, 3.420203, -100, -9.396927, 2, 2, 2, True
17.4939, -3.420202, 0, 9.396926, 1, 1, 1, 3.420203, -100, -9.396927, 2, 2, 2, True
17.49818, -3.420202, 0, 9.396926, 1, 1, 1, 3.420203, -100, -9.396927, 2, 2, 2, True
17.50191, -3.420202, 0, 9.396926, 1, 1, 1, 3.420203, -100, -9.396927, 2, 2, 2, True
17.51003, -3.420202, 0, 9.396926, 1, 1, 1, 3.420203, -100, -9.396927, 2, 2, 2, True
17.51416, -3.420202, 0, 9.396926, 1, 1, 1, 3.420203, -100, -9.396927, 2, 2, 2, True
17.51792, -3.420202, 0, 9.396926, 1, 1, 1, 3.420203, -100, -9.396927, 2, 2, 2, True
17.52199, -3.420202, 0, 9.396926, 1, 1, 1, 3.420203, -100, -9.396927, 2, 2, 2, True
17.5261, -3.420202, 0, 9.396926, 1, 1, 1, 3.420203, -100, -9.396927, 2, 2, 2, True
17.52996, -3.420202, 0, 9.396926, 1, 1, 1, 3.420203, -100, -9.396927, 2, 2, 2, True
17.53413, -3.420202, 0, 9.396926, 1, 1, 1, 3.420203, -100, -9.396927, 2, 2, 2, True
17.53808, -3.420202, 0, 9.396926, 1, 1, 1, 3.420203, -100, -9.396927, 2, 2, 2, True
17.54214, -3.420202, 0, 9.396926, 1, 1, 1, 3.420203, -100, -9.396927, 2, 2, 2, True
17.54593, -3.420202, 0, 9.396926, 1, 1, 1, 3.420203, -100, -9.396927, 2, 2, 2, True
17.54998, -3.420202, 0, 9.396926, 1, 1, 1, 3.420203, -100, -9.396927, 2, 2, 2, True
17.55397, -3.420202, 0, 9.396926, 1, 1, 1, 3.420203, -100, -9.396927, 2, 2, 2, True
17.5581, -3.420202, 0, 9.396926, 1, 1, 1, 3.420203, -100, -9.396927, 2, 2, 2, True
17.56203, -3.420202, 0, 9.396926, 1, 1, 1, 3.420203, -100, -9.396927, 2, 2, 2, True
17.56601, -3.420202, 0, 9.396926, 1, 1, 1, 3.420203, -100, -9.396927, 2, 2, 2, True
17.57011, -3.420202, 0, 9.396926, 1, 1, 1, 3.420203, -100, -9.396927, 2, 2, 2, True
17.57472, -3.420202, 0, 9.396926, 1, 1, 1, 3.420203, -100, -9.396927, 2, 2, 2, True
17.57928, -3.420202, 0, 9.396926, 1, 1, 1, 3.420203, -100, -9.396927, 2, 2, 2, True
17.58371, -3.420202, 0, 9.396926, 1, 1, 1, 3.420203, -100, -9.396927, 2, 2, 2, True
17.59042, -3.420202, 0, 9.396926, 1, 1, 1, 3.420203, -100, -9.396927, 2, 2, 2, True
17.59419, -3.420202, 0, 9.396926, 1, 1, 1, 3.420203, -100, -9.396927, 2, 2, 2, True
17.59804, -3.420202, 0, 9.396926, 1, 1, 1, 3.420203, -100, -9.396927, 2, 2, 2, True
17.60205, -3.420202, 0, 9.396926, 1, 1, 1, 3.420203, -100, -9.396927, 2, 2, 2, True
17.60662, -3.420202, 0, 9.396926, 1, 1, 1, 3.420203, -100, -9.396927, 2, 2, 2, True
17.61124, -3.420202, 0, 9.396926, 1, 1, 1, 3.420203, -100, -9.396927, 2, 2, 2, True
17.61837, -3.420202, 0, 9.396926, 1, 1, 1, 3.420203, -100, -9.396927, 2, 2, 2, True
17.62198, -3.420202, 0, 9.396926, 1, 1, 1, 3.420203, -100, -9.396927, 2, 2, 2, True
17.62601, -3.420202, 0, 9.396926, 1, 1, 1, 3.420203, -100, -9.396927, 2, 2, 2, True
17.63001, -3.420202, 0, 9.396926, 1, 1, 1, 3.420203, -100, -9.396927, 2, 2, 2, True
17.63412, -3.420202, 0, 9.396926, 1, 1, 1, 3.420203, -100, -9.396927, 2, 2, 2, True
17.63865, -3.420202, 0, 9.396926, 1, 1, 1, 3.420203, -100, -9.396927, 2, 2, 2, True
17.64287, -3.420202, 0, 9.396926, 1, 1, 1, 3.420203, -100, -9.396927, 2, 2, 2, True
17.65026, -3.420202, 0, 9.396926, 1, 1, 1, 3.420203, -100, -9.396927, 2, 2, 2, True
17.65408, -3.420202, 0, 9.396926, 1, 1, 1, 3.420203, -100, -9.396927, 2, 2, 2, True
17.65808, -3.420202, 0, 9.396926, 1, 1, 1, 3.420203, -100, -9.396927, 2, 2, 2, True
17.66211, -3.420202, 0, 9.396926, 1, 1, 1, 3.420203, -100, -9.396927, 2, 2, 2, True
17.66623, -3.420202, 0, 9.396926, 1, 1, 1, 3.420203, -100, -9.396927, 2, 2, 2, True
17.67434, -3.420202, 0, 9.396926, 1, 1, 1, 3.420203, -100, -9.396927, 2, 2, 2, True
17.67789, -3.420202, 0, 9.396926, 1, 1, 1, 3.420203, -100, -9.396927, 2, 2, 2, True
17.68209, -3.420202, 0, 9.396926, 1, 1, 1, 3.420203, -100, -9.396927, 2, 2, 2, True
17.68599, -3.420202, 0, 9.396926, 1, 1, 1, 3.420203, -100, -9.396927, 2, 2, 2, True
17.68994, -3.420202, 0, 9.396926, 1, 1, 1, 3.420203, -100, -9.396927, 2, 2, 2, True
17.69408, -3.420202, 0, 9.396926, 1, 1, 1, 3.420203, -100, -9.396927, 2, 2, 2, True
17.69839, -3.420202, 0, 9.396926, 1, 1, 1, 3.420203, -100, -9.396927, 2, 2, 2, True
17.70234, -3.420202, 0, 9.396926, 1, 1, 1, 3.420203, -100, -9.396927, 2, 2, 2, True
17.71039, -3.420202, 0, 9.396926, 1, 1, 1, 3.420203, -100, -9.396927, 2, 2, 2, True
17.71389, -3.420202, 0, 9.396926, 1, 1, 1, 3.420203, -100, -9.396927, 2, 2, 2, True
17.71801, -3.420202, 0, 9.396926, 1, 1, 1, 3.420203, -100, -9.396927, 2, 2, 2, True
17.72196, -3.420202, 0, 9.396926, 1, 1, 1, 3.420203, -100, -9.396927, 2, 2, 2, True
17.72678, -3.420202, 0, 9.396926, 1, 1, 1, 3.420203, -100, -9.396927, 2, 2, 2, True
17.73205, -3.420202, 0, 9.396926, 1, 1, 1, 3.420203, -100, -9.396927, 2, 2, 2, True
17.73837, -3.420202, 0, 9.396926, 1, 1, 1, 3.420203, -100, -9.396927, 2, 2, 2, True
17.74202, -3.420202, 0, 9.396926, 1, 1, 1, 3.420203, -100, -9.396927, 2, 2, 2, True
17.74607, -3.420202, 0, 9.396926, 1, 1, 1, 3.420203, -100, -9.396927, 2, 2, 2, True
17.75029, -3.420202, 0, 9.396926, 1, 1, 1, 3.420203, -100, -9.396927, 2, 2, 2, True
17.7548, -3.420202, 0, 9.396926, 1, 1, 1, 3.420203, -100, -9.396927, 2, 2, 2, True
17.75926, -3.420202, 0, 9.396926, 1, 1, 1, 3.420203, -100, -9.396927, 2, 2, 2, True
17.76602, -3.420202, 0, 9.396926, 1, 1, 1, 3.420203, -100, -9.396927, 2, 2, 2, True
17.76997, -3.420202, 0, 9.396926, 1, 1, 1, 3.420203, -100, -9.396927, 2, 2, 2, True
17.77412, -3.420202, 0, 9.396926, 1, 1, 1, 3.420203, -100, -9.396927, 2, 2, 2, True
17.77809, -3.420202, 0, 9.396926, 1, 1, 1, 3.420203, -100, -9.396927, 2, 2, 2, True
17.78219, -3.420202, 0, 9.396926, 1, 1, 1, 3.420203, -100, -9.396927, 2, 2, 2, True
17.78655, -3.420202, 0, 9.396926, 1, 1, 1, 3.420203, -100, -9.396927, 2, 2, 2, True
17.79148, -3.420202, 0, 9.396926, 1, 1, 1, 3.420203, -100, -9.396927, 2, 2, 2, True
17.79844, -3.420202, 0, 9.396926, 1, 1, 1, 3.420203, -100, -9.396927, 2, 2, 2, True
17.80213, -3.420202, 0, 9.396926, 1, 1, 1, 3.420203, -100, -9.396927, 2, 2, 2, True
17.80602, -3.420202, 0, 9.396926, 1, 1, 1, 3.420203, -100, -9.396927, 2, 2, 2, True
17.81018, -3.420202, 0, 9.396926, 1, 1, 1, 3.420203, -100, -9.396927, 2, 2, 2, True
17.81407, -3.420202, 0, 9.396926, 1, 1, 1, 3.420203, -100, -9.396927, 2, 2, 2, True
17.8186, -3.420202, 0, 9.396926, 1, 1, 1, 3.420203, -100, -9.396927, 2, 2, 2, True
17.82287, -3.420202, 0, 9.396926, 1, 1, 1, 3.420203, -100, -9.396927, 2, 2, 2, True
17.82715, -3.420202, 0, 9.396926, 1, 1, 1, 3.420203, -100, -9.396927, 2, 2, 2, True
17.8318, -3.420202, 0, 9.396926, 1, 1, 1, 3.420203, -100, -9.396927, 2, 2, 2, True
17.83835, -3.420202, 0, 9.396926, 1, 1, 1, 3.420203, -100, -9.396927, 2, 2, 2, True
17.84209, -3.420202, 0, 9.396926, 1, 1, 1, 3.420203, -100, -9.396927, 2, 2, 2, True
17.84614, -3.420202, 0, 9.396926, 1, 1, 1, 3.420203, -100, -9.396927, 2, 2, 2, True
17.85014, -3.420202, 0, 9.396926, 1, 1, 1, 3.420203, -100, -9.396927, 2, 2, 2, True
17.85465, -3.420202, 0, 9.396926, 1, 1, 1, 3.420203, -100, -9.396927, 2, 2, 2, True
17.85952, -3.420202, 0, 9.396926, 1, 1, 1, 3.420203, -100, -9.396927, 2, 2, 2, True
17.86595, -3.420202, 0, 9.396926, 1, 1, 1, 3.420203, -100, -9.396927, 2, 2, 2, True
17.87002, -3.420202, 0, 9.396926, 1, 1, 1, 3.420203, -100, -9.396927, 2, 2, 2, True
17.87399, -3.420202, 0, 9.396926, 1, 1, 1, 3.420203, -100, -9.396927, 2, 2, 2, True
17.87807, -3.420202, 0, 9.396926, 1, 1, 1, 3.420203, -100, -9.396927, 2, 2, 2, True
17.88217, -3.420202, 0, 9.396926, 1, 1, 1, 3.420203, -100, -9.396927, 2, 2, 2, True
17.88624, -3.420202, 0, 9.396926, 1, 1, 1, 3.420203, -100, -9.396927, 2, 2, 2, True
17.89044, -3.420202, 0, 9.396926, 1, 1, 1, 3.420203, -100, -9.396927, 2, 2, 2, True
17.89526, -3.420202, 0, 9.396926, 1, 1, 1, 3.420203, -100, -9.396927, 2, 2, 2, True
17.89964, -3.420202, 0, 9.396926, 1, 1, 1, 3.420203, -100, -9.396927, 2, 2, 2, True
17.90637, -3.420202, 0, 9.396926, 1, 1, 1, 3.420203, -100, -9.396927, 2, 2, 2, True
17.91423, -3.420202, 0, 9.396926, 1, 1, 1, 3.420203, -100, -9.396927, 2, 2, 2, True
17.91807, -3.420202, 0, 9.396926, 1, 1, 1, 3.420203, -100, -9.396927, 2, 2, 2, True
17.92208, -3.420202, 0, 9.396926, 1, 1, 1, 3.420203, -100, -9.396927, 2, 2, 2, True
17.92589, -3.420202, 0, 9.396926, 1, 1, 1, 3.420203, -100, -9.396927, 2, 2, 2, True
17.92998, -3.420202, 0, 9.396926, 1, 1, 1, 3.420203, -100, -9.396927, 2, 2, 2, True
17.9339, -3.420202, 0, 9.396926, 1, 1, 1, 3.420203, -100, -9.396927, 2, 2, 2, True
17.93802, -3.420202, 0, 9.396926, 1, 1, 1, 3.420203, -100, -9.396927, 2, 2, 2, True
17.94307, -3.420202, 0, 9.396926, 1, 1, 1, 3.420203, -100, -9.396927, 2, 2, 2, True
17.94694, -3.420202, 0, 9.396926, 1, 1, 1, 3.420203, -100, -9.396927, 2, 2, 2, True
17.95171, -3.420202, 0, 9.396926, 1, 1, 1, 3.420203, -100, -9.396927, 2, 2, 2, True
17.9585, -3.420202, 0, 9.396926, 1, 1, 1, 3.420203, -100, -9.396927, 2, 2, 2, True
17.96609, -3.420202, 0, 9.396926, 1, 1, 1, 3.420203, -100, -9.396927, 2, 2, 2, True
17.97402, -3.420202, 0, 9.396926, 1, 1, 1, 3.420203, -100, -9.396927, 2, 2, 2, True
17.97806, -3.420202, 0, 9.396926, 1, 1, 1, 3.420203, -100, -9.396927, 2, 2, 2, True
17.98213, -3.420202, 0, 9.396926, 1, 1, 1, 3.420203, -100, -9.396927, 2, 2, 2, True
17.98593, -3.420202, 0, 9.396926, 1, 1, 1, 3.420203, -100, -9.396927, 2, 2, 2, True
17.99, -3.420202, 0, 9.396926, 1, 1, 1, 3.420203, -100, -9.396927, 2, 2, 2, True
17.994, -3.420202, 0, 9.396926, 1, 1, 1, 3.420203, -100, -9.396927, 2, 2, 2, True
17.998, -3.420202, 0, 9.396926, 1, 1, 1, 3.420203, -100, -9.396927, 2, 2, 2, True
18.00208, -3.420202, 0, 9.396926, 1, 1, 1, 3.420203, -100, -9.396927, 2, 2, 2, True
18.00608, -3.420202, 0, 9.396926, 1, 1, 1, 3.420203, -100, -9.396927, 2, 2, 2, True
18.01017, -3.420202, 0, 9.396926, 1, 1, 1, 3.420203, -100, -9.396927, 2, 2, 2, True
18.01414, -3.420202, 0, 9.396926, 1, 1, 1, 3.420203, -100, -9.396927, 2, 2, 2, True
18.01806, -3.420202, 0, 9.396926, 1, 1, 1, 3.420203, -100, -9.396927, 2, 2, 2, True
18.02195, -3.420202, 0, 9.396926, 1, 1, 1, 3.420203, -100, -9.396927, 2, 2, 2, True
18.02589, -3.420202, 0, 9.396926, 1, 1, 1, 3.420203, -100, -9.396927, 2, 2, 2, True
18.02994, -3.420202, 0, 9.396926, 1, 1, 1, 3.420203, -100, -9.396927, 2, 2, 2, True
18.03418, -3.420202, 0, 9.396926, 1, 1, 1, 3.420203, -100, -9.396927, 2, 2, 2, True
18.0379, -3.420202, 0, 9.396926, 1, 1, 1, 3.420203, -100, -9.396927, 2, 2, 2, True
18.05658, -3.420202, 0, 9.396926, 1, 1, 1, 3.420203, -100, -9.396927, 2, 2, 2, True
18.06228, -3.420202, 0, 9.396926, 1, 1, 1, 3.420203, -100, -9.396927, 2, 2, 2, True
18.06587, -3.420202, 0, 9.396926, 1, 1, 1, 3.420203, -100, -9.396927, 2, 2, 2, True
18.07011, -3.420202, 0, 9.396926, 1, 1, 1, 3.420203, -100, -9.396927, 2, 2, 2, True
18.07397, -3.420202, 0, 9.396926, 1, 1, 1, 3.420203, -100, -9.396927, 2, 2, 2, True
18.07804, -3.420202, 0, 9.396926, 1, 1, 1, 3.420203, -100, -9.396927, 2, 2, 2, True
18.08216, -3.420202, 0, 9.396926, 1, 1, 1, 3.420203, -100, -9.396927, 2, 2, 2, True
18.08615, -3.420202, 0, 9.396926, 1, 1, 1, 3.420203, -100, -9.396927, 2, 2, 2, True
18.09004, -3.420202, 0, 9.396926, 1, 1, 1, 3.420203, -100, -9.396927, 2, 2, 2, True
18.09408, -3.420202, 0, 9.396926, 1, 1, 1, 3.420203, -100, -9.396927, 2, 2, 2, True
18.0981, -3.420202, 0, 9.396926, 1, 1, 1, 3.420203, -100, -9.396927, 2, 2, 2, True
18.10189, -3.420202, 0, 9.396926, 1, 1, 1, 3.420203, -100, -9.396927, 2, 2, 2, True
18.10586, -3.420202, 0, 9.396926, 1, 1, 1, 3.420203, -100, -9.396927, 2, 2, 2, True
18.11032, -3.420202, 0, 9.396926, 1, 1, 1, 3.420203, -100, -9.396927, 2, 2, 2, True
18.11806, -3.420202, 0, 9.396926, 1, 1, 1, 3.420203, -100, -9.396927, 2, 2, 2, True
18.12203, -3.420202, 0, 9.396926, 1, 1, 1, 3.420203, -100, -9.396927, 2, 2, 2, True
18.12595, -3.420202, 0, 9.396926, 1, 1, 1, 3.420203, -100, -9.396927, 2, 2, 2, True
18.12995, -3.420202, 0, 9.396926, 1, 1, 1, 3.420203, -100, -9.396927, 2, 2, 2, True
18.13409, -3.420202, 0, 9.396926, 1, 1, 1, 3.420203, -100, -9.396927, 2, 2, 2, True
18.13804, -3.420202, 0, 9.396926, 1, 1, 1, 3.420203, -100, -9.396927, 2, 2, 2, True
18.14208, -3.420202, 0, 9.396926, 1, 1, 1, 3.420203, -100, -9.396927, 2, 2, 2, True
18.14605, -3.420202, 0, 9.396926, 1, 1, 1, 3.420203, -100, -9.396927, 2, 2, 2, True
18.14993, -3.420202, 0, 9.396926, 1, 1, 1, 3.420203, -100, -9.396927, 2, 2, 2, True
18.15389, -3.420202, 0, 9.396926, 1, 1, 1, 3.420203, -100, -9.396927, 2, 2, 2, True
18.15801, -3.420202, 0, 9.396926, 1, 1, 1, 3.420203, -100, -9.396927, 2, 2, 2, True
18.16209, -3.420202, 0, 9.396926, 1, 1, 1, 3.420203, -100, -9.396927, 2, 2, 2, True
18.16608, -3.420202, 0, 9.396926, 1, 1, 1, 3.420203, -100, -9.396927, 2, 2, 2, True
18.17039, -3.420202, 0, 9.396926, 1, 1, 1, 3.420203, -100, -9.396927, 2, 2, 2, True
18.17433, -3.420202, 0, 9.396926, 1, 1, 1, 3.420203, -100, -9.396927, 2, 2, 2, True
18.17921, -3.420202, 0, 9.396926, 1, 1, 1, 3.420203, -100, -9.396927, 2, 2, 2, True
18.18369, -3.420202, 0, 9.396926, 1, 1, 1, 3.420203, -100, -9.396927, 2, 2, 2, True
18.19034, -3.420202, 0, 9.396926, 1, 1, 1, 3.420203, -100, -9.396927, 2, 2, 2, True
18.19392, -3.420202, 0, 9.396926, 1, 1, 1, 3.420203, -100, -9.396927, 2, 2, 2, True
18.19814, -3.420202, 0, 9.396926, 1, 1, 1, 3.420203, -100, -9.396927, 2, 2, 2, True
18.20209, -3.420202, 0, 9.396926, 1, 1, 1, 3.420203, -100, -9.396927, 2, 2, 2, True
18.20661, -3.420202, 0, 9.396926, 1, 1, 1, 3.420203, -100, -9.396927, 2, 2, 2, True
18.21122, -3.420202, 0, 9.396926, 1, 1, 1, 3.420203, -100, -9.396927, 2, 2, 2, True
18.2154, -3.420202, 0, 9.396926, 1, 1, 1, 3.420203, -100, -9.396927, 2, 2, 2, True
18.22209, -3.420202, 0, 9.396926, 1, 1, 1, 3.420203, -100, -9.396927, 2, 2, 2, True
18.22594, -3.420202, 0, 9.396926, 1, 1, 1, 3.420203, -100, -9.396927, 2, 2, 2, True
18.23, -3.420202, 0, 9.396926, 1, 1, 1, 3.420203, -100, -9.396927, 2, 2, 2, True
18.234, -3.420202, 0, 9.396926, 1, 1, 1, 3.420203, -100, -9.396927, 2, 2, 2, True
18.23825, -3.420202, 0, 9.396926, 1, 1, 1, 3.420203, -100, -9.396927, 2, 2, 2, True
18.24221, -3.420202, 0, 9.396926, 1, 1, 1, 3.420203, -100, -9.396927, 2, 2, 2, True
18.24691, -3.420202, 0, 9.396926, 1, 1, 1, 3.420203, -100, -9.396927, 2, 2, 2, True
18.25147, -3.420202, 0, 9.396926, 1, 1, 1, 3.420203, -100, -9.396927, 2, 2, 2, True
18.25843, -3.420202, 0, 9.396926, 1, 1, 1, 3.420203, -100, -9.396927, 2, 2, 2, True
18.26195, -3.420202, 0, 9.396926, 1, 1, 1, 3.420203, -100, -9.396927, 2, 2, 2, True
18.26597, -3.420202, 0, 9.396926, 1, 1, 1, 3.420203, -100, -9.396927, 2, 2, 2, True
18.27012, -3.420202, 0, 9.396926, 1, 1, 1, 3.420203, -100, -9.396927, 2, 2, 2, True
18.27451, -3.420202, 0, 9.396926, 1, 1, 1, 3.420203, -100, -9.396927, 2, 2, 2, True
18.27907, -3.420202, 0, 9.396926, 1, 1, 1, 3.420203, -100, -9.396927, 2, 2, 2, True
18.28349, -3.420202, 0, 9.396926, 1, 1, 1, 3.420203, -100, -9.396927, 2, 2, 2, True
18.29045, -3.420202, 0, 9.396926, 1, 1, 1, 3.420203, -100, -9.396927, 2, 2, 2, True
18.29393, -3.420202, 0, 9.396926, 1, 1, 1, 3.420203, -100, -9.396927, 2, 2, 2, True
18.29806, -3.420202, 0, 9.396926, 1, 1, 1, 3.420203, -100, -9.396927, 2, 2, 2, True
18.30208, -3.420202, 0, 9.396926, 1, 1, 1, 3.420203, -100, -9.396927, 2, 2, 2, True
18.30615, -3.420202, 0, 9.396926, 1, 1, 1, 3.420203, -100, -9.396927, 2, 2, 2, True
18.31067, -3.420202, 0, 9.396926, 1, 1, 1, 3.420203, -100, -9.396927, 2, 2, 2, True
18.31483, -3.420202, 0, 9.396926, 1, 1, 1, 3.420203, -100, -9.396927, 2, 2, 2, True
18.32216, -3.420202, 0, 9.396926, 1, 1, 1, 3.420203, -100, -9.396927, 2, 2, 2, True
18.32584, -3.420202, 0, 9.396926, 1, 1, 1, 3.420203, -100, -9.396927, 2, 2, 2, True
18.33006, -3.420202, 0, 9.396926, 1, 1, 1, 3.420203, -100, -9.396927, 2, 2, 2, True
18.33406, -3.420202, 0, 9.396926, 1, 1, 1, 3.420203, -100, -9.396927, 2, 2, 2, True
18.3391, -3.420202, 0, 9.396926, 1, 1, 1, 3.420203, -100, -9.396927, 2, 2, 2, True
18.3461, -3.420202, 0, 9.396926, 1, 1, 1, 3.420203, -100, -9.396927, 2, 2, 2, True
18.34998, -3.420202, 0, 9.396926, 1, 1, 1, 3.420203, -100, -9.396927, 2, 2, 2, True
18.35409, -3.420202, 0, 9.396926, 1, 1, 1, 3.420203, -100, -9.396927, 2, 2, 2, True
18.35814, -3.420202, 0, 9.396926, 1, 1, 1, 3.420203, -100, -9.396927, 2, 2, 2, True
18.36223, -3.420202, 0, 9.396926, 1, 1, 1, 3.420203, -100, -9.396927, 2, 2, 2, True
18.36711, -3.420202, 0, 9.396926, 1, 1, 1, 3.420203, -100, -9.396927, 2, 2, 2, True
18.37159, -3.420202, 0, 9.396926, 1, 1, 1, 3.420203, -100, -9.396927, 2, 2, 2, True
18.37846, -3.420202, 0, 9.396926, 1, 1, 1, 3.420203, -100, -9.396927, 2, 2, 2, True
18.38199, -3.420202, 0, 9.396926, 1, 1, 1, 3.420203, -100, -9.396927, 2, 2, 2, True
18.38602, -3.420202, 0, 9.396926, 1, 1, 1, 3.420203, -100, -9.396927, 2, 2, 2, True
18.39035, -3.420202, 0, 9.396926, 1, 1, 1, 3.420203, -100, -9.396927, 2, 2, 2, True
18.39431, -3.420202, 0, 9.396926, 1, 1, 1, 3.420203, -100, -9.396927, 2, 2, 2, True
18.39894, -3.420202, 0, 9.396926, 1, 1, 1, 3.420203, -100, -9.396927, 2, 2, 2, True
18.40344, -3.420202, 0, 9.396926, 1, 1, 1, 3.420203, -100, -9.396927, 2, 2, 2, True
18.4104, -3.420202, 0, 9.396926, 1, 1, 1, 3.420203, -100, -9.396927, 2, 2, 2, True
18.41409, -3.420202, 0, 9.396926, 1, 1, 1, 3.420203, -100, -9.396927, 2, 2, 2, True
18.41803, -3.420202, 0, 9.396926, 1, 1, 1, 3.420203, -100, -9.396927, 2, 2, 2, True
18.42217, -3.420202, 0, 9.396926, 1, 1, 1, 3.420203, -100, -9.396927, 2, 2, 2, True
18.42638, -3.420202, 0, 9.396926, 1, 1, 1, 3.420203, -100, -9.396927, 2, 2, 2, True
18.43022, -3.420202, 0, 9.396926, 1, 1, 1, 3.420203, -100, -9.396927, 2, 2, 2, True
18.43504, -3.420202, 0, 9.396926, 1, 1, 1, 3.420203, -100, -9.396927, 2, 2, 2, True
18.43914, -3.420202, 0, 9.396926, 1, 1, 1, 3.420203, -100, -9.396927, 2, 2, 2, True
18.44354, -3.420202, 0, 9.396926, 1, 1, 1, 3.420203, -100, -9.396927, 2, 2, 2, True
18.4502, -3.420202, 0, 9.396926, 1, 1, 1, 3.420203, -100, -9.396927, 2, 2, 2, True
18.45401, -3.420202, 0, 9.396926, 1, 1, 1, 3.420203, -100, -9.396927, 2, 2, 2, True
18.45809, -3.420202, 0, 9.396926, 1, 1, 1, 3.420203, -100, -9.396927, 2, 2, 2, True
18.466, -3.420202, 0, 9.396926, 1, 1, 1, 3.420203, -100, -9.396927, 2, 2, 2, True
18.47392, -3.420202, 0, 9.396926, 1, 1, 1, 3.420203, -100, -9.396927, 2, 2, 2, True
18.47811, -3.420202, 0, 9.396926, 1, 1, 1, 3.420203, -100, -9.396927, 2, 2, 2, True
18.48211, -3.420202, 0, 9.396926, 1, 1, 1, 3.420203, -100, -9.396927, 2, 2, 2, True
18.48611, -3.420202, 0, 9.396926, 1, 1, 1, 3.420203, -100, -9.396927, 2, 2, 2, True
18.49006, -3.420202, 0, 9.396926, 1, 1, 1, 3.420203, -100, -9.396927, 2, 2, 2, True
18.49421, -3.420202, 0, 9.396926, 1, 1, 1, 3.420203, -100, -9.396927, 2, 2, 2, True
18.49814, -3.420202, 0, 9.396926, 1, 1, 1, 3.420203, -100, -9.396927, 2, 2, 2, True
18.50206, -3.420202, 0, 9.396926, 1, 1, 1, 3.420203, -100, -9.396927, 2, 2, 2, True
18.50593, -3.420202, 0, 9.396926, 1, 1, 1, 3.420203, -100, -9.396927, 2, 2, 2, True
18.51019, -3.420202, 0, 9.396926, 1, 1, 1, 3.420203, -100, -9.396927, 2, 2, 2, True
18.51405, -3.420202, 0, 9.396926, 1, 1, 1, 3.420203, -100, -9.396927, 2, 2, 2, True
18.51808, -3.420202, 0, 9.396926, 1, 1, 1, 3.420203, -100, -9.396927, 2, 2, 2, True
18.52598, -3.420202, 0, 9.396926, 1, 1, 1, 3.420203, -100, -9.396927, 2, 2, 2, True
18.53014, -3.420202, 0, 9.396926, 1, 1, 1, 3.420203, -100, -9.396927, 2, 2, 2, True
18.53397, -3.420202, 0, 9.396926, 1, 1, 1, 3.420203, -100, -9.396927, 2, 2, 2, True
18.53802, -3.420202, 0, 9.396926, 1, 1, 1, 3.420203, -100, -9.396927, 2, 2, 2, True
18.54196, -3.420202, 0, 9.396926, 1, 1, 1, 3.420203, -100, -9.396927, 2, 2, 2, True
18.54614, -3.420202, 0, 9.396926, 1, 1, 1, 3.420203, -100, -9.396927, 2, 2, 2, True
18.55084, -3.420202, 0, 9.396926, 1, 1, 1, 3.420203, -100, -9.396927, 2, 2, 2, True
18.55498, -3.420202, 0, 9.396926, 1, 1, 1, 3.420203, -100, -9.396927, 2, 2, 2, True
18.5595, -3.420202, 0, 9.396926, 1, 1, 1, 3.420203, -100, -9.396927, 2, 2, 2, True
18.56614, -3.420202, 0, 9.396926, 1, 1, 1, 3.420203, -100, -9.396927, 2, 2, 2, True
18.57006, -3.420202, 0, 9.396926, 1, 1, 1, 3.420203, -100, -9.396927, 2, 2, 2, True
18.57404, -3.420202, 0, 9.396926, 1, 1, 1, 3.420203, -100, -9.396927, 2, 2, 2, True
18.5786, -3.420202, 0, 9.396926, 1, 1, 1, 3.420203, -100, -9.396927, 2, 2, 2, True
18.58278, -3.420202, 0, 9.396926, 1, 1, 1, 3.420203, -100, -9.396927, 2, 2, 2, True
18.58727, -3.420202, 0, 9.396926, 1, 1, 1, 3.420203, -100, -9.396927, 2, 2, 2, True
18.59145, -3.420202, 0, 9.396926, 1, 1, 1, 3.420203, -100, -9.396927, 2, 2, 2, True
18.59848, -3.420202, 0, 9.396926, 1, 1, 1, 3.420203, -100, -9.396927, 2, 2, 2, True
18.60195, -3.420202, 0, 9.396926, 1, 1, 1, 3.420203, -100, -9.396927, 2, 2, 2, True
18.60608, -3.420202, 0, 9.396926, 1, 1, 1, 3.420203, -100, -9.396927, 2, 2, 2, True
18.6102, -3.420202, 0, 9.396926, 1, 1, 1, 3.420203, -100, -9.396927, 2, 2, 2, True
18.6142, -3.420202, 0, 9.396926, 1, 1, 1, 3.420203, -100, -9.396927, 2, 2, 2, True
18.61908, -3.420202, 0, 9.396926, 1, 1, 1, 3.420203, -100, -9.396927, 2, 2, 2, True
18.62326, -3.420202, 0, 9.396926, 1, 1, 1, 3.420203, -100, -9.396927, 2, 2, 2, True
18.6434, -3.420202, 0, 9.396926, 1, 1, 1, 3.420203, -100, -9.396927, 2, 2, 2, True
18.65023, -3.420202, 0, 9.396926, 1, 1, 1, 3.420203, -100, -9.396927, 2, 2, 2, True
18.65395, -3.420202, 0, 9.396926, 1, 1, 1, 3.420203, -100, -9.396927, 2, 2, 2, True
18.65803, -3.420202, 0, 9.396926, 1, 1, 1, 3.420203, -100, -9.396927, 2, 2, 2, True
18.66199, -3.420202, 0, 9.396926, 1, 1, 1, 3.420203, -100, -9.396927, 2, 2, 2, True
18.66603, -3.420202, 0, 9.396926, 1, 1, 1, 3.420203, -100, -9.396927, 2, 2, 2, True
18.67012, -3.420202, 0, 9.396926, 1, 1, 1, 3.420203, -100, -9.396927, 2, 2, 2, True
18.67411, -3.420202, 0, 9.396926, 1, 1, 1, 3.420203, -100, -9.396927, 2, 2, 2, True
18.67801, -3.420202, 0, 9.396926, 1, 1, 1, 3.420203, -100, -9.396927, 2, 2, 2, True
18.68208, -3.420202, 0, 9.396926, 1, 1, 1, 3.420203, -100, -9.396927, 2, 2, 2, True
18.68598, -3.420202, 0, 9.396926, 1, 1, 1, 3.420203, -100, -9.396927, 2, 2, 2, True
18.69001, -3.420202, 0, 9.396926, 1, 1, 1, 3.420203, -100, -9.396927, 2, 2, 2, True
18.69389, -3.420202, 0, 9.396926, 1, 1, 1, 3.420203, -100, -9.396927, 2, 2, 2, True
18.69808, -3.420202, 0, 9.396926, 1, 1, 1, 3.420203, -100, -9.396927, 2, 2, 2, True
18.70199, -3.420202, 0, 9.396926, 1, 1, 1, 3.420203, -100, -9.396927, 2, 2, 2, True
18.70592, -3.420202, 0, 9.396926, 1, 1, 1, 3.420203, -100, -9.396927, 2, 2, 2, True
18.71018, -3.420202, 0, 9.396926, 1, 1, 1, 3.420203, -100, -9.396927, 2, 2, 2, True
18.71408, -3.420202, 0, 9.396926, 1, 1, 1, 3.420203, -100, -9.396927, 2, 2, 2, True
18.71817, -3.420202, 0, 9.396926, 1, 1, 1, 3.420203, -100, -9.396927, 2, 2, 2, True
18.72597, -3.420202, 0, 9.396926, 1, 1, 1, 3.420203, -100, -9.396927, 2, 2, 2, True
18.72991, -3.420202, 0, 9.396926, 1, 1, 1, 3.420203, -100, -9.396927, 2, 2, 2, True
18.73416, -3.420202, 0, 9.396926, 1, 1, 1, 3.420203, -100, -9.396927, 2, 2, 2, True
18.73808, -3.420202, 0, 9.396926, 1, 1, 1, 3.420203, -100, -9.396927, 2, 2, 2, True
18.74206, -3.420202, 0, 9.396926, 1, 1, 1, 3.420203, -100, -9.396927, 2, 2, 2, True
18.74592, -3.420202, 0, 9.396926, 1, 1, 1, 3.420203, -100, -9.396927, 2, 2, 2, True
18.75009, -3.420202, 0, 9.396926, 1, 1, 1, 3.420203, -100, -9.396927, 2, 2, 2, True
18.75414, -3.420202, 0, 9.396926, 1, 1, 1, 3.420203, -100, -9.396927, 2, 2, 2, True
18.75805, -3.420202, 0, 9.396926, 1, 1, 1, 3.420203, -100, -9.396927, 2, 2, 2, True
18.76219, -3.420202, 0, 9.396926, 1, 1, 1, 3.420203, -100, -9.396927, 2, 2, 2, True
18.76688, -3.420202, 0, 9.396926, 1, 1, 1, 3.420203, -100, -9.396927, 2, 2, 2, True
18.771, -3.420202, 0, 9.396926, 1, 1, 1, 3.420203, -100, -9.396927, 2, 2, 2, True
18.77591, -3.420202, 0, 9.396926, 1, 1, 1, 3.420203, -100, -9.396927, 2, 2, 2, True
18.7827, -3.420202, 0, 9.396926, 1, 1, 1, 3.420203, -100, -9.396927, 2, 2, 2, True
18.7901, -3.420202, 0, 9.396926, 1, 1, 1, 3.420203, -100, -9.396927, 2, 2, 2, True
18.79411, -3.420202, 0, 9.396926, 1, 1, 1, 3.420203, -100, -9.396927, 2, 2, 2, True
18.79818, -3.420202, 0, 9.396926, 1, 1, 1, 3.420203, -100, -9.396927, 2, 2, 2, True
18.80204, -3.420202, 0, 9.396926, 1, 1, 1, 3.420203, -100, -9.396927, 2, 2, 2, True
18.80593, -3.420202, 0, 9.396926, 1, 1, 1, 3.420203, -100, -9.396927, 2, 2, 2, True
18.81007, -3.420202, 0, 9.396926, 1, 1, 1, 3.420203, -100, -9.396927, 2, 2, 2, True
18.81404, -3.420202, 0, 9.396926, 1, 1, 1, 3.420203, -100, -9.396927, 2, 2, 2, True
18.81794, -3.420202, 0, 9.396926, 1, 1, 1, 3.420203, -100, -9.396927, 2, 2, 2, True
18.82208, -3.420202, 0, 9.396926, 1, 1, 1, 3.420203, -100, -9.396927, 2, 2, 2, True
18.8261, -3.420202, 0, 9.396926, 1, 1, 1, 3.420203, -100, -9.396927, 2, 2, 2, True
18.83007, -3.420202, 0, 9.396926, 1, 1, 1, 3.420203, -100, -9.396927, 2, 2, 2, True
18.83461, -3.420202, 0, 9.396926, 1, 1, 1, 3.420203, -100, -9.396927, 2, 2, 2, True
18.83877, -3.420202, 0, 9.396926, 1, 1, 1, 3.420203, -100, -9.396927, 2, 2, 2, True
18.84409, -3.420202, 0, 9.396926, 1, 1, 1, 3.420203, -100, -9.396927, 2, 2, 2, True
18.85003, -3.420202, 0, 9.396926, 1, 1, 1, 3.420203, -100, -9.396927, 2, 2, 2, True
18.85407, -3.420202, 0, 9.396926, 1, 1, 1, 3.420203, -100, -9.396927, 2, 2, 2, True
18.85805, -3.420202, 0, 9.396926, 1, 1, 1, 3.420203, -100, -9.396927, 2, 2, 2, True
18.86219, -3.420202, 0, 9.396926, 1, 1, 1, 3.420203, -100, -9.396927, 2, 2, 2, True
18.86635, -3.420202, 0, 9.396926, 1, 1, 1, 3.420203, -100, -9.396927, 2, 2, 2, True
18.87087, -3.420202, 0, 9.396926, 1, 1, 1, 3.420203, -100, -9.396927, 2, 2, 2, True
18.87576, -3.420202, 0, 9.396926, 1, 1, 1, 3.420203, -100, -9.396927, 2, 2, 2, True
18.8824, -3.420202, 0, 9.396926, 1, 1, 1, 3.420203, -100, -9.396927, 2, 2, 2, True
18.88599, -3.420202, 0, 9.396926, 1, 1, 1, 3.420203, -100, -9.396927, 2, 2, 2, True
18.89006, -3.420202, 0, 9.396926, 1, 1, 1, 3.420203, -100, -9.396927, 2, 2, 2, True
18.89418, -3.420202, 0, 9.396926, 1, 1, 1, 3.420203, -100, -9.396927, 2, 2, 2, True
18.89816, -3.420202, 0, 9.396926, 1, 1, 1, 3.420203, -100, -9.396927, 2, 2, 2, True
18.90285, -3.420202, 0, 9.396926, 1, 1, 1, 3.420203, -100, -9.396927, 2, 2, 2, True
18.90677, -3.420202, 0, 9.396926, 1, 1, 1, 3.420203, -100, -9.396927, 2, 2, 2, True
18.91133, -3.420202, 0, 9.396926, 1, 1, 1, 3.420203, -100, -9.396927, 2, 2, 2, True
18.91831, -3.420202, 0, 9.396926, 1, 1, 1, 3.420203, -100, -9.396927, 2, 2, 2, True
18.92607, -3.420202, 0, 9.396926, 1, 1, 1, 3.420203, -100, -9.396927, 2, 2, 2, True
18.93007, -3.420202, 0, 9.396926, 1, 1, 1, 3.420203, -100, -9.396927, 2, 2, 2, True
18.93414, -3.420202, 0, 9.396926, 1, 1, 1, 3.420203, -100, -9.396927, 2, 2, 2, True
18.938, -3.420202, 0, 9.396926, 1, 1, 1, 3.420203, -100, -9.396927, 2, 2, 2, True
18.94191, -3.420202, 0, 9.396926, 1, 1, 1, 3.420203, -100, -9.396927, 2, 2, 2, True
18.94605, -3.420202, 0, 9.396926, 1, 1, 1, 3.420203, -100, -9.396927, 2, 2, 2, True
18.95034, -3.420202, 0, 9.396926, 1, 1, 1, 3.420203, -100, -9.396927, 2, 2, 2, True
18.95449, -3.420202, 0, 9.396926, 1, 1, 1, 3.406125, -100, -9.402039, 2, 2, 2, True
18.95969, -3.406124, 0, 9.402039, 1, 1, 1, 3.392486, -100, -9.406969, 2, 2, 2, True
18.96378, -3.392485, 0, 9.406968, 1, 1, 1, 3.375421, -100, -9.413107, 2, 2, 2, True
18.96986, -3.37542, 0, 9.413105, 1, 1, 1, 3.361976, -100, -9.417917, 2, 2, 2, True
18.97808, -3.361974, 0, 9.417915, 1, 1, 1, 3.341968, -100, -9.425034, 2, 2, 2, True
18.98215, -3.341967, 0, 9.425034, 1, 1, 1, 3.31491, -100, -9.434584, 2, 2, 2, True
18.98607, -3.314909, 0, 9.434585, 1, 1, 1, 3.301497, -100, -9.439287, 2, 2, 2, True
18.9901, -3.301497, 0, 9.439286, 1, 1, 1, 3.288579, -100, -9.443796, 2, 2, 2, True
18.99404, -3.288578, 0, 9.443794, 1, 1, 1, 3.275299, -100, -9.448408, 2, 2, 2, True
18.99804, -3.275299, 0, 9.448408, 1, 1, 1, 3.262318, -100, -9.452898, 2, 2, 2, True
19.0021, -3.262317, 0, 9.452898, 1, 1, 1, 3.249115, -100, -9.457443, 2, 2, 2, True
19.00595, -3.249115, 0, 9.457444, 1, 1, 1, 3.235711, -100, -9.46204, 2, 2, 2, True
19.01019, -3.23571, 0, 9.462039, 1, 1, 1, 3.222976, -100, -9.466385, 2, 2, 2, True
19.01412, -3.222975, 0, 9.466384, 1, 1, 1, 3.208976, -100, -9.47114, 2, 2, 2, True
19.01811, -3.208975, 0, 9.47114, 1, 1, 1, 3.195956, -100, -9.47554, 2, 2, 2, True
19.02223, -3.195956, 0, 9.47554, 1, 1, 1, 3.182759, -100, -9.479984, 2, 2, 2, True
19.04445, -3.182758, 0, 9.479981, 1, 1, 1, 3.169129, -100, -9.484547, 2, 2, 2, True
19.05026, -3.169128, 0, 9.484547, 1, 1, 1, 3.095457, -100, -9.50885, 2, 2, 2, True
19.05405, -3.095456, 0, 9.508846, 1, 1, 1, 3.076195, -100, -9.515095, 2, 2, 2, True
19.05808, -3.076194, 0, 9.515095, 1, 1, 1, 3.063596, -100, -9.519159, 2, 2, 2, True
19.06204, -3.063596, 0, 9.519158, 1, 1, 1, 3.050183, -100, -9.523466, 2, 2, 2, True
19.06604, -3.050182, 0, 9.523465, 1, 1, 1, 3.037025, -100, -9.527672, 2, 2, 2, True
19.07011, -3.037024, 0, 9.527669, 1, 1, 1, 3.02374, -100, -9.531895, 2, 2, 2, True
19.07419, -3.023739, 0, 9.531894, 1, 1, 1, 3.010169, -100, -9.53619, 2, 2, 2, True
19.07805, -3.010168, 0, 9.536188, 1, 1, 1, 2.996579, -100, -9.54047, 2, 2, 2, True
19.08193, -2.996578, 0, 9.540467, 1, 1, 1, 2.983747, -100, -9.544489, 2, 2, 2, True
19.08609, -2.983747, 0, 9.544488, 1, 1, 1, 2.970821, -100, -9.548521, 2, 2, 2, True
19.09004, -2.97082, 0, 9.54852, 1, 1, 1, 2.956952, -100, -9.552824, 2, 2, 2, True
19.09402, -2.956951, 0, 9.552824, 1, 1, 1, 2.943774, -100, -9.556894, 2, 2, 2, True
19.09813, -2.943773, 0, 9.556892, 1, 1, 1, 2.930496, -100, -9.560974, 2, 2, 2, True
19.102, -2.930495, 0, 9.560972, 1, 1, 1, 2.916752, -100, -9.565174, 2, 2, 2, True
19.10602, -2.916751, 0, 9.565174, 1, 1, 1, 2.903849, -100, -9.569099, 2, 2, 2, True
19.11018, -2.903848, 0, 9.569099, 1, 1, 1, 2.890419, -100, -9.573166, 2, 2, 2, True
19.11417, -2.890418, 0, 9.573165, 1, 1, 1, 2.876506, -100, -9.577354, 2, 2, 2, True
19.11808, -2.876506, 0, 9.577354, 1, 1, 1, 2.863161, -100, -9.581354, 2, 2, 2, True
19.12216, -2.86316, 0, 9.581352, 1, 1, 1, 2.85008, -100, -9.585253, 2, 2, 2, True
19.13031, -2.850079, 0, 9.585252, 1, 1, 1, 2.836418, -100, -9.589304, 2, 2, 2, True
19.13399, -2.836417, 0, 9.589303, 1, 1, 1, 2.80913, -100, -9.597332, 2, 2, 2, True
19.13802, -2.809129, 0, 9.597333, 1, 1, 1, 2.796796, -100, -9.600933, 2, 2, 2, True
19.1422, -2.796795, 0, 9.600934, 1, 1, 1, 2.783298, -100, -9.604855, 2, 2, 2, True
19.14591, -2.783298, 0, 9.604856, 1, 1, 1, 2.769266, -100, -9.60891, 2, 2, 2, True
19.14999, -2.769266, 0, 9.608911, 1, 1, 1, 2.75684, -100, -9.612484, 2, 2, 2, True
19.15403, -2.756839, 0, 9.612483, 1, 1, 1, 2.74315, -100, -9.616398, 2, 2, 2, True
19.15804, -2.74315, 0, 9.616399, 1, 1, 1, 2.729575, -100, -9.620262, 2, 2, 2, True
19.16211, -2.729574, 0, 9.620261, 1, 1, 1, 2.716101, -100, -9.624073, 2, 2, 2, True
19.16626, -2.7161, 0, 9.624074, 1, 1, 1, 2.702427, -100, -9.627926, 2, 2, 2, True
19.17041, -2.702426, 0, 9.627923, 1, 1, 1, 2.688475, -100, -9.631828, 2, 2, 2, True
19.17559, -2.688474, 0, 9.631827, 1, 1, 1, 2.674528, -100, -9.635712, 2, 2, 2, True
19.19412, -2.674527, 0, 9.63571, 1, 1, 1, 2.657108, -100, -9.640528, 2, 2, 2, True
19.19797, -2.657107, 0, 9.640528, 1, 1, 1, 2.594681, -100, -9.657518, 2, 2, 2, True
19.20197, -2.594681, 0, 9.657516, 1, 1, 1, 2.581724, -100, -9.66099, 2, 2, 2, True
19.20602, -2.581723, 0, 9.660989, 1, 1, 1, 2.568227, -100, -9.664585, 2, 2, 2, True
19.21012, -2.568226, 0, 9.664585, 1, 1, 1, 2.554536, -100, -9.668215, 2, 2, 2, True
19.21405, -2.554536, 0, 9.668213, 1, 1, 1, 2.540704, -100, -9.671858, 2, 2, 2, True
19.21816, -2.540703, 0, 9.671858, 1, 1, 1, 2.527434, -100, -9.675335, 2, 2, 2, True
19.22202, -2.527433, 0, 9.675334, 1, 1, 1, 2.513555, -100, -9.678947, 2, 2, 2, True
19.22594, -2.513554, 0, 9.678948, 1, 1, 1, 2.500523, -100, -9.682323, 2, 2, 2, True
19.23012, -2.500523, 0, 9.682323, 1, 1, 1, 2.487263, -100, -9.685741, 2, 2, 2, True
19.23412, -2.487262, 0, 9.685739, 1, 1, 1, 2.473113, -100, -9.689365, 2, 2, 2, True
19.23804, -2.473112, 0, 9.689361, 1, 1, 1, 2.4596, -100, -9.692801, 2, 2, 2, True
19.24213, -2.459599, 0, 9.692801, 1, 1, 1, 2.446316, -100, -9.696161, 2, 2, 2, True
19.24596, -2.446316, 0, 9.696161, 1, 1, 1, 2.432478, -100, -9.699642, 2, 2, 2, True
19.2501, -2.432478, 0, 9.699642, 1, 1, 1, 2.419513, -100, -9.702885, 2, 2, 2, True
19.25421, -2.419513, 0, 9.702884, 1, 1, 1, 2.405486, -100, -9.706371, 2, 2, 2, True
19.258, -2.405485, 0, 9.706371, 1, 1, 1, 2.391577, -100, -9.70981, 2, 2, 2, True
19.26217, -2.391576, 0, 9.709807, 1, 1, 1, 2.378723, -100, -9.712965, 2, 2, 2, True
19.26687, -2.378722, 0, 9.712965, 1, 1, 1, 2.364563, -100, -9.716423, 2, 2, 2, True
19.271, -2.364563, 0, 9.716421, 1, 1, 1, 2.348626, -100, -9.720287, 2, 2, 2, True
19.27559, -2.348625, 0, 9.720286, 1, 1, 1, 2.334626, -100, -9.72366, 2, 2, 2, True
19.28271, -2.334625, 0, 9.723659, 1, 1, 1, 2.319049, -100, -9.727386, 2, 2, 2, True
19.28594, -2.319048, 0, 9.727385, 1, 1, 1, 2.294856, -100, -9.733122, 2, 2, 2, True
19.28997, -2.294855, 0, 9.733121, 1, 1, 1, 2.283863, -100, -9.735706, 2, 2, 2, True
19.29407, -2.283862, 0, 9.735706, 1, 1, 1, 2.27017, -100, -9.738909, 2, 2, 2, True
19.29823, -2.270169, 0, 9.738908, 1, 1, 1, 2.256251, -100, -9.742142, 2, 2, 2, True
19.30287, -2.256251, 0, 9.742142, 1, 1, 1, 2.242071, -100, -9.745417, 2, 2, 2, True
19.30684, -2.24207, 0, 9.745416, 1, 1, 1, 2.226287, -100, -9.749035, 2, 2, 2, True
19.31138, -2.226286, 0, 9.749033, 1, 1, 1, 2.212774, -100, -9.752111, 2, 2, 2, True
19.31595, -2.212773, 0, 9.75211, 1, 1, 1, 2.197332, -100, -9.7556, 2, 2, 2, True
19.32211, -2.197331, 0, 9.7556, 1, 1, 1, 2.181772, -100, -9.759094, 2, 2, 2, True
19.32629, -2.181771, 0, 9.759092, 1, 1, 1, 2.160779, -100, -9.763762, 2, 2, 2, True
19.3421, -2.160778, 0, 9.763762, 1, 1, 1, 2.146523, -100, -9.766907, 2, 2, 2, True
19.346, -2.146522, 0, 9.766906, 1, 1, 1, 2.092603, -100, -9.778601, 2, 2, 2, True
19.35, -2.092602, 0, 9.7786, 1, 1, 1, 2.079281, -100, -9.781445, 2, 2, 2, True
19.35399, -2.07928, 0, 9.781442, 1, 1, 1, 2.065634, -100, -9.784334, 2, 2, 2, True
19.35808, -2.065633, 0, 9.784332, 1, 1, 1, 2.051999, -100, -9.787201, 2, 2, 2, True
19.36213, -2.051998, 0, 9.787201, 1, 1, 1, 2.038022, -100, -9.790123, 2, 2, 2, True
19.366, -2.038021, 0, 9.790121, 1, 1, 1, 2.024179, -100, -9.792995, 2, 2, 2, True
19.37014, -2.024179, 0, 9.792993, 1, 1, 1, 2.010929, -100, -9.795723, 2, 2, 2, True
19.37394, -2.010929, 0, 9.795722, 1, 1, 1, 1.99677, -100, -9.798618, 2, 2, 2, True
19.3781, -1.99677, 0, 9.798617, 1, 1, 1, 1.983773, -100, -9.801258, 2, 2, 2, True
19.38193, -1.983773, 0, 9.801257, 1, 1, 1, 1.969558, -100, -9.804125, 2, 2, 2, True
19.38608, -1.969558, 0, 9.804124, 1, 1, 1, 1.956437, -100, -9.806751, 2, 2, 2, True
19.39012, -1.956436, 0, 9.80675, 1, 1, 1, 1.942217, -100, -9.809578, 2, 2, 2, True
19.39411, -1.942217, 0, 9.809577, 1, 1, 1, 1.928398, -100, -9.812304, 2, 2, 2, True
19.39833, -1.928398, 0, 9.812303, 1, 1, 1, 1.914728, -100, -9.81498, 2, 2, 2, True
19.40269, -1.914727, 0, 9.81498, 1, 1, 1, 1.900265, -100, -9.817791, 2, 2, 2, True
19.40683, -1.900264, 0, 9.81779, 1, 1, 1, 1.885326, -100, -9.820669, 2, 2, 2, True
19.41125, -1.885326, 0, 9.820669, 1, 1, 1, 1.871145, -100, -9.823381, 2, 2, 2, True
19.41587, -1.871144, 0, 9.823381, 1, 1, 1, 1.855955, -100, -9.826263, 2, 2, 2, True
19.42209, -1.855954, 0, 9.826262, 1, 1, 1, 1.840119, -100, -9.829241, 2, 2, 2, True
19.42611, -1.840119, 0, 9.82924, 1, 1, 1, 1.818769, -100, -9.833216, 2, 2, 2, True
19.43008, -1.818768, 0, 9.833213, 1, 1, 1, 1.804976, -100, -9.835756, 2, 2, 2, True
19.43437, -1.804976, 0, 9.835754, 1, 1, 1, 1.791344, -100, -9.838249, 2, 2, 2, True
19.43849, -1.791343, 0, 9.838246, 1, 1, 1, 1.776606, -100, -9.840919, 2, 2, 2, True
19.44344, -1.776605, 0, 9.840919, 1, 1, 1, 1.762444, -100, -9.843464, 2, 2, 2, True
19.44759, -1.762444, 0, 9.843465, 1, 1, 1, 1.745453, -100, -9.846493, 2, 2, 2, True
19.45442, -1.745452, 0, 9.846492, 1, 1, 1, 1.731187, -100, -9.849012, 2, 2, 2, True
19.45795, -1.731186, 0, 9.84901, 1, 1, 1, 1.707679, -100, -9.853113, 2, 2, 2, True
19.46198, -1.707678, 0, 9.853113, 1, 1, 1, 1.695539, -100, -9.855209, 2, 2, 2, True
19.46616, -1.695538, 0, 9.855209, 1, 1, 1, 1.681702, -100, -9.85758, 2, 2, 2, True
19.47045, -1.681702, 0, 9.85758, 1, 1, 1, 1.667302, -100, -9.860027, 2, 2, 2, True
19.47458, -1.667301, 0, 9.860025, 1, 1, 1, 1.652524, -100, -9.862514, 2, 2, 2, True
19.47947, -1.652523, 0, 9.862514, 1, 1, 1, 1.638306, -100, -9.864885, 2, 2, 2, True
19.49831, -1.638305, 0, 9.864885, 1, 1, 1, 1.621478, -100, -9.867666, 2, 2, 2, True
19.50209, -1.621477, 0, 9.867665, 1, 1, 1, 1.556544, -100, -9.878117, 2, 2, 2, True
19.5062, -1.556543, 0, 9.878116, 1, 1, 1, 1.543494, -100, -9.880165, 2, 2, 2, True
19.51425, -1.543494, 0, 9.880163, 1, 1, 1, 1.529341, -100, -9.882364, 2, 2, 2, True
19.52196, -1.529341, 0, 9.882364, 1, 1, 1, 1.501551, -100, -9.886625, 2, 2, 2, True
19.52609, -1.501551, 0, 9.886624, 1, 1, 1, 1.474934, -100, -9.890631, 2, 2, 2, True
19.53012, -1.474933, 0, 9.890631, 1, 1, 1, 1.460666, -100, -9.892748, 2, 2, 2, True
19.53399, -1.460665, 0, 9.892748, 1, 1, 1, 1.44677, -100, -9.894791, 2, 2, 2, True
19.53809, -1.446769, 0, 9.89479, 1, 1, 1, 1.433398, -100, -9.896736, 2, 2, 2, True
19.54213, -1.433397, 0, 9.896735, 1, 1, 1, 1.419227, -100, -9.898777, 2, 2, 2, True
19.54602, -1.419226, 0, 9.898778, 1, 1, 1, 1.405267, -100, -9.90077, 2, 2, 2, True
19.55016, -1.405266, 0, 9.900769, 1, 1, 1, 1.391819, -100, -9.902668, 2, 2, 2, True
19.55398, -1.391819, 0, 9.902668, 1, 1, 1, 1.377504, -100, -9.904671, 2, 2, 2, True
19.55806, -1.377504, 0, 9.90467, 1, 1, 1, 1.36431, -100, -9.906498, 2, 2, 2, True
19.56215, -1.36431, 0, 9.906496, 1, 1, 1, 1.350209, -100, -9.908428, 2, 2, 2, True
19.566, -1.350208, 0, 9.908427, 1, 1, 1, 1.336056, -100, -9.910347, 2, 2, 2, True
19.57008, -1.336055, 0, 9.910346, 1, 1, 1, 1.322724, -100, -9.912134, 2, 2, 2, True
19.57413, -1.322724, 0, 9.912134, 1, 1, 1, 1.308623, -100, -9.914007, 2, 2, 2, True
19.57808, -1.308623, 0, 9.914005, 1, 1, 1, 1.294611, -100, -9.915846, 2, 2, 2, True
19.58208, -1.29461, 0, 9.915845, 1, 1, 1, 1.280932, -100, -9.917624, 2, 2, 2, True
19.58601, -1.280931, 0, 9.917622, 1, 1, 1, 1.267055, -100, -9.919405, 2, 2, 2, True
19.59003, -1.267054, 0, 9.919404, 1, 1, 1, 1.253467, -100, -9.921129, 2, 2, 2, True
19.59405, -1.253466, 0, 9.92113, 1, 1, 1, 1.239549, -100, -9.922878, 2, 2, 2, True
19.59811, -1.239548, 0, 9.922878, 1, 1, 1, 1.225616, -100, -9.92461, 2, 2, 2, True
19.60212, -1.225616, 0, 9.924609, 1, 1, 1, 1.211562, -100, -9.926334, 2, 2, 2, True
19.60595, -1.211562, 0, 9.926334, 1, 1, 1, 1.197643, -100, -9.928024, 2, 2, 2, True
19.61076, -1.197642, 0, 9.928023, 1, 1, 1, 1.184368, -100, -9.929617, 2, 2, 2, True
19.61485, -1.184368, 0, 9.929616, 1, 1, 1, 1.167707, -100, -9.931589, 2, 2, 2, True
19.61936, -1.167707, 0, 9.931589, 1, 1, 1, 1.153519, -100, -9.933249, 2, 2, 2, True
19.62643, -1.153519, 0, 9.933247, 1, 1, 1, 1.137884, -100, -9.935051, 2, 2, 2, True
19.63008, -1.137883, 0, 9.93505, 1, 1, 1, 1.113348, -100, -9.937832, 2, 2, 2, True
19.64621, -1.113348, 0, 9.93783, 1, 1, 1, 1.100688, -100, -9.93924, 2, 2, 2, True
19.64999, -1.100688, 0, 9.93924, 1, 1, 1, 1.044724, -100, -9.94528, 2, 2, 2, True
19.65406, -1.044724, 0, 9.945278, 1, 1, 1, 1.031583, -100, -9.94665, 2, 2, 2, True
19.65809, -1.031583, 0, 9.94665, 1, 1, 1, 1.017448, -100, -9.948105, 2, 2, 2, True
19.66207, -1.017447, 0, 9.948106, 1, 1, 1, 1.003473, -100, -9.949526, 2, 2, 2, True
19.66591, -1.003473, 0, 9.949525, 1, 1, 1, 0.9896389, -100, -9.950911, 2, 2, 2, True
19.67023, -0.9896386, 0, 9.950911, 1, 1, 1, 0.9763032, -100, -9.95223, 2, 2, 2, True
19.67405, -0.9763027, 0, 9.952228, 1, 1, 1, 0.9613096, -100, -9.953688, 2, 2, 2, True
19.67809, -0.9613091, 0, 9.953687, 1, 1, 1, 0.9480273, -100, -9.954962, 2, 2, 2, True
19.68206, -0.9480269, 0, 9.954961, 1, 1, 1, 0.9339771, -100, -9.956287, 2, 2, 2, True
19.68604, -0.9339767, 0, 9.956289, 1, 1, 1, 0.9201797, -100, -9.957575, 2, 2, 2, True
19.69008, -0.9201792, 0, 9.957574, 1, 1, 1, 0.9063676, -100, -9.958841, 2, 2, 2, True
19.69407, -0.9063671, 0, 9.95884, 1, 1, 1, 0.8923028, -100, -9.960112, 2, 2, 2, True
19.69807, -0.8923022, 0, 9.960111, 1, 1, 1, 0.8784485, -100, -9.961342, 2, 2, 2, True
19.70195, -0.8784479, 0, 9.961342, 1, 1, 1, 0.864529, -100, -9.962561, 2, 2, 2, True
19.70617, -0.8645285, 0, 9.96256, 1, 1, 1, 0.8510261, -100, -9.963724, 2, 2, 2, True
19.71032, -0.8510256, 0, 9.963722, 1, 1, 1, 0.8363435, -100, -9.964966, 2, 2, 2, True
19.71523, -0.8363432, 0, 9.964965, 1, 1, 1, 0.8219058, -100, -9.966167, 2, 2, 2, True
19.71965, -0.8219054, 0, 9.966166, 1, 1, 1, 0.8048436, -100, -9.96756, 2, 2, 2, True
19.7264, -0.8048431, 0, 9.967559, 1, 1, 1, 0.7894576, -100, -9.968792, 2, 2, 2, True
19.73001, -0.7894572, 0, 9.968789, 1, 1, 1, 0.7659695, -100, -9.970621, 2, 2, 2, True
19.73398, -0.7659691, 0, 9.970621, 1, 1, 1, 0.7534167, -100, -9.971581, 2, 2, 2, True
19.73814, -0.7534164, 0, 9.971578, 1, 1, 1, 0.7395653, -100, -9.972618, 2, 2, 2, True
19.74223, -0.7395647, 0, 9.972614, 1, 1, 1, 0.725097, -100, -9.973677, 2, 2, 2, True
19.74689, -0.7250967, 0, 9.973677, 1, 1, 1, 0.7108667, -100, -9.974703, 2, 2, 2, True
19.75139, -0.7108662, 0, 9.974702, 1, 1, 1, 0.6946166, -100, -9.975845, 2, 2, 2, True
19.75586, -0.6946161, 0, 9.975846, 1, 1, 1, 0.6789652, -100, -9.976923, 2, 2, 2, True
19.76246, -0.6789649, 0, 9.976924, 1, 1, 1, 0.6634015, -100, -9.977972, 2, 2, 2, True
19.76602, -0.663401, 0, 9.977971, 1, 1, 1, 0.6404051, -100, -9.979475, 2, 2, 2, True
19.77003, -0.6404048, 0, 9.979473, 1, 1, 1, 0.6280023, -100, -9.980261, 2, 2, 2, True
19.77417, -0.628002, 0, 9.980261, 1, 1, 1, 0.6140501, -100, -9.981133, 2, 2, 2, True
19.77898, -0.6140497, 0, 9.98113, 1, 1, 1, 0.599596, -100, -9.98201, 2, 2, 2, True
19.78314, -0.5995957, 0, 9.982008, 1, 1, 1, 0.5828502, -100, -9.983, 2, 2, 2, True
19.7989, -0.5828499, 0, 9.983, 1, 1, 1, 0.5683607, -100, -9.983837, 2, 2, 2, True
19.80203, -0.5683603, 0, 9.983835, 1, 1, 1, 0.5134255, -100, -9.986811, 2, 2, 2, True
19.80604, -0.5134252, 0, 9.986811, 1, 1, 1, 0.5025117, -100, -9.98737, 2, 2, 2, True
19.81021, -0.5025114, 0, 9.987366, 1, 1, 1, 0.4885274, -100, -9.988058, 2, 2, 2, True
19.81408, -0.4885269, 0, 9.98806, 1, 1, 1, 0.4739651, -100, -9.988762, 2, 2, 2, True
19.81797, -0.4739648, 0, 9.988762, 1, 1, 1, 0.4604846, -100, -9.989391, 2, 2, 2, True
19.82216, -0.4604842, 0, 9.989392, 1, 1, 1, 0.446925, -100, -9.990009, 2, 2, 2, True
19.82593, -0.4469247, 0, 9.990008, 1, 1, 1, 0.4323207, -100, -9.99065, 2, 2, 2, True
19.83015, -0.4323202, 0, 9.99065, 1, 1, 1, 0.4191823, -100, -9.991211, 2, 2, 2, True
19.83417, -0.4191821, 0, 9.99121, 1, 1, 1, 0.4044336, -100, -9.991819, 2, 2, 2, True
19.83865, -0.4044333, 0, 9.991818, 1, 1, 1, 0.3904238, -100, -9.992376, 2, 2, 2, True
19.84304, -0.3904235, 0, 9.992375, 1, 1, 1, 0.3747973, -100, -9.992975, 2, 2, 2, True
19.84794, -0.3747968, 0, 9.992974, 1, 1, 1, 0.3594938, -100, -9.993536, 2, 2, 2, True
19.8544, -0.3594936, 0, 9.993536, 1, 1, 1, 0.3424053, -100, -9.994137, 2, 2, 2, True
19.858, -0.342405, 0, 9.994136, 1, 1, 1, 0.3198598, -100, -9.994884, 2, 2, 2, True
19.86214, -0.3198593, 0, 9.994884, 1, 1, 1, 0.3072879, -100, -9.995279, 2, 2, 2, True
19.8662, -0.3072876, 0, 9.995277, 1, 1, 1, 0.2928581, -100, -9.99571, 2, 2, 2, True
19.87077, -0.2928578, 0, 9.99571, 1, 1, 1, 0.2786854, -100, -9.996119, 2, 2, 2, True
19.87495, -0.278685, 0, 9.996116, 1, 1, 1, 0.2627557, -100, -9.99655, 2, 2, 2, True
19.87988, -0.2627553, 0, 9.996548, 1, 1, 1, 0.2481415, -100, -9.996922, 2, 2, 2, True
19.88608, -0.2481413, 0, 9.996921, 1, 1, 1, 0.2309308, -100, -9.997334, 2, 2, 2, True
19.88999, -0.2309304, 0, 9.997334, 1, 1, 1, 0.2093028, -100, -9.997808, 2, 2, 2, True
19.89388, -0.2093023, 0, 9.997809, 1, 1, 1, 0.1956496, -100, -9.998085, 2, 2, 2, True
19.89807, -0.1956493, 0, 9.998086, 1, 1, 1, 0.1820986, -100, -9.998344, 2, 2, 2, True
19.9024, -0.1820983, 0, 9.998342, 1, 1, 1, 0.1674538, -100, -9.998598, 2, 2, 2, True
19.90658, -0.1674534, 0, 9.998598, 1, 1, 1, 0.1523383, -100, -9.99884, 2, 2, 2, True
19.91166, -0.152338, 0, 9.998839, 1, 1, 1, 0.1377635, -100, -9.99905, 2, 2, 2, True
19.91836, -0.1377632, 0, 9.999051, 1, 1, 1, 0.1200269, -100, -9.999279, 2, 2, 2, True
19.92197, -0.1200265, 0, 9.99928, 1, 1, 1, 0.09665821, -100, -9.999533, 2, 2, 2, True
19.92594, -0.09665788, 0, 9.999533, 1, 1, 1, 0.08405806, -100, -9.999649, 2, 2, 2, True
19.93011, -0.08405774, 0, 9.999647, 1, 1, 1, 0.07017366, -100, -9.999754, 2, 2, 2, True
19.93418, -0.07017334, 0, 9.999754, 1, 1, 1, 0.05564067, -100, -9.999846, 2, 2, 2, True
19.95007, -0.05564034, 0, 9.999846, 1, 1, 1, 0.04141898, -100, -9.999914, 2, 2, 2, True
19.9542, -0.04141865, 0, 9.999914, 1, 1, 1, -0.01402368, -100, -9.99999, 2, 2, 2, True
19.95808, 0.01402401, 0, 9.99999, 1, 1, 1, -0.02844306, -100, -9.999962, 2, 2, 2, True
19.96209, 0.02844327, 0, 9.99996, 1, 1, 1, -0.04201216, -100, -9.999914, 2, 2, 2, True
19.96618, 0.04201237, 0, 9.999911, 1, 1, 1, -0.0559952, -100, -9.999846, 2, 2, 2, True
19.97013, 0.05599552, 0, 9.999844, 1, 1, 1, -0.07025634, -100, -9.999754, 2, 2, 2, True
19.97402, 0.07025655, 0, 9.999753, 1, 1, 1, -0.08407973, -100, -9.999649, 2, 2, 2, True
19.97805, 0.08407996, 0, 9.999646, 1, 1, 1, -0.09763257, -100, -9.999523, 2, 2, 2, True
19.98184, 0.09763279, 0, 9.999523, 1, 1, 1, -0.1117077, -100, -9.999378, 2, 2, 2, True
19.98595, 0.1117081, 0, 9.999376, 1, 1, 1, -0.1249441, -100, -9.99922, 2, 2, 2, True
19.99012, 0.1249445, 0, 9.999219, 1, 1, 1, -0.1392881, -100, -9.999029, 2, 2, 2, True
19.99411, 0.1392885, 0, 9.99903, 1, 1, 1, -0.1538303, -100, -9.998819, 2, 2, 2, True
19.99855, 0.1538305, 0, 9.998816, 1, 1, 1, -0.167756, -100, -9.998596, 2, 2, 2, True
20.00273, 0.1677562, 0, 9.998592, 1, 1, 1, -0.1832633, -100, -9.998322, 2, 2, 2, True
20.0071, 0.1832636, 0, 9.998321, 1, 1, 1, -0.1978523, -100, -9.998043, 2, 2, 2, True
20.01233, 0.1978525, 0, 9.998042, 1, 1, 1, -0.2130915, -100, -9.997732, 2, 2, 2, True
20.01847, 0.2130919, 0, 9.997729, 1, 1, 1, -0.231334, -100, -9.997326, 2, 2, 2, True
20.02197, 0.2313344, 0, 9.997324, 1, 1, 1, -0.2527553, -100, -9.996805, 2, 2, 2, True
20.02596, 0.2527557, 0, 9.996805, 1, 1, 1, -0.2649787, -100, -9.99649, 2, 2, 2, True
20.03012, 0.264979, 0, 9.996489, 1, 1, 1, -0.278928, -100, -9.996109, 2, 2, 2, True
20.03455, 0.2789283, 0, 9.996109, 1, 1, 1, -0.2934281, -100, -9.995697, 2, 2, 2, True
20.03904, 0.2934284, 0, 9.995694, 1, 1, 1, -0.3088907, -100, -9.99523, 2, 2, 2, True
20.04402, 0.3088908, 0, 9.995228, 1, 1, 1, -0.3245415, -100, -9.994734, 2, 2, 2, True
20.05017, 0.3245417, 0, 9.994732, 1, 1, 1, -0.3419261, -100, -9.994154, 2, 2, 2, True
20.05806, 0.3419265, 0, 9.994153, 1, 1, 1, -0.3633608, -100, -9.993397, 2, 2, 2, True
20.07039, 0.3633612, 0, 9.993396, 1, 1, 1, -0.3908838, -100, -9.992357, 2, 2, 2, True
20.07404, 0.390884, 0, 9.992357, 1, 1, 1, -0.4339139, -100, -9.990582, 2, 2, 2, True
20.07807, 0.4339141, 0, 9.990582, 1, 1, 1, -0.4466396, -100, -9.990023, 2, 2, 2, True
20.08196, 0.4466401, 0, 9.990021, 1, 1, 1, -0.4606641, -100, -9.989384, 2, 2, 2, True
20.0862, 0.4606646, 0, 9.989384, 1, 1, 1, -0.4742416, -100, -9.988749, 2, 2, 2, True
20.10215, 0.4742418, 0, 9.988749, 1, 1, 1, -0.4890288, -100, -9.988039, 2, 2, 2, True
20.10592, 0.489029, 0, 9.988035, 1, 1, 1, -0.5446274, -100, -9.985159, 2, 2, 2, True
20.11025, 0.5446278, 0, 9.985158, 1, 1, 1, -0.5577622, -100, -9.984432, 2, 2, 2, True
20.11396, 0.5577624, 0, 9.984433, 1, 1, 1, -0.5728478, -100, -9.98358, 2, 2, 2, True
20.118, 0.5728481, 0, 9.983579, 1, 1, 1, -0.5857973, -100, -9.982828, 2, 2, 2, True
20.12206, 0.5857974, 0, 9.982827, 1, 1, 1, -0.599859, -100, -9.981993, 2, 2, 2, True
20.12596, 0.5998592, 0, 9.981992, 1, 1, 1, -0.6140027, -100, -9.981134, 2, 2, 2, True
20.13007, 0.6140028, 0, 9.981133, 1, 1, 1, -0.6276035, -100, -9.980288, 2, 2, 2, True
20.13389, 0.6276038, 0, 9.980287, 1, 1, 1, -0.641921, -100, -9.979378, 2, 2, 2, True
20.13802, 0.6419214, 0, 9.979376, 1, 1, 1, -0.6552356, -100, -9.978512, 2, 2, 2, True
20.14211, 0.6552359, 0, 9.97851, 1, 1, 1, -0.6696187, -100, -9.977556, 2, 2, 2, True
20.14614, 0.6696191, 0, 9.977555, 1, 1, 1, -0.683863, -100, -9.976589, 2, 2, 2, True
20.14995, 0.6838633, 0, 9.976589, 1, 1, 1, -0.6978737, -100, -9.97562, 2, 2, 2, True
20.15406, 0.6978739, 0, 9.975619, 1, 1, 1, -0.7111663, -100, -9.974682, 2, 2, 2, True
20.15816, 0.7111665, 0, 9.97468, 1, 1, 1, -0.7254511, -100, -9.973652, 2, 2, 2, True
20.1621, 0.7254511, 0, 9.973651, 1, 1, 1, -0.7397371, -100, -9.972603, 2, 2, 2, True
20.16604, 0.7397372, 0, 9.972602, 1, 1, 1, -0.7534573, -100, -9.971577, 2, 2, 2, True
20.16999, 0.7534574, 0, 9.971575, 1, 1, 1, -0.7671544, -100, -9.97053, 2, 2, 2, True
20.1741, 0.7671546, 0, 9.970531, 1, 1, 1, -0.7809176, -100, -9.969463, 2, 2, 2, True
20.17811, 0.7809178, 0, 9.969461, 1, 1, 1, -0.7952168, -100, -9.968334, 2, 2, 2, True
20.18188, 0.7952171, 0, 9.968331, 1, 1, 1, -0.8091683, -100, -9.967209, 2, 2, 2, True
20.18596, 0.8091685, 0, 9.967209, 1, 1, 1, -0.8222708, -100, -9.966137, 2, 2, 2, True
20.19016, 0.8222709, 0, 9.966136, 1, 1, 1, -0.8364732, -100, -9.964956, 2, 2, 2, True
20.19449, 0.8364733, 0, 9.964954, 1, 1, 1, -0.8510914, -100, -9.963718, 2, 2, 2, True
20.19897, 0.8510915, 0, 9.963717, 1, 1, 1, -0.8661276, -100, -9.962421, 2, 2, 2, True
20.20341, 0.8661277, 0, 9.96242, 1, 1, 1, -0.8817303, -100, -9.961052, 2, 2, 2, True
20.20787, 0.8817303, 0, 9.961052, 1, 1, 1, -0.8971696, -100, -9.959673, 2, 2, 2, True
20.21447, 0.8971697, 0, 9.959673, 1, 1, 1, -0.9126503, -100, -9.958267, 2, 2, 2, True
20.21797, 0.9126505, 0, 9.958266, 1, 1, 1, -0.9356035, -100, -9.956135, 2, 2, 2, True
20.22209, 0.9356037, 0, 9.956136, 1, 1, 1, -0.9477676, -100, -9.954988, 2, 2, 2, True
20.2261, 0.9477676, 0, 9.954986, 1, 1, 1, -0.9620881, -100, -9.953611, 2, 2, 2, True
20.23071, 0.9620882, 0, 9.953611, 1, 1, 1, -0.9759938, -100, -9.952259, 2, 2, 2, True
20.23527, 0.9759939, 0, 9.952258, 1, 1, 1, -0.9920115, -100, -9.950674, 2, 2, 2, True
20.24269, 0.9920115, 0, 9.950674, 1, 1, 1, -1.007858, -100, -9.949081, 2, 2, 2, True
20.2621, 1.007858, 0, 9.949081, 1, 1, 1, -1.033609, -100, -9.94644, 2, 2, 2, True
20.26601, 1.03361, 0, 9.946439, 1, 1, 1, -1.100997, -100, -9.939205, 2, 2, 2, True
20.27013, 1.100997, 0, 9.939205, 1, 1, 1, -1.114566, -100, -9.937693, 2, 2, 2, True
20.27414, 1.114566, 0, 9.937693, 1, 1, 1, -1.128859, -100, -9.936081, 2, 2, 2, True
20.27791, 1.128859, 0, 9.93608, 1, 1, 1, -1.142738, -100, -9.934494, 2, 2, 2, True
20.28219, 1.142738, 0, 9.934493, 1, 1, 1, -1.155824, -100, -9.93298, 2, 2, 2, True
20.28613, 1.155824, 0, 9.932979, 1, 1, 1, -1.170669, -100, -9.93124, 2, 2, 2, True
20.29011, 1.17067, 0, 9.93124, 1, 1, 1, -1.184329, -100, -9.929621, 2, 2, 2, True
20.29403, 1.18433, 0, 9.929621, 1, 1, 1, -1.198102, -100, -9.927971, 2, 2, 2, True
20.29814, 1.198102, 0, 9.927968, 1, 1, 1, -1.211688, -100, -9.926321, 2, 2, 2, True
20.302, 1.211689, 0, 9.926319, 1, 1, 1, -1.225954, -100, -9.924566, 2, 2, 2, True
20.3061, 1.225954, 0, 9.924567, 1, 1, 1, -1.239323, -100, -9.922907, 2, 2, 2, True
20.31013, 1.239323, 0, 9.922907, 1, 1, 1, -1.253509, -100, -9.921125, 2, 2, 2, True
20.3141, 1.253509, 0, 9.921124, 1, 1, 1, -1.267462, -100, -9.919353, 2, 2, 2, True
20.31812, 1.267462, 0, 9.919352, 1, 1, 1, -1.281202, -100, -9.917587, 2, 2, 2, True
20.32214, 1.281202, 0, 9.917586, 1, 1, 1, -1.295122, -100, -9.915779, 2, 2, 2, True
20.32596, 1.295122, 0, 9.915778, 1, 1, 1, -1.309055, -100, -9.91395, 2, 2, 2, True
20.33007, 1.309055, 0, 9.913949, 1, 1, 1, -1.322265, -100, -9.912197, 2, 2, 2, True
20.33394, 1.322265, 0, 9.912195, 1, 1, 1, -1.336488, -100, -9.91029, 2, 2, 2, True
20.33806, 1.336488, 0, 9.910288, 1, 1, 1, -1.34988, -100, -9.908474, 2, 2, 2, True
20.3421, 1.34988, 0, 9.908472, 1, 1, 1, -1.36413, -100, -9.906521, 2, 2, 2, True
20.34606, 1.36413, 0, 9.906521, 1, 1, 1, -1.378096, -100, -9.904591, 2, 2, 2, True
20.35005, 1.378096, 0, 9.904588, 1, 1, 1, -1.391783, -100, -9.902676, 2, 2, 2, True
20.35414, 1.391783, 0, 9.902674, 1, 1, 1, -1.405572, -100, -9.900726, 2, 2, 2, True
20.35829, 1.405572, 0, 9.900725, 1, 1, 1, -1.419704, -100, -9.89871, 2, 2, 2, True
20.36283, 1.419704, 0, 9.898709, 1, 1, 1, -1.434024, -100, -9.896645, 2, 2, 2, True
20.36732, 1.434024, 0, 9.896645, 1, 1, 1, -1.449736, -100, -9.894356, 2, 2, 2, True
20.37175, 1.449736, 0, 9.894355, 1, 1, 1, -1.465239, -100, -9.892073, 2, 2, 2, True
20.3784, 1.465239, 0, 9.892072, 1, 1, 1, -1.480517, -100, -9.889797, 2, 2, 2, True
20.38203, 1.480517, 0, 9.889796, 1, 1, 1, -1.50348, -100, -9.886332, 2, 2, 2, True
20.38616, 1.50348, 0, 9.886332, 1, 1, 1, -1.515983, -100, -9.884422, 2, 2, 2, True
20.39014, 1.515983, 0, 9.884422, 1, 1, 1, -1.530239, -100, -9.882225, 2, 2, 2, True
20.39435, 1.530239, 0, 9.882225, 1, 1, 1, -1.543964, -100, -9.880091, 2, 2, 2, True
20.41019, 1.543964, 0, 9.88009, 1, 1, 1, -1.558489, -100, -9.87781, 2, 2, 2, True
20.4141, 1.558489, 0, 9.877809, 1, 1, 1, -1.613085, -100, -9.869041, 2, 2, 2, True
20.4181, 1.613085, 0, 9.86904, 1, 1, 1, -1.626557, -100, -9.866833, 2, 2, 2, True
20.42217, 1.626557, 0, 9.866829, 1, 1, 1, -1.640344, -100, -9.864546, 2, 2, 2, True
20.426, 1.640344, 0, 9.864546, 1, 1, 1, -1.654333, -100, -9.862213, 2, 2, 2, True
20.43012, 1.654333, 0, 9.862209, 1, 1, 1, -1.667524, -100, -9.859989, 2, 2, 2, True
20.43408, 1.667524, 0, 9.859988, 1, 1, 1, -1.681714, -100, -9.85758, 2, 2, 2, True
20.43808, 1.681714, 0, 9.857577, 1, 1, 1, -1.695315, -100, -9.855247, 2, 2, 2, True
20.44209, 1.695315, 0, 9.855247, 1, 1, 1, -1.709074, -100, -9.852871, 2, 2, 2, True
20.44611, 1.709074, 0, 9.852871, 1, 1, 1, -1.722867, -100, -9.85047, 2, 2, 2, True
20.45012, 1.722867, 0, 9.850469, 1, 1, 1, -1.736709, -100, -9.84804, 2, 2, 2, True
20.45407, 1.736709, 0, 9.848038, 1, 1, 1, -1.750488, -100, -9.845598, 2, 2, 2, True
20.45878, 1.750488, 0, 9.845597, 1, 1, 1, -1.76407, -100, -9.843174, 2, 2, 2, True
20.46268, 1.76407, 0, 9.843173, 1, 1, 1, -1.780239, -100, -9.840263, 2, 2, 2, True
20.46721, 1.780239, 0, 9.840261, 1, 1, 1, -1.79364, -100, -9.83783, 2, 2, 2, True
20.47183, 1.79364, 0, 9.837828, 1, 1, 1, -1.809171, -100, -9.834984, 2, 2, 2, True
20.47915, 1.809171, 0, 9.834984, 1, 1, 1, -1.825038, -100, -9.832052, 2, 2, 2, True
20.48635, 1.825037, 0, 9.832051, 1, 1, 1, -1.850137, -100, -9.827362, 2, 2, 2, True
20.49013, 1.850137, 0, 9.827359, 1, 1, 1, -1.874833, -100, -9.822678, 2, 2, 2, True
20.49412, 1.874833, 0, 9.822678, 1, 1, 1, -1.887822, -100, -9.82019, 2, 2, 2, True
20.49822, 1.887822, 0, 9.820189, 1, 1, 1, -1.901483, -100, -9.817556, 2, 2, 2, True
20.50194, 1.901483, 0, 9.817554, 1, 1, 1, -1.915539, -100, -9.814821, 2, 2, 2, True
20.50601, 1.915539, 0, 9.814821, 1, 1, 1, -1.92827, -100, -9.812328, 2, 2, 2, True
20.51004, 1.92827, 0, 9.812327, 1, 1, 1, -1.942202, -100, -9.809582, 2, 2, 2, True
20.514, 1.942202, 0, 9.80958, 1, 1, 1, -1.956018, -100, -9.806835, 2, 2, 2, True
20.51807, 1.956018, 0, 9.806834, 1, 1, 1, -1.969563, -100, -9.804123, 2, 2, 2, True
20.52198, 1.969563, 0, 9.804123, 1, 1, 1, -1.983491, -100, -9.801313, 2, 2, 2, True
20.52594, 1.983491, 0, 9.801314, 1, 1, 1, -1.996872, -100, -9.798597, 2, 2, 2, True
20.5302, 1.996872, 0, 9.798597, 1, 1, 1, -2.010409, -100, -9.79583, 2, 2, 2, True
20.53485, 2.010409, 0, 9.795829, 1, 1, 1, -2.024965, -100, -9.792831, 2, 2, 2, True
20.53904, 2.024965, 0, 9.79283, 1, 1, 1, -2.040885, -100, -9.789526, 2, 2, 2, True
20.5435, 2.040885, 0, 9.789524, 1, 1, 1, -2.055182, -100, -9.786533, 2, 2, 2, True
20.54807, 2.055182, 0, 9.786533, 1, 1, 1, -2.070427, -100, -9.783319, 2, 2, 2, True
20.56645, 2.070427, 0, 9.783319, 1, 1, 1, -2.08603, -100, -9.780005, 2, 2, 2, True
20.57015, 2.08603, 0, 9.780005, 1, 1, 1, -2.148726, -100, -9.766422, 2, 2, 2, True
20.57399, 2.148726, 0, 9.766421, 1, 1, 1, -2.161332, -100, -9.763639, 2, 2, 2, True
20.57808, 2.161332, 0, 9.763638, 1, 1, 1, -2.174419, -100, -9.760735, 2, 2, 2, True
20.58204, 2.174419, 0, 9.760733, 1, 1, 1, -2.188373, -100, -9.757616, 2, 2, 2, True
20.58607, 2.188373, 0, 9.757613, 1, 1, 1, -2.20184, -100, -9.754585, 2, 2, 2, True
20.59009, 2.20184, 0, 9.754583, 1, 1, 1, -2.215548, -100, -9.75148, 2, 2, 2, True
20.59411, 2.215548, 0, 9.751479, 1, 1, 1, -2.229239, -100, -9.748362, 2, 2, 2, True
20.59816, 2.229239, 0, 9.748359, 1, 1, 1, -2.242924, -100, -9.74522, 2, 2, 2, True
20.6063, 2.242923, 0, 9.745219, 1, 1, 1, -2.256679, -100, -9.742043, 2, 2, 2, True
20.61838, 2.256679, 0, 9.742043, 1, 1, 1, -2.28437, -100, -9.735588, 2, 2, 2, True
20.62195, 2.28437, 0, 9.735587, 1, 1, 1, -2.325403, -100, -9.725868, 2, 2, 2, True
20.6259, 2.325403, 0, 9.725867, 1, 1, 1, -2.337505, -100, -9.722967, 2, 2, 2, True
20.6301, 2.337505, 0, 9.722966, 1, 1, 1, -2.350934, -100, -9.719728, 2, 2, 2, True
20.6341, 2.350934, 0, 9.719728, 1, 1, 1, -2.365163, -100, -9.716278, 2, 2, 2, True
20.63809, 2.365162, 0, 9.716275, 1, 1, 1, -2.378728, -100, -9.712963, 2, 2, 2, True
20.64229, 2.378728, 0, 9.712963, 1, 1, 1, -2.39225, -100, -9.709642, 2, 2, 2, True
20.646, 2.392249, 0, 9.709641, 1, 1, 1, -2.406504, -100, -9.706118, 2, 2, 2, True
20.6501, 2.406504, 0, 9.706119, 1, 1, 1, -2.41905, -100, -9.702999, 2, 2, 2, True
20.6541, 2.41905, 0, 9.702999, 1, 1, 1, -2.432953, -100, -9.699526, 2, 2, 2, True
20.65811, 2.432953, 0, 9.699523, 1, 1, 1, -2.446496, -100, -9.696119, 2, 2, 2, True
20.66199, 2.446496, 0, 9.696115, 1, 1, 1, -2.460037, -100, -9.69269, 2, 2, 2, True
20.66599, 2.460037, 0, 9.692689, 1, 1, 1, -2.473185, -100, -9.689342, 2, 2, 2, True
20.67008, 2.473185, 0, 9.689342, 1, 1, 1, -2.486712, -100, -9.685881, 2, 2, 2, True
20.67403, 2.486712, 0, 9.68588, 1, 1, 1, -2.500535, -100, -9.682323, 2, 2, 2, True
20.67808, 2.500535, 0, 9.682321, 1, 1, 1, -2.513863, -100, -9.678871, 2, 2, 2, True
20.68217, 2.513863, 0, 9.678868, 1, 1, 1, -2.527543, -100, -9.675306, 2, 2, 2, True
20.68619, 2.527543, 0, 9.675305, 1, 1, 1, -2.541378, -100, -9.67168, 2, 2, 2, True
20.69011, 2.541378, 0, 9.67168, 1, 1, 1, -2.554947, -100, -9.668106, 2, 2, 2, True
20.6941, 2.554947, 0, 9.668104, 1, 1, 1, -2.568155, -100, -9.664608, 2, 2, 2, True
20.6981, 2.568155, 0, 9.664604, 1, 1, 1, -2.581622, -100, -9.661018, 2, 2, 2, True
20.71413, 2.581621, 0, 9.661016, 1, 1, 1, -2.59511, -100, -9.657404, 2, 2, 2, True
20.71791, 2.59511, 0, 9.657402, 1, 1, 1, -2.649118, -100, -9.642727, 2, 2, 2, True
20.72207, 2.649118, 0, 9.642726, 1, 1, 1, -2.661835, -100, -9.639227, 2, 2, 2, True
20.72602, 2.661835, 0, 9.639224, 1, 1, 1, -2.675821, -100, -9.635351, 2, 2, 2, True
20.73012, 2.675821, 0, 9.635351, 1, 1, 1, -2.68911, -100, -9.631651, 2, 2, 2, True
20.7344, 2.68911, 0, 9.63165, 1, 1, 1, -2.702877, -100, -9.627798, 2, 2, 2, True
20.73809, 2.702877, 0, 9.627796, 1, 1, 1, -2.717264, -100, -9.623745, 2, 2, 2, True
20.74209, 2.717264, 0, 9.623745, 1, 1, 1, -2.729677, -100, -9.620234, 2, 2, 2, True
20.74593, 2.729677, 0, 9.620232, 1, 1, 1, -2.74308, -100, -9.616421, 2, 2, 2, True
20.75006, 2.743079, 0, 9.616419, 1, 1, 1, -2.755973, -100, -9.612734, 2, 2, 2, True
20.75403, 2.755973, 0, 9.612732, 1, 1, 1, -2.769818, -100, -9.608753, 2, 2, 2, True
20.75796, 2.769818, 0, 9.608751, 1, 1, 1, -2.783133, -100, -9.604904, 2, 2, 2, True
20.76207, 2.783133, 0, 9.604903, 1, 1, 1, -2.796319, -100, -9.601074, 2, 2, 2, True
20.76603, 2.796319, 0, 9.601073, 1, 1, 1, -2.810098, -100, -9.59705, 2, 2, 2, True
20.77042, 2.810098, 0, 9.597049, 1, 1, 1, -2.823345, -100, -9.593161, 2, 2, 2, True
20.77441, 2.823345, 0, 9.593161, 1, 1, 1, -2.838037, -100, -9.588825, 2, 2, 2, True
20.77932, 2.838037, 0, 9.588824, 1, 1, 1, -2.851408, -100, -9.584856, 2, 2, 2, True
20.78376, 2.851408, 0, 9.584856, 1, 1, 1, -2.867819, -100, -9.57996, 2, 2, 2, True
20.79042, 2.867819, 0, 9.579959, 1, 1, 1, -2.882665, -100, -9.575502, 2, 2, 2, True
20.79407, 2.882664, 0, 9.575502, 1, 1, 1, -2.904918, -100, -9.568775, 2, 2, 2, True
20.79818, 2.904918, 0, 9.568775, 1, 1, 1, -2.917096, -100, -9.565071, 2, 2, 2, True
20.80211, 2.917096, 0, 9.565069, 1, 1, 1, -2.930817, -100, -9.560873, 2, 2, 2, True
20.80649, 2.930817, 0, 9.560874, 1, 1, 1, -2.943963, -100, -9.556835, 2, 2, 2, True
20.81104, 2.943962, 0, 9.556834, 1, 1, 1, -2.958552, -100, -9.55233, 2, 2, 2, True
20.81523, 2.958552, 0, 9.552328, 1, 1, 1, -2.97373, -100, -9.547613, 2, 2, 2, True
20.81965, 2.97373, 0, 9.547614, 1, 1, 1, -2.987691, -100, -9.543255, 2, 2, 2, True
20.82641, 2.98769, 0, 9.543255, 1, 1, 1, -3.002419, -100, -9.538631, 2, 2, 2, True
20.83007, 3.002419, 0, 9.538631, 1, 1, 1, -3.024909, -100, -9.531523, 2, 2, 2, True
20.83402, 3.024908, 0, 9.531523, 1, 1, 1, -3.037074, -100, -9.527655, 2, 2, 2, True
20.838, 3.037074, 0, 9.527654, 1, 1, 1, -3.050211, -100, -9.523457, 2, 2, 2, True
20.84219, 3.05021, 0, 9.523456, 1, 1, 1, -3.063426, -100, -9.519217, 2, 2, 2, True
20.84664, 3.063426, 0, 9.519213, 1, 1, 1, -3.077361, -100, -9.514717, 2, 2, 2, True
20.85109, 3.07736, 0, 9.514718, 1, 1, 1, -3.092143, -100, -9.509926, 2, 2, 2, True
20.87066, 3.092143, 0, 9.509924, 1, 1, 1, -3.106904, -100, -9.505112, 2, 2, 2, True
20.87412, 3.106903, 0, 9.505112, 1, 1, 1, -3.171765, -100, -9.483665, 2, 2, 2, True
20.87803, 3.171765, 0, 9.483665, 1, 1, 1, -3.183228, -100, -9.479824, 2, 2, 2, True
20.88212, 3.183228, 0, 9.479824, 1, 1, 1, -3.196156, -100, -9.475473, 2, 2, 2, True
20.88595, 3.196156, 0, 9.475473, 1, 1, 1, -3.209666, -100, -9.470907, 2, 2, 2, True
20.89008, 3.209665, 0, 9.470905, 1, 1, 1, -3.222322, -100, -9.466608, 2, 2, 2, True
20.89402, 3.222322, 0, 9.466607, 1, 1, 1, -3.235979, -100, -9.461948, 2, 2, 2, True
20.89805, 3.235979, 0, 9.461947, 1, 1, 1, -3.248973, -100, -9.457495, 2, 2, 2, True
20.90204, 3.248973, 0, 9.457493, 1, 1, 1, -3.262284, -100, -9.452911, 2, 2, 2, True
20.90614, 3.262284, 0, 9.452909, 1, 1, 1, -3.27545, -100, -9.448357, 2, 2, 2, True
20.91021, 3.27545, 0, 9.448356, 1, 1, 1, -3.288965, -100, -9.443659, 2, 2, 2, True
20.91419, 3.288965, 0, 9.44366, 1, 1, 1, -3.302379, -100, -9.438978, 2, 2, 2, True
20.91809, 3.302379, 0, 9.438977, 1, 1, 1, -3.315494, -100, -9.43438, 2, 2, 2, True
20.9222, 3.315494, 0, 9.434379, 1, 1, 1, -3.328315, -100, -9.429865, 2, 2, 2, True
20.92595, 3.328315, 0, 9.429863, 1, 1, 1, -3.341842, -100, -9.425079, 2, 2, 2, True
20.93006, 3.341842, 0, 9.425077, 1, 1, 1, -3.354186, -100, -9.420694, 2, 2, 2, True
20.93414, 3.354186, 0, 9.420692, 1, 1, 1, -3.367702, -100, -9.415869, 2, 2, 2, True
20.93817, 3.367702, 0, 9.415869, 1, 1, 1, -3.381094, -100, -9.41107, 2, 2, 2, True
20.94224, 3.381093, 0, 9.411069, 1, 1, 1, -3.394344, -100, -9.406298, 2, 2, 2, True
20.94653, 3.394344, 0, 9.406298, 1, 1, 1, -3.407709, -100, -9.401464, 2, 2, 2, True
20.95065, 3.407709, 0, 9.401464, 1, 1, 1, -3.420202, -100, -9.396927, 2, 2, 2, True
20.95482, 3.420202, 0, 9.396926, 1, 1, 1, 3.420203, -100, -9.396927, 2, 2, 2, True
20.9593, -3.420202, 0, 9.396926, 1, 1, 1, 3.420203, -100, -9.396927, 2, 2, 2, True
20.96607, -3.420202, 0, 9.396926, 1, 1, 1, 3.420203, -100, -9.396927, 2, 2, 2, True
20.96996, -3.420202, 0, 9.396926, 1, 1, 1, 3.420203, -100, -9.396927, 2, 2, 2, True
20.97423, -3.420202, 0, 9.396926, 1, 1, 1, 3.420203, -100, -9.396927, 2, 2, 2, True
20.97812, -3.420202, 0, 9.396926, 1, 1, 1, 3.420203, -100, -9.396927, 2, 2, 2, True
20.98213, -3.420202, 0, 9.396926, 1, 1, 1, 3.420203, -100, -9.396927, 2, 2, 2, True
20.98662, -3.420202, 0, 9.396926, 1, 1, 1, 3.420203, -100, -9.396927, 2, 2, 2, True
20.99152, -3.420202, 0, 9.396926, 1, 1, 1, 3.420203, -100, -9.396927, 2, 2, 2, True
20.99843, -3.420202, 0, 9.396926, 1, 1, 1, 3.420203, -100, -9.396927, 2, 2, 2, True
21.00213, -3.420202, 0, 9.396926, 1, 1, 1, 3.420203, -100, -9.396927, 2, 2, 2, True
21.01805, -3.420202, 0, 9.396926, 1, 1, 1, 3.420203, -100, -9.396927, 2, 2, 2, True
21.02197, -3.420202, 0, 9.396926, 1, 1, 1, 3.420203, -100, -9.396927, 2, 2, 2, True
21.02595, -3.420202, 0, 9.396926, 1, 1, 1, 3.420203, -100, -9.396927, 2, 2, 2, True
21.03001, -3.420202, 0, 9.396926, 1, 1, 1, 3.420203, -100, -9.396927, 2, 2, 2, True
21.03402, -3.420202, 0, 9.396926, 1, 1, 1, 3.420203, -100, -9.396927, 2, 2, 2, True
21.03794, -3.420202, 0, 9.396926, 1, 1, 1, 3.420203, -100, -9.396927, 2, 2, 2, True
21.0423, -3.420202, 0, 9.396926, 1, 1, 1, 3.420203, -100, -9.396927, 2, 2, 2, True
21.04608, -3.420202, 0, 9.396926, 1, 1, 1, 3.420203, -100, -9.396927, 2, 2, 2, True
21.0502, -3.420202, 0, 9.396926, 1, 1, 1, 3.420203, -100, -9.396927, 2, 2, 2, True
21.05407, -3.420202, 0, 9.396926, 1, 1, 1, 3.420203, -100, -9.396927, 2, 2, 2, True
21.05808, -3.420202, 0, 9.396926, 1, 1, 1, 3.420203, -100, -9.396927, 2, 2, 2, True
21.06196, -3.420202, 0, 9.396926, 1, 1, 1, 3.420203, -100, -9.396927, 2, 2, 2, True
21.06596, -3.420202, 0, 9.396926, 1, 1, 1, 3.420203, -100, -9.396927, 2, 2, 2, True
21.07007, -3.420202, 0, 9.396926, 1, 1, 1, 3.420203, -100, -9.396927, 2, 2, 2, True
21.0739, -3.420202, 0, 9.396926, 1, 1, 1, 3.420203, -100, -9.396927, 2, 2, 2, True
21.07827, -3.420202, 0, 9.396926, 1, 1, 1, 3.420203, -100, -9.396927, 2, 2, 2, True
21.08234, -3.420202, 0, 9.396926, 1, 1, 1, 3.420203, -100, -9.396927, 2, 2, 2, True
21.08699, -3.420202, 0, 9.396926, 1, 1, 1, 3.420203, -100, -9.396927, 2, 2, 2, True
21.09149, -3.420202, 0, 9.396926, 1, 1, 1, 3.420203, -100, -9.396927, 2, 2, 2, True
21.09565, -3.420202, 0, 9.396926, 1, 1, 1, 3.420203, -100, -9.396927, 2, 2, 2, True
21.10242, -3.420202, 0, 9.396926, 1, 1, 1, 3.420203, -100, -9.396927, 2, 2, 2, True
21.10609, -3.420202, 0, 9.396926, 1, 1, 1, 3.420203, -100, -9.396927, 2, 2, 2, True
21.11015, -3.420202, 0, 9.396926, 1, 1, 1, 3.420203, -100, -9.396927, 2, 2, 2, True
21.11425, -3.420202, 0, 9.396926, 1, 1, 1, 3.420203, -100, -9.396927, 2, 2, 2, True
21.11892, -3.420202, 0, 9.396926, 1, 1, 1, 3.420203, -100, -9.396927, 2, 2, 2, True
21.12317, -3.420202, 0, 9.396926, 1, 1, 1, 3.420203, -100, -9.396927, 2, 2, 2, True
21.12823, -3.420202, 0, 9.396926, 1, 1, 1, 3.420203, -100, -9.396927, 2, 2, 2, True
21.13422, -3.420202, 0, 9.396926, 1, 1, 1, 3.420203, -100, -9.396927, 2, 2, 2, True
21.13815, -3.420202, 0, 9.396926, 1, 1, 1, 3.420203, -100, -9.396927, 2, 2, 2, True
21.14211, -3.420202, 0, 9.396926, 1, 1, 1, 3.420203, -100, -9.396927, 2, 2, 2, True
21.14623, -3.420202, 0, 9.396926, 1, 1, 1, 3.420203, -100, -9.396927, 2, 2, 2, True
21.15036, -3.420202, 0, 9.396926, 1, 1, 1, 3.420203, -100, -9.396927, 2, 2, 2, True
21.15805, -3.420202, 0, 9.396926, 1, 1, 1, 3.420203, -100, -9.396927, 2, 2, 2, True
21.16598, -3.420202, 0, 9.396926, 1, 1, 1, 3.420203, -100, -9.396927, 2, 2, 2, True
21.17414, -3.420202, 0, 9.396926, 1, 1, 1, 3.420203, -100, -9.396927, 2, 2, 2, True
21.17825, -3.420202, 0, 9.396926, 1, 1, 1, 3.420203, -100, -9.396927, 2, 2, 2, True
21.18219, -3.420202, 0, 9.396926, 1, 1, 1, 3.420203, -100, -9.396927, 2, 2, 2, True
21.18612, -3.420202, 0, 9.396926, 1, 1, 1, 3.420203, -100, -9.396927, 2, 2, 2, True
21.18996, -3.420202, 0, 9.396926, 1, 1, 1, 3.420203, -100, -9.396927, 2, 2, 2, True
21.19398, -3.420202, 0, 9.396926, 1, 1, 1, 3.420203, -100, -9.396927, 2, 2, 2, True
21.20556, -3.420202, 0, 9.396926, 1, 1, 1, 3.420203, -100, -9.396927, 2, 2, 2, True
21.21019, -3.420202, 0, 9.396926, 1, 1, 1, 3.420203, -100, -9.396927, 2, 2, 2, True
21.21396, -3.420202, 0, 9.396926, 1, 1, 1, 3.420203, -100, -9.396927, 2, 2, 2, True
21.21806, -3.420202, 0, 9.396926, 1, 1, 1, 3.420203, -100, -9.396927, 2, 2, 2, True
21.22201, -3.420202, 0, 9.396926, 1, 1, 1, 3.420203, -100, -9.396927, 2, 2, 2, True
21.22598, -3.420202, 0, 9.396926, 1, 1, 1, 3.420203, -100, -9.396927, 2, 2, 2, True
21.23018, -3.420202, 0, 9.396926, 1, 1, 1, 3.420203, -100, -9.396927, 2, 2, 2, True
21.23412, -3.420202, 0, 9.396926, 1, 1, 1, 3.420203, -100, -9.396927, 2, 2, 2, True
21.23822, -3.420202, 0, 9.396926, 1, 1, 1, 3.420203, -100, -9.396927, 2, 2, 2, True
21.24218, -3.420202, 0, 9.396926, 1, 1, 1, 3.420203, -100, -9.396927, 2, 2, 2, True
21.24608, -3.420202, 0, 9.396926, 1, 1, 1, 3.420203, -100, -9.396927, 2, 2, 2, True
21.25012, -3.420202, 0, 9.396926, 1, 1, 1, 3.420203, -100, -9.396927, 2, 2, 2, True
21.25401, -3.420202, 0, 9.396926, 1, 1, 1, 3.420203, -100, -9.396927, 2, 2, 2, True
21.2581, -3.420202, 0, 9.396926, 1, 1, 1, 3.420203, -100, -9.396927, 2, 2, 2, True
21.26196, -3.420202, 0, 9.396926, 1, 1, 1, 3.420203, -100, -9.396927, 2, 2, 2, True
21.266, -3.420202, 0, 9.396926, 1, 1, 1, 3.420203, -100, -9.396927, 2, 2, 2, True
21.27005, -3.420202, 0, 9.396926, 1, 1, 1, 3.420203, -100, -9.396927, 2, 2, 2, True
21.27388, -3.420202, 0, 9.396926, 1, 1, 1, 3.420203, -100, -9.396927, 2, 2, 2, True
21.27796, -3.420202, 0, 9.396926, 1, 1, 1, 3.420203, -100, -9.396927, 2, 2, 2, True
21.2822, -3.420202, 0, 9.396926, 1, 1, 1, 3.420203, -100, -9.396927, 2, 2, 2, True
21.28618, -3.420202, 0, 9.396926, 1, 1, 1, 3.420203, -100, -9.396927, 2, 2, 2, True
21.29013, -3.420202, 0, 9.396926, 1, 1, 1, 3.420203, -100, -9.396927, 2, 2, 2, True
21.29404, -3.420202, 0, 9.396926, 1, 1, 1, 3.420203, -100, -9.396927, 2, 2, 2, True
21.29806, -3.420202, 0, 9.396926, 1, 1, 1, 3.420203, -100, -9.396927, 2, 2, 2, True
21.30195, -3.420202, 0, 9.396926, 1, 1, 1, 3.420203, -100, -9.396927, 2, 2, 2, True
21.30614, -3.420202, 0, 9.396926, 1, 1, 1, 3.420203, -100, -9.396927, 2, 2, 2, True
21.31026, -3.420202, 0, 9.396926, 1, 1, 1, 3.420203, -100, -9.396927, 2, 2, 2, True
21.3141, -3.420202, 0, 9.396926, 1, 1, 1, 3.420203, -100, -9.396927, 2, 2, 2, True
21.31808, -3.420202, 0, 9.396926, 1, 1, 1, 3.420203, -100, -9.396927, 2, 2, 2, True
21.32258, -3.420202, 0, 9.396926, 1, 1, 1, 3.420203, -100, -9.396927, 2, 2, 2, True
21.3267, -3.420202, 0, 9.396926, 1, 1, 1, 3.420203, -100, -9.396927, 2, 2, 2, True
21.33133, -3.420202, 0, 9.396926, 1, 1, 1, 3.420203, -100, -9.396927, 2, 2, 2, True
21.33575, -3.420202, 0, 9.396926, 1, 1, 1, 3.420203, -100, -9.396927, 2, 2, 2, True
21.34252, -3.420202, 0, 9.396926, 1, 1, 1, 3.420203, -100, -9.396927, 2, 2, 2, True
21.346, -3.420202, 0, 9.396926, 1, 1, 1, 3.420203, -100, -9.396927, 2, 2, 2, True
21.35004, -3.420202, 0, 9.396926, 1, 1, 1, 3.420203, -100, -9.396927, 2, 2, 2, True
21.35426, -3.420202, 0, 9.396926, 1, 1, 1, 3.420203, -100, -9.396927, 2, 2, 2, True
21.35823, -3.420202, 0, 9.396926, 1, 1, 1, 3.420203, -100, -9.396927, 2, 2, 2, True
21.36298, -3.420202, 0, 9.396926, 1, 1, 1, 3.420203, -100, -9.396927, 2, 2, 2, True
21.36754, -3.420202, 0, 9.396926, 1, 1, 1, 3.420203, -100, -9.396927, 2, 2, 2, True
21.3744, -3.420202, 0, 9.396926, 1, 1, 1, 3.420203, -100, -9.396927, 2, 2, 2, True
21.37808, -3.420202, 0, 9.396926, 1, 1, 1, 3.420203, -100, -9.396927, 2, 2, 2, True
21.38196, -3.420202, 0, 9.396926, 1, 1, 1, 3.420203, -100, -9.396927, 2, 2, 2, True
21.38613, -3.420202, 0, 9.396926, 1, 1, 1, 3.420203, -100, -9.396927, 2, 2, 2, True
21.39058, -3.420202, 0, 9.396926, 1, 1, 1, 3.420203, -100, -9.396927, 2, 2, 2, True
21.3951, -3.420202, 0, 9.396926, 1, 1, 1, 3.420203, -100, -9.396927, 2, 2, 2, True
21.39948, -3.420202, 0, 9.396926, 1, 1, 1, 3.420203, -100, -9.396927, 2, 2, 2, True
21.40359, -3.420202, 0, 9.396926, 1, 1, 1, 3.420203, -100, -9.396927, 2, 2, 2, True
21.41032, -3.420202, 0, 9.396926, 1, 1, 1, 3.420203, -100, -9.396927, 2, 2, 2, True
21.41401, -3.420202, 0, 9.396926, 1, 1, 1, 3.420203, -100, -9.396927, 2, 2, 2, True
21.41815, -3.420202, 0, 9.396926, 1, 1, 1, 3.420203, -100, -9.396927, 2, 2, 2, True
21.42212, -3.420202, 0, 9.396926, 1, 1, 1, 3.420203, -100, -9.396927, 2, 2, 2, True
21.42608, -3.420202, 0, 9.396926, 1, 1, 1, 3.420203, -100, -9.396927, 2, 2, 2, True
21.43067, -3.420202, 0, 9.396926, 1, 1, 1, 3.420203, -100, -9.396927, 2, 2, 2, True
21.43513, -3.420202, 0, 9.396926, 1, 1, 1, 3.420203, -100, -9.396927, 2, 2, 2, True
21.4396, -3.420202, 0, 9.396926, 1, 1, 1, 3.420203, -100, -9.396927, 2, 2, 2, True
21.44643, -3.420202, 0, 9.396926, 1, 1, 1, 3.420203, -100, -9.396927, 2, 2, 2, True
21.45008, -3.420202, 0, 9.396926, 1, 1, 1, 3.420203, -100, -9.396927, 2, 2, 2, True
21.45413, -3.420202, 0, 9.396926, 1, 1, 1, 3.420203, -100, -9.396927, 2, 2, 2, True
21.45815, -3.420202, 0, 9.396926, 1, 1, 1, 3.420203, -100, -9.396927, 2, 2, 2, True
21.46261, -3.420202, 0, 9.396926, 1, 1, 1, 3.420203, -100, -9.396927, 2, 2, 2, True
21.46674, -3.420202, 0, 9.396926, 1, 1, 1, 3.420203, -100, -9.396927, 2, 2, 2, True
21.47119, -3.420202, 0, 9.396926, 1, 1, 1, 3.420203, -100, -9.396927, 2, 2, 2, True
21.47611, -3.420202, 0, 9.396926, 1, 1, 1, 3.420203, -100, -9.396927, 2, 2, 2, True
21.48195, -3.420202, 0, 9.396926, 1, 1, 1, 3.420203, -100, -9.396927, 2, 2, 2, True
21.48611, -3.420202, 0, 9.396926, 1, 1, 1, 3.420203, -100, -9.396927, 2, 2, 2, True
21.4901, -3.420202, 0, 9.396926, 1, 1, 1, 3.420203, -100, -9.396927, 2, 2, 2, True
21.49426, -3.420202, 0, 9.396926, 1, 1, 1, 3.420203, -100, -9.396927, 2, 2, 2, True
21.49841, -3.420202, 0, 9.396926, 1, 1, 1, 3.420203, -100, -9.396927, 2, 2, 2, True
21.50291, -3.420202, 0, 9.396926, 1, 1, 1, 3.420203, -100, -9.396927, 2, 2, 2, True
21.50756, -3.420202, 0, 9.396926, 1, 1, 1, 3.420203, -100, -9.396927, 2, 2, 2, True
21.51396, -3.420202, 0, 9.396926, 1, 1, 1, 3.420203, -100, -9.396927, 2, 2, 2, True
21.5181, -3.420202, 0, 9.396926, 1, 1, 1, 3.420203, -100, -9.396927, 2, 2, 2, True
21.52215, -3.420202, 0, 9.396926, 1, 1, 1, 3.420203, -100, -9.396927, 2, 2, 2, True
21.52596, -3.420202, 0, 9.396926, 1, 1, 1, 3.420203, -100, -9.396927, 2, 2, 2, True
21.53042, -3.420202, 0, 9.396926, 1, 1, 1, 3.420203, -100, -9.396927, 2, 2, 2, True
21.5346, -3.420202, 0, 9.396926, 1, 1, 1, 3.420203, -100, -9.396927, 2, 2, 2, True
21.53875, -3.420202, 0, 9.396926, 1, 1, 1, 3.420203, -100, -9.396927, 2, 2, 2, True
21.54329, -3.420202, 0, 9.396926, 1, 1, 1, 3.420203, -100, -9.396927, 2, 2, 2, True
21.54789, -3.420202, 0, 9.396926, 1, 1, 1, 3.420203, -100, -9.396927, 2, 2, 2, True
21.55439, -3.420202, 0, 9.396926, 1, 1, 1, 3.420203, -100, -9.396927, 2, 2, 2, True
21.55804, -3.420202, 0, 9.396926, 1, 1, 1, 3.420203, -100, -9.396927, 2, 2, 2, True
21.562, -3.420202, 0, 9.396926, 1, 1, 1, 3.420203, -100, -9.396927, 2, 2, 2, True
21.56596, -3.420202, 0, 9.396926, 1, 1, 1, 3.420203, -100, -9.396927, 2, 2, 2, True
21.57058, -3.420202, 0, 9.396926, 1, 1, 1, 3.420203, -100, -9.396927, 2, 2, 2, True
21.57469, -3.420202, 0, 9.396926, 1, 1, 1, 3.420203, -100, -9.396927, 2, 2, 2, True
21.57965, -3.420202, 0, 9.396926, 1, 1, 1, 3.420203, -100, -9.396927, 2, 2, 2, True
21.5838, -3.420202, 0, 9.396926, 1, 1, 1, 3.420203, -100, -9.396927, 2, 2, 2, True
21.59047, -3.420202, 0, 9.396926, 1, 1, 1, 3.420203, -100, -9.396927, 2, 2, 2, True
21.59404, -3.420202, 0, 9.396926, 1, 1, 1, 3.420203, -100, -9.396927, 2, 2, 2, True
21.59822, -3.420202, 0, 9.396926, 1, 1, 1, 3.420203, -100, -9.396927, 2, 2, 2, True
21.6022, -3.420202, 0, 9.396926, 1, 1, 1, 3.420203, -100, -9.396927, 2, 2, 2, True
21.60671, -3.420202, 0, 9.396926, 1, 1, 1, 3.420203, -100, -9.396927, 2, 2, 2, True
21.61126, -3.420202, 0, 9.396926, 1, 1, 1, 3.420203, -100, -9.396927, 2, 2, 2, True
21.61541, -3.420202, 0, 9.396926, 1, 1, 1, 3.420203, -100, -9.396927, 2, 2, 2, True
21.61986, -3.420202, 0, 9.396926, 1, 1, 1, 3.420203, -100, -9.396927, 2, 2, 2, True
21.62605, -3.420202, 0, 9.396926, 1, 1, 1, 3.420203, -100, -9.396927, 2, 2, 2, True
21.63011, -3.420202, 0, 9.396926, 1, 1, 1, 3.420203, -100, -9.396927, 2, 2, 2, True
21.63411, -3.420202, 0, 9.396926, 1, 1, 1, 3.420203, -100, -9.396927, 2, 2, 2, True
21.63834, -3.420202, 0, 9.396926, 1, 1, 1, 3.420203, -100, -9.396927, 2, 2, 2, True
21.64228, -3.420202, 0, 9.396926, 1, 1, 1, 3.420203, -100, -9.396927, 2, 2, 2, True
21.64705, -3.420202, 0, 9.396926, 1, 1, 1, 3.420203, -100, -9.396927, 2, 2, 2, True
21.65161, -3.420202, 0, 9.396926, 1, 1, 1, 3.420203, -100, -9.396927, 2, 2, 2, True
21.65606, -3.420202, 0, 9.396926, 1, 1, 1, 3.420203, -100, -9.396927, 2, 2, 2, True
21.66231, -3.420202, 0, 9.396926, 1, 1, 1, 3.420203, -100, -9.396927, 2, 2, 2, True
21.66607, -3.420202, 0, 9.396926, 1, 1, 1, 3.420203, -100, -9.396927, 2, 2, 2, True
21.67014, -3.420202, 0, 9.396926, 1, 1, 1, 3.420203, -100, -9.396927, 2, 2, 2, True
21.67441, -3.420202, 0, 9.396926, 1, 1, 1, 3.420203, -100, -9.396927, 2, 2, 2, True
21.68275, -3.420202, 0, 9.396926, 1, 1, 1, 3.420203, -100, -9.396927, 2, 2, 2, True
21.69419, -3.420202, 0, 9.396926, 1, 1, 1, 3.420203, -100, -9.396927, 2, 2, 2, True
21.69811, -3.420202, 0, 9.396926, 1, 1, 1, 3.420203, -100, -9.396927, 2, 2, 2, True
21.70216, -3.420202, 0, 9.396926, 1, 1, 1, 3.420203, -100, -9.396927, 2, 2, 2, True
21.70615, -3.420202, 0, 9.396926, 1, 1, 1, 3.420203, -100, -9.396927, 2, 2, 2, True
21.71017, -3.420202, 0, 9.396926, 1, 1, 1, 3.420203, -100, -9.396927, 2, 2, 2, True
21.71417, -3.420202, 0, 9.396926, 1, 1, 1, 3.420203, -100, -9.396927, 2, 2, 2, True
21.71795, -3.420202, 0, 9.396926, 1, 1, 1, 3.420203, -100, -9.396927, 2, 2, 2, True
21.722, -3.420202, 0, 9.396926, 1, 1, 1, 3.420203, -100, -9.396927, 2, 2, 2, True
21.72589, -3.420202, 0, 9.396926, 1, 1, 1, 3.420203, -100, -9.396927, 2, 2, 2, True
21.7301, -3.420202, 0, 9.396926, 1, 1, 1, 3.420203, -100, -9.396927, 2, 2, 2, True
21.73406, -3.420202, 0, 9.396926, 1, 1, 1, 3.420203, -100, -9.396927, 2, 2, 2, True
21.73809, -3.420202, 0, 9.396926, 1, 1, 1, 3.420203, -100, -9.396927, 2, 2, 2, True
21.74226, -3.420202, 0, 9.396926, 1, 1, 1, 3.420203, -100, -9.396927, 2, 2, 2, True
21.74594, -3.420202, 0, 9.396926, 1, 1, 1, 3.420203, -100, -9.396927, 2, 2, 2, True
21.75011, -3.420202, 0, 9.396926, 1, 1, 1, 3.420203, -100, -9.396927, 2, 2, 2, True
21.75411, -3.420202, 0, 9.396926, 1, 1, 1, 3.420203, -100, -9.396927, 2, 2, 2, True
21.75794, -3.420202, 0, 9.396926, 1, 1, 1, 3.420203, -100, -9.396927, 2, 2, 2, True
21.76203, -3.420202, 0, 9.396926, 1, 1, 1, 3.420203, -100, -9.396927, 2, 2, 2, True
21.76604, -3.420202, 0, 9.396926, 1, 1, 1, 3.420203, -100, -9.396927, 2, 2, 2, True
21.77009, -3.420202, 0, 9.396926, 1, 1, 1, 3.420203, -100, -9.396927, 2, 2, 2, True
21.77416, -3.420202, 0, 9.396926, 1, 1, 1, 3.420203, -100, -9.396927, 2, 2, 2, True
21.78916, -3.420202, 0, 9.396926, 1, 1, 1, 3.420203, -100, -9.396927, 2, 2, 2, True
21.79414, -3.420202, 0, 9.396926, 1, 1, 1, 3.420203, -100, -9.396927, 2, 2, 2, True
21.79812, -3.420202, 0, 9.396926, 1, 1, 1, 3.420203, -100, -9.396927, 2, 2, 2, True
21.80204, -3.420202, 0, 9.396926, 1, 1, 1, 3.420203, -100, -9.396927, 2, 2, 2, True
21.80608, -3.420202, 0, 9.396926, 1, 1, 1, 3.420203, -100, -9.396927, 2, 2, 2, True
21.81013, -3.420202, 0, 9.396926, 1, 1, 1, 3.420203, -100, -9.396927, 2, 2, 2, True
21.81406, -3.420202, 0, 9.396926, 1, 1, 1, 3.420203, -100, -9.396927, 2, 2, 2, True
21.818, -3.420202, 0, 9.396926, 1, 1, 1, 3.420203, -100, -9.396927, 2, 2, 2, True
21.82203, -3.420202, 0, 9.396926, 1, 1, 1, 3.420203, -100, -9.396927, 2, 2, 2, True
21.82589, -3.420202, 0, 9.396926, 1, 1, 1, 3.420203, -100, -9.396927, 2, 2, 2, True
21.83022, -3.420202, 0, 9.396926, 1, 1, 1, 3.420203, -100, -9.396927, 2, 2, 2, True
21.83414, -3.420202, 0, 9.396926, 1, 1, 1, 3.420203, -100, -9.396927, 2, 2, 2, True
21.83802, -3.420202, 0, 9.396926, 1, 1, 1, 3.420203, -100, -9.396927, 2, 2, 2, True
21.84224, -3.420202, 0, 9.396926, 1, 1, 1, 3.420203, -100, -9.396927, 2, 2, 2, True
21.84805, -3.420202, 0, 9.396926, 1, 1, 1, 3.420203, -100, -9.396927, 2, 2, 2, True
21.85419, -3.420202, 0, 9.396926, 1, 1, 1, 3.420203, -100, -9.396927, 2, 2, 2, True
21.89714, -3.420202, 0, 9.396926, 1, 1, 1, 3.420203, -100, -9.396927, 2, 2, 2, True
21.90222, -3.420202, 0, 9.396926, 1, 1, 1, 3.420203, -100, -9.396927, 2, 2, 2, True
21.90996, -3.420202, 0, 9.396926, 1, 1, 1, 3.420203, -100, -9.396927, 2, 2, 2, True
21.914, -3.420202, 0, 9.396926, 1, 1, 1, 3.420203, -100, -9.396927, 2, 2, 2, True
21.91803, -3.420202, 0, 9.396926, 1, 1, 1, 3.420203, -100, -9.396927, 2, 2, 2, True
21.92203, -3.420202, 0, 9.396926, 1, 1, 1, 3.420203, -100, -9.396927, 2, 2, 2, True
21.926, -3.420202, 0, 9.396926, 1, 1, 1, 3.420203, -100, -9.396927, 2, 2, 2, True
21.93008, -3.420202, 0, 9.396926, 1, 1, 1, 3.420203, -100, -9.396927, 2, 2, 2, True
21.93413, -3.420202, 0, 9.396926, 1, 1, 1, 3.420203, -100, -9.396927, 2, 2, 2, True
21.9381, -3.420202, 0, 9.396926, 1, 1, 1, 3.420203, -100, -9.396927, 2, 2, 2, True
21.9422, -3.420202, 0, 9.396926, 1, 1, 1, 3.420203, -100, -9.396927, 2, 2, 2, True
21.946, -3.420202, 0, 9.396926, 1, 1, 1, 3.420203, -100, -9.396927, 2, 2, 2, True
21.95022, -3.420202, 0, 9.396926, 1, 1, 1, 3.420203, -100, -9.396927, 2, 2, 2, True
21.95391, -3.420202, 0, 9.396926, 1, 1, 1, 3.420203, -100, -9.396927, 2, 2, 2, True
21.95812, -3.420202, 0, 9.396926, 1, 1, 1, 3.420203, -100, -9.396927, 2, 2, 2, True
21.96208, -3.420202, 0, 9.396926, 1, 1, 1, 3.420203, -100, -9.396927, 2, 2, 2, True
21.96618, -3.420202, 0, 9.396926, 1, 1, 1, 3.420203, -100, -9.396927, 2, 2, 2, True
21.97003, -3.420202, 0, 9.396926, 1, 1, 1, 3.420203, -100, -9.396927, 2, 2, 2, True
21.97398, -3.420202, 0, 9.396926, 1, 1, 1, 3.420203, -100, -9.396927, 2, 2, 2, True
21.97806, -3.420202, 0, 9.396926, 1, 1, 1, 3.420203, -100, -9.396927, 2, 2, 2, True
21.98209, -3.420202, 0, 9.396926, 1, 1, 1, 3.420203, -100, -9.396927, 2, 2, 2, True
21.98595, -3.420202, 0, 9.396926, 1, 1, 1, 3.420203, -100, -9.396927, 2, 2, 2, True
21.99007, -3.420202, 0, 9.396926, 1, 1, 1, 3.420203, -100, -9.396927, 2, 2, 2, True
21.99391, -3.420202, 0, 9.396926, 1, 1, 1, 3.420203, -100, -9.396927, 2, 2, 2, True
21.9981, -3.420202, 0, 9.396926, 1, 1, 1, 3.420203, -100, -9.396927, 2, 2, 2, True
22.00198, -3.420202, 0, 9.396926, 1, 1, 1, 3.420203, -100, -9.396927, 2, 2, 2, True
22.00595, -3.420202, 0, 9.396926, 1, 1, 1, 3.420203, -100, -9.396927, 2, 2, 2, True
22.01028, -3.420202, 0, 9.396926, 1, 1, 1, 3.420203, -100, -9.396927, 2, 2, 2, True
22.01462, -3.420202, 0, 9.396926, 1, 1, 1, 3.420203, -100, -9.396927, 2, 2, 2, True
22.01913, -3.420202, 0, 9.396926, 1, 1, 1, 3.420203, -100, -9.396927, 2, 2, 2, True
22.02368, -3.420202, 0, 9.396926, 1, 1, 1, 3.420203, -100, -9.396927, 2, 2, 2, True
22.02992, -3.420202, 0, 9.396926, 1, 1, 1, 3.420203, -100, -9.396927, 2, 2, 2, True
22.03403, -3.420202, 0, 9.396926, 1, 1, 1, 3.420203, -100, -9.396927, 2, 2, 2, True
22.03814, -3.420202, 0, 9.396926, 1, 1, 1, 3.420203, -100, -9.396927, 2, 2, 2, True
22.04199, -3.420202, 0, 9.396926, 1, 1, 1, 3.420203, -100, -9.396927, 2, 2, 2, True
22.04672, -3.420202, 0, 9.396926, 1, 1, 1, 3.420203, -100, -9.396927, 2, 2, 2, True
22.05443, -3.420202, 0, 9.396926, 1, 1, 1, 3.420203, -100, -9.396927, 2, 2, 2, True
22.05802, -3.420202, 0, 9.396926, 1, 1, 1, 3.420203, -100, -9.396927, 2, 2, 2, True
22.06228, -3.420202, 0, 9.396926, 1, 1, 1, 3.420203, -100, -9.396927, 2, 2, 2, True
22.06644, -3.420202, 0, 9.396926, 1, 1, 1, 3.420203, -100, -9.396927, 2, 2, 2, True
22.07017, -3.420202, 0, 9.396926, 1, 1, 1, 3.420203, -100, -9.396927, 2, 2, 2, True
22.07406, -3.420202, 0, 9.396926, 1, 1, 1, 3.420203, -100, -9.396927, 2, 2, 2, True
22.07858, -3.420202, 0, 9.396926, 1, 1, 1, 3.420203, -100, -9.396927, 2, 2, 2, True
22.08321, -3.420202, 0, 9.396926, 1, 1, 1, 3.420203, -100, -9.396927, 2, 2, 2, True
22.08757, -3.420202, 0, 9.396926, 1, 1, 1, 3.420203, -100, -9.396927, 2, 2, 2, True
22.09438, -3.420202, 0, 9.396926, 1, 1, 1, 3.420203, -100, -9.396927, 2, 2, 2, True
22.09793, -3.420202, 0, 9.396926, 1, 1, 1, 3.420203, -100, -9.396927, 2, 2, 2, True
22.10219, -3.420202, 0, 9.396926, 1, 1, 1, 3.420203, -100, -9.396927, 2, 2, 2, True
22.10645, -3.420202, 0, 9.396926, 1, 1, 1, 3.420203, -100, -9.396927, 2, 2, 2, True
22.11043, -3.420202, 0, 9.396926, 1, 1, 1, 3.420203, -100, -9.396927, 2, 2, 2, True
22.11512, -3.420202, 0, 9.396926, 1, 1, 1, 3.420203, -100, -9.396927, 2, 2, 2, True
22.11963, -3.420202, 0, 9.396926, 1, 1, 1, 3.420203, -100, -9.396927, 2, 2, 2, True
22.12633, -3.420202, 0, 9.396926, 1, 1, 1, 3.420203, -100, -9.396927, 2, 2, 2, True
22.12992, -3.420202, 0, 9.396926, 1, 1, 1, 3.420203, -100, -9.396927, 2, 2, 2, True
22.13393, -3.420202, 0, 9.396926, 1, 1, 1, 3.420203, -100, -9.396927, 2, 2, 2, True
22.1382, -3.420202, 0, 9.396926, 1, 1, 1, 3.420203, -100, -9.396927, 2, 2, 2, True
22.14227, -3.420202, 0, 9.396926, 1, 1, 1, 3.420203, -100, -9.396927, 2, 2, 2, True
22.14694, -3.420202, 0, 9.396926, 1, 1, 1, 3.420203, -100, -9.396927, 2, 2, 2, True
22.15145, -3.420202, 0, 9.396926, 1, 1, 1, 3.420203, -100, -9.396927, 2, 2, 2, True
22.15838, -3.420202, 0, 9.396926, 1, 1, 1, 3.420203, -100, -9.396927, 2, 2, 2, True
22.16199, -3.420202, 0, 9.396926, 1, 1, 1, 3.420203, -100, -9.396927, 2, 2, 2, True
22.16602, -3.420202, 0, 9.396926, 1, 1, 1, 3.420203, -100, -9.396927, 2, 2, 2, True
22.17015, -3.420202, 0, 9.396926, 1, 1, 1, 3.420203, -100, -9.396927, 2, 2, 2, True
22.17474, -3.420202, 0, 9.396926, 1, 1, 1, 3.420203, -100, -9.396927, 2, 2, 2, True
22.1793, -3.420202, 0, 9.396926, 1, 1, 1, 3.420203, -100, -9.396927, 2, 2, 2, True
22.18374, -3.420202, 0, 9.396926, 1, 1, 1, 3.420203, -100, -9.396927, 2, 2, 2, True
22.19035, -3.420202, 0, 9.396926, 1, 1, 1, 3.420203, -100, -9.396927, 2, 2, 2, True
22.19412, -3.420202, 0, 9.396926, 1, 1, 1, 3.420203, -100, -9.396927, 2, 2, 2, True
22.1981, -3.420202, 0, 9.396926, 1, 1, 1, 3.420203, -100, -9.396927, 2, 2, 2, True
22.20203, -3.420202, 0, 9.396926, 1, 1, 1, 3.420203, -100, -9.396927, 2, 2, 2, True
22.20678, -3.420202, 0, 9.396926, 1, 1, 1, 3.420203, -100, -9.396927, 2, 2, 2, True
22.21136, -3.420202, 0, 9.396926, 1, 1, 1, 3.420203, -100, -9.396927, 2, 2, 2, True
22.21574, -3.420202, 0, 9.396926, 1, 1, 1, 3.420203, -100, -9.396927, 2, 2, 2, True
22.22227, -3.420202, 0, 9.396926, 1, 1, 1, 3.420203, -100, -9.396927, 2, 2, 2, True
22.22584, -3.420202, 0, 9.396926, 1, 1, 1, 3.420203, -100, -9.396927, 2, 2, 2, True
22.23006, -3.420202, 0, 9.396926, 1, 1, 1, 3.420203, -100, -9.396927, 2, 2, 2, True
22.2341, -3.420202, 0, 9.396926, 1, 1, 1, 3.420203, -100, -9.396927, 2, 2, 2, True
22.24232, -3.420202, 0, 9.396926, 1, 1, 1, 3.420203, -100, -9.396927, 2, 2, 2, True
22.2501, -3.420202, 0, 9.396926, 1, 1, 1, 3.420203, -100, -9.396927, 2, 2, 2, True
22.25412, -3.420202, 0, 9.396926, 1, 1, 1, 3.420203, -100, -9.396927, 2, 2, 2, True
22.25808, -3.420202, 0, 9.396926, 1, 1, 1, 3.420203, -100, -9.396927, 2, 2, 2, True
22.26201, -3.420202, 0, 9.396926, 1, 1, 1, 3.420203, -100, -9.396927, 2, 2, 2, True
22.26603, -3.420202, 0, 9.396926, 1, 1, 1, 3.420203, -100, -9.396927, 2, 2, 2, True
22.2701, -3.420202, 0, 9.396926, 1, 1, 1, 3.420203, -100, -9.396927, 2, 2, 2, True
22.27413, -3.420202, 0, 9.396926, 1, 1, 1, 3.420203, -100, -9.396927, 2, 2, 2, True
22.27813, -3.420202, 0, 9.396926, 1, 1, 1, 3.420203, -100, -9.396927, 2, 2, 2, True
22.28204, -3.420202, 0, 9.396926, 1, 1, 1, 3.420203, -100, -9.396927, 2, 2, 2, True
22.28605, -3.420202, 0, 9.396926, 1, 1, 1, 3.420203, -100, -9.396927, 2, 2, 2, True
22.2901, -3.420202, 0, 9.396926, 1, 1, 1, 3.420203, -100, -9.396927, 2, 2, 2, True
22.29407, -3.420202, 0, 9.396926, 1, 1, 1, 3.420203, -100, -9.396927, 2, 2, 2, True
22.29812, -3.420202, 0, 9.396926, 1, 1, 1, 3.420203, -100, -9.396927, 2, 2, 2, True
22.3021, -3.420202, 0, 9.396926, 1, 1, 1, 3.420203, -100, -9.396927, 2, 2, 2, True
22.30606, -3.420202, 0, 9.396926, 1, 1, 1, 3.420203, -100, -9.396927, 2, 2, 2, True
22.31063, -3.420202, 0, 9.396926, 1, 1, 1, 3.420203, -100, -9.396927, 2, 2, 2, True
22.31477, -3.420202, 0, 9.396926, 1, 1, 1, 3.420203, -100, -9.396927, 2, 2, 2, True
22.31925, -3.420202, 0, 9.396926, 1, 1, 1, 3.420203, -100, -9.396927, 2, 2, 2, True
22.32389, -3.420202, 0, 9.396926, 1, 1, 1, 3.420203, -100, -9.396927, 2, 2, 2, True
22.33039, -3.420202, 0, 9.396926, 1, 1, 1, 3.420203, -100, -9.396927, 2, 2, 2, True
22.33408, -3.420202, 0, 9.396926, 1, 1, 1, 3.420203, -100, -9.396927, 2, 2, 2, True
22.33812, -3.420202, 0, 9.396926, 1, 1, 1, 3.420203, -100, -9.396927, 2, 2, 2, True
22.34196, -3.420202, 0, 9.396926, 1, 1, 1, 3.420203, -100, -9.396927, 2, 2, 2, True
22.34639, -3.420202, 0, 9.396926, 1, 1, 1, 3.420203, -100, -9.396927, 2, 2, 2, True
22.35092, -3.420202, 0, 9.396926, 1, 1, 1, 3.420203, -100, -9.396927, 2, 2, 2, True
22.35564, -3.420202, 0, 9.396926, 1, 1, 1, 3.420203, -100, -9.396927, 2, 2, 2, True
22.36249, -3.420202, 0, 9.396926, 1, 1, 1, 3.420203, -100, -9.396927, 2, 2, 2, True
22.36596, -3.420202, 0, 9.396926, 1, 1, 1, 3.420203, -100, -9.396927, 2, 2, 2, True
22.37002, -3.420202, 0, 9.396926, 1, 1, 1, 3.420203, -100, -9.396927, 2, 2, 2, True
22.37398, -3.420202, 0, 9.396926, 1, 1, 1, 3.420203, -100, -9.396927, 2, 2, 2, True
22.37816, -3.420202, 0, 9.396926, 1, 1, 1, 3.420203, -100, -9.396927, 2, 2, 2, True
22.38254, -3.420202, 0, 9.396926, 1, 1, 1, 3.420203, -100, -9.396927, 2, 2, 2, True
22.38698, -3.420202, 0, 9.396926, 1, 1, 1, 3.420203, -100, -9.396927, 2, 2, 2, True
22.39144, -3.420202, 0, 9.396926, 1, 1, 1, 3.420203, -100, -9.396927, 2, 2, 2, True
22.39859, -3.420202, 0, 9.396926, 1, 1, 1, 3.420203, -100, -9.396927, 2, 2, 2, True
22.40197, -3.420202, 0, 9.396926, 1, 1, 1, 3.420203, -100, -9.396927, 2, 2, 2, True
22.40626, -3.420202, 0, 9.396926, 1, 1, 1, 3.420203, -100, -9.396927, 2, 2, 2, True
22.41027, -3.420202, 0, 9.396926, 1, 1, 1, 3.420203, -100, -9.396927, 2, 2, 2, True
22.41431, -3.420202, 0, 9.396926, 1, 1, 1, 3.420203, -100, -9.396927, 2, 2, 2, True
22.41899, -3.420202, 0, 9.396926, 1, 1, 1, 3.420203, -100, -9.396927, 2, 2, 2, True
22.43053, -3.420202, 0, 9.396926, 1, 1, 1, 3.420203, -100, -9.396927, 2, 2, 2, True
22.43822, -3.420202, 0, 9.396926, 1, 1, 1, 3.420203, -100, -9.396927, 2, 2, 2, True
22.4475, -3.420202, 0, 9.396926, 1, 1, 1, 3.420203, -100, -9.396927, 2, 2, 2, True
22.45463, -3.420202, 0, 9.396926, 1, 1, 1, 3.420203, -100, -9.396927, 2, 2, 2, True
22.45901, -3.420202, 0, 9.396926, 1, 1, 1, 3.420203, -100, -9.396927, 2, 2, 2, True
22.46645, -3.420202, 0, 9.396926, 1, 1, 1, 3.420203, -100, -9.396927, 2, 2, 2, True
22.47009, -3.420202, 0, 9.396926, 1, 1, 1, 3.420203, -100, -9.396927, 2, 2, 2, True
22.47437, -3.420202, 0, 9.396926, 1, 1, 1, 3.420203, -100, -9.396927, 2, 2, 2, True
22.47824, -3.420202, 0, 9.396926, 1, 1, 1, 3.420203, -100, -9.396927, 2, 2, 2, True
22.48723, -3.420202, 0, 9.396926, 1, 1, 1, 3.420203, -100, -9.396927, 2, 2, 2, True
22.49409, -3.420202, 0, 9.396926, 1, 1, 1, 3.420203, -100, -9.396927, 2, 2, 2, True
22.49821, -3.420202, 0, 9.396926, 1, 1, 1, 3.420203, -100, -9.396927, 2, 2, 2, True
22.50235, -3.420202, 0, 9.396926, 1, 1, 1, 3.420203, -100, -9.396927, 2, 2, 2, True
22.50613, -3.420202, 0, 9.396926, 1, 1, 1, 3.420203, -100, -9.396927, 2, 2, 2, True
22.51026, -3.420202, 0, 9.396926, 1, 1, 1, 3.420203, -100, -9.396927, 2, 2, 2, True
22.51417, -3.420202, 0, 9.396926, 1, 1, 1, 3.420203, -100, -9.396927, 2, 2, 2, True
22.51814, -3.420202, 0, 9.396926, 1, 1, 1, 3.420203, -100, -9.396927, 2, 2, 2, True
22.5221, -3.420202, 0, 9.396926, 1, 1, 1, 3.420203, -100, -9.396927, 2, 2, 2, True
22.52598, -3.420202, 0, 9.396926, 1, 1, 1, 3.420203, -100, -9.396927, 2, 2, 2, True
22.53, -3.420202, 0, 9.396926, 1, 1, 1, 3.420203, -100, -9.396927, 2, 2, 2, True
22.53407, -3.420202, 0, 9.396926, 1, 1, 1, 3.420203, -100, -9.396927, 2, 2, 2, True
22.53806, -3.420202, 0, 9.396926, 1, 1, 1, 3.420203, -100, -9.396927, 2, 2, 2, True
22.54205, -3.420202, 0, 9.396926, 1, 1, 1, 3.420203, -100, -9.396927, 2, 2, 2, True
22.5462, -3.420202, 0, 9.396926, 1, 1, 1, 3.420203, -100, -9.396927, 2, 2, 2, True
22.55009, -3.420202, 0, 9.396926, 1, 1, 1, 3.420203, -100, -9.396927, 2, 2, 2, True
22.55417, -3.420202, 0, 9.396926, 1, 1, 1, 3.420203, -100, -9.396927, 2, 2, 2, True
22.55812, -3.420202, 0, 9.396926, 1, 1, 1, 3.420203, -100, -9.396927, 2, 2, 2, True
22.56207, -3.420202, 0, 9.396926, 1, 1, 1, 3.420203, -100, -9.396927, 2, 2, 2, True
22.56601, -3.420202, 0, 9.396926, 1, 1, 1, 3.420203, -100, -9.396927, 2, 2, 2, True
22.57002, -3.420202, 0, 9.396926, 1, 1, 1, 3.420203, -100, -9.396927, 2, 2, 2, True
22.57403, -3.420202, 0, 9.396926, 1, 1, 1, 3.420203, -100, -9.396927, 2, 2, 2, True
22.5779, -3.420202, 0, 9.396926, 1, 1, 1, 3.420203, -100, -9.396927, 2, 2, 2, True
22.58205, -3.420202, 0, 9.396926, 1, 1, 1, 3.420203, -100, -9.396927, 2, 2, 2, True
22.58617, -3.420202, 0, 9.396926, 1, 1, 1, 3.420203, -100, -9.396927, 2, 2, 2, True
22.59017, -3.420202, 0, 9.396926, 1, 1, 1, 3.420203, -100, -9.396927, 2, 2, 2, True
22.59517, -3.420202, 0, 9.396926, 1, 1, 1, 3.420203, -100, -9.396927, 2, 2, 2, True
22.5991, -3.420202, 0, 9.396926, 1, 1, 1, 3.420203, -100, -9.396927, 2, 2, 2, True
22.60357, -3.420202, 0, 9.396926, 1, 1, 1, 3.420203, -100, -9.396927, 2, 2, 2, True
22.60806, -3.420202, 0, 9.396926, 1, 1, 1, 3.420203, -100, -9.396927, 2, 2, 2, True
22.61437, -3.420202, 0, 9.396926, 1, 1, 1, 3.420203, -100, -9.396927, 2, 2, 2, True
22.61803, -3.420202, 0, 9.396926, 1, 1, 1, 3.420203, -100, -9.396927, 2, 2, 2, True
22.62209, -3.420202, 0, 9.396926, 1, 1, 1, 3.420203, -100, -9.396927, 2, 2, 2, True
22.62668, -3.420202, 0, 9.396926, 1, 1, 1, 3.420203, -100, -9.396927, 2, 2, 2, True
22.63079, -3.420202, 0, 9.396926, 1, 1, 1, 3.420203, -100, -9.396927, 2, 2, 2, True
22.63525, -3.420202, 0, 9.396926, 1, 1, 1, 3.420203, -100, -9.396927, 2, 2, 2, True
22.6399, -3.420202, 0, 9.396926, 1, 1, 1, 3.420203, -100, -9.396927, 2, 2, 2, True
22.64638, -3.420202, 0, 9.396926, 1, 1, 1, 3.420203, -100, -9.396927, 2, 2, 2, True
22.65005, -3.420202, 0, 9.396926, 1, 1, 1, 3.420203, -100, -9.396927, 2, 2, 2, True
22.6541, -3.420202, 0, 9.396926, 1, 1, 1, 3.420203, -100, -9.396927, 2, 2, 2, True
22.65805, -3.420202, 0, 9.396926, 1, 1, 1, 3.420203, -100, -9.396927, 2, 2, 2, True
22.66216, -3.420202, 0, 9.396926, 1, 1, 1, 3.420203, -100, -9.396927, 2, 2, 2, True
22.66685, -3.420202, 0, 9.396926, 1, 1, 1, 3.420203, -100, -9.396927, 2, 2, 2, True
22.67135, -3.420202, 0, 9.396926, 1, 1, 1, 3.420203, -100, -9.396927, 2, 2, 2, True
22.67579, -3.420202, 0, 9.396926, 1, 1, 1, 3.420203, -100, -9.396927, 2, 2, 2, True
22.68288, -3.420202, 0, 9.396926, 1, 1, 1, 3.420203, -100, -9.396927, 2, 2, 2, True
22.68621, -3.420202, 0, 9.396926, 1, 1, 1, 3.420203, -100, -9.396927, 2, 2, 2, True
22.69014, -3.420202, 0, 9.396926, 1, 1, 1, 3.420203, -100, -9.396927, 2, 2, 2, True
22.69449, -3.420202, 0, 9.396926, 1, 1, 1, 3.420203, -100, -9.396927, 2, 2, 2, True
22.69865, -3.420202, 0, 9.396926, 1, 1, 1, 3.420203, -100, -9.396927, 2, 2, 2, True
22.7032, -3.420202, 0, 9.396926, 1, 1, 1, 3.420203, -100, -9.396927, 2, 2, 2, True
22.70783, -3.420202, 0, 9.396926, 1, 1, 1, 3.420203, -100, -9.396927, 2, 2, 2, True
22.71447, -3.420202, 0, 9.396926, 1, 1, 1, 3.420203, -100, -9.396927, 2, 2, 2, True
22.71819, -3.420202, 0, 9.396926, 1, 1, 1, 3.420203, -100, -9.396927, 2, 2, 2, True
22.72201, -3.420202, 0, 9.396926, 1, 1, 1, 3.420203, -100, -9.396927, 2, 2, 2, True
22.72593, -3.420202, 0, 9.396926, 1, 1, 1, 3.420203, -100, -9.396927, 2, 2, 2, True
22.73042, -3.420202, 0, 9.396926, 1, 1, 1, 3.420203, -100, -9.396927, 2, 2, 2, True
22.73505, -3.420202, 0, 9.396926, 1, 1, 1, 3.420203, -100, -9.396927, 2, 2, 2, True
22.73975, -3.420202, 0, 9.396926, 1, 1, 1, 3.420203, -100, -9.396927, 2, 2, 2, True
22.74654, -3.420202, 0, 9.396926, 1, 1, 1, 3.420203, -100, -9.396927, 2, 2, 2, True
22.75005, -3.420202, 0, 9.396926, 1, 1, 1, 3.420203, -100, -9.396927, 2, 2, 2, True
22.75416, -3.420202, 0, 9.396926, 1, 1, 1, 3.420203, -100, -9.396927, 2, 2, 2, True
22.75807, -3.420202, 0, 9.396926, 1, 1, 1, 3.420203, -100, -9.396927, 2, 2, 2, True
22.76218, -3.420202, 0, 9.396926, 1, 1, 1, 3.420203, -100, -9.396927, 2, 2, 2, True
22.7667, -3.420202, 0, 9.396926, 1, 1, 1, 3.420203, -100, -9.396927, 2, 2, 2, True
22.77126, -3.420202, 0, 9.396926, 1, 1, 1, 3.420203, -100, -9.396927, 2, 2, 2, True
22.77572, -3.420202, 0, 9.396926, 1, 1, 1, 3.420203, -100, -9.396927, 2, 2, 2, True
22.78243, -3.420202, 0, 9.396926, 1, 1, 1, 3.420203, -100, -9.396927, 2, 2, 2, True
22.79402, -3.420202, 0, 9.396926, 1, 1, 1, 3.420203, -100, -9.396927, 2, 2, 2, True
22.79812, -3.420202, 0, 9.396926, 1, 1, 1, 3.420203, -100, -9.396927, 2, 2, 2, True
22.80193, -3.420202, 0, 9.396926, 1, 1, 1, 3.420203, -100, -9.396927, 2, 2, 2, True
22.80608, -3.420202, 0, 9.396926, 1, 1, 1, 3.420203, -100, -9.396927, 2, 2, 2, True
22.80998, -3.420202, 0, 9.396926, 1, 1, 1, 3.420203, -100, -9.396927, 2, 2, 2, True
22.81404, -3.420202, 0, 9.396926, 1, 1, 1, 3.420203, -100, -9.396927, 2, 2, 2, True
22.818, -3.420202, 0, 9.396926, 1, 1, 1, 3.420203, -100, -9.396927, 2, 2, 2, True
22.8221, -3.420202, 0, 9.396926, 1, 1, 1, 3.420203, -100, -9.396927, 2, 2, 2, True
22.82607, -3.420202, 0, 9.396926, 1, 1, 1, 3.420203, -100, -9.396927, 2, 2, 2, True
22.83009, -3.420202, 0, 9.396926, 1, 1, 1, 3.420203, -100, -9.396927, 2, 2, 2, True
22.83396, -3.420202, 0, 9.396926, 1, 1, 1, 3.420203, -100, -9.396927, 2, 2, 2, True
22.83791, -3.420202, 0, 9.396926, 1, 1, 1, 3.420203, -100, -9.396927, 2, 2, 2, True
22.84196, -3.420202, 0, 9.396926, 1, 1, 1, 3.420203, -100, -9.396927, 2, 2, 2, True
22.84596, -3.420202, 0, 9.396926, 1, 1, 1, 3.420203, -100, -9.396927, 2, 2, 2, True
22.85016, -3.420202, 0, 9.396926, 1, 1, 1, 3.420203, -100, -9.396927, 2, 2, 2, True
22.8547, -3.420202, 0, 9.396926, 1, 1, 1, 3.420203, -100, -9.396927, 2, 2, 2, True
22.85864, -3.420202, 0, 9.396926, 1, 1, 1, 3.420203, -100, -9.396927, 2, 2, 2, True
22.86335, -3.420202, 0, 9.396926, 1, 1, 1, 3.420203, -100, -9.396927, 2, 2, 2, True
22.86786, -3.420202, 0, 9.396926, 1, 1, 1, 3.420203, -100, -9.396927, 2, 2, 2, True
22.87435, -3.420202, 0, 9.396926, 1, 1, 1, 3.420203, -100, -9.396927, 2, 2, 2, True
22.87787, -3.420202, 0, 9.396926, 1, 1, 1, 3.420203, -100, -9.396927, 2, 2, 2, True
22.88205, -3.420202, 0, 9.396926, 1, 1, 1, 3.420203, -100, -9.396927, 2, 2, 2, True
22.88634, -3.420202, 0, 9.396926, 1, 1, 1, 3.420203, -100, -9.396927, 2, 2, 2, True
22.8905, -3.420202, 0, 9.396926, 1, 1, 1, 3.420203, -100, -9.396927, 2, 2, 2, True
22.8954, -3.420202, 0, 9.396926, 1, 1, 1, 3.420203, -100, -9.396927, 2, 2, 2, True
22.9024, -3.420202, 0, 9.396926, 1, 1, 1, 3.420203, -100, -9.396927, 2, 2, 2, True
22.90593, -3.420202, 0, 9.396926, 1, 1, 1, 3.420203, -100, -9.396927, 2, 2, 2, True
22.9101, -3.420202, 0, 9.396926, 1, 1, 1, 3.420203, -100, -9.396927, 2, 2, 2, True
22.91416, -3.420202, 0, 9.396926, 1, 1, 1, 3.420203, -100, -9.396927, 2, 2, 2, True
22.91809, -3.420202, 0, 9.396926, 1, 1, 1, 3.420203, -100, -9.396927, 2, 2, 2, True
22.92234, -3.420202, 0, 9.396926, 1, 1, 1, 3.420203, -100, -9.396927, 2, 2, 2, True
22.92713, -3.420202, 0, 9.396926, 1, 1, 1, 3.420203, -100, -9.396927, 2, 2, 2, True
22.93134, -3.420202, 0, 9.396926, 1, 1, 1, 3.420203, -100, -9.396927, 2, 2, 2, True
22.93572, -3.420202, 0, 9.396926, 1, 1, 1, 3.420203, -100, -9.396927, 2, 2, 2, True
22.94232, -3.420202, 0, 9.396926, 1, 1, 1, 3.420203, -100, -9.396927, 2, 2, 2, True
22.94601, -3.420202, 0, 9.396926, 1, 1, 1, 3.420203, -100, -9.396927, 2, 2, 2, True
22.95012, -3.420202, 0, 9.396926, 1, 1, 1, 3.420203, -100, -9.396927, 2, 2, 2, True
22.95435, -3.420202, 0, 9.396926, 1, 1, 1, 3.420203, -100, -9.396927, 2, 2, 2, True
22.95835, -3.420202, 0, 9.396926, 1, 1, 1, 3.406331, -100, -9.401964, 2, 2, 2, True
22.963, -3.406331, 0, 9.401963, 1, 1, 1, 3.393216, -100, -9.406706, 2, 2, 2, True
22.96743, -3.393215, 0, 9.406705, 1, 1, 1, 3.377917, -100, -9.412209, 2, 2, 2, True
22.97437, -3.377916, 0, 9.41221, 1, 1, 1, 3.363365, -100, -9.417419, 2, 2, 2, True
22.9781, -3.363364, 0, 9.417419, 1, 1, 1, 3.340552, -100, -9.425537, 2, 2, 2, True
22.98212, -3.340551, 0, 9.425535, 1, 1, 1, 3.328268, -100, -9.429878, 2, 2, 2, True
22.9862, -3.328268, 0, 9.42988, 1, 1, 1, 3.315036, -100, -9.434542, 2, 2, 2, True
23.00274, -3.315035, 0, 9.43454, 1, 1, 1, 3.301604, -100, -9.439251, 2, 2, 2, True
23.00613, -3.301603, 0, 9.439249, 1, 1, 1, 3.247051, -100, -9.458155, 2, 2, 2, True
23.01014, -3.24705, 0, 9.458154, 1, 1, 1, 3.235862, -100, -9.461988, 2, 2, 2, True
23.01413, -3.235861, 0, 9.461987, 1, 1, 1, 3.222612, -100, -9.466509, 2, 2, 2, True
23.01809, -3.222611, 0, 9.466508, 1, 1, 1, 3.209405, -100, -9.470995, 2, 2, 2, True
23.02201, -3.209404, 0, 9.470994, 1, 1, 1, 3.196335, -100, -9.475412, 2, 2, 2, True
23.02598, -3.196334, 0, 9.475413, 1, 1, 1, 3.183338, -100, -9.479788, 2, 2, 2, True
23.03008, -3.183337, 0, 9.479787, 1, 1, 1, 3.1702, -100, -9.484188, 2, 2, 2, True
23.03409, -3.170199, 0, 9.484189, 1, 1, 1, 3.156614, -100, -9.48872, 2, 2, 2, True
23.03797, -3.156613, 0, 9.488719, 1, 1, 1, 3.143357, -100, -9.493118, 2, 2, 2, True
23.04198, -3.143356, 0, 9.493119, 1, 1, 1, 3.130482, -100, -9.497374, 2, 2, 2, True
23.04636, -3.130481, 0, 9.497373, 1, 1, 1, 3.117197, -100, -9.501741, 2, 2, 2, True
23.05094, -3.117196, 0, 9.501741, 1, 1, 1, 3.102667, -100, -9.506496, 2, 2, 2, True
23.05568, -3.102666, 0, 9.506495, 1, 1, 1, 3.087471, -100, -9.511442, 2, 2, 2, True
23.06242, -3.087471, 0, 9.511442, 1, 1, 1, 3.071709, -100, -9.516546, 2, 2, 2, True
23.07943, -3.071708, 0, 9.516544, 1, 1, 1, 3.049307, -100, -9.523746, 2, 2, 2, True
23.08213, -3.049306, 0, 9.523746, 1, 1, 1, 2.99273, -100, -9.541679, 2, 2, 2, True
23.08609, -2.992729, 0, 9.541676, 1, 1, 1, 2.983708, -100, -9.5445, 2, 2, 2, True
23.09017, -2.983707, 0, 9.5445, 1, 1, 1, 2.970512, -100, -9.548615, 2, 2, 2, True
23.09414, -2.970511, 0, 9.548615, 1, 1, 1, 2.956927, -100, -9.552832, 2, 2, 2, True
23.09835, -2.956926, 0, 9.552832, 1, 1, 1, 2.94368, -100, -9.556921, 2, 2, 2, True
23.10197, -2.943679, 0, 9.556922, 1, 1, 1, 2.929641, -100, -9.561235, 2, 2, 2, True
23.10616, -2.92964, 0, 9.561234, 1, 1, 1, 2.917545, -100, -9.564932, 2, 2, 2, True
23.10993, -2.917544, 0, 9.564933, 1, 1, 1, 2.903546, -100, -9.569191, 2, 2, 2, True
23.1139, -2.903546, 0, 9.569191, 1, 1, 1, 2.890971, -100, -9.572998, 2, 2, 2, True
23.11807, -2.89097, 0, 9.572998, 1, 1, 1, 2.877676, -100, -9.577003, 2, 2, 2, True
23.12222, -2.877675, 0, 9.577003, 1, 1, 1, 2.863763, -100, -9.581173, 2, 2, 2, True
23.12593, -2.863763, 0, 9.581172, 1, 1, 1, 2.849862, -100, -9.585316, 2, 2, 2, True
23.13016, -2.849861, 0, 9.585317, 1, 1, 1, 2.837447, -100, -9.589001, 2, 2, 2, True
23.1341, -2.837446, 0, 9.588999, 1, 1, 1, 2.823302, -100, -9.593176, 2, 2, 2, True
23.13829, -2.823301, 0, 9.593173, 1, 1, 1, 2.810094, -100, -9.597054, 2, 2, 2, True
23.15852, -2.810094, 0, 9.597051, 1, 1, 1, 2.796048, -100, -9.601151, 2, 2, 2, True
23.1619, -2.796048, 0, 9.601151, 1, 1, 1, 2.728178, -100, -9.620659, 2, 2, 2, True
23.16625, -2.728177, 0, 9.620657, 1, 1, 1, 2.716836, -100, -9.623867, 2, 2, 2, True
23.17011, -2.716835, 0, 9.623866, 1, 1, 1, 2.702229, -100, -9.627977, 2, 2, 2, True
23.17403, -2.702228, 0, 9.627978, 1, 1, 1, 2.68925, -100, -9.631613, 2, 2, 2, True
23.1781, -2.68925, 0, 9.631611, 1, 1, 1, 2.676058, -100, -9.635286, 2, 2, 2, True
23.18195, -2.676057, 0, 9.635285, 1, 1, 1, 2.662376, -100, -9.639074, 2, 2, 2, True
23.18604, -2.662375, 0, 9.639074, 1, 1, 1, 2.649422, -100, -9.642645, 2, 2, 2, True
23.19002, -2.649421, 0, 9.642643, 1, 1, 1, 2.63563, -100, -9.646421, 2, 2, 2, True
23.19404, -2.635629, 0, 9.646422, 1, 1, 1, 2.622235, -100, -9.650072, 2, 2, 2, True
23.19794, -2.622235, 0, 9.650072, 1, 1, 1, 2.608685, -100, -9.653744, 2, 2, 2, True
23.20208, -2.608685, 0, 9.653744, 1, 1, 1, 2.595567, -100, -9.65728, 2, 2, 2, True
23.20604, -2.595566, 0, 9.657279, 1, 1, 1, 2.581583, -100, -9.66103, 2, 2, 2, True
23.21016, -2.581582, 0, 9.661027, 1, 1, 1, 2.56825, -100, -9.664577, 2, 2, 2, True
23.21414, -2.568249, 0, 9.664579, 1, 1, 1, 2.554344, -100, -9.668264, 2, 2, 2, True
23.21812, -2.554344, 0, 9.668264, 1, 1, 1, 2.540882, -100, -9.671814, 2, 2, 2, True
23.222, -2.540881, 0, 9.671811, 1, 1, 1, 2.527446, -100, -9.675331, 2, 2, 2, True
23.22604, -2.527445, 0, 9.67533, 1, 1, 1, 2.514346, -100, -9.678743, 2, 2, 2, True
23.23001, -2.514345, 0, 9.678743, 1, 1, 1, 2.500685, -100, -9.682281, 2, 2, 2, True
23.23403, -2.500685, 0, 9.682281, 1, 1, 1, 2.487295, -100, -9.68573, 2, 2, 2, True
23.23802, -2.487294, 0, 9.68573, 1, 1, 1, 2.47368, -100, -9.689219, 2, 2, 2, True
23.24224, -2.473679, 0, 9.689217, 1, 1, 1, 2.460203, -100, -9.692648, 2, 2, 2, True
23.24627, -2.460202, 0, 9.692647, 1, 1, 1, 2.445914, -100, -9.696262, 2, 2, 2, True
23.25042, -2.445913, 0, 9.696262, 1, 1, 1, 2.432246, -100, -9.699701, 2, 2, 2, True
23.25517, -2.432245, 0, 9.6997, 1, 1, 1, 2.418226, -100, -9.703205, 2, 2, 2, True
23.25983, -2.418225, 0, 9.703205, 1, 1, 1, 2.402136, -100, -9.707203, 2, 2, 2, True
23.26597, -2.402135, 0, 9.707201, 1, 1, 1, 2.38633, -100, -9.711098, 2, 2, 2, True
23.27012, -2.386329, 0, 9.711099, 1, 1, 1, 2.365513, -100, -9.71619, 2, 2, 2, True
23.27389, -2.365512, 0, 9.71619, 1, 1, 1, 2.351443, -100, -9.719604, 2, 2, 2, True
23.27817, -2.351442, 0, 9.719605, 1, 1, 1, 2.338648, -100, -9.722692, 2, 2, 2, True
23.28246, -2.338647, 0, 9.722692, 1, 1, 1, 2.324114, -100, -9.726177, 2, 2, 2, True
23.28668, -2.324114, 0, 9.726176, 1, 1, 1, 2.30953, -100, -9.729652, 2, 2, 2, True
23.29166, -2.309529, 0, 9.72965, 1, 1, 1, 2.29521, -100, -9.733038, 2, 2, 2, True
23.31108, -2.295209, 0, 9.733037, 1, 1, 1, 2.278288, -100, -9.737013, 2, 2, 2, True
23.32224, -2.278287, 0, 9.737012, 1, 1, 1, 2.212209, -100, -9.752237, 2, 2, 2, True
23.32589, -2.212208, 0, 9.752237, 1, 1, 1, 2.174208, -100, -9.76078, 2, 2, 2, True
23.33008, -2.174207, 0, 9.76078, 1, 1, 1, 2.161768, -100, -9.763544, 2, 2, 2, True
23.33428, -2.161768, 0, 9.763542, 1, 1, 1, 2.147494, -100, -9.766693, 2, 2, 2, True
23.33802, -2.147494, 0, 9.766692, 1, 1, 1, 2.133186, -100, -9.769829, 2, 2, 2, True
23.3422, -2.133185, 0, 9.769827, 1, 1, 1, 2.120433, -100, -9.772604, 2, 2, 2, True
23.34611, -2.120432, 0, 9.772603, 1, 1, 1, 2.106173, -100, -9.775688, 2, 2, 2, True
23.35011, -2.106172, 0, 9.775686, 1, 1, 1, 2.092812, -100, -9.778555, 2, 2, 2, True
23.35395, -2.092811, 0, 9.778555, 1, 1, 1, 2.07918, -100, -9.781464, 2, 2, 2, True
23.35793, -2.079179, 0, 9.781463, 1, 1, 1, 2.066048, -100, -9.784245, 2, 2, 2, True
23.36208, -2.066048, 0, 9.784245, 1, 1, 1, 2.052458, -100, -9.787104, 2, 2, 2, True
23.36606, -2.052457, 0, 9.787105, 1, 1, 1, 2.038287, -100, -9.790066, 2, 2, 2, True
23.37002, -2.038286, 0, 9.790066, 1, 1, 1, 2.024678, -100, -9.792891, 2, 2, 2, True
23.37415, -2.024678, 0, 9.79289, 1, 1, 1, 2.011134, -100, -9.795683, 2, 2, 2, True
23.37814, -2.011133, 0, 9.79568, 1, 1, 1, 1.996999, -100, -9.798573, 2, 2, 2, True
23.38199, -1.996998, 0, 9.798572, 1, 1, 1, 1.983371, -100, -9.80134, 2, 2, 2, True
23.38615, -1.98337, 0, 9.801339, 1, 1, 1, 1.970177, -100, -9.804003, 2, 2, 2, True
23.38995, -1.970176, 0, 9.804, 1, 1, 1, 1.955934, -100, -9.806854, 2, 2, 2, True
23.39409, -1.955933, 0, 9.806851, 1, 1, 1, 1.94293, -100, -9.809435, 2, 2, 2, True
23.39808, -1.94293, 0, 9.809436, 1, 1, 1, 1.928766, -100, -9.812229, 2, 2, 2, True
23.40215, -1.928765, 0, 9.81223, 1, 1, 1, 1.915091, -100, -9.814907, 2, 2, 2, True
23.40592, -1.91509, 0, 9.814909, 1, 1, 1, 1.901142, -100, -9.817619, 2, 2, 2, True
23.41031, -1.901141, 0, 9.81762, 1, 1, 1, 1.888232, -100, -9.820112, 2, 2, 2, True
23.4143, -1.888232, 0, 9.820111, 1, 1, 1, 1.873176, -100, -9.822996, 2, 2, 2, True
23.41879, -1.873175, 0, 9.822994, 1, 1, 1, 1.859494, -100, -9.825594, 2, 2, 2, True
23.42323, -1.859494, 0, 9.825593, 1, 1, 1, 1.844083, -100, -9.828499, 2, 2, 2, True
23.42854, -1.844082, 0, 9.828497, 1, 1, 1, 1.828842, -100, -9.831345, 2, 2, 2, True
23.43419, -1.828842, 0, 9.831345, 1, 1, 1, 1.810632, -100, -9.834717, 2, 2, 2, True
23.4381, -1.810632, 0, 9.834715, 1, 1, 1, 1.791224, -100, -9.838268, 2, 2, 2, True
23.44224, -1.791224, 0, 9.838268, 1, 1, 1, 1.777778, -100, -9.840706, 2, 2, 2, True
23.45803, -1.777778, 0, 9.840707, 1, 1, 1, 1.763562, -100, -9.843266, 2, 2, 2, True
23.46194, -1.763561, 0, 9.843265, 1, 1, 1, 1.709298, -100, -9.852833, 2, 2, 2, True
23.46603, -1.709297, 0, 9.852832, 1, 1, 1, 1.695844, -100, -9.855158, 2, 2, 2, True
23.47001, -1.695844, 0, 9.855157, 1, 1, 1, 1.681766, -100, -9.857571, 2, 2, 2, True
23.47408, -1.681765, 0, 9.857569, 1, 1, 1, 1.668068, -100, -9.859898, 2, 2, 2, True
23.47815, -1.668067, 0, 9.859896, 1, 1, 1, 1.654055, -100, -9.862255, 2, 2, 2, True
23.48205, -1.654054, 0, 9.862257, 1, 1, 1, 1.640064, -100, -9.864594, 2, 2, 2, True
23.48615, -1.640064, 0, 9.864593, 1, 1, 1, 1.626632, -100, -9.866817, 2, 2, 2, True
23.48993, -1.626632, 0, 9.866817, 1, 1, 1, 1.612498, -100, -9.869139, 2, 2, 2, True
23.49413, -1.612497, 0, 9.869137, 1, 1, 1, 1.599482, -100, -9.871256, 2, 2, 2, True
23.49796, -1.599482, 0, 9.871254, 1, 1, 1, 1.585013, -100, -9.873589, 2, 2, 2, True
23.50204, -1.585012, 0, 9.873588, 1, 1, 1, 1.571789, -100, -9.875702, 2, 2, 2, True
23.50606, -1.571789, 0, 9.875702, 1, 1, 1, 1.557716, -100, -9.877934, 2, 2, 2, True
23.51006, -1.557715, 0, 9.877932, 1, 1, 1, 1.543862, -100, -9.880108, 2, 2, 2, True
23.51472, -1.543861, 0, 9.880106, 1, 1, 1, 1.530084, -100, -9.88225, 2, 2, 2, True
23.51921, -1.530083, 0, 9.882249, 1, 1, 1, 1.514011, -100, -9.884724, 2, 2, 2, True
23.52373, -1.51401, 0, 9.884725, 1, 1, 1, 1.498518, -100, -9.887085, 2, 2, 2, True
23.53041, -1.498518, 0, 9.887085, 1, 1, 1, 1.482891, -100, -9.889442, 2, 2, 2, True
23.53399, -1.48289, 0, 9.889441, 1, 1, 1, 1.459828, -100, -9.892872, 2, 2, 2, True
23.53816, -1.459827, 0, 9.892872, 1, 1, 1, 1.447489, -100, -9.894684, 2, 2, 2, True
23.5423, -1.447488, 0, 9.894685, 1, 1, 1, 1.433076, -100, -9.896782, 2, 2, 2, True
23.54686, -1.433076, 0, 9.896782, 1, 1, 1, 1.418773, -100, -9.898844, 2, 2, 2, True
23.55121, -1.418773, 0, 9.898843, 1, 1, 1, 1.402995, -100, -9.901091, 2, 2, 2, True
23.55534, -1.402994, 0, 9.901092, 1, 1, 1, 1.387964, -100, -9.90321, 2, 2, 2, True
23.5596, -1.387963, 0, 9.90321, 1, 1, 1, 1.373707, -100, -9.905197, 2, 2, 2, True
23.56608, -1.373706, 0, 9.905197, 1, 1, 1, 1.358959, -100, -9.90723, 2, 2, 2, True
23.57008, -1.358958, 0, 9.907231, 1, 1, 1, 1.336535, -100, -9.910282, 2, 2, 2, True
23.57406, -1.336535, 0, 9.910281, 1, 1, 1, 1.322713, -100, -9.912136, 2, 2, 2, True
23.578, -1.322712, 0, 9.912136, 1, 1, 1, 1.308926, -100, -9.913969, 2, 2, 2, True
23.58234, -1.308925, 0, 9.913965, 1, 1, 1, 1.295287, -100, -9.915756, 2, 2, 2, True
23.58685, -1.295286, 0, 9.915757, 1, 1, 1, 1.28027, -100, -9.917706, 2, 2, 2, True
23.59138, -1.28027, 0, 9.917706, 1, 1, 1, 1.264655, -100, -9.91971, 2, 2, 2, True
23.59856, -1.264655, 0, 9.91971, 1, 1, 1, 1.24899, -100, -9.921696, 2, 2, 2, True
23.61846, -1.248989, 0, 9.921695, 1, 1, 1, 1.224117, -100, -9.924795, 2, 2, 2, True
23.62197, -1.224116, 0, 9.924794, 1, 1, 1, 1.155148, -100, -9.933058, 2, 2, 2, True
23.626, -1.155148, 0, 9.933058, 1, 1, 1, 1.142962, -100, -9.934469, 2, 2, 2, True
23.63003, -1.142961, 0, 9.934467, 1, 1, 1, 1.129, -100, -9.936064, 2, 2, 2, True
23.63406, -1.128999, 0, 9.936064, 1, 1, 1, 1.115012, -100, -9.937643, 2, 2, 2, True
23.63807, -1.115012, 0, 9.937643, 1, 1, 1, 1.10102, -100, -9.939205, 2, 2, 2, True
23.64219, -1.101019, 0, 9.939203, 1, 1, 1, 1.087124, -100, -9.940733, 2, 2, 2, True
23.64593, -1.087123, 0, 9.940733, 1, 1, 1, 1.072833, -100, -9.942286, 2, 2, 2, True
23.65002, -1.072833, 0, 9.942285, 1, 1, 1, 1.059839, -100, -9.94368, 2, 2, 2, True
23.65407, -1.059838, 0, 9.943679, 1, 1, 1, 1.045635, -100, -9.945183, 2, 2, 2, True
23.65802, -1.045635, 0, 9.945182, 1, 1, 1, 1.031593, -100, -9.94665, 2, 2, 2, True
23.66209, -1.031592, 0, 9.946649, 1, 1, 1, 1.017855, -100, -9.948065, 2, 2, 2, True
23.66602, -1.017854, 0, 9.948064, 1, 1, 1, 1.003737, -100, -9.949499, 2, 2, 2, True
23.67016, -1.003736, 0, 9.949498, 1, 1, 1, 0.9900672, -100, -9.950869, 2, 2, 2, True
23.67404, -0.9900668, 0, 9.950868, 1, 1, 1, 0.9757134, -100, -9.952286, 2, 2, 2, True
23.67812, -0.9757128, 0, 9.952286, 1, 1, 1, 0.9622235, -100, -9.9536, 2, 2, 2, True
23.68197, -0.9622232, 0, 9.953599, 1, 1, 1, 0.9480291, -100, -9.954962, 2, 2, 2, True
23.68608, -0.9480287, 0, 9.954961, 1, 1, 1, 0.9346497, -100, -9.956226, 2, 2, 2, True
23.69011, -0.9346493, 0, 9.956225, 1, 1, 1, 0.9203874, -100, -9.957556, 2, 2, 2, True
23.69397, -0.9203869, 0, 9.957554, 1, 1, 1, 0.9063694, -100, -9.958841, 2, 2, 2, True
23.69794, -0.906369, 0, 9.95884, 1, 1, 1, 0.8929566, -100, -9.960054, 2, 2, 2, True
23.70211, -0.8929563, 0, 9.960052, 1, 1, 1, 0.879133, -100, -9.961281, 2, 2, 2, True
23.70609, -0.8791325, 0, 9.961282, 1, 1, 1, 0.8646291, -100, -9.962553, 2, 2, 2, True
23.7102, -0.8646289, 0, 9.962551, 1, 1, 1, 0.8508051, -100, -9.963741, 2, 2, 2, True
23.71479, -0.8508048, 0, 9.963741, 1, 1, 1, 0.8365173, -100, -9.964954, 2, 2, 2, True
23.71929, -0.8365167, 0, 9.964951, 1, 1, 1, 0.8205298, -100, -9.96628, 2, 2, 2, True
23.72372, -0.8205293, 0, 9.96628, 1, 1, 1, 0.8048963, -100, -9.967554, 2, 2, 2, True
23.73041, -0.8048958, 0, 9.967554, 1, 1, 1, 0.789476, -100, -9.968788, 2, 2, 2, True
23.734, -0.7894755, 0, 9.968788, 1, 1, 1, 0.7662016, -100, -9.970604, 2, 2, 2, True
23.73801, -0.7662013, 0, 9.970604, 1, 1, 1, 0.753678, -100, -9.97156, 2, 2, 2, True
23.74223, -0.7536775, 0, 9.971558, 1, 1, 1, 0.7397466, -100, -9.972601, 2, 2, 2, True
23.74637, -0.739746, 0, 9.972601, 1, 1, 1, 0.7250476, -100, -9.973682, 2, 2, 2, True
23.75087, -0.7250473, 0, 9.97368, 1, 1, 1, 0.7106403, -100, -9.97472, 2, 2, 2, True
23.76594, -0.7106399, 0, 9.974717, 1, 1, 1, 0.6949502, -100, -9.975824, 2, 2, 2, True
23.77011, -0.6949496, 0, 9.975823, 1, 1, 1, 0.6424918, -100, -9.979342, 2, 2, 2, True
23.7741, -0.6424915, 0, 9.979339, 1, 1, 1, 0.627957, -100, -9.980263, 2, 2, 2, True
23.77828, -0.6279567, 0, 9.980264, 1, 1, 1, 0.6140388, -100, -9.981133, 2, 2, 2, True
23.78195, -0.6140384, 0, 9.98113, 1, 1, 1, 0.5994913, -100, -9.982016, 2, 2, 2, True
23.78621, -0.5994909, 0, 9.982015, 1, 1, 1, 0.5867017, -100, -9.982775, 2, 2, 2, True
23.79014, -0.5867013, 0, 9.982774, 1, 1, 1, 0.5718403, -100, -9.983637, 2, 2, 2, True
23.79396, -0.57184, 0, 9.983637, 1, 1, 1, 0.5581452, -100, -9.984411, 2, 2, 2, True
23.7981, -0.5581448, 0, 9.984411, 1, 1, 1, 0.5448534, -100, -9.985146, 2, 2, 2, True
23.802, -0.5448531, 0, 9.985146, 1, 1, 1, 0.5304051, -100, -9.985926, 2, 2, 2, True
23.80606, -0.5304047, 0, 9.985924, 1, 1, 1, 0.5168136, -100, -9.986637, 2, 2, 2, True
23.80997, -0.5168132, 0, 9.986636, 1, 1, 1, 0.5026659, -100, -9.987358, 2, 2, 2, True
23.8181, -0.5026654, 0, 9.987358, 1, 1, 1, 0.4890431, -100, -9.988033, 2, 2, 2, True
23.82591, -0.4890428, 0, 9.988034, 1, 1, 1, 0.4606839, -100, -9.989384, 2, 2, 2, True
23.83005, -0.4606836, 0, 9.989383, 1, 1, 1, 0.4334563, -100, -9.990602, 2, 2, 2, True
23.83401, -0.433456, 0, 9.990602, 1, 1, 1, 0.4190168, -100, -9.991219, 2, 2, 2, True
23.83806, -0.4190165, 0, 9.991218, 1, 1, 1, 0.4051944, -100, -9.991787, 2, 2, 2, True
23.84203, -0.4051939, 0, 9.991788, 1, 1, 1, 0.3910777, -100, -9.99235, 2, 2, 2, True
23.84602, -0.3910774, 0, 9.99235, 1, 1, 1, 0.3772092, -100, -9.992884, 2, 2, 2, True
23.85016, -0.3772089, 0, 9.992883, 1, 1, 1, 0.3633119, -100, -9.993399, 2, 2, 2, True
23.85419, -0.3633114, 0, 9.993398, 1, 1, 1, 0.3488449, -100, -9.993914, 2, 2, 2, True
23.85809, -0.3488446, 0, 9.993914, 1, 1, 1, 0.3348219, -100, -9.994394, 2, 2, 2, True
23.86198, -0.3348216, 0, 9.994393, 1, 1, 1, 0.3211911, -100, -9.994843, 2, 2, 2, True
23.8661, -0.3211909, 0, 9.994841, 1, 1, 1, 0.3076402, -100, -9.995268, 2, 2, 2, True
23.8701, -0.3076399, 0, 9.995267, 1, 1, 1, 0.2932483, -100, -9.995699, 2, 2, 2, True
23.87395, -0.2932478, 0, 9.995699, 1, 1, 1, 0.2792901, -100, -9.996099, 2, 2, 2, True
23.87806, -0.2792898, 0, 9.996099, 1, 1, 1, 0.2658581, -100, -9.996468, 2, 2, 2, True
23.88198, -0.2658578, 0, 9.996466, 1, 1, 1, 0.251517, -100, -9.996836, 2, 2, 2, True
23.88596, -0.2515167, 0, 9.996837, 1, 1, 1, 0.2378331, -100, -9.997175, 2, 2, 2, True
23.89029, -0.2378328, 0, 9.997171, 1, 1, 1, 0.2239672, -100, -9.997492, 2, 2, 2, True
23.89481, -0.2239669, 0, 9.997492, 1, 1, 1, 0.2088502, -100, -9.997818, 2, 2, 2, True
23.89923, -0.2088496, 0, 9.997819, 1, 1, 1, 0.1930683, -100, -9.998135, 2, 2, 2, True
23.90339, -0.193068, 0, 9.998137, 1, 1, 1, 0.1776505, -100, -9.998421, 2, 2, 2, True
23.91797, -0.1776502, 0, 9.998422, 1, 1, 1, 0.1631261, -100, -9.998672, 2, 2, 2, True
23.92212, -0.1631259, 0, 9.99867, 1, 1, 1, 0.1122268, -100, -9.999371, 2, 2, 2, True
23.92609, -0.1122266, 0, 9.999371, 1, 1, 1, 0.09774683, -100, -9.999523, 2, 2, 2, True
23.93028, -0.09774651, 0, 9.999522, 1, 1, 1, 0.0838839, -100, -9.999649, 2, 2, 2, True
23.93404, -0.08388357, 0, 9.999648, 1, 1, 1, 0.06926932, -100, -9.999762, 2, 2, 2, True
23.93812, -0.06926899, 0, 9.99976, 1, 1, 1, 0.05612187, -100, -9.999846, 2, 2, 2, True
23.94199, -0.05612154, 0, 9.999843, 1, 1, 1, 0.04190269, -100, -9.999912, 2, 2, 2, True
23.94608, -0.04190248, 0, 9.999912, 1, 1, 1, 0.0283972, -100, -9.99996, 2, 2, 2, True
23.94995, -0.02839698, 0, 9.99996, 1, 1, 1, 0.01411049, -100, -9.99999, 2, 2, 2, True
23.95401, -0.01411006, 0, 9.99999, 1, 1, 1, 0.0005887134, -100, -10, 2, 2, 2, True
23.95799, -0.0005884956, 0, 10, 1, 1, 1, -0.0135672, -100, -9.99999, 2, 2, 2, True
23.96212, 0.01356764, 0, 9.99999, 1, 1, 1, -0.02746681, -100, -9.999962, 2, 2, 2, True
23.96603, 0.02746713, 0, 9.999962, 1, 1, 1, -0.04188625, -100, -9.999914, 2, 2, 2, True
23.97047, 0.04188657, 0, 9.999912, 1, 1, 1, -0.05553447, -100, -9.999847, 2, 2, 2, True
23.97491, 0.05553469, 0, 9.999846, 1, 1, 1, -0.07103521, -100, -9.999748, 2, 2, 2, True
23.97996, 0.07103542, 0, 9.999747, 1, 1, 1, -0.08650925, -100, -9.999628, 2, 2, 2, True
23.98655, 0.08650947, 0, 9.999626, 1, 1, 1, -0.1041522, -100, -9.999458, 2, 2, 2, True
23.99413, 0.1041525, 0, 9.999457, 1, 1, 1, -0.1271547, -100, -9.999191, 2, 2, 2, True
23.99809, 0.1271551, 0, 9.999191, 1, 1, 1, -0.153599, -100, -9.998819, 2, 2, 2, True
24.00213, 0.1535992, 0, 9.99882, 1, 1, 1, -0.1674348, -100, -9.998598, 2, 2, 2, True
24.00609, 0.167435, 0, 9.998598, 1, 1, 1, -0.181547, -100, -9.998352, 2, 2, 2, True
24.01007, 0.1815472, 0, 9.998352, 1, 1, 1, -0.1953675, -100, -9.998093, 2, 2, 2, True
24.01402, 0.1953678, 0, 9.998092, 1, 1, 1, -0.2092588, -100, -9.99781, 2, 2, 2, True
24.01807, 0.209259, 0, 9.99781, 1, 1, 1, -0.2230089, -100, -9.997513, 2, 2, 2, True
24.02202, 0.2230091, 0, 9.997513, 1, 1, 1, -0.2371479, -100, -9.997189, 2, 2, 2, True
24.02597, 0.2371481, 0, 9.997188, 1, 1, 1, -0.250939, -100, -9.996853, 2, 2, 2, True
24.03013, 0.2509392, 0, 9.996851, 1, 1, 1, -0.2647204, -100, -9.996498, 2, 2, 2, True
24.03407, 0.2647206, 0, 9.996495, 1, 1, 1, -0.2792282, -100, -9.996101, 2, 2, 2, True
24.03826, 0.2792284, 0, 9.9961, 1, 1, 1, -0.2929851, -100, -9.995708, 2, 2, 2, True
24.04237, 0.2929856, 0, 9.995708, 1, 1, 1, -0.3075976, -100, -9.99527, 2, 2, 2, True
24.04705, 0.3075977, 0, 9.995268, 1, 1, 1, -0.32196, -100, -9.994816, 2, 2, 2, True
24.05149, 0.3219602, 0, 9.994816, 1, 1, 1, -0.3382936, -100, -9.994278, 2, 2, 2, True
24.0585, 0.3382938, 0, 9.994276, 1, 1, 1, -0.3537455, -100, -9.993742, 2, 2, 2, True
24.07846, 0.3537458, 0, 9.993741, 1, 1, 1, -0.3782278, -100, -9.992846, 2, 2, 2, True
24.08189, 0.3782281, 0, 9.992845, 1, 1, 1, -0.4478343, -100, -9.989969, 2, 2, 2, True
24.08605, 0.4478347, 0, 9.989967, 1, 1, 1, -0.4597867, -100, -9.989426, 2, 2, 2, True
24.08994, 0.4597869, 0, 9.989424, 1, 1, 1, -0.4742971, -100, -9.988749, 2, 2, 2, True
24.09416, 0.4742974, 0, 9.988746, 1, 1, 1, -0.4878564, -100, -9.988092, 2, 2, 2, True
24.09814, 0.4878567, 0, 9.988092, 1, 1, 1, -0.5025617, -100, -9.987364, 2, 2, 2, True
24.10215, 0.5025618, 0, 9.987364, 1, 1, 1, -0.5164527, -100, -9.986658, 2, 2, 2, True
24.10606, 0.5164531, 0, 9.986655, 1, 1, 1, -0.5304315, -100, -9.985924, 2, 2, 2, True
24.11014, 0.5304316, 0, 9.985922, 1, 1, 1, -0.5440562, -100, -9.985189, 2, 2, 2, True
24.11406, 0.5440564, 0, 9.985189, 1, 1, 1, -0.5582593, -100, -9.984406, 2, 2, 2, True
24.11799, 0.5582595, 0, 9.984406, 1, 1, 1, -0.5719498, -100, -9.983633, 2, 2, 2, True
24.12205, 0.57195, 0, 9.98363, 1, 1, 1, -0.5856278, -100, -9.982838, 2, 2, 2, True
24.12601, 0.585628, 0, 9.982838, 1, 1, 1, -0.5997623, -100, -9.981998, 2, 2, 2, True
24.13009, 0.5997627, 0, 9.981998, 1, 1, 1, -0.6135896, -100, -9.981159, 2, 2, 2, True
24.13402, 0.6135897, 0, 9.981157, 1, 1, 1, -0.6277919, -100, -9.980276, 2, 2, 2, True
24.13825, 0.6277922, 0, 9.980274, 1, 1, 1, -0.6414859, -100, -9.979403, 2, 2, 2, True
24.14207, 0.6414861, 0, 9.979403, 1, 1, 1, -0.6562204, -100, -9.978445, 2, 2, 2, True
24.1461, 0.6562207, 0, 9.978445, 1, 1, 1, -0.6695381, -100, -9.977562, 2, 2, 2, True
24.15011, 0.6695381, 0, 9.977561, 1, 1, 1, -0.6835448, -100, -9.976612, 2, 2, 2, True
24.15407, 0.683545, 0, 9.976611, 1, 1, 1, -0.6975255, -100, -9.975643, 2, 2, 2, True
24.15802, 0.6975256, 0, 9.975643, 1, 1, 1, -0.7112973, -100, -9.974674, 2, 2, 2, True
24.16205, 0.7112975, 0, 9.97467, 1, 1, 1, -0.7250636, -100, -9.97368, 2, 2, 2, True
24.16599, 0.7250637, 0, 9.97368, 1, 1, 1, -0.7391067, -100, -9.972649, 2, 2, 2, True
24.17015, 0.7391069, 0, 9.972649, 1, 1, 1, -0.7528048, -100, -9.971626, 2, 2, 2, True
24.17408, 0.7528049, 0, 9.971624, 1, 1, 1, -0.767296, -100, -9.97052, 2, 2, 2, True
24.1782, 0.7672965, 0, 9.970519, 1, 1, 1, -0.7809732, -100, -9.96946, 2, 2, 2, True
24.18267, 0.7809734, 0, 9.969458, 1, 1, 1, -0.7952856, -100, -9.968327, 2, 2, 2, True
24.18748, 0.7952859, 0, 9.968326, 1, 1, 1, -0.8108419, -100, -9.967073, 2, 2, 2, True
24.19157, 0.810842, 0, 9.967072, 1, 1, 1, -0.8275887, -100, -9.965696, 2, 2, 2, True
24.19797, 0.827589, 0, 9.965696, 1, 1, 1, -0.8418084, -100, -9.964506, 2, 2, 2, True
24.20204, 0.8418086, 0, 9.964505, 1, 1, 1, -0.8640692, -100, -9.962601, 2, 2, 2, True
24.2063, 0.8640693, 0, 9.962599, 1, 1, 1, -0.8782348, -100, -9.961361, 2, 2, 2, True
24.21021, 0.878235, 0, 9.961361, 1, 1, 1, -0.8930542, -100, -9.960043, 2, 2, 2, True
24.22593, 0.8930543, 0, 9.960043, 1, 1, 1, -0.9066457, -100, -9.958817, 2, 2, 2, True
24.22997, 0.9066459, 0, 9.958815, 1, 1, 1, -0.9612456, -100, -9.953695, 2, 2, 2, True
24.23395, 0.9612458, 0, 9.953693, 1, 1, 1, -0.9752839, -100, -9.952328, 2, 2, 2, True
24.23808, 0.975284, 0, 9.952328, 1, 1, 1, -0.9891308, -100, -9.95096, 2, 2, 2, True
24.24201, 0.9891309, 0, 9.950961, 1, 1, 1, -1.003477, -100, -9.949526, 2, 2, 2, True
24.24615, 1.003477, 0, 9.949524, 1, 1, 1, -1.017104, -100, -9.948143, 2, 2, 2, True
24.25011, 1.017104, 0, 9.94814, 1, 1, 1, -1.031493, -100, -9.946659, 2, 2, 2, True
24.25429, 1.031493, 0, 9.946659, 1, 1, 1, -1.045228, -100, -9.945225, 2, 2, 2, True
24.25794, 1.045228, 0, 9.945225, 1, 1, 1, -1.059743, -100, -9.943689, 2, 2, 2, True
24.26202, 1.059744, 0, 9.943688, 1, 1, 1, -1.072421, -100, -9.942329, 2, 2, 2, True
24.266, 1.072421, 0, 9.942329, 1, 1, 1, -1.086573, -100, -9.940792, 2, 2, 2, True
24.27015, 1.086573, 0, 9.940793, 1, 1, 1, -1.10038, -100, -9.939276, 2, 2, 2, True
24.27394, 1.100381, 0, 9.939274, 1, 1, 1, -1.114787, -100, -9.937672, 2, 2, 2, True
24.2784, 1.114787, 0, 9.937668, 1, 1, 1, -1.127951, -100, -9.936184, 2, 2, 2, True
24.28289, 1.127951, 0, 9.936183, 1, 1, 1, -1.143389, -100, -9.93442, 2, 2, 2, True
24.28708, 1.143389, 0, 9.934418, 1, 1, 1, -1.158963, -100, -9.932615, 2, 2, 2, True
24.29152, 1.158963, 0, 9.932613, 1, 1, 1, -1.173483, -100, -9.930908, 2, 2, 2, True
24.29842, 1.173483, 0, 9.930908, 1, 1, 1, -1.188871, -100, -9.929079, 2, 2, 2, True
24.30202, 1.188871, 0, 9.929078, 1, 1, 1, -1.212803, -100, -9.926184, 2, 2, 2, True
24.30603, 1.212803, 0, 9.926183, 1, 1, 1, -1.225257, -100, -9.924656, 2, 2, 2, True
24.31004, 1.225257, 0, 9.924653, 1, 1, 1, -1.239177, -100, -9.922926, 2, 2, 2, True
24.31432, 1.239177, 0, 9.922925, 1, 1, 1, -1.253047, -100, -9.921185, 2, 2, 2, True
24.31854, 1.253047, 0, 9.921183, 1, 1, 1, -1.267852, -100, -9.919302, 2, 2, 2, True
24.326, 1.267852, 0, 9.919302, 1, 1, 1, -1.282487, -100, -9.917421, 2, 2, 2, True
24.33402, 1.282487, 0, 9.91742, 1, 1, 1, -1.308311, -100, -9.914047, 2, 2, 2, True
24.33822, 1.308311, 0, 9.914046, 1, 1, 1, -1.33604, -100, -9.910347, 2, 2, 2, True
24.34214, 1.33604, 0, 9.910348, 1, 1, 1, -1.350583, -100, -9.908379, 2, 2, 2, True
24.3462, 1.350584, 0, 9.908377, 1, 1, 1, -1.364143, -100, -9.906519, 2, 2, 2, True
24.35003, 1.364143, 0, 9.906519, 1, 1, 1, -1.378177, -100, -9.904577, 2, 2, 2, True
24.35405, 1.378177, 0, 9.904576, 1, 1, 1, -1.391429, -100, -9.902723, 2, 2, 2, True
24.35812, 1.391429, 0, 9.902723, 1, 1, 1, -1.405298, -100, -9.900764, 2, 2, 2, True
24.362, 1.405298, 0, 9.900764, 1, 1, 1, -1.419382, -100, -9.898756, 2, 2, 2, True
24.38641, 1.419382, 0, 9.898755, 1, 1, 1, -1.432765, -100, -9.896828, 2, 2, 2, True
24.38997, 1.432765, 0, 9.896827, 1, 1, 1, -1.517054, -100, -9.88426, 2, 2, 2, True
24.3946, 1.517054, 0, 9.884257, 1, 1, 1, -1.529333, -100, -9.882366, 2, 2, 2, True
24.39824, 1.529333, 0, 9.882365, 1, 1, 1, -1.545307, -100, -9.879883, 2, 2, 2, True
24.40648, 1.545307, 0, 9.87988, 1, 1, 1, -1.557853, -100, -9.877909, 2, 2, 2, True
24.41005, 1.557853, 0, 9.87791, 1, 1, 1, -1.586267, -100, -9.873386, 2, 2, 2, True
24.41412, 1.586267, 0, 9.873386, 1, 1, 1, -1.598564, -100, -9.871405, 2, 2, 2, True
24.41803, 1.598564, 0, 9.871403, 1, 1, 1, -1.612593, -100, -9.869122, 2, 2, 2, True
24.42205, 1.612593, 0, 9.869121, 1, 1, 1, -1.626052, -100, -9.866913, 2, 2, 2, True
24.42592, 1.626052, 0, 9.866912, 1, 1, 1, -1.639907, -100, -9.86462, 2, 2, 2, True
24.43013, 1.639907, 0, 9.864619, 1, 1, 1, -1.653225, -100, -9.862396, 2, 2, 2, True
24.43406, 1.653225, 0, 9.862395, 1, 1, 1, -1.667719, -100, -9.859955, 2, 2, 2, True
24.43815, 1.667719, 0, 9.859955, 1, 1, 1, -1.681232, -100, -9.85766, 2, 2, 2, True
24.44192, 1.681232, 0, 9.85766, 1, 1, 1, -1.695319, -100, -9.855247, 2, 2, 2, True
24.44604, 1.695319, 0, 9.855247, 1, 1, 1, -1.708288, -100, -9.853008, 2, 2, 2, True
24.44992, 1.708288, 0, 9.853007, 1, 1, 1, -1.722436, -100, -9.850544, 2, 2, 2, True
24.45412, 1.722436, 0, 9.850544, 1, 1, 1, -1.735774, -100, -9.848202, 2, 2, 2, True
24.45815, 1.735774, 0, 9.848203, 1, 1, 1, -1.750232, -100, -9.845646, 2, 2, 2, True
24.46206, 1.750232, 0, 9.845643, 1, 1, 1, -1.76406, -100, -9.843176, 2, 2, 2, True
24.46598, 1.76406, 0, 9.843175, 1, 1, 1, -1.77751, -100, -9.840757, 2, 2, 2, True
24.47016, 1.77751, 0, 9.840755, 1, 1, 1, -1.790972, -100, -9.838316, 2, 2, 2, True
24.47393, 1.790972, 0, 9.838314, 1, 1, 1, -1.80533, -100, -9.835691, 2, 2, 2, True
24.47807, 1.80533, 0, 9.83569, 1, 1, 1, -1.818275, -100, -9.833305, 2, 2, 2, True
24.48185, 1.818275, 0, 9.833304, 1, 1, 1, -1.832474, -100, -9.830667, 2, 2, 2, True
24.48609, 1.832474, 0, 9.830668, 1, 1, 1, -1.84543, -100, -9.828245, 2, 2, 2, True
24.4901, 1.84543, 0, 9.828244, 1, 1, 1, -1.859994, -100, -9.8255, 2, 2, 2, True
24.49409, 1.859994, 0, 9.825499, 1, 1, 1, -1.873722, -100, -9.822891, 2, 2, 2, True
24.49816, 1.873722, 0, 9.82289, 1, 1, 1, -1.887419, -100, -9.820269, 2, 2, 2, True
24.50286, 1.887419, 0, 9.820268, 1, 1, 1, -1.901359, -100, -9.817579, 2, 2, 2, True
24.50704, 1.901359, 0, 9.817578, 1, 1, 1, -1.91748, -100, -9.814442, 2, 2, 2, True
24.5121, 1.91748, 0, 9.814442, 1, 1, 1, -1.9318, -100, -9.811632, 2, 2, 2, True
24.51851, 1.9318, 0, 9.811633, 1, 1, 1, -1.94911, -100, -9.808208, 2, 2, 2, True
24.53818, 1.94911, 0, 9.808209, 1, 1, 1, -1.971072, -100, -9.80382, 2, 2, 2, True
24.54192, 1.971072, 0, 9.80382, 1, 1, 1, -2.038324, -100, -9.79006, 2, 2, 2, True
24.54628, 2.038324, 0, 9.790058, 1, 1, 1, -2.051107, -100, -9.78739, 2, 2, 2, True
24.55007, 2.051107, 0, 9.787388, 1, 1, 1, -2.065988, -100, -9.784258, 2, 2, 2, True
24.55412, 2.065988, 0, 9.784258, 1, 1, 1, -2.078951, -100, -9.781511, 2, 2, 2, True
24.55813, 2.078951, 0, 9.781511, 1, 1, 1, -2.092778, -100, -9.778563, 2, 2, 2, True
24.56209, 2.092778, 0, 9.778563, 1, 1, 1, -2.106449, -100, -9.775627, 2, 2, 2, True
24.56607, 2.106449, 0, 9.775626, 1, 1, 1, -2.119959, -100, -9.772705, 2, 2, 2, True
24.57004, 2.119959, 0, 9.772706, 1, 1, 1, -2.133548, -100, -9.769749, 2, 2, 2, True
24.57399, 2.133548, 0, 9.769748, 1, 1, 1, -2.147057, -100, -9.76679, 2, 2, 2, True
24.57795, 2.147057, 0, 9.766788, 1, 1, 1, -2.16055, -100, -9.763813, 2, 2, 2, True
24.58195, 2.16055, 0, 9.763812, 1, 1, 1, -2.174037, -100, -9.760817, 2, 2, 2, True
24.58616, 2.174037, 0, 9.760818, 1, 1, 1, -2.187659, -100, -9.757774, 2, 2, 2, True
24.59021, 2.187659, 0, 9.757773, 1, 1, 1, -2.202009, -100, -9.754547, 2, 2, 2, True
24.59407, 2.202009, 0, 9.754545, 1, 1, 1, -2.215778, -100, -9.751427, 2, 2, 2, True
24.59814, 2.215778, 0, 9.751427, 1, 1, 1, -2.228908, -100, -9.748438, 2, 2, 2, True
24.60197, 2.228908, 0, 9.748434, 1, 1, 1, -2.242782, -100, -9.745253, 2, 2, 2, True
24.606, 2.242781, 0, 9.745252, 1, 1, 1, -2.255788, -100, -9.742252, 2, 2, 2, True
24.61006, 2.255788, 0, 9.742249, 1, 1, 1, -2.269514, -100, -9.739061, 2, 2, 2, True
24.61405, 2.269513, 0, 9.739061, 1, 1, 1, -2.283291, -100, -9.735844, 2, 2, 2, True
24.61798, 2.283291, 0, 9.73584, 1, 1, 1, -2.296843, -100, -9.732653, 2, 2, 2, True
24.622, 2.296843, 0, 9.732652, 1, 1, 1, -2.310194, -100, -9.729494, 2, 2, 2, True
24.62631, 2.310194, 0, 9.729491, 1, 1, 1, -2.323848, -100, -9.72624, 2, 2, 2, True
24.63038, 2.323848, 0, 9.726239, 1, 1, 1, -2.3385, -100, -9.722729, 2, 2, 2, True
24.63487, 2.3385, 0, 9.722727, 1, 1, 1, -2.3523, -100, -9.719398, 2, 2, 2, True
24.63955, 2.3523, 0, 9.719398, 1, 1, 1, -2.367538, -100, -9.715698, 2, 2, 2, True
24.64643, 2.367538, 0, 9.715697, 1, 1, 1, -2.383398, -100, -9.711821, 2, 2, 2, True
24.64991, 2.383398, 0, 9.711819, 1, 1, 1, -2.406705, -100, -9.706072, 2, 2, 2, True
24.65413, 2.406704, 0, 9.706069, 1, 1, 1, -2.418484, -100, -9.703142, 2, 2, 2, True
24.65793, 2.418484, 0, 9.70314, 1, 1, 1, -2.432784, -100, -9.699566, 2, 2, 2, True
24.66222, 2.432784, 0, 9.699565, 1, 1, 1, -2.445666, -100, -9.696327, 2, 2, 2, True
24.66637, 2.445666, 0, 9.696325, 1, 1, 1, -2.460167, -100, -9.692657, 2, 2, 2, True
24.67087, 2.460167, 0, 9.692656, 1, 1, 1, -2.474223, -100, -9.689081, 2, 2, 2, True
24.68644, 2.474223, 0, 9.689077, 1, 1, 1, -2.489415, -100, -9.685186, 2, 2, 2, True
24.68996, 2.489415, 0, 9.685185, 1, 1, 1, -2.542018, -100, -9.671513, 2, 2, 2, True
24.69394, 2.542018, 0, 9.671513, 1, 1, 1, -2.553909, -100, -9.668381, 2, 2, 2, True
24.69811, 2.553909, 0, 9.668379, 1, 1, 1, -2.56735, -100, -9.66482, 2, 2, 2, True
24.702, 2.56735, 0, 9.664819, 1, 1, 1, -2.581408, -100, -9.661076, 2, 2, 2, True
24.70625, 2.581407, 0, 9.661074, 1, 1, 1, -2.594524, -100, -9.657558, 2, 2, 2, True
24.70996, 2.594524, 0, 9.657559, 1, 1, 1, -2.608843, -100, -9.653702, 2, 2, 2, True
24.71407, 2.608843, 0, 9.653701, 1, 1, 1, -2.621361, -100, -9.650311, 2, 2, 2, True
24.71795, 2.621361, 0, 9.65031, 1, 1, 1, -2.635176, -100, -9.646547, 2, 2, 2, True
24.72212, 2.635176, 0, 9.646546, 1, 1, 1, -2.648244, -100, -9.642967, 2, 2, 2, True
24.72602, 2.648243, 0, 9.642967, 1, 1, 1, -2.662297, -100, -9.639099, 2, 2, 2, True
24.73016, 2.662296, 0, 9.639096, 1, 1, 1, -2.67541, -100, -9.635466, 2, 2, 2, True
24.73428, 2.67541, 0, 9.635465, 1, 1, 1, -2.689318, -100, -9.631594, 2, 2, 2, True
24.73898, 2.689318, 0, 9.631592, 1, 1, 1, -2.703173, -100, -9.627712, 2, 2, 2, True
24.74441, 2.703172, 0, 9.627713, 1, 1, 1, -2.718974, -100, -9.623262, 2, 2, 2, True
24.75015, 2.718973, 0, 9.623262, 1, 1, 1, -2.737215, -100, -9.618092, 2, 2, 2, True
24.75392, 2.737215, 0, 9.61809, 1, 1, 1, -2.756475, -100, -9.612587, 2, 2, 2, True
24.75826, 2.756475, 0, 9.612588, 1, 1, 1, -2.769124, -100, -9.608952, 2, 2, 2, True
24.76323, 2.769124, 0, 9.608952, 1, 1, 1, -2.783657, -100, -9.604752, 2, 2, 2, True
24.7675, 2.783657, 0, 9.604752, 1, 1, 1, -2.800317, -100, -9.599907, 2, 2, 2, True
24.77211, 2.800317, 0, 9.599908, 1, 1, 1, -2.814632, -100, -9.595722, 2, 2, 2, True
24.77838, 2.814632, 0, 9.59572, 1, 1, 1, -2.83008, -100, -9.591175, 2, 2, 2, True
24.78196, 2.83008, 0, 9.591175, 1, 1, 1, -2.851053, -100, -9.584965, 2, 2, 2, True
24.78654, 2.851053, 0, 9.584962, 1, 1, 1, -2.863015, -100, -9.581396, 2, 2, 2, True
24.79083, 2.863015, 0, 9.581396, 1, 1, 1, -2.878347, -100, -9.576801, 2, 2, 2, True
24.79541, 2.878347, 0, 9.576801, 1, 1, 1, -2.892671, -100, -9.572485, 2, 2, 2, True
24.80238, 2.892671, 0, 9.572484, 1, 1, 1, -2.907969, -100, -9.56785, 2, 2, 2, True
24.80599, 2.907969, 0, 9.567848, 1, 1, 1, -2.931259, -100, -9.56074, 2, 2, 2, True
24.8101, 2.931258, 0, 9.560739, 1, 1, 1, -2.943314, -100, -9.557034, 2, 2, 2, True
24.81434, 2.943313, 0, 9.557034, 1, 1, 1, -2.956992, -100, -9.552814, 2, 2, 2, True
24.81944, 2.956992, 0, 9.552811, 1, 1, 1, -2.971141, -100, -9.54842, 2, 2, 2, True
24.82373, 2.971141, 0, 9.54842, 1, 1, 1, -2.988135, -100, -9.543116, 2, 2, 2, True
24.84239, 2.988135, 0, 9.543116, 1, 1, 1, -3.002416, -100, -9.538631, 2, 2, 2, True
24.84584, 3.002416, 0, 9.538631, 1, 1, 1, -3.064484, -100, -9.518875, 2, 2, 2, True
24.85419, 3.064484, 0, 9.518873, 1, 1, 1, -3.075967, -100, -9.515169, 2, 2, 2, True
24.86608, 3.075967, 0, 9.515168, 1, 1, 1, -3.103663, -100, -9.506172, 2, 2, 2, True
24.86999, 3.103663, 0, 9.50617, 1, 1, 1, -3.143093, -100, -9.493208, 2, 2, 2, True
24.87408, 3.143092, 0, 9.493207, 1, 1, 1, -3.156054, -100, -9.488905, 2, 2, 2, True
24.87802, 3.156053, 0, 9.488906, 1, 1, 1, -3.169612, -100, -9.484386, 2, 2, 2, True
24.88214, 3.169612, 0, 9.484385, 1, 1, 1, -3.182621, -100, -9.480028, 2, 2, 2, True
24.88616, 3.182621, 0, 9.480027, 1, 1, 1, -3.196261, -100, -9.475439, 2, 2, 2, True
24.89013, 3.196261, 0, 9.475437, 1, 1, 1, -3.209567, -100, -9.47094, 2, 2, 2, True
24.89408, 3.209567, 0, 9.470939, 1, 1, 1, -3.222691, -100, -9.466482, 2, 2, 2, True
24.89802, 3.22269, 0, 9.466481, 1, 1, 1, -3.235726, -100, -9.462032, 2, 2, 2, True
24.90205, 3.235726, 0, 9.462033, 1, 1, 1, -3.248727, -100, -9.457577, 2, 2, 2, True
24.90602, 3.248727, 0, 9.457578, 1, 1, 1, -3.262038, -100, -9.452995, 2, 2, 2, True
24.90999, 3.262038, 0, 9.452995, 1, 1, 1, -3.275126, -100, -9.448469, 2, 2, 2, True
24.9142, 3.275125, 0, 9.448468, 1, 1, 1, -3.288231, -100, -9.443916, 2, 2, 2, True
24.91814, 3.288231, 0, 9.443915, 1, 1, 1, -3.302094, -100, -9.439077, 2, 2, 2, True
24.92215, 3.302093, 0, 9.439077, 1, 1, 1, -3.315095, -100, -9.434521, 2, 2, 2, True
24.92595, 3.315094, 0, 9.434519, 1, 1, 1, -3.328293, -100, -9.429873, 2, 2, 2, True
24.93003, 3.328293, 0, 9.429871, 1, 1, 1, -3.340784, -100, -9.425453, 2, 2, 2, True
24.93407, 3.340783, 0, 9.425453, 1, 1, 1, -3.354221, -100, -9.420679, 2, 2, 2, True
24.93815, 3.354221, 0, 9.420679, 1, 1, 1, -3.367507, -100, -9.415939, 2, 2, 2, True
24.94215, 3.367507, 0, 9.415938, 1, 1, 1, -3.380898, -100, -9.41114, 2, 2, 2, True
24.94692, 3.380897, 0, 9.411139, 1, 1, 1, -3.394052, -100, -9.406403, 2, 2, 2, True
24.95456, 3.394051, 0, 9.406403, 1, 1, 1, -3.409685, -100, -9.400747, 2, 2, 2, True
24.95801, 3.409685, 0, 9.400747, 1, 1, 1, -3.420202, -100, -9.396927, 2, 2, 2, True
24.96211, 3.420202, 0, 9.396926, 1, 1, 1, 3.420203, -100, -9.396927, 2, 2, 2, True
24.96601, -3.420202, 0, 9.396926, 1, 1, 1, 3.420203, -100, -9.396927, 2, 2, 2, True
24.97047, -3.420202, 0, 9.396926, 1, 1, 1, 3.420203, -100, -9.396927, 2, 2, 2, True
24.97483, -3.420202, 0, 9.396926, 1, 1, 1, 3.420203, -100, -9.396927, 2, 2, 2, True
24.99018, -3.420202, 0, 9.396926, 1, 1, 1, 3.420203, -100, -9.396927, 2, 2, 2, True
24.99408, -3.420202, 0, 9.396926, 1, 1, 1, 3.420203, -100, -9.396927, 2, 2, 2, True
24.99818, -3.420202, 0, 9.396926, 1, 1, 1, 3.420203, -100, -9.396927, 2, 2, 2, True
25.0021, -3.420202, 0, 9.396926, 1, 1, 1, 3.420203, -100, -9.396927, 2, 2, 2, True
25.00611, -3.420202, 0, 9.396926, 1, 1, 1, 3.420203, -100, -9.396927, 2, 2, 2, True
25.01007, -3.420202, 0, 9.396926, 1, 1, 1, 3.420203, -100, -9.396927, 2, 2, 2, True
25.01391, -3.420202, 0, 9.396926, 1, 1, 1, 3.420203, -100, -9.396927, 2, 2, 2, True
25.01808, -3.420202, 0, 9.396926, 1, 1, 1, 3.420203, -100, -9.396927, 2, 2, 2, True
25.02199, -3.420202, 0, 9.396926, 1, 1, 1, 3.420203, -100, -9.396927, 2, 2, 2, True
25.02616, -3.420202, 0, 9.396926, 1, 1, 1, 3.420203, -100, -9.396927, 2, 2, 2, True
25.03056, -3.420202, 0, 9.396926, 1, 1, 1, 3.420203, -100, -9.396927, 2, 2, 2, True
25.03518, -3.420202, 0, 9.396926, 1, 1, 1, 3.420203, -100, -9.396927, 2, 2, 2, True
25.03982, -3.420202, 0, 9.396926, 1, 1, 1, 3.420203, -100, -9.396927, 2, 2, 2, True
25.04603, -3.420202, 0, 9.396926, 1, 1, 1, 3.420203, -100, -9.396927, 2, 2, 2, True
25.05014, -3.420202, 0, 9.396926, 1, 1, 1, 3.420203, -100, -9.396927, 2, 2, 2, True
25.05448, -3.420202, 0, 9.396926, 1, 1, 1, 3.420203, -100, -9.396927, 2, 2, 2, True
25.05896, -3.420202, 0, 9.396926, 1, 1, 1, 3.420203, -100, -9.396927, 2, 2, 2, True
25.06376, -3.420202, 0, 9.396926, 1, 1, 1, 3.420203, -100, -9.396927, 2, 2, 2, True
25.07056, -3.420202, 0, 9.396926, 1, 1, 1, 3.420203, -100, -9.396927, 2, 2, 2, True
25.07832, -3.420202, 0, 9.396926, 1, 1, 1, 3.420203, -100, -9.396927, 2, 2, 2, True
25.08204, -3.420202, 0, 9.396926, 1, 1, 1, 3.420203, -100, -9.396927, 2, 2, 2, True
25.08609, -3.420202, 0, 9.396926, 1, 1, 1, 3.420203, -100, -9.396927, 2, 2, 2, True
25.0904, -3.420202, 0, 9.396926, 1, 1, 1, 3.420203, -100, -9.396927, 2, 2, 2, True
25.0939, -3.420202, 0, 9.396926, 1, 1, 1, 3.420203, -100, -9.396927, 2, 2, 2, True
25.09816, -3.420202, 0, 9.396926, 1, 1, 1, 3.420203, -100, -9.396927, 2, 2, 2, True
25.10206, -3.420202, 0, 9.396926, 1, 1, 1, 3.420203, -100, -9.396927, 2, 2, 2, True
25.10612, -3.420202, 0, 9.396926, 1, 1, 1, 3.420203, -100, -9.396927, 2, 2, 2, True
25.11019, -3.420202, 0, 9.396926, 1, 1, 1, 3.420203, -100, -9.396927, 2, 2, 2, True
25.11475, -3.420202, 0, 9.396926, 1, 1, 1, 3.420203, -100, -9.396927, 2, 2, 2, True
25.11934, -3.420202, 0, 9.396926, 1, 1, 1, 3.420203, -100, -9.396927, 2, 2, 2, True
25.12346, -3.420202, 0, 9.396926, 1, 1, 1, 3.420203, -100, -9.396927, 2, 2, 2, True
25.13051, -3.420202, 0, 9.396926, 1, 1, 1, 3.420203, -100, -9.396927, 2, 2, 2, True
25.134, -3.420202, 0, 9.396926, 1, 1, 1, 3.420203, -100, -9.396927, 2, 2, 2, True
25.13797, -3.420202, 0, 9.396926, 1, 1, 1, 3.420203, -100, -9.396927, 2, 2, 2, True
25.14249, -3.420202, 0, 9.396926, 1, 1, 1, 3.420203, -100, -9.396927, 2, 2, 2, True
25.14744, -3.420202, 0, 9.396926, 1, 1, 1, 3.420203, -100, -9.396927, 2, 2, 2, True
25.15173, -3.420202, 0, 9.396926, 1, 1, 1, 3.420203, -100, -9.396927, 2, 2, 2, True
25.15812, -3.420202, 0, 9.396926, 1, 1, 1, 3.420203, -100, -9.396927, 2, 2, 2, True
25.16197, -3.420202, 0, 9.396926, 1, 1, 1, 3.420203, -100, -9.396927, 2, 2, 2, True
25.16626, -3.420202, 0, 9.396926, 1, 1, 1, 3.420203, -100, -9.396927, 2, 2, 2, True
25.17057, -3.420202, 0, 9.396926, 1, 1, 1, 3.420203, -100, -9.396927, 2, 2, 2, True
25.17576, -3.420202, 0, 9.396926, 1, 1, 1, 3.420203, -100, -9.396927, 2, 2, 2, True
25.18262, -3.420202, 0, 9.396926, 1, 1, 1, 3.420203, -100, -9.396927, 2, 2, 2, True
25.186, -3.420202, 0, 9.396926, 1, 1, 1, 3.420203, -100, -9.396927, 2, 2, 2, True
25.19003, -3.420202, 0, 9.396926, 1, 1, 1, 3.420203, -100, -9.396927, 2, 2, 2, True
25.19416, -3.420202, 0, 9.396926, 1, 1, 1, 3.420203, -100, -9.396927, 2, 2, 2, True
25.19838, -3.420202, 0, 9.396926, 1, 1, 1, 3.420203, -100, -9.396927, 2, 2, 2, True
25.20345, -3.420202, 0, 9.396926, 1, 1, 1, 3.420203, -100, -9.396927, 2, 2, 2, True
25.20773, -3.420202, 0, 9.396926, 1, 1, 1, 3.420203, -100, -9.396927, 2, 2, 2, True
25.21436, -3.420202, 0, 9.396926, 1, 1, 1, 3.420203, -100, -9.396927, 2, 2, 2, True
25.21794, -3.420202, 0, 9.396926, 1, 1, 1, 3.420203, -100, -9.396927, 2, 2, 2, True
25.22233, -3.420202, 0, 9.396926, 1, 1, 1, 3.420203, -100, -9.396927, 2, 2, 2, True
25.22647, -3.420202, 0, 9.396926, 1, 1, 1, 3.420203, -100, -9.396927, 2, 2, 2, True
25.23142, -3.420202, 0, 9.396926, 1, 1, 1, 3.420203, -100, -9.396927, 2, 2, 2, True
25.23829, -3.420202, 0, 9.396926, 1, 1, 1, 3.420203, -100, -9.396927, 2, 2, 2, True
25.2422, -3.420202, 0, 9.396926, 1, 1, 1, 3.420203, -100, -9.396927, 2, 2, 2, True
25.24608, -3.420202, 0, 9.396926, 1, 1, 1, 3.420203, -100, -9.396927, 2, 2, 2, True
25.25023, -3.420202, 0, 9.396926, 1, 1, 1, 3.420203, -100, -9.396927, 2, 2, 2, True
25.2549, -3.420202, 0, 9.396926, 1, 1, 1, 3.420203, -100, -9.396927, 2, 2, 2, True
25.26002, -3.420202, 0, 9.396926, 1, 1, 1, 3.420203, -100, -9.396927, 2, 2, 2, True
25.26621, -3.420202, 0, 9.396926, 1, 1, 1, 3.420203, -100, -9.396927, 2, 2, 2, True
25.27, -3.420202, 0, 9.396926, 1, 1, 1, 3.420203, -100, -9.396927, 2, 2, 2, True
25.27406, -3.420202, 0, 9.396926, 1, 1, 1, 3.420203, -100, -9.396927, 2, 2, 2, True
25.27876, -3.420202, 0, 9.396926, 1, 1, 1, 3.420203, -100, -9.396927, 2, 2, 2, True
25.28311, -3.420202, 0, 9.396926, 1, 1, 1, 3.420203, -100, -9.396927, 2, 2, 2, True
25.28774, -3.420202, 0, 9.396926, 1, 1, 1, 3.420203, -100, -9.396927, 2, 2, 2, True
25.29438, -3.420202, 0, 9.396926, 1, 1, 1, 3.420203, -100, -9.396927, 2, 2, 2, True
25.29826, -3.420202, 0, 9.396926, 1, 1, 1, 3.420203, -100, -9.396927, 2, 2, 2, True
25.30216, -3.420202, 0, 9.396926, 1, 1, 1, 3.420203, -100, -9.396927, 2, 2, 2, True
25.30663, -3.420202, 0, 9.396926, 1, 1, 1, 3.420203, -100, -9.396927, 2, 2, 2, True
25.31163, -3.420202, 0, 9.396926, 1, 1, 1, 3.420203, -100, -9.396927, 2, 2, 2, True
25.31594, -3.420202, 0, 9.396926, 1, 1, 1, 3.420203, -100, -9.396927, 2, 2, 2, True
25.32218, -3.420202, 0, 9.396926, 1, 1, 1, 3.420203, -100, -9.396927, 2, 2, 2, True
25.32605, -3.420202, 0, 9.396926, 1, 1, 1, 3.420203, -100, -9.396927, 2, 2, 2, True
25.33031, -3.420202, 0, 9.396926, 1, 1, 1, 3.420203, -100, -9.396927, 2, 2, 2, True
25.33461, -3.420202, 0, 9.396926, 1, 1, 1, 3.420203, -100, -9.396927, 2, 2, 2, True
25.33928, -3.420202, 0, 9.396926, 1, 1, 1, 3.420203, -100, -9.396927, 2, 2, 2, True
25.34652, -3.420202, 0, 9.396926, 1, 1, 1, 3.420203, -100, -9.396927, 2, 2, 2, True
25.34993, -3.420202, 0, 9.396926, 1, 1, 1, 3.420203, -100, -9.396927, 2, 2, 2, True
25.35429, -3.420202, 0, 9.396926, 1, 1, 1, 3.420203, -100, -9.396927, 2, 2, 2, True
25.35819, -3.420202, 0, 9.396926, 1, 1, 1, 3.420203, -100, -9.396927, 2, 2, 2, True
25.36307, -3.420202, 0, 9.396926, 1, 1, 1, 3.420203, -100, -9.396927, 2, 2, 2, True
25.36735, -3.420202, 0, 9.396926, 1, 1, 1, 3.420203, -100, -9.396927, 2, 2, 2, True
25.37194, -3.420202, 0, 9.396926, 1, 1, 1, 3.420203, -100, -9.396927, 2, 2, 2, True
25.37806, -3.420202, 0, 9.396926, 1, 1, 1, 3.420203, -100, -9.396927, 2, 2, 2, True
25.38205, -3.420202, 0, 9.396926, 1, 1, 1, 3.420203, -100, -9.396927, 2, 2, 2, True
25.3863, -3.420202, 0, 9.396926, 1, 1, 1, 3.420203, -100, -9.396927, 2, 2, 2, True
25.39057, -3.420202, 0, 9.396926, 1, 1, 1, 3.420203, -100, -9.396927, 2, 2, 2, True
25.39522, -3.420202, 0, 9.396926, 1, 1, 1, 3.420203, -100, -9.396927, 2, 2, 2, True
25.39998, -3.420202, 0, 9.396926, 1, 1, 1, 3.420203, -100, -9.396927, 2, 2, 2, True
25.40617, -3.420202, 0, 9.396926, 1, 1, 1, 3.420203, -100, -9.396927, 2, 2, 2, True
25.41408, -3.420202, 0, 9.396926, 1, 1, 1, 3.420203, -100, -9.396927, 2, 2, 2, True
25.4181, -3.420202, 0, 9.396926, 1, 1, 1, 3.420203, -100, -9.396927, 2, 2, 2, True
25.42207, -3.420202, 0, 9.396926, 1, 1, 1, 3.420203, -100, -9.396927, 2, 2, 2, True
25.42602, -3.420202, 0, 9.396926, 1, 1, 1, 3.420203, -100, -9.396927, 2, 2, 2, True
25.43017, -3.420202, 0, 9.396926, 1, 1, 1, 3.420203, -100, -9.396927, 2, 2, 2, True
25.43414, -3.420202, 0, 9.396926, 1, 1, 1, 3.420203, -100, -9.396927, 2, 2, 2, True
25.43799, -3.420202, 0, 9.396926, 1, 1, 1, 3.420203, -100, -9.396927, 2, 2, 2, True
25.4423, -3.420202, 0, 9.396926, 1, 1, 1, 3.420203, -100, -9.396927, 2, 2, 2, True
25.44703, -3.420202, 0, 9.396926, 1, 1, 1, 3.420203, -100, -9.396927, 2, 2, 2, True
25.45165, -3.420202, 0, 9.396926, 1, 1, 1, 3.420203, -100, -9.396927, 2, 2, 2, True
25.46723, -3.420202, 0, 9.396926, 1, 1, 1, 3.420203, -100, -9.396927, 2, 2, 2, True
25.46998, -3.420202, 0, 9.396926, 1, 1, 1, 3.420203, -100, -9.396927, 2, 2, 2, True
25.47413, -3.420202, 0, 9.396926, 1, 1, 1, 3.420203, -100, -9.396927, 2, 2, 2, True
25.47794, -3.420202, 0, 9.396926, 1, 1, 1, 3.420203, -100, -9.396927, 2, 2, 2, True
25.48194, -3.420202, 0, 9.396926, 1, 1, 1, 3.420203, -100, -9.396927, 2, 2, 2, True
25.48609, -3.420202, 0, 9.396926, 1, 1, 1, 3.420203, -100, -9.396927, 2, 2, 2, True
25.49013, -3.420202, 0, 9.396926, 1, 1, 1, 3.420203, -100, -9.396927, 2, 2, 2, True
25.49418, -3.420202, 0, 9.396926, 1, 1, 1, 3.420203, -100, -9.396927, 2, 2, 2, True
25.4982, -3.420202, 0, 9.396926, 1, 1, 1, 3.420203, -100, -9.396927, 2, 2, 2, True
25.50208, -3.420202, 0, 9.396926, 1, 1, 1, 3.420203, -100, -9.396927, 2, 2, 2, True
25.50616, -3.420202, 0, 9.396926, 1, 1, 1, 3.420203, -100, -9.396927, 2, 2, 2, True
25.51004, -3.420202, 0, 9.396926, 1, 1, 1, 3.420203, -100, -9.396927, 2, 2, 2, True
25.51408, -3.420202, 0, 9.396926, 1, 1, 1, 3.420203, -100, -9.396927, 2, 2, 2, True
25.51809, -3.420202, 0, 9.396926, 1, 1, 1, 3.420203, -100, -9.396927, 2, 2, 2, True
25.52208, -3.420202, 0, 9.396926, 1, 1, 1, 3.420203, -100, -9.396927, 2, 2, 2, True
25.52592, -3.420202, 0, 9.396926, 1, 1, 1, 3.420203, -100, -9.396927, 2, 2, 2, True
25.5304, -3.420202, 0, 9.396926, 1, 1, 1, 3.420203, -100, -9.396927, 2, 2, 2, True
25.53505, -3.420202, 0, 9.396926, 1, 1, 1, 3.420203, -100, -9.396927, 2, 2, 2, True
25.53971, -3.420202, 0, 9.396926, 1, 1, 1, 3.420203, -100, -9.396927, 2, 2, 2, True
25.54643, -3.420202, 0, 9.396926, 1, 1, 1, 3.420203, -100, -9.396927, 2, 2, 2, True
25.55001, -3.420202, 0, 9.396926, 1, 1, 1, 3.420203, -100, -9.396927, 2, 2, 2, True
25.55421, -3.420202, 0, 9.396926, 1, 1, 1, 3.420203, -100, -9.396927, 2, 2, 2, True
25.55888, -3.420202, 0, 9.396926, 1, 1, 1, 3.420203, -100, -9.396927, 2, 2, 2, True
25.56273, -3.420202, 0, 9.396926, 1, 1, 1, 3.420203, -100, -9.396927, 2, 2, 2, True
25.56756, -3.420202, 0, 9.396926, 1, 1, 1, 3.420203, -100, -9.396927, 2, 2, 2, True
25.57218, -3.420202, 0, 9.396926, 1, 1, 1, 3.420203, -100, -9.396927, 2, 2, 2, True
25.57814, -3.420202, 0, 9.396926, 1, 1, 1, 3.420203, -100, -9.396927, 2, 2, 2, True
25.58215, -3.420202, 0, 9.396926, 1, 1, 1, 3.420203, -100, -9.396927, 2, 2, 2, True
25.58632, -3.420202, 0, 9.396926, 1, 1, 1, 3.420203, -100, -9.396927, 2, 2, 2, True
25.59102, -3.420202, 0, 9.396926, 1, 1, 1, 3.420203, -100, -9.396927, 2, 2, 2, True
25.59624, -3.420202, 0, 9.396926, 1, 1, 1, 3.420203, -100, -9.396927, 2, 2, 2, True
25.60242, -3.420202, 0, 9.396926, 1, 1, 1, 3.420203, -100, -9.396927, 2, 2, 2, True
25.61044, -3.420202, 0, 9.396926, 1, 1, 1, 3.420203, -100, -9.396927, 2, 2, 2, True
25.61406, -3.420202, 0, 9.396926, 1, 1, 1, 3.420203, -100, -9.396927, 2, 2, 2, True
25.61811, -3.420202, 0, 9.396926, 1, 1, 1, 3.420203, -100, -9.396927, 2, 2, 2, True
25.6221, -3.420202, 0, 9.396926, 1, 1, 1, 3.420203, -100, -9.396927, 2, 2, 2, True
25.62598, -3.420202, 0, 9.396926, 1, 1, 1, 3.420203, -100, -9.396927, 2, 2, 2, True
25.63024, -3.420202, 0, 9.396926, 1, 1, 1, 3.420203, -100, -9.396927, 2, 2, 2, True
25.63409, -3.420202, 0, 9.396926, 1, 1, 1, 3.420203, -100, -9.396927, 2, 2, 2, True
25.63862, -3.420202, 0, 9.396926, 1, 1, 1, 3.420203, -100, -9.396927, 2, 2, 2, True
25.64271, -3.420202, 0, 9.396926, 1, 1, 1, 3.420203, -100, -9.396927, 2, 2, 2, True
25.64772, -3.420202, 0, 9.396926, 1, 1, 1, 3.420203, -100, -9.396927, 2, 2, 2, True
25.65431, -3.420202, 0, 9.396926, 1, 1, 1, 3.420203, -100, -9.396927, 2, 2, 2, True
25.65823, -3.420202, 0, 9.396926, 1, 1, 1, 3.420203, -100, -9.396927, 2, 2, 2, True
25.66231, -3.420202, 0, 9.396926, 1, 1, 1, 3.420203, -100, -9.396927, 2, 2, 2, True
25.6666, -3.420202, 0, 9.396926, 1, 1, 1, 3.420203, -100, -9.396927, 2, 2, 2, True
25.67126, -3.420202, 0, 9.396926, 1, 1, 1, 3.420203, -100, -9.396927, 2, 2, 2, True
25.6763, -3.420202, 0, 9.396926, 1, 1, 1, 3.420203, -100, -9.396927, 2, 2, 2, True
25.68275, -3.420202, 0, 9.396926, 1, 1, 1, 3.420203, -100, -9.396927, 2, 2, 2, True
25.68629, -3.420202, 0, 9.396926, 1, 1, 1, 3.420203, -100, -9.396927, 2, 2, 2, True
25.69023, -3.420202, 0, 9.396926, 1, 1, 1, 3.420203, -100, -9.396927, 2, 2, 2, True
25.69487, -3.420202, 0, 9.396926, 1, 1, 1, 3.420203, -100, -9.396927, 2, 2, 2, True
25.69913, -3.420202, 0, 9.396926, 1, 1, 1, 3.420203, -100, -9.396927, 2, 2, 2, True
25.70385, -3.420202, 0, 9.396926, 1, 1, 1, 3.420203, -100, -9.396927, 2, 2, 2, True
25.71025, -3.420202, 0, 9.396926, 1, 1, 1, 3.420203, -100, -9.396927, 2, 2, 2, True
25.71408, -3.420202, 0, 9.396926, 1, 1, 1, 3.420203, -100, -9.396927, 2, 2, 2, True
25.71822, -3.420202, 0, 9.396926, 1, 1, 1, 3.420203, -100, -9.396927, 2, 2, 2, True
25.7229, -3.420202, 0, 9.396926, 1, 1, 1, 3.420203, -100, -9.396927, 2, 2, 2, True
25.72709, -3.420202, 0, 9.396926, 1, 1, 1, 3.420203, -100, -9.396927, 2, 2, 2, True
25.73187, -3.420202, 0, 9.396926, 1, 1, 1, 3.420203, -100, -9.396927, 2, 2, 2, True
25.73853, -3.420202, 0, 9.396926, 1, 1, 1, 3.420203, -100, -9.396927, 2, 2, 2, True
25.74214, -3.420202, 0, 9.396926, 1, 1, 1, 3.420203, -100, -9.396927, 2, 2, 2, True
25.74636, -3.420202, 0, 9.396926, 1, 1, 1, 3.420203, -100, -9.396927, 2, 2, 2, True
25.7507, -3.420202, 0, 9.396926, 1, 1, 1, 3.420203, -100, -9.396927, 2, 2, 2, True
25.75539, -3.420202, 0, 9.396926, 1, 1, 1, 3.420203, -100, -9.396927, 2, 2, 2, True
25.76058, -3.420202, 0, 9.396926, 1, 1, 1, 3.420203, -100, -9.396927, 2, 2, 2, True
25.76617, -3.420202, 0, 9.396926, 1, 1, 1, 3.420203, -100, -9.396927, 2, 2, 2, True
25.77009, -3.420202, 0, 9.396926, 1, 1, 1, 3.420203, -100, -9.396927, 2, 2, 2, True
25.77427, -3.420202, 0, 9.396926, 1, 1, 1, 3.420203, -100, -9.396927, 2, 2, 2, True
25.77938, -3.420202, 0, 9.396926, 1, 1, 1, 3.420203, -100, -9.396927, 2, 2, 2, True
25.78361, -3.420202, 0, 9.396926, 1, 1, 1, 3.420203, -100, -9.396927, 2, 2, 2, True
25.79043, -3.420202, 0, 9.396926, 1, 1, 1, 3.420203, -100, -9.396927, 2, 2, 2, True
25.79459, -3.420202, 0, 9.396926, 1, 1, 1, 3.420203, -100, -9.396927, 2, 2, 2, True
25.79814, -3.420202, 0, 9.396926, 1, 1, 1, 3.420203, -100, -9.396927, 2, 2, 2, True
25.80227, -3.420202, 0, 9.396926, 1, 1, 1, 3.420203, -100, -9.396927, 2, 2, 2, True
25.80697, -3.420202, 0, 9.396926, 1, 1, 1, 3.420203, -100, -9.396927, 2, 2, 2, True
25.81204, -3.420202, 0, 9.396926, 1, 1, 1, 3.420203, -100, -9.396927, 2, 2, 2, True
25.81843, -3.420202, 0, 9.396926, 1, 1, 1, 3.420203, -100, -9.396927, 2, 2, 2, True
25.82198, -3.420202, 0, 9.396926, 1, 1, 1, 3.420203, -100, -9.396927, 2, 2, 2, True
25.826, -3.420202, 0, 9.396926, 1, 1, 1, 3.420203, -100, -9.396927, 2, 2, 2, True
25.83029, -3.420202, 0, 9.396926, 1, 1, 1, 3.420203, -100, -9.396927, 2, 2, 2, True
25.83495, -3.420202, 0, 9.396926, 1, 1, 1, 3.420203, -100, -9.396927, 2, 2, 2, True
25.8396, -3.420202, 0, 9.396926, 1, 1, 1, 3.420203, -100, -9.396927, 2, 2, 2, True
25.84651, -3.420202, 0, 9.396926, 1, 1, 1, 3.420203, -100, -9.396927, 2, 2, 2, True
25.84998, -3.420202, 0, 9.396926, 1, 1, 1, 3.420203, -100, -9.396927, 2, 2, 2, True
25.85405, -3.420202, 0, 9.396926, 1, 1, 1, 3.420203, -100, -9.396927, 2, 2, 2, True
25.85859, -3.420202, 0, 9.396926, 1, 1, 1, 3.420203, -100, -9.396927, 2, 2, 2, True
25.86346, -3.420202, 0, 9.396926, 1, 1, 1, 3.420203, -100, -9.396927, 2, 2, 2, True
25.86777, -3.420202, 0, 9.396926, 1, 1, 1, 3.420203, -100, -9.396927, 2, 2, 2, True
25.87402, -3.420202, 0, 9.396926, 1, 1, 1, 3.420203, -100, -9.396927, 2, 2, 2, True
25.87813, -3.420202, 0, 9.396926, 1, 1, 1, 3.420203, -100, -9.396927, 2, 2, 2, True
25.88205, -3.420202, 0, 9.396926, 1, 1, 1, 3.420203, -100, -9.396927, 2, 2, 2, True
25.88684, -3.420202, 0, 9.396926, 1, 1, 1, 3.420203, -100, -9.396927, 2, 2, 2, True
25.89098, -3.420202, 0, 9.396926, 1, 1, 1, 3.420203, -100, -9.396927, 2, 2, 2, True
25.89585, -3.420202, 0, 9.396926, 1, 1, 1, 3.420203, -100, -9.396927, 2, 2, 2, True
25.90239, -3.420202, 0, 9.396926, 1, 1, 1, 3.420203, -100, -9.396927, 2, 2, 2, True
25.90593, -3.420202, 0, 9.396926, 1, 1, 1, 3.420203, -100, -9.396927, 2, 2, 2, True
25.91026, -3.420202, 0, 9.396926, 1, 1, 1, 3.420203, -100, -9.396927, 2, 2, 2, True
25.91441, -3.420202, 0, 9.396926, 1, 1, 1, 3.420203, -100, -9.396927, 2, 2, 2, True
25.91912, -3.420202, 0, 9.396926, 1, 1, 1, 3.420203, -100, -9.396927, 2, 2, 2, True
25.92374, -3.420202, 0, 9.396926, 1, 1, 1, 3.420203, -100, -9.396927, 2, 2, 2, True
25.93043, -3.420202, 0, 9.396926, 1, 1, 1, 3.420203, -100, -9.396927, 2, 2, 2, True
25.93404, -3.420202, 0, 9.396926, 1, 1, 1, 3.420203, -100, -9.396927, 2, 2, 2, True
25.9382, -3.420202, 0, 9.396926, 1, 1, 1, 3.420203, -100, -9.396927, 2, 2, 2, True
25.94228, -3.420202, 0, 9.396926, 1, 1, 1, 3.420203, -100, -9.396927, 2, 2, 2, True
25.94736, -3.420202, 0, 9.396926, 1, 1, 1, 3.420203, -100, -9.396927, 2, 2, 2, True
25.9517, -3.420202, 0, 9.396926, 1, 1, 1, 3.420203, -100, -9.396927, 2, 2, 2, True
25.9584, -3.420202, 0, 9.396926, 1, 1, 1, 3.420203, -100, -9.396927, 2, 2, 2, True
25.96224, -3.420202, 0, 9.396926, 1, 1, 1, 3.420203, -100, -9.396927, 2, 2, 2, True
25.96617, -3.420202, 0, 9.396926, 1, 1, 1, 3.420203, -100, -9.396927, 2, 2, 2, True
25.97438, -3.420202, 0, 9.396926, 1, 1, 1, 3.420203, -100, -9.396927, 2, 2, 2, True
25.98647, -3.420202, 0, 9.396926, 1, 1, 1, 3.420203, -100, -9.396927, 2, 2, 2, True
25.99008, -3.420202, 0, 9.396926, 1, 1, 1, 3.420203, -100, -9.396927, 2, 2, 2, True
25.99446, -3.420202, 0, 9.396926, 1, 1, 1, 3.420203, -100, -9.396927, 2, 2, 2, True
25.99809, -3.420202, 0, 9.396926, 1, 1, 1, 3.420203, -100, -9.396927, 2, 2, 2, True
26.00214, -3.420202, 0, 9.396926, 1, 1, 1, 3.420203, -100, -9.396927, 2, 2, 2, True
26.006, -3.420202, 0, 9.396926, 1, 1, 1, 3.420203, -100, -9.396927, 2, 2, 2, True
26.01011, -3.420202, 0, 9.396926, 1, 1, 1, 3.420203, -100, -9.396927, 2, 2, 2, True
26.01407, -3.420202, 0, 9.396926, 1, 1, 1, 3.420203, -100, -9.396927, 2, 2, 2, True
26.01802, -3.420202, 0, 9.396926, 1, 1, 1, 3.420203, -100, -9.396927, 2, 2, 2, True
26.02197, -3.420202, 0, 9.396926, 1, 1, 1, 3.420203, -100, -9.396927, 2, 2, 2, True
26.02589, -3.420202, 0, 9.396926, 1, 1, 1, 3.420203, -100, -9.396927, 2, 2, 2, True
26.03015, -3.420202, 0, 9.396926, 1, 1, 1, 3.420203, -100, -9.396927, 2, 2, 2, True
26.03433, -3.420202, 0, 9.396926, 1, 1, 1, 3.420203, -100, -9.396927, 2, 2, 2, True
26.03799, -3.420202, 0, 9.396926, 1, 1, 1, 3.420203, -100, -9.396927, 2, 2, 2, True
26.04226, -3.420202, 0, 9.396926, 1, 1, 1, 3.420203, -100, -9.396927, 2, 2, 2, True
26.046, -3.420202, 0, 9.396926, 1, 1, 1, 3.420203, -100, -9.396927, 2, 2, 2, True
26.06034, -3.420202, 0, 9.396926, 1, 1, 1, 3.420203, -100, -9.396927, 2, 2, 2, True
26.06618, -3.420202, 0, 9.396926, 1, 1, 1, 3.420203, -100, -9.396927, 2, 2, 2, True
26.07, -3.420202, 0, 9.396926, 1, 1, 1, 3.420203, -100, -9.396927, 2, 2, 2, True
26.07403, -3.420202, 0, 9.396926, 1, 1, 1, 3.420203, -100, -9.396927, 2, 2, 2, True
26.07805, -3.420202, 0, 9.396926, 1, 1, 1, 3.420203, -100, -9.396927, 2, 2, 2, True
26.08203, -3.420202, 0, 9.396926, 1, 1, 1, 3.420203, -100, -9.396927, 2, 2, 2, True
26.08616, -3.420202, 0, 9.396926, 1, 1, 1, 3.420203, -100, -9.396927, 2, 2, 2, True
26.09009, -3.420202, 0, 9.396926, 1, 1, 1, 3.420203, -100, -9.396927, 2, 2, 2, True
26.0941, -3.420202, 0, 9.396926, 1, 1, 1, 3.420203, -100, -9.396927, 2, 2, 2, True
26.09807, -3.420202, 0, 9.396926, 1, 1, 1, 3.420203, -100, -9.396927, 2, 2, 2, True
26.1021, -3.420202, 0, 9.396926, 1, 1, 1, 3.420203, -100, -9.396927, 2, 2, 2, True
26.10602, -3.420202, 0, 9.396926, 1, 1, 1, 3.420203, -100, -9.396927, 2, 2, 2, True
26.11005, -3.420202, 0, 9.396926, 1, 1, 1, 3.420203, -100, -9.396927, 2, 2, 2, True
26.11399, -3.420202, 0, 9.396926, 1, 1, 1, 3.420203, -100, -9.396927, 2, 2, 2, True
26.11812, -3.420202, 0, 9.396926, 1, 1, 1, 3.420203, -100, -9.396927, 2, 2, 2, True
26.12196, -3.420202, 0, 9.396926, 1, 1, 1, 3.420203, -100, -9.396927, 2, 2, 2, True
26.12613, -3.420202, 0, 9.396926, 1, 1, 1, 3.420203, -100, -9.396927, 2, 2, 2, True
26.13001, -3.420202, 0, 9.396926, 1, 1, 1, 3.420203, -100, -9.396927, 2, 2, 2, True
26.13411, -3.420202, 0, 9.396926, 1, 1, 1, 3.420203, -100, -9.396927, 2, 2, 2, True
26.13804, -3.420202, 0, 9.396926, 1, 1, 1, 3.420203, -100, -9.396927, 2, 2, 2, True
26.14291, -3.420202, 0, 9.396926, 1, 1, 1, 3.420203, -100, -9.396927, 2, 2, 2, True
26.14725, -3.420202, 0, 9.396926, 1, 1, 1, 3.420203, -100, -9.396927, 2, 2, 2, True
26.15186, -3.420202, 0, 9.396926, 1, 1, 1, 3.420203, -100, -9.396927, 2, 2, 2, True
26.15812, -3.420202, 0, 9.396926, 1, 1, 1, 3.420203, -100, -9.396927, 2, 2, 2, True
26.16213, -3.420202, 0, 9.396926, 1, 1, 1, 3.420203, -100, -9.396927, 2, 2, 2, True
26.16611, -3.420202, 0, 9.396926, 1, 1, 1, 3.420203, -100, -9.396927, 2, 2, 2, True
26.1708, -3.420202, 0, 9.396926, 1, 1, 1, 3.420203, -100, -9.396927, 2, 2, 2, True
26.17509, -3.420202, 0, 9.396926, 1, 1, 1, 3.420203, -100, -9.396927, 2, 2, 2, True
26.18018, -3.420202, 0, 9.396926, 1, 1, 1, 3.420203, -100, -9.396927, 2, 2, 2, True
26.18644, -3.420202, 0, 9.396926, 1, 1, 1, 3.420203, -100, -9.396927, 2, 2, 2, True
26.19, -3.420202, 0, 9.396926, 1, 1, 1, 3.420203, -100, -9.396927, 2, 2, 2, True
26.19425, -3.420202, 0, 9.396926, 1, 1, 1, 3.420203, -100, -9.396927, 2, 2, 2, True
26.19834, -3.420202, 0, 9.396926, 1, 1, 1, 3.420203, -100, -9.396927, 2, 2, 2, True
26.20298, -3.420202, 0, 9.396926, 1, 1, 1, 3.420203, -100, -9.396927, 2, 2, 2, True
26.20763, -3.420202, 0, 9.396926, 1, 1, 1, 3.420203, -100, -9.396927, 2, 2, 2, True
26.21443, -3.420202, 0, 9.396926, 1, 1, 1, 3.420203, -100, -9.396927, 2, 2, 2, True
26.2181, -3.420202, 0, 9.396926, 1, 1, 1, 3.420203, -100, -9.396927, 2, 2, 2, True
26.22212, -3.420202, 0, 9.396926, 1, 1, 1, 3.420203, -100, -9.396927, 2, 2, 2, True
26.22707, -3.420202, 0, 9.396926, 1, 1, 1, 3.420203, -100, -9.396927, 2, 2, 2, True
26.2314, -3.420202, 0, 9.396926, 1, 1, 1, 3.420203, -100, -9.396927, 2, 2, 2, True
26.23847, -3.420202, 0, 9.396926, 1, 1, 1, 3.420203, -100, -9.396927, 2, 2, 2, True
26.24205, -3.420202, 0, 9.396926, 1, 1, 1, 3.420203, -100, -9.396927, 2, 2, 2, True
26.24603, -3.420202, 0, 9.396926, 1, 1, 1, 3.420203, -100, -9.396927, 2, 2, 2, True
26.25021, -3.420202, 0, 9.396926, 1, 1, 1, 3.420203, -100, -9.396927, 2, 2, 2, True
26.25501, -3.420202, 0, 9.396926, 1, 1, 1, 3.420203, -100, -9.396927, 2, 2, 2, True
26.25923, -3.420202, 0, 9.396926, 1, 1, 1, 3.420203, -100, -9.396927, 2, 2, 2, True
26.26405, -3.420202, 0, 9.396926, 1, 1, 1, 3.420203, -100, -9.396927, 2, 2, 2, True
26.2704, -3.420202, 0, 9.396926, 1, 1, 1, 3.420203, -100, -9.396927, 2, 2, 2, True
26.274, -3.420202, 0, 9.396926, 1, 1, 1, 3.420203, -100, -9.396927, 2, 2, 2, True
26.27852, -3.420202, 0, 9.396926, 1, 1, 1, 3.420203, -100, -9.396927, 2, 2, 2, True
26.28277, -3.420202, 0, 9.396926, 1, 1, 1, 3.420203, -100, -9.396927, 2, 2, 2, True
26.28745, -3.420202, 0, 9.396926, 1, 1, 1, 3.420203, -100, -9.396927, 2, 2, 2, True
26.29444, -3.420202, 0, 9.396926, 1, 1, 1, 3.420203, -100, -9.396927, 2, 2, 2, True
26.29803, -3.420202, 0, 9.396926, 1, 1, 1, 3.420203, -100, -9.396927, 2, 2, 2, True
26.30203, -3.420202, 0, 9.396926, 1, 1, 1, 3.420203, -100, -9.396927, 2, 2, 2, True
26.30616, -3.420202, 0, 9.396926, 1, 1, 1, 3.420203, -100, -9.396927, 2, 2, 2, True
26.31121, -3.420202, 0, 9.396926, 1, 1, 1, 3.420203, -100, -9.396927, 2, 2, 2, True
26.31548, -3.420202, 0, 9.396926, 1, 1, 1, 3.420203, -100, -9.396927, 2, 2, 2, True
26.32011, -3.420202, 0, 9.396926, 1, 1, 1, 3.420203, -100, -9.396927, 2, 2, 2, True
26.32637, -3.420202, 0, 9.396926, 1, 1, 1, 3.420203, -100, -9.396927, 2, 2, 2, True
26.33014, -3.420202, 0, 9.396926, 1, 1, 1, 3.420203, -100, -9.396927, 2, 2, 2, True
26.3344, -3.420202, 0, 9.396926, 1, 1, 1, 3.420203, -100, -9.396927, 2, 2, 2, True
26.3388, -3.420202, 0, 9.396926, 1, 1, 1, 3.420203, -100, -9.396927, 2, 2, 2, True
26.3441, -3.420202, 0, 9.396926, 1, 1, 1, 3.420203, -100, -9.396927, 2, 2, 2, True
26.35033, -3.420202, 0, 9.396926, 1, 1, 1, 3.420203, -100, -9.396927, 2, 2, 2, True
26.35416, -3.420202, 0, 9.396926, 1, 1, 1, 3.420203, -100, -9.396927, 2, 2, 2, True
26.35807, -3.420202, 0, 9.396926, 1, 1, 1, 3.420203, -100, -9.396927, 2, 2, 2, True
26.36286, -3.420202, 0, 9.396926, 1, 1, 1, 3.420203, -100, -9.396927, 2, 2, 2, True
26.36716, -3.420202, 0, 9.396926, 1, 1, 1, 3.420203, -100, -9.396927, 2, 2, 2, True
26.37174, -3.420202, 0, 9.396926, 1, 1, 1, 3.420203, -100, -9.396927, 2, 2, 2, True
26.37842, -3.420202, 0, 9.396926, 1, 1, 1, 3.420203, -100, -9.396927, 2, 2, 2, True
26.38198, -3.420202, 0, 9.396926, 1, 1, 1, 3.420203, -100, -9.396927, 2, 2, 2, True
26.38612, -3.420202, 0, 9.396926, 1, 1, 1, 3.420203, -100, -9.396927, 2, 2, 2, True
26.39042, -3.420202, 0, 9.396926, 1, 1, 1, 3.420203, -100, -9.396927, 2, 2, 2, True
26.39531, -3.420202, 0, 9.396926, 1, 1, 1, 3.420203, -100, -9.396927, 2, 2, 2, True
26.3996, -3.420202, 0, 9.396926, 1, 1, 1, 3.420203, -100, -9.396927, 2, 2, 2, True
26.40612, -3.420202, 0, 9.396926, 1, 1, 1, 3.420203, -100, -9.396927, 2, 2, 2, True
26.41018, -3.420202, 0, 9.396926, 1, 1, 1, 3.420203, -100, -9.396927, 2, 2, 2, True
26.41409, -3.420202, 0, 9.396926, 1, 1, 1, 3.420203, -100, -9.396927, 2, 2, 2, True
26.41857, -3.420202, 0, 9.396926, 1, 1, 1, 3.420203, -100, -9.396927, 2, 2, 2, True
26.42304, -3.420202, 0, 9.396926, 1, 1, 1, 3.420203, -100, -9.396927, 2, 2, 2, True
26.42799, -3.420202, 0, 9.396926, 1, 1, 1, 3.420203, -100, -9.396927, 2, 2, 2, True
26.43931, -3.420202, 0, 9.396926, 1, 1, 1, 3.420203, -100, -9.396927, 2, 2, 2, True
26.44611, -3.420202, 0, 9.396926, 1, 1, 1, 3.420203, -100, -9.396927, 2, 2, 2, True
26.44998, -3.420202, 0, 9.396926, 1, 1, 1, 3.420203, -100, -9.396927, 2, 2, 2, True
26.45391, -3.420202, 0, 9.396926, 1, 1, 1, 3.420203, -100, -9.396927, 2, 2, 2, True
26.45794, -3.420202, 0, 9.396926, 1, 1, 1, 3.420203, -100, -9.396927, 2, 2, 2, True
26.46196, -3.420202, 0, 9.396926, 1, 1, 1, 3.420203, -100, -9.396927, 2, 2, 2, True
26.466, -3.420202, 0, 9.396926, 1, 1, 1, 3.420203, -100, -9.396927, 2, 2, 2, True
26.47006, -3.420202, 0, 9.396926, 1, 1, 1, 3.420203, -100, -9.396927, 2, 2, 2, True
26.47417, -3.420202, 0, 9.396926, 1, 1, 1, 3.420203, -100, -9.396927, 2, 2, 2, True
26.47822, -3.420202, 0, 9.396926, 1, 1, 1, 3.420203, -100, -9.396927, 2, 2, 2, True
26.48189, -3.420202, 0, 9.396926, 1, 1, 1, 3.420203, -100, -9.396927, 2, 2, 2, True
26.48594, -3.420202, 0, 9.396926, 1, 1, 1, 3.420203, -100, -9.396927, 2, 2, 2, True
26.49006, -3.420202, 0, 9.396926, 1, 1, 1, 3.420203, -100, -9.396927, 2, 2, 2, True
26.49403, -3.420202, 0, 9.396926, 1, 1, 1, 3.420203, -100, -9.396927, 2, 2, 2, True
26.49858, -3.420202, 0, 9.396926, 1, 1, 1, 3.420203, -100, -9.396927, 2, 2, 2, True
26.50296, -3.420202, 0, 9.396926, 1, 1, 1, 3.420203, -100, -9.396927, 2, 2, 2, True
26.50778, -3.420202, 0, 9.396926, 1, 1, 1, 3.420203, -100, -9.396927, 2, 2, 2, True
26.51443, -3.420202, 0, 9.396926, 1, 1, 1, 3