t, x , y, z , scale_x, scale_y, scale_z, stimulusOn
0.02, 2021-06-16T11:12:55.1769640+08:00, 0, 8.682408, 49.24039, 1, 1, 1, False
0.12, 2021-06-16T11:12:56.9086220+08:00, 0, 8.682408, 49.24039, 1, 1, 1, False
0.22, 2021-06-16T11:12:57.1429600+08:00, 0, 8.682408, 49.24039, 1, 1, 1, False
0.32, 2021-06-16T11:12:57.2872030+08:00, 0, 8.682408, 49.24039, 1, 1, 1, False
0.3238089, 2021-06-16T11:12:57.2908890+08:00, 0, 8.682408, 49.24039, 1, 1, 1, False
0.3276289, 2021-06-16T11:12:57.2946790+08:00, 0, 8.682408, 49.24039, 1, 1, 1, False
0.3310066, 2021-06-16T11:12:57.2980730+08:00, 0, 8.682408, 49.24039, 1, 1, 1, False
0.3419487, 2021-06-16T11:12:57.3090920+08:00, 0, 8.682408, 49.24039, 1, 1, 1, False
0.3589252, 2021-06-16T11:12:57.3260320+08:00, 0, 8.682408, 49.24039, 1, 1, 1, False
0.3743276, 2021-06-16T11:12:57.3415190+08:00, 0, 8.682408, 49.24039, 1, 1, 1, False
0.3911732, 2021-06-16T11:12:57.3583200+08:00, 0, 8.682408, 49.24039, 1, 1, 1, False
0.4080604, 2021-06-16T11:12:57.3751980+08:00, 0, 8.682408, 49.24039, 1, 1, 1, False
0.42399, 2021-06-16T11:12:57.3910940+08:00, 0, 8.682408, 49.24039, 1, 1, 1, False
0.4384774, 2021-06-16T11:12:57.4055450+08:00, 0, 8.682408, 49.24039, 1, 1, 1, False
0.4523618, 2021-06-16T11:12:57.4195080+08:00, 0, 8.682408, 49.24039, 1, 1, 1, False
0.4670261, 2021-06-16T11:12:57.4342010+08:00, 0, 8.682408, 49.24039, 1, 1, 1, False
0.4809973, 2021-06-16T11:12:57.4482270+08:00, 0, 8.682408, 49.24039, 1, 1, 1, False
0.4939585, 2021-06-16T11:12:57.4610480+08:00, 0, 8.682408, 49.24039, 1, 1, 1, False
0.5069344, 2021-06-16T11:12:57.4741120+08:00, 0, 8.682408, 49.24039, 1, 1, 1, False
0.520094, 2021-06-16T11:12:57.4872200+08:00, 0, 8.682408, 49.24039, 1, 1, 1, False
0.5438317, 2021-06-16T11:12:57.5109720+08:00, 0, 8.682408, 49.24039, 1, 1, 1, False
0.5511518, 2021-06-16T11:12:57.5182390+08:00, 0, 8.682408, 49.24039, 1, 1, 1, False
0.5592358, 2021-06-16T11:12:57.5263020+08:00, 0, 8.682408, 49.24039, 1, 1, 1, False
0.5705472, 2021-06-16T11:12:57.5377130+08:00, 0, 8.682408, 49.24039, 1, 1, 1, False
0.5829009, 2021-06-16T11:12:57.5501240+08:00, 0, 8.682408, 49.24039, 1, 1, 1, False
0.5942114, 2021-06-16T11:12:57.5613500+08:00, 0, 8.682408, 49.24039, 1, 1, 1, False
0.6044469, 2021-06-16T11:12:57.5715690+08:00, 0, 8.682408, 49.24039, 1, 1, 1, False
0.6154015, 2021-06-16T11:12:57.5825070+08:00, 0, 8.682408, 49.24039, 1, 1, 1, False
0.6278771, 2021-06-16T11:12:57.5953490+08:00, 0, 8.682408, 49.24039, 1, 1, 1, False
0.6375223, 2021-06-16T11:12:57.6046310+08:00, 0, 8.682408, 49.24039, 1, 1, 1, False
0.6480598, 2021-06-16T11:12:57.6152140+08:00, 0, 8.682408, 49.24039, 1, 1, 1, False
0.6590903, 2021-06-16T11:12:57.6261640+08:00, 0, 8.682408, 49.24039, 1, 1, 1, False
0.6912633, 2021-06-16T11:12:57.6583800+08:00, 0, 8.682408, 49.24039, 1, 1, 1, False
0.6949267, 2021-06-16T11:12:57.6619730+08:00, 0, 8.682408, 49.24039, 1, 1, 1, False
0.6988462, 2021-06-16T11:12:57.6658980+08:00, 0, 8.682408, 49.24039, 1, 1, 1, False
0.7030201, 2021-06-16T11:12:57.6700920+08:00, 0, 8.682408, 49.24039, 1, 1, 1, False
0.7157348, 2021-06-16T11:12:57.6828160+08:00, 0, 8.682408, 49.24039, 1, 1, 1, False
0.7246914, 2021-06-16T11:12:57.6918700+08:00, 0, 8.682408, 49.24039, 1, 1, 1, False
0.7346137, 2021-06-16T11:12:57.7017530+08:00, 0, 8.682408, 49.24039, 1, 1, 1, False
0.7439119, 2021-06-16T11:12:57.7110480+08:00, 0, 8.682408, 49.24039, 1, 1, 1, False
0.7526787, 2021-06-16T11:12:57.7197990+08:00, 0, 8.682408, 49.24039, 1, 1, 1, False
0.7631705, 2021-06-16T11:12:57.7304140+08:00, 0, 8.682408, 49.24039, 1, 1, 1, False
0.7732316, 2021-06-16T11:12:57.7404320+08:00, 0, 8.682408, 49.24039, 1, 1, 1, False
0.7832466, 2021-06-16T11:12:57.7504500+08:00, 0, 8.682408, 49.24039, 1, 1, 1, False
0.7925473, 2021-06-16T11:12:57.7597120+08:00, 0, 8.682408, 49.24039, 1, 1, 1, False
0.8027296, 2021-06-16T11:12:57.7698650+08:00, 0, 8.682408, 49.24039, 1, 1, 1, False
0.8118365, 2021-06-16T11:12:57.7789270+08:00, 0, 8.682408, 49.24039, 1, 1, 1, False
0.8223079, 2021-06-16T11:12:57.7894450+08:00, 0, 8.682408, 49.24039, 1, 1, 1, False
0.8315593, 2021-06-16T11:12:57.7986550+08:00, 0, 8.682408, 49.24039, 1, 1, 1, False
0.840495, 2021-06-16T11:12:57.8076170+08:00, 0, 8.682408, 49.24039, 1, 1, 1, False
0.8508133, 2021-06-16T11:12:57.8179190+08:00, 0, 8.682408, 49.24039, 1, 1, 1, False
0.8599888, 2021-06-16T11:12:57.8271010+08:00, 0, 8.682408, 49.24039, 1, 1, 1, False
0.870384, 2021-06-16T11:12:57.8376300+08:00, 0, 8.682408, 49.24039, 1, 1, 1, False
0.8795235, 2021-06-16T11:12:57.8466180+08:00, 0, 8.682408, 49.24039, 1, 1, 1, False
0.8890753, 2021-06-16T11:12:57.8562000+08:00, 0, 8.682408, 49.24039, 1, 1, 1, False
0.8992305, 2021-06-16T11:12:57.8663180+08:00, 0, 8.682408, 49.24039, 1, 1, 1, False
0.9082037, 2021-06-16T11:12:57.8753060+08:00, 0, 8.682408, 49.24039, 1, 1, 1, False
0.9175953, 2021-06-16T11:12:57.8846770+08:00, 0, 8.682408, 49.24039, 1, 1, 1, False
0.927843, 2021-06-16T11:12:57.8951610+08:00, 0, 8.682408, 49.24039, 1, 1, 1, False
0.9373235, 2021-06-16T11:12:57.9044170+08:00, 0, 8.682408, 49.24039, 1, 1, 1, False
0.9470995, 2021-06-16T11:12:57.9142300+08:00, 0, 8.682408, 49.24039, 1, 1, 1, False
0.956762, 2021-06-16T11:12:57.9238800+08:00, 0, 8.682408, 49.24039, 1, 1, 1, False
0.9668401, 2021-06-16T11:12:57.9339730+08:00, 0, 8.682408, 49.24039, 1, 1, 1, False
1.003201, 2021-06-16T11:12:57.9703390+08:00, 0, 8.682408, 49.24039, 1, 1, 1, False
1.006876, 2021-06-16T11:12:57.9739230+08:00, 0, 8.682408, 49.24039, 1, 1, 1, False
1.011061, 2021-06-16T11:12:57.9781540+08:00, 0, 8.682408, 49.24039, 1, 1, 1, False
1.015114, 2021-06-16T11:12:57.9821820+08:00, 0, 8.682408, 49.24039, 1, 1, 1, False
1.020024, 2021-06-16T11:12:57.9871220+08:00, 0, 8.682408, 49.24039, 1, 1, 1, False
1.029464, 2021-06-16T11:12:57.9965550+08:00, 0, 8.682408, 49.24039, 1, 1, 1, False
1.038216, 2021-06-16T11:12:58.0053030+08:00, 0, 8.682408, 49.24039, 1, 1, 1, False
1.048553, 2021-06-16T11:12:58.0156600+08:00, 0, 8.682408, 49.24039, 1, 1, 1, False
1.058569, 2021-06-16T11:12:58.0256750+08:00, 0, 8.682408, 49.24039, 1, 1, 1, False
1.068623, 2021-06-16T11:12:58.0357640+08:00, 0, 8.682408, 49.24039, 1, 1, 1, False
1.077397, 2021-06-16T11:12:58.0445670+08:00, 0, 8.682408, 49.24039, 1, 1, 1, False
1.088473, 2021-06-16T11:12:58.0555860+08:00, 0, 8.682408, 49.24039, 1, 1, 1, False
1.097834, 2021-06-16T11:12:58.0649640+08:00, 0, 8.682408, 49.24039, 1, 1, 1, False
1.107248, 2021-06-16T11:12:58.0743550+08:00, 0, 8.682408, 49.24039, 1, 1, 1, False
1.116635, 2021-06-16T11:12:58.0837270+08:00, 0, 8.682408, 49.24039, 1, 1, 1, False
1.126331, 2021-06-16T11:12:58.0935040+08:00, 0, 8.682408, 49.24039, 1, 1, 1, False
1.136586, 2021-06-16T11:12:58.1037260+08:00, 0, 8.682408, 49.24039, 1, 1, 1, False
1.145381, 2021-06-16T11:12:58.1125030+08:00, 0, 8.682408, 49.24039, 1, 1, 1, False
1.155101, 2021-06-16T11:12:58.1222020+08:00, 0, 8.682408, 49.24039, 1, 1, 1, False
1.165515, 2021-06-16T11:12:58.1326570+08:00, 0, 8.682408, 49.24039, 1, 1, 1, False
1.174786, 2021-06-16T11:12:58.1418930+08:00, 0, 8.682408, 49.24039, 1, 1, 1, False
1.184737, 2021-06-16T11:12:58.1518740+08:00, 0, 8.682408, 49.24039, 1, 1, 1, False
1.193816, 2021-06-16T11:12:58.1609550+08:00, 0, 8.682408, 49.24039, 1, 1, 1, False
1.204438, 2021-06-16T11:12:58.1716120+08:00, 0, 8.682408, 49.24039, 1, 1, 1, False
1.213734, 2021-06-16T11:12:58.1808260+08:00, 0, 8.682408, 49.24039, 1, 1, 1, False
1.222655, 2021-06-16T11:12:58.1897830+08:00, 0, 8.682408, 49.24039, 1, 1, 1, False
1.233001, 2021-06-16T11:12:58.2001210+08:00, 0, 8.682408, 49.24039, 1, 1, 1, False
1.241854, 2021-06-16T11:12:58.2090050+08:00, 0, 8.682408, 49.24039, 1, 1, 1, False
1.252779, 2021-06-16T11:12:58.2199610+08:00, 0, 8.682408, 49.24039, 1, 1, 1, False
1.261597, 2021-06-16T11:12:58.2287430+08:00, 0, 8.682408, 49.24039, 1, 1, 1, False
1.271687, 2021-06-16T11:12:58.2387750+08:00, 0, 8.682408, 49.24039, 1, 1, 1, False
1.311369, 2021-06-16T11:12:58.2785300+08:00, 0, 8.682408, 49.24039, 1, 1, 1, False
1.314872, 2021-06-16T11:12:58.2819940+08:00, 0, 8.682408, 49.24039, 1, 1, 1, False
1.319152, 2021-06-16T11:12:58.2862520+08:00, 0, 8.682408, 49.24039, 1, 1, 1, False
1.32291, 2021-06-16T11:12:58.2900140+08:00, 0, 8.682408, 49.24039, 1, 1, 1, False
1.32694, 2021-06-16T11:12:58.2940460+08:00, 0, 8.682408, 49.24039, 1, 1, 1, False
1.335328, 2021-06-16T11:12:58.3024270+08:00, 0, 8.682408, 49.24039, 1, 1, 1, False
1.344747, 2021-06-16T11:12:58.3119490+08:00, 0, 8.682408, 49.24039, 1, 1, 1, False
1.353357, 2021-06-16T11:12:58.3204730+08:00, 0, 8.682408, 49.24039, 1, 1, 1, False
1.363955, 2021-06-16T11:12:58.3311550+08:00, 0, 8.682408, 49.24039, 1, 1, 1, False
1.372773, 2021-06-16T11:12:58.3399690+08:00, 0, 8.682408, 49.24039, 1, 1, 1, False
1.382036, 2021-06-16T11:12:58.3491670+08:00, 0, 8.682408, 49.24039, 1, 1, 1, False
1.393122, 2021-06-16T11:12:58.3603510+08:00, 0, 8.682408, 49.24039, 1, 1, 1, False
1.402966, 2021-06-16T11:12:58.3701650+08:00, 0, 8.682408, 49.24039, 1, 1, 1, False
1.411757, 2021-06-16T11:12:58.3788600+08:00, 0, 8.682408, 49.24039, 1, 1, 1, False
1.42195, 2021-06-16T11:12:58.3890850+08:00, 0, 8.682408, 49.24039, 1, 1, 1, False
1.431604, 2021-06-16T11:12:58.3987130+08:00, 0, 8.682408, 49.24039, 1, 1, 1, False
1.44052, 2021-06-16T11:12:58.4076640+08:00, 0, 8.682408, 49.24039, 1, 1, 1, False
1.450874, 2021-06-16T11:12:58.4179950+08:00, 0, 8.682408, 49.24039, 1, 1, 1, False
1.459778, 2021-06-16T11:12:58.4268820+08:00, 0, 8.682408, 49.24039, 1, 1, 1, False
1.469438, 2021-06-16T11:12:58.4366010+08:00, 0, 8.682408, 49.24039, 1, 1, 1, False
1.478744, 2021-06-16T11:12:58.4458450+08:00, 0, 8.682408, 49.24039, 1, 1, 1, False
1.488865, 2021-06-16T11:12:58.4560430+08:00, 0, 8.682408, 49.24039, 1, 1, 1, False
1.499123, 2021-06-16T11:12:58.4662230+08:00, 0, 8.682408, 49.24039, 1, 1, 1, False
1.508431, 2021-06-16T11:12:58.4755800+08:00, 0, 8.682408, 49.24039, 1, 1, 1, False
1.518656, 2021-06-16T11:12:58.4857360+08:00, 0, 8.682408, 49.24039, 1, 1, 1, False
1.527685, 2021-06-16T11:12:58.4947900+08:00, 0, 8.682408, 49.24039, 1, 1, 1, False
1.536776, 2021-06-16T11:12:58.5038430+08:00, 0, 8.682408, 49.24039, 1, 1, 1, False
1.546249, 2021-06-16T11:12:58.5133820+08:00, 0, 8.682408, 49.24039, 1, 1, 1, False
1.556228, 2021-06-16T11:12:58.5233380+08:00, 0, 8.682408, 49.24039, 1, 1, 1, False
1.566215, 2021-06-16T11:12:58.5333680+08:00, 0, 8.682408, 49.24039, 1, 1, 1, False
1.57532, 2021-06-16T11:12:58.5424220+08:00, 0, 8.682408, 49.24039, 1, 1, 1, False
1.611319, 2021-06-16T11:12:58.5785180+08:00, 0, 8.682408, 49.24039, 1, 1, 1, False
1.619019, 2021-06-16T11:12:58.5861750+08:00, 0, 8.682408, 49.24039, 1, 1, 1, False
1.622982, 2021-06-16T11:12:58.5901100+08:00, 0, 8.682408, 49.24039, 1, 1, 1, False
1.626903, 2021-06-16T11:12:58.5939790+08:00, 0, 8.682408, 49.24039, 1, 1, 1, False
1.651446, 2021-06-16T11:12:58.6186330+08:00, 0, 8.682408, 49.24039, 1, 1, 1, False
1.65494, 2021-06-16T11:12:58.6220290+08:00, 0, 8.682408, 49.24039, 1, 1, 1, False
1.658912, 2021-06-16T11:12:58.6259890+08:00, 0, 8.682408, 49.24039, 1, 1, 1, False
1.662887, 2021-06-16T11:12:58.6299840+08:00, 0, 8.682408, 49.24039, 1, 1, 1, False
1.66707, 2021-06-16T11:12:58.6341410+08:00, 0, 8.682408, 49.24039, 1, 1, 1, False
1.675482, 2021-06-16T11:12:58.6426480+08:00, 0, 8.682408, 49.24039, 1, 1, 1, False
1.684633, 2021-06-16T11:12:58.6517300+08:00, 0, 8.682408, 49.24039, 1, 1, 1, False
1.694806, 2021-06-16T11:12:58.6620050+08:00, 0, 8.682408, 49.24039, 1, 1, 1, False
1.704713, 2021-06-16T11:12:58.6718260+08:00, 0, 8.682408, 49.24039, 1, 1, 1, False
1.714698, 2021-06-16T11:12:58.6818630+08:00, 0, 8.682408, 49.24039, 1, 1, 1, False
1.723577, 2021-06-16T11:12:58.6906790+08:00, 0, 8.682408, 49.24039, 1, 1, 1, False
1.73291, 2021-06-16T11:12:58.6999760+08:00, 0, 8.682408, 49.24039, 1, 1, 1, False
1.742613, 2021-06-16T11:12:58.7097130+08:00, 0, 8.682408, 49.24039, 1, 1, 1, False
1.752873, 2021-06-16T11:12:58.7199840+08:00, 0, 8.682408, 49.24039, 1, 1, 1, False
1.761976, 2021-06-16T11:12:58.7291190+08:00, 0, 8.682408, 49.24039, 1, 1, 1, False
1.771842, 2021-06-16T11:12:58.7389190+08:00, 0, 8.682408, 49.24039, 1, 1, 1, False
1.781803, 2021-06-16T11:12:58.7489450+08:00, 0, 8.682408, 49.24039, 1, 1, 1, False
1.790801, 2021-06-16T11:12:58.7578950+08:00, 0, 8.682408, 49.24039, 1, 1, 1, False
1.801046, 2021-06-16T11:12:58.7681560+08:00, 0, 8.682408, 49.24039, 1, 1, 1, False
1.810023, 2021-06-16T11:12:58.7771180+08:00, 0, 8.682408, 49.24039, 1, 1, 1, False
1.819462, 2021-06-16T11:12:58.7865680+08:00, 0, 8.682408, 49.24039, 1, 1, 1, False
1.829574, 2021-06-16T11:12:58.7966840+08:00, 0, 8.682408, 49.24039, 1, 1, 1, False
1.838885, 2021-06-16T11:12:58.8060170+08:00, 0, 8.682408, 49.24039, 1, 1, 1, False
1.848629, 2021-06-16T11:12:58.8157350+08:00, 0, 8.682408, 49.24039, 1, 1, 1, False
1.857479, 2021-06-16T11:12:58.8245710+08:00, 0, 8.682408, 49.24039, 1, 1, 1, False
1.867125, 2021-06-16T11:12:58.8342640+08:00, 0, 8.682408, 49.24039, 1, 1, 1, False
1.877057, 2021-06-16T11:12:58.8441790+08:00, 0, 8.682408, 49.24039, 1, 1, 1, False
1.911361, 2021-06-16T11:12:58.8785170+08:00, 0, 8.682408, 49.24039, 1, 1, 1, False
1.915188, 2021-06-16T11:12:58.8822510+08:00, 0, 8.682408, 49.24039, 1, 1, 1, False
1.91911, 2021-06-16T11:12:58.8861790+08:00, 0, 8.682408, 49.24039, 1, 1, 1, False
1.923163, 2021-06-16T11:12:58.8903290+08:00, 0, 8.682408, 49.24039, 1, 1, 1, False
1.930128, 2021-06-16T11:12:58.8972050+08:00, 0, 8.682408, 49.24039, 1, 1, 1, False
1.938797, 2021-06-16T11:12:58.9058720+08:00, 0, 8.682408, 49.24039, 1, 1, 1, False
1.948551, 2021-06-16T11:12:58.9156570+08:00, 0, 8.682408, 49.24039, 1, 1, 1, False
1.958209, 2021-06-16T11:12:58.9252870+08:00, 0, 8.682408, 49.24039, 1, 1, 1, False
1.968464, 2021-06-16T11:12:58.9355780+08:00, 0, 8.682408, 49.24039, 1, 1, 1, False
1.977718, 2021-06-16T11:12:58.9448690+08:00, 0, 8.682408, 49.24039, 1, 1, 1, False
1.988182, 2021-06-16T11:12:58.9553150+08:00, 0, 8.682408, 49.24039, 1, 1, 1, False
1.997004, 2021-06-16T11:12:58.9641940+08:00, 0, 8.682408, 49.24039, 1, 1, 1, False
2.006789, 2021-06-16T11:12:58.9739750+08:00, 0, 8.682408, 49.24039, 1, 1, 1, False
2.015666, 2021-06-16T11:12:58.9827380+08:00, 0, 8.682408, 49.24039, 1, 1, 1, False
2.026148, 2021-06-16T11:12:58.9933300+08:00, 0, 8.682408, 49.24039, 1, 1, 1, False
2.036487, 2021-06-16T11:12:59.0035950+08:00, 0, 8.682408, 49.24039, 1, 1, 1, False
2.045166, 2021-06-16T11:12:59.0122700+08:00, 0, 8.682408, 49.24039, 1, 1, 1, False
2.055336, 2021-06-16T11:12:59.0224270+08:00, 0, 8.682408, 49.24039, 1, 1, 1, False
2.065883, 2021-06-16T11:12:59.0330520+08:00, 0, 8.682408, 49.24039, 1, 1, 1, False
2.0749, 2021-06-16T11:12:59.0419830+08:00, 0, 8.682408, 49.24039, 1, 1, 1, False
2.085293, 2021-06-16T11:12:59.0525080+08:00, 0, 8.682408, 49.24039, 1, 1, 1, False
2.094558, 2021-06-16T11:12:59.0616830+08:00, 0, 8.682408, 49.24039, 1, 1, 1, False
2.103938, 2021-06-16T11:12:59.0711080+08:00, 0, 8.682408, 49.24039, 1, 1, 1, False
2.113821, 2021-06-16T11:12:59.0809260+08:00, 0, 8.682408, 49.24039, 1, 1, 1, False
2.122563, 2021-06-16T11:12:59.0897180+08:00, 0, 8.682408, 49.24039, 1, 1, 1, False
2.132072, 2021-06-16T11:12:59.0991810+08:00, 0, 8.682408, 49.24039, 1, 1, 1, False
2.142145, 2021-06-16T11:12:59.1092930+08:00, 0, 8.682408, 49.24039, 1, 1, 1, False
2.152189, 2021-06-16T11:12:59.1193080+08:00, 0, 8.682408, 49.24039, 1, 1, 1, False
2.161414, 2021-06-16T11:12:59.1285300+08:00, 0, 8.682408, 49.24039, 1, 1, 1, False
2.170858, 2021-06-16T11:12:59.1379400+08:00, 0, 8.682408, 49.24039, 1, 1, 1, False
2.180576, 2021-06-16T11:12:59.1478060+08:00, 0, 8.682408, 49.24039, 1, 1, 1, False
2.215081, 2021-06-16T11:12:59.1822140+08:00, 0, 8.682408, 49.24039, 1, 1, 1, False
2.2192, 2021-06-16T11:12:59.1862720+08:00, 0, 8.682408, 49.24039, 1, 1, 1, False
2.222995, 2021-06-16T11:12:59.1901050+08:00, 0, 8.682408, 49.24039, 1, 1, 1, False
2.227386, 2021-06-16T11:12:59.1946470+08:00, 0, 8.682408, 49.24039, 1, 1, 1, False
2.23404, 2021-06-16T11:12:59.2011530+08:00, 0, 8.682408, 49.24039, 1, 1, 1, False
2.243422, 2021-06-16T11:12:59.2105690+08:00, 0, 8.682408, 49.24039, 1, 1, 1, False
2.25195, 2021-06-16T11:12:59.2190430+08:00, 0, 8.682408, 49.24039, 1, 1, 1, False
2.262724, 2021-06-16T11:12:59.2298450+08:00, 0, 8.682408, 49.24039, 1, 1, 1, False
2.271491, 2021-06-16T11:12:59.2386130+08:00, 0, 8.682408, 49.24039, 1, 1, 1, False
2.282323, 2021-06-16T11:12:59.2494740+08:00, 0, 8.682408, 49.24039, 1, 1, 1, False
2.291673, 2021-06-16T11:12:59.2588760+08:00, 0, 8.682408, 49.24039, 1, 1, 1, False
2.301929, 2021-06-16T11:12:59.2690840+08:00, 0, 8.682408, 49.24039, 1, 1, 1, False
2.311104, 2021-06-16T11:12:59.2782220+08:00, 0, 8.682408, 49.24039, 1, 1, 1, False
2.320246, 2021-06-16T11:12:59.2873770+08:00, 0, 8.682408, 49.24039, 1, 1, 1, False
2.330562, 2021-06-16T11:12:59.2976590+08:00, 0, 8.682408, 49.24039, 1, 1, 1, False
2.340083, 2021-06-16T11:12:59.3071950+08:00, 0, 8.682408, 49.24039, 1, 1, 1, False
2.349924, 2021-06-16T11:12:59.3170010+08:00, 0, 8.682408, 49.24039, 1, 1, 1, False
2.359053, 2021-06-16T11:12:59.3261300+08:00, 0, 8.682408, 49.24039, 1, 1, 1, False
2.369269, 2021-06-16T11:12:59.3364410+08:00, 0, 8.682408, 49.24039, 1, 1, 1, False
2.378566, 2021-06-16T11:12:59.3457100+08:00, 0, 8.682408, 49.24039, 1, 1, 1, False
2.388013, 2021-06-16T11:12:59.3551420+08:00, 0, 8.682408, 49.24039, 1, 1, 1, False
2.3981, 2021-06-16T11:12:59.3652220+08:00, 0, 8.682408, 49.24039, 1, 1, 1, False
2.40648, 2021-06-16T11:12:59.3736120+08:00, 0, 8.682408, 49.24039, 1, 1, 1, False
2.415731, 2021-06-16T11:12:59.3828050+08:00, 0, 8.682408, 49.24039, 1, 1, 1, False
2.425347, 2021-06-16T11:12:59.3925180+08:00, 0, 8.682408, 49.24039, 1, 1, 1, False
2.435715, 2021-06-16T11:12:59.4028440+08:00, 0, 8.682408, 49.24039, 1, 1, 1, False
2.444527, 2021-06-16T11:12:59.4117040+08:00, 0, 8.682408, 49.24039, 1, 1, 1, False
2.454546, 2021-06-16T11:12:59.4216310+08:00, 0, 8.682408, 49.24039, 1, 1, 1, False
2.464325, 2021-06-16T11:12:59.4314660+08:00, 0, 8.682408, 49.24039, 1, 1, 1, False
2.473232, 2021-06-16T11:12:59.4403180+08:00, 0, 8.682408, 49.24039, 1, 1, 1, False
2.483657, 2021-06-16T11:12:59.4508090+08:00, 0, 8.682408, 49.24039, 1, 1, 1, False
2.527611, 2021-06-16T11:12:59.4949930+08:00, 0, 8.682408, 49.24039, 1, 1, 1, False
2.535508, 2021-06-16T11:12:59.5027440+08:00, 0, 8.682408, 49.24039, 1, 1, 1, False
2.543204, 2021-06-16T11:12:59.5105080+08:00, 0, 8.682408, 49.24039, 1, 1, 1, False
2.547245, 2021-06-16T11:12:59.5143370+08:00, 0, 8.682408, 49.24039, 1, 1, 1, False
2.550846, 2021-06-16T11:12:59.5179160+08:00, 0, 8.682408, 49.24039, 1, 1, 1, False
2.555051, 2021-06-16T11:12:59.5221550+08:00, 0, 8.682408, 49.24039, 1, 1, 1, False
2.559986, 2021-06-16T11:12:59.5270780+08:00, 0, 8.682408, 49.24039, 1, 1, 1, False
2.569287, 2021-06-16T11:12:59.5364340+08:00, 0, 8.682408, 49.24039, 1, 1, 1, False
2.578456, 2021-06-16T11:12:59.5455750+08:00, 0, 8.682408, 49.24039, 1, 1, 1, False
2.587971, 2021-06-16T11:12:59.5551180+08:00, 0, 8.682408, 49.24039, 1, 1, 1, False
2.596677, 2021-06-16T11:12:59.5638440+08:00, 0, 8.682408, 49.24039, 1, 1, 1, False
2.607944, 2021-06-16T11:12:59.5753140+08:00, 0, 8.682408, 49.24039, 1, 1, 1, False
2.620107, 2021-06-16T11:12:59.5872800+08:00, 0, 8.682408, 49.24039, 1, 1, 1, False
2.628983, 2021-06-16T11:12:59.5960740+08:00, 0, 8.682408, 49.24039, 1, 1, 1, False
2.639144, 2021-06-16T11:12:59.6063500+08:00, 0, 8.682408, 49.24039, 1, 1, 1, False
2.649246, 2021-06-16T11:12:59.6163910+08:00, 0, 8.682408, 49.24039, 1, 1, 1, False
2.658437, 2021-06-16T11:12:59.6255500+08:00, 0, 8.682408, 49.24039, 1, 1, 1, False
2.669171, 2021-06-16T11:12:59.6363870+08:00, 0, 8.682408, 49.24039, 1, 1, 1, False
2.677911, 2021-06-16T11:12:59.6450590+08:00, 0, 8.682408, 49.24039, 1, 1, 1, False
2.687286, 2021-06-16T11:12:59.6544310+08:00, 0, 8.682408, 49.24039, 1, 1, 1, False
2.697041, 2021-06-16T11:12:59.6641650+08:00, 0, 8.682408, 49.24039, 1, 1, 1, False
2.707053, 2021-06-16T11:12:59.6742160+08:00, 0, 8.682408, 49.24039, 1, 1, 1, False
2.717212, 2021-06-16T11:12:59.6873810+08:00, 0, 8.682408, 49.24039, 1, 1, 1, False
2.727099, 2021-06-16T11:12:59.6973120+08:00, 0, 8.682408, 49.24039, 1, 1, 1, False
2.735592, 2021-06-16T11:12:59.7091580+08:00, 0, 8.682408, 49.24039, 1, 1, 1, False
2.746993, 2021-06-16T11:12:59.7143110+08:00, 0, 8.682408, 49.24039, 1, 1, 1, False
2.754389, 2021-06-16T11:12:59.7215140+08:00, 0, 8.682408, 49.24039, 1, 1, 1, False
2.76499, 2021-06-16T11:12:59.7321520+08:00, 0, 8.682408, 49.24039, 1, 1, 1, False
2.773702, 2021-06-16T11:12:59.7408090+08:00, 0, 8.682408, 49.24039, 1, 1, 1, False
2.783477, 2021-06-16T11:12:59.7506260+08:00, 0, 8.682408, 49.24039, 1, 1, 1, False
2.792937, 2021-06-16T11:12:59.7600750+08:00, 0, 8.682408, 49.24039, 1, 1, 1, False
2.839511, 2021-06-16T11:12:59.8066470+08:00, 0, 8.682408, 49.24039, 1, 1, 1, False
2.842875, 2021-06-16T11:12:59.8099860+08:00, 0, 8.682408, 49.24039, 1, 1, 1, False
2.847422, 2021-06-16T11:12:59.8145250+08:00, 0, 8.682408, 49.24039, 1, 1, 1, False
2.851221, 2021-06-16T11:12:59.8183180+08:00, 0, 8.682408, 49.24039, 1, 1, 1, False
2.854982, 2021-06-16T11:12:59.8220740+08:00, 0, 8.682408, 49.24039, 1, 1, 1, False
2.86205, 2021-06-16T11:12:59.8292480+08:00, 0, 8.682408, 49.24039, 1, 1, 1, False
2.8718, 2021-06-16T11:12:59.8389070+08:00, 0, 8.682408, 49.24039, 1, 1, 1, False
2.881055, 2021-06-16T11:12:59.8482010+08:00, 0, 8.682408, 49.24039, 1, 1, 1, False
2.890356, 2021-06-16T11:12:59.8575410+08:00, 0, 8.682408, 49.24039, 1, 1, 1, False
2.899146, 2021-06-16T11:12:59.8662740+08:00, 0, 8.682408, 49.24039, 1, 1, 1, False
2.909541, 2021-06-16T11:12:59.8767960+08:00, 0, 8.682408, 49.24039, 1, 1, 1, False
2.92042, 2021-06-16T11:12:59.8877320+08:00, 0, 8.682408, 49.24039, 1, 1, 1, False
2.929169, 2021-06-16T11:12:59.8962730+08:00, 0, 8.682408, 49.24039, 1, 1, 1, False
2.939087, 2021-06-16T11:12:59.9062130+08:00, 0, 8.682408, 49.24039, 1, 1, 1, False
2.949183, 2021-06-16T11:12:59.9163560+08:00, 0, 8.682408, 49.24039, 1, 1, 1, False
2.958277, 2021-06-16T11:12:59.9253930+08:00, 0, 8.682408, 49.24039, 1, 1, 1, False
2.968706, 2021-06-16T11:12:59.9358480+08:00, 0, 8.682408, 49.24039, 1, 1, 1, False
2.977947, 2021-06-16T11:12:59.9450440+08:00, 0, 8.682408, 49.24039, 1, 1, 1, False
2.986797, 2021-06-16T11:12:59.9539550+08:00, 0, 8.682408, 49.24039, 1, 1, 1, False
2.997048, 2021-06-16T11:12:59.9642010+08:00, 0, 8.682408, 49.24039, 1, 1, 1, False
3.006104, 2021-06-16T11:12:59.9732710+08:00, 0, 8.682408, 49.24039, 1, 1, 1, False
3.015668, 2021-06-16T11:12:59.9827790+08:00, 0, 8.682408, 49.24039, 1, 1, 1, False
3.025917, 2021-06-16T11:12:59.9930860+08:00, 0, 8.682408, 49.24039, 1, 1, 1, False
3.036134, 2021-06-16T11:13:00.0032580+08:00, 0, 8.682408, 49.24039, 1, 1, 1, False
3.045242, 2021-06-16T11:13:00.0123690+08:00, 0, 8.682408, 49.24039, 1, 1, 1, False
3.054296, 2021-06-16T11:13:00.0214160+08:00, 0, 8.682408, 49.24039, 1, 1, 1, False
3.064593, 2021-06-16T11:13:00.0317550+08:00, 0, 8.682408, 49.24039, 1, 1, 1, False
3.073233, 2021-06-16T11:13:00.0403190+08:00, 0, 8.682408, 49.24039, 1, 1, 1, False
3.083753, 2021-06-16T11:13:00.0509190+08:00, 0, 8.682408, 49.24039, 1, 1, 1, False
3.092555, 2021-06-16T11:13:00.0596580+08:00, 0, 8.682408, 49.24039, 1, 1, 1, False
3.103299, 2021-06-16T11:13:00.0705060+08:00, 0, 8.682408, 49.24039, 1, 1, 1, False
3.151306, 2021-06-16T11:13:00.1184580+08:00, 0, 8.682408, 49.24039, 1, 1, 1, False
3.155124, 2021-06-16T11:13:00.1222160+08:00, 0, 8.682408, 49.24039, 1, 1, 1, False
3.159066, 2021-06-16T11:13:00.1261570+08:00, 0, 8.682408, 49.24039, 1, 1, 1, False
3.163316, 2021-06-16T11:13:00.1304900+08:00, 0, 8.682408, 49.24039, 1, 1, 1, False
3.171428, 2021-06-16T11:13:00.1385340+08:00, 0, 8.682408, 49.24039, 1, 1, 1, False
3.179293, 2021-06-16T11:13:00.1463850+08:00, 0, 8.682408, 49.24039, 1, 1, 1, False
3.183145, 2021-06-16T11:13:00.1502700+08:00, 0, 8.682408, 49.24039, 1, 1, 1, False
3.192654, 2021-06-16T11:13:00.1598050+08:00, 0, 8.682408, 49.24039, 1, 1, 1, False
3.20278, 2021-06-16T11:13:00.1699680+08:00, 0, 8.682408, 49.24039, 1, 1, 1, False
3.213237, 2021-06-16T11:13:00.1804750+08:00, 0, 8.682408, 49.24039, 1, 1, 1, False
3.22196, 2021-06-16T11:13:00.1891110+08:00, 0, 8.682408, 49.24039, 1, 1, 1, False
3.231178, 2021-06-16T11:13:00.1983810+08:00, 0, 8.682408, 49.24039, 1, 1, 1, False
3.241995, 2021-06-16T11:13:00.2091800+08:00, 0, 8.682408, 49.24039, 1, 1, 1, False
3.251894, 2021-06-16T11:13:00.2190150+08:00, 0, 8.682408, 49.24039, 1, 1, 1, False
3.26053, 2021-06-16T11:13:00.2276840+08:00, 0, 8.682408, 49.24039, 1, 1, 1, False
3.270083, 2021-06-16T11:13:00.2372160+08:00, 0, 8.682408, 49.24039, 1, 1, 1, False
3.280258, 2021-06-16T11:13:00.2474080+08:00, 0, 8.682408, 49.24039, 1, 1, 1, False
3.289241, 2021-06-16T11:13:00.2563520+08:00, 0, 8.682408, 49.24039, 1, 1, 1, False
3.299647, 2021-06-16T11:13:00.2668010+08:00, 0, 8.682408, 49.24039, 1, 1, 1, False
3.308553, 2021-06-16T11:13:00.2757100+08:00, 0, 8.682408, 49.24039, 1, 1, 1, False
3.319034, 2021-06-16T11:13:00.2861580+08:00, 0, 8.682408, 49.24039, 1, 1, 1, False
3.327821, 2021-06-16T11:13:00.2949760+08:00, 0, 8.682408, 49.24039, 1, 1, 1, False
3.338246, 2021-06-16T11:13:00.3054060+08:00, 0, 8.682408, 49.24039, 1, 1, 1, False
3.349397, 2021-06-16T11:13:00.3165910+08:00, 0, 8.682408, 49.24039, 1, 1, 1, False
3.358791, 2021-06-16T11:13:00.3260300+08:00, 0, 8.682408, 49.24039, 1, 1, 1, False
3.369139, 2021-06-16T11:13:00.3363270+08:00, 0, 8.682408, 49.24039, 1, 1, 1, False
3.380278, 2021-06-16T11:13:00.3474820+08:00, 0, 8.682408, 49.24039, 1, 1, 1, False
3.390394, 2021-06-16T11:13:00.3575290+08:00, 0, 8.682408, 49.24039, 1, 1, 1, False
3.400321, 2021-06-16T11:13:00.3674790+08:00, 0, 8.682408, 49.24039, 1, 1, 1, False
3.409559, 2021-06-16T11:13:00.3766850+08:00, 0, 8.682408, 49.24039, 1, 1, 1, False
3.420341, 2021-06-16T11:13:00.3875150+08:00, 0, 8.682408, 49.24039, 1, 1, 1, False
3.489573, 2021-06-16T11:13:00.4569380+08:00, 0, 8.682408, 49.24039, 1, 1, 1, False
3.495059, 2021-06-16T11:13:00.4621590+08:00, 0, 8.682408, 49.24039, 1, 1, 1, False
3.499255, 2021-06-16T11:13:00.4663470+08:00, 0, 8.682408, 49.24039, 1, 1, 1, False
3.507295, 2021-06-16T11:13:00.4745200+08:00, 0, 8.682408, 49.24039, 1, 1, 1, False
3.515279, 2021-06-16T11:13:00.4824000+08:00, 0, 8.682408, 49.24039, 1, 1, 1, False
3.5234, 2021-06-16T11:13:00.4906240+08:00, 0, 8.682408, 49.24039, 1, 1, 1, False
3.531295, 2021-06-16T11:13:00.4984510+08:00, 0, 8.682408, 49.24039, 1, 1, 1, False
3.539343, 2021-06-16T11:13:00.5065430+08:00, 0, 8.682408, 49.24039, 1, 1, 1, False
3.547186, 2021-06-16T11:13:00.5143450+08:00, 0, 8.682408, 49.24039, 1, 1, 1, False
3.552619, 2021-06-16T11:13:00.5198150+08:00, 0, 8.682408, 49.24039, 1, 1, 1, False
3.561372, 2021-06-16T11:13:00.5285630+08:00, 0, 8.682408, 49.24039, 1, 1, 1, False
3.571848, 2021-06-16T11:13:00.5390600+08:00, 0, 8.682408, 49.24039, 1, 1, 1, False
3.580486, 2021-06-16T11:13:00.5476400+08:00, 0, 8.682408, 49.24039, 1, 1, 1, False
3.591014, 2021-06-16T11:13:00.5581460+08:00, 0, 8.682408, 49.24039, 1, 1, 1, False
3.601032, 2021-06-16T11:13:00.5682120+08:00, 0, 8.682408, 49.24039, 1, 1, 1, False
3.609906, 2021-06-16T11:13:00.5770380+08:00, 0, 8.682408, 49.24039, 1, 1, 1, False
3.620012, 2021-06-16T11:13:00.5871730+08:00, 0, 8.682408, 49.24039, 1, 1, 1, False
3.628777, 2021-06-16T11:13:00.5958870+08:00, 0, 8.682408, 49.24039, 1, 1, 1, False
3.638608, 2021-06-16T11:13:00.6057340+08:00, 0, 8.682408, 49.24039, 1, 1, 1, False
3.64912, 2021-06-16T11:13:00.6162930+08:00, 0, 8.682408, 49.24039, 1, 1, 1, False
3.657908, 2021-06-16T11:13:00.6250300+08:00, 0, 8.682408, 49.24039, 1, 1, 1, False
3.667355, 2021-06-16T11:13:00.6345040+08:00, 0, 8.682408, 49.24039, 1, 1, 1, False
3.676881, 2021-06-16T11:13:00.6440030+08:00, 0, 8.682408, 49.24039, 1, 1, 1, False
3.6868, 2021-06-16T11:13:00.6539540+08:00, 0, 8.682408, 49.24039, 1, 1, 1, False
3.695637, 2021-06-16T11:13:00.6627540+08:00, 0, 8.682408, 49.24039, 1, 1, 1, False
3.706199, 2021-06-16T11:13:00.6733640+08:00, 0, 8.682408, 49.24039, 1, 1, 1, False
3.715073, 2021-06-16T11:13:00.6821940+08:00, 0, 8.682408, 49.24039, 1, 1, 1, False
3.725049, 2021-06-16T11:13:00.6922210+08:00, 0, 8.682408, 49.24039, 1, 1, 1, False
3.735051, 2021-06-16T11:13:00.7022130+08:00, 0, 8.682408, 49.24039, 1, 1, 1, False
3.743511, 2021-06-16T11:13:00.7108180+08:00, 0, 8.682408, 49.24039, 1, 1, 1, False
3.754043, 2021-06-16T11:13:00.7211800+08:00, 0, 8.682408, 49.24039, 1, 1, 1, False
3.807209, 2021-06-16T11:13:00.7743930+08:00, 0, 8.682408, 49.24039, 1, 1, 1, False
3.81508, 2021-06-16T11:13:00.7822140+08:00, 0, 8.682408, 49.24039, 1, 1, 1, False
3.819023, 2021-06-16T11:13:00.7861300+08:00, 0, 8.682408, 49.24039, 1, 1, 1, False
3.823203, 2021-06-16T11:13:00.7903210+08:00, 0, 8.682408, 49.24039, 1, 1, 1, False
3.831208, 2021-06-16T11:13:00.7983090+08:00, 0, 8.682408, 49.24039, 1, 1, 1, False
3.835048, 2021-06-16T11:13:00.8021360+08:00, 0, 8.682408, 49.24039, 1, 1, 1, False
3.839366, 2021-06-16T11:13:00.8064530+08:00, 0, 8.682408, 49.24039, 1, 1, 1, False
3.849006, 2021-06-16T11:13:00.8161670+08:00, 0, 8.682408, 49.24039, 1, 1, 1, False
3.857631, 2021-06-16T11:13:00.8247980+08:00, 0, 8.682408, 49.24039, 1, 1, 1, False
3.867845, 2021-06-16T11:13:00.8350240+08:00, 0, 8.682408, 49.24039, 1, 1, 1, False
3.878248, 2021-06-16T11:13:00.8454670+08:00, 0, 8.682408, 49.24039, 1, 1, 1, False
3.88702, 2021-06-16T11:13:00.8542170+08:00, 0, 8.682408, 49.24039, 1, 1, 1, False
3.89787, 2021-06-16T11:13:00.8650160+08:00, 0, 8.682408, 49.24039, 1, 1, 1, False
3.907778, 2021-06-16T11:13:00.8750030+08:00, 0, 8.682408, 49.24039, 1, 1, 1, False
3.917773, 2021-06-16T11:13:00.8848870+08:00, 0, 8.682408, 49.24039, 1, 1, 1, False
3.926602, 2021-06-16T11:13:00.8937490+08:00, 0, 8.682408, 49.24039, 1, 1, 1, False
3.937462, 2021-06-16T11:13:00.9045810+08:00, 0, 8.682408, 49.24039, 1, 1, 1, False
3.94628, 2021-06-16T11:13:00.9133990+08:00, 0, 8.682408, 49.24039, 1, 1, 1, False
3.956211, 2021-06-16T11:13:00.9233710+08:00, 0, 8.682408, 49.24039, 1, 1, 1, False
3.967281, 2021-06-16T11:13:00.9344130+08:00, 0, 8.682408, 49.24039, 1, 1, 1, False
3.976096, 2021-06-16T11:13:00.9431720+08:00, 0, 8.682408, 49.24039, 1, 1, 1, False
3.986909, 2021-06-16T11:13:00.9540700+08:00, 0, 8.682408, 49.24039, 1, 1, 1, False
3.995737, 2021-06-16T11:13:00.9628540+08:00, 0, 8.682408, 49.24039, 1, 1, 1, False
4.005664, 2021-06-16T11:13:00.9728410+08:00, 0, 8.682408, 49.24039, 1, 1, 1, False
4.014663, 2021-06-16T11:13:00.9817820+08:00, 0, 8.682408, 49.24039, 1, 1, 1, False
4.024949, 2021-06-16T11:13:00.9921050+08:00, 0, 8.682408, 49.24039, 1, 1, 1, False
4.035275, 2021-06-16T11:13:01.0023990+08:00, 0, 8.682408, 49.24039, 1, 1, 1, False
4.043983, 2021-06-16T11:13:01.0111150+08:00, 0, 8.682408, 49.24039, 1, 1, 1, False
4.053639, 2021-06-16T11:13:01.0207740+08:00, 0, 8.682408, 49.24039, 1, 1, 1, False
4.063121, 2021-06-16T11:13:01.0302800+08:00, 0, 8.682408, 49.24039, 1, 1, 1, False
4.072753, 2021-06-16T11:13:01.0398750+08:00, 0, 8.682408, 49.24039, 1, 1, 1, False
4.115164, 2021-06-16T11:13:01.0824340+08:00, 0, 8.682408, 49.24039, 1, 1, 1, False
4.123095, 2021-06-16T11:13:01.0903220+08:00, 0, 8.682408, 49.24039, 1, 1, 1, False
4.127272, 2021-06-16T11:13:01.0944280+08:00, 0, 8.682408, 49.24039, 1, 1, 1, False
4.13502, 2021-06-16T11:13:01.1021090+08:00, 0, 8.682408, 49.24039, 1, 1, 1, False
4.139066, 2021-06-16T11:13:01.1061390+08:00, 0, 8.682408, 49.24039, 1, 1, 1, False
4.142907, 2021-06-16T11:13:01.1100100+08:00, 0, 8.682408, 49.24039, 1, 1, 1, False
4.14798, 2021-06-16T11:13:01.1150900+08:00, 0, 8.682408, 49.24039, 1, 1, 1, False
4.156885, 2021-06-16T11:13:01.1240790+08:00, 0, 8.682408, 49.24039, 1, 1, 1, False
4.167292, 2021-06-16T11:13:01.1344620+08:00, 0, 8.682408, 49.24039, 1, 1, 1, False
4.176023, 2021-06-16T11:13:01.1431810+08:00, 0, 8.682408, 49.24039, 1, 1, 1, False
4.186339, 2021-06-16T11:13:01.1535230+08:00, 0, 8.682408, 49.24039, 1, 1, 1, False
4.197113, 2021-06-16T11:13:01.1643270+08:00, 0, 8.682408, 49.24039, 1, 1, 1, False
4.206049, 2021-06-16T11:13:01.1732160+08:00, 0, 8.682408, 49.24039, 1, 1, 1, False
4.216172, 2021-06-16T11:13:01.1833460+08:00, 0, 8.682408, 49.24039, 1, 1, 1, False
4.226612, 2021-06-16T11:13:01.1938880+08:00, 0, 8.682408, 49.24039, 1, 1, 1, False
4.23648, 2021-06-16T11:13:01.2036030+08:00, 0, 8.682408, 49.24039, 1, 1, 1, False
4.245516, 2021-06-16T11:13:01.2129030+08:00, 0, 8.682408, 49.24039, 1, 1, 1, False
4.256538, 2021-06-16T11:13:01.2237790+08:00, 0, 8.682408, 49.24039, 1, 1, 1, False
4.265559, 2021-06-16T11:13:01.2327830+08:00, 0, 8.682408, 49.24039, 1, 1, 1, False
4.274962, 2021-06-16T11:13:01.2421180+08:00, 0, 8.682408, 49.24039, 1, 1, 1, False
4.284564, 2021-06-16T11:13:01.2517370+08:00, 0, 8.682408, 49.24039, 1, 1, 1, False
4.294418, 2021-06-16T11:13:01.2615510+08:00, 0, 8.682408, 49.24039, 1, 1, 1, False
4.304618, 2021-06-16T11:13:01.2717940+08:00, 0, 8.682408, 49.24039, 1, 1, 1, False
4.314894, 2021-06-16T11:13:01.2820420+08:00, 0, 8.682408, 49.24039, 1, 1, 1, False
4.323798, 2021-06-16T11:13:01.2909570+08:00, 0, 8.682408, 49.24039, 1, 1, 1, False
4.334621, 2021-06-16T11:13:01.3017570+08:00, 0, 8.682408, 49.24039, 1, 1, 1, False
4.343769, 2021-06-16T11:13:01.3109480+08:00, 0, 8.682408, 49.24039, 1, 1, 1, False
4.35423, 2021-06-16T11:13:01.3213620+08:00, 0, 8.682408, 49.24039, 1, 1, 1, False
4.363434, 2021-06-16T11:13:01.3305960+08:00, 0, 8.682408, 49.24039, 1, 1, 1, False
4.373062, 2021-06-16T11:13:01.3401990+08:00, 0, 8.682408, 49.24039, 1, 1, 1, False
4.383549, 2021-06-16T11:13:01.3507240+08:00, 0, 8.682408, 49.24039, 1, 1, 1, False
4.431518, 2021-06-16T11:13:01.3986670+08:00, 0, 8.682408, 49.24039, 1, 1, 1, False
4.439428, 2021-06-16T11:13:01.4065110+08:00, 0, 8.682408, 49.24039, 1, 1, 1, False
4.442993, 2021-06-16T11:13:01.4101030+08:00, 0, 8.682408, 49.24039, 1, 1, 1, False
4.447275, 2021-06-16T11:13:01.4143690+08:00, 0, 8.682408, 49.24039, 1, 1, 1, False
4.450941, 2021-06-16T11:13:01.4180340+08:00, 0, 8.682408, 49.24039, 1, 1, 1, False
4.455297, 2021-06-16T11:13:01.4224230+08:00, 0, 8.682408, 49.24039, 1, 1, 1, False
4.464348, 2021-06-16T11:13:01.4315480+08:00, 0, 8.682408, 49.24039, 1, 1, 1, False
4.473059, 2021-06-16T11:13:01.4401480+08:00, 0, 8.682408, 49.24039, 1, 1, 1, False
4.483099, 2021-06-16T11:13:01.4502470+08:00, 0, 8.682408, 49.24039, 1, 1, 1, False
4.492414, 2021-06-16T11:13:01.4595680+08:00, 0, 8.682408, 49.24039, 1, 1, 1, False
4.501153, 2021-06-16T11:13:01.4683710+08:00, 0, 8.682408, 49.24039, 1, 1, 1, False
4.511749, 2021-06-16T11:13:01.4789830+08:00, 0, 8.682408, 49.24039, 1, 1, 1, False
4.522592, 2021-06-16T11:13:01.4898380+08:00, 0, 8.682408, 49.24039, 1, 1, 1, False
4.531562, 2021-06-16T11:13:01.4987660+08:00, 0, 8.682408, 49.24039, 1, 1, 1, False
4.541448, 2021-06-16T11:13:01.5086060+08:00, 0, 8.682408, 49.24039, 1, 1, 1, False
4.55184, 2021-06-16T11:13:01.5189700+08:00, 0, 8.682408, 49.24039, 1, 1, 1, False
4.561516, 2021-06-16T11:13:01.5287080+08:00, 0, 8.682408, 49.24039, 1, 1, 1, False
4.571579, 2021-06-16T11:13:01.5386760+08:00, 0, 8.682408, 49.24039, 1, 1, 1, False
4.58041, 2021-06-16T11:13:01.5475280+08:00, 0, 8.682408, 49.24039, 1, 1, 1, False
4.590015, 2021-06-16T11:13:01.5570980+08:00, 0, 8.682408, 49.24039, 1, 1, 1, False
4.600046, 2021-06-16T11:13:01.5672110+08:00, 0, 8.682408, 49.24039, 1, 1, 1, False
4.609237, 2021-06-16T11:13:01.5763660+08:00, 0, 8.682408, 49.24039, 1, 1, 1, False
4.619893, 2021-06-16T11:13:01.5869920+08:00, 0, 8.682408, 49.24039, 1, 1, 1, False
4.628775, 2021-06-16T11:13:01.5959250+08:00, 0, 8.682408, 49.24039, 1, 1, 1, False
4.638672, 2021-06-16T11:13:01.6057930+08:00, 0, 8.682408, 49.24039, 1, 1, 1, False
4.648481, 2021-06-16T11:13:01.6156300+08:00, 0, 8.682408, 49.24039, 1, 1, 1, False
4.657508, 2021-06-16T11:13:01.6246410+08:00, 0, 8.682408, 49.24039, 1, 1, 1, False
4.667655, 2021-06-16T11:13:01.6348270+08:00, 0, 8.682408, 49.24039, 1, 1, 1, False
4.677971, 2021-06-16T11:13:01.6451200+08:00, 0, 8.682408, 49.24039, 1, 1, 1, False
4.687597, 2021-06-16T11:13:01.6547270+08:00, 0, 8.682408, 49.24039, 1, 1, 1, False
4.697493, 2021-06-16T11:13:01.6645900+08:00, 0, 8.682408, 49.24039, 1, 1, 1, False
4.743453, 2021-06-16T11:13:01.7106510+08:00, 0, 8.682408, 49.24039, 1, 1, 1, False
4.751212, 2021-06-16T11:13:01.7183590+08:00, 0, 8.682408, 49.24039, 1, 1, 1, False
4.75526, 2021-06-16T11:13:01.7223660+08:00, 0, 8.682408, 49.24039, 1, 1, 1, False
4.763039, 2021-06-16T11:13:01.7301930+08:00, 0, 8.682408, 49.24039, 1, 1, 1, False
4.767744, 2021-06-16T11:13:01.7348370+08:00, 0, 8.682408, 49.24039, 1, 1, 1, False
4.77549, 2021-06-16T11:13:01.7425900+08:00, 0, 8.682408, 49.24039, 1, 1, 1, False
4.779741, 2021-06-16T11:13:01.7468580+08:00, 0, 8.682408, 49.24039, 1, 1, 1, False
4.785875, 2021-06-16T11:13:01.7530820+08:00, 0, 8.682408, 49.24039, 1, 1, 1, False
4.79487, 2021-06-16T11:13:01.7619830+08:00, 0, 8.682408, 49.24039, 1, 1, 1, False
4.805851, 2021-06-16T11:13:01.7730340+08:00, 0, 8.682408, 49.24039, 1, 1, 1, False
4.814863, 2021-06-16T11:13:01.7820990+08:00, 0, 8.682408, 49.24039, 1, 1, 1, False
4.825087, 2021-06-16T11:13:01.7923080+08:00, 0, 8.682408, 49.24039, 1, 1, 1, False
4.833991, 2021-06-16T11:13:01.8010800+08:00, 0, 8.682408, 49.24039, 1, 1, 1, False
4.844289, 2021-06-16T11:13:01.8114630+08:00, 0, 8.682408, 49.24039, 1, 1, 1, False
4.854156, 2021-06-16T11:13:01.8212820+08:00, 0, 8.682408, 49.24039, 1, 1, 1, False
4.863559, 2021-06-16T11:13:01.8307280+08:00, 0, 8.682408, 49.24039, 1, 1, 1, False
4.872777, 2021-06-16T11:13:01.8398900+08:00, 0, 8.682408, 49.24039, 1, 1, 1, False
4.883248, 2021-06-16T11:13:01.8504180+08:00, 0, 8.682408, 49.24039, 1, 1, 1, False
4.892211, 2021-06-16T11:13:01.8593060+08:00, 0, 8.682408, 49.24039, 1, 1, 1, False
4.902879, 2021-06-16T11:13:01.8700540+08:00, 0, 8.682408, 49.24039, 1, 1, 1, False
4.911975, 2021-06-16T11:13:01.8791000+08:00, 0, 8.682408, 49.24039, 1, 1, 1, False
4.922733, 2021-06-16T11:13:01.8899270+08:00, 0, 8.682408, 49.24039, 1, 1, 1, False
4.933054, 2021-06-16T11:13:01.9002070+08:00, 0, 8.682408, 49.24039, 1, 1, 1, False
4.941803, 2021-06-16T11:13:01.9089630+08:00, 0, 8.682408, 49.24039, 1, 1, 1, False
4.952415, 2021-06-16T11:13:01.9195830+08:00, 0, 8.682408, 49.24039, 1, 1, 1, False
4.961341, 2021-06-16T11:13:01.9285190+08:00, 0, 8.682408, 49.24039, 1, 1, 1, False
4.972582, 2021-06-16T11:13:01.9397060+08:00, 0, 8.682408, 49.24039, 1, 1, 1, False
4.982821, 2021-06-16T11:13:01.9499950+08:00, 0, 8.682408, 49.24039, 1, 1, 1, False
4.992328, 2021-06-16T11:13:01.9594390+08:00, 0, 8.682408, 49.24039, 1, 1, 1, False
5.002735, 2021-06-16T11:13:01.9698970+08:00, 0, 8.682408, 49.24039, 1, 1, 1, False
5.011902, 2021-06-16T11:13:01.9790310+08:00, 0, 8.682408, 49.24039, 1, 1, 1, False
5.059217, 2021-06-16T11:13:02.0264690+08:00, 0, 8.682408, 49.24039, 1, 1, 1, False
5.067563, 2021-06-16T11:13:02.0348620+08:00, 0, 8.682408, 49.24039, 1, 1, 1, False
5.075118, 2021-06-16T11:13:02.0422150+08:00, 0, 8.682408, 49.24039, 1, 1, 1, False
5.083531, 2021-06-16T11:13:02.0506820+08:00, 0, 8.682408, 49.24039, 1, 1, 1, False
5.091252, 2021-06-16T11:13:02.0584160+08:00, 0, 8.682408, 49.24039, 1, 1, 1, False
5.099329, 2021-06-16T11:13:02.0664420+08:00, 0, 8.682408, 49.24039, 1, 1, 1, False
5.10711, 2021-06-16T11:13:02.0744520+08:00, 0, 8.682408, 49.24039, 1, 1, 1, False
5.115314, 2021-06-16T11:13:02.0824280+08:00, 0, 8.682408, 49.24039, 1, 1, 1, False
5.123014, 2021-06-16T11:13:02.0902370+08:00, 0, 8.682408, 49.24039, 1, 1, 1, False
5.127184, 2021-06-16T11:13:02.0943460+08:00, 0, 8.682408, 49.24039, 1, 1, 1, False
5.135043, 2021-06-16T11:13:02.1021340+08:00, 0, 8.682408, 49.24039, 1, 1, 1, False
5.143182, 2021-06-16T11:13:02.1103610+08:00, 0, 8.682408, 49.24039, 1, 1, 1, False
5.15253, 2021-06-16T11:13:02.1196500+08:00, 0, 8.682408, 49.24039, 1, 1, 1, False
5.161844, 2021-06-16T11:13:02.1290050+08:00, 0, 8.682408, 49.24039, 1, 1, 1, False
5.171535, 2021-06-16T11:13:02.1386600+08:00, 0, 8.682408, 49.24039, 1, 1, 1, False
5.181871, 2021-06-16T11:13:02.1490480+08:00, 0, 8.682408, 49.24039, 1, 1, 1, False
5.190723, 2021-06-16T11:13:02.1578110+08:00, 0, 8.682408, 49.24039, 1, 1, 1, False
5.200092, 2021-06-16T11:13:02.1672650+08:00, 0, 8.682408, 49.24039, 1, 1, 1, False
5.210516, 2021-06-16T11:13:02.1776510+08:00, 0, 8.682408, 49.24039, 1, 1, 1, False
5.220557, 2021-06-16T11:13:02.1876860+08:00, 0, 8.682408, 49.24039, 1, 1, 1, False
5.229372, 2021-06-16T11:13:02.1964770+08:00, 0, 8.682408, 49.24039, 1, 1, 1, False
5.240037, 2021-06-16T11:13:02.2071620+08:00, 0, 8.682408, 49.24039, 1, 1, 1, False
5.248857, 2021-06-16T11:13:02.2159680+08:00, 0, 8.682408, 49.24039, 1, 1, 1, False
5.258868, 2021-06-16T11:13:02.2260080+08:00, 0, 8.682408, 49.24039, 1, 1, 1, False
5.268888, 2021-06-16T11:13:02.2361250+08:00, 0, 8.682408, 49.24039, 1, 1, 1, False
5.277627, 2021-06-16T11:13:02.2447820+08:00, 0, 8.682408, 49.24039, 1, 1, 1, False
5.288337, 2021-06-16T11:13:02.2555400+08:00, 0, 8.682408, 49.24039, 1, 1, 1, False
5.297274, 2021-06-16T11:13:02.2643580+08:00, 0, 8.682408, 49.24039, 1, 1, 1, False
5.306803, 2021-06-16T11:13:02.2739390+08:00, 0, 8.682408, 49.24039, 1, 1, 1, False
5.317241, 2021-06-16T11:13:02.2843500+08:00, 0, 8.682408, 49.24039, 1, 1, 1, False
5.326214, 2021-06-16T11:13:02.2933360+08:00, 0, 8.682408, 49.24039, 1, 1, 1, False
5.374137, 2021-06-16T11:13:02.3415150+08:00, 0, 8.682408, 49.24039, 1, 1, 1, False
5.381053, 2021-06-16T11:13:02.3512230+08:00, 0, 8.682408, 49.24039, 1, 1, 1, False
5.391287, 2021-06-16T11:13:02.3698660+08:00, 0, 8.682408, 49.24039, 1, 1, 1, False
5.408166, 2021-06-16T11:13:02.3752970+08:00, 0, 8.682408, 49.24039, 1, 1, 1, False
5.41555, 2021-06-16T11:13:02.3827290+08:00, 0, 8.682408, 49.24039, 1, 1, 1, False
5.419642, 2021-06-16T11:13:02.3868610+08:00, 0, 8.682408, 49.24039, 1, 1, 1, False
5.427975, 2021-06-16T11:13:02.3951550+08:00, 0, 8.682408, 49.24039, 1, 1, 1, False
5.435453, 2021-06-16T11:13:02.4025550+08:00, 0, 8.682408, 49.24039, 1, 1, 1, False
5.439322, 2021-06-16T11:13:02.4065360+08:00, 0, 8.682408, 49.24039, 1, 1, 1, False
5.447321, 2021-06-16T11:13:02.4145510+08:00, 0, 8.682408, 49.24039, 1, 1, 1, False
5.45562, 2021-06-16T11:13:02.4227800+08:00, 0, 8.682408, 49.24039, 1, 1, 1, False
5.464522, 2021-06-16T11:13:02.4318120+08:00, 0, 8.682408, 49.24039, 1, 1, 1, False
5.474533, 2021-06-16T11:13:02.4416590+08:00, 0, 8.682408, 49.24039, 1, 1, 1, False
5.484386, 2021-06-16T11:13:02.4515440+08:00, 0, 8.682408, 49.24039, 1, 1, 1, False
5.493641, 2021-06-16T11:13:02.4607670+08:00, 0, 8.682408, 49.24039, 1, 1, 1, False
5.504271, 2021-06-16T11:13:02.4715340+08:00, 0, 8.682408, 49.24039, 1, 1, 1, False
5.513058, 2021-06-16T11:13:02.4801700+08:00, 0, 8.682408, 49.24039, 1, 1, 1, False
5.522952, 2021-06-16T11:13:02.4900960+08:00, 0, 8.682408, 49.24039, 1, 1, 1, False
5.533202, 2021-06-16T11:13:02.5003070+08:00, 0, 8.682408, 49.24039, 1, 1, 1, False
5.542115, 2021-06-16T11:13:02.5092420+08:00, 0, 8.682408, 49.24039, 1, 1, 1, False
5.553236, 2021-06-16T11:13:02.5203940+08:00, 0, 8.682408, 49.24039, 1, 1, 1, False
5.562027, 2021-06-16T11:13:02.5292090+08:00, 0, 8.682408, 49.24039, 1, 1, 1, False
5.571897, 2021-06-16T11:13:02.5389610+08:00, 0, 8.682408, 49.24039, 1, 1, 1, False
5.582162, 2021-06-16T11:13:02.5493100+08:00, 0, 8.682408, 49.24039, 1, 1, 1, False
5.59279, 2021-06-16T11:13:02.5598850+08:00, 0, 8.682408, 49.24039, 1, 1, 1, False
5.601714, 2021-06-16T11:13:02.5688950+08:00, 0, 8.682408, 49.24039, 1, 1, 1, False
5.610677, 2021-06-16T11:13:02.5777810+08:00, 0, 8.682408, 49.24039, 1, 1, 1, False
5.620252, 2021-06-16T11:13:02.5874770+08:00, 0, 8.682408, 49.24039, 1, 1, 1, False
5.63179, 2021-06-16T11:13:02.5989000+08:00, 0, 8.682408, 49.24039, 1, 1, 1, False
5.641104, 2021-06-16T11:13:02.6082520+08:00, 0, 8.682408, 49.24039, 1, 1, 1, False
5.651109, 2021-06-16T11:13:02.6182670+08:00, 0, 8.682408, 49.24039, 1, 1, 1, False
5.707345, 2021-06-16T11:13:02.6745290+08:00, 0, 8.682408, 49.24039, 1, 1, 1, False
5.719624, 2021-06-16T11:13:02.6867700+08:00, 0, 8.682408, 49.24039, 1, 1, 1, False
5.730914, 2021-06-16T11:13:02.6980880+08:00, 0, 8.682408, 49.24039, 1, 1, 1, False
5.739209, 2021-06-16T11:13:02.7063020+08:00, 0, 8.682408, 49.24039, 1, 1, 1, False
5.747423, 2021-06-16T11:13:02.7146980+08:00, 0, 8.682408, 49.24039, 1, 1, 1, False
5.755623, 2021-06-16T11:13:02.7228590+08:00, 0, 8.682408, 49.24039, 1, 1, 1, False
5.764721, 2021-06-16T11:13:02.7319470+08:00, 0, 8.682408, 49.24039, 1, 1, 1, False
5.771304, 2021-06-16T11:13:02.7384790+08:00, 0, 8.682408, 49.24039, 1, 1, 1, False
5.780655, 2021-06-16T11:13:02.7478630+08:00, 0, 8.682408, 49.24039, 1, 1, 1, False
5.787407, 2021-06-16T11:13:02.7545070+08:00, 0, 8.682408, 49.24039, 1, 1, 1, False
5.795367, 2021-06-16T11:13:02.7624640+08:00, 0, 8.682408, 49.24039, 1, 1, 1, False
5.803589, 2021-06-16T11:13:02.7707620+08:00, 0, 8.682408, 49.24039, 1, 1, 1, False
5.811639, 2021-06-16T11:13:02.7787670+08:00, 0, 8.682408, 49.24039, 1, 1, 1, False
5.81953, 2021-06-16T11:13:02.7866030+08:00, 0, 8.682408, 49.24039, 1, 1, 1, False
5.827532, 2021-06-16T11:13:02.7946710+08:00, 0, 8.682408, 49.24039, 1, 1, 1, False
5.835212, 2021-06-16T11:13:02.8022980+08:00, 0, 8.682408, 49.24039, 1, 1, 1, False
5.845172, 2021-06-16T11:13:02.8122850+08:00, 0, 8.682408, 49.24039, 1, 1, 1, False
5.85542, 2021-06-16T11:13:02.8235540+08:00, 0, 8.682408, 49.24039, 1, 1, 1, False
5.864229, 2021-06-16T11:13:02.8313550+08:00, 0, 8.682408, 49.24039, 1, 1, 1, False
5.873661, 2021-06-16T11:13:02.8407710+08:00, 0, 8.682408, 49.24039, 1, 1, 1, False
5.884053, 2021-06-16T11:13:02.8512270+08:00, 0, 8.682408, 49.24039, 1, 1, 1, False
5.894065, 2021-06-16T11:13:02.8611990+08:00, 0, 8.682408, 49.24039, 1, 1, 1, False
5.902848, 2021-06-16T11:13:02.8700130+08:00, 0, 8.682408, 49.24039, 1, 1, 1, False
5.912779, 2021-06-16T11:13:02.8799380+08:00, 0, 8.682408, 49.24039, 1, 1, 1, False
5.923279, 2021-06-16T11:13:02.8905390+08:00, 0, 8.682408, 49.24039, 1, 1, 1, False
5.93325, 2021-06-16T11:13:02.9003540+08:00, 0, 8.682408, 49.24039, 1, 1, 1, False
5.942143, 2021-06-16T11:13:02.9093050+08:00, 0, 8.682408, 49.24039, 1, 1, 1, False
5.951982, 2021-06-16T11:13:02.9190940+08:00, 0, 8.682408, 49.24039, 1, 1, 1, False
5.962036, 2021-06-16T11:13:02.9291720+08:00, 0, 8.682408, 49.24039, 1, 1, 1, False
5.971227, 2021-06-16T11:13:02.9383240+08:00, 0, 8.682408, 49.24039, 1, 1, 1, False
5.981553, 2021-06-16T11:13:02.9486950+08:00, 0, 8.682408, 49.24039, 1, 1, 1, False
6.027424, 2021-06-16T11:13:02.9945740+08:00, 0, 8.682408, 49.24039, 1, 1, 1, False
6.034998, 2021-06-16T11:13:03.0020910+08:00, 0, 8.682408, 49.24039, 1, 1, 1, False
6.039072, 2021-06-16T11:13:03.0061780+08:00, 0, 8.682408, 49.24039, 1, 1, 1, False
6.043517, 2021-06-16T11:13:03.0106710+08:00, 0, 8.682408, 49.24039, 1, 1, 1, False
6.051254, 2021-06-16T11:13:03.0183290+08:00, 0, 8.682408, 49.24039, 1, 1, 1, False
6.059595, 2021-06-16T11:13:03.0267440+08:00, 0, 8.682408, 49.24039, 1, 1, 1, False
6.067228, 2021-06-16T11:13:03.0344120+08:00, 0, 8.682408, 49.24039, 1, 1, 1, False
6.076271, 2021-06-16T11:13:03.0434790+08:00, 0, 8.682408, 49.24039, 1, 1, 1, False
6.083376, 2021-06-16T11:13:03.0505010+08:00, 0, 8.682408, 49.24039, 1, 1, 1, False
6.089767, 2021-06-16T11:13:03.0568710+08:00, 0, 8.682408, 49.24039, 1, 1, 1, False
6.09977, 2021-06-16T11:13:03.0670310+08:00, 0, 8.682408, 49.24039, 1, 1, 1, False
6.109889, 2021-06-16T11:13:03.0771310+08:00, 0, 8.682408, 49.24039, 1, 1, 1, False
6.119501, 2021-06-16T11:13:03.0867770+08:00, 0, 8.682408, 49.24039, 1, 1, 1, False
6.128865, 2021-06-16T11:13:03.0960120+08:00, 0, 8.682408, 49.24039, 1, 1, 1, False
6.1378, 2021-06-16T11:13:03.1048930+08:00, 0, 8.682408, 49.24039, 1, 1, 1, False
6.148977, 2021-06-16T11:13:03.1162410+08:00, 0, 8.682408, 49.24039, 1, 1, 1, False
6.158819, 2021-06-16T11:13:03.1260420+08:00, 0, 8.682408, 49.24039, 1, 1, 1, False
6.168085, 2021-06-16T11:13:03.1352910+08:00, 0, 8.682408, 49.24039, 1, 1, 1, False
6.177046, 2021-06-16T11:13:03.1441830+08:00, 0, 8.682408, 49.24039, 1, 1, 1, False
6.187407, 2021-06-16T11:13:03.1545490+08:00, 0, 8.682408, 49.24039, 1, 1, 1, False
6.196233, 2021-06-16T11:13:03.1633340+08:00, 0, 8.682408, 49.24039, 1, 1, 1, False
6.206731, 2021-06-16T11:13:03.1739080+08:00, 0, 8.682408, 49.24039, 1, 1, 1, False
6.21608, 2021-06-16T11:13:03.1833810+08:00, 0, 8.682408, 49.24039, 1, 1, 1, False
6.225325, 2021-06-16T11:13:03.1924730+08:00, 0, 8.682408, 49.24039, 1, 1, 1, False
6.275582, 2021-06-16T11:13:03.2428560+08:00, 0, 8.682408, 49.24039, 1, 1, 1, False
6.323275, 2021-06-16T11:13:03.2904450+08:00, 0, 8.682408, 49.24039, 1, 1, 1, False
6.331357, 2021-06-16T11:13:03.2984400+08:00, 0, 8.682408, 49.24039, 1, 1, 1, False
6.339568, 2021-06-16T11:13:03.3066580+08:00, 0, 8.682408, 49.24039, 1, 1, 1, False
6.347387, 2021-06-16T11:13:03.3145050+08:00, 0, 8.682408, 49.24039, 1, 1, 1, False
6.355755, 2021-06-16T11:13:03.3228890+08:00, 0, 8.682408, 49.24039, 1, 1, 1, False
6.36442, 2021-06-16T11:13:03.3315560+08:00, 0, 8.682408, 49.24039, 1, 1, 1, False
6.411747, 2021-06-16T11:13:03.3790650+08:00, 0, 8.682408, 49.24039, 1, 1, 1, False
6.419708, 2021-06-16T11:13:03.3867930+08:00, 0, 8.682408, 49.24039, 1, 1, 1, False
6.427311, 2021-06-16T11:13:03.3944490+08:00, 0, 8.682408, 49.24039, 1, 1, 1, False
6.435265, 2021-06-16T11:13:03.4023610+08:00, 0, 8.682408, 49.24039, 1, 1, 1, False
6.443555, 2021-06-16T11:13:03.4107850+08:00, 0, 8.682408, 49.24039, 1, 1, 1, False
6.451269, 2021-06-16T11:13:03.4184020+08:00, 0, 8.682408, 49.24039, 1, 1, 1, False
6.459565, 2021-06-16T11:13:03.4267410+08:00, 0, 8.682408, 49.24039, 1, 1, 1, False
6.467247, 2021-06-16T11:13:03.4344330+08:00, 0, 8.682408, 49.24039, 1, 1, 1, False
6.516532, 2021-06-16T11:13:03.4848360+08:00, 0, 8.682408, 49.24039, 1, 1, 1, False
6.560534, 2021-06-16T11:13:03.5277380+08:00, 0, 8.682408, 49.24039, 1, 1, 1, False
6.567276, 2021-06-16T11:13:03.5343970+08:00, 0, 8.682408, 49.24039, 1, 1, 1, False
6.57556, 2021-06-16T11:13:03.5426460+08:00, 0, 8.682408, 49.24039, 1, 1, 1, False
6.58396, 2021-06-16T11:13:03.5511110+08:00, 0, 8.682408, 49.24039, 1, 1, 1, False
6.59138, 2021-06-16T11:13:03.5584650+08:00, 0, 8.682408, 49.24039, 1, 1, 1, False
6.599457, 2021-06-16T11:13:03.5665640+08:00, 0, 8.682408, 49.24039, 1, 1, 1, False
6.607642, 2021-06-16T11:13:03.5748370+08:00, 0, 8.682408, 49.24039, 1, 1, 1, False
6.615324, 2021-06-16T11:13:03.5824440+08:00, 0, 8.682408, 49.24039, 1, 1, 1, False
6.62313, 2021-06-16T11:13:03.5903860+08:00, 0, 8.682408, 49.24039, 1, 1, 1, False
6.631029, 2021-06-16T11:13:03.5981790+08:00, 0, 8.682408, 49.24039, 1, 1, 1, False
6.635026, 2021-06-16T11:13:03.6021270+08:00, 0, 8.682408, 49.24039, 1, 1, 1, False
6.641547, 2021-06-16T11:13:03.6088020+08:00, 0, 8.682408, 49.24039, 1, 1, 1, False
6.6521, 2021-06-16T11:13:03.6192250+08:00, 0, 8.682408, 49.24039, 1, 1, 1, False
6.661479, 2021-06-16T11:13:03.6286250+08:00, 0, 8.682408, 49.24039, 1, 1, 1, False
6.671117, 2021-06-16T11:13:03.6382180+08:00, 0, 8.682408, 49.24039, 1, 1, 1, False
6.680865, 2021-06-16T11:13:03.6480310+08:00, 0, 8.682408, 49.24039, 1, 1, 1, False
6.68964, 2021-06-16T11:13:03.6567480+08:00, 0, 8.682408, 49.24039, 1, 1, 1, False
6.699703, 2021-06-16T11:13:03.6668280+08:00, 0, 8.682408, 49.24039, 1, 1, 1, False
6.709284, 2021-06-16T11:13:03.6764550+08:00, 0, 8.682408, 49.24039, 1, 1, 1, False
6.719801, 2021-06-16T11:13:03.6869440+08:00, 0, 8.682408, 49.24039, 1, 1, 1, False
6.728647, 2021-06-16T11:13:03.6958120+08:00, 0, 8.682408, 49.24039, 1, 1, 1, False
6.738596, 2021-06-16T11:13:03.7057180+08:00, 0, 8.682408, 49.24039, 1, 1, 1, False
6.78393, 2021-06-16T11:13:03.7510790+08:00, 0, 8.682408, 49.24039, 1, 1, 1, False
6.79126, 2021-06-16T11:13:03.7583330+08:00, 0, 8.682408, 49.24039, 1, 1, 1, False
6.796854, 2021-06-16T11:13:03.7640920+08:00, 0, 8.682408, 49.24039, 1, 1, 1, False
6.803266, 2021-06-16T11:13:03.7703850+08:00, 0, 8.682408, 49.24039, 1, 1, 1, False
6.807392, 2021-06-16T11:13:03.7744920+08:00, 0, 8.682408, 49.24039, 1, 1, 1, False
6.815315, 2021-06-16T11:13:03.7824390+08:00, 0, 8.682408, 49.24039, 1, 1, 1, False
6.819182, 2021-06-16T11:13:03.7862570+08:00, 0, 8.682408, 49.24039, 1, 1, 1, False
6.825819, 2021-06-16T11:13:03.7929940+08:00, 0, 8.682408, 49.24039, 1, 1, 1, False
6.836445, 2021-06-16T11:13:03.8035470+08:00, 0, 8.682408, 49.24039, 1, 1, 1, False
6.845266, 2021-06-16T11:13:03.8125780+08:00, 0, 8.682408, 49.24039, 1, 1, 1, False
6.855213, 2021-06-16T11:13:03.8223510+08:00, 0, 8.682408, 49.24039, 1, 1, 1, False
6.864242, 2021-06-16T11:13:03.8315570+08:00, 0, 8.682408, 49.24039, 1, 1, 1, False
6.875304, 2021-06-16T11:13:03.8424220+08:00, 0, 8.682408, 49.24039, 1, 1, 1, False
6.88532, 2021-06-16T11:13:03.8525000+08:00, 0, 8.682408, 49.24039, 1, 1, 1, False
6.894419, 2021-06-16T11:13:03.8616480+08:00, 0, 8.682408, 49.24039, 1, 1, 1, False
6.903722, 2021-06-16T11:13:03.8708880+08:00, 0, 8.682408, 49.24039, 1, 1, 1, False
6.914054, 2021-06-16T11:13:03.8811870+08:00, 0, 8.682408, 49.24039, 1, 1, 1, False
6.923084, 2021-06-16T11:13:03.8902180+08:00, 0, 8.682408, 49.24039, 1, 1, 1, False
6.933618, 2021-06-16T11:13:03.9008290+08:00, 0, 8.682408, 49.24039, 1, 1, 1, False
6.94234, 2021-06-16T11:13:03.9095010+08:00, 0, 8.682408, 49.24039, 1, 1, 1, False
6.95279, 2021-06-16T11:13:03.9199040+08:00, 0, 8.682408, 49.24039, 1, 1, 1, False
6.961731, 2021-06-16T11:13:03.9288950+08:00, 0, 8.682408, 49.24039, 1, 1, 1, False
6.971513, 2021-06-16T11:13:03.9386380+08:00, 0, 8.682408, 49.24039, 1, 1, 1, False
6.980547, 2021-06-16T11:13:03.9477030+08:00, 0, 8.682408, 49.24039, 1, 1, 1, False
6.990901, 2021-06-16T11:13:03.9580340+08:00, 0, 8.682408, 49.24039, 1, 1, 1, False
6.999706, 2021-06-16T11:13:03.9668260+08:00, 0, 8.682408, 49.24039, 1, 1, 1, False
7.010532, 2021-06-16T11:13:03.9777720+08:00, 0, 8.682408, 49.24039, 1, 1, 1, False
7.01986, 2021-06-16T11:13:03.9869800+08:00, 0, 8.682408, 49.24039, 1, 1, 1, False
7.029818, 2021-06-16T11:13:03.9969980+08:00, 0, 8.682408, 49.24039, 1, 1, 1, False
7.039027, 2021-06-16T11:13:04.0061230+08:00, 0, 8.682408, 49.24039, 1, 1, 1, False
7.048831, 2021-06-16T11:13:04.0161050+08:00, 0, 8.682408, 49.24039, 1, 1, 1, False
7.091438, 2021-06-16T11:13:04.0586150+08:00, 0, 8.682408, 49.24039, 1, 1, 1, False
7.099071, 2021-06-16T11:13:04.0662240+08:00, 0, 8.682408, 49.24039, 1, 1, 1, False
7.103346, 2021-06-16T11:13:04.0705170+08:00, 0, 8.682408, 49.24039, 1, 1, 1, False
7.111135, 2021-06-16T11:13:04.0782410+08:00, 0, 8.682408, 49.24039, 1, 1, 1, False
7.119472, 2021-06-16T11:13:04.0865490+08:00, 0, 8.682408, 49.24039, 1, 1, 1, False
7.12304, 2021-06-16T11:13:04.0901570+08:00, 0, 8.682408, 49.24039, 1, 1, 1, False
7.127203, 2021-06-16T11:13:04.0943740+08:00, 0, 8.682408, 49.24039, 1, 1, 1, False
7.135222, 2021-06-16T11:13:04.1023770+08:00, 0, 8.682408, 49.24039, 1, 1, 1, False
7.143585, 2021-06-16T11:13:04.1107850+08:00, 0, 8.682408, 49.24039, 1, 1, 1, False
7.153208, 2021-06-16T11:13:04.1206990+08:00, 0, 8.682408, 49.24039, 1, 1, 1, False
7.163614, 2021-06-16T11:13:04.1307580+08:00, 0, 8.682408, 49.24039, 1, 1, 1, False
7.172497, 2021-06-16T11:13:04.1396690+08:00, 0, 8.682408, 49.24039, 1, 1, 1, False
7.183259, 2021-06-16T11:13:04.1504360+08:00, 0, 8.682408, 49.24039, 1, 1, 1, False
7.192466, 2021-06-16T11:13:04.1596090+08:00, 0, 8.682408, 49.24039, 1, 1, 1, False
7.202466, 2021-06-16T11:13:04.1696070+08:00, 0, 8.682408, 49.24039, 1, 1, 1, False
7.211891, 2021-06-16T11:13:04.1790280+08:00, 0, 8.682408, 49.24039, 1, 1, 1, False
7.221309, 2021-06-16T11:13:04.1884440+08:00, 0, 8.682408, 49.24039, 1, 1, 1, False
7.231194, 2021-06-16T11:13:04.1983240+08:00, 0, 8.682408, 49.24039, 1, 1, 1, False
7.239933, 2021-06-16T11:13:04.2070400+08:00, 0, 8.682408, 49.24039, 1, 1, 1, False
7.249287, 2021-06-16T11:13:04.2164350+08:00, 0, 8.682408, 49.24039, 1, 1, 1, False
7.259614, 2021-06-16T11:13:04.2267190+08:00, 0, 8.682408, 49.24039, 1, 1, 1, False
7.269563, 2021-06-16T11:13:04.2368130+08:00, 0, 8.682408, 49.24039, 1, 1, 1, False
7.287672, 2021-06-16T11:13:04.2548510+08:00, 0, 8.682408, 49.24039, 1, 1, 1, False
7.299903, 2021-06-16T11:13:04.2669980+08:00, 0, 8.682408, 49.24039, 1, 1, 1, False
7.307292, 2021-06-16T11:13:04.2743850+08:00, 0, 8.682408, 49.24039, 1, 1, 1, False
7.319248, 2021-06-16T11:13:04.2863470+08:00, 0, 8.682408, 49.24039, 1, 1, 1, False
7.323715, 2021-06-16T11:13:04.2908380+08:00, 0, 8.682408, 49.24039, 1, 1, 1, False
7.331595, 2021-06-16T11:13:04.2987050+08:00, 0, 8.682408, 49.24039, 1, 1, 1, False
7.34395, 2021-06-16T11:13:04.3111590+08:00, 0, 8.682408, 49.24039, 1, 1, 1, False
7.355105, 2021-06-16T11:13:04.3221910+08:00, 0, 8.682408, 49.24039, 1, 1, 1, False
7.368371, 2021-06-16T11:13:04.3356210+08:00, 0, 8.682408, 49.24039, 1, 1, 1, False
7.419372, 2021-06-16T11:13:04.3864930+08:00, 0, 8.682408, 49.24039, 1, 1, 1, False
7.432779, 2021-06-16T11:13:04.3999100+08:00, 0, 8.682408, 49.24039, 1, 1, 1, False
7.443381, 2021-06-16T11:13:04.4105540+08:00, 0, 8.682408, 49.24039, 1, 1, 1, False
7.451253, 2021-06-16T11:13:04.4183240+08:00, 0, 8.682408, 49.24039, 1, 1, 1, False
7.459213, 2021-06-16T11:13:04.4262910+08:00, 0, 8.682408, 49.24039, 1, 1, 1, False
7.467288, 2021-06-16T11:13:04.4343860+08:00, 0, 8.682408, 49.24039, 1, 1, 1, False
7.47571, 2021-06-16T11:13:04.4428960+08:00, 0, 8.682408, 49.24039, 1, 1, 1, False
7.483066, 2021-06-16T11:13:04.4501860+08:00, 0, 8.682408, 49.24039, 1, 1, 1, False
7.487239, 2021-06-16T11:13:04.4542950+08:00, 0, 8.682408, 49.24039, 1, 1, 1, False
7.49096, 2021-06-16T11:13:04.4581120+08:00, 0, 8.682408, 49.24039, 1, 1, 1, False
7.499516, 2021-06-16T11:13:04.4667190+08:00, 0, 8.682408, 49.24039, 1, 1, 1, False
7.509916, 2021-06-16T11:13:04.4771000+08:00, 0, 8.682408, 49.24039, 1, 1, 1, False
7.519318, 2021-06-16T11:13:04.4864220+08:00, 0, 8.682408, 49.24039, 1, 1, 1, False
7.529654, 2021-06-16T11:13:04.4968510+08:00, 0, 8.682408, 49.24039, 1, 1, 1, False
7.538874, 2021-06-16T11:13:04.5061120+08:00, 0, 8.682408, 49.24039, 1, 1, 1, False
7.548307, 2021-06-16T11:13:04.5154560+08:00, 0, 8.682408, 49.24039, 1, 1, 1, False
7.557756, 2021-06-16T11:13:04.5249130+08:00, 0, 8.682408, 49.24039, 1, 1, 1, False
7.568778, 2021-06-16T11:13:04.5358860+08:00, 0, 8.682408, 49.24039, 1, 1, 1, False
7.579382, 2021-06-16T11:13:04.5464750+08:00, 0, 8.682408, 49.24039, 1, 1, 1, False
7.587601, 2021-06-16T11:13:04.5549110+08:00, 0, 8.682408, 49.24039, 1, 1, 1, False
7.59931, 2021-06-16T11:13:04.5665440+08:00, 0, 8.682408, 49.24039, 1, 1, 1, False
7.610889, 2021-06-16T11:13:04.5780390+08:00, 0, 8.682408, 49.24039, 1, 1, 1, False
7.61989, 2021-06-16T11:13:04.5870080+08:00, 0, 8.682408, 49.24039, 1, 1, 1, False
7.629829, 2021-06-16T11:13:04.5969490+08:00, 0, 8.682408, 49.24039, 1, 1, 1, False
7.640446, 2021-06-16T11:13:04.6075670+08:00, 0, 8.682408, 49.24039, 1, 1, 1, False
7.649422, 2021-06-16T11:13:04.6165280+08:00, 0, 8.682408, 49.24039, 1, 1, 1, False
7.659369, 2021-06-16T11:13:04.6265580+08:00, 0, 8.682408, 49.24039, 1, 1, 1, False
7.669497, 2021-06-16T11:13:04.6366940+08:00, 0, 8.682408, 49.24039, 1, 1, 1, False
7.679923, 2021-06-16T11:13:04.6469930+08:00, 0, 8.682408, 49.24039, 1, 1, 1, False
7.688869, 2021-06-16T11:13:04.6561370+08:00, 0, 8.682408, 49.24039, 1, 1, 1, False
7.697731, 2021-06-16T11:13:04.6649410+08:00, 0, 8.682408, 49.24039, 1, 1, 1, False
7.743454, 2021-06-16T11:13:04.7106610+08:00, 0, 8.682408, 49.24039, 1, 1, 1, False
7.751449, 2021-06-16T11:13:04.7185590+08:00, 0, 8.682408, 49.24039, 1, 1, 1, False
7.755157, 2021-06-16T11:13:04.7223270+08:00, 0, 8.682408, 49.24039, 1, 1, 1, False
7.763401, 2021-06-16T11:13:04.7305120+08:00, 0, 8.682408, 49.24039, 1, 1, 1, False
7.767153, 2021-06-16T11:13:04.7342450+08:00, 0, 8.682408, 49.24039, 1, 1, 1, False
7.771211, 2021-06-16T11:13:04.7383330+08:00, 0, 8.682408, 49.24039, 1, 1, 1, False
7.776418, 2021-06-16T11:13:04.7435170+08:00, 0, 8.682408, 49.24039, 1, 1, 1, False
7.786789, 2021-06-16T11:13:04.7539750+08:00, 0, 8.682408, 49.24039, 1, 1, 1, False
7.795996, 2021-06-16T11:13:04.7631060+08:00, 0, 8.682408, 49.24039, 1, 1, 1, False
7.804909, 2021-06-16T11:13:04.7720490+08:00, 0, 8.682408, 49.24039, 1, 1, 1, False
7.816015, 2021-06-16T11:13:04.7832870+08:00, 0, 8.682408, 49.24039, 1, 1, 1, False
7.824769, 2021-06-16T11:13:04.7919590+08:00, 0, 8.682408, 49.24039, 1, 1, 1, False
7.83565, 2021-06-16T11:13:04.8027340+08:00, 0, 8.682408, 49.24039, 1, 1, 1, False
7.844655, 2021-06-16T11:13:04.8118100+08:00, 0, 8.682408, 49.24039, 1, 1, 1, False
7.854385, 2021-06-16T11:13:04.8214930+08:00, 0, 8.682408, 49.24039, 1, 1, 1, False
7.86434, 2021-06-16T11:13:04.8315020+08:00, 0, 8.682408, 49.24039, 1, 1, 1, False
7.873317, 2021-06-16T11:13:04.8403920+08:00, 0, 8.682408, 49.24039, 1, 1, 1, False
7.883624, 2021-06-16T11:13:04.8507510+08:00, 0, 8.682408, 49.24039, 1, 1, 1, False
7.892574, 2021-06-16T11:13:04.8629390+08:00, 0, 8.682408, 49.24039, 1, 1, 1, False
7.907384, 2021-06-16T11:13:04.8776260+08:00, 0, 8.682408, 49.24039, 1, 1, 1, False
7.915853, 2021-06-16T11:13:04.8927220+08:00, 0, 8.682408, 49.24039, 1, 1, 1, False
7.932309, 2021-06-16T11:13:04.8994940+08:00, 0, 8.682408, 49.24039, 1, 1, 1, False
7.939531, 2021-06-16T11:13:04.9066160+08:00, 0, 8.682408, 49.24039, 1, 1, 1, False
7.947385, 2021-06-16T11:13:04.9145490+08:00, 0, 8.682408, 49.24039, 1, 1, 1, False
7.9555, 2021-06-16T11:13:04.9226360+08:00, 0, 8.682408, 49.24039, 1, 1, 1, False
7.964014, 2021-06-16T11:13:04.9312020+08:00, 0, 8.682408, 49.24039, 1, 1, 1, False
7.972906, 2021-06-16T11:13:04.9400080+08:00, 0, 8.682408, 49.24039, 1, 1, 1, False
7.983623, 2021-06-16T11:13:04.9507530+08:00, 0, 8.682408, 49.24039, 1, 1, 1, False
7.99307, 2021-06-16T11:13:04.9602070+08:00, 0, 8.682408, 49.24039, 1, 1, 1, False
8.002927, 2021-06-16T11:13:04.9700440+08:00, 0, 8.682408, 49.24039, 1, 1, 1, False
8.012696, 2021-06-16T11:13:04.9798210+08:00, 0, 8.682408, 49.24039, 1, 1, 1, False
8.059662, 2021-06-16T11:13:05.0269670+08:00, 0, 8.682408, 49.24039, 1, 1, 1, False
8.067544, 2021-06-16T11:13:05.0347410+08:00, 0, 8.682408, 49.24039, 1, 1, 1, False
8.075395, 2021-06-16T11:13:05.0424820+08:00, 0, 8.682408, 49.24039, 1, 1, 1, False
8.083115, 2021-06-16T11:13:05.0502120+08:00, 0, 8.682408, 49.24039, 1, 1, 1, False
8.087297, 2021-06-16T11:13:05.0543800+08:00, 0, 8.682408, 49.24039, 1, 1, 1, False
8.091224, 2021-06-16T11:13:05.0583100+08:00, 0, 8.682408, 49.24039, 1, 1, 1, False
8.09552, 2021-06-16T11:13:05.0625960+08:00, 0, 8.682408, 49.24039, 1, 1, 1, False
8.103328, 2021-06-16T11:13:05.0704320+08:00, 0, 8.682408, 49.24039, 1, 1, 1, False
8.111653, 2021-06-16T11:13:05.0787800+08:00, 0, 8.682408, 49.24039, 1, 1, 1, False
8.150814, 2021-06-16T11:13:05.1182670+08:00, 0, 8.682408, 49.24039, 1, 1, 1, False
8.163162, 2021-06-16T11:13:05.1303420+08:00, 0, 8.682408, 49.24039, 1, 1, 1, False
8.171164, 2021-06-16T11:13:05.1382320+08:00, 0, 8.682408, 49.24039, 1, 1, 1, False
8.18005, 2021-06-16T11:13:05.1471700+08:00, 0, 8.682408, 49.24039, 1, 1, 1, False
8.187355, 2021-06-16T11:13:05.1544390+08:00, 0, 8.682408, 49.24039, 1, 1, 1, False
8.195318, 2021-06-16T11:13:05.1623920+08:00, 0, 8.682408, 49.24039, 1, 1, 1, False
8.203012, 2021-06-16T11:13:05.1701040+08:00, 0, 8.682408, 49.24039, 1, 1, 1, False
8.207206, 2021-06-16T11:13:05.1742680+08:00, 0, 8.682408, 49.24039, 1, 1, 1, False
8.219884, 2021-06-16T11:13:05.1869370+08:00, 0, 8.682408, 49.24039, 1, 1, 1, False
8.231234, 2021-06-16T11:13:05.1983330+08:00, 0, 8.682408, 49.24039, 1, 1, 1, False
8.2349, 2021-06-16T11:13:05.2019690+08:00, 0, 8.682408, 49.24039, 1, 1, 1, False
8.243609, 2021-06-16T11:13:05.2108440+08:00, 0, 8.682408, 49.24039, 1, 1, 1, False
8.251369, 2021-06-16T11:13:05.2184320+08:00, 0, 8.682408, 49.24039, 1, 1, 1, False
8.2589, 2021-06-16T11:13:05.2259760+08:00, 0, 8.682408, 49.24039, 1, 1, 1, False
8.268443, 2021-06-16T11:13:05.2355500+08:00, 0, 8.682408, 49.24039, 1, 1, 1, False
8.277771, 2021-06-16T11:13:05.2448480+08:00, 0, 8.682408, 49.24039, 1, 1, 1, False
8.288411, 2021-06-16T11:13:05.2555280+08:00, 0, 8.682408, 49.24039, 1, 1, 1, False
8.298429, 2021-06-16T11:13:05.2655150+08:00, 0, 8.682408, 49.24039, 1, 1, 1, False
8.307246, 2021-06-16T11:13:05.2743670+08:00, 0, 8.682408, 49.24039, 1, 1, 1, False
8.316748, 2021-06-16T11:13:05.2839170+08:00, 0, 8.682408, 49.24039, 1, 1, 1, False
8.326359, 2021-06-16T11:13:05.2934750+08:00, 0, 8.682408, 49.24039, 1, 1, 1, False
8.336313, 2021-06-16T11:13:05.3034090+08:00, 0, 8.682408, 49.24039, 1, 1, 1, False
8.375702, 2021-06-16T11:13:05.3428330+08:00, 0, 8.682408, 49.24039, 1, 1, 1, False
8.383114, 2021-06-16T11:13:05.3502600+08:00, 0, 8.682408, 49.24039, 1, 1, 1, False
8.391322, 2021-06-16T11:13:05.3583770+08:00, 0, 8.682408, 49.24039, 1, 1, 1, False
8.395932, 2021-06-16T11:13:05.3629940+08:00, 0, 8.682408, 49.24039, 1, 1, 1, False
8.403235, 2021-06-16T11:13:05.3703290+08:00, 0, 8.682408, 49.24039, 1, 1, 1, False
8.40696, 2021-06-16T11:13:05.3740050+08:00, 0, 8.682408, 49.24039, 1, 1, 1, False
8.411177, 2021-06-16T11:13:05.3783200+08:00, 0, 8.682408, 49.24039, 1, 1, 1, False
8.420019, 2021-06-16T11:13:05.3871440+08:00, 0, 8.682408, 49.24039, 1, 1, 1, False
8.429177, 2021-06-16T11:13:05.3962530+08:00, 0, 8.682408, 49.24039, 1, 1, 1, False
8.438251, 2021-06-16T11:13:05.4053360+08:00, 0, 8.682408, 49.24039, 1, 1, 1, False
8.448822, 2021-06-16T11:13:05.4160030+08:00, 0, 8.682408, 49.24039, 1, 1, 1, False
8.457766, 2021-06-16T11:13:05.4249070+08:00, 0, 8.682408, 49.24039, 1, 1, 1, False
8.468278, 2021-06-16T11:13:05.4354100+08:00, 0, 8.682408, 49.24039, 1, 1, 1, False
8.476977, 2021-06-16T11:13:05.4440600+08:00, 0, 8.682408, 49.24039, 1, 1, 1, False
8.486933, 2021-06-16T11:13:05.4540250+08:00, 0, 8.682408, 49.24039, 1, 1, 1, False
8.496271, 2021-06-16T11:13:05.4633490+08:00, 0, 8.682408, 49.24039, 1, 1, 1, False
8.505959, 2021-06-16T11:13:05.4730730+08:00, 0, 8.682408, 49.24039, 1, 1, 1, False
8.516377, 2021-06-16T11:13:05.4834660+08:00, 0, 8.682408, 49.24039, 1, 1, 1, False
8.525194, 2021-06-16T11:13:05.4924440+08:00, 0, 8.682408, 49.24039, 1, 1, 1, False
8.535345, 2021-06-16T11:13:05.5024140+08:00, 0, 8.682408, 49.24039, 1, 1, 1, False
8.544188, 2021-06-16T11:13:05.5112980+08:00, 0, 8.682408, 49.24039, 1, 1, 1, False
8.554609, 2021-06-16T11:13:05.5216710+08:00, 0, 8.682408, 49.24039, 1, 1, 1, False
8.563484, 2021-06-16T11:13:05.5308620+08:00, 0, 8.682408, 49.24039, 1, 1, 1, False
8.573691, 2021-06-16T11:13:05.5407570+08:00, 0, 8.682408, 49.24039, 1, 1, 1, False
8.583256, 2021-06-16T11:13:05.5503860+08:00, 0, 8.682408, 49.24039, 1, 1, 1, False
8.592458, 2021-06-16T11:13:05.5595150+08:00, 0, 8.682408, 49.24039, 1, 1, 1, False
8.601342, 2021-06-16T11:13:05.5684400+08:00, 0, 8.682408, 49.24039, 1, 1, 1, False
8.612352, 2021-06-16T11:13:05.5794370+08:00, 0, 8.682408, 49.24039, 1, 1, 1, False
8.621788, 2021-06-16T11:13:05.5889220+08:00, 0, 8.682408, 49.24039, 1, 1, 1, False
8.631006, 2021-06-16T11:13:05.5980680+08:00, 0, 8.682408, 49.24039, 1, 1, 1, False
8.640646, 2021-06-16T11:13:05.6077700+08:00, 0, 8.682408, 49.24039, 1, 1, 1, False
8.687582, 2021-06-16T11:13:05.6547410+08:00, 0, 8.682408, 49.24039, 1, 1, 1, False
8.695432, 2021-06-16T11:13:05.6625470+08:00, 0, 8.682408, 49.24039, 1, 1, 1, False
8.700142, 2021-06-16T11:13:05.6672540+08:00, 0, 8.682408, 49.24039, 1, 1, 1, False
8.707309, 2021-06-16T11:13:05.6743860+08:00, 0, 8.682408, 49.24039, 1, 1, 1, False
8.711202, 2021-06-16T11:13:05.6782670+08:00, 0, 8.682408, 49.24039, 1, 1, 1, False
8.719509, 2021-06-16T11:13:05.6865730+08:00, 0, 8.682408, 49.24039, 1, 1, 1, False
8.727287, 2021-06-16T11:13:05.6943970+08:00, 0, 8.682408, 49.24039, 1, 1, 1, False
8.735104, 2021-06-16T11:13:05.7022250+08:00, 0, 8.682408, 49.24039, 1, 1, 1, False
8.739119, 2021-06-16T11:13:05.7062440+08:00, 0, 8.682408, 49.24039, 1, 1, 1, False
8.749559, 2021-06-16T11:13:05.7167390+08:00, 0, 8.682408, 49.24039, 1, 1, 1, False
8.760171, 2021-06-16T11:13:05.7274990+08:00, 0, 8.682408, 49.24039, 1, 1, 1, False
8.769828, 2021-06-16T11:13:05.7369670+08:00, 0, 8.682408, 49.24039, 1, 1, 1, False
8.77916, 2021-06-16T11:13:05.7462430+08:00, 0, 8.682408, 49.24039, 1, 1, 1, False
8.787999, 2021-06-16T11:13:05.7550930+08:00, 0, 8.682408, 49.24039, 1, 1, 1, False
8.798775, 2021-06-16T11:13:05.7658860+08:00, 0, 8.682408, 49.24039, 1, 1, 1, False
8.807523, 2021-06-16T11:13:05.7746220+08:00, 0, 8.682408, 49.24039, 1, 1, 1, False
8.81695, 2021-06-16T11:13:05.7840410+08:00, 0, 8.682408, 49.24039, 1, 1, 1, False
8.827623, 2021-06-16T11:13:05.7947540+08:00, 0, 8.682408, 49.24039, 1, 1, 1, False
8.836846, 2021-06-16T11:13:05.8039070+08:00, 0, 8.682408, 49.24039, 1, 1, 1, False
8.847315, 2021-06-16T11:13:05.8144170+08:00, 0, 8.682408, 49.24039, 1, 1, 1, False
8.855611, 2021-06-16T11:13:05.8226780+08:00, 0, 8.682408, 49.24039, 1, 1, 1, False
8.86962, 2021-06-16T11:13:05.8367740+08:00, 0, 8.682408, 49.24039, 1, 1, 1, False
8.879685, 2021-06-16T11:13:05.8467410+08:00, 0, 8.682408, 49.24039, 1, 1, 1, False
8.88808, 2021-06-16T11:13:05.8551730+08:00, 0, 8.682408, 49.24039, 1, 1, 1, False
8.897513, 2021-06-16T11:13:05.8645950+08:00, 0, 8.682408, 49.24039, 1, 1, 1, False
8.907092, 2021-06-16T11:13:05.8742420+08:00, 0, 8.682408, 49.24039, 1, 1, 1, False
8.917212, 2021-06-16T11:13:05.8843040+08:00, 0, 8.682408, 49.24039, 1, 1, 1, False
8.926035, 2021-06-16T11:13:05.8932260+08:00, 0, 8.682408, 49.24039, 1, 1, 1, False
8.937008, 2021-06-16T11:13:05.9040870+08:00, 0, 8.682408, 49.24039, 1, 1, 1, False
8.945807, 2021-06-16T11:13:05.9129310+08:00, 0, 8.682408, 49.24039, 1, 1, 1, False
8.95558, 2021-06-16T11:13:05.9226800+08:00, 0, 8.682408, 49.24039, 1, 1, 1, False
8.999249, 2021-06-16T11:13:05.9664200+08:00, 0, 8.682408, 49.24039, 1, 1, 1, False
9.007541, 2021-06-16T11:13:05.9746250+08:00, 0, 8.682408, 49.24039, 1, 1, 1, False
9.011016, 2021-06-16T11:13:05.9780870+08:00, 0, 8.682408, 49.24039, 1, 1, 1, False
9.015079, 2021-06-16T11:13:05.9821460+08:00, 0, 8.682408, 49.24039, 1, 1, 1, False
9.018943, 2021-06-16T11:13:05.9859800+08:00, 0, 8.682408, 49.24039, 1, 1, 1, False
9.023056, 2021-06-16T11:13:05.9901270+08:00, 0, 8.682408, 49.24039, 1, 1, 1, False
9.030287, 2021-06-16T11:13:05.9973540+08:00, 0, 8.682408, 49.24039, 1, 1, 1, False
9.040752, 2021-06-16T11:13:06.0078950+08:00, 0, 8.682408, 49.24039, 1, 1, 1, False
9.05052, 2021-06-16T11:13:06.0175820+08:00, 0, 8.682408, 49.24039, 1, 1, 1, False
9.059921, 2021-06-16T11:13:06.0270810+08:00, 0, 8.682408, 49.24039, 1, 1, 1, False
9.069899, 2021-06-16T11:13:06.0370270+08:00, 0, 8.682408, 49.24039, 1, 1, 1, False
9.07914, 2021-06-16T11:13:06.0462870+08:00, 0, 8.682408, 49.24039, 1, 1, 1, False
9.089721, 2021-06-16T11:13:06.0568350+08:00, 0, 8.682408, 49.24039, 1, 1, 1, False
9.09904, 2021-06-16T11:13:06.0661080+08:00, 0, 8.682408, 49.24039, 1, 1, 1, False
9.108731, 2021-06-16T11:13:06.0758330+08:00, 0, 8.682408, 49.24039, 1, 1, 1, False
9.118447, 2021-06-16T11:13:06.0855230+08:00, 0, 8.682408, 49.24039, 1, 1, 1, False
9.127338, 2021-06-16T11:13:06.0945100+08:00, 0, 8.682408, 49.24039, 1, 1, 1, False
9.138149, 2021-06-16T11:13:06.1052150+08:00, 0, 8.682408, 49.24039, 1, 1, 1, False
9.147084, 2021-06-16T11:13:06.1142350+08:00, 0, 8.682408, 49.24039, 1, 1, 1, False
9.156453, 2021-06-16T11:13:06.1235140+08:00, 0, 8.682408, 49.24039, 1, 1, 1, False
9.166219, 2021-06-16T11:13:06.1333180+08:00, 0, 8.682408, 49.24039, 1, 1, 1, False
9.175134, 2021-06-16T11:13:06.1421930+08:00, 0, 8.682408, 49.24039, 1, 1, 1, False
9.185447, 2021-06-16T11:13:06.1525410+08:00, 0, 8.682408, 49.24039, 1, 1, 1, False
9.194409, 2021-06-16T11:13:06.1615420+08:00, 0, 8.682408, 49.24039, 1, 1, 1, False
9.203704, 2021-06-16T11:13:06.1708270+08:00, 0, 8.682408, 49.24039, 1, 1, 1, False
9.213916, 2021-06-16T11:13:06.1810540+08:00, 0, 8.682408, 49.24039, 1, 1, 1, False
9.223487, 2021-06-16T11:13:06.1906440+08:00, 0, 8.682408, 49.24039, 1, 1, 1, False
9.233472, 2021-06-16T11:13:06.2005550+08:00, 0, 8.682408, 49.24039, 1, 1, 1, False
9.242462, 2021-06-16T11:13:06.2095680+08:00, 0, 8.682408, 49.24039, 1, 1, 1, False
9.252916, 2021-06-16T11:13:06.2199960+08:00, 0, 8.682408, 49.24039, 1, 1, 1, False
9.261978, 2021-06-16T11:13:06.2290990+08:00, 0, 8.682408, 49.24039, 1, 1, 1, False
9.307498, 2021-06-16T11:13:06.2745990+08:00, 0, 8.682408, 49.24039, 1, 1, 1, False
9.311074, 2021-06-16T11:13:06.2781280+08:00, 0, 8.682408, 49.24039, 1, 1, 1, False
9.314878, 2021-06-16T11:13:06.2819240+08:00, 0, 8.682408, 49.24039, 1, 1, 1, False
9.319232, 2021-06-16T11:13:06.2863030+08:00, 0, 8.682408, 49.24039, 1, 1, 1, False
9.323048, 2021-06-16T11:13:06.2901300+08:00, 0, 8.682408, 49.24039, 1, 1, 1, False
9.32941, 2021-06-16T11:13:06.2964690+08:00, 0, 8.682408, 49.24039, 1, 1, 1, False
9.338299, 2021-06-16T11:13:06.3054200+08:00, 0, 8.682408, 49.24039, 1, 1, 1, False
9.34774, 2021-06-16T11:13:06.3148540+08:00, 0, 8.682408, 49.24039, 1, 1, 1, False
9.357318, 2021-06-16T11:13:06.3244390+08:00, 0, 8.682408, 49.24039, 1, 1, 1, False
9.367711, 2021-06-16T11:13:06.3348080+08:00, 0, 8.682408, 49.24039, 1, 1, 1, False
9.376507, 2021-06-16T11:13:06.3436810+08:00, 0, 8.682408, 49.24039, 1, 1, 1, False
9.385938, 2021-06-16T11:13:06.3530610+08:00, 0, 8.682408, 49.24039, 1, 1, 1, False
9.396574, 2021-06-16T11:13:06.3636810+08:00, 0, 8.682408, 49.24039, 1, 1, 1, False
9.405859, 2021-06-16T11:13:06.3729770+08:00, 0, 8.682408, 49.24039, 1, 1, 1, False
9.415639, 2021-06-16T11:13:06.3827030+08:00, 0, 8.682408, 49.24039, 1, 1, 1, False
9.424394, 2021-06-16T11:13:06.3914920+08:00, 0, 8.682408, 49.24039, 1, 1, 1, False
9.435044, 2021-06-16T11:13:06.4021490+08:00, 0, 8.682408, 49.24039, 1, 1, 1, False
9.443817, 2021-06-16T11:13:06.4109310+08:00, 0, 8.682408, 49.24039, 1, 1, 1, False
9.453842, 2021-06-16T11:13:06.4208980+08:00, 0, 8.682408, 49.24039, 1, 1, 1, False
9.46356, 2021-06-16T11:13:06.4306480+08:00, 0, 8.682408, 49.24039, 1, 1, 1, False
9.472346, 2021-06-16T11:13:06.4394240+08:00, 0, 8.682408, 49.24039, 1, 1, 1, False
9.481744, 2021-06-16T11:13:06.4488550+08:00, 0, 8.682408, 49.24039, 1, 1, 1, False
9.491341, 2021-06-16T11:13:06.4584020+08:00, 0, 8.682408, 49.24039, 1, 1, 1, False
9.50184, 2021-06-16T11:13:06.4689790+08:00, 0, 8.682408, 49.24039, 1, 1, 1, False
9.510644, 2021-06-16T11:13:06.4777330+08:00, 0, 8.682408, 49.24039, 1, 1, 1, False
9.520494, 2021-06-16T11:13:06.4876460+08:00, 0, 8.682408, 49.24039, 1, 1, 1, False
9.530467, 2021-06-16T11:13:06.4975500+08:00, 0, 8.682408, 49.24039, 1, 1, 1, False
9.539257, 2021-06-16T11:13:06.5063300+08:00, 0, 8.682408, 49.24039, 1, 1, 1, False
9.549952, 2021-06-16T11:13:06.5170520+08:00, 0, 8.682408, 49.24039, 1, 1, 1, False
9.559029, 2021-06-16T11:13:06.5260850+08:00, 0, 8.682408, 49.24039, 1, 1, 1, False
9.568974, 2021-06-16T11:13:06.5360950+08:00, 0, 8.682408, 49.24039, 1, 1, 1, False
9.607435, 2021-06-16T11:13:06.5745360+08:00, 0, 8.682408, 49.24039, 1, 1, 1, False
9.615499, 2021-06-16T11:13:06.5825620+08:00, 0, 8.682408, 49.24039, 1, 1, 1, False
9.623409, 2021-06-16T11:13:06.5905000+08:00, 0, 8.682408, 49.24039, 1, 1, 1, False
9.626972, 2021-06-16T11:13:06.5940190+08:00, 0, 8.682408, 49.24039, 1, 1, 1, False
9.630959, 2021-06-16T11:13:06.5980050+08:00, 0, 8.682408, 49.24039, 1, 1, 1, False
9.63498, 2021-06-16T11:13:06.6020570+08:00, 0, 8.682408, 49.24039, 1, 1, 1, False
9.641583, 2021-06-16T11:13:06.6086740+08:00, 0, 8.682408, 49.24039, 1, 1, 1, False
9.651801, 2021-06-16T11:13:06.6188830+08:00, 0, 8.682408, 49.24039, 1, 1, 1, False
9.661496, 2021-06-16T11:13:06.6286540+08:00, 0, 8.682408, 49.24039, 1, 1, 1, False
9.670273, 2021-06-16T11:13:06.6374490+08:00, 0, 8.682408, 49.24039, 1, 1, 1, False
9.681081, 2021-06-16T11:13:06.6481980+08:00, 0, 8.682408, 49.24039, 1, 1, 1, False
9.689881, 2021-06-16T11:13:06.6569530+08:00, 0, 8.682408, 49.24039, 1, 1, 1, False
9.700416, 2021-06-16T11:13:06.6676170+08:00, 0, 8.682408, 49.24039, 1, 1, 1, False
9.709298, 2021-06-16T11:13:06.6763580+08:00, 0, 8.682408, 49.24039, 1, 1, 1, False
9.718673, 2021-06-16T11:13:06.6857410+08:00, 0, 8.682408, 49.24039, 1, 1, 1, False
9.728438, 2021-06-16T11:13:06.6955510+08:00, 0, 8.682408, 49.24039, 1, 1, 1, False
9.738127, 2021-06-16T11:13:06.7051880+08:00, 0, 8.682408, 49.24039, 1, 1, 1, False
9.747961, 2021-06-16T11:13:06.7150530+08:00, 0, 8.682408, 49.24039, 1, 1, 1, False
9.756714, 2021-06-16T11:13:06.7237720+08:00, 0, 8.682408, 49.24039, 1, 1, 1, False
9.76615, 2021-06-16T11:13:06.7332480+08:00, 0, 8.682408, 49.24039, 1, 1, 1, False
9.775769, 2021-06-16T11:13:06.7428250+08:00, 0, 8.682408, 49.24039, 1, 1, 1, False
9.785974, 2021-06-16T11:13:06.7530920+08:00, 0, 8.682408, 49.24039, 1, 1, 1, False
9.79475, 2021-06-16T11:13:06.7618150+08:00, 0, 8.682408, 49.24039, 1, 1, 1, False
9.804192, 2021-06-16T11:13:06.7712810+08:00, 0, 8.682408, 49.24039, 1, 1, 1, False
9.814427, 2021-06-16T11:13:06.7815330+08:00, 0, 8.682408, 49.24039, 1, 1, 1, False
9.82358, 2021-06-16T11:13:06.7906730+08:00, 0, 8.682408, 49.24039, 1, 1, 1, False
9.833225, 2021-06-16T11:13:06.8002880+08:00, 0, 8.682408, 49.24039, 1, 1, 1, False
9.841937, 2021-06-16T11:13:06.8090190+08:00, 0, 8.682408, 49.24039, 1, 1, 1, False
9.851354, 2021-06-16T11:13:06.8184120+08:00, 0, 8.682408, 49.24039, 1, 1, 1, False
9.860784, 2021-06-16T11:13:06.8279120+08:00, 0, 8.682408, 49.24039, 1, 1, 1, False
9.870479, 2021-06-16T11:13:06.8375510+08:00, 0, 8.682408, 49.24039, 1, 1, 1, False
9.907201, 2021-06-16T11:13:06.8743430+08:00, 0, 8.682408, 49.24039, 1, 1, 1, False
9.915543, 2021-06-16T11:13:06.8825910+08:00, 0, 8.682408, 49.24039, 1, 1, 1, False
9.919052, 2021-06-16T11:13:06.8860990+08:00, 0, 8.682408, 49.24039, 1, 1, 1, False
9.923085, 2021-06-16T11:13:06.8901710+08:00, 0, 8.682408, 49.24039, 1, 1, 1, False
9.927017, 2021-06-16T11:13:06.8940650+08:00, 0, 8.682408, 49.24039, 1, 1, 1, False
9.934701, 2021-06-16T11:13:06.9017550+08:00, 0, 8.682408, 49.24039, 1, 1, 1, False
9.943421, 2021-06-16T11:13:06.9105470+08:00, 0, 8.682408, 49.24039, 1, 1, 1, False
9.952822, 2021-06-16T11:13:06.9199670+08:00, 0, 8.682408, 49.24039, 1, 1, 1, False
9.962062, 2021-06-16T11:13:06.9291760+08:00, 0, 8.682408, 49.24039, 1, 1, 1, False
9.972413, 2021-06-16T11:13:06.9395200+08:00, 0, 8.682408, 49.24039, 1, 1, 1, False
9.98322, 2021-06-16T11:13:06.9504540+08:00, 0, 8.682408, 49.24039, 1, 1, 1, False
9.992123, 2021-06-16T11:13:06.9593010+08:00, 0, 8.682408, 49.24039, 1, 1, 1, False
10.00221, 2021-06-16T11:13:06.9693530+08:00, 0, 8.682408, 49.24039, 1, 1, 1, False
10.01208, 2021-06-16T11:13:06.9791820+08:00, 0, 8.682408, 49.24039, 1, 1, 1, False
10.02235, 2021-06-16T11:13:06.9894960+08:00, 0, 8.682408, 49.24039, 1, 1, 1, False
10.03135, 2021-06-16T11:13:06.9984130+08:00, 0, 8.682408, 49.24039, 1, 1, 1, False
10.0421, 2021-06-16T11:13:07.0092140+08:00, 0, 8.682408, 49.24039, 1, 1, 1, False
10.0518, 2021-06-16T11:13:07.0188940+08:00, 0, 8.682408, 49.24039, 1, 1, 1, False
10.06151, 2021-06-16T11:13:07.0286730+08:00, 0, 8.682408, 49.24039, 1, 1, 1, False
10.07146, 2021-06-16T11:13:07.0385430+08:00, 0, 8.682408, 49.24039, 1, 1, 1, False
10.08347, 2021-06-16T11:13:07.0507040+08:00, 0, 8.682408, 49.24039, 1, 1, 1, False
10.09122, 2021-06-16T11:13:07.0582670+08:00, 0, 8.682408, 49.24039, 1, 1, 1, False
10.10043, 2021-06-16T11:13:07.0675250+08:00, 0, 8.682408, 49.24039, 1, 1, 1, False
10.11029, 2021-06-16T11:13:07.0773660+08:00, 0, 8.682408, 49.24039, 1, 1, 1, False
10.11939, 2021-06-16T11:13:07.0864410+08:00, 0, 8.682408, 49.24039, 1, 1, 1, False
10.12963, 2021-06-16T11:13:07.0967190+08:00, 0, 8.682408, 49.24039, 1, 1, 1, False
10.13838, 2021-06-16T11:13:07.1054380+08:00, 0, 8.682408, 49.24039, 1, 1, 1, False
10.14778, 2021-06-16T11:13:07.1148890+08:00, 0, 8.682408, 49.24039, 1, 1, 1, False
10.1581, 2021-06-16T11:13:07.1251640+08:00, 0, 8.682408, 49.24039, 1, 1, 1, False
10.168, 2021-06-16T11:13:07.1351480+08:00, 0, 8.682408, 49.24039, 1, 1, 1, False
10.17692, 2021-06-16T11:13:07.1439880+08:00, 0, 8.682408, 49.24039, 1, 1, 1, False
10.21525, 2021-06-16T11:13:07.1824250+08:00, 0, 8.682408, 49.24039, 1, 1, 1, False
10.21903, 2021-06-16T11:13:07.1861230+08:00, 0, 8.682408, 49.24039, 1, 1, 1, False
10.22298, 2021-06-16T11:13:07.1900570+08:00, 0, 8.682408, 49.24039, 1, 1, 1, False
10.22709, 2021-06-16T11:13:07.1941490+08:00, 0, 8.682408, 49.24039, 1, 1, 1, False
10.23104, 2021-06-16T11:13:07.1980860+08:00, 0, 8.682408, 49.24039, 1, 1, 1, False
10.24024, 2021-06-16T11:13:07.2073460+08:00, 0, 8.682408, 49.24039, 1, 1, 1, False
10.24948, 2021-06-16T11:13:07.2165700+08:00, 0, 8.682408, 49.24039, 1, 1, 1, False
10.25807, 2021-06-16T11:13:07.2251230+08:00, 0, 8.682408, 49.24039, 1, 1, 1, False
10.26852, 2021-06-16T11:13:07.2356540+08:00, 0, 8.682408, 49.24039, 1, 1, 1, False
10.27815, 2021-06-16T11:13:07.2452950+08:00, 0, 8.682408, 49.24039, 1, 1, 1, False
10.28843, 2021-06-16T11:13:07.2556020+08:00, 0, 8.682408, 49.24039, 1, 1, 1, False
10.29722, 2021-06-16T11:13:07.2642900+08:00, 0, 8.682408, 49.24039, 1, 1, 1, False
10.30667, 2021-06-16T11:13:07.2738560+08:00, 0, 8.682408, 49.24039, 1, 1, 1, False
10.31718, 2021-06-16T11:13:07.2842870+08:00, 0, 8.682408, 49.24039, 1, 1, 1, False
10.32585, 2021-06-16T11:13:07.2929400+08:00, 0, 8.682408, 49.24039, 1, 1, 1, False
10.3365, 2021-06-16T11:13:07.3035660+08:00, 0, 8.682408, 49.24039, 1, 1, 1, False
10.34536, 2021-06-16T11:13:07.3124650+08:00, 0, 8.682408, 49.24039, 1, 1, 1, False
10.35521, 2021-06-16T11:13:07.3222850+08:00, 0, 8.682408, 49.24039, 1, 1, 1, False
10.36502, 2021-06-16T11:13:07.3321160+08:00, 0, 8.682408, 49.24039, 1, 1, 1, False
10.37382, 2021-06-16T11:13:07.3408890+08:00, 0, 8.682408, 49.24039, 1, 1, 1, False
10.38325, 2021-06-16T11:13:07.3503430+08:00, 0, 8.682408, 49.24039, 1, 1, 1, False
10.39433, 2021-06-16T11:13:07.3614300+08:00, 0, 8.682408, 49.24039, 1, 1, 1, False
10.40297, 2021-06-16T11:13:07.3700600+08:00, 0, 8.682408, 49.24039, 1, 1, 1, False
10.41277, 2021-06-16T11:13:07.3798480+08:00, 0, 8.682408, 49.24039, 1, 1, 1, False
10.42252, 2021-06-16T11:13:07.3896380+08:00, 0, 8.682408, 49.24039, 1, 1, 1, False
10.43225, 2021-06-16T11:13:07.3993280+08:00, 0, 8.682408, 49.24039, 1, 1, 1, False
10.44109, 2021-06-16T11:13:07.4081830+08:00, 0, 8.682408, 49.24039, 1, 1, 1, False
10.45165, 2021-06-16T11:13:07.4187160+08:00, 0, 8.682408, 49.24039, 1, 1, 1, False
10.46046, 2021-06-16T11:13:07.4275720+08:00, 0, 8.682408, 49.24039, 1, 1, 1, False
10.47075, 2021-06-16T11:13:07.4378110+08:00, 0, 8.682408, 49.24039, 1, 1, 1, False
10.48039, 2021-06-16T11:13:07.4474870+08:00, 0, 8.682408, 49.24039, 1, 1, 1, False
10.51942, 2021-06-16T11:13:07.4865100+08:00, 0, 8.682408, 49.24039, 1, 1, 1, False
10.52293, 2021-06-16T11:13:07.4899980+08:00, 0, 8.682408, 49.24039, 1, 1, 1, False
10.54662, 2021-06-16T11:13:07.5137720+08:00, 0, 8.682408, 49.24039, 1, 1, 1, False
10.55138, 2021-06-16T11:13:07.5184740+08:00, 0, 8.682408, 49.24039, 1, 1, 1, False
10.55526, 2021-06-16T11:13:07.5223230+08:00, 0, 8.682408, 49.24039, 1, 1, 1, False
10.56317, 2021-06-16T11:13:07.5333160+08:00, 0, 8.682408, 49.24039, 1, 1, 1, False
10.57115, 2021-06-16T11:13:07.5412630+08:00, 0, 8.682408, 49.24039, 1, 1, 1, False
10.58714, 2021-06-16T11:13:07.5542520+08:00, 0, 8.682408, 49.24039, 1, 1, 1, False
10.59111, 2021-06-16T11:13:07.5582280+08:00, 0, 8.682408, 49.24039, 1, 1, 1, False
10.59534, 2021-06-16T11:13:07.5624010+08:00, 0, 8.682408, 49.24039, 1, 1, 1, False
10.59895, 2021-06-16T11:13:07.5659960+08:00, 0, 8.682408, 49.24039, 1, 1, 1, False
10.6077, 2021-06-16T11:13:07.5748620+08:00, 0, 8.682408, 49.24039, 1, 1, 1, False
10.61702, 2021-06-16T11:13:07.5840850+08:00, 0, 8.682408, 49.24039, 1, 1, 1, False
10.62741, 2021-06-16T11:13:07.5945450+08:00, 0, 8.682408, 49.24039, 1, 1, 1, False
10.63672, 2021-06-16T11:13:07.6037780+08:00, 0, 8.682408, 49.24039, 1, 1, 1, False
10.64669, 2021-06-16T11:13:07.6137900+08:00, 0, 8.682408, 49.24039, 1, 1, 1, False
10.65619, 2021-06-16T11:13:07.6232480+08:00, 0, 8.682408, 49.24039, 1, 1, 1, False
10.66595, 2021-06-16T11:13:07.6330670+08:00, 0, 8.682408, 49.24039, 1, 1, 1, False
10.6747, 2021-06-16T11:13:07.6417760+08:00, 0, 8.682408, 49.24039, 1, 1, 1, False
10.68405, 2021-06-16T11:13:07.6511610+08:00, 0, 8.682408, 49.24039, 1, 1, 1, False
10.6942, 2021-06-16T11:13:07.6612880+08:00, 0, 8.682408, 49.24039, 1, 1, 1, False
10.70366, 2021-06-16T11:13:07.6707630+08:00, 0, 8.682408, 49.24039, 1, 1, 1, False
10.71334, 2021-06-16T11:13:07.6803990+08:00, 0, 8.682408, 49.24039, 1, 1, 1, False
10.72253, 2021-06-16T11:13:07.6896080+08:00, 0, 8.682408, 49.24039, 1, 1, 1, False
10.73266, 2021-06-16T11:13:07.6997210+08:00, 0, 8.682408, 49.24039, 1, 1, 1, False
10.74147, 2021-06-16T11:13:07.7085680+08:00, 0, 8.682408, 49.24039, 1, 1, 1, False
10.75176, 2021-06-16T11:13:07.7188250+08:00, 0, 8.682408, 49.24039, 1, 1, 1, False
10.7609, 2021-06-16T11:13:07.7280330+08:00, 0, 8.682408, 49.24039, 1, 1, 1, False
10.7709, 2021-06-16T11:13:07.7379540+08:00, 0, 8.682408, 49.24039, 1, 1, 1, False
10.78041, 2021-06-16T11:13:07.7475230+08:00, 0, 8.682408, 49.24039, 1, 1, 1, False
10.7895, 2021-06-16T11:13:07.7565600+08:00, 0, 8.682408, 49.24039, 1, 1, 1, False
10.82715, 2021-06-16T11:13:07.7943130+08:00, 0, 8.682408, 49.24039, 1, 1, 1, False
10.83523, 2021-06-16T11:13:07.8023230+08:00, 0, 8.682408, 49.24039, 1, 1, 1, False
10.83888, 2021-06-16T11:13:07.8060000+08:00, 0, 8.682408, 49.24039, 1, 1, 1, False
10.84307, 2021-06-16T11:13:07.8101470+08:00, 0, 8.682408, 49.24039, 1, 1, 1, False
10.84704, 2021-06-16T11:13:07.8140870+08:00, 0, 8.682408, 49.24039, 1, 1, 1, False
10.85396, 2021-06-16T11:13:07.8210240+08:00, 0, 8.682408, 49.24039, 1, 1, 1, False
10.86337, 2021-06-16T11:13:07.8304640+08:00, 0, 8.682408, 49.24039, 1, 1, 1, False
10.87202, 2021-06-16T11:13:07.8390710+08:00, 0, 8.682408, 49.24039, 1, 1, 1, False
10.88246, 2021-06-16T11:13:07.8495580+08:00, 0, 8.682408, 49.24039, 1, 1, 1, False
10.8921, 2021-06-16T11:13:07.8592390+08:00, 0, 8.682408, 49.24039, 1, 1, 1, False
10.90265, 2021-06-16T11:13:07.8698210+08:00, 0, 8.682408, 49.24039, 1, 1, 1, False
10.91203, 2021-06-16T11:13:07.8790880+08:00, 0, 8.682408, 49.24039, 1, 1, 1, False
10.92132, 2021-06-16T11:13:07.8884340+08:00, 0, 8.682408, 49.24039, 1, 1, 1, False
10.93113, 2021-06-16T11:13:07.8982140+08:00, 0, 8.682408, 49.24039, 1, 1, 1, False
10.93998, 2021-06-16T11:13:07.9070720+08:00, 0, 8.682408, 49.24039, 1, 1, 1, False
10.95033, 2021-06-16T11:13:07.9174270+08:00, 0, 8.682408, 49.24039, 1, 1, 1, False
10.95956, 2021-06-16T11:13:07.9266480+08:00, 0, 8.682408, 49.24039, 1, 1, 1, False
10.96986, 2021-06-16T11:13:07.9370200+08:00, 0, 8.682408, 49.24039, 1, 1, 1, False
10.97908, 2021-06-16T11:13:07.9461440+08:00, 0, 8.682408, 49.24039, 1, 1, 1, False
10.9885, 2021-06-16T11:13:07.9556740+08:00, 0, 8.682408, 49.24039, 1, 1, 1, False
10.99848, 2021-06-16T11:13:07.9655440+08:00, 0, 8.682408, 49.24039, 1, 1, 1, False
11.00872, 2021-06-16T11:13:07.9758110+08:00, 0, 8.682408, 49.24039, 1, 1, 1, False
11.01827, 2021-06-16T11:13:07.9853330+08:00, 0, 8.682408, 49.24039, 1, 1, 1, False
11.02781, 2021-06-16T11:13:07.9949000+08:00, 0, 8.682408, 49.24039, 1, 1, 1, False
11.03715, 2021-06-16T11:13:08.0042190+08:00, 0, 8.682408, 49.24039, 1, 1, 1, False
11.04636, 2021-06-16T11:13:08.0134470+08:00, 0, 8.682408, 49.24039, 1, 1, 1, False
11.05618, 2021-06-16T11:13:08.0232640+08:00, 0, 8.682408, 49.24039, 1, 1, 1, False
11.06604, 2021-06-16T11:13:08.0331710+08:00, 0, 8.682408, 49.24039, 1, 1, 1, False
11.07497, 2021-06-16T11:13:08.0420360+08:00, 0, 8.682408, 49.24039, 1, 1, 1, False
11.08527, 2021-06-16T11:13:08.0523790+08:00, 0, 8.682408, 49.24039, 1, 1, 1, False
11.09469, 2021-06-16T11:13:08.0617480+08:00, 0, 8.682408, 49.24039, 1, 1, 1, False
11.13531, 2021-06-16T11:13:08.1024590+08:00, 0, 8.682408, 49.24039, 1, 1, 1, False
11.1435, 2021-06-16T11:13:08.1106220+08:00, 0, 8.682408, 49.24039, 1, 1, 1, False
11.1514, 2021-06-16T11:13:08.1184620+08:00, 0, 8.682408, 49.24039, 1, 1, 1, False
11.15964, 2021-06-16T11:13:08.1266990+08:00, 0, 8.682408, 49.24039, 1, 1, 1, False
11.16751, 2021-06-16T11:13:08.1345810+08:00, 0, 8.682408, 49.24039, 1, 1, 1, False
11.17091, 2021-06-16T11:13:08.1379420+08:00, 0, 8.682408, 49.24039, 1, 1, 1, False
11.17491, 2021-06-16T11:13:08.1419540+08:00, 0, 8.682408, 49.24039, 1, 1, 1, False
11.17941, 2021-06-16T11:13:08.1464900+08:00, 0, 8.682408, 49.24039, 1, 1, 1, False
11.18778, 2021-06-16T11:13:08.1549020+08:00, 0, 8.682408, 49.24039, 1, 1, 1, False
11.19705, 2021-06-16T11:13:08.1641540+08:00, 0, 8.682408, 49.24039, 1, 1, 1, False
11.20586, 2021-06-16T11:13:08.1729630+08:00, 0, 8.682408, 49.24039, 1, 1, 1, False
11.21631, 2021-06-16T11:13:08.1834920+08:00, 0, 8.682408, 49.24039, 1, 1, 1, False
11.22522, 2021-06-16T11:13:08.1923440+08:00, 0, 8.682408, 49.24039, 1, 1, 1, False
11.23565, 2021-06-16T11:13:08.2027120+08:00, 0, 8.682408, 49.24039, 1, 1, 1, False
11.24485, 2021-06-16T11:13:08.2120910+08:00, 0, 8.682408, 49.24039, 1, 1, 1, False
11.25428, 2021-06-16T11:13:08.2213460+08:00, 0, 8.682408, 49.24039, 1, 1, 1, False
11.26292, 2021-06-16T11:13:08.2300060+08:00, 0, 8.682408, 49.24039, 1, 1, 1, False
11.27291, 2021-06-16T11:13:08.2399970+08:00, 0, 8.682408, 49.24039, 1, 1, 1, False
11.28322, 2021-06-16T11:13:08.2503140+08:00, 0, 8.682408, 49.24039, 1, 1, 1, False
11.29208, 2021-06-16T11:13:08.2591530+08:00, 0, 8.682408, 49.24039, 1, 1, 1, False
11.3016, 2021-06-16T11:13:08.2687330+08:00, 0, 8.682408, 49.24039, 1, 1, 1, False
11.31135, 2021-06-16T11:13:08.2784360+08:00, 0, 8.682408, 49.24039, 1, 1, 1, False
11.32144, 2021-06-16T11:13:08.2885450+08:00, 0, 8.682408, 49.24039, 1, 1, 1, False
11.33023, 2021-06-16T11:13:08.2972860+08:00, 0, 8.682408, 49.24039, 1, 1, 1, False
11.34043, 2021-06-16T11:13:08.3075660+08:00, 0, 8.682408, 49.24039, 1, 1, 1, False
11.35012, 2021-06-16T11:13:08.3171760+08:00, 0, 8.682408, 49.24039, 1, 1, 1, False
11.35909, 2021-06-16T11:13:08.3261560+08:00, 0, 8.682408, 49.24039, 1, 1, 1, False
11.3693, 2021-06-16T11:13:08.3364250+08:00, 0, 8.682408, 49.24039, 1, 1, 1, False
11.37813, 2021-06-16T11:13:08.3452060+08:00, 0, 8.682408, 49.24039, 1, 1, 1, False
11.38858, 2021-06-16T11:13:08.3556850+08:00, 0, 8.682408, 49.24039, 1, 1, 1, False
11.39815, 2021-06-16T11:13:08.3652070+08:00, 0, 8.682408, 49.24039, 1, 1, 1, False
11.43518, 2021-06-16T11:13:08.4024330+08:00, 0, 8.682408, 49.24039, 1, 1, 1, False
11.44351, 2021-06-16T11:13:08.4106210+08:00, 0, 8.682408, 49.24039, 1, 1, 1, False
11.45154, 2021-06-16T11:13:08.4186200+08:00, 0, 8.682408, 49.24039, 1, 1, 1, False
11.45509, 2021-06-16T11:13:08.4222200+08:00, 0, 8.682408, 49.24039, 1, 1, 1, False
11.45891, 2021-06-16T11:13:08.4259580+08:00, 0, 8.682408, 49.24039, 1, 1, 1, False
11.46296, 2021-06-16T11:13:08.4300330+08:00, 0, 8.682408, 49.24039, 1, 1, 1, False
11.47116, 2021-06-16T11:13:08.4382360+08:00, 0, 8.682408, 49.24039, 1, 1, 1, False
11.48068, 2021-06-16T11:13:08.4477770+08:00, 0, 8.682408, 49.24039, 1, 1, 1, False
11.48938, 2021-06-16T11:13:08.4564770+08:00, 0, 8.682408, 49.24039, 1, 1, 1, False
11.49938, 2021-06-16T11:13:08.4665090+08:00, 0, 8.682408, 49.24039, 1, 1, 1, False
11.50948, 2021-06-16T11:13:08.4766780+08:00, 0, 8.682408, 49.24039, 1, 1, 1, False
11.51944, 2021-06-16T11:13:08.4865200+08:00, 0, 8.682408, 49.24039, 1, 1, 1, False
11.52903, 2021-06-16T11:13:08.4962080+08:00, 0, 8.682408, 49.24039, 1, 1, 1, False
11.53828, 2021-06-16T11:13:08.5053600+08:00, 0, 8.682408, 49.24039, 1, 1, 1, False
11.54823, 2021-06-16T11:13:08.5153480+08:00, 0, 8.682408, 49.24039, 1, 1, 1, False
11.55702, 2021-06-16T11:13:08.5240840+08:00, 0, 8.682408, 49.24039, 1, 1, 1, False
11.56626, 2021-06-16T11:13:08.5333490+08:00, 0, 8.682408, 49.24039, 1, 1, 1, False
11.57605, 2021-06-16T11:13:08.5431290+08:00, 0, 8.682408, 49.24039, 1, 1, 1, False
11.58619, 2021-06-16T11:13:08.5533020+08:00, 0, 8.682408, 49.24039, 1, 1, 1, False
11.59545, 2021-06-16T11:13:08.5625200+08:00, 0, 8.682408, 49.24039, 1, 1, 1, False
11.60484, 2021-06-16T11:13:08.5719580+08:00, 0, 8.682408, 49.24039, 1, 1, 1, False
11.61529, 2021-06-16T11:13:08.5824210+08:00, 0, 8.682408, 49.24039, 1, 1, 1, False
11.62442, 2021-06-16T11:13:08.5915300+08:00, 0, 8.682408, 49.24039, 1, 1, 1, False
11.63421, 2021-06-16T11:13:08.6012680+08:00, 0, 8.682408, 49.24039, 1, 1, 1, False
11.64315, 2021-06-16T11:13:08.6102450+08:00, 0, 8.682408, 49.24039, 1, 1, 1, False
11.65335, 2021-06-16T11:13:08.6204210+08:00, 0, 8.682408, 49.24039, 1, 1, 1, False
11.66226, 2021-06-16T11:13:08.6293840+08:00, 0, 8.682408, 49.24039, 1, 1, 1, False
11.67208, 2021-06-16T11:13:08.6391610+08:00, 0, 8.682408, 49.24039, 1, 1, 1, False
11.68181, 2021-06-16T11:13:08.6489300+08:00, 0, 8.682408, 49.24039, 1, 1, 1, False
11.69132, 2021-06-16T11:13:08.6583790+08:00, 0, 8.682408, 49.24039, 1, 1, 1, False
11.70102, 2021-06-16T11:13:08.6681410+08:00, 0, 8.682408, 49.24039, 1, 1, 1, False
11.74308, 2021-06-16T11:13:08.7102120+08:00, 0, 8.682408, 49.24039, 1, 1, 1, False
11.75113, 2021-06-16T11:13:08.7181930+08:00, 0, 8.682408, 49.24039, 1, 1, 1, False
11.75509, 2021-06-16T11:13:08.7221270+08:00, 0, 8.682408, 49.24039, 1, 1, 1, False
11.7591, 2021-06-16T11:13:08.7262490+08:00, 0, 8.682408, 49.24039, 1, 1, 1, False
11.76305, 2021-06-16T11:13:08.7301420+08:00, 0, 8.682408, 49.24039, 1, 1, 1, False
11.767, 2021-06-16T11:13:08.7340480+08:00, 0, 8.682408, 49.24039, 1, 1, 1, False
11.77481, 2021-06-16T11:13:08.7418660+08:00, 0, 8.682408, 49.24039, 1, 1, 1, False
11.78506, 2021-06-16T11:13:08.7521790+08:00, 0, 8.682408, 49.24039, 1, 1, 1, False
11.79457, 2021-06-16T11:13:08.7616830+08:00, 0, 8.682408, 49.24039, 1, 1, 1, False
11.80344, 2021-06-16T11:13:08.7705500+08:00, 0, 8.682408, 49.24039, 1, 1, 1, False
11.81432, 2021-06-16T11:13:08.7814830+08:00, 0, 8.682408, 49.24039, 1, 1, 1, False
11.82308, 2021-06-16T11:13:08.7901790+08:00, 0, 8.682408, 49.24039, 1, 1, 1, False
11.83245, 2021-06-16T11:13:08.7996020+08:00, 0, 8.682408, 49.24039, 1, 1, 1, False
11.84232, 2021-06-16T11:13:08.8094240+08:00, 0, 8.682408, 49.24039, 1, 1, 1, False
11.85258, 2021-06-16T11:13:08.8196710+08:00, 0, 8.682408, 49.24039, 1, 1, 1, False
11.86149, 2021-06-16T11:13:08.8286010+08:00, 0, 8.682408, 49.24039, 1, 1, 1, False
11.87145, 2021-06-16T11:13:08.8385200+08:00, 0, 8.682408, 49.24039, 1, 1, 1, False
11.88111, 2021-06-16T11:13:08.8482470+08:00, 0, 8.682408, 49.24039, 1, 1, 1, False
11.8901, 2021-06-16T11:13:08.8571830+08:00, 0, 8.682408, 49.24039, 1, 1, 1, False
11.90039, 2021-06-16T11:13:08.8674840+08:00, 0, 8.682408, 49.24039, 1, 1, 1, False
11.90938, 2021-06-16T11:13:08.8764390+08:00, 0, 8.682408, 49.24039, 1, 1, 1, False
11.91971, 2021-06-16T11:13:08.8867670+08:00, 0, 8.682408, 49.24039, 1, 1, 1, False
11.92903, 2021-06-16T11:13:08.8961400+08:00, 0, 8.682408, 49.24039, 1, 1, 1, False
11.93834, 2021-06-16T11:13:08.9054150+08:00, 0, 8.682408, 49.24039, 1, 1, 1, False
11.94807, 2021-06-16T11:13:08.9151910+08:00, 0, 8.682408, 49.24039, 1, 1, 1, False
11.95708, 2021-06-16T11:13:08.9241540+08:00, 0, 8.682408, 49.24039, 1, 1, 1, False
11.96733, 2021-06-16T11:13:08.9344290+08:00, 0, 8.682408, 49.24039, 1, 1, 1, False
11.97656, 2021-06-16T11:13:08.9436420+08:00, 0, 8.682408, 49.24039, 1, 1, 1, False
11.98651, 2021-06-16T11:13:08.9536350+08:00, 0, 8.682408, 49.24039, 1, 1, 1, False
11.99588, 2021-06-16T11:13:08.9629470+08:00, 0, 8.682408, 49.24039, 1, 1, 1, False
12.00523, 2021-06-16T11:13:08.9723210+08:00, 0, 8.682408, 49.24039, 1, 1, 1, False
12.04728, 2021-06-16T11:13:09.0144080+08:00, 0, 8.682408, 49.24039, 1, 1, 1, False
12.05119, 2021-06-16T11:13:09.0182300+08:00, 0, 8.682408, 49.24039, 1, 1, 1, False
12.05531, 2021-06-16T11:13:09.0223490+08:00, 0, 8.682408, 49.24039, 1, 1, 1, False
12.05911, 2021-06-16T11:13:09.0261540+08:00, 0, 8.682408, 49.24039, 1, 1, 1, False
12.0629, 2021-06-16T11:13:09.0300110+08:00, 0, 8.682408, 49.24039, 1, 1, 1, False
12.06901, 2021-06-16T11:13:09.0360770+08:00, 0, 8.682408, 49.24039, 1, 1, 1, False
12.07825, 2021-06-16T11:13:09.0453170+08:00, 0, 8.682408, 49.24039, 1, 1, 1, False
12.08696, 2021-06-16T11:13:09.0540940+08:00, 0, 8.682408, 49.24039, 1, 1, 1, False
12.09708, 2021-06-16T11:13:09.0641490+08:00, 0, 8.682408, 49.24039, 1, 1, 1, False
12.10701, 2021-06-16T11:13:09.0742210+08:00, 0, 8.682408, 49.24039, 1, 1, 1, False
12.1171, 2021-06-16T11:13:09.0841640+08:00, 0, 8.682408, 49.24039, 1, 1, 1, False
12.12587, 2021-06-16T11:13:09.0931080+08:00, 0, 8.682408, 49.24039, 1, 1, 1, False
12.1355, 2021-06-16T11:13:09.1025920+08:00, 0, 8.682408, 49.24039, 1, 1, 1, False
12.14605, 2021-06-16T11:13:09.1132000+08:00, 0, 8.682408, 49.24039, 1, 1, 1, False
12.1555, 2021-06-16T11:13:09.1225570+08:00, 0, 8.682408, 49.24039, 1, 1, 1, False
12.16502, 2021-06-16T11:13:09.1321220+08:00, 0, 8.682408, 49.24039, 1, 1, 1, False
12.17384, 2021-06-16T11:13:09.1409440+08:00, 0, 8.682408, 49.24039, 1, 1, 1, False
12.18411, 2021-06-16T11:13:09.1512070+08:00, 0, 8.682408, 49.24039, 1, 1, 1, False
12.19301, 2021-06-16T11:13:09.1600780+08:00, 0, 8.682408, 49.24039, 1, 1, 1, False
12.20225, 2021-06-16T11:13:09.1694150+08:00, 0, 8.682408, 49.24039, 1, 1, 1, False
12.21158, 2021-06-16T11:13:09.1786580+08:00, 0, 8.682408, 49.24039, 1, 1, 1, False
12.22157, 2021-06-16T11:13:09.1886620+08:00, 0, 8.682408, 49.24039, 1, 1, 1, False
12.23028, 2021-06-16T11:13:09.1973300+08:00, 0, 8.682408, 49.24039, 1, 1, 1, False
12.24098, 2021-06-16T11:13:09.2081290+08:00, 0, 8.682408, 49.24039, 1, 1, 1, False
12.25011, 2021-06-16T11:13:09.2171840+08:00, 0, 8.682408, 49.24039, 1, 1, 1, False
12.25979, 2021-06-16T11:13:09.2268520+08:00, 0, 8.682408, 49.24039, 1, 1, 1, False
12.26971, 2021-06-16T11:13:09.2367980+08:00, 0, 8.682408, 49.24039, 1, 1, 1, False
12.27954, 2021-06-16T11:13:09.2466080+08:00, 0, 8.682408, 49.24039, 1, 1, 1, False
12.28826, 2021-06-16T11:13:09.2553500+08:00, 0, 8.682408, 49.24039, 1, 1, 1, False
12.29753, 2021-06-16T11:13:09.2646080+08:00, 0, 8.682408, 49.24039, 1, 1, 1, False
12.30751, 2021-06-16T11:13:09.2745990+08:00, 0, 8.682408, 49.24039, 1, 1, 1, False
12.34333, 2021-06-16T11:13:09.3105500+08:00, 0, 8.682408, 49.24039, 1, 1, 1, False
12.35143, 2021-06-16T11:13:09.3185860+08:00, 0, 8.682408, 49.24039, 1, 1, 1, False
12.35503, 2021-06-16T11:13:09.3220810+08:00, 0, 8.682408, 49.24039, 1, 1, 1, False
12.35904, 2021-06-16T11:13:09.3260810+08:00, 0, 8.682408, 49.24039, 1, 1, 1, False
12.36297, 2021-06-16T11:13:09.3300310+08:00, 0, 8.682408, 49.24039, 1, 1, 1, False
12.37067, 2021-06-16T11:13:09.3377270+08:00, 0, 8.682408, 49.24039, 1, 1, 1, False
12.37985, 2021-06-16T11:13:09.3469210+08:00, 0, 8.682408, 49.24039, 1, 1, 1, False
12.38867, 2021-06-16T11:13:09.3557650+08:00, 0, 8.682408, 49.24039, 1, 1, 1, False
12.39877, 2021-06-16T11:13:09.3658510+08:00, 0, 8.682408, 49.24039, 1, 1, 1, False
12.40893, 2021-06-16T11:13:09.3763280+08:00, 0, 8.682408, 49.24039, 1, 1, 1, False
12.41774, 2021-06-16T11:13:09.3847880+08:00, 0, 8.682408, 49.24039, 1, 1, 1, False
12.42823, 2021-06-16T11:13:09.3954980+08:00, 0, 8.682408, 49.24039, 1, 1, 1, False
12.43819, 2021-06-16T11:13:09.4052550+08:00, 0, 8.682408, 49.24039, 1, 1, 1, False
12.44708, 2021-06-16T11:13:09.4142040+08:00, 0, 8.682408, 49.24039, 1, 1, 1, False
12.45685, 2021-06-16T11:13:09.4239520+08:00, 0, 8.682408, 49.24039, 1, 1, 1, False
12.46695, 2021-06-16T11:13:09.4341170+08:00, 0, 8.682408, 49.24039, 1, 1, 1, False
12.47626, 2021-06-16T11:13:09.4433150+08:00, 0, 8.682408, 49.24039, 1, 1, 1, False
12.48615, 2021-06-16T11:13:09.4532580+08:00, 0, 8.682408, 49.24039, 1, 1, 1, False
12.49566, 2021-06-16T11:13:09.4627130+08:00, 0, 8.682408, 49.24039, 1, 1, 1, False
12.50442, 2021-06-16T11:13:09.4715220+08:00, 0, 8.682408, 49.24039, 1, 1, 1, False
12.51488, 2021-06-16T11:13:09.4819450+08:00, 0, 8.682408, 49.24039, 1, 1, 1, False
12.52368, 2021-06-16T11:13:09.4907600+08:00, 0, 8.682408, 49.24039, 1, 1, 1, False
12.53301, 2021-06-16T11:13:09.5000640+08:00, 0, 8.682408, 49.24039, 1, 1, 1, False
12.54282, 2021-06-16T11:13:09.5099130+08:00, 0, 8.682408, 49.24039, 1, 1, 1, False
12.55299, 2021-06-16T11:13:09.5200650+08:00, 0, 8.682408, 49.24039, 1, 1, 1, False
12.56196, 2021-06-16T11:13:09.5290690+08:00, 0, 8.682408, 49.24039, 1, 1, 1, False
12.5718, 2021-06-16T11:13:09.5388610+08:00, 0, 8.682408, 49.24039, 1, 1, 1, False
12.58162, 2021-06-16T11:13:09.5487160+08:00, 0, 8.682408, 49.24039, 1, 1, 1, False
12.59035, 2021-06-16T11:13:09.5574070+08:00, 0, 8.682408, 49.24039, 1, 1, 1, False
12.59992, 2021-06-16T11:13:09.5669730+08:00, 0, 8.682408, 49.24039, 1, 1, 1, False
12.60978, 2021-06-16T11:13:09.5769010+08:00, 0, 8.682408, 49.24039, 1, 1, 1, False
12.64718, 2021-06-16T11:13:09.6143560+08:00, 0, 8.682408, 49.24039, 1, 1, 1, False
12.65124, 2021-06-16T11:13:09.6183020+08:00, 0, 8.682408, 49.24039, 1, 1, 1, False
12.65512, 2021-06-16T11:13:09.6221810+08:00, 0, 8.682408, 49.24039, 1, 1, 1, False
12.65903, 2021-06-16T11:13:09.6260960+08:00, 0, 8.682408, 49.24039, 1, 1, 1, False
12.66344, 2021-06-16T11:13:09.6305540+08:00, 0, 8.682408, 49.24039, 1, 1, 1, False
12.67267, 2021-06-16T11:13:09.6397550+08:00, 0, 8.682408, 49.24039, 1, 1, 1, False
12.68143, 2021-06-16T11:13:09.6485270+08:00, 0, 8.682408, 49.24039, 1, 1, 1, False
12.6922, 2021-06-16T11:13:09.6592660+08:00, 0, 8.682408, 49.24039, 1, 1, 1, False
12.70169, 2021-06-16T11:13:09.6688220+08:00, 0, 8.682408, 49.24039, 1, 1, 1, False
12.71083, 2021-06-16T11:13:09.6779600+08:00, 0, 8.682408, 49.24039, 1, 1, 1, False
12.72139, 2021-06-16T11:13:09.6884890+08:00, 0, 8.682408, 49.24039, 1, 1, 1, False
12.73146, 2021-06-16T11:13:09.6985980+08:00, 0, 8.682408, 49.24039, 1, 1, 1, False
12.74041, 2021-06-16T11:13:09.7075440+08:00, 0, 8.682408, 49.24039, 1, 1, 1, False
12.74988, 2021-06-16T11:13:09.7169630+08:00, 0, 8.682408, 49.24039, 1, 1, 1, False
12.75942, 2021-06-16T11:13:09.7264780+08:00, 0, 8.682408, 49.24039, 1, 1, 1, False
12.76944, 2021-06-16T11:13:09.7365600+08:00, 0, 8.682408, 49.24039, 1, 1, 1, False
12.77826, 2021-06-16T11:13:09.7453240+08:00, 0, 8.682408, 49.24039, 1, 1, 1, False
12.7877, 2021-06-16T11:13:09.7548190+08:00, 0, 8.682408, 49.24039, 1, 1, 1, False
12.79719, 2021-06-16T11:13:09.7642630+08:00, 0, 8.682408, 49.24039, 1, 1, 1, False
12.807, 2021-06-16T11:13:09.7742290+08:00, 0, 8.682408, 49.24039, 1, 1, 1, False
12.81686, 2021-06-16T11:13:09.7839410+08:00, 0, 8.682408, 49.24039, 1, 1, 1, False
12.82569, 2021-06-16T11:13:09.7927980+08:00, 0, 8.682408, 49.24039, 1, 1, 1, False
12.83617, 2021-06-16T11:13:09.8032580+08:00, 0, 8.682408, 49.24039, 1, 1, 1, False
12.8454, 2021-06-16T11:13:09.8124910+08:00, 0, 8.682408, 49.24039, 1, 1, 1, False
12.85482, 2021-06-16T11:13:09.8218850+08:00, 0, 8.682408, 49.24039, 1, 1, 1, False
12.86528, 2021-06-16T11:13:09.8323870+08:00, 0, 8.682408, 49.24039, 1, 1, 1, False
12.87457, 2021-06-16T11:13:09.8416990+08:00, 0, 8.682408, 49.24039, 1, 1, 1, False
12.88472, 2021-06-16T11:13:09.8518170+08:00, 0, 8.682408, 49.24039, 1, 1, 1, False
12.8935, 2021-06-16T11:13:09.8605700+08:00, 0, 8.682408, 49.24039, 1, 1, 1, False
12.90411, 2021-06-16T11:13:09.8712050+08:00, 0, 8.682408, 49.24039, 1, 1, 1, False
12.913, 2021-06-16T11:13:09.8800690+08:00, 0, 8.682408, 49.24039, 1, 1, 1, False
12.95548, 2021-06-16T11:13:09.9226180+08:00, 0, 8.682408, 49.24039, 1, 1, 1, False
12.95921, 2021-06-16T11:13:09.9262720+08:00, 0, 8.682408, 49.24039, 1, 1, 1, False
12.96314, 2021-06-16T11:13:09.9302450+08:00, 0, 8.682408, 49.24039, 1, 1, 1, False
12.96697, 2021-06-16T11:13:09.9340170+08:00, 0, 8.682408, 49.24039, 1, 1, 1, False
12.97125, 2021-06-16T11:13:09.9383060+08:00, 0, 8.682408, 49.24039, 1, 1, 1, False
12.97776, 2021-06-16T11:13:09.9448700+08:00, 0, 8.682408, 49.24039, 1, 1, 1, False
12.98728, 2021-06-16T11:13:09.9544020+08:00, 0, 8.682408, 49.24039, 1, 1, 1, False
12.99613, 2021-06-16T11:13:09.9631800+08:00, 0, 8.682408, 49.24039, 1, 1, 1, False
13.00588, 2021-06-16T11:13:09.9730800+08:00, 0, 8.682408, 49.24039, 1, 1, 1, False
13.01605, 2021-06-16T11:13:09.9831090+08:00, 0, 8.682408, 49.24039, 1, 1, 1, False
13.02492, 2021-06-16T11:13:09.9921380+08:00, 0, 8.682408, 49.24039, 1, 1, 1, False
13.03444, 2021-06-16T11:13:10.0015160+08:00, 0, 8.682408, 49.24039, 1, 1, 1, False
13.04486, 2021-06-16T11:13:10.0120090+08:00, 0, 8.682408, 49.24039, 1, 1, 1, False
13.05423, 2021-06-16T11:13:10.0212910+08:00, 0, 8.682408, 49.24039, 1, 1, 1, False
13.06398, 2021-06-16T11:13:10.0310750+08:00, 0, 8.682408, 49.24039, 1, 1, 1, False
13.07289, 2021-06-16T11:13:10.0399630+08:00, 0, 8.682408, 49.24039, 1, 1, 1, False
13.08315, 2021-06-16T11:13:10.0502690+08:00, 0, 8.682408, 49.24039, 1, 1, 1, False
13.09213, 2021-06-16T11:13:10.0592010+08:00, 0, 8.682408, 49.24039, 1, 1, 1, False
13.10148, 2021-06-16T11:13:10.0685670+08:00, 0, 8.682408, 49.24039, 1, 1, 1, False
13.11154, 2021-06-16T11:13:10.0786120+08:00, 0, 8.682408, 49.24039, 1, 1, 1, False
13.12099, 2021-06-16T11:13:10.0880880+08:00, 0, 8.682408, 49.24039, 1, 1, 1, False
13.13071, 2021-06-16T11:13:10.0977850+08:00, 0, 8.682408, 49.24039, 1, 1, 1, False
13.13967, 2021-06-16T11:13:10.1067480+08:00, 0, 8.682408, 49.24039, 1, 1, 1, False
13.14997, 2021-06-16T11:13:10.1170930+08:00, 0, 8.682408, 49.24039, 1, 1, 1, False
13.15945, 2021-06-16T11:13:10.1265200+08:00, 0, 8.682408, 49.24039, 1, 1, 1, False
13.16944, 2021-06-16T11:13:10.1365640+08:00, 0, 8.682408, 49.24039, 1, 1, 1, False
13.17869, 2021-06-16T11:13:10.1457780+08:00, 0, 8.682408, 49.24039, 1, 1, 1, False
13.18749, 2021-06-16T11:13:10.1545970+08:00, 0, 8.682408, 49.24039, 1, 1, 1, False
13.19782, 2021-06-16T11:13:10.1649930+08:00, 0, 8.682408, 49.24039, 1, 1, 1, False
13.20662, 2021-06-16T11:13:10.1737320+08:00, 0, 8.682408, 49.24039, 1, 1, 1, False
13.216, 2021-06-16T11:13:10.1830760+08:00, 0, 8.682408, 49.24039, 1, 1, 1, False
13.2591, 2021-06-16T11:13:10.2293620+08:00, 0, 8.682408, 49.24039, 1, 1, 1, False
13.26721, 2021-06-16T11:13:10.2468840+08:00, 0, 8.682408, 49.24039, 1, 1, 1, False
13.28707, 2021-06-16T11:13:10.2541610+08:00, 0, 8.682408, 49.24039, 1, 1, 1, False
13.29106, 2021-06-16T11:13:10.2581540+08:00, 0, 8.682408, 49.24039, 1, 1, 1, False
13.29547, 2021-06-16T11:13:10.2625670+08:00, 0, 8.682408, 49.24039, 1, 1, 1, False
13.29894, 2021-06-16T11:13:10.2660130+08:00, 0, 8.682408, 49.24039, 1, 1, 1, False
13.30297, 2021-06-16T11:13:10.2700520+08:00, 0, 8.682408, 49.24039, 1, 1, 1, False
13.31129, 2021-06-16T11:13:10.2784180+08:00, 0, 8.682408, 49.24039, 1, 1, 1, False
13.32083, 2021-06-16T11:13:10.2879600+08:00, 0, 8.682408, 49.24039, 1, 1, 1, False
13.33002, 2021-06-16T11:13:10.2971490+08:00, 0, 8.682408, 49.24039, 1, 1, 1, False
13.33917, 2021-06-16T11:13:10.3062460+08:00, 0, 8.682408, 49.24039, 1, 1, 1, False
13.34787, 2021-06-16T11:13:10.3150000+08:00, 0, 8.682408, 49.24039, 1, 1, 1, False
13.35776, 2021-06-16T11:13:10.3248520+08:00, 0, 8.682408, 49.24039, 1, 1, 1, False
13.36851, 2021-06-16T11:13:10.3356570+08:00, 0, 8.682408, 49.24039, 1, 1, 1, False
13.37733, 2021-06-16T11:13:10.3444100+08:00, 0, 8.682408, 49.24039, 1, 1, 1, False
13.38666, 2021-06-16T11:13:10.3537460+08:00, 0, 8.682408, 49.24039, 1, 1, 1, False
13.39634, 2021-06-16T11:13:10.3633900+08:00, 0, 8.682408, 49.24039, 1, 1, 1, False
13.40629, 2021-06-16T11:13:10.3734250+08:00, 0, 8.682408, 49.24039, 1, 1, 1, False
13.41618, 2021-06-16T11:13:10.3832840+08:00, 0, 8.682408, 49.24039, 1, 1, 1, False
13.42498, 2021-06-16T11:13:10.3920670+08:00, 0, 8.682408, 49.24039, 1, 1, 1, False
13.43493, 2021-06-16T11:13:10.4020470+08:00, 0, 8.682408, 49.24039, 1, 1, 1, False
13.44417, 2021-06-16T11:13:10.4112590+08:00, 0, 8.682408, 49.24039, 1, 1, 1, False
13.45391, 2021-06-16T11:13:10.4209680+08:00, 0, 8.682408, 49.24039, 1, 1, 1, False
13.46396, 2021-06-16T11:13:10.4310520+08:00, 0, 8.682408, 49.24039, 1, 1, 1, False
13.47279, 2021-06-16T11:13:10.4398650+08:00, 0, 8.682408, 49.24039, 1, 1, 1, False
13.48232, 2021-06-16T11:13:10.4495100+08:00, 0, 8.682408, 49.24039, 1, 1, 1, False
13.49189, 2021-06-16T11:13:10.4589680+08:00, 0, 8.682408, 49.24039, 1, 1, 1, False
13.5017, 2021-06-16T11:13:10.4688250+08:00, 0, 8.682408, 49.24039, 1, 1, 1, False
13.51053, 2021-06-16T11:13:10.4776180+08:00, 0, 8.682408, 49.24039, 1, 1, 1, False
13.51991, 2021-06-16T11:13:10.4870130+08:00, 0, 8.682408, 49.24039, 1, 1, 1, False
13.52961, 2021-06-16T11:13:10.4967380+08:00, 0, 8.682408, 49.24039, 1, 1, 1, False
13.57531, 2021-06-16T11:13:10.5424210+08:00, 0, 8.682408, 49.24039, 1, 1, 1, False
13.5831, 2021-06-16T11:13:10.5501920+08:00, 0, 8.682408, 49.24039, 1, 1, 1, False
13.58708, 2021-06-16T11:13:10.5541210+08:00, 0, 8.682408, 49.24039, 1, 1, 1, False
13.59131, 2021-06-16T11:13:10.5583670+08:00, 0, 8.682408, 49.24039, 1, 1, 1, False
13.59536, 2021-06-16T11:13:10.5624060+08:00, 0, 8.682408, 49.24039, 1, 1, 1, False
13.59901, 2021-06-16T11:13:10.5660630+08:00, 0, 8.682408, 49.24039, 1, 1, 1, False
13.60698, 2021-06-16T11:13:10.5740690+08:00, 0, 8.682408, 49.24039, 1, 1, 1, False
13.61735, 2021-06-16T11:13:10.5844720+08:00, 0, 8.682408, 49.24039, 1, 1, 1, False
13.62632, 2021-06-16T11:13:10.5934070+08:00, 0, 8.682408, 49.24039, 1, 1, 1, False
13.636, 2021-06-16T11:13:10.6030850+08:00, 0, 8.682408, 49.24039, 1, 1, 1, False
13.64563, 2021-06-16T11:13:10.6128290+08:00, 0, 8.682408, 49.24039, 1, 1, 1, False
13.65571, 2021-06-16T11:13:10.6228160+08:00, 0, 8.682408, 49.24039, 1, 1, 1, False
13.66451, 2021-06-16T11:13:10.6317010+08:00, 0, 8.682408, 49.24039, 1, 1, 1, False
13.67501, 2021-06-16T11:13:10.6420710+08:00, 0, 8.682408, 49.24039, 1, 1, 1, False
13.68467, 2021-06-16T11:13:10.6517710+08:00, 0, 8.682408, 49.24039, 1, 1, 1, False
13.69414, 2021-06-16T11:13:10.6611950+08:00, 0, 8.682408, 49.24039, 1, 1, 1, False
13.70378, 2021-06-16T11:13:10.6709560+08:00, 0, 8.682408, 49.24039, 1, 1, 1, False
13.71267, 2021-06-16T11:13:10.6797290+08:00, 0, 8.682408, 49.24039, 1, 1, 1, False
13.72288, 2021-06-16T11:13:10.6899660+08:00, 0, 8.682408, 49.24039, 1, 1, 1, False
13.73249, 2021-06-16T11:13:10.6995740+08:00, 0, 8.682408, 49.24039, 1, 1, 1, False
13.74168, 2021-06-16T11:13:10.7087660+08:00, 0, 8.682408, 49.24039, 1, 1, 1, False
13.75156, 2021-06-16T11:13:10.7186240+08:00, 0, 8.682408, 49.24039, 1, 1, 1, False
13.76033, 2021-06-16T11:13:10.7274420+08:00, 0, 8.682408, 49.24039, 1, 1, 1, False
13.7706, 2021-06-16T11:13:10.7376650+08:00, 0, 8.682408, 49.24039, 1, 1, 1, False
13.77942, 2021-06-16T11:13:10.7464930+08:00, 0, 8.682408, 49.24039, 1, 1, 1, False
13.7896, 2021-06-16T11:13:10.7567060+08:00, 0, 8.682408, 49.24039, 1, 1, 1, False
13.79838, 2021-06-16T11:13:10.7654390+08:00, 0, 8.682408, 49.24039, 1, 1, 1, False
13.80785, 2021-06-16T11:13:10.7749900+08:00, 0, 8.682408, 49.24039, 1, 1, 1, False
13.81827, 2021-06-16T11:13:10.7853320+08:00, 0, 8.682408, 49.24039, 1, 1, 1, False
13.82764, 2021-06-16T11:13:10.7947510+08:00, 0, 8.682408, 49.24039, 1, 1, 1, False
13.83698, 2021-06-16T11:13:10.8040330+08:00, 0, 8.682408, 49.24039, 1, 1, 1, False
13.87597, 2021-06-16T11:13:10.8431220+08:00, 0, 8.682408, 49.24039, 1, 1, 1, False
13.8834, 2021-06-16T11:13:10.8504980+08:00, 0, 8.682408, 49.24039, 1, 1, 1, False
13.89165, 2021-06-16T11:13:10.8587040+08:00, 0, 8.682408, 49.24039, 1, 1, 1, False
13.89562, 2021-06-16T11:13:10.8626960+08:00, 0, 8.682408, 49.24039, 1, 1, 1, False
13.8989, 2021-06-16T11:13:10.8659330+08:00, 0, 8.682408, 49.24039, 1, 1, 1, False
13.90308, 2021-06-16T11:13:10.8701660+08:00, 0, 8.682408, 49.24039, 1, 1, 1, False
13.91116, 2021-06-16T11:13:10.8782470+08:00, 0, 8.682408, 49.24039, 1, 1, 1, False
13.92061, 2021-06-16T11:13:10.8877030+08:00, 0, 8.682408, 49.24039, 1, 1, 1, False
13.93023, 2021-06-16T11:13:10.8972980+08:00, 0, 8.682408, 49.24039, 1, 1, 1, False
13.93943, 2021-06-16T11:13:10.9065010+08:00, 0, 8.682408, 49.24039, 1, 1, 1, False
13.94827, 2021-06-16T11:13:10.9159470+08:00, 0, 8.682408, 49.24039, 1, 1, 1, False
13.95841, 2021-06-16T11:13:10.9255460+08:00, 0, 8.682408, 49.24039, 1, 1, 1, False
13.96915, 2021-06-16T11:13:10.9363150+08:00, 0, 8.682408, 49.24039, 1, 1, 1, False
13.97805, 2021-06-16T11:13:10.9451650+08:00, 0, 8.682408, 49.24039, 1, 1, 1, False
13.98779, 2021-06-16T11:13:10.9548810+08:00, 0, 8.682408, 49.24039, 1, 1, 1, False
13.99762, 2021-06-16T11:13:10.9646920+08:00, 0, 8.682408, 49.24039, 1, 1, 1, False
14.00677, 2021-06-16T11:13:10.9738860+08:00, 0, 8.682408, 49.24039, 1, 1, 1, False
14.01667, 2021-06-16T11:13:10.9837510+08:00, 0, 8.682408, 49.24039, 1, 1, 1, False
14.02555, 2021-06-16T11:13:10.9926620+08:00, 0, 8.682408, 49.24039, 1, 1, 1, False
14.03587, 2021-06-16T11:13:11.0033620+08:00, 0, 8.682408, 49.24039, 1, 1, 1, False
14.04461, 2021-06-16T11:13:11.0117300+08:00, 0, 8.682408, 49.24039, 1, 1, 1, False
14.05427, 2021-06-16T11:13:11.0213260+08:00, 0, 8.682408, 49.24039, 1, 1, 1, False
14.06433, 2021-06-16T11:13:11.0314540+08:00, 0, 8.682408, 49.24039, 1, 1, 1, False
14.07308, 2021-06-16T11:13:11.0401360+08:00, 0, 8.682408, 49.24039, 1, 1, 1, False
14.08254, 2021-06-16T11:13:11.0496310+08:00, 0, 8.682408, 49.24039, 1, 1, 1, False
14.09198, 2021-06-16T11:13:11.0590640+08:00, 0, 8.682408, 49.24039, 1, 1, 1, False
14.10238, 2021-06-16T11:13:11.0695100+08:00, 0, 8.682408, 49.24039, 1, 1, 1, False
14.11112, 2021-06-16T11:13:11.0782060+08:00, 0, 8.682408, 49.24039, 1, 1, 1, False
14.12084, 2021-06-16T11:13:11.0879380+08:00, 0, 8.682408, 49.24039, 1, 1, 1, False
14.13074, 2021-06-16T11:13:11.0977970+08:00, 0, 8.682408, 49.24039, 1, 1, 1, False
14.13954, 2021-06-16T11:13:11.1066160+08:00, 0, 8.682408, 49.24039, 1, 1, 1, False
14.17552, 2021-06-16T11:13:11.1426340+08:00, 0, 8.682408, 49.24039, 1, 1, 1, False
14.1796, 2021-06-16T11:13:11.1466710+08:00, 0, 8.682408, 49.24039, 1, 1, 1, False
14.18316, 2021-06-16T11:13:11.1502620+08:00, 0, 8.682408, 49.24039, 1, 1, 1, False
14.18699, 2021-06-16T11:13:11.1540290+08:00, 0, 8.682408, 49.24039, 1, 1, 1, False
14.19459, 2021-06-16T11:13:11.1617910+08:00, 0, 8.682408, 49.24039, 1, 1, 1, False
14.20417, 2021-06-16T11:13:11.1712870+08:00, 0, 8.682408, 49.24039, 1, 1, 1, False
14.21332, 2021-06-16T11:13:11.1803960+08:00, 0, 8.682408, 49.24039, 1, 1, 1, False
14.22285, 2021-06-16T11:13:11.1899480+08:00, 0, 8.682408, 49.24039, 1, 1, 1, False
14.23146, 2021-06-16T11:13:11.1985310+08:00, 0, 8.682408, 49.24039, 1, 1, 1, False
14.24172, 2021-06-16T11:13:11.2088940+08:00, 0, 8.682408, 49.24039, 1, 1, 1, False
14.25225, 2021-06-16T11:13:11.2193350+08:00, 0, 8.682408, 49.24039, 1, 1, 1, False
14.26109, 2021-06-16T11:13:11.2283220+08:00, 0, 8.682408, 49.24039, 1, 1, 1, False
14.27061, 2021-06-16T11:13:11.2377020+08:00, 0, 8.682408, 49.24039, 1, 1, 1, False
14.2807, 2021-06-16T11:13:11.2479210+08:00, 0, 8.682408, 49.24039, 1, 1, 1, False
14.28943, 2021-06-16T11:13:11.2564900+08:00, 0, 8.682408, 49.24039, 1, 1, 1, False
14.29964, 2021-06-16T11:13:11.2667030+08:00, 0, 8.682408, 49.24039, 1, 1, 1, False
14.30873, 2021-06-16T11:13:11.2758570+08:00, 0, 8.682408, 49.24039, 1, 1, 1, False
14.31814, 2021-06-16T11:13:11.2851900+08:00, 0, 8.682408, 49.24039, 1, 1, 1, False
14.32781, 2021-06-16T11:13:11.2949310+08:00, 0, 8.682408, 49.24039, 1, 1, 1, False
14.3375, 2021-06-16T11:13:11.3045580+08:00, 0, 8.682408, 49.24039, 1, 1, 1, False
14.34727, 2021-06-16T11:13:11.3143940+08:00, 0, 8.682408, 49.24039, 1, 1, 1, False
14.35603, 2021-06-16T11:13:11.3231140+08:00, 0, 8.682408, 49.24039, 1, 1, 1, False
14.3653, 2021-06-16T11:13:11.3324090+08:00, 0, 8.682408, 49.24039, 1, 1, 1, False
14.37511, 2021-06-16T11:13:11.3421870+08:00, 0, 8.682408, 49.24039, 1, 1, 1, False
14.38537, 2021-06-16T11:13:11.3524880+08:00, 0, 8.682408, 49.24039, 1, 1, 1, False
14.39441, 2021-06-16T11:13:11.3614870+08:00, 0, 8.682408, 49.24039, 1, 1, 1, False
14.4041, 2021-06-16T11:13:11.3711850+08:00, 0, 8.682408, 49.24039, 1, 1, 1, False
14.41399, 2021-06-16T11:13:11.3810690+08:00, 0, 8.682408, 49.24039, 1, 1, 1, False
14.42328, 2021-06-16T11:13:11.3904010+08:00, 0, 8.682408, 49.24039, 1, 1, 1, False
14.43305, 2021-06-16T11:13:11.4001620+08:00, 0, 8.682408, 49.24039, 1, 1, 1, False
14.44196, 2021-06-16T11:13:11.4090770+08:00, 0, 8.682408, 49.24039, 1, 1, 1, False
14.47937, 2021-06-16T11:13:11.4465390+08:00, 0, 8.682408, 49.24039, 1, 1, 1, False
14.48303, 2021-06-16T11:13:11.4501020+08:00, 0, 8.682408, 49.24039, 1, 1, 1, False
14.48693, 2021-06-16T11:13:11.4539800+08:00, 0, 8.682408, 49.24039, 1, 1, 1, False
14.49116, 2021-06-16T11:13:11.4582100+08:00, 0, 8.682408, 49.24039, 1, 1, 1, False
14.49533, 2021-06-16T11:13:11.4624100+08:00, 0, 8.682408, 49.24039, 1, 1, 1, False
14.50471, 2021-06-16T11:13:11.4718280+08:00, 0, 8.682408, 49.24039, 1, 1, 1, False
14.51356, 2021-06-16T11:13:11.4806090+08:00, 0, 8.682408, 49.24039, 1, 1, 1, False
14.52313, 2021-06-16T11:13:11.4902500+08:00, 0, 8.682408, 49.24039, 1, 1, 1, False
14.533, 2021-06-16T11:13:11.5000850+08:00, 0, 8.682408, 49.24039, 1, 1, 1, False
14.54295, 2021-06-16T11:13:11.5101680+08:00, 0, 8.682408, 49.24039, 1, 1, 1, False
14.55316, 2021-06-16T11:13:11.5202470+08:00, 0, 8.682408, 49.24039, 1, 1, 1, False
14.56237, 2021-06-16T11:13:11.5295990+08:00, 0, 8.682408, 49.24039, 1, 1, 1, False
14.57131, 2021-06-16T11:13:11.5383780+08:00, 0, 8.682408, 49.24039, 1, 1, 1, False
14.58181, 2021-06-16T11:13:11.5490260+08:00, 0, 8.682408, 49.24039, 1, 1, 1, False
14.5908, 2021-06-16T11:13:11.5578980+08:00, 0, 8.682408, 49.24039, 1, 1, 1, False
14.60011, 2021-06-16T11:13:11.5672820+08:00, 0, 8.682408, 49.24039, 1, 1, 1, False
14.6106, 2021-06-16T11:13:11.5776910+08:00, 0, 8.682408, 49.24039, 1, 1, 1, False
14.61977, 2021-06-16T11:13:11.5868370+08:00, 0, 8.682408, 49.24039, 1, 1, 1, False
14.6297, 2021-06-16T11:13:11.5968400+08:00, 0, 8.682408, 49.24039, 1, 1, 1, False
14.63862, 2021-06-16T11:13:11.6056700+08:00, 0, 8.682408, 49.24039, 1, 1, 1, False
14.6481, 2021-06-16T11:13:11.6152030+08:00, 0, 8.682408, 49.24039, 1, 1, 1, False
14.65768, 2021-06-16T11:13:11.6247350+08:00, 0, 8.682408, 49.24039, 1, 1, 1, False
14.66827, 2021-06-16T11:13:11.6353730+08:00, 0, 8.682408, 49.24039, 1, 1, 1, False
14.67694, 2021-06-16T11:13:11.6440080+08:00, 0, 8.682408, 49.24039, 1, 1, 1, False
14.68623, 2021-06-16T11:13:11.6533240+08:00, 0, 8.682408, 49.24039, 1, 1, 1, False
14.6966, 2021-06-16T11:13:11.6636560+08:00, 0, 8.682408, 49.24039, 1, 1, 1, False
14.70541, 2021-06-16T11:13:11.6724960+08:00, 0, 8.682408, 49.24039, 1, 1, 1, False
14.71594, 2021-06-16T11:13:11.6830010+08:00, 0, 8.682408, 49.24039, 1, 1, 1, False
14.72469, 2021-06-16T11:13:11.6918000+08:00, 0, 8.682408, 49.24039, 1, 1, 1, False
14.73427, 2021-06-16T11:13:11.7013450+08:00, 0, 8.682408, 49.24039, 1, 1, 1, False
14.74451, 2021-06-16T11:13:11.7116630+08:00, 0, 8.682408, 49.24039, 1, 1, 1, False
14.78324, 2021-06-16T11:13:11.7503360+08:00, 0, 8.682408, 49.24039, 1, 1, 1, False
14.78689, 2021-06-16T11:13:11.7539430+08:00, 0, 8.682408, 49.24039, 1, 1, 1, False
14.80262, 2021-06-16T11:13:11.7697320+08:00, 0, 8.682408, 49.24039, 1, 1, 1, False
14.80713, 2021-06-16T11:13:11.7742100+08:00, 0, 8.682408, 49.24039, 1, 1, 1, False
14.8109, 2021-06-16T11:13:11.7779630+08:00, 0, 8.682408, 49.24039, 1, 1, 1, False
14.81497, 2021-06-16T11:13:11.7820260+08:00, 0, 8.682408, 49.24039, 1, 1, 1, False
14.81915, 2021-06-16T11:13:11.7862130+08:00, 0, 8.682408, 49.24039, 1, 1, 1, False
14.82691, 2021-06-16T11:13:11.7940830+08:00, 0, 8.682408, 49.24039, 1, 1, 1, False
14.83712, 2021-06-16T11:13:11.8042090+08:00, 0, 8.682408, 49.24039, 1, 1, 1, False
14.84651, 2021-06-16T11:13:11.8136630+08:00, 0, 8.682408, 49.24039, 1, 1, 1, False
14.85564, 2021-06-16T11:13:11.8226930+08:00, 0, 8.682408, 49.24039, 1, 1, 1, False
14.86573, 2021-06-16T11:13:11.8328340+08:00, 0, 8.682408, 49.24039, 1, 1, 1, False
14.87462, 2021-06-16T11:13:11.8417030+08:00, 0, 8.682408, 49.24039, 1, 1, 1, False
14.88403, 2021-06-16T11:13:11.8511440+08:00, 0, 8.682408, 49.24039, 1, 1, 1, False
14.89354, 2021-06-16T11:13:11.8606020+08:00, 0, 8.682408, 49.24039, 1, 1, 1, False
14.90312, 2021-06-16T11:13:11.8702310+08:00, 0, 8.682408, 49.24039, 1, 1, 1, False
14.91323, 2021-06-16T11:13:11.8802860+08:00, 0, 8.682408, 49.24039, 1, 1, 1, False
14.92187, 2021-06-16T11:13:11.8889820+08:00, 0, 8.682408, 49.24039, 1, 1, 1, False
14.93119, 2021-06-16T11:13:11.8982420+08:00, 0, 8.682408, 49.24039, 1, 1, 1, False
14.94125, 2021-06-16T11:13:11.9083770+08:00, 0, 8.682408, 49.24039, 1, 1, 1, False
14.95185, 2021-06-16T11:13:11.9189790+08:00, 0, 8.682408, 49.24039, 1, 1, 1, False
14.96084, 2021-06-16T11:13:11.9279640+08:00, 0, 8.682408, 49.24039, 1, 1, 1, False
14.96972, 2021-06-16T11:13:11.9367740+08:00, 0, 8.682408, 49.24039, 1, 1, 1, False
14.98031, 2021-06-16T11:13:11.9474290+08:00, 0, 8.682408, 49.24039, 1, 1, 1, False
14.98905, 2021-06-16T11:13:11.9561100+08:00, 0, 8.682408, 49.24039, 1, 1, 1, False
14.99968, 2021-06-16T11:13:11.9667420+08:00, 0, 8.682408, 49.24039, 1, 1, 1, False
15.00845, 2021-06-16T11:13:11.9755400+08:00, 0, 8.682408, 49.24039, 1, 1, 1, False
15.01881, 2021-06-16T11:13:11.9858710+08:00, 0, 8.682408, 49.24039, 1, 1, 1, False
15.02819, 2021-06-16T11:13:11.9953090+08:00, 0, 8.682408, 49.24039, 1, 1, 1, False
15.03739, 2021-06-16T11:13:12.0044740+08:00, 0, 8.682408, 49.24039, 1, 1, 1, False
15.0472, 2021-06-16T11:13:12.0142920+08:00, 0, 8.682408, 49.24039, 1, 1, 1, False
15.08738, 2021-06-16T11:13:12.0544830+08:00, 0, 8.682408, 49.24039, 1, 1, 1, False
15.09105, 2021-06-16T11:13:12.0581230+08:00, 0, 8.682408, 49.24039, 1, 1, 1, False
15.09549, 2021-06-16T11:13:12.0625570+08:00, 0, 8.682408, 49.24039, 1, 1, 1, False
15.09896, 2021-06-16T11:13:12.0660220+08:00, 0, 8.682408, 49.24039, 1, 1, 1, False
15.10318, 2021-06-16T11:13:12.0703480+08:00, 0, 8.682408, 49.24039, 1, 1, 1, False
15.11122, 2021-06-16T11:13:12.0783180+08:00, 0, 8.682408, 49.24039, 1, 1, 1, False
15.1207, 2021-06-16T11:13:12.0878200+08:00, 0, 8.682408, 49.24039, 1, 1, 1, False
15.13014, 2021-06-16T11:13:12.0972400+08:00, 0, 8.682408, 49.24039, 1, 1, 1, False
15.13958, 2021-06-16T11:13:12.1067820+08:00, 0, 8.682408, 49.24039, 1, 1, 1, False
15.14825, 2021-06-16T11:13:12.1153540+08:00, 0, 8.682408, 49.24039, 1, 1, 1, False
15.15912, 2021-06-16T11:13:12.1262680+08:00, 0, 8.682408, 49.24039, 1, 1, 1, False
15.16926, 2021-06-16T11:13:12.1364160+08:00, 0, 8.682408, 49.24039, 1, 1, 1, False
15.1786, 2021-06-16T11:13:12.1456690+08:00, 0, 8.682408, 49.24039, 1, 1, 1, False
15.18799, 2021-06-16T11:13:12.1550710+08:00, 0, 8.682408, 49.24039, 1, 1, 1, False
15.19795, 2021-06-16T11:13:12.1651080+08:00, 0, 8.682408, 49.24039, 1, 1, 1, False
15.20733, 2021-06-16T11:13:12.1744510+08:00, 0, 8.682408, 49.24039, 1, 1, 1, False
15.217, 2021-06-16T11:13:12.1840600+08:00, 0, 8.682408, 49.24039, 1, 1, 1, False
15.2261, 2021-06-16T11:13:12.1932180+08:00, 0, 8.682408, 49.24039, 1, 1, 1, False
15.23634, 2021-06-16T11:13:12.2034000+08:00, 0, 8.682408, 49.24039, 1, 1, 1, False
15.24565, 2021-06-16T11:13:12.2127730+08:00, 0, 8.682408, 49.24039, 1, 1, 1, False
15.2549, 2021-06-16T11:13:12.2219750+08:00, 0, 8.682408, 49.24039, 1, 1, 1, False
15.26468, 2021-06-16T11:13:12.2318070+08:00, 0, 8.682408, 49.24039, 1, 1, 1, False
15.27376, 2021-06-16T11:13:12.2408630+08:00, 0, 8.682408, 49.24039, 1, 1, 1, False
15.28377, 2021-06-16T11:13:12.2508860+08:00, 0, 8.682408, 49.24039, 1, 1, 1, False
15.29292, 2021-06-16T11:13:12.2600020+08:00, 0, 8.682408, 49.24039, 1, 1, 1, False
15.3032, 2021-06-16T11:13:12.2703180+08:00, 0, 8.682408, 49.24039, 1, 1, 1, False
15.3121, 2021-06-16T11:13:12.2791600+08:00, 0, 8.682408, 49.24039, 1, 1, 1, False
15.32203, 2021-06-16T11:13:12.2891260+08:00, 0, 8.682408, 49.24039, 1, 1, 1, False
15.33164, 2021-06-16T11:13:12.2987730+08:00, 0, 8.682408, 49.24039, 1, 1, 1, False
15.34059, 2021-06-16T11:13:12.3077080+08:00, 0, 8.682408, 49.24039, 1, 1, 1, False
15.35081, 2021-06-16T11:13:12.3178750+08:00, 0, 8.682408, 49.24039, 1, 1, 1, False
15.38721, 2021-06-16T11:13:12.3543240+08:00, 0, 8.682408, 49.24039, 1, 1, 1, False
15.39107, 2021-06-16T11:13:12.3581170+08:00, 0, 8.682408, 49.24039, 1, 1, 1, False
15.3956, 2021-06-16T11:13:12.3626550+08:00, 0, 8.682408, 49.24039, 1, 1, 1, False
15.39894, 2021-06-16T11:13:12.3659750+08:00, 0, 8.682408, 49.24039, 1, 1, 1, False
15.4036, 2021-06-16T11:13:12.3707000+08:00, 0, 8.682408, 49.24039, 1, 1, 1, False
15.41411, 2021-06-16T11:13:12.3811780+08:00, 0, 8.682408, 49.24039, 1, 1, 1, False
15.4233, 2021-06-16T11:13:12.3903950+08:00, 0, 8.682408, 49.24039, 1, 1, 1, False
15.43258, 2021-06-16T11:13:12.3996630+08:00, 0, 8.682408, 49.24039, 1, 1, 1, False
15.44179, 2021-06-16T11:13:12.4089230+08:00, 0, 8.682408, 49.24039, 1, 1, 1, False
15.45213, 2021-06-16T11:13:12.4192500+08:00, 0, 8.682408, 49.24039, 1, 1, 1, False
15.46081, 2021-06-16T11:13:12.4280380+08:00, 0, 8.682408, 49.24039, 1, 1, 1, False
15.47168, 2021-06-16T11:13:12.4387640+08:00, 0, 8.682408, 49.24039, 1, 1, 1, False
15.48047, 2021-06-16T11:13:12.4475990+08:00, 0, 8.682408, 49.24039, 1, 1, 1, False
15.4899, 2021-06-16T11:13:12.4569580+08:00, 0, 8.682408, 49.24039, 1, 1, 1, False
15.49985, 2021-06-16T11:13:12.4669100+08:00, 0, 8.682408, 49.24039, 1, 1, 1, False
15.50885, 2021-06-16T11:13:12.4759430+08:00, 0, 8.682408, 49.24039, 1, 1, 1, False
15.51914, 2021-06-16T11:13:12.4862220+08:00, 0, 8.682408, 49.24039, 1, 1, 1, False
15.5282, 2021-06-16T11:13:12.4953490+08:00, 0, 8.682408, 49.24039, 1, 1, 1, False
15.5378, 2021-06-16T11:13:12.5048810+08:00, 0, 8.682408, 49.24039, 1, 1, 1, False
15.54755, 2021-06-16T11:13:12.5146330+08:00, 0, 8.682408, 49.24039, 1, 1, 1, False
15.55666, 2021-06-16T11:13:12.5237260+08:00, 0, 8.682408, 49.24039, 1, 1, 1, False
15.56593, 2021-06-16T11:13:12.5330170+08:00, 0, 8.682408, 49.24039, 1, 1, 1, False
15.57603, 2021-06-16T11:13:12.5431120+08:00, 0, 8.682408, 49.24039, 1, 1, 1, False
15.58603, 2021-06-16T11:13:12.5531450+08:00, 0, 8.682408, 49.24039, 1, 1, 1, False
15.59524, 2021-06-16T11:13:12.5623050+08:00, 0, 8.682408, 49.24039, 1, 1, 1, False
15.60479, 2021-06-16T11:13:12.5718940+08:00, 0, 8.682408, 49.24039, 1, 1, 1, False
15.61439, 2021-06-16T11:13:12.5814510+08:00, 0, 8.682408, 49.24039, 1, 1, 1, False
15.62302, 2021-06-16T11:13:12.5901350+08:00, 0, 8.682408, 49.24039, 1, 1, 1, False
15.63232, 2021-06-16T11:13:12.5993970+08:00, 0, 8.682408, 49.24039, 1, 1, 1, False
15.64178, 2021-06-16T11:13:12.6088800+08:00, 0, 8.682408, 49.24039, 1, 1, 1, False
15.65241, 2021-06-16T11:13:12.6195000+08:00, 0, 8.682408, 49.24039, 1, 1, 1, False
15.69152, 2021-06-16T11:13:12.6586210+08:00, 0, 8.682408, 49.24039, 1, 1, 1, False
15.6955, 2021-06-16T11:13:12.6625830+08:00, 0, 8.682408, 49.24039, 1, 1, 1, False
15.69892, 2021-06-16T11:13:12.6659600+08:00, 0, 8.682408, 49.24039, 1, 1, 1, False
15.70304, 2021-06-16T11:13:12.6701200+08:00, 0, 8.682408, 49.24039, 1, 1, 1, False
15.70705, 2021-06-16T11:13:12.6741080+08:00, 0, 8.682408, 49.24039, 1, 1, 1, False
15.7159, 2021-06-16T11:13:12.6829870+08:00, 0, 8.682408, 49.24039, 1, 1, 1, False
15.72508, 2021-06-16T11:13:12.6921680+08:00, 0, 8.682408, 49.24039, 1, 1, 1, False
15.7342, 2021-06-16T11:13:12.7012700+08:00, 0, 8.682408, 49.24039, 1, 1, 1, False
15.74403, 2021-06-16T11:13:12.7111880+08:00, 0, 8.682408, 49.24039, 1, 1, 1, False
15.75421, 2021-06-16T11:13:12.7213470+08:00, 0, 8.682408, 49.24039, 1, 1, 1, False
15.76297, 2021-06-16T11:13:12.7300730+08:00, 0, 8.682408, 49.24039, 1, 1, 1, False
15.77371, 2021-06-16T11:13:12.7409040+08:00, 0, 8.682408, 49.24039, 1, 1, 1, False
15.78307, 2021-06-16T11:13:12.7501990+08:00, 0, 8.682408, 49.24039, 1, 1, 1, False
15.79251, 2021-06-16T11:13:12.7595650+08:00, 0, 8.682408, 49.24039, 1, 1, 1, False
15.80218, 2021-06-16T11:13:12.7693380+08:00, 0, 8.682408, 49.24039, 1, 1, 1, False
15.8111, 2021-06-16T11:13:12.7781760+08:00, 0, 8.682408, 49.24039, 1, 1, 1, False
15.82141, 2021-06-16T11:13:12.7884980+08:00, 0, 8.682408, 49.24039, 1, 1, 1, False
15.83095, 2021-06-16T11:13:12.7980220+08:00, 0, 8.682408, 49.24039, 1, 1, 1, False
15.84041, 2021-06-16T11:13:12.8074910+08:00, 0, 8.682408, 49.24039, 1, 1, 1, False
15.85013, 2021-06-16T11:13:12.8171920+08:00, 0, 8.682408, 49.24039, 1, 1, 1, False
15.85888, 2021-06-16T11:13:12.8260350+08:00, 0, 8.682408, 49.24039, 1, 1, 1, False
15.86831, 2021-06-16T11:13:12.8354050+08:00, 0, 8.682408, 49.24039, 1, 1, 1, False
15.8778, 2021-06-16T11:13:12.8448810+08:00, 0, 8.682408, 49.24039, 1, 1, 1, False
15.88752, 2021-06-16T11:13:12.8546730+08:00, 0, 8.682408, 49.24039, 1, 1, 1, False
15.89751, 2021-06-16T11:13:12.8645710+08:00, 0, 8.682408, 49.24039, 1, 1, 1, False
15.90631, 2021-06-16T11:13:12.8733950+08:00, 0, 8.682408, 49.24039, 1, 1, 1, False
15.91564, 2021-06-16T11:13:12.8827130+08:00, 0, 8.682408, 49.24039, 1, 1, 1, False
15.9252, 2021-06-16T11:13:12.8923000+08:00, 0, 8.682408, 49.24039, 1, 1, 1, False
15.93556, 2021-06-16T11:13:12.9026270+08:00, 0, 8.682408, 49.24039, 1, 1, 1, False
15.94448, 2021-06-16T11:13:12.9116340+08:00, 0, 8.682408, 49.24039, 1, 1, 1, False
15.9541, 2021-06-16T11:13:12.9211640+08:00, 0, 8.682408, 49.24039, 1, 1, 1, False
15.9997, 2021-06-16T11:13:12.9698780+08:00, 0, 8.682408, 49.24039, 1, 1, 1, False
16.00698, 2021-06-16T11:13:12.9822290+08:00, 0, 8.682408, 49.24039, 1, 1, 1, False
16.01901, 2021-06-16T11:13:12.9860810+08:00, 0, 8.682408, 49.24039, 1, 1, 1, False
16.0229, 2021-06-16T11:13:12.9899670+08:00, 0, 8.682408, 49.24039, 1, 1, 1, False
16.02713, 2021-06-16T11:13:12.9942190+08:00, 0, 8.682408, 49.24039, 1, 1, 1, False
16.03118, 2021-06-16T11:13:12.9982320+08:00, 0, 8.682408, 49.24039, 1, 1, 1, False
16.03689, 2021-06-16T11:13:13.0039490+08:00, 0, 8.682408, 49.24039, 1, 1, 1, False
16.04619, 2021-06-16T11:13:13.0132810+08:00, 0, 8.682408, 49.24039, 1, 1, 1, False
16.0567, 2021-06-16T11:13:13.0237840+08:00, 0, 8.682408, 49.24039, 1, 1, 1, False
16.06672, 2021-06-16T11:13:13.0339740+08:00, 0, 8.682408, 49.24039, 1, 1, 1, False
16.07571, 2021-06-16T11:13:13.0428950+08:00, 0, 8.682408, 49.24039, 1, 1, 1, False
16.08577, 2021-06-16T11:13:13.0528920+08:00, 0, 8.682408, 49.24039, 1, 1, 1, False
16.09491, 2021-06-16T11:13:13.0619990+08:00, 0, 8.682408, 49.24039, 1, 1, 1, False
16.10526, 2021-06-16T11:13:13.0723490+08:00, 0, 8.682408, 49.24039, 1, 1, 1, False
16.11478, 2021-06-16T11:13:13.0818350+08:00, 0, 8.682408, 49.24039, 1, 1, 1, False
16.12364, 2021-06-16T11:13:13.0907320+08:00, 0, 8.682408, 49.24039, 1, 1, 1, False
16.13389, 2021-06-16T11:13:13.1009790+08:00, 0, 8.682408, 49.24039, 1, 1, 1, False
16.14269, 2021-06-16T11:13:13.1097850+08:00, 0, 8.682408, 49.24039, 1, 1, 1, False
16.15337, 2021-06-16T11:13:13.1205530+08:00, 0, 8.682408, 49.24039, 1, 1, 1, False
16.16252, 2021-06-16T11:13:13.1296480+08:00, 0, 8.682408, 49.24039, 1, 1, 1, False
16.17235, 2021-06-16T11:13:13.1394340+08:00, 0, 8.682408, 49.24039, 1, 1, 1, False
16.18137, 2021-06-16T11:13:13.1485230+08:00, 0, 8.682408, 49.24039, 1, 1, 1, False
16.19175, 2021-06-16T11:13:13.1588160+08:00, 0, 8.682408, 49.24039, 1, 1, 1, False
16.20152, 2021-06-16T11:13:13.1686560+08:00, 0, 8.682408, 49.24039, 1, 1, 1, False
16.21051, 2021-06-16T11:13:13.1775980+08:00, 0, 8.682408, 49.24039, 1, 1, 1, False
16.21973, 2021-06-16T11:13:13.1867920+08:00, 0, 8.682408, 49.24039, 1, 1, 1, False
16.23023, 2021-06-16T11:13:13.1973580+08:00, 0, 8.682408, 49.24039, 1, 1, 1, False
16.23903, 2021-06-16T11:13:13.2061010+08:00, 0, 8.682408, 49.24039, 1, 1, 1, False
16.2497, 2021-06-16T11:13:13.2168460+08:00, 0, 8.682408, 49.24039, 1, 1, 1, False
16.25912, 2021-06-16T11:13:13.2261870+08:00, 0, 8.682408, 49.24039, 1, 1, 1, False
16.26909, 2021-06-16T11:13:13.2361830+08:00, 0, 8.682408, 49.24039, 1, 1, 1, False
16.30762, 2021-06-16T11:13:13.2748740+08:00, 0, 8.682408, 49.24039, 1, 1, 1, False
16.31232, 2021-06-16T11:13:13.2794080+08:00, 0, 8.682408, 49.24039, 1, 1, 1, False
16.31937, 2021-06-16T11:13:13.2864230+08:00, 0, 8.682408, 49.24039, 1, 1, 1, False
16.32304, 2021-06-16T11:13:13.2901340+08:00, 0, 8.682408, 49.24039, 1, 1, 1, False
16.32712, 2021-06-16T11:13:13.2941740+08:00, 0, 8.682408, 49.24039, 1, 1, 1, False
16.33238, 2021-06-16T11:13:13.2994430+08:00, 0, 8.682408, 49.24039, 1, 1, 1, False
16.34168, 2021-06-16T11:13:13.3088100+08:00, 0, 8.682408, 49.24039, 1, 1, 1, False
16.35043, 2021-06-16T11:13:13.3175040+08:00, 0, 8.682408, 49.24039, 1, 1, 1, False
16.36128, 2021-06-16T11:13:13.3283940+08:00, 0, 8.682408, 49.24039, 1, 1, 1, False
16.37008, 2021-06-16T11:13:13.3371400+08:00, 0, 8.682408, 49.24039, 1, 1, 1, False
16.37944, 2021-06-16T11:13:13.3466340+08:00, 0, 8.682408, 49.24039, 1, 1, 1, False
16.38999, 2021-06-16T11:13:13.3572380+08:00, 0, 8.682408, 49.24039, 1, 1, 1, False
16.39968, 2021-06-16T11:13:13.3668030+08:00, 0, 8.682408, 49.24039, 1, 1, 1, False
16.40877, 2021-06-16T11:13:13.3758690+08:00, 0, 8.682408, 49.24039, 1, 1, 1, False
16.41845, 2021-06-16T11:13:13.3855330+08:00, 0, 8.682408, 49.24039, 1, 1, 1, False
16.42836, 2021-06-16T11:13:13.3954940+08:00, 0, 8.682408, 49.24039, 1, 1, 1, False
16.43801, 2021-06-16T11:13:13.4050900+08:00, 0, 8.682408, 49.24039, 1, 1, 1, False
16.44768, 2021-06-16T11:13:13.4148030+08:00, 0, 8.682408, 49.24039, 1, 1, 1, False
16.45657, 2021-06-16T11:13:13.4236530+08:00, 0, 8.682408, 49.24039, 1, 1, 1, False
16.4669, 2021-06-16T11:13:13.4339970+08:00, 0, 8.682408, 49.24039, 1, 1, 1, False
16.47575, 2021-06-16T11:13:13.4428070+08:00, 0, 8.682408, 49.24039, 1, 1, 1, False
16.48551, 2021-06-16T11:13:13.4526340+08:00, 0, 8.682408, 49.24039, 1, 1, 1, False
16.49545, 2021-06-16T11:13:13.4625330+08:00, 0, 8.682408, 49.24039, 1, 1, 1, False
16.5048, 2021-06-16T11:13:13.4719140+08:00, 0, 8.682408, 49.24039, 1, 1, 1, False
16.51463, 2021-06-16T11:13:13.4816860+08:00, 0, 8.682408, 49.24039, 1, 1, 1, False
16.52363, 2021-06-16T11:13:13.4907600+08:00, 0, 8.682408, 49.24039, 1, 1, 1, False
16.53389, 2021-06-16T11:13:13.5009550+08:00, 0, 8.682408, 49.24039, 1, 1, 1, False
16.54302, 2021-06-16T11:13:13.5101280+08:00, 0, 8.682408, 49.24039, 1, 1, 1, False
16.55316, 2021-06-16T11:13:13.5202180+08:00, 0, 8.682408, 49.24039, 1, 1, 1, False
16.56234, 2021-06-16T11:13:13.5294390+08:00, 0, 8.682408, 49.24039, 1, 1, 1, False
16.572, 2021-06-16T11:13:13.5390620+08:00, 0, 8.682408, 49.24039, 1, 1, 1, False
16.61122, 2021-06-16T11:13:13.5783260+08:00, 0, 8.682408, 49.24039, 1, 1, 1, False
16.61909, 2021-06-16T11:13:13.5862300+08:00, 0, 8.682408, 49.24039, 1, 1, 1, False
16.62295, 2021-06-16T11:13:13.5900330+08:00, 0, 8.682408, 49.24039, 1, 1, 1, False
16.6269, 2021-06-16T11:13:13.5939580+08:00, 0, 8.682408, 49.24039, 1, 1, 1, False
16.63097, 2021-06-16T11:13:13.5980140+08:00, 0, 8.682408, 49.24039, 1, 1, 1, False
16.63496, 2021-06-16T11:13:13.6020330+08:00, 0, 8.682408, 49.24039, 1, 1, 1, False
16.64392, 2021-06-16T11:13:13.6110540+08:00, 0, 8.682408, 49.24039, 1, 1, 1, False
16.65284, 2021-06-16T11:13:13.6199030+08:00, 0, 8.682408, 49.24039, 1, 1, 1, False
16.66357, 2021-06-16T11:13:13.6306950+08:00, 0, 8.682408, 49.24039, 1, 1, 1, False
16.67272, 2021-06-16T11:13:13.6398630+08:00, 0, 8.682408, 49.24039, 1, 1, 1, False
16.68321, 2021-06-16T11:13:13.6503230+08:00, 0, 8.682408, 49.24039, 1, 1, 1, False
16.69209, 2021-06-16T11:13:13.6592230+08:00, 0, 8.682408, 49.24039, 1, 1, 1, False
16.70252, 2021-06-16T11:13:13.6696170+08:00, 0, 8.682408, 49.24039, 1, 1, 1, False
16.71155, 2021-06-16T11:13:13.6786170+08:00, 0, 8.682408, 49.24039, 1, 1, 1, False
16.72147, 2021-06-16T11:13:13.6885750+08:00, 0, 8.682408, 49.24039, 1, 1, 1, False
16.73147, 2021-06-16T11:13:13.6985410+08:00, 0, 8.682408, 49.24039, 1, 1, 1, False
16.74039, 2021-06-16T11:13:13.7075450+08:00, 0, 8.682408, 49.24039, 1, 1, 1, False
16.74992, 2021-06-16T11:13:13.7170050+08:00, 0, 8.682408, 49.24039, 1, 1, 1, False
16.7595, 2021-06-16T11:13:13.7265620+08:00, 0, 8.682408, 49.24039, 1, 1, 1, False
16.76965, 2021-06-16T11:13:13.7367530+08:00, 0, 8.682408, 49.24039, 1, 1, 1, False
16.77846, 2021-06-16T11:13:13.7455380+08:00, 0, 8.682408, 49.24039, 1, 1, 1, False
16.78818, 2021-06-16T11:13:13.7553300+08:00, 0, 8.682408, 49.24039, 1, 1, 1, False
16.79796, 2021-06-16T11:13:13.7650270+08:00, 0, 8.682408, 49.24039, 1, 1, 1, False
16.80724, 2021-06-16T11:13:13.7744420+08:00, 0, 8.682408, 49.24039, 1, 1, 1, False
16.817, 2021-06-16T11:13:13.7840710+08:00, 0, 8.682408, 49.24039, 1, 1, 1, False
16.82585, 2021-06-16T11:13:13.7929670+08:00, 0, 8.682408, 49.24039, 1, 1, 1, False
16.83618, 2021-06-16T11:13:13.8032770+08:00, 0, 8.682408, 49.24039, 1, 1, 1, False
16.84495, 2021-06-16T11:13:13.8120610+08:00, 0, 8.682408, 49.24039, 1, 1, 1, False
16.85495, 2021-06-16T11:13:13.8220080+08:00, 0, 8.682408, 49.24039, 1, 1, 1, False
16.86459, 2021-06-16T11:13:13.8316860+08:00, 0, 8.682408, 49.24039, 1, 1, 1, False
16.8734, 2021-06-16T11:13:13.8405270+08:00, 0, 8.682408, 49.24039, 1, 1, 1, False
16.91528, 2021-06-16T11:13:13.8823830+08:00, 0, 8.682408, 49.24039, 1, 1, 1, False
16.92311, 2021-06-16T11:13:13.8901970+08:00, 0, 8.682408, 49.24039, 1, 1, 1, False
16.92723, 2021-06-16T11:13:13.8943280+08:00, 0, 8.682408, 49.24039, 1, 1, 1, False
16.93493, 2021-06-16T11:13:13.9020010+08:00, 0, 8.682408, 49.24039, 1, 1, 1, False
16.93899, 2021-06-16T11:13:13.9060770+08:00, 0, 8.682408, 49.24039, 1, 1, 1, False
16.943, 2021-06-16T11:13:13.9100950+08:00, 0, 8.682408, 49.24039, 1, 1, 1, False
16.94828, 2021-06-16T11:13:13.9153730+08:00, 0, 8.682408, 49.24039, 1, 1, 1, False
16.95714, 2021-06-16T11:13:13.9242190+08:00, 0, 8.682408, 49.24039, 1, 1, 1, False
16.96679, 2021-06-16T11:13:13.9339050+08:00, 0, 8.682408, 49.24039, 1, 1, 1, False
16.9758, 2021-06-16T11:13:13.9429460+08:00, 0, 8.682408, 49.24039, 1, 1, 1, False
16.98603, 2021-06-16T11:13:13.9531560+08:00, 0, 8.682408, 49.24039, 1, 1, 1, False
16.996, 2021-06-16T11:13:13.9632050+08:00, 0, 8.682408, 49.24039, 1, 1, 1, False
17.00489, 2021-06-16T11:13:13.9720360+08:00, 0, 8.682408, 49.24039, 1, 1, 1, False
17.01568, 2021-06-16T11:13:13.9827750+08:00, 0, 8.682408, 49.24039, 1, 1, 1, False
17.0253, 2021-06-16T11:13:13.9924270+08:00, 0, 8.682408, 49.24039, 1, 1, 1, False
17.03419, 2021-06-16T11:13:14.0012680+08:00, 0, 8.682408, 49.24039, 1, 1, 1, False
17.04397, 2021-06-16T11:13:14.0110930+08:00, 0, 8.682408, 49.24039, 1, 1, 1, False
17.05419, 2021-06-16T11:13:14.0212740+08:00, 0, 8.682408, 49.24039, 1, 1, 1, False
17.0635, 2021-06-16T11:13:14.0306440+08:00, 0, 8.682408, 49.24039, 1, 1, 1, False
17.07266, 2021-06-16T11:13:14.0397440+08:00, 0, 8.682408, 49.24039, 1, 1, 1, False
17.08323, 2021-06-16T11:13:14.0503600+08:00, 0, 8.682408, 49.24039, 1, 1, 1, False
17.09218, 2021-06-16T11:13:14.0592710+08:00, 0, 8.682408, 49.24039, 1, 1, 1, False
17.10171, 2021-06-16T11:13:14.0688700+08:00, 0, 8.682408, 49.24039, 1, 1, 1, False
17.11121, 2021-06-16T11:13:14.0782910+08:00, 0, 8.682408, 49.24039, 1, 1, 1, False
17.12103, 2021-06-16T11:13:14.0881400+08:00, 0, 8.682408, 49.24039, 1, 1, 1, False
17.13089, 2021-06-16T11:13:14.0980600+08:00, 0, 8.682408, 49.24039, 1, 1, 1, False
17.13964, 2021-06-16T11:13:14.1067180+08:00, 0, 8.682408, 49.24039, 1, 1, 1, False
17.14936, 2021-06-16T11:13:14.1164950+08:00, 0, 8.682408, 49.24039, 1, 1, 1, False
17.15894, 2021-06-16T11:13:14.1260140+08:00, 0, 8.682408, 49.24039, 1, 1, 1, False
17.16951, 2021-06-16T11:13:14.1366390+08:00, 0, 8.682408, 49.24039, 1, 1, 1, False
17.17834, 2021-06-16T11:13:14.1454150+08:00, 0, 8.682408, 49.24039, 1, 1, 1, False
17.21916, 2021-06-16T11:13:14.1863340+08:00, 0, 8.682408, 49.24039, 1, 1, 1, False
17.223, 2021-06-16T11:13:14.1901100+08:00, 0, 8.682408, 49.24039, 1, 1, 1, False
17.22721, 2021-06-16T11:13:14.1942920+08:00, 0, 8.682408, 49.24039, 1, 1, 1, False
17.23125, 2021-06-16T11:13:14.1983040+08:00, 0, 8.682408, 49.24039, 1, 1, 1, False
17.23493, 2021-06-16T11:13:14.2019940+08:00, 0, 8.682408, 49.24039, 1, 1, 1, False
17.24282, 2021-06-16T11:13:14.2099260+08:00, 0, 8.682408, 49.24039, 1, 1, 1, False
17.25304, 2021-06-16T11:13:14.2201130+08:00, 0, 8.682408, 49.24039, 1, 1, 1, False
17.26258, 2021-06-16T11:13:14.2297120+08:00, 0, 8.682408, 49.24039, 1, 1, 1, False
17.27212, 2021-06-16T11:13:14.2392780+08:00, 0, 8.682408, 49.24039, 1, 1, 1, False
17.28235, 2021-06-16T11:13:14.2494520+08:00, 0, 8.682408, 49.24039, 1, 1, 1, False
17.2913, 2021-06-16T11:13:14.2584800+08:00, 0, 8.682408, 49.24039, 1, 1, 1, False
17.30218, 2021-06-16T11:13:14.2692880+08:00, 0, 8.682408, 49.24039, 1, 1, 1, False
17.31089, 2021-06-16T11:13:14.2780010+08:00, 0, 8.682408, 49.24039, 1, 1, 1, False
17.3207, 2021-06-16T11:13:14.2878190+08:00, 0, 8.682408, 49.24039, 1, 1, 1, False
17.3304, 2021-06-16T11:13:14.2974830+08:00, 0, 8.682408, 49.24039, 1, 1, 1, False
17.33933, 2021-06-16T11:13:14.3064620+08:00, 0, 8.682408, 49.24039, 1, 1, 1, False
17.34966, 2021-06-16T11:13:14.3167890+08:00, 0, 8.682408, 49.24039, 1, 1, 1, False
17.3593, 2021-06-16T11:13:14.3263930+08:00, 0, 8.682408, 49.24039, 1, 1, 1, False
17.36952, 2021-06-16T11:13:14.3366420+08:00, 0, 8.682408, 49.24039, 1, 1, 1, False
17.37871, 2021-06-16T11:13:14.3457900+08:00, 0, 8.682408, 49.24039, 1, 1, 1, False
17.38762, 2021-06-16T11:13:14.3547200+08:00, 0, 8.682408, 49.24039, 1, 1, 1, False
17.39808, 2021-06-16T11:13:14.3651670+08:00, 0, 8.682408, 49.24039, 1, 1, 1, False
17.40689, 2021-06-16T11:13:14.3740100+08:00, 0, 8.682408, 49.24039, 1, 1, 1, False
17.41658, 2021-06-16T11:13:14.3836630+08:00, 0, 8.682408, 49.24039, 1, 1, 1, False
17.42615, 2021-06-16T11:13:14.3932690+08:00, 0, 8.682408, 49.24039, 1, 1, 1, False
17.43679, 2021-06-16T11:13:14.4038780+08:00, 0, 8.682408, 49.24039, 1, 1, 1, False
17.44556, 2021-06-16T11:13:14.4126790+08:00, 0, 8.682408, 49.24039, 1, 1, 1, False
17.45538, 2021-06-16T11:13:14.4224500+08:00, 0, 8.682408, 49.24039, 1, 1, 1, False
17.46537, 2021-06-16T11:13:14.4325030+08:00, 0, 8.682408, 49.24039, 1, 1, 1, False
17.47419, 2021-06-16T11:13:14.4412420+08:00, 0, 8.682408, 49.24039, 1, 1, 1, False
17.48375, 2021-06-16T11:13:14.4508730+08:00, 0, 8.682408, 49.24039, 1, 1, 1, False
17.527, 2021-06-16T11:13:14.4941900+08:00, 0, 8.682408, 49.24039, 1, 1, 1, False
17.53552, 2021-06-16T11:13:14.5026280+08:00, 0, 8.682408, 49.24039, 1, 1, 1, False
17.53896, 2021-06-16T11:13:14.5060140+08:00, 0, 8.682408, 49.24039, 1, 1, 1, False
17.54291, 2021-06-16T11:13:14.5100020+08:00, 0, 8.682408, 49.24039, 1, 1, 1, False
17.54686, 2021-06-16T11:13:14.5139290+08:00, 0, 8.682408, 49.24039, 1, 1, 1, False
17.55104, 2021-06-16T11:13:14.5181120+08:00, 0, 8.682408, 49.24039, 1, 1, 1, False
17.55937, 2021-06-16T11:13:14.5264750+08:00, 0, 8.682408, 49.24039, 1, 1, 1, False
17.57018, 2021-06-16T11:13:14.5373110+08:00, 0, 8.682408, 49.24039, 1, 1, 1, False
17.57911, 2021-06-16T11:13:14.5462370+08:00, 0, 8.682408, 49.24039, 1, 1, 1, False
17.58844, 2021-06-16T11:13:14.5555290+08:00, 0, 8.682408, 49.24039, 1, 1, 1, False
17.59891, 2021-06-16T11:13:14.5660780+08:00, 0, 8.682408, 49.24039, 1, 1, 1, False
17.60778, 2021-06-16T11:13:14.5749890+08:00, 0, 8.682408, 49.24039, 1, 1, 1, False
17.61811, 2021-06-16T11:13:14.5851750+08:00, 0, 8.682408, 49.24039, 1, 1, 1, False
17.62769, 2021-06-16T11:13:14.5948270+08:00, 0, 8.682408, 49.24039, 1, 1, 1, False
17.63637, 2021-06-16T11:13:14.6034280+08:00, 0, 8.682408, 49.24039, 1, 1, 1, False
17.64665, 2021-06-16T11:13:14.6137740+08:00, 0, 8.682408, 49.24039, 1, 1, 1, False
17.65553, 2021-06-16T11:13:14.6225930+08:00, 0, 8.682408, 49.24039, 1, 1, 1, False
17.66612, 2021-06-16T11:13:14.6332720+08:00, 0, 8.682408, 49.24039, 1, 1, 1, False
17.67464, 2021-06-16T11:13:14.6417180+08:00, 0, 8.682408, 49.24039, 1, 1, 1, False
17.68501, 2021-06-16T11:13:14.6521110+08:00, 0, 8.682408, 49.24039, 1, 1, 1, False
17.6947, 2021-06-16T11:13:14.6617780+08:00, 0, 8.682408, 49.24039, 1, 1, 1, False
17.70347, 2021-06-16T11:13:14.6705820+08:00, 0, 8.682408, 49.24039, 1, 1, 1, False
17.71365, 2021-06-16T11:13:14.6807340+08:00, 0, 8.682408, 49.24039, 1, 1, 1, False
17.72249, 2021-06-16T11:13:14.6895740+08:00, 0, 8.682408, 49.24039, 1, 1, 1, False
17.73297, 2021-06-16T11:13:14.7000540+08:00, 0, 8.682408, 49.24039, 1, 1, 1, False
17.74184, 2021-06-16T11:13:14.7089410+08:00, 0, 8.682408, 49.24039, 1, 1, 1, False
17.75123, 2021-06-16T11:13:14.7182920+08:00, 0, 8.682408, 49.24039, 1, 1, 1, False
17.7609, 2021-06-16T11:13:14.7280340+08:00, 0, 8.682408, 49.24039, 1, 1, 1, False
17.7705, 2021-06-16T11:13:14.7375600+08:00, 0, 8.682408, 49.24039, 1, 1, 1, False
17.78049, 2021-06-16T11:13:14.7475880+08:00, 0, 8.682408, 49.24039, 1, 1, 1, False
17.78923, 2021-06-16T11:13:14.7562830+08:00, 0, 8.682408, 49.24039, 1, 1, 1, False
17.82719, 2021-06-16T11:13:14.7943370+08:00, 0, 8.682408, 49.24039, 1, 1, 1, False
17.83111, 2021-06-16T11:13:14.7981590+08:00, 0, 8.682408, 49.24039, 1, 1, 1, False
17.8349, 2021-06-16T11:13:14.8019620+08:00, 0, 8.682408, 49.24039, 1, 1, 1, False
17.83903, 2021-06-16T11:13:14.8060830+08:00, 0, 8.682408, 49.24039, 1, 1, 1, False
17.8439, 2021-06-16T11:13:14.8110270+08:00, 0, 8.682408, 49.24039, 1, 1, 1, False
17.85333, 2021-06-16T11:13:14.8203910+08:00, 0, 8.682408, 49.24039, 1, 1, 1, False
17.86286, 2021-06-16T11:13:14.8299870+08:00, 0, 8.682408, 49.24039, 1, 1, 1, False
17.87215, 2021-06-16T11:13:14.8392360+08:00, 0, 8.682408, 49.24039, 1, 1, 1, False
17.88079, 2021-06-16T11:13:14.8478750+08:00, 0, 8.682408, 49.24039, 1, 1, 1, False
17.89109, 2021-06-16T11:13:14.8582570+08:00, 0, 8.682408, 49.24039, 1, 1, 1, False
17.90149, 2021-06-16T11:13:14.8685880+08:00, 0, 8.682408, 49.24039, 1, 1, 1, False
17.91042, 2021-06-16T11:13:14.8775790+08:00, 0, 8.682408, 49.24039, 1, 1, 1, False
17.92006, 2021-06-16T11:13:14.8872330+08:00, 0, 8.682408, 49.24039, 1, 1, 1, False
17.93028, 2021-06-16T11:13:14.8973680+08:00, 0, 8.682408, 49.24039, 1, 1, 1, False
17.9397, 2021-06-16T11:13:14.9068170+08:00, 0, 8.682408, 49.24039, 1, 1, 1, False
17.94943, 2021-06-16T11:13:14.9166430+08:00, 0, 8.682408, 49.24039, 1, 1, 1, False
17.95832, 2021-06-16T11:13:14.9253960+08:00, 0, 8.682408, 49.24039, 1, 1, 1, False
17.96861, 2021-06-16T11:13:14.9357630+08:00, 0, 8.682408, 49.24039, 1, 1, 1, False
17.97743, 2021-06-16T11:13:14.9445490+08:00, 0, 8.682408, 49.24039, 1, 1, 1, False
17.98735, 2021-06-16T11:13:14.9544410+08:00, 0, 8.682408, 49.24039, 1, 1, 1, False
17.99697, 2021-06-16T11:13:14.9640310+08:00, 0, 8.682408, 49.24039, 1, 1, 1, False
18.00603, 2021-06-16T11:13:14.9731420+08:00, 0, 8.682408, 49.24039, 1, 1, 1, False
18.01666, 2021-06-16T11:13:14.9837540+08:00, 0, 8.682408, 49.24039, 1, 1, 1, False
18.02647, 2021-06-16T11:13:14.9936010+08:00, 0, 8.682408, 49.24039, 1, 1, 1, False
18.03682, 2021-06-16T11:13:15.0039030+08:00, 0, 8.682408, 49.24039, 1, 1, 1, False
18.04568, 2021-06-16T11:13:15.0128520+08:00, 0, 8.682408, 49.24039, 1, 1, 1, False
18.05575, 2021-06-16T11:13:15.0228270+08:00, 0, 8.682408, 49.24039, 1, 1, 1, False
18.06549, 2021-06-16T11:13:15.0326050+08:00, 0, 8.682408, 49.24039, 1, 1, 1, False
18.07453, 2021-06-16T11:13:15.0415930+08:00, 0, 8.682408, 49.24039, 1, 1, 1, False
18.08496, 2021-06-16T11:13:15.0521080+08:00, 0, 8.682408, 49.24039, 1, 1, 1, False
18.09374, 2021-06-16T11:13:15.0608060+08:00, 0, 8.682408, 49.24039, 1, 1, 1, False
18.1311, 2021-06-16T11:13:15.0982270+08:00, 0, 8.682408, 49.24039, 1, 1, 1, False
18.13485, 2021-06-16T11:13:15.1019060+08:00, 0, 8.682408, 49.24039, 1, 1, 1, False
18.13901, 2021-06-16T11:13:15.1060520+08:00, 0, 8.682408, 49.24039, 1, 1, 1, False
18.14327, 2021-06-16T11:13:15.1104190+08:00, 0, 8.682408, 49.24039, 1, 1, 1, False
18.14795, 2021-06-16T11:13:15.1150230+08:00, 0, 8.682408, 49.24039, 1, 1, 1, False
18.15714, 2021-06-16T11:13:15.1242020+08:00, 0, 8.682408, 49.24039, 1, 1, 1, False
18.16666, 2021-06-16T11:13:15.1337540+08:00, 0, 8.682408, 49.24039, 1, 1, 1, False
18.17543, 2021-06-16T11:13:15.1424900+08:00, 0, 8.682408, 49.24039, 1, 1, 1, False
18.18551, 2021-06-16T11:13:15.1527140+08:00, 0, 8.682408, 49.24039, 1, 1, 1, False
18.19519, 2021-06-16T11:13:15.1623050+08:00, 0, 8.682408, 49.24039, 1, 1, 1, False
18.20519, 2021-06-16T11:13:15.1723240+08:00, 0, 8.682408, 49.24039, 1, 1, 1, False
18.21427, 2021-06-16T11:13:15.1814130+08:00, 0, 8.682408, 49.24039, 1, 1, 1, False
18.22392, 2021-06-16T11:13:15.1910380+08:00, 0, 8.682408, 49.24039, 1, 1, 1, False
18.23447, 2021-06-16T11:13:15.2016510+08:00, 0, 8.682408, 49.24039, 1, 1, 1, False
18.24393, 2021-06-16T11:13:15.2110540+08:00, 0, 8.682408, 49.24039, 1, 1, 1, False
18.25382, 2021-06-16T11:13:15.2208930+08:00, 0, 8.682408, 49.24039, 1, 1, 1, False
18.26257, 2021-06-16T11:13:15.2296580+08:00, 0, 8.682408, 49.24039, 1, 1, 1, False
18.27258, 2021-06-16T11:13:15.2396510+08:00, 0, 8.682408, 49.24039, 1, 1, 1, False
18.28249, 2021-06-16T11:13:15.2495880+08:00, 0, 8.682408, 49.24039, 1, 1, 1, False
18.29118, 2021-06-16T11:13:15.2582450+08:00, 0, 8.682408, 49.24039, 1, 1, 1, False
18.30082, 2021-06-16T11:13:15.2679310+08:00, 0, 8.682408, 49.24039, 1, 1, 1, False
18.31094, 2021-06-16T11:13:15.2782100+08:00, 0, 8.682408, 49.24039, 1, 1, 1, False
18.32054, 2021-06-16T11:13:15.2876400+08:00, 0, 8.682408, 49.24039, 1, 1, 1, False
18.33018, 2021-06-16T11:13:15.2972460+08:00, 0, 8.682408, 49.24039, 1, 1, 1, False
18.33907, 2021-06-16T11:13:15.3061320+08:00, 0, 8.682408, 49.24039, 1, 1, 1, False
18.34931, 2021-06-16T11:13:15.3164470+08:00, 0, 8.682408, 49.24039, 1, 1, 1, False
18.35831, 2021-06-16T11:13:15.3254030+08:00, 0, 8.682408, 49.24039, 1, 1, 1, False
18.36872, 2021-06-16T11:13:15.3358710+08:00, 0, 8.682408, 49.24039, 1, 1, 1, False
18.37786, 2021-06-16T11:13:15.3449360+08:00, 0, 8.682408, 49.24039, 1, 1, 1, False
18.38736, 2021-06-16T11:13:15.3544570+08:00, 0, 8.682408, 49.24039, 1, 1, 1, False
18.39712, 2021-06-16T11:13:15.3641980+08:00, 0, 8.682408, 49.24039, 1, 1, 1, False
18.43509, 2021-06-16T11:13:15.4023780+08:00, 0, 8.682408, 49.24039, 1, 1, 1, False
18.43913, 2021-06-16T11:13:15.4061980+08:00, 0, 8.682408, 49.24039, 1, 1, 1, False
18.44287, 2021-06-16T11:13:15.4099540+08:00, 0, 8.682408, 49.24039, 1, 1, 1, False
18.44689, 2021-06-16T11:13:15.4139470+08:00, 0, 8.682408, 49.24039, 1, 1, 1, False
18.45105, 2021-06-16T11:13:15.4181070+08:00, 0, 8.682408, 49.24039, 1, 1, 1, False
18.46009, 2021-06-16T11:13:15.4272700+08:00, 0, 8.682408, 49.24039, 1, 1, 1, False
18.47032, 2021-06-16T11:13:15.4373780+08:00, 0, 8.682408, 49.24039, 1, 1, 1, False
18.48039, 2021-06-16T11:13:15.4475390+08:00, 0, 8.682408, 49.24039, 1, 1, 1, False
18.48948, 2021-06-16T11:13:15.4565870+08:00, 0, 8.682408, 49.24039, 1, 1, 1, False
18.49955, 2021-06-16T11:13:15.4666160+08:00, 0, 8.682408, 49.24039, 1, 1, 1, False
18.50863, 2021-06-16T11:13:15.4758670+08:00, 0, 8.682408, 49.24039, 1, 1, 1, False
18.51803, 2021-06-16T11:13:15.4851080+08:00, 0, 8.682408, 49.24039, 1, 1, 1, False
18.52862, 2021-06-16T11:13:15.4957800+08:00, 0, 8.682408, 49.24039, 1, 1, 1, False
18.53853, 2021-06-16T11:13:15.5056180+08:00, 0, 8.682408, 49.24039, 1, 1, 1, False
18.54868, 2021-06-16T11:13:15.5158220+08:00, 0, 8.682408, 49.24039, 1, 1, 1, False
18.5579, 2021-06-16T11:13:15.5249680+08:00, 0, 8.682408, 49.24039, 1, 1, 1, False
18.56902, 2021-06-16T11:13:15.5361500+08:00, 0, 8.682408, 49.24039, 1, 1, 1, False
18.57829, 2021-06-16T11:13:15.5453640+08:00, 0, 8.682408, 49.24039, 1, 1, 1, False
18.58806, 2021-06-16T11:13:15.5551700+08:00, 0, 8.682408, 49.24039, 1, 1, 1, False
18.59706, 2021-06-16T11:13:15.5641280+08:00, 0, 8.682408, 49.24039, 1, 1, 1, False
18.60685, 2021-06-16T11:13:15.5739400+08:00, 0, 8.682408, 49.24039, 1, 1, 1, False
18.61773, 2021-06-16T11:13:15.5848140+08:00, 0, 8.682408, 49.24039, 1, 1, 1, False
18.62646, 2021-06-16T11:13:15.5935800+08:00, 0, 8.682408, 49.24039, 1, 1, 1, False
18.63583, 2021-06-16T11:13:15.6029150+08:00, 0, 8.682408, 49.24039, 1, 1, 1, False
18.64543, 2021-06-16T11:13:15.6125510+08:00, 0, 8.682408, 49.24039, 1, 1, 1, False
18.65508, 2021-06-16T11:13:15.6221630+08:00, 0, 8.682408, 49.24039, 1, 1, 1, False
18.66589, 2021-06-16T11:13:15.6330380+08:00, 0, 8.682408, 49.24039, 1, 1, 1, False
18.67473, 2021-06-16T11:13:15.6418190+08:00, 0, 8.682408, 49.24039, 1, 1, 1, False
18.68485, 2021-06-16T11:13:15.6519860+08:00, 0, 8.682408, 49.24039, 1, 1, 1, False
18.69421, 2021-06-16T11:13:15.6612980+08:00, 0, 8.682408, 49.24039, 1, 1, 1, False
18.70413, 2021-06-16T11:13:15.6712590+08:00, 0, 8.682408, 49.24039, 1, 1, 1, False
18.75119, 2021-06-16T11:13:15.7183250+08:00, 0, 8.682408, 49.24039, 1, 1, 1, False
18.75514, 2021-06-16T11:13:15.7222010+08:00, 0, 8.682408, 49.24039, 1, 1, 1, False
18.75892, 2021-06-16T11:13:15.7259770+08:00, 0, 8.682408, 49.24039, 1, 1, 1, False
18.76299, 2021-06-16T11:13:15.7301290+08:00, 0, 8.682408, 49.24039, 1, 1, 1, False
18.76703, 2021-06-16T11:13:15.7342870+08:00, 0, 8.682408, 49.24039, 1, 1, 1, False
18.77506, 2021-06-16T11:13:15.7452940+08:00, 0, 8.682408, 49.24039, 1, 1, 1, False
18.78321, 2021-06-16T11:13:15.7534850+08:00, 0, 8.682408, 49.24039, 1, 1, 1, False
18.79182, 2021-06-16T11:13:15.7622040+08:00, 0, 8.682408, 49.24039, 1, 1, 1, False
18.80342, 2021-06-16T11:13:15.7814440+08:00, 0, 8.682408, 49.24039, 1, 1, 1, False
18.81909, 2021-06-16T11:13:15.7861560+08:00, 0, 8.682408, 49.24039, 1, 1, 1, False
18.82721, 2021-06-16T11:13:15.7944080+08:00, 0, 8.682408, 49.24039, 1, 1, 1, False
18.83099, 2021-06-16T11:13:15.7980540+08:00, 0, 8.682408, 49.24039, 1, 1, 1, False
18.84182, 2021-06-16T11:13:15.8090810+08:00, 0, 8.682408, 49.24039, 1, 1, 1, False
18.85203, 2021-06-16T11:13:15.8191130+08:00, 0, 8.682408, 49.24039, 1, 1, 1, False
18.86147, 2021-06-16T11:13:15.8286010+08:00, 0, 8.682408, 49.24039, 1, 1, 1, False
18.87092, 2021-06-16T11:13:15.8380040+08:00, 0, 8.682408, 49.24039, 1, 1, 1, False
18.88, 2021-06-16T11:13:15.8471250+08:00, 0, 8.682408, 49.24039, 1, 1, 1, False
18.88967, 2021-06-16T11:13:15.8567990+08:00, 0, 8.682408, 49.24039, 1, 1, 1, False
18.90036, 2021-06-16T11:13:15.8676100+08:00, 0, 8.682408, 49.24039, 1, 1, 1, False
18.90961, 2021-06-16T11:13:15.8767110+08:00, 0, 8.682408, 49.24039, 1, 1, 1, False
18.9188, 2021-06-16T11:13:15.8859330+08:00, 0, 8.682408, 49.24039, 1, 1, 1, False
18.92798, 2021-06-16T11:13:15.8951010+08:00, 0, 8.682408, 49.24039, 1, 1, 1, False
18.9379, 2021-06-16T11:13:15.9050930+08:00, 0, 8.682408, 49.24039, 1, 1, 1, False
18.94681, 2021-06-16T11:13:15.9139370+08:00, 0, 8.682408, 49.24039, 1, 1, 1, False
18.95714, 2021-06-16T11:13:15.9242310+08:00, 0, 8.682408, 49.24039, 1, 1, 1, False
18.96675, 2021-06-16T11:13:15.9338780+08:00, 0, 8.682408, 49.24039, 1, 1, 1, False
18.9761, 2021-06-16T11:13:15.9431650+08:00, 0, 8.682408, 49.24039, 1, 1, 1, False
18.98608, 2021-06-16T11:13:15.9531980+08:00, 0, 8.682408, 49.24039, 1, 1, 1, False
18.99613, 2021-06-16T11:13:15.9632110+08:00, 0, 8.682408, 49.24039, 1, 1, 1, False
19.00494, 2021-06-16T11:13:15.9720590+08:00, 0, 8.682408, 49.24039, 1, 1, 1, False
19.0149, 2021-06-16T11:13:15.9820730+08:00, 0, 8.682408, 49.24039, 1, 1, 1, False
19.06335, 2021-06-16T11:13:16.0305010+08:00, 0, 8.682408, 49.24039, 1, 1, 1, False
19.06703, 2021-06-16T11:13:16.0341070+08:00, 0, 8.682408, 49.24039, 1, 1, 1, False
19.07114, 2021-06-16T11:13:16.0381910+08:00, 0, 8.682408, 49.24039, 1, 1, 1, False
19.07512, 2021-06-16T11:13:16.0421960+08:00, 0, 8.682408, 49.24039, 1, 1, 1, False
19.07925, 2021-06-16T11:13:16.0463300+08:00, 0, 8.682408, 49.24039, 1, 1, 1, False
19.08532, 2021-06-16T11:13:16.0524440+08:00, 0, 8.682408, 49.24039, 1, 1, 1, False
19.0947, 2021-06-16T11:13:16.0618550+08:00, 0, 8.682408, 49.24039, 1, 1, 1, False
19.10499, 2021-06-16T11:13:16.0721260+08:00, 0, 8.682408, 49.24039, 1, 1, 1, False
19.11398, 2021-06-16T11:13:16.0810620+08:00, 0, 8.682408, 49.24039, 1, 1, 1, False
19.12423, 2021-06-16T11:13:16.0914640+08:00, 0, 8.682408, 49.24039, 1, 1, 1, False
19.13451, 2021-06-16T11:13:16.1015780+08:00, 0, 8.682408, 49.24039, 1, 1, 1, False
19.14355, 2021-06-16T11:13:16.1110220+08:00, 0, 8.682408, 49.24039, 1, 1, 1, False
19.15325, 2021-06-16T11:13:16.1203420+08:00, 0, 8.682408, 49.24039, 1, 1, 1, False
19.16285, 2021-06-16T11:13:16.1299400+08:00, 0, 8.682408, 49.24039, 1, 1, 1, False
19.17273, 2021-06-16T11:13:16.1398260+08:00, 0, 8.682408, 49.24039, 1, 1, 1, False
19.18261, 2021-06-16T11:13:16.1497410+08:00, 0, 8.682408, 49.24039, 1, 1, 1, False
19.19137, 2021-06-16T11:13:16.1584400+08:00, 0, 8.682408, 49.24039, 1, 1, 1, False
19.20209, 2021-06-16T11:13:16.1692370+08:00, 0, 8.682408, 49.24039, 1, 1, 1, False
19.21111, 2021-06-16T11:13:16.1781960+08:00, 0, 8.682408, 49.24039, 1, 1, 1, False
19.22088, 2021-06-16T11:13:16.1880000+08:00, 0, 8.682408, 49.24039, 1, 1, 1, False
19.23079, 2021-06-16T11:13:16.1978810+08:00, 0, 8.682408, 49.24039, 1, 1, 1, False
19.23965, 2021-06-16T11:13:16.2067360+08:00, 0, 8.682408, 49.24039, 1, 1, 1, False
19.24999, 2021-06-16T11:13:16.2171250+08:00, 0, 8.682408, 49.24039, 1, 1, 1, False
19.25949, 2021-06-16T11:13:16.2265880+08:00, 0, 8.682408, 49.24039, 1, 1, 1, False
19.26918, 2021-06-16T11:13:16.2363050+08:00, 0, 8.682408, 49.24039, 1, 1, 1, False
19.27802, 2021-06-16T11:13:16.2451080+08:00, 0, 8.682408, 49.24039, 1, 1, 1, False
19.28774, 2021-06-16T11:13:16.2548670+08:00, 0, 8.682408, 49.24039, 1, 1, 1, False
19.2975, 2021-06-16T11:13:16.2645920+08:00, 0, 8.682408, 49.24039, 1, 1, 1, False
19.30651, 2021-06-16T11:13:16.2736310+08:00, 0, 8.682408, 49.24039, 1, 1, 1, False
19.31598, 2021-06-16T11:13:16.2830660+08:00, 0, 8.682408, 49.24039, 1, 1, 1, False
19.3261, 2021-06-16T11:13:16.2932150+08:00, 0, 8.682408, 49.24039, 1, 1, 1, False
19.367, 2021-06-16T11:13:16.3341510+08:00, 0, 8.682408, 49.24039, 1, 1, 1, False
19.37543, 2021-06-16T11:13:16.3426260+08:00, 0, 8.682408, 49.24039, 1, 1, 1, False
19.37931, 2021-06-16T11:13:16.3463840+08:00, 0, 8.682408, 49.24039, 1, 1, 1, False
19.38751, 2021-06-16T11:13:16.3546250+08:00, 0, 8.682408, 49.24039, 1, 1, 1, False
19.3954, 2021-06-16T11:13:16.3624780+08:00, 0, 8.682408, 49.24039, 1, 1, 1, False
19.39909, 2021-06-16T11:13:16.3661740+08:00, 0, 8.682408, 49.24039, 1, 1, 1, False
19.40744, 2021-06-16T11:13:16.3745580+08:00, 0, 8.682408, 49.24039, 1, 1, 1, False
19.41526, 2021-06-16T11:13:16.3823320+08:00, 0, 8.682408, 49.24039, 1, 1, 1, False
19.41899, 2021-06-16T11:13:16.3861210+08:00, 0, 8.682408, 49.24039, 1, 1, 1, False
19.42885, 2021-06-16T11:13:16.3959750+08:00, 0, 8.682408, 49.24039, 1, 1, 1, False
19.43985, 2021-06-16T11:13:16.4069480+08:00, 0, 8.682408, 49.24039, 1, 1, 1, False
19.44904, 2021-06-16T11:13:16.4163640+08:00, 0, 8.682408, 49.24039, 1, 1, 1, False
19.45864, 2021-06-16T11:13:16.4257530+08:00, 0, 8.682408, 49.24039, 1, 1, 1, False
19.46841, 2021-06-16T11:13:16.4355440+08:00, 0, 8.682408, 49.24039, 1, 1, 1, False
19.47717, 2021-06-16T11:13:16.4442480+08:00, 0, 8.682408, 49.24039, 1, 1, 1, False
19.48781, 2021-06-16T11:13:16.4549390+08:00, 0, 8.682408, 49.24039, 1, 1, 1, False
19.49654, 2021-06-16T11:13:16.4636070+08:00, 0, 8.682408, 49.24039, 1, 1, 1, False
19.50615, 2021-06-16T11:13:16.4732860+08:00, 0, 8.682408, 49.24039, 1, 1, 1, False
19.51626, 2021-06-16T11:13:16.4833590+08:00, 0, 8.682408, 49.24039, 1, 1, 1, False
19.52489, 2021-06-16T11:13:16.4920110+08:00, 0, 8.682408, 49.24039, 1, 1, 1, False
19.53446, 2021-06-16T11:13:16.5016380+08:00, 0, 8.682408, 49.24039, 1, 1, 1, False
19.54408, 2021-06-16T11:13:16.5112230+08:00, 0, 8.682408, 49.24039, 1, 1, 1, False
19.55387, 2021-06-16T11:13:16.5209550+08:00, 0, 8.682408, 49.24039, 1, 1, 1, False
19.56379, 2021-06-16T11:13:16.5309060+08:00, 0, 8.682408, 49.24039, 1, 1, 1, False
19.57287, 2021-06-16T11:13:16.5399550+08:00, 0, 8.682408, 49.24039, 1, 1, 1, False
19.58255, 2021-06-16T11:13:16.5497210+08:00, 0, 8.682408, 49.24039, 1, 1, 1, False
19.59263, 2021-06-16T11:13:16.5597220+08:00, 0, 8.682408, 49.24039, 1, 1, 1, False
19.60293, 2021-06-16T11:13:16.5700650+08:00, 0, 8.682408, 49.24039, 1, 1, 1, False
19.61192, 2021-06-16T11:13:16.5789960+08:00, 0, 8.682408, 49.24039, 1, 1, 1, False
19.62235, 2021-06-16T11:13:16.5894700+08:00, 0, 8.682408, 49.24039, 1, 1, 1, False
19.6319, 2021-06-16T11:13:16.5989770+08:00, 0, 8.682408, 49.24039, 1, 1, 1, False
19.67912, 2021-06-16T11:13:16.6463360+08:00, 0, 8.682408, 49.24039, 1, 1, 1, False
19.6832, 2021-06-16T11:13:16.6502990+08:00, 0, 8.682408, 49.24039, 1, 1, 1, False
19.68694, 2021-06-16T11:13:16.6540060+08:00, 0, 8.682408, 49.24039, 1, 1, 1, False
19.69112, 2021-06-16T11:13:16.6581960+08:00, 0, 8.682408, 49.24039, 1, 1, 1, False
19.69589, 2021-06-16T11:13:16.6630640+08:00, 0, 8.682408, 49.24039, 1, 1, 1, False
19.70353, 2021-06-16T11:13:16.6706550+08:00, 0, 8.682408, 49.24039, 1, 1, 1, False
19.71099, 2021-06-16T11:13:16.6780650+08:00, 0, 8.682408, 49.24039, 1, 1, 1, False
19.71949, 2021-06-16T11:13:16.6865650+08:00, 0, 8.682408, 49.24039, 1, 1, 1, False
19.73057, 2021-06-16T11:13:16.6977090+08:00, 0, 8.682408, 49.24039, 1, 1, 1, False
19.73947, 2021-06-16T11:13:16.7066210+08:00, 0, 8.682408, 49.24039, 1, 1, 1, False
19.75, 2021-06-16T11:13:16.7171390+08:00, 0, 8.682408, 49.24039, 1, 1, 1, False
19.75902, 2021-06-16T11:13:16.7261990+08:00, 0, 8.682408, 49.24039, 1, 1, 1, False
19.76975, 2021-06-16T11:13:16.7368760+08:00, 0, 8.682408, 49.24039, 1, 1, 1, False
19.77868, 2021-06-16T11:13:16.7457610+08:00, 0, 8.682408, 49.24039, 1, 1, 1, False
19.78922, 2021-06-16T11:13:16.7563690+08:00, 0, 8.682408, 49.24039, 1, 1, 1, False
19.79811, 2021-06-16T11:13:16.7652050+08:00, 0, 8.682408, 49.24039, 1, 1, 1, False
19.8078, 2021-06-16T11:13:16.7749230+08:00, 0, 8.682408, 49.24039, 1, 1, 1, False
19.81845, 2021-06-16T11:13:16.7855220+08:00, 0, 8.682408, 49.24039, 1, 1, 1, False
19.82789, 2021-06-16T11:13:16.7950450+08:00, 0, 8.682408, 49.24039, 1, 1, 1, False
19.83725, 2021-06-16T11:13:16.8043520+08:00, 0, 8.682408, 49.24039, 1, 1, 1, False
19.84611, 2021-06-16T11:13:16.8132300+08:00, 0, 8.682408, 49.24039, 1, 1, 1, False
19.85581, 2021-06-16T11:13:16.8228910+08:00, 0, 8.682408, 49.24039, 1, 1, 1, False
19.86646, 2021-06-16T11:13:16.8335620+08:00, 0, 8.682408, 49.24039, 1, 1, 1, False
19.87522, 2021-06-16T11:13:16.8423000+08:00, 0, 8.682408, 49.24039, 1, 1, 1, False
19.88489, 2021-06-16T11:13:16.8520180+08:00, 0, 8.682408, 49.24039, 1, 1, 1, False
19.89427, 2021-06-16T11:13:16.8614020+08:00, 0, 8.682408, 49.24039, 1, 1, 1, False
19.90421, 2021-06-16T11:13:16.8713440+08:00, 0, 8.682408, 49.24039, 1, 1, 1, False
19.91299, 2021-06-16T11:13:16.8800690+08:00, 0, 8.682408, 49.24039, 1, 1, 1, False
19.92341, 2021-06-16T11:13:16.8905520+08:00, 0, 8.682408, 49.24039, 1, 1, 1, False
19.93258, 2021-06-16T11:13:16.8996670+08:00, 0, 8.682408, 49.24039, 1, 1, 1, False
19.94203, 2021-06-16T11:13:16.9091570+08:00, 0, 8.682408, 49.24039, 1, 1, 1, False
19.98728, 2021-06-16T11:13:16.9545150+08:00, 0, 8.682408, 49.24039, 1, 1, 1, False
19.99122, 2021-06-16T11:13:16.9582850+08:00, 0, 8.682408, 49.24039, 1, 1, 1, False
19.99559, 2021-06-16T11:13:16.9626620+08:00, 0, 8.682408, 49.24039, 1, 1, 1, False
20.00328, 2021-06-16T11:13:16.9704640+08:00, 0, 8.682408, 49.24039, 1, 1, 1, False
20.01123, 2021-06-16T11:13:16.9784020+08:00, 0, 8.682408, 49.24039, 1, 1, 1, False
20.01929, 2021-06-16T11:13:16.9863880+08:00, 0, 8.682408, 49.24039, 1, 1, 1, False
20.02304, 2021-06-16T11:13:16.9901820+08:00, 0, 8.682408, 49.24039, 1, 1, 1, False
20.02912, 2021-06-16T11:13:16.9962290+08:00, 0, 8.682408, 49.24039, 1, 1, 1, False
20.03922, 2021-06-16T11:13:17.0063490+08:00, 0, 8.682408, 49.24039, 1, 1, 1, False
20.04838, 2021-06-16T11:13:17.0154970+08:00, 0, 8.682408, 49.24039, 1, 1, 1, False
20.05774, 2021-06-16T11:13:17.0248220+08:00, 0, 8.682408, 49.24039, 1, 1, 1, False
20.06845, 2021-06-16T11:13:17.0356540+08:00, 0, 8.682408, 49.24039, 1, 1, 1, False
20.07746, 2021-06-16T11:13:17.0446510+08:00, 0, 8.682408, 49.24039, 1, 1, 1, False
20.08691, 2021-06-16T11:13:17.0540290+08:00, 0, 8.682408, 49.24039, 1, 1, 1, False
20.09689, 2021-06-16T11:13:17.0639690+08:00, 0, 8.682408, 49.24039, 1, 1, 1, False
20.10656, 2021-06-16T11:13:17.0737770+08:00, 0, 8.682408, 49.24039, 1, 1, 1, False
20.1164, 2021-06-16T11:13:17.0835060+08:00, 0, 8.682408, 49.24039, 1, 1, 1, False
20.12519, 2021-06-16T11:13:17.0922870+08:00, 0, 8.682408, 49.24039, 1, 1, 1, False
20.13596, 2021-06-16T11:13:17.1030520+08:00, 0, 8.682408, 49.24039, 1, 1, 1, False
20.1447, 2021-06-16T11:13:17.1118220+08:00, 0, 8.682408, 49.24039, 1, 1, 1, False
20.15417, 2021-06-16T11:13:17.1212740+08:00, 0, 8.682408, 49.24039, 1, 1, 1, False
20.16461, 2021-06-16T11:13:17.1317750+08:00, 0, 8.682408, 49.24039, 1, 1, 1, False
20.17334, 2021-06-16T11:13:17.1404160+08:00, 0, 8.682408, 49.24039, 1, 1, 1, False
20.18419, 2021-06-16T11:13:17.1513180+08:00, 0, 8.682408, 49.24039, 1, 1, 1, False
20.193, 2021-06-16T11:13:17.1600780+08:00, 0, 8.682408, 49.24039, 1, 1, 1, False
20.20334, 2021-06-16T11:13:17.1704710+08:00, 0, 8.682408, 49.24039, 1, 1, 1, False
20.21238, 2021-06-16T11:13:17.1794520+08:00, 0, 8.682408, 49.24039, 1, 1, 1, False
20.22229, 2021-06-16T11:13:17.1894120+08:00, 0, 8.682408, 49.24039, 1, 1, 1, False
20.23203, 2021-06-16T11:13:17.1991170+08:00, 0, 8.682408, 49.24039, 1, 1, 1, False
20.24096, 2021-06-16T11:13:17.2080820+08:00, 0, 8.682408, 49.24039, 1, 1, 1, False
20.25037, 2021-06-16T11:13:17.2174520+08:00, 0, 8.682408, 49.24039, 1, 1, 1, False
20.29928, 2021-06-16T11:13:17.2664360+08:00, 0, 8.682408, 49.24039, 1, 1, 1, False
20.30333, 2021-06-16T11:13:17.2704390+08:00, 0, 8.682408, 49.24039, 1, 1, 1, False
20.30719, 2021-06-16T11:13:17.2742500+08:00, 0, 8.682408, 49.24039, 1, 1, 1, False
20.31515, 2021-06-16T11:13:17.2822590+08:00, 0, 8.682408, 49.24039, 1, 1, 1, False
20.32356, 2021-06-16T11:13:17.2906700+08:00, 0, 8.682408, 49.24039, 1, 1, 1, False
20.32714, 2021-06-16T11:13:17.2941960+08:00, 0, 8.682408, 49.24039, 1, 1, 1, False
20.33511, 2021-06-16T11:13:17.3022650+08:00, 0, 8.682408, 49.24039, 1, 1, 1, False
20.34063, 2021-06-16T11:13:17.3077260+08:00, 0, 8.682408, 49.24039, 1, 1, 1, False
20.35045, 2021-06-16T11:13:17.3175350+08:00, 0, 8.682408, 49.24039, 1, 1, 1, False
20.36046, 2021-06-16T11:13:17.3276810+08:00, 0, 8.682408, 49.24039, 1, 1, 1, False
20.36949, 2021-06-16T11:13:17.3365660+08:00, 0, 8.682408, 49.24039, 1, 1, 1, False
20.3789, 2021-06-16T11:13:17.3461710+08:00, 0, 8.682408, 49.24039, 1, 1, 1, False
20.38972, 2021-06-16T11:13:17.3569270+08:00, 0, 8.682408, 49.24039, 1, 1, 1, False
20.39973, 2021-06-16T11:13:17.3668170+08:00, 0, 8.682408, 49.24039, 1, 1, 1, False
20.40904, 2021-06-16T11:13:17.3761780+08:00, 0, 8.682408, 49.24039, 1, 1, 1, False
20.4185, 2021-06-16T11:13:17.3855860+08:00, 0, 8.682408, 49.24039, 1, 1, 1, False
20.42887, 2021-06-16T11:13:17.3960250+08:00, 0, 8.682408, 49.24039, 1, 1, 1, False
20.4374, 2021-06-16T11:13:17.4044760+08:00, 0, 8.682408, 49.24039, 1, 1, 1, False
20.44695, 2021-06-16T11:13:17.4140660+08:00, 0, 8.682408, 49.24039, 1, 1, 1, False
20.45701, 2021-06-16T11:13:17.4241910+08:00, 0, 8.682408, 49.24039, 1, 1, 1, False
20.46671, 2021-06-16T11:13:17.4338880+08:00, 0, 8.682408, 49.24039, 1, 1, 1, False
20.47549, 2021-06-16T11:13:17.4425740+08:00, 0, 8.682408, 49.24039, 1, 1, 1, False
20.48533, 2021-06-16T11:13:17.4524620+08:00, 0, 8.682408, 49.24039, 1, 1, 1, False
20.4942, 2021-06-16T11:13:17.4612760+08:00, 0, 8.682408, 49.24039, 1, 1, 1, False
20.50484, 2021-06-16T11:13:17.4719870+08:00, 0, 8.682408, 49.24039, 1, 1, 1, False
20.51478, 2021-06-16T11:13:17.4818690+08:00, 0, 8.682408, 49.24039, 1, 1, 1, False
20.5239, 2021-06-16T11:13:17.4910200+08:00, 0, 8.682408, 49.24039, 1, 1, 1, False
20.53362, 2021-06-16T11:13:17.5007210+08:00, 0, 8.682408, 49.24039, 1, 1, 1, False
20.54285, 2021-06-16T11:13:17.5099860+08:00, 0, 8.682408, 49.24039, 1, 1, 1, False
20.55157, 2021-06-16T11:13:17.5186540+08:00, 0, 8.682408, 49.24039, 1, 1, 1, False
20.56197, 2021-06-16T11:13:17.5292090+08:00, 0, 8.682408, 49.24039, 1, 1, 1, False
20.6071, 2021-06-16T11:13:17.5742600+08:00, 0, 8.682408, 49.24039, 1, 1, 1, False
20.61546, 2021-06-16T11:13:17.5825790+08:00, 0, 8.682408, 49.24039, 1, 1, 1, False
20.61931, 2021-06-16T11:13:17.5863860+08:00, 0, 8.682408, 49.24039, 1, 1, 1, False
20.62301, 2021-06-16T11:13:17.5901090+08:00, 0, 8.682408, 49.24039, 1, 1, 1, False
20.62699, 2021-06-16T11:13:17.5940560+08:00, 0, 8.682408, 49.24039, 1, 1, 1, False
20.63107, 2021-06-16T11:13:17.5981280+08:00, 0, 8.682408, 49.24039, 1, 1, 1, False
20.6396, 2021-06-16T11:13:17.6067000+08:00, 0, 8.682408, 49.24039, 1, 1, 1, False
20.64897, 2021-06-16T11:13:17.6161030+08:00, 0, 8.682408, 49.24039, 1, 1, 1, False
20.65795, 2021-06-16T11:13:17.6251330+08:00, 0, 8.682408, 49.24039, 1, 1, 1, False
20.66858, 2021-06-16T11:13:17.6357930+08:00, 0, 8.682408, 49.24039, 1, 1, 1, False
20.67859, 2021-06-16T11:13:17.6456750+08:00, 0, 8.682408, 49.24039, 1, 1, 1, False
20.68749, 2021-06-16T11:13:17.6546120+08:00, 0, 8.682408, 49.24039, 1, 1, 1, False
20.69846, 2021-06-16T11:13:17.6656010+08:00, 0, 8.682408, 49.24039, 1, 1, 1, False
20.70788, 2021-06-16T11:13:17.6749990+08:00, 0, 8.682408, 49.24039, 1, 1, 1, False
20.71767, 2021-06-16T11:13:17.6847620+08:00, 0, 8.682408, 49.24039, 1, 1, 1, False
20.72705, 2021-06-16T11:13:17.6941850+08:00, 0, 8.682408, 49.24039, 1, 1, 1, False
20.73701, 2021-06-16T11:13:17.7040900+08:00, 0, 8.682408, 49.24039, 1, 1, 1, False
20.74582, 2021-06-16T11:13:17.7129510+08:00, 0, 8.682408, 49.24039, 1, 1, 1, False
20.75577, 2021-06-16T11:13:17.7229020+08:00, 0, 8.682408, 49.24039, 1, 1, 1, False
20.76548, 2021-06-16T11:13:17.7326090+08:00, 0, 8.682408, 49.24039, 1, 1, 1, False
20.77431, 2021-06-16T11:13:17.7413890+08:00, 0, 8.682408, 49.24039, 1, 1, 1, False
20.78456, 2021-06-16T11:13:17.7516880+08:00, 0, 8.682408, 49.24039, 1, 1, 1, False
20.79357, 2021-06-16T11:13:17.7606430+08:00, 0, 8.682408, 49.24039, 1, 1, 1, False
20.80354, 2021-06-16T11:13:17.7706870+08:00, 0, 8.682408, 49.24039, 1, 1, 1, False
20.81334, 2021-06-16T11:13:17.7804370+08:00, 0, 8.682408, 49.24039, 1, 1, 1, False
20.82229, 2021-06-16T11:13:17.7894430+08:00, 0, 8.682408, 49.24039, 1, 1, 1, False
20.83274, 2021-06-16T11:13:17.7998350+08:00, 0, 8.682408, 49.24039, 1, 1, 1, False
20.8416, 2021-06-16T11:13:17.8087380+08:00, 0, 8.682408, 49.24039, 1, 1, 1, False
20.85243, 2021-06-16T11:13:17.8195230+08:00, 0, 8.682408, 49.24039, 1, 1, 1, False
20.86143, 2021-06-16T11:13:17.8285590+08:00, 0, 8.682408, 49.24039, 1, 1, 1, False
20.87102, 2021-06-16T11:13:17.8381080+08:00, 0, 8.682408, 49.24039, 1, 1, 1, False
20.91965, 2021-06-16T11:13:17.8868150+08:00, 0, 8.682408, 49.24039, 1, 1, 1, False
20.92788, 2021-06-16T11:13:17.8950620+08:00, 0, 8.682408, 49.24039, 1, 1, 1, False
20.93514, 2021-06-16T11:13:17.9022250+08:00, 0, 8.682408, 49.24039, 1, 1, 1, False
20.9434, 2021-06-16T11:13:17.9106180+08:00, 0, 8.682408, 49.24039, 1, 1, 1, False
20.95139, 2021-06-16T11:13:17.9184570+08:00, 0, 8.682408, 49.24039, 1, 1, 1, False
20.9594, 2021-06-16T11:13:17.9266090+08:00, 0, 8.682408, 49.24039, 1, 1, 1, False
20.96716, 2021-06-16T11:13:17.9343270+08:00, 0, 8.682408, 49.24039, 1, 1, 1, False
20.97541, 2021-06-16T11:13:17.9426650+08:00, 0, 8.682408, 49.24039, 1, 1, 1, False
20.98365, 2021-06-16T11:13:17.9508890+08:00, 0, 8.682408, 49.24039, 1, 1, 1, False
20.99121, 2021-06-16T11:13:17.9583910+08:00, 0, 8.682408, 49.24039, 1, 1, 1, False
20.99926, 2021-06-16T11:13:17.9663800+08:00, 0, 8.682408, 49.24039, 1, 1, 1, False
21.00753, 2021-06-16T11:13:17.9747020+08:00, 0, 8.682408, 49.24039, 1, 1, 1, False
21.01533, 2021-06-16T11:13:17.9824160+08:00, 0, 8.682408, 49.24039, 1, 1, 1, False
21.02378, 2021-06-16T11:13:17.9908980+08:00, 0, 8.682408, 49.24039, 1, 1, 1, False
21.03403, 2021-06-16T11:13:18.0011190+08:00, 0, 8.682408, 49.24039, 1, 1, 1, False
21.04388, 2021-06-16T11:13:18.0110370+08:00, 0, 8.682408, 49.24039, 1, 1, 1, False
21.05309, 2021-06-16T11:13:18.0201790+08:00, 0, 8.682408, 49.24039, 1, 1, 1, False
21.06249, 2021-06-16T11:13:18.0296210+08:00, 0, 8.682408, 49.24039, 1, 1, 1, False
21.07131, 2021-06-16T11:13:18.0383990+08:00, 0, 8.682408, 49.24039, 1, 1, 1, False
21.0817, 2021-06-16T11:13:18.0488390+08:00, 0, 8.682408, 49.24039, 1, 1, 1, False
21.09052, 2021-06-16T11:13:18.0576010+08:00, 0, 8.682408, 49.24039, 1, 1, 1, False
21.09991, 2021-06-16T11:13:18.0669940+08:00, 0, 8.682408, 49.24039, 1, 1, 1, False
21.11001, 2021-06-16T11:13:18.0771350+08:00, 0, 8.682408, 49.24039, 1, 1, 1, False
21.11945, 2021-06-16T11:13:18.0865340+08:00, 0, 8.682408, 49.24039, 1, 1, 1, False
21.12883, 2021-06-16T11:13:18.0959990+08:00, 0, 8.682408, 49.24039, 1, 1, 1, False
21.13875, 2021-06-16T11:13:18.1058370+08:00, 0, 8.682408, 49.24039, 1, 1, 1, False
21.1493, 2021-06-16T11:13:18.1164660+08:00, 0, 8.682408, 49.24039, 1, 1, 1, False
21.15834, 2021-06-16T11:13:18.1254260+08:00, 0, 8.682408, 49.24039, 1, 1, 1, False
21.16813, 2021-06-16T11:13:18.1352500+08:00, 0, 8.682408, 49.24039, 1, 1, 1, False
21.17752, 2021-06-16T11:13:18.1446290+08:00, 0, 8.682408, 49.24039, 1, 1, 1, False
21.18739, 2021-06-16T11:13:18.1545120+08:00, 0, 8.682408, 49.24039, 1, 1, 1, False
21.23549, 2021-06-16T11:13:18.2027790+08:00, 0, 8.682408, 49.24039, 1, 1, 1, False
21.24339, 2021-06-16T11:13:18.2104800+08:00, 0, 8.682408, 49.24039, 1, 1, 1, False
21.25144, 2021-06-16T11:13:18.2185610+08:00, 0, 8.682408, 49.24039, 1, 1, 1, False
21.2594, 2021-06-16T11:13:18.2265140+08:00, 0, 8.682408, 49.24039, 1, 1, 1, False
21.26744, 2021-06-16T11:13:18.2345660+08:00, 0, 8.682408, 49.24039, 1, 1, 1, False
21.27532, 2021-06-16T11:13:18.2424090+08:00, 0, 8.682408, 49.24039, 1, 1, 1, False
21.28332, 2021-06-16T11:13:18.2505750+08:00, 0, 8.682408, 49.24039, 1, 1, 1, False
21.2916, 2021-06-16T11:13:18.2587760+08:00, 0, 8.682408, 49.24039, 1, 1, 1, False
21.29909, 2021-06-16T11:13:18.2661610+08:00, 0, 8.682408, 49.24039, 1, 1, 1, False
21.30753, 2021-06-16T11:13:18.2746360+08:00, 0, 8.682408, 49.24039, 1, 1, 1, False
21.31544, 2021-06-16T11:13:18.2826400+08:00, 0, 8.682408, 49.24039, 1, 1, 1, False
21.32341, 2021-06-16T11:13:18.2905280+08:00, 0, 8.682408, 49.24039, 1, 1, 1, False
21.32749, 2021-06-16T11:13:18.2945900+08:00, 0, 8.682408, 49.24039, 1, 1, 1, False
21.33761, 2021-06-16T11:13:18.3046940+08:00, 0, 8.682408, 49.24039, 1, 1, 1, False
21.34667, 2021-06-16T11:13:18.3139250+08:00, 0, 8.682408, 49.24039, 1, 1, 1, False
21.35687, 2021-06-16T11:13:18.3239610+08:00, 0, 8.682408, 49.24039, 1, 1, 1, False
21.36686, 2021-06-16T11:13:18.3339750+08:00, 0, 8.682408, 49.24039, 1, 1, 1, False
21.37559, 2021-06-16T11:13:18.3426700+08:00, 0, 8.682408, 49.24039, 1, 1, 1, False
21.38537, 2021-06-16T11:13:18.3526270+08:00, 0, 8.682408, 49.24039, 1, 1, 1, False
21.39499, 2021-06-16T11:13:18.3620780+08:00, 0, 8.682408, 49.24039, 1, 1, 1, False
21.40477, 2021-06-16T11:13:18.3719160+08:00, 0, 8.682408, 49.24039, 1, 1, 1, False
21.41496, 2021-06-16T11:13:18.3820490+08:00, 0, 8.682408, 49.24039, 1, 1, 1, False
21.42402, 2021-06-16T11:13:18.3911620+08:00, 0, 8.682408, 49.24039, 1, 1, 1, False
21.43362, 2021-06-16T11:13:18.4007060+08:00, 0, 8.682408, 49.24039, 1, 1, 1, False
21.44427, 2021-06-16T11:13:18.4114050+08:00, 0, 8.682408, 49.24039, 1, 1, 1, False
21.45361, 2021-06-16T11:13:18.4206990+08:00, 0, 8.682408, 49.24039, 1, 1, 1, False
21.46364, 2021-06-16T11:13:18.4307810+08:00, 0, 8.682408, 49.24039, 1, 1, 1, False
21.47288, 2021-06-16T11:13:18.4400240+08:00, 0, 8.682408, 49.24039, 1, 1, 1, False
21.48231, 2021-06-16T11:13:18.4494390+08:00, 0, 8.682408, 49.24039, 1, 1, 1, False
21.49243, 2021-06-16T11:13:18.4595100+08:00, 0, 8.682408, 49.24039, 1, 1, 1, False
21.50294, 2021-06-16T11:13:18.4700790+08:00, 0, 8.682408, 49.24039, 1, 1, 1, False
21.55159, 2021-06-16T11:13:18.5187290+08:00, 0, 8.682408, 49.24039, 1, 1, 1, False
21.55955, 2021-06-16T11:13:18.5266260+08:00, 0, 8.682408, 49.24039, 1, 1, 1, False
21.56763, 2021-06-16T11:13:18.5347860+08:00, 0, 8.682408, 49.24039, 1, 1, 1, False
21.57536, 2021-06-16T11:13:18.5424360+08:00, 0, 8.682408, 49.24039, 1, 1, 1, False
21.58343, 2021-06-16T11:13:18.5505380+08:00, 0, 8.682408, 49.24039, 1, 1, 1, False
21.58766, 2021-06-16T11:13:18.5547510+08:00, 0, 8.682408, 49.24039, 1, 1, 1, False
21.59518, 2021-06-16T11:13:18.5622890+08:00, 0, 8.682408, 49.24039, 1, 1, 1, False
21.60345, 2021-06-16T11:13:18.5705740+08:00, 0, 8.682408, 49.24039, 1, 1, 1, False
21.61117, 2021-06-16T11:13:18.5783250+08:00, 0, 8.682408, 49.24039, 1, 1, 1, False
21.61916, 2021-06-16T11:13:18.5862320+08:00, 0, 8.682408, 49.24039, 1, 1, 1, False
21.62728, 2021-06-16T11:13:18.5945040+08:00, 0, 8.682408, 49.24039, 1, 1, 1, False
21.63527, 2021-06-16T11:13:18.6023730+08:00, 0, 8.682408, 49.24039, 1, 1, 1, False
21.64324, 2021-06-16T11:13:18.6104570+08:00, 0, 8.682408, 49.24039, 1, 1, 1, False
21.6524, 2021-06-16T11:13:18.6195420+08:00, 0, 8.682408, 49.24039, 1, 1, 1, False
21.66253, 2021-06-16T11:13:18.6296670+08:00, 0, 8.682408, 49.24039, 1, 1, 1, False
21.67144, 2021-06-16T11:13:18.6384980+08:00, 0, 8.682408, 49.24039, 1, 1, 1, False
21.68117, 2021-06-16T11:13:18.6483150+08:00, 0, 8.682408, 49.24039, 1, 1, 1, False
21.6909, 2021-06-16T11:13:18.6579940+08:00, 0, 8.682408, 49.24039, 1, 1, 1, False
21.70129, 2021-06-16T11:13:18.6715290+08:00, 0, 8.682408, 49.24039, 1, 1, 1, False
21.71108, 2021-06-16T11:13:18.6812650+08:00, 0, 8.682408, 49.24039, 1, 1, 1, False
21.72063, 2021-06-16T11:13:18.6971600+08:00, 0, 8.682408, 49.24039, 1, 1, 1, False
21.735, 2021-06-16T11:13:18.7020650+08:00, 0, 8.682408, 49.24039, 1, 1, 1, False
21.74341, 2021-06-16T11:13:18.7105350+08:00, 0, 8.682408, 49.24039, 1, 1, 1, False
21.75117, 2021-06-16T11:13:18.7182780+08:00, 0, 8.682408, 49.24039, 1, 1, 1, False
21.75953, 2021-06-16T11:13:18.7266130+08:00, 0, 8.682408, 49.24039, 1, 1, 1, False
21.76896, 2021-06-16T11:13:18.7361160+08:00, 0, 8.682408, 49.24039, 1, 1, 1, False
21.7784, 2021-06-16T11:13:18.7454920+08:00, 0, 8.682408, 49.24039, 1, 1, 1, False
21.7872, 2021-06-16T11:13:18.7543180+08:00, 0, 8.682408, 49.24039, 1, 1, 1, False
21.79769, 2021-06-16T11:13:18.7647870+08:00, 0, 8.682408, 49.24039, 1, 1, 1, False
21.80663, 2021-06-16T11:13:18.7737620+08:00, 0, 8.682408, 49.24039, 1, 1, 1, False
21.81699, 2021-06-16T11:13:18.7840830+08:00, 0, 8.682408, 49.24039, 1, 1, 1, False
21.86327, 2021-06-16T11:13:18.8304510+08:00, 0, 8.682408, 49.24039, 1, 1, 1, False
21.87148, 2021-06-16T11:13:18.8385670+08:00, 0, 8.682408, 49.24039, 1, 1, 1, False
21.87983, 2021-06-16T11:13:18.8469230+08:00, 0, 8.682408, 49.24039, 1, 1, 1, False
21.8871, 2021-06-16T11:13:18.8542370+08:00, 0, 8.682408, 49.24039, 1, 1, 1, False
21.89551, 2021-06-16T11:13:18.8625810+08:00, 0, 8.682408, 49.24039, 1, 1, 1, False
21.90314, 2021-06-16T11:13:18.8702980+08:00, 0, 8.682408, 49.24039, 1, 1, 1, False
21.90734, 2021-06-16T11:13:18.8744150+08:00, 0, 8.682408, 49.24039, 1, 1, 1, False
21.91213, 2021-06-16T11:13:18.8792070+08:00, 0, 8.682408, 49.24039, 1, 1, 1, False
21.91929, 2021-06-16T11:13:18.8864880+08:00, 0, 8.682408, 49.24039, 1, 1, 1, False
21.92484, 2021-06-16T11:13:18.8920060+08:00, 0, 8.682408, 49.24039, 1, 1, 1, False
21.93557, 2021-06-16T11:13:18.9027730+08:00, 0, 8.682408, 49.24039, 1, 1, 1, False
21.94443, 2021-06-16T11:13:18.9116260+08:00, 0, 8.682408, 49.24039, 1, 1, 1, False
21.95462, 2021-06-16T11:13:18.9217180+08:00, 0, 8.682408, 49.24039, 1, 1, 1, False
21.96424, 2021-06-16T11:13:18.9314000+08:00, 0, 8.682408, 49.24039, 1, 1, 1, False
21.97303, 2021-06-16T11:13:18.9401310+08:00, 0, 8.682408, 49.24039, 1, 1, 1, False
21.98344, 2021-06-16T11:13:18.9505880+08:00, 0, 8.682408, 49.24039, 1, 1, 1, False
21.99223, 2021-06-16T11:13:18.9593030+08:00, 0, 8.682408, 49.24039, 1, 1, 1, False
22.00289, 2021-06-16T11:13:18.9700520+08:00, 0, 8.682408, 49.24039, 1, 1, 1, False
22.01229, 2021-06-16T11:13:18.9793830+08:00, 0, 8.682408, 49.24039, 1, 1, 1, False
22.0211, 2021-06-16T11:13:18.9882260+08:00, 0, 8.682408, 49.24039, 1, 1, 1, False
22.03147, 2021-06-16T11:13:18.9985660+08:00, 0, 8.682408, 49.24039, 1, 1, 1, False
22.04035, 2021-06-16T11:13:19.0074740+08:00, 0, 8.682408, 49.24039, 1, 1, 1, False
22.04973, 2021-06-16T11:13:19.0168160+08:00, 0, 8.682408, 49.24039, 1, 1, 1, False
22.05956, 2021-06-16T11:13:19.0266910+08:00, 0, 8.682408, 49.24039, 1, 1, 1, False
22.06997, 2021-06-16T11:13:19.0371050+08:00, 0, 8.682408, 49.24039, 1, 1, 1, False
22.07865, 2021-06-16T11:13:19.0457280+08:00, 0, 8.682408, 49.24039, 1, 1, 1, False
22.08888, 2021-06-16T11:13:19.0560170+08:00, 0, 8.682408, 49.24039, 1, 1, 1, False
22.09777, 2021-06-16T11:13:19.0648510+08:00, 0, 8.682408, 49.24039, 1, 1, 1, False
22.10736, 2021-06-16T11:13:19.0744940+08:00, 0, 8.682408, 49.24039, 1, 1, 1, False
22.118, 2021-06-16T11:13:19.0850870+08:00, 0, 8.682408, 49.24039, 1, 1, 1, False
22.12743, 2021-06-16T11:13:19.0945610+08:00, 0, 8.682408, 49.24039, 1, 1, 1, False
22.17515, 2021-06-16T11:13:19.1423070+08:00, 0, 8.682408, 49.24039, 1, 1, 1, False
22.18342, 2021-06-16T11:13:19.1505370+08:00, 0, 8.682408, 49.24039, 1, 1, 1, False
22.18742, 2021-06-16T11:13:19.1544870+08:00, 0, 8.682408, 49.24039, 1, 1, 1, False
22.19138, 2021-06-16T11:13:19.1584570+08:00, 0, 8.682408, 49.24039, 1, 1, 1, False
22.19945, 2021-06-16T11:13:19.1665590+08:00, 0, 8.682408, 49.24039, 1, 1, 1, False
22.20746, 2021-06-16T11:13:19.1745820+08:00, 0, 8.682408, 49.24039, 1, 1, 1, False
22.21534, 2021-06-16T11:13:19.1824280+08:00, 0, 8.682408, 49.24039, 1, 1, 1, False
22.22323, 2021-06-16T11:13:19.1903940+08:00, 0, 8.682408, 49.24039, 1, 1, 1, False
22.2274, 2021-06-16T11:13:19.1944840+08:00, 0, 8.682408, 49.24039, 1, 1, 1, False
22.23593, 2021-06-16T11:13:19.2030140+08:00, 0, 8.682408, 49.24039, 1, 1, 1, False
22.24662, 2021-06-16T11:13:19.2138940+08:00, 0, 8.682408, 49.24039, 1, 1, 1, False
22.25611, 2021-06-16T11:13:19.2232640+08:00, 0, 8.682408, 49.24039, 1, 1, 1, False
22.26612, 2021-06-16T11:13:19.2332570+08:00, 0, 8.682408, 49.24039, 1, 1, 1, False
22.2749, 2021-06-16T11:13:19.2419970+08:00, 0, 8.682408, 49.24039, 1, 1, 1, False
22.28575, 2021-06-16T11:13:19.2528570+08:00, 0, 8.682408, 49.24039, 1, 1, 1, False
22.29461, 2021-06-16T11:13:19.2616880+08:00, 0, 8.682408, 49.24039, 1, 1, 1, False
22.30452, 2021-06-16T11:13:19.2716510+08:00, 0, 8.682408, 49.24039, 1, 1, 1, False
22.31332, 2021-06-16T11:13:19.2804130+08:00, 0, 8.682408, 49.24039, 1, 1, 1, False
22.32301, 2021-06-16T11:13:19.2901380+08:00, 0, 8.682408, 49.24039, 1, 1, 1, False
22.33344, 2021-06-16T11:13:19.3005340+08:00, 0, 8.682408, 49.24039, 1, 1, 1, False
22.34224, 2021-06-16T11:13:19.3093580+08:00, 0, 8.682408, 49.24039, 1, 1, 1, False
22.35195, 2021-06-16T11:13:19.3190290+08:00, 0, 8.682408, 49.24039, 1, 1, 1, False
22.3611, 2021-06-16T11:13:19.3282560+08:00, 0, 8.682408, 49.24039, 1, 1, 1, False
22.37158, 2021-06-16T11:13:19.3386740+08:00, 0, 8.682408, 49.24039, 1, 1, 1, False
22.38129, 2021-06-16T11:13:19.3484180+08:00, 0, 8.682408, 49.24039, 1, 1, 1, False
22.39027, 2021-06-16T11:13:19.3573590+08:00, 0, 8.682408, 49.24039, 1, 1, 1, False
22.39981, 2021-06-16T11:13:19.3668950+08:00, 0, 8.682408, 49.24039, 1, 1, 1, False
22.40945, 2021-06-16T11:13:19.3765840+08:00, 0, 8.682408, 49.24039, 1, 1, 1, False
22.41947, 2021-06-16T11:13:19.3865960+08:00, 0, 8.682408, 49.24039, 1, 1, 1, False
22.42846, 2021-06-16T11:13:19.3956310+08:00, 0, 8.682408, 49.24039, 1, 1, 1, False
22.43865, 2021-06-16T11:13:19.4057400+08:00, 0, 8.682408, 49.24039, 1, 1, 1, False
22.48724, 2021-06-16T11:13:19.4543820+08:00, 0, 8.682408, 49.24039, 1, 1, 1, False
22.49565, 2021-06-16T11:13:19.4627220+08:00, 0, 8.682408, 49.24039, 1, 1, 1, False
22.50351, 2021-06-16T11:13:19.4706540+08:00, 0, 8.682408, 49.24039, 1, 1, 1, False
22.51152, 2021-06-16T11:13:19.4786110+08:00, 0, 8.682408, 49.24039, 1, 1, 1, False
22.51928, 2021-06-16T11:13:19.4863650+08:00, 0, 8.682408, 49.24039, 1, 1, 1, False
22.52297, 2021-06-16T11:13:19.4900770+08:00, 0, 8.682408, 49.24039, 1, 1, 1, False
22.53128, 2021-06-16T11:13:19.4983670+08:00, 0, 8.682408, 49.24039, 1, 1, 1, False
22.5394, 2021-06-16T11:13:19.5065380+08:00, 0, 8.682408, 49.24039, 1, 1, 1, False
22.54333, 2021-06-16T11:13:19.5105510+08:00, 0, 8.682408, 49.24039, 1, 1, 1, False
22.55129, 2021-06-16T11:13:19.5183720+08:00, 0, 8.682408, 49.24039, 1, 1, 1, False
22.55931, 2021-06-16T11:13:19.5264690+08:00, 0, 8.682408, 49.24039, 1, 1, 1, False
22.56916, 2021-06-16T11:13:19.5363180+08:00, 0, 8.682408, 49.24039, 1, 1, 1, False
22.57992, 2021-06-16T11:13:19.5470440+08:00, 0, 8.682408, 49.24039, 1, 1, 1, False
22.58878, 2021-06-16T11:13:19.5559130+08:00, 0, 8.682408, 49.24039, 1, 1, 1, False
22.59862, 2021-06-16T11:13:19.5656910+08:00, 0, 8.682408, 49.24039, 1, 1, 1, False
22.60837, 2021-06-16T11:13:19.5755070+08:00, 0, 8.682408, 49.24039, 1, 1, 1, False
22.61815, 2021-06-16T11:13:19.5852320+08:00, 0, 8.682408, 49.24039, 1, 1, 1, False
22.62747, 2021-06-16T11:13:19.5946340+08:00, 0, 8.682408, 49.24039, 1, 1, 1, False
22.63705, 2021-06-16T11:13:19.6041400+08:00, 0, 8.682408, 49.24039, 1, 1, 1, False
22.64709, 2021-06-16T11:13:19.6142270+08:00, 0, 8.682408, 49.24039, 1, 1, 1, False
22.6565, 2021-06-16T11:13:19.6236130+08:00, 0, 8.682408, 49.24039, 1, 1, 1, False
22.66639, 2021-06-16T11:13:19.6335190+08:00, 0, 8.682408, 49.24039, 1, 1, 1, False
22.67521, 2021-06-16T11:13:19.6422960+08:00, 0, 8.682408, 49.24039, 1, 1, 1, False
22.68591, 2021-06-16T11:13:19.6530500+08:00, 0, 8.682408, 49.24039, 1, 1, 1, False
22.69488, 2021-06-16T11:13:19.6619710+08:00, 0, 8.682408, 49.24039, 1, 1, 1, False
22.70489, 2021-06-16T11:13:19.6720240+08:00, 0, 8.682408, 49.24039, 1, 1, 1, False
22.71389, 2021-06-16T11:13:19.6811120+08:00, 0, 8.682408, 49.24039, 1, 1, 1, False
22.72353, 2021-06-16T11:13:19.6906580+08:00, 0, 8.682408, 49.24039, 1, 1, 1, False
22.73377, 2021-06-16T11:13:19.7008700+08:00, 0, 8.682408, 49.24039, 1, 1, 1, False
22.74314, 2021-06-16T11:13:19.7104060+08:00, 0, 8.682408, 49.24039, 1, 1, 1, False
22.75277, 2021-06-16T11:13:19.7198950+08:00, 0, 8.682408, 49.24039, 1, 1, 1, False
22.80335, 2021-06-16T11:13:19.7705150+08:00, 0, 8.682408, 49.24039, 1, 1, 1, False
22.81144, 2021-06-16T11:13:19.7785570+08:00, 0, 8.682408, 49.24039, 1, 1, 1, False
22.81903, 2021-06-16T11:13:19.7860980+08:00, 0, 8.682408, 49.24039, 1, 1, 1, False
22.82723, 2021-06-16T11:13:19.7943490+08:00, 0, 8.682408, 49.24039, 1, 1, 1, False
22.83511, 2021-06-16T11:13:19.8022380+08:00, 0, 8.682408, 49.24039, 1, 1, 1, False
22.84328, 2021-06-16T11:13:19.8104070+08:00, 0, 8.682408, 49.24039, 1, 1, 1, False
22.85141, 2021-06-16T11:13:19.8184880+08:00, 0, 8.682408, 49.24039, 1, 1, 1, False
22.85529, 2021-06-16T11:13:19.8223700+08:00, 0, 8.682408, 49.24039, 1, 1, 1, False
22.85921, 2021-06-16T11:13:19.8263670+08:00, 0, 8.682408, 49.24039, 1, 1, 1, False
22.86458, 2021-06-16T11:13:19.8317230+08:00, 0, 8.682408, 49.24039, 1, 1, 1, False
22.87511, 2021-06-16T11:13:19.8422890+08:00, 0, 8.682408, 49.24039, 1, 1, 1, False
22.88457, 2021-06-16T11:13:19.8516970+08:00, 0, 8.682408, 49.24039, 1, 1, 1, False
22.89484, 2021-06-16T11:13:19.8620650+08:00, 0, 8.682408, 49.24039, 1, 1, 1, False
22.90389, 2021-06-16T11:13:19.8710220+08:00, 0, 8.682408, 49.24039, 1, 1, 1, False
22.9134, 2021-06-16T11:13:19.8804950+08:00, 0, 8.682408, 49.24039, 1, 1, 1, False
22.92293, 2021-06-16T11:13:19.8900570+08:00, 0, 8.682408, 49.24039, 1, 1, 1, False
22.93388, 2021-06-16T11:13:19.9009770+08:00, 0, 8.682408, 49.24039, 1, 1, 1, False
22.94281, 2021-06-16T11:13:19.9099750+08:00, 0, 8.682408, 49.24039, 1, 1, 1, False
22.95271, 2021-06-16T11:13:19.9198000+08:00, 0, 8.682408, 49.24039, 1, 1, 1, False
22.96204, 2021-06-16T11:13:19.9291820+08:00, 0, 8.682408, 49.24039, 1, 1, 1, False
22.97234, 2021-06-16T11:13:19.9394330+08:00, 0, 8.682408, 49.24039, 1, 1, 1, False
22.98199, 2021-06-16T11:13:19.9491250+08:00, 0, 8.682408, 49.24039, 1, 1, 1, False
22.99092, 2021-06-16T11:13:19.9580090+08:00, 0, 8.682408, 49.24039, 1, 1, 1, False
23.00082, 2021-06-16T11:13:19.9679540+08:00, 0, 8.682408, 49.24039, 1, 1, 1, False
23.00966, 2021-06-16T11:13:19.9767410+08:00, 0, 8.682408, 49.24039, 1, 1, 1, False
23.02014, 2021-06-16T11:13:19.9872740+08:00, 0, 8.682408, 49.24039, 1, 1, 1, False
23.02907, 2021-06-16T11:13:19.9961500+08:00, 0, 8.682408, 49.24039, 1, 1, 1, False
23.03922, 2021-06-16T11:13:20.0063180+08:00, 0, 8.682408, 49.24039, 1, 1, 1, False
23.04844, 2021-06-16T11:13:20.0155800+08:00, 0, 8.682408, 49.24039, 1, 1, 1, False
23.05875, 2021-06-16T11:13:20.0258480+08:00, 0, 8.682408, 49.24039, 1, 1, 1, False
23.06872, 2021-06-16T11:13:20.0358810+08:00, 0, 8.682408, 49.24039, 1, 1, 1, False
23.11919, 2021-06-16T11:13:20.0863080+08:00, 0, 8.682408, 49.24039, 1, 1, 1, False
23.12299, 2021-06-16T11:13:20.0900690+08:00, 0, 8.682408, 49.24039, 1, 1, 1, False
23.12697, 2021-06-16T11:13:20.0940320+08:00, 0, 8.682408, 49.24039, 1, 1, 1, False
23.13118, 2021-06-16T11:13:20.0982450+08:00, 0, 8.682408, 49.24039, 1, 1, 1, False
23.13591, 2021-06-16T11:13:20.1029980+08:00, 0, 8.682408, 49.24039, 1, 1, 1, False
23.1434, 2021-06-16T11:13:20.1105200+08:00, 0, 8.682408, 49.24039, 1, 1, 1, False
23.15135, 2021-06-16T11:13:20.1184270+08:00, 0, 8.682408, 49.24039, 1, 1, 1, False
23.16004, 2021-06-16T11:13:20.1271870+08:00, 0, 8.682408, 49.24039, 1, 1, 1, False
23.17055, 2021-06-16T11:13:20.1376830+08:00, 0, 8.682408, 49.24039, 1, 1, 1, False
23.1807, 2021-06-16T11:13:20.1478470+08:00, 0, 8.682408, 49.24039, 1, 1, 1, False
23.18944, 2021-06-16T11:13:20.1565200+08:00, 0, 8.682408, 49.24039, 1, 1, 1, False
23.19936, 2021-06-16T11:13:20.1665630+08:00, 0, 8.682408, 49.24039, 1, 1, 1, False
23.21011, 2021-06-16T11:13:20.1774720+08:00, 0, 8.682408, 49.24039, 1, 1, 1, False
23.21992, 2021-06-16T11:13:20.1870110+08:00, 0, 8.682408, 49.24039, 1, 1, 1, False
23.22978, 2021-06-16T11:13:20.1969160+08:00, 0, 8.682408, 49.24039, 1, 1, 1, False
23.23918, 2021-06-16T11:13:20.2062700+08:00, 0, 8.682408, 49.24039, 1, 1, 1, False
23.24906, 2021-06-16T11:13:20.2161910+08:00, 0, 8.682408, 49.24039, 1, 1, 1, False
23.25804, 2021-06-16T11:13:20.2251380+08:00, 0, 8.682408, 49.24039, 1, 1, 1, False
23.2686, 2021-06-16T11:13:20.2357370+08:00, 0, 8.682408, 49.24039, 1, 1, 1, False
23.27743, 2021-06-16T11:13:20.2445180+08:00, 0, 8.682408, 49.24039, 1, 1, 1, False
23.28702, 2021-06-16T11:13:20.2541630+08:00, 0, 8.682408, 49.24039, 1, 1, 1, False
23.29676, 2021-06-16T11:13:20.2638270+08:00, 0, 8.682408, 49.24039, 1, 1, 1, False
23.3065, 2021-06-16T11:13:20.2736280+08:00, 0, 8.682408, 49.24039, 1, 1, 1, False
23.3175, 2021-06-16T11:13:20.2846050+08:00, 0, 8.682408, 49.24039, 1, 1, 1, False
23.32684, 2021-06-16T11:13:20.2939760+08:00, 0, 8.682408, 49.24039, 1, 1, 1, False
23.33585, 2021-06-16T11:13:20.3029350+08:00, 0, 8.682408, 49.24039, 1, 1, 1, False
23.34636, 2021-06-16T11:13:20.3134750+08:00, 0, 8.682408, 49.24039, 1, 1, 1, False
23.35537, 2021-06-16T11:13:20.3224630+08:00, 0, 8.682408, 49.24039, 1, 1, 1, False
23.36489, 2021-06-16T11:13:20.3320260+08:00, 0, 8.682408, 49.24039, 1, 1, 1, False
23.3751, 2021-06-16T11:13:20.3422890+08:00, 0, 8.682408, 49.24039, 1, 1, 1, False
23.38515, 2021-06-16T11:13:20.3523280+08:00, 0, 8.682408, 49.24039, 1, 1, 1, False
23.43122, 2021-06-16T11:13:20.3983810+08:00, 0, 8.682408, 49.24039, 1, 1, 1, False
23.43942, 2021-06-16T11:13:20.4064730+08:00, 0, 8.682408, 49.24039, 1, 1, 1, False
23.44714, 2021-06-16T11:13:20.4142680+08:00, 0, 8.682408, 49.24039, 1, 1, 1, False
23.45118, 2021-06-16T11:13:20.4182500+08:00, 0, 8.682408, 49.24039, 1, 1, 1, False
23.45524, 2021-06-16T11:13:20.4223110+08:00, 0, 8.682408, 49.24039, 1, 1, 1, False
23.46341, 2021-06-16T11:13:20.4305510+08:00, 0, 8.682408, 49.24039, 1, 1, 1, False
23.47117, 2021-06-16T11:13:20.4382660+08:00, 0, 8.682408, 49.24039, 1, 1, 1, False
23.47914, 2021-06-16T11:13:20.4462310+08:00, 0, 8.682408, 49.24039, 1, 1, 1, False
23.48719, 2021-06-16T11:13:20.4543330+08:00, 0, 8.682408, 49.24039, 1, 1, 1, False
23.493, 2021-06-16T11:13:20.4601530+08:00, 0, 8.682408, 49.24039, 1, 1, 1, False
23.50227, 2021-06-16T11:13:20.4694090+08:00, 0, 8.682408, 49.24039, 1, 1, 1, False
23.51295, 2021-06-16T11:13:20.4801410+08:00, 0, 8.682408, 49.24039, 1, 1, 1, False
23.52188, 2021-06-16T11:13:20.4890370+08:00, 0, 8.682408, 49.24039, 1, 1, 1, False
23.53147, 2021-06-16T11:13:20.4985550+08:00, 0, 8.682408, 49.24039, 1, 1, 1, False
23.54138, 2021-06-16T11:13:20.5085140+08:00, 0, 8.682408, 49.24039, 1, 1, 1, False
23.55189, 2021-06-16T11:13:20.5189810+08:00, 0, 8.682408, 49.24039, 1, 1, 1, False
23.56096, 2021-06-16T11:13:20.5281440+08:00, 0, 8.682408, 49.24039, 1, 1, 1, False
23.57067, 2021-06-16T11:13:20.5377580+08:00, 0, 8.682408, 49.24039, 1, 1, 1, False
23.58101, 2021-06-16T11:13:20.5481520+08:00, 0, 8.682408, 49.24039, 1, 1, 1, False
23.59007, 2021-06-16T11:13:20.5571590+08:00, 0, 8.682408, 49.24039, 1, 1, 1, False
23.59971, 2021-06-16T11:13:20.5668020+08:00, 0, 8.682408, 49.24039, 1, 1, 1, False
23.61024, 2021-06-16T11:13:20.5774520+08:00, 0, 8.682408, 49.24039, 1, 1, 1, False
23.62002, 2021-06-16T11:13:20.5871500+08:00, 0, 8.682408, 49.24039, 1, 1, 1, False
23.62975, 2021-06-16T11:13:20.5968400+08:00, 0, 8.682408, 49.24039, 1, 1, 1, False
23.63873, 2021-06-16T11:13:20.6058180+08:00, 0, 8.682408, 49.24039, 1, 1, 1, False
23.64905, 2021-06-16T11:13:20.6162180+08:00, 0, 8.682408, 49.24039, 1, 1, 1, False
23.65823, 2021-06-16T11:13:20.6253640+08:00, 0, 8.682408, 49.24039, 1, 1, 1, False
23.66975, 2021-06-16T11:13:20.6369210+08:00, 0, 8.682408, 49.24039, 1, 1, 1, False
23.67905, 2021-06-16T11:13:20.6461450+08:00, 0, 8.682408, 49.24039, 1, 1, 1, False
23.68889, 2021-06-16T11:13:20.6561670+08:00, 0, 8.682408, 49.24039, 1, 1, 1, False
23.69955, 2021-06-16T11:13:20.6666630+08:00, 0, 8.682408, 49.24039, 1, 1, 1, False
23.75167, 2021-06-16T11:13:20.7188810+08:00, 0, 8.682408, 49.24039, 1, 1, 1, False
23.75903, 2021-06-16T11:13:20.7261230+08:00, 0, 8.682408, 49.24039, 1, 1, 1, False
23.76308, 2021-06-16T11:13:20.7302090+08:00, 0, 8.682408, 49.24039, 1, 1, 1, False
23.77146, 2021-06-16T11:13:20.7385200+08:00, 0, 8.682408, 49.24039, 1, 1, 1, False
23.77926, 2021-06-16T11:13:20.7463490+08:00, 0, 8.682408, 49.24039, 1, 1, 1, False
23.78729, 2021-06-16T11:13:20.7544580+08:00, 0, 8.682408, 49.24039, 1, 1, 1, False
23.79508, 2021-06-16T11:13:20.7621570+08:00, 0, 8.682408, 49.24039, 1, 1, 1, False
23.79889, 2021-06-16T11:13:20.7659340+08:00, 0, 8.682408, 49.24039, 1, 1, 1, False
23.80306, 2021-06-16T11:13:20.7702800+08:00, 0, 8.682408, 49.24039, 1, 1, 1, False
23.81349, 2021-06-16T11:13:20.7806900+08:00, 0, 8.682408, 49.24039, 1, 1, 1, False
23.82432, 2021-06-16T11:13:20.7914560+08:00, 0, 8.682408, 49.24039, 1, 1, 1, False
23.83314, 2021-06-16T11:13:20.8002320+08:00, 0, 8.682408, 49.24039, 1, 1, 1, False
23.84263, 2021-06-16T11:13:20.8097800+08:00, 0, 8.682408, 49.24039, 1, 1, 1, False
23.85208, 2021-06-16T11:13:20.8191680+08:00, 0, 8.682408, 49.24039, 1, 1, 1, False
23.86167, 2021-06-16T11:13:20.8288040+08:00, 0, 8.682408, 49.24039, 1, 1, 1, False
23.87166, 2021-06-16T11:13:20.8387620+08:00, 0, 8.682408, 49.24039, 1, 1, 1, False
23.8816, 2021-06-16T11:13:20.8487430+08:00, 0, 8.682408, 49.24039, 1, 1, 1, False
23.89082, 2021-06-16T11:13:20.8579100+08:00, 0, 8.682408, 49.24039, 1, 1, 1, False
23.9006, 2021-06-16T11:13:20.8677340+08:00, 0, 8.682408, 49.24039, 1, 1, 1, False
23.90946, 2021-06-16T11:13:20.8765470+08:00, 0, 8.682408, 49.24039, 1, 1, 1, False
23.92013, 2021-06-16T11:13:20.8872670+08:00, 0, 8.682408, 49.24039, 1, 1, 1, False
23.92892, 2021-06-16T11:13:20.8960070+08:00, 0, 8.682408, 49.24039, 1, 1, 1, False
23.93871, 2021-06-16T11:13:20.9057860+08:00, 0, 8.682408, 49.24039, 1, 1, 1, False
23.94897, 2021-06-16T11:13:20.9161730+08:00, 0, 8.682408, 49.24039, 1, 1, 1, False
23.95778, 2021-06-16T11:13:20.9248690+08:00, 0, 8.682408, 49.24039, 1, 1, 1, False
23.96838, 2021-06-16T11:13:20.9355110+08:00, 0, 8.682408, 49.24039, 1, 1, 1, False
23.97788, 2021-06-16T11:13:20.9450050+08:00, 0, 8.682408, 49.24039, 1, 1, 1, False
23.9868, 2021-06-16T11:13:20.9539300+08:00, 0, 8.682408, 49.24039, 1, 1, 1, False
23.99707, 2021-06-16T11:13:20.9641900+08:00, 0, 8.682408, 49.24039, 1, 1, 1, False
24.00601, 2021-06-16T11:13:20.9731680+08:00, 0, 8.682408, 49.24039, 1, 1, 1, False
24.01562, 2021-06-16T11:13:20.9827230+08:00, 0, 8.682408, 49.24039, 1, 1, 1, False
24.06338, 2021-06-16T11:13:21.0306370+08:00, 0, 8.682408, 49.24039, 1, 1, 1, False
24.07117, 2021-06-16T11:13:21.0382560+08:00, 0, 8.682408, 49.24039, 1, 1, 1, False
24.07922, 2021-06-16T11:13:21.0462920+08:00, 0, 8.682408, 49.24039, 1, 1, 1, False
24.08311, 2021-06-16T11:13:21.0501920+08:00, 0, 8.682408, 49.24039, 1, 1, 1, False
24.08699, 2021-06-16T11:13:21.0540920+08:00, 0, 8.682408, 49.24039, 1, 1, 1, False
24.09158, 2021-06-16T11:13:21.0586600+08:00, 0, 8.682408, 49.24039, 1, 1, 1, False
24.09934, 2021-06-16T11:13:21.0664450+08:00, 0, 8.682408, 49.24039, 1, 1, 1, False
24.10531, 2021-06-16T11:13:21.0724410+08:00, 0, 8.682408, 49.24039, 1, 1, 1, False
24.11526, 2021-06-16T11:13:21.0823580+08:00, 0, 8.682408, 49.24039, 1, 1, 1, False
24.12395, 2021-06-16T11:13:21.0911710+08:00, 0, 8.682408, 49.24039, 1, 1, 1, False
24.13441, 2021-06-16T11:13:21.1015070+08:00, 0, 8.682408, 49.24039, 1, 1, 1, False
24.14427, 2021-06-16T11:13:21.1115980+08:00, 0, 8.682408, 49.24039, 1, 1, 1, False
24.15329, 2021-06-16T11:13:21.1203880+08:00, 0, 8.682408, 49.24039, 1, 1, 1, False
24.16426, 2021-06-16T11:13:21.1314180+08:00, 0, 8.682408, 49.24039, 1, 1, 1, False
24.17361, 2021-06-16T11:13:21.1406830+08:00, 0, 8.682408, 49.24039, 1, 1, 1, False
24.18345, 2021-06-16T11:13:21.1506040+08:00, 0, 8.682408, 49.24039, 1, 1, 1, False
24.19266, 2021-06-16T11:13:21.1597480+08:00, 0, 8.682408, 49.24039, 1, 1, 1, False
24.20312, 2021-06-16T11:13:21.1702710+08:00, 0, 8.682408, 49.24039, 1, 1, 1, False
24.21206, 2021-06-16T11:13:21.1791510+08:00, 0, 8.682408, 49.24039, 1, 1, 1, False
24.22226, 2021-06-16T11:13:21.1893960+08:00, 0, 8.682408, 49.24039, 1, 1, 1, False
24.23116, 2021-06-16T11:13:21.1982480+08:00, 0, 8.682408, 49.24039, 1, 1, 1, False
24.24161, 2021-06-16T11:13:21.2087390+08:00, 0, 8.682408, 49.24039, 1, 1, 1, False
24.25202, 2021-06-16T11:13:21.2191880+08:00, 0, 8.682408, 49.24039, 1, 1, 1, False
24.26076, 2021-06-16T11:13:21.2278970+08:00, 0, 8.682408, 49.24039, 1, 1, 1, False
24.27053, 2021-06-16T11:13:21.2376490+08:00, 0, 8.682408, 49.24039, 1, 1, 1, False
24.28121, 2021-06-16T11:13:21.2483410+08:00, 0, 8.682408, 49.24039, 1, 1, 1, False
24.29024, 2021-06-16T11:13:21.2573390+08:00, 0, 8.682408, 49.24039, 1, 1, 1, False
24.30051, 2021-06-16T11:13:21.2676430+08:00, 0, 8.682408, 49.24039, 1, 1, 1, False
24.30937, 2021-06-16T11:13:21.2764540+08:00, 0, 8.682408, 49.24039, 1, 1, 1, False
24.32031, 2021-06-16T11:13:21.2874240+08:00, 0, 8.682408, 49.24039, 1, 1, 1, False
24.32921, 2021-06-16T11:13:21.2962890+08:00, 0, 8.682408, 49.24039, 1, 1, 1, False
24.37559, 2021-06-16T11:13:21.3429600+08:00, 0, 8.682408, 49.24039, 1, 1, 1, False
24.38348, 2021-06-16T11:13:21.3505720+08:00, 0, 8.682408, 49.24039, 1, 1, 1, False
24.38734, 2021-06-16T11:13:21.3544140+08:00, 0, 8.682408, 49.24039, 1, 1, 1, False
24.39522, 2021-06-16T11:13:21.3623070+08:00, 0, 8.682408, 49.24039, 1, 1, 1, False
24.39929, 2021-06-16T11:13:21.3664340+08:00, 0, 8.682408, 49.24039, 1, 1, 1, False
24.40749, 2021-06-16T11:13:21.3746410+08:00, 0, 8.682408, 49.24039, 1, 1, 1, False
24.41537, 2021-06-16T11:13:21.3824640+08:00, 0, 8.682408, 49.24039, 1, 1, 1, False
24.41899, 2021-06-16T11:13:21.3861190+08:00, 0, 8.682408, 49.24039, 1, 1, 1, False
24.42707, 2021-06-16T11:13:21.3941930+08:00, 0, 8.682408, 49.24039, 1, 1, 1, False
24.43635, 2021-06-16T11:13:21.4034370+08:00, 0, 8.682408, 49.24039, 1, 1, 1, False
24.44737, 2021-06-16T11:13:21.4145880+08:00, 0, 8.682408, 49.24039, 1, 1, 1, False
24.45662, 2021-06-16T11:13:21.4237200+08:00, 0, 8.682408, 49.24039, 1, 1, 1, False
24.46645, 2021-06-16T11:13:21.4336270+08:00, 0, 8.682408, 49.24039, 1, 1, 1, False
24.4753, 2021-06-16T11:13:21.4423940+08:00, 0, 8.682408, 49.24039, 1, 1, 1, False
24.48585, 2021-06-16T11:13:21.4529930+08:00, 0, 8.682408, 49.24039, 1, 1, 1, False
24.49511, 2021-06-16T11:13:21.4621790+08:00, 0, 8.682408, 49.24039, 1, 1, 1, False
24.50529, 2021-06-16T11:13:21.4724330+08:00, 0, 8.682408, 49.24039, 1, 1, 1, False
24.51426, 2021-06-16T11:13:21.4813470+08:00, 0, 8.682408, 49.24039, 1, 1, 1, False
24.52401, 2021-06-16T11:13:21.4911560+08:00, 0, 8.682408, 49.24039, 1, 1, 1, False
24.53457, 2021-06-16T11:13:21.5016720+08:00, 0, 8.682408, 49.24039, 1, 1, 1, False
24.54343, 2021-06-16T11:13:21.5105660+08:00, 0, 8.682408, 49.24039, 1, 1, 1, False
24.55345, 2021-06-16T11:13:21.5205600+08:00, 0, 8.682408, 49.24039, 1, 1, 1, False
24.56247, 2021-06-16T11:13:21.5295940+08:00, 0, 8.682408, 49.24039, 1, 1, 1, False
24.57279, 2021-06-16T11:13:21.5398960+08:00, 0, 8.682408, 49.24039, 1, 1, 1, False
24.58267, 2021-06-16T11:13:21.5498160+08:00, 0, 8.682408, 49.24039, 1, 1, 1, False
24.59243, 2021-06-16T11:13:21.5595070+08:00, 0, 8.682408, 49.24039, 1, 1, 1, False
24.60188, 2021-06-16T11:13:21.5690200+08:00, 0, 8.682408, 49.24039, 1, 1, 1, False
24.61105, 2021-06-16T11:13:21.5781420+08:00, 0, 8.682408, 49.24039, 1, 1, 1, False
24.62098, 2021-06-16T11:13:21.5881280+08:00, 0, 8.682408, 49.24039, 1, 1, 1, False
24.62974, 2021-06-16T11:13:21.5968260+08:00, 0, 8.682408, 49.24039, 1, 1, 1, False
24.64001, 2021-06-16T11:13:21.6071490+08:00, 0, 8.682408, 49.24039, 1, 1, 1, False
24.69536, 2021-06-16T11:13:21.6655980+08:00, 0, 8.682408, 49.24039, 1, 1, 1, False
24.70294, 2021-06-16T11:13:21.6731240+08:00, 0, 8.682408, 49.24039, 1, 1, 1, False
24.71111, 2021-06-16T11:13:21.6873290+08:00, 0, 8.682408, 49.24039, 1, 1, 1, False
24.72711, 2021-06-16T11:13:21.6942310+08:00, 0, 8.682408, 49.24039, 1, 1, 1, False
24.73093, 2021-06-16T11:13:21.6979820+08:00, 0, 8.682408, 49.24039, 1, 1, 1, False
24.73516, 2021-06-16T11:13:21.7022520+08:00, 0, 8.682408, 49.24039, 1, 1, 1, False
24.7435, 2021-06-16T11:13:21.7107140+08:00, 0, 8.682408, 49.24039, 1, 1, 1, False
24.75106, 2021-06-16T11:13:21.7181320+08:00, 0, 8.682408, 49.24039, 1, 1, 1, False
24.75513, 2021-06-16T11:13:21.7222760+08:00, 0, 8.682408, 49.24039, 1, 1, 1, False
24.76308, 2021-06-16T11:13:21.7302130+08:00, 0, 8.682408, 49.24039, 1, 1, 1, False
24.77172, 2021-06-16T11:13:21.7389000+08:00, 0, 8.682408, 49.24039, 1, 1, 1, False
24.78187, 2021-06-16T11:13:21.7490080+08:00, 0, 8.682408, 49.24039, 1, 1, 1, False
24.79153, 2021-06-16T11:13:21.7586230+08:00, 0, 8.682408, 49.24039, 1, 1, 1, False
24.80132, 2021-06-16T11:13:21.7684630+08:00, 0, 8.682408, 49.24039, 1, 1, 1, False
24.81024, 2021-06-16T11:13:21.7773280+08:00, 0, 8.682408, 49.24039, 1, 1, 1, False
24.82058, 2021-06-16T11:13:21.7877310+08:00, 0, 8.682408, 49.24039, 1, 1, 1, False
24.82985, 2021-06-16T11:13:21.7969270+08:00, 0, 8.682408, 49.24039, 1, 1, 1, False
24.83971, 2021-06-16T11:13:21.8068000+08:00, 0, 8.682408, 49.24039, 1, 1, 1, False
24.84979, 2021-06-16T11:13:21.8169710+08:00, 0, 8.682408, 49.24039, 1, 1, 1, False
24.85849, 2021-06-16T11:13:21.8255770+08:00, 0, 8.682408, 49.24039, 1, 1, 1, False
24.86897, 2021-06-16T11:13:21.8361060+08:00, 0, 8.682408, 49.24039, 1, 1, 1, False
24.87762, 2021-06-16T11:13:21.8446930+08:00, 0, 8.682408, 49.24039, 1, 1, 1, False
24.88722, 2021-06-16T11:13:21.8543470+08:00, 0, 8.682408, 49.24039, 1, 1, 1, False
24.89722, 2021-06-16T11:13:21.8643300+08:00, 0, 8.682408, 49.24039, 1, 1, 1, False
24.90602, 2021-06-16T11:13:21.8732060+08:00, 0, 8.682408, 49.24039, 1, 1, 1, False
24.91689, 2021-06-16T11:13:21.8839820+08:00, 0, 8.682408, 49.24039, 1, 1, 1, False
24.92581, 2021-06-16T11:13:21.8929450+08:00, 0, 8.682408, 49.24039, 1, 1, 1, False
24.93616, 2021-06-16T11:13:21.9032530+08:00, 0, 8.682408, 49.24039, 1, 1, 1, False
24.94549, 2021-06-16T11:13:21.9126170+08:00, 0, 8.682408, 49.24039, 1, 1, 1, False
24.95503, 2021-06-16T11:13:21.9221300+08:00, 0, 8.682408, 49.24039, 1, 1, 1, False
24.96519, 2021-06-16T11:13:21.9323580+08:00, 0, 8.682408, 49.24039, 1, 1, 1, False
25.01203, 2021-06-16T11:13:21.9791800+08:00, 0, 8.682408, 49.24039, 1, 1, 1, False
25.01942, 2021-06-16T11:13:21.9865380+08:00, 0, 8.682408, 49.24039, 1, 1, 1, False
25.02701, 2021-06-16T11:13:21.9941650+08:00, 0, 8.682408, 49.24039, 1, 1, 1, False
25.03514, 2021-06-16T11:13:22.0023520+08:00, 0, 8.682408, 49.24039, 1, 1, 1, False
25.04314, 2021-06-16T11:13:22.0102580+08:00, 0, 8.682408, 49.24039, 1, 1, 1, False
25.04719, 2021-06-16T11:13:22.0142600+08:00, 0, 8.682408, 49.24039, 1, 1, 1, False
25.05535, 2021-06-16T11:13:22.0224230+08:00, 0, 8.682408, 49.24039, 1, 1, 1, False
25.06309, 2021-06-16T11:13:22.0302650+08:00, 0, 8.682408, 49.24039, 1, 1, 1, False
25.07114, 2021-06-16T11:13:22.0382260+08:00, 0, 8.682408, 49.24039, 1, 1, 1, False
25.07527, 2021-06-16T11:13:22.0424560+08:00, 0, 8.682408, 49.24039, 1, 1, 1, False
25.08347, 2021-06-16T11:13:22.0506030+08:00, 0, 8.682408, 49.24039, 1, 1, 1, False
25.09413, 2021-06-16T11:13:22.0613100+08:00, 0, 8.682408, 49.24039, 1, 1, 1, False
25.10305, 2021-06-16T11:13:22.0701710+08:00, 0, 8.682408, 49.24039, 1, 1, 1, False
25.11256, 2021-06-16T11:13:22.0796610+08:00, 0, 8.682408, 49.24039, 1, 1, 1, False
25.12228, 2021-06-16T11:13:22.0894120+08:00, 0, 8.682408, 49.24039, 1, 1, 1, False
25.13262, 2021-06-16T11:13:22.0997140+08:00, 0, 8.682408, 49.24039, 1, 1, 1, False
25.14149, 2021-06-16T11:13:22.1086160+08:00, 0, 8.682408, 49.24039, 1, 1, 1, False
25.15166, 2021-06-16T11:13:22.1187680+08:00, 0, 8.682408, 49.24039, 1, 1, 1, False
25.16092, 2021-06-16T11:13:22.1280890+08:00, 0, 8.682408, 49.24039, 1, 1, 1, False
25.17077, 2021-06-16T11:13:22.1378570+08:00, 0, 8.682408, 49.24039, 1, 1, 1, False
25.17971, 2021-06-16T11:13:22.1468060+08:00, 0, 8.682408, 49.24039, 1, 1, 1, False
25.19013, 2021-06-16T11:13:22.1572480+08:00, 0, 8.682408, 49.24039, 1, 1, 1, False
25.19886, 2021-06-16T11:13:22.1659400+08:00, 0, 8.682408, 49.24039, 1, 1, 1, False
25.20877, 2021-06-16T11:13:22.1759390+08:00, 0, 8.682408, 49.24039, 1, 1, 1, False
25.21889, 2021-06-16T11:13:22.1859820+08:00, 0, 8.682408, 49.24039, 1, 1, 1, False
25.22763, 2021-06-16T11:13:22.1947740+08:00, 0, 8.682408, 49.24039, 1, 1, 1, False
25.23708, 2021-06-16T11:13:22.2041830+08:00, 0, 8.682408, 49.24039, 1, 1, 1, False
25.24734, 2021-06-16T11:13:22.2144410+08:00, 0, 8.682408, 49.24039, 1, 1, 1, False
25.25665, 2021-06-16T11:13:22.2237420+08:00, 0, 8.682408, 49.24039, 1, 1, 1, False
25.26683, 2021-06-16T11:13:22.2339870+08:00, 0, 8.682408, 49.24039, 1, 1, 1, False
25.27574, 2021-06-16T11:13:22.2428100+08:00, 0, 8.682408, 49.24039, 1, 1, 1, False
25.32745, 2021-06-16T11:13:22.2946120+08:00, 0, 8.682408, 49.24039, 1, 1, 1, False
25.33534, 2021-06-16T11:13:22.3024170+08:00, 0, 8.682408, 49.24039, 1, 1, 1, False
25.33907, 2021-06-16T11:13:22.3061460+08:00, 0, 8.682408, 49.24039, 1, 1, 1, False
25.34321, 2021-06-16T11:13:22.3104660+08:00, 0, 8.682408, 49.24039, 1, 1, 1, False
25.34699, 2021-06-16T11:13:22.3140550+08:00, 0, 8.682408, 49.24039, 1, 1, 1, False
25.35119, 2021-06-16T11:13:22.3182760+08:00, 0, 8.682408, 49.24039, 1, 1, 1, False
25.35931, 2021-06-16T11:13:22.3264200+08:00, 0, 8.682408, 49.24039, 1, 1, 1, False
25.36978, 2021-06-16T11:13:22.3369200+08:00, 0, 8.682408, 49.24039, 1, 1, 1, False
25.37855, 2021-06-16T11:13:22.3456840+08:00, 0, 8.682408, 49.24039, 1, 1, 1, False
25.38813, 2021-06-16T11:13:22.3554280+08:00, 0, 8.682408, 49.24039, 1, 1, 1, False
25.39881, 2021-06-16T11:13:22.3659080+08:00, 0, 8.682408, 49.24039, 1, 1, 1, False
25.40781, 2021-06-16T11:13:22.3750040+08:00, 0, 8.682408, 49.24039, 1, 1, 1, False
25.41756, 2021-06-16T11:13:22.3846670+08:00, 0, 8.682408, 49.24039, 1, 1, 1, False
25.42797, 2021-06-16T11:13:22.3954330+08:00, 0, 8.682408, 49.24039, 1, 1, 1, False
25.43722, 2021-06-16T11:13:22.4043150+08:00, 0, 8.682408, 49.24039, 1, 1, 1, False
25.44711, 2021-06-16T11:13:22.4143710+08:00, 0, 8.682408, 49.24039, 1, 1, 1, False
25.45606, 2021-06-16T11:13:22.4231440+08:00, 0, 8.682408, 49.24039, 1, 1, 1, False
25.46663, 2021-06-16T11:13:22.4337660+08:00, 0, 8.682408, 49.24039, 1, 1, 1, False
25.47538, 2021-06-16T11:13:22.4424640+08:00, 0, 8.682408, 49.24039, 1, 1, 1, False
25.48559, 2021-06-16T11:13:22.4527280+08:00, 0, 8.682408, 49.24039, 1, 1, 1, False
25.49487, 2021-06-16T11:13:22.4619600+08:00, 0, 8.682408, 49.24039, 1, 1, 1, False
25.50391, 2021-06-16T11:13:22.4710350+08:00, 0, 8.682408, 49.24039, 1, 1, 1, False
25.51426, 2021-06-16T11:13:22.4813500+08:00, 0, 8.682408, 49.24039, 1, 1, 1, False
25.52305, 2021-06-16T11:13:22.4901680+08:00, 0, 8.682408, 49.24039, 1, 1, 1, False
25.53392, 2021-06-16T11:13:22.5010180+08:00, 0, 8.682408, 49.24039, 1, 1, 1, False
25.54262, 2021-06-16T11:13:22.5097460+08:00, 0, 8.682408, 49.24039, 1, 1, 1, False
25.55204, 2021-06-16T11:13:22.5191270+08:00, 0, 8.682408, 49.24039, 1, 1, 1, False
25.56177, 2021-06-16T11:13:22.5289330+08:00, 0, 8.682408, 49.24039, 1, 1, 1, False
25.5717, 2021-06-16T11:13:22.5387950+08:00, 0, 8.682408, 49.24039, 1, 1, 1, False
25.58137, 2021-06-16T11:13:22.5485020+08:00, 0, 8.682408, 49.24039, 1, 1, 1, False
25.59033, 2021-06-16T11:13:22.5574230+08:00, 0, 8.682408, 49.24039, 1, 1, 1, False
25.63942, 2021-06-16T11:13:22.6065360+08:00, 0, 8.682408, 49.24039, 1, 1, 1, False
25.64332, 2021-06-16T11:13:22.6104870+08:00, 0, 8.682408, 49.24039, 1, 1, 1, False
25.65132, 2021-06-16T11:13:22.6184070+08:00, 0, 8.682408, 49.24039, 1, 1, 1, False
25.65904, 2021-06-16T11:13:22.6261170+08:00, 0, 8.682408, 49.24039, 1, 1, 1, False
25.66753, 2021-06-16T11:13:22.6347580+08:00, 0, 8.682408, 49.24039, 1, 1, 1, False
25.67526, 2021-06-16T11:13:22.6423470+08:00, 0, 8.682408, 49.24039, 1, 1, 1, False
25.67928, 2021-06-16T11:13:22.6463540+08:00, 0, 8.682408, 49.24039, 1, 1, 1, False
25.68304, 2021-06-16T11:13:22.6501450+08:00, 0, 8.682408, 49.24039, 1, 1, 1, False
25.69143, 2021-06-16T11:13:22.6585260+08:00, 0, 8.682408, 49.24039, 1, 1, 1, False
25.70201, 2021-06-16T11:13:22.6691840+08:00, 0, 8.682408, 49.24039, 1, 1, 1, False
25.71147, 2021-06-16T11:13:22.6786680+08:00, 0, 8.682408, 49.24039, 1, 1, 1, False
25.72039, 2021-06-16T11:13:22.6874980+08:00, 0, 8.682408, 49.24039, 1, 1, 1, False
25.73088, 2021-06-16T11:13:22.6980310+08:00, 0, 8.682408, 49.24039, 1, 1, 1, False
25.73966, 2021-06-16T11:13:22.7067460+08:00, 0, 8.682408, 49.24039, 1, 1, 1, False
25.74901, 2021-06-16T11:13:22.7161360+08:00, 0, 8.682408, 49.24039, 1, 1, 1, False
25.75849, 2021-06-16T11:13:22.7255810+08:00, 0, 8.682408, 49.24039, 1, 1, 1, False
25.76925, 2021-06-16T11:13:22.7364110+08:00, 0, 8.682408, 49.24039, 1, 1, 1, False
25.77807, 2021-06-16T11:13:22.7451540+08:00, 0, 8.682408, 49.24039, 1, 1, 1, False
25.78783, 2021-06-16T11:13:22.7550000+08:00, 0, 8.682408, 49.24039, 1, 1, 1, False
25.798, 2021-06-16T11:13:22.7650890+08:00, 0, 8.682408, 49.24039, 1, 1, 1, False
25.8068, 2021-06-16T11:13:22.7739210+08:00, 0, 8.682408, 49.24039, 1, 1, 1, False
25.81724, 2021-06-16T11:13:22.7843430+08:00, 0, 8.682408, 49.24039, 1, 1, 1, False
25.82711, 2021-06-16T11:13:22.7942460+08:00, 0, 8.682408, 49.24039, 1, 1, 1, False
25.8375, 2021-06-16T11:13:22.8045830+08:00, 0, 8.682408, 49.24039, 1, 1, 1, False
25.84626, 2021-06-16T11:13:22.8133870+08:00, 0, 8.682408, 49.24039, 1, 1, 1, False
25.85656, 2021-06-16T11:13:22.8236650+08:00, 0, 8.682408, 49.24039, 1, 1, 1, False
25.86625, 2021-06-16T11:13:22.8333880+08:00, 0, 8.682408, 49.24039, 1, 1, 1, False
25.87517, 2021-06-16T11:13:22.8422410+08:00, 0, 8.682408, 49.24039, 1, 1, 1, False
25.88569, 2021-06-16T11:13:22.8528450+08:00, 0, 8.682408, 49.24039, 1, 1, 1, False
25.89456, 2021-06-16T11:13:22.8616450+08:00, 0, 8.682408, 49.24039, 1, 1, 1, False
25.90436, 2021-06-16T11:13:22.8715030+08:00, 0, 8.682408, 49.24039, 1, 1, 1, False
25.95167, 2021-06-16T11:13:22.9188200+08:00, 0, 8.682408, 49.24039, 1, 1, 1, False
25.95919, 2021-06-16T11:13:22.9262640+08:00, 0, 8.682408, 49.24039, 1, 1, 1, False
25.96327, 2021-06-16T11:13:22.9304010+08:00, 0, 8.682408, 49.24039, 1, 1, 1, False
25.96706, 2021-06-16T11:13:22.9341370+08:00, 0, 8.682408, 49.24039, 1, 1, 1, False
25.97544, 2021-06-16T11:13:22.9425220+08:00, 0, 8.682408, 49.24039, 1, 1, 1, False
25.98335, 2021-06-16T11:13:22.9504770+08:00, 0, 8.682408, 49.24039, 1, 1, 1, False
25.99106, 2021-06-16T11:13:22.9581280+08:00, 0, 8.682408, 49.24039, 1, 1, 1, False
25.99542, 2021-06-16T11:13:22.9624960+08:00, 0, 8.682408, 49.24039, 1, 1, 1, False
26.00219, 2021-06-16T11:13:22.9693290+08:00, 0, 8.682408, 49.24039, 1, 1, 1, False
26.01274, 2021-06-16T11:13:22.9799130+08:00, 0, 8.682408, 49.24039, 1, 1, 1, False
26.02355, 2021-06-16T11:13:22.9908110+08:00, 0, 8.682408, 49.24039, 1, 1, 1, False
26.03274, 2021-06-16T11:13:22.9998270+08:00, 0, 8.682408, 49.24039, 1, 1, 1, False
26.04263, 2021-06-16T11:13:23.0097670+08:00, 0, 8.682408, 49.24039, 1, 1, 1, False
26.05246, 2021-06-16T11:13:23.0195570+08:00, 0, 8.682408, 49.24039, 1, 1, 1, False
26.06158, 2021-06-16T11:13:23.0287090+08:00, 0, 8.682408, 49.24039, 1, 1, 1, False
26.07179, 2021-06-16T11:13:23.0389420+08:00, 0, 8.682408, 49.24039, 1, 1, 1, False
26.08065, 2021-06-16T11:13:23.0477770+08:00, 0, 8.682408, 49.24039, 1, 1, 1, False
26.0909, 2021-06-16T11:13:23.0579960+08:00, 0, 8.682408, 49.24039, 1, 1, 1, False
26.10084, 2021-06-16T11:13:23.0679730+08:00, 0, 8.682408, 49.24039, 1, 1, 1, False
26.10959, 2021-06-16T11:13:23.0766710+08:00, 0, 8.682408, 49.24039, 1, 1, 1, False
26.12074, 2021-06-16T11:13:23.0879710+08:00, 0, 8.682408, 49.24039, 1, 1, 1, False
26.12971, 2021-06-16T11:13:23.0968060+08:00, 0, 8.682408, 49.24039, 1, 1, 1, False
26.13851, 2021-06-16T11:13:23.1055930+08:00, 0, 8.682408, 49.24039, 1, 1, 1, False
26.1492, 2021-06-16T11:13:23.1163380+08:00, 0, 8.682408, 49.24039, 1, 1, 1, False
26.15824, 2021-06-16T11:13:23.1253240+08:00, 0, 8.682408, 49.24039, 1, 1, 1, False
26.16839, 2021-06-16T11:13:23.1355300+08:00, 0, 8.682408, 49.24039, 1, 1, 1, False
26.17736, 2021-06-16T11:13:23.1444500+08:00, 0, 8.682408, 49.24039, 1, 1, 1, False
26.18748, 2021-06-16T11:13:23.1546140+08:00, 0, 8.682408, 49.24039, 1, 1, 1, False
26.19731, 2021-06-16T11:13:23.1643930+08:00, 0, 8.682408, 49.24039, 1, 1, 1, False
26.20621, 2021-06-16T11:13:23.1733560+08:00, 0, 8.682408, 49.24039, 1, 1, 1, False
26.21597, 2021-06-16T11:13:23.1830420+08:00, 0, 8.682408, 49.24039, 1, 1, 1, False
26.26329, 2021-06-16T11:13:23.2304700+08:00, 0, 8.682408, 49.24039, 1, 1, 1, False
26.27131, 2021-06-16T11:13:23.2383910+08:00, 0, 8.682408, 49.24039, 1, 1, 1, False
26.27528, 2021-06-16T11:13:23.2423630+08:00, 0, 8.682408, 49.24039, 1, 1, 1, False
26.28332, 2021-06-16T11:13:23.2504360+08:00, 0, 8.682408, 49.24039, 1, 1, 1, False
26.29156, 2021-06-16T11:13:23.2586490+08:00, 0, 8.682408, 49.24039, 1, 1, 1, False
26.29922, 2021-06-16T11:13:23.2663180+08:00, 0, 8.682408, 49.24039, 1, 1, 1, False
26.30717, 2021-06-16T11:13:23.2742960+08:00, 0, 8.682408, 49.24039, 1, 1, 1, False
26.31507, 2021-06-16T11:13:23.2822110+08:00, 0, 8.682408, 49.24039, 1, 1, 1, False
26.31925, 2021-06-16T11:13:23.2863140+08:00, 0, 8.682408, 49.24039, 1, 1, 1, False
26.32427, 2021-06-16T11:13:23.2914850+08:00, 0, 8.682408, 49.24039, 1, 1, 1, False
26.33506, 2021-06-16T11:13:23.3021560+08:00, 0, 8.682408, 49.24039, 1, 1, 1, False
26.34392, 2021-06-16T11:13:23.3111240+08:00, 0, 8.682408, 49.24039, 1, 1, 1, False
26.35367, 2021-06-16T11:13:23.3207620+08:00, 0, 8.682408, 49.24039, 1, 1, 1, False
26.36268, 2021-06-16T11:13:23.3298350+08:00, 0, 8.682408, 49.24039, 1, 1, 1, False
26.37316, 2021-06-16T11:13:23.3402500+08:00, 0, 8.682408, 49.24039, 1, 1, 1, False
26.38299, 2021-06-16T11:13:23.3501250+08:00, 0, 8.682408, 49.24039, 1, 1, 1, False
26.39224, 2021-06-16T11:13:23.3593770+08:00, 0, 8.682408, 49.24039, 1, 1, 1, False
26.40181, 2021-06-16T11:13:23.3689360+08:00, 0, 8.682408, 49.24039, 1, 1, 1, False
26.41057, 2021-06-16T11:13:23.3776540+08:00, 0, 8.682408, 49.24039, 1, 1, 1, False
26.42062, 2021-06-16T11:13:23.3877640+08:00, 0, 8.682408, 49.24039, 1, 1, 1, False
26.43124, 2021-06-16T11:13:23.3983370+08:00, 0, 8.682408, 49.24039, 1, 1, 1, False
26.44007, 2021-06-16T11:13:23.4071970+08:00, 0, 8.682408, 49.24039, 1, 1, 1, False
26.45001, 2021-06-16T11:13:23.4171160+08:00, 0, 8.682408, 49.24039, 1, 1, 1, False
26.45943, 2021-06-16T11:13:23.4265310+08:00, 0, 8.682408, 49.24039, 1, 1, 1, False
26.46832, 2021-06-16T11:13:23.4354470+08:00, 0, 8.682408, 49.24039, 1, 1, 1, False
26.47973, 2021-06-16T11:13:23.4469330+08:00, 0, 8.682408, 49.24039, 1, 1, 1, False
26.48947, 2021-06-16T11:13:23.4566440+08:00, 0, 8.682408, 49.24039, 1, 1, 1, False
26.49886, 2021-06-16T11:13:23.4659560+08:00, 0, 8.682408, 49.24039, 1, 1, 1, False
26.50824, 2021-06-16T11:13:23.4753810+08:00, 0, 8.682408, 49.24039, 1, 1, 1, False
26.51747, 2021-06-16T11:13:23.4845660+08:00, 0, 8.682408, 49.24039, 1, 1, 1, False
26.52759, 2021-06-16T11:13:23.4947330+08:00, 0, 8.682408, 49.24039, 1, 1, 1, False
26.57553, 2021-06-16T11:13:23.5427200+08:00, 0, 8.682408, 49.24039, 1, 1, 1, False
26.58348, 2021-06-16T11:13:23.5506400+08:00, 0, 8.682408, 49.24039, 1, 1, 1, False
26.59169, 2021-06-16T11:13:23.5589370+08:00, 0, 8.682408, 49.24039, 1, 1, 1, False
26.5993, 2021-06-16T11:13:23.5663800+08:00, 0, 8.682408, 49.24039, 1, 1, 1, False
26.60713, 2021-06-16T11:13:23.5742560+08:00, 0, 8.682408, 49.24039, 1, 1, 1, False
26.61531, 2021-06-16T11:13:23.5824530+08:00, 0, 8.682408, 49.24039, 1, 1, 1, False
26.62341, 2021-06-16T11:13:23.5906320+08:00, 0, 8.682408, 49.24039, 1, 1, 1, False
26.6312, 2021-06-16T11:13:23.5982800+08:00, 0, 8.682408, 49.24039, 1, 1, 1, False
26.6395, 2021-06-16T11:13:23.6066920+08:00, 0, 8.682408, 49.24039, 1, 1, 1, False
26.6473, 2021-06-16T11:13:23.6144210+08:00, 0, 8.682408, 49.24039, 1, 1, 1, False
26.6557, 2021-06-16T11:13:23.6228450+08:00, 0, 8.682408, 49.24039, 1, 1, 1, False
26.66306, 2021-06-16T11:13:23.6301800+08:00, 0, 8.682408, 49.24039, 1, 1, 1, False
26.66732, 2021-06-16T11:13:23.6344260+08:00, 0, 8.682408, 49.24039, 1, 1, 1, False
26.67659, 2021-06-16T11:13:23.6437000+08:00, 0, 8.682408, 49.24039, 1, 1, 1, False
26.68667, 2021-06-16T11:13:23.6538140+08:00, 0, 8.682408, 49.24039, 1, 1, 1, False
26.69608, 2021-06-16T11:13:23.6631840+08:00, 0, 8.682408, 49.24039, 1, 1, 1, False
26.70535, 2021-06-16T11:13:23.6724910+08:00, 0, 8.682408, 49.24039, 1, 1, 1, False
26.71476, 2021-06-16T11:13:23.6818460+08:00, 0, 8.682408, 49.24039, 1, 1, 1, False
26.72503, 2021-06-16T11:13:23.6921610+08:00, 0, 8.682408, 49.24039, 1, 1, 1, False
26.7352, 2021-06-16T11:13:23.7023050+08:00, 0, 8.682408, 49.24039, 1, 1, 1, False
26.74398, 2021-06-16T11:13:23.7111030+08:00, 0, 8.682408, 49.24039, 1, 1, 1, False
26.75384, 2021-06-16T11:13:23.7209650+08:00, 0, 8.682408, 49.24039, 1, 1, 1, False
26.7639, 2021-06-16T11:13:23.7310590+08:00, 0, 8.682408, 49.24039, 1, 1, 1, False
26.77309, 2021-06-16T11:13:23.7402210+08:00, 0, 8.682408, 49.24039, 1, 1, 1, False
26.78415, 2021-06-16T11:13:23.7513110+08:00, 0, 8.682408, 49.24039, 1, 1, 1, False
26.79321, 2021-06-16T11:13:23.7603190+08:00, 0, 8.682408, 49.24039, 1, 1, 1, False
26.80396, 2021-06-16T11:13:23.7711130+08:00, 0, 8.682408, 49.24039, 1, 1, 1, False
26.8129, 2021-06-16T11:13:23.7800410+08:00, 0, 8.682408, 49.24039, 1, 1, 1, False
26.82301, 2021-06-16T11:13:23.7902450+08:00, 0, 8.682408, 49.24039, 1, 1, 1, False
26.83328, 2021-06-16T11:13:23.8003950+08:00, 0, 8.682408, 49.24039, 1, 1, 1, False
26.84207, 2021-06-16T11:13:23.8093000+08:00, 0, 8.682408, 49.24039, 1, 1, 1, False
26.89533, 2021-06-16T11:13:23.8625120+08:00, 0, 8.682408, 49.24039, 1, 1, 1, False
26.90324, 2021-06-16T11:13:23.8703660+08:00, 0, 8.682408, 49.24039, 1, 1, 1, False
26.91201, 2021-06-16T11:13:23.8791210+08:00, 0, 8.682408, 49.24039, 1, 1, 1, False
26.91912, 2021-06-16T11:13:23.8861950+08:00, 0, 8.682408, 49.24039, 1, 1, 1, False
26.92764, 2021-06-16T11:13:23.8948780+08:00, 0, 8.682408, 49.24039, 1, 1, 1, False
26.93498, 2021-06-16T11:13:23.9020730+08:00, 0, 8.682408, 49.24039, 1, 1, 1, False
26.93941, 2021-06-16T11:13:23.9064910+08:00, 0, 8.682408, 49.24039, 1, 1, 1, False
26.94317, 2021-06-16T11:13:23.9103550+08:00, 0, 8.682408, 49.24039, 1, 1, 1, False
26.94706, 2021-06-16T11:13:23.9141330+08:00, 0, 8.682408, 49.24039, 1, 1, 1, False
26.95847, 2021-06-16T11:13:23.9256620+08:00, 0, 8.682408, 49.24039, 1, 1, 1, False
26.96802, 2021-06-16T11:13:23.9351550+08:00, 0, 8.682408, 49.24039, 1, 1, 1, False
26.97686, 2021-06-16T11:13:23.9440180+08:00, 0, 8.682408, 49.24039, 1, 1, 1, False
26.9874, 2021-06-16T11:13:23.9545680+08:00, 0, 8.682408, 49.24039, 1, 1, 1, False
26.99623, 2021-06-16T11:13:23.9633330+08:00, 0, 8.682408, 49.24039, 1, 1, 1, False
27.00673, 2021-06-16T11:13:23.9738720+08:00, 0, 8.682408, 49.24039, 1, 1, 1, False
27.016, 2021-06-16T11:13:23.9830970+08:00, 0, 8.682408, 49.24039, 1, 1, 1, False
27.0253, 2021-06-16T11:13:23.9924410+08:00, 0, 8.682408, 49.24039, 1, 1, 1, False
27.03508, 2021-06-16T11:13:24.0021840+08:00, 0, 8.682408, 49.24039, 1, 1, 1, False
27.04396, 2021-06-16T11:13:24.0111590+08:00, 0, 8.682408, 49.24039, 1, 1, 1, False
27.05402, 2021-06-16T11:13:24.0211180+08:00, 0, 8.682408, 49.24039, 1, 1, 1, False
27.06324, 2021-06-16T11:13:24.0303760+08:00, 0, 8.682408, 49.24039, 1, 1, 1, False
27.07357, 2021-06-16T11:13:24.0406590+08:00, 0, 8.682408, 49.24039, 1, 1, 1, False
27.08347, 2021-06-16T11:13:24.0505990+08:00, 0, 8.682408, 49.24039, 1, 1, 1, False
27.09254, 2021-06-16T11:13:24.0596170+08:00, 0, 8.682408, 49.24039, 1, 1, 1, False
27.10345, 2021-06-16T11:13:24.0705990+08:00, 0, 8.682408, 49.24039, 1, 1, 1, False
27.11266, 2021-06-16T11:13:24.0797410+08:00, 0, 8.682408, 49.24039, 1, 1, 1, False
27.12253, 2021-06-16T11:13:24.0898340+08:00, 0, 8.682408, 49.24039, 1, 1, 1, False
27.132, 2021-06-16T11:13:24.0991240+08:00, 0, 8.682408, 49.24039, 1, 1, 1, False
27.14219, 2021-06-16T11:13:24.1093340+08:00, 0, 8.682408, 49.24039, 1, 1, 1, False
27.15258, 2021-06-16T11:13:24.1197180+08:00, 0, 8.682408, 49.24039, 1, 1, 1, False
27.16208, 2021-06-16T11:13:24.1292280+08:00, 0, 8.682408, 49.24039, 1, 1, 1, False
27.21178, 2021-06-16T11:13:24.1789410+08:00, 0, 8.682408, 49.24039, 1, 1, 1, False
27.21906, 2021-06-16T11:13:24.1861520+08:00, 0, 8.682408, 49.24039, 1, 1, 1, False
27.22306, 2021-06-16T11:13:24.1902160+08:00, 0, 8.682408, 49.24039, 1, 1, 1, False
27.23123, 2021-06-16T11:13:24.1983120+08:00, 0, 8.682408, 49.24039, 1, 1, 1, False
27.23947, 2021-06-16T11:13:24.2066030+08:00, 0, 8.682408, 49.24039, 1, 1, 1, False
27.24338, 2021-06-16T11:13:24.2105020+08:00, 0, 8.682408, 49.24039, 1, 1, 1, False
27.25116, 2021-06-16T11:13:24.2182570+08:00, 0, 8.682408, 49.24039, 1, 1, 1, False
27.25941, 2021-06-16T11:13:24.2264950+08:00, 0, 8.682408, 49.24039, 1, 1, 1, False
27.26738, 2021-06-16T11:13:24.2345210+08:00, 0, 8.682408, 49.24039, 1, 1, 1, False
27.27322, 2021-06-16T11:13:24.2404390+08:00, 0, 8.682408, 49.24039, 1, 1, 1, False
27.28288, 2021-06-16T11:13:24.2500340+08:00, 0, 8.682408, 49.24039, 1, 1, 1, False
27.29278, 2021-06-16T11:13:24.2599080+08:00, 0, 8.682408, 49.24039, 1, 1, 1, False
27.30199, 2021-06-16T11:13:24.2691270+08:00, 0, 8.682408, 49.24039, 1, 1, 1, False
27.31151, 2021-06-16T11:13:24.2786210+08:00, 0, 8.682408, 49.24039, 1, 1, 1, False
27.32158, 2021-06-16T11:13:24.2887180+08:00, 0, 8.682408, 49.24039, 1, 1, 1, False
27.33032, 2021-06-16T11:13:24.2974070+08:00, 0, 8.682408, 49.24039, 1, 1, 1, False
27.34081, 2021-06-16T11:13:24.3079670+08:00, 0, 8.682408, 49.24039, 1, 1, 1, False
27.35008, 2021-06-16T11:13:24.3171710+08:00, 0, 8.682408, 49.24039, 1, 1, 1, False
27.35893, 2021-06-16T11:13:24.3260110+08:00, 0, 8.682408, 49.24039, 1, 1, 1, False
27.36917, 2021-06-16T11:13:24.3363470+08:00, 0, 8.682408, 49.24039, 1, 1, 1, False
27.37846, 2021-06-16T11:13:24.3455550+08:00, 0, 8.682408, 49.24039, 1, 1, 1, False
27.38893, 2021-06-16T11:13:24.3560690+08:00, 0, 8.682408, 49.24039, 1, 1, 1, False
27.39829, 2021-06-16T11:13:24.3653680+08:00, 0, 8.682408, 49.24039, 1, 1, 1, False
27.40816, 2021-06-16T11:13:24.3753580+08:00, 0, 8.682408, 49.24039, 1, 1, 1, False
27.41826, 2021-06-16T11:13:24.3853340+08:00, 0, 8.682408, 49.24039, 1, 1, 1, False
27.4271, 2021-06-16T11:13:24.3942330+08:00, 0, 8.682408, 49.24039, 1, 1, 1, False
27.43773, 2021-06-16T11:13:24.4048470+08:00, 0, 8.682408, 49.24039, 1, 1, 1, False
27.44662, 2021-06-16T11:13:24.4137510+08:00, 0, 8.682408, 49.24039, 1, 1, 1, False
27.45664, 2021-06-16T11:13:24.4237450+08:00, 0, 8.682408, 49.24039, 1, 1, 1, False
27.46606, 2021-06-16T11:13:24.4332170+08:00, 0, 8.682408, 49.24039, 1, 1, 1, False
27.4758, 2021-06-16T11:13:24.4428910+08:00, 0, 8.682408, 49.24039, 1, 1, 1, False
27.52347, 2021-06-16T11:13:24.4906060+08:00, 0, 8.682408, 49.24039, 1, 1, 1, False
27.52726, 2021-06-16T11:13:24.4943380+08:00, 0, 8.682408, 49.24039, 1, 1, 1, False
27.5312, 2021-06-16T11:13:24.4982660+08:00, 0, 8.682408, 49.24039, 1, 1, 1, False
27.53499, 2021-06-16T11:13:24.5020770+08:00, 0, 8.682408, 49.24039, 1, 1, 1, False
27.53896, 2021-06-16T11:13:24.5060360+08:00, 0, 8.682408, 49.24039, 1, 1, 1, False
27.54652, 2021-06-16T11:13:24.5136460+08:00, 0, 8.682408, 49.24039, 1, 1, 1, False
27.55544, 2021-06-16T11:13:24.5225530+08:00, 0, 8.682408, 49.24039, 1, 1, 1, False
27.56538, 2021-06-16T11:13:24.5325220+08:00, 0, 8.682408, 49.24039, 1, 1, 1, False
27.57471, 2021-06-16T11:13:24.5418550+08:00, 0, 8.682408, 49.24039, 1, 1, 1, False
27.58371, 2021-06-16T11:13:24.5508250+08:00, 0, 8.682408, 49.24039, 1, 1, 1, False
27.59397, 2021-06-16T11:13:24.5611800+08:00, 0, 8.682408, 49.24039, 1, 1, 1, False
27.6051, 2021-06-16T11:13:24.5722920+08:00, 0, 8.682408, 49.24039, 1, 1, 1, False
27.61477, 2021-06-16T11:13:24.5819120+08:00, 0, 8.682408, 49.24039, 1, 1, 1, False
27.62413, 2021-06-16T11:13:24.5912520+08:00, 0, 8.682408, 49.24039, 1, 1, 1, False
27.63413, 2021-06-16T11:13:24.6012810+08:00, 0, 8.682408, 49.24039, 1, 1, 1, False
27.64305, 2021-06-16T11:13:24.6102030+08:00, 0, 8.682408, 49.24039, 1, 1, 1, False
27.6536, 2021-06-16T11:13:24.6206990+08:00, 0, 8.682408, 49.24039, 1, 1, 1, False
27.66262, 2021-06-16T11:13:24.6297570+08:00, 0, 8.682408, 49.24039, 1, 1, 1, False
27.6734, 2021-06-16T11:13:24.6404960+08:00, 0, 8.682408, 49.24039, 1, 1, 1, False
27.682, 2021-06-16T11:13:24.6491380+08:00, 0, 8.682408, 49.24039, 1, 1, 1, False
27.69158, 2021-06-16T11:13:24.6586700+08:00, 0, 8.682408, 49.24039, 1, 1, 1, False
27.70278, 2021-06-16T11:13:24.6699340+08:00, 0, 8.682408, 49.24039, 1, 1, 1, False
27.71164, 2021-06-16T11:13:24.6787350+08:00, 0, 8.682408, 49.24039, 1, 1, 1, False
27.72133, 2021-06-16T11:13:24.6918040+08:00, 0, 8.682408, 49.24039, 1, 1, 1, False
27.73221, 2021-06-16T11:13:24.7023920+08:00, 0, 8.682408, 49.24039, 1, 1, 1, False
27.74341, 2021-06-16T11:13:24.7193930+08:00, 0, 8.682408, 49.24039, 1, 1, 1, False
27.75934, 2021-06-16T11:13:24.7264500+08:00, 0, 8.682408, 49.24039, 1, 1, 1, False
27.76714, 2021-06-16T11:13:24.7342420+08:00, 0, 8.682408, 49.24039, 1, 1, 1, False
27.77109, 2021-06-16T11:13:24.7381660+08:00, 0, 8.682408, 49.24039, 1, 1, 1, False
27.77967, 2021-06-16T11:13:24.7467510+08:00, 0, 8.682408, 49.24039, 1, 1, 1, False
27.79049, 2021-06-16T11:13:24.7577570+08:00, 0, 8.682408, 49.24039, 1, 1, 1, False
27.8396, 2021-06-16T11:13:24.8067640+08:00, 0, 8.682408, 49.24039, 1, 1, 1, False
27.84334, 2021-06-16T11:13:24.8104590+08:00, 0, 8.682408, 49.24039, 1, 1, 1, False
27.85155, 2021-06-16T11:13:24.8186470+08:00, 0, 8.682408, 49.24039, 1, 1, 1, False
27.85901, 2021-06-16T11:13:24.8260940+08:00, 0, 8.682408, 49.24039, 1, 1, 1, False
27.86339, 2021-06-16T11:13:24.8305160+08:00, 0, 8.682408, 49.24039, 1, 1, 1, False
27.87137, 2021-06-16T11:13:24.8385620+08:00, 0, 8.682408, 49.24039, 1, 1, 1, False
27.87953, 2021-06-16T11:13:24.8466080+08:00, 0, 8.682408, 49.24039, 1, 1, 1, False
27.88699, 2021-06-16T11:13:24.8541010+08:00, 0, 8.682408, 49.24039, 1, 1, 1, False
27.89125, 2021-06-16T11:13:24.8583230+08:00, 0, 8.682408, 49.24039, 1, 1, 1, False
27.90116, 2021-06-16T11:13:24.8683310+08:00, 0, 8.682408, 49.24039, 1, 1, 1, False
27.91155, 2021-06-16T11:13:24.8787530+08:00, 0, 8.682408, 49.24039, 1, 1, 1, False
27.92066, 2021-06-16T11:13:24.8878270+08:00, 0, 8.682408, 49.24039, 1, 1, 1, False
27.9312, 2021-06-16T11:13:24.8983050+08:00, 0, 8.682408, 49.24039, 1, 1, 1, False
27.93997, 2021-06-16T11:13:24.9070570+08:00, 0, 8.682408, 49.24039, 1, 1, 1, False
27.94943, 2021-06-16T11:13:24.9165800+08:00, 0, 8.682408, 49.24039, 1, 1, 1, False
27.96014, 2021-06-16T11:13:24.9273940+08:00, 0, 8.682408, 49.24039, 1, 1, 1, False
27.97054, 2021-06-16T11:13:24.9376370+08:00, 0, 8.682408, 49.24039, 1, 1, 1, False
27.97974, 2021-06-16T11:13:24.9468380+08:00, 0, 8.682408, 49.24039, 1, 1, 1, False
27.9887, 2021-06-16T11:13:24.9558920+08:00, 0, 8.682408, 49.24039, 1, 1, 1, False
27.99951, 2021-06-16T11:13:24.9666110+08:00, 0, 8.682408, 49.24039, 1, 1, 1, False
28.00855, 2021-06-16T11:13:24.9756750+08:00, 0, 8.682408, 49.24039, 1, 1, 1, False
28.01904, 2021-06-16T11:13:24.9861360+08:00, 0, 8.682408, 49.24039, 1, 1, 1, False
28.0284, 2021-06-16T11:13:24.9955150+08:00, 0, 8.682408, 49.24039, 1, 1, 1, False
28.03835, 2021-06-16T11:13:25.0054150+08:00, 0, 8.682408, 49.24039, 1, 1, 1, False
28.04835, 2021-06-16T11:13:25.0155810+08:00, 0, 8.682408, 49.24039, 1, 1, 1, False
28.05743, 2021-06-16T11:13:25.0245460+08:00, 0, 8.682408, 49.24039, 1, 1, 1, False
28.06792, 2021-06-16T11:13:25.0350570+08:00, 0, 8.682408, 49.24039, 1, 1, 1, False
28.0768, 2021-06-16T11:13:25.0438950+08:00, 0, 8.682408, 49.24039, 1, 1, 1, False
28.08644, 2021-06-16T11:13:25.0535760+08:00, 0, 8.682408, 49.24039, 1, 1, 1, False
28.09663, 2021-06-16T11:13:25.0637550+08:00, 0, 8.682408, 49.24039, 1, 1, 1, False
28.10556, 2021-06-16T11:13:25.0726910+08:00, 0, 8.682408, 49.24039, 1, 1, 1, False
28.15521, 2021-06-16T11:13:25.1223530+08:00, 0, 8.682408, 49.24039, 1, 1, 1, False
28.15907, 2021-06-16T11:13:25.1261360+08:00, 0, 8.682408, 49.24039, 1, 1, 1, False
28.16306, 2021-06-16T11:13:25.1301830+08:00, 0, 8.682408, 49.24039, 1, 1, 1, False
28.16701, 2021-06-16T11:13:25.1340910+08:00, 0, 8.682408, 49.24039, 1, 1, 1, False
28.17106, 2021-06-16T11:13:25.1382160+08:00, 0, 8.682408, 49.24039, 1, 1, 1, False
28.17905, 2021-06-16T11:13:25.1461340+08:00, 0, 8.682408, 49.24039, 1, 1, 1, False
28.18747, 2021-06-16T11:13:25.1545980+08:00, 0, 8.682408, 49.24039, 1, 1, 1, False
28.19682, 2021-06-16T11:13:25.1639150+08:00, 0, 8.682408, 49.24039, 1, 1, 1, False
28.20643, 2021-06-16T11:13:25.1735710+08:00, 0, 8.682408, 49.24039, 1, 1, 1, False
28.21528, 2021-06-16T11:13:25.1824430+08:00, 0, 8.682408, 49.24039, 1, 1, 1, False
28.2257, 2021-06-16T11:13:25.1929480+08:00, 0, 8.682408, 49.24039, 1, 1, 1, False
28.23668, 2021-06-16T11:13:25.2039090+08:00, 0, 8.682408, 49.24039, 1, 1, 1, False
28.24553, 2021-06-16T11:13:25.2127200+08:00, 0, 8.682408, 49.24039, 1, 1, 1, False
28.25565, 2021-06-16T11:13:25.2227550+08:00, 0, 8.682408, 49.24039, 1, 1, 1, False
28.2654, 2021-06-16T11:13:25.2326250+08:00, 0, 8.682408, 49.24039, 1, 1, 1, False
28.27456, 2021-06-16T11:13:25.2417350+08:00, 0, 8.682408, 49.24039, 1, 1, 1, False
28.28494, 2021-06-16T11:13:25.2520730+08:00, 0, 8.682408, 49.24039, 1, 1, 1, False
28.29372, 2021-06-16T11:13:25.2608070+08:00, 0, 8.682408, 49.24039, 1, 1, 1, False
28.30415, 2021-06-16T11:13:25.2713170+08:00, 0, 8.682408, 49.24039, 1, 1, 1, False
28.31409, 2021-06-16T11:13:25.2811850+08:00, 0, 8.682408, 49.24039, 1, 1, 1, False
28.32296, 2021-06-16T11:13:25.2900850+08:00, 0, 8.682408, 49.24039, 1, 1, 1, False
28.33256, 2021-06-16T11:13:25.2996690+08:00, 0, 8.682408, 49.24039, 1, 1, 1, False
28.34293, 2021-06-16T11:13:25.3100760+08:00, 0, 8.682408, 49.24039, 1, 1, 1, False
28.35292, 2021-06-16T11:13:25.3200130+08:00, 0, 8.682408, 49.24039, 1, 1, 1, False
28.36235, 2021-06-16T11:13:25.3294980+08:00, 0, 8.682408, 49.24039, 1, 1, 1, False
28.37129, 2021-06-16T11:13:25.3383760+08:00, 0, 8.682408, 49.24039, 1, 1, 1, False
28.38162, 2021-06-16T11:13:25.3487690+08:00, 0, 8.682408, 49.24039, 1, 1, 1, False
28.3906, 2021-06-16T11:13:25.3577000+08:00, 0, 8.682408, 49.24039, 1, 1, 1, False
28.40013, 2021-06-16T11:13:25.3672660+08:00, 0, 8.682408, 49.24039, 1, 1, 1, False
28.41072, 2021-06-16T11:13:25.3778170+08:00, 0, 8.682408, 49.24039, 1, 1, 1, False
28.42041, 2021-06-16T11:13:25.3875870+08:00, 0, 8.682408, 49.24039, 1, 1, 1, False
28.46731, 2021-06-16T11:13:25.4344790+08:00, 0, 8.682408, 49.24039, 1, 1, 1, False
28.47516, 2021-06-16T11:13:25.4422550+08:00, 0, 8.682408, 49.24039, 1, 1, 1, False
28.48337, 2021-06-16T11:13:25.4505570+08:00, 0, 8.682408, 49.24039, 1, 1, 1, False
28.49181, 2021-06-16T11:13:25.4589070+08:00, 0, 8.682408, 49.24039, 1, 1, 1, False
28.49935, 2021-06-16T11:13:25.4664440+08:00, 0, 8.682408, 49.24039, 1, 1, 1, False
28.50736, 2021-06-16T11:13:25.4744770+08:00, 0, 8.682408, 49.24039, 1, 1, 1, False
28.51525, 2021-06-16T11:13:25.4823860+08:00, 0, 8.682408, 49.24039, 1, 1, 1, False
28.52317, 2021-06-16T11:13:25.4904180+08:00, 0, 8.682408, 49.24039, 1, 1, 1, False
28.53108, 2021-06-16T11:13:25.4981560+08:00, 0, 8.682408, 49.24039, 1, 1, 1, False
28.5395, 2021-06-16T11:13:25.5066890+08:00, 0, 8.682408, 49.24039, 1, 1, 1, False
28.5472, 2021-06-16T11:13:25.5143260+08:00, 0, 8.682408, 49.24039, 1, 1, 1, False
28.55523, 2021-06-16T11:13:25.5223530+08:00, 0, 8.682408, 49.24039, 1, 1, 1, False
28.56068, 2021-06-16T11:13:25.5278300+08:00, 0, 8.682408, 49.24039, 1, 1, 1, False
28.5702, 2021-06-16T11:13:25.5372920+08:00, 0, 8.682408, 49.24039, 1, 1, 1, False
28.57994, 2021-06-16T11:13:25.5470320+08:00, 0, 8.682408, 49.24039, 1, 1, 1, False
28.58914, 2021-06-16T11:13:25.5562720+08:00, 0, 8.682408, 49.24039, 1, 1, 1, False
28.59913, 2021-06-16T11:13:25.5662260+08:00, 0, 8.682408, 49.24039, 1, 1, 1, False
28.60804, 2021-06-16T11:13:25.5751750+08:00, 0, 8.682408, 49.24039, 1, 1, 1, False
28.61847, 2021-06-16T11:13:25.5855660+08:00, 0, 8.682408, 49.24039, 1, 1, 1, False
28.62731, 2021-06-16T11:13:25.5944400+08:00, 0, 8.682408, 49.24039, 1, 1, 1, False
28.63701, 2021-06-16T11:13:25.6041050+08:00, 0, 8.682408, 49.24039, 1, 1, 1, False
28.64732, 2021-06-16T11:13:25.6144340+08:00, 0, 8.682408, 49.24039, 1, 1, 1, False
28.65626, 2021-06-16T11:13:25.6233520+08:00, 0, 8.682408, 49.24039, 1, 1, 1, False
28.66698, 2021-06-16T11:13:25.6341090+08:00, 0, 8.682408, 49.24039, 1, 1, 1, False
28.67603, 2021-06-16T11:13:25.6431140+08:00, 0, 8.682408, 49.24039, 1, 1, 1, False
28.68545, 2021-06-16T11:13:25.6525800+08:00, 0, 8.682408, 49.24039, 1, 1, 1, False
28.69522, 2021-06-16T11:13:25.6623250+08:00, 0, 8.682408, 49.24039, 1, 1, 1, False
28.70525, 2021-06-16T11:13:25.6723960+08:00, 0, 8.682408, 49.24039, 1, 1, 1, False
28.71521, 2021-06-16T11:13:25.6823030+08:00, 0, 8.682408, 49.24039, 1, 1, 1, False
28.72409, 2021-06-16T11:13:25.6912090+08:00, 0, 8.682408, 49.24039, 1, 1, 1, False
28.73369, 2021-06-16T11:13:25.7007530+08:00, 0, 8.682408, 49.24039, 1, 1, 1, False
28.78348, 2021-06-16T11:13:25.7506170+08:00, 0, 8.682408, 49.24039, 1, 1, 1, False
28.79155, 2021-06-16T11:13:25.7586240+08:00, 0, 8.682408, 49.24039, 1, 1, 1, False
28.79569, 2021-06-16T11:13:25.7627760+08:00, 0, 8.682408, 49.24039, 1, 1, 1, False
28.80317, 2021-06-16T11:13:25.7702940+08:00, 0, 8.682408, 49.24039, 1, 1, 1, False
28.81164, 2021-06-16T11:13:25.7787830+08:00, 0, 8.682408, 49.24039, 1, 1, 1, False
28.81957, 2021-06-16T11:13:25.7866710+08:00, 0, 8.682408, 49.24039, 1, 1, 1, False
28.82726, 2021-06-16T11:13:25.7943880+08:00, 0, 8.682408, 49.24039, 1, 1, 1, False
28.83504, 2021-06-16T11:13:25.8021210+08:00, 0, 8.682408, 49.24039, 1, 1, 1, False
28.83978, 2021-06-16T11:13:25.8068850+08:00, 0, 8.682408, 49.24039, 1, 1, 1, False
28.84716, 2021-06-16T11:13:25.8142830+08:00, 0, 8.682408, 49.24039, 1, 1, 1, False
28.85589, 2021-06-16T11:13:25.8230850+08:00, 0, 8.682408, 49.24039, 1, 1, 1, False
28.86478, 2021-06-16T11:13:25.8319160+08:00, 0, 8.682408, 49.24039, 1, 1, 1, False
28.87573, 2021-06-16T11:13:25.8428540+08:00, 0, 8.682408, 49.24039, 1, 1, 1, False
28.88526, 2021-06-16T11:13:25.8523860+08:00, 0, 8.682408, 49.24039, 1, 1, 1, False
28.8942, 2021-06-16T11:13:25.8612930+08:00, 0, 8.682408, 49.24039, 1, 1, 1, False
28.90495, 2021-06-16T11:13:25.8721090+08:00, 0, 8.682408, 49.24039, 1, 1, 1, False
28.91394, 2021-06-16T11:13:25.8810250+08:00, 0, 8.682408, 49.24039, 1, 1, 1, False
28.92435, 2021-06-16T11:13:25.8914920+08:00, 0, 8.682408, 49.24039, 1, 1, 1, False
28.93375, 2021-06-16T11:13:25.9008430+08:00, 0, 8.682408, 49.24039, 1, 1, 1, False
28.94313, 2021-06-16T11:13:25.9102640+08:00, 0, 8.682408, 49.24039, 1, 1, 1, False
28.95311, 2021-06-16T11:13:25.9202080+08:00, 0, 8.682408, 49.24039, 1, 1, 1, False
28.96321, 2021-06-16T11:13:25.9303690+08:00, 0, 8.682408, 49.24039, 1, 1, 1, False
28.97217, 2021-06-16T11:13:25.9392350+08:00, 0, 8.682408, 49.24039, 1, 1, 1, False
28.98178, 2021-06-16T11:13:25.9489240+08:00, 0, 8.682408, 49.24039, 1, 1, 1, False
28.99167, 2021-06-16T11:13:25.9587580+08:00, 0, 8.682408, 49.24039, 1, 1, 1, False
29.00194, 2021-06-16T11:13:25.9691090+08:00, 0, 8.682408, 49.24039, 1, 1, 1, False
29.011, 2021-06-16T11:13:25.9780860+08:00, 0, 8.682408, 49.24039, 1, 1, 1, False
29.02135, 2021-06-16T11:13:25.9884920+08:00, 0, 8.682408, 49.24039, 1, 1, 1, False
29.03044, 2021-06-16T11:13:25.9975390+08:00, 0, 8.682408, 49.24039, 1, 1, 1, False
29.04031, 2021-06-16T11:13:26.0074690+08:00, 0, 8.682408, 49.24039, 1, 1, 1, False
29.05022, 2021-06-16T11:13:26.0173170+08:00, 0, 8.682408, 49.24039, 1, 1, 1, False
29.09967, 2021-06-16T11:13:26.0668100+08:00, 0, 8.682408, 49.24039, 1, 1, 1, False
29.10744, 2021-06-16T11:13:26.0745610+08:00, 0, 8.682408, 49.24039, 1, 1, 1, False
29.11549, 2021-06-16T11:13:26.0825860+08:00, 0, 8.682408, 49.24039, 1, 1, 1, False
29.12338, 2021-06-16T11:13:26.0905190+08:00, 0, 8.682408, 49.24039, 1, 1, 1, False
29.13107, 2021-06-16T11:13:26.0981620+08:00, 0, 8.682408, 49.24039, 1, 1, 1, False
29.13507, 2021-06-16T11:13:26.1021390+08:00, 0, 8.682408, 49.24039, 1, 1, 1, False
29.14303, 2021-06-16T11:13:26.1102040+08:00, 0, 8.682408, 49.24039, 1, 1, 1, False
29.15126, 2021-06-16T11:13:26.1184090+08:00, 0, 8.682408, 49.24039, 1, 1, 1, False
29.15904, 2021-06-16T11:13:26.1262000+08:00, 0, 8.682408, 49.24039, 1, 1, 1, False
29.16706, 2021-06-16T11:13:26.1341880+08:00, 0, 8.682408, 49.24039, 1, 1, 1, False
29.17103, 2021-06-16T11:13:26.1381830+08:00, 0, 8.682408, 49.24039, 1, 1, 1, False
29.18063, 2021-06-16T11:13:26.1478320+08:00, 0, 8.682408, 49.24039, 1, 1, 1, False
29.19131, 2021-06-16T11:13:26.1584040+08:00, 0, 8.682408, 49.24039, 1, 1, 1, False
29.2008, 2021-06-16T11:13:26.1679260+08:00, 0, 8.682408, 49.24039, 1, 1, 1, False
29.21029, 2021-06-16T11:13:26.1775230+08:00, 0, 8.682408, 49.24039, 1, 1, 1, False
29.22028, 2021-06-16T11:13:26.1874240+08:00, 0, 8.682408, 49.24039, 1, 1, 1, False
29.22912, 2021-06-16T11:13:26.1962070+08:00, 0, 8.682408, 49.24039, 1, 1, 1, False
29.23955, 2021-06-16T11:13:26.2067300+08:00, 0, 8.682408, 49.24039, 1, 1, 1, False
29.24912, 2021-06-16T11:13:26.2162650+08:00, 0, 8.682408, 49.24039, 1, 1, 1, False
29.25844, 2021-06-16T11:13:26.2255260+08:00, 0, 8.682408, 49.24039, 1, 1, 1, False
29.26724, 2021-06-16T11:13:26.2343730+08:00, 0, 8.682408, 49.24039, 1, 1, 1, False
29.27778, 2021-06-16T11:13:26.2448780+08:00, 0, 8.682408, 49.24039, 1, 1, 1, False
29.28714, 2021-06-16T11:13:26.2542820+08:00, 0, 8.682408, 49.24039, 1, 1, 1, False
29.29688, 2021-06-16T11:13:26.2639640+08:00, 0, 8.682408, 49.24039, 1, 1, 1, False
29.30643, 2021-06-16T11:13:26.2735920+08:00, 0, 8.682408, 49.24039, 1, 1, 1, False
29.31667, 2021-06-16T11:13:26.2837740+08:00, 0, 8.682408, 49.24039, 1, 1, 1, False
29.32554, 2021-06-16T11:13:26.2926710+08:00, 0, 8.682408, 49.24039, 1, 1, 1, False
29.33679, 2021-06-16T11:13:26.3038970+08:00, 0, 8.682408, 49.24039, 1, 1, 1, False
29.34581, 2021-06-16T11:13:26.3129290+08:00, 0, 8.682408, 49.24039, 1, 1, 1, False
29.35596, 2021-06-16T11:13:26.3230560+08:00, 0, 8.682408, 49.24039, 1, 1, 1, False
29.36555, 2021-06-16T11:13:26.3326910+08:00, 0, 8.682408, 49.24039, 1, 1, 1, False
29.41565, 2021-06-16T11:13:26.3827980+08:00, 0, 8.682408, 49.24039, 1, 1, 1, False
29.42316, 2021-06-16T11:13:26.3902800+08:00, 0, 8.682408, 49.24039, 1, 1, 1, False
29.42742, 2021-06-16T11:13:26.3946110+08:00, 0, 8.682408, 49.24039, 1, 1, 1, False
29.435, 2021-06-16T11:13:26.4020760+08:00, 0, 8.682408, 49.24039, 1, 1, 1, False
29.43923, 2021-06-16T11:13:26.4063140+08:00, 0, 8.682408, 49.24039, 1, 1, 1, False
29.44704, 2021-06-16T11:13:26.4141900+08:00, 0, 8.682408, 49.24039, 1, 1, 1, False
29.45107, 2021-06-16T11:13:26.4181540+08:00, 0, 8.682408, 49.24039, 1, 1, 1, False
29.45689, 2021-06-16T11:13:26.4240380+08:00, 0, 8.682408, 49.24039, 1, 1, 1, False
29.46708, 2021-06-16T11:13:26.4342450+08:00, 0, 8.682408, 49.24039, 1, 1, 1, False
29.47602, 2021-06-16T11:13:26.4431840+08:00, 0, 8.682408, 49.24039, 1, 1, 1, False
29.48629, 2021-06-16T11:13:26.4534310+08:00, 0, 8.682408, 49.24039, 1, 1, 1, False
29.49731, 2021-06-16T11:13:26.4645120+08:00, 0, 8.682408, 49.24039, 1, 1, 1, False
29.50627, 2021-06-16T11:13:26.4734380+08:00, 0, 8.682408, 49.24039, 1, 1, 1, False
29.51596, 2021-06-16T11:13:26.4831080+08:00, 0, 8.682408, 49.24039, 1, 1, 1, False
29.52574, 2021-06-16T11:13:26.4928760+08:00, 0, 8.682408, 49.24039, 1, 1, 1, False
29.53567, 2021-06-16T11:13:26.5027620+08:00, 0, 8.682408, 49.24039, 1, 1, 1, False
29.54525, 2021-06-16T11:13:26.5123940+08:00, 0, 8.682408, 49.24039, 1, 1, 1, False
29.55482, 2021-06-16T11:13:26.5219760+08:00, 0, 8.682408, 49.24039, 1, 1, 1, False
29.56386, 2021-06-16T11:13:26.5310720+08:00, 0, 8.682408, 49.24039, 1, 1, 1, False
29.57409, 2021-06-16T11:13:26.5411820+08:00, 0, 8.682408, 49.24039, 1, 1, 1, False
29.58397, 2021-06-16T11:13:26.5510960+08:00, 0, 8.682408, 49.24039, 1, 1, 1, False
29.59312, 2021-06-16T11:13:26.5602750+08:00, 0, 8.682408, 49.24039, 1, 1, 1, False
29.60264, 2021-06-16T11:13:26.5697900+08:00, 0, 8.682408, 49.24039, 1, 1, 1, False
29.61246, 2021-06-16T11:13:26.5795550+08:00, 0, 8.682408, 49.24039, 1, 1, 1, False
29.6222, 2021-06-16T11:13:26.5893550+08:00, 0, 8.682408, 49.24039, 1, 1, 1, False
29.63207, 2021-06-16T11:13:26.5991840+08:00, 0, 8.682408, 49.24039, 1, 1, 1, False
29.64096, 2021-06-16T11:13:26.6080900+08:00, 0, 8.682408, 49.24039, 1, 1, 1, False
29.65108, 2021-06-16T11:13:26.6181710+08:00, 0, 8.682408, 49.24039, 1, 1, 1, False
29.66, 2021-06-16T11:13:26.6271520+08:00, 0, 8.682408, 49.24039, 1, 1, 1, False
29.66977, 2021-06-16T11:13:26.6368710+08:00, 0, 8.682408, 49.24039, 1, 1, 1, False
29.67957, 2021-06-16T11:13:26.6466550+08:00, 0, 8.682408, 49.24039, 1, 1, 1, False
29.72751, 2021-06-16T11:13:26.6946720+08:00, 0, 8.682408, 49.24039, 1, 1, 1, False
29.73504, 2021-06-16T11:13:26.7021230+08:00, 0, 8.682408, 49.24039, 1, 1, 1, False
29.73906, 2021-06-16T11:13:26.7061360+08:00, 0, 8.682408, 49.24039, 1, 1, 1, False
29.74326, 2021-06-16T11:13:26.7103780+08:00, 0, 8.682408, 49.24039, 1, 1, 1, False
29.74761, 2021-06-16T11:13:26.7146950+08:00, 0, 8.682408, 49.24039, 1, 1, 1, False
29.75519, 2021-06-16T11:13:26.7222660+08:00, 0, 8.682408, 49.24039, 1, 1, 1, False
29.75945, 2021-06-16T11:13:26.7265170+08:00, 0, 8.682408, 49.24039, 1, 1, 1, False
29.76922, 2021-06-16T11:13:26.7363520+08:00, 0, 8.682408, 49.24039, 1, 1, 1, False
29.77855, 2021-06-16T11:13:26.7457620+08:00, 0, 8.682408, 49.24039, 1, 1, 1, False
29.78828, 2021-06-16T11:13:26.7555070+08:00, 0, 8.682408, 49.24039, 1, 1, 1, False
29.79859, 2021-06-16T11:13:26.7656770+08:00, 0, 8.682408, 49.24039, 1, 1, 1, False
29.80841, 2021-06-16T11:13:26.7755680+08:00, 0, 8.682408, 49.24039, 1, 1, 1, False
29.81833, 2021-06-16T11:13:26.7854710+08:00, 0, 8.682408, 49.24039, 1, 1, 1, False
29.82716, 2021-06-16T11:13:26.7942990+08:00, 0, 8.682408, 49.24039, 1, 1, 1, False
29.8377, 2021-06-16T11:13:26.8048880+08:00, 0, 8.682408, 49.24039, 1, 1, 1, False
29.84723, 2021-06-16T11:13:26.8143650+08:00, 0, 8.682408, 49.24039, 1, 1, 1, False
29.85663, 2021-06-16T11:13:26.8237160+08:00, 0, 8.682408, 49.24039, 1, 1, 1, False
29.86652, 2021-06-16T11:13:26.8336480+08:00, 0, 8.682408, 49.24039, 1, 1, 1, False
29.87576, 2021-06-16T11:13:26.8429200+08:00, 0, 8.682408, 49.24039, 1, 1, 1, False
29.88604, 2021-06-16T11:13:26.8531730+08:00, 0, 8.682408, 49.24039, 1, 1, 1, False
29.89481, 2021-06-16T11:13:26.8619010+08:00, 0, 8.682408, 49.24039, 1, 1, 1, False
29.98847, 2021-06-16T11:13:26.9559010+08:00, 0, 8.682408, 49.24039, 1, 1, 1, False
29.99509, 2021-06-16T11:13:26.9621590+08:00, 0, 8.682408, 49.24039, 1, 1, 1, False
29.99925, 2021-06-16T11:13:26.9663180+08:00, 0, 8.682408, 49.24039, 1, 1, 1, False
30.00769, 2021-06-16T11:13:26.9748250+08:00, 0, 8.682408, 49.24039, 1, 1, 1, False
30.01552, 2021-06-16T11:13:26.9827890+08:00, 0, 8.682408, 49.24039, 1, 1, 1, False
30.02326, 2021-06-16T11:13:26.9903720+08:00, 0, 8.682408, 49.24039, 1, 1, 1, False
30.03144, 2021-06-16T11:13:26.9985240+08:00, 0, 8.682408, 49.24039, 1, 1, 1, False
30.03509, 2021-06-16T11:13:27.0021730+08:00, 0, 8.682408, 49.24039, 1, 1, 1, False
30.04085, 2021-06-16T11:13:27.0079830+08:00, 0, 8.682408, 49.24039, 1, 1, 1, False
30.05143, 2021-06-16T11:13:27.0185300+08:00, 0, 8.682408, 49.24039, 1, 1, 1, False
30.09946, 2021-06-16T11:13:27.0665880+08:00, 0, 8.682408, 49.24039, 1, 1, 1, False
30.10757, 2021-06-16T11:13:27.0747160+08:00, 0, 8.682408, 49.24039, 1, 1, 1, False
30.11543, 2021-06-16T11:13:27.0825100+08:00, 0, 8.682408, 49.24039, 1, 1, 1, False
30.12334, 2021-06-16T11:13:27.0904430+08:00, 0, 8.682408, 49.24039, 1, 1, 1, False
30.12717, 2021-06-16T11:13:27.0942600+08:00, 0, 8.682408, 49.24039, 1, 1, 1, False
30.13097, 2021-06-16T11:13:27.0980520+08:00, 0, 8.682408, 49.24039, 1, 1, 1, False
30.13539, 2021-06-16T11:13:27.1024710+08:00, 0, 8.682408, 49.24039, 1, 1, 1, False
30.14132, 2021-06-16T11:13:27.1085160+08:00, 0, 8.682408, 49.24039, 1, 1, 1, False
30.15083, 2021-06-16T11:13:27.1179280+08:00, 0, 8.682408, 49.24039, 1, 1, 1, False
30.16164, 2021-06-16T11:13:27.1288560+08:00, 0, 8.682408, 49.24039, 1, 1, 1, False
30.17155, 2021-06-16T11:13:27.1387330+08:00, 0, 8.682408, 49.24039, 1, 1, 1, False
30.18185, 2021-06-16T11:13:27.1489910+08:00, 0, 8.682408, 49.24039, 1, 1, 1, False
30.19062, 2021-06-16T11:13:27.1576970+08:00, 0, 8.682408, 49.24039, 1, 1, 1, False
30.20004, 2021-06-16T11:13:27.1671830+08:00, 0, 8.682408, 49.24039, 1, 1, 1, False
30.21041, 2021-06-16T11:13:27.1775210+08:00, 0, 8.682408, 49.24039, 1, 1, 1, False
30.21947, 2021-06-16T11:13:27.1865670+08:00, 0, 8.682408, 49.24039, 1, 1, 1, False
30.22972, 2021-06-16T11:13:27.1968620+08:00, 0, 8.682408, 49.24039, 1, 1, 1, False
30.23859, 2021-06-16T11:13:27.2056970+08:00, 0, 8.682408, 49.24039, 1, 1, 1, False
30.24907, 2021-06-16T11:13:27.2162100+08:00, 0, 8.682408, 49.24039, 1, 1, 1, False
30.25858, 2021-06-16T11:13:27.2256850+08:00, 0, 8.682408, 49.24039, 1, 1, 1, False
30.26893, 2021-06-16T11:13:27.2360860+08:00, 0, 8.682408, 49.24039, 1, 1, 1, False
30.27838, 2021-06-16T11:13:27.2454700+08:00, 0, 8.682408, 49.24039, 1, 1, 1, False
30.28761, 2021-06-16T11:13:27.2547880+08:00, 0, 8.682408, 49.24039, 1, 1, 1, False
30.29755, 2021-06-16T11:13:27.2646320+08:00, 0, 8.682408, 49.24039, 1, 1, 1, False
30.30664, 2021-06-16T11:13:27.2737790+08:00, 0, 8.682408, 49.24039, 1, 1, 1, False
30.31712, 2021-06-16T11:13:27.2842060+08:00, 0, 8.682408, 49.24039, 1, 1, 1, False
30.32606, 2021-06-16T11:13:27.2932120+08:00, 0, 8.682408, 49.24039, 1, 1, 1, False
30.3366, 2021-06-16T11:13:27.3037340+08:00, 0, 8.682408, 49.24039, 1, 1, 1, False
30.34548, 2021-06-16T11:13:27.3126060+08:00, 0, 8.682408, 49.24039, 1, 1, 1, False
30.3551, 2021-06-16T11:13:27.3222020+08:00, 0, 8.682408, 49.24039, 1, 1, 1, False
30.36554, 2021-06-16T11:13:27.3326730+08:00, 0, 8.682408, 49.24039, 1, 1, 1, False
30.4113, 2021-06-16T11:13:27.3785520+08:00, 0, 8.682408, 49.24039, 1, 1, 1, False
30.41919, 2021-06-16T11:13:27.3862710+08:00, 0, 8.682408, 49.24039, 1, 1, 1, False
30.42302, 2021-06-16T11:13:27.3901320+08:00, 0, 8.682408, 49.24039, 1, 1, 1, False
30.42711, 2021-06-16T11:13:27.3943300+08:00, 0, 8.682408, 49.24039, 1, 1, 1, False
30.43106, 2021-06-16T11:13:27.3981700+08:00, 0, 8.682408, 49.24039, 1, 1, 1, False
30.43497, 2021-06-16T11:13:27.4020440+08:00, 0, 8.682408, 49.24039, 1, 1, 1, False
30.44295, 2021-06-16T11:13:27.4100920+08:00, 0, 8.682408, 49.24039, 1, 1, 1, False
30.45339, 2021-06-16T11:13:27.4204850+08:00, 0, 8.682408, 49.24039, 1, 1, 1, False
30.46218, 2021-06-16T11:13:27.4293460+08:00, 0, 8.682408, 49.24039, 1, 1, 1, False
30.47226, 2021-06-16T11:13:27.4393690+08:00, 0, 8.682408, 49.24039, 1, 1, 1, False
30.48245, 2021-06-16T11:13:27.4496590+08:00, 0, 8.682408, 49.24039, 1, 1, 1, False
30.49126, 2021-06-16T11:13:27.4584310+08:00, 0, 8.682408, 49.24039, 1, 1, 1, False
30.50101, 2021-06-16T11:13:27.4681540+08:00, 0, 8.682408, 49.24039, 1, 1, 1, False
30.5113, 2021-06-16T11:13:27.4784180+08:00, 0, 8.682408, 49.24039, 1, 1, 1, False
30.5207, 2021-06-16T11:13:27.4878350+08:00, 0, 8.682408, 49.24039, 1, 1, 1, False
30.53087, 2021-06-16T11:13:27.4979670+08:00, 0, 8.682408, 49.24039, 1, 1, 1, False
30.53979, 2021-06-16T11:13:27.5068850+08:00, 0, 8.682408, 49.24039, 1, 1, 1, False
30.55021, 2021-06-16T11:13:27.5173400+08:00, 0, 8.682408, 49.24039, 1, 1, 1, False
30.5595, 2021-06-16T11:13:27.5266190+08:00, 0, 8.682408, 49.24039, 1, 1, 1, False
30.56903, 2021-06-16T11:13:27.5361850+08:00, 0, 8.682408, 49.24039, 1, 1, 1, False
30.57802, 2021-06-16T11:13:27.5451070+08:00, 0, 8.682408, 49.24039, 1, 1, 1, False
30.58788, 2021-06-16T11:13:27.5549920+08:00, 0, 8.682408, 49.24039, 1, 1, 1, False
30.5979, 2021-06-16T11:13:27.5649930+08:00, 0, 8.682408, 49.24039, 1, 1, 1, False
30.6068, 2021-06-16T11:13:27.5739400+08:00, 0, 8.682408, 49.24039, 1, 1, 1, False
30.61727, 2021-06-16T11:13:27.5843600+08:00, 0, 8.682408, 49.24039, 1, 1, 1, False
30.62614, 2021-06-16T11:13:27.5932660+08:00, 0, 8.682408, 49.24039, 1, 1, 1, False
30.63659, 2021-06-16T11:13:27.6036870+08:00, 0, 8.682408, 49.24039, 1, 1, 1, False
30.64536, 2021-06-16T11:13:27.6124830+08:00, 0, 8.682408, 49.24039, 1, 1, 1, False
30.65528, 2021-06-16T11:13:27.6223680+08:00, 0, 8.682408, 49.24039, 1, 1, 1, False
30.66553, 2021-06-16T11:13:27.6326820+08:00, 0, 8.682408, 49.24039, 1, 1, 1, False
30.67437, 2021-06-16T11:13:27.6414560+08:00, 0, 8.682408, 49.24039, 1, 1, 1, False
30.71909, 2021-06-16T11:13:27.6862370+08:00, 0, 8.682408, 49.24039, 1, 1, 1, False
30.72297, 2021-06-16T11:13:27.6900770+08:00, 0, 8.682408, 49.24039, 1, 1, 1, False
30.72688, 2021-06-16T11:13:27.6939610+08:00, 0, 8.682408, 49.24039, 1, 1, 1, False
30.73102, 2021-06-16T11:13:27.6980830+08:00, 0, 8.682408, 49.24039, 1, 1, 1, False
30.73502, 2021-06-16T11:13:27.7021560+08:00, 0, 8.682408, 49.24039, 1, 1, 1, False
30.74047, 2021-06-16T11:13:27.7076020+08:00, 0, 8.682408, 49.24039, 1, 1, 1, False
30.74994, 2021-06-16T11:13:27.7170320+08:00, 0, 8.682408, 49.24039, 1, 1, 1, False
30.76068, 2021-06-16T11:13:27.7278190+08:00, 0, 8.682408, 49.24039, 1, 1, 1, False
30.77031, 2021-06-16T11:13:27.7374710+08:00, 0, 8.682408, 49.24039, 1, 1, 1, False
30.78055, 2021-06-16T11:13:27.7476870+08:00, 0, 8.682408, 49.24039, 1, 1, 1, False
30.7893, 2021-06-16T11:13:27.7564770+08:00, 0, 8.682408, 49.24039, 1, 1, 1, False
30.80023, 2021-06-16T11:13:27.7707520+08:00, 0, 8.682408, 49.24039, 1, 1, 1, False
30.81146, 2021-06-16T11:13:27.7818180+08:00, 0, 8.682408, 49.24039, 1, 1, 1, False
30.82328, 2021-06-16T11:13:27.7934230+08:00, 0, 8.682408, 49.24039, 1, 1, 1, False
30.83103, 2021-06-16T11:13:27.8080650+08:00, 0, 8.682408, 49.24039, 1, 1, 1, False
30.84723, 2021-06-16T11:13:27.8143610+08:00, 0, 8.682408, 49.24039, 1, 1, 1, False
30.85556, 2021-06-16T11:13:27.8226620+08:00, 0, 8.682408, 49.24039, 1, 1, 1, False
30.86319, 2021-06-16T11:13:27.8303520+08:00, 0, 8.682408, 49.24039, 1, 1, 1, False
30.87099, 2021-06-16T11:13:27.8380670+08:00, 0, 8.682408, 49.24039, 1, 1, 1, False
30.87724, 2021-06-16T11:13:27.8443240+08:00, 0, 8.682408, 49.24039, 1, 1, 1, False
30.88754, 2021-06-16T11:13:27.8546440+08:00, 0, 8.682408, 49.24039, 1, 1, 1, False
30.8966, 2021-06-16T11:13:27.8637000+08:00, 0, 8.682408, 49.24039, 1, 1, 1, False
30.90649, 2021-06-16T11:13:27.8736270+08:00, 0, 8.682408, 49.24039, 1, 1, 1, False
30.91637, 2021-06-16T11:13:27.8834520+08:00, 0, 8.682408, 49.24039, 1, 1, 1, False
30.92563, 2021-06-16T11:13:27.8927660+08:00, 0, 8.682408, 49.24039, 1, 1, 1, False
30.93612, 2021-06-16T11:13:27.9032200+08:00, 0, 8.682408, 49.24039, 1, 1, 1, False
30.94534, 2021-06-16T11:13:27.9124670+08:00, 0, 8.682408, 49.24039, 1, 1, 1, False
30.95463, 2021-06-16T11:13:27.9217300+08:00, 0, 8.682408, 49.24039, 1, 1, 1, False
30.96474, 2021-06-16T11:13:27.9318800+08:00, 0, 8.682408, 49.24039, 1, 1, 1, False
30.97357, 2021-06-16T11:13:27.9406660+08:00, 0, 8.682408, 49.24039, 1, 1, 1, False
30.98285, 2021-06-16T11:13:27.9499800+08:00, 0, 8.682408, 49.24039, 1, 1, 1, False
31.03158, 2021-06-16T11:13:27.9987250+08:00, 0, 8.682408, 49.24039, 1, 1, 1, False
31.03898, 2021-06-16T11:13:28.0060460+08:00, 0, 8.682408, 49.24039, 1, 1, 1, False
31.04316, 2021-06-16T11:13:28.0102660+08:00, 0, 8.682408, 49.24039, 1, 1, 1, False
31.05145, 2021-06-16T11:13:28.0185530+08:00, 0, 8.682408, 49.24039, 1, 1, 1, False
31.05956, 2021-06-16T11:13:28.0266410+08:00, 0, 8.682408, 49.24039, 1, 1, 1, False
31.06725, 2021-06-16T11:13:28.0343860+08:00, 0, 8.682408, 49.24039, 1, 1, 1, False
31.0712, 2021-06-16T11:13:28.0382890+08:00, 0, 8.682408, 49.24039, 1, 1, 1, False
31.0798, 2021-06-16T11:13:28.0468840+08:00, 0, 8.682408, 49.24039, 1, 1, 1, False
31.08752, 2021-06-16T11:13:28.0546740+08:00, 0, 8.682408, 49.24039, 1, 1, 1, False
31.09519, 2021-06-16T11:13:28.0624280+08:00, 0, 8.682408, 49.24039, 1, 1, 1, False
31.10216, 2021-06-16T11:13:28.0693110+08:00, 0, 8.682408, 49.24039, 1, 1, 1, False
31.11106, 2021-06-16T11:13:28.0782630+08:00, 0, 8.682408, 49.24039, 1, 1, 1, False
31.12175, 2021-06-16T11:13:28.0888760+08:00, 0, 8.682408, 49.24039, 1, 1, 1, False
31.13175, 2021-06-16T11:13:28.0988580+08:00, 0, 8.682408, 49.24039, 1, 1, 1, False
31.14132, 2021-06-16T11:13:28.1084850+08:00, 0, 8.682408, 49.24039, 1, 1, 1, False
31.15085, 2021-06-16T11:13:28.1179380+08:00, 0, 8.682408, 49.24039, 1, 1, 1, False
31.16064, 2021-06-16T11:13:28.1277740+08:00, 0, 8.682408, 49.24039, 1, 1, 1, False
31.17096, 2021-06-16T11:13:28.1380580+08:00, 0, 8.682408, 49.24039, 1, 1, 1, False
31.17974, 2021-06-16T11:13:28.1468190+08:00, 0, 8.682408, 49.24039, 1, 1, 1, False
31.19026, 2021-06-16T11:13:28.1574540+08:00, 0, 8.682408, 49.24039, 1, 1, 1, False
31.19956, 2021-06-16T11:13:28.1666540+08:00, 0, 8.682408, 49.24039, 1, 1, 1, False
31.20921, 2021-06-16T11:13:28.1763380+08:00, 0, 8.682408, 49.24039, 1, 1, 1, False
31.21904, 2021-06-16T11:13:28.1861960+08:00, 0, 8.682408, 49.24039, 1, 1, 1, False
31.22791, 2021-06-16T11:13:28.1950460+08:00, 0, 8.682408, 49.24039, 1, 1, 1, False
31.2382, 2021-06-16T11:13:28.2052940+08:00, 0, 8.682408, 49.24039, 1, 1, 1, False
31.24745, 2021-06-16T11:13:28.2145950+08:00, 0, 8.682408, 49.24039, 1, 1, 1, False
31.25645, 2021-06-16T11:13:28.2235380+08:00, 0, 8.682408, 49.24039, 1, 1, 1, False
31.26679, 2021-06-16T11:13:28.2339120+08:00, 0, 8.682408, 49.24039, 1, 1, 1, False
31.27563, 2021-06-16T11:13:28.2427290+08:00, 0, 8.682408, 49.24039, 1, 1, 1, False
31.28634, 2021-06-16T11:13:28.2534960+08:00, 0, 8.682408, 49.24039, 1, 1, 1, False
31.29504, 2021-06-16T11:13:28.2621280+08:00, 0, 8.682408, 49.24039, 1, 1, 1, False
31.3437, 2021-06-16T11:13:28.3109650+08:00, 0, 8.682408, 49.24039, 1, 1, 1, False
31.35155, 2021-06-16T11:13:28.3186970+08:00, 0, 8.682408, 49.24039, 1, 1, 1, False
31.3591, 2021-06-16T11:13:28.3261800+08:00, 0, 8.682408, 49.24039, 1, 1, 1, False
31.36721, 2021-06-16T11:13:28.3343170+08:00, 0, 8.682408, 49.24039, 1, 1, 1, False
31.37555, 2021-06-16T11:13:28.3426720+08:00, 0, 8.682408, 49.24039, 1, 1, 1, False
31.38333, 2021-06-16T11:13:28.3504500+08:00, 0, 8.682408, 49.24039, 1, 1, 1, False
31.38722, 2021-06-16T11:13:28.3543540+08:00, 0, 8.682408, 49.24039, 1, 1, 1, False
31.39126, 2021-06-16T11:13:28.3583350+08:00, 0, 8.682408, 49.24039, 1, 1, 1, False
31.39647, 2021-06-16T11:13:28.3635470+08:00, 0, 8.682408, 49.24039, 1, 1, 1, False
31.40561, 2021-06-16T11:13:28.3728930+08:00, 0, 8.682408, 49.24039, 1, 1, 1, False
31.41553, 2021-06-16T11:13:28.3826560+08:00, 0, 8.682408, 49.24039, 1, 1, 1, False
31.42423, 2021-06-16T11:13:28.3914000+08:00, 0, 8.682408, 49.24039, 1, 1, 1, False
31.43442, 2021-06-16T11:13:28.4015130+08:00, 0, 8.682408, 49.24039, 1, 1, 1, False
31.44424, 2021-06-16T11:13:28.4113800+08:00, 0, 8.682408, 49.24039, 1, 1, 1, False
31.45305, 2021-06-16T11:13:28.4201450+08:00, 0, 8.682408, 49.24039, 1, 1, 1, False
31.46388, 2021-06-16T11:13:28.4310290+08:00, 0, 8.682408, 49.24039, 1, 1, 1, False
31.47342, 2021-06-16T11:13:28.4405180+08:00, 0, 8.682408, 49.24039, 1, 1, 1, False
31.48295, 2021-06-16T11:13:28.4500750+08:00, 0, 8.682408, 49.24039, 1, 1, 1, False
31.49194, 2021-06-16T11:13:28.4590310+08:00, 0, 8.682408, 49.24039, 1, 1, 1, False
31.50228, 2021-06-16T11:13:28.4694160+08:00, 0, 8.682408, 49.24039, 1, 1, 1, False
31.51119, 2021-06-16T11:13:28.4782750+08:00, 0, 8.682408, 49.24039, 1, 1, 1, False
31.52051, 2021-06-16T11:13:28.4876530+08:00, 0, 8.682408, 49.24039, 1, 1, 1, False
31.5308, 2021-06-16T11:13:28.4978920+08:00, 0, 8.682408, 49.24039, 1, 1, 1, False
31.53995, 2021-06-16T11:13:28.5070300+08:00, 0, 8.682408, 49.24039, 1, 1, 1, False
31.5502, 2021-06-16T11:13:28.5173460+08:00, 0, 8.682408, 49.24039, 1, 1, 1, False
31.55896, 2021-06-16T11:13:28.5260470+08:00, 0, 8.682408, 49.24039, 1, 1, 1, False
31.56932, 2021-06-16T11:13:28.5364270+08:00, 0, 8.682408, 49.24039, 1, 1, 1, False
31.57845, 2021-06-16T11:13:28.5455580+08:00, 0, 8.682408, 49.24039, 1, 1, 1, False
31.58827, 2021-06-16T11:13:28.5553990+08:00, 0, 8.682408, 49.24039, 1, 1, 1, False
31.59818, 2021-06-16T11:13:28.5652720+08:00, 0, 8.682408, 49.24039, 1, 1, 1, False
31.60787, 2021-06-16T11:13:28.5750230+08:00, 0, 8.682408, 49.24039, 1, 1, 1, False
31.65517, 2021-06-16T11:13:28.6223510+08:00, 0, 8.682408, 49.24039, 1, 1, 1, False
31.66321, 2021-06-16T11:13:28.6303280+08:00, 0, 8.682408, 49.24039, 1, 1, 1, False
31.66733, 2021-06-16T11:13:28.6344130+08:00, 0, 8.682408, 49.24039, 1, 1, 1, False
31.67103, 2021-06-16T11:13:28.6380890+08:00, 0, 8.682408, 49.24039, 1, 1, 1, False
31.675, 2021-06-16T11:13:28.6420680+08:00, 0, 8.682408, 49.24039, 1, 1, 1, False
31.67909, 2021-06-16T11:13:28.6461620+08:00, 0, 8.682408, 49.24039, 1, 1, 1, False
31.68797, 2021-06-16T11:13:28.6551080+08:00, 0, 8.682408, 49.24039, 1, 1, 1, False
31.69719, 2021-06-16T11:13:28.6642680+08:00, 0, 8.682408, 49.24039, 1, 1, 1, False
31.70592, 2021-06-16T11:13:28.6730590+08:00, 0, 8.682408, 49.24039, 1, 1, 1, False
31.71639, 2021-06-16T11:13:28.6835630+08:00, 0, 8.682408, 49.24039, 1, 1, 1, False
31.72618, 2021-06-16T11:13:28.6933990+08:00, 0, 8.682408, 49.24039, 1, 1, 1, False
31.73616, 2021-06-16T11:13:28.7032480+08:00, 0, 8.682408, 49.24039, 1, 1, 1, False
31.74544, 2021-06-16T11:13:28.7126150+08:00, 0, 8.682408, 49.24039, 1, 1, 1, False
31.75499, 2021-06-16T11:13:28.7220920+08:00, 0, 8.682408, 49.24039, 1, 1, 1, False
31.76361, 2021-06-16T11:13:28.7307450+08:00, 0, 8.682408, 49.24039, 1, 1, 1, False
31.77308, 2021-06-16T11:13:28.7402000+08:00, 0, 8.682408, 49.24039, 1, 1, 1, False
31.78315, 2021-06-16T11:13:28.7502840+08:00, 0, 8.682408, 49.24039, 1, 1, 1, False
31.79269, 2021-06-16T11:13:28.7597990+08:00, 0, 8.682408, 49.24039, 1, 1, 1, False
31.80204, 2021-06-16T11:13:28.7691810+08:00, 0, 8.682408, 49.24039, 1, 1, 1, False
31.81096, 2021-06-16T11:13:28.7780470+08:00, 0, 8.682408, 49.24039, 1, 1, 1, False
31.82056, 2021-06-16T11:13:28.7877000+08:00, 0, 8.682408, 49.24039, 1, 1, 1, False
31.83116, 2021-06-16T11:13:28.7982550+08:00, 0, 8.682408, 49.24039, 1, 1, 1, False
31.83996, 2021-06-16T11:13:28.8070420+08:00, 0, 8.682408, 49.24039, 1, 1, 1, False
31.84944, 2021-06-16T11:13:28.8165910+08:00, 0, 8.682408, 49.24039, 1, 1, 1, False
31.85922, 2021-06-16T11:13:28.8263190+08:00, 0, 8.682408, 49.24039, 1, 1, 1, False
31.869, 2021-06-16T11:13:28.8361350+08:00, 0, 8.682408, 49.24039, 1, 1, 1, False
31.8779, 2021-06-16T11:13:28.8450740+08:00, 0, 8.682408, 49.24039, 1, 1, 1, False
31.88771, 2021-06-16T11:13:28.8548420+08:00, 0, 8.682408, 49.24039, 1, 1, 1, False
31.89795, 2021-06-16T11:13:28.8650400+08:00, 0, 8.682408, 49.24039, 1, 1, 1, False
31.90752, 2021-06-16T11:13:28.8746600+08:00, 0, 8.682408, 49.24039, 1, 1, 1, False
31.91763, 2021-06-16T11:13:28.8847250+08:00, 0, 8.682408, 49.24039, 1, 1, 1, False
31.96338, 2021-06-16T11:13:28.9305320+08:00, 0, 8.682408, 49.24039, 1, 1, 1, False
31.97138, 2021-06-16T11:13:28.9384390+08:00, 0, 8.682408, 49.24039, 1, 1, 1, False
31.97497, 2021-06-16T11:13:28.9420420+08:00, 0, 8.682408, 49.24039, 1, 1, 1, False
31.98348, 2021-06-16T11:13:28.9505870+08:00, 0, 8.682408, 49.24039, 1, 1, 1, False
31.99142, 2021-06-16T11:13:28.9584880+08:00, 0, 8.682408, 49.24039, 1, 1, 1, False
31.99959, 2021-06-16T11:13:28.9667700+08:00, 0, 8.682408, 49.24039, 1, 1, 1, False
32.00723, 2021-06-16T11:13:28.9743340+08:00, 0, 8.682408, 49.24039, 1, 1, 1, False
32.01524, 2021-06-16T11:13:28.9823410+08:00, 0, 8.682408, 49.24039, 1, 1, 1, False
32.019, 2021-06-16T11:13:28.9860800+08:00, 0, 8.682408, 49.24039, 1, 1, 1, False
32.02459, 2021-06-16T11:13:28.9918750+08:00, 0, 8.682408, 49.24039, 1, 1, 1, False
32.03529, 2021-06-16T11:13:29.0024240+08:00, 0, 8.682408, 49.24039, 1, 1, 1, False
32.04406, 2021-06-16T11:13:29.0111980+08:00, 0, 8.682408, 49.24039, 1, 1, 1, False
32.05447, 2021-06-16T11:13:29.0215760+08:00, 0, 8.682408, 49.24039, 1, 1, 1, False
32.06448, 2021-06-16T11:13:29.0316780+08:00, 0, 8.682408, 49.24039, 1, 1, 1, False
32.07342, 2021-06-16T11:13:29.0405040+08:00, 0, 8.682408, 49.24039, 1, 1, 1, False
32.08289, 2021-06-16T11:13:29.0500310+08:00, 0, 8.682408, 49.24039, 1, 1, 1, False
32.09247, 2021-06-16T11:13:29.0595630+08:00, 0, 8.682408, 49.24039, 1, 1, 1, False
32.1028, 2021-06-16T11:13:29.0699350+08:00, 0, 8.682408, 49.24039, 1, 1, 1, False
32.11197, 2021-06-16T11:13:29.0790680+08:00, 0, 8.682408, 49.24039, 1, 1, 1, False
32.12205, 2021-06-16T11:13:29.0891880+08:00, 0, 8.682408, 49.24039, 1, 1, 1, False
32.13075, 2021-06-16T11:13:29.0978370+08:00, 0, 8.682408, 49.24039, 1, 1, 1, False
32.14128, 2021-06-16T11:13:29.1084430+08:00, 0, 8.682408, 49.24039, 1, 1, 1, False
32.15143, 2021-06-16T11:13:29.1186700+08:00, 0, 8.682408, 49.24039, 1, 1, 1, False
32.1602, 2021-06-16T11:13:29.1273600+08:00, 0, 8.682408, 49.24039, 1, 1, 1, False
32.17025, 2021-06-16T11:13:29.1373460+08:00, 0, 8.682408, 49.24039, 1, 1, 1, False
32.18019, 2021-06-16T11:13:29.1473240+08:00, 0, 8.682408, 49.24039, 1, 1, 1, False
32.18893, 2021-06-16T11:13:29.1560050+08:00, 0, 8.682408, 49.24039, 1, 1, 1, False
32.19932, 2021-06-16T11:13:29.1664240+08:00, 0, 8.682408, 49.24039, 1, 1, 1, False
32.20872, 2021-06-16T11:13:29.1758330+08:00, 0, 8.682408, 49.24039, 1, 1, 1, False
32.21867, 2021-06-16T11:13:29.1857500+08:00, 0, 8.682408, 49.24039, 1, 1, 1, False
32.22765, 2021-06-16T11:13:29.1948580+08:00, 0, 8.682408, 49.24039, 1, 1, 1, False
32.27539, 2021-06-16T11:13:29.2425330+08:00, 0, 8.682408, 49.24039, 1, 1, 1, False
32.28307, 2021-06-16T11:13:29.2501800+08:00, 0, 8.682408, 49.24039, 1, 1, 1, False
32.28732, 2021-06-16T11:13:29.2544100+08:00, 0, 8.682408, 49.24039, 1, 1, 1, False
32.29505, 2021-06-16T11:13:29.2621330+08:00, 0, 8.682408, 49.24039, 1, 1, 1, False
32.29902, 2021-06-16T11:13:29.2660800+08:00, 0, 8.682408, 49.24039, 1, 1, 1, False
32.30296, 2021-06-16T11:13:29.2700610+08:00, 0, 8.682408, 49.24039, 1, 1, 1, False
32.30707, 2021-06-16T11:13:29.2741470+08:00, 0, 8.682408, 49.24039, 1, 1, 1, False
32.31726, 2021-06-16T11:13:29.2843710+08:00, 0, 8.682408, 49.24039, 1, 1, 1, False
32.32614, 2021-06-16T11:13:29.2933110+08:00, 0, 8.682408, 49.24039, 1, 1, 1, False
32.33579, 2021-06-16T11:13:29.3028840+08:00, 0, 8.682408, 49.24039, 1, 1, 1, False
32.34468, 2021-06-16T11:13:29.3119290+08:00, 0, 8.682408, 49.24039, 1, 1, 1, False
32.3556, 2021-06-16T11:13:29.3226960+08:00, 0, 8.682408, 49.24039, 1, 1, 1, False
32.36533, 2021-06-16T11:13:29.3324590+08:00, 0, 8.682408, 49.24039, 1, 1, 1, False
32.37451, 2021-06-16T11:13:29.3416040+08:00, 0, 8.682408, 49.24039, 1, 1, 1, False
32.38443, 2021-06-16T11:13:29.3515660+08:00, 0, 8.682408, 49.24039, 1, 1, 1, False
32.3936, 2021-06-16T11:13:29.3606820+08:00, 0, 8.682408, 49.24039, 1, 1, 1, False
32.40366, 2021-06-16T11:13:29.3708010+08:00, 0, 8.682408, 49.24039, 1, 1, 1, False
32.41385, 2021-06-16T11:13:29.3811290+08:00, 0, 8.682408, 49.24039, 1, 1, 1, False
32.42234, 2021-06-16T11:13:29.3894720+08:00, 0, 8.682408, 49.24039, 1, 1, 1, False
32.43168, 2021-06-16T11:13:29.3987710+08:00, 0, 8.682408, 49.24039, 1, 1, 1, False
32.44139, 2021-06-16T11:13:29.4085470+08:00, 0, 8.682408, 49.24039, 1, 1, 1, False
32.45133, 2021-06-16T11:13:29.4184320+08:00, 0, 8.682408, 49.24039, 1, 1, 1, False
32.46017, 2021-06-16T11:13:29.4272920+08:00, 0, 8.682408, 49.24039, 1, 1, 1, False
32.47069, 2021-06-16T11:13:29.4377860+08:00, 0, 8.682408, 49.24039, 1, 1, 1, False
32.47959, 2021-06-16T11:13:29.4466860+08:00, 0, 8.682408, 49.24039, 1, 1, 1, False
32.48924, 2021-06-16T11:13:29.4563720+08:00, 0, 8.682408, 49.24039, 1, 1, 1, False
32.4989, 2021-06-16T11:13:29.4660050+08:00, 0, 8.682408, 49.24039, 1, 1, 1, False
32.50771, 2021-06-16T11:13:29.4748520+08:00, 0, 8.682408, 49.24039, 1, 1, 1, False
32.51833, 2021-06-16T11:13:29.4854130+08:00, 0, 8.682408, 49.24039, 1, 1, 1, False
32.52756, 2021-06-16T11:13:29.4947360+08:00, 0, 8.682408, 49.24039, 1, 1, 1, False
32.53699, 2021-06-16T11:13:29.5040910+08:00, 0, 8.682408, 49.24039, 1, 1, 1, False
32.58324, 2021-06-16T11:13:29.5505320+08:00, 0, 8.682408, 49.24039, 1, 1, 1, False
32.59148, 2021-06-16T11:13:29.5585640+08:00, 0, 8.682408, 49.24039, 1, 1, 1, False
32.59946, 2021-06-16T11:13:29.5665490+08:00, 0, 8.682408, 49.24039, 1, 1, 1, False
32.60742, 2021-06-16T11:13:29.5745580+08:00, 0, 8.682408, 49.24039, 1, 1, 1, False
32.61544, 2021-06-16T11:13:29.5825270+08:00, 0, 8.682408, 49.24039, 1, 1, 1, False
32.62339, 2021-06-16T11:13:29.5905000+08:00, 0, 8.682408, 49.24039, 1, 1, 1, False
32.63106, 2021-06-16T11:13:29.5981380+08:00, 0, 8.682408, 49.24039, 1, 1, 1, False
32.63501, 2021-06-16T11:13:29.6020810+08:00, 0, 8.682408, 49.24039, 1, 1, 1, False
32.63908, 2021-06-16T11:13:29.6062600+08:00, 0, 8.682408, 49.24039, 1, 1, 1, False
32.64608, 2021-06-16T11:13:29.6132300+08:00, 0, 8.682408, 49.24039, 1, 1, 1, False
32.65524, 2021-06-16T11:13:29.6224150+08:00, 0, 8.682408, 49.24039, 1, 1, 1, False
32.6652, 2021-06-16T11:13:29.6323380+08:00, 0, 8.682408, 49.24039, 1, 1, 1, False
32.67472, 2021-06-16T11:13:29.6418450+08:00, 0, 8.682408, 49.24039, 1, 1, 1, False
32.68348, 2021-06-16T11:13:29.6506170+08:00, 0, 8.682408, 49.24039, 1, 1, 1, False
32.69337, 2021-06-16T11:13:29.6604610+08:00, 0, 8.682408, 49.24039, 1, 1, 1, False
32.70416, 2021-06-16T11:13:29.6714040+08:00, 0, 8.682408, 49.24039, 1, 1, 1, False
32.71312, 2021-06-16T11:13:29.6802120+08:00, 0, 8.682408, 49.24039, 1, 1, 1, False
32.723, 2021-06-16T11:13:29.6901590+08:00, 0, 8.682408, 49.24039, 1, 1, 1, False
32.7329, 2021-06-16T11:13:29.6999840+08:00, 0, 8.682408, 49.24039, 1, 1, 1, False
32.7425, 2021-06-16T11:13:29.7096160+08:00, 0, 8.682408, 49.24039, 1, 1, 1, False
32.7525, 2021-06-16T11:13:29.7195900+08:00, 0, 8.682408, 49.24039, 1, 1, 1, False
32.76194, 2021-06-16T11:13:29.7290670+08:00, 0, 8.682408, 49.24039, 1, 1, 1, False
32.77134, 2021-06-16T11:13:29.7384250+08:00, 0, 8.682408, 49.24039, 1, 1, 1, False
32.78119, 2021-06-16T11:13:29.7483290+08:00, 0, 8.682408, 49.24039, 1, 1, 1, False
32.79, 2021-06-16T11:13:29.7571090+08:00, 0, 8.682408, 49.24039, 1, 1, 1, False
32.80087, 2021-06-16T11:13:29.7680200+08:00, 0, 8.682408, 49.24039, 1, 1, 1, False
32.8098, 2021-06-16T11:13:29.7769230+08:00, 0, 8.682408, 49.24039, 1, 1, 1, False
32.8201, 2021-06-16T11:13:29.7872320+08:00, 0, 8.682408, 49.24039, 1, 1, 1, False
32.82899, 2021-06-16T11:13:29.7960920+08:00, 0, 8.682408, 49.24039, 1, 1, 1, False
32.83916, 2021-06-16T11:13:29.8062430+08:00, 0, 8.682408, 49.24039, 1, 1, 1, False
32.8488, 2021-06-16T11:13:29.8159360+08:00, 0, 8.682408, 49.24039, 1, 1, 1, False
32.89554, 2021-06-16T11:13:29.8627100+08:00, 0, 8.682408, 49.24039, 1, 1, 1, False
32.89944, 2021-06-16T11:13:29.8665120+08:00, 0, 8.682408, 49.24039, 1, 1, 1, False
32.90709, 2021-06-16T11:13:29.8742200+08:00, 0, 8.682408, 49.24039, 1, 1, 1, False
32.914, 2021-06-16T11:13:29.8810930+08:00, 0, 8.682408, 49.24039, 1, 1, 1, False
32.91902, 2021-06-16T11:13:29.8861730+08:00, 0, 8.682408, 49.24039, 1, 1, 1, False
32.92297, 2021-06-16T11:13:29.8900550+08:00, 0, 8.682408, 49.24039, 1, 1, 1, False
32.92717, 2021-06-16T11:13:29.8942460+08:00, 0, 8.682408, 49.24039, 1, 1, 1, False
32.9375, 2021-06-16T11:13:29.9045840+08:00, 0, 8.682408, 49.24039, 1, 1, 1, False
32.94722, 2021-06-16T11:13:29.9143960+08:00, 0, 8.682408, 49.24039, 1, 1, 1, False
32.95626, 2021-06-16T11:13:29.9233510+08:00, 0, 8.682408, 49.24039, 1, 1, 1, False
32.96689, 2021-06-16T11:13:29.9340970+08:00, 0, 8.682408, 49.24039, 1, 1, 1, False
32.97586, 2021-06-16T11:13:29.9430050+08:00, 0, 8.682408, 49.24039, 1, 1, 1, False
32.98631, 2021-06-16T11:13:29.9534340+08:00, 0, 8.682408, 49.24039, 1, 1, 1, False
32.99539, 2021-06-16T11:13:29.9624700+08:00, 0, 8.682408, 49.24039, 1, 1, 1, False
33.0048, 2021-06-16T11:13:29.9719530+08:00, 0, 8.682408, 49.24039, 1, 1, 1, False
33.01548, 2021-06-16T11:13:29.9825720+08:00, 0, 8.682408, 49.24039, 1, 1, 1, False
33.02435, 2021-06-16T11:13:29.9914790+08:00, 0, 8.682408, 49.24039, 1, 1, 1, False
33.03518, 2021-06-16T11:13:30.0022890+08:00, 0, 8.682408, 49.24039, 1, 1, 1, False
33.04403, 2021-06-16T11:13:30.0111740+08:00, 0, 8.682408, 49.24039, 1, 1, 1, False
33.0541, 2021-06-16T11:13:30.0211880+08:00, 0, 8.682408, 49.24039, 1, 1, 1, False
33.06411, 2021-06-16T11:13:30.0312640+08:00, 0, 8.682408, 49.24039, 1, 1, 1, False
33.07291, 2021-06-16T11:13:30.0400080+08:00, 0, 8.682408, 49.24039, 1, 1, 1, False
33.08317, 2021-06-16T11:13:30.0503070+08:00, 0, 8.682408, 49.24039, 1, 1, 1, False
33.09215, 2021-06-16T11:13:30.0592550+08:00, 0, 8.682408, 49.24039, 1, 1, 1, False
33.10171, 2021-06-16T11:13:30.0688500+08:00, 0, 8.682408, 49.24039, 1, 1, 1, False
33.11155, 2021-06-16T11:13:30.0786470+08:00, 0, 8.682408, 49.24039, 1, 1, 1, False
33.12123, 2021-06-16T11:13:30.0883620+08:00, 0, 8.682408, 49.24039, 1, 1, 1, False
33.13142, 2021-06-16T11:13:30.0985050+08:00, 0, 8.682408, 49.24039, 1, 1, 1, False
33.14036, 2021-06-16T11:13:30.1074580+08:00, 0, 8.682408, 49.24039, 1, 1, 1, False
33.15065, 2021-06-16T11:13:30.1177460+08:00, 0, 8.682408, 49.24039, 1, 1, 1, False
33.16033, 2021-06-16T11:13:30.1274840+08:00, 0, 8.682408, 49.24039, 1, 1, 1, False
33.20318, 2021-06-16T11:13:30.1704720+08:00, 0, 8.682408, 49.24039, 1, 1, 1, False
33.21151, 2021-06-16T11:13:30.1785910+08:00, 0, 8.682408, 49.24039, 1, 1, 1, False
33.21948, 2021-06-16T11:13:30.1865840+08:00, 0, 8.682408, 49.24039, 1, 1, 1, False
33.22744, 2021-06-16T11:13:30.1945930+08:00, 0, 8.682408, 49.24039, 1, 1, 1, False
33.23508, 2021-06-16T11:13:30.2021590+08:00, 0, 8.682408, 49.24039, 1, 1, 1, False
33.23896, 2021-06-16T11:13:30.2060300+08:00, 0, 8.682408, 49.24039, 1, 1, 1, False
33.24295, 2021-06-16T11:13:30.2100720+08:00, 0, 8.682408, 49.24039, 1, 1, 1, False
33.247, 2021-06-16T11:13:30.2140810+08:00, 0, 8.682408, 49.24039, 1, 1, 1, False
33.25561, 2021-06-16T11:13:30.2227290+08:00, 0, 8.682408, 49.24039, 1, 1, 1, False
33.26547, 2021-06-16T11:13:30.2326080+08:00, 0, 8.682408, 49.24039, 1, 1, 1, False
33.27409, 2021-06-16T11:13:30.2413040+08:00, 0, 8.682408, 49.24039, 1, 1, 1, False
33.28413, 2021-06-16T11:13:30.2512730+08:00, 0, 8.682408, 49.24039, 1, 1, 1, False
33.29377, 2021-06-16T11:13:30.2608950+08:00, 0, 8.682408, 49.24039, 1, 1, 1, False
33.30263, 2021-06-16T11:13:30.2697720+08:00, 0, 8.682408, 49.24039, 1, 1, 1, False
33.31293, 2021-06-16T11:13:30.2800210+08:00, 0, 8.682408, 49.24039, 1, 1, 1, False
33.32241, 2021-06-16T11:13:30.2895660+08:00, 0, 8.682408, 49.24039, 1, 1, 1, False
33.33129, 2021-06-16T11:13:30.2983740+08:00, 0, 8.682408, 49.24039, 1, 1, 1, False
33.34085, 2021-06-16T11:13:30.3079880+08:00, 0, 8.682408, 49.24039, 1, 1, 1, False
33.35127, 2021-06-16T11:13:30.3183600+08:00, 0, 8.682408, 49.24039, 1, 1, 1, False
33.36076, 2021-06-16T11:13:30.3279060+08:00, 0, 8.682408, 49.24039, 1, 1, 1, False
33.36968, 2021-06-16T11:13:30.3367720+08:00, 0, 8.682408, 49.24039, 1, 1, 1, False
33.38001, 2021-06-16T11:13:30.3471650+08:00, 0, 8.682408, 49.24039, 1, 1, 1, False
33.38926, 2021-06-16T11:13:30.3563570+08:00, 0, 8.682408, 49.24039, 1, 1, 1, False
33.3987, 2021-06-16T11:13:30.3657850+08:00, 0, 8.682408, 49.24039, 1, 1, 1, False
33.4082, 2021-06-16T11:13:30.3753960+08:00, 0, 8.682408, 49.24039, 1, 1, 1, False
33.41882, 2021-06-16T11:13:30.3859310+08:00, 0, 8.682408, 49.24039, 1, 1, 1, False
33.42756, 2021-06-16T11:13:30.3946920+08:00, 0, 8.682408, 49.24039, 1, 1, 1, False
33.43692, 2021-06-16T11:13:30.4040030+08:00, 0, 8.682408, 49.24039, 1, 1, 1, False
33.44703, 2021-06-16T11:13:30.4142140+08:00, 0, 8.682408, 49.24039, 1, 1, 1, False
33.45592, 2021-06-16T11:13:30.4230110+08:00, 0, 8.682408, 49.24039, 1, 1, 1, False
33.46646, 2021-06-16T11:13:30.4335690+08:00, 0, 8.682408, 49.24039, 1, 1, 1, False
33.51521, 2021-06-16T11:13:30.4823520+08:00, 0, 8.682408, 49.24039, 1, 1, 1, False
33.5189, 2021-06-16T11:13:30.4859720+08:00, 0, 8.682408, 49.24039, 1, 1, 1, False
33.52304, 2021-06-16T11:13:30.4901450+08:00, 0, 8.682408, 49.24039, 1, 1, 1, False
33.52704, 2021-06-16T11:13:30.4941480+08:00, 0, 8.682408, 49.24039, 1, 1, 1, False
33.53125, 2021-06-16T11:13:30.4983350+08:00, 0, 8.682408, 49.24039, 1, 1, 1, False
33.53703, 2021-06-16T11:13:30.5041210+08:00, 0, 8.682408, 49.24039, 1, 1, 1, False
33.54654, 2021-06-16T11:13:30.5136800+08:00, 0, 8.682408, 49.24039, 1, 1, 1, False
33.5569, 2021-06-16T11:13:30.5239950+08:00, 0, 8.682408, 49.24039, 1, 1, 1, False
33.56608, 2021-06-16T11:13:30.5332720+08:00, 0, 8.682408, 49.24039, 1, 1, 1, False
33.57554, 2021-06-16T11:13:30.5426900+08:00, 0, 8.682408, 49.24039, 1, 1, 1, False
33.58604, 2021-06-16T11:13:30.5531790+08:00, 0, 8.682408, 49.24039, 1, 1, 1, False
33.59496, 2021-06-16T11:13:30.5621610+08:00, 0, 8.682408, 49.24039, 1, 1, 1, False
33.60583, 2021-06-16T11:13:30.5729870+08:00, 0, 8.682408, 49.24039, 1, 1, 1, False
33.61506, 2021-06-16T11:13:30.5821460+08:00, 0, 8.682408, 49.24039, 1, 1, 1, False
33.62415, 2021-06-16T11:13:30.5912820+08:00, 0, 8.682408, 49.24039, 1, 1, 1, False
33.63444, 2021-06-16T11:13:30.6015390+08:00, 0, 8.682408, 49.24039, 1, 1, 1, False
33.64325, 2021-06-16T11:13:30.6103590+08:00, 0, 8.682408, 49.24039, 1, 1, 1, False
33.65384, 2021-06-16T11:13:30.6209210+08:00, 0, 8.682408, 49.24039, 1, 1, 1, False
33.6628, 2021-06-16T11:13:30.6299170+08:00, 0, 8.682408, 49.24039, 1, 1, 1, False
33.67282, 2021-06-16T11:13:30.6399100+08:00, 0, 8.682408, 49.24039, 1, 1, 1, False
33.68158, 2021-06-16T11:13:30.6486910+08:00, 0, 8.682408, 49.24039, 1, 1, 1, False
33.69155, 2021-06-16T11:13:30.6586420+08:00, 0, 8.682408, 49.24039, 1, 1, 1, False
33.70201, 2021-06-16T11:13:30.6691560+08:00, 0, 8.682408, 49.24039, 1, 1, 1, False
33.71079, 2021-06-16T11:13:30.6778800+08:00, 0, 8.682408, 49.24039, 1, 1, 1, False
33.72738, 2021-06-16T11:13:30.6944900+08:00, 0, 8.682408, 49.24039, 1, 1, 1, False
33.73932, 2021-06-16T11:13:30.7064150+08:00, 0, 8.682408, 49.24039, 1, 1, 1, False
33.74729, 2021-06-16T11:13:30.7144220+08:00, 0, 8.682408, 49.24039, 1, 1, 1, False
33.75947, 2021-06-16T11:13:30.7265490+08:00, 0, 8.682408, 49.24039, 1, 1, 1, False
33.77124, 2021-06-16T11:13:30.7383730+08:00, 0, 8.682408, 49.24039, 1, 1, 1, False
33.78503, 2021-06-16T11:13:30.7521620+08:00, 0, 8.682408, 49.24039, 1, 1, 1, False
33.7956, 2021-06-16T11:13:30.7626800+08:00, 0, 8.682408, 49.24039, 1, 1, 1, False
33.85159, 2021-06-16T11:13:30.8190990+08:00, 0, 8.682408, 49.24039, 1, 1, 1, False
33.85951, 2021-06-16T11:13:30.8266460+08:00, 0, 8.682408, 49.24039, 1, 1, 1, False
33.86729, 2021-06-16T11:13:30.8344320+08:00, 0, 8.682408, 49.24039, 1, 1, 1, False
33.87595, 2021-06-16T11:13:30.8432200+08:00, 0, 8.682408, 49.24039, 1, 1, 1, False
33.8843, 2021-06-16T11:13:30.8547240+08:00, 0, 8.682408, 49.24039, 1, 1, 1, False
33.89635, 2021-06-16T11:13:30.8665390+08:00, 0, 8.682408, 49.24039, 1, 1, 1, False
33.90746, 2021-06-16T11:13:30.8778740+08:00, 0, 8.682408, 49.24039, 1, 1, 1, False
33.91959, 2021-06-16T11:13:30.8898400+08:00, 0, 8.682408, 49.24039, 1, 1, 1, False
33.93163, 2021-06-16T11:13:30.9079070+08:00, 0, 8.682408, 49.24039, 1, 1, 1, False
33.94795, 2021-06-16T11:13:30.9150860+08:00, 0, 8.682408, 49.24039, 1, 1, 1, False
33.95579, 2021-06-16T11:13:30.9228790+08:00, 0, 8.682408, 49.24039, 1, 1, 1, False
33.964, 2021-06-16T11:13:30.9311600+08:00, 0, 8.682408, 49.24039, 1, 1, 1, False
33.97136, 2021-06-16T11:13:30.9384390+08:00, 0, 8.682408, 49.24039, 1, 1, 1, False
33.97951, 2021-06-16T11:13:30.9470870+08:00, 0, 8.682408, 49.24039, 1, 1, 1, False
33.98741, 2021-06-16T11:13:30.9545440+08:00, 0, 8.682408, 49.24039, 1, 1, 1, False
33.99503, 2021-06-16T11:13:30.9621680+08:00, 0, 8.682408, 49.24039, 1, 1, 1, False
34.00444, 2021-06-16T11:13:30.9715750+08:00, 0, 8.682408, 49.24039, 1, 1, 1, False
34.01424, 2021-06-16T11:13:30.9813370+08:00, 0, 8.682408, 49.24039, 1, 1, 1, False
34.02334, 2021-06-16T11:13:30.9905290+08:00, 0, 8.682408, 49.24039, 1, 1, 1, False
34.03213, 2021-06-16T11:13:30.9992800+08:00, 0, 8.682408, 49.24039, 1, 1, 1, False
34.04381, 2021-06-16T11:13:31.0109550+08:00, 0, 8.682408, 49.24039, 1, 1, 1, False
34.05112, 2021-06-16T11:13:31.0182030+08:00, 0, 8.682408, 49.24039, 1, 1, 1, False
34.05954, 2021-06-16T11:13:31.0266190+08:00, 0, 8.682408, 49.24039, 1, 1, 1, False
34.06736, 2021-06-16T11:13:31.0345320+08:00, 0, 8.682408, 49.24039, 1, 1, 1, False
34.0758, 2021-06-16T11:13:31.0429140+08:00, 0, 8.682408, 49.24039, 1, 1, 1, False
34.08345, 2021-06-16T11:13:31.0505740+08:00, 0, 8.682408, 49.24039, 1, 1, 1, False
34.09216, 2021-06-16T11:13:31.0592490+08:00, 0, 8.682408, 49.24039, 1, 1, 1, False
34.10173, 2021-06-16T11:13:31.0688910+08:00, 0, 8.682408, 49.24039, 1, 1, 1, False
34.11205, 2021-06-16T11:13:31.0791940+08:00, 0, 8.682408, 49.24039, 1, 1, 1, False
34.12077, 2021-06-16T11:13:31.0878730+08:00, 0, 8.682408, 49.24039, 1, 1, 1, False
34.13012, 2021-06-16T11:13:31.0972290+08:00, 0, 8.682408, 49.24039, 1, 1, 1, False
34.18409, 2021-06-16T11:13:31.1512480+08:00, 0, 8.682408, 49.24039, 1, 1, 1, False
34.19168, 2021-06-16T11:13:31.1587920+08:00, 0, 8.682408, 49.24039, 1, 1, 1, False
34.19922, 2021-06-16T11:13:31.1665410+08:00, 0, 8.682408, 49.24039, 1, 1, 1, False
34.20781, 2021-06-16T11:13:31.1750070+08:00, 0, 8.682408, 49.24039, 1, 1, 1, False
34.21578, 2021-06-16T11:13:31.1828900+08:00, 0, 8.682408, 49.24039, 1, 1, 1, False
34.22362, 2021-06-16T11:13:31.1907600+08:00, 0, 8.682408, 49.24039, 1, 1, 1, False
34.23197, 2021-06-16T11:13:31.1990630+08:00, 0, 8.682408, 49.24039, 1, 1, 1, False
34.23906, 2021-06-16T11:13:31.2062020+08:00, 0, 8.682408, 49.24039, 1, 1, 1, False
34.24742, 2021-06-16T11:13:31.2145430+08:00, 0, 8.682408, 49.24039, 1, 1, 1, False
34.25543, 2021-06-16T11:13:31.2227320+08:00, 0, 8.682408, 49.24039, 1, 1, 1, False
34.26351, 2021-06-16T11:13:31.2306370+08:00, 0, 8.682408, 49.24039, 1, 1, 1, False
34.2716, 2021-06-16T11:13:31.2386950+08:00, 0, 8.682408, 49.24039, 1, 1, 1, False
34.2808, 2021-06-16T11:13:31.2480370+08:00, 0, 8.682408, 49.24039, 1, 1, 1, False
34.28725, 2021-06-16T11:13:31.2543480+08:00, 0, 8.682408, 49.24039, 1, 1, 1, False
34.29627, 2021-06-16T11:13:31.2633540+08:00, 0, 8.682408, 49.24039, 1, 1, 1, False
34.30519, 2021-06-16T11:13:31.2723300+08:00, 0, 8.682408, 49.24039, 1, 1, 1, False
34.31466, 2021-06-16T11:13:31.2817540+08:00, 0, 8.682408, 49.24039, 1, 1, 1, False
34.32475, 2021-06-16T11:13:31.2919010+08:00, 0, 8.682408, 49.24039, 1, 1, 1, False
34.33501, 2021-06-16T11:13:31.3021130+08:00, 0, 8.682408, 49.24039, 1, 1, 1, False
34.34389, 2021-06-16T11:13:31.3110410+08:00, 0, 8.682408, 49.24039, 1, 1, 1, False
34.35415, 2021-06-16T11:13:31.3212450+08:00, 0, 8.682408, 49.24039, 1, 1, 1, False
34.36408, 2021-06-16T11:13:31.3312100+08:00, 0, 8.682408, 49.24039, 1, 1, 1, False
34.37287, 2021-06-16T11:13:31.3399610+08:00, 0, 8.682408, 49.24039, 1, 1, 1, False
34.38329, 2021-06-16T11:13:31.3505020+08:00, 0, 8.682408, 49.24039, 1, 1, 1, False
34.39245, 2021-06-16T11:13:31.3595340+08:00, 0, 8.682408, 49.24039, 1, 1, 1, False
34.40282, 2021-06-16T11:13:31.3699750+08:00, 0, 8.682408, 49.24039, 1, 1, 1, False
34.41169, 2021-06-16T11:13:31.3787710+08:00, 0, 8.682408, 49.24039, 1, 1, 1, False
34.42171, 2021-06-16T11:13:31.3888700+08:00, 0, 8.682408, 49.24039, 1, 1, 1, False
34.43169, 2021-06-16T11:13:31.3987730+08:00, 0, 8.682408, 49.24039, 1, 1, 1, False
34.44058, 2021-06-16T11:13:31.4077010+08:00, 0, 8.682408, 49.24039, 1, 1, 1, False
34.45509, 2021-06-16T11:13:31.4221890+08:00, 0, 8.682408, 49.24039, 1, 1, 1, False
34.50383, 2021-06-16T11:13:31.4709870+08:00, 0, 8.682408, 49.24039, 1, 1, 1, False
34.51362, 2021-06-16T11:13:31.4807180+08:00, 0, 8.682408, 49.24039, 1, 1, 1, False
34.51934, 2021-06-16T11:13:31.4864280+08:00, 0, 8.682408, 49.24039, 1, 1, 1, False
34.52728, 2021-06-16T11:13:31.4943920+08:00, 0, 8.682408, 49.24039, 1, 1, 1, False
34.53527, 2021-06-16T11:13:31.5023490+08:00, 0, 8.682408, 49.24039, 1, 1, 1, False
34.53909, 2021-06-16T11:13:31.5061660+08:00, 0, 8.682408, 49.24039, 1, 1, 1, False
34.54308, 2021-06-16T11:13:31.5101770+08:00, 0, 8.682408, 49.24039, 1, 1, 1, False
34.5475, 2021-06-16T11:13:31.5145780+08:00, 0, 8.682408, 49.24039, 1, 1, 1, False
34.5569, 2021-06-16T11:13:31.5240540+08:00, 0, 8.682408, 49.24039, 1, 1, 1, False
34.56695, 2021-06-16T11:13:31.5341680+08:00, 0, 8.682408, 49.24039, 1, 1, 1, False
34.57738, 2021-06-16T11:13:31.5445840+08:00, 0, 8.682408, 49.24039, 1, 1, 1, False
34.58625, 2021-06-16T11:13:31.5533770+08:00, 0, 8.682408, 49.24039, 1, 1, 1, False
34.59599, 2021-06-16T11:13:31.5631340+08:00, 0, 8.682408, 49.24039, 1, 1, 1, False
34.60638, 2021-06-16T11:13:31.5735490+08:00, 0, 8.682408, 49.24039, 1, 1, 1, False
34.61617, 2021-06-16T11:13:31.5833000+08:00, 0, 8.682408, 49.24039, 1, 1, 1, False
34.62536, 2021-06-16T11:13:31.5924780+08:00, 0, 8.682408, 49.24039, 1, 1, 1, False
34.63512, 2021-06-16T11:13:31.6022100+08:00, 0, 8.682408, 49.24039, 1, 1, 1, False
34.64487, 2021-06-16T11:13:31.6120030+08:00, 0, 8.682408, 49.24039, 1, 1, 1, False
34.65405, 2021-06-16T11:13:31.6211500+08:00, 0, 8.682408, 49.24039, 1, 1, 1, False
34.66359, 2021-06-16T11:13:31.6307490+08:00, 0, 8.682408, 49.24039, 1, 1, 1, False
34.67359, 2021-06-16T11:13:31.6406860+08:00, 0, 8.682408, 49.24039, 1, 1, 1, False
34.68379, 2021-06-16T11:13:31.6509550+08:00, 0, 8.682408, 49.24039, 1, 1, 1, False
34.69268, 2021-06-16T11:13:31.6597610+08:00, 0, 8.682408, 49.24039, 1, 1, 1, False
34.70222, 2021-06-16T11:13:31.6693640+08:00, 0, 8.682408, 49.24039, 1, 1, 1, False
34.71256, 2021-06-16T11:13:31.6796750+08:00, 0, 8.682408, 49.24039, 1, 1, 1, False
34.72152, 2021-06-16T11:13:31.6886620+08:00, 0, 8.682408, 49.24039, 1, 1, 1, False
34.7319, 2021-06-16T11:13:31.6989960+08:00, 0, 8.682408, 49.24039, 1, 1, 1, False
34.74069, 2021-06-16T11:13:31.7078180+08:00, 0, 8.682408, 49.24039, 1, 1, 1, False
34.75119, 2021-06-16T11:13:31.7183010+08:00, 0, 8.682408, 49.24039, 1, 1, 1