t, x , y, z , scale_x, scale_y, scale_z, stimulusOn
300.1075, 2021-06-16T10:44:50.7766200+08:00, 0, 7.894562, 49.37931, 1, 1, 1, False
300.2035, 2021-06-16T10:44:50.8726230+08:00, 0, 7.894562, 49.37931, 1, 1, 1, False
300.2442, 2021-06-16T10:44:50.9133060+08:00, 0, 7.894562, 49.37931, 1, 1, 1, False
300.2505, 2021-06-16T10:44:50.9195440+08:00, 0, 7.894562, 49.37931, 1, 1, 1, False
300.2863, 2021-06-16T10:44:50.9552790+08:00, 0, 7.894562, 49.37931, 1, 1, 1, False
300.2903, 2021-06-16T10:44:50.9592750+08:00, 0, 7.894562, 49.37931, 1, 1, 1, False
300.2941, 2021-06-16T10:44:50.9630900+08:00, 0, 7.894562, 49.37931, 1, 1, 1, False
300.2983, 2021-06-16T10:44:50.9673020+08:00, 0, 7.894562, 49.37931, 1, 1, 1, False
300.302, 2021-06-16T10:44:50.9709780+08:00, 0, 7.894562, 49.37931, 1, 1, 1, False
300.3062, 2021-06-16T10:44:50.9752190+08:00, 0, 7.894562, 49.37931, 1, 1, 1, False
300.3105, 2021-06-16T10:44:50.9794260+08:00, 0, 7.894562, 49.37931, 1, 1, 1, False
300.3142, 2021-06-16T10:44:50.9832250+08:00, 0, 7.894562, 49.37931, 1, 1, 1, False
300.3183, 2021-06-16T10:44:50.9872920+08:00, 0, 7.894562, 49.37931, 1, 1, 1, False
300.3223, 2021-06-16T10:44:50.9913350+08:00, 0, 7.894562, 49.37931, 1, 1, 1, False
300.3263, 2021-06-16T10:44:50.9952940+08:00, 0, 7.894562, 49.37931, 1, 1, 1, False
300.3302, 2021-06-16T10:44:50.9991670+08:00, 0, 7.894562, 49.37931, 1, 1, 1, False
300.3343, 2021-06-16T10:44:51.0032440+08:00, 0, 7.894562, 49.37931, 1, 1, 1, False
300.3388, 2021-06-16T10:44:51.0078660+08:00, 0, 7.894562, 49.37931, 1, 1, 1, False
300.3434, 2021-06-16T10:44:51.0124870+08:00, 0, 7.894562, 49.37931, 1, 1, 1, False
300.3505, 2021-06-16T10:44:51.0195140+08:00, 0, 7.894562, 49.37931, 1, 1, 1, False
300.3541, 2021-06-16T10:44:51.0232190+08:00, 0, 7.894562, 49.37931, 1, 1, 1, False
300.3583, 2021-06-16T10:44:51.0273140+08:00, 0, 7.894562, 49.37931, 1, 1, 1, False
300.3624, 2021-06-16T10:44:51.0314230+08:00, 0, 7.894562, 49.37931, 1, 1, 1, False
300.3663, 2021-06-16T10:44:51.0352960+08:00, 0, 7.894562, 49.37931, 1, 1, 1, False
300.3701, 2021-06-16T10:44:51.0390960+08:00, 0, 7.894562, 49.37931, 1, 1, 1, False
300.3741, 2021-06-16T10:44:51.0430530+08:00, 0, 7.894562, 49.37931, 1, 1, 1, False
300.3784, 2021-06-16T10:44:51.0474260+08:00, 0, 7.894562, 49.37931, 1, 1, 1, False
300.3823, 2021-06-16T10:44:51.0513090+08:00, 0, 7.894562, 49.37931, 1, 1, 1, False
300.3864, 2021-06-16T10:44:51.0553880+08:00, 0, 7.894562, 49.37931, 1, 1, 1, False
300.3903, 2021-06-16T10:44:51.0592970+08:00, 0, 7.894562, 49.37931, 1, 1, 1, False
300.3941, 2021-06-16T10:44:51.0631150+08:00, 0, 7.894562, 49.37931, 1, 1, 1, False
300.3984, 2021-06-16T10:44:51.0673960+08:00, 0, 7.894562, 49.37931, 1, 1, 1, False
300.4022, 2021-06-16T10:44:51.0711670+08:00, 0, 7.894562, 49.37931, 1, 1, 1, False
300.4063, 2021-06-16T10:44:51.0753170+08:00, 0, 7.894562, 49.37931, 1, 1, 1, False
300.4106, 2021-06-16T10:44:51.0795520+08:00, 0, 7.894562, 49.37931, 1, 1, 1, False
300.4503, 2021-06-16T10:44:51.1195160+08:00, 0, 7.894562, 49.37931, 1, 1, 1, False
300.4555, 2021-06-16T10:44:51.1245080+08:00, 0, 7.894562, 49.37931, 1, 1, 1, False
300.4627, 2021-06-16T10:44:51.1316890+08:00, 0, 7.894562, 49.37931, 1, 1, 1, False
300.4661, 2021-06-16T10:44:51.1351240+08:00, 0, 7.894562, 49.37931, 1, 1, 1, False
300.4701, 2021-06-16T10:44:51.1390690+08:00, 0, 7.894562, 49.37931, 1, 1, 1, False
300.4744, 2021-06-16T10:44:51.1433670+08:00, 0, 7.894562, 49.37931, 1, 1, 1, False
300.4784, 2021-06-16T10:44:51.1473850+08:00, 0, 7.894562, 49.37931, 1, 1, 1, False
300.4824, 2021-06-16T10:44:51.1514020+08:00, 0, 7.894562, 49.37931, 1, 1, 1, False
300.4862, 2021-06-16T10:44:51.1551560+08:00, 0, 7.894562, 49.37931, 1, 1, 1, False
300.4902, 2021-06-16T10:44:51.1592170+08:00, 0, 7.894562, 49.37931, 1, 1, 1, False
300.4943, 2021-06-16T10:44:51.1633120+08:00, 0, 7.894562, 49.37931, 1, 1, 1, False
300.4982, 2021-06-16T10:44:51.1671980+08:00, 0, 7.894562, 49.37931, 1, 1, 1, False
300.5024, 2021-06-16T10:44:51.1713830+08:00, 0, 7.894562, 49.37931, 1, 1, 1, False
300.5064, 2021-06-16T10:44:51.1753830+08:00, 0, 7.894562, 49.37931, 1, 1, 1, False
300.5101, 2021-06-16T10:44:51.1791290+08:00, 0, 7.894562, 49.37931, 1, 1, 1, False
300.5143, 2021-06-16T10:44:51.1832470+08:00, 0, 7.894562, 49.37931, 1, 1, 1, False
300.5183, 2021-06-16T10:44:51.1873440+08:00, 0, 7.894562, 49.37931, 1, 1, 1, False
300.5223, 2021-06-16T10:44:51.1913970+08:00, 0, 7.894562, 49.37931, 1, 1, 1, False
300.5263, 2021-06-16T10:44:51.1953570+08:00, 0, 7.894562, 49.37931, 1, 1, 1, False
300.5303, 2021-06-16T10:44:51.1992800+08:00, 0, 7.894562, 49.37931, 1, 1, 1, False
300.5343, 2021-06-16T10:44:51.2033130+08:00, 0, 7.894562, 49.37931, 1, 1, 1, False
300.5383, 2021-06-16T10:44:51.2072990+08:00, 0, 7.894562, 49.37931, 1, 1, 1, False
300.5423, 2021-06-16T10:44:51.2113110+08:00, 0, 7.894562, 49.37931, 1, 1, 1, False
300.5464, 2021-06-16T10:44:51.2153480+08:00, 0, 7.894562, 49.37931, 1, 1, 1, False
300.5503, 2021-06-16T10:44:51.2192290+08:00, 0, 7.894562, 49.37931, 1, 1, 1, False
300.5542, 2021-06-16T10:44:51.2231610+08:00, 0, 7.894562, 49.37931, 1, 1, 1, False
300.5584, 2021-06-16T10:44:51.2273960+08:00, 0, 7.894562, 49.37931, 1, 1, 1, False
300.5625, 2021-06-16T10:44:51.2315050+08:00, 0, 7.894562, 49.37931, 1, 1, 1, False
300.5662, 2021-06-16T10:44:51.2351880+08:00, 0, 7.894562, 49.37931, 1, 1, 1, False
300.5703, 2021-06-16T10:44:51.2393110+08:00, 0, 7.894562, 49.37931, 1, 1, 1, False
300.5743, 2021-06-16T10:44:51.2433210+08:00, 0, 7.894562, 49.37931, 1, 1, 1, False
300.6107, 2021-06-16T10:44:51.2797410+08:00, 0, 7.894562, 49.37931, 1, 1, 1, False
300.6142, 2021-06-16T10:44:51.2831650+08:00, 0, 7.894562, 49.37931, 1, 1, 1, False
300.6186, 2021-06-16T10:44:51.2875790+08:00, 0, 7.894562, 49.37931, 1, 1, 1, False
300.6223, 2021-06-16T10:44:51.2913220+08:00, 0, 7.894562, 49.37931, 1, 1, 1, False
300.626, 2021-06-16T10:44:51.2950570+08:00, 0, 7.894562, 49.37931, 1, 1, 1, False
300.6306, 2021-06-16T10:44:51.2996700+08:00, 0, 7.894562, 49.37931, 1, 1, 1, False
300.6348, 2021-06-16T10:44:51.3038010+08:00, 0, 7.894562, 49.37931, 1, 1, 1, False
300.6383, 2021-06-16T10:44:51.3072590+08:00, 0, 7.894562, 49.37931, 1, 1, 1, False
300.6422, 2021-06-16T10:44:51.3111500+08:00, 0, 7.894562, 49.37931, 1, 1, 1, False
300.6461, 2021-06-16T10:44:51.3151380+08:00, 0, 7.894562, 49.37931, 1, 1, 1, False
300.65, 2021-06-16T10:44:51.3189330+08:00, 0, 7.894562, 49.37931, 1, 1, 1, False
300.6541, 2021-06-16T10:44:51.3230580+08:00, 0, 7.894562, 49.37931, 1, 1, 1, False
300.658, 2021-06-16T10:44:51.3269730+08:00, 0, 7.894562, 49.37931, 1, 1, 1, False
300.6624, 2021-06-16T10:44:51.3314450+08:00, 0, 7.894562, 49.37931, 1, 1, 1, False
300.6663, 2021-06-16T10:44:51.3352840+08:00, 0, 7.894562, 49.37931, 1, 1, 1, False
300.6702, 2021-06-16T10:44:51.3391520+08:00, 0, 7.894562, 49.37931, 1, 1, 1, False
300.6743, 2021-06-16T10:44:51.3434170+08:00, 0, 7.894562, 49.37931, 1, 1, 1, False
300.6783, 2021-06-16T10:44:51.3472820+08:00, 0, 7.894562, 49.37931, 1, 1, 1, False
300.6824, 2021-06-16T10:44:51.3513850+08:00, 0, 7.894562, 49.37931, 1, 1, 1, False
300.6863, 2021-06-16T10:44:51.3552430+08:00, 0, 7.894562, 49.37931, 1, 1, 1, False
300.6902, 2021-06-16T10:44:51.3592630+08:00, 0, 7.894562, 49.37931, 1, 1, 1, False
300.6942, 2021-06-16T10:44:51.3631300+08:00, 0, 7.894562, 49.37931, 1, 1, 1, False
300.6981, 2021-06-16T10:44:51.3670630+08:00, 0, 7.894562, 49.37931, 1, 1, 1, False
300.7023, 2021-06-16T10:44:51.3713550+08:00, 0, 7.894562, 49.37931, 1, 1, 1, False
300.7063, 2021-06-16T10:44:51.3753190+08:00, 0, 7.894562, 49.37931, 1, 1, 1, False
300.7101, 2021-06-16T10:44:51.3790180+08:00, 0, 7.894562, 49.37931, 1, 1, 1, False
300.7144, 2021-06-16T10:44:51.3833830+08:00, 0, 7.894562, 49.37931, 1, 1, 1, False
300.7183, 2021-06-16T10:44:51.3873020+08:00, 0, 7.894562, 49.37931, 1, 1, 1, False
300.7223, 2021-06-16T10:44:51.3913170+08:00, 0, 7.894562, 49.37931, 1, 1, 1, False
300.7264, 2021-06-16T10:44:51.3954110+08:00, 0, 7.894562, 49.37931, 1, 1, 1, False
300.7305, 2021-06-16T10:44:51.3994620+08:00, 0, 7.894562, 49.37931, 1, 1, 1, False
300.7704, 2021-06-16T10:44:51.4394860+08:00, 0, 7.894562, 49.37931, 1, 1, 1, False
300.7744, 2021-06-16T10:44:51.4434180+08:00, 0, 7.894562, 49.37931, 1, 1, 1, False
300.7783, 2021-06-16T10:44:51.4473000+08:00, 0, 7.894562, 49.37931, 1, 1, 1, False
300.7821, 2021-06-16T10:44:51.4511670+08:00, 0, 7.894562, 49.37931, 1, 1, 1, False
300.7863, 2021-06-16T10:44:51.4553390+08:00, 0, 7.894562, 49.37931, 1, 1, 1, False
300.7903, 2021-06-16T10:44:51.4592980+08:00, 0, 7.894562, 49.37931, 1, 1, 1, False
300.7944, 2021-06-16T10:44:51.4634280+08:00, 0, 7.894562, 49.37931, 1, 1, 1, False
300.8944, 2021-06-16T10:44:53.5356890+08:00, 0, 7.894562, 49.37931, 1, 1, 1, False
300.9454, 2021-06-16T10:44:53.5864030+08:00, 0, 7.894562, 49.37931, 1, 1, 1, False
300.9545, 2021-06-16T10:44:53.5954590+08:00, 0, 7.894562, 49.37931, 1, 1, 1, False
301.0081, 2021-06-16T10:44:53.6491750+08:00, 0, 7.894562, 49.37931, 1, 1, 1, False
301.0102, 2021-06-16T10:44:53.6511050+08:00, 0, 7.894562, 49.37931, 1, 1, 1, False
301.0145, 2021-06-16T10:44:53.6553840+08:00, 0, 7.894562, 49.37931, 1, 1, 1, False
301.0184, 2021-06-16T10:44:53.6592890+08:00, 0, 7.894562, 49.37931, 1, 1, 1, False
301.0223, 2021-06-16T10:44:53.6632230+08:00, 0, 7.894562, 49.37931, 1, 1, 1, False
301.0498, 2021-06-16T10:44:53.6908390+08:00, 0, 7.894562, 49.37931, 1, 1, 1, False
301.0543, 2021-06-16T10:44:53.6952170+08:00, 0, 7.894562, 49.37931, 1, 1, 1, False
301.0581, 2021-06-16T10:44:53.6990250+08:00, 0, 7.894562, 49.37931, 1, 1, 1, False
301.0624, 2021-06-16T10:44:53.7033430+08:00, 0, 7.894562, 49.37931, 1, 1, 1, False
301.0663, 2021-06-16T10:44:53.7072310+08:00, 0, 7.894562, 49.37931, 1, 1, 1, False
301.0703, 2021-06-16T10:44:53.7111620+08:00, 0, 7.894562, 49.37931, 1, 1, 1, False
301.0743, 2021-06-16T10:44:53.7152340+08:00, 0, 7.894562, 49.37931, 1, 1, 1, False
301.0784, 2021-06-16T10:44:53.7193110+08:00, 0, 7.894562, 49.37931, 1, 1, 1, False
301.0823, 2021-06-16T10:44:53.7232380+08:00, 0, 7.894562, 49.37931, 1, 1, 1, False
301.0863, 2021-06-16T10:44:53.7272560+08:00, 0, 7.894562, 49.37931, 1, 1, 1, False
301.0901, 2021-06-16T10:44:53.7309710+08:00, 0, 7.894562, 49.37931, 1, 1, 1, False
301.0941, 2021-06-16T10:44:53.7349750+08:00, 0, 7.894562, 49.37931, 1, 1, 1, False
301.0984, 2021-06-16T10:44:53.7392760+08:00, 0, 7.894562, 49.37931, 1, 1, 1, False
301.1024, 2021-06-16T10:44:53.7432440+08:00, 0, 7.894562, 49.37931, 1, 1, 1, False
301.106, 2021-06-16T10:44:53.7468930+08:00, 0, 7.894562, 49.37931, 1, 1, 1, False
301.1106, 2021-06-16T10:44:53.7514990+08:00, 0, 7.894562, 49.37931, 1, 1, 1, False
301.1425, 2021-06-16T10:44:53.7835000+08:00, 0, 7.894562, 49.37931, 1, 1, 1, False
301.1464, 2021-06-16T10:44:53.7872750+08:00, 0, 7.894562, 49.37931, 1, 1, 1, False
301.1503, 2021-06-16T10:44:53.7912170+08:00, 0, 7.894562, 49.37931, 1, 1, 1, False
301.1543, 2021-06-16T10:44:53.7951790+08:00, 0, 7.894562, 49.37931, 1, 1, 1, False
301.1584, 2021-06-16T10:44:53.7993290+08:00, 0, 7.894562, 49.37931, 1, 1, 1, False
301.1624, 2021-06-16T10:44:53.8032650+08:00, 0, 7.894562, 49.37931, 1, 1, 1, False
301.1662, 2021-06-16T10:44:53.8070260+08:00, 0, 7.894562, 49.37931, 1, 1, 1, False
301.1703, 2021-06-16T10:44:53.8111410+08:00, 0, 7.894562, 49.37931, 1, 1, 1, False
301.1744, 2021-06-16T10:44:53.8152770+08:00, 0, 7.894562, 49.37931, 1, 1, 1, False
301.1783, 2021-06-16T10:44:53.8192270+08:00, 0, 7.894562, 49.37931, 1, 1, 1, False
301.1821, 2021-06-16T10:44:53.8230290+08:00, 0, 7.894562, 49.37931, 1, 1, 1, False
301.1864, 2021-06-16T10:44:53.8273280+08:00, 0, 7.894562, 49.37931, 1, 1, 1, False
301.1904, 2021-06-16T10:44:53.8312890+08:00, 0, 7.894562, 49.37931, 1, 1, 1, False
301.1939, 2021-06-16T10:44:53.8348140+08:00, 0, 7.894562, 49.37931, 1, 1, 1, False
301.1984, 2021-06-16T10:44:53.8392830+08:00, 0, 7.894562, 49.37931, 1, 1, 1, False
301.2024, 2021-06-16T10:44:53.8433370+08:00, 0, 7.894562, 49.37931, 1, 1, 1, False
301.2063, 2021-06-16T10:44:53.8471730+08:00, 0, 7.894562, 49.37931, 1, 1, 1, False
301.21, 2021-06-16T10:44:53.8508330+08:00, 0, 7.894562, 49.37931, 1, 1, 1, False
301.2144, 2021-06-16T10:44:53.8553020+08:00, 0, 7.894562, 49.37931, 1, 1, 1, False
301.2183, 2021-06-16T10:44:53.8592880+08:00, 0, 7.894562, 49.37931, 1, 1, 1, False
301.2225, 2021-06-16T10:44:53.8634180+08:00, 0, 7.894562, 49.37931, 1, 1, 1, False
301.2265, 2021-06-16T10:44:53.8673770+08:00, 0, 7.894562, 49.37931, 1, 1, 1, False
301.2303, 2021-06-16T10:44:53.8711900+08:00, 0, 7.894562, 49.37931, 1, 1, 1, False
301.2343, 2021-06-16T10:44:53.8752370+08:00, 0, 7.894562, 49.37931, 1, 1, 1, False
301.2384, 2021-06-16T10:44:53.8792730+08:00, 0, 7.894562, 49.37931, 1, 1, 1, False
301.2425, 2021-06-16T10:44:53.8833710+08:00, 0, 7.894562, 49.37931, 1, 1, 1, False
301.2465, 2021-06-16T10:44:53.8873690+08:00, 0, 7.894562, 49.37931, 1, 1, 1, False
301.2503, 2021-06-16T10:44:53.8911530+08:00, 0, 7.894562, 49.37931, 1, 1, 1, False
301.254, 2021-06-16T10:44:53.8948380+08:00, 0, 7.894562, 49.37931, 1, 1, 1, False
301.2583, 2021-06-16T10:44:53.8992320+08:00, 0, 7.894562, 49.37931, 1, 1, 1, False
301.2624, 2021-06-16T10:44:53.9032810+08:00, 0, 7.894562, 49.37931, 1, 1, 1, False
301.2946, 2021-06-16T10:44:53.9355600+08:00, 0, 7.894562, 49.37931, 1, 1, 1, False
301.2984, 2021-06-16T10:44:53.9393110+08:00, 0, 7.894562, 49.37931, 1, 1, 1, False
301.3025, 2021-06-16T10:44:53.9433950+08:00, 0, 7.894562, 49.37931, 1, 1, 1, False
301.3064, 2021-06-16T10:44:53.9473160+08:00, 0, 7.894562, 49.37931, 1, 1, 1, False
301.3101, 2021-06-16T10:44:53.9509800+08:00, 0, 7.894562, 49.37931, 1, 1, 1, False
301.3145, 2021-06-16T10:44:53.9553720+08:00, 0, 7.894562, 49.37931, 1, 1, 1, False
301.3181, 2021-06-16T10:44:53.9590390+08:00, 0, 7.894562, 49.37931, 1, 1, 1, False
301.3221, 2021-06-16T10:44:53.9629600+08:00, 0, 7.894562, 49.37931, 1, 1, 1, False
301.3266, 2021-06-16T10:44:53.9674590+08:00, 0, 7.894562, 49.37931, 1, 1, 1, False
301.3303, 2021-06-16T10:44:53.9711230+08:00, 0, 7.894562, 49.37931, 1, 1, 1, False
301.3342, 2021-06-16T10:44:53.9751310+08:00, 0, 7.894562, 49.37931, 1, 1, 1, False
301.3384, 2021-06-16T10:44:53.9792930+08:00, 0, 7.894562, 49.37931, 1, 1, 1, False
301.3425, 2021-06-16T10:44:53.9833690+08:00, 0, 7.894562, 49.37931, 1, 1, 1, False
301.3465, 2021-06-16T10:44:53.9873680+08:00, 0, 7.894562, 49.37931, 1, 1, 1, False
301.3504, 2021-06-16T10:44:53.9912800+08:00, 0, 7.894562, 49.37931, 1, 1, 1, False
301.3544, 2021-06-16T10:44:53.9953040+08:00, 0, 7.894562, 49.37931, 1, 1, 1, False
301.3584, 2021-06-16T10:44:53.9992760+08:00, 0, 7.894562, 49.37931, 1, 1, 1, False
301.3622, 2021-06-16T10:44:54.0030490+08:00, 0, 7.894562, 49.37931, 1, 1, 1, False
301.3664, 2021-06-16T10:44:54.0073810+08:00, 0, 7.894562, 49.37931, 1, 1, 1, False
301.3705, 2021-06-16T10:44:54.0114610+08:00, 0, 7.894562, 49.37931, 1, 1, 1, False
301.3744, 2021-06-16T10:44:54.0152380+08:00, 0, 7.894562, 49.37931, 1, 1, 1, False
301.3781, 2021-06-16T10:44:54.0189970+08:00, 0, 7.894562, 49.37931, 1, 1, 1, False
301.3824, 2021-06-16T10:44:54.0232770+08:00, 0, 7.894562, 49.37931, 1, 1, 1, False
301.3863, 2021-06-16T10:44:54.0271900+08:00, 0, 7.894562, 49.37931, 1, 1, 1, False
301.3904, 2021-06-16T10:44:54.0312890+08:00, 0, 7.894562, 49.37931, 1, 1, 1, False
301.3943, 2021-06-16T10:44:54.0351380+08:00, 0, 7.894562, 49.37931, 1, 1, 1, False
301.3984, 2021-06-16T10:44:54.0392970+08:00, 0, 7.894562, 49.37931, 1, 1, 1, False
301.4034, 2021-06-16T10:44:54.0442730+08:00, 0, 7.894562, 49.37931, 1, 1, 1, False
301.4062, 2021-06-16T10:44:54.0470460+08:00, 0, 7.894562, 49.37931, 1, 1, 1, False
301.4103, 2021-06-16T10:44:54.0511900+08:00, 0, 7.894562, 49.37931, 1, 1, 1, False
301.4144, 2021-06-16T10:44:54.0553040+08:00, 0, 7.894562, 49.37931, 1, 1, 1, False
301.4466, 2021-06-16T10:44:54.0875290+08:00, 0, 7.894562, 49.37931, 1, 1, 1, False
301.4525, 2021-06-16T10:44:54.0934100+08:00, 0, 7.894562, 49.37931, 1, 1, 1, False
301.4584, 2021-06-16T10:44:54.0992760+08:00, 0, 7.894562, 49.37931, 1, 1, 1, False
301.4623, 2021-06-16T10:44:54.1032490+08:00, 0, 7.894562, 49.37931, 1, 1, 1, False
301.4662, 2021-06-16T10:44:54.1071370+08:00, 0, 7.894562, 49.37931, 1, 1, 1, False
301.4705, 2021-06-16T10:44:54.1113820+08:00, 0, 7.894562, 49.37931, 1, 1, 1, False
301.4742, 2021-06-16T10:44:54.1151540+08:00, 0, 7.894562, 49.37931, 1, 1, 1, False
301.4782, 2021-06-16T10:44:54.1191060+08:00, 0, 7.894562, 49.37931, 1, 1, 1, False
301.4824, 2021-06-16T10:44:54.1233000+08:00, 0, 7.894562, 49.37931, 1, 1, 1, False
301.4863, 2021-06-16T10:44:54.1271670+08:00, 0, 7.894562, 49.37931, 1, 1, 1, False
301.49, 2021-06-16T10:44:54.1308930+08:00, 0, 7.894562, 49.37931, 1, 1, 1, False
301.4947, 2021-06-16T10:44:54.1355920+08:00, 0, 7.894562, 49.37931, 1, 1, 1, False
301.4983, 2021-06-16T10:44:54.1393310+08:00, 0, 7.894562, 49.37931, 1, 1, 1, False
301.5023, 2021-06-16T10:44:54.1432200+08:00, 0, 7.894562, 49.37931, 1, 1, 1, False
301.5066, 2021-06-16T10:44:54.1474640+08:00, 0, 7.894562, 49.37931, 1, 1, 1, False
301.5102, 2021-06-16T10:44:54.1511360+08:00, 0, 7.894562, 49.37931, 1, 1, 1, False
301.5146, 2021-06-16T10:44:54.1556060+08:00, 0, 7.894562, 49.37931, 1, 1, 1, False
301.5188, 2021-06-16T10:44:54.1597550+08:00, 0, 7.894562, 49.37931, 1, 1, 1, False
301.5223, 2021-06-16T10:44:54.1632650+08:00, 0, 7.894562, 49.37931, 1, 1, 1, False
301.5267, 2021-06-16T10:44:54.1676130+08:00, 0, 7.894562, 49.37931, 1, 1, 1, False
301.5305, 2021-06-16T10:44:54.1714100+08:00, 0, 7.894562, 49.37931, 1, 1, 1, False
301.5346, 2021-06-16T10:44:54.1755540+08:00, 0, 7.894562, 49.37931, 1, 1, 1, False
301.5386, 2021-06-16T10:44:54.1794870+08:00, 0, 7.894562, 49.37931, 1, 1, 1, False
301.5423, 2021-06-16T10:44:54.1832260+08:00, 0, 7.894562, 49.37931, 1, 1, 1, False
301.5465, 2021-06-16T10:44:54.1874460+08:00, 0, 7.894562, 49.37931, 1, 1, 1, False
301.5506, 2021-06-16T10:44:54.1915380+08:00, 0, 7.894562, 49.37931, 1, 1, 1, False
301.5542, 2021-06-16T10:44:54.1951800+08:00, 0, 7.894562, 49.37931, 1, 1, 1, False
301.5584, 2021-06-16T10:44:54.1993530+08:00, 0, 7.894562, 49.37931, 1, 1, 1, False
301.5624, 2021-06-16T10:44:54.2032990+08:00, 0, 7.894562, 49.37931, 1, 1, 1, False
301.566, 2021-06-16T10:44:54.2069460+08:00, 0, 7.894562, 49.37931, 1, 1, 1, False
301.5707, 2021-06-16T10:44:54.2116080+08:00, 0, 7.894562, 49.37931, 1, 1, 1, False
301.6107, 2021-06-16T10:44:54.2516940+08:00, 0, 7.894562, 49.37931, 1, 1, 1, False
301.6185, 2021-06-16T10:44:54.2593800+08:00, 0, 7.894562, 49.37931, 1, 1, 1, False
301.6221, 2021-06-16T10:44:54.2630600+08:00, 0, 7.894562, 49.37931, 1, 1, 1, False
301.6266, 2021-06-16T10:44:54.2674930+08:00, 0, 7.894562, 49.37931, 1, 1, 1, False
301.6303, 2021-06-16T10:44:54.2712530+08:00, 0, 7.894562, 49.37931, 1, 1, 1, False
301.6341, 2021-06-16T10:44:54.2750050+08:00, 0, 7.894562, 49.37931, 1, 1, 1, False
301.6382, 2021-06-16T10:44:54.2791570+08:00, 0, 7.894562, 49.37931, 1, 1, 1, False
301.6424, 2021-06-16T10:44:54.2833670+08:00, 0, 7.894562, 49.37931, 1, 1, 1, False
301.6467, 2021-06-16T10:44:54.2876310+08:00, 0, 7.894562, 49.37931, 1, 1, 1, False
301.6505, 2021-06-16T10:44:54.2913380+08:00, 0, 7.894562, 49.37931, 1, 1, 1, False
301.6543, 2021-06-16T10:44:54.2951920+08:00, 0, 7.894562, 49.37931, 1, 1, 1, False
301.6584, 2021-06-16T10:44:54.2993110+08:00, 0, 7.894562, 49.37931, 1, 1, 1, False
301.6625, 2021-06-16T10:44:54.3034390+08:00, 0, 7.894562, 49.37931, 1, 1, 1, False
301.6664, 2021-06-16T10:44:54.3073010+08:00, 0, 7.894562, 49.37931, 1, 1, 1, False
301.6703, 2021-06-16T10:44:54.3112420+08:00, 0, 7.894562, 49.37931, 1, 1, 1, False
301.6745, 2021-06-16T10:44:54.3153710+08:00, 0, 7.894562, 49.37931, 1, 1, 1, False
301.6781, 2021-06-16T10:44:54.3189510+08:00, 0, 7.894562, 49.37931, 1, 1, 1, False
301.6823, 2021-06-16T10:44:54.3232670+08:00, 0, 7.894562, 49.37931, 1, 1, 1, False
301.6866, 2021-06-16T10:44:54.3274900+08:00, 0, 7.894562, 49.37931, 1, 1, 1, False
301.6902, 2021-06-16T10:44:54.3311320+08:00, 0, 7.894562, 49.37931, 1, 1, 1, False
301.6943, 2021-06-16T10:44:54.3351760+08:00, 0, 7.894562, 49.37931, 1, 1, 1, False
301.6983, 2021-06-16T10:44:54.3391920+08:00, 0, 7.894562, 49.37931, 1, 1, 1, False
301.7024, 2021-06-16T10:44:54.3432940+08:00, 0, 7.894562, 49.37931, 1, 1, 1, False
301.7063, 2021-06-16T10:44:54.3472480+08:00, 0, 7.894562, 49.37931, 1, 1, 1, False
301.7106, 2021-06-16T10:44:54.3514760+08:00, 0, 7.894562, 49.37931, 1, 1, 1, False
301.7143, 2021-06-16T10:44:54.3551830+08:00, 0, 7.894562, 49.37931, 1, 1, 1, False
301.7186, 2021-06-16T10:44:54.3595020+08:00, 0, 7.894562, 49.37931, 1, 1, 1, False
301.722, 2021-06-16T10:44:54.3628960+08:00, 0, 7.894562, 49.37931, 1, 1, 1, False
301.7264, 2021-06-16T10:44:54.3672660+08:00, 0, 7.894562, 49.37931, 1, 1, 1, False
301.7303, 2021-06-16T10:44:54.3711890+08:00, 0, 7.894562, 49.37931, 1, 1, 1, False
301.7347, 2021-06-16T10:44:54.3756050+08:00, 0, 7.894562, 49.37931, 1, 1, 1, False
301.7665, 2021-06-16T10:44:54.4074310+08:00, 0, 7.894562, 49.37931, 1, 1, 1, False
301.7701, 2021-06-16T10:44:54.4109440+08:00, 0, 7.894562, 49.37931, 1, 1, 1, False
301.7742, 2021-06-16T10:44:54.4151060+08:00, 0, 7.894562, 49.37931, 1, 1, 1, False
301.7784, 2021-06-16T10:44:54.4192860+08:00, 0, 7.894562, 49.37931, 1, 1, 1, False
301.7823, 2021-06-16T10:44:54.4232090+08:00, 0, 7.894562, 49.37931, 1, 1, 1, False
301.7866, 2021-06-16T10:44:54.4274620+08:00, 0, 7.894562, 49.37931, 1, 1, 1, False
301.7903, 2021-06-16T10:44:54.4312180+08:00, 0, 7.894562, 49.37931, 1, 1, 1, False
301.7941, 2021-06-16T10:44:54.4350350+08:00, 0, 7.894562, 49.37931, 1, 1, 1, False
301.7986, 2021-06-16T10:44:54.4395360+08:00, 0, 7.894562, 49.37931, 1, 1, 1, False
301.8025, 2021-06-16T10:44:54.4433770+08:00, 0, 7.894562, 49.37931, 1, 1, 1, False
301.8065, 2021-06-16T10:44:54.4473460+08:00, 0, 7.894562, 49.37931, 1, 1, 1, False
301.8104, 2021-06-16T10:44:54.4512830+08:00, 0, 7.894562, 49.37931, 1, 1, 1, False
301.8144, 2021-06-16T10:44:54.4552670+08:00, 0, 7.894562, 49.37931, 1, 1, 1, False
301.8182, 2021-06-16T10:44:54.4591140+08:00, 0, 7.894562, 49.37931, 1, 1, 1, False
301.8224, 2021-06-16T10:44:54.4632320+08:00, 0, 7.894562, 49.37931, 1, 1, 1, False
301.826, 2021-06-16T10:44:54.4668170+08:00, 0, 7.894562, 49.37931, 1, 1, 1, False
301.8306, 2021-06-16T10:44:54.4715000+08:00, 0, 7.894562, 49.37931, 1, 1, 1, False
301.8343, 2021-06-16T10:44:54.4752770+08:00, 0, 7.894562, 49.37931, 1, 1, 1, False
301.8381, 2021-06-16T10:44:54.4789910+08:00, 0, 7.894562, 49.37931, 1, 1, 1, False
301.8424, 2021-06-16T10:44:54.4833050+08:00, 0, 7.894562, 49.37931, 1, 1, 1, False
301.8464, 2021-06-16T10:44:54.4872530+08:00, 0, 7.894562, 49.37931, 1, 1, 1, False
301.8502, 2021-06-16T10:44:54.4911000+08:00, 0, 7.894562, 49.37931, 1, 1, 1, False
301.8546, 2021-06-16T10:44:54.4954430+08:00, 0, 7.894562, 49.37931, 1, 1, 1, False
301.8583, 2021-06-16T10:44:54.4992260+08:00, 0, 7.894562, 49.37931, 1, 1, 1, False
301.8623, 2021-06-16T10:44:54.5033640+08:00, 0, 7.894562, 49.37931, 1, 1, 1, False
301.8662, 2021-06-16T10:44:54.5070520+08:00, 0, 7.894562, 49.37931, 1, 1, 1, False
301.8703, 2021-06-16T10:44:54.5112070+08:00, 0, 7.894562, 49.37931, 1, 1, 1, False
301.8742, 2021-06-16T10:44:54.5150490+08:00, 0, 7.894562, 49.37931, 1, 1, 1, False
301.8784, 2021-06-16T10:44:54.5193350+08:00, 0, 7.894562, 49.37931, 1, 1, 1, False
301.882, 2021-06-16T10:44:54.5228350+08:00, 0, 7.894562, 49.37931, 1, 1, 1, False
301.8867, 2021-06-16T10:44:54.5275880+08:00, 0, 7.894562, 49.37931, 1, 1, 1, False
301.9184, 2021-06-16T10:44:54.5593980+08:00, 0, 7.894562, 49.37931, 1, 1, 1, False
301.9223, 2021-06-16T10:44:54.5631640+08:00, 0, 7.894562, 49.37931, 1, 1, 1, False
301.9264, 2021-06-16T10:44:54.5673210+08:00, 0, 7.894562, 49.37931, 1, 1, 1, False
301.9303, 2021-06-16T10:44:54.5712150+08:00, 0, 7.894562, 49.37931, 1, 1, 1, False
301.9341, 2021-06-16T10:44:54.5750310+08:00, 0, 7.894562, 49.37931, 1, 1, 1, False
301.9385, 2021-06-16T10:44:54.5793580+08:00, 0, 7.894562, 49.37931, 1, 1, 1, False
301.9426, 2021-06-16T10:44:54.5834860+08:00, 0, 7.894562, 49.37931, 1, 1, 1, False
301.9463, 2021-06-16T10:44:54.5871850+08:00, 0, 7.894562, 49.37931, 1, 1, 1, False
301.9502, 2021-06-16T10:44:54.5910920+08:00, 0, 7.894562, 49.37931, 1, 1, 1, False
301.9547, 2021-06-16T10:44:54.5955910+08:00, 0, 7.894562, 49.37931, 1, 1, 1, False
301.9581, 2021-06-16T10:44:54.5989630+08:00, 0, 7.894562, 49.37931, 1, 1, 1, False
301.9625, 2021-06-16T10:44:54.6034250+08:00, 0, 7.894562, 49.37931, 1, 1, 1, False
301.9665, 2021-06-16T10:44:54.6073960+08:00, 0, 7.894562, 49.37931, 1, 1, 1, False
301.9702, 2021-06-16T10:44:54.6111110+08:00, 0, 7.894562, 49.37931, 1, 1, 1, False
301.9742, 2021-06-16T10:44:54.6151470+08:00, 0, 7.894562, 49.37931, 1, 1, 1, False
301.9785, 2021-06-16T10:44:54.6194110+08:00, 0, 7.894562, 49.37931, 1, 1, 1, False
301.9821, 2021-06-16T10:44:54.6230030+08:00, 0, 7.894562, 49.37931, 1, 1, 1, False
301.9864, 2021-06-16T10:44:54.6274410+08:00, 0, 7.894562, 49.37931, 1, 1, 1, False
301.9905, 2021-06-16T10:44:54.6314090+08:00, 0, 7.894562, 49.37931, 1, 1, 1, False
301.9942, 2021-06-16T10:44:54.6350510+08:00, 0, 7.894562, 49.37931, 1, 1, 1, False
301.9982, 2021-06-16T10:44:54.6391240+08:00, 0, 7.894562, 49.37931, 1, 1, 1, False
302.002, 2021-06-16T10:44:54.6429410+08:00, 0, 7.894562, 49.37931, 1, 1, 1, False
302.0064, 2021-06-16T10:44:54.6473100+08:00, 0, 7.894562, 49.37931, 1, 1, 1, False
302.0105, 2021-06-16T10:44:54.6514140+08:00, 0, 7.894562, 49.37931, 1, 1, 1, False
302.014, 2021-06-16T10:44:54.6548700+08:00, 0, 7.894562, 49.37931, 1, 1, 1, False
302.0184, 2021-06-16T10:44:54.6593310+08:00, 0, 7.894562, 49.37931, 1, 1, 1, False
302.0227, 2021-06-16T10:44:54.6635860+08:00, 0, 7.894562, 49.37931, 1, 1, 1, False
302.0263, 2021-06-16T10:44:54.6671530+08:00, 0, 7.894562, 49.37931, 1, 1, 1, False
302.03, 2021-06-16T10:44:54.6709070+08:00, 0, 7.894562, 49.37931, 1, 1, 1, False
302.0345, 2021-06-16T10:44:54.6754390+08:00, 0, 7.894562, 49.37931, 1, 1, 1, False
302.0385, 2021-06-16T10:44:54.6793950+08:00, 0, 7.894562, 49.37931, 1, 1, 1, False
302.0704, 2021-06-16T10:44:54.7113750+08:00, 0, 7.894562, 49.37931, 1, 1, 1, False
302.0744, 2021-06-16T10:44:54.7152640+08:00, 0, 7.894562, 49.37931, 1, 1, 1, False
302.0784, 2021-06-16T10:44:54.7192550+08:00, 0, 7.894562, 49.37931, 1, 1, 1, False
302.0823, 2021-06-16T10:44:54.7232470+08:00, 0, 7.894562, 49.37931, 1, 1, 1, False
302.0864, 2021-06-16T10:44:54.7272790+08:00, 0, 7.894562, 49.37931, 1, 1, 1, False
302.0905, 2021-06-16T10:44:54.7313410+08:00, 0, 7.894562, 49.37931, 1, 1, 1, False
302.0944, 2021-06-16T10:44:54.7352280+08:00, 0, 7.894562, 49.37931, 1, 1, 1, False
302.0981, 2021-06-16T10:44:54.7390270+08:00, 0, 7.894562, 49.37931, 1, 1, 1, False
302.1022, 2021-06-16T10:44:54.7430820+08:00, 0, 7.894562, 49.37931, 1, 1, 1, False
302.1061, 2021-06-16T10:44:54.7469460+08:00, 0, 7.894562, 49.37931, 1, 1, 1, False
302.1104, 2021-06-16T10:44:54.7512990+08:00, 0, 7.894562, 49.37931, 1, 1, 1, False
302.1142, 2021-06-16T10:44:54.7551230+08:00, 0, 7.894562, 49.37931, 1, 1, 1, False
302.1183, 2021-06-16T10:44:54.7591790+08:00, 0, 7.894562, 49.37931, 1, 1, 1, False
302.1224, 2021-06-16T10:44:54.7633040+08:00, 0, 7.894562, 49.37931, 1, 1, 1, False
302.1263, 2021-06-16T10:44:54.7672560+08:00, 0, 7.894562, 49.37931, 1, 1, 1, False
302.1302, 2021-06-16T10:44:54.7710250+08:00, 0, 7.894562, 49.37931, 1, 1, 1, False
302.1344, 2021-06-16T10:44:54.7753540+08:00, 0, 7.894562, 49.37931, 1, 1, 1, False
302.1382, 2021-06-16T10:44:54.7791210+08:00, 0, 7.894562, 49.37931, 1, 1, 1, False
302.1424, 2021-06-16T10:44:54.7832920+08:00, 0, 7.894562, 49.37931, 1, 1, 1, False
302.1464, 2021-06-16T10:44:54.7873170+08:00, 0, 7.894562, 49.37931, 1, 1, 1, False
302.1503, 2021-06-16T10:44:54.7911830+08:00, 0, 7.894562, 49.37931, 1, 1, 1, False
302.1543, 2021-06-16T10:44:54.7951390+08:00, 0, 7.894562, 49.37931, 1, 1, 1, False
302.1584, 2021-06-16T10:44:54.7992270+08:00, 0, 7.894562, 49.37931, 1, 1, 1, False
302.1624, 2021-06-16T10:44:54.8033100+08:00, 0, 7.894562, 49.37931, 1, 1, 1, False
302.1662, 2021-06-16T10:44:54.8070890+08:00, 0, 7.894562, 49.37931, 1, 1, 1, False
302.1702, 2021-06-16T10:44:54.8110740+08:00, 0, 7.894562, 49.37931, 1, 1, 1, False
302.1744, 2021-06-16T10:44:54.8152970+08:00, 0, 7.894562, 49.37931, 1, 1, 1, False
302.1783, 2021-06-16T10:44:54.8191690+08:00, 0, 7.894562, 49.37931, 1, 1, 1, False
302.1823, 2021-06-16T10:44:54.8231400+08:00, 0, 7.894562, 49.37931, 1, 1, 1, False
302.1863, 2021-06-16T10:44:54.8271400+08:00, 0, 7.894562, 49.37931, 1, 1, 1, False
302.1908, 2021-06-16T10:44:54.8316660+08:00, 0, 7.894562, 49.37931, 1, 1, 1, False
302.2263, 2021-06-16T10:44:54.8672850+08:00, 0, 7.894562, 49.37931, 1, 1, 1, False
302.2303, 2021-06-16T10:44:54.8712290+08:00, 0, 7.894562, 49.37931, 1, 1, 1, False
302.2345, 2021-06-16T10:44:54.8753700+08:00, 0, 7.894562, 49.37931, 1, 1, 1, False
302.2383, 2021-06-16T10:44:54.8791740+08:00, 0, 7.894562, 49.37931, 1, 1, 1, False
302.2425, 2021-06-16T10:44:54.8833950+08:00, 0, 7.894562, 49.37931, 1, 1, 1, False
302.3425, 2021-06-16T10:44:56.4752590+08:00, 0, 7.894562, 49.37931, 1, 1, 1, False
302.3958, 2021-06-16T10:44:56.5284830+08:00, 0, 7.894562, 49.37931, 1, 1, 1, False
302.4219, 2021-06-16T10:44:56.5545830+08:00, 0, 7.894562, 49.37931, 1, 1, 1, False
302.4273, 2021-06-16T10:44:56.5599450+08:00, 0, 7.894562, 49.37931, 1, 1, 1, False
302.4312, 2021-06-16T10:44:56.5638180+08:00, 0, 7.894562, 49.37931, 1, 1, 1, False
302.4345, 2021-06-16T10:44:56.5671140+08:00, 0, 7.894562, 49.37931, 1, 1, 1, False
302.4389, 2021-06-16T10:44:56.5715300+08:00, 0, 7.894562, 49.37931, 1, 1, 1, False
302.4547, 2021-06-16T10:44:56.5874260+08:00, 0, 7.894562, 49.37931, 1, 1, 1, False
302.4586, 2021-06-16T10:44:56.5911790+08:00, 0, 7.894562, 49.37931, 1, 1, 1, False
302.4625, 2021-06-16T10:44:56.5951240+08:00, 0, 7.894562, 49.37931, 1, 1, 1, False
302.4666, 2021-06-16T10:44:56.5991820+08:00, 0, 7.894562, 49.37931, 1, 1, 1, False
302.4707, 2021-06-16T10:44:56.6033310+08:00, 0, 7.894562, 49.37931, 1, 1, 1, False
302.4746, 2021-06-16T10:44:56.6071990+08:00, 0, 7.894562, 49.37931, 1, 1, 1, False
302.4934, 2021-06-16T10:44:56.6261060+08:00, 0, 7.894562, 49.37931, 1, 1, 1, False
302.4989, 2021-06-16T10:44:56.6314810+08:00, 0, 7.894562, 49.37931, 1, 1, 1, False
302.5023, 2021-06-16T10:44:56.6349800+08:00, 0, 7.894562, 49.37931, 1, 1, 1, False
302.5067, 2021-06-16T10:44:56.6392960+08:00, 0, 7.894562, 49.37931, 1, 1, 1, False
302.5107, 2021-06-16T10:44:56.6432850+08:00, 0, 7.894562, 49.37931, 1, 1, 1, False
302.5146, 2021-06-16T10:44:56.6471830+08:00, 0, 7.894562, 49.37931, 1, 1, 1, False
302.5188, 2021-06-16T10:44:56.6514350+08:00, 0, 7.894562, 49.37931, 1, 1, 1, False
302.5228, 2021-06-16T10:44:56.6553740+08:00, 0, 7.894562, 49.37931, 1, 1, 1, False
302.5266, 2021-06-16T10:44:56.6592410+08:00, 0, 7.894562, 49.37931, 1, 1, 1, False
302.5306, 2021-06-16T10:44:56.6632300+08:00, 0, 7.894562, 49.37931, 1, 1, 1, False
302.5345, 2021-06-16T10:44:56.6670900+08:00, 0, 7.894562, 49.37931, 1, 1, 1, False
302.5395, 2021-06-16T10:44:56.6720990+08:00, 0, 7.894562, 49.37931, 1, 1, 1, False
302.5427, 2021-06-16T10:44:56.6752650+08:00, 0, 7.894562, 49.37931, 1, 1, 1, False
302.5746, 2021-06-16T10:44:56.7072230+08:00, 0, 7.894562, 49.37931, 1, 1, 1, False
302.5786, 2021-06-16T10:44:56.7112020+08:00, 0, 7.894562, 49.37931, 1, 1, 1, False
302.5826, 2021-06-16T10:44:56.7152250+08:00, 0, 7.894562, 49.37931, 1, 1, 1, False
302.5863, 2021-06-16T10:44:56.7189470+08:00, 0, 7.894562, 49.37931, 1, 1, 1, False
302.5905, 2021-06-16T10:44:56.7230380+08:00, 0, 7.894562, 49.37931, 1, 1, 1, False
302.5945, 2021-06-16T10:44:56.7270990+08:00, 0, 7.894562, 49.37931, 1, 1, 1, False
302.5986, 2021-06-16T10:44:56.7311990+08:00, 0, 7.894562, 49.37931, 1, 1, 1, False
302.6027, 2021-06-16T10:44:56.7352950+08:00, 0, 7.894562, 49.37931, 1, 1, 1, False
302.6065, 2021-06-16T10:44:56.7391130+08:00, 0, 7.894562, 49.37931, 1, 1, 1, False
302.6105, 2021-06-16T10:44:56.7431270+08:00, 0, 7.894562, 49.37931, 1, 1, 1, False
302.615, 2021-06-16T10:44:56.7476500+08:00, 0, 7.894562, 49.37931, 1, 1, 1, False
302.6187, 2021-06-16T10:44:56.7513670+08:00, 0, 7.894562, 49.37931, 1, 1, 1, False
302.6227, 2021-06-16T10:44:56.7553140+08:00, 0, 7.894562, 49.37931, 1, 1, 1, False
302.6267, 2021-06-16T10:44:56.7593510+08:00, 0, 7.894562, 49.37931, 1, 1, 1, False
302.6304, 2021-06-16T10:44:56.7630480+08:00, 0, 7.894562, 49.37931, 1, 1, 1, False
302.6348, 2021-06-16T10:44:56.7674020+08:00, 0, 7.894562, 49.37931, 1, 1, 1, False
302.6385, 2021-06-16T10:44:56.7711130+08:00, 0, 7.894562, 49.37931, 1, 1, 1, False
302.6427, 2021-06-16T10:44:56.7755290+08:00, 0, 7.894562, 49.37931, 1, 1, 1, False
302.6466, 2021-06-16T10:44:56.7792250+08:00, 0, 7.894562, 49.37931, 1, 1, 1, False
302.6507, 2021-06-16T10:44:56.7832670+08:00, 0, 7.894562, 49.37931, 1, 1, 1, False
302.6546, 2021-06-16T10:44:56.7872450+08:00, 0, 7.894562, 49.37931, 1, 1, 1, False
302.6584, 2021-06-16T10:44:56.7910470+08:00, 0, 7.894562, 49.37931, 1, 1, 1, False
302.6628, 2021-06-16T10:44:56.7954220+08:00, 0, 7.894562, 49.37931, 1, 1, 1, False
302.6667, 2021-06-16T10:44:56.7993720+08:00, 0, 7.894562, 49.37931, 1, 1, 1, False
302.6708, 2021-06-16T10:44:56.8033700+08:00, 0, 7.894562, 49.37931, 1, 1, 1, False
302.6743, 2021-06-16T10:44:56.8069360+08:00, 0, 7.894562, 49.37931, 1, 1, 1, False
302.6788, 2021-06-16T10:44:56.8113850+08:00, 0, 7.894562, 49.37931, 1, 1, 1, False
302.6826, 2021-06-16T10:44:56.8152380+08:00, 0, 7.894562, 49.37931, 1, 1, 1, False
302.6867, 2021-06-16T10:44:56.8192880+08:00, 0, 7.894562, 49.37931, 1, 1, 1, False
302.6906, 2021-06-16T10:44:56.8231650+08:00, 0, 7.894562, 49.37931, 1, 1, 1, False
302.695, 2021-06-16T10:44:56.8275720+08:00, 0, 7.894562, 49.37931, 1, 1, 1, False
302.7308, 2021-06-16T10:44:56.8634700+08:00, 0, 7.894562, 49.37931, 1, 1, 1, False
302.7347, 2021-06-16T10:44:56.8673040+08:00, 0, 7.894562, 49.37931, 1, 1, 1, False
302.7383, 2021-06-16T10:44:56.8709130+08:00, 0, 7.894562, 49.37931, 1, 1, 1, False
302.7427, 2021-06-16T10:44:56.8753360+08:00, 0, 7.894562, 49.37931, 1, 1, 1, False
302.7467, 2021-06-16T10:44:56.8792830+08:00, 0, 7.894562, 49.37931, 1, 1, 1, False
302.7507, 2021-06-16T10:44:56.8832800+08:00, 0, 7.894562, 49.37931, 1, 1, 1, False
302.7546, 2021-06-16T10:44:56.8872000+08:00, 0, 7.894562, 49.37931, 1, 1, 1, False
302.7586, 2021-06-16T10:44:56.8911790+08:00, 0, 7.894562, 49.37931, 1, 1, 1, False
302.7627, 2021-06-16T10:44:56.8953230+08:00, 0, 7.894562, 49.37931, 1, 1, 1, False
302.7666, 2021-06-16T10:44:56.8991960+08:00, 0, 7.894562, 49.37931, 1, 1, 1, False
302.7705, 2021-06-16T10:44:56.9031220+08:00, 0, 7.894562, 49.37931, 1, 1, 1, False
302.7746, 2021-06-16T10:44:56.9071390+08:00, 0, 7.894562, 49.37931, 1, 1, 1, False
302.7787, 2021-06-16T10:44:56.9112810+08:00, 0, 7.894562, 49.37931, 1, 1, 1, False
302.7823, 2021-06-16T10:44:56.9149970+08:00, 0, 7.894562, 49.37931, 1, 1, 1, False
302.7866, 2021-06-16T10:44:56.9191770+08:00, 0, 7.894562, 49.37931, 1, 1, 1, False
302.7906, 2021-06-16T10:44:56.9231520+08:00, 0, 7.894562, 49.37931, 1, 1, 1, False
302.7946, 2021-06-16T10:44:56.9272250+08:00, 0, 7.894562, 49.37931, 1, 1, 1, False
302.7986, 2021-06-16T10:44:56.9312290+08:00, 0, 7.894562, 49.37931, 1, 1, 1, False
302.8027, 2021-06-16T10:44:56.9353290+08:00, 0, 7.894562, 49.37931, 1, 1, 1, False
302.8066, 2021-06-16T10:44:56.9392350+08:00, 0, 7.894562, 49.37931, 1, 1, 1, False
302.8107, 2021-06-16T10:44:56.9433140+08:00, 0, 7.894562, 49.37931, 1, 1, 1, False
302.8147, 2021-06-16T10:44:56.9473360+08:00, 0, 7.894562, 49.37931, 1, 1, 1, False
302.8186, 2021-06-16T10:44:56.9511600+08:00, 0, 7.894562, 49.37931, 1, 1, 1, False
302.8223, 2021-06-16T10:44:56.9549740+08:00, 0, 7.894562, 49.37931, 1, 1, 1, False
302.8269, 2021-06-16T10:44:56.9595170+08:00, 0, 7.894562, 49.37931, 1, 1, 1, False
302.8305, 2021-06-16T10:44:56.9630960+08:00, 0, 7.894562, 49.37931, 1, 1, 1, False
302.835, 2021-06-16T10:44:56.9675690+08:00, 0, 7.894562, 49.37931, 1, 1, 1, False
302.8385, 2021-06-16T10:44:56.9711450+08:00, 0, 7.894562, 49.37931, 1, 1, 1, False
302.8424, 2021-06-16T10:44:56.9749820+08:00, 0, 7.894562, 49.37931, 1, 1, 1, False
302.8466, 2021-06-16T10:44:56.9792510+08:00, 0, 7.894562, 49.37931, 1, 1, 1, False
302.8516, 2021-06-16T10:44:56.9841450+08:00, 0, 7.894562, 49.37931, 1, 1, 1, False
302.9009, 2021-06-16T10:44:57.0366270+08:00, 0, 7.894562, 49.37931, 1, 1, 1, False
302.9109, 2021-06-16T10:44:57.0465790+08:00, 0, 7.894562, 49.37931, 1, 1, 1, False
302.9187, 2021-06-16T10:44:57.0543790+08:00, 0, 7.894562, 49.37931, 1, 1, 1, False
302.9271, 2021-06-16T10:44:57.0627410+08:00, 0, 7.894562, 49.37931, 1, 1, 1, False
302.9371, 2021-06-16T10:44:57.0728540+08:00, 0, 7.894562, 49.37931, 1, 1, 1, False
302.9439, 2021-06-16T10:44:57.0796590+08:00, 0, 7.894562, 49.37931, 1, 1, 1, False
302.97, 2021-06-16T10:44:57.1058830+08:00, 0, 7.894562, 49.37931, 1, 1, 1, False
302.9905, 2021-06-16T10:44:57.1262480+08:00, 0, 7.894562, 49.37931, 1, 1, 1, False
303.0103, 2021-06-16T10:44:57.1544710+08:00, 0, 7.894562, 49.37931, 1, 1, 1, False
303.0297, 2021-06-16T10:44:57.1624960+08:00, 0, 7.894562, 49.37931, 1, 1, 1, False
303.0497, 2021-06-16T10:44:57.1826700+08:00, 0, 7.894562, 49.37931, 1, 1, 1, False
303.056, 2021-06-16T10:44:57.1886790+08:00, 0, 7.894562, 49.37931, 1, 1, 1, False
303.0583, 2021-06-16T10:44:57.1909710+08:00, 0, 7.894562, 49.37931, 1, 1, 1, False
303.0643, 2021-06-16T10:44:57.1969890+08:00, 0, 7.894562, 49.37931, 1, 1, 1, False
303.0665, 2021-06-16T10:44:57.1991820+08:00, 0, 7.894562, 49.37931, 1, 1, 1, False
303.0708, 2021-06-16T10:44:57.2034740+08:00, 0, 7.894562, 49.37931, 1, 1, 1, False
303.0745, 2021-06-16T10:44:57.2070840+08:00, 0, 7.894562, 49.37931, 1, 1, 1, False
303.0787, 2021-06-16T10:44:57.2112600+08:00, 0, 7.894562, 49.37931, 1, 1, 1, False
303.083, 2021-06-16T10:44:57.2156510+08:00, 0, 7.894562, 49.37931, 1, 1, 1, False
303.0865, 2021-06-16T10:44:57.2190720+08:00, 0, 7.894562, 49.37931, 1, 1, 1, False
303.0905, 2021-06-16T10:44:57.2231530+08:00, 0, 7.894562, 49.37931, 1, 1, 1, False
303.0947, 2021-06-16T10:44:57.2272650+08:00, 0, 7.894562, 49.37931, 1, 1, 1, False
303.0984, 2021-06-16T10:44:57.2309850+08:00, 0, 7.894562, 49.37931, 1, 1, 1, False
303.1027, 2021-06-16T10:44:57.2352730+08:00, 0, 7.894562, 49.37931, 1, 1, 1, False
303.1081, 2021-06-16T10:44:57.2407280+08:00, 0, 7.894562, 49.37931, 1, 1, 1, False
303.1104, 2021-06-16T10:44:57.2430320+08:00, 0, 7.894562, 49.37931, 1, 1, 1, False
303.1145, 2021-06-16T10:44:57.2471400+08:00, 0, 7.894562, 49.37931, 1, 1, 1, False
303.1188, 2021-06-16T10:44:57.2513770+08:00, 0, 7.894562, 49.37931, 1, 1, 1, False
303.1229, 2021-06-16T10:44:57.2555940+08:00, 0, 7.894562, 49.37931, 1, 1, 1, False
303.1265, 2021-06-16T10:44:57.2590840+08:00, 0, 7.894562, 49.37931, 1, 1, 1, False
303.1312, 2021-06-16T10:44:57.2638100+08:00, 0, 7.894562, 49.37931, 1, 1, 1, False
303.1629, 2021-06-16T10:44:57.2955680+08:00, 0, 7.894562, 49.37931, 1, 1, 1, False
303.1682, 2021-06-16T10:44:57.3007870+08:00, 0, 7.894562, 49.37931, 1, 1, 1, False
303.1704, 2021-06-16T10:44:57.3030810+08:00, 0, 7.894562, 49.37931, 1, 1, 1, False
303.1746, 2021-06-16T10:44:57.3072000+08:00, 0, 7.894562, 49.37931, 1, 1, 1, False
303.1787, 2021-06-16T10:44:57.3112920+08:00, 0, 7.894562, 49.37931, 1, 1, 1, False
303.1823, 2021-06-16T10:44:57.3150040+08:00, 0, 7.894562, 49.37931, 1, 1, 1, False
303.1869, 2021-06-16T10:44:57.3195090+08:00, 0, 7.894562, 49.37931, 1, 1, 1, False
303.1903, 2021-06-16T10:44:57.3228970+08:00, 0, 7.894562, 49.37931, 1, 1, 1, False
303.1945, 2021-06-16T10:44:57.3272170+08:00, 0, 7.894562, 49.37931, 1, 1, 1, False
303.1988, 2021-06-16T10:44:57.3314340+08:00, 0, 7.894562, 49.37931, 1, 1, 1, False
303.2025, 2021-06-16T10:44:57.3351490+08:00, 0, 7.894562, 49.37931, 1, 1, 1, False
303.2068, 2021-06-16T10:44:57.3393310+08:00, 0, 7.894562, 49.37931, 1, 1, 1, False
303.2106, 2021-06-16T10:44:57.3431650+08:00, 0, 7.894562, 49.37931, 1, 1, 1, False
303.2146, 2021-06-16T10:44:57.3472150+08:00, 0, 7.894562, 49.37931, 1, 1, 1, False
303.2188, 2021-06-16T10:44:57.3513600+08:00, 0, 7.894562, 49.37931, 1, 1, 1, False
303.2226, 2021-06-16T10:44:57.3552110+08:00, 0, 7.894562, 49.37931, 1, 1, 1, False
303.2267, 2021-06-16T10:44:57.3593710+08:00, 0, 7.894562, 49.37931, 1, 1, 1, False
303.2304, 2021-06-16T10:44:57.3630230+08:00, 0, 7.894562, 49.37931, 1, 1, 1, False
303.2344, 2021-06-16T10:44:57.3670460+08:00, 0, 7.894562, 49.37931, 1, 1, 1, False
303.2385, 2021-06-16T10:44:57.3711350+08:00, 0, 7.894562, 49.37931, 1, 1, 1, False
303.2427, 2021-06-16T10:44:57.3754240+08:00, 0, 7.894562, 49.37931, 1, 1, 1, False
303.2466, 2021-06-16T10:44:57.3792250+08:00, 0, 7.894562, 49.37931, 1, 1, 1, False
303.2504, 2021-06-16T10:44:57.3832420+08:00, 0, 7.894562, 49.37931, 1, 1, 1, False
303.2548, 2021-06-16T10:44:57.3874200+08:00, 0, 7.894562, 49.37931, 1, 1, 1, False
303.2587, 2021-06-16T10:44:57.3912850+08:00, 0, 7.894562, 49.37931, 1, 1, 1, False
303.2626, 2021-06-16T10:44:57.3952330+08:00, 0, 7.894562, 49.37931, 1, 1, 1, False
303.2666, 2021-06-16T10:44:57.3992130+08:00, 0, 7.894562, 49.37931, 1, 1, 1, False
303.2702, 2021-06-16T10:44:57.4027980+08:00, 0, 7.894562, 49.37931, 1, 1, 1, False
303.2748, 2021-06-16T10:44:57.4073740+08:00, 0, 7.894562, 49.37931, 1, 1, 1, False
303.2785, 2021-06-16T10:44:57.4111210+08:00, 0, 7.894562, 49.37931, 1, 1, 1, False
303.2827, 2021-06-16T10:44:57.4152870+08:00, 0, 7.894562, 49.37931, 1, 1, 1, False
303.3148, 2021-06-16T10:44:57.4474520+08:00, 0, 7.894562, 49.37931, 1, 1, 1, False
303.3186, 2021-06-16T10:44:57.4512270+08:00, 0, 7.894562, 49.37931, 1, 1, 1, False
303.3227, 2021-06-16T10:44:57.4552970+08:00, 0, 7.894562, 49.37931, 1, 1, 1, False
303.3267, 2021-06-16T10:44:57.4592630+08:00, 0, 7.894562, 49.37931, 1, 1, 1, False
303.3316, 2021-06-16T10:44:57.4642020+08:00, 0, 7.894562, 49.37931, 1, 1, 1, False
303.3345, 2021-06-16T10:44:57.4670850+08:00, 0, 7.894562, 49.37931, 1, 1, 1, False
303.3387, 2021-06-16T10:44:57.4712980+08:00, 0, 7.894562, 49.37931, 1, 1, 1, False
303.3425, 2021-06-16T10:44:57.4751200+08:00, 0, 7.894562, 49.37931, 1, 1, 1, False
303.3463, 2021-06-16T10:44:57.4788360+08:00, 0, 7.894562, 49.37931, 1, 1, 1, False
303.3507, 2021-06-16T10:44:57.4833030+08:00, 0, 7.894562, 49.37931, 1, 1, 1, False
303.3548, 2021-06-16T10:44:57.4874050+08:00, 0, 7.894562, 49.37931, 1, 1, 1, False
303.3586, 2021-06-16T10:44:57.4911790+08:00, 0, 7.894562, 49.37931, 1, 1, 1, False
303.3623, 2021-06-16T10:44:57.4949780+08:00, 0, 7.894562, 49.37931, 1, 1, 1, False
303.3681, 2021-06-16T10:44:57.5006980+08:00, 0, 7.894562, 49.37931, 1, 1, 1, False
303.3704, 2021-06-16T10:44:57.5030100+08:00, 0, 7.894562, 49.37931, 1, 1, 1, False
303.3747, 2021-06-16T10:44:57.5074180+08:00, 0, 7.894562, 49.37931, 1, 1, 1, False
303.3784, 2021-06-16T10:44:57.5110650+08:00, 0, 7.894562, 49.37931, 1, 1, 1, False
303.3828, 2021-06-16T10:44:57.5153690+08:00, 0, 7.894562, 49.37931, 1, 1, 1, False
303.3868, 2021-06-16T10:44:57.5193660+08:00, 0, 7.894562, 49.37931, 1, 1, 1, False
303.3903, 2021-06-16T10:44:57.5229360+08:00, 0, 7.894562, 49.37931, 1, 1, 1, False
303.3947, 2021-06-16T10:44:57.5272840+08:00, 0, 7.894562, 49.37931, 1, 1, 1, False
303.3987, 2021-06-16T10:44:57.5313440+08:00, 0, 7.894562, 49.37931, 1, 1, 1, False
303.4024, 2021-06-16T10:44:57.5349680+08:00, 0, 7.894562, 49.37931, 1, 1, 1, False
303.4064, 2021-06-16T10:44:57.5390100+08:00, 0, 7.894562, 49.37931, 1, 1, 1, False
303.4109, 2021-06-16T10:44:57.5435100+08:00, 0, 7.894562, 49.37931, 1, 1, 1, False
303.4145, 2021-06-16T10:44:57.5470520+08:00, 0, 7.894562, 49.37931, 1, 1, 1, False
303.4185, 2021-06-16T10:44:57.5511170+08:00, 0, 7.894562, 49.37931, 1, 1, 1, False
303.4229, 2021-06-16T10:44:57.5555390+08:00, 0, 7.894562, 49.37931, 1, 1, 1, False
303.4266, 2021-06-16T10:44:57.5592050+08:00, 0, 7.894562, 49.37931, 1, 1, 1, False
303.4305, 2021-06-16T10:44:57.5630360+08:00, 0, 7.894562, 49.37931, 1, 1, 1, False
303.4351, 2021-06-16T10:44:57.5676770+08:00, 0, 7.894562, 49.37931, 1, 1, 1, False
303.4666, 2021-06-16T10:44:57.5992520+08:00, 0, 7.894562, 49.37931, 1, 1, 1, False
303.4707, 2021-06-16T10:44:57.6032620+08:00, 0, 7.894562, 49.37931, 1, 1, 1, False
303.4746, 2021-06-16T10:44:57.6071840+08:00, 0, 7.894562, 49.37931, 1, 1, 1, False
303.4785, 2021-06-16T10:44:57.6111370+08:00, 0, 7.894562, 49.37931, 1, 1, 1, False
303.4827, 2021-06-16T10:44:57.6153240+08:00, 0, 7.894562, 49.37931, 1, 1, 1, False
303.4865, 2021-06-16T10:44:57.6191850+08:00, 0, 7.894562, 49.37931, 1, 1, 1, False
303.4904, 2021-06-16T10:44:57.6229860+08:00, 0, 7.894562, 49.37931, 1, 1, 1, False
303.4945, 2021-06-16T10:44:57.6271040+08:00, 0, 7.894562, 49.37931, 1, 1, 1, False
303.4984, 2021-06-16T10:44:57.6309760+08:00, 0, 7.894562, 49.37931, 1, 1, 1, False
303.5027, 2021-06-16T10:44:57.6353340+08:00, 0, 7.894562, 49.37931, 1, 1, 1, False
303.5066, 2021-06-16T10:44:57.6392400+08:00, 0, 7.894562, 49.37931, 1, 1, 1, False
303.5116, 2021-06-16T10:44:57.6442170+08:00, 0, 7.894562, 49.37931, 1, 1, 1, False
303.5146, 2021-06-16T10:44:57.6472430+08:00, 0, 7.894562, 49.37931, 1, 1, 1, False
303.5187, 2021-06-16T10:44:57.6513130+08:00, 0, 7.894562, 49.37931, 1, 1, 1, False
303.5228, 2021-06-16T10:44:57.6554300+08:00, 0, 7.894562, 49.37931, 1, 1, 1, False
303.5266, 2021-06-16T10:44:57.6591850+08:00, 0, 7.894562, 49.37931, 1, 1, 1, False
303.5305, 2021-06-16T10:44:57.6630380+08:00, 0, 7.894562, 49.37931, 1, 1, 1, False
303.5345, 2021-06-16T10:44:57.6671000+08:00, 0, 7.894562, 49.37931, 1, 1, 1, False
303.5387, 2021-06-16T10:44:57.6713050+08:00, 0, 7.894562, 49.37931, 1, 1, 1, False
303.5423, 2021-06-16T10:44:57.6749570+08:00, 0, 7.894562, 49.37931, 1, 1, 1, False
303.5468, 2021-06-16T10:44:57.6795200+08:00, 0, 7.894562, 49.37931, 1, 1, 1, False
303.5506, 2021-06-16T10:44:57.6831510+08:00, 0, 7.894562, 49.37931, 1, 1, 1, False
303.5546, 2021-06-16T10:44:57.6871850+08:00, 0, 7.894562, 49.37931, 1, 1, 1, False
303.5587, 2021-06-16T10:44:57.6913550+08:00, 0, 7.894562, 49.37931, 1, 1, 1, False
303.5624, 2021-06-16T10:44:57.6950670+08:00, 0, 7.894562, 49.37931, 1, 1, 1, False
303.5666, 2021-06-16T10:44:57.6992220+08:00, 0, 7.894562, 49.37931, 1, 1, 1, False
303.5707, 2021-06-16T10:44:57.7032720+08:00, 0, 7.894562, 49.37931, 1, 1, 1, False
303.5746, 2021-06-16T10:44:57.7072340+08:00, 0, 7.894562, 49.37931, 1, 1, 1, False
303.5788, 2021-06-16T10:44:57.7113420+08:00, 0, 7.894562, 49.37931, 1, 1, 1, False
303.5826, 2021-06-16T10:44:57.7151450+08:00, 0, 7.894562, 49.37931, 1, 1, 1, False
303.5869, 2021-06-16T10:44:57.7195220+08:00, 0, 7.894562, 49.37931, 1, 1, 1, False
303.6227, 2021-06-16T10:44:57.7553150+08:00, 0, 7.894562, 49.37931, 1, 1, 1, False
303.6267, 2021-06-16T10:44:57.7593160+08:00, 0, 7.894562, 49.37931, 1, 1, 1, False
303.6306, 2021-06-16T10:44:57.7632530+08:00, 0, 7.894562, 49.37931, 1, 1, 1, False
303.6349, 2021-06-16T10:44:57.7674910+08:00, 0, 7.894562, 49.37931, 1, 1, 1, False
303.6386, 2021-06-16T10:44:57.7712130+08:00, 0, 7.894562, 49.37931, 1, 1, 1, False
303.6427, 2021-06-16T10:44:57.7752820+08:00, 0, 7.894562, 49.37931, 1, 1, 1, False
303.6468, 2021-06-16T10:44:57.7794500+08:00, 0, 7.894562, 49.37931, 1, 1, 1, False
303.6506, 2021-06-16T10:44:57.7831430+08:00, 0, 7.894562, 49.37931, 1, 1, 1, False
303.6544, 2021-06-16T10:44:57.7870870+08:00, 0, 7.894562, 49.37931, 1, 1, 1, False
303.6589, 2021-06-16T10:44:57.7914530+08:00, 0, 7.894562, 49.37931, 1, 1, 1, False
303.6626, 2021-06-16T10:44:57.7951970+08:00, 0, 7.894562, 49.37931, 1, 1, 1, False
303.6667, 2021-06-16T10:44:57.7993000+08:00, 0, 7.894562, 49.37931, 1, 1, 1, False
303.6707, 2021-06-16T10:44:57.8032400+08:00, 0, 7.894562, 49.37931, 1, 1, 1, False
303.6747, 2021-06-16T10:44:57.8072340+08:00, 0, 7.894562, 49.37931, 1, 1, 1, False
303.6786, 2021-06-16T10:44:57.8112150+08:00, 0, 7.894562, 49.37931, 1, 1, 1, False
303.6827, 2021-06-16T10:44:57.8153060+08:00, 0, 7.894562, 49.37931, 1, 1, 1, False
303.6862, 2021-06-16T10:44:57.8187860+08:00, 0, 7.894562, 49.37931, 1, 1, 1, False
303.6904, 2021-06-16T10:44:57.8230510+08:00, 0, 7.894562, 49.37931, 1, 1, 1, False
303.6948, 2021-06-16T10:44:57.8274510+08:00, 0, 7.894562, 49.37931, 1, 1, 1, False
303.6984, 2021-06-16T10:44:57.8310140+08:00, 0, 7.894562, 49.37931, 1, 1, 1, False
303.7024, 2021-06-16T10:44:57.8349700+08:00, 0, 7.894562, 49.37931, 1, 1, 1, False
303.7064, 2021-06-16T10:44:57.8389710+08:00, 0, 7.894562, 49.37931, 1, 1, 1, False
303.7108, 2021-06-16T10:44:57.8433830+08:00, 0, 7.894562, 49.37931, 1, 1, 1, False
303.7146, 2021-06-16T10:44:57.8472440+08:00, 0, 7.894562, 49.37931, 1, 1, 1, False
303.7185, 2021-06-16T10:44:57.8511930+08:00, 0, 7.894562, 49.37931, 1, 1, 1, False
303.7227, 2021-06-16T10:44:57.8553260+08:00, 0, 7.894562, 49.37931, 1, 1, 1, False
303.7267, 2021-06-16T10:44:57.8592910+08:00, 0, 7.894562, 49.37931, 1, 1, 1, False
303.7306, 2021-06-16T10:44:57.8631980+08:00, 0, 7.894562, 49.37931, 1, 1, 1, False
303.7346, 2021-06-16T10:44:57.8671950+08:00, 0, 7.894562, 49.37931, 1, 1, 1, False
303.7387, 2021-06-16T10:44:57.8712830+08:00, 0, 7.894562, 49.37931, 1, 1, 1, False
303.7428, 2021-06-16T10:44:57.8753950+08:00, 0, 7.894562, 49.37931, 1, 1, 1, False
303.775, 2021-06-16T10:44:57.9075810+08:00, 0, 7.894562, 49.37931, 1, 1, 1, False
303.7786, 2021-06-16T10:44:57.9112160+08:00, 0, 7.894562, 49.37931, 1, 1, 1, False
303.7825, 2021-06-16T10:44:57.9151780+08:00, 0, 7.894562, 49.37931, 1, 1, 1, False
303.7867, 2021-06-16T10:44:57.9192650+08:00, 0, 7.894562, 49.37931, 1, 1, 1, False
303.7904, 2021-06-16T10:44:57.9229710+08:00, 0, 7.894562, 49.37931, 1, 1, 1, False
303.7947, 2021-06-16T10:44:57.9272850+08:00, 0, 7.894562, 49.37931, 1, 1, 1, False
303.7986, 2021-06-16T10:44:57.9312650+08:00, 0, 7.894562, 49.37931, 1, 1, 1, False
303.8023, 2021-06-16T10:44:57.9349410+08:00, 0, 7.894562, 49.37931, 1, 1, 1, False
303.9023, 2021-06-16T10:44:58.0736250+08:00, 0, 7.894562, 49.37931, 1, 1, 1, False
304.0023, 2021-06-16T10:44:58.5650450+08:00, 0, 7.894562, 49.37931, 1, 1, 1, False
304.0056, 2021-06-16T10:44:58.5679270+08:00, 0, 7.894562, 49.37931, 1, 1, 1, False
304.0087, 2021-06-16T10:44:58.5710610+08:00, 0, 7.894562, 49.37931, 1, 1, 1, False
304.0127, 2021-06-16T10:44:58.5750570+08:00, 0, 7.894562, 49.37931, 1, 1, 1, False
304.017, 2021-06-16T10:44:58.5793510+08:00, 0, 7.894562, 49.37931, 1, 1, 1, False
304.0209, 2021-06-16T10:44:58.5832490+08:00, 0, 7.894562, 49.37931, 1, 1, 1, False
304.0246, 2021-06-16T10:44:58.5869680+08:00, 0, 7.894562, 49.37931, 1, 1, 1, False
304.0291, 2021-06-16T10:44:58.5914870+08:00, 0, 7.894562, 49.37931, 1, 1, 1, False
304.033, 2021-06-16T10:44:58.5954260+08:00, 0, 7.894562, 49.37931, 1, 1, 1, False
304.037, 2021-06-16T10:44:58.5994090+08:00, 0, 7.894562, 49.37931, 1, 1, 1, False
304.0407, 2021-06-16T10:44:58.6031480+08:00, 0, 7.894562, 49.37931, 1, 1, 1, False
304.0445, 2021-06-16T10:44:58.6069010+08:00, 0, 7.894562, 49.37931, 1, 1, 1, False
304.0501, 2021-06-16T10:44:58.6125280+08:00, 0, 7.894562, 49.37931, 1, 1, 1, False
304.0528, 2021-06-16T10:44:58.6151070+08:00, 0, 7.894562, 49.37931, 1, 1, 1, False
304.0569, 2021-06-16T10:44:58.6192320+08:00, 0, 7.894562, 49.37931, 1, 1, 1, False
304.0609, 2021-06-16T10:44:58.6232510+08:00, 0, 7.894562, 49.37931, 1, 1, 1, False
304.065, 2021-06-16T10:44:58.6273610+08:00, 0, 7.894562, 49.37931, 1, 1, 1, False
304.0685, 2021-06-16T10:44:58.6309070+08:00, 0, 7.894562, 49.37931, 1, 1, 1, False
304.073, 2021-06-16T10:44:58.6353960+08:00, 0, 7.894562, 49.37931, 1, 1, 1, False
304.0766, 2021-06-16T10:44:58.6389510+08:00, 0, 7.894562, 49.37931, 1, 1, 1, False
304.0809, 2021-06-16T10:44:58.6433030+08:00, 0, 7.894562, 49.37931, 1, 1, 1, False
304.0852, 2021-06-16T10:44:58.6475830+08:00, 0, 7.894562, 49.37931, 1, 1, 1, False
304.1214, 2021-06-16T10:44:58.6838640+08:00, 0, 7.894562, 49.37931, 1, 1, 1, False
304.1249, 2021-06-16T10:44:58.6872470+08:00, 0, 7.894562, 49.37931, 1, 1, 1, False
304.129, 2021-06-16T10:44:58.6913740+08:00, 0, 7.894562, 49.37931, 1, 1, 1, False
304.1329, 2021-06-16T10:44:58.6953210+08:00, 0, 7.894562, 49.37931, 1, 1, 1, False
304.1366, 2021-06-16T10:44:58.6989490+08:00, 0, 7.894562, 49.37931, 1, 1, 1, False
304.1411, 2021-06-16T10:44:58.7034360+08:00, 0, 7.894562, 49.37931, 1, 1, 1, False
304.145, 2021-06-16T10:44:58.7073250+08:00, 0, 7.894562, 49.37931, 1, 1, 1, False
304.1488, 2021-06-16T10:44:58.7111460+08:00, 0, 7.894562, 49.37931, 1, 1, 1, False
304.1528, 2021-06-16T10:44:58.7151580+08:00, 0, 7.894562, 49.37931, 1, 1, 1, False
304.1568, 2021-06-16T10:44:58.7191910+08:00, 0, 7.894562, 49.37931, 1, 1, 1, False
304.1609, 2021-06-16T10:44:58.7232560+08:00, 0, 7.894562, 49.37931, 1, 1, 1, False
304.1649, 2021-06-16T10:44:58.7272000+08:00, 0, 7.894562, 49.37931, 1, 1, 1, False
304.1688, 2021-06-16T10:44:58.7311540+08:00, 0, 7.894562, 49.37931, 1, 1, 1, False
304.173, 2021-06-16T10:44:58.7353370+08:00, 0, 7.894562, 49.37931, 1, 1, 1, False
304.1768, 2021-06-16T10:44:58.7391650+08:00, 0, 7.894562, 49.37931, 1, 1, 1, False
304.181, 2021-06-16T10:44:58.7434670+08:00, 0, 7.894562, 49.37931, 1, 1, 1, False
304.1848, 2021-06-16T10:44:58.7472000+08:00, 0, 7.894562, 49.37931, 1, 1, 1, False
304.1889, 2021-06-16T10:44:58.7513060+08:00, 0, 7.894562, 49.37931, 1, 1, 1, False
304.1927, 2021-06-16T10:44:58.7550400+08:00, 0, 7.894562, 49.37931, 1, 1, 1, False
304.1981, 2021-06-16T10:44:58.7604990+08:00, 0, 7.894562, 49.37931, 1, 1, 1, False
304.2007, 2021-06-16T10:44:58.7631280+08:00, 0, 7.894562, 49.37931, 1, 1, 1, False
304.2047, 2021-06-16T10:44:58.7670640+08:00, 0, 7.894562, 49.37931, 1, 1, 1, False
304.2091, 2021-06-16T10:44:58.7714890+08:00, 0, 7.894562, 49.37931, 1, 1, 1, False
304.2126, 2021-06-16T10:44:58.7750330+08:00, 0, 7.894562, 49.37931, 1, 1, 1, False
304.2168, 2021-06-16T10:44:58.7791410+08:00, 0, 7.894562, 49.37931, 1, 1, 1, False
304.2207, 2021-06-16T10:44:58.7831240+08:00, 0, 7.894562, 49.37931, 1, 1, 1, False
304.2248, 2021-06-16T10:44:58.7871580+08:00, 0, 7.894562, 49.37931, 1, 1, 1, False
304.229, 2021-06-16T10:44:58.7913480+08:00, 0, 7.894562, 49.37931, 1, 1, 1, False
304.2327, 2021-06-16T10:44:58.7950830+08:00, 0, 7.894562, 49.37931, 1, 1, 1, False
304.237, 2021-06-16T10:44:58.7993630+08:00, 0, 7.894562, 49.37931, 1, 1, 1, False
304.2412, 2021-06-16T10:44:58.8035900+08:00, 0, 7.894562, 49.37931, 1, 1, 1, False
304.277, 2021-06-16T10:44:58.8393820+08:00, 0, 7.894562, 49.37931, 1, 1, 1, False
304.2807, 2021-06-16T10:44:58.8430970+08:00, 0, 7.894562, 49.37931, 1, 1, 1, False
304.2856, 2021-06-16T10:44:58.8479730+08:00, 0, 7.894562, 49.37931, 1, 1, 1, False
304.2889, 2021-06-16T10:44:58.8513170+08:00, 0, 7.894562, 49.37931, 1, 1, 1, False
304.2929, 2021-06-16T10:44:58.8552450+08:00, 0, 7.894562, 49.37931, 1, 1, 1, False
304.297, 2021-06-16T10:44:58.8594000+08:00, 0, 7.894562, 49.37931, 1, 1, 1, False
304.3009, 2021-06-16T10:44:58.8633720+08:00, 0, 7.894562, 49.37931, 1, 1, 1, False
304.305, 2021-06-16T10:44:58.8674130+08:00, 0, 7.894562, 49.37931, 1, 1, 1, False
304.3086, 2021-06-16T10:44:58.8709990+08:00, 0, 7.894562, 49.37931, 1, 1, 1, False
304.3126, 2021-06-16T10:44:58.8749880+08:00, 0, 7.894562, 49.37931, 1, 1, 1, False
304.3166, 2021-06-16T10:44:58.8789630+08:00, 0, 7.894562, 49.37931, 1, 1, 1, False
304.3211, 2021-06-16T10:44:58.8835180+08:00, 0, 7.894562, 49.37931, 1, 1, 1, False
304.325, 2021-06-16T10:44:58.8873370+08:00, 0, 7.894562, 49.37931, 1, 1, 1, False
304.3288, 2021-06-16T10:44:58.8911910+08:00, 0, 7.894562, 49.37931, 1, 1, 1, False
304.3328, 2021-06-16T10:44:58.8951670+08:00, 0, 7.894562, 49.37931, 1, 1, 1, False
304.3369, 2021-06-16T10:44:58.8993100+08:00, 0, 7.894562, 49.37931, 1, 1, 1, False
304.341, 2021-06-16T10:44:58.9033930+08:00, 0, 7.894562, 49.37931, 1, 1, 1, False
304.3448, 2021-06-16T10:44:58.9071870+08:00, 0, 7.894562, 49.37931, 1, 1, 1, False
304.3487, 2021-06-16T10:44:58.9110810+08:00, 0, 7.894562, 49.37931, 1, 1, 1, False
304.3528, 2021-06-16T10:44:58.9151240+08:00, 0, 7.894562, 49.37931, 1, 1, 1, False
304.3569, 2021-06-16T10:44:58.9192730+08:00, 0, 7.894562, 49.37931, 1, 1, 1, False
304.3607, 2021-06-16T10:44:58.9231400+08:00, 0, 7.894562, 49.37931, 1, 1, 1, False
304.365, 2021-06-16T10:44:58.9273980+08:00, 0, 7.894562, 49.37931, 1, 1, 1, False
304.369, 2021-06-16T10:44:58.9313570+08:00, 0, 7.894562, 49.37931, 1, 1, 1, False
304.3726, 2021-06-16T10:44:58.9349910+08:00, 0, 7.894562, 49.37931, 1, 1, 1, False
304.3768, 2021-06-16T10:44:58.9391680+08:00, 0, 7.894562, 49.37931, 1, 1, 1, False
304.3806, 2021-06-16T10:44:58.9429690+08:00, 0, 7.894562, 49.37931, 1, 1, 1, False
304.3849, 2021-06-16T10:44:58.9472540+08:00, 0, 7.894562, 49.37931, 1, 1, 1, False
304.3891, 2021-06-16T10:44:58.9514590+08:00, 0, 7.894562, 49.37931, 1, 1, 1, False
304.3928, 2021-06-16T10:44:58.9550960+08:00, 0, 7.894562, 49.37931, 1, 1, 1, False
304.3972, 2021-06-16T10:44:58.9595240+08:00, 0, 7.894562, 49.37931, 1, 1, 1, False
304.4289, 2021-06-16T10:44:58.9913570+08:00, 0, 7.894562, 49.37931, 1, 1, 1, False
304.433, 2021-06-16T10:44:58.9953610+08:00, 0, 7.894562, 49.37931, 1, 1, 1, False
304.4367, 2021-06-16T10:44:58.9990440+08:00, 0, 7.894562, 49.37931, 1, 1, 1, False
304.4407, 2021-06-16T10:44:59.0031450+08:00, 0, 7.894562, 49.37931, 1, 1, 1, False
304.445, 2021-06-16T10:44:59.0073360+08:00, 0, 7.894562, 49.37931, 1, 1, 1, False
304.4489, 2021-06-16T10:44:59.0112860+08:00, 0, 7.894562, 49.37931, 1, 1, 1, False
304.4529, 2021-06-16T10:44:59.0152980+08:00, 0, 7.894562, 49.37931, 1, 1, 1, False
304.4569, 2021-06-16T10:44:59.0192540+08:00, 0, 7.894562, 49.37931, 1, 1, 1, False
304.4609, 2021-06-16T10:44:59.0232890+08:00, 0, 7.894562, 49.37931, 1, 1, 1, False
304.4647, 2021-06-16T10:44:59.0270780+08:00, 0, 7.894562, 49.37931, 1, 1, 1, False
304.4689, 2021-06-16T10:44:59.0312750+08:00, 0, 7.894562, 49.37931, 1, 1, 1, False
304.4729, 2021-06-16T10:44:59.0353740+08:00, 0, 7.894562, 49.37931, 1, 1, 1, False
304.4835, 2021-06-16T10:44:59.0459080+08:00, 0, 7.894562, 49.37931, 1, 1, 1, False
304.5835, 2021-06-16T10:44:59.2560610+08:00, 0, 7.894562, 49.37931, 1, 1, 1, False
304.5907, 2021-06-16T10:44:59.2630860+08:00, 0, 7.894562, 49.37931, 1, 1, 1, False
304.5946, 2021-06-16T10:44:59.2670150+08:00, 0, 7.894562, 49.37931, 1, 1, 1, False
304.603, 2021-06-16T10:44:59.2754350+08:00, 0, 7.894562, 49.37931, 1, 1, 1, False
304.6111, 2021-06-16T10:44:59.2834880+08:00, 0, 7.894562, 49.37931, 1, 1, 1, False
304.6189, 2021-06-16T10:44:59.2912790+08:00, 0, 7.894562, 49.37931, 1, 1, 1, False
304.6325, 2021-06-16T10:44:59.3049410+08:00, 0, 7.894562, 49.37931, 1, 1, 1, False
304.6482, 2021-06-16T10:44:59.3205770+08:00, 0, 7.894562, 49.37931, 1, 1, 1, False
304.6618, 2021-06-16T10:44:59.3342450+08:00, 0, 7.894562, 49.37931, 1, 1, 1, False
304.6758, 2021-06-16T10:44:59.3481770+08:00, 0, 7.894562, 49.37931, 1, 1, 1, False
304.6882, 2021-06-16T10:44:59.3606350+08:00, 0, 7.894562, 49.37931, 1, 1, 1, False
304.7008, 2021-06-16T10:44:59.3732060+08:00, 0, 7.894562, 49.37931, 1, 1, 1, False
304.7141, 2021-06-16T10:44:59.3865050+08:00, 0, 7.894562, 49.37931, 1, 1, 1, False
304.7264, 2021-06-16T10:44:59.3988310+08:00, 0, 7.894562, 49.37931, 1, 1, 1, False
304.7378, 2021-06-16T10:44:59.4101570+08:00, 0, 7.894562, 49.37931, 1, 1, 1, False
304.7496, 2021-06-16T10:44:59.4220420+08:00, 0, 7.894562, 49.37931, 1, 1, 1, False
304.7608, 2021-06-16T10:44:59.4331670+08:00, 0, 7.894562, 49.37931, 1, 1, 1, False
304.7722, 2021-06-16T10:44:59.4445450+08:00, 0, 7.894562, 49.37931, 1, 1, 1, False
304.8106, 2021-06-16T10:44:59.4829810+08:00, 0, 7.894562, 49.37931, 1, 1, 1, False
304.8188, 2021-06-16T10:44:59.4912210+08:00, 0, 7.894562, 49.37931, 1, 1, 1, False
304.8272, 2021-06-16T10:44:59.4996540+08:00, 0, 7.894562, 49.37931, 1, 1, 1, False
304.8349, 2021-06-16T10:44:59.5073290+08:00, 0, 7.894562, 49.37931, 1, 1, 1, False
304.8428, 2021-06-16T10:44:59.5152460+08:00, 0, 7.894562, 49.37931, 1, 1, 1, False
304.8506, 2021-06-16T10:44:59.5229800+08:00, 0, 7.894562, 49.37931, 1, 1, 1, False
304.8545, 2021-06-16T10:44:59.5268760+08:00, 0, 7.894562, 49.37931, 1, 1, 1, False
304.8632, 2021-06-16T10:44:59.5356100+08:00, 0, 7.894562, 49.37931, 1, 1, 1, False
304.874, 2021-06-16T10:44:59.5464440+08:00, 0, 7.894562, 49.37931, 1, 1, 1, False
304.8835, 2021-06-16T10:44:59.5558560+08:00, 0, 7.894562, 49.37931, 1, 1, 1, False
304.8925, 2021-06-16T10:44:59.5649730+08:00, 0, 7.894562, 49.37931, 1, 1, 1, False
304.9016, 2021-06-16T10:44:59.5740070+08:00, 0, 7.894562, 49.37931, 1, 1, 1, False
304.9117, 2021-06-16T10:44:59.5840830+08:00, 0, 7.894562, 49.37931, 1, 1, 1, False
304.9205, 2021-06-16T10:44:59.5929000+08:00, 0, 7.894562, 49.37931, 1, 1, 1, False
304.9296, 2021-06-16T10:44:59.6019600+08:00, 0, 7.894562, 49.37931, 1, 1, 1, False
304.9386, 2021-06-16T10:44:59.6109840+08:00, 0, 7.894562, 49.37931, 1, 1, 1, False
304.9472, 2021-06-16T10:44:59.6195810+08:00, 0, 7.894562, 49.37931, 1, 1, 1, False
304.9567, 2021-06-16T10:44:59.6290690+08:00, 0, 7.894562, 49.37931, 1, 1, 1, False
304.9645, 2021-06-16T10:44:59.6369490+08:00, 0, 7.894562, 49.37931, 1, 1, 1, False
304.973, 2021-06-16T10:44:59.6454300+08:00, 0, 7.894562, 49.37931, 1, 1, 1, False
304.9815, 2021-06-16T10:44:59.6539550+08:00, 0, 7.894562, 49.37931, 1, 1, 1, False
304.9911, 2021-06-16T10:44:59.6634820+08:00, 0, 7.894562, 49.37931, 1, 1, 1, False
304.9989, 2021-06-16T10:44:59.6712600+08:00, 0, 7.894562, 49.37931, 1, 1, 1, False
305.0077, 2021-06-16T10:44:59.6801300+08:00, 0, 7.894562, 49.37931, 1, 1, 1, False
305.0157, 2021-06-16T10:44:59.6880370+08:00, 0, 7.894562, 49.37931, 1, 1, 1, False
305.024, 2021-06-16T10:44:59.6964680+08:00, 0, 7.894562, 49.37931, 1, 1, 1, False
305.0327, 2021-06-16T10:44:59.7050580+08:00, 0, 7.894562, 49.37931, 1, 1, 1, False
305.0421, 2021-06-16T10:44:59.7145820+08:00, 0, 7.894562, 49.37931, 1, 1, 1, False
305.05, 2021-06-16T10:44:59.7224670+08:00, 0, 7.894562, 49.37931, 1, 1, 1, False
305.0586, 2021-06-16T10:44:59.7309630+08:00, 0, 7.894562, 49.37931, 1, 1, 1, False
305.0678, 2021-06-16T10:44:59.7402210+08:00, 0, 7.894562, 49.37931, 1, 1, 1, False
305.1123, 2021-06-16T10:44:59.7847610+08:00, 0, 7.894562, 49.37931, 1, 1, 1, False
305.1188, 2021-06-16T10:44:59.7912350+08:00, 0, 7.894562, 49.37931, 1, 1, 1, False
305.1277, 2021-06-16T10:44:59.8000940+08:00, 0, 7.894562, 49.37931, 1, 1, 1, False
305.1353, 2021-06-16T10:44:59.8077180+08:00, 0, 7.894562, 49.37931, 1, 1, 1, False
305.1433, 2021-06-16T10:44:59.8157150+08:00, 0, 7.894562, 49.37931, 1, 1, 1, False
305.1507, 2021-06-16T10:44:59.8230810+08:00, 0, 7.894562, 49.37931, 1, 1, 1, False
305.1596, 2021-06-16T10:44:59.8320080+08:00, 0, 7.894562, 49.37931, 1, 1, 1, False
305.1683, 2021-06-16T10:44:59.8407960+08:00, 0, 7.894562, 49.37931, 1, 1, 1, False
305.1747, 2021-06-16T10:44:59.8471470+08:00, 0, 7.894562, 49.37931, 1, 1, 1, False
305.1836, 2021-06-16T10:44:59.8560190+08:00, 0, 7.894562, 49.37931, 1, 1, 1, False
305.1919, 2021-06-16T10:44:59.8643490+08:00, 0, 7.894562, 49.37931, 1, 1, 1, False
305.2004, 2021-06-16T10:44:59.8728650+08:00, 0, 7.894562, 49.37931, 1, 1, 1, False
305.2068, 2021-06-16T10:44:59.8792850+08:00, 0, 7.894562, 49.37931, 1, 1, 1, False
305.2155, 2021-06-16T10:44:59.8878320+08:00, 0, 7.894562, 49.37931, 1, 1, 1, False
305.2239, 2021-06-16T10:44:59.8962940+08:00, 0, 7.894562, 49.37931, 1, 1, 1, False
305.2306, 2021-06-16T10:44:59.9030190+08:00, 0, 7.894562, 49.37931, 1, 1, 1, False
305.2398, 2021-06-16T10:44:59.9121440+08:00, 0, 7.894562, 49.37931, 1, 1, 1, False
305.2474, 2021-06-16T10:44:59.9198270+08:00, 0, 7.894562, 49.37931, 1, 1, 1, False
305.2559, 2021-06-16T10:44:59.9282770+08:00, 0, 7.894562, 49.37931, 1, 1, 1, False
305.2629, 2021-06-16T10:44:59.9353580+08:00, 0, 7.894562, 49.37931, 1, 1, 1, False
305.2717, 2021-06-16T10:44:59.9440440+08:00, 0, 7.894562, 49.37931, 1, 1, 1, False
305.2807, 2021-06-16T10:44:59.9531770+08:00, 0, 7.894562, 49.37931, 1, 1, 1, False
305.2866, 2021-06-16T10:44:59.9589900+08:00, 0, 7.894562, 49.37931, 1, 1, 1, False
305.2956, 2021-06-16T10:44:59.9679400+08:00, 0, 7.894562, 49.37931, 1, 1, 1, False
305.3041, 2021-06-16T10:44:59.9765060+08:00, 0, 7.894562, 49.37931, 1, 1, 1, False
305.3119, 2021-06-16T10:44:59.9842590+08:00, 0, 7.894562, 49.37931, 1, 1, 1, False
305.3188, 2021-06-16T10:44:59.9912080+08:00, 0, 7.894562, 49.37931, 1, 1, 1, False
305.3278, 2021-06-16T10:45:00.0003100+08:00, 0, 7.894562, 49.37931, 1, 1, 1, False
305.3356, 2021-06-16T10:45:00.0079410+08:00, 0, 7.894562, 49.37931, 1, 1, 1, False
305.3427, 2021-06-16T10:45:00.0151430+08:00, 0, 7.894562, 49.37931, 1, 1, 1, False
305.3515, 2021-06-16T10:45:00.0238660+08:00, 0, 7.894562, 49.37931, 1, 1, 1, False
305.4008, 2021-06-16T10:45:00.0732510+08:00, 0, 7.894562, 49.37931, 1, 1, 1, False
305.4077, 2021-06-16T10:45:00.0800870+08:00, 0, 7.894562, 49.37931, 1, 1, 1, False
305.4159, 2021-06-16T10:45:00.0882760+08:00, 0, 7.894562, 49.37931, 1, 1, 1, False
305.4242, 2021-06-16T10:45:00.0966540+08:00, 0, 7.894562, 49.37931, 1, 1, 1, False
305.4308, 2021-06-16T10:45:00.1031300+08:00, 0, 7.894562, 49.37931, 1, 1, 1, False
305.4399, 2021-06-16T10:45:00.1122850+08:00, 0, 7.894562, 49.37931, 1, 1, 1, False
305.4475, 2021-06-16T10:45:00.1198890+08:00, 0, 7.894562, 49.37931, 1, 1, 1, False
305.4548, 2021-06-16T10:45:00.1273410+08:00, 0, 7.894562, 49.37931, 1, 1, 1, False
305.4637, 2021-06-16T10:45:00.1361040+08:00, 0, 7.894562, 49.37931, 1, 1, 1, False
305.4716, 2021-06-16T10:45:00.1440280+08:00, 0, 7.894562, 49.37931, 1, 1, 1, False
305.4787, 2021-06-16T10:45:00.1511650+08:00, 0, 7.894562, 49.37931, 1, 1, 1, False
305.4868, 2021-06-16T10:45:00.1595230+08:00, 0, 7.894562, 49.37931, 1, 1, 1, False
305.5869, 2021-06-16T10:45:00.3994300+08:00, 0, 7.894562, 49.37931, 1, 1, 1, False
305.5947, 2021-06-16T10:45:00.4070830+08:00, 0, 7.894562, 49.37931, 1, 1, 1, False
305.5988, 2021-06-16T10:45:00.4111970+08:00, 0, 7.894562, 49.37931, 1, 1, 1, False
305.6027, 2021-06-16T10:45:00.4151010+08:00, 0, 7.894562, 49.37931, 1, 1, 1, False
305.6067, 2021-06-16T10:45:00.4190540+08:00, 0, 7.894562, 49.37931, 1, 1, 1, False
305.6106, 2021-06-16T10:45:00.4229590+08:00, 0, 7.894562, 49.37931, 1, 1, 1, False
305.6196, 2021-06-16T10:45:00.4320450+08:00, 0, 7.894562, 49.37931, 1, 1, 1, False
305.6288, 2021-06-16T10:45:00.4413120+08:00, 0, 7.894562, 49.37931, 1, 1, 1, False
305.6391, 2021-06-16T10:45:00.4514830+08:00, 0, 7.894562, 49.37931, 1, 1, 1, False
305.6491, 2021-06-16T10:45:00.4614840+08:00, 0, 7.894562, 49.37931, 1, 1, 1, False
305.6584, 2021-06-16T10:45:00.4707940+08:00, 0, 7.894562, 49.37931, 1, 1, 1, False
305.6692, 2021-06-16T10:45:00.4817060+08:00, 0, 7.894562, 49.37931, 1, 1, 1, False
305.679, 2021-06-16T10:45:00.4913890+08:00, 0, 7.894562, 49.37931, 1, 1, 1, False
305.6882, 2021-06-16T10:45:00.5006090+08:00, 0, 7.894562, 49.37931, 1, 1, 1, False
305.6973, 2021-06-16T10:45:00.5096730+08:00, 0, 7.894562, 49.37931, 1, 1, 1, False
305.7072, 2021-06-16T10:45:00.5195960+08:00, 0, 7.894562, 49.37931, 1, 1, 1, False
305.7161, 2021-06-16T10:45:00.5284540+08:00, 0, 7.894562, 49.37931, 1, 1, 1, False
305.7266, 2021-06-16T10:45:00.5390590+08:00, 0, 7.894562, 49.37931, 1, 1, 1, False
305.7355, 2021-06-16T10:45:00.5478670+08:00, 0, 7.894562, 49.37931, 1, 1, 1, False
305.7789, 2021-06-16T10:45:00.5913430+08:00, 0, 7.894562, 49.37931, 1, 1, 1, False
305.7825, 2021-06-16T10:45:00.5949290+08:00, 0, 7.894562, 49.37931, 1, 1, 1, False
305.7865, 2021-06-16T10:45:00.5989070+08:00, 0, 7.894562, 49.37931, 1, 1, 1, False
305.7908, 2021-06-16T10:45:00.6031890+08:00, 0, 7.894562, 49.37931, 1, 1, 1, False
305.7946, 2021-06-16T10:45:00.6069770+08:00, 0, 7.894562, 49.37931, 1, 1, 1, False
305.7998, 2021-06-16T10:45:00.6122100+08:00, 0, 7.894562, 49.37931, 1, 1, 1, False
305.8092, 2021-06-16T10:45:00.6216410+08:00, 0, 7.894562, 49.37931, 1, 1, 1, False
305.8191, 2021-06-16T10:45:00.6314950+08:00, 0, 7.894562, 49.37931, 1, 1, 1, False
305.8288, 2021-06-16T10:45:00.6412590+08:00, 0, 7.894562, 49.37931, 1, 1, 1, False
305.8392, 2021-06-16T10:45:00.6515900+08:00, 0, 7.894562, 49.37931, 1, 1, 1, False
305.8481, 2021-06-16T10:45:00.6605980+08:00, 0, 7.894562, 49.37931, 1, 1, 1, False
305.8577, 2021-06-16T10:45:00.6700440+08:00, 0, 7.894562, 49.37931, 1, 1, 1, False
305.8682, 2021-06-16T10:45:00.6807070+08:00, 0, 7.894562, 49.37931, 1, 1, 1, False
305.8778, 2021-06-16T10:45:00.6901680+08:00, 0, 7.894562, 49.37931, 1, 1, 1, False
305.8866, 2021-06-16T10:45:00.6990030+08:00, 0, 7.894562, 49.37931, 1, 1, 1, False
305.896, 2021-06-16T10:45:00.7083450+08:00, 0, 7.894562, 49.37931, 1, 1, 1, False
305.906, 2021-06-16T10:45:00.7184550+08:00, 0, 7.894562, 49.37931, 1, 1, 1, False
305.9154, 2021-06-16T10:45:00.7278020+08:00, 0, 7.894562, 49.37931, 1, 1, 1, False
305.9252, 2021-06-16T10:45:00.7376210+08:00, 0, 7.894562, 49.37931, 1, 1, 1, False
305.9343, 2021-06-16T10:45:00.7467930+08:00, 0, 7.894562, 49.37931, 1, 1, 1, False
305.9438, 2021-06-16T10:45:00.7562310+08:00, 0, 7.894562, 49.37931, 1, 1, 1, False
305.9532, 2021-06-16T10:45:00.7656200+08:00, 0, 7.894562, 49.37931, 1, 1, 1, False
305.9635, 2021-06-16T10:45:00.7759820+08:00, 0, 7.894562, 49.37931, 1, 1, 1, False
305.9733, 2021-06-16T10:45:00.7857150+08:00, 0, 7.894562, 49.37931, 1, 1, 1, False
305.9824, 2021-06-16T10:45:00.7948730+08:00, 0, 7.894562, 49.37931, 1, 1, 1, False
305.9918, 2021-06-16T10:45:00.8041370+08:00, 0, 7.894562, 49.37931, 1, 1, 1, False
306.0022, 2021-06-16T10:45:00.8146370+08:00, 0, 7.894562, 49.37931, 1, 1, 1, False
306.0114, 2021-06-16T10:45:00.8237990+08:00, 0, 7.894562, 49.37931, 1, 1, 1, False
306.0211, 2021-06-16T10:45:00.8335380+08:00, 0, 7.894562, 49.37931, 1, 1, 1, False
306.0298, 2021-06-16T10:45:00.8422260+08:00, 0, 7.894562, 49.37931, 1, 1, 1, False
306.0402, 2021-06-16T10:45:00.8526090+08:00, 0, 7.894562, 49.37931, 1, 1, 1, False
306.0912, 2021-06-16T10:45:00.9037040+08:00, 0, 7.894562, 49.37931, 1, 1, 1, False
306.0991, 2021-06-16T10:45:00.9114970+08:00, 0, 7.894562, 49.37931, 1, 1, 1, False
306.1026, 2021-06-16T10:45:00.9150800+08:00, 0, 7.894562, 49.37931, 1, 1, 1, False
306.1109, 2021-06-16T10:45:00.9232590+08:00, 0, 7.894562, 49.37931, 1, 1, 1, False
306.1151, 2021-06-16T10:45:00.9274730+08:00, 0, 7.894562, 49.37931, 1, 1, 1, False
306.1187, 2021-06-16T10:45:00.9310810+08:00, 0, 7.894562, 49.37931, 1, 1, 1, False
306.1227, 2021-06-16T10:45:00.9350660+08:00, 0, 7.894562, 49.37931, 1, 1, 1, False
306.1324, 2021-06-16T10:45:00.9448420+08:00, 0, 7.894562, 49.37931, 1, 1, 1, False
306.1421, 2021-06-16T10:45:00.9545700+08:00, 0, 7.894562, 49.37931, 1, 1, 1, False
306.1525, 2021-06-16T10:45:00.9649950+08:00, 0, 7.894562, 49.37931, 1, 1, 1, False
306.1611, 2021-06-16T10:45:00.9735340+08:00, 0, 7.894562, 49.37931, 1, 1, 1, False
306.1719, 2021-06-16T10:45:00.9844100+08:00, 0, 7.894562, 49.37931, 1, 1, 1, False
306.1909, 2021-06-16T10:45:01.0034040+08:00, 0, 7.894562, 49.37931, 1, 1, 1, False
306.1953, 2021-06-16T10:45:01.0076930+08:00, 0, 7.894562, 49.37931, 1, 1, 1, False
306.2001, 2021-06-16T10:45:01.0125650+08:00, 0, 7.894562, 49.37931, 1, 1, 1, False
306.2097, 2021-06-16T10:45:01.0220840+08:00, 0, 7.894562, 49.37931, 1, 1, 1, False
306.2192, 2021-06-16T10:45:01.0316260+08:00, 0, 7.894562, 49.37931, 1, 1, 1, False
306.2292, 2021-06-16T10:45:01.0417500+08:00, 0, 7.894562, 49.37931, 1, 1, 1, False
306.2391, 2021-06-16T10:45:01.0515250+08:00, 0, 7.894562, 49.37931, 1, 1, 1, False
306.2481, 2021-06-16T10:45:01.0606920+08:00, 0, 7.894562, 49.37931, 1, 1, 1, False
306.2585, 2021-06-16T10:45:01.0708930+08:00, 0, 7.894562, 49.37931, 1, 1, 1, False
306.2672, 2021-06-16T10:45:01.0796810+08:00, 0, 7.894562, 49.37931, 1, 1, 1, False
306.2779, 2021-06-16T10:45:01.0903070+08:00, 0, 7.894562, 49.37931, 1, 1, 1, False
306.2867, 2021-06-16T10:45:01.0991970+08:00, 0, 7.894562, 49.37931, 1, 1, 1, False
306.296, 2021-06-16T10:45:01.1083960+08:00, 0, 7.894562, 49.37931, 1, 1, 1, False
306.306, 2021-06-16T10:45:01.1185740+08:00, 0, 7.894562, 49.37931, 1, 1, 1, False
306.315, 2021-06-16T10:45:01.1274080+08:00, 0, 7.894562, 49.37931, 1, 1, 1, False
306.3253, 2021-06-16T10:45:01.1378150+08:00, 0, 7.894562, 49.37931, 1, 1, 1, False
306.3345, 2021-06-16T10:45:01.1469360+08:00, 0, 7.894562, 49.37931, 1, 1, 1, False
306.3449, 2021-06-16T10:45:01.1573850+08:00, 0, 7.894562, 49.37931, 1, 1, 1, False
306.3536, 2021-06-16T10:45:01.1660600+08:00, 0, 7.894562, 49.37931, 1, 1, 1, False
306.4073, 2021-06-16T10:45:01.2197860+08:00, 0, 7.894562, 49.37931, 1, 1, 1, False
306.4117, 2021-06-16T10:45:01.2240840+08:00, 0, 7.894562, 49.37931, 1, 1, 1, False
306.4146, 2021-06-16T10:45:01.2270050+08:00, 0, 7.894562, 49.37931, 1, 1, 1, False
306.4188, 2021-06-16T10:45:01.2311470+08:00, 0, 7.894562, 49.37931, 1, 1, 1, False
306.4229, 2021-06-16T10:45:01.2352840+08:00, 0, 7.894562, 49.37931, 1, 1, 1, False
306.4292, 2021-06-16T10:45:01.2416140+08:00, 0, 7.894562, 49.37931, 1, 1, 1, False
306.4385, 2021-06-16T10:45:01.2509130+08:00, 0, 7.894562, 49.37931, 1, 1, 1, False
306.4473, 2021-06-16T10:45:01.2597810+08:00, 0, 7.894562, 49.37931, 1, 1, 1, False
306.4578, 2021-06-16T10:45:01.2702500+08:00, 0, 7.894562, 49.37931, 1, 1, 1, False
306.4677, 2021-06-16T10:45:01.2802210+08:00, 0, 7.894562, 49.37931, 1, 1, 1, False
306.4782, 2021-06-16T10:45:01.2906870+08:00, 0, 7.894562, 49.37931, 1, 1, 1, False
306.4875, 2021-06-16T10:45:01.2999430+08:00, 0, 7.894562, 49.37931, 1, 1, 1, False
306.4965, 2021-06-16T10:45:01.3090320+08:00, 0, 7.894562, 49.37931, 1, 1, 1, False
306.5072, 2021-06-16T10:45:01.3197010+08:00, 0, 7.894562, 49.37931, 1, 1, 1, False
306.516, 2021-06-16T10:45:01.3284220+08:00, 0, 7.894562, 49.37931, 1, 1, 1, False
306.5266, 2021-06-16T10:45:01.3390810+08:00, 0, 7.894562, 49.37931, 1, 1, 1, False
306.5353, 2021-06-16T10:45:01.3477550+08:00, 0, 7.894562, 49.37931, 1, 1, 1, False
306.5453, 2021-06-16T10:45:01.3577820+08:00, 0, 7.894562, 49.37931, 1, 1, 1, False
306.5542, 2021-06-16T10:45:01.3665860+08:00, 0, 7.894562, 49.37931, 1, 1, 1, False
306.5646, 2021-06-16T10:45:01.3771300+08:00, 0, 7.894562, 49.37931, 1, 1, 1, False
306.5744, 2021-06-16T10:45:01.3868780+08:00, 0, 7.894562, 49.37931, 1, 1, 1, False
306.5833, 2021-06-16T10:45:01.3957320+08:00, 0, 7.894562, 49.37931, 1, 1, 1, False
306.5936, 2021-06-16T10:45:01.4060100+08:00, 0, 7.894562, 49.37931, 1, 1, 1, False
306.6024, 2021-06-16T10:45:01.4148130+08:00, 0, 7.894562, 49.37931, 1, 1, 1, False
306.6128, 2021-06-16T10:45:01.4252200+08:00, 0, 7.894562, 49.37931, 1, 1, 1, False
306.6227, 2021-06-16T10:45:01.4351700+08:00, 0, 7.894562, 49.37931, 1, 1, 1, False
306.6316, 2021-06-16T10:45:01.4439790+08:00, 0, 7.894562, 49.37931, 1, 1, 1, False
306.6411, 2021-06-16T10:45:01.4535540+08:00, 0, 7.894562, 49.37931, 1, 1, 1, False
306.6508, 2021-06-16T10:45:01.4631870+08:00, 0, 7.894562, 49.37931, 1, 1, 1, False
306.6606, 2021-06-16T10:45:01.4731580+08:00, 0, 7.894562, 49.37931, 1, 1, 1, False
306.6695, 2021-06-16T10:45:01.4818970+08:00, 0, 7.894562, 49.37931, 1, 1, 1, False
306.7227, 2021-06-16T10:45:01.5352370+08:00, 0, 7.894562, 49.37931, 1, 1, 1, False
306.7267, 2021-06-16T10:45:01.5390480+08:00, 0, 7.894562, 49.37931, 1, 1, 1, False
306.7306, 2021-06-16T10:45:01.5429640+08:00, 0, 7.894562, 49.37931, 1, 1, 1, False
306.735, 2021-06-16T10:45:01.5473460+08:00, 0, 7.894562, 49.37931, 1, 1, 1, False
306.7386, 2021-06-16T10:45:01.5510140+08:00, 0, 7.894562, 49.37931, 1, 1, 1, False
306.7442, 2021-06-16T10:45:01.5569210+08:00, 0, 7.894562, 49.37931, 1, 1, 1, False
306.7534, 2021-06-16T10:45:01.5658350+08:00, 0, 7.894562, 49.37931, 1, 1, 1, False
306.7623, 2021-06-16T10:45:01.5747000+08:00, 0, 7.894562, 49.37931, 1, 1, 1, False
306.7734, 2021-06-16T10:45:01.5858540+08:00, 0, 7.894562, 49.37931, 1, 1, 1, False
306.7827, 2021-06-16T10:45:01.5952650+08:00, 0, 7.894562, 49.37931, 1, 1, 1, False
306.793, 2021-06-16T10:45:01.6054380+08:00, 0, 7.894562, 49.37931, 1, 1, 1, False
306.8019, 2021-06-16T10:45:01.6144430+08:00, 0, 7.894562, 49.37931, 1, 1, 1, False
306.8112, 2021-06-16T10:45:01.6236690+08:00, 0, 7.894562, 49.37931, 1, 1, 1, False
306.8222, 2021-06-16T10:45:01.6346280+08:00, 0, 7.894562, 49.37931, 1, 1, 1, False
306.8314, 2021-06-16T10:45:01.6438400+08:00, 0, 7.894562, 49.37931, 1, 1, 1, False
306.8417, 2021-06-16T10:45:01.6542130+08:00, 0, 7.894562, 49.37931, 1, 1, 1, False
306.8999, 2021-06-16T10:45:01.7123080+08:00, 0, 7.894562, 49.37931, 1, 1, 1, False
306.9513, 2021-06-16T10:45:01.7637690+08:00, 0, 7.894562, 49.37931, 1, 1, 1, False
307.007, 2021-06-16T10:45:01.8224860+08:00, 0, 7.894562, 49.37931, 1, 1, 1, False
307.0159, 2021-06-16T10:45:01.8313630+08:00, 0, 7.894562, 49.37931, 1, 1, 1, False
307.0794, 2021-06-16T10:45:01.9021180+08:00, 0, 7.894562, 49.37931, 1, 1, 1, False
307.1392, 2021-06-16T10:45:01.9516270+08:00, 0, 7.894562, 49.37931, 1, 1, 1, False
307.1427, 2021-06-16T10:45:01.9551460+08:00, 0, 7.894562, 49.37931, 1, 1, 1, False
307.1466, 2021-06-16T10:45:01.9590340+08:00, 0, 7.894562, 49.37931, 1, 1, 1, False
307.1507, 2021-06-16T10:45:01.9630460+08:00, 0, 7.894562, 49.37931, 1, 1, 1, False
307.1546, 2021-06-16T10:45:01.9669880+08:00, 0, 7.894562, 49.37931, 1, 1, 1, False
307.1644, 2021-06-16T10:45:01.9768510+08:00, 0, 7.894562, 49.37931, 1, 1, 1, False
307.1758, 2021-06-16T10:45:01.9881670+08:00, 0, 7.894562, 49.37931, 1, 1, 1, False
307.1881, 2021-06-16T10:45:02.0005470+08:00, 0, 7.894562, 49.37931, 1, 1, 1, False
307.1996, 2021-06-16T10:45:02.0122250+08:00, 0, 7.894562, 49.37931, 1, 1, 1, False
307.2104, 2021-06-16T10:45:02.0228630+08:00, 0, 7.894562, 49.37931, 1, 1, 1, False
307.2666, 2021-06-16T10:45:02.0790370+08:00, 0, 7.894562, 49.37931, 1, 1, 1, False
307.3154, 2021-06-16T10:45:02.1278200+08:00, 0, 7.894562, 49.37931, 1, 1, 1, False
307.3232, 2021-06-16T10:45:02.1356600+08:00, 0, 7.894562, 49.37931, 1, 1, 1, False
307.3266, 2021-06-16T10:45:02.1389850+08:00, 0, 7.894562, 49.37931, 1, 1, 1, False
307.3307, 2021-06-16T10:45:02.1430790+08:00, 0, 7.894562, 49.37931, 1, 1, 1, False
307.3347, 2021-06-16T10:45:02.1471050+08:00, 0, 7.894562, 49.37931, 1, 1, 1, False
307.3405, 2021-06-16T10:45:02.1528870+08:00, 0, 7.894562, 49.37931, 1, 1, 1, False
307.3512, 2021-06-16T10:45:02.1636060+08:00, 0, 7.894562, 49.37931, 1, 1, 1, False
307.3613, 2021-06-16T10:45:02.1737390+08:00, 0, 7.894562, 49.37931, 1, 1, 1, False
307.3731, 2021-06-16T10:45:02.1856210+08:00, 0, 7.894562, 49.37931, 1, 1, 1, False
307.383, 2021-06-16T10:45:02.1955460+08:00, 0, 7.894562, 49.37931, 1, 1, 1, False
307.3947, 2021-06-16T10:45:02.2070930+08:00, 0, 7.894562, 49.37931, 1, 1, 1, False
307.4048, 2021-06-16T10:45:02.2172870+08:00, 0, 7.894562, 49.37931, 1, 1, 1, False
307.4152, 2021-06-16T10:45:02.2276560+08:00, 0, 7.894562, 49.37931, 1, 1, 1, False
307.4251, 2021-06-16T10:45:02.2375060+08:00, 0, 7.894562, 49.37931, 1, 1, 1, False
307.4348, 2021-06-16T10:45:02.2471520+08:00, 0, 7.894562, 49.37931, 1, 1, 1, False
307.4452, 2021-06-16T10:45:02.2576410+08:00, 0, 7.894562, 49.37931, 1, 1, 1, False
307.454, 2021-06-16T10:45:02.2664250+08:00, 0, 7.894562, 49.37931, 1, 1, 1, False
307.4648, 2021-06-16T10:45:02.2772950+08:00, 0, 7.894562, 49.37931, 1, 1, 1, False
307.474, 2021-06-16T10:45:02.2863610+08:00, 0, 7.894562, 49.37931, 1, 1, 1, False
307.4833, 2021-06-16T10:45:02.2957200+08:00, 0, 7.894562, 49.37931, 1, 1, 1, False
307.4932, 2021-06-16T10:45:02.3055820+08:00, 0, 7.894562, 49.37931, 1, 1, 1, False
307.5028, 2021-06-16T10:45:02.3152490+08:00, 0, 7.894562, 49.37931, 1, 1, 1, False
307.5125, 2021-06-16T10:45:02.3249290+08:00, 0, 7.894562, 49.37931, 1, 1, 1, False
307.5213, 2021-06-16T10:45:02.3337380+08:00, 0, 7.894562, 49.37931, 1, 1, 1, False
307.5315, 2021-06-16T10:45:02.3438690+08:00, 0, 7.894562, 49.37931, 1, 1, 1, False
307.5411, 2021-06-16T10:45:02.3535650+08:00, 0, 7.894562, 49.37931, 1, 1, 1, False
307.5501, 2021-06-16T10:45:02.3625440+08:00, 0, 7.894562, 49.37931, 1, 1, 1, False
307.5606, 2021-06-16T10:45:02.3730420+08:00, 0, 7.894562, 49.37931, 1, 1, 1, False
307.5694, 2021-06-16T10:45:02.3818090+08:00, 0, 7.894562, 49.37931, 1, 1, 1, False
307.5797, 2021-06-16T10:45:02.3921630+08:00, 0, 7.894562, 49.37931, 1, 1, 1, False
307.6314, 2021-06-16T10:45:02.4439310+08:00, 0, 7.894562, 49.37931, 1, 1, 1, False
307.6346, 2021-06-16T10:45:02.4470110+08:00, 0, 7.894562, 49.37931, 1, 1, 1, False
307.6387, 2021-06-16T10:45:02.4510610+08:00, 0, 7.894562, 49.37931, 1, 1, 1, False
307.6427, 2021-06-16T10:45:02.4551300+08:00, 0, 7.894562, 49.37931, 1, 1, 1, False
307.6486, 2021-06-16T10:45:02.4610710+08:00, 0, 7.894562, 49.37931, 1, 1, 1, False
307.6549, 2021-06-16T10:45:02.4672900+08:00, 0, 7.894562, 49.37931, 1, 1, 1, False
307.6635, 2021-06-16T10:45:02.4758690+08:00, 0, 7.894562, 49.37931, 1, 1, 1, False
307.6728, 2021-06-16T10:45:02.4852410+08:00, 0, 7.894562, 49.37931, 1, 1, 1, False
307.6833, 2021-06-16T10:45:02.4957780+08:00, 0, 7.894562, 49.37931, 1, 1, 1, False
307.6929, 2021-06-16T10:45:02.5052760+08:00, 0, 7.894562, 49.37931, 1, 1, 1, False
307.7022, 2021-06-16T10:45:02.5147420+08:00, 0, 7.894562, 49.37931, 1, 1, 1, False
307.7122, 2021-06-16T10:45:02.5246580+08:00, 0, 7.894562, 49.37931, 1, 1, 1, False
307.7211, 2021-06-16T10:45:02.5335880+08:00, 0, 7.894562, 49.37931, 1, 1, 1, False
307.7314, 2021-06-16T10:45:02.5438160+08:00, 0, 7.894562, 49.37931, 1, 1, 1, False
307.7404, 2021-06-16T10:45:02.5527950+08:00, 0, 7.894562, 49.37931, 1, 1, 1, False
307.7502, 2021-06-16T10:45:02.5625720+08:00, 0, 7.894562, 49.37931, 1, 1, 1, False
307.76, 2021-06-16T10:45:02.5726810+08:00, 0, 7.894562, 49.37931, 1, 1, 1, False
307.788, 2021-06-16T10:45:02.6004270+08:00, 0, 7.894562, 49.37931, 1, 1, 1, False
307.8477, 2021-06-16T10:45:02.6601100+08:00, 0, 7.894562, 49.37931, 1, 1, 1, False
307.8509, 2021-06-16T10:45:02.6632620+08:00, 0, 7.894562, 49.37931, 1, 1, 1, False
307.8546, 2021-06-16T10:45:02.6670380+08:00, 0, 7.894562, 49.37931, 1, 1, 1, False
307.8608, 2021-06-16T10:45:02.6731810+08:00, 0, 7.894562, 49.37931, 1, 1, 1, False
307.9122, 2021-06-16T10:45:02.7246120+08:00, 0, 7.894562, 49.37931, 1, 1, 1, False
307.9641, 2021-06-16T10:45:02.7764820+08:00, 0, 7.894562, 49.37931, 1, 1, 1, False
308.0121, 2021-06-16T10:45:02.8244580+08:00, 0, 7.825102, 48.98538, 1, 1, 1, False
308.0813, 2021-06-16T10:45:02.8937410+08:00, 0, 7.790373, 48.78842, 1, 1, 1, False
308.1813, 2021-06-16T10:45:03.0171780+08:00, 0, 7.755643, 48.59146, 1, 1, 1, False
308.2536, 2021-06-16T10:45:03.0893970+08:00, 0, 7.634089, 47.9021, 1, 1, 1, False
308.3193, 2021-06-16T10:45:03.1550470+08:00, 0, 7.634089, 47.9021, 1, 1, 1, False
308.3274, 2021-06-16T10:45:03.1632450+08:00, 0, 7.634089, 47.9021, 1, 1, 1, False
308.3382, 2021-06-16T10:45:03.1739470+08:00, 0, 7.408347, 46.62185, 1, 1, 1, False
308.4097, 2021-06-16T10:45:03.2454370+08:00, 0, 7.217334, 45.53856, 1, 1, 1, False
308.4731, 2021-06-16T10:45:03.3088550+08:00, 0, 7.217334, 45.53856, 1, 1, 1, False
308.5449, 2021-06-16T10:45:03.3807580+08:00, 0, 7.790373, 48.78842, 1, 1, 1, False
308.6098, 2021-06-16T10:45:03.4456970+08:00, 0, 9.023274, 55.78056, 1, 1, 1, False
308.6731, 2021-06-16T10:45:03.5088620+08:00, 0, 9.613679, 59.12891, 1, 1, 1, False
308.7414, 2021-06-16T10:45:03.5771980+08:00, 0, 10.23881, 62.67421, 1, 1, 1, False
308.805, 2021-06-16T10:45:03.6408530+08:00, 0, 10.27354, 62.87117, 1, 1, 1, False
308.8652, 2021-06-16T10:45:03.7010130+08:00, 0, 10.27354, 62.87117, 1, 1, 1, False
308.9333, 2021-06-16T10:45:03.7690630+08:00, 0, 8.97118, 55.48512, 1, 1, 1, False
308.9947, 2021-06-16T10:45:03.8305470+08:00, 0, 7.008956, 44.35679, 1, 1, 1, False
309.0575, 2021-06-16T10:45:03.8932930+08:00, 0, 6.12335, 39.33427, 1, 1, 1, False
309.1211, 2021-06-16T10:45:03.9569340+08:00, 0, 5.428758, 35.39503, 1, 1, 1, False
309.1857, 2021-06-16T10:45:04.0246620+08:00, 0, 4.682071, 31.16036, 1, 1, 1, False
309.2557, 2021-06-16T10:45:04.1012200+08:00, 0, 3.727006, 25.74392, 1, 1, 1, False
309.3291, 2021-06-16T10:45:04.1649060+08:00, 0, 3.171332, 22.59254, 1, 1, 1, False
309.3858, 2021-06-16T10:45:04.2217830+08:00, 0, 2.164173, 16.88065, 1, 1, 1, False
309.4537, 2021-06-16T10:45:04.2895260+08:00, 0, 0.7923521, 9.10067, 1, 1, 1, False
309.5241, 2021-06-16T10:45:04.3599030+08:00, 0, -0.9441296, -0.7474084, 1, 1, 1, False
309.5678, 2021-06-16T10:45:04.4036840+08:00, 0, -2.159667, -7.641063, 1, 1, 1, False
309.6292, 2021-06-16T10:45:04.4649330+08:00, 0, -2.229126, -8.034986, 1, 1, 1, False
309.6886, 2021-06-16T10:45:04.5243610+08:00, 0, -2.263856, -8.231947, 1, 1, 1, False
309.7458, 2021-06-16T10:45:04.5815900+08:00, 0, -2.298585, -8.428908, 1, 1, 1, False
309.8087, 2021-06-16T10:45:04.6444290+08:00, 0, -2.333315, -8.62587, 1, 1, 1, False
309.8633, 2021-06-16T10:45:04.6990280+08:00, 0, -2.333315, -8.62587, 1, 1, 1, False
309.8673, 2021-06-16T10:45:04.7030200+08:00, 0, -2.333315, -8.62587, 1, 1, 1, False
309.8712, 2021-06-16T10:45:04.7068870+08:00, 0, -2.333315, -8.62587, 1, 1, 1, False
309.8755, 2021-06-16T10:45:04.7111870+08:00, 0, -2.333315, -8.62587, 1, 1, 1, False
309.8828, 2021-06-16T10:45:04.7186220+08:00, 0, -2.333315, -8.62587, 1, 1, 1, False
309.9022, 2021-06-16T10:45:04.7380440+08:00, 0, -2.333315, -8.62587, 1, 1, 1, False
309.9612, 2021-06-16T10:45:04.7970440+08:00, 0, -2.142302, -7.542582, 1, 1, 1, False
310.021, 2021-06-16T10:45:04.8567990+08:00, 0, -0.6315629, 1.025245, 1, 1, 1, False
310.0852, 2021-06-16T10:45:04.9209880+08:00, 0, 0.705528, 8.608266, 1, 1, 1, False
310.137, 2021-06-16T10:45:04.9728000+08:00, 0, 0.8618113, 9.494593, 1, 1, 1, False
310.1971, 2021-06-16T10:45:05.0329520+08:00, 0, 1.226473, 11.56269, 1, 1, 1, False
310.2554, 2021-06-16T10:45:05.0912130+08:00, 0, 1.747417, 14.51711, 1, 1, 1, False
310.3092, 2021-06-16T10:45:05.1450420+08:00, 0, 1.816876, 14.91103, 1, 1, 1, False
310.3675, 2021-06-16T10:45:05.2032360+08:00, 0, 1.816876, 14.91103, 1, 1, 1, False
310.3756, 2021-06-16T10:45:05.2113110+08:00, 0, 1.816876, 14.91103, 1, 1, 1, False
310.3792, 2021-06-16T10:45:05.2149040+08:00, 0, 1.816876, 14.91103, 1, 1, 1, False
310.3832, 2021-06-16T10:45:05.2189330+08:00, 0, 1.816876, 14.91103, 1, 1, 1, False
310.3919, 2021-06-16T10:45:05.2276320+08:00, 0, 1.816876, 14.91103, 1, 1, 1, False
310.4098, 2021-06-16T10:45:05.2455580+08:00, 0, 1.816876, 14.91103, 1, 1, 1, False
310.4263, 2021-06-16T10:45:05.2622250+08:00, 0, 1.816876, 14.91103, 1, 1, 1, False
310.4426, 2021-06-16T10:45:05.2784590+08:00, 0, 1.816876, 14.91103, 1, 1, 1, False
310.46, 2021-06-16T10:45:05.2958910+08:00, 0, 1.816876, 14.91103, 1, 1, 1, False
310.5215, 2021-06-16T10:45:05.3572710+08:00, 0, 1.695323, 14.22167, 1, 1, 1, False
310.5847, 2021-06-16T10:45:05.4204590+08:00, 0, 1.608499, 13.72927, 1, 1, 1, False
310.6453, 2021-06-16T10:45:05.4810490+08:00, 0, 1.50431, 13.13838, 1, 1, 1, False
310.7013, 2021-06-16T10:45:05.5370870+08:00, 0, 1.382756, 12.44902, 1, 1, 1, False
310.7604, 2021-06-16T10:45:05.5961570+08:00, 0, 1.313297, 12.05509, 1, 1, 1, False
310.8172, 2021-06-16T10:45:05.6559910+08:00, 0, 1.278567, 11.85813, 1, 1, 1, False
310.8893, 2021-06-16T10:45:05.7251510+08:00, 0, 1.139648, 11.07028, 1, 1, 1, False
310.9487, 2021-06-16T10:45:05.7844770+08:00, 0, 0.983365, 10.18396, 1, 1, 1, False
311.0011, 2021-06-16T10:45:05.8368940+08:00, 0, 0.983365, 10.18396, 1, 1, 1, False
311.0576, 2021-06-16T10:45:05.8934680+08:00, 0, 0.9486354, 9.986996, 1, 1, 1, False
311.1168, 2021-06-16T10:45:05.9525090+08:00, 0, 0.8965409, 9.691553, 1, 1, 1, False
311.1773, 2021-06-16T10:45:06.0130400+08:00, 0, 0.705528, 8.608266, 1, 1, 1, False
311.2375, 2021-06-16T10:45:06.0733120+08:00, 0, 0.6360686, 8.214342, 1, 1, 1, False
311.2927, 2021-06-16T10:45:06.1284940+08:00, 0, 0.601339, 8.017381, 1, 1, 1, False
311.349, 2021-06-16T10:45:06.1847760+08:00, 0, 0.5318797, 7.623457, 1, 1, 1, False
311.4051, 2021-06-16T10:45:06.2409180+08:00, 0, 0.4276909, 7.032573, 1, 1, 1, False
311.4608, 2021-06-16T10:45:06.2966450+08:00, 0, 0.323502, 6.441688, 1, 1, 1, False
311.5203, 2021-06-16T10:45:06.3560660+08:00, 0, 0.323502, 6.441688, 1, 1, 1, False
311.5777, 2021-06-16T10:45:06.4134650+08:00, 0, 0.2887723, 6.244727, 1, 1, 1, False
311.6369, 2021-06-16T10:45:06.4726590+08:00, 0, 0.1845835, 5.653842, 1, 1, 1, False
311.6929, 2021-06-16T10:45:06.5287810+08:00, 0, 0.06302983, 4.964477, 1, 1, 1, False
311.7498, 2021-06-16T10:45:06.5856800+08:00, 0, 0.02830011, 4.767515, 1, 1, 1, False
311.8045, 2021-06-16T10:45:06.6402360+08:00, 0, -0.04115909, 4.373592, 1, 1, 1, False
311.8571, 2021-06-16T10:45:06.6928100+08:00, 0, -0.07588875, 4.17663, 1, 1, 1, False
311.9053, 2021-06-16T10:45:06.7411680+08:00, 0, -0.07588875, 4.17663, 1, 1, 1, False
311.9596, 2021-06-16T10:45:06.7953270+08:00, 0, -0.07588875, 4.17663, 1, 1, 1, False
311.9674, 2021-06-16T10:45:06.8031930+08:00, 0, -0.07588875, 4.17663, 1, 1, 1, False
311.9712, 2021-06-16T10:45:06.8068890+08:00, 0, -0.07588875, 4.17663, 1, 1, 1, False
311.9753, 2021-06-16T10:45:06.8109540+08:00, 0, -0.07588875, 4.17663, 1, 1, 1, False
311.9849, 2021-06-16T10:45:06.8206230+08:00, 0, -0.07588875, 4.17663, 1, 1, 1, False
312.0017, 2021-06-16T10:45:06.8374950+08:00, 0, -0.07588875, 4.17663, 1, 1, 1, False
312.0182, 2021-06-16T10:45:06.8539580+08:00, 0, -0.07588875, 4.17663, 1, 1, 1, False
312.0345, 2021-06-16T10:45:06.8703090+08:00, 0, -0.07588875, 4.17663, 1, 1, 1, False
312.0511, 2021-06-16T10:45:06.8870170+08:00, 0, -0.07588875, 4.17663, 1, 1, 1, False
312.0679, 2021-06-16T10:45:06.9036770+08:00, 0, -0.07588875, 4.17663, 1, 1, 1, False
312.0818, 2021-06-16T10:45:06.9176010+08:00, 0, -0.07588875, 4.17663, 1, 1, 1, False
312.127, 2021-06-16T10:45:06.9627940+08:00, 0, -0.07588875, 4.17663, 1, 1, 1, False
312.1312, 2021-06-16T10:45:06.9668800+08:00, 0, -0.07588875, 4.17663, 1, 1, 1, False
312.1354, 2021-06-16T10:45:06.9711710+08:00, 0, -0.07588875, 4.17663, 1, 1, 1, False
312.1394, 2021-06-16T10:45:06.9750770+08:00, 0, -0.07588875, 4.17663, 1, 1, 1, False
312.159, 2021-06-16T10:45:06.9948140+08:00, 0, -0.07588875, 4.17663, 1, 1, 1, False
312.1725, 2021-06-16T10:45:07.0083130+08:00, 0, -0.07588875, 4.17663, 1, 1, 1, False
312.1853, 2021-06-16T10:45:07.0210760+08:00, 0, -0.07588875, 4.17663, 1, 1, 1, False
312.1978, 2021-06-16T10:45:07.0336140+08:00, 0, -0.07588875, 4.17663, 1, 1, 1, False
312.2106, 2021-06-16T10:45:07.0466200+08:00, 0, -0.07588875, 4.17663, 1, 1, 1, False
312.2222, 2021-06-16T10:45:07.0580090+08:00, 0, -0.07588875, 4.17663, 1, 1, 1, False
312.2345, 2021-06-16T10:45:07.0702420+08:00, 0, -0.07588875, 4.17663, 1, 1, 1, False
312.2454, 2021-06-16T10:45:07.0811710+08:00, 0, -0.07588875, 4.17663, 1, 1, 1, False
312.2964, 2021-06-16T10:45:07.1322380+08:00, 0, -0.07588875, 4.17663, 1, 1, 1, False
312.3033, 2021-06-16T10:45:07.1390000+08:00, 0, -0.07588875, 4.17663, 1, 1, 1, False
312.3072, 2021-06-16T10:45:07.1429070+08:00, 0, -0.07588875, 4.17663, 1, 1, 1, False
312.3111, 2021-06-16T10:45:07.1468330+08:00, 0, -0.07588875, 4.17663, 1, 1, 1, False
312.3156, 2021-06-16T10:45:07.1512530+08:00, 0, -0.07588875, 4.17663, 1, 1, 1, False
312.3204, 2021-06-16T10:45:07.1560900+08:00, 0, -0.07588875, 4.17663, 1, 1, 1, False
312.3307, 2021-06-16T10:45:07.1664220+08:00, 0, -0.07588875, 4.17663, 1, 1, 1, False
312.3416, 2021-06-16T10:45:07.1773220+08:00, 0, -0.07588875, 4.17663, 1, 1, 1, False
312.351, 2021-06-16T10:45:07.1867780+08:00, 0, -0.07588875, 4.17663, 1, 1, 1, False
312.3607, 2021-06-16T10:45:07.1964860+08:00, 0, -0.07588875, 4.17663, 1, 1, 1, False
312.3715, 2021-06-16T10:45:07.2072290+08:00, 0, -0.07588875, 4.17663, 1, 1, 1, False
312.3804, 2021-06-16T10:45:07.2161730+08:00, 0, -0.07588875, 4.17663, 1, 1, 1, False
312.3912, 2021-06-16T10:45:07.2269480+08:00, 0, -0.07588875, 4.17663, 1, 1, 1, False
312.4005, 2021-06-16T10:45:07.2365660+08:00, 0, -0.07588875, 4.17663, 1, 1, 1, False
312.4096, 2021-06-16T10:45:07.2452860+08:00, 0, -0.07588875, 4.17663, 1, 1, 1, False
312.4199, 2021-06-16T10:45:07.2556010+08:00, 0, -0.07588875, 4.17663, 1, 1, 1, False
312.4291, 2021-06-16T10:45:07.2648840+08:00, 0, -0.07588875, 4.17663, 1, 1, 1, False
312.4388, 2021-06-16T10:45:07.2745590+08:00, 0, -0.07588875, 4.17663, 1, 1, 1, False
312.449, 2021-06-16T10:45:07.2847910+08:00, 0, -0.07588875, 4.17663, 1, 1, 1, False
312.4593, 2021-06-16T10:45:07.2950510+08:00, 0, -0.07588875, 4.17663, 1, 1, 1, False
312.4704, 2021-06-16T10:45:07.3062080+08:00, 0, -0.07588875, 4.17663, 1, 1, 1, False
312.4782, 2021-06-16T10:45:07.3139660+08:00, 0, -0.07588875, 4.17663, 1, 1, 1, False
312.489, 2021-06-16T10:45:07.3252900+08:00, 0, -0.07588875, 4.17663, 1, 1, 1, False
312.4981, 2021-06-16T10:45:07.3338370+08:00, 0, -0.07588875, 4.17663, 1, 1, 1, False
312.5081, 2021-06-16T10:45:07.3438940+08:00, 0, -0.07588875, 4.17663, 1, 1, 1, False
312.5185, 2021-06-16T10:45:07.3541840+08:00, 0, -0.07588875, 4.17663, 1, 1, 1, False
312.5274, 2021-06-16T10:45:07.3631910+08:00, 0, -0.07588875, 4.17663, 1, 1, 1, False
312.5385, 2021-06-16T10:45:07.3744800+08:00, 0, -0.07588875, 4.17663, 1, 1, 1, False
312.5475, 2021-06-16T10:45:07.3832730+08:00, 0, -0.07588875, 4.17663, 1, 1, 1, False
312.5577, 2021-06-16T10:45:07.3934210+08:00, 0, -0.07588875, 4.17663, 1, 1, 1, False
312.567, 2021-06-16T10:45:07.4027120+08:00, 0, -0.07588875, 4.17663, 1, 1, 1, False
312.6116, 2021-06-16T10:45:07.4473220+08:00, 0, -0.07588875, 4.17663, 1, 1, 1, False
312.6157, 2021-06-16T10:45:07.4514700+08:00, 0, -0.07588875, 4.17663, 1, 1, 1, False
312.6194, 2021-06-16T10:45:07.4551120+08:00, 0, -0.07588875, 4.17663, 1, 1, 1, False
312.6232, 2021-06-16T10:45:07.4588870+08:00, 0, -0.07588875, 4.17663, 1, 1, 1, False
312.6276, 2021-06-16T10:45:07.4633120+08:00, 0, -0.07588875, 4.17663, 1, 1, 1, False
312.634, 2021-06-16T10:45:07.4697290+08:00, 0, -0.07588875, 4.17663, 1, 1, 1, False
312.6436, 2021-06-16T10:45:07.4793620+08:00, 0, -0.07588875, 4.17663, 1, 1, 1, False
312.653, 2021-06-16T10:45:07.4887900+08:00, 0, -0.07588875, 4.17663, 1, 1, 1, False
312.6625, 2021-06-16T10:45:07.4982440+08:00, 0, -0.07588875, 4.17663, 1, 1, 1, False
312.6713, 2021-06-16T10:45:07.5072850+08:00, 0, -0.07588875, 4.17663, 1, 1, 1, False
312.6817, 2021-06-16T10:45:07.5174300+08:00, 0, -0.07588875, 4.17663, 1, 1, 1, False
312.6926, 2021-06-16T10:45:07.5283380+08:00, 0, -0.07588875, 4.17663, 1, 1, 1, False
312.7016, 2021-06-16T10:45:07.5373400+08:00, 0, -0.07588875, 4.17663, 1, 1, 1, False
312.7118, 2021-06-16T10:45:07.5475430+08:00, 0, -0.07588875, 4.17663, 1, 1, 1, False
312.722, 2021-06-16T10:45:07.5577000+08:00, 0, -0.07588875, 4.17663, 1, 1, 1, False
312.7315, 2021-06-16T10:45:07.5672170+08:00, 0, -0.07588875, 4.17663, 1, 1, 1, False
312.7405, 2021-06-16T10:45:07.5763100+08:00, 0, -0.07588875, 4.17663, 1, 1, 1, False
312.7513, 2021-06-16T10:45:07.5870340+08:00, 0, -0.07588875, 4.17663, 1, 1, 1, False
312.761, 2021-06-16T10:45:07.5967630+08:00, 0, -0.07588875, 4.17663, 1, 1, 1, False
312.7709, 2021-06-16T10:45:07.6066070+08:00, 0, -0.07588875, 4.17663, 1, 1, 1, False
312.7799, 2021-06-16T10:45:07.6155990+08:00, 0, -0.07588875, 4.17663, 1, 1, 1, False
312.7904, 2021-06-16T10:45:07.6261230+08:00, 0, -0.07588875, 4.17663, 1, 1, 1, False
312.7994, 2021-06-16T10:45:07.6351200+08:00, 0, -0.07588875, 4.17663, 1, 1, 1, False
312.809, 2021-06-16T10:45:07.6447200+08:00, 0, -0.07588875, 4.17663, 1, 1, 1, False
312.8188, 2021-06-16T10:45:07.6545070+08:00, 0, -0.07588875, 4.17663, 1, 1, 1, False
312.9188, 2021-06-16T10:45:07.9353240+08:00, 0, -0.07588875, 4.17663, 1, 1, 1, False
312.9717, 2021-06-16T10:45:07.9877900+08:00, 0, -0.07588875, 4.17663, 1, 1, 1, False
312.9796, 2021-06-16T10:45:07.9957070+08:00, 0, -0.07588875, 4.17663, 1, 1, 1, False
312.9863, 2021-06-16T10:45:08.0114120+08:00, 0, -0.07588875, 4.17663, 1, 1, 1, False
313.0065, 2021-06-16T10:45:08.0195880+08:00, 0, -0.07588875, 4.17663, 1, 1, 1, False
313.0103, 2021-06-16T10:45:08.0234210+08:00, 0, -0.07588875, 4.17663, 1, 1, 1, False
313.0544, 2021-06-16T10:45:08.0675760+08:00, 0, -0.07588875, 4.17663, 1, 1, 1, False
313.0583, 2021-06-16T10:45:08.0713750+08:00, 0, -0.07588875, 4.17663, 1, 1, 1, False
313.0626, 2021-06-16T10:45:08.0756910+08:00, 0, -0.07588875, 4.17663, 1, 1, 1, False
313.0663, 2021-06-16T10:45:08.0792640+08:00, 0, -0.07588875, 4.17663, 1, 1, 1, False
313.0705, 2021-06-16T10:45:08.0835090+08:00, 0, -0.07588875, 4.17663, 1, 1, 1, False
313.0739, 2021-06-16T10:45:08.0870360+08:00, 0, -0.07588875, 4.17663, 1, 1, 1, False
313.0782, 2021-06-16T10:45:08.0912420+08:00, 0, -0.07588875, 4.17663, 1, 1, 1, False
313.0826, 2021-06-16T10:45:08.0955790+08:00, 0, -0.07588875, 4.17663, 1, 1, 1, False
313.086, 2021-06-16T10:45:08.0989910+08:00, 0, -0.07588875, 4.17663, 1, 1, 1, False
313.0901, 2021-06-16T10:45:08.1031340+08:00, 0, -0.07588875, 4.17663, 1, 1, 1, False
313.0948, 2021-06-16T10:45:08.1078350+08:00, 0, -0.07588875, 4.17663, 1, 1, 1, False
313.0982, 2021-06-16T10:45:08.1112260+08:00, 0, -0.07588875, 4.17663, 1, 1, 1, False
313.1021, 2021-06-16T10:45:08.1151740+08:00, 0, -0.07588875, 4.17663, 1, 1, 1, False
313.1064, 2021-06-16T10:45:08.1193780+08:00, 0, -0.07588875, 4.17663, 1, 1, 1, False
313.1101, 2021-06-16T10:45:08.1231580+08:00, 0, -0.07588875, 4.17663, 1, 1, 1, False
313.1144, 2021-06-16T10:45:08.1275200+08:00, 0, -0.07588875, 4.17663, 1, 1, 1, False
313.1181, 2021-06-16T10:45:08.1310770+08:00, 0, -0.07588875, 4.17663, 1, 1, 1, False
313.1223, 2021-06-16T10:45:08.1353040+08:00, 0, -0.07588875, 4.17663, 1, 1, 1, False
313.1265, 2021-06-16T10:45:08.1395530+08:00, 0, -0.07588875, 4.17663, 1, 1, 1, False
313.13, 2021-06-16T10:45:08.1429980+08:00, 0, -0.07588875, 4.17663, 1, 1, 1, False
313.1342, 2021-06-16T10:45:08.1471610+08:00, 0, -0.07588875, 4.17663, 1, 1, 1, False
313.1385, 2021-06-16T10:45:08.1515120+08:00, 0, -0.07588875, 4.17663, 1, 1, 1, False
313.1422, 2021-06-16T10:45:08.1552110+08:00, 0, -0.07588875, 4.17663, 1, 1, 1, False
313.1463, 2021-06-16T10:45:08.1592680+08:00, 0, -0.07588875, 4.17663, 1, 1, 1, False
313.1504, 2021-06-16T10:45:08.1633890+08:00, 0, -0.07588875, 4.17663, 1, 1, 1, False
313.1541, 2021-06-16T10:45:08.1670660+08:00, 0, -0.07588875, 4.17663, 1, 1, 1, False
313.158, 2021-06-16T10:45:08.1710180+08:00, 0, -0.07588875, 4.17663, 1, 1, 1, False
313.1624, 2021-06-16T10:45:08.1754640+08:00, 0, -0.07588875, 4.17663, 1, 1, 1, False
313.1662, 2021-06-16T10:45:08.1792050+08:00, 0, -0.07588875, 4.17663, 1, 1, 1, False
313.1699, 2021-06-16T10:45:08.1829030+08:00, 0, -0.07588875, 4.17663, 1, 1, 1, False
313.1749, 2021-06-16T10:45:08.1879390+08:00, 0, -0.07588875, 4.17663, 1, 1, 1, False
313.2227, 2021-06-16T10:45:08.2357290+08:00, 0, -0.07588875, 4.17663, 1, 1, 1, False
313.2274, 2021-06-16T10:45:08.2404120+08:00, 0, -0.07588875, 4.17663, 1, 1, 1, False
313.2304, 2021-06-16T10:45:08.2434540+08:00, 0, -0.07588875, 4.17663, 1, 1, 1, False
313.2344, 2021-06-16T10:45:08.2474290+08:00, 0, -0.07588875, 4.17663, 1, 1, 1, False
313.2383, 2021-06-16T10:45:08.2512890+08:00, 0, -0.07588875, 4.17663, 1, 1, 1, False
313.242, 2021-06-16T10:45:08.2551370+08:00, 0, -0.07588875, 4.17663, 1, 1, 1, False
313.2461, 2021-06-16T10:45:08.2590980+08:00, 0, -0.07588875, 4.17663, 1, 1, 1, False
313.2504, 2021-06-16T10:45:08.2633880+08:00, 0, -0.07588875, 4.17663, 1, 1, 1, False
313.2543, 2021-06-16T10:45:08.2673240+08:00, 0, -0.07588875, 4.17663, 1, 1, 1, False
313.2581, 2021-06-16T10:45:08.2711730+08:00, 0, -0.07588875, 4.17663, 1, 1, 1, False
313.2626, 2021-06-16T10:45:08.2756340+08:00, 0, -0.07588875, 4.17663, 1, 1, 1, False
313.2662, 2021-06-16T10:45:08.2792090+08:00, 0, -0.07588875, 4.17663, 1, 1, 1, False
313.2703, 2021-06-16T10:45:08.2833000+08:00, 0, -0.07588875, 4.17663, 1, 1, 1, False
313.2747, 2021-06-16T10:45:08.2876880+08:00, 0, -0.07588875, 4.17663, 1, 1, 1, False
313.278, 2021-06-16T10:45:08.2910440+08:00, 0, -0.07588875, 4.17663, 1, 1, 1, False
313.282, 2021-06-16T10:45:08.2950330+08:00, 0, -0.07588875, 4.17663, 1, 1, 1, False
313.2863, 2021-06-16T10:45:08.2993250+08:00, 0, -0.07588875, 4.17663, 1, 1, 1, False
313.2903, 2021-06-16T10:45:08.3033010+08:00, 0, -0.07588875, 4.17663, 1, 1, 1, False
313.2944, 2021-06-16T10:45:08.3074330+08:00, 0, -0.07588875, 4.17663, 1, 1, 1, False
313.2983, 2021-06-16T10:45:08.3113820+08:00, 0, -0.07588875, 4.17663, 1, 1, 1, False
313.3022, 2021-06-16T10:45:08.3152240+08:00, 0, -0.07588875, 4.17663, 1, 1, 1, False
313.3063, 2021-06-16T10:45:08.3193110+08:00, 0, -0.07588875, 4.17663, 1, 1, 1, False
313.3102, 2021-06-16T10:45:08.3231420+08:00, 0, -0.07588875, 4.17663, 1, 1, 1, False
313.3142, 2021-06-16T10:45:08.3272450+08:00, 0, -0.07588875, 4.17663, 1, 1, 1, False
313.3185, 2021-06-16T10:45:08.3314650+08:00, 0, -0.07588875, 4.17663, 1, 1, 1, False
313.322, 2021-06-16T10:45:08.3350240+08:00, 0, -0.07588875, 4.17663, 1, 1, 1, False
313.3261, 2021-06-16T10:45:08.3391140+08:00, 0, -0.07588875, 4.17663, 1, 1, 1, False
313.3304, 2021-06-16T10:45:08.3434000+08:00, 0, -0.07588875, 4.17663, 1, 1, 1, False
313.3342, 2021-06-16T10:45:08.3472340+08:00, 0, -0.07588875, 4.17663, 1, 1, 1, False
313.338, 2021-06-16T10:45:08.3510330+08:00, 0, -0.07588875, 4.17663, 1, 1, 1, False
313.3428, 2021-06-16T10:45:08.3558050+08:00, 0, -0.07588875, 4.17663, 1, 1, 1, False
313.3828, 2021-06-16T10:45:08.3958680+08:00, 0, -0.07588875, 4.17663, 1, 1, 1, False
313.3863, 2021-06-16T10:45:08.3992740+08:00, 0, -0.07588875, 4.17663, 1, 1, 1, False
313.3903, 2021-06-16T10:45:08.4032980+08:00, 0, -0.07588875, 4.17663, 1, 1, 1, False
313.3942, 2021-06-16T10:45:08.4072130+08:00, 0, -0.07588875, 4.17663, 1, 1, 1, False
313.3984, 2021-06-16T10:45:08.4113870+08:00, 0, -0.07588875, 4.17663, 1, 1, 1, False
313.4022, 2021-06-16T10:45:08.4152650+08:00, 0, -0.07588875, 4.17663, 1, 1, 1, False
313.4061, 2021-06-16T10:45:08.4190900+08:00, 0, -0.07588875, 4.17663, 1, 1, 1, False
313.4102, 2021-06-16T10:45:08.4232490+08:00, 0, -0.07588875, 4.17663, 1, 1, 1, False
313.4138, 2021-06-16T10:45:08.4268490+08:00, 0, -0.07588875, 4.17663, 1, 1, 1, False
313.4183, 2021-06-16T10:45:08.4313610+08:00, 0, -0.07588875, 4.17663, 1, 1, 1, False
313.4223, 2021-06-16T10:45:08.4352930+08:00, 0, -0.07588875, 4.17663, 1, 1, 1, False
313.4262, 2021-06-16T10:45:08.4392480+08:00, 0, -0.07588875, 4.17663, 1, 1, 1, False
313.4308, 2021-06-16T10:45:08.4438320+08:00, 0, -0.07588875, 4.17663, 1, 1, 1, False
313.4339, 2021-06-16T10:45:08.4469250+08:00, 0, -0.07588875, 4.17663, 1, 1, 1, False
313.4383, 2021-06-16T10:45:08.4512540+08:00, 0, -0.07588875, 4.17663, 1, 1, 1, False
313.4424, 2021-06-16T10:45:08.4553770+08:00, 0, -0.07588875, 4.17663, 1, 1, 1, False
313.4461, 2021-06-16T10:45:08.4591010+08:00, 0, -0.07588875, 4.17663, 1, 1, 1, False
313.4503, 2021-06-16T10:45:08.4634180+08:00, 0, -0.07588875, 4.17663, 1, 1, 1, False
313.4543, 2021-06-16T10:45:08.4673350+08:00, 0, -0.07588875, 4.17663, 1, 1, 1, False
313.4582, 2021-06-16T10:45:08.4711550+08:00, 0, -0.07588875, 4.17663, 1, 1, 1, False
313.4619, 2021-06-16T10:45:08.4749400+08:00, 0, -0.07588875, 4.17663, 1, 1, 1, False
313.4664, 2021-06-16T10:45:08.4794450+08:00, 0, -0.07588875, 4.17663, 1, 1, 1, False
313.4701, 2021-06-16T10:45:08.4831030+08:00, 0, -0.07588875, 4.17663, 1, 1, 1, False
313.474, 2021-06-16T10:45:08.4870270+08:00, 0, -0.07588875, 4.17663, 1, 1, 1, False
313.4783, 2021-06-16T10:45:08.4913510+08:00, 0, -0.07588875, 4.17663, 1, 1, 1, False
313.4822, 2021-06-16T10:45:08.4952470+08:00, 0, -0.07588875, 4.17663, 1, 1, 1, False
313.4864, 2021-06-16T10:45:08.4993920+08:00, 0, -0.07588875, 4.17663, 1, 1, 1, False
313.4902, 2021-06-16T10:45:08.5032170+08:00, 0, -0.07588875, 4.17663, 1, 1, 1, False
313.4942, 2021-06-16T10:45:08.5071460+08:00, 0, -0.07588875, 4.17663, 1, 1, 1, False
313.4981, 2021-06-16T10:45:08.5111260+08:00, 0, -0.07588875, 4.17663, 1, 1, 1, False
313.5025, 2021-06-16T10:45:08.5154800+08:00, 0, -0.07588875, 4.17663, 1, 1, 1, False
313.5392, 2021-06-16T10:45:08.5522990+08:00, 0, -0.07588875, 4.17663, 1, 1, 1, False
313.5507, 2021-06-16T10:45:08.5636890+08:00, 0, -0.07588875, 4.17663, 1, 1, 1, False
313.5542, 2021-06-16T10:45:08.5672430+08:00, 0, -0.07588875, 4.17663, 1, 1, 1, False
313.5583, 2021-06-16T10:45:08.5712950+08:00, 0, -0.07588875, 4.17663, 1, 1, 1, False
313.562, 2021-06-16T10:45:08.5750640+08:00, 0, -0.07588875, 4.17663, 1, 1, 1, False
313.5668, 2021-06-16T10:45:08.5798090+08:00, 0, -0.07588875, 4.17663, 1, 1, 1, False
313.5745, 2021-06-16T10:45:08.5875370+08:00, 0, -0.07588875, 4.17663, 1, 1, 1, False
313.5801, 2021-06-16T10:45:08.5931440+08:00, 0, -0.07588875, 4.17663, 1, 1, 1, False
313.5889, 2021-06-16T10:45:08.6020160+08:00, 0, -0.07588875, 4.17663, 1, 1, 1, False
313.5903, 2021-06-16T10:45:08.6033140+08:00, 0, -0.07588875, 4.17663, 1, 1, 1, False
313.5942, 2021-06-16T10:45:08.6072890+08:00, 0, -0.07588875, 4.17663, 1, 1, 1, False
313.6126, 2021-06-16T10:45:08.6261420+08:00, 0, -0.07588875, 4.17663, 1, 1, 1, False
313.6185, 2021-06-16T10:45:08.6315060+08:00, 0, -0.07588875, 4.17663, 1, 1, 1, False
313.633, 2021-06-16T10:45:08.6463450+08:00, 0, -0.07588875, 4.17663, 1, 1, 1, False
313.654, 2021-06-16T10:45:08.6674230+08:00, 0, -0.07588875, 4.17663, 1, 1, 1, False
313.6736, 2021-06-16T10:45:08.6868830+08:00, 0, -0.07588875, 4.17663, 1, 1, 1, False
313.6925, 2021-06-16T10:45:08.7057820+08:00, 0, -0.07588875, 4.17663, 1, 1, 1, False
313.711, 2021-06-16T10:45:08.7241130+08:00, 0, -0.07588875, 4.17663, 1, 1, 1, False
313.7143, 2021-06-16T10:45:08.7273580+08:00, 0, -0.07588875, 4.17663, 1, 1, 1, False
313.718, 2021-06-16T10:45:08.7310320+08:00, 0, -0.07588875, 4.17663, 1, 1, 1, False
313.7222, 2021-06-16T10:45:08.7351870+08:00, 0, -0.07588875, 4.17663, 1, 1, 1, False
313.726, 2021-06-16T10:45:08.7389320+08:00, 0, -0.07588875, 4.17663, 1, 1, 1, False
313.73, 2021-06-16T10:45:08.7430610+08:00, 0, -0.07588875, 4.17663, 1, 1, 1, False
313.7343, 2021-06-16T10:45:08.7472610+08:00, 0, -0.07588875, 4.17663, 1, 1, 1, False
313.7383, 2021-06-16T10:45:08.7512460+08:00, 0, -0.07588875, 4.17663, 1, 1, 1, False
313.7422, 2021-06-16T10:45:08.7552120+08:00, 0, -0.07588875, 4.17663, 1, 1, 1, False
313.7463, 2021-06-16T10:45:08.7593110+08:00, 0, -0.07588875, 4.17663, 1, 1, 1, False
313.7504, 2021-06-16T10:45:08.7634450+08:00, 0, -0.07588875, 4.17663, 1, 1, 1, False
313.7542, 2021-06-16T10:45:08.7672420+08:00, 0, -0.07588875, 4.17663, 1, 1, 1, False
313.7581, 2021-06-16T10:45:08.7711420+08:00, 0, -0.07588875, 4.17663, 1, 1, 1, False
313.7625, 2021-06-16T10:45:08.7755540+08:00, 0, -0.07588875, 4.17663, 1, 1, 1, False
313.7982, 2021-06-16T10:45:08.8112630+08:00, 0, -0.07588875, 4.17663, 1, 1, 1, False
313.8022, 2021-06-16T10:45:08.8152750+08:00, 0, -0.07588875, 4.17663, 1, 1, 1, False
313.8062, 2021-06-16T10:45:08.8192160+08:00, 0, -0.07588875, 4.17663, 1, 1, 1, False
313.8101, 2021-06-16T10:45:08.8230750+08:00, 0, -0.07588875, 4.17663, 1, 1, 1, False
313.8142, 2021-06-16T10:45:08.8271680+08:00, 0, -0.07588875, 4.17663, 1, 1, 1, False
313.8182, 2021-06-16T10:45:08.8312260+08:00, 0, -0.07588875, 4.17663, 1, 1, 1, False
313.8221, 2021-06-16T10:45:08.8351310+08:00, 0, -0.07588875, 4.17663, 1, 1, 1, False
313.8263, 2021-06-16T10:45:08.8393410+08:00, 0, -0.07588875, 4.17663, 1, 1, 1, False
313.8302, 2021-06-16T10:45:08.8431810+08:00, 0, -0.07588875, 4.17663, 1, 1, 1, False
313.8342, 2021-06-16T10:45:08.8471750+08:00, 0, -0.07588875, 4.17663, 1, 1, 1, False
313.8382, 2021-06-16T10:45:08.8511650+08:00, 0, -0.07588875, 4.17663, 1, 1, 1, False
313.8423, 2021-06-16T10:45:08.8553860+08:00, 0, -0.07588875, 4.17663, 1, 1, 1, False
313.8462, 2021-06-16T10:45:08.8592120+08:00, 0, -0.07588875, 4.17663, 1, 1, 1, False
313.8502, 2021-06-16T10:45:08.8632130+08:00, 0, -0.07588875, 4.17663, 1, 1, 1, False
313.8542, 2021-06-16T10:45:08.8671310+08:00, 0, -0.07588875, 4.17663, 1, 1, 1, False
313.8582, 2021-06-16T10:45:08.8712340+08:00, 0, -0.07588875, 4.17663, 1, 1, 1, False
313.862, 2021-06-16T10:45:08.8751510+08:00, 0, -0.07588875, 4.17663, 1, 1, 1, False
313.8662, 2021-06-16T10:45:08.8791910+08:00, 0, -0.07588875, 4.17663, 1, 1, 1, False
313.8702, 2021-06-16T10:45:08.8831930+08:00, 0, -0.07588875, 4.17663, 1, 1, 1, False
313.8742, 2021-06-16T10:45:08.8871880+08:00, 0, -0.07588875, 4.17663, 1, 1, 1, False
313.8781, 2021-06-16T10:45:08.8911360+08:00, 0, -0.07588875, 4.17663, 1, 1, 1, False
313.8822, 2021-06-16T10:45:08.8952450+08:00, 0, -0.07588875, 4.17663, 1, 1, 1, False
313.8859, 2021-06-16T10:45:08.8988830+08:00, 0, -0.07588875, 4.17663, 1, 1, 1, False
313.8903, 2021-06-16T10:45:08.9032680+08:00, 0, -0.07588875, 4.17663, 1, 1, 1, False
313.8944, 2021-06-16T10:45:08.9073770+08:00, 0, -0.07588875, 4.17663, 1, 1, 1, False
313.8979, 2021-06-16T10:45:08.9109310+08:00, 0, -0.07588875, 4.17663, 1, 1, 1, False
313.9022, 2021-06-16T10:45:08.9152050+08:00, 0, -0.07588875, 4.17663, 1, 1, 1, False
313.906, 2021-06-16T10:45:08.9189850+08:00, 0, -0.07588875, 4.17663, 1, 1, 1, False
313.9102, 2021-06-16T10:45:08.9231760+08:00, 0, -0.07588875, 4.17663, 1, 1, 1, False
313.9142, 2021-06-16T10:45:08.9271910+08:00, 0, -0.07588875, 4.17663, 1, 1, 1, False
313.9184, 2021-06-16T10:45:08.9313820+08:00, 0, -0.07588875, 4.17663, 1, 1, 1, False
313.9546, 2021-06-16T10:45:08.9676210+08:00, 0, -0.07588875, 4.17663, 1, 1, 1, False
313.9581, 2021-06-16T10:45:08.9711070+08:00, 0, -0.07588875, 4.17663, 1, 1, 1, False
313.9621, 2021-06-16T10:45:08.9751770+08:00, 0, -0.07588875, 4.17663, 1, 1, 1, False
313.9663, 2021-06-16T10:45:08.9792930+08:00, 0, -0.07588875, 4.17663, 1, 1, 1, False
313.9702, 2021-06-16T10:45:08.9832640+08:00, 0, -0.07588875, 4.17663, 1, 1, 1, False
313.9746, 2021-06-16T10:45:08.9877060+08:00, 0, -0.07588875, 4.17663, 1, 1, 1, False
313.9782, 2021-06-16T10:45:08.9912900+08:00, 0, -0.07588875, 4.17663, 1, 1, 1, False
313.9821, 2021-06-16T10:45:08.9951150+08:00, 0, -0.07588875, 4.17663, 1, 1, 1, False
313.986, 2021-06-16T10:45:08.9990050+08:00, 0, -0.07588875, 4.17663, 1, 1, 1, False
313.9904, 2021-06-16T10:45:09.0033630+08:00, 0, -0.07588875, 4.17663, 1, 1, 1, False
313.994, 2021-06-16T10:45:09.0069720+08:00, 0, -0.07588875, 4.17663, 1, 1, 1, False
313.9984, 2021-06-16T10:45:09.0114420+08:00, 0, -0.07588875, 4.17663, 1, 1, 1, False
314.0022, 2021-06-16T10:45:09.0152700+08:00, 0, -0.07588875, 4.17663, 1, 1, 1, False
314.0062, 2021-06-16T10:45:09.0192080+08:00, 0, -0.07588875, 4.17663, 1, 1, 1, False
314.0098, 2021-06-16T10:45:09.0229180+08:00, 0, -0.07588875, 4.17663, 1, 1, 1, False
314.0143, 2021-06-16T10:45:09.0272410+08:00, 0, -0.07588875, 4.17663, 1, 1, 1, False
314.0179, 2021-06-16T10:45:09.0309260+08:00, 0, -0.07588875, 4.17663, 1, 1, 1, False
314.0222, 2021-06-16T10:45:09.0353540+08:00, 0, -0.07588875, 4.17663, 1, 1, 1, False
314.0263, 2021-06-16T10:45:09.0393230+08:00, 0, -0.07588875, 4.17663, 1, 1, 1, False
314.0304, 2021-06-16T10:45:09.0433790+08:00, 0, -0.07588875, 4.17663, 1, 1, 1, False
314.0342, 2021-06-16T10:45:09.0473100+08:00, 0, -0.07588875, 4.17663, 1, 1, 1, False
314.0383, 2021-06-16T10:45:09.0513270+08:00, 0, -0.07588875, 4.17663, 1, 1, 1, False
314.0421, 2021-06-16T10:45:09.0551440+08:00, 0, -0.07588875, 4.17663, 1, 1, 1, False
314.0462, 2021-06-16T10:45:09.0592480+08:00, 0, -0.07588875, 4.17663, 1, 1, 1, False
314.0501, 2021-06-16T10:45:09.0631330+08:00, 0, -0.07588875, 4.17663, 1, 1, 1, False
314.0543, 2021-06-16T10:45:09.0672750+08:00, 0, -0.07588875, 4.17663, 1, 1, 1, False
314.0578, 2021-06-16T10:45:09.0707970+08:00, 0, -0.07588875, 4.17663, 1, 1, 1, False
314.0623, 2021-06-16T10:45:09.0752850+08:00, 0, -0.07588875, 4.17663, 1, 1, 1, False
314.0663, 2021-06-16T10:45:09.0792340+08:00, 0, -0.07588875, 4.17663, 1, 1, 1, False
314.0701, 2021-06-16T10:45:09.0830810+08:00, 0, -0.07588875, 4.17663, 1, 1, 1, False
314.0741, 2021-06-16T10:45:09.0870710+08:00, 0, -0.07588875, 4.17663, 1, 1, 1, False
314.1144, 2021-06-16T10:45:09.1274740+08:00, 0, -0.07588875, 4.17663, 1, 1, 1, False
314.1181, 2021-06-16T10:45:09.1310710+08:00, 0, -0.07588875, 4.17663, 1, 1, 1, False
314.122, 2021-06-16T10:45:09.1350470+08:00, 0, -0.07588875, 4.17663, 1, 1, 1, False
314.126, 2021-06-16T10:45:09.1390040+08:00, 0, -0.07588875, 4.17663, 1, 1, 1, False
314.1299, 2021-06-16T10:45:09.1429140+08:00, 0, -0.07588875, 4.17663, 1, 1, 1, False
314.1339, 2021-06-16T10:45:09.1468840+08:00, 0, -0.07588875, 4.17663, 1, 1, 1, False
314.1379, 2021-06-16T10:45:09.1508870+08:00, 0, -0.07588875, 4.17663, 1, 1, 1, False
314.1423, 2021-06-16T10:45:09.1553060+08:00, 0, -0.07588875, 4.17663, 1, 1, 1, False
314.1463, 2021-06-16T10:45:09.1592930+08:00, 0, -0.07588875, 4.17663, 1, 1, 1, False
314.1502, 2021-06-16T10:45:09.1632120+08:00, 0, -0.07588875, 4.17663, 1, 1, 1, False
314.1543, 2021-06-16T10:45:09.1673250+08:00, 0, -0.07588875, 4.17663, 1, 1, 1, False
314.1582, 2021-06-16T10:45:09.1712250+08:00, 0, -0.07588875, 4.17663, 1, 1, 1, False
314.1624, 2021-06-16T10:45:09.1754200+08:00, 0, -0.07588875, 4.17663, 1, 1, 1, False
314.1662, 2021-06-16T10:45:09.1793140+08:00, 0, -0.07588875, 4.17663, 1, 1, 1, False
314.1702, 2021-06-16T10:45:09.1831880+08:00, 0, -0.07588875, 4.17663, 1, 1, 1, False
314.1742, 2021-06-16T10:45:09.1872030+08:00, 0, -0.07588875, 4.17663, 1, 1, 1, False
314.1782, 2021-06-16T10:45:09.1912100+08:00, 0, -0.07588875, 4.17663, 1, 1, 1, False
314.1823, 2021-06-16T10:45:09.1953700+08:00, 0, -0.07588875, 4.17663, 1, 1, 1, False
314.1862, 2021-06-16T10:45:09.1992030+08:00, 0, -0.07588875, 4.17663, 1, 1, 1, False
314.1901, 2021-06-16T10:45:09.2030730+08:00, 0, -0.07588875, 4.17663, 1, 1, 1, False
314.1942, 2021-06-16T10:45:09.2072340+08:00, 0, -0.07588875, 4.17663, 1, 1, 1, False
314.1983, 2021-06-16T10:45:09.2113630+08:00, 0, -0.07588875, 4.17663, 1, 1, 1, False
314.2022, 2021-06-16T10:45:09.2152990+08:00, 0, -0.07588875, 4.17663, 1, 1, 1, False
314.206, 2021-06-16T10:45:09.2190430+08:00, 0, -0.07588875, 4.17663, 1, 1, 1, False
314.2101, 2021-06-16T10:45:09.2231010+08:00, 0, -0.07588875, 4.17663, 1, 1, 1, False
314.2143, 2021-06-16T10:45:09.2273200+08:00, 0, -0.07588875, 4.17663, 1, 1, 1, False
314.2182, 2021-06-16T10:45:09.2311890+08:00, 0, -0.07588875, 4.17663, 1, 1, 1, False
314.2219, 2021-06-16T10:45:09.2349320+08:00, 0, -0.07588875, 4.17663, 1, 1, 1, False
314.2263, 2021-06-16T10:45:09.2392580+08:00, 0, -0.07588875, 4.17663, 1, 1, 1, False
314.2299, 2021-06-16T10:45:09.2429310+08:00, 0, -0.07588875, 4.17663, 1, 1, 1, False
314.2344, 2021-06-16T10:45:09.2473860+08:00, 0, -0.07588875, 4.17663, 1, 1, 1, False
314.2701, 2021-06-16T10:45:09.2831810+08:00, 0, -0.07588875, 4.17663, 1, 1, 1, False
314.2743, 2021-06-16T10:45:09.2873140+08:00, 0, -0.07588875, 4.17663, 1, 1, 1, False
314.2782, 2021-06-16T10:45:09.2912200+08:00, 0, -0.07588875, 4.17663, 1, 1, 1, False
314.282, 2021-06-16T10:45:09.2950020+08:00, 0, -0.07588875, 4.17663, 1, 1, 1, False
314.2862, 2021-06-16T10:45:09.2992160+08:00, 0, -0.07588875, 4.17663, 1, 1, 1, False
314.2901, 2021-06-16T10:45:09.3031090+08:00, 0, -0.07588875, 4.17663, 1, 1, 1, False
314.2942, 2021-06-16T10:45:09.3071440+08:00, 0, -0.07588875, 4.17663, 1, 1, 1, False
314.2978, 2021-06-16T10:45:09.3108020+08:00, 0, -0.07588875, 4.17663, 1, 1, 1, False
314.3023, 2021-06-16T10:45:09.3153720+08:00, 0, -0.07588875, 4.17663, 1, 1, 1, False
314.3065, 2021-06-16T10:45:09.3195390+08:00, 0, -0.07588875, 4.17663, 1, 1, 1, False
314.3105, 2021-06-16T10:45:09.3234900+08:00, 0, -0.07588875, 4.17663, 1, 1, 1, False
314.3142, 2021-06-16T10:45:09.3272350+08:00, 0, -0.07588875, 4.17663, 1, 1, 1, False
314.3181, 2021-06-16T10:45:09.3310810+08:00, 0, -0.07588875, 4.17663, 1, 1, 1, False
314.3222, 2021-06-16T10:45:09.3352540+08:00, 0, -0.07588875, 4.17663, 1, 1, 1, False
314.326, 2021-06-16T10:45:09.3389550+08:00, 0, -0.07588875, 4.17663, 1, 1, 1, False
314.3301, 2021-06-16T10:45:09.3435050+08:00, 0, -0.07588875, 4.17663, 1, 1, 1, False
314.334, 2021-06-16T10:45:09.3470350+08:00, 0, -0.07588875, 4.17663, 1, 1, 1, False
314.3382, 2021-06-16T10:45:09.3512090+08:00, 0, -0.07588875, 4.17663, 1, 1, 1, False
314.3427, 2021-06-16T10:45:09.3557350+08:00, 0, -0.07588875, 4.17663, 1, 1, 1, False
314.346, 2021-06-16T10:45:09.3591370+08:00, 0, -0.07588875, 4.17663, 1, 1, 1, False
314.3537, 2021-06-16T10:45:09.3668790+08:00, 0, -0.07588875, 4.17663, 1, 1, 1, False
314.3587, 2021-06-16T10:45:09.3717240+08:00, 0, -0.07588875, 4.17663, 1, 1, 1, False
314.3732, 2021-06-16T10:45:09.3865810+08:00, 0, -0.07588875, 4.17663, 1, 1, 1, False
314.3943, 2021-06-16T10:45:09.4076280+08:00, 0, -0.07588875, 4.17663, 1, 1, 1, False
314.412, 2021-06-16T10:45:09.4253550+08:00, 0, -0.07588875, 4.17663, 1, 1, 1, False
314.4302, 2021-06-16T10:45:09.4433760+08:00, 0, -0.07588875, 4.17663, 1, 1, 1, False
314.4484, 2021-06-16T10:45:09.4616980+08:00, 0, -0.07588875, 4.17663, 1, 1, 1, False
314.4655, 2021-06-16T10:45:09.4788240+08:00, 0, -0.07588875, 4.17663, 1, 1, 1, False
314.4829, 2021-06-16T10:45:09.4962950+08:00, 0, -0.07588875, 4.17663, 1, 1, 1, False
314.499, 2021-06-16T10:45:09.5121820+08:00, 0, -0.07588875, 4.17663, 1, 1, 1, False
314.5155, 2021-06-16T10:45:09.5287170+08:00, 0, -0.07588875, 4.17663, 1, 1, 1, False
314.5627, 2021-06-16T10:45:09.5757530+08:00, 0, -0.07588875, 4.17663, 1, 1, 1, False
314.5659, 2021-06-16T10:45:09.5789690+08:00, 0, -0.07588875, 4.17663, 1, 1, 1, False
314.57, 2021-06-16T10:45:09.5829750+08:00, 0, -0.07588875, 4.17663, 1, 1, 1, False
314.5745, 2021-06-16T10:45:09.5875110+08:00, 0, -0.07588875, 4.17663, 1, 1, 1, False
314.578, 2021-06-16T10:45:09.5910100+08:00, 0, -0.07588875, 4.17663, 1, 1, 1, False
314.5821, 2021-06-16T10:45:09.5951030+08:00, 0, -0.07588875, 4.17663, 1, 1, 1, False
314.586, 2021-06-16T10:45:09.5989930+08:00, 0, -0.07588875, 4.17663, 1, 1, 1, False
314.5899, 2021-06-16T10:45:09.6029150+08:00, 0, -0.07588875, 4.17663, 1, 1, 1, False
314.5943, 2021-06-16T10:45:09.6072850+08:00, 0, -0.07588875, 4.17663, 1, 1, 1, False
314.5982, 2021-06-16T10:45:09.6112400+08:00, 0, -0.07588875, 4.17663, 1, 1, 1, False
314.6021, 2021-06-16T10:45:09.6151490+08:00, 0, -0.07588875, 4.17663, 1, 1, 1, False
314.606, 2021-06-16T10:45:09.6189470+08:00, 0, -0.07588875, 4.17663, 1, 1, 1, False
314.6104, 2021-06-16T10:45:09.6235740+08:00, 0, -0.07588875, 4.17663, 1, 1, 1, False
314.614, 2021-06-16T10:45:09.6269750+08:00, 0, -0.07588875, 4.17663, 1, 1, 1, False
314.6179, 2021-06-16T10:45:09.6309360+08:00, 0, -0.07588875, 4.17663, 1, 1, 1, False
314.6223, 2021-06-16T10:45:09.6353480+08:00, 0, -0.07588875, 4.17663, 1, 1, 1, False
314.6262, 2021-06-16T10:45:09.6392580+08:00, 0, -0.07588875, 4.17663, 1, 1, 1, False
314.6302, 2021-06-16T10:45:09.6432210+08:00, 0, -0.07588875, 4.17663, 1, 1, 1, False
314.6342, 2021-06-16T10:45:09.6472430+08:00, 0, -0.07588875, 4.17663, 1, 1, 1, False
314.6382, 2021-06-16T10:45:09.6511850+08:00, 0, -0.07588875, 4.17663, 1, 1, 1, False
314.6422, 2021-06-16T10:45:09.6551800+08:00, 0, -0.07588875, 4.17663, 1, 1, 1, False
314.6463, 2021-06-16T10:45:09.6592970+08:00, 0, -0.07588875, 4.17663, 1, 1, 1, False
314.6502, 2021-06-16T10:45:09.6632110+08:00, 0, -0.07588875, 4.17663, 1, 1, 1, False
314.654, 2021-06-16T10:45:09.6670140+08:00, 0, -0.07588875, 4.17663, 1, 1, 1, False
314.6579, 2021-06-16T10:45:09.6708830+08:00, 0, -0.07588875, 4.17663, 1, 1, 1, False
314.6626, 2021-06-16T10:45:09.6756600+08:00, 0, -0.07588875, 4.17663, 1, 1, 1, False
314.6663, 2021-06-16T10:45:09.6792870+08:00, 0, -0.07588875, 4.17663, 1, 1, 1, False
314.67, 2021-06-16T10:45:09.6830480+08:00, 0, -0.07588875, 4.17663, 1, 1, 1, False
314.6743, 2021-06-16T10:45:09.6873000+08:00, 0, -0.07588875, 4.17663, 1, 1, 1, False
314.6782, 2021-06-16T10:45:09.6911620+08:00, 0, -0.07588875, 4.17663, 1, 1, 1, False
314.6824, 2021-06-16T10:45:09.6953840+08:00, 0, -0.07588875, 4.17663, 1, 1, 1, False
314.7184, 2021-06-16T10:45:09.7314800+08:00, 0, -0.07588875, 4.17663, 1, 1, 1, False
314.7223, 2021-06-16T10:45:09.7353830+08:00, 0, -0.07588875, 4.17663, 1, 1, 1, False
314.7262, 2021-06-16T10:45:09.7391960+08:00, 0, -0.07588875, 4.17663, 1, 1, 1, False
314.7301, 2021-06-16T10:45:09.7430740+08:00, 0, -0.07588875, 4.17663, 1, 1, 1, False
314.7343, 2021-06-16T10:45:09.7473800+08:00, 0, -0.07588875, 4.17663, 1, 1, 1, False
314.7383, 2021-06-16T10:45:09.7512550+08:00, 0, -0.07588875, 4.17663, 1, 1, 1, False
314.7423, 2021-06-16T10:45:09.7553270+08:00, 0, -0.07588875, 4.17663, 1, 1, 1, False
314.7462, 2021-06-16T10:45:09.7591880+08:00, 0, -0.07588875, 4.17663, 1, 1, 1, False
314.7502, 2021-06-16T10:45:09.7631650+08:00, 0, -0.07588875, 4.17663, 1, 1, 1, False
314.7543, 2021-06-16T10:45:09.7672610+08:00, 0, -0.07588875, 4.17663, 1, 1, 1, False
314.759, 2021-06-16T10:45:09.7719870+08:00, 0, -0.07588875, 4.17663, 1, 1, 1, False
314.7622, 2021-06-16T10:45:09.7752940+08:00, 0, -0.07588875, 4.17663, 1, 1, 1, False
314.7662, 2021-06-16T10:45:09.7792160+08:00, 0, -0.07588875, 4.17663, 1, 1, 1, False
314.7704, 2021-06-16T10:45:09.7833560+08:00, 0, -0.07588875, 4.17663, 1, 1, 1, False
314.7743, 2021-06-16T10:45:09.7873060+08:00, 0, -0.07588875, 4.17663, 1, 1, 1, False
314.7784, 2021-06-16T10:45:09.7914130+08:00, 0, -0.07588875, 4.17663, 1, 1, 1, False
314.7823, 2021-06-16T10:45:09.7954360+08:00, 0, -0.07588875, 4.17663, 1, 1, 1, False
314.7861, 2021-06-16T10:45:09.7991040+08:00, 0, -0.07588875, 4.17663, 1, 1, 1, False
314.7901, 2021-06-16T10:45:09.8031000+08:00, 0, -0.07588875, 4.17663, 1, 1, 1, False
314.7942, 2021-06-16T10:45:09.8071930+08:00, 0, -0.07588875, 4.17663, 1, 1, 1, False
314.7981, 2021-06-16T10:45:09.8110920+08:00, 0, -0.07588875, 4.17663, 1, 1, 1, False
314.8025, 2021-06-16T10:45:09.8155320+08:00, 0, -0.07588875, 4.17663, 1, 1, 1, False
314.8062, 2021-06-16T10:45:09.8191470+08:00, 0, -0.07588875, 4.17663, 1, 1, 1, False
314.81, 2021-06-16T10:45:09.8230170+08:00, 0, -0.07588875, 4.17663, 1, 1, 1, False
314.8141, 2021-06-16T10:45:09.8270980+08:00, 0, -0.07588875, 4.17663, 1, 1, 1, False
314.8197, 2021-06-16T10:45:09.8328320+08:00, 0, -0.07588875, 4.17663, 1, 1, 1, False
314.8221, 2021-06-16T10:45:09.8351840+08:00, 0, -0.07588875, 4.17663, 1, 1, 1, False
314.8262, 2021-06-16T10:45:09.8392190+08:00, 0, -0.07588875, 4.17663, 1, 1, 1, False
314.8342, 2021-06-16T10:45:09.8473060+08:00, 0, -0.07588875, 4.17663, 1, 1, 1, False
314.8385, 2021-06-16T10:45:09.8514900+08:00, 0, -0.07588875, 4.17663, 1, 1, 1, False
314.8484, 2021-06-16T10:45:09.8615950+08:00, 0, -0.07588875, 4.17663, 1, 1, 1, False
314.895, 2021-06-16T10:45:09.9083020+08:00, 0, -0.07588875, 4.17663, 1, 1, 1, False
314.902, 2021-06-16T10:45:09.9151140+08:00, 0, -0.07588875, 4.17663, 1, 1, 1, False
314.9064, 2021-06-16T10:45:09.9194220+08:00, 0, -0.07588875, 4.17663, 1, 1, 1, False
314.91, 2021-06-16T10:45:09.9230350+08:00, 0, -0.07588875, 4.17663, 1, 1, 1, False
314.9143, 2021-06-16T10:45:09.9273830+08:00, 0, -0.07588875, 4.17663, 1, 1, 1, False
314.9186, 2021-06-16T10:45:09.9315730+08:00, 0, -0.07588875, 4.17663, 1, 1, 1, False
314.9221, 2021-06-16T10:45:09.9350730+08:00, 0, -0.07588875, 4.17663, 1, 1, 1, False
314.9266, 2021-06-16T10:45:09.9396630+08:00, 0, -0.07588875, 4.17663, 1, 1, 1, False
314.9343, 2021-06-16T10:45:09.9473110+08:00, 0, -0.07588875, 4.17663, 1, 1, 1, False
314.9382, 2021-06-16T10:45:09.9512030+08:00, 0, -0.07588875, 4.17663, 1, 1, 1, False
314.9423, 2021-06-16T10:45:09.9553940+08:00, 0, -0.07588875, 4.17663, 1, 1, 1, False
314.9461, 2021-06-16T10:45:09.9590970+08:00, 0, -0.07588875, 4.17663, 1, 1, 1, False
314.9507, 2021-06-16T10:45:09.9637180+08:00, 0, -0.07588875, 4.17663, 1, 1, 1, False
314.9543, 2021-06-16T10:45:09.9673660+08:00, 0, -0.07588875, 4.17663, 1, 1, 1, False
314.9581, 2021-06-16T10:45:09.9710720+08:00, 0, -0.07588875, 4.17663, 1, 1, 1, False
314.9622, 2021-06-16T10:45:09.9753240+08:00, 0, -0.07588875, 4.17663, 1, 1, 1, False
314.9662, 2021-06-16T10:45:09.9791820+08:00, 0, -0.07588875, 4.17663, 1, 1, 1, False
314.9705, 2021-06-16T10:45:09.9835260+08:00, 0, -0.07588875, 4.17663, 1, 1, 1, False
314.9742, 2021-06-16T10:45:09.9871920+08:00, 0, -0.07588875, 4.17663, 1, 1, 1, False
314.978, 2021-06-16T10:45:09.9909950+08:00, 0, -0.07588875, 4.17663, 1, 1, 1, False
314.9819, 2021-06-16T10:45:09.9949320+08:00, 0, -0.07588875, 4.17663, 1, 1, 1, False
314.9862, 2021-06-16T10:45:09.9992340+08:00, 0, -0.07588875, 4.17663, 1, 1, 1, False
314.9902, 2021-06-16T10:45:10.0031530+08:00, 0, -0.07588875, 4.17663, 1, 1, 1, False
314.9942, 2021-06-16T10:45:10.0071670+08:00, 0, -0.07588875, 4.17663, 1, 1, 1, False
314.9981, 2021-06-16T10:45:10.0111410+08:00, 0, -0.07588875, 4.17663, 1, 1, 1, False
315.0021, 2021-06-16T10:45:10.0151360+08:00, 0, -0.07588875, 4.17663, 1, 1, 1, False
315.0063, 2021-06-16T10:45:10.0192430+08:00, 0, -0.07588875, 4.17663, 1, 1, 1, False
315.0101, 2021-06-16T10:45:10.0230610+08:00, 0, -0.07588875, 4.17663, 1, 1, 1, False
315.0143, 2021-06-16T10:45:10.0272740+08:00, 0, -0.07588875, 4.17663, 1, 1, 1, False
315.018, 2021-06-16T10:45:10.0309920+08:00, 0, -0.07588875, 4.17663, 1, 1, 1, False
315.0222, 2021-06-16T10:45:10.0352870+08:00, 0, -0.07588875, 4.17663, 1, 1, 1, False
315.0583, 2021-06-16T10:45:10.0714100+08:00, 0, -0.07588875, 4.17663, 1, 1, 1, False
315.0621, 2021-06-16T10:45:10.0751290+08:00, 0, -0.07588875, 4.17663, 1, 1, 1, False
315.0658, 2021-06-16T10:45:10.0788200+08:00, 0, -0.07588875, 4.17663, 1, 1, 1, False
315.0703, 2021-06-16T10:45:10.0832680+08:00, 0, -0.07588875, 4.17663, 1, 1, 1, False
315.0742, 2021-06-16T10:45:10.0872160+08:00, 0, -0.07588875, 4.17663, 1, 1, 1, False
315.0779, 2021-06-16T10:45:10.0909430+08:00, 0, -0.07588875, 4.17663, 1, 1, 1, False
315.0822, 2021-06-16T10:45:10.0952420+08:00, 0, -0.07588875, 4.17663, 1, 1, 1, False
315.0862, 2021-06-16T10:45:10.0992290+08:00, 0, -0.07588875, 4.17663, 1, 1, 1, False
315.0898, 2021-06-16T10:45:10.1027870+08:00, 0, -0.07588875, 4.17663, 1, 1, 1, False
315.0944, 2021-06-16T10:45:10.1073440+08:00, 0, -0.07588875, 4.17663, 1, 1, 1, False
315.0982, 2021-06-16T10:45:10.1112170+08:00, 0, -0.07588875, 4.17663, 1, 1, 1, False
315.1021, 2021-06-16T10:45:10.1151260+08:00, 0, -0.07588875, 4.17663, 1, 1, 1, False
315.1062, 2021-06-16T10:45:10.1191770+08:00, 0, -0.07588875, 4.17663, 1, 1, 1, False
315.1101, 2021-06-16T10:45:10.1231290+08:00, 0, -0.07588875, 4.17663, 1, 1, 1, False
315.1143, 2021-06-16T10:45:10.1273160+08:00, 0, -0.07588875, 4.17663, 1, 1, 1, False
315.1183, 2021-06-16T10:45:10.1312420+08:00, 0, -0.07588875, 4.17663, 1, 1, 1, False
315.1223, 2021-06-16T10:45:10.1352520+08:00, 0, -0.07588875, 4.17663, 1, 1, 1, False
315.1262, 2021-06-16T10:45:10.1392400+08:00, 0, -0.07588875, 4.17663, 1, 1, 1, False
315.1304, 2021-06-16T10:45:10.1433690+08:00, 0, -0.07588875, 4.17663, 1, 1, 1, False
315.1342, 2021-06-16T10:45:10.1471810+08:00, 0, -0.07588875, 4.17663, 1, 1, 1, False
315.1378, 2021-06-16T10:45:10.1508440+08:00, 0, -0.07588875, 4.17663, 1, 1, 1, False
315.1425, 2021-06-16T10:45:10.1555620+08:00, 0, -0.07588875, 4.17663, 1, 1, 1, False
315.1464, 2021-06-16T10:45:10.1593720+08:00, 0, -0.07588875, 4.17663, 1, 1, 1, False
315.1504, 2021-06-16T10:45:10.1633690+08:00, 0, -0.07588875, 4.17663, 1, 1, 1, False
315.1542, 2021-06-16T10:45:10.1672610+08:00, 0, -0.07588875, 4.17663, 1, 1, 1, False
315.1582, 2021-06-16T10:45:10.1712240+08:00, 0, -0.07588875, 4.17663, 1, 1, 1, False
315.1622, 2021-06-16T10:45:10.1752760+08:00, 0, -0.07588875, 4.17663, 1, 1, 1, False
315.1662, 2021-06-16T10:45:10.1792340+08:00, 0, -0.07588875, 4.17663, 1, 1, 1, False
315.1699, 2021-06-16T10:45:10.1828440+08:00, 0, -0.07588875, 4.17663, 1, 1, 1, False
315.1746, 2021-06-16T10:45:10.1876070+08:00, 0, -0.07588875, 4.17663, 1, 1, 1, False
315.1783, 2021-06-16T10:45:10.1912870+08:00, 0, -0.07588875, 4.17663, 1, 1, 1, False
315.2187, 2021-06-16T10:45:10.2317340+08:00, 0, -0.07588875, 4.17663, 1, 1, 1, False
315.2224, 2021-06-16T10:45:10.2353640+08:00, 0, -0.07588875, 4.17663, 1, 1, 1, False
315.2272, 2021-06-16T10:45:10.2402090+08:00, 0, -0.07588875, 4.17663, 1, 1, 1, False
315.2303, 2021-06-16T10:45:10.2433190+08:00, 0, -0.07588875, 4.17663, 1, 1, 1, False
315.2342, 2021-06-16T10:45:10.2471940+08:00, 0, -0.07588875, 4.17663, 1, 1, 1, False
315.2383, 2021-06-16T10:45:10.2512370+08:00, 0, -0.07588875, 4.17663, 1, 1, 1, False
315.2424, 2021-06-16T10:45:10.2553850+08:00, 0, -0.07588875, 4.17663, 1, 1, 1, False
315.246, 2021-06-16T10:45:10.2589640+08:00, 0, -0.07588875, 4.17663, 1, 1, 1, False
315.25, 2021-06-16T10:45:10.2629480+08:00, 0, -0.07588875, 4.17663, 1, 1, 1, False
315.2544, 2021-06-16T10:45:10.2674020+08:00, 0, -0.07588875, 4.17663, 1, 1, 1, False
315.2583, 2021-06-16T10:45:10.2713030+08:00, 0, -0.07588875, 4.17663, 1, 1, 1, False
315.2622, 2021-06-16T10:45:10.2752250+08:00, 0, -0.07588875, 4.17663, 1, 1, 1, False
315.2663, 2021-06-16T10:45:10.2793140+08:00, 0, -0.07588875, 4.17663, 1, 1, 1, False
315.2702, 2021-06-16T10:45:10.2832330+08:00, 0, -0.07588875, 4.17663, 1, 1, 1, False
315.2743, 2021-06-16T10:45:10.2872840+08:00, 0, -0.07588875, 4.17663, 1, 1, 1, False
315.2783, 2021-06-16T10:45:10.2912520+08:00, 0, -0.07588875, 4.17663, 1, 1, 1, False
315.2821, 2021-06-16T10:45:10.2950570+08:00, 0, -0.07588875, 4.17663, 1, 1, 1, False
315.2864, 2021-06-16T10:45:10.2994840+08:00, 0, -0.07588875, 4.17663, 1, 1, 1, False
315.2902, 2021-06-16T10:45:10.3032270+08:00, 0, -0.07588875, 4.17663, 1, 1, 1, False
315.2939, 2021-06-16T10:45:10.3068760+08:00, 0, -0.07588875, 4.17663, 1, 1, 1, False
315.2984, 2021-06-16T10:45:10.3114170+08:00, 0, -0.07588875, 4.17663, 1, 1, 1, False
315.3022, 2021-06-16T10:45:10.3151750+08:00, 0, -0.07588875, 4.17663, 1, 1, 1, False
315.3062, 2021-06-16T10:45:10.3191920+08:00, 0, -0.07588875, 4.17663, 1, 1, 1, False
315.3103, 2021-06-16T10:45:10.3232550+08:00, 0, -0.07588875, 4.17663, 1, 1, 1, False
315.3141, 2021-06-16T10:45:10.3270650+08:00, 0, -0.07588875, 4.17663, 1, 1, 1, False
315.318, 2021-06-16T10:45:10.3310260+08:00, 0, -0.07588875, 4.17663, 1, 1, 1, False
315.3221, 2021-06-16T10:45:10.3350890+08:00, 0, -0.07588875, 4.17663, 1, 1, 1, False
315.3265, 2021-06-16T10:45:10.3395680+08:00, 0, -0.07588875, 4.17663, 1, 1, 1, False
315.3302, 2021-06-16T10:45:10.3431910+08:00, 0, -0.07588875, 4.17663, 1, 1, 1, False
315.3344, 2021-06-16T10:45:10.3473330+08:00, 0, -0.07588875, 4.17663, 1, 1, 1, False
315.3384, 2021-06-16T10:45:10.3514130+08:00, 0, -0.07588875, 4.17663, 1, 1, 1, False
315.3743, 2021-06-16T10:45:10.3873230+08:00, 0, -0.07588875, 4.17663, 1, 1, 1, False
315.3783, 2021-06-16T10:45:10.3912800+08:00, 0, -0.07588875, 4.17663, 1, 1, 1, False
315.3823, 2021-06-16T10:45:10.3953420+08:00, 0, -0.07588875, 4.17663, 1, 1, 1, False
315.3862, 2021-06-16T10:45:10.3992400+08:00, 0, -0.07588875, 4.17663, 1, 1, 1, False
315.3904, 2021-06-16T10:45:10.4033510+08:00, 0, -0.07588875, 4.17663, 1, 1, 1, False
315.3941, 2021-06-16T10:45:10.4071130+08:00, 0, -0.07588875, 4.17663, 1, 1, 1, False
315.3979, 2021-06-16T10:45:10.4108620+08:00, 0, -0.07588875, 4.17663, 1, 1, 1, False
315.402, 2021-06-16T10:45:10.4150860+08:00, 0, -0.07588875, 4.17663, 1, 1, 1, False
315.406, 2021-06-16T10:45:10.4190210+08:00, 0, -0.07588875, 4.17663, 1, 1, 1, False
315.4103, 2021-06-16T10:45:10.4232680+08:00, 0, -0.07588875, 4.17663, 1, 1, 1, False
315.4142, 2021-06-16T10:45:10.4271230+08:00, 0, -0.07588875, 4.17663, 1, 1, 1, False
315.4183, 2021-06-16T10:45:10.4312950+08:00, 0, -0.07588875, 4.17663, 1, 1, 1, False
315.422, 2021-06-16T10:45:10.4350120+08:00, 0, -0.07588875, 4.17663, 1, 1, 1, False
315.4262, 2021-06-16T10:45:10.4391980+08:00, 0, -0.07588875, 4.17663, 1, 1, 1, False
315.4303, 2021-06-16T10:45:10.4432820+08:00, 0, -0.07588875, 4.17663, 1, 1, 1, False
315.4341, 2021-06-16T10:45:10.4471730+08:00, 0, -0.07588875, 4.17663, 1, 1, 1, False
315.4379, 2021-06-16T10:45:10.4509150+08:00, 0, -0.07588875, 4.17663, 1, 1, 1, False
315.4419, 2021-06-16T10:45:10.4549330+08:00, 0, -0.07588875, 4.17663, 1, 1, 1, False
315.4464, 2021-06-16T10:45:10.4594410+08:00, 0, -0.07588875, 4.17663, 1, 1, 1, False
315.4501, 2021-06-16T10:45:10.4631220+08:00, 0, -0.07588875, 4.17663, 1, 1, 1, False
315.4542, 2021-06-16T10:45:10.4671450+08:00, 0, -0.07588875, 4.17663, 1, 1, 1, False
315.4583, 2021-06-16T10:45:10.4713200+08:00, 0, -0.07588875, 4.17663, 1, 1, 1, False
315.4619, 2021-06-16T10:45:10.4749030+08:00, 0, -0.07588875, 4.17663, 1, 1, 1, False
315.4662, 2021-06-16T10:45:10.4791710+08:00, 0, -0.07588875, 4.17663, 1, 1, 1, False
315.4699, 2021-06-16T10:45:10.4828590+08:00, 0, -0.07588875, 4.17663, 1, 1, 1, False
315.4743, 2021-06-16T10:45:10.4872560+08:00, 0, -0.07588875, 4.17663, 1, 1, 1, False
315.4782, 2021-06-16T10:45:10.4912130+08:00, 0, -0.07588875, 4.17663, 1, 1, 1, False
315.4823, 2021-06-16T10:45:10.4953280+08:00, 0, -0.07588875, 4.17663, 1, 1, 1, False
315.4861, 2021-06-16T10:45:10.4991340+08:00, 0, -0.07588875, 4.17663, 1, 1, 1, False
315.4903, 2021-06-16T10:45:10.5032820+08:00, 0, -0.07588875, 4.17663, 1, 1, 1, False
315.4944, 2021-06-16T10:45:10.5074320+08:00, 0, -0.07588875, 4.17663, 1, 1, 1, False
315.5356, 2021-06-16T10:45:10.5486500+08:00, 0, -0.07588875, 4.17663, 1, 1, 1, False
315.5421, 2021-06-16T10:45:10.5551770+08:00, 0, -0.07588875, 4.17663, 1, 1, 1, False
315.5461, 2021-06-16T10:45:10.5591500+08:00, 0, -0.07588875, 4.17663, 1, 1, 1, False
315.5501, 2021-06-16T10:45:10.5631500+08:00, 0, -0.07588875, 4.17663, 1, 1, 1, False
315.5584, 2021-06-16T10:45:10.5714870+08:00, 0, -0.07588875, 4.17663, 1, 1, 1, False
315.5625, 2021-06-16T10:45:10.5755230+08:00, 0, -0.07588875, 4.17663, 1, 1, 1, False
315.5773, 2021-06-16T10:45:10.5905130+08:00, 0, -0.07588875, 4.17663, 1, 1, 1, False
315.5967, 2021-06-16T10:45:10.6098090+08:00, 0, -0.07588875, 4.17663, 1, 1, 1, False
315.6158, 2021-06-16T10:45:10.6291580+08:00, 0, -0.07588875, 4.17663, 1, 1, 1, False
315.634, 2021-06-16T10:45:10.6471950+08:00, 0, -0.07588875, 4.17663, 1, 1, 1, False
315.6519, 2021-06-16T10:45:10.6652060+08:00, 0, -0.07588875, 4.17663, 1, 1, 1, False
315.6691, 2021-06-16T10:45:10.6823810+08:00, 0, -0.07588875, 4.17663, 1, 1, 1, False
315.6858, 2021-06-16T10:45:10.6990270+08:00, 0, -0.07588875, 4.17663, 1, 1, 1, False
315.7023, 2021-06-16T10:45:10.7156270+08:00, 0, -0.07588875, 4.17663, 1, 1, 1, False
315.7195, 2021-06-16T10:45:10.7325800+08:00, 0, -0.07588875, 4.17663, 1, 1, 1, False
315.7343, 2021-06-16T10:45:10.7477210+08:00, 0, -0.07588875, 4.17663, 1, 1, 1, False
315.7498, 2021-06-16T10:45:10.7630540+08:00, 0, -0.07588875, 4.17663, 1, 1, 1, False
315.7654, 2021-06-16T10:45:10.7785280+08:00, 0, -0.07588875, 4.17663, 1, 1, 1, False
315.7791, 2021-06-16T10:45:10.7923270+08:00, 0, -0.07588875, 4.17663, 1, 1, 1, False
315.7943, 2021-06-16T10:45:10.8074780+08:00, 0, -0.07588875, 4.17663, 1, 1, 1, False
315.8086, 2021-06-16T10:45:10.8216890+08:00, 0, -0.07588875, 4.17663, 1, 1, 1, False
315.822, 2021-06-16T10:45:10.8352500+08:00, 0, -0.07588875, 4.17663, 1, 1, 1, False
315.8364, 2021-06-16T10:45:10.8495480+08:00, 0, -0.07588875, 4.17663, 1, 1, 1, False
315.838, 2021-06-16T10:45:10.8510210+08:00, 0, -0.07588875, 4.17663, 1, 1, 1, False
315.8423, 2021-06-16T10:45:10.8553860+08:00, 0, -0.07588875, 4.17663, 1, 1, 1, False
315.8462, 2021-06-16T10:45:10.8591730+08:00, 0, -0.07588875, 4.17663, 1, 1, 1, False
315.8506, 2021-06-16T10:45:10.8636610+08:00, 0, -0.07588875, 4.17663, 1, 1, 1, False
315.8542, 2021-06-16T10:45:10.8671870+08:00, 0, -0.07588875, 4.17663, 1, 1, 1, False
315.8582, 2021-06-16T10:45:10.8711790+08:00, 0, -0.07588875, 4.17663, 1, 1, 1, False
315.8622, 2021-06-16T10:45:10.8752600+08:00, 0, -0.07588875, 4.17663, 1, 1, 1, False
315.8663, 2021-06-16T10:45:10.8793520+08:00, 0, -0.07588875, 4.17663, 1, 1, 1, False
315.9023, 2021-06-16T10:45:10.9153370+08:00, 0, -0.07588875, 4.17663, 1, 1, 1, False
315.9063, 2021-06-16T10:45:10.9192450+08:00, 0, -0.07588875, 4.17663, 1, 1, 1, False
315.91, 2021-06-16T10:45:10.9229890+08:00, 0, -0.07588875, 4.17663, 1, 1, 1, False
315.914, 2021-06-16T10:45:10.9270050+08:00, 0, -0.07588875, 4.17663, 1, 1, 1, False
315.9185, 2021-06-16T10:45:10.9315290+08:00, 0, -0.07588875, 4.17663, 1, 1, 1, False
315.9221, 2021-06-16T10:45:10.9351280+08:00, 0, -0.07588875, 4.17663, 1, 1, 1, False
315.9261, 2021-06-16T10:45:10.9390830+08:00, 0, -0.07588875, 4.17663, 1, 1, 1, False
315.9305, 2021-06-16T10:45:10.9434760+08:00, 0, -0.07588875, 4.17663, 1, 1, 1, False
315.9342, 2021-06-16T10:45:10.9473460+08:00, 0, -0.07588875, 4.17663, 1, 1, 1, False
315.9384, 2021-06-16T10:45:10.9514080+08:00, 0, -0.07588875, 4.17663, 1, 1, 1, False
315.9421, 2021-06-16T10:45:10.9551670+08:00, 0, -0.07588875, 4.17663, 1, 1, 1, False
315.9461, 2021-06-16T10:45:10.9591120+08:00, 0, -0.07588875, 4.17663, 1, 1, 1, False
315.9504, 2021-06-16T10:45:10.9633890+08:00, 0, -0.07588875, 4.17663, 1, 1, 1, False
315.954, 2021-06-16T10:45:10.9670390+08:00, 0, -0.07588875, 4.17663, 1, 1, 1, False
315.9624, 2021-06-16T10:45:10.9755480+08:00, 0, -0.07588875, 4.17663, 1, 1, 1, False
315.9665, 2021-06-16T10:45:10.9794490+08:00, 0, -0.07588875, 4.17663, 1, 1, 1, False
315.9763, 2021-06-16T10:45:10.9893900+08:00, 0, -0.07588875, 4.17663, 1, 1, 1, False
315.9783, 2021-06-16T10:45:10.9914230+08:00, 0, -0.07588875, 4.17663, 1, 1, 1, False
315.9906, 2021-06-16T10:45:11.0037920+08:00, 0, -0.07588875, 4.17663, 1, 1, 1, False
316.0043, 2021-06-16T10:45:11.0176760+08:00, 0, -0.07588875, 4.17663, 1, 1, 1, False
316.0184, 2021-06-16T10:45:11.0315460+08:00, 0, -0.07588875, 4.17663, 1, 1, 1, False
316.033, 2021-06-16T10:45:11.0463630+08:00, 0, -0.07588875, 4.17663, 1, 1, 1, False
316.0476, 2021-06-16T10:45:11.0608250+08:00, 0, -0.07588875, 4.17663, 1, 1, 1, False
316.0616, 2021-06-16T10:45:11.0748390+08:00, 0, -0.07588875, 4.17663, 1, 1, 1, False
316.0757, 2021-06-16T10:45:11.0888330+08:00, 0, -0.07588875, 4.17663, 1, 1, 1, False
316.0903, 2021-06-16T10:45:11.1034430+08:00, 0, -0.07588875, 4.17663, 1, 1, 1, False
316.1039, 2021-06-16T10:45:11.1169400+08:00, 0, -0.07588875, 4.17663, 1, 1, 1, False
316.1183, 2021-06-16T10:45:11.1315270+08:00, 0, -0.07588875, 4.17663, 1, 1, 1, False
316.1324, 2021-06-16T10:45:11.1456180+08:00, 0, -0.07588875, 4.17663, 1, 1, 1, False
316.1466, 2021-06-16T10:45:11.1598920+08:00, 0, -0.07588875, 4.17663, 1, 1, 1, False
316.1607, 2021-06-16T10:45:11.1738800+08:00, 0, -0.07588875, 4.17663, 1, 1, 1, False
316.2029, 2021-06-16T10:45:11.2160410+08:00, 0, -0.07588875, 4.17663, 1, 1, 1, False
316.2101, 2021-06-16T10:45:11.2230500+08:00, 0, -0.07588875, 4.17663, 1, 1, 1, False
316.2143, 2021-06-16T10:45:11.2273510+08:00, 0, -0.07588875, 4.17663, 1, 1, 1, False
316.2183, 2021-06-16T10:45:11.2312580+08:00, 0, -0.07588875, 4.17663, 1, 1, 1, False
316.2222, 2021-06-16T10:45:11.2352290+08:00, 0, -0.07588875, 4.17663, 1, 1, 1, False
316.226, 2021-06-16T10:45:11.2389670+08:00, 0, -0.07588875, 4.17663, 1, 1, 1, False
316.2302, 2021-06-16T10:45:11.2432020+08:00, 0, -0.07588875, 4.17663, 1, 1, 1, False
316.2343, 2021-06-16T10:45:11.2473080+08:00, 0, -0.07588875, 4.17663, 1, 1, 1, False
316.2379, 2021-06-16T10:45:11.2509490+08:00, 0, -0.07588875, 4.17663, 1, 1, 1, False
316.2422, 2021-06-16T10:45:11.2552520+08:00, 0, -0.07588875, 4.17663, 1, 1, 1, False
316.2462, 2021-06-16T10:45:11.2592380+08:00, 0, -0.07588875, 4.17663, 1, 1, 1, False
316.2505, 2021-06-16T10:45:11.2634710+08:00, 0, -0.07588875, 4.17663, 1, 1, 1, False
316.2543, 2021-06-16T10:45:11.2672470+08:00, 0, -0.07588875, 4.17663, 1, 1, 1, False
316.2581, 2021-06-16T10:45:11.2710970+08:00, 0, -0.07588875, 4.17663, 1, 1, 1, False
316.2623, 2021-06-16T10:45:11.2753570+08:00, 0, -0.07588875, 4.17663, 1, 1, 1, False
316.2704, 2021-06-16T10:45:11.2864710+08:00, 0, -0.07588875, 4.17663, 1, 1, 1, False
316.2786, 2021-06-16T10:45:11.2946200+08:00, 0, -0.07588875, 4.17663, 1, 1, 1, False
316.2861, 2021-06-16T10:45:11.3067420+08:00, 0, -0.07588875, 4.17663, 1, 1, 1, False
316.2984, 2021-06-16T10:45:11.3114340+08:00, 0, -0.07588875, 4.17663, 1, 1, 1, False
316.3022, 2021-06-16T10:45:11.3151700+08:00, 0, -0.07588875, 4.17663, 1, 1, 1, False
316.3062, 2021-06-16T10:45:11.3191790+08:00, 0, -0.07588875, 4.17663, 1, 1, 1, False
316.3101, 2021-06-16T10:45:11.3231020+08:00, 0, -0.07588875, 4.17663, 1, 1, 1, False
316.3143, 2021-06-16T10:45:11.3272540+08:00, 0, -0.07588875, 4.17663, 1, 1, 1, False
316.3182, 2021-06-16T10:45:11.3311740+08:00, 0, -0.07588875, 4.17663, 1, 1, 1, False
316.3218, 2021-06-16T10:45:11.3348050+08:00, 0, -0.07588875, 4.17663, 1, 1, 1, False
316.3264, 2021-06-16T10:45:11.3393310+08:00, 0, -0.07588875, 4.17663, 1, 1, 1, False
316.3301, 2021-06-16T10:45:11.3430940+08:00, 0, -0.07588875, 4.17663, 1, 1, 1, False
316.3343, 2021-06-16T10:45:11.3472610+08:00, 0, -0.07588875, 4.17663, 1, 1, 1, False
316.3382, 2021-06-16T10:45:11.3511600+08:00, 0, -0.07588875, 4.17663, 1, 1, 1, False
316.3419, 2021-06-16T10:45:11.3548530+08:00, 0, -0.07588875, 4.17663, 1, 1, 1, False
316.4418, 2021-06-16T10:45:11.7434260+08:00, 0, -0.07588875, 4.17663, 1, 1, 1, False
316.5418, 2021-06-16T10:45:11.8646200+08:00, 0, -0.07588875, 4.17663, 1, 1, 1, False
316.5525, 2021-06-16T10:45:11.8751830+08:00, 0, -0.07588875, 4.17663, 1, 1, 1, False
316.6072, 2021-06-16T10:45:11.9300170+08:00, 0, -0.07588875, 4.17663, 1, 1, 1, False
316.6126, 2021-06-16T10:45:11.9352290+08:00, 0, -0.07588875, 4.17663, 1, 1, 1, False
316.6164, 2021-06-16T10:45:11.9389610+08:00, 0, -0.07588875, 4.17663, 1, 1, 1, False
316.6373, 2021-06-16T10:45:11.9600190+08:00, 0, -0.07588875, 4.17663, 1, 1, 1, False
316.6405, 2021-06-16T10:45:11.9631380+08:00, 0, -0.07588875, 4.17663, 1, 1, 1, False
316.6446, 2021-06-16T10:45:11.9672180+08:00, 0, -0.07588875, 4.17663, 1, 1, 1, False
316.6487, 2021-06-16T10:45:11.9712930+08:00, 0, -0.07588875, 4.17663, 1, 1, 1, False
316.6526, 2021-06-16T10:45:11.9751630+08:00, 0, -0.07588875, 4.17663, 1, 1, 1, False
316.6563, 2021-06-16T10:45:11.9789320+08:00, 0, -0.07588875, 4.17663, 1, 1, 1, False
316.6607, 2021-06-16T10:45:11.9833400+08:00, 0, -0.07588875, 4.17663, 1, 1, 1, False
316.6648, 2021-06-16T10:45:11.9874270+08:00, 0, -0.07588875, 4.17663, 1, 1, 1, False
316.6685, 2021-06-16T10:45:11.9911750+08:00, 0, -0.07588875, 4.17663, 1, 1, 1, False
316.6725, 2021-06-16T10:45:11.9950990+08:00, 0, -0.07588875, 4.17663, 1, 1, 1, False
316.6767, 2021-06-16T10:45:11.9992950+08:00, 0, -0.07588875, 4.17663, 1, 1, 1, False
316.6806, 2021-06-16T10:45:12.0032060+08:00, 0, -0.07588875, 4.17663, 1, 1, 1, False
316.6847, 2021-06-16T10:45:12.0072730+08:00, 0, -0.07588875, 4.17663, 1, 1, 1, False
316.6889, 2021-06-16T10:45:12.0114810+08:00, 0, -0.07588875, 4.17663, 1, 1, 1, False
316.6964, 2021-06-16T10:45:12.0190170+08:00, 0, -0.07588875, 4.17663, 1, 1, 1, False
316.7007, 2021-06-16T10:45:12.0233090+08:00, 0, -0.07588875, 4.17663, 1, 1, 1, False
316.7045, 2021-06-16T10:45:12.0271250+08:00, 0, -0.07588875, 4.17663, 1, 1, 1, False
316.7085, 2021-06-16T10:45:12.0310770+08:00, 0, -0.07588875, 4.17663, 1, 1, 1, False
316.7128, 2021-06-16T10:45:12.0354620+08:00, 0, -0.07588875, 4.17663, 1, 1, 1, False
316.7167, 2021-06-16T10:45:12.0393380+08:00, 0, -0.07588875, 4.17663, 1, 1, 1, False
316.7206, 2021-06-16T10:45:12.0432250+08:00, 0, -0.07588875, 4.17663, 1, 1, 1, False
316.7246, 2021-06-16T10:45:12.0471680+08:00, 0, -0.07588875, 4.17663, 1, 1, 1, False
316.7287, 2021-06-16T10:45:12.0512770+08:00, 0, -0.07588875, 4.17663, 1, 1, 1, False
316.733, 2021-06-16T10:45:12.0555760+08:00, 0, -0.07588875, 4.17663, 1, 1, 1, False
316.7366, 2021-06-16T10:45:12.0592240+08:00, 0, -0.07588875, 4.17663, 1, 1, 1, False
316.7408, 2021-06-16T10:45:12.0634200+08:00, 0, -0.07588875, 4.17663, 1, 1, 1, False
316.7811, 2021-06-16T10:45:12.1037130+08:00, 0, -0.07588875, 4.17663, 1, 1, 1, False
316.7844, 2021-06-16T10:45:12.1070450+08:00, 0, -0.07588875, 4.17663, 1, 1, 1, False
316.7887, 2021-06-16T10:45:12.1114170+08:00, 0, -0.07588875, 4.17663, 1, 1, 1, False
316.7926, 2021-06-16T10:45:12.1152180+08:00, 0, -0.07588875, 4.17663, 1, 1, 1, False
316.7966, 2021-06-16T10:45:12.1192120+08:00, 0, -0.07588875, 4.17663, 1, 1, 1, False
316.8006, 2021-06-16T10:45:12.1232020+08:00, 0, -0.07588875, 4.17663, 1, 1, 1, False
316.8046, 2021-06-16T10:45:12.1272020+08:00, 0, -0.07588875, 4.17663, 1, 1, 1, False
316.8083, 2021-06-16T10:45:12.1309390+08:00, 0, -0.07588875, 4.17663, 1, 1, 1, False
316.8131, 2021-06-16T10:45:12.1356840+08:00, 0, -0.07588875, 4.17663, 1, 1, 1, False
316.8166, 2021-06-16T10:45:12.1391940+08:00, 0, -0.07588875, 4.17663, 1, 1, 1, False
316.8206, 2021-06-16T10:45:12.1432440+08:00, 0, -0.07588875, 4.17663, 1, 1, 1, False
316.8247, 2021-06-16T10:45:12.1473150+08:00, 0, -0.07588875, 4.17663, 1, 1, 1, False
316.8286, 2021-06-16T10:45:12.1511620+08:00, 0, -0.07588875, 4.17663, 1, 1, 1, False
316.8324, 2021-06-16T10:45:12.1551290+08:00, 0, -0.07588875, 4.17663, 1, 1, 1, False
316.8368, 2021-06-16T10:45:12.1594230+08:00, 0, -0.07588875, 4.17663, 1, 1, 1, False
316.8407, 2021-06-16T10:45:12.1632850+08:00, 0, -0.07588875, 4.17663, 1, 1, 1, False
316.8447, 2021-06-16T10:45:12.1672910+08:00, 0, -0.07588875, 4.17663, 1, 1, 1, False
316.8486, 2021-06-16T10:45:12.1711700+08:00, 0, -0.07588875, 4.17663, 1, 1, 1, False
316.8528, 2021-06-16T10:45:12.1754020+08:00, 0, -0.07588875, 4.17663, 1, 1, 1, False
316.8564, 2021-06-16T10:45:12.1790310+08:00, 0, -0.07588875, 4.17663, 1, 1, 1, False
316.8606, 2021-06-16T10:45:12.1832270+08:00, 0, -0.07588875, 4.17663, 1, 1, 1, False
316.8644, 2021-06-16T10:45:12.1870300+08:00, 0, -0.07588875, 4.17663, 1, 1, 1, False
316.8688, 2021-06-16T10:45:12.1913860+08:00, 0, -0.07588875, 4.17663, 1, 1, 1, False
316.8726, 2021-06-16T10:45:12.1952360+08:00, 0, -0.07588875, 4.17663, 1, 1, 1, False
316.8764, 2021-06-16T10:45:12.1990090+08:00, 0, -0.07588875, 4.17663, 1, 1, 1, False
316.8807, 2021-06-16T10:45:12.2033610+08:00, 0, -0.07588875, 4.17663, 1, 1, 1, False
316.8846, 2021-06-16T10:45:12.2072620+08:00, 0, -0.07588875, 4.17663, 1, 1, 1, False
316.8887, 2021-06-16T10:45:12.2112750+08:00, 0, -0.07588875, 4.17663, 1, 1, 1, False
316.8925, 2021-06-16T10:45:12.2151450+08:00, 0, -0.07588875, 4.17663, 1, 1, 1, False
316.8965, 2021-06-16T10:45:12.2191090+08:00, 0, -0.07588875, 4.17663, 1, 1, 1, False
316.9007, 2021-06-16T10:45:12.2233120+08:00, 0, -0.07588875, 4.17663, 1, 1, 1, False
316.9368, 2021-06-16T10:45:12.2594800+08:00, 0, -0.07588875, 4.17663, 1, 1, 1, False
316.9405, 2021-06-16T10:45:12.2631360+08:00, 0, -0.07588875, 4.17663, 1, 1, 1, False
316.9446, 2021-06-16T10:45:12.2671940+08:00, 0, -0.07588875, 4.17663, 1, 1, 1, False
316.9483, 2021-06-16T10:45:12.2708760+08:00, 0, -0.07588875, 4.17663, 1, 1, 1, False
316.9522, 2021-06-16T10:45:12.2748030+08:00, 0, -0.07588875, 4.17663, 1, 1, 1, False
316.9563, 2021-06-16T10:45:12.2789090+08:00, 0, -0.07588875, 4.17663, 1, 1, 1, False
316.9607, 2021-06-16T10:45:12.2833220+08:00, 0, -0.07588875, 4.17663, 1, 1, 1, False
316.9642, 2021-06-16T10:45:12.2868320+08:00, 0, -0.07588875, 4.17663, 1, 1, 1, False
316.9689, 2021-06-16T10:45:12.2915400+08:00, 0, -0.07588875, 4.17663, 1, 1, 1, False
316.9731, 2021-06-16T10:45:12.2956970+08:00, 0, -0.07588875, 4.17663, 1, 1, 1, False
316.9763, 2021-06-16T10:45:12.2989370+08:00, 0, -0.07588875, 4.17663, 1, 1, 1, False
316.9807, 2021-06-16T10:45:12.3033480+08:00, 0, -0.07588875, 4.17663, 1, 1, 1, False
316.9846, 2021-06-16T10:45:12.3071630+08:00, 0, -0.07588875, 4.17663, 1, 1, 1, False
316.9886, 2021-06-16T10:45:12.3111960+08:00, 0, -0.07588875, 4.17663, 1, 1, 1, False
316.9928, 2021-06-16T10:45:12.3154150+08:00, 0, -0.07588875, 4.17663, 1, 1, 1, False
316.9967, 2021-06-16T10:45:12.3193650+08:00, 0, -0.07588875, 4.17663, 1, 1, 1, False
317.0005, 2021-06-16T10:45:12.3232000+08:00, 0, -0.07588875, 4.17663, 1, 1, 1, False
317.0049, 2021-06-16T10:45:12.3275300+08:00, 0, -0.07588875, 4.17663, 1, 1, 1, False
317.0085, 2021-06-16T10:45:12.3311890+08:00, 0, -0.07588875, 4.17663, 1, 1, 1, False
317.0123, 2021-06-16T10:45:12.3349610+08:00, 0, -0.07588875, 4.17663, 1, 1, 1, False
317.0167, 2021-06-16T10:45:12.3393120+08:00, 0, -0.07588875, 4.17663, 1, 1, 1, False
317.0246, 2021-06-16T10:45:12.3472800+08:00, 0, -0.07588875, 4.17663, 1, 1, 1, False
317.0284, 2021-06-16T10:45:12.3510630+08:00, 0, -0.07588875, 4.17663, 1, 1, 1, False
317.0327, 2021-06-16T10:45:12.3552800+08:00, 0, -0.07588875, 4.17663, 1, 1, 1, False
317.0368, 2021-06-16T10:45:12.3594430+08:00, 0, -0.07588875, 4.17663, 1, 1, 1, False
317.0403, 2021-06-16T10:45:12.3629310+08:00, 0, -0.07588875, 4.17663, 1, 1, 1, False
317.0444, 2021-06-16T10:45:12.3670510+08:00, 0, -0.07588875, 4.17663, 1, 1, 1, False
317.0484, 2021-06-16T10:45:12.3709850+08:00, 0, -0.07588875, 4.17663, 1, 1, 1, False
317.0525, 2021-06-16T10:45:12.3751150+08:00, 0, -0.07588875, 4.17663, 1, 1, 1, False
317.0566, 2021-06-16T10:45:12.3791900+08:00, 0, -0.07588875, 4.17663, 1, 1, 1, False
317.0609, 2021-06-16T10:45:12.3835630+08:00, 0, -0.07588875, 4.17663, 1, 1, 1, False
317.1049, 2021-06-16T10:45:12.4275120+08:00, 0, -0.07588875, 4.17663, 1, 1, 1, False
317.1084, 2021-06-16T10:45:12.4310400+08:00, 0, -0.07588875, 4.17663, 1, 1, 1, False
317.1124, 2021-06-16T10:45:12.4349750+08:00, 0, -0.07588875, 4.17663, 1, 1, 1, False
317.1169, 2021-06-16T10:45:12.4395450+08:00, 0, -0.07588875, 4.17663, 1, 1, 1, False
317.125, 2021-06-16T10:45:12.4476960+08:00, 0, -0.07588875, 4.17663, 1, 1, 1, False
317.1491, 2021-06-16T10:45:12.4720070+08:00, 0, -0.07588875, 4.17663, 1, 1, 1, False
317.1696, 2021-06-16T10:45:12.4927060+08:00, 0, -0.07588875, 4.17663, 1, 1, 1, False
317.1893, 2021-06-16T10:45:12.5121320+08:00, 0, -0.07588875, 4.17663, 1, 1, 1, False
317.2089, 2021-06-16T10:45:12.5316920+08:00, 0, -0.07588875, 4.17663, 1, 1, 1, False
317.2279, 2021-06-16T10:45:12.5508200+08:00, 0, -0.07588875, 4.17663, 1, 1, 1, False
317.2471, 2021-06-16T10:45:12.5700200+08:00, 0, -0.07588875, 4.17663, 1, 1, 1, False
317.2643, 2021-06-16T10:45:12.5871440+08:00, 0, -0.07588875, 4.17663, 1, 1, 1, False
317.2814, 2021-06-16T10:45:12.6042930+08:00, 0, -0.07588875, 4.17663, 1, 1, 1, False
317.2994, 2021-06-16T10:45:12.6221040+08:00, 0, -0.07588875, 4.17663, 1, 1, 1, False
317.3151, 2021-06-16T10:45:12.6380270+08:00, 0, -0.07588875, 4.17663, 1, 1, 1, False
317.3317, 2021-06-16T10:45:12.6543310+08:00, 0, -0.07588875, 4.17663, 1, 1, 1, False
317.3472, 2021-06-16T10:45:12.6700910+08:00, 0, -0.07588875, 4.17663, 1, 1, 1, False
317.3626, 2021-06-16T10:45:12.6853870+08:00, 0, -0.07588875, 4.17663, 1, 1, 1, False
317.3779, 2021-06-16T10:45:12.7006930+08:00, 0, -0.07588875, 4.17663, 1, 1, 1, False
317.3936, 2021-06-16T10:45:12.7163890+08:00, 0, -0.07588875, 4.17663, 1, 1, 1, False
317.4078, 2021-06-16T10:45:12.7306540+08:00, 0, -0.07588875, 4.17663, 1, 1, 1, False
317.4223, 2021-06-16T10:45:12.7449900+08:00, 0, -0.07588875, 4.17663, 1, 1, 1, False
317.425, 2021-06-16T10:45:12.7477470+08:00, 0, -0.07588875, 4.17663, 1, 1, 1, False
317.4287, 2021-06-16T10:45:12.7513370+08:00, 0, -0.07588875, 4.17663, 1, 1, 1, False
317.4326, 2021-06-16T10:45:12.7552590+08:00, 0, -0.07588875, 4.17663, 1, 1, 1, False
317.4368, 2021-06-16T10:45:12.7594880+08:00, 0, -0.07588875, 4.17663, 1, 1, 1, False
317.4406, 2021-06-16T10:45:12.7632560+08:00, 0, -0.07588875, 4.17663, 1, 1, 1, False
317.4447, 2021-06-16T10:45:12.7673420+08:00, 0, -0.07588875, 4.17663, 1, 1, 1, False
317.4489, 2021-06-16T10:45:12.7715250+08:00, 0, -0.07588875, 4.17663, 1, 1, 1, False
317.4527, 2021-06-16T10:45:12.7753000+08:00, 0, -0.07588875, 4.17663, 1, 1, 1, False
317.4569, 2021-06-16T10:45:12.7795000+08:00, 0, -0.07588875, 4.17663, 1, 1, 1, False
317.4973, 2021-06-16T10:45:12.8199310+08:00, 0, -0.07588875, 4.17663, 1, 1, 1, False
317.5019, 2021-06-16T10:45:12.8245280+08:00, 0, -0.07588875, 4.17663, 1, 1, 1, False
317.5043, 2021-06-16T10:45:12.8269070+08:00, 0, -0.07588875, 4.17663, 1, 1, 1, False
317.5089, 2021-06-16T10:45:12.8315150+08:00, 0, -0.07588875, 4.17663, 1, 1, 1, False
317.5125, 2021-06-16T10:45:12.8351470+08:00, 0, -0.07588875, 4.17663, 1, 1, 1, False
317.5163, 2021-06-16T10:45:12.8389300+08:00, 0, -0.07588875, 4.17663, 1, 1, 1, False
317.5205, 2021-06-16T10:45:12.8431270+08:00, 0, -0.07588875, 4.17663, 1, 1, 1, False
317.526, 2021-06-16T10:45:12.8487370+08:00, 0, -0.07588875, 4.17663, 1, 1, 1, False
317.5412, 2021-06-16T10:45:12.8640110+08:00, 0, -0.07588875, 4.17663, 1, 1, 1, False
317.5548, 2021-06-16T10:45:12.8778590+08:00, 0, -0.07588875, 4.17663, 1, 1, 1, False
317.569, 2021-06-16T10:45:12.8919780+08:00, 0, -0.07588875, 4.17663, 1, 1, 1, False
317.5829, 2021-06-16T10:45:12.9058150+08:00, 0, -0.07588875, 4.17663, 1, 1, 1, False
317.5975, 2021-06-16T10:45:12.9202880+08:00, 0, -0.07588875, 4.17663, 1, 1, 1, False
317.6122, 2021-06-16T10:45:12.9350350+08:00, 0, -0.07588875, 4.17663, 1, 1, 1, False
317.6263, 2021-06-16T10:45:12.9490690+08:00, 0, -0.07588875, 4.17663, 1, 1, 1, False
317.6405, 2021-06-16T10:45:12.9632640+08:00, 0, -0.07588875, 4.17663, 1, 1, 1, False
317.6552, 2021-06-16T10:45:12.9777830+08:00, 0, -0.07588875, 4.17663, 1, 1, 1, False
317.6682, 2021-06-16T10:45:12.9911180+08:00, 0, -0.07588875, 4.17663, 1, 1, 1, False
317.6826, 2021-06-16T10:45:13.0053490+08:00, 0, -0.07588875, 4.17663, 1, 1, 1, False
317.6978, 2021-06-16T10:45:13.0205620+08:00, 0, -0.07588875, 4.17663, 1, 1, 1, False
317.7113, 2021-06-16T10:45:13.0342040+08:00, 0, -0.07588875, 4.17663, 1, 1, 1, False
317.7254, 2021-06-16T10:45:13.0482210+08:00, 0, -0.07588875, 4.17663, 1, 1, 1, False
317.7391, 2021-06-16T10:45:13.0619620+08:00, 0, -0.07588875, 4.17663, 1, 1, 1, False
317.7534, 2021-06-16T10:45:13.0765450+08:00, 0, -0.07588875, 4.17663, 1, 1, 1, False
317.7679, 2021-06-16T10:45:13.0907050+08:00, 0, -0.07588875, 4.17663, 1, 1, 1, False
317.7821, 2021-06-16T10:45:13.1048920+08:00, 0, -0.07588875, 4.17663, 1, 1, 1, False
317.7964, 2021-06-16T10:45:13.1191760+08:00, 0, -0.07588875, 4.17663, 1, 1, 1, False
317.8098, 2021-06-16T10:45:13.1324060+08:00, 0, -0.07588875, 4.17663, 1, 1, 1, False
317.8242, 2021-06-16T10:45:13.1470730+08:00, 0, -0.07588875, 4.17663, 1, 1, 1, False
317.8287, 2021-06-16T10:45:13.1513360+08:00, 0, -0.07588875, 4.17663, 1, 1, 1, False
317.8328, 2021-06-16T10:45:13.1554110+08:00, 0, -0.07588875, 4.17663, 1, 1, 1, False
317.8771, 2021-06-16T10:45:13.1998350+08:00, 0, -0.07588875, 4.17663, 1, 1, 1, False
317.8809, 2021-06-16T10:45:13.2035440+08:00, 0, -0.07588875, 4.17663, 1, 1, 1, False
317.8844, 2021-06-16T10:45:13.2070230+08:00, 0, -0.07588875, 4.17663, 1, 1, 1, False
317.8883, 2021-06-16T10:45:13.2109030+08:00, 0, -0.07588875, 4.17663, 1, 1, 1, False
317.8926, 2021-06-16T10:45:13.2152430+08:00, 0, -0.07588875, 4.17663, 1, 1, 1, False
317.8963, 2021-06-16T10:45:13.2189470+08:00, 0, -0.07588875, 4.17663, 1, 1, 1, False
317.9005, 2021-06-16T10:45:13.2230820+08:00, 0, -0.07588875, 4.17663, 1, 1, 1, False
317.9048, 2021-06-16T10:45:13.2273550+08:00, 0, -0.07588875, 4.17663, 1, 1, 1, False
317.9086, 2021-06-16T10:45:13.2312050+08:00, 0, -0.07588875, 4.17663, 1, 1, 1, False
317.9131, 2021-06-16T10:45:13.2357440+08:00, 0, -0.07588875, 4.17663, 1, 1, 1, False
317.9211, 2021-06-16T10:45:13.2437480+08:00, 0, -0.07588875, 4.17663, 1, 1, 1, False
317.9347, 2021-06-16T10:45:13.2576910+08:00, 0, -0.07588875, 4.17663, 1, 1, 1, False
317.9486, 2021-06-16T10:45:13.2714040+08:00, 0, -0.07588875, 4.17663, 1, 1, 1, False
317.9638, 2021-06-16T10:45:13.2866060+08:00, 0, -0.07588875, 4.17663, 1, 1, 1, False
317.9773, 2021-06-16T10:45:13.3001170+08:00, 0, -0.07588875, 4.17663, 1, 1, 1, False
317.9913, 2021-06-16T10:45:13.3139230+08:00, 0, -0.07588875, 4.17663, 1, 1, 1, False
318.0055, 2021-06-16T10:45:13.3283540+08:00, 0, -0.07588875, 4.17663, 1, 1, 1, False
318.0087, 2021-06-16T10:45:13.3312800+08:00, 0, -0.07588875, 4.17663, 1, 1, 1, False
318.0128, 2021-06-16T10:45:13.3353630+08:00, 0, -0.07588875, 4.17663, 1, 1, 1, False
318.0167, 2021-06-16T10:45:13.3393410+08:00, 0, -0.07588875, 4.17663, 1, 1, 1, False
318.0214, 2021-06-16T10:45:13.3440960+08:00, 0, -0.07588875, 4.17663, 1, 1, 1, False
318.0246, 2021-06-16T10:45:13.3472130+08:00, 0, -0.07588875, 4.17663, 1, 1, 1, False
318.0287, 2021-06-16T10:45:13.3513830+08:00, 0, -0.07588875, 4.17663, 1, 1, 1, False
318.0328, 2021-06-16T10:45:13.3554270+08:00, 0, -0.07588875, 4.17663, 1, 1, 1, False
318.0367, 2021-06-16T10:45:13.3592970+08:00, 0, -0.07588875, 4.17663, 1, 1, 1, False
318.0407, 2021-06-16T10:45:13.3633670+08:00, 0, -0.07588875, 4.17663, 1, 1, 1, False
318.0447, 2021-06-16T10:45:13.3672950+08:00, 0, -0.07588875, 4.17663, 1, 1, 1, False
318.0491, 2021-06-16T10:45:13.3717050+08:00, 0, -0.07588875, 4.17663, 1, 1, 1, False
318.0527, 2021-06-16T10:45:13.3753540+08:00, 0, -0.07588875, 4.17663, 1, 1, 1, False
318.0567, 2021-06-16T10:45:13.3792790+08:00, 0, -0.07588875, 4.17663, 1, 1, 1, False
318.0608, 2021-06-16T10:45:13.3834160+08:00, 0, -0.07588875, 4.17663, 1, 1, 1, False
318.1008, 2021-06-16T10:45:13.4234480+08:00, 0, -0.07588875, 4.17663, 1, 1, 1, False
318.1046, 2021-06-16T10:45:13.4272560+08:00, 0, -0.07588875, 4.17663, 1, 1, 1, False
318.1085, 2021-06-16T10:45:13.4311470+08:00, 0, -0.07588875, 4.17663, 1, 1, 1, False
318.1128, 2021-06-16T10:45:13.4354930+08:00, 0, -0.07588875, 4.17663, 1, 1, 1, False
318.1167, 2021-06-16T10:45:13.4392840+08:00, 0, -0.07588875, 4.17663, 1, 1, 1, False
318.1206, 2021-06-16T10:45:13.4432790+08:00, 0, -0.07588875, 4.17663, 1, 1, 1, False
318.1247, 2021-06-16T10:45:13.4472770+08:00, 0, -0.07588875, 4.17663, 1, 1, 1, False
318.1289, 2021-06-16T10:45:13.4515220+08:00, 0, -0.07588875, 4.17663, 1, 1, 1, False
318.1369, 2021-06-16T10:45:13.4594870+08:00, 0, -0.07588875, 4.17663, 1, 1, 1, False
318.1408, 2021-06-16T10:45:13.4634440+08:00, 0, -0.07588875, 4.17663, 1, 1, 1, False
318.1447, 2021-06-16T10:45:13.4673140+08:00, 0, -0.07588875, 4.17663, 1, 1, 1, False
318.1489, 2021-06-16T10:45:13.4715240+08:00, 0, -0.07588875, 4.17663, 1, 1, 1, False
318.1525, 2021-06-16T10:45:13.4750840+08:00, 0, -0.07588875, 4.17663, 1, 1, 1, False
318.1566, 2021-06-16T10:45:13.4791950+08:00, 0, -0.07588875, 4.17663, 1, 1, 1, False
318.1611, 2021-06-16T10:45:13.4837050+08:00, 0, -0.07588875, 4.17663, 1, 1, 1, False
318.1645, 2021-06-16T10:45:13.4870590+08:00, 0, -0.07588875, 4.17663, 1, 1, 1, False
318.1685, 2021-06-16T10:45:13.4912310+08:00, 0, -0.07588875, 4.17663, 1, 1, 1, False
318.1735, 2021-06-16T10:45:13.4961210+08:00, 0, -0.07588875, 4.17663, 1, 1, 1, False
318.1809, 2021-06-16T10:45:13.5035480+08:00, 0, -0.07588875, 4.17663, 1, 1, 1, False
318.1872, 2021-06-16T10:45:13.5099750+08:00, 0, -0.07588875, 4.17663, 1, 1, 1, False
318.2013, 2021-06-16T10:45:13.5241580+08:00, 0, -0.07588875, 4.17663, 1, 1, 1, False
318.2047, 2021-06-16T10:45:13.5273540+08:00, 0, -0.07588875, 4.17663, 1, 1, 1, False
318.2155, 2021-06-16T10:45:13.5382170+08:00, 0, -0.07588875, 4.17663, 1, 1, 1, False
318.2304, 2021-06-16T10:45:13.5531380+08:00, 0, -0.07588875, 4.17663, 1, 1, 1, False
318.2439, 2021-06-16T10:45:13.5668140+08:00, 0, -0.07588875, 4.17663, 1, 1, 1, False
318.2487, 2021-06-16T10:45:13.5713370+08:00, 0, -0.07588875, 4.17663, 1, 1, 1, False
318.2527, 2021-06-16T10:45:13.5752640+08:00, 0, -0.07588875, 4.17663, 1, 1, 1, False
318.2579, 2021-06-16T10:45:13.5805840+08:00, 0, -0.07588875, 4.17663, 1, 1, 1, False
318.2606, 2021-06-16T10:45:13.5832050+08:00, 0, -0.07588875, 4.17663, 1, 1, 1, False
318.2646, 2021-06-16T10:45:13.5872250+08:00, 0, -0.07588875, 4.17663, 1, 1, 1, False
318.2688, 2021-06-16T10:45:13.5913590+08:00, 0, -0.07588875, 4.17663, 1, 1, 1, False
318.3127, 2021-06-16T10:45:13.6354260+08:00, 0, -0.07588875, 4.17663, 1, 1, 1, False
318.3167, 2021-06-16T10:45:13.6393070+08:00, 0, -0.07588875, 4.17663, 1, 1, 1, False
318.3204, 2021-06-16T10:45:13.6430670+08:00, 0, -0.07588875, 4.17663, 1, 1, 1, False
318.3246, 2021-06-16T10:45:13.6472410+08:00, 0, -0.07588875, 4.17663, 1, 1, 1, False
318.3284, 2021-06-16T10:45:13.6510470+08:00, 0, -0.07588875, 4.17663, 1, 1, 1, False
318.4284, 2021-06-16T10:45:14.1171470+08:00, 0, -0.07588875, 4.17663, 1, 1, 1, False
318.4881, 2021-06-16T10:45:14.1766780+08:00, 0, -0.07588875, 4.17663, 1, 1, 1, False
318.496, 2021-06-16T10:45:14.1844930+08:00, 0, -0.07588875, 4.17663, 1, 1, 1, False
318.5031, 2021-06-16T10:45:14.1916540+08:00, 0, -0.07588875, 4.17663, 1, 1, 1, False
318.5069, 2021-06-16T10:45:14.1954490+08:00, 0, -0.07588875, 4.17663, 1, 1, 1, False
318.5147, 2021-06-16T10:45:14.2032390+08:00, 0, -0.07588875, 4.17663, 1, 1, 1, False
318.5186, 2021-06-16T10:45:14.2070770+08:00, 0, -0.07588875, 4.17663, 1, 1, 1, False
318.5258, 2021-06-16T10:45:14.2145160+08:00, 0, -0.07588875, 4.17663, 1, 1, 1, False
318.5311, 2021-06-16T10:45:14.2195960+08:00, 0, -0.07588875, 4.17663, 1, 1, 1, False
318.5445, 2021-06-16T10:45:14.2331040+08:00, 0, -0.07588875, 4.17663, 1, 1, 1, False
318.5581, 2021-06-16T10:45:14.2467350+08:00, 0, -0.07588875, 4.17663, 1, 1, 1, False
318.5629, 2021-06-16T10:45:14.2514840+08:00, 0, -0.07588875, 4.17663, 1, 1, 1, False
318.5668, 2021-06-16T10:45:14.2552750+08:00, 0, -0.07588875, 4.17663, 1, 1, 1, False
318.5763, 2021-06-16T10:45:14.2650700+08:00, 0, -0.07588875, 4.17663, 1, 1, 1, False
318.5833, 2021-06-16T10:45:14.2718740+08:00, 0, -0.07588875, 4.17663, 1, 1, 1, False
318.5866, 2021-06-16T10:45:14.2750780+08:00, 0, -0.07588875, 4.17663, 1, 1, 1, False
318.5909, 2021-06-16T10:45:14.2793400+08:00, 0, -0.07588875, 4.17663, 1, 1, 1, False
318.6138, 2021-06-16T10:45:14.3023960+08:00, 0, -0.07588875, 4.17663, 1, 1, 1, False
318.6189, 2021-06-16T10:45:14.3073730+08:00, 0, -0.07588875, 4.17663, 1, 1, 1, False
318.6228, 2021-06-16T10:45:14.3113060+08:00, 0, -0.07588875, 4.17663, 1, 1, 1, False
318.6267, 2021-06-16T10:45:14.3151450+08:00, 0, -0.07588875, 4.17663, 1, 1, 1, False
318.631, 2021-06-16T10:45:14.3195490+08:00, 0, -0.07588875, 4.17663, 1, 1, 1, False
318.6346, 2021-06-16T10:45:14.3230430+08:00, 0, -0.07588875, 4.17663, 1, 1, 1, False
318.6389, 2021-06-16T10:45:14.3274020+08:00, 0, -0.07588875, 4.17663, 1, 1, 1, False
318.6428, 2021-06-16T10:45:14.3312900+08:00, 0, -0.07588875, 4.17663, 1, 1, 1, False
318.6469, 2021-06-16T10:45:14.3354230+08:00, 0, -0.07588875, 4.17663, 1, 1, 1, False
318.6913, 2021-06-16T10:45:14.3798390+08:00, 0, -0.07588875, 4.17663, 1, 1, 1, False
318.6988, 2021-06-16T10:45:14.3872590+08:00, 0, -0.07588875, 4.17663, 1, 1, 1, False
318.7029, 2021-06-16T10:45:14.3914740+08:00, 0, -0.07588875, 4.17663, 1, 1, 1, False
318.7068, 2021-06-16T10:45:14.3952920+08:00, 0, -0.07588875, 4.17663, 1, 1, 1, False
318.7108, 2021-06-16T10:45:14.3993090+08:00, 0, -0.07588875, 4.17663, 1, 1, 1, False
318.7149, 2021-06-16T10:45:14.4034430+08:00, 0, -0.07588875, 4.17663, 1, 1, 1, False
318.7189, 2021-06-16T10:45:14.4074240+08:00, 0, -0.07588875, 4.17663, 1, 1, 1, False
318.7223, 2021-06-16T10:45:14.4108280+08:00, 0, -0.07588875, 4.17663, 1, 1, 1, False
318.727, 2021-06-16T10:45:14.4155420+08:00, 0, -0.07588875, 4.17663, 1, 1, 1, False
318.7308, 2021-06-16T10:45:14.4192450+08:00, 0, -0.07588875, 4.17663, 1, 1, 1, False
318.7346, 2021-06-16T10:45:14.4231150+08:00, 0, -0.07588875, 4.17663, 1, 1, 1, False
318.7391, 2021-06-16T10:45:14.4275670+08:00, 0, -0.07588875, 4.17663, 1, 1, 1, False
318.7429, 2021-06-16T10:45:14.4314160+08:00, 0, -0.07588875, 4.17663, 1, 1, 1, False
318.7466, 2021-06-16T10:45:14.4351140+08:00, 0, -0.07588875, 4.17663, 1, 1, 1, False
318.7505, 2021-06-16T10:45:14.4390350+08:00, 0, -0.07588875, 4.17663, 1, 1, 1, False
318.7545, 2021-06-16T10:45:14.4430340+08:00, 0, -0.07588875, 4.17663, 1, 1, 1, False
318.7589, 2021-06-16T10:45:14.4474190+08:00, 0, -0.07588875, 4.17663, 1, 1, 1, False
318.7626, 2021-06-16T10:45:14.4511090+08:00, 0, -0.07588875, 4.17663, 1, 1, 1, False
318.7668, 2021-06-16T10:45:14.4552420+08:00, 0, -0.07588875, 4.17663, 1, 1, 1, False
318.7708, 2021-06-16T10:45:14.4592380+08:00, 0, -0.07588875, 4.17663, 1, 1, 1, False
318.7746, 2021-06-16T10:45:14.4630960+08:00, 0, -0.07588875, 4.17663, 1, 1, 1, False
318.7786, 2021-06-16T10:45:14.4670840+08:00, 0, -0.07588875, 4.17663, 1, 1, 1, False
318.7826, 2021-06-16T10:45:14.4710670+08:00, 0, -0.07588875, 4.17663, 1, 1, 1, False
318.7869, 2021-06-16T10:45:14.4753990+08:00, 0, -0.07588875, 4.17663, 1, 1, 1, False
318.7905, 2021-06-16T10:45:14.4789380+08:00, 0, -0.07588875, 4.17663, 1, 1, 1, False
318.795, 2021-06-16T10:45:14.4835110+08:00, 0, -0.07588875, 4.17663, 1, 1, 1, False
318.799, 2021-06-16T10:45:14.4874750+08:00, 0, -0.07588875, 4.17663, 1, 1, 1, False
318.8026, 2021-06-16T10:45:14.4911400+08:00, 0, -0.07588875, 4.17663, 1, 1, 1, False
318.8067, 2021-06-16T10:45:14.4951530+08:00, 0, -0.07588875, 4.17663, 1, 1, 1, False
318.8107, 2021-06-16T10:45:14.4991350+08:00, 0, -0.07588875, 4.17663, 1, 1, 1, False
318.8146, 2021-06-16T10:45:14.5030940+08:00, 0, -0.07588875, 4.17663, 1, 1, 1, False
318.8549, 2021-06-16T10:45:14.5434310+08:00, 0, -0.07588875, 4.17663, 1, 1, 1, False
318.8587, 2021-06-16T10:45:14.5471640+08:00, 0, -0.07588875, 4.17663, 1, 1, 1, False
318.8628, 2021-06-16T10:45:14.5513000+08:00, 0, -0.07588875, 4.17663, 1, 1, 1, False
318.8668, 2021-06-16T10:45:14.5552220+08:00, 0, -0.07588875, 4.17663, 1, 1, 1, False
318.8706, 2021-06-16T10:45:14.5590900+08:00, 0, -0.07588875, 4.17663, 1, 1, 1, False
318.8748, 2021-06-16T10:45:14.5632930+08:00, 0, -0.07588875, 4.17663, 1, 1, 1, False
318.8787, 2021-06-16T10:45:14.5671350+08:00, 0, -0.07588875, 4.17663, 1, 1, 1, False
318.8827, 2021-06-16T10:45:14.5711860+08:00, 0, -0.07588875, 4.17663, 1, 1, 1, False
318.8865, 2021-06-16T10:45:14.5749920+08:00, 0, -0.07588875, 4.17663, 1, 1, 1, False
318.8908, 2021-06-16T10:45:14.5792840+08:00, 0, -0.07588875, 4.17663, 1, 1, 1, False
318.8948, 2021-06-16T10:45:14.5832450+08:00, 0, -0.07588875, 4.17663, 1, 1, 1, False
318.8988, 2021-06-16T10:45:14.5872700+08:00, 0, -0.07588875, 4.17663, 1, 1, 1, False
318.9027, 2021-06-16T10:45:14.5911780+08:00, 0, -0.07588875, 4.17663, 1, 1, 1, False
318.9065, 2021-06-16T10:45:14.5950270+08:00, 0, -0.07588875, 4.17663, 1, 1, 1, False
318.9109, 2021-06-16T10:45:14.5993360+08:00, 0, -0.07588875, 4.17663, 1, 1, 1, False
318.9147, 2021-06-16T10:45:14.6031610+08:00, 0, -0.07588875, 4.17663, 1, 1, 1, False
318.9189, 2021-06-16T10:45:14.6073520+08:00, 0, -0.07588875, 4.17663, 1, 1, 1, False
318.9227, 2021-06-16T10:45:14.6112340+08:00, 0, -0.07588875, 4.17663, 1, 1, 1, False
318.9266, 2021-06-16T10:45:14.6151250+08:00, 0, -0.07588875, 4.17663, 1, 1, 1, False
318.9306, 2021-06-16T10:45:14.6191360+08:00, 0, -0.07588875, 4.17663, 1, 1, 1, False
318.9345, 2021-06-16T10:45:14.6230160+08:00, 0, -0.07588875, 4.17663, 1, 1, 1, False
318.9394, 2021-06-16T10:45:14.6278850+08:00, 0, -0.07588875, 4.17663, 1, 1, 1, False
318.9428, 2021-06-16T10:45:14.6313070+08:00, 0, -0.07588875, 4.17663, 1, 1, 1, False
318.947, 2021-06-16T10:45:14.6354390+08:00, 0, -0.07588875, 4.17663, 1, 1, 1, False
318.9508, 2021-06-16T10:45:14.6393360+08:00, 0, -0.07588875, 4.17663, 1, 1, 1, False
318.9545, 2021-06-16T10:45:14.6430080+08:00, 0, -0.07588875, 4.17663, 1, 1, 1, False
318.9587, 2021-06-16T10:45:14.6471930+08:00, 0, -0.07588875, 4.17663, 1, 1, 1, False
318.9626, 2021-06-16T10:45:14.6511090+08:00, 0, -0.07588875, 4.17663, 1, 1, 1, False
318.9668, 2021-06-16T10:45:14.6552930+08:00, 0, -0.07588875, 4.17663, 1, 1, 1, False
318.9708, 2021-06-16T10:45:14.6592300+08:00, 0, -0.07588875, 4.17663, 1, 1, 1, False
318.975, 2021-06-16T10:45:14.6634630+08:00, 0, -0.07588875, 4.17663, 1, 1, 1, False
319.0109, 2021-06-16T10:45:14.6994280+08:00, 0, -0.07588875, 4.17663, 1, 1, 1, False
319.0147, 2021-06-16T10:45:14.7031680+08:00, 0, -0.07588875, 4.17663, 1, 1, 1, False
319.0187, 2021-06-16T10:45:14.7071650+08:00, 0, -0.07588875, 4.17663, 1, 1, 1, False
319.0227, 2021-06-16T10:45:14.7112110+08:00, 0, -0.07588875, 4.17663, 1, 1, 1, False
319.0268, 2021-06-16T10:45:14.7152760+08:00, 0, -0.07588875, 4.17663, 1, 1, 1, False
319.0306, 2021-06-16T10:45:14.7191620+08:00, 0, -0.07588875, 4.17663, 1, 1, 1, False
319.0346, 2021-06-16T10:45:14.7231130+08:00, 0, -0.07588875, 4.17663, 1, 1, 1, False
319.0388, 2021-06-16T10:45:14.7272690+08:00, 0, -0.07588875, 4.17663, 1, 1, 1, False
319.0427, 2021-06-16T10:45:14.7311850+08:00, 0, -0.07588875, 4.17663, 1, 1, 1, False
319.0468, 2021-06-16T10:45:14.7352470+08:00, 0, -0.07588875, 4.17663, 1, 1, 1, False
319.0507, 2021-06-16T10:45:14.7391850+08:00, 0, -0.07588875, 4.17663, 1, 1, 1, False
319.0548, 2021-06-16T10:45:14.7432930+08:00, 0, -0.07588875, 4.17663, 1, 1, 1, False
319.0584, 2021-06-16T10:45:14.7468750+08:00, 0, -0.07588875, 4.17663, 1, 1, 1, False
319.0628, 2021-06-16T10:45:14.7513190+08:00, 0, -0.07588875, 4.17663, 1, 1, 1, False
319.0669, 2021-06-16T10:45:14.7553670+08:00, 0, -0.07588875, 4.17663, 1, 1, 1, False
319.0708, 2021-06-16T10:45:14.7593130+08:00, 0, -0.07588875, 4.17663, 1, 1, 1, False
319.0744, 2021-06-16T10:45:14.7629010+08:00, 0, -0.07588875, 4.17663, 1, 1, 1, False
319.0789, 2021-06-16T10:45:14.7673770+08:00, 0, -0.07588875, 4.17663, 1, 1, 1, False
319.0829, 2021-06-16T10:45:14.7713670+08:00, 0, -0.07588875, 4.17663, 1, 1, 1, False
319.0868, 2021-06-16T10:45:14.7753100+08:00, 0, -0.07588875, 4.17663, 1, 1, 1, False
319.0904, 2021-06-16T10:45:14.7789270+08:00, 0, -0.07588875, 4.17663, 1, 1, 1, False
319.0948, 2021-06-16T10:45:14.7832860+08:00, 0, -0.07588875, 4.17663, 1, 1, 1, False
319.0987, 2021-06-16T10:45:14.7871360+08:00, 0, -0.07588875, 4.17663, 1, 1, 1, False
319.1028, 2021-06-16T10:45:14.7912670+08:00, 0, -0.07588875, 4.17663, 1, 1, 1, False
319.1064, 2021-06-16T10:45:14.7948640+08:00, 0, -0.07588875, 4.17663, 1, 1, 1, False
319.1106, 2021-06-16T10:45:14.7991050+08:00, 0, -0.07588875, 4.17663, 1, 1, 1, False
319.1148, 2021-06-16T10:45:14.8032350+08:00, 0, -0.07588875, 4.17663, 1, 1, 1, False
319.1187, 2021-06-16T10:45:14.8071950+08:00, 0, -0.07588875, 4.17663, 1, 1, 1, False
319.1229, 2021-06-16T10:45:14.8114190+08:00, 0, -0.07588875, 4.17663, 1, 1, 1, False
319.1267, 2021-06-16T10:45:14.8152000+08:00, 0, -0.07588875, 4.17663, 1, 1, 1, False
319.1309, 2021-06-16T10:45:14.8194070+08:00, 0, -0.07588875, 4.17663, 1, 1, 1, False
319.1707, 2021-06-16T10:45:14.8591780+08:00, 0, -0.07588875, 4.17663, 1, 1, 1, False
319.1744, 2021-06-16T10:45:14.8628590+08:00, 0, -0.07588875, 4.17663, 1, 1, 1, False
319.179, 2021-06-16T10:45:14.8674360+08:00, 0, -0.07588875, 4.17663, 1, 1, 1, False
319.1828, 2021-06-16T10:45:14.8713560+08:00, 0, -0.07588875, 4.17663, 1, 1, 1, False
319.1868, 2021-06-16T10:45:14.8752340+08:00, 0, -0.07588875, 4.17663, 1, 1, 1, False
319.1909, 2021-06-16T10:45:14.8793340+08:00, 0, -0.07588875, 4.17663, 1, 1, 1, False
319.1947, 2021-06-16T10:45:14.8831120+08:00, 0, -0.07588875, 4.17663, 1, 1, 1, False
319.1985, 2021-06-16T10:45:14.8870110+08:00, 0, -0.07588875, 4.17663, 1, 1, 1, False
319.203, 2021-06-16T10:45:14.8915430+08:00, 0, -0.07588875, 4.17663, 1, 1, 1, False
319.2067, 2021-06-16T10:45:14.8951660+08:00, 0, -0.07588875, 4.17663, 1, 1, 1, False
319.2105, 2021-06-16T10:45:14.8989870+08:00, 0, -0.07588875, 4.17663, 1, 1, 1, False
319.215, 2021-06-16T10:45:14.9034500+08:00, 0, -0.07588875, 4.17663, 1, 1, 1, False
319.2189, 2021-06-16T10:45:14.9073790+08:00, 0, -0.07588875, 4.17663, 1, 1, 1, False
319.2227, 2021-06-16T10:45:14.9111920+08:00, 0, -0.07588875, 4.17663, 1, 1, 1, False
319.2265, 2021-06-16T10:45:14.9150000+08:00, 0, -0.07588875, 4.17663, 1, 1, 1, False
319.2307, 2021-06-16T10:45:14.9191860+08:00, 0, -0.07588875, 4.17663, 1, 1, 1, False
319.2347, 2021-06-16T10:45:14.9231620+08:00, 0, -0.07588875, 4.17663, 1, 1, 1, False
319.2387, 2021-06-16T10:45:14.9272130+08:00, 0, -0.07588875, 4.17663, 1, 1, 1, False
319.2426, 2021-06-16T10:45:14.9311290+08:00, 0, -0.07588875, 4.17663, 1, 1, 1, False
319.2469, 2021-06-16T10:45:14.9353860+08:00, 0, -0.07588875, 4.17663, 1, 1, 1, False
319.2504, 2021-06-16T10:45:14.9388520+08:00, 0, -0.07588875, 4.17663, 1, 1, 1, False
319.2549, 2021-06-16T10:45:14.9434870+08:00, 0, -0.07588875, 4.17663, 1, 1, 1, False
319.2588, 2021-06-16T10:45:14.9473030+08:00, 0, -0.07588875, 4.17663, 1, 1, 1, False
319.2627, 2021-06-16T10:45:14.9511530+08:00, 0, -0.07588875, 4.17663, 1, 1, 1, False
319.2665, 2021-06-16T10:45:14.9549980+08:00, 0, -0.07588875, 4.17663, 1, 1, 1, False
319.2708, 2021-06-16T10:45:14.9592640+08:00, 0, -0.07588875, 4.17663, 1, 1, 1, False
319.2747, 2021-06-16T10:45:14.9631180+08:00, 0, -0.07588875, 4.17663, 1, 1, 1, False
319.2789, 2021-06-16T10:45:14.9674090+08:00, 0, -0.07588875, 4.17663, 1, 1, 1, False
319.2826, 2021-06-16T10:45:14.9710390+08:00, 0, -0.07588875, 4.17663, 1, 1, 1, False
319.2868, 2021-06-16T10:45:14.9752760+08:00, 0, -0.07588875, 4.17663, 1, 1, 1, False
319.2909, 2021-06-16T10:45:14.9794010+08:00, 0, -0.07588875, 4.17663, 1, 1, 1, False
319.3267, 2021-06-16T10:45:15.0152360+08:00, 0, -0.07588875, 4.17663, 1, 1, 1, False
319.3307, 2021-06-16T10:45:15.0192180+08:00, 0, -0.07588875, 4.17663, 1, 1, 1, False
319.3344, 2021-06-16T10:45:15.0228980+08:00, 0, -0.07588875, 4.17663, 1, 1, 1, False
319.339, 2021-06-16T10:45:15.0275010+08:00, 0, -0.07588875, 4.17663, 1, 1, 1, False
319.3428, 2021-06-16T10:45:15.0313280+08:00, 0, -0.07588875, 4.17663, 1, 1, 1, False
319.3466, 2021-06-16T10:45:15.0350540+08:00, 0, -0.07588875, 4.17663, 1, 1, 1, False
319.3506, 2021-06-16T10:45:15.0391460+08:00, 0, -0.07588875, 4.17663, 1, 1, 1, False
319.3547, 2021-06-16T10:45:15.0432110+08:00, 0, -0.07588875, 4.17663, 1, 1, 1, False
319.3589, 2021-06-16T10:45:15.0473880+08:00, 0, -0.07588875, 4.17663, 1, 1, 1, False
319.3628, 2021-06-16T10:45:15.0512610+08:00, 0, -0.07588875, 4.17663, 1, 1, 1, False
319.3667, 2021-06-16T10:45:15.0551620+08:00, 0, -0.07588875, 4.17663, 1, 1, 1, False
319.3708, 2021-06-16T10:45:15.0592690+08:00, 0, -0.07588875, 4.17663, 1, 1, 1, False
319.3746, 2021-06-16T10:45:15.0631700+08:00, 0, -0.07588875, 4.17663, 1, 1, 1, False
319.3786, 2021-06-16T10:45:15.0671160+08:00, 0, -0.07588875, 4.17663, 1, 1, 1, False
319.3828, 2021-06-16T10:45:15.0713360+08:00, 0, -0.07588875, 4.17663, 1, 1, 1, False
319.3867, 2021-06-16T10:45:15.0751930+08:00, 0, -0.07588875, 4.17663, 1, 1, 1, False
319.3905, 2021-06-16T10:45:15.0790560+08:00, 0, -0.07588875, 4.17663, 1, 1, 1, False
319.3949, 2021-06-16T10:45:15.0833490+08:00, 0, -0.07588875, 4.17663, 1, 1, 1, False
319.3988, 2021-06-16T10:45:15.0873140+08:00, 0, -0.07588875, 4.17663, 1, 1, 1, False
319.403, 2021-06-16T10:45:15.0914690+08:00, 0, -0.07588875, 4.17663, 1, 1, 1, False
319.4069, 2021-06-16T10:45:15.0954600+08:00, 0, -0.07588875, 4.17663, 1, 1, 1, False
319.4109, 2021-06-16T10:45:15.0993350+08:00, 0, -0.07588875, 4.17663, 1, 1, 1, False
319.4149, 2021-06-16T10:45:15.1033370+08:00, 0, -0.07588875, 4.17663, 1, 1, 1, False
319.4184, 2021-06-16T10:45:15.1068670+08:00, 0, -0.07588875, 4.17663, 1, 1, 1, False
319.4228, 2021-06-16T10:45:15.1112660+08:00, 0, -0.07588875, 4.17663, 1, 1, 1, False
319.4267, 2021-06-16T10:45:15.1151990+08:00, 0, -0.07588875, 4.17663, 1, 1, 1, False
319.4306, 2021-06-16T10:45:15.1190920+08:00, 0, -0.07588875, 4.17663, 1, 1, 1, False
319.4346, 2021-06-16T10:45:15.1230900+08:00, 0, -0.07588875, 4.17663, 1, 1, 1, False
319.439, 2021-06-16T10:45:15.1274720+08:00, 0, -0.07588875, 4.17663, 1, 1, 1, False
319.4427, 2021-06-16T10:45:15.1311980+08:00, 0, -0.07588875, 4.17663, 1, 1, 1, False
319.447, 2021-06-16T10:45:15.1354870+08:00, 0, -0.07588875, 4.17663, 1, 1, 1, False
319.4828, 2021-06-16T10:45:15.1712850+08:00, 0, -0.07588875, 4.17663, 1, 1, 1, False
319.4868, 2021-06-16T10:45:15.1753210+08:00, 0, -0.07588875, 4.17663, 1, 1, 1, False
319.4906, 2021-06-16T10:45:15.1791100+08:00, 0, -0.07588875, 4.17663, 1, 1, 1, False
319.4952, 2021-06-16T10:45:15.1836800+08:00, 0, -0.07588875, 4.17663, 1, 1, 1, False
319.4984, 2021-06-16T10:45:15.1868360+08:00, 0, -0.07588875, 4.17663, 1, 1, 1, False
319.5027, 2021-06-16T10:45:15.1912020+08:00, 0, -0.07588875, 4.17663, 1, 1, 1, False
319.5069, 2021-06-16T10:45:15.1953500+08:00, 0, -0.07588875, 4.17663, 1, 1, 1, False
319.5107, 2021-06-16T10:45:15.1991870+08:00, 0, -0.07588875, 4.17663, 1, 1, 1, False
319.5144, 2021-06-16T10:45:15.2029460+08:00, 0, -0.07588875, 4.17663, 1, 1, 1, False
319.519, 2021-06-16T10:45:15.2075000+08:00, 0, -0.07588875, 4.17663, 1, 1, 1, False
319.5226, 2021-06-16T10:45:15.2111260+08:00, 0, -0.07588875, 4.17663, 1, 1, 1, False
319.5268, 2021-06-16T10:45:15.2152670+08:00, 0, -0.07588875, 4.17663, 1, 1, 1, False
319.5305, 2021-06-16T10:45:15.2189670+08:00, 0, -0.07588875, 4.17663, 1, 1, 1, False
319.5347, 2021-06-16T10:45:15.2231940+08:00, 0, -0.07588875, 4.17663, 1, 1, 1, False
319.5389, 2021-06-16T10:45:15.2274080+08:00, 0, -0.07588875, 4.17663, 1, 1, 1, False
319.5427, 2021-06-16T10:45:15.2311610+08:00, 0, -0.07588875, 4.17663, 1, 1, 1, False
319.5463, 2021-06-16T10:45:15.2347690+08:00, 0, -0.07588875, 4.17663, 1, 1, 1, False
319.5509, 2021-06-16T10:45:15.2394110+08:00, 0, -0.07588875, 4.17663, 1, 1, 1, False
319.5549, 2021-06-16T10:45:15.2435370+08:00, 0, -0.07588875, 4.17663, 1, 1, 1, False
319.5583, 2021-06-16T10:45:15.2467710+08:00, 0, -0.07588875, 4.17663, 1, 1, 1, False
319.5628, 2021-06-16T10:45:15.2512430+08:00, 0, -0.07588875, 4.17663, 1, 1, 1, False
319.5669, 2021-06-16T10:45:15.2554060+08:00, 0, -0.07588875, 4.17663, 1, 1, 1, False
319.5703, 2021-06-16T10:45:15.2588710+08:00, 0, -0.07588875, 4.17663, 1, 1, 1, False
319.5747, 2021-06-16T10:45:15.2631360+08:00, 0, -0.07588875, 4.17663, 1, 1, 1, False
319.5787, 2021-06-16T10:45:15.2671690+08:00, 0, -0.07588875, 4.17663, 1, 1, 1, False
319.5826, 2021-06-16T10:45:15.2710340+08:00, 0, -0.07588875, 4.17663, 1, 1, 1, False
319.5868, 2021-06-16T10:45:15.2752170+08:00, 0, -0.07588875, 4.17663, 1, 1, 1, False
319.5907, 2021-06-16T10:45:15.2791560+08:00, 0, -0.07588875, 4.17663, 1, 1, 1, False
319.5946, 2021-06-16T10:45:15.2830610+08:00, 0, -0.07588875, 4.17663, 1, 1, 1, False
319.5989, 2021-06-16T10:45:15.2873360+08:00, 0, -0.07588875, 4.17663, 1, 1, 1, False
319.6029, 2021-06-16T10:45:15.2913510+08:00, 0, -0.07588875, 4.17663, 1, 1, 1, False
319.7029, 2021-06-16T10:45:16.3937330+08:00, 0, -0.07588875, 4.17663, 1, 1, 1, False
319.7632, 2021-06-16T10:45:16.4538330+08:00, 0, -0.07588875, 4.17663, 1, 1, 1, False
319.8095, 2021-06-16T10:45:16.5001810+08:00, 0, -0.07588875, 4.17663, 1, 1, 1, False
319.8188, 2021-06-16T10:45:16.5095900+08:00, 0, -0.07588875, 4.17663, 1, 1, 1, False
319.8214, 2021-06-16T10:45:16.5120340+08:00, 0, -0.07588875, 4.17663, 1, 1, 1, False
319.8245, 2021-06-16T10:45:16.5151020+08:00, 0, -0.07588875, 4.17663, 1, 1, 1, False
319.8283, 2021-06-16T10:45:16.5189220+08:00, 0, -0.07588875, 4.17663, 1, 1, 1, False
319.8326, 2021-06-16T10:45:16.5232810+08:00, 0, -0.07588875, 4.17663, 1, 1, 1, False
319.8371, 2021-06-16T10:45:16.5277850+08:00, 0, -0.07588875, 4.17663, 1, 1, 1, False
319.8413, 2021-06-16T10:45:16.5322630+08:00, 0, -0.07588875, 4.17663, 1, 1, 1, False
319.8447, 2021-06-16T10:45:16.5352750+08:00, 0, -0.07588875, 4.17663, 1, 1, 1, False
319.8487, 2021-06-16T10:45:16.5392630+08:00, 0, -0.07588875, 4.17663, 1, 1, 1, False
319.853, 2021-06-16T10:45:16.5436750+08:00, 0, -0.07588875, 4.17663, 1, 1, 1, False
319.8567, 2021-06-16T10:45:16.5473250+08:00, 0, -0.07588875, 4.17663, 1, 1, 1, False
319.8604, 2021-06-16T10:45:16.5509870+08:00, 0, -0.07588875, 4.17663, 1, 1, 1, False
319.8649, 2021-06-16T10:45:16.5555070+08:00, 0, -0.07588875, 4.17663, 1, 1, 1, False
319.8686, 2021-06-16T10:45:16.5591500+08:00, 0, -0.07588875, 4.17663, 1, 1, 1, False
319.8725, 2021-06-16T10:45:16.5631160+08:00, 0, -0.07588875, 4.17663, 1, 1, 1, False
319.877, 2021-06-16T10:45:16.5675770+08:00, 0, -0.07588875, 4.17663, 1, 1, 1, False
319.8805, 2021-06-16T10:45:16.5710650+08:00, 0, -0.07588875, 4.17663, 1, 1, 1, False
319.8845, 2021-06-16T10:45:16.5751260+08:00, 0, -0.07588875, 4.17663, 1, 1, 1, False
319.8894, 2021-06-16T10:45:16.5800980+08:00, 0, -0.07588875, 4.17663, 1, 1, 1, False
319.8972, 2021-06-16T10:45:16.5880840+08:00, 0, -0.07588875, 4.17663, 1, 1, 1, False
319.9054, 2021-06-16T10:45:16.5960490+08:00, 0, -0.07588875, 4.17663, 1, 1, 1, False
319.9087, 2021-06-16T10:45:16.5993280+08:00, 0, -0.07588875, 4.17663, 1, 1, 1, False
319.9129, 2021-06-16T10:45:16.6035560+08:00, 0, -0.07588875, 4.17663, 1, 1, 1, False
319.9173, 2021-06-16T10:45:16.6079670+08:00, 0, -0.07588875, 4.17663, 1, 1, 1, False
319.921, 2021-06-16T10:45:16.6118280+08:00, 0, -0.07588875, 4.17663, 1, 1, 1, False
319.9249, 2021-06-16T10:45:16.6155460+08:00, 0, -0.07588875, 4.17663, 1, 1, 1, False
319.9289, 2021-06-16T10:45:16.6195260+08:00, 0, -0.07588875, 4.17663, 1, 1, 1, False
319.9337, 2021-06-16T10:45:16.6242760+08:00, 0, -0.07588875, 4.17663, 1, 1, 1, False
319.9767, 2021-06-16T10:45:16.6673490+08:00, 0, -0.07588875, 4.17663, 1, 1, 1, False
319.9806, 2021-06-16T10:45:16.6711630+08:00, 0, -0.07588875, 4.17663, 1, 1, 1, False
319.9847, 2021-06-16T10:45:16.6752530+08:00, 0, -0.07588875, 4.17663, 1, 1, 1, False
319.9887, 2021-06-16T10:45:16.6793200+08:00, 0, -0.07588875, 4.17663, 1, 1, 1, False
319.9926, 2021-06-16T10:45:16.6831530+08:00, 0, -0.07588875, 4.17663, 1, 1, 1, False
319.9965, 2021-06-16T10:45:16.6870830+08:00, 0, -0.07588875, 4.17663, 1, 1, 1, False
320.0006, 2021-06-16T10:45:16.6912060+08:00, 0, -0.07588875, 4.17663, 1, 1, 1, False
320.0047, 2021-06-16T10:45:16.6952760+08:00, 0, -0.07588875, 4.17663, 1, 1, 1, False
320.0085, 2021-06-16T10:45:16.6990980+08:00, 0, -0.07588875, 4.17663, 1, 1, 1, False
320.0126, 2021-06-16T10:45:16.7031750+08:00, 0, -0.07588875, 4.17663, 1, 1, 1, False
320.0166, 2021-06-16T10:45:16.7071720+08:00, 0, -0.07588875, 4.17663, 1, 1, 1, False
320.0206, 2021-06-16T10:45:16.7111370+08:00, 0, -0.07588875, 4.17663, 1, 1, 1, False
320.0245, 2021-06-16T10:45:16.7150980+08:00, 0, -0.07588875, 4.17663, 1, 1, 1, False
320.0286, 2021-06-16T10:45:16.7191830+08:00, 0, -0.07588875, 4.17663, 1, 1, 1, False
320.0325, 2021-06-16T10:45:16.7230640+08:00, 0, -0.07588875, 4.17663, 1, 1, 1, False
320.0366, 2021-06-16T10:45:16.7271910+08:00, 0, -0.07588875, 4.17663, 1, 1, 1, False
320.0405, 2021-06-16T10:45:16.7310690+08:00, 0, -0.07588875, 4.17663, 1, 1, 1, False
320.0446, 2021-06-16T10:45:16.7352490+08:00, 0, -0.07588875, 4.17663, 1, 1, 1, False
320.0483, 2021-06-16T10:45:16.7388710+08:00, 0, -0.07588875, 4.17663, 1, 1, 1, False
320.0528, 2021-06-16T10:45:16.7433880+08:00, 0, -0.07588875, 4.17663, 1, 1, 1, False
320.0566, 2021-06-16T10:45:16.7471470+08:00, 0, -0.07588875, 4.17663, 1, 1, 1, False
320.0605, 2021-06-16T10:45:16.7511440+08:00, 0, -0.07588875, 4.17663, 1, 1, 1, False
320.0646, 2021-06-16T10:45:16.7552090+08:00, 0, -0.07588875, 4.17663, 1, 1, 1, False
320.0685, 2021-06-16T10:45:16.7591220+08:00, 0, -0.07588875, 4.17663, 1, 1, 1, False
320.0725, 2021-06-16T10:45:16.7630950+08:00, 0, -0.07588875, 4.17663, 1, 1, 1, False
320.0767, 2021-06-16T10:45:16.7672560+08:00, 0, -0.07588875, 4.17663, 1, 1, 1, False
320.0807, 2021-06-16T10:45:16.7713490+08:00, 0, -0.07588875, 4.17663, 1, 1, 1, False
320.0846, 2021-06-16T10:45:16.7751240+08:00, 0, -0.07588875, 4.17663, 1, 1, 1, False
320.0882, 2021-06-16T10:45:16.7787600+08:00, 0, -0.07588875, 4.17663, 1, 1, 1, False
320.0927, 2021-06-16T10:45:16.7833100+08:00, 0, -0.07588875, 4.17663, 1, 1, 1, False
320.0967, 2021-06-16T10:45:16.7872410+08:00, 0, -0.07588875, 4.17663, 1, 1, 1, False
320.1247, 2021-06-16T10:45:16.8153220+08:00, 0, -0.07588875, 4.17663, 1, 1, 1, False
320.1286, 2021-06-16T10:45:16.8192120+08:00, 0, -0.07588875, 4.17663, 1, 1, 1, False
320.1327, 2021-06-16T10:45:16.8232770+08:00, 0, -0.07588875, 4.17663, 1, 1, 1, False
320.137, 2021-06-16T10:45:16.8275360+08:00, 0, -0.07588875, 4.17663, 1, 1, 1, False
320.1406, 2021-06-16T10:45:16.8311530+08:00, 0, -0.07588875, 4.17663, 1, 1, 1, False
320.1446, 2021-06-16T10:45:16.8351430+08:00, 0, -0.07588875, 4.17663, 1, 1, 1, False
320.1485, 2021-06-16T10:45:16.8390910+08:00, 0, -0.07588875, 4.17663, 1, 1, 1, False
320.1525, 2021-06-16T10:45:16.8430470+08:00, 0, -0.07588875, 4.17663, 1, 1, 1, False
320.1569, 2021-06-16T10:45:16.8474350+08:00, 0, -0.07588875, 4.17663, 1, 1, 1, False
320.1606, 2021-06-16T10:45:16.8511420+08:00, 0, -0.07588875, 4.17663, 1, 1, 1, False
320.1646, 2021-06-16T10:45:16.8551310+08:00, 0, -0.07588875, 4.17663, 1, 1, 1, False
320.1689, 2021-06-16T10:45:16.8594200+08:00, 0, -0.07588875, 4.17663, 1, 1, 1, False
320.1727, 2021-06-16T10:45:16.8632520+08:00, 0, -0.07588875, 4.17663, 1, 1, 1, False
320.1763, 2021-06-16T10:45:16.8669100+08:00, 0, -0.07588875, 4.17663, 1, 1, 1, False
320.1808, 2021-06-16T10:45:16.8714420+08:00, 0, -0.07588875, 4.17663, 1, 1, 1, False
320.1847, 2021-06-16T10:45:16.8753780+08:00, 0, -0.07588875, 4.17663, 1, 1, 1, False
320.1884, 2021-06-16T10:45:16.8789770+08:00, 0, -0.07588875, 4.17663, 1, 1, 1, False
320.1926, 2021-06-16T10:45:16.8831970+08:00, 0, -0.07588875, 4.17663, 1, 1, 1, False
320.1966, 2021-06-16T10:45:16.8871580+08:00, 0, -0.07588875, 4.17663, 1, 1, 1, False
320.2005, 2021-06-16T10:45:16.8912180+08:00, 0, -0.07588875, 4.17663, 1, 1, 1, False
320.2046, 2021-06-16T10:45:16.8951740+08:00, 0, -0.07588875, 4.17663, 1, 1, 1, False
320.2085, 2021-06-16T10:45:16.8990890+08:00, 0, -0.07588875, 4.17663, 1, 1, 1, False
320.2127, 2021-06-16T10:45:16.9033110+08:00, 0, -0.07588875, 4.17663, 1, 1, 1, False
320.2166, 2021-06-16T10:45:16.9071930+08:00, 0, -0.07588875, 4.17663, 1, 1, 1, False
320.2212, 2021-06-16T10:45:16.9117530+08:00, 0, -0.07588875, 4.17663, 1, 1, 1, False
320.2244, 2021-06-16T10:45:16.9149600+08:00, 0, -0.07588875, 4.17663, 1, 1, 1, False
320.2286, 2021-06-16T10:45:16.9192010+08:00, 0, -0.07588875, 4.17663, 1, 1, 1, False
320.2325, 2021-06-16T10:45:16.9230750+08:00, 0, -0.07588875, 4.17663, 1, 1, 1, False
320.2367, 2021-06-16T10:45:16.9273340+08:00, 0, -0.07588875, 4.17663, 1, 1, 1, False
320.2402, 2021-06-16T10:45:16.9308720+08:00, 0, -0.07588875, 4.17663, 1, 1, 1, False
320.2444, 2021-06-16T10:45:16.9350180+08:00, 0, -0.07588875, 4.17663, 1, 1, 1, False
320.3445, 2021-06-16T10:45:18.7873400+08:00, 0, -0.07588875, 4.17663, 1, 1, 1, False
320.4023, 2021-06-16T10:45:18.8451010+08:00, 0, -0.07588875, 4.17663, 1, 1, 1, False
320.4236, 2021-06-16T10:45:18.8663270+08:00, 0, -0.07588875, 4.17663, 1, 1, 1, False
320.4294, 2021-06-16T10:45:18.8721270+08:00, 0, -0.07588875, 4.17663, 1, 1, 1, False
320.4324, 2021-06-16T10:45:18.8750860+08:00, 0, -0.07588875, 4.17663, 1, 1, 1, False
320.4366, 2021-06-16T10:45:18.8792690+08:00, 0, -0.07588875, 4.17663, 1, 1, 1, False
320.4407, 2021-06-16T10:45:18.8833800+08:00, 0, -0.07588875, 4.17663, 1, 1, 1, False
320.4612, 2021-06-16T10:45:18.9040810+08:00, 0, -0.07588875, 4.17663, 1, 1, 1, False
320.4651, 2021-06-16T10:45:18.9077800+08:00, 0, -0.07588875, 4.17663, 1, 1, 1, False
320.4685, 2021-06-16T10:45:18.9111760+08:00, 0, -0.07588875, 4.17663, 1, 1, 1, False
320.489, 2021-06-16T10:45:18.9316640+08:00, 0, -0.07588875, 4.17663, 1, 1, 1, False
320.4927, 2021-06-16T10:45:18.9353680+08:00, 0, -0.07588875, 4.17663, 1, 1, 1, False
320.4965, 2021-06-16T10:45:18.9391940+08:00, 0, -0.07588875, 4.17663, 1, 1, 1, False
320.5005, 2021-06-16T10:45:18.9431980+08:00, 0, -0.07588875, 4.17663, 1, 1, 1, False
320.5046, 2021-06-16T10:45:18.9473520+08:00, 0, -0.07588875, 4.17663, 1, 1, 1, False
320.5086, 2021-06-16T10:45:18.9513000+08:00, 0, -0.07588875, 4.17663, 1, 1, 1, False
320.5125, 2021-06-16T10:45:18.9552000+08:00, 0, -0.07588875, 4.17663, 1, 1, 1, False
320.5166, 2021-06-16T10:45:18.9593940+08:00, 0, -0.07588875, 4.17663, 1, 1, 1, False
320.5206, 2021-06-16T10:45:18.9633040+08:00, 0, -0.07588875, 4.17663, 1, 1, 1, False
320.5242, 2021-06-16T10:45:18.9668270+08:00, 0, -0.07588875, 4.17663, 1, 1, 1, False
320.5283, 2021-06-16T10:45:18.9709880+08:00, 0, -0.07588875, 4.17663, 1, 1, 1, False
320.5326, 2021-06-16T10:45:18.9752690+08:00, 0, -0.07588875, 4.17663, 1, 1, 1, False
320.5362, 2021-06-16T10:45:18.9788990+08:00, 0, -0.07588875, 4.17663, 1, 1, 1, False
320.5406, 2021-06-16T10:45:18.9832680+08:00, 0, -0.07588875, 4.17663, 1, 1, 1, False
320.5446, 2021-06-16T10:45:18.9872820+08:00, 0, -0.07588875, 4.17663, 1, 1, 1, False
320.5486, 2021-06-16T10:45:18.9912830+08:00, 0, -0.07588875, 4.17663, 1, 1, 1, False
320.5526, 2021-06-16T10:45:18.9952700+08:00, 0, -0.07588875, 4.17663, 1, 1, 1, False
320.5563, 2021-06-16T10:45:18.9989160+08:00, 0, -0.07588875, 4.17663, 1, 1, 1, False
320.5605, 2021-06-16T10:45:19.0031450+08:00, 0, -0.07588875, 4.17663, 1, 1, 1, False
320.5646, 2021-06-16T10:45:19.0072520+08:00, 0, -0.07588875, 4.17663, 1, 1, 1, False
320.5688, 2021-06-16T10:45:19.0114200+08:00, 0, -0.07588875, 4.17663, 1, 1, 1, False
320.6046, 2021-06-16T10:45:19.0473160+08:00, 0, -0.07588875, 4.17663, 1, 1, 1, False
320.6086, 2021-06-16T10:45:19.0512250+08:00, 0, -0.07588875, 4.17663, 1, 1, 1, False
320.6125, 2021-06-16T10:45:19.0552210+08:00, 0, -0.07588875, 4.17663, 1, 1, 1, False
320.6165, 2021-06-16T10:45:19.0591900+08:00, 0, -0.07588875, 4.17663, 1, 1, 1, False
320.6207, 2021-06-16T10:45:19.0633930+08:00, 0, -0.07588875, 4.17663, 1, 1, 1, False
320.6244, 2021-06-16T10:45:19.0670430+08:00, 0, -0.07588875, 4.17663, 1, 1, 1, False
320.6285, 2021-06-16T10:45:19.0712050+08:00, 0, -0.07588875, 4.17663, 1, 1, 1, False
320.6326, 2021-06-16T10:45:19.0752170+08:00, 0, -0.07588875, 4.17663, 1, 1, 1, False
320.6361, 2021-06-16T10:45:19.0787940+08:00, 0, -0.07588875, 4.17663, 1, 1, 1, False
320.6407, 2021-06-16T10:45:19.0833990+08:00, 0, -0.07588875, 4.17663, 1, 1, 1, False
320.6446, 2021-06-16T10:45:19.0872800+08:00, 0, -0.07588875, 4.17663, 1, 1, 1, False
320.6484, 2021-06-16T10:45:19.0910900+08:00, 0, -0.07588875, 4.17663, 1, 1, 1, False
320.6526, 2021-06-16T10:45:19.0952600+08:00, 0, -0.07588875, 4.17663, 1, 1, 1, False
320.6566, 2021-06-16T10:45:19.0993280+08:00, 0, -0.07588875, 4.17663, 1, 1, 1, False
320.6605, 2021-06-16T10:45:19.1031760+08:00, 0, -0.07588875, 4.17663, 1, 1, 1, False
320.6644, 2021-06-16T10:45:19.1070560+08:00, 0, -0.07588875, 4.17663, 1, 1, 1, False
320.6685, 2021-06-16T10:45:19.1111850+08:00, 0, -0.07588875, 4.17663, 1, 1, 1, False
320.6725, 2021-06-16T10:45:19.1151740+08:00, 0, -0.07588875, 4.17663, 1, 1, 1, False
320.6765, 2021-06-16T10:45:19.1191420+08:00, 0, -0.07588875, 4.17663, 1, 1, 1, False
320.6803, 2021-06-16T10:45:19.1229780+08:00, 0, -0.07588875, 4.17663, 1, 1, 1, False
320.6842, 2021-06-16T10:45:19.1269310+08:00, 0, -0.07588875, 4.17663, 1, 1, 1, False
320.6887, 2021-06-16T10:45:19.1313030+08:00, 0, -0.07588875, 4.17663, 1, 1, 1, False
320.6925, 2021-06-16T10:45:19.1351790+08:00, 0, -0.07588875, 4.17663, 1, 1, 1, False
320.6964, 2021-06-16T10:45:19.1391020+08:00, 0, -0.07588875, 4.17663, 1, 1, 1, False
320.7007, 2021-06-16T10:45:19.1433840+08:00, 0, -0.07588875, 4.17663, 1, 1, 1, False
320.7045, 2021-06-16T10:45:19.1471660+08:00, 0, -0.07588875, 4.17663, 1, 1, 1, False
320.7083, 2021-06-16T10:45:19.1510000+08:00, 0, -0.07588875, 4.17663, 1, 1, 1, False
320.7127, 2021-06-16T10:45:19.1553500+08:00, 0, -0.07588875, 4.17663, 1, 1, 1, False
320.7164, 2021-06-16T10:45:19.1590800+08:00, 0, -0.07588875, 4.17663, 1, 1, 1, False
320.7208, 2021-06-16T10:45:19.1634870+08:00, 0, -0.07588875, 4.17663, 1, 1, 1, False
320.7248, 2021-06-16T10:45:19.1674700+08:00, 0, -0.07588875, 4.17663, 1, 1, 1, False
320.7646, 2021-06-16T10:45:19.2073030+08:00, 0, -0.07588875, 4.17663, 1, 1, 1, False
320.7686, 2021-06-16T10:45:19.2112470+08:00, 0, -0.07588875, 4.17663, 1, 1, 1, False
320.7725, 2021-06-16T10:45:19.2151800+08:00, 0, -0.07588875, 4.17663, 1, 1, 1, False
320.7763, 2021-06-16T10:45:19.2189510+08:00, 0, -0.07588875, 4.17663, 1, 1, 1, False
320.7805, 2021-06-16T10:45:19.2231630+08:00, 0, -0.07588875, 4.17663, 1, 1, 1, False
320.7842, 2021-06-16T10:45:19.2268400+08:00, 0, -0.07588875, 4.17663, 1, 1, 1, False
320.7884, 2021-06-16T10:45:19.2310340+08:00, 0, -0.07588875, 4.17663, 1, 1, 1, False
320.7925, 2021-06-16T10:45:19.2351830+08:00, 0, -0.07588875, 4.17663, 1, 1, 1, False
320.7964, 2021-06-16T10:45:19.2390540+08:00, 0, -0.07588875, 4.17663, 1, 1, 1, False
320.8008, 2021-06-16T10:45:19.2435510+08:00, 0, -0.07588875, 4.17663, 1, 1, 1, False
320.8045, 2021-06-16T10:45:19.2471280+08:00, 0, -0.07588875, 4.17663, 1, 1, 1, False
320.8085, 2021-06-16T10:45:19.2511970+08:00, 0, -0.07588875, 4.17663, 1, 1, 1, False
320.8126, 2021-06-16T10:45:19.2552550+08:00, 0, -0.07588875, 4.17663, 1, 1, 1, False
320.8161, 2021-06-16T10:45:19.2587880+08:00, 0, -0.07588875, 4.17663, 1, 1, 1, False
320.8207, 2021-06-16T10:45:19.2633760+08:00, 0, -0.07588875, 4.17663, 1, 1, 1, False
320.8246, 2021-06-16T10:45:19.2672660+08:00, 0, -0.07588875, 4.17663, 1, 1, 1, False
320.8281, 2021-06-16T10:45:19.2707500+08:00, 0, -0.07588875, 4.17663, 1, 1, 1, False
320.8324, 2021-06-16T10:45:19.2751550+08:00, 0, -0.07588875, 4.17663, 1, 1, 1, False
320.8367, 2021-06-16T10:45:19.2793900+08:00, 0, -0.07588875, 4.17663, 1, 1, 1, False
320.8404, 2021-06-16T10:45:19.2830890+08:00, 0, -0.07588875, 4.17663, 1, 1, 1, False
320.8447, 2021-06-16T10:45:19.2873240+08:00, 0, -0.07588875, 4.17663, 1, 1, 1, False
320.8487, 2021-06-16T10:45:19.2913140+08:00, 0, -0.07588875, 4.17663, 1, 1, 1, False
320.8525, 2021-06-16T10:45:19.2951820+08:00, 0, -0.07588875, 4.17663, 1, 1, 1, False
320.8573, 2021-06-16T10:45:19.2999850+08:00, 0, -0.07588875, 4.17663, 1, 1, 1, False
320.8603, 2021-06-16T10:45:19.3030000+08:00, 0, -0.07588875, 4.17663, 1, 1, 1, False
320.8645, 2021-06-16T10:45:19.3072150+08:00, 0, -0.07588875, 4.17663, 1, 1, 1, False
320.8685, 2021-06-16T10:45:19.3111340+08:00, 0, -0.07588875, 4.17663, 1, 1, 1, False
320.8726, 2021-06-16T10:45:19.3152900+08:00, 0, -0.07588875, 4.17663, 1, 1, 1, False
320.8765, 2021-06-16T10:45:19.3191260+08:00, 0, -0.07588875, 4.17663, 1, 1, 1, False
320.8805, 2021-06-16T10:45:19.3231660+08:00, 0, -0.07588875, 4.17663, 1, 1, 1, False
320.8849, 2021-06-16T10:45:19.3275690+08:00, 0, -0.07588875, 4.17663, 1, 1, 1, False
320.9205, 2021-06-16T10:45:19.3631590+08:00, 0, -0.07588875, 4.17663, 1, 1, 1, False
320.9244, 2021-06-16T10:45:19.3670300+08:00, 0, -0.07588875, 4.17663, 1, 1, 1, False
320.9286, 2021-06-16T10:45:19.3712440+08:00, 0, -0.07588875, 4.17663, 1, 1, 1, False
320.9325, 2021-06-16T10:45:19.3751540+08:00, 0, -0.07588875, 4.17663, 1, 1, 1, False
320.9364, 2021-06-16T10:45:19.3790250+08:00, 0, -0.07588875, 4.17663, 1, 1, 1, False
320.9404, 2021-06-16T10:45:19.3831060+08:00, 0, -0.07588875, 4.17663, 1, 1, 1, False
320.9445, 2021-06-16T10:45:19.3871550+08:00, 0, -0.07588875, 4.17663, 1, 1, 1, False
320.9487, 2021-06-16T10:45:19.3914520+08:00, 0, -0.07588875, 4.17663, 1, 1, 1, False
320.9521, 2021-06-16T10:45:19.3947190+08:00, 0, -0.07588875, 4.17663, 1, 1, 1, False
320.9562, 2021-06-16T10:45:19.3988700+08:00, 0, -0.07588875, 4.17663, 1, 1, 1, False
320.9604, 2021-06-16T10:45:19.4031480+08:00, 0, -0.07588875, 4.17663, 1, 1, 1, False
320.9645, 2021-06-16T10:45:19.4071850+08:00, 0, -0.07588875, 4.17663, 1, 1, 1, False
320.9682, 2021-06-16T10:45:19.4108800+08:00, 0, -0.07588875, 4.17663, 1, 1, 1, False
320.9725, 2021-06-16T10:45:19.4152230+08:00, 0, -0.07588875, 4.17663, 1, 1, 1, False
320.9766, 2021-06-16T10:45:19.4192220+08:00, 0, -0.07588875, 4.17663, 1, 1, 1, False
320.9804, 2021-06-16T10:45:19.4230960+08:00, 0, -0.07588875, 4.17663, 1, 1, 1, False
320.9842, 2021-06-16T10:45:19.4268650+08:00, 0, -0.07588875, 4.17663, 1, 1, 1, False
320.9885, 2021-06-16T10:45:19.4312550+08:00, 0, -0.07588875, 4.17663, 1, 1, 1, False
320.9927, 2021-06-16T10:45:19.4353690+08:00, 0, -0.07588875, 4.17663, 1, 1, 1, False
320.9964, 2021-06-16T10:45:19.4390890+08:00, 0, -0.07588875, 4.17663, 1, 1, 1, False
321.0005, 2021-06-16T10:45:19.4433060+08:00, 0, -0.07588875, 4.17663, 1, 1, 1, False
321.0048, 2021-06-16T10:45:19.4474390+08:00, 0, -0.07588875, 4.17663, 1, 1, 1, False
321.0085, 2021-06-16T10:45:19.4511880+08:00, 0, -0.07588875, 4.17663, 1, 1, 1, False
321.0123, 2021-06-16T10:45:19.4550150+08:00, 0, -0.07588875, 4.17663, 1, 1, 1, False
321.0167, 2021-06-16T10:45:19.4593700+08:00, 0, -0.07588875, 4.17663, 1, 1, 1, False
321.0204, 2021-06-16T10:45:19.4631380+08:00, 0, -0.07588875, 4.17663, 1, 1, 1, False
321.0244, 2021-06-16T10:45:19.4670870+08:00, 0, -0.07588875, 4.17663, 1, 1, 1, False
321.0288, 2021-06-16T10:45:19.4714700+08:00, 0, -0.07588875, 4.17663, 1, 1, 1, False
321.0324, 2021-06-16T10:45:19.4750170+08:00, 0, -0.07588875, 4.17663, 1, 1, 1, False
321.0365, 2021-06-16T10:45:19.4791900+08:00, 0, -0.07588875, 4.17663, 1, 1, 1, False
321.0407, 2021-06-16T10:45:19.4833910+08:00, 0, -0.07588875, 4.17663, 1, 1, 1, False
321.0725, 2021-06-16T10:45:19.5152690+08:00, 0, -0.07588875, 4.17663, 1, 1, 1, False
321.0765, 2021-06-16T10:45:19.5191240+08:00, 0, -0.07588875, 4.17663, 1, 1, 1, False
321.0805, 2021-06-16T10:45:19.5231590+08:00, 0, -0.07588875, 4.17663, 1, 1, 1, False
321.0844, 2021-06-16T10:45:19.5270690+08:00, 0, -0.07588875, 4.17663, 1, 1, 1, False
321.0886, 2021-06-16T10:45:19.5312800+08:00, 0, -0.07588875, 4.17663, 1, 1, 1, False
321.0923, 2021-06-16T10:45:19.5349940+08:00, 0, -0.07588875, 4.17663, 1, 1, 1, False
321.0964, 2021-06-16T10:45:19.5390650+08:00, 0, -0.07588875, 4.17663, 1, 1, 1, False
321.1005, 2021-06-16T10:45:19.5431670+08:00, 0, -0.07588875, 4.17663, 1, 1, 1, False
321.1043, 2021-06-16T10:45:19.5469920+08:00, 0, -0.07588875, 4.17663, 1, 1, 1, False
321.1086, 2021-06-16T10:45:19.5512660+08:00, 0, -0.07588875, 4.17663, 1, 1, 1, False
321.1122, 2021-06-16T10:45:19.5548350+08:00, 0, -0.07588875, 4.17663, 1, 1, 1, False
321.1167, 2021-06-16T10:45:19.5593220+08:00, 0, -0.07588875, 4.17663, 1, 1, 1, False
321.1203, 2021-06-16T10:45:19.5629700+08:00, 0, -0.07588875, 4.17663, 1, 1, 1, False
321.1243, 2021-06-16T10:45:19.5669890+08:00, 0, -0.07588875, 4.17663, 1, 1, 1, False
321.1286, 2021-06-16T10:45:19.5712370+08:00, 0, -0.07588875, 4.17663, 1, 1, 1, False
321.1324, 2021-06-16T10:45:19.5750660+08:00, 0, -0.07588875, 4.17663, 1, 1, 1, False
321.1361, 2021-06-16T10:45:19.5788500+08:00, 0, -0.07588875, 4.17663, 1, 1, 1, False
321.1407, 2021-06-16T10:45:19.5833710+08:00, 0, -0.07588875, 4.17663, 1, 1, 1, False
321.1445, 2021-06-16T10:45:19.5871420+08:00, 0, -0.07588875, 4.17663, 1, 1, 1, False
321.1484, 2021-06-16T10:45:19.5910490+08:00, 0, -0.07588875, 4.17663, 1, 1, 1, False
321.1525, 2021-06-16T10:45:19.5952000+08:00, 0, -0.07588875, 4.17663, 1, 1, 1, False
321.1566, 2021-06-16T10:45:19.5992220+08:00, 0, -0.07588875, 4.17663, 1, 1, 1, False
321.1604, 2021-06-16T10:45:19.6030830+08:00, 0, -0.07588875, 4.17663, 1, 1, 1, False
321.1643, 2021-06-16T10:45:19.6069590+08:00, 0, -0.07588875, 4.17663, 1, 1, 1, False
321.1686, 2021-06-16T10:45:19.6112470+08:00, 0, -0.07588875, 4.17663, 1, 1, 1, False
321.1726, 2021-06-16T10:45:19.6152380+08:00, 0, -0.07588875, 4.17663, 1, 1, 1, False
321.1764, 2021-06-16T10:45:19.6190310+08:00, 0, -0.07588875, 4.17663, 1, 1, 1, False
321.1803, 2021-06-16T10:45:19.6229920+08:00, 0, -0.07588875, 4.17663, 1, 1, 1, False
321.1847, 2021-06-16T10:45:19.6273690+08:00, 0, -0.07588875, 4.17663, 1, 1, 1, False
321.1885, 2021-06-16T10:45:19.6312030+08:00, 0, -0.07588875, 4.17663, 1, 1, 1, False
321.1924, 2021-06-16T10:45:19.6350420+08:00, 0, -0.07588875, 4.17663, 1, 1, 1, False
321.2243, 2021-06-16T10:45:19.6670420+08:00, 0, -0.07588875, 4.17663, 1, 1, 1, False
321.2287, 2021-06-16T10:45:19.6713660+08:00, 0, -0.07588875, 4.17663, 1, 1, 1, False
321.2324, 2021-06-16T10:45:19.6750790+08:00, 0, -0.07588875, 4.17663, 1, 1, 1, False
321.2366, 2021-06-16T10:45:19.6793200+08:00, 0, -0.07588875, 4.17663, 1, 1, 1, False
321.2406, 2021-06-16T10:45:19.6832350+08:00, 0, -0.07588875, 4.17663, 1, 1, 1, False
321.2444, 2021-06-16T10:45:19.6870540+08:00, 0, -0.07588875, 4.17663, 1, 1, 1, False
321.2484, 2021-06-16T10:45:19.6910980+08:00, 0, -0.07588875, 4.17663, 1, 1, 1, False
321.2527, 2021-06-16T10:45:19.6953420+08:00, 0, -0.07588875, 4.17663, 1, 1, 1, False
321.2563, 2021-06-16T10:45:19.6989540+08:00, 0, -0.07588875, 4.17663, 1, 1, 1, False
321.2607, 2021-06-16T10:45:19.7033550+08:00, 0, -0.07588875, 4.17663, 1, 1, 1, False
321.2646, 2021-06-16T10:45:19.7072420+08:00, 0, -0.07588875, 4.17663, 1, 1, 1, False
321.2685, 2021-06-16T10:45:19.7111250+08:00, 0, -0.07588875, 4.17663, 1, 1, 1, False
321.2723, 2021-06-16T10:45:19.7149780+08:00, 0, -0.07588875, 4.17663, 1, 1, 1, False
321.2765, 2021-06-16T10:45:19.7191500+08:00, 0, -0.07588875, 4.17663, 1, 1, 1, False
321.2803, 2021-06-16T10:45:19.7230150+08:00, 0, -0.07588875, 4.17663, 1, 1, 1, False
321.2846, 2021-06-16T10:45:19.7273230+08:00, 0, -0.07588875, 4.17663, 1, 1, 1, False
321.2885, 2021-06-16T10:45:19.7310800+08:00, 0, -0.07588875, 4.17663, 1, 1, 1, False
321.2925, 2021-06-16T10:45:19.7351240+08:00, 0, -0.07588875, 4.17663, 1, 1, 1, False
321.2967, 2021-06-16T10:45:19.7393720+08:00, 0, -0.07588875, 4.17663, 1, 1, 1, False
321.3005, 2021-06-16T10:45:19.7432720+08:00, 0, -0.07588875, 4.17663, 1, 1, 1, False
321.3044, 2021-06-16T10:45:19.7470950+08:00, 0, -0.07588875, 4.17663, 1, 1, 1, False
321.3088, 2021-06-16T10:45:19.7546720+08:00, 0, -0.07588875, 4.17663, 1, 1, 1, False
321.3164, 2021-06-16T10:45:19.7621420+08:00, 0, -0.07588875, 4.17663, 1, 1, 1, False
321.3204, 2021-06-16T10:45:19.7691780+08:00, 0, -0.07588875, 4.17663, 1, 1, 1, False
321.3285, 2021-06-16T10:45:19.7711840+08:00, 0, -0.07588875, 4.17663, 1, 1, 1, False
321.3322, 2021-06-16T10:45:19.7748650+08:00, 0, -0.07588875, 4.17663, 1, 1, 1, False
321.3365, 2021-06-16T10:45:19.7792120+08:00, 0, -0.07588875, 4.17663, 1, 1, 1, False
321.3406, 2021-06-16T10:45:19.7833260+08:00, 0, -0.07588875, 4.17663, 1, 1, 1, False
321.3445, 2021-06-16T10:45:19.7871540+08:00, 0, -0.07588875, 4.17663, 1, 1, 1, False
321.3485, 2021-06-16T10:45:19.7911960+08:00, 0, -0.07588875, 4.17663, 1, 1, 1, False
321.3528, 2021-06-16T10:45:19.7954340+08:00, 0, -0.07588875, 4.17663, 1, 1, 1, False
321.3854, 2021-06-16T10:45:19.8281580+08:00, 0, -0.07588875, 4.17663, 1, 1, 1, False
321.3885, 2021-06-16T10:45:19.8311360+08:00, 0, -0.07588875, 4.17663, 1, 1, 1, False
321.3925, 2021-06-16T10:45:19.8351120+08:00, 0, -0.07588875, 4.17663, 1, 1, 1, False
321.3967, 2021-06-16T10:45:19.8393610+08:00, 0, -0.07588875, 4.17663, 1, 1, 1, False
321.4002, 2021-06-16T10:45:19.8429410+08:00, 0, -0.07588875, 4.17663, 1, 1, 1, False
321.4047, 2021-06-16T10:45:19.8473760+08:00, 0, -0.07588875, 4.17663, 1, 1, 1, False
321.4084, 2021-06-16T10:45:19.8510260+08:00, 0, -0.07588875, 4.17663, 1, 1, 1, False
321.4122, 2021-06-16T10:45:19.8548630+08:00, 0, -0.07588875, 4.17663, 1, 1, 1, False
321.416, 2021-06-16T10:45:19.8587130+08:00, 0, -0.07588875, 4.17663, 1, 1, 1, False
321.4207, 2021-06-16T10:45:19.8633980+08:00, 0, -0.07588875, 4.17663, 1, 1, 1, False
321.4245, 2021-06-16T10:45:19.8671330+08:00, 0, -0.07588875, 4.17663, 1, 1, 1, False
321.4281, 2021-06-16T10:45:19.8707970+08:00, 0, -0.07588875, 4.17663, 1, 1, 1, False
321.4328, 2021-06-16T10:45:19.8754170+08:00, 0, -0.07588875, 4.17663, 1, 1, 1, False
321.4366, 2021-06-16T10:45:19.8792040+08:00, 0, -0.07588875, 4.17663, 1, 1, 1, False
321.4403, 2021-06-16T10:45:19.8830050+08:00, 0, -0.07588875, 4.17663, 1, 1, 1, False
321.4446, 2021-06-16T10:45:19.8872620+08:00, 0, -0.07588875, 4.17663, 1, 1, 1, False
321.4485, 2021-06-16T10:45:19.8912960+08:00, 0, -0.07588875, 4.17663, 1, 1, 1, False
321.4526, 2021-06-16T10:45:19.8952370+08:00, 0, -0.07588875, 4.17663, 1, 1, 1, False
321.4565, 2021-06-16T10:45:19.8991340+08:00, 0, -0.07588875, 4.17663, 1, 1, 1, False
321.4605, 2021-06-16T10:45:19.9031590+08:00, 0, -0.07588875, 4.17663, 1, 1, 1, False
321.4646, 2021-06-16T10:45:19.9072970+08:00, 0, -0.07588875, 4.17663, 1, 1, 1, False
321.4685, 2021-06-16T10:45:19.9112190+08:00, 0, -0.07588875, 4.17663, 1, 1, 1, False
321.4722, 2021-06-16T10:45:19.9148460+08:00, 0, -0.07588875, 4.17663, 1, 1, 1, False
321.4767, 2021-06-16T10:45:19.9192970+08:00, 0, -0.07588875, 4.17663, 1, 1, 1, False
321.4804, 2021-06-16T10:45:19.9230620+08:00, 0, -0.07588875, 4.17663, 1, 1, 1, False
321.4844, 2021-06-16T10:45:19.9270750+08:00, 0, -0.07588875, 4.17663, 1, 1, 1, False
321.4885, 2021-06-16T10:45:19.9311830+08:00, 0, -0.07588875, 4.17663, 1, 1, 1, False
321.4925, 2021-06-16T10:45:19.9351440+08:00, 0, -0.07588875, 4.17663, 1, 1, 1, False
321.4965, 2021-06-16T10:45:19.9391590+08:00, 0, -0.07588875, 4.17663, 1, 1, 1, False
321.5008, 2021-06-16T10:45:19.9434260+08:00, 0, -0.07588875, 4.17663, 1, 1, 1, False
321.5045, 2021-06-16T10:45:19.9471130+08:00, 0, -0.07588875, 4.17663, 1, 1, 1, False
321.6045, 2021-06-16T10:45:21.5048630+08:00, 0, -0.07588875, 4.17663, 1, 1, 1, False
321.655, 2021-06-16T10:45:21.5552440+08:00, 0, -0.07588875, 4.17663, 1, 1, 1, False
321.7464, 2021-06-16T10:45:21.6468200+08:00, 0, -0.07588875, 4.17663, 1, 1, 1, False
321.8134, 2021-06-16T10:45:21.7136200+08:00, 0, -0.07588875, 4.17663, 1, 1, 1, False
321.8193, 2021-06-16T10:45:21.7194960+08:00, 0, -0.07588875, 4.17663, 1, 1, 1, False
321.8228, 2021-06-16T10:45:21.7230180+08:00, 0, -0.07588875, 4.17663, 1, 1, 1, False
321.8268, 2021-06-16T10:45:21.7270230+08:00, 0, -0.07588875, 4.17663, 1, 1, 1, False
321.8308, 2021-06-16T10:45:21.7310500+08:00, 0, -0.07588875, 4.17663, 1, 1, 1, False
321.835, 2021-06-16T10:45:21.7352220+08:00, 0, -0.07588875, 4.17663, 1, 1, 1, False
321.8387, 2021-06-16T10:45:21.7388940+08:00, 0, -0.07588875, 4.17663, 1, 1, 1, False
321.8432, 2021-06-16T10:45:21.7434540+08:00, 0, -0.07588875, 4.17663, 1, 1, 1, False
321.847, 2021-06-16T10:45:21.7472020+08:00, 0, -0.07588875, 4.17663, 1, 1, 1, False
321.851, 2021-06-16T10:45:21.7512020+08:00, 0, -0.07588875, 4.17663, 1, 1, 1, False
321.8549, 2021-06-16T10:45:21.7551110+08:00, 0, -0.07588875, 4.17663, 1, 1, 1, False
321.8589, 2021-06-16T10:45:21.7591390+08:00, 0, -0.07588875, 4.17663, 1, 1, 1, False
321.8628, 2021-06-16T10:45:21.7630310+08:00, 0, -0.07588875, 4.17663, 1, 1, 1, False
321.867, 2021-06-16T10:45:21.7671790+08:00, 0, -0.07588875, 4.17663, 1, 1, 1, False
321.8706, 2021-06-16T10:45:21.7707530+08:00, 0, -0.07588875, 4.17663, 1, 1, 1, False
321.8752, 2021-06-16T10:45:21.7753780+08:00, 0, -0.07588875, 4.17663, 1, 1, 1, False
321.8788, 2021-06-16T10:45:21.7790240+08:00, 0, -0.07588875, 4.17663, 1, 1, 1, False
321.883, 2021-06-16T10:45:21.7832020+08:00, 0, -0.07588875, 4.17663, 1, 1, 1, False
321.887, 2021-06-16T10:45:21.7871830+08:00, 0, -0.07588875, 4.17663, 1, 1, 1, False
321.891, 2021-06-16T10:45:21.7912050+08:00, 0, -0.07588875, 4.17663, 1, 1, 1, False
321.8947, 2021-06-16T10:45:21.7949090+08:00, 0, -0.07588875, 4.17663, 1, 1, 1, False
321.8987, 2021-06-16T10:45:21.7989370+08:00, 0, -0.07588875, 4.17663, 1, 1, 1, False
321.903, 2021-06-16T10:45:21.8032620+08:00, 0, -0.07588875, 4.17663, 1, 1, 1, False
321.9071, 2021-06-16T10:45:21.8072620+08:00, 0, -0.07588875, 4.17663, 1, 1, 1, False
321.911, 2021-06-16T10:45:21.8112900+08:00, 0, -0.07588875, 4.17663, 1, 1, 1, False
321.915, 2021-06-16T10:45:21.8151810+08:00, 0, -0.07588875, 4.17663, 1, 1, 1, False
321.9187, 2021-06-16T10:45:21.8188430+08:00, 0, -0.07588875, 4.17663, 1, 1, 1, False
321.923, 2021-06-16T10:45:21.8232190+08:00, 0, -0.07588875, 4.17663, 1, 1, 1, False
321.9717, 2021-06-16T10:45:21.8720260+08:00, 0, -0.07588875, 4.17663, 1, 1, 1, False
321.9751, 2021-06-16T10:45:21.8752950+08:00, 0, -0.07588875, 4.17663, 1, 1, 1, False
321.979, 2021-06-16T10:45:21.8791510+08:00, 0, -0.07588875, 4.17663, 1, 1, 1, False
321.9827, 2021-06-16T10:45:21.8829580+08:00, 0, -0.07588875, 4.17663, 1, 1, 1, False
321.9871, 2021-06-16T10:45:21.8873250+08:00, 0, -0.07588875, 4.17663, 1, 1, 1, False
321.9908, 2021-06-16T10:45:21.8910360+08:00, 0, -0.07588875, 4.17663, 1, 1, 1, False
321.995, 2021-06-16T10:45:21.8951660+08:00, 0, -0.07588875, 4.17663, 1, 1, 1, False
321.9989, 2021-06-16T10:45:21.8990580+08:00, 0, -0.07588875, 4.17663, 1, 1, 1, False
322.0029, 2021-06-16T10:45:21.9030970+08:00, 0, -0.07588875, 4.17663, 1, 1, 1, False
322.0067, 2021-06-16T10:45:21.9069620+08:00, 0, -0.07588875, 4.17663, 1, 1, 1, False
322.0112, 2021-06-16T10:45:21.9113480+08:00, 0, -0.07588875, 4.17663, 1, 1, 1, False
322.0148, 2021-06-16T10:45:21.9149840+08:00, 0, -0.07588875, 4.17663, 1, 1, 1, False
322.0186, 2021-06-16T10:45:21.9188420+08:00, 0, -0.07588875, 4.17663, 1, 1, 1, False
322.023, 2021-06-16T10:45:21.9232590+08:00, 0, -0.07588875, 4.17663, 1, 1, 1, False
322.0269, 2021-06-16T10:45:21.9270990+08:00, 0, -0.07588875, 4.17663, 1, 1, 1, False
322.031, 2021-06-16T10:45:21.9312920+08:00, 0, -0.07588875, 4.17663, 1, 1, 1, False
322.0348, 2021-06-16T10:45:21.9349620+08:00, 0, -0.07588875, 4.17663, 1, 1, 1, False
322.039, 2021-06-16T10:45:21.9392020+08:00, 0, -0.07588875, 4.17663, 1, 1, 1, False
322.0431, 2021-06-16T10:45:21.9433000+08:00, 0, -0.07588875, 4.17663, 1, 1, 1, False
322.047, 2021-06-16T10:45:21.9471510+08:00, 0, -0.07588875, 4.17663, 1, 1, 1, False
322.0508, 2021-06-16T10:45:21.9510330+08:00, 0, -0.07588875, 4.17663, 1, 1, 1, False
322.0547, 2021-06-16T10:45:21.9549230+08:00, 0, -0.07588875, 4.17663, 1, 1, 1, False
322.0591, 2021-06-16T10:45:21.9593470+08:00, 0, -0.07588875, 4.17663, 1, 1, 1, False
322.063, 2021-06-16T10:45:21.9632010+08:00, 0, -0.07588875, 4.17663, 1, 1, 1, False
322.0671, 2021-06-16T10:45:21.9673250+08:00, 0, -0.07588875, 4.17663, 1, 1, 1, False
322.0708, 2021-06-16T10:45:21.9709320+08:00, 0, -0.07588875, 4.17663, 1, 1, 1, False
322.0748, 2021-06-16T10:45:21.9749880+08:00, 0, -0.07588875, 4.17663, 1, 1, 1, False
322.0789, 2021-06-16T10:45:21.9791340+08:00, 0, -0.07588875, 4.17663, 1, 1, 1, False
322.083, 2021-06-16T10:45:21.9832130+08:00, 0, -0.07588875, 4.17663, 1, 1, 1, False
322.087, 2021-06-16T10:45:21.9871750+08:00, 0, -0.07588875, 4.17663, 1, 1, 1, False
322.0911, 2021-06-16T10:45:21.9913100+08:00, 0, -0.07588875, 4.17663, 1, 1, 1, False
322.1282, 2021-06-16T10:45:22.0284770+08:00, 0, -0.07588875, 4.17663, 1, 1, 1, False
322.1675, 2021-06-16T10:45:22.0677650+08:00, 0, -0.07588875, 4.17663, 1, 1, 1, False
322.1709, 2021-06-16T10:45:22.0711120+08:00, 0, -0.07588875, 4.17663, 1, 1, 1, False
322.1748, 2021-06-16T10:45:22.0750030+08:00, 0, -0.07588875, 4.17663, 1, 1, 1, False
322.179, 2021-06-16T10:45:22.0791760+08:00, 0, -0.07588875, 4.17663, 1, 1, 1, False
322.183, 2021-06-16T10:45:22.0832280+08:00, 0, -0.07588875, 4.17663, 1, 1, 1, False
322.1866, 2021-06-16T10:45:22.0867660+08:00, 0, -0.07588875, 4.17663, 1, 1, 1, False
322.1909, 2021-06-16T10:45:22.0911590+08:00, 0, -0.07588875, 4.17663, 1, 1, 1, False
322.1949, 2021-06-16T10:45:22.0951600+08:00, 0, -0.07588875, 4.17663, 1, 1, 1, False
322.199, 2021-06-16T10:45:22.0991850+08:00, 0, -0.07588875, 4.17663, 1, 1, 1, False
322.203, 2021-06-16T10:45:22.1032330+08:00, 0, -0.07588875, 4.17663, 1, 1, 1, False
322.207, 2021-06-16T10:45:22.1071750+08:00, 0, -0.07588875, 4.17663, 1, 1, 1, False
322.2109, 2021-06-16T10:45:22.1111230+08:00, 0, -0.07588875, 4.17663, 1, 1, 1, False
322.2146, 2021-06-16T10:45:22.1148290+08:00, 0, -0.07588875, 4.17663, 1, 1, 1, False
322.2191, 2021-06-16T10:45:22.1192610+08:00, 0, -0.07588875, 4.17663, 1, 1, 1, False
322.2228, 2021-06-16T10:45:22.1230350+08:00, 0, -0.07588875, 4.17663, 1, 1, 1, False
322.227, 2021-06-16T10:45:22.1272120+08:00, 0, -0.07588875, 4.17663, 1, 1, 1, False
322.231, 2021-06-16T10:45:22.1311420+08:00, 0, -0.07588875, 4.17663, 1, 1, 1, False
322.2349, 2021-06-16T10:45:22.1350880+08:00, 0, -0.07588875, 4.17663, 1, 1, 1, False
322.2389, 2021-06-16T10:45:22.1390860+08:00, 0, -0.07588875, 4.17663, 1, 1, 1, False
322.2429, 2021-06-16T10:45:22.1431600+08:00, 0, -0.07588875, 4.17663, 1, 1, 1, False
322.247, 2021-06-16T10:45:22.1472420+08:00, 0, -0.07588875, 4.17663, 1, 1, 1, False
322.2509, 2021-06-16T10:45:22.1510660+08:00, 0, -0.07588875, 4.17663, 1, 1, 1, False
322.2546, 2021-06-16T10:45:22.1548390+08:00, 0, -0.07588875, 4.17663, 1, 1, 1, False
322.2591, 2021-06-16T10:45:22.1593030+08:00, 0, -0.07588875, 4.17663, 1, 1, 1, False
322.263, 2021-06-16T10:45:22.1631920+08:00, 0, -0.07588875, 4.17663, 1, 1, 1, False
322.2669, 2021-06-16T10:45:22.1671160+08:00, 0, -0.07588875, 4.17663, 1, 1, 1, False
322.271, 2021-06-16T10:45:22.1711570+08:00, 0, -0.07588875, 4.17663, 1, 1, 1, False
322.275, 2021-06-16T10:45:22.1751600+08:00, 0, -0.07588875, 4.17663, 1, 1, 1, False
322.2792, 2021-06-16T10:45:22.1793800+08:00, 0, -0.07588875, 4.17663, 1, 1, 1, False
322.2829, 2021-06-16T10:45:22.1831540+08:00, 0, -0.07588875, 4.17663, 1, 1, 1, False
322.315, 2021-06-16T10:45:22.2152600+08:00, 0, -0.07588875, 4.17663, 1, 1, 1, False
322.319, 2021-06-16T10:45:22.2191580+08:00, 0, -0.07588875, 4.17663, 1, 1, 1, False
322.3229, 2021-06-16T10:45:22.2231090+08:00, 0, -0.07588875, 4.17663, 1, 1, 1, False
322.3267, 2021-06-16T10:45:22.2268590+08:00, 0, -0.07588875, 4.17663, 1, 1, 1, False
322.331, 2021-06-16T10:45:22.2311530+08:00, 0, -0.07588875, 4.17663, 1, 1, 1, False
322.3351, 2021-06-16T10:45:22.2353110+08:00, 0, -0.07588875, 4.17663, 1, 1, 1, False
322.3388, 2021-06-16T10:45:22.2389900+08:00, 0, -0.07588875, 4.17663, 1, 1, 1, False
322.3431, 2021-06-16T10:45:22.2432980+08:00, 0, -0.07588875, 4.17663, 1, 1, 1, False
322.3469, 2021-06-16T10:45:22.2470720+08:00, 0, -0.07588875, 4.17663, 1, 1, 1, False
322.351, 2021-06-16T10:45:22.2512050+08:00, 0, -0.07588875, 4.17663, 1, 1, 1, False
322.355, 2021-06-16T10:45:22.2551910+08:00, 0, -0.07588875, 4.17663, 1, 1, 1, False
322.359, 2021-06-16T10:45:22.2592220+08:00, 0, -0.07588875, 4.17663, 1, 1, 1, False
322.3629, 2021-06-16T10:45:22.2630800+08:00, 0, -0.07588875, 4.17663, 1, 1, 1, False
322.3668, 2021-06-16T10:45:22.2669700+08:00, 0, -0.07588875, 4.17663, 1, 1, 1, False
322.3711, 2021-06-16T10:45:22.2712550+08:00, 0, -0.07588875, 4.17663, 1, 1, 1, False
322.375, 2021-06-16T10:45:22.2752610+08:00, 0, -0.07588875, 4.17663, 1, 1, 1, False
322.3788, 2021-06-16T10:45:22.2789600+08:00, 0, -0.07588875, 4.17663, 1, 1, 1, False
322.3831, 2021-06-16T10:45:22.2833400+08:00, 0, -0.07588875, 4.17663, 1, 1, 1, False
322.387, 2021-06-16T10:45:22.2872070+08:00, 0, -0.07588875, 4.17663, 1, 1, 1, False
322.3907, 2021-06-16T10:45:22.2909510+08:00, 0, -0.07588875, 4.17663, 1, 1, 1, False
322.395, 2021-06-16T10:45:22.2951280+08:00, 0, -0.07588875, 4.17663, 1, 1, 1, False
322.399, 2021-06-16T10:45:22.2991610+08:00, 0, -0.07588875, 4.17663, 1, 1, 1, False
322.4031, 2021-06-16T10:45:22.3033560+08:00, 0, -0.07588875, 4.17663, 1, 1, 1, False
322.4069, 2021-06-16T10:45:22.3070780+08:00, 0, -0.07588875, 4.17663, 1, 1, 1, False
322.4106, 2021-06-16T10:45:22.3107430+08:00, 0, -0.07588875, 4.17663, 1, 1, 1, False
322.4151, 2021-06-16T10:45:22.3153310+08:00, 0, -0.07588875, 4.17663, 1, 1, 1, False
322.419, 2021-06-16T10:45:22.3192030+08:00, 0, -0.07588875, 4.17663, 1, 1, 1, False
322.4229, 2021-06-16T10:45:22.3231080+08:00, 0, -0.07588875, 4.17663, 1, 1, 1, False
322.4271, 2021-06-16T10:45:22.3272950+08:00, 0, -0.07588875, 4.17663, 1, 1, 1, False
322.4313, 2021-06-16T10:45:22.3314830+08:00, 0, -0.07588875, 4.17663, 1, 1, 1, False
322.4349, 2021-06-16T10:45:22.3351540+08:00, 0, -0.07588875, 4.17663, 1, 1, 1, False
322.4671, 2021-06-16T10:45:22.3673110+08:00, 0, -0.07588875, 4.17663, 1, 1, 1, False
322.4711, 2021-06-16T10:45:22.3713530+08:00, 0, -0.07588875, 4.17663, 1, 1, 1, False
322.4748, 2021-06-16T10:45:22.3749480+08:00, 0, -0.07588875, 4.17663, 1, 1, 1, False
322.4791, 2021-06-16T10:45:22.3792670+08:00, 0, -0.07588875, 4.17663, 1, 1, 1, False
322.4828, 2021-06-16T10:45:22.3830300+08:00, 0, -0.07588875, 4.17663, 1, 1, 1, False
322.4869, 2021-06-16T10:45:22.3871160+08:00, 0, -0.07588875, 4.17663, 1, 1, 1, False
322.4909, 2021-06-16T10:45:22.3911310+08:00, 0, -0.07588875, 4.17663, 1, 1, 1, False
322.4951, 2021-06-16T10:45:22.3952670+08:00, 0, -0.07588875, 4.17663, 1, 1, 1, False
322.499, 2021-06-16T10:45:22.3992100+08:00, 0, -0.07588875, 4.17663, 1, 1, 1, False
322.5031, 2021-06-16T10:45:22.4033320+08:00, 0, -0.07588875, 4.17663, 1, 1, 1, False
322.5072, 2021-06-16T10:45:22.4074210+08:00, 0, -0.07588875, 4.17663, 1, 1, 1, False
322.511, 2021-06-16T10:45:22.4111640+08:00, 0, -0.07588875, 4.17663, 1, 1, 1, False
322.5151, 2021-06-16T10:45:22.4153000+08:00, 0, -0.07588875, 4.17663, 1, 1, 1, False
322.5189, 2021-06-16T10:45:22.4190780+08:00, 0, -0.07588875, 4.17663, 1, 1, 1, False
322.5228, 2021-06-16T10:45:22.4230170+08:00, 0, -0.07588875, 4.17663, 1, 1, 1, False
322.5272, 2021-06-16T10:45:22.4273890+08:00, 0, -0.07588875, 4.17663, 1, 1, 1, False
322.5309, 2021-06-16T10:45:22.4311540+08:00, 0, -0.07588875, 4.17663, 1, 1, 1, False
322.5348, 2021-06-16T10:45:22.4349810+08:00, 0, -0.07588875, 4.17663, 1, 1, 1, False
322.5391, 2021-06-16T10:45:22.4393000+08:00, 0, -0.07588875, 4.17663, 1, 1, 1, False
322.543, 2021-06-16T10:45:22.4432540+08:00, 0, -0.07588875, 4.17663, 1, 1, 1, False
322.547, 2021-06-16T10:45:22.4473260+08:00, 0, -0.07588875, 4.17663, 1, 1, 1, False
322.5511, 2021-06-16T10:45:22.4513380+08:00, 0, -0.07588875, 4.17663, 1, 1, 1, False
322.5549, 2021-06-16T10:45:22.4550880+08:00, 0, -0.07588875, 4.17663, 1, 1, 1, False
322.5587, 2021-06-16T10:45:22.4589850+08:00, 0, -0.07588875, 4.17663, 1, 1, 1, False
322.5632, 2021-06-16T10:45:22.4634690+08:00, 0, -0.07588875, 4.17663, 1, 1, 1, False
322.5668, 2021-06-16T10:45:22.4670140+08:00, 0, -0.07588875, 4.17663, 1, 1, 1, False
322.5708, 2021-06-16T10:45:22.4709690+08:00, 0, -0.07588875, 4.17663, 1, 1, 1, False
322.5747, 2021-06-16T10:45:22.4748840+08:00, 0, -0.07588875, 4.17663, 1, 1, 1, False
322.579, 2021-06-16T10:45:22.4792530+08:00, 0, -0.07588875, 4.17663, 1, 1, 1, False
322.5831, 2021-06-16T10:45:22.4833090+08:00, 0, -0.07588875, 4.17663, 1, 1, 1, False
322.5871, 2021-06-16T10:45:22.4872780+08:00, 0, -0.07588875, 4.17663, 1, 1, 1, False
322.6189, 2021-06-16T10:45:22.5191230+08:00, 0, -0.07588875, 4.17663, 1, 1, 1, False
322.6228, 2021-06-16T10:45:22.5229720+08:00, 0, -0.07588875, 4.17663, 1, 1, 1, False
322.627, 2021-06-16T10:45:22.5271940+08:00, 0, -0.07588875, 4.17663, 1, 1, 1, False
322.631, 2021-06-16T10:45:22.5312010+08:00, 0, -0.07588875, 4.17663, 1, 1, 1, False
322.6349, 2021-06-16T10:45:22.5350660+08:00, 0, -0.07588875, 4.17663, 1, 1, 1, False
322.6389, 2021-06-16T10:45:22.5390840+08:00, 0, -0.07588875, 4.17663, 1, 1, 1, False
322.6431, 2021-06-16T10:45:22.5433570+08:00, 0, -0.07588875, 4.17663, 1, 1, 1, False
322.6469, 2021-06-16T10:45:22.5470500+08:00, 0, -0.07588875, 4.17663, 1, 1, 1, False
322.6512, 2021-06-16T10:45:22.5513560+08:00, 0, -0.07588875, 4.17663, 1, 1, 1, False
322.655, 2021-06-16T10:45:22.5551620+08:00, 0, -0.07588875, 4.17663, 1, 1, 1, False
322.6588, 2021-06-16T10:45:22.5589580+08:00, 0, -0.07588875, 4.17663, 1, 1, 1, False
322.6627, 2021-06-16T10:45:22.5628650+08:00, 0, -0.07588875, 4.17663, 1, 1, 1, False
322.6666, 2021-06-16T10:45:22.5667460+08:00, 0, -0.07588875, 4.17663, 1, 1, 1, False
322.6711, 2021-06-16T10:45:22.5713030+08:00, 0, -0.07588875, 4.17663, 1, 1, 1, False
322.6749, 2021-06-16T10:45:22.5750740+08:00, 0, -0.07588875, 4.17663, 1, 1, 1, False
322.6787, 2021-06-16T10:45:22.5788800+08:00, 0, -0.07588875, 4.17663, 1, 1, 1, False
322.6829, 2021-06-16T10:45:22.5831560+08:00, 0, -0.07588875, 4.17663, 1, 1, 1, False
322.6873, 2021-06-16T10:45:22.5874470+08:00, 0, -0.07588875, 4.17663, 1, 1, 1, False
322.6914, 2021-06-16T10:45:22.5915640+08:00, 0, -0.07588875, 4.17663, 1, 1, 1, False
322.6949, 2021-06-16T10:45:22.5952100+08:00, 0, -0.07588875, 4.17663, 1, 1, 1, False
322.6988, 2021-06-16T10:45:22.5989850+08:00, 0, -0.07588875, 4.17663, 1, 1, 1, False
322.7031, 2021-06-16T10:45:22.6033590+08:00, 0, -0.07588875, 4.17663, 1, 1, 1, False
322.7069, 2021-06-16T10:45:22.6071290+08:00, 0, -0.07588875, 4.17663, 1, 1, 1, False
322.7112, 2021-06-16T10:45:22.6113970+08:00, 0, -0.07588875, 4.17663, 1, 1, 1, False
322.715, 2021-06-16T10:45:22.6152380+08:00, 0, -0.07588875, 4.17663, 1, 1, 1, False
322.815, 2021-06-16T10:45:23.9794060+08:00, 0, -0.07588875, 4.17663, 1, 1, 1, False
322.8283, 2021-06-16T10:45:23.9925280+08:00, 0, -0.07588875, 4.17663, 1, 1, 1, False
322.8877, 2021-06-16T10:45:24.0519510+08:00, 0, -0.07588875, 4.17663, 1, 1, 1, False
322.8917, 2021-06-16T10:45:24.0559590+08:00, 0, -0.07588875, 4.17663, 1, 1, 1, False
322.8954, 2021-06-16T10:45:24.0599050+08:00, 0, -0.07588875, 4.17663, 1, 1, 1, False
322.8999, 2021-06-16T10:45:24.0642050+08:00, 0, -0.07588875, 4.17663, 1, 1, 1, False
322.9515, 2021-06-16T10:45:24.1157900+08:00, 0, -0.07588875, 4.17663, 1, 1, 1, False
322.9552, 2021-06-16T10:45:24.1195270+08:00, 0, -0.07588875, 4.17663, 1, 1, 1, False
322.9593, 2021-06-16T10:45:24.1235580+08:00, 0, -0.07588875, 4.17663, 1, 1, 1, False
322.964, 2021-06-16T10:45:24.1283950+08:00, 0, -0.07588875, 4.17663, 1, 1, 1, False
322.9671, 2021-06-16T10:45:24.1313090+08:00, 0, -0.07588875, 4.17663, 1, 1, 1, False
322.9709, 2021-06-16T10:45:24.1350480+08:00, 0, -0.07588875, 4.17663, 1, 1, 1, False
322.9753, 2021-06-16T10:45:24.1394780+08:00, 0, -0.07588875, 4.17663, 1, 1, 1, False
322.9792, 2021-06-16T10:45:24.1433380+08:00, 0, -0.07588875, 4.17663, 1, 1, 1, False
322.9831, 2021-06-16T10:45:24.1473520+08:00, 0, -0.07588875, 4.17663, 1, 1, 1, False
322.9869, 2021-06-16T10:45:24.1510680+08:00, 0, -0.07588875, 4.17663, 1, 1, 1, False
322.9911, 2021-06-16T10:45:24.1552370+08:00, 0, -0.07588875, 4.17663, 1, 1, 1, False
322.9956, 2021-06-16T10:45:24.1597410+08:00, 0, -0.07588875, 4.17663, 1, 1, 1, False
322.9991, 2021-06-16T10:45:24.1632430+08:00, 0, -0.07588875, 4.17663, 1, 1, 1, False
323.0029, 2021-06-16T10:45:24.1671700+08:00, 0, -0.07588875, 4.17663, 1, 1, 1, False
323.0071, 2021-06-16T10:45:24.1712380+08:00, 0, -0.07588875, 4.17663, 1, 1, 1, False
323.0128, 2021-06-16T10:45:24.1774400+08:00, 0, -0.07588875, 4.17663, 1, 1, 1, False
323.0235, 2021-06-16T10:45:24.1876630+08:00, 0, -0.07588875, 4.17663, 1, 1, 1, False
323.0269, 2021-06-16T10:45:24.1911640+08:00, 0, -0.07588875, 4.17663, 1, 1, 1, False
323.0313, 2021-06-16T10:45:24.1954890+08:00, 0, -0.07588875, 4.17663, 1, 1, 1, False
323.0352, 2021-06-16T10:45:24.1994350+08:00, 0, -0.07588875, 4.17663, 1, 1, 1, False
323.0395, 2021-06-16T10:45:24.2038540+08:00, 0, -0.07588875, 4.17663, 1, 1, 1, False
323.0463, 2021-06-16T10:45:24.2106320+08:00, 0, -0.07588875, 4.17663, 1, 1, 1, False
323.0517, 2021-06-16T10:45:24.2158590+08:00, 0, -0.07588875, 4.17663, 1, 1, 1, False
323.0548, 2021-06-16T10:45:24.2190010+08:00, 0, -0.07588875, 4.17663, 1, 1, 1, False
323.0599, 2021-06-16T10:45:24.2241430+08:00, 0, -0.07588875, 4.17663, 1, 1, 1, False
323.0631, 2021-06-16T10:45:24.2272870+08:00, 0, -0.07588875, 4.17663, 1, 1, 1, False
323.068, 2021-06-16T10:45:24.2323220+08:00, 0, -0.07588875, 4.17663, 1, 1, 1, False
323.0774, 2021-06-16T10:45:24.2415510+08:00, 0, -0.07588875, 4.17663, 1, 1, 1, False
323.084, 2021-06-16T10:45:24.2484120+08:00, 0, -0.07588875, 4.17663, 1, 1, 1, False
323.0878, 2021-06-16T10:45:24.2520570+08:00, 0, -0.07588875, 4.17663, 1, 1, 1, False
323.0915, 2021-06-16T10:45:24.2557070+08:00, 0, -0.07588875, 4.17663, 1, 1, 1, False
323.1354, 2021-06-16T10:45:24.2996100+08:00, 0, -0.07588875, 4.17663, 1, 1, 1, False
323.1389, 2021-06-16T10:45:24.3030730+08:00, 0, -0.07588875, 4.17663, 1, 1, 1, False
323.1433, 2021-06-16T10:45:24.3074480+08:00, 0, -0.07588875, 4.17663, 1, 1, 1, False
323.1469, 2021-06-16T10:45:24.3109910+08:00, 0, -0.07588875, 4.17663, 1, 1, 1, False
323.1509, 2021-06-16T10:45:24.3151060+08:00, 0, -0.07588875, 4.17663, 1, 1, 1, False
323.1551, 2021-06-16T10:45:24.3192680+08:00, 0, -0.07588875, 4.17663, 1, 1, 1, False
323.1589, 2021-06-16T10:45:24.3230840+08:00, 0, -0.07588875, 4.17663, 1, 1, 1, False
323.1628, 2021-06-16T10:45:24.3269790+08:00, 0, -0.07588875, 4.17663, 1, 1, 1, False
323.1668, 2021-06-16T10:45:24.3309550+08:00, 0, -0.07588875, 4.17663, 1, 1, 1, False
323.171, 2021-06-16T10:45:24.3351410+08:00, 0, -0.07588875, 4.17663, 1, 1, 1, False
323.1753, 2021-06-16T10:45:24.3394550+08:00, 0, -0.07588875, 4.17663, 1, 1, 1, False
323.179, 2021-06-16T10:45:24.3432470+08:00, 0, -0.07588875, 4.17663, 1, 1, 1, False
323.1832, 2021-06-16T10:45:24.3473670+08:00, 0, -0.07588875, 4.17663, 1, 1, 1, False
323.1871, 2021-06-16T10:45:24.3512670+08:00, 0, -0.07588875, 4.17663, 1, 1, 1, False
323.1909, 2021-06-16T10:45:24.3550540+08:00, 0, -0.07588875, 4.17663, 1, 1, 1, False
323.195, 2021-06-16T10:45:24.3592020+08:00, 0, -0.07588875, 4.17663, 1, 1, 1, False
323.1989, 2021-06-16T10:45:24.3630230+08:00, 0, -0.07588875, 4.17663, 1, 1, 1, False
323.2031, 2021-06-16T10:45:24.3672350+08:00, 0, -0.07588875, 4.17663, 1, 1, 1, False
323.2069, 2021-06-16T10:45:24.3711410+08:00, 0, -0.07588875, 4.17663, 1, 1, 1, False
323.2112, 2021-06-16T10:45:24.3753650+08:00, 0, -0.07588875, 4.17663, 1, 1, 1, False
323.215, 2021-06-16T10:45:24.3791840+08:00, 0, -0.07588875, 4.17663, 1, 1, 1, False
323.2192, 2021-06-16T10:45:24.3833920+08:00, 0, -0.07588875, 4.17663, 1, 1, 1, False
323.223, 2021-06-16T10:45:24.3871780+08:00, 0, -0.07588875, 4.17663, 1, 1, 1, False
323.2269, 2021-06-16T10:45:24.3910380+08:00, 0, -0.07588875, 4.17663, 1, 1, 1, False
323.2311, 2021-06-16T10:45:24.3952400+08:00, 0, -0.07588875, 4.17663, 1, 1, 1, False
323.2348, 2021-06-16T10:45:24.3989750+08:00, 0, -0.07588875, 4.17663, 1, 1, 1, False
323.239, 2021-06-16T10:45:24.4031220+08:00, 0, -0.07588875, 4.17663, 1, 1, 1, False
323.2431, 2021-06-16T10:45:24.4072770+08:00, 0, -0.07588875, 4.17663, 1, 1, 1, False
323.2471, 2021-06-16T10:45:24.4112350+08:00, 0, -0.07588875, 4.17663, 1, 1, 1, False
323.2507, 2021-06-16T10:45:24.4148770+08:00, 0, -0.07588875, 4.17663, 1, 1, 1, False
323.2554, 2021-06-16T10:45:24.4195750+08:00, 0, -0.07588875, 4.17663, 1, 1, 1, False
323.2915, 2021-06-16T10:45:24.4557720+08:00, 0, -0.07588875, 4.17663, 1, 1, 1, False
323.295, 2021-06-16T10:45:24.4591940+08:00, 0, -0.07588875, 4.17663, 1, 1, 1, False
323.299, 2021-06-16T10:45:24.4631480+08:00, 0, -0.07588875, 4.17663, 1, 1, 1, False
323.3031, 2021-06-16T10:45:24.4672250+08:00, 0, -0.07588875, 4.17663, 1, 1, 1, False
323.307, 2021-06-16T10:45:24.4711610+08:00, 0, -0.07588875, 4.17663, 1, 1, 1, False
323.311, 2021-06-16T10:45:24.4751750+08:00, 0, -0.07588875, 4.17663, 1, 1, 1, False
323.3148, 2021-06-16T10:45:24.4790030+08:00, 0, -0.07588875, 4.17663, 1, 1, 1, False
323.3191, 2021-06-16T10:45:24.4832670+08:00, 0, -0.07588875, 4.17663, 1, 1, 1, False
323.3231, 2021-06-16T10:45:24.4872120+08:00, 0, -0.07588875, 4.17663, 1, 1, 1, False
323.327, 2021-06-16T10:45:24.4912000+08:00, 0, -0.07588875, 4.17663, 1, 1, 1, False
323.3309, 2021-06-16T10:45:24.4950620+08:00, 0, -0.07588875, 4.17663, 1, 1, 1, False
323.335, 2021-06-16T10:45:24.4991720+08:00, 0, -0.07588875, 4.17663, 1, 1, 1, False
323.339, 2021-06-16T10:45:24.5031160+08:00, 0, -0.07588875, 4.17663, 1, 1, 1, False
323.3429, 2021-06-16T10:45:24.5070960+08:00, 0, -0.07588875, 4.17663, 1, 1, 1, False
323.347, 2021-06-16T10:45:24.5111480+08:00, 0, -0.07588875, 4.17663, 1, 1, 1, False
323.3511, 2021-06-16T10:45:24.5152730+08:00, 0, -0.07588875, 4.17663, 1, 1, 1, False
323.355, 2021-06-16T10:45:24.5191230+08:00, 0, -0.07588875, 4.17663, 1, 1, 1, False
323.3586, 2021-06-16T10:45:24.5228660+08:00, 0, -0.07588875, 4.17663, 1, 1, 1, False
323.3633, 2021-06-16T10:45:24.5274830+08:00, 0, -0.07588875, 4.17663, 1, 1, 1, False
323.3671, 2021-06-16T10:45:24.5312580+08:00, 0, -0.07588875, 4.17663, 1, 1, 1, False
323.371, 2021-06-16T10:45:24.5351000+08:00, 0, -0.07588875, 4.17663, 1, 1, 1, False
323.3751, 2021-06-16T10:45:24.5392290+08:00, 0, -0.07588875, 4.17663, 1, 1, 1, False
323.3791, 2021-06-16T10:45:24.5432690+08:00, 0, -0.07588875, 4.17663, 1, 1, 1, False
323.383, 2021-06-16T10:45:24.5471870+08:00, 0, -0.07588875, 4.17663, 1, 1, 1, False
323.3867, 2021-06-16T10:45:24.5508210+08:00, 0, -0.07588875, 4.17663, 1, 1, 1, False
323.3911, 2021-06-16T10:45:24.5552340+08:00, 0, -0.07588875, 4.17663, 1, 1, 1, False
323.3947, 2021-06-16T10:45:24.5588500+08:00, 0, -0.07588875, 4.17663, 1, 1, 1, False
323.3989, 2021-06-16T10:45:24.5630260+08:00, 0, -0.07588875, 4.17663, 1, 1, 1, False
323.4031, 2021-06-16T10:45:24.5672350+08:00, 0, -0.07588875, 4.17663, 1, 1, 1, False
323.4069, 2021-06-16T10:45:24.5710720+08:00, 0, -0.07588875, 4.17663, 1, 1, 1, False
323.4111, 2021-06-16T10:45:24.5752250+08:00, 0, -0.07588875, 4.17663, 1, 1, 1, False
323.4512, 2021-06-16T10:45:24.6184860+08:00, 0, -0.07588875, 4.17663, 1, 1, 1, False
323.459, 2021-06-16T10:45:24.6262530+08:00, 0, -0.07588875, 4.17663, 1, 1, 1, False
323.468, 2021-06-16T10:45:24.6389130+08:00, 0, -0.07588875, 4.17663, 1, 1, 1, False
323.4792, 2021-06-16T10:45:24.6433070+08:00, 0, -0.07588875, 4.17663, 1, 1, 1, False
323.4829, 2021-06-16T10:45:24.6470980+08:00, 0, -0.07588875, 4.17663, 1, 1, 1, False
323.4869, 2021-06-16T10:45:24.6510670+08:00, 0, -0.07588875, 4.17663, 1, 1, 1, False
323.491, 2021-06-16T10:45:24.6551310+08:00, 0, -0.07588875, 4.17663, 1, 1, 1, False
323.4951, 2021-06-16T10:45:24.6592110+08:00, 0, -0.07588875, 4.17663, 1, 1, 1, False
323.499, 2021-06-16T10:45:24.6631440+08:00, 0, -0.07588875, 4.17663, 1, 1, 1, False
323.5026, 2021-06-16T10:45:24.6667870+08:00, 0, -0.07588875, 4.17663, 1, 1, 1, False
323.507, 2021-06-16T10:45:24.6711740+08:00, 0, -0.07588875, 4.17663, 1, 1, 1, False
323.5111, 2021-06-16T10:45:24.6752640+08:00, 0, -0.07588875, 4.17663, 1, 1, 1, False
323.515, 2021-06-16T10:45:24.6792540+08:00, 0, -0.07588875, 4.17663, 1, 1, 1, False
323.519, 2021-06-16T10:45:24.6830880+08:00, 0, -0.07588875, 4.17663, 1, 1, 1, False
323.5229, 2021-06-16T10:45:24.6870190+08:00, 0, -0.07588875, 4.17663, 1, 1, 1, False
323.527, 2021-06-16T10:45:24.6911840+08:00, 0, -0.07588875, 4.17663, 1, 1, 1, False
323.531, 2021-06-16T10:45:24.6951420+08:00, 0, -0.07588875, 4.17663, 1, 1, 1, False
323.5347, 2021-06-16T10:45:24.6988090+08:00, 0, -0.07588875, 4.17663, 1, 1, 1, False
323.6346, 2021-06-16T10:45:26.3037710+08:00, 0, -0.07588875, 4.17663, 1, 1, 1, False
323.6895, 2021-06-16T10:45:26.3586250+08:00, 0, -0.07588875, 4.17663, 1, 1, 1, False
323.7137, 2021-06-16T10:45:26.3827480+08:00, 0, -0.07588875, 4.17663, 1, 1, 1, False
323.7845, 2021-06-16T10:45:26.4535820+08:00, 0, -0.07588875, 4.17663, 1, 1, 1, False
323.7909, 2021-06-16T10:45:26.4599880+08:00, 0, -0.07588875, 4.17663, 1, 1, 1, False
323.794, 2021-06-16T10:45:26.4630830+08:00, 0, -0.07588875, 4.17663, 1, 1, 1, False
323.798, 2021-06-16T10:45:26.4670360+08:00, 0, -0.07588875, 4.17663, 1, 1, 1, False
323.8022, 2021-06-16T10:45:26.4711880+08:00, 0, -0.07588875, 4.17663, 1, 1, 1, False
323.8061, 2021-06-16T10:45:26.4751670+08:00, 0, -0.07588875, 4.17663, 1, 1, 1, False
323.8104, 2021-06-16T10:45:26.4793970+08:00, 0, -0.07588875, 4.17663, 1, 1, 1, False
323.8141, 2021-06-16T10:45:26.4831410+08:00, 0, -0.07588875, 4.17663, 1, 1, 1, False
323.8181, 2021-06-16T10:45:26.4871900+08:00, 0, -0.07588875, 4.17663, 1, 1, 1, False
323.8223, 2021-06-16T10:45:26.4913370+08:00, 0, -0.07588875, 4.17663, 1, 1, 1, False
323.8541, 2021-06-16T10:45:26.5231520+08:00, 0, -0.07588875, 4.17663, 1, 1, 1, False
323.8582, 2021-06-16T10:45:26.5271560+08:00, 0, -0.07588875, 4.17663, 1, 1, 1, False
323.8622, 2021-06-16T10:45:26.5313050+08:00, 0, -0.07588875, 4.17663, 1, 1, 1, False
323.8659, 2021-06-16T10:45:26.5348660+08:00, 0, -0.07588875, 4.17663, 1, 1, 1, False
323.8701, 2021-06-16T10:45:26.5391240+08:00, 0, -0.07588875, 4.17663, 1, 1, 1, False
323.8742, 2021-06-16T10:45:26.5432330+08:00, 0, -0.07588875, 4.17663, 1, 1, 1, False
323.8782, 2021-06-16T10:45:26.5472210+08:00, 0, -0.07588875, 4.17663, 1, 1, 1, False
323.8822, 2021-06-16T10:45:26.5511950+08:00, 0, -0.07588875, 4.17663, 1, 1, 1, False
323.8859, 2021-06-16T10:45:26.5549410+08:00, 0, -0.07588875, 4.17663, 1, 1, 1, False
323.8901, 2021-06-16T10:45:26.5591590+08:00, 0, -0.07588875, 4.17663, 1, 1, 1, False
323.894, 2021-06-16T10:45:26.5630550+08:00, 0, -0.07588875, 4.17663, 1, 1, 1, False
323.898, 2021-06-16T10:45:26.5670600+08:00, 0, -0.07588875, 4.17663, 1, 1, 1, False
323.9021, 2021-06-16T10:45:26.5711650+08:00, 0, -0.07588875, 4.17663, 1, 1, 1, False
323.906, 2021-06-16T10:45:26.5750280+08:00, 0, -0.07588875, 4.17663, 1, 1, 1, False
323.9099, 2021-06-16T10:45:26.5789240+08:00, 0, -0.07588875, 4.17663, 1, 1, 1, False
323.9142, 2021-06-16T10:45:26.5832220+08:00, 0, -0.07588875, 4.17663, 1, 1, 1, False
323.9181, 2021-06-16T10:45:26.5870660+08:00, 0, -0.07588875, 4.17663, 1, 1, 1, False
323.9222, 2021-06-16T10:45:26.5912560+08:00, 0, -0.07588875, 4.17663, 1, 1, 1, False
323.9262, 2021-06-16T10:45:26.5953680+08:00, 0, -0.07588875, 4.17663, 1, 1, 1, False
323.9299, 2021-06-16T10:45:26.5989500+08:00, 0, -0.07588875, 4.17663, 1, 1, 1, False
323.9343, 2021-06-16T10:45:26.6032870+08:00, 0, -0.07588875, 4.17663, 1, 1, 1, False
323.9381, 2021-06-16T10:45:26.6071350+08:00, 0, -0.07588875, 4.17663, 1, 1, 1, False
323.9423, 2021-06-16T10:45:26.6113490+08:00, 0, -0.07588875, 4.17663, 1, 1, 1, False
323.9458, 2021-06-16T10:45:26.6148300+08:00, 0, -0.07588875, 4.17663, 1, 1, 1, False
323.9502, 2021-06-16T10:45:26.6192020+08:00, 0, -0.07588875, 4.17663, 1, 1, 1, False
323.9541, 2021-06-16T10:45:26.6231620+08:00, 0, -0.07588875, 4.17663, 1, 1, 1, False
323.9581, 2021-06-16T10:45:26.6271470+08:00, 0, -0.07588875, 4.17663, 1, 1, 1, False
323.9622, 2021-06-16T10:45:26.6312540+08:00, 0, -0.07588875, 4.17663, 1, 1, 1, False
323.9661, 2021-06-16T10:45:26.6351340+08:00, 0, -0.07588875, 4.17663, 1, 1, 1, False
323.9701, 2021-06-16T10:45:26.6390930+08:00, 0, -0.07588875, 4.17663, 1, 1, 1, False
323.9746, 2021-06-16T10:45:26.6437460+08:00, 0, -0.07588875, 4.17663, 1, 1, 1, False
324.0105, 2021-06-16T10:45:26.6795850+08:00, 0, -0.07588875, 4.17663, 1, 1, 1, False
324.0139, 2021-06-16T10:45:26.6829080+08:00, 0, -0.07588875, 4.17663, 1, 1, 1, False
324.0179, 2021-06-16T10:45:26.6869590+08:00, 0, -0.07588875, 4.17663, 1, 1, 1, False
324.0222, 2021-06-16T10:45:26.6911990+08:00, 0, -0.07588875, 4.17663, 1, 1, 1, False
324.0261, 2021-06-16T10:45:26.6950660+08:00, 0, -0.07588875, 4.17663, 1, 1, 1, False
324.0301, 2021-06-16T10:45:26.6990730+08:00, 0, -0.07588875, 4.17663, 1, 1, 1, False
324.0343, 2021-06-16T10:45:26.7033350+08:00, 0, -0.07588875, 4.17663, 1, 1, 1, False
324.0381, 2021-06-16T10:45:26.7071300+08:00, 0, -0.07588875, 4.17663, 1, 1, 1, False
324.0419, 2021-06-16T10:45:26.7109370+08:00, 0, -0.07588875, 4.17663, 1, 1, 1, False
324.0461, 2021-06-16T10:45:26.7151770+08:00, 0, -0.07588875, 4.17663, 1, 1, 1, False
324.0501, 2021-06-16T10:45:26.7191690+08:00, 0, -0.07588875, 4.17663, 1, 1, 1, False
324.0541, 2021-06-16T10:45:26.7230890+08:00, 0, -0.07588875, 4.17663, 1, 1, 1, False
324.0582, 2021-06-16T10:45:26.7271610+08:00, 0, -0.07588875, 4.17663, 1, 1, 1, False
324.0621, 2021-06-16T10:45:26.7311470+08:00, 0, -0.07588875, 4.17663, 1, 1, 1, False
324.0661, 2021-06-16T10:45:26.7350910+08:00, 0, -0.07588875, 4.17663, 1, 1, 1, False
324.0699, 2021-06-16T10:45:26.7389850+08:00, 0, -0.07588875, 4.17663, 1, 1, 1, False
324.0742, 2021-06-16T10:45:26.7432930+08:00, 0, -0.07588875, 4.17663, 1, 1, 1, False
324.0781, 2021-06-16T10:45:26.7471040+08:00, 0, -0.07588875, 4.17663, 1, 1, 1, False
324.0821, 2021-06-16T10:45:26.7511050+08:00, 0, -0.07588875, 4.17663, 1, 1, 1, False
324.0862, 2021-06-16T10:45:26.7551820+08:00, 0, -0.07588875, 4.17663, 1, 1, 1, False
324.0901, 2021-06-16T10:45:26.7592200+08:00, 0, -0.07588875, 4.17663, 1, 1, 1, False
324.0939, 2021-06-16T10:45:26.7628860+08:00, 0, -0.07588875, 4.17663, 1, 1, 1, False
324.0981, 2021-06-16T10:45:26.7670690+08:00, 0, -0.07588875, 4.17663, 1, 1, 1, False
324.1022, 2021-06-16T10:45:26.7712460+08:00, 0, -0.07588875, 4.17663, 1, 1, 1, False
324.1061, 2021-06-16T10:45:26.7751530+08:00, 0, -0.07588875, 4.17663, 1, 1, 1, False
324.1102, 2021-06-16T10:45:26.7791870+08:00, 0, -0.07588875, 4.17663, 1, 1, 1, False
324.1141, 2021-06-16T10:45:26.7831500+08:00, 0, -0.07588875, 4.17663, 1, 1, 1, False
324.1183, 2021-06-16T10:45:26.7873050+08:00, 0, -0.07588875, 4.17663, 1, 1, 1, False
324.1221, 2021-06-16T10:45:26.7911180+08:00, 0, -0.07588875, 4.17663, 1, 1, 1, False
324.1261, 2021-06-16T10:45:26.7951240+08:00, 0, -0.07588875, 4.17663, 1, 1, 1, False
324.1305, 2021-06-16T10:45:26.7994560+08:00, 0, -0.07588875, 4.17663, 1, 1, 1, False
324.1631, 2021-06-16T10:45:26.8321120+08:00, 0, -0.07588875, 4.17663, 1, 1, 1, False
324.166, 2021-06-16T10:45:26.8349950+08:00, 0, -0.07588875, 4.17663, 1, 1, 1, False
324.1699, 2021-06-16T10:45:26.8388640+08:00, 0, -0.07588875, 4.17663, 1, 1, 1, False
324.1739, 2021-06-16T10:45:26.8428780+08:00, 0, -0.07588875, 4.17663, 1, 1, 1, False
324.178, 2021-06-16T10:45:26.8470410+08:00, 0, -0.07588875, 4.17663, 1, 1, 1, False
324.1822, 2021-06-16T10:45:26.8513170+08:00, 0, -0.07588875, 4.17663, 1, 1, 1, False
324.1862, 2021-06-16T10:45:26.8551830+08:00, 0, -0.07588875, 4.17663, 1, 1, 1, False
324.192, 2021-06-16T10:45:26.8610620+08:00, 0, -0.07588875, 4.17663, 1, 1, 1, False
324.2357, 2021-06-16T10:45:26.9048600+08:00, 0, -0.07588875, 4.17663, 1, 1, 1, False
324.2381, 2021-06-16T10:45:26.9070760+08:00, 0, -0.07588875, 4.17663, 1, 1, 1, False
324.2421, 2021-06-16T10:45:26.9111370+08:00, 0, -0.07588875, 4.17663, 1, 1, 1, False
324.2464, 2021-06-16T10:45:26.9153880+08:00, 0, -0.07588875, 4.17663, 1, 1, 1, False
324.2502, 2021-06-16T10:45:26.9192590+08:00, 0, -0.07588875, 4.17663, 1, 1, 1, False
324.254, 2021-06-16T10:45:26.9230020+08:00, 0, -0.07588875, 4.17663, 1, 1, 1, False
324.2581, 2021-06-16T10:45:26.9270850+08:00, 0, -0.07588875, 4.17663, 1, 1, 1, False
324.2621, 2021-06-16T10:45:26.9312190+08:00, 0, -0.07588875, 4.17663, 1, 1, 1, False
324.2662, 2021-06-16T10:45:26.9352500+08:00, 0, -0.07588875, 4.17663, 1, 1, 1, False
324.2701, 2021-06-16T10:45:26.9390830+08:00, 0, -0.07588875, 4.17663, 1, 1, 1, False
324.2739, 2021-06-16T10:45:26.9429400+08:00, 0, -0.07588875, 4.17663, 1, 1, 1, False
324.2932, 2021-06-16T10:45:26.9624730+08:00, 0, -0.07588875, 4.17663, 1, 1, 1, False
324.2984, 2021-06-16T10:45:26.9674170+08:00, 0, -0.07588875, 4.17663, 1, 1, 1, False
324.3177, 2021-06-16T10:45:26.9869460+08:00, 0, -0.07588875, 4.17663, 1, 1, 1, False
324.3415, 2021-06-16T10:45:27.0107080+08:00, 0, -0.07588875, 4.17663, 1, 1, 1, False
324.3654, 2021-06-16T10:45:27.0346020+08:00, 0, -0.07588875, 4.17663, 1, 1, 1, False
324.3855, 2021-06-16T10:45:27.0547560+08:00, 0, -0.07588875, 4.17663, 1, 1, 1, False
324.4055, 2021-06-16T10:45:27.0746140+08:00, 0, -0.07588875, 4.17663, 1, 1, 1, False
324.4252, 2021-06-16T10:45:27.0944930+08:00, 0, -0.07588875, 4.17663, 1, 1, 1, False
324.4302, 2021-06-16T10:45:27.0992690+08:00, 0, -0.07588875, 4.17663, 1, 1, 1, False
324.4342, 2021-06-16T10:45:27.1032850+08:00, 0, -0.07588875, 4.17663, 1, 1, 1, False
324.4382, 2021-06-16T10:45:27.1072010+08:00, 0, -0.07588875, 4.17663, 1, 1, 1, False
324.4423, 2021-06-16T10:45:27.1113860+08:00, 0, -0.07588875, 4.17663, 1, 1, 1, False
324.4865, 2021-06-16T10:45:27.1557750+08:00, 0, -0.07588875, 4.17663, 1, 1, 1, False
324.4907, 2021-06-16T10:45:27.1597990+08:00, 0, -0.07588875, 4.17663, 1, 1, 1, False
324.494, 2021-06-16T10:45:27.1629750+08:00, 0, -0.07588875, 4.17663, 1, 1, 1, False
324.4981, 2021-06-16T10:45:27.1671560+08:00, 0, -0.07588875, 4.17663, 1, 1, 1, False
324.5022, 2021-06-16T10:45:27.1712670+08:00, 0, -0.07588875, 4.17663, 1, 1, 1, False
324.5065, 2021-06-16T10:45:27.1755340+08:00, 0, -0.07588875, 4.17663, 1, 1, 1, False
324.5099, 2021-06-16T10:45:27.1788920+08:00, 0, -0.07588875, 4.17663, 1, 1, 1, False
324.5143, 2021-06-16T10:45:27.1832710+08:00, 0, -0.07588875, 4.17663, 1, 1, 1, False
324.5182, 2021-06-16T10:45:27.1872570+08:00, 0, -0.07588875, 4.17663, 1, 1, 1, False
324.5221, 2021-06-16T10:45:27.1911550+08:00, 0, -0.07588875, 4.17663, 1, 1, 1, False
324.5261, 2021-06-16T10:45:27.1951990+08:00, 0, -0.07588875, 4.17663, 1, 1, 1, False
324.5303, 2021-06-16T10:45:27.1993150+08:00, 0, -0.07588875, 4.17663, 1, 1, 1, False
324.534, 2021-06-16T10:45:27.2030400+08:00, 0, -0.07588875, 4.17663, 1, 1, 1, False
324.5381, 2021-06-16T10:45:27.2070780+08:00, 0, -0.07588875, 4.17663, 1, 1, 1, False
324.5421, 2021-06-16T10:45:27.2111480+08:00, 0, -0.07588875, 4.17663, 1, 1, 1, False
324.546, 2021-06-16T10:45:27.2149780+08:00, 0, -0.07588875, 4.17663, 1, 1, 1, False
324.5502, 2021-06-16T10:45:27.2191900+08:00, 0, -0.07588875, 4.17663, 1, 1, 1, False
324.5562, 2021-06-16T10:45:27.2255850+08:00, 0, -0.07588875, 4.17663, 1, 1, 1, False
324.5579, 2021-06-16T10:45:27.2268800+08:00, 0, -0.07588875, 4.17663, 1, 1, 1, False
324.5622, 2021-06-16T10:45:27.2312360+08:00, 0, -0.07588875, 4.17663, 1, 1, 1, False
324.5712, 2021-06-16T10:45:27.2403300+08:00, 0, -0.07588875, 4.17663, 1, 1, 1, False
324.5874, 2021-06-16T10:45:27.2564670+08:00, 0, -0.07588875, 4.17663, 1, 1, 1, False
324.6026, 2021-06-16T10:45:27.2718670+08:00, 0, -0.07588875, 4.17663, 1, 1, 1, False
324.6173, 2021-06-16T10:45:27.2865620+08:00, 0, -0.07588875, 4.17663, 1, 1, 1, False
324.6321, 2021-06-16T10:45:27.3013550+08:00, 0, -0.07588875, 4.17663, 1, 1, 1, False
324.6343, 2021-06-16T10:45:27.3033770+08:00, 0, -0.07588875, 4.17663, 1, 1, 1, False
324.6469, 2021-06-16T10:45:27.3161740+08:00, 0, -0.07588875, 4.17663, 1, 1, 1, False
324.6605, 2021-06-16T10:45:27.3298490+08:00, 0, -0.07588875, 4.17663, 1, 1, 1, False
324.6748, 2021-06-16T10:45:27.3440010+08:00, 0, -0.07588875, 4.17663, 1, 1, 1, False
324.6888, 2021-06-16T10:45:27.3581310+08:00, 0, -0.07588875, 4.17663, 1, 1, 1, False
324.6947, 2021-06-16T10:45:27.3638690+08:00, 0, -0.07588875, 4.17663, 1, 1, 1, False
324.7383, 2021-06-16T10:45:27.4074500+08:00, 0, -0.07588875, 4.17663, 1, 1, 1, False
324.7423, 2021-06-16T10:45:27.4114210+08:00, 0, -0.07588875, 4.17663, 1, 1, 1, False
324.7461, 2021-06-16T10:45:27.4151570+08:00, 0, -0.07588875, 4.17663, 1, 1, 1, False
324.7502, 2021-06-16T10:45:27.4191700+08:00, 0, -0.07588875, 4.17663, 1, 1, 1, False
324.7542, 2021-06-16T10:45:27.4231660+08:00, 0, -0.07588875, 4.17663, 1, 1, 1, False
324.7581, 2021-06-16T10:45:27.4270970+08:00, 0, -0.07588875, 4.17663, 1, 1, 1, False
324.7621, 2021-06-16T10:45:27.4311050+08:00, 0, -0.07588875, 4.17663, 1, 1, 1, False
324.7661, 2021-06-16T10:45:27.4351260+08:00, 0, -0.07588875, 4.17663, 1, 1, 1, False
324.77, 2021-06-16T10:45:27.4390360+08:00, 0, -0.07588875, 4.17663, 1, 1, 1, False
324.774, 2021-06-16T10:45:27.4429750+08:00, 0, -0.07588875, 4.17663, 1, 1, 1, False
324.7785, 2021-06-16T10:45:27.4475630+08:00, 0, -0.07588875, 4.17663, 1, 1, 1, False
324.7819, 2021-06-16T10:45:27.4509310+08:00, 0, -0.07588875, 4.17663, 1, 1, 1, False
324.7866, 2021-06-16T10:45:27.4556270+08:00, 0, -0.07588875, 4.17663, 1, 1, 1, False
324.7928, 2021-06-16T10:45:27.4620750+08:00, 0, -0.07588875, 4.17663, 1, 1, 1, False
324.7986, 2021-06-16T10:45:27.4676090+08:00, 0, -0.07588875, 4.17663, 1, 1, 1, False
324.8075, 2021-06-16T10:45:27.4774010+08:00, 0, -0.07588875, 4.17663, 1, 1, 1, False
324.8108, 2021-06-16T10:45:27.4798400+08:00, 0, -0.07588875, 4.17663, 1, 1, 1, False
324.8217, 2021-06-16T10:45:27.4911410+08:00, 0, -0.07588875, 4.17663, 1, 1, 1, False
324.8263, 2021-06-16T10:45:27.4953540+08:00, 0, -0.07588875, 4.17663, 1, 1, 1, False
324.8364, 2021-06-16T10:45:27.5056100+08:00, 0, -0.07588875, 4.17663, 1, 1, 1, False
324.8388, 2021-06-16T10:45:27.5078770+08:00, 0, -0.07588875, 4.17663, 1, 1, 1, False
324.8503, 2021-06-16T10:45:27.5195540+08:00, 0, -0.07588875, 4.17663, 1, 1, 1, False
324.8542, 2021-06-16T10:45:27.5232040+08:00, 0, -0.07588875, 4.17663, 1, 1, 1, False
324.8645, 2021-06-16T10:45:27.5336350+08:00, 0, -0.07588875, 4.17663, 1, 1, 1, False
324.8663, 2021-06-16T10:45:27.5352850+08:00, 0, -0.07588875, 4.17663, 1, 1, 1, False
324.8791, 2021-06-16T10:45:27.5482370+08:00, 0, -0.07588875, 4.17663, 1, 1, 1, False
324.8822, 2021-06-16T10:45:27.5513420+08:00, 0, -0.07588875, 4.17663, 1, 1, 1, False
324.8924, 2021-06-16T10:45:27.5614600+08:00, 0, -0.07588875, 4.17663, 1, 1, 1, False
324.8942, 2021-06-16T10:45:27.5634070+08:00, 0, -0.07588875, 4.17663, 1, 1, 1, False
324.9071, 2021-06-16T10:45:27.5763620+08:00, 0, -0.07588875, 4.17663, 1, 1, 1, False
324.911, 2021-06-16T10:45:27.5800450+08:00, 0, -0.07588875, 4.17663, 1, 1, 1, False
324.9581, 2021-06-16T10:45:27.6271760+08:00, 0, -0.07588875, 4.17663, 1, 1, 1, False
324.9663, 2021-06-16T10:45:27.6353940+08:00, 0, -0.07588875, 4.17663, 1, 1, 1, False
324.9715, 2021-06-16T10:45:27.6406200+08:00, 0, -0.07588875, 4.17663, 1, 1, 1, False
324.9738, 2021-06-16T10:45:27.6428530+08:00, 0, -0.07588875, 4.17663, 1, 1, 1, False
324.9782, 2021-06-16T10:45:27.6472500+08:00, 0, -0.07588875, 4.17663, 1, 1, 1, False
324.9822, 2021-06-16T10:45:27.6512810+08:00, 0, -0.07588875, 4.17663, 1, 1, 1, False
324.9863, 2021-06-16T10:45:27.6553530+08:00, 0, -0.07588875, 4.17663, 1, 1, 1, False
324.9906, 2021-06-16T10:45:27.6596410+08:00, 0, -0.07588875, 4.17663, 1, 1, 1, False
324.9986, 2021-06-16T10:45:27.6677720+08:00, 0, -0.07588875, 4.17663, 1, 1, 1, False
325.002, 2021-06-16T10:45:27.6711010+08:00, 0, -0.07588875, 4.17663, 1, 1, 1, False
325.0063, 2021-06-16T10:45:27.6752840+08:00, 0, -0.07588875, 4.17663, 1, 1, 1, False
325.0101, 2021-06-16T10:45:27.6792200+08:00, 0, -0.07588875, 4.17663, 1, 1, 1, False
325.0144, 2021-06-16T10:45:27.6834590+08:00, 0, -0.07588875, 4.17663, 1, 1, 1, False
325.0181, 2021-06-16T10:45:27.6871130+08:00, 0, -0.07588875, 4.17663, 1, 1, 1, False
325.0222, 2021-06-16T10:45:27.6912710+08:00, 0, -0.07588875, 4.17663, 1, 1, 1, False
325.0262, 2021-06-16T10:45:27.6953140+08:00, 0, -0.07588875, 4.17663, 1, 1, 1, False
325.0302, 2021-06-16T10:45:27.6991680+08:00, 0, -0.07588875, 4.17663, 1, 1, 1, False
325.0343, 2021-06-16T10:45:27.7033600+08:00, 0, -0.07588875, 4.17663, 1, 1, 1, False
325.038, 2021-06-16T10:45:27.7070210+08:00, 0, -0.07588875, 4.17663, 1, 1, 1, False
325.0422, 2021-06-16T10:45:27.7113320+08:00, 0, -0.07588875, 4.17663, 1, 1, 1, False
325.0463, 2021-06-16T10:45:27.7152910+08:00, 0, -0.07588875, 4.17663, 1, 1, 1, False
325.05, 2021-06-16T10:45:27.7190020+08:00, 0, -0.07588875, 4.17663, 1, 1, 1, False
325.0538, 2021-06-16T10:45:27.7228240+08:00, 0, -0.07588875, 4.17663, 1, 1, 1, False
325.0583, 2021-06-16T10:45:27.7273680+08:00, 0, -0.07588875, 4.17663, 1, 1, 1, False
325.0622, 2021-06-16T10:45:27.7311890+08:00, 0, -0.07588875, 4.17663, 1, 1, 1, False
325.0661, 2021-06-16T10:45:27.7350770+08:00, 0, -0.07588875, 4.17663, 1, 1, 1, False
325.0701, 2021-06-16T10:45:27.7391350+08:00, 0, -0.07588875, 4.17663, 1, 1, 1, False
325.0739, 2021-06-16T10:45:27.7429290+08:00, 0, -0.07588875, 4.17663, 1, 1, 1, False
325.0781, 2021-06-16T10:45:27.7470590+08:00, 0, -0.07588875, 4.17663, 1, 1, 1, False
325.0821, 2021-06-16T10:45:27.7511380+08:00, 0, -0.07588875, 4.17663, 1, 1, 1, False
325.086, 2021-06-16T10:45:27.7549640+08:00, 0, -0.07588875, 4.17663, 1, 1, 1, False
325.1182, 2021-06-16T10:45:27.7874140+08:00, 0, -0.07588875, 4.17663, 1, 1, 1, False
325.1219, 2021-06-16T10:45:27.7909290+08:00, 0, -0.07588875, 4.17663, 1, 1, 1, False
325.126, 2021-06-16T10:45:27.7950390+08:00, 0, -0.07588875, 4.17663, 1, 1, 1, False
325.1301, 2021-06-16T10:45:27.7991560+08:00, 0, -0.07588875, 4.17663, 1, 1, 1, False
325.1338, 2021-06-16T10:45:27.8027830+08:00, 0, -0.07588875, 4.17663, 1, 1, 1, False
325.1383, 2021-06-16T10:45:27.8072940+08:00, 0, -0.07588875, 4.17663, 1, 1, 1, False
325.1422, 2021-06-16T10:45:27.8111950+08:00, 0, -0.07588875, 4.17663, 1, 1, 1, False
325.1461, 2021-06-16T10:45:27.8150590+08:00, 0, -0.07588875, 4.17663, 1, 1, 1, False
325.15, 2021-06-16T10:45:27.8190180+08:00, 0, -0.07588875, 4.17663, 1, 1, 1, False
325.154, 2021-06-16T10:45:27.8230170+08:00, 0, -0.07588875, 4.17663, 1, 1, 1, False
325.1581, 2021-06-16T10:45:27.8270770+08:00, 0, -0.07588875, 4.17663, 1, 1, 1, False
325.1621, 2021-06-16T10:45:27.8310970+08:00, 0, -0.07588875, 4.17663, 1, 1, 1, False
325.1662, 2021-06-16T10:45:27.8351880+08:00, 0, -0.07588875, 4.17663, 1, 1, 1, False
325.1698, 2021-06-16T10:45:27.8387790+08:00, 0, -0.07588875, 4.17663, 1, 1, 1, False
325.1741, 2021-06-16T10:45:27.8431070+08:00, 0, -0.07588875, 4.17663, 1, 1, 1, False
325.1783, 2021-06-16T10:45:27.8472910+08:00, 0, -0.07588875, 4.17663, 1, 1, 1, False
325.1821, 2021-06-16T10:45:27.8511390+08:00, 0, -0.07588875, 4.17663, 1, 1, 1, False
325.1861, 2021-06-16T10:45:27.8550890+08:00, 0, -0.07588875, 4.17663, 1, 1, 1, False
325.1901, 2021-06-16T10:45:27.8592050+08:00, 0, -0.07588875, 4.17663, 1, 1, 1, False
325.1938, 2021-06-16T10:45:27.8627680+08:00, 0, -0.07588875, 4.17663, 1, 1, 1, False
325.1984, 2021-06-16T10:45:27.8673910+08:00, 0, -0.07588875, 4.17663, 1, 1, 1, False
325.2018, 2021-06-16T10:45:27.8707680+08:00, 0, -0.07588875, 4.17663, 1, 1, 1, False
325.2062, 2021-06-16T10:45:27.8752350+08:00, 0, -0.07588875, 4.17663, 1, 1, 1, False
325.2099, 2021-06-16T10:45:27.8788890+08:00, 0, -0.07588875, 4.17663, 1, 1, 1, False
325.2142, 2021-06-16T10:45:27.8832310+08:00, 0, -0.07588875, 4.17663, 1, 1, 1, False
325.2181, 2021-06-16T10:45:27.8871450+08:00, 0, -0.07588875, 4.17663, 1, 1, 1, False
325.2221, 2021-06-16T10:45:27.8910930+08:00, 0, -0.07588875, 4.17663, 1, 1, 1, False
325.2261, 2021-06-16T10:45:27.8951010+08:00, 0, -0.07588875, 4.17663, 1, 1, 1, False
325.2301, 2021-06-16T10:45:27.8991550+08:00, 0, -0.07588875, 4.17663, 1, 1, 1, False
325.234, 2021-06-16T10:45:27.9030560+08:00, 0, -0.07588875, 4.17663, 1, 1, 1, False
325.2382, 2021-06-16T10:45:27.9072290+08:00, 0, -0.07588875, 4.17663, 1, 1, 1, False
325.2701, 2021-06-16T10:45:27.9391490+08:00, 0, -0.07588875, 4.17663, 1, 1, 1, False
325.2739, 2021-06-16T10:45:27.9429530+08:00, 0, -0.07588875, 4.17663, 1, 1, 1, False
325.2778, 2021-06-16T10:45:27.9468800+08:00, 0, -0.07588875, 4.17663, 1, 1, 1, False
325.2849, 2021-06-16T10:45:27.9539360+08:00, 0, -0.07588875, 4.17663, 1, 1, 1, False
325.2901, 2021-06-16T10:45:27.9591060+08:00, 0, -0.07588875, 4.17663, 1, 1, 1, False
325.2942, 2021-06-16T10:45:27.9631690+08:00, 0, -0.07588875, 4.17663, 1, 1, 1, False
325.2981, 2021-06-16T10:45:27.9670720+08:00, 0, -0.07588875, 4.17663, 1, 1, 1, False
325.3023, 2021-06-16T10:45:27.9713750+08:00, 0, -0.07588875, 4.17663, 1, 1, 1, False
325.3062, 2021-06-16T10:45:27.9752030+08:00, 0, -0.07588875, 4.17663, 1, 1, 1, False
325.3101, 2021-06-16T10:45:27.9791320+08:00, 0, -0.07588875, 4.17663, 1, 1, 1, False
325.3142, 2021-06-16T10:45:27.9832150+08:00, 0, -0.07588875, 4.17663, 1, 1, 1, False
325.3183, 2021-06-16T10:45:27.9873570+08:00, 0, -0.07588875, 4.17663, 1, 1, 1, False
325.3221, 2021-06-16T10:45:27.9910690+08:00, 0, -0.07588875, 4.17663, 1, 1, 1, False
325.3261, 2021-06-16T10:45:27.9951620+08:00, 0, -0.07588875, 4.17663, 1, 1, 1, False
325.3302, 2021-06-16T10:45:27.9992120+08:00, 0, -0.07588875, 4.17663, 1, 1, 1, False
325.334, 2021-06-16T10:45:28.0030190+08:00, 0, -0.07588875, 4.17663, 1, 1, 1, False
325.338, 2021-06-16T10:45:28.0071390+08:00, 0, -0.07588875, 4.17663, 1, 1, 1, False
325.3422, 2021-06-16T10:45:28.0112220+08:00, 0, -0.07588875, 4.17663, 1, 1, 1, False
325.3462, 2021-06-16T10:45:28.0152210+08:00, 0, -0.07588875, 4.17663, 1, 1, 1, False
325.3502, 2021-06-16T10:45:28.0192480+08:00, 0, -0.07588875, 4.17663, 1, 1, 1, False
325.354, 2021-06-16T10:45:28.0230560+08:00, 0, -0.07588875, 4.17663, 1, 1, 1, False
325.3581, 2021-06-16T10:45:28.0271520+08:00, 0, -0.07588875, 4.17663, 1, 1, 1, False
325.3622, 2021-06-16T10:45:28.0311930+08:00, 0, -0.07588875, 4.17663, 1, 1, 1, False
325.3663, 2021-06-16T10:45:28.0353600+08:00, 0, -0.07588875, 4.17663, 1, 1, 1, False
325.3698, 2021-06-16T10:45:28.0388330+08:00, 0, -0.07588875, 4.17663, 1, 1, 1, False
325.3745, 2021-06-16T10:45:28.0434730+08:00, 0, -0.07588875, 4.17663, 1, 1, 1, False
325.3781, 2021-06-16T10:45:28.0471680+08:00, 0, -0.07588875, 4.17663, 1, 1, 1, False
325.3824, 2021-06-16T10:45:28.0514590+08:00, 0, -0.07588875, 4.17663, 1, 1, 1, False
325.3861, 2021-06-16T10:45:28.0550820+08:00, 0, -0.07588875, 4.17663, 1, 1, 1, False
325.3901, 2021-06-16T10:45:28.0591400+08:00, 0, -0.07588875, 4.17663, 1, 1, 1, False
325.3944, 2021-06-16T10:45:28.0634520+08:00, 0, -0.07588875, 4.17663, 1, 1, 1, False
325.4371, 2021-06-16T10:45:28.1062160+08:00, 0, -0.07588875, 4.17663, 1, 1, 1, False
325.447, 2021-06-16T10:45:28.1160320+08:00, 0, -0.07588875, 4.17663, 1, 1, 1, False
325.4501, 2021-06-16T10:45:28.1191390+08:00, 0, -0.07588875, 4.17663, 1, 1, 1, False
325.454, 2021-06-16T10:45:28.1230270+08:00, 0, -0.07588875, 4.17663, 1, 1, 1, False
325.4585, 2021-06-16T10:45:28.1276760+08:00, 0, -0.07588875, 4.17663, 1, 1, 1, False
325.4626, 2021-06-16T10:45:28.1316580+08:00, 0, -0.07588875, 4.17663, 1, 1, 1, False
325.4719, 2021-06-16T10:45:28.1410250+08:00, 0, -0.07588875, 4.17663, 1, 1, 1, False
325.486, 2021-06-16T10:45:28.1554020+08:00, 0, -0.07588875, 4.17663, 1, 1, 1, False
325.5005, 2021-06-16T10:45:28.1726420+08:00, 0, -0.07588875, 4.17663, 1, 1, 1, False
325.5155, 2021-06-16T10:45:28.1877220+08:00, 0, -0.07588875, 4.17663, 1, 1, 1, False
325.5284, 2021-06-16T10:45:28.2005020+08:00, 0, -0.07588875, 4.17663, 1, 1, 1, False
325.5427, 2021-06-16T10:45:28.2206430+08:00, 0, -0.07588875, 4.17663, 1, 1, 1, False
325.5588, 2021-06-16T10:45:28.2278550+08:00, 0, -0.07588875, 4.17663, 1, 1, 1, False
325.5723, 2021-06-16T10:45:28.2416270+08:00, 0, -0.07588875, 4.17663, 1, 1, 1, False
325.5857, 2021-06-16T10:45:28.2550400+08:00, 0, -0.07588875, 4.17663, 1, 1, 1, False
325.5995, 2021-06-16T10:45:28.2686460+08:00, 0, -0.07588875, 4.17663, 1, 1, 1, False
325.6141, 2021-06-16T10:45:28.2832850+08:00, 0, -0.07588875, 4.17663, 1, 1, 1, False
325.6277, 2021-06-16T10:45:28.2970700+08:00, 0, -0.07588875, 4.17663, 1, 1, 1, False
325.6417, 2021-06-16T10:45:28.3108190+08:00, 0, -0.07588875, 4.17663, 1, 1, 1, False
325.6555, 2021-06-16T10:45:28.3246740+08:00, 0, -0.07588875, 4.17663, 1, 1, 1, False
325.6694, 2021-06-16T10:45:28.3385850+08:00, 0, -0.07588875, 4.17663, 1, 1, 1, False
325.6846, 2021-06-16T10:45:28.3539270+08:00, 0, -0.07588875, 4.17663, 1, 1, 1, False
325.698, 2021-06-16T10:45:28.3672010+08:00, 0, -0.07588875, 4.17663, 1, 1, 1, False
325.7122, 2021-06-16T10:45:28.3814550+08:00, 0, -0.07588875, 4.17663, 1, 1, 1, False
325.7266, 2021-06-16T10:45:28.3958210+08:00, 0, -0.07588875, 4.17663, 1, 1, 1, False
325.7402, 2021-06-16T10:45:28.4094560+08:00, 0, -0.07588875, 4.17663, 1, 1, 1, False
325.7546, 2021-06-16T10:45:28.4238500+08:00, 0, -0.07588875, 4.17663, 1, 1, 1, False
325.7688, 2021-06-16T10:45:28.4380300+08:00, 0, -0.07588875, 4.17663, 1, 1, 1, False
325.7831, 2021-06-16T10:45:28.4523400+08:00, 0, -0.07588875, 4.17663, 1, 1, 1, False
325.7974, 2021-06-16T10:45:28.4665600+08:00, 0, -0.07588875, 4.17663, 1, 1, 1, False
325.8106, 2021-06-16T10:45:28.4797080+08:00, 0, -0.07588875, 4.17663, 1, 1, 1, False
325.8503, 2021-06-16T10:45:28.5193760+08:00, 0, -0.07588875, 4.17663, 1, 1, 1, False
325.8541, 2021-06-16T10:45:28.5231300+08:00, 0, -0.07588875, 4.17663, 1, 1, 1, False
325.8583, 2021-06-16T10:45:28.5273390+08:00, 0, -0.07588875, 4.17663, 1, 1, 1, False
325.8674, 2021-06-16T10:45:28.5365790+08:00, 0, -0.07588875, 4.17663, 1, 1, 1, False
325.8871, 2021-06-16T10:45:28.5563730+08:00, 0, -0.07588875, 4.17663, 1, 1, 1, False
325.9015, 2021-06-16T10:45:28.5707190+08:00, 0, -0.07588875, 4.17663, 1, 1, 1, False
325.9148, 2021-06-16T10:45:28.5838610+08:00, 0, -0.07588875, 4.17663, 1, 1, 1, False
325.9289, 2021-06-16T10:45:28.5981910+08:00, 0, -0.07588875, 4.17663, 1, 1, 1, False
325.9444, 2021-06-16T10:45:28.6136880+08:00, 0, -0.07588875, 4.17663, 1, 1, 1, False
325.9585, 2021-06-16T10:45:28.6275070+08:00, 0, -0.07588875, 4.17663, 1, 1, 1, False
325.9716, 2021-06-16T10:45:28.6409160+08:00, 0, -0.07588875, 4.17663, 1, 1, 1, False
325.986, 2021-06-16T10:45:28.6550960+08:00, 0, -0.07588875, 4.17663, 1, 1, 1, False
326.0008, 2021-06-16T10:45:28.6700530+08:00, 0, -0.07588875, 4.17663, 1, 1, 1, False
326.0141, 2021-06-16T10:45:28.6833100+08:00, 0, -0.07588875, 4.17663, 1, 1, 1, False
326.0283, 2021-06-16T10:45:28.6974940+08:00, 0, -0.07588875, 4.17663, 1, 1, 1, False
326.0301, 2021-06-16T10:45:28.6991470+08:00, 0, -0.07588875, 4.17663, 1, 1, 1, False
326.0343, 2021-06-16T10:45:28.7032910+08:00, 0, -0.07588875, 4.17663, 1, 1, 1, False
326.0382, 2021-06-16T10:45:28.7072250+08:00, 0, -0.07588875, 4.17663, 1, 1, 1, False
326.0424, 2021-06-16T10:45:28.7116310+08:00, 0, -0.07588875, 4.17663, 1, 1, 1, False
326.0462, 2021-06-16T10:45:28.7152200+08:00, 0, -0.07588875, 4.17663, 1, 1, 1, False
326.0502, 2021-06-16T10:45:28.7192130+08:00, 0, -0.07588875, 4.17663, 1, 1, 1, False
326.054, 2021-06-16T10:45:28.7229500+08:00, 0, -0.07588875, 4.17663, 1, 1, 1, False
326.0582, 2021-06-16T10:45:28.7272400+08:00, 0, -0.07588875, 4.17663, 1, 1, 1, False
326.0623, 2021-06-16T10:45:28.7313260+08:00, 0, -0.07588875, 4.17663, 1, 1, 1, False
326.0662, 2021-06-16T10:45:28.7351680+08:00, 0, -0.07588875, 4.17663, 1, 1, 1, False
326.0704, 2021-06-16T10:45:28.7394880+08:00, 0, -0.07588875, 4.17663, 1, 1, 1, False
326.0741, 2021-06-16T10:45:28.7431210+08:00, 0, -0.07588875, 4.17663, 1, 1, 1, False
326.0781, 2021-06-16T10:45:28.7470790+08:00, 0, -0.07588875, 4.17663, 1, 1, 1, False
326.0823, 2021-06-16T10:45:28.7513330+08:00, 0, -0.07588875, 4.17663, 1, 1, 1, False
326.0862, 2021-06-16T10:45:28.7552500+08:00, 0, -0.07588875, 4.17663, 1, 1, 1, False
326.0903, 2021-06-16T10:45:28.7593410+08:00, 0, -0.07588875, 4.17663, 1, 1, 1, False
326.122, 2021-06-16T10:45:28.7911160+08:00, 0, -0.07588875, 4.17663, 1, 1, 1, False
326.1261, 2021-06-16T10:45:28.7950960+08:00, 0, -0.07588875, 4.17663, 1, 1, 1, False
326.1299, 2021-06-16T10:45:28.7989340+08:00, 0, -0.07588875, 4.17663, 1, 1, 1, False
326.1339, 2021-06-16T10:45:28.8028470+08:00, 0, -0.07588875, 4.17663, 1, 1, 1, False
326.1378, 2021-06-16T10:45:28.8067770+08:00, 0, -0.07588875, 4.17663, 1, 1, 1, False
326.1421, 2021-06-16T10:45:28.8111360+08:00, 0, -0.07588875, 4.17663, 1, 1, 1, False
326.1459, 2021-06-16T10:45:28.8149420+08:00, 0, -0.07588875, 4.17663, 1, 1, 1, False
326.1501, 2021-06-16T10:45:28.8190620+08:00, 0, -0.07588875, 4.17663, 1, 1, 1, False
326.1541, 2021-06-16T10:45:28.8230880+08:00, 0, -0.07588875, 4.17663, 1, 1, 1, False
326.158, 2021-06-16T10:45:28.8270190+08:00, 0, -0.07588875, 4.17663, 1, 1, 1, False
326.1624, 2021-06-16T10:45:28.8313780+08:00, 0, -0.07588875, 4.17663, 1, 1, 1, False
326.166, 2021-06-16T10:45:28.8349780+08:00, 0, -0.07588875, 4.17663, 1, 1, 1, False
326.1701, 2021-06-16T10:45:28.8391590+08:00, 0, -0.07588875, 4.17663, 1, 1, 1, False
326.174, 2021-06-16T10:45:28.8429640+08:00, 0, -0.07588875, 4.17663, 1, 1, 1, False
326.1779, 2021-06-16T10:45:28.8469730+08:00, 0, -0.07588875, 4.17663, 1, 1, 1, False
326.1825, 2021-06-16T10:45:28.8515960+08:00, 0, -0.07588875, 4.17663, 1, 1, 1, False
326.186, 2021-06-16T10:45:28.8550800+08:00, 0, -0.07588875, 4.17663, 1, 1, 1, False
326.1937, 2021-06-16T10:45:28.8628940+08:00, 0, -0.07588875, 4.17663, 1, 1, 1, False
326.1983, 2021-06-16T10:45:28.8672850+08:00, 0, -0.07588875, 4.17663, 1, 1, 1, False
326.2077, 2021-06-16T10:45:28.8770870+08:00, 0, -0.07588875, 4.17663, 1, 1, 1, False
326.21, 2021-06-16T10:45:28.8789500+08:00, 0, -0.07588875, 4.17663, 1, 1, 1, False
326.2214, 2021-06-16T10:45:28.8906360+08:00, 0, -0.07588875, 4.17663, 1, 1, 1, False
326.2359, 2021-06-16T10:45:28.9051180+08:00, 0, -0.07588875, 4.17663, 1, 1, 1, False
326.2497, 2021-06-16T10:45:28.9188290+08:00, 0, -0.07588875, 4.17663, 1, 1, 1, False
326.2543, 2021-06-16T10:45:28.9232990+08:00, 0, -0.07588875, 4.17663, 1, 1, 1, False
326.2579, 2021-06-16T10:45:28.9269530+08:00, 0, -0.07588875, 4.17663, 1, 1, 1, False
326.2622, 2021-06-16T10:45:28.9312690+08:00, 0, -0.07588875, 4.17663, 1, 1, 1, False
326.2662, 2021-06-16T10:45:28.9352370+08:00, 0, -0.07588875, 4.17663, 1, 1, 1, False
326.27, 2021-06-16T10:45:28.9390070+08:00, 0, -0.07588875, 4.17663, 1, 1, 1, False
326.2745, 2021-06-16T10:45:28.9435150+08:00, 0, -0.07588875, 4.17663, 1, 1, 1, False
326.2785, 2021-06-16T10:45:28.9476580+08:00, 0, -0.07588875, 4.17663, 1, 1, 1, False
326.3142, 2021-06-16T10:45:28.9832650+08:00, 0, -0.07588875, 4.17663, 1, 1, 1, False
326.3179, 2021-06-16T10:45:28.9869200+08:00, 0, -0.07588875, 4.17663, 1, 1, 1, False
326.3223, 2021-06-16T10:45:28.9913330+08:00, 0, -0.07588875, 4.17663, 1, 1, 1, False
326.326, 2021-06-16T10:45:28.9950320+08:00, 0, -0.07588875, 4.17663, 1, 1, 1, False
326.3303, 2021-06-16T10:45:28.9993100+08:00, 0, -0.07588875, 4.17663, 1, 1, 1, False
326.334, 2021-06-16T10:45:29.0030710+08:00, 0, -0.07588875, 4.17663, 1, 1, 1, False
326.3379, 2021-06-16T10:45:29.0069310+08:00, 0, -0.07588875, 4.17663, 1, 1, 1, False
326.342, 2021-06-16T10:45:29.0114080+08:00, 0, -0.07588875, 4.17663, 1, 1, 1, False
326.3462, 2021-06-16T10:45:29.0151680+08:00, 0, -0.07588875, 4.17663, 1, 1, 1, False
326.3502, 2021-06-16T10:45:29.0192030+08:00, 0, -0.07588875, 4.17663, 1, 1, 1, False
326.3537, 2021-06-16T10:45:29.0227460+08:00, 0, -0.07588875, 4.17663, 1, 1, 1, False
326.3585, 2021-06-16T10:45:29.0275920+08:00, 0, -0.07588875, 4.17663, 1, 1, 1, False
326.3621, 2021-06-16T10:45:29.0311480+08:00, 0, -0.07588875, 4.17663, 1, 1, 1, False
326.3662, 2021-06-16T10:45:29.0351840+08:00, 0, -0.07588875, 4.17663, 1, 1, 1, False
326.3699, 2021-06-16T10:45:29.0388950+08:00, 0, -0.07588875, 4.17663, 1, 1, 1, False
326.3741, 2021-06-16T10:45:29.0430670+08:00, 0, -0.07588875, 4.17663, 1, 1, 1, False
326.3778, 2021-06-16T10:45:29.0468760+08:00, 0, -0.07588875, 4.17663, 1, 1, 1, False
326.382, 2021-06-16T10:45:29.0510080+08:00, 0, -0.07588875, 4.17663, 1, 1, 1, False
326.3862, 2021-06-16T10:45:29.0551600+08:00, 0, -0.07588875, 4.17663, 1, 1, 1, False
326.3899, 2021-06-16T10:45:29.0588990+08:00, 0, -0.07588875, 4.17663, 1, 1, 1, False
326.394, 2021-06-16T10:45:29.0630280+08:00, 0, -0.07588875, 4.17663, 1, 1, 1, False
326.3982, 2021-06-16T10:45:29.0672320+08:00, 0, -0.07588875, 4.17663, 1, 1, 1, False
326.4021, 2021-06-16T10:45:29.0711060+08:00, 0, -0.07588875, 4.17663, 1, 1, 1, False
326.4063, 2021-06-16T10:45:29.0752850+08:00, 0, -0.07588875, 4.17663, 1, 1, 1, False
326.4102, 2021-06-16T10:45:29.0792640+08:00, 0, -0.07588875, 4.17663, 1, 1, 1, False
326.4138, 2021-06-16T10:45:29.0828480+08:00, 0, -0.07588875, 4.17663, 1, 1, 1, False
326.4183, 2021-06-16T10:45:29.0873440+08:00, 0, -0.07588875, 4.17663, 1, 1, 1, False
326.4222, 2021-06-16T10:45:29.0912460+08:00, 0, -0.07588875, 4.17663, 1, 1, 1, False
326.4258, 2021-06-16T10:45:29.0948010+08:00, 0, -0.07588875, 4.17663, 1, 1, 1, False
326.4302, 2021-06-16T10:45:29.0992940+08:00, 0, -0.07588875, 4.17663, 1, 1, 1, False
326.4347, 2021-06-16T10:45:29.1037000+08:00, 0, -0.07588875, 4.17663, 1, 1, 1, False
326.4666, 2021-06-16T10:45:29.1357390+08:00, 0, -0.07588875, 4.17663, 1, 1, 1, False
326.4717, 2021-06-16T10:45:29.1407600+08:00, 0, -0.07588875, 4.17663, 1, 1, 1, False
326.4739, 2021-06-16T10:45:29.1429280+08:00, 0, -0.07588875, 4.17663, 1, 1, 1, False
326.4782, 2021-06-16T10:45:29.1471880+08:00, 0, -0.07588875, 4.17663, 1, 1, 1, False
326.4821, 2021-06-16T10:45:29.1511820+08:00, 0, -0.07588875, 4.17663, 1, 1, 1, False
326.4862, 2021-06-16T10:45:29.1552160+08:00, 0, -0.07588875, 4.17663, 1, 1, 1, False
326.4903, 2021-06-16T10:45:29.1593300+08:00, 0, -0.07588875, 4.17663, 1, 1, 1, False
326.4942, 2021-06-16T10:45:29.1632550+08:00, 0, -0.07588875, 4.17663, 1, 1, 1, False
326.4986, 2021-06-16T10:45:29.1676280+08:00, 0, -0.07588875, 4.17663, 1, 1, 1, False
326.502, 2021-06-16T10:45:29.1710620+08:00, 0, -0.07588875, 4.17663, 1, 1, 1, False
326.506, 2021-06-16T10:45:29.1750610+08:00, 0, -0.07588875, 4.17663, 1, 1, 1, False
326.5103, 2021-06-16T10:45:29.1793610+08:00, 0, -0.07588875, 4.17663, 1, 1, 1, False
326.5142, 2021-06-16T10:45:29.1831970+08:00, 0, -0.07588875, 4.17663, 1, 1, 1, False
326.5179, 2021-06-16T10:45:29.1868930+08:00, 0, -0.07588875, 4.17663, 1, 1, 1, False
326.5219, 2021-06-16T10:45:29.1909360+08:00, 0, -0.07588875, 4.17663, 1, 1, 1, False
326.5262, 2021-06-16T10:45:29.1952020+08:00, 0, -0.07588875, 4.17663, 1, 1, 1, False
326.5301, 2021-06-16T10:45:29.1991140+08:00, 0, -0.07588875, 4.17663, 1, 1, 1, False
326.534, 2021-06-16T10:45:29.2029640+08:00, 0, -0.07588875, 4.17663, 1, 1, 1, False
326.5382, 2021-06-16T10:45:29.2072440+08:00, 0, -0.07588875, 4.17663, 1, 1, 1, False
326.5423, 2021-06-16T10:45:29.2114020+08:00, 0, -0.07588875, 4.17663, 1, 1, 1, False
326.546, 2021-06-16T10:45:29.2149820+08:00, 0, -0.07588875, 4.17663, 1, 1, 1, False
326.5499, 2021-06-16T10:45:29.2189150+08:00, 0, -0.07588875, 4.17663, 1, 1, 1, False
326.5541, 2021-06-16T10:45:29.2231380+08:00, 0, -0.07588875, 4.17663, 1, 1, 1, False
326.5582, 2021-06-16T10:45:29.2272860+08:00, 0, -0.07588875, 4.17663, 1, 1, 1, False
326.562, 2021-06-16T10:45:29.2310980+08:00, 0, -0.07588875, 4.17663, 1, 1, 1, False
326.5664, 2021-06-16T10:45:29.2354130+08:00, 0, -0.07588875, 4.17663, 1, 1, 1, False
326.57, 2021-06-16T10:45:29.2390800+08:00, 0, -0.07588875, 4.17663, 1, 1, 1, False
326.5749, 2021-06-16T10:45:29.2439800+08:00, 0, -0.07588875, 4.17663, 1, 1, 1, False
326.578, 2021-06-16T10:45:29.2470820+08:00, 0, -0.07588875, 4.17663, 1, 1, 1, False
326.5819, 2021-06-16T10:45:29.2509900+08:00, 0, -0.07588875, 4.17663, 1, 1, 1, False
326.5868, 2021-06-16T10:45:29.2558390+08:00, 0, -0.07588875, 4.17663, 1, 1, 1, False
326.6268, 2021-06-16T10:45:29.2959010+08:00, 0, -0.07588875, 4.17663, 1, 1, 1, False
326.6303, 2021-06-16T10:45:29.2993540+08:00, 0, -0.07588875, 4.17663, 1, 1, 1, False
326.634, 2021-06-16T10:45:29.3030270+08:00, 0, -0.07588875, 4.17663, 1, 1, 1, False
326.638, 2021-06-16T10:45:29.3070560+08:00, 0, -0.07588875, 4.17663, 1, 1, 1, False
326.6422, 2021-06-16T10:45:29.3112310+08:00, 0, -0.07588875, 4.17663, 1, 1, 1, False
326.646, 2021-06-16T10:45:29.3149890+08:00, 0, -0.07588875, 4.17663, 1, 1, 1, False
326.65, 2021-06-16T10:45:29.3191260+08:00, 0, -0.07588875, 4.17663, 1, 1, 1, False
326.654, 2021-06-16T10:45:29.3230060+08:00, 0, -0.07588875, 4.17663, 1, 1, 1, False
326.6581, 2021-06-16T10:45:29.3271120+08:00, 0, -0.07588875, 4.17663, 1, 1, 1, False
326.6623, 2021-06-16T10:45:29.3313070+08:00, 0, -0.07588875, 4.17663, 1, 1, 1, False
326.6662, 2021-06-16T10:45:29.3351830+08:00, 0, -0.07588875, 4.17663, 1, 1, 1, False
326.6698, 2021-06-16T10:45:29.3388050+08:00, 0, -0.07588875, 4.17663, 1, 1, 1, False
326.6742, 2021-06-16T10:45:29.3431500+08:00, 0, -0.07588875, 4.17663, 1, 1, 1, False
326.6779, 2021-06-16T10:45:29.3469810+08:00, 0, -0.07588875, 4.17663, 1, 1, 1, False
326.682, 2021-06-16T10:45:29.3510560+08:00, 0, -0.07588875, 4.17663, 1, 1, 1, False
326.6862, 2021-06-16T10:45:29.3551490+08:00, 0, -0.07588875, 4.17663, 1, 1, 1, False
326.6901, 2021-06-16T10:45:29.3591650+08:00, 0, -0.07588875, 4.17663, 1, 1, 1, False
326.694, 2021-06-16T10:45:29.3629930+08:00, 0, -0.07588875, 4.17663, 1, 1, 1, False
326.6982, 2021-06-16T10:45:29.3671870+08:00, 0, -0.07588875, 4.17663, 1, 1, 1, False
326.7021, 2021-06-16T10:45:29.3711770+08:00, 0, -0.07588875, 4.17663, 1, 1, 1, False
326.7058, 2021-06-16T10:45:29.3748830+08:00, 0, -0.07588875, 4.17663, 1, 1, 1, False
326.7103, 2021-06-16T10:45:29.3792820+08:00, 0, -0.07588875, 4.17663, 1, 1, 1, False
326.7143, 2021-06-16T10:45:29.3833490+08:00, 0, -0.07588875, 4.17663, 1, 1, 1, False
326.7181, 2021-06-16T10:45:29.3871060+08:00, 0, -0.07588875, 4.17663, 1, 1, 1, False
326.7222, 2021-06-16T10:45:29.3913110+08:00, 0, -0.07588875, 4.17663, 1, 1, 1, False
326.726, 2021-06-16T10:45:29.3950140+08:00, 0, -0.07588875, 4.17663, 1, 1, 1, False
326.7303, 2021-06-16T10:45:29.3992870+08:00, 0, -0.07588875, 4.17663, 1, 1, 1, False
326.7341, 2021-06-16T10:45:29.4030830+08:00, 0, -0.07588875, 4.17663, 1, 1, 1, False
326.7381, 2021-06-16T10:45:29.4070900+08:00, 0, -0.07588875, 4.17663, 1, 1, 1, False
326.7419, 2021-06-16T10:45:29.4109590+08:00, 0, -0.07588875, 4.17663, 1, 1, 1, False
326.8419, 2021-06-16T10:45:29.6216510+08:00, 0, -0.07588875, 4.17663, 1, 1, 1, False
326.9419, 2021-06-16T10:45:29.7263860+08:00, 0, -0.07588875, 4.17663, 1, 1, 1, False
326.9634, 2021-06-16T10:45:29.7478700+08:00, 0, -0.07588875, 4.17663, 1, 1, 1, False
326.9668, 2021-06-16T10:45:29.7511420+08:00, 0, -0.07588875, 4.17663, 1, 1, 1, False
326.971, 2021-06-16T10:45:29.7553700+08:00, 0, -0.07588875, 4.17663, 1, 1, 1, False
326.9749, 2021-06-16T10:45:29.7593750+08:00, 0, -0.07588875, 4.17663, 1, 1, 1, False
326.9789, 2021-06-16T10:45:29.7633250+08:00, 0, -0.07588875, 4.17663, 1, 1, 1, False
326.9828, 2021-06-16T10:45:29.7671610+08:00, 0, -0.07588875, 4.17663, 1, 1, 1, False
326.9867, 2021-06-16T10:45:29.7710750+08:00, 0, -0.07588875, 4.17663, 1, 1, 1, False
326.9906, 2021-06-16T10:45:29.7749640+08:00, 0, -0.07588875, 4.17663, 1, 1, 1, False
326.9949, 2021-06-16T10:45:29.7792400+08:00, 0, -0.07588875, 4.17663, 1, 1, 1, False
326.999, 2021-06-16T10:45:29.7833630+08:00, 0, -0.07588875, 4.17663, 1, 1, 1, False
327.0025, 2021-06-16T10:45:29.7868570+08:00, 0, -0.07588875, 4.17663, 1, 1, 1, False
327.0067, 2021-06-16T10:45:29.7910460+08:00, 0, -0.07588875, 4.17663, 1, 1, 1, False
327.0106, 2021-06-16T10:45:29.7949250+08:00, 0, -0.07588875, 4.17663, 1, 1, 1, False
327.0144, 2021-06-16T10:45:29.7987320+08:00, 0, -0.07588875, 4.17663, 1, 1, 1, False
327.0189, 2021-06-16T10:45:29.8032800+08:00, 0, -0.07588875, 4.17663, 1, 1, 1, False
327.0229, 2021-06-16T10:45:29.8072490+08:00, 0, -0.07588875, 4.17663, 1, 1, 1, False
327.0266, 2021-06-16T10:45:29.8109650+08:00, 0, -0.07588875, 4.17663, 1, 1, 1, False
327.0307, 2021-06-16T10:45:29.8150330+08:00, 0, -0.07588875, 4.17663, 1, 1, 1, False
327.0348, 2021-06-16T10:45:29.8191620+08:00, 0, -0.07588875, 4.17663, 1, 1, 1, False
327.0387, 2021-06-16T10:45:29.8230130+08:00, 0, -0.07588875, 4.17663, 1, 1, 1, False
327.0429, 2021-06-16T10:45:29.8273090+08:00, 0, -0.07588875, 4.17663, 1, 1, 1, False
327.0468, 2021-06-16T10:45:29.8310820+08:00, 0, -0.07588875, 4.17663, 1, 1, 1, False
327.0508, 2021-06-16T10:45:29.8350820+08:00, 0, -0.07588875, 4.17663, 1, 1, 1, False
327.0545, 2021-06-16T10:45:29.8388070+08:00, 0, -0.07588875, 4.17663, 1, 1, 1, False
327.0588, 2021-06-16T10:45:29.8432610+08:00, 0, -0.07588875, 4.17663, 1, 1, 1, False
327.0626, 2021-06-16T10:45:29.8469200+08:00, 0, -0.07588875, 4.17663, 1, 1, 1, False
327.0667, 2021-06-16T10:45:29.8510470+08:00, 0, -0.07588875, 4.17663, 1, 1, 1, False
327.0705, 2021-06-16T10:45:29.8548120+08:00, 0, -0.07588875, 4.17663, 1, 1, 1, False
327.0749, 2021-06-16T10:45:29.8592260+08:00, 0, -0.07588875, 4.17663, 1, 1, 1, False
327.0789, 2021-06-16T10:45:29.8632820+08:00, 0, -0.07588875, 4.17663, 1, 1, 1, False
327.1187, 2021-06-16T10:45:29.9062480+08:00, 0, -0.07588875, 4.17663, 1, 1, 1, False
327.1272, 2021-06-16T10:45:29.9146400+08:00, 0, -0.07588875, 4.17663, 1, 1, 1, False
327.1346, 2021-06-16T10:45:29.9257000+08:00, 0, -0.07588875, 4.17663, 1, 1, 1, False
327.1425, 2021-06-16T10:45:29.9268090+08:00, 0, -0.07588875, 4.17663, 1, 1, 1, False
327.1468, 2021-06-16T10:45:29.9311870+08:00, 0, -0.07588875, 4.17663, 1, 1, 1, False
327.1507, 2021-06-16T10:45:29.9350300+08:00, 0, -0.07588875, 4.17663, 1, 1, 1, False
327.1544, 2021-06-16T10:45:29.9387050+08:00, 0, -0.07588875, 4.17663, 1, 1, 1, False
327.1589, 2021-06-16T10:45:29.9432460+08:00, 0, -0.07588875, 4.17663, 1, 1, 1, False
327.1628, 2021-06-16T10:45:29.9472030+08:00, 0, -0.07588875, 4.17663, 1, 1, 1, False
327.1665, 2021-06-16T10:45:29.9509230+08:00, 0, -0.07588875, 4.17663, 1, 1, 1, False
327.1708, 2021-06-16T10:45:29.9551510+08:00, 0, -0.07588875, 4.17663, 1, 1, 1, False
327.1747, 2021-06-16T10:45:29.9590930+08:00, 0, -0.07588875, 4.17663, 1, 1, 1, False
327.1786, 2021-06-16T10:45:29.9629600+08:00, 0, -0.07588875, 4.17663, 1, 1, 1, False
327.1827, 2021-06-16T10:45:29.9670480+08:00, 0, -0.07588875, 4.17663, 1, 1, 1, False
327.1868, 2021-06-16T10:45:29.9711160+08:00, 0, -0.07588875, 4.17663, 1, 1, 1, False
327.1909, 2021-06-16T10:45:29.9752560+08:00, 0, -0.07588875, 4.17663, 1, 1, 1, False
327.1945, 2021-06-16T10:45:29.9788100+08:00, 0, -0.07588875, 4.17663, 1, 1, 1, False
327.1988, 2021-06-16T10:45:29.9831600+08:00, 0, -0.07588875, 4.17663, 1, 1, 1, False
327.2027, 2021-06-16T10:45:29.9870340+08:00, 0, -0.07588875, 4.17663, 1, 1, 1, False
327.2067, 2021-06-16T10:45:29.9910230+08:00, 0, -0.07588875, 4.17663, 1, 1, 1, False
327.2108, 2021-06-16T10:45:29.9951750+08:00, 0, -0.07588875, 4.17663, 1, 1, 1, False
327.2145, 2021-06-16T10:45:29.9988180+08:00, 0, -0.07588875, 4.17663, 1, 1, 1, False
327.2188, 2021-06-16T10:45:30.0031280+08:00, 0, -0.07588875, 4.17663, 1, 1, 1, False
327.2226, 2021-06-16T10:45:30.0069450+08:00, 0, -0.07588875, 4.17663, 1, 1, 1, False
327.2269, 2021-06-16T10:45:30.0113050+08:00, 0, -0.07588875, 4.17663, 1, 1, 1, False
327.2307, 2021-06-16T10:45:30.0150740+08:00, 0, -0.07588875, 4.17663, 1, 1, 1, False
327.2346, 2021-06-16T10:45:30.0189330+08:00, 0, -0.07588875, 4.17663, 1, 1, 1, False
327.2386, 2021-06-16T10:45:30.0229070+08:00, 0, -0.07588875, 4.17663, 1, 1, 1, False
327.2428, 2021-06-16T10:45:30.0271930+08:00, 0, -0.07588875, 4.17663, 1, 1, 1, False
327.2465, 2021-06-16T10:45:30.0308350+08:00, 0, -0.07588875, 4.17663, 1, 1, 1, False
327.2514, 2021-06-16T10:45:30.0357590+08:00, 0, -0.07588875, 4.17663, 1, 1, 1, False
327.2871, 2021-06-16T10:45:30.0714860+08:00, 0, -0.07588875, 4.17663, 1, 1, 1, False
327.2905, 2021-06-16T10:45:30.0747960+08:00, 0, -0.07588875, 4.17663, 1, 1, 1, False
327.2949, 2021-06-16T10:45:30.0792450+08:00, 0, -0.07588875, 4.17663, 1, 1, 1, False
327.2988, 2021-06-16T10:45:30.0831630+08:00, 0, -0.07588875, 4.17663, 1, 1, 1, False
327.3027, 2021-06-16T10:45:30.0870530+08:00, 0, -0.07588875, 4.17663, 1, 1, 1, False
327.3067, 2021-06-16T10:45:30.0910490+08:00, 0, -0.07588875, 4.17663, 1, 1, 1, False
327.3109, 2021-06-16T10:45:30.0952370+08:00, 0, -0.07588875, 4.17663, 1, 1, 1, False
327.315, 2021-06-16T10:45:30.0993510+08:00, 0, -0.07588875, 4.17663, 1, 1, 1, False
327.3187, 2021-06-16T10:45:30.1030590+08:00, 0, -0.07588875, 4.17663, 1, 1, 1, False
327.3224, 2021-06-16T10:45:30.1067940+08:00, 0, -0.07588875, 4.17663, 1, 1, 1, False
327.3268, 2021-06-16T10:45:30.1110660+08:00, 0, -0.07588875, 4.17663, 1, 1, 1, False
327.3308, 2021-06-16T10:45:30.1151130+08:00, 0, -0.07588875, 4.17663, 1, 1, 1, False
327.3348, 2021-06-16T10:45:30.1191470+08:00, 0, -0.07588875, 4.17663, 1, 1, 1, False
327.3384, 2021-06-16T10:45:30.1227990+08:00, 0, -0.07588875, 4.17663, 1, 1, 1, False
327.3426, 2021-06-16T10:45:30.1269770+08:00, 0, -0.07588875, 4.17663, 1, 1, 1, False
327.3466, 2021-06-16T10:45:30.1308970+08:00, 0, -0.07588875, 4.17663, 1, 1, 1, False
327.3508, 2021-06-16T10:45:30.1351110+08:00, 0, -0.07588875, 4.17663, 1, 1, 1, False
327.3547, 2021-06-16T10:45:30.1390650+08:00, 0, -0.07588875, 4.17663, 1, 1, 1, False
327.3591, 2021-06-16T10:45:30.1434530+08:00, 0, -0.07588875, 4.17663, 1, 1, 1, False
327.3629, 2021-06-16T10:45:30.1472080+08:00, 0, -0.07588875, 4.17663, 1, 1, 1, False
327.3667, 2021-06-16T10:45:30.1510630+08:00, 0, -0.07588875, 4.17663, 1, 1, 1, False
327.3708, 2021-06-16T10:45:30.1551940+08:00, 0, -0.07588875, 4.17663, 1, 1, 1, False
327.3749, 2021-06-16T10:45:30.1593040+08:00, 0, -0.07588875, 4.17663, 1, 1, 1, False
327.3788, 2021-06-16T10:45:30.1631990+08:00, 0, -0.07588875, 4.17663, 1, 1, 1, False
327.3824, 2021-06-16T10:45:30.1668250+08:00, 0, -0.07588875, 4.17663, 1, 1, 1, False
327.387, 2021-06-16T10:45:30.1712970+08:00, 0, -0.07588875, 4.17663, 1, 1, 1, False
327.3907, 2021-06-16T10:45:30.1751060+08:00, 0, -0.07588875, 4.17663, 1, 1, 1, False
327.395, 2021-06-16T10:45:30.1793380+08:00, 0, -0.07588875, 4.17663, 1, 1, 1, False
327.3988, 2021-06-16T10:45:30.1831090+08:00, 0, -0.07588875, 4.17663, 1, 1, 1, False
327.4027, 2021-06-16T10:45:30.1870760+08:00, 0, -0.07588875, 4.17663, 1, 1, 1, False
327.407, 2021-06-16T10:45:30.1913750+08:00, 0, -0.07588875, 4.17663, 1, 1, 1, False
327.4431, 2021-06-16T10:45:30.2274980+08:00, 0, -0.07588875, 4.17663, 1, 1, 1, False
327.4468, 2021-06-16T10:45:30.2311220+08:00, 0, -0.07588875, 4.17663, 1, 1, 1, False
327.4508, 2021-06-16T10:45:30.2352330+08:00, 0, -0.07588875, 4.17663, 1, 1, 1, False
327.4546, 2021-06-16T10:45:30.2389360+08:00, 0, -0.07588875, 4.17663, 1, 1, 1, False
327.4584, 2021-06-16T10:45:30.2427260+08:00, 0, -0.07588875, 4.17663, 1, 1, 1, False
327.4629, 2021-06-16T10:45:30.2472260+08:00, 0, -0.07588875, 4.17663, 1, 1, 1, False
327.4669, 2021-06-16T10:45:30.2512320+08:00, 0, -0.07588875, 4.17663, 1, 1, 1, False
327.471, 2021-06-16T10:45:30.2554090+08:00, 0, -0.07588875, 4.17663, 1, 1, 1, False
327.4747, 2021-06-16T10:45:30.2590860+08:00, 0, -0.07588875, 4.17663, 1, 1, 1, False
327.4789, 2021-06-16T10:45:30.2631990+08:00, 0, -0.07588875, 4.17663, 1, 1, 1, False
327.4828, 2021-06-16T10:45:30.2672080+08:00, 0, -0.07588875, 4.17663, 1, 1, 1, False
327.4866, 2021-06-16T10:45:30.2709250+08:00, 0, -0.07588875, 4.17663, 1, 1, 1, False
327.491, 2021-06-16T10:45:30.2753070+08:00, 0, -0.07588875, 4.17663, 1, 1, 1, False
327.4948, 2021-06-16T10:45:30.2791140+08:00, 0, -0.07588875, 4.17663, 1, 1, 1, False
327.4987, 2021-06-16T10:45:30.2830560+08:00, 0, -0.07588875, 4.17663, 1, 1, 1, False
327.5029, 2021-06-16T10:45:30.2872900+08:00, 0, -0.07588875, 4.17663, 1, 1, 1, False
327.5066, 2021-06-16T10:45:30.2909870+08:00, 0, -0.07588875, 4.17663, 1, 1, 1, False
327.5108, 2021-06-16T10:45:30.2951410+08:00, 0, -0.07588875, 4.17663, 1, 1, 1, False
327.515, 2021-06-16T10:45:30.2992930+08:00, 0, -0.07588875, 4.17663, 1, 1, 1, False
327.5188, 2021-06-16T10:45:30.3031190+08:00, 0, -0.07588875, 4.17663, 1, 1, 1, False
327.5228, 2021-06-16T10:45:30.3071300+08:00, 0, -0.07588875, 4.17663, 1, 1, 1, False
327.5266, 2021-06-16T10:45:30.3110890+08:00, 0, -0.07588875, 4.17663, 1, 1, 1, False
327.5305, 2021-06-16T10:45:30.3148170+08:00, 0, -0.07588875, 4.17663, 1, 1, 1, False
327.5349, 2021-06-16T10:45:30.3191970+08:00, 0, -0.07588875, 4.17663, 1, 1, 1, False
327.5385, 2021-06-16T10:45:30.3231570+08:00, 0, -0.07588875, 4.17663, 1, 1, 1, False
327.5428, 2021-06-16T10:45:30.3271430+08:00, 0, -0.07588875, 4.17663, 1, 1, 1, False
327.5468, 2021-06-16T10:45:30.3311310+08:00, 0, -0.07588875, 4.17663, 1, 1, 1, False
327.5506, 2021-06-16T10:45:30.3349380+08:00, 0, -0.07588875, 4.17663, 1, 1, 1, False
327.5549, 2021-06-16T10:45:30.3392100+08:00, 0, -0.07588875, 4.17663, 1, 1, 1, False
327.5587, 2021-06-16T10:45:30.3430390+08:00, 0, -0.07588875, 4.17663, 1, 1, 1, False
327.5627, 2021-06-16T10:45:30.3470940+08:00, 0, -0.07588875, 4.17663, 1, 1, 1, False
327.5948, 2021-06-16T10:45:30.3792380+08:00, 0, -0.07588875, 4.17663, 1, 1, 1, False
327.5989, 2021-06-16T10:45:30.3832480+08:00, 0, -0.07588875, 4.17663, 1, 1, 1, False
327.6026, 2021-06-16T10:45:30.3869720+08:00, 0, -0.07588875, 4.17663, 1, 1, 1, False
327.6066, 2021-06-16T10:45:30.3909650+08:00, 0, -0.07588875, 4.17663, 1, 1, 1, False
327.6108, 2021-06-16T10:45:30.3951420+08:00, 0, -0.07588875, 4.17663, 1, 1, 1, False
327.6147, 2021-06-16T10:45:30.3990520+08:00, 0, -0.07588875, 4.17663, 1, 1, 1, False
327.6188, 2021-06-16T10:45:30.4031710+08:00, 0, -0.07588875, 4.17663, 1, 1, 1, False
327.6225, 2021-06-16T10:45:30.4068310+08:00, 0, -0.07588875, 4.17663, 1, 1, 1, False
327.6264, 2021-06-16T10:45:30.4107140+08:00, 0, -0.07588875, 4.17663, 1, 1, 1, False
327.6309, 2021-06-16T10:45:30.4152240+08:00, 0, -0.07588875, 4.17663, 1, 1, 1, False
327.6348, 2021-06-16T10:45:30.4191600+08:00, 0, -0.07588875, 4.17663, 1, 1, 1, False
327.6387, 2021-06-16T10:45:30.4230820+08:00, 0, -0.07588875, 4.17663, 1, 1, 1, False
327.6429, 2021-06-16T10:45:30.4273010+08:00, 0, -0.07588875, 4.17663, 1, 1, 1, False
327.6468, 2021-06-16T10:45:30.4311400+08:00, 0, -0.07588875, 4.17663, 1, 1, 1, False
327.6506, 2021-06-16T10:45:30.4349460+08:00, 0, -0.07588875, 4.17663, 1, 1, 1, False
327.655, 2021-06-16T10:45:30.4393500+08:00, 0, -0.07588875, 4.17663, 1, 1, 1, False
327.6586, 2021-06-16T10:45:30.4429680+08:00, 0, -0.07588875, 4.17663, 1, 1, 1, False
327.6628, 2021-06-16T10:45:30.4472060+08:00, 0, -0.07588875, 4.17663, 1, 1, 1, False
327.6667, 2021-06-16T10:45:30.4509890+08:00, 0, -0.07588875, 4.17663, 1, 1, 1, False
327.671, 2021-06-16T10:45:30.4553410+08:00, 0, -0.07588875, 4.17663, 1, 1, 1, False
327.6749, 2021-06-16T10:45:30.4592950+08:00, 0, -0.07588875, 4.17663, 1, 1, 1, False
327.6788, 2021-06-16T10:45:30.4631860+08:00, 0, -0.07588875, 4.17663, 1, 1, 1, False
327.6828, 2021-06-16T10:45:30.4671950+08:00, 0, -0.07588875, 4.17663, 1, 1, 1, False
327.6868, 2021-06-16T10:45:30.4711680+08:00, 0, -0.07588875, 4.17663, 1, 1, 1, False
327.6908, 2021-06-16T10:45:30.4751310+08:00, 0, -0.07588875, 4.17663, 1, 1, 1, False
327.6948, 2021-06-16T10:45:30.4791230+08:00, 0, -0.07588875, 4.17663, 1, 1, 1, False
327.6987, 2021-06-16T10:45:30.4830900+08:00, 0, -0.07588875, 4.17663, 1, 1, 1, False
327.7027, 2021-06-16T10:45:30.4871140+08:00, 0, -0.07588875, 4.17663, 1, 1, 1, False
327.7067, 2021-06-16T10:45:30.4910290+08:00, 0, -0.07588875, 4.17663, 1, 1, 1, False
327.7109, 2021-06-16T10:45:30.4952570+08:00, 0, -0.07588875, 4.17663, 1, 1, 1, False
327.7149, 2021-06-16T10:45:30.4992960+08:00, 0, -0.07588875, 4.17663, 1, 1, 1, False
327.7468, 2021-06-16T10:45:30.5311780+08:00, 0, -0.07588875, 4.17663, 1, 1, 1, False
327.7509, 2021-06-16T10:45:30.5352180+08:00, 0, -0.07588875, 4.17663, 1, 1, 1, False
327.7546, 2021-06-16T10:45:30.5389960+08:00, 0, -0.07588875, 4.17663, 1, 1, 1, False
327.7589, 2021-06-16T10:45:30.5432550+08:00, 0, -0.07588875, 4.17663, 1, 1, 1, False
327.7627, 2021-06-16T10:45:30.5470480+08:00, 0, -0.07588875, 4.17663, 1, 1, 1, False
327.8081, 2021-06-16T10:45:30.5926840+08:00, 0, -0.07588875, 4.17663, 1, 1, 1, False
327.8324, 2021-06-16T10:45:30.6169030+08:00, 0, -0.07588875, 4.17663, 1, 1, 1, False
327.839, 2021-06-16T10:45:30.6233950+08:00, 0, -0.07588875, 4.17663, 1, 1, 1, False
327.8427, 2021-06-16T10:45:30.6270750+08:00, 0, -0.07588875, 4.17663, 1, 1, 1, False
327.8467, 2021-06-16T10:45:30.6310840+08:00, 0, -0.07588875, 4.17663, 1, 1, 1, False
327.8506, 2021-06-16T10:45:30.6349120+08:00, 0, -0.07588875, 4.17663, 1, 1, 1, False
327.8575, 2021-06-16T10:45:30.6418710+08:00, 0, -0.07588875, 4.17663, 1, 1, 1, False
327.863, 2021-06-16T10:45:30.6474400+08:00, 0, -0.07588875, 4.17663, 1, 1, 1, False
327.8667, 2021-06-16T10:45:30.6510930+08:00, 0, -0.07588875, 4.17663, 1, 1, 1, False
327.8727, 2021-06-16T10:45:30.6569910+08:00, 0, -0.07588875, 4.17663, 1, 1, 1, False
327.8746, 2021-06-16T10:45:30.6589490+08:00, 0, -0.07588875, 4.17663, 1, 1, 1, False
327.8791, 2021-06-16T10:45:30.6634730+08:00, 0, -0.07588875, 4.17663, 1, 1, 1, False
327.8846, 2021-06-16T10:45:30.6690750+08:00, 0, -0.07588875, 4.17663, 1, 1, 1, False
327.9075, 2021-06-16T10:45:30.6921070+08:00, 0, -0.07588875, 4.17663, 1, 1, 1, False
327.9294, 2021-06-16T10:45:30.7140190+08:00, 0, -0.07588875, 4.17663, 1, 1, 1, False
327.9352, 2021-06-16T10:45:30.7195420+08:00, 0, -0.07588875, 4.17663, 1, 1, 1, False
327.9516, 2021-06-16T10:45:30.7360820+08:00, 0, -0.07588875, 4.17663, 1, 1, 1, False
327.9556, 2021-06-16T10:45:30.7399410+08:00, 0, -0.07588875, 4.17663, 1, 1, 1, False
327.9707, 2021-06-16T10:45:30.7553740+08:00, 0, -0.07588875, 4.17663, 1, 1, 1, False
327.9903, 2021-06-16T10:45:30.7749410+08:00, 0, -0.07588875, 4.17663, 1, 1, 1, False
328.0098, 2021-06-16T10:45:30.7943740+08:00, 0, -0.07588875, 4.17663, 1, 1, 1, False
328.0275, 2021-06-16T10:45:30.8121590+08:00, 0, -0.07588875, 4.17663, 1, 1, 1, False
328.0454, 2021-06-16T10:45:30.8301850+08:00, 0, -0.07588875, 4.17663, 1, 1, 1, False
328.0625, 2021-06-16T10:45:30.8469500+08:00, 0, -0.07588875, 4.17663, 1, 1, 1, False
328.0794, 2021-06-16T10:45:30.8639280+08:00, 0, -0.07588875, 4.17663, 1, 1, 1, False
328.083, 2021-06-16T10:45:30.8674430+08:00, 0, -0.07588875, 4.17663, 1, 1, 1, False
328.1253, 2021-06-16T10:45:30.9099080+08:00, 0, -0.07588875, 4.17663, 1, 1, 1, False
328.1312, 2021-06-16T10:45:30.9155940+08:00, 0, -0.07588875, 4.17663, 1, 1, 1, False
328.1348, 2021-06-16T10:45:30.9192420+08:00, 0, -0.07588875, 4.17663, 1, 1, 1, False
328.1435, 2021-06-16T10:45:30.9279660+08:00, 0, -0.07588875, 4.17663, 1, 1, 1, False
328.1651, 2021-06-16T10:45:30.9498410+08:00, 0, -0.07588875, 4.17663, 1, 1, 1, False
328.1812, 2021-06-16T10:45:30.9657380+08:00, 0, -0.07588875, 4.17663, 1, 1, 1, False
328.1953, 2021-06-16T10:45:30.9800520+08:00, 0, -0.07588875, 4.17663, 1, 1, 1, False
328.2095, 2021-06-16T10:45:30.9940960+08:00, 0, -0.07588875, 4.17663, 1, 1, 1, False
328.2246, 2021-06-16T10:45:31.0092550+08:00, 0, -0.07588875, 4.17663, 1, 1, 1, False
328.2275, 2021-06-16T10:45:31.0119070+08:00, 0, -0.07588875, 4.17663, 1, 1, 1, False
328.2308, 2021-06-16T10:45:31.0151920+08:00, 0, -0.07588875, 4.17663, 1, 1, 1, False
328.2349, 2021-06-16T10:45:31.0193300+08:00, 0, -0.07588875, 4.17663, 1, 1, 1, False
328.239, 2021-06-16T10:45:31.0234190+08:00, 0, -0.07588875, 4.17663, 1, 1, 1, False
328.2429, 2021-06-16T10:45:31.0272820+08:00, 0, -0.07588875, 4.17663, 1, 1, 1, False
328.2465, 2021-06-16T10:45:31.0308230+08:00, 0, -0.07588875, 4.17663, 1, 1, 1, False
328.2507, 2021-06-16T10:45:31.0350700+08:00, 0, -0.07588875, 4.17663, 1, 1, 1, False
328.2549, 2021-06-16T10:45:31.0392090+08:00, 0, -0.07588875, 4.17663, 1, 1, 1, False
328.259, 2021-06-16T10:45:31.0433740+08:00, 0, -0.07588875, 4.17663, 1, 1, 1, False
328.2628, 2021-06-16T10:45:31.0472580+08:00, 0, -0.07588875, 4.17663, 1, 1, 1, False
328.2668, 2021-06-16T10:45:31.0511930+08:00, 0, -0.07588875, 4.17663, 1, 1, 1, False
328.2707, 2021-06-16T10:45:31.0550350+08:00, 0, -0.07588875, 4.17663, 1, 1, 1, False
328.2747, 2021-06-16T10:45:31.0590000+08:00, 0, -0.07588875, 4.17663, 1, 1, 1, False
328.2785, 2021-06-16T10:45:31.0628550+08:00, 0, -0.07588875, 4.17663, 1, 1, 1, False
328.2827, 2021-06-16T10:45:31.0670100+08:00, 0, -0.07588875, 4.17663, 1, 1, 1, False
328.2868, 2021-06-16T10:45:31.0711290+08:00, 0, -0.07588875, 4.17663, 1, 1, 1, False
328.2907, 2021-06-16T10:45:31.0750640+08:00, 0, -0.07588875, 4.17663, 1, 1, 1, False
328.2947, 2021-06-16T10:45:31.0790860+08:00, 0, -0.07588875, 4.17663, 1, 1, 1, False
328.2989, 2021-06-16T10:45:31.0832410+08:00, 0, -0.07588875, 4.17663, 1, 1, 1, False
328.3026, 2021-06-16T10:45:31.0869890+08:00, 0, -0.07588875, 4.17663, 1, 1, 1, False
328.3068, 2021-06-16T10:45:31.0910760+08:00, 0, -0.07588875, 4.17663, 1, 1, 1, False
328.3108, 2021-06-16T10:45:31.0952020+08:00, 0, -0.07588875, 4.17663, 1, 1, 1, False
328.3468, 2021-06-16T10:45:31.1313270+08:00, 0, -0.07588875, 4.17663, 1, 1, 1, False
328.3507, 2021-06-16T10:45:31.1350910+08:00, 0, -0.07588875, 4.17663, 1, 1, 1, False
328.3545, 2021-06-16T10:45:31.1388390+08:00, 0, -0.07588875, 4.17663, 1, 1, 1, False
328.3585, 2021-06-16T10:45:31.1427900+08:00, 0, -0.07588875, 4.17663, 1, 1, 1, False
328.3629, 2021-06-16T10:45:31.1472010+08:00, 0, -0.07588875, 4.17663, 1, 1, 1, False
328.3665, 2021-06-16T10:45:31.1508410+08:00, 0, -0.07588875, 4.17663, 1, 1, 1, False
328.3708, 2021-06-16T10:45:31.1551770+08:00, 0, -0.07588875, 4.17663, 1, 1, 1, False
328.3748, 2021-06-16T10:45:31.1592160+08:00, 0, -0.07588875, 4.17663, 1, 1, 1, False
328.3789, 2021-06-16T10:45:31.1632620+08:00, 0, -0.07588875, 4.17663, 1, 1, 1, False
328.3826, 2021-06-16T10:45:31.1669750+08:00, 0, -0.07588875, 4.17663, 1, 1, 1, False
328.3869, 2021-06-16T10:45:31.1712170+08:00, 0, -0.07588875, 4.17663, 1, 1, 1, False
328.3908, 2021-06-16T10:45:31.1751180+08:00, 0, -0.07588875, 4.17663, 1, 1, 1, False
328.3948, 2021-06-16T10:45:31.1791800+08:00, 0, -0.07588875, 4.17663, 1, 1, 1, False
328.3985, 2021-06-16T10:45:31.1828500+08:00, 0, -0.07588875, 4.17663, 1, 1, 1, False
328.4028, 2021-06-16T10:45:31.1871580+08:00, 0, -0.07588875, 4.17663, 1, 1, 1, False
328.4068, 2021-06-16T10:45:31.1911810+08:00, 0, -0.07588875, 4.17663, 1, 1, 1, False
328.4107, 2021-06-16T10:45:31.1951270+08:00, 0, -0.07588875, 4.17663, 1, 1, 1, False
328.4148, 2021-06-16T10:45:31.1992100+08:00, 0, -0.07588875, 4.17663, 1, 1, 1, False
328.4188, 2021-06-16T10:45:31.2031140+08:00, 0, -0.07588875, 4.17663, 1, 1, 1, False
328.4228, 2021-06-16T10:45:31.2071500+08:00, 0, -0.07588875, 4.17663, 1, 1, 1, False
328.4267, 2021-06-16T10:45:31.2111000+08:00, 0, -0.07588875, 4.17663, 1, 1, 1, False
328.4309, 2021-06-16T10:45:31.2152430+08:00, 0, -0.07588875, 4.17663, 1, 1, 1, False
328.4348, 2021-06-16T10:45:31.2191460+08:00, 0, -0.07588875, 4.17663, 1, 1, 1, False
328.4386, 2021-06-16T10:45:31.2229310+08:00, 0, -0.07588875, 4.17663, 1, 1, 1, False
328.4426, 2021-06-16T10:45:31.2269880+08:00, 0, -0.07588875, 4.17663, 1, 1, 1, False
328.4468, 2021-06-16T10:45:31.2311420+08:00, 0, -0.07588875, 4.17663, 1, 1, 1, False
328.4508, 2021-06-16T10:45:31.2351060+08:00, 0, -0.07588875, 4.17663, 1, 1, 1, False
328.4549, 2021-06-16T10:45:31.2392370+08:00, 0, -0.07588875, 4.17663, 1, 1, 1, False
328.4586, 2021-06-16T10:45:31.2430580+08:00, 0, -0.07588875, 4.17663, 1, 1, 1, False
328.4629, 2021-06-16T10:45:31.2472270+08:00, 0, -0.07588875, 4.17663, 1, 1, 1, False
328.4669, 2021-06-16T10:45:31.2512780+08:00, 0, -0.07588875, 4.17663, 1, 1, 1, False
328.5029, 2021-06-16T10:45:31.2872700+08:00, 0, -0.07588875, 4.17663, 1, 1, 1, False
328.5069, 2021-06-16T10:45:31.2912010+08:00, 0, -0.07588875, 4.17663, 1, 1, 1, False
328.5105, 2021-06-16T10:45:31.2948160+08:00, 0, -0.07588875, 4.17663, 1, 1, 1, False
328.5149, 2021-06-16T10:45:31.2992780+08:00, 0, -0.07588875, 4.17663, 1, 1, 1, False
328.5186, 2021-06-16T10:45:31.3029600+08:00, 0, -0.07588875, 4.17663, 1, 1, 1, False
328.5229, 2021-06-16T10:45:31.3072680+08:00, 0, -0.07588875, 4.17663, 1, 1, 1, False
328.5267, 2021-06-16T10:45:31.3110650+08:00, 0, -0.07588875, 4.17663, 1, 1, 1, False
328.5308, 2021-06-16T10:45:31.3151640+08:00, 0, -0.07588875, 4.17663, 1, 1, 1, False
328.5348, 2021-06-16T10:45:31.3190870+08:00, 0, -0.07588875, 4.17663, 1, 1, 1, False
328.5387, 2021-06-16T10:45:31.3230680+08:00, 0, -0.07588875, 4.17663, 1, 1, 1, False
328.543, 2021-06-16T10:45:31.3273970+08:00, 0, -0.07588875, 4.17663, 1, 1, 1, False
328.5465, 2021-06-16T10:45:31.3308840+08:00, 0, -0.07588875, 4.17663, 1, 1, 1, False
328.5507, 2021-06-16T10:45:31.3350430+08:00, 0, -0.07588875, 4.17663, 1, 1, 1, False
328.5548, 2021-06-16T10:45:31.3391770+08:00, 0, -0.07588875, 4.17663, 1, 1, 1, False
328.5588, 2021-06-16T10:45:31.3431450+08:00, 0, -0.07588875, 4.17663, 1, 1, 1, False
328.563, 2021-06-16T10:45:31.3473510+08:00, 0, -0.07588875, 4.17663, 1, 1, 1, False
328.5667, 2021-06-16T10:45:31.3510630+08:00, 0, -0.07588875, 4.17663, 1, 1, 1, False
328.5706, 2021-06-16T10:45:31.3549410+08:00, 0, -0.07588875, 4.17663, 1, 1, 1, False
328.5748, 2021-06-16T10:45:31.3592740+08:00, 0, -0.07588875, 4.17663, 1, 1, 1, False
328.5788, 2021-06-16T10:45:31.3631190+08:00, 0, -0.07588875, 4.17663, 1, 1, 1, False
328.5825, 2021-06-16T10:45:31.3668910+08:00, 0, -0.07588875, 4.17663, 1, 1, 1, False
328.587, 2021-06-16T10:45:31.3713440+08:00, 0, -0.07588875, 4.17663, 1, 1, 1, False
328.5907, 2021-06-16T10:45:31.3750390+08:00, 0, -0.07588875, 4.17663, 1, 1, 1, False
328.5948, 2021-06-16T10:45:31.3792300+08:00, 0, -0.07588875, 4.17663, 1, 1, 1, False
328.5989, 2021-06-16T10:45:31.3832650+08:00, 0, -0.07588875, 4.17663, 1, 1, 1, False
328.6027, 2021-06-16T10:45:31.3870470+08:00, 0, -0.07588875, 4.17663, 1, 1, 1, False
328.6065, 2021-06-16T10:45:31.3908510+08:00, 0, -0.07588875, 4.17663, 1, 1, 1, False
328.6109, 2021-06-16T10:45:31.3952400+08:00, 0, -0.07588875, 4.17663, 1, 1, 1, False
328.6149, 2021-06-16T10:45:31.3992350+08:00, 0, -0.07588875, 4.17663, 1, 1, 1, False
328.6191, 2021-06-16T10:45:31.4035000+08:00, 0, -0.07588875, 4.17663, 1, 1, 1, False
328.6231, 2021-06-16T10:45:31.4074440+08:00, 0, -0.07588875, 4.17663, 1, 1, 1, False
328.6589, 2021-06-16T10:45:31.4434180+08:00, 0, -0.07588875, 4.17663, 1, 1, 1, False
328.6626, 2021-06-16T10:45:31.4469360+08:00, 0, -0.07588875, 4.17663, 1, 1, 1, False
328.667, 2021-06-16T10:45:31.4513780+08:00, 0, -0.07588875, 4.17663, 1, 1, 1, False
328.6708, 2021-06-16T10:45:31.4551270+08:00, 0, -0.07588875, 4.17663, 1, 1, 1, False
328.6748, 2021-06-16T10:45:31.4591500+08:00, 0, -0.07588875, 4.17663, 1, 1, 1, False
328.6787, 2021-06-16T10:45:31.4631060+08:00, 0, -0.07588875, 4.17663, 1, 1, 1, False
328.6829, 2021-06-16T10:45:31.4672990+08:00, 0, -0.07588875, 4.17663, 1, 1, 1, False
328.6866, 2021-06-16T10:45:31.4709500+08:00, 0, -0.07588875, 4.17663, 1, 1, 1, False
328.6906, 2021-06-16T10:45:31.4749940+08:00, 0, -0.07588875, 4.17663, 1, 1, 1, False
328.6948, 2021-06-16T10:45:31.4790950+08:00, 0, -0.07588875, 4.17663, 1, 1, 1, False
328.699, 2021-06-16T10:45:31.4833270+08:00, 0, -0.07588875, 4.17663, 1, 1, 1, False
328.7027, 2021-06-16T10:45:31.4871320+08:00, 0, -0.07588875, 4.17663, 1, 1, 1, False
328.7069, 2021-06-16T10:45:31.4912100+08:00, 0, -0.07588875, 4.17663, 1, 1, 1, False
328.7109, 2021-06-16T10:45:31.4952570+08:00, 0, -0.07588875, 4.17663, 1, 1, 1, False
328.7147, 2021-06-16T10:45:31.4990650+08:00, 0, -0.07588875, 4.17663, 1, 1, 1, False
328.7185, 2021-06-16T10:45:31.5027890+08:00, 0, -0.07588875, 4.17663, 1, 1, 1, False
328.7227, 2021-06-16T10:45:31.5071490+08:00, 0, -0.07588875, 4.17663, 1, 1, 1, False
328.7268, 2021-06-16T10:45:31.5111820+08:00, 0, -0.07588875, 4.17663, 1, 1, 1, False
328.7306, 2021-06-16T10:45:31.5149480+08:00, 0, -0.07588875, 4.17663, 1, 1, 1, False
328.7348, 2021-06-16T10:45:31.5191080+08:00, 0, -0.07588875, 4.17663, 1, 1, 1, False
328.7386, 2021-06-16T10:45:31.5229770+08:00, 0, -0.07588875, 4.17663, 1, 1, 1, False
328.7428, 2021-06-16T10:45:31.5271220+08:00, 0, -0.07588875, 4.17663, 1, 1, 1, False
328.7468, 2021-06-16T10:45:31.5310880+08:00, 0, -0.07588875, 4.17663, 1, 1, 1, False
328.7507, 2021-06-16T10:45:31.5350850+08:00, 0, -0.07588875, 4.17663, 1, 1, 1, False
328.7549, 2021-06-16T10:45:31.5392920+08:00, 0, -0.07588875, 4.17663, 1, 1, 1, False
328.7588, 2021-06-16T10:45:31.5431510+08:00, 0, -0.07588875, 4.17663, 1, 1, 1, False
328.7628, 2021-06-16T10:45:31.5471920+08:00, 0, -0.07588875, 4.17663, 1, 1, 1, False
328.7669, 2021-06-16T10:45:31.5512720+08:00, 0, -0.07588875, 4.17663, 1, 1, 1, False
328.7707, 2021-06-16T10:45:31.5550380+08:00, 0, -0.07588875, 4.17663, 1, 1, 1, False
328.7748, 2021-06-16T10:45:31.5591910+08:00, 0, -0.07588875, 4.17663, 1, 1, 1, False
328.7791, 2021-06-16T10:45:31.5634710+08:00, 0, -0.07588875, 4.17663, 1, 1, 1, False
328.8149, 2021-06-16T10:45:31.5993400+08:00, 0, -0.07588875, 4.17663, 1, 1, 1, False
328.8186, 2021-06-16T10:45:31.6029890+08:00, 0, -0.07588875, 4.17663, 1, 1, 1, False
328.8228, 2021-06-16T10:45:31.6071740+08:00, 0, -0.07588875, 4.17663, 1, 1, 1, False
328.8268, 2021-06-16T10:45:31.6112060+08:00, 0, -0.07588875, 4.17663, 1, 1, 1, False
328.8307, 2021-06-16T10:45:31.6150430+08:00, 0, -0.07588875, 4.17663, 1, 1, 1, False
328.835, 2021-06-16T10:45:31.6193010+08:00, 0, -0.07588875, 4.17663, 1, 1, 1, False
328.8386, 2021-06-16T10:45:31.6229860+08:00, 0, -0.07588875, 4.17663, 1, 1, 1, False
328.8427, 2021-06-16T10:45:31.6270940+08:00, 0, -0.07588875, 4.17663, 1, 1, 1, False
328.8467, 2021-06-16T10:45:31.6310470+08:00, 0, -0.07588875, 4.17663, 1, 1, 1, False
328.8507, 2021-06-16T10:45:31.6350800+08:00, 0, -0.07588875, 4.17663, 1, 1, 1, False
328.8548, 2021-06-16T10:45:31.6391060+08:00, 0, -0.07588875, 4.17663, 1, 1, 1, False
328.8588, 2021-06-16T10:45:31.6431560+08:00, 0, -0.07588875, 4.17663, 1, 1, 1, False
328.8624, 2021-06-16T10:45:31.6467970+08:00, 0, -0.07588875, 4.17663, 1, 1, 1, False
328.8668, 2021-06-16T10:45:31.6511720+08:00, 0, -0.07588875, 4.17663, 1, 1, 1, False
328.8707, 2021-06-16T10:45:31.6551030+08:00, 0, -0.07588875, 4.17663, 1, 1, 1, False
328.8748, 2021-06-16T10:45:31.6591860+08:00, 0, -0.07588875, 4.17663, 1, 1, 1, False
328.8808, 2021-06-16T10:45:31.6651370+08:00, 0, -0.07588875, 4.17663, 1, 1, 1, False
328.8912, 2021-06-16T10:45:31.6755430+08:00, 0, -0.07588875, 4.17663, 1, 1, 1, False
328.8947, 2021-06-16T10:45:31.6790900+08:00, 0, -0.07588875, 4.17663, 1, 1, 1, False
328.8987, 2021-06-16T10:45:31.6830800+08:00, 0, -0.07588875, 4.17663, 1, 1, 1, False
328.9025, 2021-06-16T10:45:31.6868420+08:00, 0, -0.07588875, 4.17663, 1, 1, 1, False
328.9066, 2021-06-16T10:45:31.6909200+08:00, 0, -0.07588875, 4.17663, 1, 1, 1, False
328.9109, 2021-06-16T10:45:31.6952230+08:00, 0, -0.07588875, 4.17663, 1, 1, 1, False
328.9149, 2021-06-16T10:45:31.6992180+08:00, 0, -0.07588875, 4.17663, 1, 1, 1, False
328.9187, 2021-06-16T10:45:31.7030800+08:00, 0, -0.07588875, 4.17663, 1, 1, 1, False
328.9229, 2021-06-16T10:45:31.7072610+08:00, 0, -0.07588875, 4.17663, 1, 1, 1, False
328.927, 2021-06-16T10:45:31.7113860+08:00, 0, -0.07588875, 4.17663, 1, 1, 1, False
328.9308, 2021-06-16T10:45:31.7151650+08:00, 0, -0.07588875, 4.17663, 1, 1, 1, False
328.9348, 2021-06-16T10:45:31.7191320+08:00, 0, -0.07588875, 4.17663, 1, 1, 1, False
328.9388, 2021-06-16T10:45:31.7231030+08:00, 0, -0.07588875, 4.17663, 1, 1, 1, False
328.9429, 2021-06-16T10:45:31.7272790+08:00, 0, -0.07588875, 4.17663, 1, 1, 1, False
328.9792, 2021-06-16T10:45:31.7636300+08:00, 0, -0.07588875, 4.17663, 1, 1, 1, False
328.9828, 2021-06-16T10:45:31.7672220+08:00, 0, -0.07588875, 4.17663, 1, 1, 1, False
328.9869, 2021-06-16T10:45:31.7712140+08:00, 0, -0.07588875, 4.17663, 1, 1, 1, False
328.9908, 2021-06-16T10:45:31.7751390+08:00, 0, -0.07588875, 4.17663, 1, 1, 1, False
328.9948, 2021-06-16T10:45:31.7791170+08:00, 0, -0.07588875, 4.17663, 1, 1, 1, False
328.9989, 2021-06-16T10:45:31.7832100+08:00, 0, -0.07588875, 4.17663, 1, 1, 1, False
329.003, 2021-06-16T10:45:31.7873760+08:00, 0, -0.07588875, 4.17663, 1, 1, 1, False
329.0067, 2021-06-16T10:45:31.7910430+08:00, 0, -0.07588875, 4.17663, 1, 1, 1, False
329.0107, 2021-06-16T10:45:31.7951120+08:00, 0, -0.07588875, 4.17663, 1, 1, 1, False
329.015, 2021-06-16T10:45:31.7993710+08:00, 0, -0.07588875, 4.17663, 1, 1, 1, False
329.0186, 2021-06-16T10:45:31.8030040+08:00, 0, -0.07588875, 4.17663, 1, 1, 1, False
329.0231, 2021-06-16T10:45:31.8075500+08:00, 0, -0.07588875, 4.17663, 1, 1, 1, False
329.0271, 2021-06-16T10:45:31.8114530+08:00, 0, -0.07588875, 4.17663, 1, 1, 1, False
329.0421, 2021-06-16T10:45:31.8268340+08:00, 0, -0.07588875, 4.17663, 1, 1, 1, False
329.0625, 2021-06-16T10:45:31.8469120+08:00, 0, -0.07588875, 4.17663, 1, 1, 1, False
329.08, 2021-06-16T10:45:31.8643480+08:00, 0, -0.07588875, 4.17663, 1, 1, 1, False
329.0981, 2021-06-16T10:45:31.8826920+08:00, 0, -0.07588875, 4.17663, 1, 1, 1, False
329.116, 2021-06-16T10:45:31.9006820+08:00, 0, -0.07588875, 4.17663, 1, 1, 1, False
329.1333, 2021-06-16T10:45:31.9179530+08:00, 0, -0.07588875, 4.17663, 1, 1, 1, False
329.1501, 2021-06-16T10:45:31.9347200+08:00, 0, -0.07588875, 4.17663, 1, 1, 1, False
329.1664, 2021-06-16T10:45:31.9509760+08:00, 0, -0.07588875, 4.17663, 1, 1, 1, False
329.1821, 2021-06-16T10:45:31.9666130+08:00, 0, -0.07588875, 4.17663, 1, 1, 1, False
329.1978, 2021-06-16T10:45:31.9822620+08:00, 0, -0.07588875, 4.17663, 1, 1, 1, False
329.2141, 2021-06-16T10:45:31.9985820+08:00, 0, -0.07588875, 4.17663, 1, 1, 1, False
329.2281, 2021-06-16T10:45:32.0127280+08:00, 0, -0.07588875, 4.17663, 1, 1, 1, False
329.243, 2021-06-16T10:45:32.0275000+08:00, 0, -0.07588875, 4.17663, 1, 1, 1, False
329.2581, 2021-06-16T10:45:32.0425300+08:00, 0, -0.07588875, 4.17663, 1, 1, 1, False
329.2715, 2021-06-16T10:45:32.0561640+08:00, 0, -0.07588875, 4.17663, 1, 1, 1, False
329.2859, 2021-06-16T10:45:32.0704570+08:00, 0, -0.07588875, 4.17663, 1, 1, 1, False
329.2997, 2021-06-16T10:45:32.0843030+08:00, 0, -0.07588875, 4.17663, 1, 1, 1, False
329.3138, 2021-06-16T10:45:32.0983230+08:00, 0, -0.07588875, 4.17663, 1, 1, 1, False
329.3632, 2021-06-16T10:45:32.1476480+08:00, 0, -0.07588875, 4.17663, 1, 1, 1, False
329.3667, 2021-06-16T10:45:32.1510180+08:00, 0, -0.07588875, 4.17663, 1, 1, 1, False
329.3711, 2021-06-16T10:45:32.1555640+08:00, 0, -0.07588875, 4.17663, 1, 1, 1, False
329.3754, 2021-06-16T10:45:32.1597790+08:00, 0, -0.07588875, 4.17663, 1, 1, 1, False
329.3829, 2021-06-16T10:45:32.1674410+08:00, 0, -0.07588875, 4.17663, 1, 1, 1, False
329.3902, 2021-06-16T10:45:32.1746760+08:00, 0, -0.07588875, 4.17663, 1, 1, 1, False
329.4037, 2021-06-16T10:45:32.1884040+08:00, 0, -0.07588875, 4.17663, 1, 1, 1, False
329.4174, 2021-06-16T10:45:32.2019640+08:00, 0, -0.07588875, 4.17663, 1, 1, 1, False
329.4321, 2021-06-16T10:45:32.2168270+08:00, 0, -0.07588875, 4.17663, 1, 1, 1, False
329.4461, 2021-06-16T10:45:32.2307240+08:00, 0, -0.07588875, 4.17663, 1, 1, 1, False
329.4603, 2021-06-16T10:45:32.2448710+08:00, 0, -0.07588875, 4.17663, 1, 1, 1, False
329.4751, 2021-06-16T10:45:32.2595820+08:00, 0, -0.07588875, 4.17663, 1, 1, 1, False
329.4908, 2021-06-16T10:45:32.2754720+08:00, 0, -0.07588875, 4.17663, 1, 1, 1, False
329.5044, 2021-06-16T10:45:32.2890090+08:00, 0, -0.07588875, 4.17663, 1, 1, 1, False
329.5185, 2021-06-16T10:45:32.3030570+08:00, 0, -0.07588875, 4.17663, 1, 1, 1, False
329.5334, 2021-06-16T10:45:32.3180260+08:00, 0, -0.07588875, 4.17663, 1, 1, 1, False
329.5468, 2021-06-16T10:45:32.3311400+08:00, 0, -0.07588875, 4.17663, 1, 1, 1, False
329.5612, 2021-06-16T10:45:32.3457870+08:00, 0, -0.07588875, 4.17663, 1, 1, 1, False
329.5754, 2021-06-16T10:45:32.3599350+08:00, 0, -0.07588875, 4.17663, 1, 1, 1, False
329.5894, 2021-06-16T10:45:32.3741090+08:00, 0, -0.07588875, 4.17663, 1, 1, 1, False
329.6041, 2021-06-16T10:45:32.3886550+08:00, 0, -0.07588875, 4.17663, 1, 1, 1, False
329.6179, 2021-06-16T10:45:32.4022940+08:00, 0, -0.07588875, 4.17663, 1, 1, 1, False
329.6325, 2021-06-16T10:45:32.4172020+08:00, 0, -0.07588875, 4.17663, 1, 1, 1, False
329.6468, 2021-06-16T10:45:32.4313610+08:00, 0, -0.07588875, 4.17663, 1, 1, 1, False
329.661, 2021-06-16T10:45:32.4455080+08:00, 0, -0.07588875, 4.17663, 1, 1, 1, False
329.6753, 2021-06-16T10:45:32.4599530+08:00, 0, -0.07588875, 4.17663, 1, 1, 1, False
329.6909, 2021-06-16T10:45:32.4753650+08:00, 0, -0.07588875, 4.17663, 1, 1, 1, False
329.7046, 2021-06-16T10:45:32.4890460+08:00, 0, -0.07588875, 4.17663, 1, 1, 1, False
329.7189, 2021-06-16T10:45:32.5034730+08:00, 0, -0.07588875, 4.17663, 1, 1, 1, False
329.7339, 2021-06-16T10:45:32.5184400+08:00, 0, -0.07588875, 4.17663, 1, 1, 1, False
329.7477, 2021-06-16T10:45:32.5323140+08:00, 0, -0.07588875, 4.17663, 1, 1, 1, False
329.7958, 2021-06-16T10:45:32.5802140+08:00, 0, -0.07588875, 4.17663, 1, 1, 1, False
329.7986, 2021-06-16T10:45:32.5829400+08:00, 0, -0.07588875, 4.17663, 1, 1, 1, False
329.8028, 2021-06-16T10:45:32.5872200+08:00, 0, -0.07588875, 4.17663, 1, 1, 1, False
329.8067, 2021-06-16T10:45:32.5910340+08:00, 0, -0.07588875, 4.17663, 1, 1, 1, False
329.8106, 2021-06-16T10:45:32.5949870+08:00, 0, -0.07588875, 4.17663, 1, 1, 1, False
329.8155, 2021-06-16T10:45:32.5998230+08:00, 0, -0.07588875, 4.17663, 1, 1, 1, False
329.825, 2021-06-16T10:45:32.6096250+08:00, 0, -0.07588875, 4.17663, 1, 1, 1, False
329.8397, 2021-06-16T10:45:32.6244610+08:00, 0, -0.07588875, 4.17663, 1, 1, 1, False
329.8541, 2021-06-16T10:45:32.6386250+08:00, 0, -0.07588875, 4.17663, 1, 1, 1, False
329.8683, 2021-06-16T10:45:32.6528480+08:00, 0, -0.07588875, 4.17663, 1, 1, 1, False
329.8833, 2021-06-16T10:45:32.6677220+08:00, 0, -0.07588875, 4.17663, 1, 1, 1, False
329.8979, 2021-06-16T10:45:32.6824550+08:00, 0, -0.07588875, 4.17663, 1, 1, 1, False
329.912, 2021-06-16T10:45:32.6964670+08:00, 0, -0.07588875, 4.17663, 1, 1, 1, False
329.9265, 2021-06-16T10:45:32.7111790+08:00, 0, -0.07588875, 4.17663, 1, 1, 1, False
329.9412, 2021-06-16T10:45:32.7257700+08:00, 0, -0.07588875, 4.17663, 1, 1, 1, False
329.9556, 2021-06-16T10:45:32.7401460+08:00, 0, -0.07588875, 4.17663, 1, 1, 1, False
329.97, 2021-06-16T10:45:32.7546530+08:00, 0, -0.07588875, 4.17663, 1, 1, 1, False
329.9843, 2021-06-16T10:45:32.7688780+08:00, 0, -0.07588875, 4.17663, 1, 1, 1, False
329.9988, 2021-06-16T10:45:32.7832160+08:00, 0, -0.07588875, 4.17663, 1, 1, 1, False
330.0137, 2021-06-16T10:45:32.7983600+08:00, 0, -0.07588875, 4.17663, 1, 1, 1, False
330.0278, 2021-06-16T10:45:32.8123050+08:00, 0, -0.07588875, 4.17663, 1, 1, 1, False
330.0421, 2021-06-16T10:45:32.8267820+08:00, 0, -0.07588875, 4.17663, 1, 1, 1, False
330.0565, 2021-06-16T10:45:32.8409810+08:00, 0, -0.07588875, 4.17663, 1, 1, 1, False
330.0709, 2021-06-16T10:45:32.8554390+08:00, 0, -0.07588875, 4.17663, 1, 1, 1, False
330.0859, 2021-06-16T10:45:32.8705040+08:00, 0, -0.07588875, 4.17663, 1, 1, 1, False
330.0912, 2021-06-16T10:45:32.8755340+08:00, 0, -0.07588875, 4.17663, 1, 1, 1, False
330.095, 2021-06-16T10:45:32.8793550+08:00, 0, -0.07588875, 4.17663, 1, 1, 1, False
330.0987, 2021-06-16T10:45:32.8830680+08:00, 0, -0.07588875, 4.17663, 1, 1, 1, False
330.1028, 2021-06-16T10:45:32.8871790+08:00, 0, -0.07588875, 4.17663, 1, 1, 1, False
330.1069, 2021-06-16T10:45:32.8912230+08:00, 0, -0.07588875, 4.17663, 1, 1, 1, False
330.111, 2021-06-16T10:45:32.8953740+08:00, 0, -0.07588875, 4.17663, 1, 1, 1, False
330.1548, 2021-06-16T10:45:32.9392750+08:00, 0, -0.07588875, 4.17663, 1, 1, 1, False
330.1589, 2021-06-16T10:45:32.9432220+08:00, 0, -0.07588875, 4.17663, 1, 1, 1, False
330.1624, 2021-06-16T10:45:32.9468880+08:00, 0, -0.07588875, 4.17663, 1, 1, 1, False
330.1669, 2021-06-16T10:45:32.9512830+08:00, 0, -0.07588875, 4.17663, 1, 1, 1, False
330.1707, 2021-06-16T10:45:32.9550490+08:00, 0, -0.07588875, 4.17663, 1, 1, 1, False
330.1746, 2021-06-16T10:45:32.9589530+08:00, 0, -0.07588875, 4.17663, 1, 1, 1, False
330.1785, 2021-06-16T10:45:32.9628790+08:00, 0, -0.07588875, 4.17663, 1, 1, 1, False
330.1829, 2021-06-16T10:45:32.9672400+08:00, 0, -0.07588875, 4.17663, 1, 1, 1, False
330.1868, 2021-06-16T10:45:32.9711080+08:00, 0, -0.07588875, 4.17663, 1, 1, 1, False
330.1908, 2021-06-16T10:45:32.9751640+08:00, 0, -0.07588875, 4.17663, 1, 1, 1, False
330.1949, 2021-06-16T10:45:32.9792080+08:00, 0, -0.07588875, 4.17663, 1, 1, 1, False
330.1988, 2021-06-16T10:45:32.9831630+08:00, 0, -0.07588875, 4.17663, 1, 1, 1, False
330.2029, 2021-06-16T10:45:32.9872040+08:00, 0, -0.07588875, 4.17663, 1, 1, 1, False
330.2068, 2021-06-16T10:45:32.9912380+08:00, 0, -0.07588875, 4.17663, 1, 1, 1, False
330.2108, 2021-06-16T10:45:32.9951480+08:00, 0, -0.07588875, 4.17663, 1, 1, 1, False
330.2148, 2021-06-16T10:45:32.9991620+08:00, 0, -0.07588875, 4.17663, 1, 1, 1, False
330.2188, 2021-06-16T10:45:33.0031340+08:00, 0, -0.07588875, 4.17663, 1, 1, 1, False
330.2228, 2021-06-16T10:45:33.0071880+08:00, 0, -0.07588875, 4.17663, 1, 1, 1, False
330.2268, 2021-06-16T10:45:33.0111430+08:00, 0, -0.07588875, 4.17663, 1, 1, 1, False
330.231, 2021-06-16T10:45:33.0153310+08:00, 0, -0.07588875, 4.17663, 1, 1, 1, False
330.2347, 2021-06-16T10:45:33.0190280+08:00, 0, -0.07588875, 4.17663, 1, 1, 1, False
330.2388, 2021-06-16T10:45:33.0231490+08:00, 0, -0.07588875, 4.17663, 1, 1, 1, False
330.2433, 2021-06-16T10:45:33.0277160+08:00, 0, -0.07588875, 4.17663, 1, 1, 1, False
330.2468, 2021-06-16T10:45:33.0311910+08:00, 0, -0.07588875, 4.17663, 1, 1, 1, False
330.2514, 2021-06-16T10:45:33.0357790+08:00, 0, -0.07588875, 4.17663, 1, 1, 1, False
330.2557, 2021-06-16T10:45:33.0400390+08:00, 0, -0.07588875, 4.17663, 1, 1, 1, False
330.2604, 2021-06-16T10:45:33.0448270+08:00, 0, -0.07588875, 4.17663, 1, 1, 1, False
330.2632, 2021-06-16T10:45:33.0475890+08:00, 0, -0.07588875, 4.17663, 1, 1, 1, False
330.2751, 2021-06-16T10:45:33.0595620+08:00, 0, -0.07588875, 4.17663, 1, 1, 1, False
330.29, 2021-06-16T10:45:33.0746530+08:00, 0, -0.07588875, 4.17663, 1, 1, 1, False
330.3049, 2021-06-16T10:45:33.0895410+08:00, 0, -0.07588875, 4.17663, 1, 1, 1, False
330.3539, 2021-06-16T10:45:33.1383260+08:00, 0, -0.07588875, 4.17663, 1, 1, 1, False
330.3588, 2021-06-16T10:45:33.1431830+08:00, 0, -0.07588875, 4.17663, 1, 1, 1, False
330.3629, 2021-06-16T10:45:33.1473440+08:00, 0, -0.07588875, 4.17663, 1, 1, 1, False
330.3671, 2021-06-16T10:45:33.1514340+08:00, 0, -0.07588875, 4.17663, 1, 1, 1, False
330.3711, 2021-06-16T10:45:33.1554530+08:00, 0, -0.07588875, 4.17663, 1, 1, 1, False
330.3747, 2021-06-16T10:45:33.1591330+08:00, 0, -0.07588875, 4.17663, 1, 1, 1, False
330.3788, 2021-06-16T10:45:33.1631460+08:00, 0, -0.07588875, 4.17663, 1, 1, 1, False
330.3834, 2021-06-16T10:45:33.1678550+08:00, 0, -0.07588875, 4.17663, 1, 1, 1, False
330.3869, 2021-06-16T10:45:33.1712700+08:00, 0, -0.07588875, 4.17663, 1, 1, 1, False
330.3907, 2021-06-16T10:45:33.1750260+08:00, 0, -0.07588875, 4.17663, 1, 1, 1, False
330.3949, 2021-06-16T10:45:33.1792940+08:00, 0, -0.07588875, 4.17663, 1, 1, 1, False
330.3993, 2021-06-16T10:45:33.1836760+08:00, 0, -0.07588875, 4.17663, 1, 1, 1, False
330.4028, 2021-06-16T10:45:33.1871800+08:00, 0, -0.07588875, 4.17663, 1, 1, 1, False
330.4066, 2021-06-16T10:45:33.1910410+08:00, 0, -0.07588875, 4.17663, 1, 1, 1, False
330.4116, 2021-06-16T10:45:33.1960360+08:00, 0, -0.07588875, 4.17663, 1, 1, 1, False
330.4189, 2021-06-16T10:45:33.2032060+08:00, 0, -0.07588875, 4.17663, 1, 1, 1, False
330.427, 2021-06-16T10:45:33.2116660+08:00, 0, -0.07588875, 4.17663, 1, 1, 1, False
330.4311, 2021-06-16T10:45:33.2154880+08:00, 0, -0.07588875, 4.17663, 1, 1, 1, False
330.4416, 2021-06-16T10:45:33.2260820+08:00, 0, -0.07588875, 4.17663, 1, 1, 1, False
330.4472, 2021-06-16T10:45:33.2315490+08:00, 0, -0.07588875, 4.17663, 1, 1, 1, False
330.4554, 2021-06-16T10:45:33.2398710+08:00, 0, -0.07588875, 4.17663, 1, 1, 1, False
330.4591, 2021-06-16T10:45:33.2434490+08:00, 0, -0.07588875, 4.17663, 1, 1, 1, False
330.4703, 2021-06-16T10:45:33.2548680+08:00, 0, -0.07588875, 4.17663, 1, 1, 1, False
330.4752, 2021-06-16T10:45:33.2595510+08:00, 0, -0.07588875, 4.17663, 1, 1, 1, False
330.4849, 2021-06-16T10:45:33.2694820+08:00, 0, -0.07588875, 4.17663, 1, 1, 1, False
330.4995, 2021-06-16T10:45:33.2840850+08:00, 0, -0.07588875, 4.17663, 1, 1, 1, False
330.5029, 2021-06-16T10:45:33.2872880+08:00, 0, -0.07588875, 4.17663, 1, 1, 1, False
330.5065, 2021-06-16T10:45:33.2908180+08:00, 0, -0.07588875, 4.17663, 1, 1, 1, False
330.5108, 2021-06-16T10:45:33.2951780+08:00, 0, -0.07588875, 4.17663, 1, 1, 1, False
330.5148, 2021-06-16T10:45:33.2991810+08:00, 0, -0.07588875, 4.17663, 1, 1, 1, False
330.5191, 2021-06-16T10:45:33.3034090+08:00, 0, -0.07588875, 4.17663, 1, 1, 1, False
330.5589, 2021-06-16T10:45:33.3432840+08:00, 0, -0.07588875, 4.17663, 1, 1, 1, False
330.5628, 2021-06-16T10:45:33.3471850+08:00, 0, -0.07588875, 4.17663, 1, 1, 1, False
330.5668, 2021-06-16T10:45:33.3511210+08:00, 0, -0.07588875, 4.17663, 1, 1, 1, False
330.5708, 2021-06-16T10:45:33.3551320+08:00, 0, -0.07588875, 4.17663, 1, 1, 1, False
330.5749, 2021-06-16T10:45:33.3592440+08:00, 0, -0.07588875, 4.17663, 1, 1, 1, False
330.5786, 2021-06-16T10:45:33.3629380+08:00, 0, -0.07588875, 4.17663, 1, 1, 1, False
330.5826, 2021-06-16T10:45:33.3669720+08:00, 0, -0.07588875, 4.17663, 1, 1, 1, False
330.5868, 2021-06-16T10:45:33.3711610+08:00, 0, -0.07588875, 4.17663, 1, 1, 1, False
330.5909, 2021-06-16T10:45:33.3751960+08:00, 0, -0.07588875, 4.17663, 1, 1, 1, False
330.5948, 2021-06-16T10:45:33.3792020+08:00, 0, -0.07588875, 4.17663, 1, 1, 1, False
330.5987, 2021-06-16T10:45:33.3830350+08:00, 0, -0.07588875, 4.17663, 1, 1, 1, False
330.6028, 2021-06-16T10:45:33.3871250+08:00, 0, -0.07588875, 4.17663, 1, 1, 1, False
330.6068, 2021-06-16T10:45:33.3911990+08:00, 0, -0.07588875, 4.17663, 1, 1, 1, False
330.6109, 2021-06-16T10:45:33.3952290+08:00, 0, -0.07588875, 4.17663, 1, 1, 1, False
330.6147, 2021-06-16T10:45:33.3990620+08:00, 0, -0.07588875, 4.17663, 1, 1, 1, False
330.6188, 2021-06-16T10:45:33.4031050+08:00, 0, -0.07588875, 4.17663, 1, 1, 1, False
330.6229, 2021-06-16T10:45:33.4073450+08:00, 0, -0.07588875, 4.17663, 1, 1, 1, False
330.6268, 2021-06-16T10:45:33.4111520+08:00, 0, -0.07588875, 4.17663, 1, 1, 1, False
330.6305, 2021-06-16T10:45:33.4149400+08:00, 0, -0.07588875, 4.17663, 1, 1, 1, False
330.6348, 2021-06-16T10:45:33.4191860+08:00, 0, -0.07588875, 4.17663, 1, 1, 1, False
330.6387, 2021-06-16T10:45:33.4230310+08:00, 0, -0.07588875, 4.17663, 1, 1, 1, False
330.6427, 2021-06-16T10:45:33.4270990+08:00, 0, -0.07588875, 4.17663, 1, 1, 1, False
330.6469, 2021-06-16T10:45:33.4312210+08:00, 0, -0.07588875, 4.17663, 1, 1, 1, False
330.6508, 2021-06-16T10:45:33.4350880+08:00, 0, -0.07588875, 4.17663, 1, 1, 1, False
330.6548, 2021-06-16T10:45:33.4390910+08:00, 0, -0.07588875, 4.17663, 1, 1, 1, False
330.659, 2021-06-16T10:45:33.4433130+08:00, 0, -0.07588875, 4.17663, 1, 1, 1, False
330.6628, 2021-06-16T10:45:33.4471890+08:00, 0, -0.07588875, 4.17663, 1, 1, 1, False
330.6668, 2021-06-16T10:45:33.4511300+08:00, 0, -0.07588875, 4.17663, 1, 1, 1, False
330.7668, 2021-06-16T10:45:33.9382040+08:00, 0, -0.07588875, 4.17663, 1, 1, 1, False
330.8459, 2021-06-16T10:45:34.0172910+08:00, 0, -0.07588875, 4.17663, 1, 1, 1, False
330.8565, 2021-06-16T10:45:34.0278330+08:00, 0, -0.07588875, 4.17663, 1, 1, 1, False
330.9565, 2021-06-16T10:45:34.1596800+08:00, 0, -0.07588875, 4.17663, 1, 1, 1, False
330.9606, 2021-06-16T10:45:34.1638010+08:00, 0, -0.07588875, 4.17663, 1, 1, 1, False
330.9641, 2021-06-16T10:45:34.1671980+08:00, 0, -0.07588875, 4.17663, 1, 1, 1, False
330.968, 2021-06-16T10:45:34.1711350+08:00, 0, -0.07588875, 4.17663, 1, 1, 1, False
330.9721, 2021-06-16T10:45:34.1751640+08:00, 0, -0.07588875, 4.17663, 1, 1, 1, False
330.9762, 2021-06-16T10:45:34.1793200+08:00, 0, -0.07588875, 4.17663, 1, 1, 1, False
330.9802, 2021-06-16T10:45:34.1832780+08:00, 0, -0.07588875, 4.17663, 1, 1, 1, False
330.9839, 2021-06-16T10:45:34.1869990+08:00, 0, -0.07588875, 4.17663, 1, 1, 1, False
330.988, 2021-06-16T10:45:34.1911230+08:00, 0, -0.07588875, 4.17663, 1, 1, 1, False
330.9918, 2021-06-16T10:45:34.1949100+08:00, 0, -0.07588875, 4.17663, 1, 1, 1, False
330.996, 2021-06-16T10:45:34.1990610+08:00, 0, -0.07588875, 4.17663, 1, 1, 1, False
331, 2021-06-16T10:45:34.2031220+08:00, 0, -0.07588875, 4.17663, 1, 1, 1, False
331.0041, 2021-06-16T10:45:34.2071410+08:00, 0, -0.07588875, 4.17663, 1, 1, 1, False
331.008, 2021-06-16T10:45:34.2110550+08:00, 0, -0.07588875, 4.17663, 1, 1, 1, False
331.0121, 2021-06-16T10:45:34.2152330+08:00, 0, -0.07588875, 4.17663, 1, 1, 1, False
331.016, 2021-06-16T10:45:34.2190940+08:00, 0, -0.07588875, 4.17663, 1, 1, 1, False
331.02, 2021-06-16T10:45:34.2231310+08:00, 0, -0.07588875, 4.17663, 1, 1, 1, False
331.0242, 2021-06-16T10:45:34.2273520+08:00, 0, -0.07588875, 4.17663, 1, 1, 1, False
331.028, 2021-06-16T10:45:34.2310420+08:00, 0, -0.07588875, 4.17663, 1, 1, 1, False
331.032, 2021-06-16T10:45:34.2351310+08:00, 0, -0.07588875, 4.17663, 1, 1, 1, False
331.0361, 2021-06-16T10:45:34.2391600+08:00, 0, -0.07588875, 4.17663, 1, 1, 1, False
331.0401, 2021-06-16T10:45:34.2432020+08:00, 0, -0.07588875, 4.17663, 1, 1, 1, False
331.0455, 2021-06-16T10:45:34.2485580+08:00, 0, -0.07588875, 4.17663, 1, 1, 1, False
331.0478, 2021-06-16T10:45:34.2508520+08:00, 0, -0.07588875, 4.17663, 1, 1, 1, False
331.0517, 2021-06-16T10:45:34.2548360+08:00, 0, -0.07588875, 4.17663, 1, 1, 1, False
331.0562, 2021-06-16T10:45:34.2593200+08:00, 0, -0.07588875, 4.17663, 1, 1, 1, False
331.06, 2021-06-16T10:45:34.2631220+08:00, 0, -0.07588875, 4.17663, 1, 1, 1, False
331.0638, 2021-06-16T10:45:34.2669250+08:00, 0, -0.07588875, 4.17663, 1, 1, 1, False
331.0681, 2021-06-16T10:45:34.2712470+08:00, 0, -0.07588875, 4.17663, 1, 1, 1, False
331.0721, 2021-06-16T10:45:34.2751910+08:00, 0, -0.07588875, 4.17663, 1, 1, 1, False
331.0762, 2021-06-16T10:45:34.2792880+08:00, 0, -0.07588875, 4.17663, 1, 1, 1, False
331.1167, 2021-06-16T10:45:34.3198260+08:00, 0, -0.07588875, 4.17663, 1, 1, 1, False
331.12, 2021-06-16T10:45:34.3231550+08:00, 0, -0.07588875, 4.17663, 1, 1, 1, False
331.1237, 2021-06-16T10:45:34.3268180+08:00, 0, -0.07588875, 4.17663, 1, 1, 1, False
331.128, 2021-06-16T10:45:34.3310350+08:00, 0, -0.07588875, 4.17663, 1, 1, 1, False
331.1321, 2021-06-16T10:45:34.3351440+08:00, 0, -0.07588875, 4.17663, 1, 1, 1, False
331.1362, 2021-06-16T10:45:34.3392660+08:00, 0, -0.07588875, 4.17663, 1, 1, 1, False
331.14, 2021-06-16T10:45:34.3430410+08:00, 0, -0.07588875, 4.17663, 1, 1, 1, False
331.1437, 2021-06-16T10:45:34.3468080+08:00, 0, -0.07588875, 4.17663, 1, 1, 1, False
331.1478, 2021-06-16T10:45:34.3508690+08:00, 0, -0.07588875, 4.17663, 1, 1, 1, False
331.1521, 2021-06-16T10:45:34.3552230+08:00, 0, -0.07588875, 4.17663, 1, 1, 1, False
331.156, 2021-06-16T10:45:34.3590690+08:00, 0, -0.07588875, 4.17663, 1, 1, 1, False
331.1603, 2021-06-16T10:45:34.3634030+08:00, 0, -0.07588875, 4.17663, 1, 1, 1, False
331.1641, 2021-06-16T10:45:34.3671430+08:00, 0, -0.07588875, 4.17663, 1, 1, 1, False
331.1682, 2021-06-16T10:45:34.3712770+08:00, 0, -0.07588875, 4.17663, 1, 1, 1, False
331.1721, 2021-06-16T10:45:34.3752180+08:00, 0, -0.07588875, 4.17663, 1, 1, 1, False
331.176, 2021-06-16T10:45:34.3791030+08:00, 0, -0.07588875, 4.17663, 1, 1, 1, False
331.18, 2021-06-16T10:45:34.3831720+08:00, 0, -0.07588875, 4.17663, 1, 1, 1, False
331.1843, 2021-06-16T10:45:34.3873870+08:00, 0, -0.07588875, 4.17663, 1, 1, 1, False
331.188, 2021-06-16T10:45:34.3911850+08:00, 0, -0.07588875, 4.17663, 1, 1, 1, False
331.1918, 2021-06-16T10:45:34.3948810+08:00, 0, -0.07588875, 4.17663, 1, 1, 1, False
331.1962, 2021-06-16T10:45:34.3992440+08:00, 0, -0.07588875, 4.17663, 1, 1, 1, False
331.2, 2021-06-16T10:45:34.4030780+08:00, 0, -0.07588875, 4.17663, 1, 1, 1, False
331.204, 2021-06-16T10:45:34.4071020+08:00, 0, -0.07588875, 4.17663, 1, 1, 1, False
331.2082, 2021-06-16T10:45:34.4113250+08:00, 0, -0.07588875, 4.17663, 1, 1, 1, False
331.2119, 2021-06-16T10:45:34.4151020+08:00, 0, -0.07588875, 4.17663, 1, 1, 1, False
331.2172, 2021-06-16T10:45:34.4203210+08:00, 0, -0.07588875, 4.17663, 1, 1, 1, False
331.2205, 2021-06-16T10:45:34.4236580+08:00, 0, -0.07588875, 4.17663, 1, 1, 1, False
331.2242, 2021-06-16T10:45:34.4272500+08:00, 0, -0.07588875, 4.17663, 1, 1, 1, False
331.2279, 2021-06-16T10:45:34.4310070+08:00, 0, -0.07588875, 4.17663, 1, 1, 1, False
331.232, 2021-06-16T10:45:34.4350800+08:00, 0, -0.07588875, 4.17663, 1, 1, 1, False
331.2363, 2021-06-16T10:45:34.4394130+08:00, 0, -0.07588875, 4.17663, 1, 1, 1, False
331.2776, 2021-06-16T10:45:34.4807510+08:00, 0, -0.07588875, 4.17663, 1, 1, 1, False
331.2844, 2021-06-16T10:45:34.4875870+08:00, 0, -0.07588875, 4.17663, 1, 1, 1, False
331.2891, 2021-06-16T10:45:34.4921490+08:00, 0, -0.07588875, 4.17663, 1, 1, 1, False
331.2918, 2021-06-16T10:45:34.4949120+08:00, 0, -0.07588875, 4.17663, 1, 1, 1, False
331.2962, 2021-06-16T10:45:34.4993010+08:00, 0, -0.07588875, 4.17663, 1, 1, 1, False
331.3075, 2021-06-16T10:45:34.5107950+08:00, 0, -0.07588875, 4.17663, 1, 1, 1, False
331.3121, 2021-06-16T10:45:34.5152710+08:00, 0, -0.07588875, 4.17663, 1, 1, 1, False
331.3302, 2021-06-16T10:45:34.5334040+08:00, 0, -0.07588875, 4.17663, 1, 1, 1, False
331.333, 2021-06-16T10:45:34.5361210+08:00, 0, -0.07588875, 4.17663, 1, 1, 1, False
331.3526, 2021-06-16T10:45:34.5559090+08:00, 0, -0.07588875, 4.17663, 1, 1, 1, False
331.356, 2021-06-16T10:45:34.5590690+08:00, 0, -0.07588875, 4.17663, 1, 1, 1, False
331.3732, 2021-06-16T10:45:34.5766530+08:00, 0, -0.07588875, 4.17663, 1, 1, 1, False
331.3763, 2021-06-16T10:45:34.5793640+08:00, 0, -0.07588875, 4.17663, 1, 1, 1, False
331.3947, 2021-06-16T10:45:34.5980880+08:00, 0, -0.07588875, 4.17663, 1, 1, 1, False
331.4007, 2021-06-16T10:45:34.6038910+08:00, 0, -0.07588875, 4.17663, 1, 1, 1, False
331.4154, 2021-06-16T10:45:34.6187460+08:00, 0, -0.07588875, 4.17663, 1, 1, 1, False
331.42, 2021-06-16T10:45:34.6230790+08:00, 0, -0.07588875, 4.17663, 1, 1, 1, False
331.4347, 2021-06-16T10:45:34.6377910+08:00, 0, -0.07588875, 4.17663, 1, 1, 1, False
331.4358, 2021-06-16T10:45:34.6389110+08:00, 0, -0.07588875, 4.17663, 1, 1, 1, False
331.4406, 2021-06-16T10:45:34.6436890+08:00, 0, -0.07588875, 4.17663, 1, 1, 1, False
331.4532, 2021-06-16T10:45:34.6564290+08:00, 0, -0.07588875, 4.17663, 1, 1, 1, False
331.456, 2021-06-16T10:45:34.6590960+08:00, 0, -0.07588875, 4.17663, 1, 1, 1, False
331.4601, 2021-06-16T10:45:34.6631890+08:00, 0, -0.07588875, 4.17663, 1, 1, 1, False
331.4642, 2021-06-16T10:45:34.6672860+08:00, 0, -0.07588875, 4.17663, 1, 1, 1, False
331.4683, 2021-06-16T10:45:34.6713730+08:00, 0, -0.07588875, 4.17663, 1, 1, 1, False
331.4721, 2021-06-16T10:45:34.6752200+08:00, 0, -0.07588875, 4.17663, 1, 1, 1, False
331.4762, 2021-06-16T10:45:34.6792620+08:00, 0, -0.07588875, 4.17663, 1, 1, 1, False
331.4802, 2021-06-16T10:45:34.6833620+08:00, 0, -0.07588875, 4.17663, 1, 1, 1, False
331.484, 2021-06-16T10:45:34.6870780+08:00, 0, -0.07588875, 4.17663, 1, 1, 1, False
331.4884, 2021-06-16T10:45:34.6915080+08:00, 0, -0.07588875, 4.17663, 1, 1, 1, False
331.492, 2021-06-16T10:45:34.6951010+08:00, 0, -0.07588875, 4.17663, 1, 1, 1, False
331.5366, 2021-06-16T10:45:34.7397260+08:00, 0, -0.07588875, 4.17663, 1, 1, 1, False
331.5417, 2021-06-16T10:45:34.7448080+08:00, 0, -0.07588875, 4.17663, 1, 1, 1, False
331.5444, 2021-06-16T10:45:34.7474640+08:00, 0, -0.07588875, 4.17663, 1, 1, 1, False
331.5482, 2021-06-16T10:45:34.7513490+08:00, 0, -0.07588875, 4.17663, 1, 1, 1, False
331.552, 2021-06-16T10:45:34.7551380+08:00, 0, -0.07588875, 4.17663, 1, 1, 1, False
331.5565, 2021-06-16T10:45:34.7595650+08:00, 0, -0.07588875, 4.17663, 1, 1, 1, False
331.5598, 2021-06-16T10:45:34.7629490+08:00, 0, -0.07588875, 4.17663, 1, 1, 1, False
331.5639, 2021-06-16T10:45:34.7670550+08:00, 0, -0.07588875, 4.17663, 1, 1, 1, False
331.5684, 2021-06-16T10:45:34.7714910+08:00, 0, -0.07588875, 4.17663, 1, 1, 1, False
331.5718, 2021-06-16T10:45:34.7748850+08:00, 0, -0.07588875, 4.17663, 1, 1, 1, False
331.5764, 2021-06-16T10:45:34.7794610+08:00, 0, -0.07588875, 4.17663, 1, 1, 1, False
331.58, 2021-06-16T10:45:34.7830060+08:00, 0, -0.07588875, 4.17663, 1, 1, 1, False
331.5839, 2021-06-16T10:45:34.7870400+08:00, 0, -0.07588875, 4.17663, 1, 1, 1, False
331.5886, 2021-06-16T10:45:34.7916800+08:00, 0, -0.07588875, 4.17663, 1, 1, 1, False
331.5919, 2021-06-16T10:45:34.7949860+08:00, 0, -0.07588875, 4.17663, 1, 1, 1, False
331.5963, 2021-06-16T10:45:34.7994610+08:00, 0, -0.07588875, 4.17663, 1, 1, 1, False
331.6001, 2021-06-16T10:45:34.8032470+08:00, 0, -0.07588875, 4.17663, 1, 1, 1, False
331.6041, 2021-06-16T10:45:34.8071520+08:00, 0, -0.07588875, 4.17663, 1, 1, 1, False
331.608, 2021-06-16T10:45:34.8112220+08:00, 0, -0.07588875, 4.17663, 1, 1, 1, False
331.612, 2021-06-16T10:45:34.8150840+08:00, 0, -0.07588875, 4.17663, 1, 1, 1, False
331.6161, 2021-06-16T10:45:34.8191880+08:00, 0, -0.07588875, 4.17663, 1, 1, 1, False
331.62, 2021-06-16T10:45:34.8231250+08:00, 0, -0.07588875, 4.17663, 1, 1, 1, False
331.6238, 2021-06-16T10:45:34.8269270+08:00, 0, -0.07588875, 4.17663, 1, 1, 1, False
331.6281, 2021-06-16T10:45:34.8311790+08:00, 0, -0.07588875, 4.17663, 1, 1, 1, False
331.6337, 2021-06-16T10:45:34.8367610+08:00, 0, -0.07588875, 4.17663, 1, 1, 1, False
331.6358, 2021-06-16T10:45:34.8388920+08:00, 0, -0.07588875, 4.17663, 1, 1, 1, False
331.64, 2021-06-16T10:45:34.8431320+08:00, 0, -0.07588875, 4.17663, 1, 1, 1, False
331.6443, 2021-06-16T10:45:34.8473470+08:00, 0, -0.07588875, 4.17663, 1, 1, 1, False
331.6481, 2021-06-16T10:45:34.8511620+08:00, 0, -0.07588875, 4.17663, 1, 1, 1, False
331.6518, 2021-06-16T10:45:34.8548290+08:00, 0, -0.07588875, 4.17663, 1, 1, 1, False
331.6564, 2021-06-16T10:45:34.8594830+08:00, 0, -0.07588875, 4.17663, 1, 1, 1, False
331.692, 2021-06-16T10:45:34.8952090+08:00, 0, -0.07588875, 4.17663, 1, 1, 1, False
331.696, 2021-06-16T10:45:34.8991580+08:00, 0, -0.07588875, 4.17663, 1, 1, 1, False
331.7, 2021-06-16T10:45:34.9031340+08:00, 0, -0.07588875, 4.17663, 1, 1, 1, False
331.7037, 2021-06-16T10:45:34.9067820+08:00, 0, -0.07588875, 4.17663, 1, 1, 1, False
331.7081, 2021-06-16T10:45:34.9112180+08:00, 0, -0.07588875, 4.17663, 1, 1, 1, False
331.7118, 2021-06-16T10:45:34.9148690+08:00, 0, -0.07588875, 4.17663, 1, 1, 1, False
331.7158, 2021-06-16T10:45:34.9188310+08:00, 0, -0.07588875, 4.17663, 1, 1, 1, False
331.7199, 2021-06-16T10:45:34.9230370+08:00, 0, -0.07588875, 4.17663, 1, 1, 1, False
331.7241, 2021-06-16T10:45:34.9272190+08:00, 0, -0.07588875, 4.17663, 1, 1, 1, False
331.728, 2021-06-16T10:45:34.9310600+08:00, 0, -0.07588875, 4.17663, 1, 1, 1, False
331.732, 2021-06-16T10:45:34.9350990+08:00, 0, -0.07588875, 4.17663, 1, 1, 1, False
331.7358, 2021-06-16T10:45:34.9388250+08:00, 0, -0.07588875, 4.17663, 1, 1, 1, False
331.7401, 2021-06-16T10:45:34.9432310+08:00, 0, -0.07588875, 4.17663, 1, 1, 1, False
331.7442, 2021-06-16T10:45:34.9473240+08:00, 0, -0.07588875, 4.17663, 1, 1, 1, False
331.7481, 2021-06-16T10:45:34.9511900+08:00, 0, -0.07588875, 4.17663, 1, 1, 1, False
331.752, 2021-06-16T10:45:34.9550740+08:00, 0, -0.07588875, 4.17663, 1, 1, 1, False
331.7562, 2021-06-16T10:45:34.9592680+08:00, 0, -0.07588875, 4.17663, 1, 1, 1, False
331.76, 2021-06-16T10:45:34.9631140+08:00, 0, -0.07588875, 4.17663, 1, 1, 1, False
331.7641, 2021-06-16T10:45:34.9671950+08:00, 0, -0.07588875, 4.17663, 1, 1, 1, False
331.7682, 2021-06-16T10:45:34.9712460+08:00, 0, -0.07588875, 4.17663, 1, 1, 1, False
331.772, 2021-06-16T10:45:34.9750920+08:00, 0, -0.07588875, 4.17663, 1, 1, 1, False
331.7758, 2021-06-16T10:45:34.9788170+08:00, 0, -0.07588875, 4.17663, 1, 1, 1, False
331.7802, 2021-06-16T10:45:34.9832640+08:00, 0, -0.07588875, 4.17663, 1, 1, 1, False
331.7841, 2021-06-16T10:45:34.9871720+08:00, 0, -0.07588875, 4.17663, 1, 1, 1, False
331.7882, 2021-06-16T10:45:34.9913160+08:00, 0, -0.07588875, 4.17663, 1, 1, 1, False
331.7922, 2021-06-16T10:45:34.9952850+08:00, 0, -0.07588875, 4.17663, 1, 1, 1, False
331.7964, 2021-06-16T10:45:34.9995330+08:00, 0, -0.07588875, 4.17663, 1, 1, 1, False
331.8004, 2021-06-16T10:45:35.0035070+08:00, 0, -0.07588875, 4.17663, 1, 1, 1, False
331.8043, 2021-06-16T10:45:35.0073530+08:00, 0, -0.07588875, 4.17663, 1, 1, 1, False
331.8081, 2021-06-16T10:45:35.0112490+08:00, 0, -0.07588875, 4.17663, 1, 1, 1, False
331.8125, 2021-06-16T10:45:35.0155660+08:00, 0, -0.07588875, 4.17663, 1, 1, 1, False
331.8589, 2021-06-16T10:45:35.0621530+08:00, 0, -0.07588875, 4.17663, 1, 1, 1, False
331.8643, 2021-06-16T10:45:35.0674190+08:00, 0, -0.07588875, 4.17663, 1, 1, 1, False
331.868, 2021-06-16T10:45:35.0711700+08:00, 0, -0.07588875, 4.17663, 1, 1, 1, False
331.8727, 2021-06-16T10:45:35.0757540+08:00, 0, -0.07588875, 4.17663, 1, 1, 1, False
331.8778, 2021-06-16T10:45:35.0810100+08:00, 0, -0.07588875, 4.17663, 1, 1, 1, False
331.8842, 2021-06-16T10:45:35.0872640+08:00, 0, -0.07588875, 4.17663, 1, 1, 1, False
331.8882, 2021-06-16T10:45:35.0912560+08:00, 0, -0.07588875, 4.17663, 1, 1, 1, False
331.8923, 2021-06-16T10:45:35.0954220+08:00, 0, -0.07588875, 4.17663, 1, 1, 1, False
331.8958, 2021-06-16T10:45:35.0989550+08:00, 0, -0.07588875, 4.17663, 1, 1, 1, False
331.9001, 2021-06-16T10:45:35.1032370+08:00, 0, -0.07588875, 4.17663, 1, 1, 1, False
331.9041, 2021-06-16T10:45:35.1072170+08:00, 0, -0.07588875, 4.17663, 1, 1, 1, False
331.9081, 2021-06-16T10:45:35.1112780+08:00, 0, -0.07588875, 4.17663, 1, 1, 1, False
331.9119, 2021-06-16T10:45:35.1150290+08:00, 0, -0.07588875, 4.17663, 1, 1, 1, False
331.9161, 2021-06-16T10:45:35.1192490+08:00, 0, -0.07588875, 4.17663, 1, 1, 1, False
331.92, 2021-06-16T10:45:35.1230310+08:00, 0, -0.07588875, 4.17663, 1, 1, 1, False
331.9245, 2021-06-16T10:45:35.1278750+08:00, 0, -0.07588875, 4.17663, 1, 1, 1, False
331.9278, 2021-06-16T10:45:35.1308790+08:00, 0, -0.07588875, 4.17663, 1, 1, 1, False
331.9322, 2021-06-16T10:45:35.1352390+08:00, 0, -0.07588875, 4.17663, 1, 1, 1, False
331.9362, 2021-06-16T10:45:35.1392640+08:00, 0, -0.07588875, 4.17663, 1, 1, 1, False
331.9401, 2021-06-16T10:45:35.1432000+08:00, 0, -0.07588875, 4.17663, 1, 1, 1, False
331.9438, 2021-06-16T10:45:35.1468990+08:00, 0, -0.07588875, 4.17663, 1, 1, 1, False
331.9478, 2021-06-16T10:45:35.1509180+08:00, 0, -0.07588875, 4.17663, 1, 1, 1, False
331.9521, 2021-06-16T10:45:35.1551520+08:00, 0, -0.07588875, 4.17663, 1, 1, 1, False
331.9563, 2021-06-16T10:45:35.1593840+08:00, 0, -0.07588875, 4.17663, 1, 1, 1, False
331.9602, 2021-06-16T10:45:35.1633030+08:00, 0, -0.07588875, 4.17663, 1, 1, 1, False
331.964, 2021-06-16T10:45:35.1670980+08:00, 0, -0.07588875, 4.17663, 1, 1, 1, False
331.968, 2021-06-16T10:45:35.1711070+08:00, 0, -0.07588875, 4.17663, 1, 1, 1, False
331.9723, 2021-06-16T10:45:35.1753450+08:00, 0, -0.07588875, 4.17663, 1, 1, 1, False
331.976, 2021-06-16T10:45:35.1791470+08:00, 0, -0.07588875, 4.17663, 1, 1, 1, False
331.9798, 2021-06-16T10:45:35.1830380+08:00, 0, -0.07588875, 4.17663, 1, 1, 1, False
331.9844, 2021-06-16T10:45:35.1875280+08:00, 0, -0.07588875, 4.17663, 1, 1, 1, False
332.0284, 2021-06-16T10:45:35.2314760+08:00, 0, -0.07588875, 4.17663, 1, 1, 1, False
332.032, 2021-06-16T10:45:35.2351050+08:00, 0, -0.07588875, 4.17663, 1, 1, 1, False
332.0358, 2021-06-16T10:45:35.2390250+08:00, 0, -0.07588875, 4.17663, 1, 1, 1, False
332.04, 2021-06-16T10:45:35.2430890+08:00, 0, -0.07588875, 4.17663, 1, 1, 1, False
332.0441, 2021-06-16T10:45:35.2471840+08:00, 0, -0.07588875, 4.17663, 1, 1, 1, False
332.0479, 2021-06-16T10:45:35.2509860+08:00, 0, -0.07588875, 4.17663, 1, 1, 1, False
332.0522, 2021-06-16T10:45:35.2553160+08:00, 0, -0.07588875, 4.17663, 1, 1, 1, False
332.0561, 2021-06-16T10:45:35.2591490+08:00, 0, -0.07588875, 4.17663, 1, 1, 1, False
332.0599, 2021-06-16T10:45:35.2630150+08:00, 0, -0.07588875, 4.17663, 1, 1, 1, False
332.0641, 2021-06-16T10:45:35.2672680+08:00, 0, -0.07588875, 4.17663, 1, 1, 1, False
332.0681, 2021-06-16T10:45:35.2712050+08:00, 0, -0.07588875, 4.17663, 1, 1, 1, False
332.0722, 2021-06-16T10:45:35.2753290+08:00, 0, -0.07588875, 4.17663, 1, 1, 1, False
332.0757, 2021-06-16T10:45:35.2788200+08:00, 0, -0.07588875, 4.17663, 1, 1, 1, False
332.0801, 2021-06-16T10:45:35.2832460+08:00, 0, -0.07588875, 4.17663, 1, 1, 1, False
332.084, 2021-06-16T10:45:35.2870940+08:00, 0, -0.07588875, 4.17663, 1, 1, 1, False
332.0879, 2021-06-16T10:45:35.2910130+08:00, 0, -0.07588875, 4.17663, 1, 1, 1, False
332.0917, 2021-06-16T10:45:35.2948460+08:00, 0, -0.07588875, 4.17663, 1, 1, 1, False
332.0958, 2021-06-16T10:45:35.2989700+08:00, 0, -0.07588875, 4.17663, 1, 1, 1, False
332.1001, 2021-06-16T10:45:35.3031450+08:00, 0, -0.07588875, 4.17663, 1, 1, 1, False
332.1037, 2021-06-16T10:45:35.3068160+08:00, 0, -0.07588875, 4.17663, 1, 1, 1, False
332.1083, 2021-06-16T10:45:35.3114200+08:00, 0, -0.07588875, 4.17663, 1, 1, 1, False
332.1121, 2021-06-16T10:45:35.3152080+08:00, 0, -0.07588875, 4.17663, 1, 1, 1, False
332.1159, 2021-06-16T10:45:35.3189910+08:00, 0, -0.07588875, 4.17663, 1, 1, 1, False
332.1199, 2021-06-16T10:45:35.3230150+08:00, 0, -0.07588875, 4.17663, 1, 1, 1, False
332.1239, 2021-06-16T10:45:35.3270280+08:00, 0, -0.07588875, 4.17663, 1, 1, 1, False
332.1284, 2021-06-16T10:45:35.3314800+08:00, 0, -0.07588875, 4.17663, 1, 1, 1, False
332.1321, 2021-06-16T10:45:35.3351620+08:00, 0, -0.07588875, 4.17663, 1, 1, 1, False
332.136, 2021-06-16T10:45:35.3391040+08:00, 0, -0.07588875, 4.17663, 1, 1, 1, False
332.14, 2021-06-16T10:45:35.3430430+08:00, 0, -0.07588875, 4.17663, 1, 1, 1, False
332.1441, 2021-06-16T10:45:35.3472420+08:00, 0, -0.07588875, 4.17663, 1, 1, 1, False
332.1484, 2021-06-16T10:45:35.3514900+08:00, 0, -0.07588875, 4.17663, 1, 1, 1, False
332.1842, 2021-06-16T10:45:35.3874370+08:00, 0, -0.07588875, 4.17663, 1, 1, 1, False
332.1878, 2021-06-16T10:45:35.3908660+08:00, 0, -0.07588875, 4.17663, 1, 1, 1, False
332.1922, 2021-06-16T10:45:35.3952540+08:00, 0, -0.07588875, 4.17663, 1, 1, 1, False
332.1957, 2021-06-16T10:45:35.3988160+08:00, 0, -0.07588875, 4.17663, 1, 1, 1, False
332.2, 2021-06-16T10:45:35.4030540+08:00, 0, -0.07588875, 4.17663, 1, 1, 1, False
332.2037, 2021-06-16T10:45:35.4069110+08:00, 0, -0.07588875, 4.17663, 1, 1, 1, False
332.2082, 2021-06-16T10:45:35.4112660+08:00, 0, -0.07588875, 4.17663, 1, 1, 1, False
332.2121, 2021-06-16T10:45:35.4151490+08:00, 0, -0.07588875, 4.17663, 1, 1, 1, False
332.2159, 2021-06-16T10:45:35.4189820+08:00, 0, -0.07588875, 4.17663, 1, 1, 1, False
332.2197, 2021-06-16T10:45:35.4227730+08:00, 0, -0.07588875, 4.17663, 1, 1, 1, False
332.224, 2021-06-16T10:45:35.4271480+08:00, 0, -0.07588875, 4.17663, 1, 1, 1, False
332.2281, 2021-06-16T10:45:35.4311980+08:00, 0, -0.07588875, 4.17663, 1, 1, 1, False
332.2321, 2021-06-16T10:45:35.4351860+08:00, 0, -0.07588875, 4.17663, 1, 1, 1, False
332.236, 2021-06-16T10:45:35.4390880+08:00, 0, -0.07588875, 4.17663, 1, 1, 1, False
332.2399, 2021-06-16T10:45:35.4429730+08:00, 0, -0.07588875, 4.17663, 1, 1, 1, False
332.2442, 2021-06-16T10:45:35.4473370+08:00, 0, -0.07588875, 4.17663, 1, 1, 1, False
332.248, 2021-06-16T10:45:35.4511340+08:00, 0, -0.07588875, 4.17663, 1, 1, 1, False
332.252, 2021-06-16T10:45:35.4551310+08:00, 0, -0.07588875, 4.17663, 1, 1, 1, False
332.2557, 2021-06-16T10:45:35.4588480+08:00, 0, -0.07588875, 4.17663, 1, 1, 1, False
332.2598, 2021-06-16T10:45:35.4629840+08:00, 0, -0.07588875, 4.17663, 1, 1, 1, False
332.2641, 2021-06-16T10:45:35.4672520+08:00, 0, -0.07588875, 4.17663, 1, 1, 1, False
332.2681, 2021-06-16T10:45:35.4712070+08:00, 0, -0.07588875, 4.17663, 1, 1, 1, False
332.2717, 2021-06-16T10:45:35.4747680+08:00, 0, -0.07588875, 4.17663, 1, 1, 1, False
332.3238, 2021-06-16T10:45:35.5269430+08:00, 0, -0.07588875, 4.17663, 1, 1, 1, False
332.3282, 2021-06-16T10:45:35.5312690+08:00, 0, -0.07588875, 4.17663, 1, 1, 1, False
332.332, 2021-06-16T10:45:35.5350770+08:00, 0, -0.07588875, 4.17663, 1, 1, 1, False
332.3361, 2021-06-16T10:45:35.5391990+08:00, 0, -0.07588875, 4.17663, 1, 1, 1, False
332.3401, 2021-06-16T10:45:35.5432500+08:00, 0, -0.07588875, 4.17663, 1, 1, 1, False
332.3441, 2021-06-16T10:45:35.5471490+08:00, 0, -0.07588875, 4.17663, 1, 1, 1, False
332.3481, 2021-06-16T10:45:35.5511470+08:00, 0, -0.07588875, 4.17663, 1, 1, 1, False
332.3523, 2021-06-16T10:45:35.5553850+08:00, 0, -0.07588875, 4.17663, 1, 1, 1, False
332.3928, 2021-06-16T10:45:35.5959050+08:00, 0, -0.07588875, 4.17663, 1, 1, 1, False
332.3958, 2021-06-16T10:45:35.5988980+08:00, 0, -0.07588875, 4.17663, 1, 1, 1, False
332.4001, 2021-06-16T10:45:35.6032680+08:00, 0, -0.07588875, 4.17663, 1, 1, 1, False
332.4041, 2021-06-16T10:45:35.6071370+08:00, 0, -0.07588875, 4.17663, 1, 1, 1, False
332.4081, 2021-06-16T10:45:35.6111670+08:00, 0, -0.07588875, 4.17663, 1, 1, 1, False
332.4122, 2021-06-16T10:45:35.6153310+08:00, 0, -0.07588875, 4.17663, 1, 1, 1, False
332.4161, 2021-06-16T10:45:35.6191410+08:00, 0, -0.07588875, 4.17663, 1, 1, 1, False
332.42, 2021-06-16T10:45:35.6230580+08:00, 0, -0.07588875, 4.17663, 1, 1, 1, False
332.424, 2021-06-16T10:45:35.6271260+08:00, 0, -0.07588875, 4.17663, 1, 1, 1, False
332.4281, 2021-06-16T10:45:35.6311870+08:00, 0, -0.07588875, 4.17663, 1, 1, 1, False
332.4323, 2021-06-16T10:45:35.6353280+08:00, 0, -0.07588875, 4.17663, 1, 1, 1, False
332.436, 2021-06-16T10:45:35.6390870+08:00, 0, -0.07588875, 4.17663, 1, 1, 1, False
332.44, 2021-06-16T10:45:35.6430460+08:00, 0, -0.07588875, 4.17663, 1, 1, 1, False
332.4443, 2021-06-16T10:45:35.6474060+08:00, 0, -0.07588875, 4.17663, 1, 1, 1, False
332.4481, 2021-06-16T10:45:35.6511370+08:00, 0, -0.07588875, 4.17663, 1, 1, 1, False
332.4518, 2021-06-16T10:45:35.6549940+08:00, 0, -0.07588875, 4.17663, 1, 1, 1, False
332.4561, 2021-06-16T10:45:35.6592490+08:00, 0, -0.07588875, 4.17663, 1, 1, 1, False
332.46, 2021-06-16T10:45:35.6630520+08:00, 0, -0.07588875, 4.17663, 1, 1, 1, False
332.4642, 2021-06-16T10:45:35.6673730+08:00, 0, -0.07588875, 4.17663, 1, 1, 1, False
332.468, 2021-06-16T10:45:35.6710920+08:00, 0, -0.07588875, 4.17663, 1, 1, 1, False
332.472, 2021-06-16T10:45:35.6750700+08:00, 0, -0.07588875, 4.17663, 1, 1, 1, False
332.4761, 2021-06-16T10:45:35.6791870+08:00, 0, -0.07588875, 4.17663, 1, 1, 1, False
332.48, 2021-06-16T10:45:35.6830280+08:00, 0, -0.07588875, 4.17663, 1, 1, 1, False
332.4841, 2021-06-16T10:45:35.6872390+08:00, 0, -0.07588875, 4.17663, 1, 1, 1, False
332.4881, 2021-06-16T10:45:35.6912180+08:00, 0, -0.07588875, 4.17663, 1, 1, 1, False
332.4919, 2021-06-16T10:45:35.6949190+08:00, 0, -0.07588875, 4.17663, 1, 1, 1, False
332.496, 2021-06-16T10:45:35.6991030+08:00, 0, -0.07588875, 4.17663, 1, 1, 1, False
332.5002, 2021-06-16T10:45:35.7033330+08:00, 0, -0.07588875, 4.17663, 1, 1, 1, False
332.504, 2021-06-16T10:45:35.7070680+08:00, 0, -0.07588875, 4.17663, 1, 1, 1, False
332.508, 2021-06-16T10:45:35.7110840+08:00, 0, -0.07588875, 4.17663, 1, 1, 1, False
332.5121, 2021-06-16T10:45:35.7151940+08:00, 0, -0.07588875, 4.17663, 1, 1, 1, False
332.5483, 2021-06-16T10:45:35.7513850+08:00, 0, -0.07588875, 4.17663, 1, 1, 1, False
332.552, 2021-06-16T10:45:35.7550700+08:00, 0, -0.07588875, 4.17663, 1, 1, 1, False
332.556, 2021-06-16T10:45:35.7590530+08:00, 0, -0.07588875, 4.17663, 1, 1, 1, False
332.5601, 2021-06-16T10:45:35.7631680+08:00, 0, -0.07588875, 4.17663, 1, 1, 1, False
332.5638, 2021-06-16T10:45:35.7669090+08:00, 0, -0.07588875, 4.17663, 1, 1, 1, False
332.5683, 2021-06-16T10:45:35.7714120+08:00, 0, -0.07588875, 4.17663, 1, 1, 1, False
332.5722, 2021-06-16T10:45:35.7753360+08:00, 0, -0.07588875, 4.17663, 1, 1, 1, False
332.5943, 2021-06-16T10:45:35.7975250+08:00, 0, -0.07588875, 4.17663, 1, 1, 1, False
332.5963, 2021-06-16T10:45:35.7993670+08:00, 0, -0.07588875, 4.17663, 1, 1, 1, False
332.6178, 2021-06-16T10:45:35.8212690+08:00, 0, -0.07588875, 4.17663, 1, 1, 1, False
332.6393, 2021-06-16T10:45:35.8428450+08:00, 0, -0.07588875, 4.17663, 1, 1, 1, False
332.6601, 2021-06-16T10:45:35.8634160+08:00, 0, -0.07588875, 4.17663, 1, 1, 1, False
332.6807, 2021-06-16T10:45:35.8839960+08:00, 0, -0.07588875, 4.17663, 1, 1, 1, False
332.7, 2021-06-16T10:45:35.9033400+08:00, 0, -0.07588875, 4.17663, 1, 1, 1, False
332.7191, 2021-06-16T10:45:35.9222910+08:00, 0, -0.07588875, 4.17663, 1, 1, 1, False
332.7373, 2021-06-16T10:45:35.9406740+08:00, 0, -0.07588875, 4.17663, 1, 1, 1, False
332.7546, 2021-06-16T10:45:35.9578750+08:00, 0, -0.07588875, 4.17663, 1, 1, 1, False
332.756, 2021-06-16T10:45:35.9590800+08:00, 0, -0.07588875, 4.17663, 1, 1, 1, False
332.7603, 2021-06-16T10:45:35.9634400+08:00, 0, -0.07588875, 4.17663, 1, 1, 1, False
332.7643, 2021-06-16T10:45:35.9674040+08:00, 0, -0.07588875, 4.17663, 1, 1, 1, False
332.7682, 2021-06-16T10:45:35.9712440+08:00, 0, -0.07588875, 4.17663, 1, 1, 1, False
332.7719, 2021-06-16T10:45:35.9749920+08:00, 0, -0.07588875, 4.17663, 1, 1, 1, False
332.7761, 2021-06-16T10:45:35.9791830+08:00, 0, -0.07588875, 4.17663, 1, 1, 1, False
332.7802, 2021-06-16T10:45:35.9832960+08:00, 0, -0.07588875, 4.17663, 1, 1, 1, False
332.7841, 2021-06-16T10:45:35.9872220+08:00, 0, -0.07588875, 4.17663, 1, 1, 1, False
332.7883, 2021-06-16T10:45:35.9914080+08:00, 0, -0.07588875, 4.17663, 1, 1, 1, False
332.7922, 2021-06-16T10:45:35.9952700+08:00, 0, -0.07588875, 4.17663, 1, 1, 1, False
332.7962, 2021-06-16T10:45:35.9992550+08:00, 0, -0.07588875, 4.17663, 1, 1, 1, False
332.8001, 2021-06-16T10:45:36.0032280+08:00, 0, -0.07588875, 4.17663, 1, 1, 1, False
332.8043, 2021-06-16T10:45:36.0073490+08:00, 0, -0.07588875, 4.17663, 1, 1, 1, False
332.8082, 2021-06-16T10:45:36.0113310+08:00, 0, -0.07588875, 4.17663, 1, 1, 1, False
332.8444, 2021-06-16T10:45:36.0477030+08:00, 0, -0.07588875, 4.17663, 1, 1, 1, False
332.848, 2021-06-16T10:45:36.0511280+08:00, 0, -0.07588875, 4.17663, 1, 1, 1, False
332.8522, 2021-06-16T10:45:36.0553970+08:00, 0, -0.07588875, 4.17663, 1, 1, 1, False
332.856, 2021-06-16T10:45:36.0591240+08:00, 0, -0.07588875, 4.17663, 1, 1, 1, False
332.8598, 2021-06-16T10:45:36.0629170+08:00, 0, -0.07588875, 4.17663, 1, 1, 1, False
332.8641, 2021-06-16T10:45:36.0671730+08:00, 0, -0.07588875, 4.17663, 1, 1, 1, False
332.8681, 2021-06-16T10:45:36.0711620+08:00, 0, -0.07588875, 4.17663, 1, 1, 1, False
332.8721, 2021-06-16T10:45:36.0751730+08:00, 0, -0.07588875, 4.17663, 1, 1, 1, False
332.8761, 2021-06-16T10:45:36.0791680+08:00, 0, -0.07588875, 4.17663, 1, 1, 1, False
332.8803, 2021-06-16T10:45:36.0834470+08:00, 0, -0.07588875, 4.17663, 1, 1, 1, False
332.884, 2021-06-16T10:45:36.0870400+08:00, 0, -0.07588875, 4.17663, 1, 1, 1, False
332.8882, 2021-06-16T10:45:36.0912220+08:00, 0, -0.07588875, 4.17663, 1, 1, 1, False
332.8922, 2021-06-16T10:45:36.0952680+08:00, 0, -0.07588875, 4.17663, 1, 1, 1, False
332.896, 2021-06-16T10:45:36.0990670+08:00, 0, -0.07588875, 4.17663, 1, 1, 1, False
332.9001, 2021-06-16T10:45:36.1031760+08:00, 0, -0.07588875, 4.17663, 1, 1, 1, False
332.9043, 2021-06-16T10:45:36.1074030+08:00, 0, -0.07588875, 4.17663, 1, 1, 1, False
332.9081, 2021-06-16T10:45:36.1111710+08:00, 0, -0.07588875, 4.17663, 1, 1, 1, False
332.9121, 2021-06-16T10:45:36.1152470+08:00, 0, -0.07588875, 4.17663, 1, 1, 1, False
332.9162, 2021-06-16T10:45:36.1193280+08:00, 0, -0.07588875, 4.17663, 1, 1, 1, False
332.9199, 2021-06-16T10:45:36.1229380+08:00, 0, -0.07588875, 4.17663, 1, 1, 1, False
332.924, 2021-06-16T10:45:36.1272230+08:00, 0, -0.07588875, 4.17663, 1, 1, 1, False
332.9283, 2021-06-16T10:45:36.1313700+08:00, 0, -0.07588875, 4.17663, 1, 1, 1, False
332.9319, 2021-06-16T10:45:36.1349540+08:00, 0, -0.07588875, 4.17663, 1, 1, 1, False
332.9359, 2021-06-16T10:45:36.1389620+08:00, 0, -0.07588875, 4.17663, 1, 1, 1, False
332.9406, 2021-06-16T10:45:36.1438540+08:00, 0, -0.07588875, 4.17663, 1, 1, 1, False
332.9438, 2021-06-16T10:45:36.1469290+08:00, 0, -0.07588875, 4.17663, 1, 1, 1, False
332.948, 2021-06-16T10:45:36.1510940+08:00, 0, -0.07588875, 4.17663, 1, 1, 1, False
332.9522, 2021-06-16T10:45:36.1552690+08:00, 0, -0.07588875, 4.17663, 1, 1, 1, False
332.9563, 2021-06-16T10:45:36.1594860+08:00, 0, -0.07588875, 4.17663, 1, 1, 1, False
332.9603, 2021-06-16T10:45:36.1634940+08:00, 0, -0.07588875, 4.17663, 1, 1, 1, False
332.9641, 2021-06-16T10:45:36.1671700+08:00, 0, -0.07588875, 4.17663, 1, 1, 1, False
333.0089, 2021-06-16T10:45:36.2120550+08:00, 0, -0.07588875, 4.17663, 1, 1, 1, False
333.0164, 2021-06-16T10:45:36.2195030+08:00, 0, -0.07588875, 4.17663, 1, 1, 1, False
333.0204, 2021-06-16T10:45:36.2234500+08:00, 0, -0.07588875, 4.17663, 1, 1, 1, False
333.024, 2021-06-16T10:45:36.2271290+08:00, 0, -0.07588875, 4.17663, 1, 1, 1, False
333.0282, 2021-06-16T10:45:36.2312800+08:00, 0, -0.07588875, 4.17663, 1, 1, 1, False
333.032, 2021-06-16T10:45:36.2351050+08:00, 0, -0.07588875, 4.17663, 1, 1, 1, False
333.0362, 2021-06-16T10:45:36.2392680+08:00, 0, -0.07588875, 4.17663, 1, 1, 1, False
333.0404, 2021-06-16T10:45:36.2437280+08:00, 0, -0.07588875, 4.17663, 1, 1, 1, False
333.044, 2021-06-16T10:45:36.2471260+08:00, 0, -0.07588875, 4.17663, 1, 1, 1, False
333.0477, 2021-06-16T10:45:36.2507580+08:00, 0, -0.07588875, 4.17663, 1, 1, 1, False
333.0527, 2021-06-16T10:45:36.2558000+08:00, 0, -0.07588875, 4.17663, 1, 1, 1, False
333.0561, 2021-06-16T10:45:36.2591940+08:00, 0, -0.07588875, 4.17663, 1, 1, 1, False
333.0602, 2021-06-16T10:45:36.2633330+08:00, 0, -0.07588875, 4.17663, 1, 1, 1, False
333.0642, 2021-06-16T10:45:36.2672960+08:00, 0, -0.07588875, 4.17663, 1, 1, 1, False
333.0679, 2021-06-16T10:45:36.2709530+08:00, 0, -0.07588875, 4.17663, 1, 1, 1, False
333.0719, 2021-06-16T10:45:36.2750810+08:00, 0, -0.07588875, 4.17663, 1, 1, 1, False
333.0762, 2021-06-16T10:45:36.2792620+08:00, 0, -0.07588875, 4.17663, 1, 1, 1, False
333.0803, 2021-06-16T10:45:36.2834330+08:00, 0, -0.07588875, 4.17663, 1, 1, 1, False
333.0843, 2021-06-16T10:45:36.2874060+08:00, 0, -0.07588875, 4.17663, 1, 1, 1, False
333.088, 2021-06-16T10:45:36.2911250+08:00, 0, -0.07588875, 4.17663, 1, 1, 1, False
333.0922, 2021-06-16T10:45:36.2953630+08:00, 0, -0.07588875, 4.17663, 1, 1, 1, False
333.0964, 2021-06-16T10:45:36.2994730+08:00, 0, -0.07588875, 4.17663, 1, 1, 1, False
333.1002, 2021-06-16T10:45:36.3032880+08:00, 0, -0.07588875, 4.17663, 1, 1, 1, False
333.1039, 2021-06-16T10:45:36.3069920+08:00, 0, -0.07588875, 4.17663, 1, 1, 1, False
333.1084, 2021-06-16T10:45:36.3114480+08:00, 0, -0.07588875, 4.17663, 1, 1, 1, False
333.1121, 2021-06-16T10:45:36.3151680+08:00, 0, -0.07588875, 4.17663, 1, 1, 1, False
333.1165, 2021-06-16T10:45:36.3195680+08:00, 0, -0.07588875, 4.17663, 1, 1, 1, False
333.1201, 2021-06-16T10:45:36.3232450+08:00, 0, -0.07588875, 4.17663, 1, 1, 1, False
333.1238, 2021-06-16T10:45:36.3269570+08:00, 0, -0.07588875, 4.17663, 1, 1, 1, False
333.1282, 2021-06-16T10:45:36.3313200+08:00, 0, -0.07588875, 4.17663, 1, 1, 1, False
333.1328, 2021-06-16T10:45:36.3359080+08:00, 0, -0.07588875, 4.17663, 1, 1, 1, False
333.1729, 2021-06-16T10:45:36.3760470+08:00, 0, -0.07588875, 4.17663, 1, 1, 1, False
333.176, 2021-06-16T10:45:36.3790420+08:00, 0, -0.07588875, 4.17663, 1, 1, 1, False
333.1798, 2021-06-16T10:45:36.3829210+08:00, 0, -0.07588875, 4.17663, 1, 1, 1, False
333.1842, 2021-06-16T10:45:36.3873080+08:00, 0, -0.07588875, 4.17663, 1, 1, 1, False
333.1881, 2021-06-16T10:45:36.3912510+08:00, 0, -0.07588875, 4.17663, 1, 1, 1, False
333.1921, 2021-06-16T10:45:36.3951400+08:00, 0, -0.07588875, 4.17663, 1, 1, 1, False
333.196, 2021-06-16T10:45:36.3990930+08:00, 0, -0.07588875, 4.17663, 1, 1, 1, False
333.2, 2021-06-16T10:45:36.4031570+08:00, 0, -0.07588875, 4.17663, 1, 1, 1, False
333.204, 2021-06-16T10:45:36.4071040+08:00, 0, -0.07588875, 4.17663, 1, 1, 1, False
333.2081, 2021-06-16T10:45:36.4111280+08:00, 0, -0.07588875, 4.17663, 1, 1, 1, False
333.212, 2021-06-16T10:45:36.4151250+08:00, 0, -0.07588875, 4.17663, 1, 1, 1, False
333.2161, 2021-06-16T10:45:36.4191410+08:00, 0, -0.07588875, 4.17663, 1, 1, 1, False
333.22, 2021-06-16T10:45:36.4231300+08:00, 0, -0.07588875, 4.17663, 1, 1, 1, False
333.2241, 2021-06-16T10:45:36.4272090+08:00, 0, -0.07588875, 4.17663, 1, 1, 1, False
333.2277, 2021-06-16T10:45:36.4308520+08:00, 0, -0.07588875, 4.17663, 1, 1, 1, False
333.2324, 2021-06-16T10:45:36.4354570+08:00, 0, -0.07588875, 4.17663, 1, 1, 1, False
333.2361, 2021-06-16T10:45:36.4391350+08:00, 0, -0.07588875, 4.17663, 1, 1, 1, False
333.2398, 2021-06-16T10:45:36.4429130+08:00, 0, -0.07588875, 4.17663, 1, 1, 1, False
333.2444, 2021-06-16T10:45:36.4476280+08:00, 0, -0.07588875, 4.17663, 1, 1, 1, False
333.2479, 2021-06-16T10:45:36.4509960+08:00, 0, -0.07588875, 4.17663, 1, 1, 1, False
333.2518, 2021-06-16T10:45:36.4548430+08:00, 0, -0.07588875, 4.17663, 1, 1, 1, False
333.2561, 2021-06-16T10:45:36.4591680+08:00, 0, -0.07588875, 4.17663, 1, 1, 1, False
333.2601, 2021-06-16T10:45:36.4632080+08:00, 0, -0.07588875, 4.17663, 1, 1, 1, False
333.2645, 2021-06-16T10:45:36.4675810+08:00, 0, -0.07588875, 4.17663, 1, 1, 1, False
333.2685, 2021-06-16T10:45:36.4716100+08:00, 0, -0.07588875, 4.17663, 1, 1, 1, False
333.2719, 2021-06-16T10:45:36.4749190+08:00, 0, -0.07588875, 4.17663, 1, 1, 1, False
333.2758, 2021-06-16T10:45:36.4789070+08:00, 0, -0.07588875, 4.17663, 1, 1, 1, False
333.2802, 2021-06-16T10:45:36.4833250+08:00, 0, -0.07588875, 4.17663, 1, 1, 1, False
333.2838, 2021-06-16T10:45:36.4868610+08:00, 0, -0.07588875, 4.17663, 1, 1, 1, False
333.2881, 2021-06-16T10:45:36.4911320+08:00, 0, -0.07588875, 4.17663, 1, 1, 1, False
333.2923, 2021-06-16T10:45:36.4953610+08:00, 0, -0.07588875, 4.17663, 1, 1, 1, False
333.3285, 2021-06-16T10:45:36.5316230+08:00, 0, -0.07588875, 4.17663, 1, 1, 1, False
333.332, 2021-06-16T10:45:36.5351000+08:00, 0, -0.07588875, 4.17663, 1, 1, 1, False
333.3362, 2021-06-16T10:45:36.5392930+08:00, 0, -0.07588875, 4.17663, 1, 1, 1, False
333.3397, 2021-06-16T10:45:36.5427920+08:00, 0, -0.07588875, 4.17663, 1, 1, 1, False
333.344, 2021-06-16T10:45:36.5471010+08:00, 0, -0.07588875, 4.17663, 1, 1, 1, False
333.3481, 2021-06-16T10:45:36.5511310+08:00, 0, -0.07588875, 4.17663, 1, 1, 1, False
333.3517, 2021-06-16T10:45:36.5548750+08:00, 0, -0.07588875, 4.17663, 1, 1, 1, False
333.3563, 2021-06-16T10:45:36.5593510+08:00, 0, -0.07588875, 4.17663, 1, 1, 1, False
333.36, 2021-06-16T10:45:36.5631050+08:00, 0, -0.07588875, 4.17663, 1, 1, 1, False
333.3642, 2021-06-16T10:45:36.5672800+08:00, 0, -0.07588875, 4.17663, 1, 1, 1, False
333.3683, 2021-06-16T10:45:36.5713350+08:00, 0, -0.07588875, 4.17663, 1, 1, 1, False
333.3719, 2021-06-16T10:45:36.5750250+08:00, 0, -0.07588875, 4.17663, 1, 1, 1, False
333.3759, 2021-06-16T10:45:36.5789060+08:00, 0, -0.07588875, 4.17663, 1, 1, 1, False
333.38, 2021-06-16T10:45:36.5830970+08:00, 0, -0.07588875, 4.17663, 1, 1, 1, False
333.3842, 2021-06-16T10:45:36.5872200+08:00, 0, -0.07588875, 4.17663, 1, 1, 1, False
333.3881, 2021-06-16T10:45:36.5911390+08:00, 0, -0.07588875, 4.17663, 1, 1, 1, False
333.3922, 2021-06-16T10:45:36.5953130+08:00, 0, -0.07588875, 4.17663, 1, 1, 1, False
333.3961, 2021-06-16T10:45:36.5991500+08:00, 0, -0.07588875, 4.17663, 1, 1, 1, False
333.4002, 2021-06-16T10:45:36.6033150+08:00, 0, -0.07588875, 4.17663, 1, 1, 1, False
333.4041, 2021-06-16T10:45:36.6071770+08:00, 0, -0.07588875, 4.17663, 1, 1, 1, False
333.4077, 2021-06-16T10:45:36.6109200+08:00, 0, -0.07588875, 4.17663, 1, 1, 1, False
333.4123, 2021-06-16T10:45:36.6153310+08:00, 0, -0.07588875, 4.17663, 1, 1, 1, False
333.4159, 2021-06-16T10:45:36.6189690+08:00, 0, -0.07588875, 4.17663, 1, 1, 1, False
333.4201, 2021-06-16T10:45:36.6232050+08:00, 0, -0.07588875, 4.17663, 1, 1, 1, False
333.4242, 2021-06-16T10:45:36.6272830+08:00, 0, -0.07588875, 4.17663, 1, 1, 1, False
333.4281, 2021-06-16T10:45:36.6311310+08:00, 0, -0.07588875, 4.17663, 1, 1, 1, False
333.432, 2021-06-16T10:45:36.6350490+08:00, 0, -0.07588875, 4.17663, 1, 1, 1, False
333.4358, 2021-06-16T10:45:36.6388330+08:00, 0, -0.07588875, 4.17663, 1, 1, 1, False
333.4401, 2021-06-16T10:45:36.6431970+08:00, 0, -0.07588875, 4.17663, 1, 1, 1, False
333.4438, 2021-06-16T10:45:36.6469340+08:00, 0, -0.07588875, 4.17663, 1, 1, 1, False
333.4483, 2021-06-16T10:45:36.6514230+08:00, 0, -0.07588875, 4.17663, 1, 1, 1, False
333.4883, 2021-06-16T10:45:36.6914250+08:00, 0, -0.07588875, 4.17663, 1, 1, 1, False
333.4921, 2021-06-16T10:45:36.6951210+08:00, 0, -0.07588875, 4.17663, 1, 1, 1, False
333.4959, 2021-06-16T10:45:36.6989560+08:00, 0, -0.07588875, 4.17663, 1, 1, 1, False
333.5002, 2021-06-16T10:45:36.7032580+08:00, 0, -0.07588875, 4.17663, 1, 1, 1, False
333.504, 2021-06-16T10:45:36.7070200+08:00, 0, -0.07588875, 4.17663, 1, 1, 1, False
333.5081, 2021-06-16T10:45:36.7111510+08:00, 0, -0.07588875, 4.17663, 1, 1, 1, False
333.5122, 2021-06-16T10:45:36.7153310+08:00, 0, -0.07588875, 4.17663, 1, 1, 1, False
333.516, 2021-06-16T10:45:36.7190970+08:00, 0, -0.07588875, 4.17663, 1, 1, 1, False
333.5199, 2021-06-16T10:45:36.7229690+08:00, 0, -0.07588875, 4.17663, 1, 1, 1, False
333.5242, 2021-06-16T10:45:36.7273520+08:00, 0, -0.07588875, 4.17663, 1, 1, 1, False
333.5281, 2021-06-16T10:45:36.7311670+08:00, 0, -0.07588875, 4.17663, 1, 1, 1, False
333.5318, 2021-06-16T10:45:36.7349100+08:00, 0, -0.07588875, 4.17663, 1, 1, 1, False
333.6318, 2021-06-16T10:45:38.3367960+08:00, 0, -0.07588875, 4.17663, 1, 1, 1, False
333.695, 2021-06-16T10:45:38.3999480+08:00, 0, -0.07588875, 4.17663, 1, 1, 1, False
333.7041, 2021-06-16T10:45:38.4089610+08:00, 0, -0.07588875, 4.17663, 1, 1, 1, False
333.7609, 2021-06-16T10:45:38.4657640+08:00, 0, -0.07588875, 4.17663, 1, 1, 1, False
333.7665, 2021-06-16T10:45:38.4713290+08:00, 0, -0.07588875, 4.17663, 1, 1, 1, False
333.7702, 2021-06-16T10:45:38.4749860+08:00, 0, -0.07588875, 4.17663, 1, 1, 1, False
333.7748, 2021-06-16T10:45:38.4796230+08:00, 0, -0.07588875, 4.17663, 1, 1, 1, False
333.8237, 2021-06-16T10:45:38.5286240+08:00, 0, -0.07588875, 4.17663, 1, 1, 1, False
333.8665, 2021-06-16T10:45:38.5713470+08:00, 0, -0.07588875, 4.17663, 1, 1, 1, False
333.8706, 2021-06-16T10:45:38.5754130+08:00, 0, -0.07588875, 4.17663, 1, 1, 1, False
333.8743, 2021-06-16T10:45:38.5790490+08:00, 0, -0.07588875, 4.17663, 1, 1, 1, False
333.8783, 2021-06-16T10:45:38.5830660+08:00, 0, -0.07588875, 4.17663, 1, 1, 1, False
333.8824, 2021-06-16T10:45:38.5872160+08:00, 0, -0.07588875, 4.17663, 1, 1, 1, False
333.886, 2021-06-16T10:45:38.5908500+08:00, 0, -0.07588875, 4.17663, 1, 1, 1, False
333.8905, 2021-06-16T10:45:38.5953100+08:00, 0, -0.07588875, 4.17663, 1, 1, 1, False
333.8941, 2021-06-16T10:45:38.5988880+08:00, 0, -0.07588875, 4.17663, 1, 1, 1, False
333.8983, 2021-06-16T10:45:38.6031360+08:00, 0, -0.07588875, 4.17663, 1, 1, 1, False
333.902, 2021-06-16T10:45:38.6068470+08:00, 0, -0.07588875, 4.17663, 1, 1, 1, False
333.9064, 2021-06-16T10:45:38.6112300+08:00, 0, -0.07588875, 4.17663, 1, 1, 1, False
333.9427, 2021-06-16T10:45:38.6475840+08:00, 0, -0.07588875, 4.17663, 1, 1, 1, False
333.9465, 2021-06-16T10:45:38.6512630+08:00, 0, -0.07588875, 4.17663, 1, 1, 1, False
333.9504, 2021-06-16T10:45:38.6551370+08:00, 0, -0.07588875, 4.17663, 1, 1, 1, False
333.9545, 2021-06-16T10:45:38.6593070+08:00, 0, -0.07588875, 4.17663, 1, 1, 1, False
333.9585, 2021-06-16T10:45:38.6632390+08:00, 0, -0.07588875, 4.17663, 1, 1, 1, False
333.962, 2021-06-16T10:45:38.6668320+08:00, 0, -0.07588875, 4.17663, 1, 1, 1, False
333.9662, 2021-06-16T10:45:38.6709240+08:00, 0, -0.07588875, 4.17663, 1, 1, 1, False
333.9703, 2021-06-16T10:45:38.6750710+08:00, 0, -0.07588875, 4.17663, 1, 1, 1, False
333.9742, 2021-06-16T10:45:38.6789910+08:00, 0, -0.07588875, 4.17663, 1, 1, 1, False
333.9781, 2021-06-16T10:45:38.6828880+08:00, 0, -0.07588875, 4.17663, 1, 1, 1, False
333.9822, 2021-06-16T10:45:38.6869870+08:00, 0, -0.07588875, 4.17663, 1, 1, 1, False
333.9863, 2021-06-16T10:45:38.6910770+08:00, 0, -0.07588875, 4.17663, 1, 1, 1, False
333.9905, 2021-06-16T10:45:38.6952430+08:00, 0, -0.07588875, 4.17663, 1, 1, 1, False
333.9944, 2021-06-16T10:45:38.6991570+08:00, 0, -0.07588875, 4.17663, 1, 1, 1, False
333.9982, 2021-06-16T10:45:38.7030030+08:00, 0, -0.07588875, 4.17663, 1, 1, 1, False
334.0026, 2021-06-16T10:45:38.7073570+08:00, 0, -0.07588875, 4.17663, 1, 1, 1, False
334.006, 2021-06-16T10:45:38.7107670+08:00, 0, -0.07588875, 4.17663, 1, 1, 1, False
334.0104, 2021-06-16T10:45:38.7151300+08:00, 0, -0.07588875, 4.17663, 1, 1, 1, False
334.0143, 2021-06-16T10:45:38.7190020+08:00, 0, -0.07588875, 4.17663, 1, 1, 1, False
334.0182, 2021-06-16T10:45:38.7229640+08:00, 0, -0.07588875, 4.17663, 1, 1, 1, False
334.0224, 2021-06-16T10:45:38.7272930+08:00, 0, -0.07588875, 4.17663, 1, 1, 1, False
334.026, 2021-06-16T10:45:38.7308270+08:00, 0, -0.07588875, 4.17663, 1, 1, 1, False
334.0304, 2021-06-16T10:45:38.7351600+08:00, 0, -0.07588875, 4.17663, 1, 1, 1, False
334.0344, 2021-06-16T10:45:38.7391320+08:00, 0, -0.07588875, 4.17663, 1, 1, 1, False
334.0385, 2021-06-16T10:45:38.7432740+08:00, 0, -0.07588875, 4.17663, 1, 1, 1, False
334.0423, 2021-06-16T10:45:38.7471580+08:00, 0, -0.07588875, 4.17663, 1, 1, 1, False
334.0463, 2021-06-16T10:45:38.7510890+08:00, 0, -0.07588875, 4.17663, 1, 1, 1, False
334.0504, 2021-06-16T10:45:38.7551010+08:00, 0, -0.07588875, 4.17663, 1, 1, 1, False
334.0544, 2021-06-16T10:45:38.7591540+08:00, 0, -0.07588875, 4.17663, 1, 1, 1, False
334.058, 2021-06-16T10:45:38.7628240+08:00, 0, -0.07588875, 4.17663, 1, 1, 1, False
334.0625, 2021-06-16T10:45:38.7672410+08:00, 0, -0.07588875, 4.17663, 1, 1, 1, False
334.0945, 2021-06-16T10:45:38.7993020+08:00, 0, -0.07588875, 4.17663, 1, 1, 1, False
334.0983, 2021-06-16T10:45:38.8030630+08:00, 0, -0.07588875, 4.17663, 1, 1, 1, False
334.1024, 2021-06-16T10:45:38.8072190+08:00, 0, -0.07588875, 4.17663, 1, 1, 1, False
334.1064, 2021-06-16T10:45:38.8111580+08:00, 0, -0.07588875, 4.17663, 1, 1, 1, False
334.1103, 2021-06-16T10:45:38.8150960+08:00, 0, -0.07588875, 4.17663, 1, 1, 1, False
334.1144, 2021-06-16T10:45:38.8191430+08:00, 0, -0.07588875, 4.17663, 1, 1, 1, False
334.1181, 2021-06-16T10:45:38.8229040+08:00, 0, -0.07588875, 4.17663, 1, 1, 1, False
334.1222, 2021-06-16T10:45:38.8269880+08:00, 0, -0.07588875, 4.17663, 1, 1, 1, False
334.1264, 2021-06-16T10:45:38.8311570+08:00, 0, -0.07588875, 4.17663, 1, 1, 1, False
334.1303, 2021-06-16T10:45:38.8350750+08:00, 0, -0.07588875, 4.17663, 1, 1, 1, False
334.1339, 2021-06-16T10:45:38.8387560+08:00, 0, -0.07588875, 4.17663, 1, 1, 1, False
334.1385, 2021-06-16T10:45:38.8432820+08:00, 0, -0.07588875, 4.17663, 1, 1, 1, False
334.143, 2021-06-16T10:45:38.8477500+08:00, 0, -0.07588875, 4.17663, 1, 1, 1, False
334.1462, 2021-06-16T10:45:38.8510110+08:00, 0, -0.07588875, 4.17663, 1, 1, 1, False
334.15, 2021-06-16T10:45:38.8547720+08:00, 0, -0.07588875, 4.17663, 1, 1, 1, False
334.1544, 2021-06-16T10:45:38.8592550+08:00, 0, -0.07588875, 4.17663, 1, 1, 1, False
334.1585, 2021-06-16T10:45:38.8632910+08:00, 0, -0.07588875, 4.17663, 1, 1, 1, False
334.1624, 2021-06-16T10:45:38.8671720+08:00, 0, -0.07588875, 4.17663, 1, 1, 1, False
334.166, 2021-06-16T10:45:38.8707170+08:00, 0, -0.07588875, 4.17663, 1, 1, 1, False
334.1705, 2021-06-16T10:45:38.8753860+08:00, 0, -0.07588875, 4.17663, 1, 1, 1, False
334.1743, 2021-06-16T10:45:38.8790870+08:00, 0, -0.07588875, 4.17663, 1, 1, 1, False
334.1783, 2021-06-16T10:45:38.8830790+08:00, 0, -0.07588875, 4.17663, 1, 1, 1, False
334.1824, 2021-06-16T10:45:38.8871840+08:00, 0, -0.07588875, 4.17663, 1, 1, 1, False
334.1863, 2021-06-16T10:45:38.8910830+08:00, 0, -0.07588875, 4.17663, 1, 1, 1, False
334.1901, 2021-06-16T10:45:38.8948580+08:00, 0, -0.07588875, 4.17663, 1, 1, 1, False
334.1946, 2021-06-16T10:45:38.8993940+08:00, 0, -0.07588875, 4.17663, 1, 1, 1, False
334.1984, 2021-06-16T10:45:38.9031310+08:00, 0, -0.07588875, 4.17663, 1, 1, 1, False
334.2025, 2021-06-16T10:45:38.9073530+08:00, 0, -0.07588875, 4.17663, 1, 1, 1, False
334.2064, 2021-06-16T10:45:38.9111560+08:00, 0, -0.07588875, 4.17663, 1, 1, 1, False
334.2101, 2021-06-16T10:45:38.9148920+08:00, 0, -0.07588875, 4.17663, 1, 1, 1, False
334.2148, 2021-06-16T10:45:38.9195120+08:00, 0, -0.07588875, 4.17663, 1, 1, 1, False
334.2504, 2021-06-16T10:45:38.9551970+08:00, 0, -0.07588875, 4.17663, 1, 1, 1, False
334.2544, 2021-06-16T10:45:38.9591550+08:00, 0, -0.07588875, 4.17663, 1, 1, 1, False
334.2588, 2021-06-16T10:45:38.9636550+08:00, 0, -0.07588875, 4.17663, 1, 1, 1, False
334.2625, 2021-06-16T10:45:38.9673570+08:00, 0, -0.07588875, 4.17663, 1, 1, 1, False
334.2662, 2021-06-16T10:45:38.9709520+08:00, 0, -0.07588875, 4.17663, 1, 1, 1, False
334.2704, 2021-06-16T10:45:38.9752220+08:00, 0, -0.07588875, 4.17663, 1, 1, 1, False
334.2743, 2021-06-16T10:45:38.9790220+08:00, 0, -0.07588875, 4.17663, 1, 1, 1, False
334.2783, 2021-06-16T10:45:38.9830060+08:00, 0, -0.07588875, 4.17663, 1, 1, 1, False
334.2824, 2021-06-16T10:45:38.9871610+08:00, 0, -0.07588875, 4.17663, 1, 1, 1, False
334.2861, 2021-06-16T10:45:38.9908440+08:00, 0, -0.07588875, 4.17663, 1, 1, 1, False
334.2901, 2021-06-16T10:45:38.9949140+08:00, 0, -0.07588875, 4.17663, 1, 1, 1, False
334.2942, 2021-06-16T10:45:38.9989330+08:00, 0, -0.07588875, 4.17663, 1, 1, 1, False
334.2984, 2021-06-16T10:45:39.0031450+08:00, 0, -0.07588875, 4.17663, 1, 1, 1, False
334.302, 2021-06-16T10:45:39.0068430+08:00, 0, -0.07588875, 4.17663, 1, 1, 1, False
334.3062, 2021-06-16T10:45:39.0110330+08:00, 0, -0.07588875, 4.17663, 1, 1, 1, False
334.3104, 2021-06-16T10:45:39.0151510+08:00, 0, -0.07588875, 4.17663, 1, 1, 1, False
334.3142, 2021-06-16T10:45:39.0189580+08:00, 0, -0.07588875, 4.17663, 1, 1, 1, False
334.3181, 2021-06-16T10:45:39.0229610+08:00, 0, -0.07588875, 4.17663, 1, 1, 1, False
334.3224, 2021-06-16T10:45:39.0271140+08:00, 0, -0.07588875, 4.17663, 1, 1, 1, False
334.3262, 2021-06-16T10:45:39.0309900+08:00, 0, -0.07588875, 4.17663, 1, 1, 1, False
334.3305, 2021-06-16T10:45:39.0353180+08:00, 0, -0.07588875, 4.17663, 1, 1, 1, False
334.3343, 2021-06-16T10:45:39.0390800+08:00, 0, -0.07588875, 4.17663, 1, 1, 1, False
334.3383, 2021-06-16T10:45:39.0430680+08:00, 0, -0.07588875, 4.17663, 1, 1, 1, False
334.3423, 2021-06-16T10:45:39.0471340+08:00, 0, -0.07588875, 4.17663, 1, 1, 1, False
334.3464, 2021-06-16T10:45:39.0511470+08:00, 0, -0.07588875, 4.17663, 1, 1, 1, False
334.3502, 2021-06-16T10:45:39.0550210+08:00, 0, -0.07588875, 4.17663, 1, 1, 1, False
334.3543, 2021-06-16T10:45:39.0590510+08:00, 0, -0.07588875, 4.17663, 1, 1, 1, False
334.3585, 2021-06-16T10:45:39.0632900+08:00, 0, -0.07588875, 4.17663, 1, 1, 1, False
334.3625, 2021-06-16T10:45:39.0673000+08:00, 0, -0.07588875, 4.17663, 1, 1, 1, False
334.3663, 2021-06-16T10:45:39.0710620+08:00, 0, -0.07588875, 4.17663, 1, 1, 1, False
334.3704, 2021-06-16T10:45:39.0751600+08:00, 0, -0.07588875, 4.17663, 1, 1, 1, False
334.4067, 2021-06-16T10:45:39.1115100+08:00, 0, -0.07588875, 4.17663, 1, 1, 1, False
334.4103, 2021-06-16T10:45:39.1151090+08:00, 0, -0.07588875, 4.17663, 1, 1, 1, False
334.4143, 2021-06-16T10:45:39.1190650+08:00, 0, -0.07588875, 4.17663, 1, 1, 1, False
334.4184, 2021-06-16T10:45:39.1232150+08:00, 0, -0.07588875, 4.17663, 1, 1, 1, False
334.4222, 2021-06-16T10:45:39.1270470+08:00, 0, -0.07588875, 4.17663, 1, 1, 1, False
334.4262, 2021-06-16T10:45:39.1309470+08:00, 0, -0.07588875, 4.17663, 1, 1, 1, False
334.4306, 2021-06-16T10:45:39.1354140+08:00, 0, -0.07588875, 4.17663, 1, 1, 1, False
334.434, 2021-06-16T10:45:39.1387860+08:00, 0, -0.07588875, 4.17663, 1, 1, 1, False
334.4384, 2021-06-16T10:45:39.1432030+08:00, 0, -0.07588875, 4.17663, 1, 1, 1, False
334.4424, 2021-06-16T10:45:39.1471740+08:00, 0, -0.07588875, 4.17663, 1, 1, 1, False
334.446, 2021-06-16T10:45:39.1507720+08:00, 0, -0.07588875, 4.17663, 1, 1, 1, False
334.4501, 2021-06-16T10:45:39.1548860+08:00, 0, -0.07588875, 4.17663, 1, 1, 1, False
334.4546, 2021-06-16T10:45:39.1594140+08:00, 0, -0.07588875, 4.17663, 1, 1, 1, False
334.4583, 2021-06-16T10:45:39.1630790+08:00, 0, -0.07588875, 4.17663, 1, 1, 1, False
334.4626, 2021-06-16T10:45:39.1674140+08:00, 0, -0.07588875, 4.17663, 1, 1, 1, False
334.4665, 2021-06-16T10:45:39.1712530+08:00, 0, -0.07588875, 4.17663, 1, 1, 1, False
334.4704, 2021-06-16T10:45:39.1752040+08:00, 0, -0.07588875, 4.17663, 1, 1, 1, False
334.4746, 2021-06-16T10:45:39.1796730+08:00, 0, -0.07588875, 4.17663, 1, 1, 1, False
334.4783, 2021-06-16T10:45:39.1831150+08:00, 0, -0.07588875, 4.17663, 1, 1, 1, False
334.482, 2021-06-16T10:45:39.1868340+08:00, 0, -0.07588875, 4.17663, 1, 1, 1, False
334.4862, 2021-06-16T10:45:39.1909840+08:00, 0, -0.07588875, 4.17663, 1, 1, 1, False
334.4904, 2021-06-16T10:45:39.1951760+08:00, 0, -0.07588875, 4.17663, 1, 1, 1, False
334.494, 2021-06-16T10:45:39.1987530+08:00, 0, -0.07588875, 4.17663, 1, 1, 1, False
334.4983, 2021-06-16T10:45:39.2030710+08:00, 0, -0.07588875, 4.17663, 1, 1, 1, False
334.5021, 2021-06-16T10:45:39.2068550+08:00, 0, -0.07588875, 4.17663, 1, 1, 1, False
334.5061, 2021-06-16T10:45:39.2108900+08:00, 0, -0.07588875, 4.17663, 1, 1, 1, False
334.5103, 2021-06-16T10:45:39.2151320+08:00, 0, -0.07588875, 4.17663, 1, 1, 1, False
334.5144, 2021-06-16T10:45:39.2191830+08:00, 0, -0.07588875, 4.17663, 1, 1, 1, False
334.5184, 2021-06-16T10:45:39.2231330+08:00, 0, -0.07588875, 4.17663, 1, 1, 1, False
334.5223, 2021-06-16T10:45:39.2270830+08:00, 0, -0.07588875, 4.17663, 1, 1, 1, False
334.5265, 2021-06-16T10:45:39.2312580+08:00, 0, -0.07588875, 4.17663, 1, 1, 1, False
334.5587, 2021-06-16T10:45:39.2635020+08:00, 0, -0.07588875, 4.17663, 1, 1, 1, False
334.5625, 2021-06-16T10:45:39.2672690+08:00, 0, -0.07588875, 4.17663, 1, 1, 1, False
334.5663, 2021-06-16T10:45:39.2710390+08:00, 0, -0.07588875, 4.17663, 1, 1, 1, False
334.5704, 2021-06-16T10:45:39.2751670+08:00, 0, -0.07588875, 4.17663, 1, 1, 1, False
334.5743, 2021-06-16T10:45:39.2790870+08:00, 0, -0.07588875, 4.17663, 1, 1, 1, False
334.5784, 2021-06-16T10:45:39.2831330+08:00, 0, -0.07588875, 4.17663, 1, 1, 1, False
334.5821, 2021-06-16T10:45:39.2868540+08:00, 0, -0.07588875, 4.17663, 1, 1, 1, False
334.5864, 2021-06-16T10:45:39.2911580+08:00, 0, -0.07588875, 4.17663, 1, 1, 1, False
334.5903, 2021-06-16T10:45:39.2950210+08:00, 0, -0.07588875, 4.17663, 1, 1, 1, False
334.5943, 2021-06-16T10:45:39.2991170+08:00, 0, -0.07588875, 4.17663, 1, 1, 1, False
334.5984, 2021-06-16T10:45:39.3031670+08:00, 0, -0.07588875, 4.17663, 1, 1, 1, False
334.6023, 2021-06-16T10:45:39.3070990+08:00, 0, -0.07588875, 4.17663, 1, 1, 1, False
334.6064, 2021-06-16T10:45:39.3110910+08:00, 0, -0.07588875, 4.17663, 1, 1, 1, False
334.6104, 2021-06-16T10:45:39.3151280+08:00, 0, -0.07588875, 4.17663, 1, 1, 1, False
334.6143, 2021-06-16T10:45:39.3191030+08:00, 0, -0.07588875, 4.17663, 1, 1, 1, False
334.6182, 2021-06-16T10:45:39.3229590+08:00, 0, -0.07588875, 4.17663, 1, 1, 1, False
334.6223, 2021-06-16T10:45:39.3270540+08:00, 0, -0.07588875, 4.17663, 1, 1, 1, False
334.6263, 2021-06-16T10:45:39.3311140+08:00, 0, -0.07588875, 4.17663, 1, 1, 1, False
334.6302, 2021-06-16T10:45:39.3349760+08:00, 0, -0.07588875, 4.17663, 1, 1, 1, False
334.7302, 2021-06-16T10:45:41.8641140+08:00, 0, -0.07588875, 4.17663, 1, 1, 1, False
334.7829, 2021-06-16T10:45:41.9167610+08:00, 0, -0.07588875, 4.17663, 1, 1, 1, False
334.8074, 2021-06-16T10:45:41.9412650+08:00, 0, -0.07588875, 4.17663, 1, 1, 1, False
334.8169, 2021-06-16T10:45:41.9507040+08:00, 0, -0.07588875, 4.17663, 1, 1, 1, False
334.8212, 2021-06-16T10:45:41.9581130+08:00, 0, -0.07588875, 4.17663, 1, 1, 1, False
334.8297, 2021-06-16T10:45:41.9665680+08:00, 0, -0.07588875, 4.17663, 1, 1, 1, False
334.8376, 2021-06-16T10:45:41.9809370+08:00, 0, -0.07588875, 4.17663, 1, 1, 1, False
334.85, 2021-06-16T10:45:41.9838590+08:00, 0, -0.07588875, 4.17663, 1, 1, 1, False
334.8532, 2021-06-16T10:45:41.9870140+08:00, 0, -0.07588875, 4.17663, 1, 1, 1, False
334.876, 2021-06-16T10:45:42.0099070+08:00, 0, -0.07588875, 4.17663, 1, 1, 1, False
334.8815, 2021-06-16T10:45:42.0152960+08:00, 0, -0.07588875, 4.17663, 1, 1, 1, False
334.8852, 2021-06-16T10:45:42.0190670+08:00, 0, -0.07588875, 4.17663, 1, 1, 1, False
334.9213, 2021-06-16T10:45:42.0551890+08:00, 0, -0.07588875, 4.17663, 1, 1, 1, False
334.9253, 2021-06-16T10:45:42.0591430+08:00, 0, -0.07588875, 4.17663, 1, 1, 1, False
334.9292, 2021-06-16T10:45:42.0629950+08:00, 0, -0.07588875, 4.17663, 1, 1, 1, False
334.933, 2021-06-16T10:45:42.0667500+08:00, 0, -0.07588875, 4.17663, 1, 1, 1, False
334.9375, 2021-06-16T10:45:42.0713160+08:00, 0, -0.07588875, 4.17663, 1, 1, 1, False
334.9413, 2021-06-16T10:45:42.0751290+08:00, 0, -0.07588875, 4.17663, 1, 1, 1, False
334.945, 2021-06-16T10:45:42.0789530+08:00, 0, -0.07588875, 4.17663, 1, 1, 1, False
334.9493, 2021-06-16T10:45:42.0830730+08:00, 0, -0.07588875, 4.17663, 1, 1, 1, False
334.9533, 2021-06-16T10:45:42.0870930+08:00, 0, -0.07588875, 4.17663, 1, 1, 1, False
334.9571, 2021-06-16T10:45:42.0908610+08:00, 0, -0.07588875, 4.17663, 1, 1, 1, False
334.9613, 2021-06-16T10:45:42.0951270+08:00, 0, -0.07588875, 4.17663, 1, 1, 1, False
334.9651, 2021-06-16T10:45:42.0989020+08:00, 0, -0.07588875, 4.17663, 1, 1, 1, False
334.9694, 2021-06-16T10:45:42.1032330+08:00, 0, -0.07588875, 4.17663, 1, 1, 1, False
334.9733, 2021-06-16T10:45:42.1071250+08:00, 0, -0.07588875, 4.17663, 1, 1, 1, False
334.9772, 2021-06-16T10:45:42.1110560+08:00, 0, -0.07588875, 4.17663, 1, 1, 1, False
334.9814, 2021-06-16T10:45:42.1152520+08:00, 0, -0.07588875, 4.17663, 1, 1, 1, False
334.9854, 2021-06-16T10:45:42.1191790+08:00, 0, -0.07588875, 4.17663, 1, 1, 1, False
334.9892, 2021-06-16T10:45:42.1230360+08:00, 0, -0.07588875, 4.17663, 1, 1, 1, False
334.9936, 2021-06-16T10:45:42.1273370+08:00, 0, -0.07588875, 4.17663, 1, 1, 1, False
334.9971, 2021-06-16T10:45:42.1308890+08:00, 0, -0.07588875, 4.17663, 1, 1, 1, False
335.0011, 2021-06-16T10:45:42.1349620+08:00, 0, -0.07588875, 4.17663, 1, 1, 1, False
335.0052, 2021-06-16T10:45:42.1389560+08:00, 0, -0.07588875, 4.17663, 1, 1, 1, False
335.0092, 2021-06-16T10:45:42.1430390+08:00, 0, -0.07588875, 4.17663, 1, 1, 1, False
335.0133, 2021-06-16T10:45:42.1471040+08:00, 0, -0.07588875, 4.17663, 1, 1, 1, False
335.0172, 2021-06-16T10:45:42.1509710+08:00, 0, -0.07588875, 4.17663, 1, 1, 1, False
335.0212, 2021-06-16T10:45:42.1550140+08:00, 0, -0.07588875, 4.17663, 1, 1, 1, False
335.0254, 2021-06-16T10:45:42.1591920+08:00, 0, -0.07588875, 4.17663, 1, 1, 1, False
335.0291, 2021-06-16T10:45:42.1628740+08:00, 0, -0.07588875, 4.17663, 1, 1, 1, False
335.0333, 2021-06-16T10:45:42.1672050+08:00, 0, -0.07588875, 4.17663, 1, 1, 1, False
335.0374, 2021-06-16T10:45:42.1712200+08:00, 0, -0.07588875, 4.17663, 1, 1, 1, False
335.0415, 2021-06-16T10:45:42.1752850+08:00, 0, -0.07588875, 4.17663, 1, 1, 1, False
335.0776, 2021-06-16T10:45:42.2114060+08:00, 0, -0.07588875, 4.17663, 1, 1, 1, False
335.0813, 2021-06-16T10:45:42.2151040+08:00, 0, -0.07588875, 4.17663, 1, 1, 1, False
335.0853, 2021-06-16T10:45:42.2191610+08:00, 0, -0.07588875, 4.17663, 1, 1, 1, False
335.089, 2021-06-16T10:45:42.2228280+08:00, 0, -0.07588875, 4.17663, 1, 1, 1, False
335.093, 2021-06-16T10:45:42.2268580+08:00, 0, -0.07588875, 4.17663, 1, 1, 1, False
335.0972, 2021-06-16T10:45:42.2309660+08:00, 0, -0.07588875, 4.17663, 1, 1, 1, False
335.101, 2021-06-16T10:45:42.2347750+08:00, 0, -0.07588875, 4.17663, 1, 1, 1, False
335.1051, 2021-06-16T10:45:42.2388850+08:00, 0, -0.07588875, 4.17663, 1, 1, 1, False
335.1092, 2021-06-16T10:45:42.2430340+08:00, 0, -0.07588875, 4.17663, 1, 1, 1, False
335.1132, 2021-06-16T10:45:42.2470080+08:00, 0, -0.07588875, 4.17663, 1, 1, 1, False
335.1174, 2021-06-16T10:45:42.2512130+08:00, 0, -0.07588875, 4.17663, 1, 1, 1, False
335.1211, 2021-06-16T10:45:42.2549270+08:00, 0, -0.07588875, 4.17663, 1, 1, 1, False
335.1255, 2021-06-16T10:45:42.2593360+08:00, 0, -0.07588875, 4.17663, 1, 1, 1, False
335.1292, 2021-06-16T10:45:42.2630460+08:00, 0, -0.07588875, 4.17663, 1, 1, 1, False
335.1332, 2021-06-16T10:45:42.2670320+08:00, 0, -0.07588875, 4.17663, 1, 1, 1, False
335.1372, 2021-06-16T10:45:42.2709930+08:00, 0, -0.07588875, 4.17663, 1, 1, 1, False
335.141, 2021-06-16T10:45:42.2748930+08:00, 0, -0.07588875, 4.17663, 1, 1, 1, False
335.1451, 2021-06-16T10:45:42.2789060+08:00, 0, -0.07588875, 4.17663, 1, 1, 1, False
335.1492, 2021-06-16T10:45:42.2830400+08:00, 0, -0.07588875, 4.17663, 1, 1, 1, False
335.1534, 2021-06-16T10:45:42.2871880+08:00, 0, -0.07588875, 4.17663, 1, 1, 1, False
335.157, 2021-06-16T10:45:42.2907850+08:00, 0, -0.07588875, 4.17663, 1, 1, 1, False
335.1616, 2021-06-16T10:45:42.2954520+08:00, 0, -0.07588875, 4.17663, 1, 1, 1, False
335.1651, 2021-06-16T10:45:42.2988660+08:00, 0, -0.07588875, 4.17663, 1, 1, 1, False
335.1692, 2021-06-16T10:45:42.3030340+08:00, 0, -0.07588875, 4.17663, 1, 1, 1, False
335.1732, 2021-06-16T10:45:42.3070550+08:00, 0, -0.07588875, 4.17663, 1, 1, 1, False
335.1776, 2021-06-16T10:45:42.3113580+08:00, 0, -0.07588875, 4.17663, 1, 1, 1, False
335.1812, 2021-06-16T10:45:42.3150170+08:00, 0, -0.07588875, 4.17663, 1, 1, 1, False
335.1856, 2021-06-16T10:45:42.3194590+08:00, 0, -0.07588875, 4.17663, 1, 1, 1, False
335.1891, 2021-06-16T10:45:42.3228890+08:00, 0, -0.07588875, 4.17663, 1, 1, 1, False
335.193, 2021-06-16T10:45:42.3268050+08:00, 0, -0.07588875, 4.17663, 1, 1, 1, False
335.1974, 2021-06-16T10:45:42.3311710+08:00, 0, -0.07588875, 4.17663, 1, 1, 1, False
335.2384, 2021-06-16T10:45:42.3722880+08:00, 0, -0.07588875, 4.17663, 1, 1, 1, False
335.2453, 2021-06-16T10:45:42.3791690+08:00, 0, -0.07588875, 4.17663, 1, 1, 1, False
335.2491, 2021-06-16T10:45:42.3829390+08:00, 0, -0.07588875, 4.17663, 1, 1, 1, False
335.2536, 2021-06-16T10:45:42.3874570+08:00, 0, -0.07588875, 4.17663, 1, 1, 1, False
335.2573, 2021-06-16T10:45:42.3910780+08:00, 0, -0.07588875, 4.17663, 1, 1, 1, False
335.2612, 2021-06-16T10:45:42.3949820+08:00, 0, -0.07588875, 4.17663, 1, 1, 1, False
335.265, 2021-06-16T10:45:42.3988320+08:00, 0, -0.07588875, 4.17663, 1, 1, 1, False
335.269, 2021-06-16T10:45:42.4027950+08:00, 0, -0.07588875, 4.17663, 1, 1, 1, False
335.2734, 2021-06-16T10:45:42.4072480+08:00, 0, -0.07588875, 4.17663, 1, 1, 1, False
335.2773, 2021-06-16T10:45:42.4110750+08:00, 0, -0.07588875, 4.17663, 1, 1, 1, False
335.2811, 2021-06-16T10:45:42.4149010+08:00, 0, -0.07588875, 4.17663, 1, 1, 1, False
335.2854, 2021-06-16T10:45:42.4192510+08:00, 0, -0.07588875, 4.17663, 1, 1, 1, False
335.2892, 2021-06-16T10:45:42.4229900+08:00, 0, -0.07588875, 4.17663, 1, 1, 1, False
335.293, 2021-06-16T10:45:42.4267660+08:00, 0, -0.07588875, 4.17663, 1, 1, 1, False
335.2973, 2021-06-16T10:45:42.4311020+08:00, 0, -0.07588875, 4.17663, 1, 1, 1, False
335.3009, 2021-06-16T10:45:42.4347470+08:00, 0, -0.07588875, 4.17663, 1, 1, 1, False
335.3055, 2021-06-16T10:45:42.4392540+08:00, 0, -0.07588875, 4.17663, 1, 1, 1, False
335.3092, 2021-06-16T10:45:42.4430050+08:00, 0, -0.07588875, 4.17663, 1, 1, 1, False
335.313, 2021-06-16T10:45:42.4469190+08:00, 0, -0.07588875, 4.17663, 1, 1, 1, False
335.3171, 2021-06-16T10:45:42.4509180+08:00, 0, -0.07588875, 4.17663, 1, 1, 1, False
335.321, 2021-06-16T10:45:42.4548570+08:00, 0, -0.07588875, 4.17663, 1, 1, 1, False
335.3254, 2021-06-16T10:45:42.4592430+08:00, 0, -0.07588875, 4.17663, 1, 1, 1, False
335.3293, 2021-06-16T10:45:42.4631140+08:00, 0, -0.07588875, 4.17663, 1, 1, 1, False
335.3329, 2021-06-16T10:45:42.4667350+08:00, 0, -0.07588875, 4.17663, 1, 1, 1, False
335.3375, 2021-06-16T10:45:42.4712720+08:00, 0, -0.07588875, 4.17663, 1, 1, 1, False
335.3416, 2021-06-16T10:45:42.4755520+08:00, 0, -0.07588875, 4.17663, 1, 1, 1, False
335.345, 2021-06-16T10:45:42.4788230+08:00, 0, -0.07588875, 4.17663, 1, 1, 1, False
335.349, 2021-06-16T10:45:42.4828540+08:00, 0, -0.07588875, 4.17663, 1, 1, 1, False
335.3531, 2021-06-16T10:45:42.4869830+08:00, 0, -0.07588875, 4.17663, 1, 1, 1, False
335.357, 2021-06-16T10:45:42.4907510+08:00, 0, -0.07588875, 4.17663, 1, 1, 1, False
335.3613, 2021-06-16T10:45:42.4950860+08:00, 0, -0.07588875, 4.17663, 1, 1, 1, False
335.4012, 2021-06-16T10:45:42.5350780+08:00, 0, -0.07588875, 4.17663, 1, 1, 1, False
335.405, 2021-06-16T10:45:42.5388020+08:00, 0, -0.07588875, 4.17663, 1, 1, 1, False
335.4094, 2021-06-16T10:45:42.5432400+08:00, 0, -0.07588875, 4.17663, 1, 1, 1, False
335.413, 2021-06-16T10:45:42.5467920+08:00, 0, -0.07588875, 4.17663, 1, 1, 1, False
335.4169, 2021-06-16T10:45:42.5507460+08:00, 0, -0.07588875, 4.17663, 1, 1, 1, False
335.421, 2021-06-16T10:45:42.5548240+08:00, 0, -0.07588875, 4.17663, 1, 1, 1, False
335.425, 2021-06-16T10:45:42.5587900+08:00, 0, -0.07588875, 4.17663, 1, 1, 1, False
335.4291, 2021-06-16T10:45:42.5629320+08:00, 0, -0.07588875, 4.17663, 1, 1, 1, False
335.4332, 2021-06-16T10:45:42.5670460+08:00, 0, -0.07588875, 4.17663, 1, 1, 1, False
335.4373, 2021-06-16T10:45:42.5711400+08:00, 0, -0.07588875, 4.17663, 1, 1, 1, False
335.4412, 2021-06-16T10:45:42.5751040+08:00, 0, -0.07588875, 4.17663, 1, 1, 1, False
335.4456, 2021-06-16T10:45:42.5793540+08:00, 0, -0.07588875, 4.17663, 1, 1, 1, False
335.4492, 2021-06-16T10:45:42.5829670+08:00, 0, -0.07588875, 4.17663, 1, 1, 1, False
335.4532, 2021-06-16T10:45:42.5870200+08:00, 0, -0.07588875, 4.17663, 1, 1, 1, False
335.457, 2021-06-16T10:45:42.5908390+08:00, 0, -0.07588875, 4.17663, 1, 1, 1, False
335.4612, 2021-06-16T10:45:42.5950540+08:00, 0, -0.07588875, 4.17663, 1, 1, 1, False
335.4652, 2021-06-16T10:45:42.5989760+08:00, 0, -0.07588875, 4.17663, 1, 1, 1, False
335.469, 2021-06-16T10:45:42.6028050+08:00, 0, -0.07588875, 4.17663, 1, 1, 1, False
335.4734, 2021-06-16T10:45:42.6071890+08:00, 0, -0.07588875, 4.17663, 1, 1, 1, False
335.4773, 2021-06-16T10:45:42.6111520+08:00, 0, -0.07588875, 4.17663, 1, 1, 1, False
335.4812, 2021-06-16T10:45:42.6150190+08:00, 0, -0.07588875, 4.17663, 1, 1, 1, False
335.485, 2021-06-16T10:45:42.6187630+08:00, 0, -0.07588875, 4.17663, 1, 1, 1, False
335.4892, 2021-06-16T10:45:42.6230330+08:00, 0, -0.07588875, 4.17663, 1, 1, 1, False
335.4931, 2021-06-16T10:45:42.6269390+08:00, 0, -0.07588875, 4.17663, 1, 1, 1, False
335.4973, 2021-06-16T10:45:42.6312140+08:00, 0, -0.07588875, 4.17663, 1, 1, 1, False
335.501, 2021-06-16T10:45:42.6348720+08:00, 0, -0.07588875, 4.17663, 1, 1, 1, False
335.5052, 2021-06-16T10:45:42.6389630+08:00, 0, -0.07588875, 4.17663, 1, 1, 1, False
335.5093, 2021-06-16T10:45:42.6431550+08:00, 0, -0.07588875, 4.17663, 1, 1, 1, False
335.5131, 2021-06-16T10:45:42.6469420+08:00, 0, -0.07588875, 4.17663, 1, 1, 1, False
335.5173, 2021-06-16T10:45:42.6511120+08:00, 0, -0.07588875, 4.17663, 1, 1, 1, False
335.5215, 2021-06-16T10:45:42.6553490+08:00, 0, -0.07588875, 4.17663, 1, 1, 1, False
335.5654, 2021-06-16T10:45:42.6992770+08:00, 0, -0.07588875, 4.17663, 1, 1, 1, False
335.6654, 2021-06-16T10:45:44.5572280+08:00, 0, -0.07588875, 4.17663, 1, 1, 1, False
335.7216, 2021-06-16T10:45:44.6132850+08:00, 0, -0.07588875, 4.17663, 1, 1, 1, False
335.7424, 2021-06-16T10:45:44.6341470+08:00, 0, -0.07588875, 4.17663, 1, 1, 1, False
335.7475, 2021-06-16T10:45:44.6391540+08:00, 0, -0.07588875, 4.17663, 1, 1, 1, False
335.7516, 2021-06-16T10:45:44.6432110+08:00, 0, -0.07588875, 4.17663, 1, 1, 1, False
335.756, 2021-06-16T10:45:44.6476910+08:00, 0, -0.07588875, 4.17663, 1, 1, 1, False
335.7593, 2021-06-16T10:45:44.6509600+08:00, 0, -0.07588875, 4.17663, 1, 1, 1, False
335.7812, 2021-06-16T10:45:44.6730080+08:00, 0, -0.07588875, 4.17663, 1, 1, 1, False
335.784, 2021-06-16T10:45:44.6755980+08:00, 0, -0.07588875, 4.17663, 1, 1, 1, False
335.7879, 2021-06-16T10:45:44.6796140+08:00, 0, -0.07588875, 4.17663, 1, 1, 1, False
335.8089, 2021-06-16T10:45:44.7005980+08:00, 0, -0.07588875, 4.17663, 1, 1, 1, False
335.8121, 2021-06-16T10:45:44.7037010+08:00, 0, -0.07588875, 4.17663, 1, 1, 1, False
335.8154, 2021-06-16T10:45:44.7069700+08:00, 0, -0.07588875, 4.17663, 1, 1, 1, False
335.8191, 2021-06-16T10:45:44.7108190+08:00, 0, -0.07588875, 4.17663, 1, 1, 1, False
335.8238, 2021-06-16T10:45:44.7154350+08:00, 0, -0.07588875, 4.17663, 1, 1, 1, False
335.8273, 2021-06-16T10:45:44.7189420+08:00, 0, -0.07588875, 4.17663, 1, 1, 1, False
335.8313, 2021-06-16T10:45:44.7229100+08:00, 0, -0.07588875, 4.17663, 1, 1, 1, False
335.8354, 2021-06-16T10:45:44.7270020+08:00, 0, -0.07588875, 4.17663, 1, 1, 1, False
335.8396, 2021-06-16T10:45:44.7312780+08:00, 0, -0.07588875, 4.17663, 1, 1, 1, False
335.8436, 2021-06-16T10:45:44.7352590+08:00, 0, -0.07588875, 4.17663, 1, 1, 1, False
335.8475, 2021-06-16T10:45:44.7391630+08:00, 0, -0.07588875, 4.17663, 1, 1, 1, False
335.8516, 2021-06-16T10:45:44.7432360+08:00, 0, -0.07588875, 4.17663, 1, 1, 1, False
335.8557, 2021-06-16T10:45:44.7472760+08:00, 0, -0.07588875, 4.17663, 1, 1, 1, False
335.8593, 2021-06-16T10:45:44.7509390+08:00, 0, -0.07588875, 4.17663, 1, 1, 1, False
335.8634, 2021-06-16T10:45:44.7550930+08:00, 0, -0.07588875, 4.17663, 1, 1, 1, False
335.8676, 2021-06-16T10:45:44.7592120+08:00, 0, -0.07588875, 4.17663, 1, 1, 1, False
335.8713, 2021-06-16T10:45:44.7629040+08:00, 0, -0.07588875, 4.17663, 1, 1, 1, False
335.8752, 2021-06-16T10:45:44.7668820+08:00, 0, -0.07588875, 4.17663, 1, 1, 1, False
335.8795, 2021-06-16T10:45:44.7711390+08:00, 0, -0.07588875, 4.17663, 1, 1, 1, False
335.8836, 2021-06-16T10:45:44.7752120+08:00, 0, -0.07588875, 4.17663, 1, 1, 1, False
335.9235, 2021-06-16T10:45:44.8152560+08:00, 0, -0.07588875, 4.17663, 1, 1, 1, False
335.9273, 2021-06-16T10:45:44.8189080+08:00, 0, -0.07588875, 4.17663, 1, 1, 1, False
335.9314, 2021-06-16T10:45:44.8229940+08:00, 0, -0.07588875, 4.17663, 1, 1, 1, False
335.9356, 2021-06-16T10:45:44.8272010+08:00, 0, -0.07588875, 4.17663, 1, 1, 1, False
335.9395, 2021-06-16T10:45:44.8310810+08:00, 0, -0.07588875, 4.17663, 1, 1, 1, False
335.9433, 2021-06-16T10:45:44.8349640+08:00, 0, -0.07588875, 4.17663, 1, 1, 1, False
335.9476, 2021-06-16T10:45:44.8392400+08:00, 0, -0.07588875, 4.17663, 1, 1, 1, False
335.9515, 2021-06-16T10:45:44.8430860+08:00, 0, -0.07588875, 4.17663, 1, 1, 1, False
335.9555, 2021-06-16T10:45:44.8472010+08:00, 0, -0.07588875, 4.17663, 1, 1, 1, False
335.9596, 2021-06-16T10:45:44.8512700+08:00, 0, -0.07588875, 4.17663, 1, 1, 1, False
335.9635, 2021-06-16T10:45:44.8551290+08:00, 0, -0.07588875, 4.17663, 1, 1, 1, False
335.9676, 2021-06-16T10:45:44.8591690+08:00, 0, -0.07588875, 4.17663, 1, 1, 1, False
335.9714, 2021-06-16T10:45:44.8630640+08:00, 0, -0.07588875, 4.17663, 1, 1, 1, False
335.9755, 2021-06-16T10:45:44.8671400+08:00, 0, -0.07588875, 4.17663, 1, 1, 1, False
335.9796, 2021-06-16T10:45:44.8712390+08:00, 0, -0.07588875, 4.17663, 1, 1, 1, False
335.9834, 2021-06-16T10:45:44.8751420+08:00, 0, -0.07588875, 4.17663, 1, 1, 1, False
335.9872, 2021-06-16T10:45:44.8788100+08:00, 0, -0.07588875, 4.17663, 1, 1, 1, False
335.9917, 2021-06-16T10:45:44.8833490+08:00, 0, -0.07588875, 4.17663, 1, 1, 1, False
335.9956, 2021-06-16T10:45:44.8872250+08:00, 0, -0.07588875, 4.17663, 1, 1, 1, False
335.9991, 2021-06-16T10:45:44.8907910+08:00, 0, -0.07588875, 4.17663, 1, 1, 1, False
336.0036, 2021-06-16T10:45:44.8952380+08:00, 0, -0.07588875, 4.17663, 1, 1, 1, False
336.0075, 2021-06-16T10:45:44.8991150+08:00, 0, -0.07588875, 4.17663, 1, 1, 1, False
336.0113, 2021-06-16T10:45:44.9028850+08:00, 0, -0.07588875, 4.17663, 1, 1, 1, False
336.0157, 2021-06-16T10:45:44.9072930+08:00, 0, -0.07588875, 4.17663, 1, 1, 1, False
336.0192, 2021-06-16T10:45:44.9108420+08:00, 0, -0.07588875, 4.17663, 1, 1, 1, False
336.0236, 2021-06-16T10:45:44.9152580+08:00, 0, -0.07588875, 4.17663, 1, 1, 1, False
336.0275, 2021-06-16T10:45:44.9191070+08:00, 0, -0.07588875, 4.17663, 1, 1, 1, False
336.0314, 2021-06-16T10:45:44.9230450+08:00, 0, -0.07588875, 4.17663, 1, 1, 1, False
336.0356, 2021-06-16T10:45:44.9272450+08:00, 0, -0.07588875, 4.17663, 1, 1, 1, False
336.0395, 2021-06-16T10:45:44.9311130+08:00, 0, -0.07588875, 4.17663, 1, 1, 1, False
336.0434, 2021-06-16T10:45:44.9350030+08:00, 0, -0.07588875, 4.17663, 1, 1, 1, False
336.0797, 2021-06-16T10:45:44.9714350+08:00, 0, -0.07588875, 4.17663, 1, 1, 1, False
336.0834, 2021-06-16T10:45:44.9750680+08:00, 0, -0.07588875, 4.17663, 1, 1, 1, False
336.0874, 2021-06-16T10:45:44.9790450+08:00, 0, -0.07588875, 4.17663, 1, 1, 1, False
336.0916, 2021-06-16T10:45:44.9832390+08:00, 0, -0.07588875, 4.17663, 1, 1, 1, False
336.0951, 2021-06-16T10:45:44.9867090+08:00, 0, -0.07588875, 4.17663, 1, 1, 1, False
336.0995, 2021-06-16T10:45:44.9910770+08:00, 0, -0.07588875, 4.17663, 1, 1, 1, False
336.1036, 2021-06-16T10:45:44.9952800+08:00, 0, -0.07588875, 4.17663, 1, 1, 1, False
336.1075, 2021-06-16T10:45:44.9991700+08:00, 0, -0.07588875, 4.17663, 1, 1, 1, False
336.1114, 2021-06-16T10:45:45.0030000+08:00, 0, -0.07588875, 4.17663, 1, 1, 1, False
336.1154, 2021-06-16T10:45:45.0070840+08:00, 0, -0.07588875, 4.17663, 1, 1, 1, False
336.1194, 2021-06-16T10:45:45.0110770+08:00, 0, -0.07588875, 4.17663, 1, 1, 1, False
336.1234, 2021-06-16T10:45:45.0150960+08:00, 0, -0.07588875, 4.17663, 1, 1, 1, False
336.1276, 2021-06-16T10:45:45.0191810+08:00, 0, -0.07588875, 4.17663, 1, 1, 1, False
336.1313, 2021-06-16T10:45:45.0230040+08:00, 0, -0.07588875, 4.17663, 1, 1, 1, False
336.1354, 2021-06-16T10:45:45.0270440+08:00, 0, -0.07588875, 4.17663, 1, 1, 1, False
336.1395, 2021-06-16T10:45:45.0311000+08:00, 0, -0.07588875, 4.17663, 1, 1, 1, False
336.1435, 2021-06-16T10:45:45.0352360+08:00, 0, -0.07588875, 4.17663, 1, 1, 1, False
336.1475, 2021-06-16T10:45:45.0390790+08:00, 0, -0.07588875, 4.17663, 1, 1, 1, False
336.1513, 2021-06-16T10:45:45.0429100+08:00, 0, -0.07588875, 4.17663, 1, 1, 1, False
336.1555, 2021-06-16T10:45:45.0471190+08:00, 0, -0.07588875, 4.17663, 1, 1, 1, False
336.1593, 2021-06-16T10:45:45.0509280+08:00, 0, -0.07588875, 4.17663, 1, 1, 1, False
336.1634, 2021-06-16T10:45:45.0550390+08:00, 0, -0.07588875, 4.17663, 1, 1, 1, False
336.1675, 2021-06-16T10:45:45.0591080+08:00, 0, -0.07588875, 4.17663, 1, 1, 1, False
336.1711, 2021-06-16T10:45:45.0627250+08:00, 0, -0.07588875, 4.17663, 1, 1, 1, False
336.1759, 2021-06-16T10:45:45.0674810+08:00, 0, -0.07588875, 4.17663, 1, 1, 1, False
336.1794, 2021-06-16T10:45:45.0709920+08:00, 0, -0.07588875, 4.17663, 1, 1, 1, False
336.1835, 2021-06-16T10:45:45.0751460+08:00, 0, -0.07588875, 4.17663, 1, 1, 1, False
336.1874, 2021-06-16T10:45:45.0789890+08:00, 0, -0.07588875, 4.17663, 1, 1, 1, False
336.1915, 2021-06-16T10:45:45.0831040+08:00, 0, -0.07588875, 4.17663, 1, 1, 1, False
336.1953, 2021-06-16T10:45:45.0869500+08:00, 0, -0.07588875, 4.17663, 1, 1, 1, False
336.1996, 2021-06-16T10:45:45.0911890+08:00, 0, -0.07588875, 4.17663, 1, 1, 1, False
336.2355, 2021-06-16T10:45:45.1271470+08:00, 0, -0.07588875, 4.17663, 1, 1, 1, False
336.2763, 2021-06-16T10:45:45.1680590+08:00, 0, -0.07588875, 4.17663, 1, 1, 1, False
336.2795, 2021-06-16T10:45:45.1711100+08:00, 0, -0.07588875, 4.17663, 1, 1, 1, False
336.2835, 2021-06-16T10:45:45.1752160+08:00, 0, -0.07588875, 4.17663, 1, 1, 1, False
336.2878, 2021-06-16T10:45:45.1793890+08:00, 0, -0.07588875, 4.17663, 1, 1, 1, False
336.2916, 2021-06-16T10:45:45.1832090+08:00, 0, -0.07588875, 4.17663, 1, 1, 1, False
336.2955, 2021-06-16T10:45:45.1871060+08:00, 0, -0.07588875, 4.17663, 1, 1, 1, False
336.2992, 2021-06-16T10:45:45.1908130+08:00, 0, -0.07588875, 4.17663, 1, 1, 1, False
336.3039, 2021-06-16T10:45:45.1957560+08:00, 0, -0.07588875, 4.17663, 1, 1, 1, False
336.3076, 2021-06-16T10:45:45.1992300+08:00, 0, -0.07588875, 4.17663, 1, 1, 1, False
336.3116, 2021-06-16T10:45:45.2032950+08:00, 0, -0.07588875, 4.17663, 1, 1, 1, False
336.3156, 2021-06-16T10:45:45.2072900+08:00, 0, -0.07588875, 4.17663, 1, 1, 1, False
336.3195, 2021-06-16T10:45:45.2111550+08:00, 0, -0.07588875, 4.17663, 1, 1, 1, False
336.3235, 2021-06-16T10:45:45.2151750+08:00, 0, -0.07588875, 4.17663, 1, 1, 1, False
336.3276, 2021-06-16T10:45:45.2192230+08:00, 0, -0.07588875, 4.17663, 1, 1, 1, False
336.3315, 2021-06-16T10:45:45.2230980+08:00, 0, -0.07588875, 4.17663, 1, 1, 1, False
336.3355, 2021-06-16T10:45:45.2271480+08:00, 0, -0.07588875, 4.17663, 1, 1, 1, False
336.3395, 2021-06-16T10:45:45.2311060+08:00, 0, -0.07588875, 4.17663, 1, 1, 1, False
336.3436, 2021-06-16T10:45:45.2352230+08:00, 0, -0.07588875, 4.17663, 1, 1, 1, False
336.3474, 2021-06-16T10:45:45.2390890+08:00, 0, -0.07588875, 4.17663, 1, 1, 1, False
336.3517, 2021-06-16T10:45:45.2432850+08:00, 0, -0.07588875, 4.17663, 1, 1, 1, False
336.3555, 2021-06-16T10:45:45.2471670+08:00, 0, -0.07588875, 4.17663, 1, 1, 1, False
336.3596, 2021-06-16T10:45:45.2512150+08:00, 0, -0.07588875, 4.17663, 1, 1, 1, False
336.3636, 2021-06-16T10:45:45.2551980+08:00, 0, -0.07588875, 4.17663, 1, 1, 1, False
336.3675, 2021-06-16T10:45:45.2590900+08:00, 0, -0.07588875, 4.17663, 1, 1, 1, False
336.3715, 2021-06-16T10:45:45.2630860+08:00, 0, -0.07588875, 4.17663, 1, 1, 1, False
336.3757, 2021-06-16T10:45:45.2674020+08:00, 0, -0.07588875, 4.17663, 1, 1, 1, False
336.3796, 2021-06-16T10:45:45.2712490+08:00, 0, -0.07588875, 4.17663, 1, 1, 1, False
336.3835, 2021-06-16T10:45:45.2751970+08:00, 0, -0.07588875, 4.17663, 1, 1, 1, False
336.3876, 2021-06-16T10:45:45.2791960+08:00, 0, -0.07588875, 4.17663, 1, 1, 1, False
336.3915, 2021-06-16T10:45:45.2831100+08:00, 0, -0.07588875, 4.17663, 1, 1, 1, False
336.4277, 2021-06-16T10:45:45.3193450+08:00, 0, -0.07588875, 4.17663, 1, 1, 1, False
336.4316, 2021-06-16T10:45:45.3233620+08:00, 0, -0.07588875, 4.17663, 1, 1, 1, False
336.4355, 2021-06-16T10:45:45.3271900+08:00, 0, -0.07588875, 4.17663, 1, 1, 1, False
336.4396, 2021-06-16T10:45:45.3312340+08:00, 0, -0.07588875, 4.17663, 1, 1, 1, False
336.4435, 2021-06-16T10:45:45.3350900+08:00, 0, -0.07588875, 4.17663, 1, 1, 1, False
336.4476, 2021-06-16T10:45:45.3392950+08:00, 0, -0.07588875, 4.17663, 1, 1, 1, False
336.4516, 2021-06-16T10:45:45.3432300+08:00, 0, -0.07588875, 4.17663, 1, 1, 1, False
336.4555, 2021-06-16T10:45:45.3471370+08:00, 0, -0.07588875, 4.17663, 1, 1, 1, False
336.4591, 2021-06-16T10:45:45.3507380+08:00, 0, -0.07588875, 4.17663, 1, 1, 1, False
336.4639, 2021-06-16T10:45:45.3556020+08:00, 0, -0.07588875, 4.17663, 1, 1, 1, False
336.4672, 2021-06-16T10:45:45.3589060+08:00, 0, -0.07588875, 4.17663, 1, 1, 1, False
336.4715, 2021-06-16T10:45:45.3631210+08:00, 0, -0.07588875, 4.17663, 1, 1, 1, False
336.4755, 2021-06-16T10:45:45.3671220+08:00, 0, -0.07588875, 4.17663, 1, 1, 1, False
336.4793, 2021-06-16T10:45:45.3710010+08:00, 0, -0.07588875, 4.17663, 1, 1, 1, False
336.4835, 2021-06-16T10:45:45.3752770+08:00, 0, -0.07588875, 4.17663, 1, 1, 1, False
336.4875, 2021-06-16T10:45:45.3791800+08:00, 0, -0.07588875, 4.17663, 1, 1, 1, False
336.4914, 2021-06-16T10:45:45.3830030+08:00, 0, -0.07588875, 4.17663, 1, 1, 1, False
336.4957, 2021-06-16T10:45:45.3873290+08:00, 0, -0.07588875, 4.17663, 1, 1, 1, False
336.4996, 2021-06-16T10:45:45.3912870+08:00, 0, -0.07588875, 4.17663, 1, 1, 1, False
336.5035, 2021-06-16T10:45:45.3951870+08:00, 0, -0.07588875, 4.17663, 1, 1, 1, False
336.5072, 2021-06-16T10:45:45.3988380+08:00, 0, -0.07588875, 4.17663, 1, 1, 1, False
336.5119, 2021-06-16T10:45:45.4035290+08:00, 0, -0.07588875, 4.17663, 1, 1, 1, False
336.5154, 2021-06-16T10:45:45.4070840+08:00, 0, -0.07588875, 4.17663, 1, 1, 1, False
336.5197, 2021-06-16T10:45:45.4113360+08:00, 0, -0.07588875, 4.17663, 1, 1, 1, False
336.5235, 2021-06-16T10:45:45.4151190+08:00, 0, -0.07588875, 4.17663, 1, 1, 1, False
336.5278, 2021-06-16T10:45:45.4194900+08:00, 0, -0.07588875, 4.17663, 1, 1, 1, False
336.5317, 2021-06-16T10:45:45.4233390+08:00, 0, -0.07588875, 4.17663, 1, 1, 1, False
336.5355, 2021-06-16T10:45:45.4271300+08:00, 0, -0.07588875, 4.17663, 1, 1, 1, False
336.5392, 2021-06-16T10:45:45.4308570+08:00, 0, -0.07588875, 4.17663, 1, 1, 1, False
336.5435, 2021-06-16T10:45:45.4351880+08:00, 0, -0.07588875, 4.17663, 1, 1, 1, False
336.5475, 2021-06-16T10:45:45.4391850+08:00, 0, -0.07588875, 4.17663, 1, 1, 1, False
336.5894, 2021-06-16T10:45:45.4813070+08:00, 0, -0.07588875, 4.17663, 1, 1, 1, False
336.5913, 2021-06-16T10:45:45.4829840+08:00, 0, -0.07588875, 4.17663, 1, 1, 1, False
336.5955, 2021-06-16T10:45:45.4871850+08:00, 0, -0.07588875, 4.17663, 1, 1, 1, False
336.5995, 2021-06-16T10:45:45.4912150+08:00, 0, -0.07588875, 4.17663, 1, 1, 1, False
336.6035, 2021-06-16T10:45:45.4951210+08:00, 0, -0.07588875, 4.17663, 1, 1, 1, False
336.6076, 2021-06-16T10:45:45.4992440+08:00, 0, -0.07588875, 4.17663, 1, 1, 1, False
336.6116, 2021-06-16T10:45:45.5032590+08:00, 0, -0.07588875, 4.17663, 1, 1, 1, False
336.6155, 2021-06-16T10:45:45.5071090+08:00, 0, -0.07588875, 4.17663, 1, 1, 1, False
336.6197, 2021-06-16T10:45:45.5112790+08:00, 0, -0.07588875, 4.17663, 1, 1, 1, False
336.627, 2021-06-16T10:45:45.5188200+08:00, 0, -0.07588875, 4.17663, 1, 1, 1, False
336.6322, 2021-06-16T10:45:45.5238260+08:00, 0, -0.07588875, 4.17663, 1, 1, 1, False
336.6355, 2021-06-16T10:45:45.5271190+08:00, 0, -0.07588875, 4.17663, 1, 1, 1, False
336.6396, 2021-06-16T10:45:45.5311950+08:00, 0, -0.07588875, 4.17663, 1, 1, 1, False
336.644, 2021-06-16T10:45:45.5357980+08:00, 0, -0.07588875, 4.17663, 1, 1, 1, False
336.6489, 2021-06-16T10:45:45.5405660+08:00, 0, -0.07588875, 4.17663, 1, 1, 1, False
336.6564, 2021-06-16T10:45:45.5483560+08:00, 0, -0.07588875, 4.17663, 1, 1, 1, False
336.667, 2021-06-16T10:45:45.5587120+08:00, 0, -0.07588875, 4.17663, 1, 1, 1, False
336.6882, 2021-06-16T10:45:45.5801100+08:00, 0, -0.07588875, 4.17663, 1, 1, 1, False
336.6926, 2021-06-16T10:45:45.5842970+08:00, 0, -0.07588875, 4.17663, 1, 1, 1, False
336.6956, 2021-06-16T10:45:45.5872780+08:00, 0, -0.07588875, 4.17663, 1, 1, 1, False
336.6998, 2021-06-16T10:45:45.5914620+08:00, 0, -0.07588875, 4.17663, 1, 1, 1, False
336.7034, 2021-06-16T10:45:45.5951230+08:00, 0, -0.07588875, 4.17663, 1, 1, 1, False
336.7083, 2021-06-16T10:45:45.6001580+08:00, 0, -0.07588875, 4.17663, 1, 1, 1, False
336.7133, 2021-06-16T10:45:45.6051340+08:00, 0, -0.07588875, 4.17663, 1, 1, 1, False
336.7157, 2021-06-16T10:45:45.6073760+08:00, 0, -0.07588875, 4.17663, 1, 1, 1, False
336.7203, 2021-06-16T10:45:45.6121300+08:00, 0, -0.07588875, 4.17663, 1, 1, 1, False
336.7235, 2021-06-16T10:45:45.6151340+08:00, 0, -0.07588875, 4.17663, 1, 1, 1, False
336.7275, 2021-06-16T10:45:45.6191800+08:00, 0, -0.07588875, 4.17663, 1, 1, 1, False
336.7323, 2021-06-16T10:45:45.6240680+08:00, 0, -0.07588875, 4.17663, 1, 1, 1, False
336.737, 2021-06-16T10:45:45.6288480+08:00, 0, -0.07588875, 4.17663, 1, 1, 1, False
336.7411, 2021-06-16T10:45:45.6330350+08:00, 0, -0.07588875, 4.17663, 1, 1, 1, False
336.7919, 2021-06-16T10:45:45.6836370+08:00, 0, -0.07588875, 4.17663, 1, 1, 1, False
336.7957, 2021-06-16T10:45:45.6874360+08:00, 0, -0.07588875, 4.17663, 1, 1, 1, False
336.7996, 2021-06-16T10:45:45.6912310+08:00, 0, -0.07588875, 4.17663, 1, 1, 1, False
336.8036, 2021-06-16T10:45:45.6952400+08:00, 0, -0.07588875, 4.17663, 1, 1, 1, False
336.8074, 2021-06-16T10:45:45.6990670+08:00, 0, -0.07588875, 4.17663, 1, 1, 1, False
336.8115, 2021-06-16T10:45:45.7031460+08:00, 0, -0.07588875, 4.17663, 1, 1, 1, False
336.8158, 2021-06-16T10:45:45.7074220+08:00, 0, -0.07588875, 4.17663, 1, 1, 1, False
336.8196, 2021-06-16T10:45:45.7112140+08:00, 0, -0.07588875, 4.17663, 1, 1, 1, False
336.8237, 2021-06-16T10:45:45.7153790+08:00, 0, -0.07588875, 4.17663, 1, 1, 1, False
336.8275, 2021-06-16T10:45:45.7190800+08:00, 0, -0.07588875, 4.17663, 1, 1, 1, False
336.8316, 2021-06-16T10:45:45.7233420+08:00, 0, -0.07588875, 4.17663, 1, 1, 1, False
336.8357, 2021-06-16T10:45:45.7273290+08:00, 0, -0.07588875, 4.17663, 1, 1, 1, False
336.8394, 2021-06-16T10:45:45.7310140+08:00, 0, -0.07588875, 4.17663, 1, 1, 1, False
336.8434, 2021-06-16T10:45:45.7350180+08:00, 0, -0.07588875, 4.17663, 1, 1, 1, False
336.8476, 2021-06-16T10:45:45.7392570+08:00, 0, -0.07588875, 4.17663, 1, 1, 1, False
336.8512, 2021-06-16T10:45:45.7428460+08:00, 0, -0.07588875, 4.17663, 1, 1, 1, False
336.8553, 2021-06-16T10:45:45.7469390+08:00, 0, -0.07588875, 4.17663, 1, 1, 1, False
336.8595, 2021-06-16T10:45:45.7511160+08:00, 0, -0.07588875, 4.17663, 1, 1, 1, False
336.8635, 2021-06-16T10:45:45.7551030+08:00, 0, -0.07588875, 4.17663, 1, 1, 1, False
336.8674, 2021-06-16T10:45:45.7590870+08:00, 0, -0.07588875, 4.17663, 1, 1, 1, False
336.871, 2021-06-16T10:45:45.7626220+08:00, 0, -0.07588875, 4.17663, 1, 1, 1, False
336.8756, 2021-06-16T10:45:45.7672130+08:00, 0, -0.07588875, 4.17663, 1, 1, 1, False
336.8793, 2021-06-16T10:45:45.7708650+08:00, 0, -0.07588875, 4.17663, 1, 1, 1, False
336.8832, 2021-06-16T10:45:45.7747990+08:00, 0, -0.07588875, 4.17663, 1, 1, 1, False
336.8875, 2021-06-16T10:45:45.7790790+08:00, 0, -0.07588875, 4.17663, 1, 1, 1, False
336.8916, 2021-06-16T10:45:45.7832260+08:00, 0, -0.07588875, 4.17663, 1, 1, 1, False
336.8952, 2021-06-16T10:45:45.7868230+08:00, 0, -0.07588875, 4.17663, 1, 1, 1, False
336.8995, 2021-06-16T10:45:45.7911330+08:00, 0, -0.07588875, 4.17663, 1, 1, 1, False
336.9034, 2021-06-16T10:45:45.7950500+08:00, 0, -0.07588875, 4.17663, 1, 1, 1, False
336.9073, 2021-06-16T10:45:45.7989560+08:00, 0, -0.07588875, 4.17663, 1, 1, 1, False
336.9113, 2021-06-16T10:45:45.8029540+08:00, 0, -0.07588875, 4.17663, 1, 1, 1, False
336.9478, 2021-06-16T10:45:45.8394210+08:00, 0, -0.07588875, 4.17663, 1, 1, 1, False
336.9512, 2021-06-16T10:45:45.8428150+08:00, 0, -0.07588875, 4.17663, 1, 1, 1, False
336.9552, 2021-06-16T10:45:45.8468920+08:00, 0, -0.07588875, 4.17663, 1, 1, 1, False
336.9593, 2021-06-16T10:45:45.8508970+08:00, 0, -0.07588875, 4.17663, 1, 1, 1, False
336.9635, 2021-06-16T10:45:45.8551290+08:00, 0, -0.07588875, 4.17663, 1, 1, 1, False
336.9674, 2021-06-16T10:45:45.8590430+08:00, 0, -0.07588875, 4.17663, 1, 1, 1, False
336.9716, 2021-06-16T10:45:45.8632710+08:00, 0, -0.07588875, 4.17663, 1, 1, 1, False
336.9754, 2021-06-16T10:45:45.8670340+08:00, 0, -0.07588875, 4.17663, 1, 1, 1, False
336.9793, 2021-06-16T10:45:45.8709720+08:00, 0, -0.07588875, 4.17663, 1, 1, 1, False
336.9835, 2021-06-16T10:45:45.8750920+08:00, 0, -0.07588875, 4.17663, 1, 1, 1, False
336.9874, 2021-06-16T10:45:45.8789530+08:00, 0, -0.07588875, 4.17663, 1, 1, 1, False
336.9912, 2021-06-16T10:45:45.8828150+08:00, 0, -0.07588875, 4.17663, 1, 1, 1, False
336.9955, 2021-06-16T10:45:45.8871400+08:00, 0, -0.07588875, 4.17663, 1, 1, 1, False
336.9996, 2021-06-16T10:45:45.8912230+08:00, 0, -0.07588875, 4.17663, 1, 1, 1, False
337.0035, 2021-06-16T10:45:45.8951030+08:00, 0, -0.07588875, 4.17663, 1, 1, 1, False
337.0072, 2021-06-16T10:45:45.8988500+08:00, 0, -0.07588875, 4.17663, 1, 1, 1, False
337.0112, 2021-06-16T10:45:45.9028290+08:00, 0, -0.07588875, 4.17663, 1, 1, 1, False
337.0154, 2021-06-16T10:45:45.9070370+08:00, 0, -0.07588875, 4.17663, 1, 1, 1, False
337.0193, 2021-06-16T10:45:45.9109000+08:00, 0, -0.07588875, 4.17663, 1, 1, 1, False
337.0235, 2021-06-16T10:45:45.9151810+08:00, 0, -0.07588875, 4.17663, 1, 1, 1, False
337.0276, 2021-06-16T10:45:45.9192100+08:00, 0, -0.07588875, 4.17663, 1, 1, 1, False
337.0313, 2021-06-16T10:45:45.9229500+08:00, 0, -0.07588875, 4.17663, 1, 1, 1, False
337.0354, 2021-06-16T10:45:45.9269980+08:00, 0, -0.07588875, 4.17663, 1, 1, 1, False
337.0394, 2021-06-16T10:45:45.9310420+08:00, 0, -0.07588875, 4.17663, 1, 1, 1, False
337.0432, 2021-06-16T10:45:45.9348450+08:00, 0, -0.07588875, 4.17663, 1, 1, 1, False
337.0474, 2021-06-16T10:45:45.9390400+08:00, 0, -0.07588875, 4.17663, 1, 1, 1, False
337.0514, 2021-06-16T10:45:45.9430310+08:00, 0, -0.07588875, 4.17663, 1, 1, 1, False
337.0554, 2021-06-16T10:45:45.9470260+08:00, 0, -0.07588875, 4.17663, 1, 1, 1, False
337.0595, 2021-06-16T10:45:45.9510900+08:00, 0, -0.07588875, 4.17663, 1, 1, 1, False
337.0634, 2021-06-16T10:45:45.9550460+08:00, 0, -0.07588875, 4.17663, 1, 1, 1, False
337.0676, 2021-06-16T10:45:45.9591610+08:00, 0, -0.07588875, 4.17663, 1, 1, 1, False
337.1037, 2021-06-16T10:45:45.9984210+08:00, 0, -0.07588875, 4.17663, 1, 1, 1, False
337.1116, 2021-06-16T10:45:46.0112360+08:00, 0, -0.07588875, 4.17663, 1, 1, 1, False
337.1235, 2021-06-16T10:45:46.0151830+08:00, 0, -0.07588875, 4.17663, 1, 1, 1, False
337.1274, 2021-06-16T10:45:46.0190580+08:00, 0, -0.07588875, 4.17663, 1, 1, 1, False
337.1313, 2021-06-16T10:45:46.0228930+08:00, 0, -0.07588875, 4.17663, 1, 1, 1, False
337.1356, 2021-06-16T10:45:46.0272310+08:00, 0, -0.07588875, 4.17663, 1, 1, 1, False
337.1395, 2021-06-16T10:45:46.0310670+08:00, 0, -0.07588875, 4.17663, 1, 1, 1, False
337.1437, 2021-06-16T10:45:46.0353390+08:00, 0, -0.07588875, 4.17663, 1, 1, 1, False
337.1477, 2021-06-16T10:45:46.0393590+08:00, 0, -0.07588875, 4.17663, 1, 1, 1, False
337.1519, 2021-06-16T10:45:46.0435410+08:00, 0, -0.07588875, 4.17663, 1, 1, 1, False
337.1555, 2021-06-16T10:45:46.0470720+08:00, 0, -0.07588875, 4.17663, 1, 1, 1, False
337.1595, 2021-06-16T10:45:46.0511300+08:00, 0, -0.07588875, 4.17663, 1, 1, 1, False
337.1633, 2021-06-16T10:45:46.0549500+08:00, 0, -0.07588875, 4.17663, 1, 1, 1, False
337.1673, 2021-06-16T10:45:46.0589060+08:00, 0, -0.07588875, 4.17663, 1, 1, 1, False
337.1717, 2021-06-16T10:45:46.0634070+08:00, 0, -0.07588875, 4.17663, 1, 1, 1, False
337.1754, 2021-06-16T10:45:46.0669700+08:00, 0, -0.07588875, 4.17663, 1, 1, 1, False
337.1794, 2021-06-16T10:45:46.0709460+08:00, 0, -0.07588875, 4.17663, 1, 1, 1, False
337.1837, 2021-06-16T10:45:46.0753490+08:00, 0, -0.07588875, 4.17663, 1, 1, 1, False
337.1875, 2021-06-16T10:45:46.0791180+08:00, 0, -0.07588875, 4.17663, 1, 1, 1, False
337.1913, 2021-06-16T10:45:46.0829110+08:00, 0, -0.07588875, 4.17663, 1, 1, 1, False
337.1957, 2021-06-16T10:45:46.0873900+08:00, 0, -0.07588875, 4.17663, 1, 1, 1, False
337.1992, 2021-06-16T10:45:46.0908260+08:00, 0, -0.07588875, 4.17663, 1, 1, 1, False
337.2032, 2021-06-16T10:45:46.0949040+08:00, 0, -0.07588875, 4.17663, 1, 1, 1, False
337.2078, 2021-06-16T10:45:46.0993780+08:00, 0, -0.07588875, 4.17663, 1, 1, 1, False
337.2112, 2021-06-16T10:45:46.1027730+08:00, 0, -0.07588875, 4.17663, 1, 1, 1, False
337.2155, 2021-06-16T10:45:46.1070940+08:00, 0, -0.07588875, 4.17663, 1, 1, 1, False
337.2195, 2021-06-16T10:45:46.1110920+08:00, 0, -0.07588875, 4.17663, 1, 1, 1, False
337.2235, 2021-06-16T10:45:46.1151810+08:00, 0, -0.07588875, 4.17663, 1, 1, 1, False
337.2274, 2021-06-16T10:45:46.1190280+08:00, 0, -0.07588875, 4.17663, 1, 1, 1, False
337.2314, 2021-06-16T10:45:46.1230030+08:00, 0, -0.07588875, 4.17663, 1, 1, 1, False
337.2356, 2021-06-16T10:45:46.1272340+08:00, 0, -0.07588875, 4.17663, 1, 1, 1, False
337.2719, 2021-06-16T10:45:46.1636270+08:00, 0, -0.07588875, 4.17663, 1, 1, 1, False
337.2752, 2021-06-16T10:45:46.1668190+08:00, 0, -0.07588875, 4.17663, 1, 1, 1, False
337.2795, 2021-06-16T10:45:46.1711230+08:00, 0, -0.07588875, 4.17663, 1, 1, 1, False
337.2836, 2021-06-16T10:45:46.1752860+08:00, 0, -0.07588875, 4.17663, 1, 1, 1, False
337.2875, 2021-06-16T10:45:46.1791190+08:00, 0, -0.07588875, 4.17663, 1, 1, 1, False
337.2914, 2021-06-16T10:45:46.1830600+08:00, 0, -0.07588875, 4.17663, 1, 1, 1, False
337.2957, 2021-06-16T10:45:46.1873840+08:00, 0, -0.07588875, 4.17663, 1, 1, 1, False
337.2992, 2021-06-16T10:45:46.1907800+08:00, 0, -0.07588875, 4.17663, 1, 1, 1, False
337.3032, 2021-06-16T10:45:46.1948250+08:00, 0, -0.07588875, 4.17663, 1, 1, 1, False
337.308, 2021-06-16T10:45:46.1995830+08:00, 0, -0.07588875, 4.17663, 1, 1, 1, False
337.3114, 2021-06-16T10:45:46.2029760+08:00, 0, -0.07588875, 4.17663, 1, 1, 1, False
337.3153, 2021-06-16T10:45:46.2069580+08:00, 0, -0.07588875, 4.17663, 1, 1, 1, False
337.3195, 2021-06-16T10:45:46.2110670+08:00, 0, -0.07588875, 4.17663, 1, 1, 1, False
337.3234, 2021-06-16T10:45:46.2150560+08:00, 0, -0.07588875, 4.17663, 1, 1, 1, False
337.3274, 2021-06-16T10:45:46.2190710+08:00, 0, -0.07588875, 4.17663, 1, 1, 1, False
337.3315, 2021-06-16T10:45:46.2230690+08:00, 0, -0.07588875, 4.17663, 1, 1, 1, False
337.3355, 2021-06-16T10:45:46.2271950+08:00, 0, -0.07588875, 4.17663, 1, 1, 1, False
337.3395, 2021-06-16T10:45:46.2311750+08:00, 0, -0.07588875, 4.17663, 1, 1, 1, False
337.3436, 2021-06-16T10:45:46.2352610+08:00, 0, -0.07588875, 4.17663, 1, 1, 1, False
337.3476, 2021-06-16T10:45:46.2392450+08:00, 0, -0.07588875, 4.17663, 1, 1, 1, False
337.3511, 2021-06-16T10:45:46.2428070+08:00, 0, -0.07588875, 4.17663, 1, 1, 1, False
337.3556, 2021-06-16T10:45:46.2472040+08:00, 0, -0.07588875, 4.17663, 1, 1, 1, False
337.3594, 2021-06-16T10:45:46.2510470+08:00, 0, -0.07588875, 4.17663, 1, 1, 1, False
337.3634, 2021-06-16T10:45:46.2550500+08:00, 0, -0.07588875, 4.17663, 1, 1, 1, False
337.3672, 2021-06-16T10:45:46.2588700+08:00, 0, -0.07588875, 4.17663, 1, 1, 1, False
337.3717, 2021-06-16T10:45:46.2633360+08:00, 0, -0.07588875, 4.17663, 1, 1, 1, False
337.3755, 2021-06-16T10:45:46.2670990+08:00, 0, -0.07588875, 4.17663, 1, 1, 1, False
337.3795, 2021-06-16T10:45:46.2710560+08:00, 0, -0.07588875, 4.17663, 1, 1, 1, False
337.3834, 2021-06-16T10:45:46.2750080+08:00, 0, -0.07588875, 4.17663, 1, 1, 1, False
337.3875, 2021-06-16T10:45:46.2791120+08:00, 0, -0.07588875, 4.17663, 1, 1, 1, False
337.3917, 2021-06-16T10:45:46.2833300+08:00, 0, -0.07588875, 4.17663, 1, 1, 1, False
337.4235, 2021-06-16T10:45:46.3151700+08:00, 0, -0.07588875, 4.17663, 1, 1, 1, False
337.4275, 2021-06-16T10:45:46.3191070+08:00, 0, -0.07588875, 4.17663, 1, 1, 1, False
337.4312, 2021-06-16T10:45:46.3228210+08:00, 0, -0.07588875, 4.17663, 1, 1, 1, False
337.4352, 2021-06-16T10:45:46.3268240+08:00, 0, -0.07588875, 4.17663, 1, 1, 1, False
337.4391, 2021-06-16T10:45:46.3308030+08:00, 0, -0.07588875, 4.17663, 1, 1, 1, False
337.5392, 2021-06-16T10:45:47.6817430+08:00, 0, -0.07588875, 4.17663, 1, 1, 1, False
337.6005, 2021-06-16T10:45:47.7429490+08:00, 0, -0.07588875, 4.17663, 1, 1, 1, False
337.647, 2021-06-16T10:45:47.7895340+08:00, 0, -0.07588875, 4.17663, 1, 1, 1, False
337.6536, 2021-06-16T10:45:47.7960860+08:00, 0, -0.07588875, 4.17663, 1, 1, 1, False
337.658, 2021-06-16T10:45:47.8005270+08:00, 0, -0.07588875, 4.17663, 1, 1, 1, False
337.6605, 2021-06-16T10:45:47.8029260+08:00, 0, -0.07588875, 4.17663, 1, 1, 1, False
337.665, 2021-06-16T10:45:47.8074450+08:00, 0, -0.07588875, 4.17663, 1, 1, 1, False
337.669, 2021-06-16T10:45:47.8114220+08:00, 0, -0.07588875, 4.17663, 1, 1, 1, False
337.6734, 2021-06-16T10:45:47.8159980+08:00, 0, -0.07588875, 4.17663, 1, 1, 1, False
337.6863, 2021-06-16T10:45:47.8290630+08:00, 0, -0.07588875, 4.17663, 1, 1, 1, False
337.6888, 2021-06-16T10:45:47.8311820+08:00, 0, -0.07588875, 4.17663, 1, 1, 1, False
337.6927, 2021-06-16T10:45:47.8351350+08:00, 0, -0.07588875, 4.17663, 1, 1, 1, False
337.6982, 2021-06-16T10:45:47.8406140+08:00, 0, -0.07588875, 4.17663, 1, 1, 1, False
337.7013, 2021-06-16T10:45:47.8439360+08:00, 0, -0.07588875, 4.17663, 1, 1, 1, False
337.7051, 2021-06-16T10:45:47.8475930+08:00, 0, -0.07588875, 4.17663, 1, 1, 1, False
337.7095, 2021-06-16T10:45:47.8519970+08:00, 0, -0.07588875, 4.17663, 1, 1, 1, False
337.7128, 2021-06-16T10:45:47.8551940+08:00, 0, -0.07588875, 4.17663, 1, 1, 1, False
337.7178, 2021-06-16T10:45:47.8603260+08:00, 0, -0.07588875, 4.17663, 1, 1, 1, False
337.7209, 2021-06-16T10:45:47.8635390+08:00, 0, -0.07588875, 4.17663, 1, 1, 1, False
337.7248, 2021-06-16T10:45:47.8671850+08:00, 0, -0.07588875, 4.17663, 1, 1, 1, False
337.7299, 2021-06-16T10:45:47.8725860+08:00, 0, -0.07588875, 4.17663, 1, 1, 1, False
337.7331, 2021-06-16T10:45:47.8756760+08:00, 0, -0.07588875, 4.17663, 1, 1, 1, False
337.7363, 2021-06-16T10:45:47.8787400+08:00, 0, -0.07588875, 4.17663, 1, 1, 1, False
337.7408, 2021-06-16T10:45:47.8832680+08:00, 0, -0.07588875, 4.17663, 1, 1, 1, False
337.7445, 2021-06-16T10:45:47.8869310+08:00, 0, -0.07588875, 4.17663, 1, 1, 1, False
337.7489, 2021-06-16T10:45:47.8913280+08:00, 0, -0.07588875, 4.17663, 1, 1, 1, False
337.7856, 2021-06-16T10:45:47.9283350+08:00, 0, -0.07588875, 4.17663, 1, 1, 1, False
337.7901, 2021-06-16T10:45:47.9325100+08:00, 0, -0.07588875, 4.17663, 1, 1, 1, False
337.7927, 2021-06-16T10:45:47.9351400+08:00, 0, -0.07588875, 4.17663, 1, 1, 1, False
337.7968, 2021-06-16T10:45:47.9391860+08:00, 0, -0.07588875, 4.17663, 1, 1, 1, False
337.8008, 2021-06-16T10:45:47.9432600+08:00, 0, -0.07588875, 4.17663, 1, 1, 1, False
337.805, 2021-06-16T10:45:47.9474460+08:00, 0, -0.07588875, 4.17663, 1, 1, 1, False
337.8086, 2021-06-16T10:45:47.9510210+08:00, 0, -0.07588875, 4.17663, 1, 1, 1, False
337.8127, 2021-06-16T10:45:47.9550730+08:00, 0, -0.07588875, 4.17663, 1, 1, 1, False
337.8167, 2021-06-16T10:45:47.9591060+08:00, 0, -0.07588875, 4.17663, 1, 1, 1, False
337.8208, 2021-06-16T10:45:47.9632240+08:00, 0, -0.07588875, 4.17663, 1, 1, 1, False
337.8247, 2021-06-16T10:45:47.9670600+08:00, 0, -0.07588875, 4.17663, 1, 1, 1, False
337.8288, 2021-06-16T10:45:47.9711500+08:00, 0, -0.07588875, 4.17663, 1, 1, 1, False
337.8329, 2021-06-16T10:45:47.9752970+08:00, 0, -0.07588875, 4.17663, 1, 1, 1, False
337.8369, 2021-06-16T10:45:47.9792960+08:00, 0, -0.07588875, 4.17663, 1, 1, 1, False
337.8408, 2021-06-16T10:45:47.9831770+08:00, 0, -0.07588875, 4.17663, 1, 1, 1, False
337.8449, 2021-06-16T10:45:47.9873110+08:00, 0, -0.07588875, 4.17663, 1, 1, 1, False
337.8486, 2021-06-16T10:45:47.9910980+08:00, 0, -0.07588875, 4.17663, 1, 1, 1, False
337.8527, 2021-06-16T10:45:47.9951050+08:00, 0, -0.07588875, 4.17663, 1, 1, 1, False
337.8568, 2021-06-16T10:45:47.9991980+08:00, 0, -0.07588875, 4.17663, 1, 1, 1, False
337.8608, 2021-06-16T10:45:48.0031960+08:00, 0, -0.07588875, 4.17663, 1, 1, 1, False
337.8644, 2021-06-16T10:45:48.0069480+08:00, 0, -0.07588875, 4.17663, 1, 1, 1, False
337.8691, 2021-06-16T10:45:48.0115320+08:00, 0, -0.07588875, 4.17663, 1, 1, 1, False
337.8726, 2021-06-16T10:45:48.0150270+08:00, 0, -0.07588875, 4.17663, 1, 1, 1, False
337.8765, 2021-06-16T10:45:48.0189380+08:00, 0, -0.07588875, 4.17663, 1, 1, 1, False
337.8805, 2021-06-16T10:45:48.0228840+08:00, 0, -0.07588875, 4.17663, 1, 1, 1, False
337.8844, 2021-06-16T10:45:48.0267730+08:00, 0, -0.07588875, 4.17663, 1, 1, 1, False
337.8888, 2021-06-16T10:45:48.0312250+08:00, 0, -0.07588875, 4.17663, 1, 1, 1, False
337.8928, 2021-06-16T10:45:48.0352350+08:00, 0, -0.07588875, 4.17663, 1, 1, 1, False
337.8966, 2021-06-16T10:45:48.0390000+08:00, 0, -0.07588875, 4.17663, 1, 1, 1, False
337.9005, 2021-06-16T10:45:48.0428870+08:00, 0, -0.07588875, 4.17663, 1, 1, 1, False
337.9049, 2021-06-16T10:45:48.0472670+08:00, 0, -0.07588875, 4.17663, 1, 1, 1, False
337.9369, 2021-06-16T10:45:48.0793610+08:00, 0, -0.07588875, 4.17663, 1, 1, 1, False
337.9406, 2021-06-16T10:45:48.0830220+08:00, 0, -0.07588875, 4.17663, 1, 1, 1, False
337.9446, 2021-06-16T10:45:48.0870180+08:00, 0, -0.07588875, 4.17663, 1, 1, 1, False
337.9484, 2021-06-16T10:45:48.0907730+08:00, 0, -0.07588875, 4.17663, 1, 1, 1, False
337.9528, 2021-06-16T10:45:48.0951500+08:00, 0, -0.07588875, 4.17663, 1, 1, 1, False
337.9569, 2021-06-16T10:45:48.0992770+08:00, 0, -0.07588875, 4.17663, 1, 1, 1, False
337.9607, 2021-06-16T10:45:48.1031260+08:00, 0, -0.07588875, 4.17663, 1, 1, 1, False
337.9645, 2021-06-16T10:45:48.1069450+08:00, 0, -0.07588875, 4.17663, 1, 1, 1, False
337.9689, 2021-06-16T10:45:48.1112590+08:00, 0, -0.07588875, 4.17663, 1, 1, 1, False
337.9727, 2021-06-16T10:45:48.1151300+08:00, 0, -0.07588875, 4.17663, 1, 1, 1, False
337.9765, 2021-06-16T10:45:48.1189230+08:00, 0, -0.07588875, 4.17663, 1, 1, 1, False
337.9809, 2021-06-16T10:45:48.1233100+08:00, 0, -0.07588875, 4.17663, 1, 1, 1, False
337.9847, 2021-06-16T10:45:48.1270650+08:00, 0, -0.07588875, 4.17663, 1, 1, 1, False
337.9885, 2021-06-16T10:45:48.1308920+08:00, 0, -0.07588875, 4.17663, 1, 1, 1, False
337.9928, 2021-06-16T10:45:48.1352240+08:00, 0, -0.07588875, 4.17663, 1, 1, 1, False
337.9966, 2021-06-16T10:45:48.1390960+08:00, 0, -0.07588875, 4.17663, 1, 1, 1, False
338.0005, 2021-06-16T10:45:48.1429960+08:00, 0, -0.07588875, 4.17663, 1, 1, 1, False
338.0048, 2021-06-16T10:45:48.1472430+08:00, 0, -0.07588875, 4.17663, 1, 1, 1, False
338.0086, 2021-06-16T10:45:48.1510350+08:00, 0, -0.07588875, 4.17663, 1, 1, 1, False
338.0128, 2021-06-16T10:45:48.1552400+08:00, 0, -0.07588875, 4.17663, 1, 1, 1, False
338.0167, 2021-06-16T10:45:48.1590630+08:00, 0, -0.07588875, 4.17663, 1, 1, 1, False
338.0208, 2021-06-16T10:45:48.1632450+08:00, 0, -0.07588875, 4.17663, 1, 1, 1, False
338.0251, 2021-06-16T10:45:48.1674970+08:00, 0, -0.07588875, 4.17663, 1, 1, 1, False
338.0285, 2021-06-16T10:45:48.1709310+08:00, 0, -0.07588875, 4.17663, 1, 1, 1, False
338.0326, 2021-06-16T10:45:48.1749540+08:00, 0, -0.07588875, 4.17663, 1, 1, 1, False
338.0369, 2021-06-16T10:45:48.1793060+08:00, 0, -0.07588875, 4.17663, 1, 1, 1, False
338.0407, 2021-06-16T10:45:48.1831090+08:00, 0, -0.07588875, 4.17663, 1, 1, 1, False
338.0443, 2021-06-16T10:45:48.1867230+08:00, 0, -0.07588875, 4.17663, 1, 1, 1, False
338.0487, 2021-06-16T10:45:48.1910580+08:00, 0, -0.07588875, 4.17663, 1, 1, 1, False
338.053, 2021-06-16T10:45:48.1954200+08:00, 0, -0.07588875, 4.17663, 1, 1, 1, False
338.0568, 2021-06-16T10:45:48.1992860+08:00, 0, -0.07588875, 4.17663, 1, 1, 1, False
338.0929, 2021-06-16T10:45:48.2353240+08:00, 0, -0.07588875, 4.17663, 1, 1, 1, False
338.0967, 2021-06-16T10:45:48.2391030+08:00, 0, -0.07588875, 4.17663, 1, 1, 1, False
338.1006, 2021-06-16T10:45:48.2430690+08:00, 0, -0.07588875, 4.17663, 1, 1, 1, False
338.1049, 2021-06-16T10:45:48.2472850+08:00, 0, -0.07588875, 4.17663, 1, 1, 1, False
338.1086, 2021-06-16T10:45:48.2510400+08:00, 0, -0.07588875, 4.17663, 1, 1, 1, False
338.1125, 2021-06-16T10:45:48.2548920+08:00, 0, -0.07588875, 4.17663, 1, 1, 1, False
338.117, 2021-06-16T10:45:48.2593610+08:00, 0, -0.07588875, 4.17663, 1, 1, 1, False
338.1206, 2021-06-16T10:45:48.2629860+08:00, 0, -0.07588875, 4.17663, 1, 1, 1, False
338.1249, 2021-06-16T10:45:48.2672610+08:00, 0, -0.07588875, 4.17663, 1, 1, 1, False
338.1288, 2021-06-16T10:45:48.2711430+08:00, 0, -0.07588875, 4.17663, 1, 1, 1, False
338.1326, 2021-06-16T10:45:48.2749770+08:00, 0, -0.07588875, 4.17663, 1, 1, 1, False
338.1369, 2021-06-16T10:45:48.2792580+08:00, 0, -0.07588875, 4.17663, 1, 1, 1, False
338.1405, 2021-06-16T10:45:48.2829610+08:00, 0, -0.07588875, 4.17663, 1, 1, 1, False
338.1448, 2021-06-16T10:45:48.2872980+08:00, 0, -0.07588875, 4.17663, 1, 1, 1, False
338.1489, 2021-06-16T10:45:48.2912790+08:00, 0, -0.07588875, 4.17663, 1, 1, 1, False
338.1528, 2021-06-16T10:45:48.2952530+08:00, 0, -0.07588875, 4.17663, 1, 1, 1, False
338.1564, 2021-06-16T10:45:48.2988290+08:00, 0, -0.07588875, 4.17663, 1, 1, 1, False
338.1609, 2021-06-16T10:45:48.3032990+08:00, 0, -0.07588875, 4.17663, 1, 1, 1, False
338.1647, 2021-06-16T10:45:48.3070680+08:00, 0, -0.07588875, 4.17663, 1, 1, 1, False
338.1685, 2021-06-16T10:45:48.3109460+08:00, 0, -0.07588875, 4.17663, 1, 1, 1, False
338.1725, 2021-06-16T10:45:48.3148700+08:00, 0, -0.07588875, 4.17663, 1, 1, 1, False
338.1767, 2021-06-16T10:45:48.3190480+08:00, 0, -0.07588875, 4.17663, 1, 1, 1, False
338.1804, 2021-06-16T10:45:48.3228130+08:00, 0, -0.07588875, 4.17663, 1, 1, 1, False
338.1846, 2021-06-16T10:45:48.3270000+08:00, 0, -0.07588875, 4.17663, 1, 1, 1, False
338.1886, 2021-06-16T10:45:48.3309860+08:00, 0, -0.07588875, 4.17663, 1, 1, 1, False
338.1926, 2021-06-16T10:45:48.3350200+08:00, 0, -0.07588875, 4.17663, 1, 1, 1, False
338.1966, 2021-06-16T10:45:48.3390430+08:00, 0, -0.07588875, 4.17663, 1, 1, 1, False
338.2008, 2021-06-16T10:45:48.3432400+08:00, 0, -0.07588875, 4.17663, 1, 1, 1, False
338.2047, 2021-06-16T10:45:48.3471060+08:00, 0, -0.07588875, 4.17663, 1, 1, 1, False
338.2086, 2021-06-16T10:45:48.3510200+08:00, 0, -0.07588875, 4.17663, 1, 1, 1, False
338.2129, 2021-06-16T10:45:48.3552690+08:00, 0, -0.07588875, 4.17663, 1, 1, 1, False
338.2489, 2021-06-16T10:45:48.3913790+08:00, 0, -0.07588875, 4.17663, 1, 1, 1, False
338.2526, 2021-06-16T10:45:48.3950320+08:00, 0, -0.07588875, 4.17663, 1, 1, 1, False
338.2567, 2021-06-16T10:45:48.3990540+08:00, 0, -0.07588875, 4.17663, 1, 1, 1, False
338.2607, 2021-06-16T10:45:48.4030890+08:00, 0, -0.07588875, 4.17663, 1, 1, 1, False
338.2647, 2021-06-16T10:45:48.4071140+08:00, 0, -0.07588875, 4.17663, 1, 1, 1, False
338.2687, 2021-06-16T10:45:48.4111110+08:00, 0, -0.07588875, 4.17663, 1, 1, 1, False
338.2724, 2021-06-16T10:45:48.4147660+08:00, 0, -0.07588875, 4.17663, 1, 1, 1, False
338.2766, 2021-06-16T10:45:48.4190020+08:00, 0, -0.07588875, 4.17663, 1, 1, 1, False
338.2806, 2021-06-16T10:45:48.4230590+08:00, 0, -0.07588875, 4.17663, 1, 1, 1, False
338.2849, 2021-06-16T10:45:48.4273280+08:00, 0, -0.07588875, 4.17663, 1, 1, 1, False
338.2886, 2021-06-16T10:45:48.4309740+08:00, 0, -0.07588875, 4.17663, 1, 1, 1, False
338.2924, 2021-06-16T10:45:48.4348480+08:00, 0, -0.07588875, 4.17663, 1, 1, 1, False
338.297, 2021-06-16T10:45:48.4393600+08:00, 0, -0.07588875, 4.17663, 1, 1, 1, False
338.3009, 2021-06-16T10:45:48.4433560+08:00, 0, -0.07588875, 4.17663, 1, 1, 1, False
338.3046, 2021-06-16T10:45:48.4470360+08:00, 0, -0.07588875, 4.17663, 1, 1, 1, False
338.3086, 2021-06-16T10:45:48.4510110+08:00, 0, -0.07588875, 4.17663, 1, 1, 1, False
338.3125, 2021-06-16T10:45:48.4548470+08:00, 0, -0.07588875, 4.17663, 1, 1, 1, False
338.3167, 2021-06-16T10:45:48.4591280+08:00, 0, -0.07588875, 4.17663, 1, 1, 1, False
338.3206, 2021-06-16T10:45:48.4630110+08:00, 0, -0.07588875, 4.17663, 1, 1, 1, False
338.3244, 2021-06-16T10:45:48.4667900+08:00, 0, -0.07588875, 4.17663, 1, 1, 1, False
338.3301, 2021-06-16T10:45:48.4724670+08:00, 0, -0.07588875, 4.17663, 1, 1, 1, False
338.3365, 2021-06-16T10:45:48.4789350+08:00, 0, -0.07588875, 4.17663, 1, 1, 1, False
338.3406, 2021-06-16T10:45:48.4830550+08:00, 0, -0.07588875, 4.17663, 1, 1, 1, False
338.3444, 2021-06-16T10:45:48.4867590+08:00, 0, -0.07588875, 4.17663, 1, 1, 1, False
338.3485, 2021-06-16T10:45:48.4909240+08:00, 0, -0.07588875, 4.17663, 1, 1, 1, False
338.3528, 2021-06-16T10:45:48.4952130+08:00, 0, -0.07588875, 4.17663, 1, 1, 1, False
338.362, 2021-06-16T10:45:48.5044440+08:00, 0, -0.07588875, 4.17663, 1, 1, 1, False
338.3647, 2021-06-16T10:45:48.5071390+08:00, 0, -0.07588875, 4.17663, 1, 1, 1, False
338.3885, 2021-06-16T10:45:48.5312310+08:00, 0, -0.07588875, 4.17663, 1, 1, 1, False
338.393, 2021-06-16T10:45:48.5354830+08:00, 0, -0.07588875, 4.17663, 1, 1, 1, False
338.3976, 2021-06-16T10:45:48.5400220+08:00, 0, -0.07588875, 4.17663, 1, 1, 1, False
338.4367, 2021-06-16T10:45:48.5792030+08:00, 0, -0.07588875, 4.17663, 1, 1, 1, False
338.4409, 2021-06-16T10:45:48.5833070+08:00, 0, -0.07588875, 4.17663, 1, 1, 1, False
338.463, 2021-06-16T10:45:48.6056590+08:00, 0, -0.07588875, 4.17663, 1, 1, 1, False
338.4867, 2021-06-16T10:45:48.6293580+08:00, 0, -0.07588875, 4.17663, 1, 1, 1, False
338.5166, 2021-06-16T10:45:48.6599020+08:00, 0, -0.07588875, 4.17663, 1, 1, 1, False
338.5366, 2021-06-16T10:45:48.6791430+08:00, 0, -0.07588875, 4.17663, 1, 1, 1, False
338.5573, 2021-06-16T10:45:48.6998850+08:00, 0, -0.07588875, 4.17663, 1, 1, 1, False
338.5756, 2021-06-16T10:45:48.7180490+08:00, 0, -0.07588875, 4.17663, 1, 1, 1, False
338.5948, 2021-06-16T10:45:48.7374870+08:00, 0, -0.07588875, 4.17663, 1, 1, 1, False
338.6126, 2021-06-16T10:45:48.7552490+08:00, 0, -0.07588875, 4.17663, 1, 1, 1, False
338.6299, 2021-06-16T10:45:48.7723520+08:00, 0, -0.07588875, 4.17663, 1, 1, 1, False
338.6479, 2021-06-16T10:45:48.7905240+08:00, 0, -0.07588875, 4.17663, 1, 1, 1, False
338.6643, 2021-06-16T10:45:48.8068590+08:00, 0, -0.07588875, 4.17663, 1, 1, 1, False
338.6811, 2021-06-16T10:45:48.8237440+08:00, 0, -0.07588875, 4.17663, 1, 1, 1, False
338.6848, 2021-06-16T10:45:48.8272620+08:00, 0, -0.07588875, 4.17663, 1, 1, 1, False
338.6886, 2021-06-16T10:45:48.8309730+08:00, 0, -0.07588875, 4.17663, 1, 1, 1, False
338.6928, 2021-06-16T10:45:48.8352060+08:00, 0, -0.07588875, 4.17663, 1, 1, 1, False
338.6971, 2021-06-16T10:45:48.8395460+08:00, 0, -0.07588875, 4.17663, 1, 1, 1, False
338.7007, 2021-06-16T10:45:48.8431090+08:00, 0, -0.07588875, 4.17663, 1, 1, 1, False
338.7046, 2021-06-16T10:45:48.8469610+08:00, 0, -0.07588875, 4.17663, 1, 1, 1, False
338.7086, 2021-06-16T10:45:48.8510240+08:00, 0, -0.07588875, 4.17663, 1, 1, 1, False
338.713, 2021-06-16T10:45:48.8555750+08:00, 0, -0.07588875, 4.17663, 1, 1, 1, False
338.7169, 2021-06-16T10:45:48.8593360+08:00, 0, -0.07588875, 4.17663, 1, 1, 1, False
338.721, 2021-06-16T10:45:48.8634410+08:00, 0, -0.07588875, 4.17663, 1, 1, 1, False
338.7247, 2021-06-16T10:45:48.8671230+08:00, 0, -0.07588875, 4.17663, 1, 1, 1, False
338.7289, 2021-06-16T10:45:48.8713420+08:00, 0, -0.07588875, 4.17663, 1, 1, 1, False
338.7328, 2021-06-16T10:45:48.8751610+08:00, 0, -0.07588875, 4.17663, 1, 1, 1, False
338.7368, 2021-06-16T10:45:48.8791740+08:00, 0, -0.07588875, 4.17663, 1, 1, 1, False
338.7406, 2021-06-16T10:45:48.8830650+08:00, 0, -0.07588875, 4.17663, 1, 1, 1, False
338.7447, 2021-06-16T10:45:48.8870860+08:00, 0, -0.07588875, 4.17663, 1, 1, 1, False
338.7488, 2021-06-16T10:45:48.8912480+08:00, 0, -0.07588875, 4.17663, 1, 1, 1, False
338.7846, 2021-06-16T10:45:48.9270600+08:00, 0, -0.07588875, 4.17663, 1, 1, 1, False
338.7886, 2021-06-16T10:45:48.9309630+08:00, 0, -0.07588875, 4.17663, 1, 1, 1, False
338.7927, 2021-06-16T10:45:48.9350300+08:00, 0, -0.07588875, 4.17663, 1, 1, 1, False
338.7967, 2021-06-16T10:45:48.9391070+08:00, 0, -0.07588875, 4.17663, 1, 1, 1, False
338.8007, 2021-06-16T10:45:48.9431050+08:00, 0, -0.07588875, 4.17663, 1, 1, 1, False
338.8047, 2021-06-16T10:45:48.9471330+08:00, 0, -0.07588875, 4.17663, 1, 1, 1, False
338.8086, 2021-06-16T10:45:48.9510140+08:00, 0, -0.07588875, 4.17663, 1, 1, 1, False
338.8126, 2021-06-16T10:45:48.9549850+08:00, 0, -0.07588875, 4.17663, 1, 1, 1, False
338.8167, 2021-06-16T10:45:48.9590980+08:00, 0, -0.07588875, 4.17663, 1, 1, 1, False
338.8207, 2021-06-16T10:45:48.9631140+08:00, 0, -0.07588875, 4.17663, 1, 1, 1, False
338.8246, 2021-06-16T10:45:48.9669980+08:00, 0, -0.07588875, 4.17663, 1, 1, 1, False
338.8286, 2021-06-16T10:45:48.9709820+08:00, 0, -0.07588875, 4.17663, 1, 1, 1, False
338.8324, 2021-06-16T10:45:48.9747930+08:00, 0, -0.07588875, 4.17663, 1, 1, 1, False
338.8368, 2021-06-16T10:45:48.9792530+08:00, 0, -0.07588875, 4.17663, 1, 1, 1, False
338.8407, 2021-06-16T10:45:48.9831270+08:00, 0, -0.07588875, 4.17663, 1, 1, 1, False
338.8445, 2021-06-16T10:45:48.9869590+08:00, 0, -0.07588875, 4.17663, 1, 1, 1, False
338.8485, 2021-06-16T10:45:48.9909360+08:00, 0, -0.07588875, 4.17663, 1, 1, 1, False
338.8528, 2021-06-16T10:45:48.9951950+08:00, 0, -0.07588875, 4.17663, 1, 1, 1, False
338.8569, 2021-06-16T10:45:48.9993410+08:00, 0, -0.07588875, 4.17663, 1, 1, 1, False
338.8605, 2021-06-16T10:45:49.0029870+08:00, 0, -0.07588875, 4.17663, 1, 1, 1, False
338.8646, 2021-06-16T10:45:49.0070240+08:00, 0, -0.07588875, 4.17663, 1, 1, 1, False
338.8699, 2021-06-16T10:45:49.0123700+08:00, 0, -0.07588875, 4.17663, 1, 1, 1, False
338.8769, 2021-06-16T10:45:49.0193100+08:00, 0, -0.07588875, 4.17663, 1, 1, 1, False
338.8867, 2021-06-16T10:45:49.0293070+08:00, 0, -0.07588875, 4.17663, 1, 1, 1, False
338.9037, 2021-06-16T10:45:49.0462590+08:00, 0, -0.07588875, 4.17663, 1, 1, 1, False
338.9187, 2021-06-16T10:45:49.0611160+08:00, 0, -0.07588875, 4.17663, 1, 1, 1, False
338.9343, 2021-06-16T10:45:49.0769180+08:00, 0, -0.07588875, 4.17663, 1, 1, 1, False
338.9493, 2021-06-16T10:45:49.0919800+08:00, 0, -0.07588875, 4.17663, 1, 1, 1, False
338.9532, 2021-06-16T10:45:49.0955960+08:00, 0, -0.07588875, 4.17663, 1, 1, 1, False
338.9639, 2021-06-16T10:45:49.1065470+08:00, 0, -0.07588875, 4.17663, 1, 1, 1, False
338.9783, 2021-06-16T10:45:49.1207750+08:00, 0, -0.07588875, 4.17663, 1, 1, 1, False
339.0128, 2021-06-16T10:45:49.1552390+08:00, 0, -0.07588875, 4.17663, 1, 1, 1, False
339.0167, 2021-06-16T10:45:49.1592280+08:00, 0, -0.07588875, 4.17663, 1, 1, 1, False
339.0211, 2021-06-16T10:45:49.1635290+08:00, 0, -0.07588875, 4.17663, 1, 1, 1, False
339.0245, 2021-06-16T10:45:49.1669730+08:00, 0, -0.07588875, 4.17663, 1, 1, 1, False
339.0287, 2021-06-16T10:45:49.1710740+08:00, 0, -0.07588875, 4.17663, 1, 1, 1, False
339.0328, 2021-06-16T10:45:49.1752450+08:00, 0, -0.07588875, 4.17663, 1, 1, 1, False
339.0364, 2021-06-16T10:45:49.1787510+08:00, 0, -0.07588875, 4.17663, 1, 1, 1, False
339.0407, 2021-06-16T10:45:49.1830780+08:00, 0, -0.07588875, 4.17663, 1, 1, 1, False
339.0447, 2021-06-16T10:45:49.1870830+08:00, 0, -0.07588875, 4.17663, 1, 1, 1, False
339.0483, 2021-06-16T10:45:49.1907290+08:00, 0, -0.07588875, 4.17663, 1, 1, 1, False
339.0526, 2021-06-16T10:45:49.1950400+08:00, 0, -0.07588875, 4.17663, 1, 1, 1, False
339.0565, 2021-06-16T10:45:49.1989380+08:00, 0, -0.07588875, 4.17663, 1, 1, 1, False
339.0607, 2021-06-16T10:45:49.2031330+08:00, 0, -0.07588875, 4.17663, 1, 1, 1, False
339.0648, 2021-06-16T10:45:49.2072070+08:00, 0, -0.07588875, 4.17663, 1, 1, 1, False
339.0687, 2021-06-16T10:45:49.2114270+08:00, 0, -0.07588875, 4.17663, 1, 1, 1, False
339.0727, 2021-06-16T10:45:49.2151000+08:00, 0, -0.07588875, 4.17663, 1, 1, 1, False
339.0766, 2021-06-16T10:45:49.2190240+08:00, 0, -0.07588875, 4.17663, 1, 1, 1, False
339.0806, 2021-06-16T10:45:49.2229770+08:00, 0, -0.07588875, 4.17663, 1, 1, 1, False
339.0847, 2021-06-16T10:45:49.2271920+08:00, 0, -0.07588875, 4.17663, 1, 1, 1, False
339.0882, 2021-06-16T10:45:49.2305830+08:00, 0, -0.07588875, 4.17663, 1, 1, 1, False
339.0927, 2021-06-16T10:45:49.2351150+08:00, 0, -0.07588875, 4.17663, 1, 1, 1, False
339.0967, 2021-06-16T10:45:49.2390900+08:00, 0, -0.07588875, 4.17663, 1, 1, 1, False
339.1003, 2021-06-16T10:45:49.2428020+08:00, 0, -0.07588875, 4.17663, 1, 1, 1, False
339.1048, 2021-06-16T10:45:49.2471440+08:00, 0, -0.07588875, 4.17663, 1, 1, 1, False
339.1087, 2021-06-16T10:45:49.2511230+08:00, 0, -0.07588875, 4.17663, 1, 1, 1, False
339.1127, 2021-06-16T10:45:49.2550690+08:00, 0, -0.07588875, 4.17663, 1, 1, 1, False
339.1165, 2021-06-16T10:45:49.2588200+08:00, 0, -0.07588875, 4.17663, 1, 1, 1, False
339.1206, 2021-06-16T10:45:49.2629990+08:00, 0, -0.07588875, 4.17663, 1, 1, 1, False
339.1246, 2021-06-16T10:45:49.2669870+08:00, 0, -0.07588875, 4.17663, 1, 1, 1, False
339.1283, 2021-06-16T10:45:49.2707130+08:00, 0, -0.07588875, 4.17663, 1, 1, 1, False
339.1328, 2021-06-16T10:45:49.2752060+08:00, 0, -0.07588875, 4.17663, 1, 1, 1, False
339.2328, 2021-06-16T10:45:49.4065640+08:00, 0, -0.07588875, 4.17663, 1, 1, 1, False
339.2773, 2021-06-16T10:45:49.4508810+08:00, 0, -0.07588875, 4.17663, 1, 1, 1, False
339.3004, 2021-06-16T10:45:49.4740340+08:00, 0, -0.07588875, 4.17663, 1, 1, 1, False
339.3065, 2021-06-16T10:45:49.4800830+08:00, 0, -0.07588875, 4.17663, 1, 1, 1, False
339.3099, 2021-06-16T10:45:49.4834220+08:00, 0, -0.07588875, 4.17663, 1, 1, 1, False
339.3132, 2021-06-16T10:45:49.4867170+08:00, 0, -0.07588875, 4.17663, 1, 1, 1, False
339.3183, 2021-06-16T10:45:49.4918540+08:00, 0, -0.07588875, 4.17663, 1, 1, 1, False
339.3217, 2021-06-16T10:45:49.4952940+08:00, 0, -0.07588875, 4.17663, 1, 1, 1, False
339.3327, 2021-06-16T10:45:49.5065630+08:00, 0, -0.07588875, 4.17663, 1, 1, 1, False
339.3381, 2021-06-16T10:45:49.5116540+08:00, 0, -0.07588875, 4.17663, 1, 1, 1, False
339.348, 2021-06-16T10:45:49.5216810+08:00, 0, -0.07588875, 4.17663, 1, 1, 1, False
339.3634, 2021-06-16T10:45:49.5372680+08:00, 0, -0.07588875, 4.17663, 1, 1, 1, False
339.3772, 2021-06-16T10:45:49.5511280+08:00, 0, -0.07588875, 4.17663, 1, 1, 1, False
339.3819, 2021-06-16T10:45:49.5554540+08:00, 0, -0.07588875, 4.17663, 1, 1, 1, False
339.3927, 2021-06-16T10:45:49.5663670+08:00, 0, -0.07588875, 4.17663, 1, 1, 1, False
339.4066, 2021-06-16T10:45:49.5804480+08:00, 0, -0.07588875, 4.17663, 1, 1, 1, False
339.4211, 2021-06-16T10:45:49.5950460+08:00, 0, -0.07588875, 4.17663, 1, 1, 1, False
339.4353, 2021-06-16T10:45:49.6089500+08:00, 0, -0.07588875, 4.17663, 1, 1, 1, False
339.4376, 2021-06-16T10:45:49.6111330+08:00, 0, -0.07588875, 4.17663, 1, 1, 1, False
339.4419, 2021-06-16T10:45:49.6155010+08:00, 0, -0.07588875, 4.17663, 1, 1, 1, False
339.4458, 2021-06-16T10:45:49.6194480+08:00, 0, -0.07588875, 4.17663, 1, 1, 1, False
339.4498, 2021-06-16T10:45:49.6234370+08:00, 0, -0.07588875, 4.17663, 1, 1, 1, False
339.4536, 2021-06-16T10:45:49.6271220+08:00, 0, -0.07588875, 4.17663, 1, 1, 1, False
339.4576, 2021-06-16T10:45:49.6311870+08:00, 0, -0.07588875, 4.17663, 1, 1, 1, False
339.4616, 2021-06-16T10:45:49.6351950+08:00, 0, -0.07588875, 4.17663, 1, 1, 1, False
339.4658, 2021-06-16T10:45:49.6393380+08:00, 0, -0.07588875, 4.17663, 1, 1, 1, False
339.4697, 2021-06-16T10:45:49.6433080+08:00, 0, -0.07588875, 4.17663, 1, 1, 1, False
339.4733, 2021-06-16T10:45:49.6468720+08:00, 0, -0.07588875, 4.17663, 1, 1, 1, False
339.4779, 2021-06-16T10:45:49.6515330+08:00, 0, -0.07588875, 4.17663, 1, 1, 1, False
339.4819, 2021-06-16T10:45:49.6555340+08:00, 0, -0.07588875, 4.17663, 1, 1, 1, False
339.4859, 2021-06-16T10:45:49.6594880+08:00, 0, -0.07588875, 4.17663, 1, 1, 1, False
339.5257, 2021-06-16T10:45:49.6993500+08:00, 0, -0.07588875, 4.17663, 1, 1, 1, False
339.5295, 2021-06-16T10:45:49.7030390+08:00, 0, -0.07588875, 4.17663, 1, 1, 1, False
339.5341, 2021-06-16T10:45:49.7077050+08:00, 0, -0.07588875, 4.17663, 1, 1, 1, False
339.5387, 2021-06-16T10:45:49.7121980+08:00, 0, -0.07588875, 4.17663, 1, 1, 1, False
339.5413, 2021-06-16T10:45:49.7148430+08:00, 0, -0.07588875, 4.17663, 1, 1, 1, False
339.5464, 2021-06-16T10:45:49.7199900+08:00, 0, -0.07588875, 4.17663, 1, 1, 1, False
339.5496, 2021-06-16T10:45:49.7231670+08:00, 0, -0.07588875, 4.17663, 1, 1, 1, False
339.5536, 2021-06-16T10:45:49.7271590+08:00, 0, -0.07588875, 4.17663, 1, 1, 1, False
339.559, 2021-06-16T10:45:49.7325100+08:00, 0, -0.07588875, 4.17663, 1, 1, 1, False
339.5614, 2021-06-16T10:45:49.7349330+08:00, 0, -0.07588875, 4.17663, 1, 1, 1, False
339.5665, 2021-06-16T10:45:49.7401300+08:00, 0, -0.07588875, 4.17663, 1, 1, 1, False
339.5694, 2021-06-16T10:45:49.7429850+08:00, 0, -0.07588875, 4.17663, 1, 1, 1, False
339.5735, 2021-06-16T10:45:49.7470420+08:00, 0, -0.07588875, 4.17663, 1, 1, 1, False
339.5772, 2021-06-16T10:45:49.7507060+08:00, 0, -0.07588875, 4.17663, 1, 1, 1, False
339.5818, 2021-06-16T10:45:49.7553840+08:00, 0, -0.07588875, 4.17663, 1, 1, 1, False
339.5861, 2021-06-16T10:45:49.7597220+08:00, 0, -0.07588875, 4.17663, 1, 1, 1, False
339.5893, 2021-06-16T10:45:49.7628420+08:00, 0, -0.07588875, 4.17663, 1, 1, 1, False
339.5938, 2021-06-16T10:45:49.7672870+08:00, 0, -0.07588875, 4.17663, 1, 1, 1, False
339.5978, 2021-06-16T10:45:49.7714200+08:00, 0, -0.07588875, 4.17663, 1, 1, 1, False
339.6017, 2021-06-16T10:45:49.7753780+08:00, 0, -0.07588875, 4.17663, 1, 1, 1, False
339.6056, 2021-06-16T10:45:49.7791660+08:00, 0, -0.07588875, 4.17663, 1, 1, 1, False
339.6096, 2021-06-16T10:45:49.7831780+08:00, 0, -0.07588875, 4.17663, 1, 1, 1, False
339.6137, 2021-06-16T10:45:49.7872680+08:00, 0, -0.07588875, 4.17663, 1, 1, 1, False
339.6175, 2021-06-16T10:45:49.7909960+08:00, 0, -0.07588875, 4.17663, 1, 1, 1, False
339.6216, 2021-06-16T10:45:49.7951190+08:00, 0, -0.07588875, 4.17663, 1, 1, 1, False
339.6256, 2021-06-16T10:45:49.7991820+08:00, 0, -0.07588875, 4.17663, 1, 1, 1, False
339.6295, 2021-06-16T10:45:49.8029840+08:00, 0, -0.07588875, 4.17663, 1, 1, 1, False
339.6332, 2021-06-16T10:45:49.8067490+08:00, 0, -0.07588875, 4.17663, 1, 1, 1, False
339.6375, 2021-06-16T10:45:49.8110750+08:00, 0, -0.07588875, 4.17663, 1, 1, 1, False
339.6417, 2021-06-16T10:45:49.8152050+08:00, 0, -0.07588875, 4.17663, 1, 1, 1, False
339.6457, 2021-06-16T10:45:49.8192370+08:00, 0, -0.07588875, 4.17663, 1, 1, 1, False
339.6776, 2021-06-16T10:45:49.8511470+08:00, 0, -0.07588875, 4.17663, 1, 1, 1, False
339.6823, 2021-06-16T10:45:49.8558630+08:00, 0, -0.07588875, 4.17663, 1, 1, 1, False
339.6855, 2021-06-16T10:45:49.8591170+08:00, 0, -0.07588875, 4.17663, 1, 1, 1, False
339.6893, 2021-06-16T10:45:49.8628310+08:00, 0, -0.07588875, 4.17663, 1, 1, 1, False
339.6936, 2021-06-16T10:45:49.8670970+08:00, 0, -0.07588875, 4.17663, 1, 1, 1, False
339.6975, 2021-06-16T10:45:49.8710970+08:00, 0, -0.07588875, 4.17663, 1, 1, 1, False
339.7014, 2021-06-16T10:45:49.8752160+08:00, 0, -0.07588875, 4.17663, 1, 1, 1, False
339.7057, 2021-06-16T10:45:49.8792600+08:00, 0, -0.07588875, 4.17663, 1, 1, 1, False
339.7094, 2021-06-16T10:45:49.8829790+08:00, 0, -0.07588875, 4.17663, 1, 1, 1, False
339.7134, 2021-06-16T10:45:49.8869510+08:00, 0, -0.07588875, 4.17663, 1, 1, 1, False
339.7176, 2021-06-16T10:45:49.8911460+08:00, 0, -0.07588875, 4.17663, 1, 1, 1, False
339.7215, 2021-06-16T10:45:49.8950340+08:00, 0, -0.07588875, 4.17663, 1, 1, 1, False
339.7256, 2021-06-16T10:45:49.8991700+08:00, 0, -0.07588875, 4.17663, 1, 1, 1, False
339.7296, 2021-06-16T10:45:49.9031060+08:00, 0, -0.07588875, 4.17663, 1, 1, 1, False
339.7335, 2021-06-16T10:45:49.9070410+08:00, 0, -0.07588875, 4.17663, 1, 1, 1, False
339.7376, 2021-06-16T10:45:49.9111720+08:00, 0, -0.07588875, 4.17663, 1, 1, 1, False
339.7412, 2021-06-16T10:45:49.9147880+08:00, 0, -0.07588875, 4.17663, 1, 1, 1, False
339.7465, 2021-06-16T10:45:49.9200560+08:00, 0, -0.07588875, 4.17663, 1, 1, 1, False
339.7498, 2021-06-16T10:45:49.9233900+08:00, 0, -0.07588875, 4.17663, 1, 1, 1, False
339.7536, 2021-06-16T10:45:49.9271080+08:00, 0, -0.07588875, 4.17663, 1, 1, 1, False
339.7572, 2021-06-16T10:45:49.9308430+08:00, 0, -0.07588875, 4.17663, 1, 1, 1, False
339.7615, 2021-06-16T10:45:49.9350080+08:00, 0, -0.07588875, 4.17663, 1, 1, 1, False
339.7653, 2021-06-16T10:45:49.9388150+08:00, 0, -0.07588875, 4.17663, 1, 1, 1, False
339.7693, 2021-06-16T10:45:49.9428260+08:00, 0, -0.07588875, 4.17663, 1, 1, 1, False
339.7734, 2021-06-16T10:45:49.9469490+08:00, 0, -0.07588875, 4.17663, 1, 1, 1, False
339.7775, 2021-06-16T10:45:49.9510070+08:00, 0, -0.07588875, 4.17663, 1, 1, 1, False
339.7815, 2021-06-16T10:45:49.9550010+08:00, 0, -0.07588875, 4.17663, 1, 1, 1, False
339.7857, 2021-06-16T10:45:49.9592320+08:00, 0, -0.07588875, 4.17663, 1, 1, 1, False
339.7896, 2021-06-16T10:45:49.9630800+08:00, 0, -0.07588875, 4.17663, 1, 1, 1, False
339.7936, 2021-06-16T10:45:49.9671160+08:00, 0, -0.07588875, 4.17663, 1, 1, 1, False
339.7976, 2021-06-16T10:45:49.9710960+08:00, 0, -0.07588875, 4.17663, 1, 1, 1, False
339.8297, 2021-06-16T10:45:50.0033020+08:00, 0, -0.07588875, 4.17663, 1, 1, 1, False
339.8335, 2021-06-16T10:45:50.0070540+08:00, 0, -0.07588875, 4.17663, 1, 1, 1, False
339.8376, 2021-06-16T10:45:50.0111910+08:00, 0, -0.07588875, 4.17663, 1, 1, 1, False
339.8414, 2021-06-16T10:45:50.0149770+08:00, 0, -0.07588875, 4.17663, 1, 1, 1, False
339.8455, 2021-06-16T10:45:50.0190250+08:00, 0, -0.07588875, 4.17663, 1, 1, 1, False
339.8495, 2021-06-16T10:45:50.0230860+08:00, 0, -0.07588875, 4.17663, 1, 1, 1, False
339.8539, 2021-06-16T10:45:50.0274550+08:00, 0, -0.07588875, 4.17663, 1, 1, 1, False
339.8575, 2021-06-16T10:45:50.0309860+08:00, 0, -0.07588875, 4.17663, 1, 1, 1, False
339.8614, 2021-06-16T10:45:50.0349530+08:00, 0, -0.07588875, 4.17663, 1, 1, 1, False
339.8745, 2021-06-16T10:45:50.0481400+08:00, 0, -0.07588875, 4.17663, 1, 1, 1, False
339.8777, 2021-06-16T10:45:50.0512780+08:00, 0, -0.07588875, 4.17663, 1, 1, 1, False
339.8814, 2021-06-16T10:45:50.0550150+08:00, 0, -0.07588875, 4.17663, 1, 1, 1, False
339.8856, 2021-06-16T10:45:50.0591010+08:00, 0, -0.07588875, 4.17663, 1, 1, 1, False
339.8896, 2021-06-16T10:45:50.0632220+08:00, 0, -0.07588875, 4.17663, 1, 1, 1, False
339.8938, 2021-06-16T10:45:50.0673620+08:00, 0, -0.07588875, 4.17663, 1, 1, 1, False
339.8974, 2021-06-16T10:45:50.0709480+08:00, 0, -0.07588875, 4.17663, 1, 1, 1, False
339.9013, 2021-06-16T10:45:50.0748540+08:00, 0, -0.07588875, 4.17663, 1, 1, 1, False
339.9054, 2021-06-16T10:45:50.0790000+08:00, 0, -0.07588875, 4.17663, 1, 1, 1, False
339.9099, 2021-06-16T10:45:50.0834160+08:00, 0, -0.07588875, 4.17663, 1, 1, 1, False
339.9135, 2021-06-16T10:45:50.0869950+08:00, 0, -0.07588875, 4.17663, 1, 1, 1, False
339.9177, 2021-06-16T10:45:50.0911830+08:00, 0, -0.07588875, 4.17663, 1, 1, 1, False
339.9216, 2021-06-16T10:45:50.0951600+08:00, 0, -0.07588875, 4.17663, 1, 1, 1, False
339.9262, 2021-06-16T10:45:50.0997450+08:00, 0, -0.07588875, 4.17663, 1, 1, 1, False
339.9295, 2021-06-16T10:45:50.1031260+08:00, 0, -0.07588875, 4.17663, 1, 1, 1, False
339.9336, 2021-06-16T10:45:50.1071550+08:00, 0, -0.07588875, 4.17663, 1, 1, 1, False
339.9376, 2021-06-16T10:45:50.1111700+08:00, 0, -0.07588875, 4.17663, 1, 1, 1, False
339.9417, 2021-06-16T10:45:50.1152350+08:00, 0, -0.07588875, 4.17663, 1, 1, 1, False
339.9455, 2021-06-16T10:45:50.1191030+08:00, 0, -0.07588875, 4.17663, 1, 1, 1, False
339.9494, 2021-06-16T10:45:50.1229410+08:00, 0, -0.07588875, 4.17663, 1, 1, 1, False
339.9537, 2021-06-16T10:45:50.1272740+08:00, 0, -0.07588875, 4.17663, 1, 1, 1, False
339.9574, 2021-06-16T10:45:50.1309820+08:00, 0, -0.07588875, 4.17663, 1, 1, 1, False
339.994, 2021-06-16T10:45:50.1676580+08:00, 0, -0.07588875, 4.17663, 1, 1, 1, False
339.998, 2021-06-16T10:45:50.1715490+08:00, 0, -0.07588875, 4.17663, 1, 1, 1, False
340.0018, 2021-06-16T10:45:50.1753800+08:00, 0, -0.07588875, 4.17663, 1, 1, 1, False
340.0056, 2021-06-16T10:45:50.1791440+08:00, 0, -0.07588875, 4.17663, 1, 1, 1, False
340.0096, 2021-06-16T10:45:50.1831930+08:00, 0, -0.07588875, 4.17663, 1, 1, 1, False
340.0136, 2021-06-16T10:45:50.1871090+08:00, 0, -0.07588875, 4.17663, 1, 1, 1, False
340.0287, 2021-06-16T10:45:50.2023810+08:00, 0, -0.07588875, 4.17663, 1, 1, 1, False
340.0339, 2021-06-16T10:45:50.2074580+08:00, 0, -0.07588875, 4.17663, 1, 1, 1, False
340.0448, 2021-06-16T10:45:50.2185220+08:00, 0, -0.07588875, 4.17663, 1, 1, 1, False
340.0497, 2021-06-16T10:45:50.2232510+08:00, 0, -0.07588875, 4.17663, 1, 1, 1, False
340.0537, 2021-06-16T10:45:50.2273300+08:00, 0, -0.07588875, 4.17663, 1, 1, 1, False
340.0624, 2021-06-16T10:45:50.2361470+08:00, 0, -0.07588875, 4.17663, 1, 1, 1, False
340.0659, 2021-06-16T10:45:50.2393870+08:00, 0, -0.07588875, 4.17663, 1, 1, 1, False
340.0775, 2021-06-16T10:45:50.2513930+08:00, 0, -0.07588875, 4.17663, 1, 1, 1, False
340.0935, 2021-06-16T10:45:50.2673100+08:00, 0, -0.07588875, 4.17663, 1, 1, 1, False
340.0978, 2021-06-16T10:45:50.2713600+08:00, 0, -0.07588875, 4.17663, 1, 1, 1, False
340.1017, 2021-06-16T10:45:50.2753020+08:00, 0, -0.07588875, 4.17663, 1, 1, 1, False
340.1056, 2021-06-16T10:45:50.2791690+08:00, 0, -0.07588875, 4.17663, 1, 1, 1, False
340.11, 2021-06-16T10:45:50.2836120+08:00, 0, -0.07588875, 4.17663, 1, 1, 1, False
340.1136, 2021-06-16T10:45:50.2872250+08:00, 0, -0.07588875, 4.17663, 1, 1, 1, False
340.1173, 2021-06-16T10:45:50.2909380+08:00, 0, -0.07588875, 4.17663, 1, 1, 1, False
340.1224, 2021-06-16T10:45:50.2959820+08:00, 0, -0.07588875, 4.17663, 1, 1, 1, False
340.1256, 2021-06-16T10:45:50.2992120+08:00, 0, -0.07588875, 4.17663, 1, 1, 1, False
340.1293, 2021-06-16T10:45:50.3028140+08:00, 0, -0.07588875, 4.17663, 1, 1, 1, False
340.1336, 2021-06-16T10:45:50.3071520+08:00, 0, -0.07588875, 4.17663, 1, 1, 1, False
340.1376, 2021-06-16T10:45:50.3111610+08:00, 0, -0.07588875, 4.17663, 1, 1, 1, False
340.142, 2021-06-16T10:45:50.3156290+08:00, 0, -0.07588875, 4.17663, 1, 1, 1, False
340.1456, 2021-06-16T10:45:50.3191450+08:00, 0, -0.07588875, 4.17663, 1, 1, 1, False
340.1494, 2021-06-16T10:45:50.3228920+08:00, 0, -0.07588875, 4.17663, 1, 1, 1, False
340.1536, 2021-06-16T10:45:50.3270990+08:00, 0, -0.07588875, 4.17663, 1, 1, 1, False
340.1574, 2021-06-16T10:45:50.3309340+08:00, 0, -0.07588875, 4.17663, 1, 1, 1, False
340.194, 2021-06-16T10:45:50.3677400+08:00, 0, -0.07588875, 4.17663, 1, 1, 1, False
340.1975, 2021-06-16T10:45:50.3710680+08:00, 0, -0.07588875, 4.17663, 1, 1, 1, False
340.2011, 2021-06-16T10:45:50.3746390+08:00, 0, -0.07588875, 4.17663, 1, 1, 1, False
340.2057, 2021-06-16T10:45:50.3792010+08:00, 0, -0.07588875, 4.17663, 1, 1, 1, False
340.2096, 2021-06-16T10:45:50.3831670+08:00, 0, -0.07588875, 4.17663, 1, 1, 1, False
340.2136, 2021-06-16T10:45:50.3871050+08:00, 0, -0.07588875, 4.17663, 1, 1, 1, False
340.2175, 2021-06-16T10:45:50.3910130+08:00, 0, -0.07588875, 4.17663, 1, 1, 1, False
340.2213, 2021-06-16T10:45:50.3948640+08:00, 0, -0.07588875, 4.17663, 1, 1, 1, False
340.2256, 2021-06-16T10:45:50.3991370+08:00, 0, -0.07588875, 4.17663, 1, 1, 1, False
340.2296, 2021-06-16T10:45:50.4030660+08:00, 0, -0.07588875, 4.17663, 1, 1, 1, False
340.2337, 2021-06-16T10:45:50.4071860+08:00, 0, -0.07588875, 4.17663, 1, 1, 1, False
340.2376, 2021-06-16T10:45:50.4111370+08:00, 0, -0.07588875, 4.17663, 1, 1, 1, False
340.2414, 2021-06-16T10:45:50.4149320+08:00, 0, -0.07588875, 4.17663, 1, 1, 1, False
340.2456, 2021-06-16T10:45:50.4191520+08:00, 0, -0.07588875, 4.17663, 1, 1, 1, False
340.2494, 2021-06-16T10:45:50.4229150+08:00, 0, -0.07588875, 4.17663, 1, 1, 1, False
340.2536, 2021-06-16T10:45:50.4271570+08:00, 0, -0.07588875, 4.17663, 1, 1, 1, False
340.2575, 2021-06-16T10:45:50.4310900+08:00, 0, -0.07588875, 4.17663, 1, 1, 1, False
340.2614, 2021-06-16T10:45:50.4348900+08:00, 0, -0.07588875, 4.17663, 1, 1, 1, False
340.2656, 2021-06-16T10:45:50.4391360+08:00, 0, -0.07588875, 4.17663, 1, 1, 1, False
340.2697, 2021-06-16T10:45:50.4432440+08:00, 0, -0.07588875, 4.17663, 1, 1, 1, False
340.2735, 2021-06-16T10:45:50.4471260+08:00, 0, -0.07588875, 4.17663, 1, 1, 1, False
340.2775, 2021-06-16T10:45:50.4510400+08:00, 0, -0.07588875, 4.17663, 1, 1, 1, False
340.2814, 2021-06-16T10:45:50.4549730+08:00, 0, -0.07588875, 4.17663, 1, 1, 1, False
340.2856, 2021-06-16T10:45:50.4591630+08:00, 0, -0.07588875, 4.17663, 1, 1, 1, False
340.2898, 2021-06-16T10:45:50.4633040+08:00, 0, -0.07588875, 4.17663, 1, 1, 1, False
340.2935, 2021-06-16T10:45:50.4669830+08:00, 0, -0.07588875, 4.17663, 1, 1, 1, False
340.2978, 2021-06-16T10:45:50.4714250+08:00, 0, -0.07588875, 4.17663, 1, 1, 1, False
340.3015, 2021-06-16T10:45:50.4750910+08:00, 0, -0.07588875, 4.17663, 1, 1, 1, False
340.3053, 2021-06-16T10:45:50.4787960+08:00, 0, -0.07588875, 4.17663, 1, 1, 1, False
340.3095, 2021-06-16T10:45:50.4830400+08:00, 0, -0.07588875, 4.17663, 1, 1, 1, False
340.3138, 2021-06-16T10:45:50.4873110+08:00, 0, -0.07588875, 4.17663, 1, 1, 1, False
340.3456, 2021-06-16T10:45:50.5192760+08:00, 0, -0.07588875, 4.17663, 1, 1, 1, False
340.3494, 2021-06-16T10:45:50.5229040+08:00, 0, -0.07588875, 4.17663, 1, 1, 1, False
340.3531, 2021-06-16T10:45:50.5266700+08:00, 0, -0.07588875, 4.17663, 1, 1, 1, False
340.3578, 2021-06-16T10:45:50.5313130+08:00, 0, -0.07588875, 4.17663, 1, 1, 1, False
340.3614, 2021-06-16T10:45:50.5349600+08:00, 0, -0.07588875, 4.17663, 1, 1, 1, False
340.3652, 2021-06-16T10:45:50.5387390+08:00, 0, -0.07588875, 4.17663, 1, 1, 1, False
340.3698, 2021-06-16T10:45:50.5433020+08:00, 0, -0.07588875, 4.17663, 1, 1, 1, False
340.3735, 2021-06-16T10:45:50.5470180+08:00, 0, -0.07588875, 4.17663, 1, 1, 1, False
340.3771, 2021-06-16T10:45:50.5506370+08:00, 0, -0.07588875, 4.17663, 1, 1, 1, False
340.3817, 2021-06-16T10:45:50.5551930+08:00, 0, -0.07588875, 4.17663, 1, 1, 1, False
340.3855, 2021-06-16T10:45:50.5590490+08:00, 0, -0.07588875, 4.17663, 1, 1, 1, False
340.3893, 2021-06-16T10:45:50.5627700+08:00, 0, -0.07588875, 4.17663, 1, 1, 1, False
340.3937, 2021-06-16T10:45:50.5672370+08:00, 0, -0.07588875, 4.17663, 1, 1, 1, False
340.3975, 2021-06-16T10:45:50.5710300+08:00, 0, -0.07588875, 4.17663, 1, 1, 1, False
340.4015, 2021-06-16T10:45:50.5749910+08:00, 0, -0.07588875, 4.17663, 1, 1, 1, False
340.4055, 2021-06-16T10:45:50.5790930+08:00, 0, -0.07588875, 4.17663, 1, 1, 1, False
340.4096, 2021-06-16T10:45:50.5831020+08:00, 0, -0.07588875, 4.17663, 1, 1, 1, False
340.4136, 2021-06-16T10:45:50.5870950+08:00, 0, -0.07588875, 4.17663, 1, 1, 1, False
340.4171, 2021-06-16T10:45:50.5906830+08:00, 0, -0.07588875, 4.17663, 1, 1, 1, False
340.4215, 2021-06-16T10:45:50.5951440+08:00, 0, -0.07588875, 4.17663, 1, 1, 1, False
340.4256, 2021-06-16T10:45:50.5991060+08:00, 0, -0.07588875, 4.17663, 1, 1, 1, False
340.4296, 2021-06-16T10:45:50.6031210+08:00, 0, -0.07588875, 4.17663, 1, 1, 1, False
340.4335, 2021-06-16T10:45:50.6070150+08:00, 0, -0.07588875, 4.17663, 1, 1, 1, False
340.4376, 2021-06-16T10:45:50.6110650+08:00, 0, -0.07588875, 4.17663, 1, 1, 1, False
340.4416, 2021-06-16T10:45:50.6151300+08:00, 0, -0.07588875, 4.17663, 1, 1, 1, False
340.4456, 2021-06-16T10:45:50.6190930+08:00, 0, -0.07588875, 4.17663, 1, 1, 1, False
340.4495, 2021-06-16T10:45:50.6229730+08:00, 0, -0.07588875, 4.17663, 1, 1, 1, False
340.4537, 2021-06-16T10:45:50.6272400+08:00, 0, -0.07588875, 4.17663, 1, 1, 1, False
340.4576, 2021-06-16T10:45:50.6311010+08:00, 0, -0.07588875, 4.17663, 1, 1, 1, False
340.4616, 2021-06-16T10:45:50.6351480+08:00, 0, -0.07588875, 4.17663, 1, 1, 1, False
340.4657, 2021-06-16T10:45:50.6392130+08:00, 0, -0.07588875, 4.17663, 1, 1, 1, False
340.4973, 2021-06-16T10:45:50.6708860+08:00, 0, -0.07588875, 4.17663, 1, 1, 1, False
340.5012, 2021-06-16T10:45:50.6747260+08:00, 0, -0.07588875, 4.17663, 1, 1, 1, False
340.5054, 2021-06-16T10:45:50.6789230+08:00, 0, -0.07588875, 4.17663, 1, 1, 1, False
340.5096, 2021-06-16T10:45:50.6831450+08:00, 0, -0.07588875, 4.17663, 1, 1, 1, False
340.5132, 2021-06-16T10:45:50.6867370+08:00, 0, -0.07588875, 4.17663, 1, 1, 1, False
340.5175, 2021-06-16T10:45:50.6910510+08:00, 0, -0.07588875, 4.17663, 1, 1, 1, False
340.5217, 2021-06-16T10:45:50.6952090+08:00, 0, -0.07588875, 4.17663, 1, 1, 1, False
340.5254, 2021-06-16T10:45:50.6989590+08:00, 0, -0.07588875, 4.17663, 1, 1, 1, False
340.5296, 2021-06-16T10:45:50.7031150+08:00, 0, -0.07588875, 4.17663, 1, 1, 1, False
340.5334, 2021-06-16T10:45:50.7068780+08:00, 0, -0.07588875, 4.17663, 1, 1, 1, False
340.5376, 2021-06-16T10:45:50.7110950+08:00, 0, -0.07588875, 4.17663, 1, 1, 1, False
340.5415, 2021-06-16T10:45:50.7150680+08:00, 0, -0.07588875, 4.17663, 1, 1, 1, False
340.5454, 2021-06-16T10:45:50.7189710+08:00, 0, -0.07588875, 4.17663, 1, 1, 1, False
340.5494, 2021-06-16T10:45:50.7229150+08:00, 0, -0.07588875, 4.17663, 1, 1, 1, False
340.5535, 2021-06-16T10:45:50.7270260+08:00, 0, -0.07588875, 4.17663, 1, 1, 1, False
340.5577, 2021-06-16T10:45:50.7312370+08:00, 0, -0.07588875, 4.17663, 1, 1, 1, False
340.5616, 2021-06-16T10:45:50.7350850+08:00, 0, -0.07588875, 4.17663, 1, 1, 1, False
340.5654, 2021-06-16T10:45:50.7389500+08:00, 0, -0.07588875, 4.17663, 1, 1, 1, False
340.5695, 2021-06-16T10:45:50.7431460+08:00, 0, -0.07588875, 4.17663, 1, 1, 1, False
340.5735, 2021-06-16T10:45:50.7469920+08:00, 0, -0.07588875, 4.17663, 1, 1, 1, False
340.5775, 2021-06-16T10:45:50.7510590+08:00, 0, -0.07588875, 4.17663, 1, 1, 1, False
340.5815, 2021-06-16T10:45:50.7550120+08:00, 0, -0.07588875, 4.17663, 1, 1, 1, False
340.5852, 2021-06-16T10:45:50.7587000+08:00, 0, -0.07588875, 4.17663, 1, 1, 1, False
340.5896, 2021-06-16T10:45:50.7631060+08:00, 0, -0.07588875, 4.17663, 1, 1, 1, False
340.5935, 2021-06-16T10:45:50.7670510+08:00, 0, -0.07588875, 4.17663, 1, 1, 1, False
340.5972, 2021-06-16T10:45:50.7707030+08:00, 0, -0.07588875, 4.17663, 1, 1, 1, False
340.6016, 2021-06-16T10:45:50.7751370+08:00, 0, -0.07588875, 4.17663, 1, 1, 1, False
340.6055, 2021-06-16T10:45:50.7790550+08:00, 0, -0.07588875, 4.17663, 1, 1, 1, False
340.6094, 2021-06-16T10:45:50.7829420+08:00, 0, -0.07588875, 4.17663, 1, 1, 1, False
340.6136, 2021-06-16T10:45:50.7871390+08:00, 0, -0.07588875, 4.17663, 1, 1, 1, False
340.6176, 2021-06-16T10:45:50.7911200+08:00, 0, -0.07588875, 4.17663, 1, 1, 1, False
340.6537, 2021-06-16T10:45:50.8272770+08:00, 0, -0.07588875, 4.17663, 1, 1, 1, False
340.6575, 2021-06-16T10:45:50.8310570+08:00, 0, -0.07588875, 4.17663, 1, 1, 1, False
340.6613, 2021-06-16T10:45:50.8348320+08:00, 0, -0.07588875, 4.17663, 1, 1, 1, False
340.6654, 2021-06-16T10:45:50.8389710+08:00, 0, -0.07588875, 4.17663, 1, 1, 1, False
340.6693, 2021-06-16T10:45:50.8428530+08:00, 0, -0.07588875, 4.17663, 1, 1, 1, False
340.6736, 2021-06-16T10:45:50.8471280+08:00, 0, -0.07588875, 4.17663, 1, 1, 1, False
340.6774, 2021-06-16T10:45:50.8508620+08:00, 0, -0.07588875, 4.17663, 1, 1, 1, False
340.6815, 2021-06-16T10:45:50.8550180+08:00, 0, -0.07588875, 4.17663, 1, 1, 1, False
340.6855, 2021-06-16T10:45:50.8590180+08:00, 0, -0.07588875, 4.17663, 1, 1, 1, False
340.6895, 2021-06-16T10:45:50.8629790+08:00, 0, -0.07588875, 4.17663, 1, 1, 1, False
340.6935, 2021-06-16T10:45:50.8670520+08:00, 0, -0.07588875, 4.17663, 1, 1, 1, False
340.6975, 2021-06-16T10:45:50.8710200+08:00, 0, -0.07588875, 4.17663, 1, 1, 1, False
340.7016, 2021-06-16T10:45:50.8752020+08:00, 0, -0.07588875, 4.17663, 1, 1, 1, False
340.7055, 2021-06-16T10:45:50.8790370+08:00, 0, -0.07588875, 4.17663, 1, 1, 1, False
340.7094, 2021-06-16T10:45:50.8829110+08:00, 0, -0.07588875, 4.17663, 1, 1, 1, False
340.7135, 2021-06-16T10:45:50.8870290+08:00, 0, -0.07588875, 4.17663, 1, 1, 1, False
340.7175, 2021-06-16T10:45:50.8910390+08:00, 0, -0.07588875, 4.17663, 1, 1, 1, False
340.7216, 2021-06-16T10:45:50.8951060+08:00, 0, -0.07588875, 4.17663, 1, 1, 1, False
340.7254, 2021-06-16T10:45:50.8989280+08:00, 0, -0.07588875, 4.17663, 1, 1, 1, False
340.7295, 2021-06-16T10:45:50.9030120+08:00, 0, -0.07588875, 4.17663, 1, 1, 1, False
340.7335, 2021-06-16T10:45:50.9070080+08:00, 0, -0.07588875, 4.17663, 1, 1, 1, False
340.7376, 2021-06-16T10:45:50.9110830+08:00, 0, -0.07588875, 4.17663, 1, 1, 1, False
340.7415, 2021-06-16T10:45:50.9150370+08:00, 0, -0.07588875, 4.17663, 1, 1, 1, False
340.7455, 2021-06-16T10:45:50.9190340+08:00, 0, -0.07588875, 4.17663, 1, 1, 1, False
340.7495, 2021-06-16T10:45:50.9229600+08:00, 0, -0.07588875, 4.17663, 1, 1, 1, False
340.7536, 2021-06-16T10:45:50.9271360+08:00, 0, -0.07588875, 4.17663, 1, 1, 1, False
340.7575, 2021-06-16T10:45:50.9310480+08:00, 0, -0.07588875, 4.17663, 1, 1, 1, False
340.7626, 2021-06-16T10:45:50.9361970+08:00, 0, -0.07588875, 4.17663, 1, 1, 1, False
340.771, 2021-06-16T10:45:50.9445030+08:00, 0, -0.07588875, 4.17663, 1, 1, 1, False
340.7734, 2021-06-16T10:45:50.9468930+08:00, 0, -0.07588875, 4.17663, 1, 1, 1, False
340.7776, 2021-06-16T10:45:50.9510990+08:00, 0, -0.07588875, 4.17663, 1, 1, 1, False
340.8181, 2021-06-16T10:45:50.9916600+08:00, 0, -0.07588875, 4.17663, 1, 1, 1, False
340.8212, 2021-06-16T10:45:50.9947770+08:00, 0, -0.07588875, 4.17663, 1, 1, 1, False
340.8269, 2021-06-16T10:45:51.0005160+08:00, 0, -0.07588875, 4.17663, 1, 1, 1, False
340.8297, 2021-06-16T10:45:51.0032060+08:00, 0, -0.07588875, 4.17663, 1, 1, 1, False
340.8456, 2021-06-16T10:45:51.0192550+08:00, 0, -0.07588875, 4.17663, 1, 1, 1, False
340.8711, 2021-06-16T10:45:51.0450160+08:00, 0, -0.07588875, 4.17663, 1, 1, 1, False
340.8889, 2021-06-16T10:45:51.0629020+08:00, 0, -0.07588875, 4.17663, 1, 1, 1, False
340.9055, 2021-06-16T10:45:51.0793670+08:00, 0, -0.07588875, 4.17663, 1, 1, 1, False
340.9222, 2021-06-16T10:45:51.0959740+08:00, 0, -0.07588875, 4.17663, 1, 1, 1, False
340.9397, 2021-06-16T10:45:51.1134110+08:00, 0, -0.07588875, 4.17663, 1, 1, 1, False
340.955, 2021-06-16T10:45:51.1288280+08:00, 0, -0.07588875, 4.17663, 1, 1, 1, False
340.971, 2021-06-16T10:45:51.1446210+08:00, 0, -0.07588875, 4.17663, 1, 1, 1, False
340.986, 2021-06-16T10:45:51.1597470+08:00, 0, -0.07588875, 4.17663, 1, 1, 1, False
341.0011, 2021-06-16T10:45:51.1748120+08:00, 0, -0.07588875, 4.17663, 1, 1, 1, False
341.0162, 2021-06-16T10:45:51.1898980+08:00, 0, -0.07588875, 4.17663, 1, 1, 1, False
341.0315, 2021-06-16T10:45:51.2051590+08:00, 0, -0.07588875, 4.17663, 1, 1, 1, False
341.0452, 2021-06-16T10:45:51.2189940+08:00, 0, -0.07588875, 4.17663, 1, 1, 1, False
341.0594, 2021-06-16T10:45:51.2331460+08:00, 0, -0.07588875, 4.17663, 1, 1, 1, False
341.0742, 2021-06-16T10:45:51.2479290+08:00, 0, -0.07588875, 4.17663, 1, 1, 1, False
341.0883, 2021-06-16T10:45:51.2619890+08:00, 0, -0.07588875, 4.17663, 1, 1, 1, False
341.1035, 2021-06-16T10:45:51.2772760+08:00, 0, -0.07588875, 4.17663, 1, 1, 1, False
341.1177, 2021-06-16T10:45:51.2913200+08:00, 0, -0.07588875, 4.17663, 1, 1, 1, False
341.1319, 2021-06-16T10:45:51.3056700+08:00, 0, -0.07588875, 4.17663, 1, 1, 1, False
341.1465, 2021-06-16T10:45:51.3202550+08:00, 0, -0.07588875, 4.17663, 1, 1, 1, False
341.1606, 2021-06-16T10:45:51.3344720+08:00, 0, -0.07588875, 4.17663, 1, 1, 1, False
341.1751, 2021-06-16T10:45:51.3488940+08:00, 0, -0.07588875, 4.17663, 1, 1, 1, False
341.1892, 2021-06-16T10:45:51.3630170+08:00, 0, -0.07588875, 4.17663, 1, 1, 1, False
341.2035, 2021-06-16T10:45:51.3772700+08:00, 0, -0.07588875, 4.17663, 1, 1, 1, False
341.2183, 2021-06-16T10:45:51.3919870+08:00, 0, -0.07588875, 4.17663, 1, 1, 1, False
341.2335, 2021-06-16T10:45:51.4071990+08:00, 0, -0.07588875, 4.17663, 1, 1, 1, False
341.2471, 2021-06-16T10:45:51.4208680+08:00, 0, -0.07588875, 4.17663, 1, 1, 1, False
341.2855, 2021-06-16T10:45:51.4590190+08:00, 0, -0.07588875, 4.17663, 1, 1, 1, False
341.2897, 2021-06-16T10:45:51.4632770+08:00, 0, -0.07588875, 4.17663, 1, 1, 1, False
341.2933, 2021-06-16T10:45:51.4668680+08:00, 0, -0.07588875, 4.17663, 1, 1, 1, False
341.2977, 2021-06-16T10:45:51.4711800+08:00, 0, -0.07588875, 4.17663, 1, 1, 1, False
341.3014, 2021-06-16T10:45:51.4749720+08:00, 0, -0.07588875, 4.17663, 1, 1, 1, False
341.3062, 2021-06-16T10:45:51.4797270+08:00, 0, -0.07588875, 4.17663, 1, 1, 1, False
341.3094, 2021-06-16T10:45:51.4829850+08:00, 0, -0.07588875, 4.17663, 1, 1, 1, False
341.3139, 2021-06-16T10:45:51.4874110+08:00, 0, -0.07588875, 4.17663, 1, 1, 1, False
341.3174, 2021-06-16T10:45:51.4908690+08:00, 0, -0.07588875, 4.17663, 1, 1, 1, False
341.3216, 2021-06-16T10:45:51.4951530+08:00, 0, -0.07588875, 4.17663, 1, 1, 1, False
341.3261, 2021-06-16T10:45:51.4997980+08:00, 0, -0.07588875, 4.17663, 1, 1, 1, False
341.3293, 2021-06-16T10:45:51.5028240+08:00, 0, -0.07588875, 4.17663, 1, 1, 1, False
341.3336, 2021-06-16T10:45:51.5072150+08:00, 0, -0.07588875, 4.17663, 1, 1, 1, False
341.3376, 2021-06-16T10:45:51.5110710+08:00, 0, -0.07588875, 4.17663, 1, 1, 1, False
341.3419, 2021-06-16T10:45:51.5154530+08:00, 0, -0.07588875, 4.17663, 1, 1, 1, False
341.3456, 2021-06-16T10:45:51.5191370+08:00, 0, -0.07588875, 4.17663, 1, 1, 1, False
341.3493, 2021-06-16T10:45:51.5229350+08:00, 0, -0.07588875, 4.17663, 1, 1, 1, False
341.3533, 2021-06-16T10:45:51.5268340+08:00, 0, -0.07588875, 4.17663, 1, 1, 1, False
341.3579, 2021-06-16T10:45:51.5314750+08:00, 0, -0.07588875, 4.17663, 1, 1, 1, False
341.3617, 2021-06-16T10:45:51.5353100+08:00, 0, -0.07588875, 4.17663, 1, 1, 1, False
341.3654, 2021-06-16T10:45:51.5389500+08:00, 0, -0.07588875, 4.17663, 1, 1, 1, False
341.3698, 2021-06-16T10:45:51.5433020+08:00, 0, -0.07588875, 4.17663, 1, 1, 1, False
341.3736, 2021-06-16T10:45:51.5471710+08:00, 0, -0.07588875, 4.17663, 1, 1, 1, False
341.3778, 2021-06-16T10:45:51.5514160+08:00, 0, -0.07588875, 4.17663, 1, 1, 1, False
341.3821, 2021-06-16T10:45:51.5557070+08:00, 0, -0.07588875, 4.17663, 1, 1, 1, False
341.3857, 2021-06-16T10:45:51.5592400+08:00, 0, -0.07588875, 4.17663, 1, 1, 1, False
341.3898, 2021-06-16T10:45:51.5633190+08:00, 0, -0.07588875, 4.17663, 1, 1, 1, False
341.3935, 2021-06-16T10:45:51.5670000+08:00, 0, -0.07588875, 4.17663, 1, 1, 1, False
341.3977, 2021-06-16T10:45:51.5712450+08:00, 0, -0.07588875, 4.17663, 1, 1, 1, False
341.4015, 2021-06-16T10:45:51.5750780+08:00, 0, -0.07588875, 4.17663, 1, 1, 1, False
341.4058, 2021-06-16T10:45:51.5793490+08:00, 0, -0.07588875, 4.17663, 1, 1, 1, False
341.4423, 2021-06-16T10:45:51.6159250+08:00, 0, -0.07588875, 4.17663, 1, 1, 1, False
341.4455, 2021-06-16T10:45:51.6190360+08:00, 0, -0.07588875, 4.17663, 1, 1, 1, False
341.4495, 2021-06-16T10:45:51.6230560+08:00, 0, -0.07588875, 4.17663, 1, 1, 1, False
341.4536, 2021-06-16T10:45:51.6271630+08:00, 0, -0.07588875, 4.17663, 1, 1, 1, False
341.4577, 2021-06-16T10:45:51.6312950+08:00, 0, -0.07588875, 4.17663, 1, 1, 1, False
341.4616, 2021-06-16T10:45:51.6351360+08:00, 0, -0.07588875, 4.17663, 1, 1, 1, False
341.4653, 2021-06-16T10:45:51.6388410+08:00, 0, -0.07588875, 4.17663, 1, 1, 1, False
341.4696, 2021-06-16T10:45:51.6431560+08:00, 0, -0.07588875, 4.17663, 1, 1, 1, False
341.4741, 2021-06-16T10:45:51.6476140+08:00, 0, -0.07588875, 4.17663, 1, 1, 1, False
341.4776, 2021-06-16T10:45:51.6511050+08:00, 0, -0.07588875, 4.17663, 1, 1, 1, False
341.4817, 2021-06-16T10:45:51.6552300+08:00, 0, -0.07588875, 4.17663, 1, 1, 1, False
341.4855, 2021-06-16T10:45:51.6589920+08:00, 0, -0.07588875, 4.17663, 1, 1, 1, False
341.4897, 2021-06-16T10:45:51.6633350+08:00, 0, -0.07588875, 4.17663, 1, 1, 1, False
341.4937, 2021-06-16T10:45:51.6671840+08:00, 0, -0.07588875, 4.17663, 1, 1, 1, False
341.4974, 2021-06-16T10:45:51.6709010+08:00, 0, -0.07588875, 4.17663, 1, 1, 1, False
341.5017, 2021-06-16T10:45:51.6752670+08:00, 0, -0.07588875, 4.17663, 1, 1, 1, False
341.5053, 2021-06-16T10:45:51.6789110+08:00, 0, -0.07588875, 4.17663, 1, 1, 1, False
341.5095, 2021-06-16T10:45:51.6830680+08:00, 0, -0.07588875, 4.17663, 1, 1, 1, False
341.5137, 2021-06-16T10:45:51.6872580+08:00, 0, -0.07588875, 4.17663, 1, 1, 1, False
341.519, 2021-06-16T10:45:51.6925500+08:00, 0, -0.07588875, 4.17663, 1, 1, 1, False
341.5215, 2021-06-16T10:45:51.6951680+08:00, 0, -0.07588875, 4.17663, 1, 1, 1, False
341.5258, 2021-06-16T10:45:51.6993320+08:00, 0, -0.07588875, 4.17663, 1, 1, 1, False
341.5337, 2021-06-16T10:45:51.7073370+08:00, 0, -0.07588875, 4.17663, 1, 1, 1, False
341.5377, 2021-06-16T10:45:51.7112690+08:00, 0, -0.07588875, 4.17663, 1, 1, 1, False
341.5484, 2021-06-16T10:45:51.7220590+08:00, 0, -0.07588875, 4.17663, 1, 1, 1, False
341.5539, 2021-06-16T10:45:51.7274180+08:00, 0, -0.07588875, 4.17663, 1, 1, 1, False
341.5623, 2021-06-16T10:45:51.7360760+08:00, 0, -0.07588875, 4.17663, 1, 1, 1, False
341.5768, 2021-06-16T10:45:51.7504620+08:00, 0, -0.07588875, 4.17663, 1, 1, 1, False
341.5916, 2021-06-16T10:45:51.7653980+08:00, 0, -0.07588875, 4.17663, 1, 1, 1, False
341.6059, 2021-06-16T10:45:51.7795600+08:00, 0, -0.07588875, 4.17663, 1, 1, 1, False
341.6204, 2021-06-16T10:45:51.7940650+08:00, 0, -0.07588875, 4.17663, 1, 1, 1, False
341.6665, 2021-06-16T10:45:51.8400410+08:00, 0, -0.07588875, 4.17663, 1, 1, 1, False
341.6693, 2021-06-16T10:45:51.8428240+08:00, 0, -0.07588875, 4.17663, 1, 1, 1, False
341.6738, 2021-06-16T10:45:51.8473090+08:00, 0, -0.07588875, 4.17663, 1, 1, 1, False
341.6778, 2021-06-16T10:45:51.8513470+08:00, 0, -0.07588875, 4.17663, 1, 1, 1, False
341.6974, 2021-06-16T10:45:51.8712920+08:00, 0, -0.07588875, 4.17663, 1, 1, 1, False
341.7016, 2021-06-16T10:45:51.8752060+08:00, 0, -0.07588875, 4.17663, 1, 1, 1, False
341.7118, 2021-06-16T10:45:51.8856130+08:00, 0, -0.07588875, 4.17663, 1, 1, 1, False
341.7133, 2021-06-16T10:45:51.8867670+08:00, 0, -0.07588875, 4.17663, 1, 1, 1, False
341.7176, 2021-06-16T10:45:51.8911490+08:00, 0, -0.07588875, 4.17663, 1, 1, 1, False
341.7216, 2021-06-16T10:45:51.8951180+08:00, 0, -0.07588875, 4.17663, 1, 1, 1, False
341.7256, 2021-06-16T10:45:51.8991660+08:00, 0, -0.07588875, 4.17663, 1, 1, 1, False
341.7296, 2021-06-16T10:45:51.9031830+08:00, 0, -0.07588875, 4.17663, 1, 1, 1, False
341.7336, 2021-06-16T10:45:51.9071360+08:00, 0, -0.07588875, 4.17663, 1, 1, 1, False
341.7372, 2021-06-16T10:45:51.9107140+08:00, 0, -0.07588875, 4.17663, 1, 1, 1, False
341.7419, 2021-06-16T10:45:51.9155430+08:00, 0, -0.07588875, 4.17663, 1, 1, 1, False
341.7456, 2021-06-16T10:45:51.9191100+08:00, 0, -0.07588875, 4.17663, 1, 1, 1, False
341.7495, 2021-06-16T10:45:51.9229810+08:00, 0, -0.07588875, 4.17663, 1, 1, 1, False
341.7535, 2021-06-16T10:45:51.9270130+08:00, 0, -0.07588875, 4.17663, 1, 1, 1, False
341.7577, 2021-06-16T10:45:51.9312320+08:00, 0, -0.07588875, 4.17663, 1, 1, 1, False
341.7616, 2021-06-16T10:45:51.9350930+08:00, 0, -0.07588875, 4.17663, 1, 1, 1, False
341.7653, 2021-06-16T10:45:51.9387650+08:00, 0, -0.07588875, 4.17663, 1, 1, 1, False
341.7696, 2021-06-16T10:45:51.9430710+08:00, 0, -0.07588875, 4.17663, 1, 1, 1, False
341.7737, 2021-06-16T10:45:51.9471530+08:00, 0, -0.07588875, 4.17663, 1, 1, 1, False
341.7773, 2021-06-16T10:45:51.9508270+08:00, 0, -0.07588875, 4.17663, 1, 1, 1, False
341.7813, 2021-06-16T10:45:51.9548840+08:00, 0, -0.07588875, 4.17663, 1, 1, 1, False
341.7855, 2021-06-16T10:45:51.9590170+08:00, 0, -0.07588875, 4.17663, 1, 1, 1, False
341.7893, 2021-06-16T10:45:51.9629060+08:00, 0, -0.07588875, 4.17663, 1, 1, 1, False
341.7935, 2021-06-16T10:45:51.9670400+08:00, 0, -0.07588875, 4.17663, 1, 1, 1, False
341.7975, 2021-06-16T10:45:51.9709680+08:00, 0, -0.07588875, 4.17663, 1, 1, 1, False
341.8012, 2021-06-16T10:45:51.9747050+08:00, 0, -0.07588875, 4.17663, 1, 1, 1, False
341.8058, 2021-06-16T10:45:51.9793290+08:00, 0, -0.07588875, 4.17663, 1, 1, 1, False
341.8379, 2021-06-16T10:45:52.0115470+08:00, 0, -0.07588875, 4.17663, 1, 1, 1, False
341.8415, 2021-06-16T10:45:52.0150500+08:00, 0, -0.07588875, 4.17663, 1, 1, 1, False
341.8452, 2021-06-16T10:45:52.0187280+08:00, 0, -0.07588875, 4.17663, 1, 1, 1, False
341.8493, 2021-06-16T10:45:52.0227980+08:00, 0, -0.07588875, 4.17663, 1, 1, 1, False
341.8536, 2021-06-16T10:45:52.0270890+08:00, 0, -0.07588875, 4.17663, 1, 1, 1, False
341.8572, 2021-06-16T10:45:52.0307530+08:00, 0, -0.07588875, 4.17663, 1, 1, 1, False
341.8613, 2021-06-16T10:45:52.0348710+08:00, 0, -0.07588875, 4.17663, 1, 1, 1, False
341.8655, 2021-06-16T10:45:52.0390640+08:00, 0, -0.07588875, 4.17663, 1, 1, 1, False
341.8696, 2021-06-16T10:45:52.0430700+08:00, 0, -0.07588875, 4.17663, 1, 1, 1, False
341.8735, 2021-06-16T10:45:52.0470600+08:00, 0, -0.07588875, 4.17663, 1, 1, 1, False
341.8773, 2021-06-16T10:45:52.0508500+08:00, 0, -0.07588875, 4.17663, 1, 1, 1, False
341.8815, 2021-06-16T10:45:52.0550100+08:00, 0, -0.07588875, 4.17663, 1, 1, 1, False
341.8855, 2021-06-16T10:45:52.0589720+08:00, 0, -0.07588875, 4.17663, 1, 1, 1, False
341.8894, 2021-06-16T10:45:52.0629030+08:00, 0, -0.07588875, 4.17663, 1, 1, 1, False
341.8936, 2021-06-16T10:45:52.0671510+08:00, 0, -0.07588875, 4.17663, 1, 1, 1, False
341.8971, 2021-06-16T10:45:52.0706160+08:00, 0, -0.07588875, 4.17663, 1, 1, 1, False
341.9016, 2021-06-16T10:45:52.0751050+08:00, 0, -0.07588875, 4.17663, 1, 1, 1, False
341.9055, 2021-06-16T10:45:52.0791370+08:00, 0, -0.07588875, 4.17663, 1, 1, 1, False
341.9094, 2021-06-16T10:45:52.0828730+08:00, 0, -0.07588875, 4.17663, 1, 1, 1, False
341.9136, 2021-06-16T10:45:52.0870680+08:00, 0, -0.07588875, 4.17663, 1, 1, 1, False
341.9174, 2021-06-16T10:45:52.0909290+08:00, 0, -0.07588875, 4.17663, 1, 1, 1, False
341.9214, 2021-06-16T10:45:52.0949900+08:00, 0, -0.07588875, 4.17663, 1, 1, 1, False
341.9258, 2021-06-16T10:45:52.0992930+08:00, 0, -0.07588875, 4.17663, 1, 1, 1, False
341.9295, 2021-06-16T10:45:52.1030280+08:00, 0, -0.07588875, 4.17663, 1, 1, 1, False
341.9336, 2021-06-16T10:45:52.1070560+08:00, 0, -0.07588875, 4.17663, 1, 1, 1, False
341.9375, 2021-06-16T10:45:52.1110000+08:00, 0, -0.07588875, 4.17663, 1, 1, 1, False
341.9416, 2021-06-16T10:45:52.1151130+08:00, 0, -0.07588875, 4.17663, 1, 1, 1, False
341.9456, 2021-06-16T10:45:52.1190760+08:00, 0, -0.07588875, 4.17663, 1, 1, 1, False
341.9494, 2021-06-16T10:45:52.1229430+08:00, 0, -0.07588875, 4.17663, 1, 1, 1, False
341.9535, 2021-06-16T10:45:52.1269840+08:00, 0, -0.07588875, 4.17663, 1, 1, 1, False
341.9578, 2021-06-16T10:45:52.1313570+08:00, 0, -0.07588875, 4.17663, 1, 1, 1, False
341.9899, 2021-06-16T10:45:52.1634750+08:00, 0, -0.07588875, 4.17663, 1, 1, 1, False
341.9933, 2021-06-16T10:45:52.1668150+08:00, 0, -0.07588875, 4.17663, 1, 1, 1, False
341.9976, 2021-06-16T10:45:52.1710980+08:00, 0, -0.07588875, 4.17663, 1, 1, 1, False
342.0016, 2021-06-16T10:45:52.1751400+08:00, 0, -0.07588875, 4.17663, 1, 1, 1, False
342.0054, 2021-06-16T10:45:52.1789310+08:00, 0, -0.07588875, 4.17663, 1, 1, 1, False
342.0092, 2021-06-16T10:45:52.1827230+08:00, 0, -0.07588875, 4.17663, 1, 1, 1, False
342.0135, 2021-06-16T10:45:52.1870360+08:00, 0, -0.07588875, 4.17663, 1, 1, 1, False
342.0176, 2021-06-16T10:45:52.1911310+08:00, 0, -0.07588875, 4.17663, 1, 1, 1, False
342.0215, 2021-06-16T10:45:52.1950910+08:00, 0, -0.07588875, 4.17663, 1, 1, 1, False
342.0256, 2021-06-16T10:45:52.1991450+08:00, 0, -0.07588875, 4.17663, 1, 1, 1, False
342.0295, 2021-06-16T10:45:52.2029940+08:00, 0, -0.07588875, 4.17663, 1, 1, 1, False
342.0335, 2021-06-16T10:45:52.2070470+08:00, 0, -0.07588875, 4.17663, 1, 1, 1, False
342.0376, 2021-06-16T10:45:52.2111100+08:00, 0, -0.07588875, 4.17663, 1, 1, 1, False
342.0416, 2021-06-16T10:45:52.2151490+08:00, 0, -0.07588875, 4.17663, 1, 1, 1, False
342.0455, 2021-06-16T10:45:52.2189680+08:00, 0, -0.07588875, 4.17663, 1, 1, 1, False
342.0494, 2021-06-16T10:45:52.2229320+08:00, 0, -0.07588875, 4.17663, 1, 1, 1, False
342.0536, 2021-06-16T10:45:52.2271410+08:00, 0, -0.07588875, 4.17663, 1, 1, 1, False
342.0573, 2021-06-16T10:45:52.2308630+08:00, 0, -0.07588875, 4.17663, 1, 1, 1, False
342.0616, 2021-06-16T10:45:52.2350700+08:00, 0, -0.07588875, 4.17663, 1, 1, 1, False
342.0656, 2021-06-16T10:45:52.2391330+08:00, 0, -0.07588875, 4.17663, 1, 1, 1, False
342.0694, 2021-06-16T10:45:52.2430140+08:00, 0, -0.07588875, 4.17663, 1, 1, 1, False
342.0736, 2021-06-16T10:45:52.2471330+08:00, 0, -0.07588875, 4.17663, 1, 1, 1, False
342.0775, 2021-06-16T10:45:52.2510070+08:00, 0, -0.07588875, 4.17663, 1, 1, 1, False
342.0814, 2021-06-16T10:45:52.2549750+08:00, 0, -0.07588875, 4.17663, 1, 1, 1, False
342.0856, 2021-06-16T10:45:52.2591250+08:00, 0, -0.07588875, 4.17663, 1, 1, 1, False
342.0895, 2021-06-16T10:45:52.2630680+08:00, 0, -0.07588875, 4.17663, 1, 1, 1, False
342.0934, 2021-06-16T10:45:52.2669530+08:00, 0, -0.07588875, 4.17663, 1, 1, 1, False
342.0976, 2021-06-16T10:45:52.2710490+08:00, 0, -0.07588875, 4.17663, 1, 1, 1, False
342.1016, 2021-06-16T10:45:52.2751290+08:00, 0, -0.07588875, 4.17663, 1, 1, 1, False
342.1055, 2021-06-16T10:45:52.2790190+08:00, 0, -0.07588875, 4.17663, 1, 1, 1, False
342.1097, 2021-06-16T10:45:52.2832620+08:00, 0, -0.07588875, 4.17663, 1, 1, 1, False
342.1458, 2021-06-16T10:45:52.3194000+08:00, 0, -0.07588875, 4.17663, 1, 1, 1, False
342.1494, 2021-06-16T10:45:52.3229400+08:00, 0, -0.07588875, 4.17663, 1, 1, 1, False
342.1532, 2021-06-16T10:45:52.3267500+08:00, 0, -0.07588875, 4.17663, 1, 1, 1, False
342.1578, 2021-06-16T10:45:52.3312910+08:00, 0, -0.07588875, 4.17663, 1, 1, 1, False
342.1613, 2021-06-16T10:45:52.3348130+08:00, 0, -0.07588875, 4.17663, 1, 1, 1, False
342.1653, 2021-06-16T10:45:52.3388150+08:00, 0, -0.07588875, 4.17663, 1, 1, 1, False
342.1697, 2021-06-16T10:45:52.3432410+08:00, 0, -0.07588875, 4.17663, 1, 1, 1, False
342.1732, 2021-06-16T10:45:52.3467760+08:00, 0, -0.07588875, 4.17663, 1, 1, 1, False
342.1811, 2021-06-16T10:45:52.3546810+08:00, 0, -0.07588875, 4.17663, 1, 1, 1, False
342.1972, 2021-06-16T10:45:52.3709790+08:00, 0, -0.07588875, 4.17663, 1, 1, 1, False
342.2019, 2021-06-16T10:45:52.3756000+08:00, 0, -0.07588875, 4.17663, 1, 1, 1, False
342.215, 2021-06-16T10:45:52.3885410+08:00, 0, -0.07588875, 4.17663, 1, 1, 1, False
342.2296, 2021-06-16T10:45:52.4036160+08:00, 0, -0.07588875, 4.17663, 1, 1, 1, False
342.2453, 2021-06-16T10:45:52.4190750+08:00, 0, -0.07588875, 4.17663, 1, 1, 1, False
342.2612, 2021-06-16T10:45:52.4350220+08:00, 0, -0.07588875, 4.17663, 1, 1, 1, False
342.2762, 2021-06-16T10:45:52.4499210+08:00, 0, -0.07588875, 4.17663, 1, 1, 1, False
342.282, 2021-06-16T10:45:52.4556240+08:00, 0, -0.07588875, 4.17663, 1, 1, 1, False
342.2857, 2021-06-16T10:45:52.4592350+08:00, 0, -0.07588875, 4.17663, 1, 1, 1, False
342.2894, 2021-06-16T10:45:52.4629730+08:00, 0, -0.07588875, 4.17663, 1, 1, 1, False
342.2943, 2021-06-16T10:45:52.4678890+08:00, 0, -0.07588875, 4.17663, 1, 1, 1, False
342.302, 2021-06-16T10:45:52.4755540+08:00, 0, -0.07588875, 4.17663, 1, 1, 1, False
342.3055, 2021-06-16T10:45:52.4791340+08:00, 0, -0.07588875, 4.17663, 1, 1, 1, False
342.3096, 2021-06-16T10:45:52.4830920+08:00, 0, -0.07588875, 4.17663, 1, 1, 1, False
342.3139, 2021-06-16T10:45:52.4873890+08:00, 0, -0.07588875, 4.17663, 1, 1, 1, False
342.3197, 2021-06-16T10:45:52.4934180+08:00, 0, -0.07588875, 4.17663, 1, 1, 1, False
342.3343, 2021-06-16T10:45:52.5080160+08:00, 0, -0.07588875, 4.17663, 1, 1, 1, False
342.3377, 2021-06-16T10:45:52.5112420+08:00, 0, -0.07588875, 4.17663, 1, 1, 1, False
342.3416, 2021-06-16T10:45:52.5151760+08:00, 0, -0.07588875, 4.17663, 1, 1, 1, False
342.3456, 2021-06-16T10:45:52.5190990+08:00, 0, -0.07588875, 4.17663, 1, 1, 1, False
342.35, 2021-06-16T10:45:52.5235590+08:00, 0, -0.07588875, 4.17663, 1, 1, 1, False
342.3536, 2021-06-16T10:45:52.5271500+08:00, 0, -0.07588875, 4.17663, 1, 1, 1, False
342.3854, 2021-06-16T10:45:52.5589830+08:00, 0, -0.07588875, 4.17663, 1, 1, 1, False
342.3893, 2021-06-16T10:45:52.5628540+08:00, 0, -0.07588875, 4.17663, 1, 1, 1, False
342.3937, 2021-06-16T10:45:52.5671910+08:00, 0, -0.07588875, 4.17663, 1, 1, 1, False
342.3976, 2021-06-16T10:45:52.5711710+08:00, 0, -0.07588875, 4.17663, 1, 1, 1, False
342.4014, 2021-06-16T10:45:52.5749790+08:00, 0, -0.07588875, 4.17663, 1, 1, 1, False
342.4055, 2021-06-16T10:45:52.5790500+08:00, 0, -0.07588875, 4.17663, 1, 1, 1, False
342.4095, 2021-06-16T10:45:52.5829720+08:00, 0, -0.07588875, 4.17663, 1, 1, 1, False
342.4135, 2021-06-16T10:45:52.5870300+08:00, 0, -0.07588875, 4.17663, 1, 1, 1, False
342.4176, 2021-06-16T10:45:52.5911150+08:00, 0, -0.07588875, 4.17663, 1, 1, 1, False
342.4215, 2021-06-16T10:45:52.5951070+08:00, 0, -0.07588875, 4.17663, 1, 1, 1, False
342.4255, 2021-06-16T10:45:52.5990030+08:00, 0, -0.07588875, 4.17663, 1, 1, 1, False
342.4295, 2021-06-16T10:45:52.6030050+08:00, 0, -0.07588875, 4.17663, 1, 1, 1, False
342.4332, 2021-06-16T10:45:52.6067210+08:00, 0, -0.07588875, 4.17663, 1, 1, 1, False
342.4376, 2021-06-16T10:45:52.6111420+08:00, 0, -0.07588875, 4.17663, 1, 1, 1, False
342.4417, 2021-06-16T10:45:52.6152200+08:00, 0, -0.07588875, 4.17663, 1, 1, 1, False
342.4456, 2021-06-16T10:45:52.6191970+08:00, 0, -0.07588875, 4.17663, 1, 1, 1, False
342.4494, 2021-06-16T10:45:52.6229220+08:00, 0, -0.07588875, 4.17663, 1, 1, 1, False
342.4537, 2021-06-16T10:45:52.6274190+08:00, 0, -0.07588875, 4.17663, 1, 1, 1, False
342.4575, 2021-06-16T10:45:52.6309620+08:00, 0, -0.07588875, 4.17663, 1, 1, 1, False
342.4615, 2021-06-16T10:45:52.6392060+08:00, 0, -0.07588875, 4.17663, 1, 1, 1, False
342.4695, 2021-06-16T10:45:52.6459960+08:00, 0, -0.07588875, 4.17663, 1, 1, 1, False
342.4732, 2021-06-16T10:45:52.6498070+08:00, 0, -0.07588875, 4.17663, 1, 1, 1, False
342.4772, 2021-06-16T10:45:52.6537810+08:00, 0, -0.07588875, 4.17663, 1, 1, 1, False
342.4813, 2021-06-16T10:45:52.6578420+08:00, 0, -0.07588875, 4.17663, 1, 1, 1, False
342.4851, 2021-06-16T10:45:52.6618780+08:00, 0, -0.07588875, 4.17663, 1, 1, 1, False
342.4937, 2021-06-16T10:45:52.6703460+08:00, 0, -0.07588875, 4.17663, 1, 1, 1, False
342.5054, 2021-06-16T10:45:52.6789490+08:00, 0, -0.07588875, 4.17663, 1, 1, 1, False
342.5096, 2021-06-16T10:45:52.6831210+08:00, 0, -0.07588875, 4.17663, 1, 1, 1, False
342.5135, 2021-06-16T10:45:52.6870430+08:00, 0, -0.07588875, 4.17663, 1, 1, 1, False
342.5176, 2021-06-16T10:45:52.6911570+08:00, 0, -0.07588875, 4.17663, 1, 1, 1, False
342.5217, 2021-06-16T10:45:52.6952010+08:00, 0, -0.07588875, 4.17663, 1, 1, 1, False
342.5496, 2021-06-16T10:45:52.7232000+08:00, 0, -0.07588875, 4.17663, 1, 1, 1, False
342.5535, 2021-06-16T10:45:52.7270400+08:00, 0, -0.07588875, 4.17663, 1, 1, 1, False
342.5572, 2021-06-16T10:45:52.7307230+08:00, 0, -0.07588875, 4.17663, 1, 1, 1, False
342.5613, 2021-06-16T10:45:52.7348680+08:00, 0, -0.07588875, 4.17663, 1, 1, 1, False
342.5656, 2021-06-16T10:45:52.7391080+08:00, 0, -0.07588875, 4.17663, 1, 1, 1, False
342.5697, 2021-06-16T10:45:52.7431920+08:00, 0, -0.07588875, 4.17663, 1, 1, 1, False
342.5735, 2021-06-16T10:45:52.7470300+08:00, 0, -0.07588875, 4.17663, 1, 1, 1, False
342.5775, 2021-06-16T10:45:52.7509570+08:00, 0, -0.07588875, 4.17663, 1, 1, 1, False
342.5812, 2021-06-16T10:45:52.7547640+08:00, 0, -0.07588875, 4.17663, 1, 1, 1, False
342.5857, 2021-06-16T10:45:52.7592100+08:00, 0, -0.07588875, 4.17663, 1, 1, 1, False
342.5895, 2021-06-16T10:45:52.7630410+08:00, 0, -0.07588875, 4.17663, 1, 1, 1, False
342.5938, 2021-06-16T10:45:52.7672730+08:00, 0, -0.07588875, 4.17663, 1, 1, 1, False
342.5975, 2021-06-16T10:45:52.7711320+08:00, 0, -0.07588875, 4.17663, 1, 1, 1, False
342.6014, 2021-06-16T10:45:52.7749760+08:00, 0, -0.07588875, 4.17663, 1, 1, 1, False
342.606, 2021-06-16T10:45:52.7795190+08:00, 0, -0.07588875, 4.17663, 1, 1, 1, False
342.6095, 2021-06-16T10:45:52.7829970+08:00, 0, -0.07588875, 4.17663, 1, 1, 1, False
342.6134, 2021-06-16T10:45:52.7869070+08:00, 0, -0.07588875, 4.17663, 1, 1, 1, False
342.618, 2021-06-16T10:45:52.7915760+08:00, 0, -0.07588875, 4.17663, 1, 1, 1, False
342.6244, 2021-06-16T10:45:52.7984030+08:00, 0, -0.07588875, 4.17663, 1, 1, 1, False
342.6399, 2021-06-16T10:45:52.8136660+08:00, 0, -0.07588875, 4.17663, 1, 1, 1, False
342.6541, 2021-06-16T10:45:52.8279430+08:00, 0, -0.07588875, 4.17663, 1, 1, 1, False
342.6684, 2021-06-16T10:45:52.8420680+08:00, 0, -0.07588875, 4.17663, 1, 1, 1, False
342.6831, 2021-06-16T10:45:52.8569130+08:00, 0, -0.07588875, 4.17663, 1, 1, 1, False
342.6982, 2021-06-16T10:45:52.8718330+08:00, 0, -0.07588875, 4.17663, 1, 1, 1, False
342.712, 2021-06-16T10:45:52.8859950+08:00, 0, -0.07588875, 4.17663, 1, 1, 1, False
342.7265, 2021-06-16T10:45:52.9002480+08:00, 0, -0.07588875, 4.17663, 1, 1, 1, False
342.7406, 2021-06-16T10:45:52.9144020+08:00, 0, -0.07588875, 4.17663, 1, 1, 1, False
342.7549, 2021-06-16T10:45:52.9287850+08:00, 0, -0.07588875, 4.17663, 1, 1, 1, False
342.7697, 2021-06-16T10:45:52.9435480+08:00, 0, -0.07588875, 4.17663, 1, 1, 1, False
342.784, 2021-06-16T10:45:52.9577980+08:00, 0, -0.07588875, 4.17663, 1, 1, 1, False
342.7983, 2021-06-16T10:45:52.9720070+08:00, 0, -0.07588875, 4.17663, 1, 1, 1, False
342.838, 2021-06-16T10:45:53.0115670+08:00, 0, -0.07588875, 4.17663, 1, 1, 1, False
342.8419, 2021-06-16T10:45:53.0154730+08:00, 0, -0.07588875, 4.17663, 1, 1, 1, False
342.8454, 2021-06-16T10:45:53.0189080+08:00, 0, -0.07588875, 4.17663, 1, 1, 1, False
342.8553, 2021-06-16T10:45:53.0290180+08:00, 0, -0.07588875, 4.17663, 1, 1, 1, False
342.8578, 2021-06-16T10:45:53.0313630+08:00, 0, -0.07588875, 4.17663, 1, 1, 1, False
342.8756, 2021-06-16T10:45:53.0492150+08:00, 0, -0.07588875, 4.17663, 1, 1, 1, False
342.8888, 2021-06-16T10:45:53.0624220+08:00, 0, -0.07588875, 4.17663, 1, 1, 1, False
342.9039, 2021-06-16T10:45:53.0776480+08:00, 0, -0.07588875, 4.17663, 1, 1, 1, False
342.9187, 2021-06-16T10:45:53.0924130+08:00, 0, -0.07588875, 4.17663, 1, 1, 1, False
342.9324, 2021-06-16T10:45:53.1062550+08:00, 0, -0.07588875, 4.17663, 1, 1, 1, False
342.9472, 2021-06-16T10:45:53.1210920+08:00, 0, -0.07588875, 4.17663, 1, 1, 1, False
342.9615, 2021-06-16T10:45:53.1352960+08:00, 0, -0.07588875, 4.17663, 1, 1, 1, False
342.9756, 2021-06-16T10:45:53.1493130+08:00, 0, -0.07588875, 4.17663, 1, 1, 1, False
342.9903, 2021-06-16T10:45:53.1640850+08:00, 0, -0.07588875, 4.17663, 1, 1, 1, False
343.0056, 2021-06-16T10:45:53.1792770+08:00, 0, -0.07588875, 4.17663, 1, 1, 1, False
343.0192, 2021-06-16T10:45:53.1929450+08:00, 0, -0.07588875, 4.17663, 1, 1, 1, False
343.0334, 2021-06-16T10:45:53.2071840+08:00, 0, -0.07588875, 4.17663, 1, 1, 1, False
343.0472, 2021-06-16T10:45:53.2210150+08:00, 0, -0.07588875, 4.17663, 1, 1, 1, False
343.0618, 2021-06-16T10:45:53.2355900+08:00, 0, -0.07588875, 4.17663, 1, 1, 1, False
343.0764, 2021-06-16T10:45:53.2502080+08:00, 0, -0.07588875, 4.17663, 1, 1, 1, False
343.0905, 2021-06-16T10:45:53.2642470+08:00, 0, -0.07588875, 4.17663, 1, 1, 1, False
343.1054, 2021-06-16T10:45:53.2790840+08:00, 0, -0.07588875, 4.17663, 1, 1, 1, False
343.1191, 2021-06-16T10:45:53.2928660+08:00, 0, -0.07588875, 4.17663, 1, 1, 1, False
343.1335, 2021-06-16T10:45:53.3072230+08:00, 0, -0.07588875, 4.17663, 1, 1, 1, False
343.1476, 2021-06-16T10:45:53.3211990+08:00, 0, -0.07588875, 4.17663, 1, 1, 1, False
343.1622, 2021-06-16T10:45:53.3359820+08:00, 0, -0.07588875, 4.17663, 1, 1, 1, False
343.1763, 2021-06-16T10:45:53.3498640+08:00, 0, -0.07588875, 4.17663, 1, 1, 1, False
343.1906, 2021-06-16T10:45:53.3644320+08:00, 0, -0.07588875, 4.17663, 1, 1, 1, False
343.205, 2021-06-16T10:45:53.3788360+08:00, 0, -0.07588875, 4.17663, 1, 1, 1, False
343.2193, 2021-06-16T10:45:53.3929590+08:00, 0, -0.07588875, 4.17663, 1, 1, 1, False
343.2338, 2021-06-16T10:45:53.4076060+08:00, 0, -0.07588875, 4.17663, 1, 1, 1, False
343.2737, 2021-06-16T10:45:53.4472960+08:00, 0, -0.07588875, 4.17663, 1, 1, 1, False
343.2773, 2021-06-16T10:45:53.4509050+08:00, 0, -0.07588875, 4.17663, 1, 1, 1, False
343.2813, 2021-06-16T10:45:53.4549640+08:00, 0, -0.07588875, 4.17663, 1, 1, 1, False
343.2856, 2021-06-16T10:45:53.4591100+08:00, 0, -0.07588875, 4.17663, 1, 1, 1, False
343.2895, 2021-06-16T10:45:53.4630270+08:00, 0, -0.07588875, 4.17663, 1, 1, 1, False
343.3895, 2021-06-16T10:45:53.6338810+08:00, 0, -0.07588875, 4.17663, 1, 1, 1, False
343.407, 2021-06-16T10:45:53.6511680+08:00, 0, -0.07588875, 4.17663, 1, 1, 1, False
343.4197, 2021-06-16T10:45:53.6707220+08:00, 0, -0.07588875, 4.17663, 1, 1, 1, False
343.4344, 2021-06-16T10:45:53.6755200+08:00, 0, -0.07588875, 4.17663, 1, 1, 1, False
343.4383, 2021-06-16T10:45:53.6793560+08:00, 0, -0.07588875, 4.17663, 1, 1, 1, False
343.4421, 2021-06-16T10:45:53.6831010+08:00, 0, -0.07588875, 4.17663, 1, 1, 1, False
343.4459, 2021-06-16T10:45:53.6868750+08:00, 0, -0.07588875, 4.17663, 1, 1, 1, False
343.4502, 2021-06-16T10:45:53.6912140+08:00, 0, -0.07588875, 4.17663, 1, 1, 1, False
343.4541, 2021-06-16T10:45:53.6950790+08:00, 0, -0.07588875, 4.17663, 1, 1, 1, False
343.4579, 2021-06-16T10:45:53.6989080+08:00, 0, -0.07588875, 4.17663, 1, 1, 1, False
343.462, 2021-06-16T10:45:53.7030310+08:00, 0, -0.07588875, 4.17663, 1, 1, 1, False
343.4661, 2021-06-16T10:45:53.7070800+08:00, 0, -0.07588875, 4.17663, 1, 1, 1, False
343.4698, 2021-06-16T10:45:53.7108480+08:00, 0, -0.07588875, 4.17663, 1, 1, 1, False
343.4739, 2021-06-16T10:45:53.7149060+08:00, 0, -0.07588875, 4.17663, 1, 1, 1, False
343.4778, 2021-06-16T10:45:53.7187930+08:00, 0, -0.07588875, 4.17663, 1, 1, 1, False
343.4818, 2021-06-16T10:45:53.7228880+08:00, 0, -0.07588875, 4.17663, 1, 1, 1, False
343.4863, 2021-06-16T10:45:53.7273340+08:00, 0, -0.07588875, 4.17663, 1, 1, 1, False
343.4899, 2021-06-16T10:45:53.7308620+08:00, 0, -0.07588875, 4.17663, 1, 1, 1, False
343.494, 2021-06-16T10:45:53.7349960+08:00, 0, -0.07588875, 4.17663, 1, 1, 1, False
343.498, 2021-06-16T10:45:53.7390860+08:00, 0, -0.07588875, 4.17663, 1, 1, 1, False
343.502, 2021-06-16T10:45:53.7430580+08:00, 0, -0.07588875, 4.17663, 1, 1, 1, False
343.506, 2021-06-16T10:45:53.7469830+08:00, 0, -0.07588875, 4.17663, 1, 1, 1, False
343.5101, 2021-06-16T10:45:53.7510870+08:00, 0, -0.07588875, 4.17663, 1, 1, 1, False
343.514, 2021-06-16T10:45:53.7551380+08:00, 0, -0.07588875, 4.17663, 1, 1, 1, False
343.5179, 2021-06-16T10:45:53.7589450+08:00, 0, -0.07588875, 4.17663, 1, 1, 1, False
343.5223, 2021-06-16T10:45:53.7633950+08:00, 0, -0.07588875, 4.17663, 1, 1, 1, False
343.5544, 2021-06-16T10:45:53.7954150+08:00, 0, -0.07588875, 4.17663, 1, 1, 1, False
343.5582, 2021-06-16T10:45:53.7992000+08:00, 0, -0.07588875, 4.17663, 1, 1, 1, False
343.5621, 2021-06-16T10:45:53.8031530+08:00, 0, -0.07588875, 4.17663, 1, 1, 1, False
343.5658, 2021-06-16T10:45:53.8067720+08:00, 0, -0.07588875, 4.17663, 1, 1, 1, False
343.57, 2021-06-16T10:45:53.8110430+08:00, 0, -0.07588875, 4.17663, 1, 1, 1, False
343.574, 2021-06-16T10:45:53.8149830+08:00, 0, -0.07588875, 4.17663, 1, 1, 1, False
343.5781, 2021-06-16T10:45:53.8191140+08:00, 0, -0.07588875, 4.17663, 1, 1, 1, False
343.5818, 2021-06-16T10:45:53.8228440+08:00, 0, -0.07588875, 4.17663, 1, 1, 1, False
343.5862, 2021-06-16T10:45:53.8272060+08:00, 0, -0.07588875, 4.17663, 1, 1, 1, False
343.5901, 2021-06-16T10:45:53.8310400+08:00, 0, -0.07588875, 4.17663, 1, 1, 1, False
343.5941, 2021-06-16T10:45:53.8350960+08:00, 0, -0.07588875, 4.17663, 1, 1, 1, False
343.5981, 2021-06-16T10:45:53.8390740+08:00, 0, -0.07588875, 4.17663, 1, 1, 1, False
343.6021, 2021-06-16T10:45:53.8431240+08:00, 0, -0.07588875, 4.17663, 1, 1, 1, False
343.606, 2021-06-16T10:45:53.8470330+08:00, 0, -0.07588875, 4.17663, 1, 1, 1, False
343.6103, 2021-06-16T10:45:53.8512380+08:00, 0, -0.07588875, 4.17663, 1, 1, 1, False
343.6141, 2021-06-16T10:45:53.8551610+08:00, 0, -0.07588875, 4.17663, 1, 1, 1, False
343.6182, 2021-06-16T10:45:53.8592200+08:00, 0, -0.07588875, 4.17663, 1, 1, 1, False
343.6219, 2021-06-16T10:45:53.8629100+08:00, 0, -0.07588875, 4.17663, 1, 1, 1, False
343.6261, 2021-06-16T10:45:53.8670570+08:00, 0, -0.07588875, 4.17663, 1, 1, 1, False
343.6302, 2021-06-16T10:45:53.8712760+08:00, 0, -0.07588875, 4.17663, 1, 1, 1, False
343.6341, 2021-06-16T10:45:53.8751170+08:00, 0, -0.07588875, 4.17663, 1, 1, 1, False
343.6381, 2021-06-16T10:45:53.8791210+08:00, 0, -0.07588875, 4.17663, 1, 1, 1, False
343.6422, 2021-06-16T10:45:53.8831750+08:00, 0, -0.07588875, 4.17663, 1, 1, 1, False
343.6461, 2021-06-16T10:45:53.8870520+08:00, 0, -0.07588875, 4.17663, 1, 1, 1, False
343.6498, 2021-06-16T10:45:53.8908740+08:00, 0, -0.07588875, 4.17663, 1, 1, 1, False
343.6541, 2021-06-16T10:45:53.8951310+08:00, 0, -0.07588875, 4.17663, 1, 1, 1, False
343.658, 2021-06-16T10:45:53.8989920+08:00, 0, -0.07588875, 4.17663, 1, 1, 1, False
343.6624, 2021-06-16T10:45:53.9033990+08:00, 0, -0.07588875, 4.17663, 1, 1, 1, False
343.6659, 2021-06-16T10:45:53.9068810+08:00, 0, -0.07588875, 4.17663, 1, 1, 1, False
343.6702, 2021-06-16T10:45:53.9111550+08:00, 0, -0.07588875, 4.17663, 1, 1, 1, False
343.674, 2021-06-16T10:45:53.9150340+08:00, 0, -0.07588875, 4.17663, 1, 1, 1, False
343.7062, 2021-06-16T10:45:53.9473510+08:00, 0, -0.07588875, 4.17663, 1, 1, 1, False
343.7101, 2021-06-16T10:45:53.9511250+08:00, 0, -0.07588875, 4.17663, 1, 1, 1, False
343.714, 2021-06-16T10:45:53.9549940+08:00, 0, -0.07588875, 4.17663, 1, 1, 1, False
343.718, 2021-06-16T10:45:53.9590450+08:00, 0, -0.07588875, 4.17663, 1, 1, 1, False
343.7222, 2021-06-16T10:45:53.9632090+08:00, 0, -0.07588875, 4.17663, 1, 1, 1, False
343.726, 2021-06-16T10:45:53.9670350+08:00, 0, -0.07588875, 4.17663, 1, 1, 1, False
343.7299, 2021-06-16T10:45:53.9709360+08:00, 0, -0.07588875, 4.17663, 1, 1, 1, False
343.734, 2021-06-16T10:45:53.9750370+08:00, 0, -0.07588875, 4.17663, 1, 1, 1, False
343.7376, 2021-06-16T10:45:53.9785750+08:00, 0, -0.07588875, 4.17663, 1, 1, 1, False
343.7419, 2021-06-16T10:45:53.9829620+08:00, 0, -0.07588875, 4.17663, 1, 1, 1, False
343.7461, 2021-06-16T10:45:53.9870780+08:00, 0, -0.07588875, 4.17663, 1, 1, 1, False
343.7498, 2021-06-16T10:45:53.9908330+08:00, 0, -0.07588875, 4.17663, 1, 1, 1, False
343.7539, 2021-06-16T10:45:53.9949530+08:00, 0, -0.07588875, 4.17663, 1, 1, 1, False
343.7581, 2021-06-16T10:45:53.9990850+08:00, 0, -0.07588875, 4.17663, 1, 1, 1, False
343.7619, 2021-06-16T10:45:54.0029660+08:00, 0, -0.07588875, 4.17663, 1, 1, 1, False
343.7662, 2021-06-16T10:45:54.0073220+08:00, 0, -0.07588875, 4.17663, 1, 1, 1, False
343.7701, 2021-06-16T10:45:54.0110500+08:00, 0, -0.07588875, 4.17663, 1, 1, 1, False
343.7738, 2021-06-16T10:45:54.0148020+08:00, 0, -0.07588875, 4.17663, 1, 1, 1, False
343.7782, 2021-06-16T10:45:54.0191590+08:00, 0, -0.07588875, 4.17663, 1, 1, 1, False
343.7819, 2021-06-16T10:45:54.0229580+08:00, 0, -0.07588875, 4.17663, 1, 1, 1, False
343.786, 2021-06-16T10:45:54.0270150+08:00, 0, -0.07588875, 4.17663, 1, 1, 1, False
343.7901, 2021-06-16T10:45:54.0310680+08:00, 0, -0.07588875, 4.17663, 1, 1, 1, False
343.7938, 2021-06-16T10:45:54.0347970+08:00, 0, -0.07588875, 4.17663, 1, 1, 1, False
343.7982, 2021-06-16T10:45:54.0392430+08:00, 0, -0.07588875, 4.17663, 1, 1, 1, False
343.8021, 2021-06-16T10:45:54.0431590+08:00, 0, -0.07588875, 4.17663, 1, 1, 1, False
343.806, 2021-06-16T10:45:54.0469740+08:00, 0, -0.07588875, 4.17663, 1, 1, 1, False
343.8102, 2021-06-16T10:45:54.0511620+08:00, 0, -0.07588875, 4.17663, 1, 1, 1, False
343.814, 2021-06-16T10:45:54.0549790+08:00, 0, -0.07588875, 4.17663, 1, 1, 1, False
343.8182, 2021-06-16T10:45:54.0591840+08:00, 0, -0.07588875, 4.17663, 1, 1, 1, False
343.822, 2021-06-16T10:45:54.0630250+08:00, 0, -0.07588875, 4.17663, 1, 1, 1, False
343.8262, 2021-06-16T10:45:54.0672280+08:00, 0, -0.07588875, 4.17663, 1, 1, 1, False
343.8661, 2021-06-16T10:45:54.1071460+08:00, 0, -0.07588875, 4.17663, 1, 1, 1, False
343.8701, 2021-06-16T10:45:54.1111140+08:00, 0, -0.07588875, 4.17663, 1, 1, 1, False
343.8742, 2021-06-16T10:45:54.1151820+08:00, 0, -0.07588875, 4.17663, 1, 1, 1, False
343.8779, 2021-06-16T10:45:54.1189000+08:00, 0, -0.07588875, 4.17663, 1, 1, 1, False
343.8819, 2021-06-16T10:45:54.1229160+08:00, 0, -0.07588875, 4.17663, 1, 1, 1, False
343.886, 2021-06-16T10:45:54.1270240+08:00, 0, -0.07588875, 4.17663, 1, 1, 1, False
343.8898, 2021-06-16T10:45:54.1307620+08:00, 0, -0.07588875, 4.17663, 1, 1, 1, False
343.8941, 2021-06-16T10:45:54.1351410+08:00, 0, -0.07588875, 4.17663, 1, 1, 1, False
343.898, 2021-06-16T10:45:54.1390550+08:00, 0, -0.07588875, 4.17663, 1, 1, 1, False
343.9018, 2021-06-16T10:45:54.1428360+08:00, 0, -0.07588875, 4.17663, 1, 1, 1, False
343.906, 2021-06-16T10:45:54.1470180+08:00, 0, -0.07588875, 4.17663, 1, 1, 1, False
343.9099, 2021-06-16T10:45:54.1509380+08:00, 0, -0.07588875, 4.17663, 1, 1, 1, False
343.9141, 2021-06-16T10:45:54.1551410+08:00, 0, -0.07588875, 4.17663, 1, 1, 1, False
343.9182, 2021-06-16T10:45:54.1591510+08:00, 0, -0.07588875, 4.17663, 1, 1, 1, False
343.9221, 2021-06-16T10:45:54.1631530+08:00, 0, -0.07588875, 4.17663, 1, 1, 1, False
343.926, 2021-06-16T10:45:54.1669980+08:00, 0, -0.07588875, 4.17663, 1, 1, 1, False
343.9301, 2021-06-16T10:45:54.1711130+08:00, 0, -0.07588875, 4.17663, 1, 1, 1, False
343.9343, 2021-06-16T10:45:54.1753100+08:00, 0, -0.07588875, 4.17663, 1, 1, 1, False
343.938, 2021-06-16T10:45:54.1790210+08:00, 0, -0.07588875, 4.17663, 1, 1, 1, False
343.9417, 2021-06-16T10:45:54.1827040+08:00, 0, -0.07588875, 4.17663, 1, 1, 1, False
343.9462, 2021-06-16T10:45:54.1871570+08:00, 0, -0.07588875, 4.17663, 1, 1, 1, False
343.9501, 2021-06-16T10:45:54.1911040+08:00, 0, -0.07588875, 4.17663, 1, 1, 1, False
343.954, 2021-06-16T10:45:54.1950120+08:00, 0, -0.07588875, 4.17663, 1, 1, 1, False
343.9581, 2021-06-16T10:45:54.1990810+08:00, 0, -0.07588875, 4.17663, 1, 1, 1, False
343.962, 2021-06-16T10:45:54.2030620+08:00, 0, -0.07588875, 4.17663, 1, 1, 1, False
343.9658, 2021-06-16T10:45:54.2068100+08:00, 0, -0.07588875, 4.17663, 1, 1, 1, False
343.9703, 2021-06-16T10:45:54.2113450+08:00, 0, -0.07588875, 4.17663, 1, 1, 1, False
343.9739, 2021-06-16T10:45:54.2148810+08:00, 0, -0.07588875, 4.17663, 1, 1, 1, False
343.9781, 2021-06-16T10:45:54.2190750+08:00, 0, -0.07588875, 4.17663, 1, 1, 1, False
343.9821, 2021-06-16T10:45:54.2231320+08:00, 0, -0.07588875, 4.17663, 1, 1, 1, False
343.9862, 2021-06-16T10:45:54.2271890+08:00, 0, -0.07588875, 4.17663, 1, 1, 1, False
344.022, 2021-06-16T10:45:54.2630810+08:00, 0, -0.07588875, 4.17663, 1, 1, 1, False
344.0259, 2021-06-16T10:45:54.2669240+08:00, 0, -0.07588875, 4.17663, 1, 1, 1, False
344.0299, 2021-06-16T10:45:54.2709360+08:00, 0, -0.07588875, 4.17663, 1, 1, 1, False
344.0339, 2021-06-16T10:45:54.2749020+08:00, 0, -0.07588875, 4.17663, 1, 1, 1, False
344.0379, 2021-06-16T10:45:54.2789280+08:00, 0, -0.07588875, 4.17663, 1, 1, 1, False
344.042, 2021-06-16T10:45:54.2830390+08:00, 0, -0.07588875, 4.17663, 1, 1, 1, False
344.0669, 2021-06-16T10:45:54.3079850+08:00, 0, -0.07588875, 4.17663, 1, 1, 1, False
344.0915, 2021-06-16T10:45:54.3325820+08:00, 0, -0.07588875, 4.17663, 1, 1, 1, False
344.0981, 2021-06-16T10:45:54.3391850+08:00, 0, -0.07588875, 4.17663, 1, 1, 1, False
344.1019, 2021-06-16T10:45:54.3429650+08:00, 0, -0.07588875, 4.17663, 1, 1, 1, False
344.1062, 2021-06-16T10:45:54.3471620+08:00, 0, -0.07588875, 4.17663, 1, 1, 1, False
344.1101, 2021-06-16T10:45:54.3510730+08:00, 0, -0.07588875, 4.17663, 1, 1, 1, False
344.1139, 2021-06-16T10:45:54.3549380+08:00, 0, -0.07588875, 4.17663, 1, 1, 1, False
344.1181, 2021-06-16T10:45:54.3591180+08:00, 0, -0.07588875, 4.17663, 1, 1, 1, False
344.1221, 2021-06-16T10:45:54.3631850+08:00, 0, -0.07588875, 4.17663, 1, 1, 1, False
344.1262, 2021-06-16T10:45:54.3671750+08:00, 0, -0.07588875, 4.17663, 1, 1, 1, False
344.13, 2021-06-16T10:45:54.3710080+08:00, 0, -0.07588875, 4.17663, 1, 1, 1, False
344.1338, 2021-06-16T10:45:54.3747870+08:00, 0, -0.07588875, 4.17663, 1, 1, 1, False
344.1383, 2021-06-16T10:45:54.3793190+08:00, 0, -0.07588875, 4.17663, 1, 1, 1, False
344.1421, 2021-06-16T10:45:54.3830710+08:00, 0, -0.07588875, 4.17663, 1, 1, 1, False
344.1462, 2021-06-16T10:45:54.3872110+08:00, 0, -0.07588875, 4.17663, 1, 1, 1, False
344.15, 2021-06-16T10:45:54.3910060+08:00, 0, -0.07588875, 4.17663, 1, 1, 1, False
344.1541, 2021-06-16T10:45:54.3951030+08:00, 0, -0.07588875, 4.17663, 1, 1, 1, False
344.1582, 2021-06-16T10:45:54.3991850+08:00, 0, -0.07588875, 4.17663, 1, 1, 1, False
344.1618, 2021-06-16T10:45:54.4028150+08:00, 0, -0.07588875, 4.17663, 1, 1, 1, False
344.1658, 2021-06-16T10:45:54.4068370+08:00, 0, -0.07588875, 4.17663, 1, 1, 1, False
344.1704, 2021-06-16T10:45:54.4114240+08:00, 0, -0.07588875, 4.17663, 1, 1, 1, False
344.174, 2021-06-16T10:45:54.4150380+08:00, 0, -0.07588875, 4.17663, 1, 1, 1, False
344.1779, 2021-06-16T10:45:54.4189210+08:00, 0, -0.07588875, 4.17663, 1, 1, 1, False
344.1822, 2021-06-16T10:45:54.4232140+08:00, 0, -0.07588875, 4.17663, 1, 1, 1, False
344.1862, 2021-06-16T10:45:54.4272240+08:00, 0, -0.07588875, 4.17663, 1, 1, 1, False
344.2264, 2021-06-16T10:45:54.4674350+08:00, 0, -0.07588875, 4.17663, 1, 1, 1, False
344.2301, 2021-06-16T10:45:54.4710780+08:00, 0, -0.07588875, 4.17663, 1, 1, 1, False
344.2339, 2021-06-16T10:45:54.4749460+08:00, 0, -0.07588875, 4.17663, 1, 1, 1, False
344.2387, 2021-06-16T10:45:54.4796890+08:00, 0, -0.07588875, 4.17663, 1, 1, 1, False
344.242, 2021-06-16T10:45:54.4830920+08:00, 0, -0.07588875, 4.17663, 1, 1, 1, False
344.2458, 2021-06-16T10:45:54.4868630+08:00, 0, -0.07588875, 4.17663, 1, 1, 1, False
344.25, 2021-06-16T10:45:54.4910090+08:00, 0, -0.07588875, 4.17663, 1, 1, 1, False
344.2538, 2021-06-16T10:45:54.4948160+08:00, 0, -0.07588875, 4.17663, 1, 1, 1, False
344.2578, 2021-06-16T10:45:54.4988110+08:00, 0, -0.07588875, 4.17663, 1, 1, 1, False
344.2623, 2021-06-16T10:45:54.5033410+08:00, 0, -0.07588875, 4.17663, 1, 1, 1, False
344.2658, 2021-06-16T10:45:54.5068750+08:00, 0, -0.07588875, 4.17663, 1, 1, 1, False
344.2702, 2021-06-16T10:45:54.5112390+08:00, 0, -0.07588875, 4.17663, 1, 1, 1, False
344.2741, 2021-06-16T10:45:54.5150740+08:00, 0, -0.07588875, 4.17663, 1, 1, 1, False
344.2781, 2021-06-16T10:45:54.5190600+08:00, 0, -0.07588875, 4.17663, 1, 1, 1, False
344.2821, 2021-06-16T10:45:54.5232360+08:00, 0, -0.07588875, 4.17663, 1, 1, 1, False
344.2898, 2021-06-16T10:45:54.5308970+08:00, 0, -0.07588875, 4.17663, 1, 1, 1, False
344.2943, 2021-06-16T10:45:54.5353350+08:00, 0, -0.07588875, 4.17663, 1, 1, 1, False
344.3079, 2021-06-16T10:45:54.5492870+08:00, 0, -0.07588875, 4.17663, 1, 1, 1, False
344.3101, 2021-06-16T10:45:54.5510680+08:00, 0, -0.07588875, 4.17663, 1, 1, 1, False
344.3245, 2021-06-16T10:45:54.5657550+08:00, 0, -0.07588875, 4.17663, 1, 1, 1, False
344.3264, 2021-06-16T10:45:54.5674140+08:00, 0, -0.07588875, 4.17663, 1, 1, 1, False
344.33, 2021-06-16T10:45:54.5710360+08:00, 0, -0.07588875, 4.17663, 1, 1, 1, False
344.3415, 2021-06-16T10:45:54.5827710+08:00, 0, -0.07588875, 4.17663, 1, 1, 1, False
344.3466, 2021-06-16T10:45:54.5876590+08:00, 0, -0.07588875, 4.17663, 1, 1, 1, False
344.3574, 2021-06-16T10:45:54.5984990+08:00, 0, -0.07588875, 4.17663, 1, 1, 1, False
344.3732, 2021-06-16T10:45:54.6143790+08:00, 0, -0.07588875, 4.17663, 1, 1, 1, False
344.3889, 2021-06-16T10:45:54.6302590+08:00, 0, -0.07588875, 4.17663, 1, 1, 1, False
344.4043, 2021-06-16T10:45:54.6456240+08:00, 0, -0.07588875, 4.17663, 1, 1, 1, False
344.4106, 2021-06-16T10:45:54.6515640+08:00, 0, -0.07588875, 4.17663, 1, 1, 1, False
344.4156, 2021-06-16T10:45:54.6566210+08:00, 0, -0.07588875, 4.17663, 1, 1, 1, False
344.4185, 2021-06-16T10:45:54.6595460+08:00, 0, -0.07588875, 4.17663, 1, 1, 1, False
344.463, 2021-06-16T10:45:54.7040570+08:00, 0, -0.07588875, 4.17663, 1, 1, 1, False
344.4658, 2021-06-16T10:45:54.7068710+08:00, 0, -0.07588875, 4.17663, 1, 1, 1, False
344.4702, 2021-06-16T10:45:54.7112730+08:00, 0, -0.07588875, 4.17663, 1, 1, 1, False
344.4742, 2021-06-16T10:45:54.7152380+08:00, 0, -0.07588875, 4.17663, 1, 1, 1, False
344.4781, 2021-06-16T10:45:54.7190470+08:00, 0, -0.07588875, 4.17663, 1, 1, 1, False
344.4819, 2021-06-16T10:45:54.7229660+08:00, 0, -0.07588875, 4.17663, 1, 1, 1, False
344.4862, 2021-06-16T10:45:54.7272330+08:00, 0, -0.07588875, 4.17663, 1, 1, 1, False
344.49, 2021-06-16T10:45:54.7310200+08:00, 0, -0.07588875, 4.17663, 1, 1, 1, False
344.4939, 2021-06-16T10:45:54.7348930+08:00, 0, -0.07588875, 4.17663, 1, 1, 1, False
344.4982, 2021-06-16T10:45:54.7391820+08:00, 0, -0.07588875, 4.17663, 1, 1, 1, False
344.502, 2021-06-16T10:45:54.7430590+08:00, 0, -0.07588875, 4.17663, 1, 1, 1, False
344.506, 2021-06-16T10:45:54.7469590+08:00, 0, -0.07588875, 4.17663, 1, 1, 1, False
344.5102, 2021-06-16T10:45:54.7512560+08:00, 0, -0.07588875, 4.17663, 1, 1, 1, False
344.5138, 2021-06-16T10:45:54.7547800+08:00, 0, -0.07588875, 4.17663, 1, 1, 1, False
344.5176, 2021-06-16T10:45:54.7587590+08:00, 0, -0.07588875, 4.17663, 1, 1, 1, False
344.5407, 2021-06-16T10:45:54.7817660+08:00, 0, -0.07588875, 4.17663, 1, 1, 1, False
344.5465, 2021-06-16T10:45:54.7875180+08:00, 0, -0.07588875, 4.17663, 1, 1, 1, False
344.5501, 2021-06-16T10:45:54.7912510+08:00, 0, -0.07588875, 4.17663, 1, 1, 1, False
344.554, 2021-06-16T10:45:54.7950090+08:00, 0, -0.07588875, 4.17663, 1, 1, 1, False
344.5579, 2021-06-16T10:45:54.7989110+08:00, 0, -0.07588875, 4.17663, 1, 1, 1, False
344.5622, 2021-06-16T10:45:54.8032510+08:00, 0, -0.07588875, 4.17663, 1, 1, 1, False
344.5661, 2021-06-16T10:45:54.8070750+08:00, 0, -0.07588875, 4.17663, 1, 1, 1, False
344.5699, 2021-06-16T10:45:54.8109030+08:00, 0, -0.07588875, 4.17663, 1, 1, 1, False
344.5742, 2021-06-16T10:45:54.8152270+08:00, 0, -0.07588875, 4.17663, 1, 1, 1, False
344.5791, 2021-06-16T10:45:54.8201400+08:00, 0, -0.07588875, 4.17663, 1, 1, 1, False
344.5818, 2021-06-16T10:45:54.8228740+08:00, 0, -0.07588875, 4.17663, 1, 1, 1, False
344.5863, 2021-06-16T10:45:54.8273250+08:00, 0, -0.07588875, 4.17663, 1, 1, 1, False
344.5901, 2021-06-16T10:45:54.8311640+08:00, 0, -0.07588875, 4.17663, 1, 1, 1, False
344.5941, 2021-06-16T10:45:54.8351350+08:00, 0, -0.07588875, 4.17663, 1, 1, 1, False
344.5982, 2021-06-16T10:45:54.8392080+08:00, 0, -0.07588875, 4.17663, 1, 1, 1, False
344.6019, 2021-06-16T10:45:54.8429550+08:00, 0, -0.07588875, 4.17663, 1, 1, 1, False
344.6382, 2021-06-16T10:45:54.8792540+08:00, 0, -0.07588875, 4.17663, 1, 1, 1, False
344.6421, 2021-06-16T10:45:54.8831190+08:00, 0, -0.07588875, 4.17663, 1, 1, 1, False
344.6461, 2021-06-16T10:45:54.8871080+08:00, 0, -0.07588875, 4.17663, 1, 1, 1, False
344.6498, 2021-06-16T10:45:54.8909160+08:00, 0, -0.07588875, 4.17663, 1, 1, 1, False
344.6541, 2021-06-16T10:45:54.8951000+08:00, 0, -0.07588875, 4.17663, 1, 1, 1, False
344.6581, 2021-06-16T10:45:54.8991380+08:00, 0, -0.07588875, 4.17663, 1, 1, 1, False
344.6621, 2021-06-16T10:45:54.9031160+08:00, 0, -0.07588875, 4.17663, 1, 1, 1, False
344.666, 2021-06-16T10:45:54.9070250+08:00, 0, -0.07588875, 4.17663, 1, 1, 1, False
344.67, 2021-06-16T10:45:54.9110490+08:00, 0, -0.07588875, 4.17663, 1, 1, 1, False
344.6738, 2021-06-16T10:45:54.9148050+08:00, 0, -0.07588875, 4.17663, 1, 1, 1, False
344.6782, 2021-06-16T10:45:54.9192140+08:00, 0, -0.07588875, 4.17663, 1, 1, 1, False
344.6819, 2021-06-16T10:45:54.9229610+08:00, 0, -0.07588875, 4.17663, 1, 1, 1, False
344.686, 2021-06-16T10:45:54.9269920+08:00, 0, -0.07588875, 4.17663, 1, 1, 1, False
344.69, 2021-06-16T10:45:54.9310010+08:00, 0, -0.07588875, 4.17663, 1, 1, 1, False
344.6942, 2021-06-16T10:45:54.9351500+08:00, 0, -0.07588875, 4.17663, 1, 1, 1, False
344.6982, 2021-06-16T10:45:54.9391620+08:00, 0, -0.07588875, 4.17663, 1, 1, 1, False
344.7021, 2021-06-16T10:45:54.9430720+08:00, 0, -0.07588875, 4.17663, 1, 1, 1, False
344.706, 2021-06-16T10:45:54.9470210+08:00, 0, -0.07588875, 4.17663, 1, 1, 1, False
344.7102, 2021-06-16T10:45:54.9511730+08:00, 0, -0.07588875, 4.17663, 1, 1, 1, False
344.7138, 2021-06-16T10:45:54.9548030+08:00, 0, -0.07588875, 4.17663, 1, 1, 1, False
344.7182, 2021-06-16T10:45:54.9591660+08:00, 0, -0.07588875, 4.17663, 1, 1, 1, False
344.7222, 2021-06-16T10:45:54.9632010+08:00, 0, -0.07588875, 4.17663, 1, 1, 1, False
344.7258, 2021-06-16T10:45:54.9667560+08:00, 0, -0.07588875, 4.17663, 1, 1, 1, False
344.7298, 2021-06-16T10:45:54.9708360+08:00, 0, -0.07588875, 4.17663, 1, 1, 1, False
344.7342, 2021-06-16T10:45:54.9752050+08:00, 0, -0.07588875, 4.17663, 1, 1, 1, False
344.7381, 2021-06-16T10:45:54.9790660+08:00, 0, -0.07588875, 4.17663, 1, 1, 1, False
344.742, 2021-06-16T10:45:54.9830870+08:00, 0, -0.07588875, 4.17663, 1, 1, 1, False
344.7463, 2021-06-16T10:45:54.9873040+08:00, 0, -0.07588875, 4.17663, 1, 1, 1, False
344.7501, 2021-06-16T10:45:54.9910540+08:00, 0, -0.07588875, 4.17663, 1, 1, 1, False
344.754, 2021-06-16T10:45:54.9949690+08:00, 0, -0.07588875, 4.17663, 1, 1, 1, False
344.7583, 2021-06-16T10:45:54.9992900+08:00, 0, -0.07588875, 4.17663, 1, 1, 1, False
344.7948, 2021-06-16T10:45:55.0358980+08:00, 0, -0.07588875, 4.17663, 1, 1, 1, False
344.7983, 2021-06-16T10:45:55.0393580+08:00, 0, -0.07588875, 4.17663, 1, 1, 1, False
344.8019, 2021-06-16T10:45:55.0429470+08:00, 0, -0.07588875, 4.17663, 1, 1, 1, False
344.8062, 2021-06-16T10:45:55.0472180+08:00, 0, -0.07588875, 4.17663, 1, 1, 1, False
344.8102, 2021-06-16T10:45:55.0511440+08:00, 0, -0.07588875, 4.17663, 1, 1, 1, False
344.814, 2021-06-16T10:45:55.0550220+08:00, 0, -0.07588875, 4.17663, 1, 1, 1, False
344.8181, 2021-06-16T10:45:55.0591120+08:00, 0, -0.07588875, 4.17663, 1, 1, 1, False
344.8221, 2021-06-16T10:45:55.0630890+08:00, 0, -0.07588875, 4.17663, 1, 1, 1, False
344.8301, 2021-06-16T10:45:55.0711040+08:00, 0, -0.07588875, 4.17663, 1, 1, 1, False
344.834, 2021-06-16T10:45:55.0750850+08:00, 0, -0.07588875, 4.17663, 1, 1, 1, False
344.8382, 2021-06-16T10:45:55.0791980+08:00, 0, -0.07588875, 4.17663, 1, 1, 1, False
344.842, 2021-06-16T10:45:55.0830550+08:00, 0, -0.07588875, 4.17663, 1, 1, 1, False
344.8463, 2021-06-16T10:45:55.0873280+08:00, 0, -0.07588875, 4.17663, 1, 1, 1, False
344.8501, 2021-06-16T10:45:55.0910940+08:00, 0, -0.07588875, 4.17663, 1, 1, 1, False
344.854, 2021-06-16T10:45:55.0951100+08:00, 0, -0.07588875, 4.17663, 1, 1, 1, False
344.8584, 2021-06-16T10:45:55.0994430+08:00, 0, -0.07588875, 4.17663, 1, 1, 1, False
344.8618, 2021-06-16T10:45:55.1027570+08:00, 0, -0.07588875, 4.17663, 1, 1, 1, False
344.8662, 2021-06-16T10:45:55.1072690+08:00, 0, -0.07588875, 4.17663, 1, 1, 1, False
344.87, 2021-06-16T10:45:55.1111390+08:00, 0, -0.07588875, 4.17663, 1, 1, 1, False
344.8741, 2021-06-16T10:45:55.1150540+08:00, 0, -0.07588875, 4.17663, 1, 1, 1, False
344.8782, 2021-06-16T10:45:55.1192530+08:00, 0, -0.07588875, 4.17663, 1, 1, 1, False
344.882, 2021-06-16T10:45:55.1229930+08:00, 0, -0.07588875, 4.17663, 1, 1, 1, False
344.886, 2021-06-16T10:45:55.1270580+08:00, 0, -0.07588875, 4.17663, 1, 1, 1, False
344.8902, 2021-06-16T10:45:55.1311920+08:00, 0, -0.07588875, 4.17663, 1, 1, 1, False
344.8937, 2021-06-16T10:45:55.1346450+08:00, 0, -0.07588875, 4.17663, 1, 1, 1, False
344.8983, 2021-06-16T10:45:55.1392400+08:00, 0, -0.07588875, 4.17663, 1, 1, 1, False
344.902, 2021-06-16T10:45:55.1429800+08:00, 0, -0.07588875, 4.17663, 1, 1, 1, False
344.9061, 2021-06-16T10:45:55.1470640+08:00, 0, -0.07588875, 4.17663, 1, 1, 1, False
344.9097, 2021-06-16T10:45:55.1507290+08:00, 0, -0.07588875, 4.17663, 1, 1, 1, False
344.9138, 2021-06-16T10:45:55.1547840+08:00, 0, -0.07588875, 4.17663, 1, 1, 1, False
344.918, 2021-06-16T10:45:55.1590460+08:00, 0, -0.07588875, 4.17663, 1, 1, 1, False
344.9584, 2021-06-16T10:45:55.1994460+08:00, 0, -0.07588875, 4.17663, 1, 1, 1, False
344.9619, 2021-06-16T10:45:55.2029500+08:00, 0, -0.07588875, 4.17663, 1, 1, 1, False
344.966, 2021-06-16T10:45:55.2070180+08:00, 0, -0.07588875, 4.17663, 1, 1, 1, False
344.97, 2021-06-16T10:45:55.2110220+08:00, 0, -0.07588875, 4.17663, 1, 1, 1, False
344.9741, 2021-06-16T10:45:55.2151050+08:00, 0, -0.07588875, 4.17663, 1, 1, 1, False
344.9781, 2021-06-16T10:45:55.2190550+08:00, 0, -0.07588875, 4.17663, 1, 1, 1, False
344.9819, 2021-06-16T10:45:55.2229460+08:00, 0, -0.07588875, 4.17663, 1, 1, 1, False
344.9861, 2021-06-16T10:45:55.2271260+08:00, 0, -0.07588875, 4.17663, 1, 1, 1, False
344.9901, 2021-06-16T10:45:55.2310400+08:00, 0, -0.07588875, 4.17663, 1, 1, 1, False
344.994, 2021-06-16T10:45:55.2349990+08:00, 0, -0.07588875, 4.17663, 1, 1, 1, False
344.9977, 2021-06-16T10:45:55.2386880+08:00, 0, -0.07588875, 4.17663, 1, 1, 1, False
345.002, 2021-06-16T10:45:55.2429710+08:00, 0, -0.07588875, 4.17663, 1, 1, 1, False
345.0061, 2021-06-16T10:45:55.2471230+08:00, 0, -0.07588875, 4.17663, 1, 1, 1, False
345.0098, 2021-06-16T10:45:55.2507550+08:00, 0, -0.07588875, 4.17663, 1, 1, 1, False
345.0139, 2021-06-16T10:45:55.2549000+08:00, 0, -0.07588875, 4.17663, 1, 1, 1, False
345.0179, 2021-06-16T10:45:55.2589710+08:00, 0, -0.07588875, 4.17663, 1, 1, 1, False
345.0219, 2021-06-16T10:45:55.2629740+08:00, 0, -0.07588875, 4.17663, 1, 1, 1, False
345.0261, 2021-06-16T10:45:55.2670900+08:00, 0, -0.07588875, 4.17663, 1, 1, 1, False
345.0301, 2021-06-16T10:45:55.2710690+08:00, 0, -0.07588875, 4.17663, 1, 1, 1, False
345.0341, 2021-06-16T10:45:55.2752390+08:00, 0, -0.07588875, 4.17663, 1, 1, 1, False
345.0381, 2021-06-16T10:45:55.2790570+08:00, 0, -0.07588875, 4.17663, 1, 1, 1, False
345.042, 2021-06-16T10:45:55.2830380+08:00, 0, -0.07588875, 4.17663, 1, 1, 1, False
345.0458, 2021-06-16T10:45:55.2867970+08:00, 0, -0.07588875, 4.17663, 1, 1, 1, False
345.0501, 2021-06-16T10:45:55.2911370+08:00, 0, -0.07588875, 4.17663, 1, 1, 1, False
345.0542, 2021-06-16T10:45:55.2951990+08:00, 0, -0.07588875, 4.17663, 1, 1, 1, False
345.0581, 2021-06-16T10:45:55.2991240+08:00, 0, -0.07588875, 4.17663, 1, 1, 1, False
345.0621, 2021-06-16T10:45:55.3030930+08:00, 0, -0.07588875, 4.17663, 1, 1, 1, False
345.066, 2021-06-16T10:45:55.3070240+08:00, 0, -0.07588875, 4.17663, 1, 1, 1, False
345.07, 2021-06-16T10:45:55.3109900+08:00, 0, -0.07588875, 4.17663, 1, 1, 1, False
345.0741, 2021-06-16T10:45:55.3150990+08:00, 0, -0.07588875, 4.17663, 1, 1, 1, False
345.0784, 2021-06-16T10:45:55.3194230+08:00, 0, -0.07588875, 4.17663, 1, 1, 1, False
345.1147, 2021-06-16T10:45:55.3557660+08:00, 0, -0.07588875, 4.17663, 1, 1, 1, False
345.1178, 2021-06-16T10:45:55.3588050+08:00, 0, -0.07588875, 4.17663, 1, 1, 1, False
345.1222, 2021-06-16T10:45:55.3631760+08:00, 0, -0.07588875, 4.17663, 1, 1, 1, False
345.1263, 2021-06-16T10:45:55.3673140+08:00, 0, -0.07588875, 4.17663, 1, 1, 1, False
345.1299, 2021-06-16T10:45:55.3709070+08:00, 0, -0.07588875, 4.17663, 1, 1, 1, False
345.1339, 2021-06-16T10:45:55.3748460+08:00, 0, -0.07588875, 4.17663, 1, 1, 1, False
345.138, 2021-06-16T10:45:55.3790140+08:00, 0, -0.07588875, 4.17663, 1, 1, 1, False
345.1419, 2021-06-16T10:45:55.3829250+08:00, 0, -0.07588875, 4.17663, 1, 1, 1, False
345.1459, 2021-06-16T10:45:55.3869530+08:00, 0, -0.07588875, 4.17663, 1, 1, 1, False
345.1505, 2021-06-16T10:45:55.3915630+08:00, 0, -0.07588875, 4.17663, 1, 1, 1, False
345.1538, 2021-06-16T10:45:55.3948510+08:00, 0, -0.07588875, 4.17663, 1, 1, 1, False
345.1577, 2021-06-16T10:45:55.3987510+08:00, 0, -0.07588875, 4.17663, 1, 1, 1, False
345.1624, 2021-06-16T10:45:55.4034620+08:00, 0, -0.07588875, 4.17663, 1, 1, 1, False
345.1659, 2021-06-16T10:45:55.4069480+08:00, 0, -0.07588875, 4.17663, 1, 1, 1, False
345.1703, 2021-06-16T10:45:55.4113410+08:00, 0, -0.07588875, 4.17663, 1, 1, 1, False
345.1739, 2021-06-16T10:45:55.4149180+08:00, 0, -0.07588875, 4.17663, 1, 1, 1, False
345.1781, 2021-06-16T10:45:55.4191270+08:00, 0, -0.07588875, 4.17663, 1, 1, 1, False
345.1821, 2021-06-16T10:45:55.4231580+08:00, 0, -0.07588875, 4.17663, 1, 1, 1, False
345.1862, 2021-06-16T10:45:55.4271660+08:00, 0, -0.07588875, 4.17663, 1, 1, 1, False
345.1902, 2021-06-16T10:45:55.4312870+08:00, 0, -0.07588875, 4.17663, 1, 1, 1, False
345.1941, 2021-06-16T10:45:55.4351060+08:00, 0, -0.07588875, 4.17663, 1, 1, 1, False
345.2012, 2021-06-16T10:45:55.4425320+08:00, 0, -0.07588875, 4.17663, 1, 1, 1, False
345.2064, 2021-06-16T10:45:55.4473850+08:00, 0, -0.07588875, 4.17663, 1, 1, 1, False
345.2181, 2021-06-16T10:45:55.4593570+08:00, 0, -0.07588875, 4.17663, 1, 1, 1, False
345.2223, 2021-06-16T10:45:55.4633230+08:00, 0, -0.07588875, 4.17663, 1, 1, 1, False
345.2346, 2021-06-16T10:45:55.4758160+08:00, 0, -0.07588875, 4.17663, 1, 1, 1, False
345.2499, 2021-06-16T10:45:55.4911430+08:00, 0, -0.07588875, 4.17663, 1, 1, 1, False
345.2648, 2021-06-16T10:45:55.5060150+08:00, 0, -0.07588875, 4.17663, 1, 1, 1, False
345.2804, 2021-06-16T10:45:55.5216680+08:00, 0, -0.07588875, 4.17663, 1, 1, 1, False
345.2948, 2021-06-16T10:45:55.5358530+08:00, 0, -0.07588875, 4.17663, 1, 1, 1, False
345.3093, 2021-06-16T10:45:55.5504480+08:00, 0, -0.07588875, 4.17663, 1, 1, 1, False
345.3546, 2021-06-16T10:45:55.5956410+08:00, 0, -0.07588875, 4.17663, 1, 1, 1, False
345.3578, 2021-06-16T10:45:55.5988620+08:00, 0, -0.07588875, 4.17663, 1, 1, 1, False
345.3622, 2021-06-16T10:45:55.6032770+08:00, 0, -0.07588875, 4.17663, 1, 1, 1, False
345.3662, 2021-06-16T10:45:55.6072870+08:00, 0, -0.07588875, 4.17663, 1, 1, 1, False
345.37, 2021-06-16T10:45:55.6110060+08:00, 0, -0.07588875, 4.17663, 1, 1, 1, False
345.3744, 2021-06-16T10:45:55.6154290+08:00, 0, -0.07588875, 4.17663, 1, 1, 1, False
345.3779, 2021-06-16T10:45:55.6189370+08:00, 0, -0.07588875, 4.17663, 1, 1, 1, False
345.3819, 2021-06-16T10:45:55.6229400+08:00, 0, -0.07588875, 4.17663, 1, 1, 1, False
345.3862, 2021-06-16T10:45:55.6271880+08:00, 0, -0.07588875, 4.17663, 1, 1, 1, False
345.3901, 2021-06-16T10:45:55.6311370+08:00, 0, -0.07588875, 4.17663, 1, 1, 1, False
345.3939, 2021-06-16T10:45:55.6348700+08:00, 0, -0.07588875, 4.17663, 1, 1, 1, False
345.3978, 2021-06-16T10:45:55.6387990+08:00, 0, -0.07588875, 4.17663, 1, 1, 1, False
345.402, 2021-06-16T10:45:55.6430360+08:00, 0, -0.07588875, 4.17663, 1, 1, 1, False
345.4059, 2021-06-16T10:45:55.6468500+08:00, 0, -0.07588875, 4.17663, 1, 1, 1, False
345.4099, 2021-06-16T10:45:55.6508640+08:00, 0, -0.07588875, 4.17663, 1, 1, 1, False
345.4142, 2021-06-16T10:45:55.6552400+08:00, 0, -0.07588875, 4.17663, 1, 1, 1, False
345.4178, 2021-06-16T10:45:55.6588440+08:00, 0, -0.07588875, 4.17663, 1, 1, 1, False
345.4222, 2021-06-16T10:45:55.6632870+08:00, 0, -0.07588875, 4.17663, 1, 1, 1, False
345.426, 2021-06-16T10:45:55.6669900+08:00, 0, -0.07588875, 4.17663, 1, 1, 1, False
345.4301, 2021-06-16T10:45:55.6711200+08:00, 0, -0.07588875, 4.17663, 1, 1, 1, False
345.4341, 2021-06-16T10:45:55.6751980+08:00, 0, -0.07588875, 4.17663, 1, 1, 1, False
345.438, 2021-06-16T10:45:55.6790300+08:00, 0, -0.07588875, 4.17663, 1, 1, 1, False
345.4422, 2021-06-16T10:45:55.6832100+08:00, 0, -0.07588875, 4.17663, 1, 1, 1, False
345.446, 2021-06-16T10:45:55.6870140+08:00, 0, -0.07588875, 4.17663, 1, 1, 1, False
345.45, 2021-06-16T10:45:55.6910210+08:00, 0, -0.07588875, 4.17663, 1, 1, 1, False
345.454, 2021-06-16T10:45:55.6950190+08:00, 0, -0.07588875, 4.17663, 1, 1, 1, False
345.4579, 2021-06-16T10:45:55.6988640+08:00, 0, -0.07588875, 4.17663, 1, 1, 1, False
345.4623, 2021-06-16T10:45:55.7033400+08:00, 0, -0.07588875, 4.17663, 1, 1, 1, False
345.4661, 2021-06-16T10:45:55.7071400+08:00, 0, -0.07588875, 4.17663, 1, 1, 1, False
345.4702, 2021-06-16T10:45:55.7111570+08:00, 0, -0.07588875, 4.17663, 1, 1, 1, False
345.4743, 2021-06-16T10:45:55.7153140+08:00, 0, -0.07588875, 4.17663, 1, 1, 1, False
345.5141, 2021-06-16T10:45:55.7552770+08:00, 0, -0.07588875, 4.17663, 1, 1, 1, False
345.5181, 2021-06-16T10:45:55.7591250+08:00, 0, -0.07588875, 4.17663, 1, 1, 1, False
345.522, 2021-06-16T10:45:55.7630440+08:00, 0, -0.07588875, 4.17663, 1, 1, 1, False
345.5262, 2021-06-16T10:45:55.7671900+08:00, 0, -0.07588875, 4.17663, 1, 1, 1, False
345.5301, 2021-06-16T10:45:55.7710770+08:00, 0, -0.07588875, 4.17663, 1, 1, 1, False
345.5341, 2021-06-16T10:45:55.7750930+08:00, 0, -0.07588875, 4.17663, 1, 1, 1, False
345.5378, 2021-06-16T10:45:55.7787660+08:00, 0, -0.07588875, 4.17663, 1, 1, 1, False
345.5422, 2021-06-16T10:45:55.7832540+08:00, 0, -0.07588875, 4.17663, 1, 1, 1, False
345.5459, 2021-06-16T10:45:55.7869660+08:00, 0, -0.07588875, 4.17663, 1, 1, 1, False
345.5504, 2021-06-16T10:45:55.7913540+08:00, 0, -0.07588875, 4.17663, 1, 1, 1, False
345.554, 2021-06-16T10:45:55.7950280+08:00, 0, -0.07588875, 4.17663, 1, 1, 1, False
345.5581, 2021-06-16T10:45:55.7991310+08:00, 0, -0.07588875, 4.17663, 1, 1, 1, False
345.5619, 2021-06-16T10:45:55.8029060+08:00, 0, -0.07588875, 4.17663, 1, 1, 1, False
345.5661, 2021-06-16T10:45:55.8070780+08:00, 0, -0.07588875, 4.17663, 1, 1, 1, False
345.5701, 2021-06-16T10:45:55.8114520+08:00, 0, -0.07588875, 4.17663, 1, 1, 1, False
345.5739, 2021-06-16T10:45:55.8148740+08:00, 0, -0.07588875, 4.17663, 1, 1, 1, False
345.5783, 2021-06-16T10:45:55.8192540+08:00, 0, -0.07588875, 4.17663, 1, 1, 1, False
345.582, 2021-06-16T10:45:55.8229850+08:00, 0, -0.07588875, 4.17663, 1, 1, 1, False
345.586, 2021-06-16T10:45:55.8270980+08:00, 0, -0.07588875, 4.17663, 1, 1, 1, False
345.59, 2021-06-16T10:45:55.8309700+08:00, 0, -0.07588875, 4.17663, 1, 1, 1, False
345.5942, 2021-06-16T10:45:55.8351960+08:00, 0, -0.07588875, 4.17663, 1, 1, 1, False
345.598, 2021-06-16T10:45:55.8389620+08:00, 0, -0.07588875, 4.17663, 1, 1, 1, False
345.6018, 2021-06-16T10:45:55.8428480+08:00, 0, -0.07588875, 4.17663, 1, 1, 1, False
345.6061, 2021-06-16T10:45:55.8471120+08:00, 0, -0.07588875, 4.17663, 1, 1, 1, False
345.6103, 2021-06-16T10:45:55.8513060+08:00, 0, -0.07588875, 4.17663, 1, 1, 1, False
345.6139, 2021-06-16T10:45:55.8548730+08:00, 0, -0.07588875, 4.17663, 1, 1, 1, False
345.6182, 2021-06-16T10:45:55.8592100+08:00, 0, -0.07588875, 4.17663, 1, 1, 1, False
345.6223, 2021-06-16T10:45:55.8633890+08:00, 0, -0.07588875, 4.17663, 1, 1, 1, False
345.6261, 2021-06-16T10:45:55.8671260+08:00, 0, -0.07588875, 4.17663, 1, 1, 1, False
345.6299, 2021-06-16T10:45:55.8709150+08:00, 0, -0.07588875, 4.17663, 1, 1, 1, False
345.6345, 2021-06-16T10:45:55.8754740+08:00, 0, -0.07588875, 4.17663, 1, 1, 1, False
345.6784, 2021-06-16T10:45:55.9194440+08:00, 0, -0.07588875, 4.17663, 1, 1, 1, False
345.682, 2021-06-16T10:45:55.9231170+08:00, 0, -0.07588875, 4.17663, 1, 1, 1, False
345.6862, 2021-06-16T10:45:55.9271950+08:00, 0, -0.07588875, 4.17663, 1, 1, 1, False
345.6903, 2021-06-16T10:45:55.9312690+08:00, 0, -0.07588875, 4.17663, 1, 1, 1, False
345.694, 2021-06-16T10:45:55.9349940+08:00, 0, -0.07588875, 4.17663, 1, 1, 1, False
345.6978, 2021-06-16T10:45:55.9388520+08:00, 0, -0.07588875, 4.17663, 1, 1, 1, False
345.702, 2021-06-16T10:45:55.9430350+08:00, 0, -0.07588875, 4.17663, 1, 1, 1, False
345.7061, 2021-06-16T10:45:55.9471240+08:00, 0, -0.07588875, 4.17663, 1, 1, 1, False
345.71, 2021-06-16T10:45:55.9509940+08:00, 0, -0.07588875, 4.17663, 1, 1, 1, False
345.7139, 2021-06-16T10:45:55.9549480+08:00, 0, -0.07588875, 4.17663, 1, 1, 1, False
345.7181, 2021-06-16T10:45:55.9591210+08:00, 0, -0.07588875, 4.17663, 1, 1, 1, False
345.7224, 2021-06-16T10:45:55.9634150+08:00, 0, -0.07588875, 4.17663, 1, 1, 1, False
345.726, 2021-06-16T10:45:55.9670070+08:00, 0, -0.07588875, 4.17663, 1, 1, 1, False
345.7301, 2021-06-16T10:45:55.9711260+08:00, 0, -0.07588875, 4.17663, 1, 1, 1, False
345.7342, 2021-06-16T10:45:55.9752220+08:00, 0, -0.07588875, 4.17663, 1, 1, 1, False
345.7383, 2021-06-16T10:45:55.9793550+08:00, 0, -0.07588875, 4.17663, 1, 1, 1, False
345.742, 2021-06-16T10:45:55.9830570+08:00, 0, -0.07588875, 4.17663, 1, 1, 1, False
345.746, 2021-06-16T10:45:55.9869700+08:00, 0, -0.07588875, 4.17663, 1, 1, 1, False
345.7499, 2021-06-16T10:45:55.9910120+08:00, 0, -0.07588875, 4.17663, 1, 1, 1, False
345.7541, 2021-06-16T10:45:55.9951290+08:00, 0, -0.07588875, 4.17663, 1, 1, 1, False
345.7582, 2021-06-16T10:45:55.9991700+08:00, 0, -0.07588875, 4.17663, 1, 1, 1, False
345.762, 2021-06-16T10:45:56.0030850+08:00, 0, -0.07588875, 4.17663, 1, 1, 1, False
345.7663, 2021-06-16T10:45:56.0073500+08:00, 0, -0.07588875, 4.17663, 1, 1, 1, False
345.7699, 2021-06-16T10:45:56.0109140+08:00, 0, -0.07588875, 4.17663, 1, 1, 1, False
345.7742, 2021-06-16T10:45:56.0152130+08:00, 0, -0.07588875, 4.17663, 1, 1, 1, False
345.7779, 2021-06-16T10:45:56.0189010+08:00, 0, -0.07588875, 4.17663, 1, 1, 1, False
345.7822, 2021-06-16T10:45:56.0232540+08:00, 0, -0.07588875, 4.17663, 1, 1, 1, False
345.7863, 2021-06-16T10:45:56.0273190+08:00, 0, -0.07588875, 4.17663, 1, 1, 1, False
345.7901, 2021-06-16T10:45:56.0310740+08:00, 0, -0.07588875, 4.17663, 1, 1, 1, False
345.7958, 2021-06-16T10:45:56.0369850+08:00, 0, -0.07588875, 4.17663, 1, 1, 1, False
345.7981, 2021-06-16T10:45:56.0390520+08:00, 0, -0.07588875, 4.17663, 1, 1, 1, False
345.8424, 2021-06-16T10:45:56.0834570+08:00, 0, -0.07588875, 4.17663, 1, 1, 1, False
345.8462, 2021-06-16T10:45:56.0871740+08:00, 0, -0.07588875, 4.17663, 1, 1, 1, False
345.8498, 2021-06-16T10:45:56.0907560+08:00, 0, -0.07588875, 4.17663, 1, 1, 1, False
345.8542, 2021-06-16T10:45:56.0952170+08:00, 0, -0.07588875, 4.17663, 1, 1, 1, False
345.8583, 2021-06-16T10:45:56.0993020+08:00, 0, -0.07588875, 4.17663, 1, 1, 1, False
345.8619, 2021-06-16T10:45:56.1028870+08:00, 0, -0.07588875, 4.17663, 1, 1, 1, False
345.8659, 2021-06-16T10:45:56.1069600+08:00, 0, -0.07588875, 4.17663, 1, 1, 1, False
345.8702, 2021-06-16T10:45:56.1112360+08:00, 0, -0.07588875, 4.17663, 1, 1, 1, False
345.8742, 2021-06-16T10:45:56.1151870+08:00, 0, -0.07588875, 4.17663, 1, 1, 1, False
345.8784, 2021-06-16T10:45:56.1194280+08:00, 0, -0.07588875, 4.17663, 1, 1, 1, False
345.882, 2021-06-16T10:45:56.1230410+08:00, 0, -0.07588875, 4.17663, 1, 1, 1, False
345.8862, 2021-06-16T10:45:56.1273220+08:00, 0, -0.07588875, 4.17663, 1, 1, 1, False
345.8901, 2021-06-16T10:45:56.1311330+08:00, 0, -0.07588875, 4.17663, 1, 1, 1, False
345.8941, 2021-06-16T10:45:56.1350790+08:00, 0, -0.07588875, 4.17663, 1, 1, 1, False
345.898, 2021-06-16T10:45:56.1390340+08:00, 0, -0.07588875, 4.17663, 1, 1, 1, False
345.9023, 2021-06-16T10:45:56.1432680+08:00, 0, -0.07588875, 4.17663, 1, 1, 1, False
345.9058, 2021-06-16T10:45:56.1468380+08:00, 0, -0.07588875, 4.17663, 1, 1, 1, False
345.91, 2021-06-16T10:45:56.1510260+08:00, 0, -0.07588875, 4.17663, 1, 1, 1, False
345.9142, 2021-06-16T10:45:56.1552520+08:00, 0, -0.07588875, 4.17663, 1, 1, 1, False
345.9181, 2021-06-16T10:45:56.1591610+08:00, 0, -0.07588875, 4.17663, 1, 1, 1, False
345.9219, 2021-06-16T10:45:56.1629680+08:00, 0, -0.07588875, 4.17663, 1, 1, 1, False
345.9261, 2021-06-16T10:45:56.1671020+08:00, 0, -0.07588875, 4.17663, 1, 1, 1, False
345.9301, 2021-06-16T10:45:56.1710810+08:00, 0, -0.07588875, 4.17663, 1, 1, 1, False
345.9338, 2021-06-16T10:45:56.1748240+08:00, 0, -0.07588875, 4.17663, 1, 1, 1, False
345.9385, 2021-06-16T10:45:56.1794690+08:00, 0, -0.07588875, 4.17663, 1, 1, 1, False
345.942, 2021-06-16T10:45:56.1830150+08:00, 0, -0.07588875, 4.17663, 1, 1, 1, False
345.9462, 2021-06-16T10:45:56.1871820+08:00, 0, -0.07588875, 4.17663, 1, 1, 1, False
345.9501, 2021-06-16T10:45:56.1911300+08:00, 0, -0.07588875, 4.17663, 1, 1, 1, False
345.9542, 2021-06-16T10:45:56.1951370+08:00, 0, -0.07588875, 4.17663, 1, 1, 1, False
345.9582, 2021-06-16T10:45:56.1991790+08:00, 0, -0.07588875, 4.17663, 1, 1, 1, False
345.9622, 2021-06-16T10:45:56.2032300+08:00, 0, -0.07588875, 4.17663, 1, 1, 1, False
346.0028, 2021-06-16T10:45:56.2438840+08:00, 0, -0.07588875, 4.17663, 1, 1, 1, False
346.0061, 2021-06-16T10:45:56.2470630+08:00, 0, -0.07588875, 4.17663, 1, 1, 1, False
346.0101, 2021-06-16T10:45:56.2510740+08:00, 0, -0.07588875, 4.17663, 1, 1, 1, False
346.0141, 2021-06-16T10:45:56.2550970+08:00, 0, -0.07588875, 4.17663, 1, 1, 1, False
346.0182, 2021-06-16T10:45:56.2592290+08:00, 0, -0.07588875, 4.17663, 1, 1, 1, False
346.0221, 2021-06-16T10:45:56.2631240+08:00, 0, -0.07588875, 4.17663, 1, 1, 1, False
346.0262, 2021-06-16T10:45:56.2672560+08:00, 0, -0.07588875, 4.17663, 1, 1, 1, False
346.0301, 2021-06-16T10:45:56.2711090+08:00, 0, -0.07588875, 4.17663, 1, 1, 1, False
346.0338, 2021-06-16T10:45:56.2747730+08:00, 0, -0.07588875, 4.17663, 1, 1, 1, False
346.0383, 2021-06-16T10:45:56.2792860+08:00, 0, -0.07588875, 4.17663, 1, 1, 1, False
346.0421, 2021-06-16T10:45:56.2830710+08:00, 0, -0.07588875, 4.17663, 1, 1, 1, False
346.0457, 2021-06-16T10:45:56.2869260+08:00, 0, -0.07588875, 4.17663, 1, 1, 1, False
346.05, 2021-06-16T10:45:56.2909990+08:00, 0, -0.07588875, 4.17663, 1, 1, 1, False
346.054, 2021-06-16T10:45:56.2950090+08:00, 0, -0.07588875, 4.17663, 1, 1, 1, False
346.0581, 2021-06-16T10:45:56.2990780+08:00, 0, -0.07588875, 4.17663, 1, 1, 1, False
346.0624, 2021-06-16T10:45:56.3033930+08:00, 0, -0.07588875, 4.17663, 1, 1, 1, False
346.0659, 2021-06-16T10:45:56.3069500+08:00, 0, -0.07588875, 4.17663, 1, 1, 1, False
346.0701, 2021-06-16T10:45:56.3111320+08:00, 0, -0.07588875, 4.17663, 1, 1, 1, False
346.0741, 2021-06-16T10:45:56.3151030+08:00, 0, -0.07588875, 4.17663, 1, 1, 1, False
346.0781, 2021-06-16T10:45:56.3190530+08:00, 0, -0.07588875, 4.17663, 1, 1, 1, False
346.0821, 2021-06-16T10:45:56.3231180+08:00, 0, -0.07588875, 4.17663, 1, 1, 1, False
346.0857, 2021-06-16T10:45:56.3266660+08:00, 0, -0.07588875, 4.17663, 1, 1, 1, False
346.0901, 2021-06-16T10:45:56.3311180+08:00, 0, -0.07588875, 4.17663, 1, 1, 1, False
346.0972, 2021-06-16T10:45:56.3382620+08:00, 0, -0.07588875, 4.17663, 1, 1, 1, False
346.1021, 2021-06-16T10:45:56.3431330+08:00, 0, -0.07588875, 4.17663, 1, 1, 1, False
346.1063, 2021-06-16T10:45:56.3472680+08:00, 0, -0.07588875, 4.17663, 1, 1, 1, False
346.1101, 2021-06-16T10:45:56.3510920+08:00, 0, -0.07588875, 4.17663, 1, 1, 1, False
346.1139, 2021-06-16T10:45:56.3548860+08:00, 0, -0.07588875, 4.17663, 1, 1, 1, False
346.118, 2021-06-16T10:45:56.3589270+08:00, 0, -0.07588875, 4.17663, 1, 1, 1, False
346.1219, 2021-06-16T10:45:56.3629150+08:00, 0, -0.07588875, 4.17663, 1, 1, 1, False
346.1265, 2021-06-16T10:45:56.3674440+08:00, 0, -0.07588875, 4.17663, 1, 1, 1, False
346.1662, 2021-06-16T10:45:56.4072910+08:00, 0, -0.07588875, 4.17663, 1, 1, 1, False
346.17, 2021-06-16T10:45:56.4110400+08:00, 0, -0.07588875, 4.17663, 1, 1, 1, False
346.174, 2021-06-16T10:45:56.4150050+08:00, 0, -0.07588875, 4.17663, 1, 1, 1, False
346.1782, 2021-06-16T10:45:56.4192000+08:00, 0, -0.07588875, 4.17663, 1, 1, 1, False
346.1819, 2021-06-16T10:45:56.4229580+08:00, 0, -0.07588875, 4.17663, 1, 1, 1, False
346.1862, 2021-06-16T10:45:56.4271590+08:00, 0, -0.07588875, 4.17663, 1, 1, 1, False
346.1898, 2021-06-16T10:45:56.4308720+08:00, 0, -0.07588875, 4.17663, 1, 1, 1, False
346.1938, 2021-06-16T10:45:56.4348220+08:00, 0, -0.07588875, 4.17663, 1, 1, 1, False
346.1977, 2021-06-16T10:45:56.4387090+08:00, 0, -0.07588875, 4.17663, 1, 1, 1, False
346.2018, 2021-06-16T10:45:56.4428020+08:00, 0, -0.07588875, 4.17663, 1, 1, 1, False
346.2061, 2021-06-16T10:45:56.4471330+08:00, 0, -0.07588875, 4.17663, 1, 1, 1, False
346.2101, 2021-06-16T10:45:56.4510520+08:00, 0, -0.07588875, 4.17663, 1, 1, 1, False
346.2138, 2021-06-16T10:45:56.4547950+08:00, 0, -0.07588875, 4.17663, 1, 1, 1, False
346.2183, 2021-06-16T10:45:56.4592990+08:00, 0, -0.07588875, 4.17663, 1, 1, 1, False
346.222, 2021-06-16T10:45:56.4630000+08:00, 0, -0.07588875, 4.17663, 1, 1, 1, False
346.2259, 2021-06-16T10:45:56.4671070+08:00, 0, -0.07588875, 4.17663, 1, 1, 1, False
346.2301, 2021-06-16T10:45:56.4710900+08:00, 0, -0.07588875, 4.17663, 1, 1, 1, False
346.2342, 2021-06-16T10:45:56.4752360+08:00, 0, -0.07588875, 4.17663, 1, 1, 1, False
346.2378, 2021-06-16T10:45:56.4788250+08:00, 0, -0.07588875, 4.17663, 1, 1, 1, False
346.2418, 2021-06-16T10:45:56.4828410+08:00, 0, -0.07588875, 4.17663, 1, 1, 1, False
346.2461, 2021-06-16T10:45:56.4870550+08:00, 0, -0.07588875, 4.17663, 1, 1, 1, False
346.25, 2021-06-16T10:45:56.4910480+08:00, 0, -0.07588875, 4.17663, 1, 1, 1, False
346.2541, 2021-06-16T10:45:56.4951090+08:00, 0, -0.07588875, 4.17663, 1, 1, 1, False
346.2577, 2021-06-16T10:45:56.4987000+08:00, 0, -0.07588875, 4.17663, 1, 1, 1, False
346.2622, 2021-06-16T10:45:56.5032650+08:00, 0, -0.07588875, 4.17663, 1, 1, 1, False
346.266, 2021-06-16T10:45:56.5070220+08:00, 0, -0.07588875, 4.17663, 1, 1, 1, False
346.27, 2021-06-16T10:45:56.5110400+08:00, 0, -0.07588875, 4.17663, 1, 1, 1, False
346.2743, 2021-06-16T10:45:56.5153390+08:00, 0, -0.07588875, 4.17663, 1, 1, 1, False
346.2778, 2021-06-16T10:45:56.5187410+08:00, 0, -0.07588875, 4.17663, 1, 1, 1, False
346.2819, 2021-06-16T10:45:56.5229410+08:00, 0, -0.07588875, 4.17663, 1, 1, 1, False
346.2865, 2021-06-16T10:45:56.5274710+08:00, 0, -0.07588875, 4.17663, 1, 1, 1, False
346.3219, 2021-06-16T10:45:56.5629300+08:00, 0, -0.07588875, 4.17663, 1, 1, 1, False
346.3264, 2021-06-16T10:45:56.5673640+08:00, 0, -0.07588875, 4.17663, 1, 1, 1, False
346.3301, 2021-06-16T10:45:56.5711180+08:00, 0, -0.07588875, 4.17663, 1, 1, 1, False
346.3342, 2021-06-16T10:45:56.5752140+08:00, 0, -0.07588875, 4.17663, 1, 1, 1, False
346.3379, 2021-06-16T10:45:56.5788910+08:00, 0, -0.07588875, 4.17663, 1, 1, 1, False
346.3423, 2021-06-16T10:45:56.5832690+08:00, 0, -0.07588875, 4.17663, 1, 1, 1, False
346.3461, 2021-06-16T10:45:56.5870960+08:00, 0, -0.07588875, 4.17663, 1, 1, 1, False
346.3499, 2021-06-16T10:45:56.5909110+08:00, 0, -0.07588875, 4.17663, 1, 1, 1, False
346.354, 2021-06-16T10:45:56.5949750+08:00, 0, -0.07588875, 4.17663, 1, 1, 1, False
346.3579, 2021-06-16T10:45:56.5989390+08:00, 0, -0.07588875, 4.17663, 1, 1, 1, False
346.3621, 2021-06-16T10:45:56.6031020+08:00, 0, -0.07588875, 4.17663, 1, 1, 1, False
346.3663, 2021-06-16T10:45:56.6072910+08:00, 0, -0.07588875, 4.17663, 1, 1, 1, False
346.3701, 2021-06-16T10:45:56.6111410+08:00, 0, -0.07588875, 4.17663, 1, 1, 1, False
346.3742, 2021-06-16T10:45:56.6152080+08:00, 0, -0.07588875, 4.17663, 1, 1, 1, False
346.378, 2021-06-16T10:45:56.6189650+08:00, 0, -0.07588875, 4.17663, 1, 1, 1, False
346.3817, 2021-06-16T10:45:56.6227660+08:00, 0, -0.07588875, 4.17663, 1, 1, 1, False
346.3862, 2021-06-16T10:45:56.6272410+08:00, 0, -0.07588875, 4.17663, 1, 1, 1, False
346.3901, 2021-06-16T10:45:56.6310880+08:00, 0, -0.07588875, 4.17663, 1, 1, 1, False
346.3941, 2021-06-16T10:45:56.6350400+08:00, 0, -0.07588875, 4.17663, 1, 1, 1, False
346.3982, 2021-06-16T10:45:56.6391940+08:00, 0, -0.07588875, 4.17663, 1, 1, 1, False
346.4021, 2021-06-16T10:45:56.6431360+08:00, 0, -0.07588875, 4.17663, 1, 1, 1, False
346.4059, 2021-06-16T10:45:56.6500590+08:00, 0, -0.07588875, 4.17663, 1, 1, 1, False
346.4143, 2021-06-16T10:45:56.6583740+08:00, 0, -0.07588875, 4.17663, 1, 1, 1, False
346.4225, 2021-06-16T10:45:56.6665310+08:00, 0, -0.07588875, 4.17663, 1, 1, 1, False
346.4303, 2021-06-16T10:45:56.6785300+08:00, 0, -0.07588875, 4.17663, 1, 1, 1, False
346.4424, 2021-06-16T10:45:56.6833970+08:00, 0, -0.07588875, 4.17663, 1, 1, 1, False
346.446, 2021-06-16T10:45:56.6869980+08:00, 0, -0.07588875, 4.17663, 1, 1, 1, False
346.45, 2021-06-16T10:45:56.6909910+08:00, 0, -0.07588875, 4.17663, 1, 1, 1, False
346.454, 2021-06-16T10:45:56.6950020+08:00, 0, -0.07588875, 4.17663, 1, 1, 1, False
346.4581, 2021-06-16T10:45:56.6990780+08:00, 0, -0.07588875, 4.17663, 1, 1, 1, False
346.4621, 2021-06-16T10:45:56.7031110+08:00, 0, -0.07588875, 4.17663, 1, 1, 1, False
346.5024, 2021-06-16T10:45:56.7434260+08:00, 0, -0.07588875, 4.17663, 1, 1, 1, False
346.5061, 2021-06-16T10:45:56.7470710+08:00, 0, -0.07588875, 4.17663, 1, 1, 1, False
346.5103, 2021-06-16T10:45:56.7512940+08:00, 0, -0.07588875, 4.17663, 1, 1, 1, False
346.5139, 2021-06-16T10:45:56.7548930+08:00, 0, -0.07588875, 4.17663, 1, 1, 1, False
346.5181, 2021-06-16T10:45:56.7591070+08:00, 0, -0.07588875, 4.17663, 1, 1, 1, False
346.5222, 2021-06-16T10:45:56.7631970+08:00, 0, -0.07588875, 4.17663, 1, 1, 1, False
346.526, 2021-06-16T10:45:56.7669790+08:00, 0, -0.07588875, 4.17663, 1, 1, 1, False
346.5297, 2021-06-16T10:45:56.7707540+08:00, 0, -0.07588875, 4.17663, 1, 1, 1, False
346.5341, 2021-06-16T10:45:56.7751020+08:00, 0, -0.07588875, 4.17663, 1, 1, 1, False
346.538, 2021-06-16T10:45:56.7789420+08:00, 0, -0.07588875, 4.17663, 1, 1, 1, False
346.5423, 2021-06-16T10:45:56.7832940+08:00, 0, -0.07588875, 4.17663, 1, 1, 1, False
346.5461, 2021-06-16T10:45:56.7871570+08:00, 0, -0.07588875, 4.17663, 1, 1, 1, False
346.5513, 2021-06-16T10:45:56.7923020+08:00, 0, -0.07588875, 4.17663, 1, 1, 1, False
346.5585, 2021-06-16T10:45:56.7995570+08:00, 0, -0.07588875, 4.17663, 1, 1, 1, False
346.5621, 2021-06-16T10:45:56.8031470+08:00, 0, -0.07588875, 4.17663, 1, 1, 1, False
346.5662, 2021-06-16T10:45:56.8071600+08:00, 0, -0.07588875, 4.17663, 1, 1, 1, False
346.5701, 2021-06-16T10:45:56.8112020+08:00, 0, -0.07588875, 4.17663, 1, 1, 1, False
346.5742, 2021-06-16T10:45:56.8151560+08:00, 0, -0.07588875, 4.17663, 1, 1, 1, False
346.5778, 2021-06-16T10:45:56.8188020+08:00, 0, -0.07588875, 4.17663, 1, 1, 1, False
346.582, 2021-06-16T10:45:56.8230080+08:00, 0, -0.07588875, 4.17663, 1, 1, 1, False
346.5859, 2021-06-16T10:45:56.8269830+08:00, 0, -0.07588875, 4.17663, 1, 1, 1, False
346.5904, 2021-06-16T10:45:56.8314160+08:00, 0, -0.07588875, 4.17663, 1, 1, 1, False
346.5938, 2021-06-16T10:45:56.8348380+08:00, 0, -0.07588875, 4.17663, 1, 1, 1, False
346.5984, 2021-06-16T10:45:56.8394160+08:00, 0, -0.07588875, 4.17663, 1, 1, 1, False
346.6022, 2021-06-16T10:45:56.8432570+08:00, 0, -0.07588875, 4.17663, 1, 1, 1, False
346.606, 2021-06-16T10:45:56.8470400+08:00, 0, -0.07588875, 4.17663, 1, 1, 1, False
346.6103, 2021-06-16T10:45:56.8513290+08:00, 0, -0.07588875, 4.17663, 1, 1, 1, False
346.614, 2021-06-16T10:45:56.8550420+08:00, 0, -0.07588875, 4.17663, 1, 1, 1, False
346.6181, 2021-06-16T10:45:56.8590860+08:00, 0, -0.07588875, 4.17663, 1, 1, 1, False
346.622, 2021-06-16T10:45:56.8630080+08:00, 0, -0.07588875, 4.17663, 1, 1, 1, False
346.6262, 2021-06-16T10:45:56.8671360+08:00, 0, -0.07588875, 4.17663, 1, 1, 1, False
346.6665, 2021-06-16T10:45:56.9075900+08:00, 0, -0.07588875, 4.17663, 1, 1, 1, False
346.6702, 2021-06-16T10:45:56.9111480+08:00, 0, -0.07588875, 4.17663, 1, 1, 1, False
346.6737, 2021-06-16T10:45:56.9147070+08:00, 0, -0.07588875, 4.17663, 1, 1, 1, False
346.6783, 2021-06-16T10:45:56.9192760+08:00, 0, -0.07588875, 4.17663, 1, 1, 1, False
346.6821, 2021-06-16T10:45:56.9230770+08:00, 0, -0.07588875, 4.17663, 1, 1, 1, False
346.686, 2021-06-16T10:45:56.9269830+08:00, 0, -0.07588875, 4.17663, 1, 1, 1, False
346.6902, 2021-06-16T10:45:56.9312520+08:00, 0, -0.07588875, 4.17663, 1, 1, 1, False
346.694, 2021-06-16T10:45:56.9350160+08:00, 0, -0.07588875, 4.17663, 1, 1, 1, False
346.6982, 2021-06-16T10:45:56.9391730+08:00, 0, -0.07588875, 4.17663, 1, 1, 1, False
346.7019, 2021-06-16T10:45:56.9428930+08:00, 0, -0.07588875, 4.17663, 1, 1, 1, False
346.706, 2021-06-16T10:45:56.9469700+08:00, 0, -0.07588875, 4.17663, 1, 1, 1, False
346.7098, 2021-06-16T10:45:56.9507830+08:00, 0, -0.07588875, 4.17663, 1, 1, 1, False
346.7143, 2021-06-16T10:45:56.9553100+08:00, 0, -0.07588875, 4.17663, 1, 1, 1, False
346.718, 2021-06-16T10:45:56.9590340+08:00, 0, -0.07588875, 4.17663, 1, 1, 1, False
346.722, 2021-06-16T10:45:56.9630000+08:00, 0, -0.07588875, 4.17663, 1, 1, 1, False
346.7261, 2021-06-16T10:45:56.9670390+08:00, 0, -0.07588875, 4.17663, 1, 1, 1, False
346.7301, 2021-06-16T10:45:56.9711110+08:00, 0, -0.07588875, 4.17663, 1, 1, 1, False
346.734, 2021-06-16T10:45:56.9750680+08:00, 0, -0.07588875, 4.17663, 1, 1, 1, False
346.7377, 2021-06-16T10:45:56.9787150+08:00, 0, -0.07588875, 4.17663, 1, 1, 1, False
346.7421, 2021-06-16T10:45:56.9830810+08:00, 0, -0.07588875, 4.17663, 1, 1, 1, False
346.7461, 2021-06-16T10:45:56.9870570+08:00, 0, -0.07588875, 4.17663, 1, 1, 1, False
346.75, 2021-06-16T10:45:56.9910570+08:00, 0, -0.07588875, 4.17663, 1, 1, 1, False
346.7541, 2021-06-16T10:45:56.9950180+08:00, 0, -0.07588875, 4.17663, 1, 1, 1, False
346.758, 2021-06-16T10:45:56.9989770+08:00, 0, -0.07588875, 4.17663, 1, 1, 1, False
346.7618, 2021-06-16T10:45:57.0028210+08:00, 0, -0.07588875, 4.17663, 1, 1, 1, False
346.7658, 2021-06-16T10:45:57.0067970+08:00, 0, -0.07588875, 4.17663, 1, 1, 1, False
346.7709, 2021-06-16T10:45:57.0118960+08:00, 0, -0.07588875, 4.17663, 1, 1, 1, False
346.7783, 2021-06-16T10:45:57.0192850+08:00, 0, -0.07588875, 4.17663, 1, 1, 1, False
346.7818, 2021-06-16T10:45:57.0228150+08:00, 0, -0.07588875, 4.17663, 1, 1, 1, False
346.786, 2021-06-16T10:45:57.0270210+08:00, 0, -0.07588875, 4.17663, 1, 1, 1, False
346.79, 2021-06-16T10:45:57.0310400+08:00, 0, -0.07588875, 4.17663, 1, 1, 1, False
346.8302, 2021-06-16T10:45:57.0712830+08:00, 0, -0.07588875, 4.17663, 1, 1, 1, False
346.8339, 2021-06-16T10:45:57.0749520+08:00, 0, -0.07588875, 4.17663, 1, 1, 1, False
346.8383, 2021-06-16T10:45:57.0793370+08:00, 0, -0.07588875, 4.17663, 1, 1, 1, False
346.8429, 2021-06-16T10:45:57.0840140+08:00, 0, -0.07588875, 4.17663, 1, 1, 1, False
346.8461, 2021-06-16T10:45:57.0871260+08:00, 0, -0.07588875, 4.17663, 1, 1, 1, False
346.8639, 2021-06-16T10:45:57.1050850+08:00, 0, -0.07588875, 4.17663, 1, 1, 1, False
346.866, 2021-06-16T10:45:57.1069960+08:00, 0, -0.07588875, 4.17663, 1, 1, 1, False
346.8922, 2021-06-16T10:45:57.1336110+08:00, 0, -0.07588875, 4.17663, 1, 1, 1, False
346.9121, 2021-06-16T10:45:57.1536320+08:00, 0, -0.07588875, 4.17663, 1, 1, 1, False
346.9308, 2021-06-16T10:45:57.1719720+08:00, 0, -0.07588875, 4.17663, 1, 1, 1, False
346.9487, 2021-06-16T10:45:57.1899200+08:00, 0, -0.07588875, 4.17663, 1, 1, 1, False
346.9674, 2021-06-16T10:45:57.2085190+08:00, 0, -0.07588875, 4.17663, 1, 1, 1, False
346.9839, 2021-06-16T10:45:57.2249980+08:00, 0, -0.07588875, 4.17663, 1, 1, 1, False
347.0015, 2021-06-16T10:45:57.2429000+08:00, 0, -0.07588875, 4.17663, 1, 1, 1, False
347.0182, 2021-06-16T10:45:57.2591950+08:00, 0, -0.07588875, 4.17663, 1, 1, 1, False
347.0339, 2021-06-16T10:45:57.2751820+08:00, 0, -0.07588875, 4.17663, 1, 1, 1, False
347.0498, 2021-06-16T10:45:57.2911110+08:00, 0, -0.07588875, 4.17663, 1, 1, 1, False
347.0652, 2021-06-16T10:45:57.3064030+08:00, 0, -0.07588875, 4.17663, 1, 1, 1, False
347.0805, 2021-06-16T10:45:57.3217880+08:00, 0, -0.07588875, 4.17663, 1, 1, 1, False
347.0954, 2021-06-16T10:45:57.3365540+08:00, 0, -0.07588875, 4.17663, 1, 1, 1, False
347.1101, 2021-06-16T10:45:57.3512700+08:00, 0, -0.07588875, 4.17663, 1, 1, 1, False
347.1245, 2021-06-16T10:45:57.3657030+08:00, 0, -0.07588875, 4.17663, 1, 1, 1, False
347.1396, 2021-06-16T10:45:57.3807710+08:00, 0, -0.07588875, 4.17663, 1, 1, 1, False
347.1536, 2021-06-16T10:45:57.3948380+08:00, 0, -0.07588875, 4.17663, 1, 1, 1, False
347.168, 2021-06-16T10:45:57.4091240+08:00, 0, -0.07588875, 4.17663, 1, 1, 1, False
347.1815, 2021-06-16T10:45:57.4226060+08:00, 0, -0.07588875, 4.17663, 1, 1, 1, False
347.1964, 2021-06-16T10:45:57.4375430+08:00, 0, -0.07588875, 4.17663, 1, 1, 1, False
347.2108, 2021-06-16T10:45:57.4520560+08:00, 0, -0.07588875, 4.17663, 1, 1, 1, False
347.2251, 2021-06-16T10:45:57.4663390+08:00, 0, -0.07588875, 4.17663, 1, 1, 1, False
347.2394, 2021-06-16T10:45:57.4806090+08:00, 0, -0.07588875, 4.17663, 1, 1, 1, False
347.2545, 2021-06-16T10:45:57.4956410+08:00, 0, -0.07588875, 4.17663, 1, 1, 1, False
347.3026, 2021-06-16T10:45:57.5436530+08:00, 0, -0.07588875, 4.17663, 1, 1, 1, False
347.3058, 2021-06-16T10:45:57.5467730+08:00, 0, -0.07588875, 4.17663, 1, 1, 1, False
347.3102, 2021-06-16T10:45:57.5512430+08:00, 0, -0.07588875, 4.17663, 1, 1, 1, False
347.3139, 2021-06-16T10:45:57.5549510+08:00, 0, -0.07588875, 4.17663, 1, 1, 1, False
347.3181, 2021-06-16T10:45:57.5592300+08:00, 0, -0.07588875, 4.17663, 1, 1, 1, False
347.3224, 2021-06-16T10:45:57.5633790+08:00, 0, -0.07588875, 4.17663, 1, 1, 1, False
347.3316, 2021-06-16T10:45:57.5727150+08:00, 0, -0.07588875, 4.17663, 1, 1, 1, False
347.3463, 2021-06-16T10:45:57.5875420+08:00, 0, -0.07588875, 4.17663, 1, 1, 1, False
347.3602, 2021-06-16T10:45:57.6014280+08:00, 0, -0.07588875, 4.17663, 1, 1, 1, False
347.3756, 2021-06-16T10:45:57.6169030+08:00, 0, -0.07588875, 4.17663, 1, 1, 1, False
347.3898, 2021-06-16T10:45:57.6311360+08:00, 0, -0.07588875, 4.17663, 1, 1, 1, False
347.4047, 2021-06-16T10:45:57.6460430+08:00, 0, -0.07588875, 4.17663, 1, 1, 1, False
347.4189, 2021-06-16T10:45:57.6600850+08:00, 0, -0.07588875, 4.17663, 1, 1, 1, False
347.4331, 2021-06-16T10:45:57.6743300+08:00, 0, -0.07588875, 4.17663, 1, 1, 1, False
347.4478, 2021-06-16T10:45:57.6892710+08:00, 0, -0.07588875, 4.17663, 1, 1, 1, False
347.4623, 2021-06-16T10:45:57.7033770+08:00, 0, -0.07588875, 4.17663, 1, 1, 1, False
347.4771, 2021-06-16T10:45:57.7181320+08:00, 0, -0.07588875, 4.17663, 1, 1, 1, False
347.4911, 2021-06-16T10:45:57.7323140+08:00, 0, -0.07588875, 4.17663, 1, 1, 1, False
347.5057, 2021-06-16T10:45:57.7469520+08:00, 0, -0.07588875, 4.17663, 1, 1, 1, False
347.5204, 2021-06-16T10:45:57.7616520+08:00, 0, -0.07588875, 4.17663, 1, 1, 1, False
347.5345, 2021-06-16T10:45:57.7755070+08:00, 0, -0.07588875, 4.17663, 1, 1, 1, False
347.5493, 2021-06-16T10:45:57.7904940+08:00, 0, -0.07588875, 4.17663, 1, 1, 1, False
347.5637, 2021-06-16T10:45:57.8049350+08:00, 0, -0.07588875, 4.17663, 1, 1, 1, False
347.5793, 2021-06-16T10:45:57.8203470+08:00, 0, -0.07588875, 4.17663, 1, 1, 1, False
347.593, 2021-06-16T10:45:57.8342920+08:00, 0, -0.07588875, 4.17663, 1, 1, 1, False
347.6075, 2021-06-16T10:45:57.8486520+08:00, 0, -0.07588875, 4.17663, 1, 1, 1, False
347.6212, 2021-06-16T10:45:57.8622540+08:00, 0, -0.07588875, 4.17663, 1, 1, 1, False
347.636, 2021-06-16T10:45:57.8771320+08:00, 0, -0.07588875, 4.17663, 1, 1, 1, False
347.6512, 2021-06-16T10:45:57.8924260+08:00, 0, -0.07588875, 4.17663, 1, 1, 1, False
347.6541, 2021-06-16T10:45:57.8950870+08:00, 0, -0.07588875, 4.17663, 1, 1, 1, False
347.6587, 2021-06-16T10:45:57.8996530+08:00, 0, -0.07588875, 4.17663, 1, 1, 1, False
347.7021, 2021-06-16T10:45:57.9432070+08:00, 0, -0.07588875, 4.17663, 1, 1, 1, False
347.7061, 2021-06-16T10:45:57.9471940+08:00, 0, -0.07588875, 4.17663, 1, 1, 1, False
347.7101, 2021-06-16T10:45:57.9511220+08:00, 0, -0.07588875, 4.17663, 1, 1, 1, False
347.7142, 2021-06-16T10:45:57.9553460+08:00, 0, -0.07588875, 4.17663, 1, 1, 1, False
347.718, 2021-06-16T10:45:57.9589640+08:00, 0, -0.07588875, 4.17663, 1, 1, 1, False
347.7221, 2021-06-16T10:45:57.9631180+08:00, 0, -0.07588875, 4.17663, 1, 1, 1, False
347.7262, 2021-06-16T10:45:57.9671350+08:00, 0, -0.07588875, 4.17663, 1, 1, 1, False
347.7298, 2021-06-16T10:45:57.9707910+08:00, 0, -0.07588875, 4.17663, 1, 1, 1, False
347.7341, 2021-06-16T10:45:57.9750440+08:00, 0, -0.07588875, 4.17663, 1, 1, 1, False
347.7381, 2021-06-16T10:45:57.9791350+08:00, 0, -0.07588875, 4.17663, 1, 1, 1, False
347.7418, 2021-06-16T10:45:57.9827870+08:00, 0, -0.07588875, 4.17663, 1, 1, 1, False
347.7461, 2021-06-16T10:45:57.9870790+08:00, 0, -0.07588875, 4.17663, 1, 1, 1, False
347.75, 2021-06-16T10:45:57.9910580+08:00, 0, -0.07588875, 4.17663, 1, 1, 1, False
347.754, 2021-06-16T10:45:57.9950330+08:00, 0, -0.07588875, 4.17663, 1, 1, 1, False
347.7583, 2021-06-16T10:45:57.9992810+08:00, 0, -0.07588875, 4.17663, 1, 1, 1, False
347.762, 2021-06-16T10:45:58.0030410+08:00, 0, -0.07588875, 4.17663, 1, 1, 1, False
347.7662, 2021-06-16T10:45:58.0072540+08:00, 0, -0.07588875, 4.17663, 1, 1, 1, False
347.7701, 2021-06-16T10:45:58.0110750+08:00, 0, -0.07588875, 4.17663, 1, 1, 1, False
347.7745, 2021-06-16T10:45:58.0155790+08:00, 0, -0.07588875, 4.17663, 1, 1, 1, False
347.7779, 2021-06-16T10:45:58.0188630+08:00, 0, -0.07588875, 4.17663, 1, 1, 1, False
347.7816, 2021-06-16T10:45:58.0226680+08:00, 0, -0.07588875, 4.17663, 1, 1, 1, False
347.7862, 2021-06-16T10:45:58.0271800+08:00, 0, -0.07588875, 4.17663, 1, 1, 1, False
347.79, 2021-06-16T10:45:58.0309650+08:00, 0, -0.07588875, 4.17663, 1, 1, 1, False
347.7942, 2021-06-16T10:45:58.0352180+08:00, 0, -0.07588875, 4.17663, 1, 1, 1, False
347.798, 2021-06-16T10:45:58.0389910+08:00, 0, -0.07588875, 4.17663, 1, 1, 1, False
347.8017, 2021-06-16T10:45:58.0426830+08:00, 0, -0.07588875, 4.17663, 1, 1, 1, False
347.8062, 2021-06-16T10:45:58.0471370+08:00, 0, -0.07588875, 4.17663, 1, 1, 1, False
347.8101, 2021-06-16T10:45:58.0511050+08:00, 0, -0.07588875, 4.17663, 1, 1, 1, False
347.8141, 2021-06-16T10:45:58.0551020+08:00, 0, -0.07588875, 4.17663, 1, 1, 1, False
347.818, 2021-06-16T10:45:58.0589420+08:00, 0, -0.07588875, 4.17663, 1, 1, 1, False
347.8221, 2021-06-16T10:45:58.0631170+08:00, 0, -0.07588875, 4.17663, 1, 1, 1, False
347.9221, 2021-06-16T10:45:58.1779610+08:00, 0, -0.07588875, 4.17663, 1, 1, 1, False
347.9779, 2021-06-16T10:45:58.2336900+08:00, 0, -0.07588875, 4.17663, 1, 1, 1, False
348.0073, 2021-06-16T10:45:58.2630840+08:00, 0, -0.07588875, 4.17663, 1, 1, 1, False
348.0119, 2021-06-16T10:45:58.2675680+08:00, 0, -0.07588875, 4.17663, 1, 1, 1, False
348.0154, 2021-06-16T10:45:58.2710180+08:00, 0, -0.07588875, 4.17663, 1, 1, 1, False
348.0191, 2021-06-16T10:45:58.2748220+08:00, 0, -0.07588875, 4.17663, 1, 1, 1, False
348.0238, 2021-06-16T10:45:58.2795270+08:00, 0, -0.07588875, 4.17663, 1, 1, 1, False
348.0273, 2021-06-16T10:45:58.2829930+08:00, 0, -0.07588875, 4.17663, 1, 1, 1, False
348.0313, 2021-06-16T10:45:58.2870290+08:00, 0, -0.07588875, 4.17663, 1, 1, 1, False
348.0355, 2021-06-16T10:45:58.2911750+08:00, 0, -0.07588875, 4.17663, 1, 1, 1, False
348.0404, 2021-06-16T10:45:58.2963580+08:00, 0, -0.07588875, 4.17663, 1, 1, 1, False
348.0433, 2021-06-16T10:45:58.2989660+08:00, 0, -0.07588875, 4.17663, 1, 1, 1, False
348.0477, 2021-06-16T10:45:58.3033860+08:00, 0, -0.07588875, 4.17663, 1, 1, 1, False
348.0574, 2021-06-16T10:45:58.3131390+08:00, 0, -0.07588875, 4.17663, 1, 1, 1, False
348.0592, 2021-06-16T10:45:58.3148630+08:00, 0, -0.07588875, 4.17663, 1, 1, 1, False
348.0723, 2021-06-16T10:45:58.3283140+08:00, 0, -0.07588875, 4.17663, 1, 1, 1, False
348.0755, 2021-06-16T10:45:58.3311240+08:00, 0, -0.07588875, 4.17663, 1, 1, 1, False
348.0886, 2021-06-16T10:45:58.3446180+08:00, 0, -0.07588875, 4.17663, 1, 1, 1, False
348.0931, 2021-06-16T10:45:58.3488200+08:00, 0, -0.07588875, 4.17663, 1, 1, 1, False
348.1041, 2021-06-16T10:45:58.3599910+08:00, 0, -0.07588875, 4.17663, 1, 1, 1, False
348.1075, 2021-06-16T10:45:58.3632260+08:00, 0, -0.07588875, 4.17663, 1, 1, 1, False
348.1197, 2021-06-16T10:45:58.3755700+08:00, 0, -0.07588875, 4.17663, 1, 1, 1, False
348.1235, 2021-06-16T10:45:58.3792800+08:00, 0, -0.07588875, 4.17663, 1, 1, 1, False
348.1346, 2021-06-16T10:45:58.3905210+08:00, 0, -0.07588875, 4.17663, 1, 1, 1, False
348.1396, 2021-06-16T10:45:58.3953090+08:00, 0, -0.07588875, 4.17663, 1, 1, 1, False
348.1435, 2021-06-16T10:45:58.3991840+08:00, 0, -0.07588875, 4.17663, 1, 1, 1, False
348.1471, 2021-06-16T10:45:58.4028260+08:00, 0, -0.07588875, 4.17663, 1, 1, 1, False
348.1517, 2021-06-16T10:45:58.4073530+08:00, 0, -0.07588875, 4.17663, 1, 1, 1, False
348.1553, 2021-06-16T10:45:58.4110000+08:00, 0, -0.07588875, 4.17663, 1, 1, 1, False
348.1593, 2021-06-16T10:45:58.4149930+08:00, 0, -0.07588875, 4.17663, 1, 1, 1, False
348.1642, 2021-06-16T10:45:58.4199920+08:00, 0, -0.07588875, 4.17663, 1, 1, 1, False
348.2076, 2021-06-16T10:45:58.4635660+08:00, 0, -0.07588875, 4.17663, 1, 1, 1, False
348.2114, 2021-06-16T10:45:58.4670220+08:00, 0, -0.07588875, 4.17663, 1, 1, 1, False
348.2187, 2021-06-16T10:45:58.4743650+08:00, 0, -0.07588875, 4.17663, 1, 1, 1, False
348.2237, 2021-06-16T10:45:58.4824850+08:00, 0, -0.07588875, 4.17663, 1, 1, 1, False
348.2318, 2021-06-16T10:45:58.4905450+08:00, 0, -0.07588875, 4.17663, 1, 1, 1, False
348.2394, 2021-06-16T10:45:58.5024650+08:00, 0, -0.07588875, 4.17663, 1, 1, 1, False
348.2516, 2021-06-16T10:45:58.5073800+08:00, 0, -0.07588875, 4.17663, 1, 1, 1, False
348.2552, 2021-06-16T10:45:58.5109040+08:00, 0, -0.07588875, 4.17663, 1, 1, 1, False
348.2597, 2021-06-16T10:45:58.5153570+08:00, 0, -0.07588875, 4.17663, 1, 1, 1, False
348.2632, 2021-06-16T10:45:58.5189200+08:00, 0, -0.07588875, 4.17663, 1, 1, 1, False
348.2672, 2021-06-16T10:45:58.5228640+08:00, 0, -0.07588875, 4.17663, 1, 1, 1, False
348.2714, 2021-06-16T10:45:58.5270580+08:00, 0, -0.07588875, 4.17663, 1, 1, 1, False
348.2755, 2021-06-16T10:45:58.5311090+08:00, 0, -0.07588875, 4.17663, 1, 1, 1, False
348.2794, 2021-06-16T10:45:58.5351160+08:00, 0, -0.07588875, 4.17663, 1, 1, 1, False
348.2835, 2021-06-16T10:45:58.5392260+08:00, 0, -0.07588875, 4.17663, 1, 1, 1, False
348.2873, 2021-06-16T10:45:58.5429730+08:00, 0, -0.07588875, 4.17663, 1, 1, 1, False
348.2913, 2021-06-16T10:45:58.5469710+08:00, 0, -0.07588875, 4.17663, 1, 1, 1, False
348.2953, 2021-06-16T10:45:58.5509340+08:00, 0, -0.07588875, 4.17663, 1, 1, 1, False
348.2995, 2021-06-16T10:45:58.5551390+08:00, 0, -0.07588875, 4.17663, 1, 1, 1, False
348.3034, 2021-06-16T10:45:58.5590960+08:00, 0, -0.07588875, 4.17663, 1, 1, 1, False
348.3074, 2021-06-16T10:45:58.5630970+08:00, 0, -0.07588875, 4.17663, 1, 1, 1, False
348.3114, 2021-06-16T10:45:58.5671020+08:00, 0, -0.07588875, 4.17663, 1, 1, 1, False
348.3152, 2021-06-16T10:45:58.5708790+08:00, 0, -0.07588875, 4.17663, 1, 1, 1, False
348.3196, 2021-06-16T10:45:58.5752460+08:00, 0, -0.07588875, 4.17663, 1, 1, 1, False
348.3231, 2021-06-16T10:45:58.5787400+08:00, 0, -0.07588875, 4.17663, 1, 1, 1, False
348.3271, 2021-06-16T10:45:58.5827830+08:00, 0, -0.07588875, 4.17663, 1, 1, 1, False
348.3316, 2021-06-16T10:45:58.5872650+08:00, 0, -0.07588875, 4.17663, 1, 1, 1, False
348.3354, 2021-06-16T10:45:58.5911150+08:00, 0, -0.07588875, 4.17663, 1, 1, 1, False
348.3394, 2021-06-16T10:45:58.5950770+08:00, 0, -0.07588875, 4.17663, 1, 1, 1, False
348.3434, 2021-06-16T10:45:58.5991090+08:00, 0, -0.07588875, 4.17663, 1, 1, 1, False
348.3474, 2021-06-16T10:45:58.6030370+08:00, 0, -0.07588875, 4.17663, 1, 1, 1, False
348.3875, 2021-06-16T10:45:58.6432680+08:00, 0, -0.07588875, 4.17663, 1, 1, 1, False
348.3914, 2021-06-16T10:45:58.6470850+08:00, 0, -0.07588875, 4.17663, 1, 1, 1, False
348.3955, 2021-06-16T10:45:58.6511420+08:00, 0, -0.07588875, 4.17663, 1, 1, 1, False
348.3994, 2021-06-16T10:45:58.6550090+08:00, 0, -0.07588875, 4.17663, 1, 1, 1, False
348.4035, 2021-06-16T10:45:58.6591620+08:00, 0, -0.07588875, 4.17663, 1, 1, 1, False
348.4073, 2021-06-16T10:45:58.6629260+08:00, 0, -0.07588875, 4.17663, 1, 1, 1, False
348.4114, 2021-06-16T10:45:58.6670970+08:00, 0, -0.07588875, 4.17663, 1, 1, 1, False
348.415, 2021-06-16T10:45:58.6706280+08:00, 0, -0.07588875, 4.17663, 1, 1, 1, False
348.4194, 2021-06-16T10:45:58.6750810+08:00, 0, -0.07588875, 4.17663, 1, 1, 1, False
348.4234, 2021-06-16T10:45:58.6791230+08:00, 0, -0.07588875, 4.17663, 1, 1, 1, False
348.4272, 2021-06-16T10:45:58.6829100+08:00, 0, -0.07588875, 4.17663, 1, 1, 1, False
348.4324, 2021-06-16T10:45:58.6880800+08:00, 0, -0.07588875, 4.17663, 1, 1, 1, False
348.4353, 2021-06-16T10:45:58.6909910+08:00, 0, -0.07588875, 4.17663, 1, 1, 1, False
348.4395, 2021-06-16T10:45:58.6951400+08:00, 0, -0.07588875, 4.17663, 1, 1, 1, False
348.4434, 2021-06-16T10:45:58.6991160+08:00, 0, -0.07588875, 4.17663, 1, 1, 1, False
348.4474, 2021-06-16T10:45:58.7030410+08:00, 0, -0.07588875, 4.17663, 1, 1, 1, False
348.451, 2021-06-16T10:45:58.7066510+08:00, 0, -0.07588875, 4.17663, 1, 1, 1, False
348.4554, 2021-06-16T10:45:58.7111830+08:00, 0, -0.07588875, 4.17663, 1, 1, 1, False
348.4593, 2021-06-16T10:45:58.7149620+08:00, 0, -0.07588875, 4.17663, 1, 1, 1, False
348.4634, 2021-06-16T10:45:58.7190810+08:00, 0, -0.07588875, 4.17663, 1, 1, 1, False
348.4672, 2021-06-16T10:45:58.7228900+08:00, 0, -0.07588875, 4.17663, 1, 1, 1, False
348.4713, 2021-06-16T10:45:58.7269830+08:00, 0, -0.07588875, 4.17663, 1, 1, 1, False
348.475, 2021-06-16T10:45:58.7306680+08:00, 0, -0.07588875, 4.17663, 1, 1, 1, False
348.4791, 2021-06-16T10:45:58.7348400+08:00, 0, -0.07588875, 4.17663, 1, 1, 1, False
348.4834, 2021-06-16T10:45:58.7390960+08:00, 0, -0.07588875, 4.17663, 1, 1, 1, False
348.4874, 2021-06-16T10:45:58.7430460+08:00, 0, -0.07588875, 4.17663, 1, 1, 1, False
348.4911, 2021-06-16T10:45:58.7468080+08:00, 0, -0.07588875, 4.17663, 1, 1, 1, False
348.4954, 2021-06-16T10:45:58.7510500+08:00, 0, -0.07588875, 4.17663, 1, 1, 1, False
348.4994, 2021-06-16T10:45:58.7550420+08:00, 0, -0.07588875, 4.17663, 1, 1, 1, False
348.5031, 2021-06-16T10:45:58.7587980+08:00, 0, -0.07588875, 4.17663, 1, 1, 1, False
348.5075, 2021-06-16T10:45:58.7631770+08:00, 0, -0.07588875, 4.17663, 1, 1, 1, False
348.5393, 2021-06-16T10:45:58.7950690+08:00, 0, -0.07588875, 4.17663, 1, 1, 1, False
348.5434, 2021-06-16T10:45:58.7991210+08:00, 0, -0.07588875, 4.17663, 1, 1, 1, False
348.5473, 2021-06-16T10:45:58.8029650+08:00, 0, -0.07588875, 4.17663, 1, 1, 1, False
348.5514, 2021-06-16T10:45:58.8070620+08:00, 0, -0.07588875, 4.17663, 1, 1, 1, False
348.5554, 2021-06-16T10:45:58.8110880+08:00, 0, -0.07588875, 4.17663, 1, 1, 1, False
348.5594, 2021-06-16T10:45:58.8150410+08:00, 0, -0.07588875, 4.17663, 1, 1, 1, False
348.5634, 2021-06-16T10:45:58.8190110+08:00, 0, -0.07588875, 4.17663, 1, 1, 1, False
348.5672, 2021-06-16T10:45:58.8228430+08:00, 0, -0.07588875, 4.17663, 1, 1, 1, False
348.5714, 2021-06-16T10:45:58.8271150+08:00, 0, -0.07588875, 4.17663, 1, 1, 1, False
348.5754, 2021-06-16T10:45:58.8310230+08:00, 0, -0.07588875, 4.17663, 1, 1, 1, False
348.5793, 2021-06-16T10:45:58.8350040+08:00, 0, -0.07588875, 4.17663, 1, 1, 1, False
348.5834, 2021-06-16T10:45:58.8390970+08:00, 0, -0.07588875, 4.17663, 1, 1, 1, False
348.5874, 2021-06-16T10:45:58.8431180+08:00, 0, -0.07588875, 4.17663, 1, 1, 1, False
348.5914, 2021-06-16T10:45:58.8470700+08:00, 0, -0.07588875, 4.17663, 1, 1, 1, False
348.5949, 2021-06-16T10:45:58.8506090+08:00, 0, -0.07588875, 4.17663, 1, 1, 1, False
348.5994, 2021-06-16T10:45:58.8550590+08:00, 0, -0.07588875, 4.17663, 1, 1, 1, False
348.6034, 2021-06-16T10:45:58.8591620+08:00, 0, -0.07588875, 4.17663, 1, 1, 1, False
348.6075, 2021-06-16T10:45:58.8631020+08:00, 0, -0.07588875, 4.17663, 1, 1, 1, False
348.6114, 2021-06-16T10:45:58.8670430+08:00, 0, -0.07588875, 4.17663, 1, 1, 1, False
348.6153, 2021-06-16T10:45:58.8709850+08:00, 0, -0.07588875, 4.17663, 1, 1, 1, False
348.6194, 2021-06-16T10:45:58.8751890+08:00, 0, -0.07588875, 4.17663, 1, 1, 1, False
348.6231, 2021-06-16T10:45:58.8787830+08:00, 0, -0.07588875, 4.17663, 1, 1, 1, False
348.6272, 2021-06-16T10:45:58.8828610+08:00, 0, -0.07588875, 4.17663, 1, 1, 1, False
348.6314, 2021-06-16T10:45:58.8870360+08:00, 0, -0.07588875, 4.17663, 1, 1, 1, False
348.6352, 2021-06-16T10:45:58.8908260+08:00, 0, -0.07588875, 4.17663, 1, 1, 1, False
348.6394, 2021-06-16T10:45:58.8950350+08:00, 0, -0.07588875, 4.17663, 1, 1, 1, False
348.6431, 2021-06-16T10:45:58.8987630+08:00, 0, -0.07588875, 4.17663, 1, 1, 1, False
348.6473, 2021-06-16T10:45:58.9029650+08:00, 0, -0.07588875, 4.17663, 1, 1, 1, False
348.6514, 2021-06-16T10:45:58.9070890+08:00, 0, -0.07588875, 4.17663, 1, 1, 1, False
348.6555, 2021-06-16T10:45:58.9111940+08:00, 0, -0.07588875, 4.17663, 1, 1, 1, False
348.6594, 2021-06-16T10:45:58.9150550+08:00, 0, -0.07588875, 4.17663, 1, 1, 1, False
348.6954, 2021-06-16T10:45:58.9511640+08:00, 0, -0.07588875, 4.17663, 1, 1, 1, False
348.6994, 2021-06-16T10:45:58.9550800+08:00, 0, -0.07588875, 4.17663, 1, 1, 1, False
348.7033, 2021-06-16T10:45:58.9590510+08:00, 0, -0.07588875, 4.17663, 1, 1, 1, False
348.7074, 2021-06-16T10:45:58.9630360+08:00, 0, -0.07588875, 4.17663, 1, 1, 1, False
348.7114, 2021-06-16T10:45:58.9670740+08:00, 0, -0.07588875, 4.17663, 1, 1, 1, False
348.7151, 2021-06-16T10:45:58.9707660+08:00, 0, -0.07588875, 4.17663, 1, 1, 1, False
348.7194, 2021-06-16T10:45:58.9750090+08:00, 0, -0.07588875, 4.17663, 1, 1, 1, False
348.7233, 2021-06-16T10:45:58.9789920+08:00, 0, -0.07588875, 4.17663, 1, 1, 1, False
348.7274, 2021-06-16T10:45:58.9830670+08:00, 0, -0.07588875, 4.17663, 1, 1, 1, False
348.7314, 2021-06-16T10:45:58.9871040+08:00, 0, -0.07588875, 4.17663, 1, 1, 1, False
348.7353, 2021-06-16T10:45:58.9909740+08:00, 0, -0.07588875, 4.17663, 1, 1, 1, False
348.7392, 2021-06-16T10:45:58.9948700+08:00, 0, -0.07588875, 4.17663, 1, 1, 1, False
348.7434, 2021-06-16T10:45:58.9991460+08:00, 0, -0.07588875, 4.17663, 1, 1, 1, False
348.7474, 2021-06-16T10:45:59.0030810+08:00, 0, -0.07588875, 4.17663, 1, 1, 1, False
348.7514, 2021-06-16T10:45:59.0071510+08:00, 0, -0.07588875, 4.17663, 1, 1, 1, False
348.7553, 2021-06-16T10:45:59.0109310+08:00, 0, -0.07588875, 4.17663, 1, 1, 1, False
348.7591, 2021-06-16T10:45:59.0147930+08:00, 0, -0.07588875, 4.17663, 1, 1, 1, False
348.7635, 2021-06-16T10:45:59.0191760+08:00, 0, -0.07588875, 4.17663, 1, 1, 1, False
348.7672, 2021-06-16T10:45:59.0229440+08:00, 0, -0.07588875, 4.17663, 1, 1, 1, False
348.7711, 2021-06-16T10:45:59.0267880+08:00, 0, -0.07588875, 4.17663, 1, 1, 1, False
348.7754, 2021-06-16T10:45:59.0310680+08:00, 0, -0.07588875, 4.17663, 1, 1, 1, False
348.7793, 2021-06-16T10:45:59.0350000+08:00, 0, -0.07588875, 4.17663, 1, 1, 1, False
348.7834, 2021-06-16T10:45:59.0390860+08:00, 0, -0.07588875, 4.17663, 1, 1, 1, False
348.7872, 2021-06-16T10:45:59.0428430+08:00, 0, -0.07588875, 4.17663, 1, 1, 1, False
348.7915, 2021-06-16T10:45:59.0471670+08:00, 0, -0.07588875, 4.17663, 1, 1, 1, False
348.7954, 2021-06-16T10:45:59.0510810+08:00, 0, -0.07588875, 4.17663, 1, 1, 1, False
348.7991, 2021-06-16T10:45:59.0547640+08:00, 0, -0.07588875, 4.17663, 1, 1, 1, False
348.8036, 2021-06-16T10:45:59.0592880+08:00, 0, -0.07588875, 4.17663, 1, 1, 1, False
348.807, 2021-06-16T10:45:59.0627420+08:00, 0, -0.07588875, 4.17663, 1, 1, 1, False
348.8112, 2021-06-16T10:45:59.0669040+08:00, 0, -0.07588875, 4.17663, 1, 1, 1, False
348.8155, 2021-06-16T10:45:59.0711900+08:00, 0, -0.07588875, 4.17663, 1, 1, 1, False
348.8514, 2021-06-16T10:45:59.1071250+08:00, 0, -0.07588875, 4.17663, 1, 1, 1, False
348.8554, 2021-06-16T10:45:59.1110480+08:00, 0, -0.07588875, 4.17663, 1, 1, 1, False
348.8594, 2021-06-16T10:45:59.1150610+08:00, 0, -0.07588875, 4.17663, 1, 1, 1, False
348.8636, 2021-06-16T10:45:59.1193120+08:00, 0, -0.07588875, 4.17663, 1, 1, 1, False
348.8672, 2021-06-16T10:45:59.1228800+08:00, 0, -0.07588875, 4.17663, 1, 1, 1, False
348.8714, 2021-06-16T10:45:59.1270250+08:00, 0, -0.07588875, 4.17663, 1, 1, 1, False
348.8754, 2021-06-16T10:45:59.1310430+08:00, 0, -0.07588875, 4.17663, 1, 1, 1, False
348.8791, 2021-06-16T10:45:59.1347880+08:00, 0, -0.07588875, 4.17663, 1, 1, 1, False
348.8832, 2021-06-16T10:45:59.1389110+08:00, 0, -0.07588875, 4.17663, 1, 1, 1, False
348.8875, 2021-06-16T10:45:59.1431330+08:00, 0, -0.07588875, 4.17663, 1, 1, 1, False
348.8915, 2021-06-16T10:45:59.1471300+08:00, 0, -0.07588875, 4.17663, 1, 1, 1, False
348.895, 2021-06-16T10:45:59.1506360+08:00, 0, -0.07588875, 4.17663, 1, 1, 1, False
348.8995, 2021-06-16T10:45:59.1552490+08:00, 0, -0.07588875, 4.17663, 1, 1, 1, False
348.9035, 2021-06-16T10:45:59.1592290+08:00, 0, -0.07588875, 4.17663, 1, 1, 1, False
348.9074, 2021-06-16T10:45:59.1630910+08:00, 0, -0.07588875, 4.17663, 1, 1, 1, False
348.9111, 2021-06-16T10:45:59.1667850+08:00, 0, -0.07588875, 4.17663, 1, 1, 1, False
348.9154, 2021-06-16T10:45:59.1710390+08:00, 0, -0.07588875, 4.17663, 1, 1, 1, False
348.9191, 2021-06-16T10:45:59.1747450+08:00, 0, -0.07588875, 4.17663, 1, 1, 1, False
348.9234, 2021-06-16T10:45:59.1791750+08:00, 0, -0.07588875, 4.17663, 1, 1, 1, False
348.9273, 2021-06-16T10:45:59.1829920+08:00, 0, -0.07588875, 4.17663, 1, 1, 1, False
348.9312, 2021-06-16T10:45:59.1868480+08:00, 0, -0.07588875, 4.17663, 1, 1, 1, False
348.9356, 2021-06-16T10:45:59.1912830+08:00, 0, -0.07588875, 4.17663, 1, 1, 1, False
348.9393, 2021-06-16T10:45:59.1949620+08:00, 0, -0.07588875, 4.17663, 1, 1, 1, False
348.9433, 2021-06-16T10:45:59.1989560+08:00, 0, -0.07588875, 4.17663, 1, 1, 1, False
348.9474, 2021-06-16T10:45:59.2031020+08:00, 0, -0.07588875, 4.17663, 1, 1, 1, False
348.9515, 2021-06-16T10:45:59.2072180+08:00, 0, -0.07588875, 4.17663, 1, 1, 1, False
348.9554, 2021-06-16T10:45:59.2111570+08:00, 0, -0.07588875, 4.17663, 1, 1, 1, False
348.9594, 2021-06-16T10:45:59.2150730+08:00, 0, -0.07588875, 4.17663, 1, 1, 1, False
348.9631, 2021-06-16T10:45:59.2188210+08:00, 0, -0.07588875, 4.17663, 1, 1, 1, False
348.9672, 2021-06-16T10:45:59.2228970+08:00, 0, -0.07588875, 4.17663, 1, 1, 1, False
348.9716, 2021-06-16T10:45:59.2273090+08:00, 0, -0.07588875, 4.17663, 1, 1, 1, False
349.0075, 2021-06-16T10:45:59.2631980+08:00, 0, -0.07588875, 4.17663, 1, 1, 1, False
349.0113, 2021-06-16T10:45:59.2669680+08:00, 0, -0.07588875, 4.17663, 1, 1, 1, False
349.0151, 2021-06-16T10:45:59.2707700+08:00, 0, -0.07588875, 4.17663, 1, 1, 1, False
349.0192, 2021-06-16T10:45:59.2749130+08:00, 0, -0.07588875, 4.17663, 1, 1, 1, False
349.0234, 2021-06-16T10:45:59.2790900+08:00, 0, -0.07588875, 4.17663, 1, 1, 1, False
349.0273, 2021-06-16T10:45:59.2830230+08:00, 0, -0.07588875, 4.17663, 1, 1, 1, False
349.0313, 2021-06-16T10:45:59.2869980+08:00, 0, -0.07588875, 4.17663, 1, 1, 1, False
349.0354, 2021-06-16T10:45:59.2910860+08:00, 0, -0.07588875, 4.17663, 1, 1, 1, False
349.0394, 2021-06-16T10:45:59.2950380+08:00, 0, -0.07588875, 4.17663, 1, 1, 1, False
349.0432, 2021-06-16T10:45:59.2988830+08:00, 0, -0.07588875, 4.17663, 1, 1, 1, False
349.0474, 2021-06-16T10:45:59.3030510+08:00, 0, -0.07588875, 4.17663, 1, 1, 1, False
349.0514, 2021-06-16T10:45:59.3070770+08:00, 0, -0.07588875, 4.17663, 1, 1, 1, False
349.0555, 2021-06-16T10:45:59.3111610+08:00, 0, -0.07588875, 4.17663, 1, 1, 1, False
349.0593, 2021-06-16T10:45:59.3149270+08:00, 0, -0.07588875, 4.17663, 1, 1, 1, False
349.0633, 2021-06-16T10:45:59.3190250+08:00, 0, -0.07588875, 4.17663, 1, 1, 1, False
349.067, 2021-06-16T10:45:59.3227090+08:00, 0, -0.07588875, 4.17663, 1, 1, 1, False
349.0714, 2021-06-16T10:45:59.3271660+08:00, 0, -0.07588875, 4.17663, 1, 1, 1, False
349.0753, 2021-06-16T10:45:59.3310130+08:00, 0, -0.07588875, 4.17663, 1, 1, 1, False
349.0794, 2021-06-16T10:45:59.3350320+08:00, 0, -0.07588875, 4.17663, 1, 1, 1, False
349.0834, 2021-06-16T10:45:59.3391060+08:00, 0, -0.07588875, 4.17663, 1, 1, 1, False
349.0874, 2021-06-16T10:45:59.3431030+08:00, 0, -0.07588875, 4.17663, 1, 1, 1, False
349.0914, 2021-06-16T10:45:59.3470630+08:00, 0, -0.07588875, 4.17663, 1, 1, 1, False
349.0953, 2021-06-16T10:45:59.3509360+08:00, 0, -0.07588875, 4.17663, 1, 1, 1, False
349.0993, 2021-06-16T10:45:59.3549410+08:00, 0, -0.07588875, 4.17663, 1, 1, 1, False
349.1031, 2021-06-16T10:45:59.3588570+08:00, 0, -0.07588875, 4.17663, 1, 1, 1, False
349.1074, 2021-06-16T10:45:59.3630880+08:00, 0, -0.07588875, 4.17663, 1, 1, 1, False
349.1114, 2021-06-16T10:45:59.3670180+08:00, 0, -0.07588875, 4.17663, 1, 1, 1, False
349.1154, 2021-06-16T10:45:59.3710480+08:00, 0, -0.07588875, 4.17663, 1, 1, 1, False
349.1194, 2021-06-16T10:45:59.3750850+08:00, 0, -0.07588875, 4.17663, 1, 1, 1, False
349.123, 2021-06-16T10:45:59.3787160+08:00, 0, -0.07588875, 4.17663, 1, 1, 1, False
349.1276, 2021-06-16T10:45:59.3832430+08:00, 0, -0.07588875, 4.17663, 1, 1, 1, False
349.1636, 2021-06-16T10:45:59.4192830+08:00, 0, -0.07588875, 4.17663, 1, 1, 1, False
349.1671, 2021-06-16T10:45:59.4227810+08:00, 0, -0.07588875, 4.17663, 1, 1, 1, False
349.1714, 2021-06-16T10:45:59.4270430+08:00, 0, -0.07588875, 4.17663, 1, 1, 1, False
349.1754, 2021-06-16T10:45:59.4310860+08:00, 0, -0.07588875, 4.17663, 1, 1, 1, False
349.1794, 2021-06-16T10:45:59.4350360+08:00, 0, -0.07588875, 4.17663, 1, 1, 1, False
349.1831, 2021-06-16T10:45:59.4387610+08:00, 0, -0.07588875, 4.17663, 1, 1, 1, False
349.1875, 2021-06-16T10:45:59.4432130+08:00, 0, -0.07588875, 4.17663, 1, 1, 1, False
349.1911, 2021-06-16T10:45:59.4467260+08:00, 0, -0.07588875, 4.17663, 1, 1, 1, False
349.1952, 2021-06-16T10:45:59.4508740+08:00, 0, -0.07588875, 4.17663, 1, 1, 1, False
349.1994, 2021-06-16T10:45:59.4550280+08:00, 0, -0.07588875, 4.17663, 1, 1, 1, False
349.2034, 2021-06-16T10:45:59.4591490+08:00, 0, -0.07588875, 4.17663, 1, 1, 1, False
349.2075, 2021-06-16T10:45:59.4631250+08:00, 0, -0.07588875, 4.17663, 1, 1, 1, False
349.2114, 2021-06-16T10:45:59.4670860+08:00, 0, -0.07588875, 4.17663, 1, 1, 1, False
349.2152, 2021-06-16T10:45:59.4709250+08:00, 0, -0.07588875, 4.17663, 1, 1, 1, False
349.2197, 2021-06-16T10:45:59.4753820+08:00, 0, -0.07588875, 4.17663, 1, 1, 1, False
349.2234, 2021-06-16T10:45:59.4790450+08:00, 0, -0.07588875, 4.17663, 1, 1, 1, False
349.2272, 2021-06-16T10:45:59.4829080+08:00, 0, -0.07588875, 4.17663, 1, 1, 1, False
349.2315, 2021-06-16T10:45:59.4871590+08:00, 0, -0.07588875, 4.17663, 1, 1, 1, False
349.2353, 2021-06-16T10:45:59.4909830+08:00, 0, -0.07588875, 4.17663, 1, 1, 1, False
349.2393, 2021-06-16T10:45:59.4950240+08:00, 0, -0.07588875, 4.17663, 1, 1, 1, False
349.2434, 2021-06-16T10:45:59.4990530+08:00, 0, -0.07588875, 4.17663, 1, 1, 1, False
349.2472, 2021-06-16T10:45:59.5027910+08:00, 0, -0.07588875, 4.17663, 1, 1, 1, False
349.2516, 2021-06-16T10:45:59.5073180+08:00, 0, -0.07588875, 4.17663, 1, 1, 1, False
349.2551, 2021-06-16T10:45:59.5107740+08:00, 0, -0.07588875, 4.17663, 1, 1, 1, False
349.2595, 2021-06-16T10:45:59.5151380+08:00, 0, -0.07588875, 4.17663, 1, 1, 1, False
349.2635, 2021-06-16T10:45:59.5191440+08:00, 0, -0.07588875, 4.17663, 1, 1, 1, False
349.2672, 2021-06-16T10:45:59.5228130+08:00, 0, -0.07588875, 4.17663, 1, 1, 1, False
349.2712, 2021-06-16T10:45:59.5268500+08:00, 0, -0.07588875, 4.17663, 1, 1, 1, False
349.2756, 2021-06-16T10:45:59.5313140+08:00, 0, -0.07588875, 4.17663, 1, 1, 1, False
349.2794, 2021-06-16T10:45:59.5350350+08:00, 0, -0.07588875, 4.17663, 1, 1, 1, False
349.284, 2021-06-16T10:45:59.5396660+08:00, 0, -0.07588875, 4.17663, 1, 1, 1, False
349.3194, 2021-06-16T10:45:59.5750560+08:00, 0, -0.07588875, 4.17663, 1, 1, 1, False
349.3234, 2021-06-16T10:45:59.5790790+08:00, 0, -0.07588875, 4.17663, 1, 1, 1, False
349.3273, 2021-06-16T10:45:59.5829550+08:00, 0, -0.07588875, 4.17663, 1, 1, 1, False
349.3316, 2021-06-16T10:45:59.5872800+08:00, 0, -0.07588875, 4.17663, 1, 1, 1, False
349.3352, 2021-06-16T10:45:59.5908300+08:00, 0, -0.07588875, 4.17663, 1, 1, 1, False
349.3391, 2021-06-16T10:45:59.5947530+08:00, 0, -0.07588875, 4.17663, 1, 1, 1, False
349.3435, 2021-06-16T10:45:59.5992200+08:00, 0, -0.07588875, 4.17663, 1, 1, 1, False
349.3474, 2021-06-16T10:45:59.6030070+08:00, 0, -0.07588875, 4.17663, 1, 1, 1, False
349.3514, 2021-06-16T10:45:59.6071250+08:00, 0, -0.07588875, 4.17663, 1, 1, 1, False
349.3554, 2021-06-16T10:45:59.6111140+08:00, 0, -0.07588875, 4.17663, 1, 1, 1, False
349.3594, 2021-06-16T10:45:59.6150330+08:00, 0, -0.07588875, 4.17663, 1, 1, 1, False
349.3631, 2021-06-16T10:45:59.6188190+08:00, 0, -0.07588875, 4.17663, 1, 1, 1, False
349.3673, 2021-06-16T10:45:59.6229350+08:00, 0, -0.07588875, 4.17663, 1, 1, 1, False
349.3714, 2021-06-16T10:45:59.6270730+08:00, 0, -0.07588875, 4.17663, 1, 1, 1, False
349.3755, 2021-06-16T10:45:59.6311540+08:00, 0, -0.07588875, 4.17663, 1, 1, 1, False
349.3794, 2021-06-16T10:45:59.6350990+08:00, 0, -0.07588875, 4.17663, 1, 1, 1, False
349.3835, 2021-06-16T10:45:59.6392420+08:00, 0, -0.07588875, 4.17663, 1, 1, 1, False
349.3875, 2021-06-16T10:45:59.6431380+08:00, 0, -0.07588875, 4.17663, 1, 1, 1, False
349.3914, 2021-06-16T10:45:59.6470030+08:00, 0, -0.07588875, 4.17663, 1, 1, 1, False
349.3951, 2021-06-16T10:45:59.6507220+08:00, 0, -0.07588875, 4.17663, 1, 1, 1, False
349.3997, 2021-06-16T10:45:59.6553480+08:00, 0, -0.07588875, 4.17663, 1, 1, 1, False
349.4034, 2021-06-16T10:45:59.6590650+08:00, 0, -0.07588875, 4.17663, 1, 1, 1, False
349.4074, 2021-06-16T10:45:59.6630680+08:00, 0, -0.07588875, 4.17663, 1, 1, 1, False
349.4111, 2021-06-16T10:45:59.6667810+08:00, 0, -0.07588875, 4.17663, 1, 1, 1, False
349.4155, 2021-06-16T10:45:59.6711160+08:00, 0, -0.07588875, 4.17663, 1, 1, 1, False
349.4193, 2021-06-16T10:45:59.6750110+08:00, 0, -0.07588875, 4.17663, 1, 1, 1, False
349.4233, 2021-06-16T10:45:59.6790060+08:00, 0, -0.07588875, 4.17663, 1, 1, 1, False
349.4271, 2021-06-16T10:45:59.6827330+08:00, 0, -0.07588875, 4.17663, 1, 1, 1, False
349.4315, 2021-06-16T10:45:59.6871890+08:00, 0, -0.07588875, 4.17663, 1, 1, 1, False
349.4354, 2021-06-16T10:45:59.6910890+08:00, 0, -0.07588875, 4.17663, 1, 1, 1, False
349.4392, 2021-06-16T10:45:59.6948520+08:00, 0, -0.07588875, 4.17663, 1, 1, 1, False
349.4798, 2021-06-16T10:45:59.7354960+08:00, 0, -0.07588875, 4.17663, 1, 1, 1, False
349.4833, 2021-06-16T10:45:59.7389740+08:00, 0, -0.07588875, 4.17663, 1, 1, 1, False
349.4873, 2021-06-16T10:45:59.7429590+08:00, 0, -0.07588875, 4.17663, 1, 1, 1, False
349.4914, 2021-06-16T10:45:59.7470880+08:00, 0, -0.07588875, 4.17663, 1, 1, 1, False
349.4952, 2021-06-16T10:45:59.7508400+08:00, 0, -0.07588875, 4.17663, 1, 1, 1, False
349.4995, 2021-06-16T10:45:59.7551760+08:00, 0, -0.07588875, 4.17663, 1, 1, 1, False
349.5035, 2021-06-16T10:45:59.7591530+08:00, 0, -0.07588875, 4.17663, 1, 1, 1, False
349.5072, 2021-06-16T10:45:59.7628810+08:00, 0, -0.07588875, 4.17663, 1, 1, 1, False
349.5113, 2021-06-16T10:45:59.7669160+08:00, 0, -0.07588875, 4.17663, 1, 1, 1, False
349.515, 2021-06-16T10:45:59.7706290+08:00, 0, -0.07588875, 4.17663, 1, 1, 1, False
349.519, 2021-06-16T10:45:59.7747200+08:00, 0, -0.07588875, 4.17663, 1, 1, 1, False
349.5235, 2021-06-16T10:45:59.7791920+08:00, 0, -0.07588875, 4.17663, 1, 1, 1, False
349.5273, 2021-06-16T10:45:59.7830050+08:00, 0, -0.07588875, 4.17663, 1, 1, 1, False
349.5314, 2021-06-16T10:45:59.7870790+08:00, 0, -0.07588875, 4.17663, 1, 1, 1, False
349.5354, 2021-06-16T10:45:59.7910840+08:00, 0, -0.07588875, 4.17663, 1, 1, 1, False
349.5394, 2021-06-16T10:45:59.7950720+08:00, 0, -0.07588875, 4.17663, 1, 1, 1, False
349.5432, 2021-06-16T10:45:59.7988870+08:00, 0, -0.07588875, 4.17663, 1, 1, 1, False
349.5471, 2021-06-16T10:45:59.8027710+08:00, 0, -0.07588875, 4.17663, 1, 1, 1, False
349.5513, 2021-06-16T10:45:59.8069820+08:00, 0, -0.07588875, 4.17663, 1, 1, 1, False
349.5556, 2021-06-16T10:45:59.8112960+08:00, 0, -0.07588875, 4.17663, 1, 1, 1, False
349.5594, 2021-06-16T10:45:59.8150770+08:00, 0, -0.07588875, 4.17663, 1, 1, 1, False
349.5631, 2021-06-16T10:45:59.8188290+08:00, 0, -0.07588875, 4.17663, 1, 1, 1, False
349.5673, 2021-06-16T10:45:59.8229920+08:00, 0, -0.07588875, 4.17663, 1, 1, 1, False
349.5714, 2021-06-16T10:45:59.8270330+08:00, 0, -0.07588875, 4.17663, 1, 1, 1, False
349.5751, 2021-06-16T10:45:59.8309190+08:00, 0, -0.07588875, 4.17663, 1, 1, 1, False
349.5796, 2021-06-16T10:45:59.8352880+08:00, 0, -0.07588875, 4.17663, 1, 1, 1, False
349.5834, 2021-06-16T10:45:59.8391090+08:00, 0, -0.07588875, 4.17663, 1, 1, 1, False
349.5876, 2021-06-16T10:45:59.8432880+08:00, 0, -0.07588875, 4.17663, 1, 1, 1, False
349.5919, 2021-06-16T10:45:59.8476300+08:00, 0, -0.07588875, 4.17663, 1, 1, 1, False
349.5995, 2021-06-16T10:45:59.8551770+08:00, 0, -0.07588875, 4.17663, 1, 1, 1, False
349.6035, 2021-06-16T10:45:59.8592180+08:00, 0, -0.07588875, 4.17663, 1, 1, 1, False
349.6395, 2021-06-16T10:45:59.8952130+08:00, 0, -0.07588875, 4.17663, 1, 1, 1, False
349.6431, 2021-06-16T10:45:59.8987810+08:00, 0, -0.07588875, 4.17663, 1, 1, 1, False
349.6479, 2021-06-16T10:45:59.9035650+08:00, 0, -0.07588875, 4.17663, 1, 1, 1, False
349.6514, 2021-06-16T10:45:59.9070440+08:00, 0, -0.07588875, 4.17663, 1, 1, 1, False
349.6552, 2021-06-16T10:45:59.9108180+08:00, 0, -0.07588875, 4.17663, 1, 1, 1, False
349.6595, 2021-06-16T10:45:59.9151900+08:00, 0, -0.07588875, 4.17663, 1, 1, 1, False
349.6634, 2021-06-16T10:45:59.9190940+08:00, 0, -0.07588875, 4.17663, 1, 1, 1, False
349.6672, 2021-06-16T10:45:59.9228440+08:00, 0, -0.07588875, 4.17663, 1, 1, 1, False
349.6711, 2021-06-16T10:45:59.9267020+08:00, 0, -0.07588875, 4.17663, 1, 1, 1, False
349.6754, 2021-06-16T10:45:59.9311050+08:00, 0, -0.07588875, 4.17663, 1, 1, 1, False
349.6795, 2021-06-16T10:45:59.9351710+08:00, 0, -0.07588875, 4.17663, 1, 1, 1, False
349.6832, 2021-06-16T10:45:59.9389260+08:00, 0, -0.07588875, 4.17663, 1, 1, 1, False
349.6873, 2021-06-16T10:45:59.9430250+08:00, 0, -0.07588875, 4.17663, 1, 1, 1, False
349.6916, 2021-06-16T10:45:59.9472880+08:00, 0, -0.07588875, 4.17663, 1, 1, 1, False
349.6953, 2021-06-16T10:45:59.9509340+08:00, 0, -0.07588875, 4.17663, 1, 1, 1, False
349.6991, 2021-06-16T10:45:59.9547990+08:00, 0, -0.07588875, 4.17663, 1, 1, 1, False
349.7035, 2021-06-16T10:45:59.9591990+08:00, 0, -0.07588875, 4.17663, 1, 1, 1, False
349.707, 2021-06-16T10:45:59.9626670+08:00, 0, -0.07588875, 4.17663, 1, 1, 1, False
349.7113, 2021-06-16T10:45:59.9669740+08:00, 0, -0.07588875, 4.17663, 1, 1, 1, False
349.7154, 2021-06-16T10:45:59.9710060+08:00, 0, -0.07588875, 4.17663, 1, 1, 1, False
349.7195, 2021-06-16T10:45:59.9751470+08:00, 0, -0.07588875, 4.17663, 1, 1, 1, False
349.7234, 2021-06-16T10:45:59.9791020+08:00, 0, -0.07588875, 4.17663, 1, 1, 1, False
349.7274, 2021-06-16T10:45:59.9829990+08:00, 0, -0.07588875, 4.17663, 1, 1, 1, False
349.7313, 2021-06-16T10:45:59.9869620+08:00, 0, -0.07588875, 4.17663, 1, 1, 1, False
349.7355, 2021-06-16T10:45:59.9911850+08:00, 0, -0.07588875, 4.17663, 1, 1, 1, False
349.7393, 2021-06-16T10:45:59.9949700+08:00, 0, -0.07588875, 4.17663, 1, 1, 1, False
349.7433, 2021-06-16T10:45:59.9989940+08:00, 0, -0.07588875, 4.17663, 1, 1, 1, False
349.7472, 2021-06-16T10:46:00.0028970+08:00, 0, -0.07588875, 4.17663, 1, 1, 1, False
349.7514, 2021-06-16T10:46:00.0070670+08:00, 0, -0.07588875, 4.17663, 1, 1, 1, False
349.7551, 2021-06-16T10:46:00.0108020+08:00, 0, -0.07588875, 4.17663, 1, 1, 1, False
349.7595, 2021-06-16T10:46:00.0151220+08:00, 0, -0.07588875, 4.17663, 1, 1, 1, False
349.7914, 2021-06-16T10:46:00.0471400+08:00, 0, -0.07588875, 4.17663, 1, 1, 1, False
349.7954, 2021-06-16T10:46:00.0510710+08:00, 0, -0.07588875, 4.17663, 1, 1, 1, False
349.7993, 2021-06-16T10:46:00.0550130+08:00, 0, -0.07588875, 4.17663, 1, 1, 1, False
349.8104, 2021-06-16T10:46:00.0660760+08:00, 0, -0.07588875, 4.17663, 1, 1, 1, False
349.82, 2021-06-16T10:46:00.0757510+08:00, 0, -0.07588875, 4.17663, 1, 1, 1, False
349.823, 2021-06-16T10:46:00.0786980+08:00, 0, -0.07588875, 4.17663, 1, 1, 1, False
349.8271, 2021-06-16T10:46:00.0827580+08:00, 0, -0.07588875, 4.17663, 1, 1, 1, False
349.8316, 2021-06-16T10:46:00.0873050+08:00, 0, -0.07588875, 4.17663, 1, 1, 1, False
349.8351, 2021-06-16T10:46:00.0907710+08:00, 0, -0.07588875, 4.17663, 1, 1, 1, False
349.8394, 2021-06-16T10:46:00.0950940+08:00, 0, -0.07588875, 4.17663, 1, 1, 1, False
349.8436, 2021-06-16T10:46:00.0993280+08:00, 0, -0.07588875, 4.17663, 1, 1, 1, False
349.847, 2021-06-16T10:46:00.1027040+08:00, 0, -0.07588875, 4.17663, 1, 1, 1, False
349.8514, 2021-06-16T10:46:00.1070730+08:00, 0, -0.07588875, 4.17663, 1, 1, 1, False
349.8554, 2021-06-16T10:46:00.1111170+08:00, 0, -0.07588875, 4.17663, 1, 1, 1, False
349.8594, 2021-06-16T10:46:00.1150820+08:00, 0, -0.07588875, 4.17663, 1, 1, 1, False
349.8633, 2021-06-16T10:46:00.1189770+08:00, 0, -0.07588875, 4.17663, 1, 1, 1, False
349.8672, 2021-06-16T10:46:00.1229020+08:00, 0, -0.07588875, 4.17663, 1, 1, 1, False
349.8716, 2021-06-16T10:46:00.1274850+08:00, 0, -0.07588875, 4.17663, 1, 1, 1, False
349.8753, 2021-06-16T10:46:00.1309710+08:00, 0, -0.07588875, 4.17663, 1, 1, 1, False
349.8793, 2021-06-16T10:46:00.1349690+08:00, 0, -0.07588875, 4.17663, 1, 1, 1, False
349.8835, 2021-06-16T10:46:00.1391740+08:00, 0, -0.07588875, 4.17663, 1, 1, 1, False
349.8878, 2021-06-16T10:46:00.1434770+08:00, 0, -0.07588875, 4.17663, 1, 1, 1, False
349.8911, 2021-06-16T10:46:00.1467520+08:00, 0, -0.07588875, 4.17663, 1, 1, 1, False
349.899, 2021-06-16T10:46:00.1547240+08:00, 0, -0.07588875, 4.17663, 1, 1, 1, False
349.9037, 2021-06-16T10:46:00.1594000+08:00, 0, -0.07588875, 4.17663, 1, 1, 1, False
349.9074, 2021-06-16T10:46:00.1630760+08:00, 0, -0.07588875, 4.17663, 1, 1, 1, False
349.9115, 2021-06-16T10:46:00.1672200+08:00, 0, -0.07588875, 4.17663, 1, 1, 1, False
349.9155, 2021-06-16T10:46:00.1711350+08:00, 0, -0.07588875, 4.17663, 1, 1, 1, False
349.9195, 2021-06-16T10:46:00.1752020+08:00, 0, -0.07588875, 4.17663, 1, 1, 1, False
349.9234, 2021-06-16T10:46:00.1790950+08:00, 0, -0.07588875, 4.17663, 1, 1, 1, False
349.9275, 2021-06-16T10:46:00.1831750+08:00, 0, -0.07588875, 4.17663, 1, 1, 1, False
349.9635, 2021-06-16T10:46:00.2191930+08:00, 0, -0.07588875, 4.17663, 1, 1, 1, False
349.9674, 2021-06-16T10:46:00.2230820+08:00, 0, -0.07588875, 4.17663, 1, 1, 1, False
349.9713, 2021-06-16T10:46:00.2270150+08:00, 0, -0.07588875, 4.17663, 1, 1, 1, False
349.9755, 2021-06-16T10:46:00.2311700+08:00, 0, -0.07588875, 4.17663, 1, 1, 1, False
349.9792, 2021-06-16T10:46:00.2349130+08:00, 0, -0.07588875, 4.17663, 1, 1, 1, False
349.9834, 2021-06-16T10:46:00.2391130+08:00, 0, -0.07588875, 4.17663, 1, 1, 1, False
349.9871, 2021-06-16T10:46:00.2428540+08:00, 0, -0.07588875, 4.17663, 1, 1, 1, False
349.9915, 2021-06-16T10:46:00.2471420+08:00, 0, -0.07588875, 4.17663, 1, 1, 1, False
349.9953, 2021-06-16T10:46:00.2509280+08:00, 0, -0.07588875, 4.17663, 1, 1, 1, False
349.9994, 2021-06-16T10:46:00.2550040+08:00, 0, -0.07588875, 4.17663, 1, 1, 1, False
350.0034, 2021-06-16T10:46:00.2590970+08:00, 0, -0.07588875, 4.17663, 1, 1, 1, False
350.0074, 2021-06-16T10:46:00.2629840+08:00, 0, -0.07588875, 4.17663, 1, 1, 1, False
350.0112, 2021-06-16T10:46:00.2668710+08:00, 0, -0.07588875, 4.17663, 1, 1, 1, False
350.0155, 2021-06-16T10:46:00.2711330+08:00, 0, -0.07588875, 4.17663, 1, 1, 1, False
350.0194, 2021-06-16T10:46:00.2751040+08:00, 0, -0.07588875, 4.17663, 1, 1, 1, False
350.0234, 2021-06-16T10:46:00.2790800+08:00, 0, -0.07588875, 4.17663, 1, 1, 1, False
350.0273, 2021-06-16T10:46:00.2829660+08:00, 0, -0.07588875, 4.17663, 1, 1, 1, False
350.0313, 2021-06-16T10:46:00.2869820+08:00, 0, -0.07588875, 4.17663, 1, 1, 1, False
350.0355, 2021-06-16T10:46:00.2911470+08:00, 0, -0.07588875, 4.17663, 1, 1, 1, False
350.0393, 2021-06-16T10:46:00.2949560+08:00, 0, -0.07588875, 4.17663, 1, 1, 1, False
350.0431, 2021-06-16T10:46:00.2987990+08:00, 0, -0.07588875, 4.17663, 1, 1, 1, False
350.0471, 2021-06-16T10:46:00.3027020+08:00, 0, -0.07588875, 4.17663, 1, 1, 1, False
350.0511, 2021-06-16T10:46:00.3068290+08:00, 0, -0.07588875, 4.17663, 1, 1, 1, False
350.0554, 2021-06-16T10:46:00.3110370+08:00, 0, -0.07588875, 4.17663, 1, 1, 1, False
350.059, 2021-06-16T10:46:00.3146460+08:00, 0, -0.07588875, 4.17663, 1, 1, 1, False
350.0634, 2021-06-16T10:46:00.3190380+08:00, 0, -0.07588875, 4.17663, 1, 1, 1, False
350.0672, 2021-06-16T10:46:00.3228790+08:00, 0, -0.07588875, 4.17663, 1, 1, 1, False
350.0712, 2021-06-16T10:46:00.3268690+08:00, 0, -0.07588875, 4.17663, 1, 1, 1, False
350.0752, 2021-06-16T10:46:00.3308750+08:00, 0, -0.07588875, 4.17663, 1, 1, 1, False
350.0794, 2021-06-16T10:46:00.3350890+08:00, 0, -0.07588875, 4.17663, 1, 1, 1, False
350.0836, 2021-06-16T10:46:00.3392960+08:00, 0, -0.07588875, 4.17663, 1, 1, 1, False
350.1163, 2021-06-16T10:46:00.3720270+08:00, 0, -0.07588875, 4.17663, 1, 1, 1, False
350.1193, 2021-06-16T10:46:00.3749310+08:00, 0, -0.07588875, 4.17663, 1, 1, 1, False
350.1234, 2021-06-16T10:46:00.3790620+08:00, 0, -0.07588875, 4.17663, 1, 1, 1, False
350.1274, 2021-06-16T10:46:00.3830770+08:00, 0, -0.07588875, 4.17663, 1, 1, 1, False
350.1314, 2021-06-16T10:46:00.3870670+08:00, 0, -0.07588875, 4.17663, 1, 1, 1, False
350.1351, 2021-06-16T10:46:00.3907560+08:00, 0, -0.07588875, 4.17663, 1, 1, 1, False
350.1394, 2021-06-16T10:46:00.3950880+08:00, 0, -0.07588875, 4.17663, 1, 1, 1, False
350.1433, 2021-06-16T10:46:00.3990150+08:00, 0, -0.07588875, 4.17663, 1, 1, 1, False
350.147, 2021-06-16T10:46:00.4027030+08:00, 0, -0.07588875, 4.17663, 1, 1, 1, False
350.1516, 2021-06-16T10:46:00.4073130+08:00, 0, -0.07588875, 4.17663, 1, 1, 1, False
350.1553, 2021-06-16T10:46:00.4109630+08:00, 0, -0.07588875, 4.17663, 1, 1, 1, False
350.1591, 2021-06-16T10:46:00.4149020+08:00, 0, -0.07588875, 4.17663, 1, 1, 1, False
350.1635, 2021-06-16T10:46:00.4191610+08:00, 0, -0.07588875, 4.17663, 1, 1, 1, False
350.1671, 2021-06-16T10:46:00.4227380+08:00, 0, -0.07588875, 4.17663, 1, 1, 1, False
350.1713, 2021-06-16T10:46:00.4269060+08:00, 0, -0.07588875, 4.17663, 1, 1, 1, False
350.1754, 2021-06-16T10:46:00.4310640+08:00, 0, -0.07588875, 4.17663, 1, 1, 1, False
350.179, 2021-06-16T10:46:00.4346160+08:00, 0, -0.07588875, 4.17663, 1, 1, 1, False
350.1832, 2021-06-16T10:46:00.4388940+08:00, 0, -0.07588875, 4.17663, 1, 1, 1, False
350.1873, 2021-06-16T10:46:00.4429220+08:00, 0, -0.07588875, 4.17663, 1, 1, 1, False
350.1913, 2021-06-16T10:46:00.4470050+08:00, 0, -0.07588875, 4.17663, 1, 1, 1, False
350.1953, 2021-06-16T10:46:00.4510090+08:00, 0, -0.07588875, 4.17663, 1, 1, 1, False
350.1994, 2021-06-16T10:46:00.4550480+08:00, 0, -0.07588875, 4.17663, 1, 1, 1, False
350.2034, 2021-06-16T10:46:00.4591020+08:00, 0, -0.07588875, 4.17663, 1, 1, 1, False
350.207, 2021-06-16T10:46:00.4626890+08:00, 0, -0.07588875, 4.17663, 1, 1, 1, False
350.2114, 2021-06-16T10:46:00.4670420+08:00, 0, -0.07588875, 4.17663, 1, 1, 1, False
350.2155, 2021-06-16T10:46:00.4711020+08:00, 0, -0.07588875, 4.17663, 1, 1, 1, False
350.2191, 2021-06-16T10:46:00.4747980+08:00, 0, -0.07588875, 4.17663, 1, 1, 1, False
350.2231, 2021-06-16T10:46:00.4788120+08:00, 0, -0.07588875, 4.17663, 1, 1, 1, False
350.2271, 2021-06-16T10:46:00.4827630+08:00, 0, -0.07588875, 4.17663, 1, 1, 1, False
350.2314, 2021-06-16T10:46:00.4870460+08:00, 0, -0.07588875, 4.17663, 1, 1, 1, False
350.2356, 2021-06-16T10:46:00.4912560+08:00, 0, -0.07588875, 4.17663, 1, 1, 1, False
350.2673, 2021-06-16T10:46:00.5229980+08:00, 0, -0.07588875, 4.17663, 1, 1, 1, False
350.2714, 2021-06-16T10:46:00.5270750+08:00, 0, -0.07588875, 4.17663, 1, 1, 1, False
350.2754, 2021-06-16T10:46:00.5310320+08:00, 0, -0.07588875, 4.17663, 1, 1, 1, False
350.2794, 2021-06-16T10:46:00.5350140+08:00, 0, -0.07588875, 4.17663, 1, 1, 1, False
350.2831, 2021-06-16T10:46:00.5387540+08:00, 0, -0.07588875, 4.17663, 1, 1, 1, False
350.2872, 2021-06-16T10:46:00.5428540+08:00, 0, -0.07588875, 4.17663, 1, 1, 1, False
350.2914, 2021-06-16T10:46:00.5470880+08:00, 0, -0.07588875, 4.17663, 1, 1, 1, False
350.2953, 2021-06-16T10:46:00.5509670+08:00, 0, -0.07588875, 4.17663, 1, 1, 1, False
350.2992, 2021-06-16T10:46:00.5548530+08:00, 0, -0.07588875, 4.17663, 1, 1, 1, False
350.3034, 2021-06-16T10:46:00.5591220+08:00, 0, -0.07588875, 4.17663, 1, 1, 1, False
350.3073, 2021-06-16T10:46:00.5629820+08:00, 0, -0.07588875, 4.17663, 1, 1, 1, False
350.3112, 2021-06-16T10:46:00.5668380+08:00, 0, -0.07588875, 4.17663, 1, 1, 1, False
350.3155, 2021-06-16T10:46:00.5711020+08:00, 0, -0.07588875, 4.17663, 1, 1, 1, False
350.3194, 2021-06-16T10:46:00.5750610+08:00, 0, -0.07588875, 4.17663, 1, 1, 1, False
350.3234, 2021-06-16T10:46:00.5790260+08:00, 0, -0.07588875, 4.17663, 1, 1, 1, False
350.3274, 2021-06-16T10:46:00.5830320+08:00, 0, -0.07588875, 4.17663, 1, 1, 1, False
350.3314, 2021-06-16T10:46:00.5870150+08:00, 0, -0.07588875, 4.17663, 1, 1, 1, False
350.3351, 2021-06-16T10:46:00.5908140+08:00, 0, -0.07588875, 4.17663, 1, 1, 1, False
350.3394, 2021-06-16T10:46:00.5951690+08:00, 0, -0.07588875, 4.17663, 1, 1, 1, False
350.3429, 2021-06-16T10:46:00.5986020+08:00, 0, -0.07588875, 4.17663, 1, 1, 1, False
350.3476, 2021-06-16T10:46:00.6032640+08:00, 0, -0.07588875, 4.17663, 1, 1, 1, False
350.3514, 2021-06-16T10:46:00.6070460+08:00, 0, -0.07588875, 4.17663, 1, 1, 1, False
350.3554, 2021-06-16T10:46:00.6110220+08:00, 0, -0.07588875, 4.17663, 1, 1, 1, False
350.3592, 2021-06-16T10:46:00.6148780+08:00, 0, -0.07588875, 4.17663, 1, 1, 1, False
350.3634, 2021-06-16T10:46:00.6191360+08:00, 0, -0.07588875, 4.17663, 1, 1, 1, False
350.3672, 2021-06-16T10:46:00.6228900+08:00, 0, -0.07588875, 4.17663, 1, 1, 1, False
350.3714, 2021-06-16T10:46:00.6270360+08:00, 0, -0.07588875, 4.17663, 1, 1, 1, False
350.3754, 2021-06-16T10:46:00.6310030+08:00, 0, -0.07588875, 4.17663, 1, 1, 1, False
350.3795, 2021-06-16T10:46:00.6351240+08:00, 0, -0.07588875, 4.17663, 1, 1, 1, False
350.3833, 2021-06-16T10:46:00.6389870+08:00, 0, -0.07588875, 4.17663, 1, 1, 1, False
350.3875, 2021-06-16T10:46:00.6431400+08:00, 0, -0.07588875, 4.17663, 1, 1, 1, False
350.4196, 2021-06-16T10:46:00.6752510+08:00, 0, -0.07588875, 4.17663, 1, 1, 1, False
350.4234, 2021-06-16T10:46:00.6790680+08:00, 0, -0.07588875, 4.17663, 1, 1, 1, False
350.4274, 2021-06-16T10:46:00.6830610+08:00, 0, -0.07588875, 4.17663, 1, 1, 1, False
350.4314, 2021-06-16T10:46:00.6870540+08:00, 0, -0.07588875, 4.17663, 1, 1, 1, False
350.4351, 2021-06-16T10:46:00.6907720+08:00, 0, -0.07588875, 4.17663, 1, 1, 1, False
350.4395, 2021-06-16T10:46:00.6951500+08:00, 0, -0.07588875, 4.17663, 1, 1, 1, False
350.4435, 2021-06-16T10:46:00.6991330+08:00, 0, -0.07588875, 4.17663, 1, 1, 1, False
350.4471, 2021-06-16T10:46:00.7027950+08:00, 0, -0.07588875, 4.17663, 1, 1, 1, False
350.4512, 2021-06-16T10:46:00.7068130+08:00, 0, -0.07588875, 4.17663, 1, 1, 1, False
350.4554, 2021-06-16T10:46:00.7111120+08:00, 0, -0.07588875, 4.17663, 1, 1, 1, False
350.4591, 2021-06-16T10:46:00.7147700+08:00, 0, -0.07588875, 4.17663, 1, 1, 1, False
350.4635, 2021-06-16T10:46:00.7192570+08:00, 0, -0.07588875, 4.17663, 1, 1, 1, False
350.4673, 2021-06-16T10:46:00.7229570+08:00, 0, -0.07588875, 4.17663, 1, 1, 1, False
350.4713, 2021-06-16T10:46:00.7269620+08:00, 0, -0.07588875, 4.17663, 1, 1, 1, False
350.4752, 2021-06-16T10:46:00.7308470+08:00, 0, -0.07588875, 4.17663, 1, 1, 1, False
350.4795, 2021-06-16T10:46:00.7351110+08:00, 0, -0.07588875, 4.17663, 1, 1, 1, False
350.4835, 2021-06-16T10:46:00.7391910+08:00, 0, -0.07588875, 4.17663, 1, 1, 1, False
350.4873, 2021-06-16T10:46:00.7430600+08:00, 0, -0.07588875, 4.17663, 1, 1, 1, False
350.4915, 2021-06-16T10:46:00.7471220+08:00, 0, -0.07588875, 4.17663, 1, 1, 1, False
350.4954, 2021-06-16T10:46:00.7511000+08:00, 0, -0.07588875, 4.17663, 1, 1, 1, False
350.4995, 2021-06-16T10:46:00.7551460+08:00, 0, -0.07588875, 4.17663, 1, 1, 1, False
350.5035, 2021-06-16T10:46:00.7592450+08:00, 0, -0.07588875, 4.17663, 1, 1, 1, False
350.5073, 2021-06-16T10:46:00.7629730+08:00, 0, -0.07588875, 4.17663, 1, 1, 1, False
350.5113, 2021-06-16T10:46:00.7669580+08:00, 0, -0.07588875, 4.17663, 1, 1, 1, False
350.5155, 2021-06-16T10:46:00.7711690+08:00, 0, -0.07588875, 4.17663, 1, 1, 1, False
350.5195, 2021-06-16T10:46:00.7751630+08:00, 0, -0.07588875, 4.17663, 1, 1, 1, False
350.5235, 2021-06-16T10:46:00.7791670+08:00, 0, -0.07588875, 4.17663, 1, 1, 1, False
350.5274, 2021-06-16T10:46:00.7830610+08:00, 0, -0.07588875, 4.17663, 1, 1, 1, False
350.5314, 2021-06-16T10:46:00.7870220+08:00, 0, -0.07588875, 4.17663, 1, 1, 1, False
350.5356, 2021-06-16T10:46:00.7912530+08:00, 0, -0.07588875, 4.17663, 1, 1, 1, False
350.5413, 2021-06-16T10:46:00.7970340+08:00, 0, -0.07588875, 4.17663, 1, 1, 1, False
350.5927, 2021-06-16T10:46:00.8486540+08:00, 0, -0.07588875, 4.17663, 1, 1, 1, False
350.5952, 2021-06-16T10:46:00.8509550+08:00, 0, -0.07588875, 4.17663, 1, 1, 1, False
350.5992, 2021-06-16T10:46:00.8549080+08:00, 0, -0.07588875, 4.17663, 1, 1, 1, False
350.6035, 2021-06-16T10:46:00.8592550+08:00, 0, -0.07588875, 4.17663, 1, 1, 1, False
350.6074, 2021-06-16T10:46:00.8630930+08:00, 0, -0.07588875, 4.17663, 1, 1, 1, False
350.6115, 2021-06-16T10:46:00.8671290+08:00, 0, -0.07588875, 4.17663, 1, 1, 1, False
350.6154, 2021-06-16T10:46:00.8710290+08:00, 0, -0.07588875, 4.17663, 1, 1, 1, False
350.6194, 2021-06-16T10:46:00.8751110+08:00, 0, -0.07588875, 4.17663, 1, 1, 1, False
350.6235, 2021-06-16T10:46:00.8791760+08:00, 0, -0.07588875, 4.17663, 1, 1, 1, False
350.6273, 2021-06-16T10:46:00.8830080+08:00, 0, -0.07588875, 4.17663, 1, 1, 1, False
350.6314, 2021-06-16T10:46:00.8870530+08:00, 0, -0.07588875, 4.17663, 1, 1, 1, False
350.6353, 2021-06-16T10:46:00.8910130+08:00, 0, -0.07588875, 4.17663, 1, 1, 1, False
350.6396, 2021-06-16T10:46:00.8953480+08:00, 0, -0.07588875, 4.17663, 1, 1, 1, False
350.6435, 2021-06-16T10:46:00.8992370+08:00, 0, -0.07588875, 4.17663, 1, 1, 1, False
350.6473, 2021-06-16T10:46:00.9029690+08:00, 0, -0.07588875, 4.17663, 1, 1, 1, False
350.6514, 2021-06-16T10:46:00.9071070+08:00, 0, -0.07588875, 4.17663, 1, 1, 1, False
350.6553, 2021-06-16T10:46:00.9109920+08:00, 0, -0.07588875, 4.17663, 1, 1, 1, False
350.6595, 2021-06-16T10:46:00.9151780+08:00, 0, -0.07588875, 4.17663, 1, 1, 1, False
350.6635, 2021-06-16T10:46:00.9191530+08:00, 0, -0.07588875, 4.17663, 1, 1, 1, False
350.6674, 2021-06-16T10:46:00.9230430+08:00, 0, -0.07588875, 4.17663, 1, 1, 1, False
350.6714, 2021-06-16T10:46:00.9270950+08:00, 0, -0.07588875, 4.17663, 1, 1, 1, False
350.6757, 2021-06-16T10:46:00.9313830+08:00, 0, -0.07588875, 4.17663, 1, 1, 1, False
350.6795, 2021-06-16T10:46:00.9351860+08:00, 0, -0.07588875, 4.17663, 1, 1, 1, False
350.6835, 2021-06-16T10:46:00.9391540+08:00, 0, -0.07588875, 4.17663, 1, 1, 1, False
350.6874, 2021-06-16T10:46:00.9431030+08:00, 0, -0.07588875, 4.17663, 1, 1, 1, False
350.691, 2021-06-16T10:46:00.9466790+08:00, 0, -0.07588875, 4.17663, 1, 1, 1, False
350.6956, 2021-06-16T10:46:00.9512190+08:00, 0, -0.07588875, 4.17663, 1, 1, 1, False
350.6995, 2021-06-16T10:46:00.9551360+08:00, 0, -0.07588875, 4.17663, 1, 1, 1, False
350.7033, 2021-06-16T10:46:00.9590300+08:00, 0, -0.07588875, 4.17663, 1, 1, 1, False
350.7074, 2021-06-16T10:46:00.9630790+08:00, 0, -0.07588875, 4.17663, 1, 1, 1, False
350.7112, 2021-06-16T10:46:00.9668760+08:00, 0, -0.07588875, 4.17663, 1, 1, 1, False
350.7434, 2021-06-16T10:46:00.9991310+08:00, 0, -0.07588875, 4.17663, 1, 1, 1, False
350.7475, 2021-06-16T10:46:01.0031530+08:00, 0, -0.07588875, 4.17663, 1, 1, 1, False
350.7514, 2021-06-16T10:46:01.0070590+08:00, 0, -0.07588875, 4.17663, 1, 1, 1, False
350.7556, 2021-06-16T10:46:01.0112790+08:00, 0, -0.07588875, 4.17663, 1, 1, 1, False
350.7595, 2021-06-16T10:46:01.0151190+08:00, 0, -0.07588875, 4.17663, 1, 1, 1, False
350.7634, 2021-06-16T10:46:01.0190520+08:00, 0, -0.07588875, 4.17663, 1, 1, 1, False
350.7672, 2021-06-16T10:46:01.0229360+08:00, 0, -0.07588875, 4.17663, 1, 1, 1, False
350.7716, 2021-06-16T10:46:01.0273070+08:00, 0, -0.07588875, 4.17663, 1, 1, 1, False
350.7754, 2021-06-16T10:46:01.0311090+08:00, 0, -0.07588875, 4.17663, 1, 1, 1, False
350.7795, 2021-06-16T10:46:01.0351820+08:00, 0, -0.07588875, 4.17663, 1, 1, 1, False
350.7838, 2021-06-16T10:46:01.0394880+08:00, 0, -0.07588875, 4.17663, 1, 1, 1, False
350.7875, 2021-06-16T10:46:01.0431580+08:00, 0, -0.07588875, 4.17663, 1, 1, 1, False
350.7912, 2021-06-16T10:46:01.0468710+08:00, 0, -0.07588875, 4.17663, 1, 1, 1, False
350.7951, 2021-06-16T10:46:01.0507930+08:00, 0, -0.07588875, 4.17663, 1, 1, 1, False
350.7997, 2021-06-16T10:46:01.0555330+08:00, 0, -0.07588875, 4.17663, 1, 1, 1, False
350.8034, 2021-06-16T10:46:01.0591110+08:00, 0, -0.07588875, 4.17663, 1, 1, 1, False
350.8075, 2021-06-16T10:46:01.0631830+08:00, 0, -0.07588875, 4.17663, 1, 1, 1, False
350.8112, 2021-06-16T10:46:01.0669410+08:00, 0, -0.07588875, 4.17663, 1, 1, 1, False
350.8152, 2021-06-16T10:46:01.0709740+08:00, 0, -0.07588875, 4.17663, 1, 1, 1, False
350.8192, 2021-06-16T10:46:01.0749210+08:00, 0, -0.07588875, 4.17663, 1, 1, 1, False
350.8234, 2021-06-16T10:46:01.0791550+08:00, 0, -0.07588875, 4.17663, 1, 1, 1, False
350.8274, 2021-06-16T10:46:01.0830390+08:00, 0, -0.07588875, 4.17663, 1, 1, 1, False
350.8315, 2021-06-16T10:46:01.0871600+08:00, 0, -0.07588875, 4.17663, 1, 1, 1, False
350.8354, 2021-06-16T10:46:01.0911300+08:00, 0, -0.07588875, 4.17663, 1, 1, 1, False
350.8394, 2021-06-16T10:46:01.0950360+08:00, 0, -0.07588875, 4.17663, 1, 1, 1, False
350.8435, 2021-06-16T10:46:01.0992290+08:00, 0, -0.07588875, 4.17663, 1, 1, 1, False
350.8475, 2021-06-16T10:46:01.1031460+08:00, 0, -0.07588875, 4.17663, 1, 1, 1, False
350.8515, 2021-06-16T10:46:01.1071680+08:00, 0, -0.07588875, 4.17663, 1, 1, 1, False
350.8553, 2021-06-16T10:46:01.1109720+08:00, 0, -0.07588875, 4.17663, 1, 1, 1, False
350.8595, 2021-06-16T10:46:01.1151670+08:00, 0, -0.07588875, 4.17663, 1, 1, 1, False
350.864, 2021-06-16T10:46:01.1197130+08:00, 0, -0.07588875, 4.17663, 1, 1, 1, False
350.9005, 2021-06-16T10:46:01.1561800+08:00, 0, -0.07588875, 4.17663, 1, 1, 1, False
350.9034, 2021-06-16T10:46:01.1591570+08:00, 0, -0.07588875, 4.17663, 1, 1, 1, False
350.9075, 2021-06-16T10:46:01.1632170+08:00, 0, -0.07588875, 4.17663, 1, 1, 1, False
350.9115, 2021-06-16T10:46:01.1671380+08:00, 0, -0.07588875, 4.17663, 1, 1, 1, False
350.9159, 2021-06-16T10:46:01.1715640+08:00, 0, -0.07588875, 4.17663, 1, 1, 1, False
350.9196, 2021-06-16T10:46:01.1752790+08:00, 0, -0.07588875, 4.17663, 1, 1, 1, False
350.9232, 2021-06-16T10:46:01.1789250+08:00, 0, -0.07588875, 4.17663, 1, 1, 1, False
350.9274, 2021-06-16T10:46:01.1830390+08:00, 0, -0.07588875, 4.17663, 1, 1, 1, False
350.9312, 2021-06-16T10:46:01.1868760+08:00, 0, -0.07588875, 4.17663, 1, 1, 1, False
350.9357, 2021-06-16T10:46:01.1913570+08:00, 0, -0.07588875, 4.17663, 1, 1, 1, False
350.9394, 2021-06-16T10:46:01.1950330+08:00, 0, -0.07588875, 4.17663, 1, 1, 1, False
350.943, 2021-06-16T10:46:01.1986820+08:00, 0, -0.07588875, 4.17663, 1, 1, 1, False
350.9471, 2021-06-16T10:46:01.2027120+08:00, 0, -0.07588875, 4.17663, 1, 1, 1, False
350.9515, 2021-06-16T10:46:01.2071960+08:00, 0, -0.07588875, 4.17663, 1, 1, 1, False
350.9552, 2021-06-16T10:46:01.2109100+08:00, 0, -0.07588875, 4.17663, 1, 1, 1, False
350.9596, 2021-06-16T10:46:01.2152280+08:00, 0, -0.07588875, 4.17663, 1, 1, 1, False
350.9633, 2021-06-16T10:46:01.2189660+08:00, 0, -0.07588875, 4.17663, 1, 1, 1, False
350.9674, 2021-06-16T10:46:01.2231060+08:00, 0, -0.07588875, 4.17663, 1, 1, 1, False
350.9715, 2021-06-16T10:46:01.2272420+08:00, 0, -0.07588875, 4.17663, 1, 1, 1, False
350.9753, 2021-06-16T10:46:01.2309200+08:00, 0, -0.07588875, 4.17663, 1, 1, 1, False
350.9794, 2021-06-16T10:46:01.2350750+08:00, 0, -0.07588875, 4.17663, 1, 1, 1, False
350.9839, 2021-06-16T10:46:01.2395800+08:00, 0, -0.07588875, 4.17663, 1, 1, 1, False
350.9875, 2021-06-16T10:46:01.2432530+08:00, 0, -0.07588875, 4.17663, 1, 1, 1, False
350.9914, 2021-06-16T10:46:01.2470790+08:00, 0, -0.07588875, 4.17663, 1, 1, 1, False
350.9954, 2021-06-16T10:46:01.2510180+08:00, 0, -0.07588875, 4.17663, 1, 1, 1, False
350.9996, 2021-06-16T10:46:01.2552440+08:00, 0, -0.07588875, 4.17663, 1, 1, 1, False
351.0034, 2021-06-16T10:46:01.2591530+08:00, 0, -0.07588875, 4.17663, 1, 1, 1, False
351.0074, 2021-06-16T10:46:01.2630220+08:00, 0, -0.07588875, 4.17663, 1, 1, 1, False
351.0114, 2021-06-16T10:46:01.2670110+08:00, 0, -0.07588875, 4.17663, 1, 1, 1, False
351.0156, 2021-06-16T10:46:01.2712950+08:00, 0, -0.07588875, 4.17663, 1, 1, 1, False
351.0195, 2021-06-16T10:46:01.2751760+08:00, 0, -0.07588875, 4.17663, 1, 1, 1, False
351.0599, 2021-06-16T10:46:01.3186410+08:00, 0, -0.07588875, 4.17663, 1, 1, 1, False
351.0673, 2021-06-16T10:46:01.3260780+08:00, 0, -0.07588875, 4.17663, 1, 1, 1, False
351.0756, 2021-06-16T10:46:01.3414330+08:00, 0, -0.07588875, 4.17663, 1, 1, 1, False
351.0876, 2021-06-16T10:46:01.3433840+08:00, 0, -0.07588875, 4.17663, 1, 1, 1, False
351.0914, 2021-06-16T10:46:01.3471650+08:00, 0, -0.07588875, 4.17663, 1, 1, 1, False
351.0953, 2021-06-16T10:46:01.3509590+08:00, 0, -0.07588875, 4.17663, 1, 1, 1, False
351.0994, 2021-06-16T10:46:01.3550390+08:00, 0, -0.07588875, 4.17663, 1, 1, 1, False
351.1033, 2021-06-16T10:46:01.3589350+08:00, 0, -0.07588875, 4.17663, 1, 1, 1, False
351.1078, 2021-06-16T10:46:01.3634770+08:00, 0, -0.07588875, 4.17663, 1, 1, 1, False
351.1115, 2021-06-16T10:46:01.3671740+08:00, 0, -0.07588875, 4.17663, 1, 1, 1, False
351.1154, 2021-06-16T10:46:01.3710320+08:00, 0, -0.07588875, 4.17663, 1, 1, 1, False
351.1196, 2021-06-16T10:46:01.3754250+08:00, 0, -0.07588875, 4.17663, 1, 1, 1, False
351.1234, 2021-06-16T10:46:01.3791110+08:00, 0, -0.07588875, 4.17663, 1, 1, 1, False
351.1275, 2021-06-16T10:46:01.3831610+08:00, 0, -0.07588875, 4.17663, 1, 1, 1, False
351.1318, 2021-06-16T10:46:01.3874980+08:00, 0, -0.07588875, 4.17663, 1, 1, 1, False
351.1375, 2021-06-16T10:46:01.3933900+08:00, 0, -0.07588875, 4.17663, 1, 1, 1, False
351.1434, 2021-06-16T10:46:01.3991380+08:00, 0, -0.07588875, 4.17663, 1, 1, 1, False
351.1476, 2021-06-16T10:46:01.4033110+08:00, 0, -0.07588875, 4.17663, 1, 1, 1, False
351.1521, 2021-06-16T10:46:01.4077710+08:00, 0, -0.07588875, 4.17663, 1, 1, 1, False
351.1555, 2021-06-16T10:46:01.4112340+08:00, 0, -0.07588875, 4.17663, 1, 1, 1, False
351.1596, 2021-06-16T10:46:01.4153010+08:00, 0, -0.07588875, 4.17663, 1, 1, 1, False
351.1641, 2021-06-16T10:46:01.4198530+08:00, 0, -0.07588875, 4.17663, 1, 1, 1, False
351.1683, 2021-06-16T10:46:01.4240450+08:00, 0, -0.07588875, 4.17663, 1, 1, 1, False
351.1721, 2021-06-16T10:46:01.4278930+08:00, 0, -0.07588875, 4.17663, 1, 1, 1, False
351.1756, 2021-06-16T10:46:01.4312710+08:00, 0, -0.07588875, 4.17663, 1, 1, 1, False
351.1794, 2021-06-16T10:46:01.4349880+08:00, 0, -0.07588875, 4.17663, 1, 1, 1, False
351.1837, 2021-06-16T10:46:01.4394170+08:00, 0, -0.07588875, 4.17663, 1, 1, 1, False
351.1879, 2021-06-16T10:46:01.4436020+08:00, 0, -0.07588875, 4.17663, 1, 1, 1, False
351.1927, 2021-06-16T10:46:01.4485830+08:00, 0, -0.07588875, 4.17663, 1, 1, 1, False
351.1956, 2021-06-16T10:46:01.4514210+08:00, 0, -0.07588875, 4.17663, 1, 1, 1, False
351.1996, 2021-06-16T10:46:01.4553300+08:00, 0, -0.07588875, 4.17663, 1, 1, 1, False
351.2356, 2021-06-16T10:46:01.4914100+08:00, 0, -0.07588875, 4.17663, 1, 1, 1, False
351.2394, 2021-06-16T10:46:01.4951400+08:00, 0, -0.07588875, 4.17663, 1, 1, 1, False
351.2437, 2021-06-16T10:46:01.4994510+08:00, 0, -0.07588875, 4.17663, 1, 1, 1, False
351.2476, 2021-06-16T10:46:01.5032600+08:00, 0, -0.07588875, 4.17663, 1, 1, 1, False
351.2512, 2021-06-16T10:46:01.5069260+08:00, 0, -0.07588875, 4.17663, 1, 1, 1, False
351.2556, 2021-06-16T10:46:01.5112230+08:00, 0, -0.07588875, 4.17663, 1, 1, 1, False
351.2594, 2021-06-16T10:46:01.5150170+08:00, 0, -0.07588875, 4.17663, 1, 1, 1, False
351.2633, 2021-06-16T10:46:01.5190870+08:00, 0, -0.07588875, 4.17663, 1, 1, 1, False
351.2674, 2021-06-16T10:46:01.5230730+08:00, 0, -0.07588875, 4.17663, 1, 1, 1, False
351.2712, 2021-06-16T10:46:01.5268960+08:00, 0, -0.07588875, 4.17663, 1, 1, 1, False
351.2755, 2021-06-16T10:46:01.5311760+08:00, 0, -0.07588875, 4.17663, 1, 1, 1, False
351.2795, 2021-06-16T10:46:01.5351860+08:00, 0, -0.07588875, 4.17663, 1, 1, 1, False
351.2836, 2021-06-16T10:46:01.5393460+08:00, 0, -0.07588875, 4.17663, 1, 1, 1, False
351.2876, 2021-06-16T10:46:01.5432960+08:00, 0, -0.07588875, 4.17663, 1, 1, 1, False
351.2914, 2021-06-16T10:46:01.5470950+08:00, 0, -0.07588875, 4.17663, 1, 1, 1, False
351.2951, 2021-06-16T10:46:01.5507300+08:00, 0, -0.07588875, 4.17663, 1, 1, 1, False
351.2998, 2021-06-16T10:46:01.5554940+08:00, 0, -0.07588875, 4.17663, 1, 1, 1, False
351.3035, 2021-06-16T10:46:01.5591900+08:00, 0, -0.07588875, 4.17663, 1, 1, 1, False
351.3073, 2021-06-16T10:46:01.5631330+08:00, 0, -0.07588875, 4.17663, 1, 1, 1, False
351.3116, 2021-06-16T10:46:01.5672530+08:00, 0, -0.07588875, 4.17663, 1, 1, 1, False
351.3154, 2021-06-16T10:46:01.5710950+08:00, 0, -0.07588875, 4.17663, 1, 1, 1, False
351.3192, 2021-06-16T10:46:01.5749200+08:00, 0, -0.07588875, 4.17663, 1, 1, 1, False
351.3235, 2021-06-16T10:46:01.5792170+08:00, 0, -0.07588875, 4.17663, 1, 1, 1, False
351.3274, 2021-06-16T10:46:01.5830170+08:00, 0, -0.07588875, 4.17663, 1, 1, 1, False
351.3315, 2021-06-16T10:46:01.5872090+08:00, 0, -0.07588875, 4.17663, 1, 1, 1, False
351.3355, 2021-06-16T10:46:01.5911600+08:00, 0, -0.07588875, 4.17663, 1, 1, 1, False
351.3394, 2021-06-16T10:46:01.5950230+08:00, 0, -0.07588875, 4.17663, 1, 1, 1, False
351.3436, 2021-06-16T10:46:01.5992790+08:00, 0, -0.07588875, 4.17663, 1, 1, 1, False
351.3477, 2021-06-16T10:46:01.6033470+08:00, 0, -0.07588875, 4.17663, 1, 1, 1, False
351.3517, 2021-06-16T10:46:01.6073560+08:00, 0, -0.07588875, 4.17663, 1, 1, 1, False
351.3554, 2021-06-16T10:46:01.6111340+08:00, 0, -0.07588875, 4.17663, 1, 1, 1, False
351.396, 2021-06-16T10:46:01.6518140+08:00, 0, -0.07588875, 4.17663, 1, 1, 1, False
351.3995, 2021-06-16T10:46:01.6552170+08:00, 0, -0.07588875, 4.17663, 1, 1, 1, False
351.4035, 2021-06-16T10:46:01.6592720+08:00, 0, -0.07588875, 4.17663, 1, 1, 1, False
351.4074, 2021-06-16T10:46:01.6630660+08:00, 0, -0.07588875, 4.17663, 1, 1, 1, False
351.411, 2021-06-16T10:46:01.6666670+08:00, 0, -0.07588875, 4.17663, 1, 1, 1, False
351.4154, 2021-06-16T10:46:01.6710970+08:00, 0, -0.07588875, 4.17663, 1, 1, 1, False
351.4197, 2021-06-16T10:46:01.6754230+08:00, 0, -0.07588875, 4.17663, 1, 1, 1, False
351.4235, 2021-06-16T10:46:01.6791560+08:00, 0, -0.07588875, 4.17663, 1, 1, 1, False
351.4274, 2021-06-16T10:46:01.6830360+08:00, 0, -0.07588875, 4.17663, 1, 1, 1, False
351.4316, 2021-06-16T10:46:01.6872410+08:00, 0, -0.07588875, 4.17663, 1, 1, 1, False
351.4352, 2021-06-16T10:46:01.6908320+08:00, 0, -0.07588875, 4.17663, 1, 1, 1, False
351.4395, 2021-06-16T10:46:01.6952350+08:00, 0, -0.07588875, 4.17663, 1, 1, 1, False
351.4434, 2021-06-16T10:46:01.6990310+08:00, 0, -0.07588875, 4.17663, 1, 1, 1, False
351.447, 2021-06-16T10:46:01.7026300+08:00, 0, -0.07588875, 4.17663, 1, 1, 1, False
351.4516, 2021-06-16T10:46:01.7072550+08:00, 0, -0.07588875, 4.17663, 1, 1, 1, False
351.4554, 2021-06-16T10:46:01.7111690+08:00, 0, -0.07588875, 4.17663, 1, 1, 1, False
351.4592, 2021-06-16T10:46:01.7148360+08:00, 0, -0.07588875, 4.17663, 1, 1, 1, False
351.4633, 2021-06-16T10:46:01.7190450+08:00, 0, -0.07588875, 4.17663, 1, 1, 1, False
351.4674, 2021-06-16T10:46:01.7230560+08:00, 0, -0.07588875, 4.17663, 1, 1, 1, False
351.4715, 2021-06-16T10:46:01.7272650+08:00, 0, -0.07588875, 4.17663, 1, 1, 1, False
351.4754, 2021-06-16T10:46:01.7311090+08:00, 0, -0.07588875, 4.17663, 1, 1, 1, False
351.4794, 2021-06-16T10:46:01.7350310+08:00, 0, -0.07588875, 4.17663, 1, 1, 1, False
351.4834, 2021-06-16T10:46:01.7391460+08:00, 0, -0.07588875, 4.17663, 1, 1, 1, False
351.4883, 2021-06-16T10:46:01.7440710+08:00, 0, -0.07588875, 4.17663, 1, 1, 1, False
351.4914, 2021-06-16T10:46:01.7471050+08:00, 0, -0.07588875, 4.17663, 1, 1, 1, False
351.4955, 2021-06-16T10:46:01.7511220+08:00, 0, -0.07588875, 4.17663, 1, 1, 1, False
351.4994, 2021-06-16T10:46:01.7549990+08:00, 0, -0.07588875, 4.17663, 1, 1, 1, False
351.5035, 2021-06-16T10:46:01.7592280+08:00, 0, -0.07588875, 4.17663, 1, 1, 1, False
351.5076, 2021-06-16T10:46:01.7632430+08:00, 0, -0.07588875, 4.17663, 1, 1, 1, False
351.5115, 2021-06-16T10:46:01.7672180+08:00, 0, -0.07588875, 4.17663, 1, 1, 1, False
351.5156, 2021-06-16T10:46:01.7712150+08:00, 0, -0.07588875, 4.17663, 1, 1, 1, False
351.5482, 2021-06-16T10:46:01.8041820+08:00, 0, -0.07588875, 4.17663, 1, 1, 1, False
351.5513, 2021-06-16T10:46:01.8069650+08:00, 0, -0.07588875, 4.17663, 1, 1, 1, False
351.5554, 2021-06-16T10:46:01.8110100+08:00, 0, -0.07588875, 4.17663, 1, 1, 1, False
351.5594, 2021-06-16T10:46:01.8150840+08:00, 0, -0.07588875, 4.17663, 1, 1, 1, False
351.5635, 2021-06-16T10:46:01.8192290+08:00, 0, -0.07588875, 4.17663, 1, 1, 1, False
351.5672, 2021-06-16T10:46:01.8228620+08:00, 0, -0.07588875, 4.17663, 1, 1, 1, False
351.5715, 2021-06-16T10:46:01.8271200+08:00, 0, -0.07588875, 4.17663, 1, 1, 1, False
351.575, 2021-06-16T10:46:01.8306570+08:00, 0, -0.07588875, 4.17663, 1, 1, 1, False
351.5796, 2021-06-16T10:46:01.8352710+08:00, 0, -0.07588875, 4.17663, 1, 1, 1, False
351.5832, 2021-06-16T10:46:01.8388680+08:00, 0, -0.07588875, 4.17663, 1, 1, 1, False
351.5874, 2021-06-16T10:46:01.8430570+08:00, 0, -0.07588875, 4.17663, 1, 1, 1, False
351.5914, 2021-06-16T10:46:01.8470080+08:00, 0, -0.07588875, 4.17663, 1, 1, 1, False
351.5952, 2021-06-16T10:46:01.8508180+08:00, 0, -0.07588875, 4.17663, 1, 1, 1, False
351.5994, 2021-06-16T10:46:01.8549910+08:00, 0, -0.07588875, 4.17663, 1, 1, 1, False
351.6035, 2021-06-16T10:46:01.8592180+08:00, 0, -0.07588875, 4.17663, 1, 1, 1, False
351.6074, 2021-06-16T10:46:01.8630710+08:00, 0, -0.07588875, 4.17663, 1, 1, 1, False
351.6115, 2021-06-16T10:46:01.8671760+08:00, 0, -0.07588875, 4.17663, 1, 1, 1, False
351.6154, 2021-06-16T10:46:01.8711080+08:00, 0, -0.07588875, 4.17663, 1, 1, 1, False
351.6195, 2021-06-16T10:46:01.8752980+08:00, 0, -0.07588875, 4.17663, 1, 1, 1, False
351.6233, 2021-06-16T10:46:01.8789540+08:00, 0, -0.07588875, 4.17663, 1, 1, 1, False
351.6276, 2021-06-16T10:46:01.8832850+08:00, 0, -0.07588875, 4.17663, 1, 1, 1, False
351.6315, 2021-06-16T10:46:01.8871800+08:00, 0, -0.07588875, 4.17663, 1, 1, 1, False
351.6354, 2021-06-16T10:46:01.8910830+08:00, 0, -0.07588875, 4.17663, 1, 1, 1, False
351.6394, 2021-06-16T10:46:01.8950080+08:00, 0, -0.07588875, 4.17663, 1, 1, 1, False
351.6439, 2021-06-16T10:46:01.8996460+08:00, 0, -0.07588875, 4.17663, 1, 1, 1, False
351.6474, 2021-06-16T10:46:01.9031370+08:00, 0, -0.07588875, 4.17663, 1, 1, 1, False
351.6514, 2021-06-16T10:46:01.9070590+08:00, 0, -0.07588875, 4.17663, 1, 1, 1, False
351.655, 2021-06-16T10:46:01.9106640+08:00, 0, -0.07588875, 4.17663, 1, 1, 1, False
351.6591, 2021-06-16T10:46:01.9147850+08:00, 0, -0.07588875, 4.17663, 1, 1, 1, False
351.6636, 2021-06-16T10:46:01.9193250+08:00, 0, -0.07588875, 4.17663, 1, 1, 1, False
351.6674, 2021-06-16T10:46:01.9231210+08:00, 0, -0.07588875, 4.17663, 1, 1, 1, False
351.7041, 2021-06-16T10:46:01.9598380+08:00, 0, -0.07588875, 4.17663, 1, 1, 1, False
351.7074, 2021-06-16T10:46:01.9630020+08:00, 0, -0.07588875, 4.17663, 1, 1, 1, False
351.7115, 2021-06-16T10:46:01.9672190+08:00, 0, -0.07588875, 4.17663, 1, 1, 1, False
351.7158, 2021-06-16T10:46:01.9714990+08:00, 0, -0.07588875, 4.17663, 1, 1, 1, False
351.7194, 2021-06-16T10:46:01.9750740+08:00, 0, -0.07588875, 4.17663, 1, 1, 1, False
351.7234, 2021-06-16T10:46:01.9790980+08:00, 0, -0.07588875, 4.17663, 1, 1, 1, False
351.7273, 2021-06-16T10:46:01.9829910+08:00, 0, -0.07588875, 4.17663, 1, 1, 1, False
351.7311, 2021-06-16T10:46:01.9867640+08:00, 0, -0.07588875, 4.17663, 1, 1, 1, False
351.7354, 2021-06-16T10:46:01.9910160+08:00, 0, -0.07588875, 4.17663, 1, 1, 1, False
351.7394, 2021-06-16T10:46:01.9950820+08:00, 0, -0.07588875, 4.17663, 1, 1, 1, False
351.7431, 2021-06-16T10:46:01.9987910+08:00, 0, -0.07588875, 4.17663, 1, 1, 1, False
351.7477, 2021-06-16T10:46:02.0033170+08:00, 0, -0.07588875, 4.17663, 1, 1, 1, False
351.7512, 2021-06-16T10:46:02.0068300+08:00, 0, -0.07588875, 4.17663, 1, 1, 1, False
351.7554, 2021-06-16T10:46:02.0111030+08:00, 0, -0.07588875, 4.17663, 1, 1, 1, False
351.7593, 2021-06-16T10:46:02.0149510+08:00, 0, -0.07588875, 4.17663, 1, 1, 1, False
351.7634, 2021-06-16T10:46:02.0190740+08:00, 0, -0.07588875, 4.17663, 1, 1, 1, False
351.7671, 2021-06-16T10:46:02.0228440+08:00, 0, -0.07588875, 4.17663, 1, 1, 1, False
351.7715, 2021-06-16T10:46:02.0271500+08:00, 0, -0.07588875, 4.17663, 1, 1, 1, False
351.7752, 2021-06-16T10:46:02.0308590+08:00, 0, -0.07588875, 4.17663, 1, 1, 1, False
351.7794, 2021-06-16T10:46:02.0350440+08:00, 0, -0.07588875, 4.17663, 1, 1, 1, False
351.7834, 2021-06-16T10:46:02.0391050+08:00, 0, -0.07588875, 4.17663, 1, 1, 1, False
351.7874, 2021-06-16T10:46:02.0429800+08:00, 0, -0.07588875, 4.17663, 1, 1, 1, False
351.7914, 2021-06-16T10:46:02.0470350+08:00, 0, -0.07588875, 4.17663, 1, 1, 1, False
351.7955, 2021-06-16T10:46:02.0512030+08:00, 0, -0.07588875, 4.17663, 1, 1, 1, False
351.7995, 2021-06-16T10:46:02.0551390+08:00, 0, -0.07588875, 4.17663, 1, 1, 1, False
351.8029, 2021-06-16T10:46:02.0586520+08:00, 0, -0.07588875, 4.17663, 1, 1, 1, False
351.8071, 2021-06-16T10:46:02.0628330+08:00, 0, -0.07588875, 4.17663, 1, 1, 1, False
351.8117, 2021-06-16T10:46:02.0674140+08:00, 0, -0.07588875, 4.17663, 1, 1, 1, False
351.8155, 2021-06-16T10:46:02.0711500+08:00, 0, -0.07588875, 4.17663, 1, 1, 1, False
351.8193, 2021-06-16T10:46:02.0749560+08:00, 0, -0.07588875, 4.17663, 1, 1, 1, False
351.8236, 2021-06-16T10:46:02.0792600+08:00, 0, -0.07588875, 4.17663, 1, 1, 1, False
351.8597, 2021-06-16T10:46:02.1154340+08:00, 0, -0.07588875, 4.17663, 1, 1, 1, False
351.8635, 2021-06-16T10:46:02.1192100+08:00, 0, -0.07588875, 4.17663, 1, 1, 1, False
351.8674, 2021-06-16T10:46:02.1231610+08:00, 0, -0.07588875, 4.17663, 1, 1, 1, False
351.8715, 2021-06-16T10:46:02.1271930+08:00, 0, -0.07588875, 4.17663, 1, 1, 1, False
351.8752, 2021-06-16T10:46:02.1308610+08:00, 0, -0.07588875, 4.17663, 1, 1, 1, False
351.8795, 2021-06-16T10:46:02.1352380+08:00, 0, -0.07588875, 4.17663, 1, 1, 1, False
351.8831, 2021-06-16T10:46:02.1387770+08:00, 0, -0.07588875, 4.17663, 1, 1, 1, False
351.8874, 2021-06-16T10:46:02.1430870+08:00, 0, -0.07588875, 4.17663, 1, 1, 1, False
351.8913, 2021-06-16T10:46:02.1469770+08:00, 0, -0.07588875, 4.17663, 1, 1, 1, False
351.8955, 2021-06-16T10:46:02.1512270+08:00, 0, -0.07588875, 4.17663, 1, 1, 1, False
351.8994, 2021-06-16T10:46:02.1550470+08:00, 0, -0.07588875, 4.17663, 1, 1, 1, False
351.9034, 2021-06-16T10:46:02.1591840+08:00, 0, -0.07588875, 4.17663, 1, 1, 1, False
351.9075, 2021-06-16T10:46:02.1631500+08:00, 0, -0.07588875, 4.17663, 1, 1, 1, False
351.9115, 2021-06-16T10:46:02.1672400+08:00, 0, -0.07588875, 4.17663, 1, 1, 1, False
351.9152, 2021-06-16T10:46:02.1709020+08:00, 0, -0.07588875, 4.17663, 1, 1, 1, False
351.9197, 2021-06-16T10:46:02.1754070+08:00, 0, -0.07588875, 4.17663, 1, 1, 1, False
351.9233, 2021-06-16T10:46:02.1790370+08:00, 0, -0.07588875, 4.17663, 1, 1, 1, False
351.9275, 2021-06-16T10:46:02.1831630+08:00, 0, -0.07588875, 4.17663, 1, 1, 1, False
351.9316, 2021-06-16T10:46:02.1873210+08:00, 0, -0.07588875, 4.17663, 1, 1, 1, False
351.9355, 2021-06-16T10:46:02.1910940+08:00, 0, -0.07588875, 4.17663, 1, 1, 1, False
351.9391, 2021-06-16T10:46:02.1948320+08:00, 0, -0.07588875, 4.17663, 1, 1, 1, False
351.9435, 2021-06-16T10:46:02.1991240+08:00, 0, -0.07588875, 4.17663, 1, 1, 1, False
351.9475, 2021-06-16T10:46:02.2031840+08:00, 0, -0.07588875, 4.17663, 1, 1, 1, False
351.9515, 2021-06-16T10:46:02.2071460+08:00, 0, -0.07588875, 4.17663, 1, 1, 1, False
351.9554, 2021-06-16T10:46:02.2110170+08:00, 0, -0.07588875, 4.17663, 1, 1, 1, False
351.9594, 2021-06-16T10:46:02.2151020+08:00, 0, -0.07588875, 4.17663, 1, 1, 1, False
351.9634, 2021-06-16T10:46:02.2191170+08:00, 0, -0.07588875, 4.17663, 1, 1, 1, False
351.9675, 2021-06-16T10:46:02.2231340+08:00, 0, -0.07588875, 4.17663, 1, 1, 1, False
351.9711, 2021-06-16T10:46:02.2267870+08:00, 0, -0.07588875, 4.17663, 1, 1, 1, False
351.9755, 2021-06-16T10:46:02.2311390+08:00, 0, -0.07588875, 4.17663, 1, 1, 1, False
351.9796, 2021-06-16T10:46:02.2351900+08:00, 0, -0.07588875, 4.17663, 1, 1, 1, False
352.0153, 2021-06-16T10:46:02.2710190+08:00, 0, -0.07588875, 4.17663, 1, 1, 1, False
352.0193, 2021-06-16T10:46:02.2750160+08:00, 0, -0.07588875, 4.17663, 1, 1, 1, False
352.0235, 2021-06-16T10:46:02.2791660+08:00, 0, -0.07588875, 4.17663, 1, 1, 1, False
352.0274, 2021-06-16T10:46:02.2830790+08:00, 0, -0.07588875, 4.17663, 1, 1, 1, False
352.0314, 2021-06-16T10:46:02.2871650+08:00, 0, -0.07588875, 4.17663, 1, 1, 1, False
352.0355, 2021-06-16T10:46:02.2912100+08:00, 0, -0.07588875, 4.17663, 1, 1, 1, False
352.0396, 2021-06-16T10:46:02.2952680+08:00, 0, -0.07588875, 4.17663, 1, 1, 1, False
352.0434, 2021-06-16T10:46:02.2991030+08:00, 0, -0.07588875, 4.17663, 1, 1, 1, False
352.0474, 2021-06-16T10:46:02.3030300+08:00, 0, -0.07588875, 4.17663, 1, 1, 1, False
352.0512, 2021-06-16T10:46:02.3069100+08:00, 0, -0.07588875, 4.17663, 1, 1, 1, False
352.0556, 2021-06-16T10:46:02.3112320+08:00, 0, -0.07588875, 4.17663, 1, 1, 1, False
352.0594, 2021-06-16T10:46:02.3150620+08:00, 0, -0.07588875, 4.17663, 1, 1, 1, False
352.0631, 2021-06-16T10:46:02.3187850+08:00, 0, -0.07588875, 4.17663, 1, 1, 1, False
352.0673, 2021-06-16T10:46:02.3229840+08:00, 0, -0.07588875, 4.17663, 1, 1, 1, False
352.0715, 2021-06-16T10:46:02.3271900+08:00, 0, -0.07588875, 4.17663, 1, 1, 1, False
352.0754, 2021-06-16T10:46:02.3310490+08:00, 0, -0.07588875, 4.17663, 1, 1, 1, False
352.0794, 2021-06-16T10:46:02.3350400+08:00, 0, -0.07588875, 4.17663, 1, 1, 1, False
352.0836, 2021-06-16T10:46:02.3393420+08:00, 0, -0.07588875, 4.17663, 1, 1, 1, False
352.0875, 2021-06-16T10:46:02.3431860+08:00, 0, -0.07588875, 4.17663, 1, 1, 1, False
352.0914, 2021-06-16T10:46:02.3470640+08:00, 0, -0.07588875, 4.17663, 1, 1, 1, False
352.0953, 2021-06-16T10:46:02.3509820+08:00, 0, -0.07588875, 4.17663, 1, 1, 1, False
352.1003, 2021-06-16T10:46:02.3564060+08:00, 0, -0.07588875, 4.17663, 1, 1, 1, False
352.1033, 2021-06-16T10:46:02.3589780+08:00, 0, -0.07588875, 4.17663, 1, 1, 1, False
352.1073, 2021-06-16T10:46:02.3629220+08:00, 0, -0.07588875, 4.17663, 1, 1, 1, False
352.1115, 2021-06-16T10:46:02.3671460+08:00, 0, -0.07588875, 4.17663, 1, 1, 1, False
352.1151, 2021-06-16T10:46:02.3707980+08:00, 0, -0.07588875, 4.17663, 1, 1, 1, False
352.1196, 2021-06-16T10:46:02.3752740+08:00, 0, -0.07588875, 4.17663, 1, 1, 1, False
352.1236, 2021-06-16T10:46:02.3792830+08:00, 0, -0.07588875, 4.17663, 1, 1, 1, False
352.1273, 2021-06-16T10:46:02.3829480+08:00, 0, -0.07588875, 4.17663, 1, 1, 1, False
352.1313, 2021-06-16T10:46:02.3869810+08:00, 0, -0.07588875, 4.17663, 1, 1, 1, False
352.1355, 2021-06-16T10:46:02.3911570+08:00, 0, -0.07588875, 4.17663, 1, 1, 1, False
352.1759, 2021-06-16T10:46:02.4316580+08:00, 0, -0.07588875, 4.17663, 1, 1, 1, False
352.1794, 2021-06-16T10:46:02.4350200+08:00, 0, -0.07588875, 4.17663, 1, 1, 1, False
352.1833, 2021-06-16T10:46:02.4390040+08:00, 0, -0.07588875, 4.17663, 1, 1, 1, False
352.1878, 2021-06-16T10:46:02.4435270+08:00, 0, -0.07588875, 4.17663, 1, 1, 1, False
352.1914, 2021-06-16T10:46:02.4470370+08:00, 0, -0.07588875, 4.17663, 1, 1, 1, False
352.1953, 2021-06-16T10:46:02.4509630+08:00, 0, -0.07588875, 4.17663, 1, 1, 1, False
352.1996, 2021-06-16T10:46:02.4553250+08:00, 0, -0.07588875, 4.17663, 1, 1, 1, False
352.2036, 2021-06-16T10:46:02.4592590+08:00, 0, -0.07588875, 4.17663, 1, 1, 1, False
352.2076, 2021-06-16T10:46:02.4633230+08:00, 0, -0.07588875, 4.17663, 1, 1, 1, False
352.2114, 2021-06-16T10:46:02.4670500+08:00, 0, -0.07588875, 4.17663, 1, 1, 1, False
352.2152, 2021-06-16T10:46:02.4708900+08:00, 0, -0.07588875, 4.17663, 1, 1, 1, False
352.2193, 2021-06-16T10:46:02.4750650+08:00, 0, -0.07588875, 4.17663, 1, 1, 1, False
352.2237, 2021-06-16T10:46:02.4794120+08:00, 0, -0.07588875, 4.17663, 1, 1, 1, False
352.2274, 2021-06-16T10:46:02.4831120+08:00, 0, -0.07588875, 4.17663, 1, 1, 1, False
352.2314, 2021-06-16T10:46:02.4871310+08:00, 0, -0.07588875, 4.17663, 1, 1, 1, False
352.2355, 2021-06-16T10:46:02.4912130+08:00, 0, -0.07588875, 4.17663, 1, 1, 1, False
352.2395, 2021-06-16T10:46:02.4952110+08:00, 0, -0.07588875, 4.17663, 1, 1, 1, False
352.2435, 2021-06-16T10:46:02.4991370+08:00, 0, -0.07588875, 4.17663, 1, 1, 1, False
352.247, 2021-06-16T10:46:02.5026550+08:00, 0, -0.07588875, 4.17663, 1, 1, 1, False
352.2519, 2021-06-16T10:46:02.5079250+08:00, 0, -0.07588875, 4.17663, 1, 1, 1, False
352.2555, 2021-06-16T10:46:02.5111520+08:00, 0, -0.07588875, 4.17663, 1, 1, 1, False
352.2592, 2021-06-16T10:46:02.5148870+08:00, 0, -0.07588875, 4.17663, 1, 1, 1, False
352.2634, 2021-06-16T10:46:02.5191360+08:00, 0, -0.07588875, 4.17663, 1, 1, 1, False
352.2674, 2021-06-16T10:46:02.5230650+08:00, 0, -0.07588875, 4.17663, 1, 1, 1, False
352.2715, 2021-06-16T10:46:02.5272350+08:00, 0, -0.07588875, 4.17663, 1, 1, 1, False
352.2754, 2021-06-16T10:46:02.5310720+08:00, 0, -0.07588875, 4.17663, 1, 1, 1, False
352.2794, 2021-06-16T10:46:02.5350430+08:00, 0, -0.07588875, 4.17663, 1, 1, 1, False
352.2834, 2021-06-16T10:46:02.5390890+08:00, 0, -0.07588875, 4.17663, 1, 1, 1, False
352.2875, 2021-06-16T10:46:02.5431970+08:00, 0, -0.07588875, 4.17663, 1, 1, 1, False
352.2914, 2021-06-16T10:46:02.5470220+08:00, 0, -0.07588875, 4.17663, 1, 1, 1, False
352.2955, 2021-06-16T10:46:02.5511520+08:00, 0, -0.07588875, 4.17663, 1, 1, 1, False
352.3277, 2021-06-16T10:46:02.5834420+08:00, 0, -0.07588875, 4.17663, 1, 1, 1, False
352.3313, 2021-06-16T10:46:02.5870280+08:00, 0, -0.07588875, 4.17663, 1, 1, 1, False
352.3356, 2021-06-16T10:46:02.5912890+08:00, 0, -0.07588875, 4.17663, 1, 1, 1, False
352.3397, 2021-06-16T10:46:02.5953300+08:00, 0, -0.07588875, 4.17663, 1, 1, 1, False
352.3433, 2021-06-16T10:46:02.5990110+08:00, 0, -0.07588875, 4.17663, 1, 1, 1, False
352.3474, 2021-06-16T10:46:02.6029920+08:00, 0, -0.07588875, 4.17663, 1, 1, 1, False
352.3514, 2021-06-16T10:46:02.6070620+08:00, 0, -0.07588875, 4.17663, 1, 1, 1, False
352.3553, 2021-06-16T10:46:02.6109660+08:00, 0, -0.07588875, 4.17663, 1, 1, 1, False
352.3592, 2021-06-16T10:46:02.6148450+08:00, 0, -0.07588875, 4.17663, 1, 1, 1, False
352.3634, 2021-06-16T10:46:02.6190830+08:00, 0, -0.07588875, 4.17663, 1, 1, 1, False
352.3674, 2021-06-16T10:46:02.6230590+08:00, 0, -0.07588875, 4.17663, 1, 1, 1, False
352.3713, 2021-06-16T10:46:02.6270090+08:00, 0, -0.07588875, 4.17663, 1, 1, 1, False
352.3755, 2021-06-16T10:46:02.6311740+08:00, 0, -0.07588875, 4.17663, 1, 1, 1, False
352.3794, 2021-06-16T10:46:02.6350270+08:00, 0, -0.07588875, 4.17663, 1, 1, 1, False
352.3833, 2021-06-16T10:46:02.6390670+08:00, 0, -0.07588875, 4.17663, 1, 1, 1, False
352.3877, 2021-06-16T10:46:02.6433910+08:00, 0, -0.07588875, 4.17663, 1, 1, 1, False
352.3914, 2021-06-16T10:46:02.6471290+08:00, 0, -0.07588875, 4.17663, 1, 1, 1, False
352.3953, 2021-06-16T10:46:02.6509750+08:00, 0, -0.07588875, 4.17663, 1, 1, 1, False
352.3994, 2021-06-16T10:46:02.6551250+08:00, 0, -0.07588875, 4.17663, 1, 1, 1, False
352.4035, 2021-06-16T10:46:02.6591590+08:00, 0, -0.07588875, 4.17663, 1, 1, 1, False
352.4076, 2021-06-16T10:46:02.6632140+08:00, 0, -0.07588875, 4.17663, 1, 1, 1, False
352.4117, 2021-06-16T10:46:02.6674410+08:00, 0, -0.07588875, 4.17663, 1, 1, 1, False
352.4151, 2021-06-16T10:46:02.6707850+08:00, 0, -0.07588875, 4.17663, 1, 1, 1, False
352.4194, 2021-06-16T10:46:02.6750670+08:00, 0, -0.07588875, 4.17663, 1, 1, 1, False
352.4236, 2021-06-16T10:46:02.6792580+08:00, 0, -0.07588875, 4.17663, 1, 1, 1, False
352.4276, 2021-06-16T10:46:02.6832680+08:00, 0, -0.07588875, 4.17663, 1, 1, 1, False
352.4315, 2021-06-16T10:46:02.6871030+08:00, 0, -0.07588875, 4.17663, 1, 1, 1, False
352.4354, 2021-06-16T10:46:02.6910610+08:00, 0, -0.07588875, 4.17663, 1, 1, 1, False
352.4393, 2021-06-16T10:46:02.6949830+08:00, 0, -0.07588875, 4.17663, 1, 1, 1, False
352.4436, 2021-06-16T10:46:02.6993130+08:00, 0, -0.07588875, 4.17663, 1, 1, 1, False
352.4476, 2021-06-16T10:46:02.7032420+08:00, 0, -0.07588875, 4.17663, 1, 1, 1, False
352.4797, 2021-06-16T10:46:02.7354680+08:00, 0, -0.07588875, 4.17663, 1, 1, 1, False
352.4832, 2021-06-16T10:46:02.7389230+08:00, 0, -0.07588875, 4.17663, 1, 1, 1, False
352.4875, 2021-06-16T10:46:02.7431320+08:00, 0, -0.07588875, 4.17663, 1, 1, 1, False
352.4916, 2021-06-16T10:46:02.7473220+08:00, 0, -0.07588875, 4.17663, 1, 1, 1, False
352.4951, 2021-06-16T10:46:02.7507120+08:00, 0, -0.07588875, 4.17663, 1, 1, 1, False
352.4999, 2021-06-16T10:46:02.7555570+08:00, 0, -0.07588875, 4.17663, 1, 1, 1, False
352.5035, 2021-06-16T10:46:02.7592990+08:00, 0, -0.07588875, 4.17663, 1, 1, 1, False
352.5074, 2021-06-16T10:46:02.7630060+08:00, 0, -0.07588875, 4.17663, 1, 1, 1, False
352.511, 2021-06-16T10:46:02.7666970+08:00, 0, -0.07588875, 4.17663, 1, 1, 1, False
352.5157, 2021-06-16T10:46:02.7713300+08:00, 0, -0.07588875, 4.17663, 1, 1, 1, False
352.5195, 2021-06-16T10:46:02.7751510+08:00, 0, -0.07588875, 4.17663, 1, 1, 1, False
352.5234, 2021-06-16T10:46:02.7790700+08:00, 0, -0.07588875, 4.17663, 1, 1, 1, False
352.5275, 2021-06-16T10:46:02.7831200+08:00, 0, -0.07588875, 4.17663, 1, 1, 1, False
352.5317, 2021-06-16T10:46:02.7873500+08:00, 0, -0.07588875, 4.17663, 1, 1, 1, False
352.5352, 2021-06-16T10:46:02.7909190+08:00, 0, -0.07588875, 4.17663, 1, 1, 1, False
352.5395, 2021-06-16T10:46:02.7951060+08:00, 0, -0.07588875, 4.17663, 1, 1, 1, False
352.5434, 2021-06-16T10:46:02.7991200+08:00, 0, -0.07588875, 4.17663, 1, 1, 1, False
352.5473, 2021-06-16T10:46:02.8029730+08:00, 0, -0.07588875, 4.17663, 1, 1, 1, False
352.5517, 2021-06-16T10:46:02.8073250+08:00, 0, -0.07588875, 4.17663, 1, 1, 1, False
352.5554, 2021-06-16T10:46:02.8112330+08:00, 0, -0.07588875, 4.17663, 1, 1, 1, False
352.5596, 2021-06-16T10:46:02.8153090+08:00, 0, -0.07588875, 4.17663, 1, 1, 1, False
352.5634, 2021-06-16T10:46:02.8190890+08:00, 0, -0.07588875, 4.17663, 1, 1, 1, False
352.5674, 2021-06-16T10:46:02.8230500+08:00, 0, -0.07588875, 4.17663, 1, 1, 1, False
352.5715, 2021-06-16T10:46:02.8272000+08:00, 0, -0.07588875, 4.17663, 1, 1, 1, False
352.5754, 2021-06-16T10:46:02.8310180+08:00, 0, -0.07588875, 4.17663, 1, 1, 1, False
352.5793, 2021-06-16T10:46:02.8349770+08:00, 0, -0.07588875, 4.17663, 1, 1, 1, False
352.5836, 2021-06-16T10:46:02.8392350+08:00, 0, -0.07588875, 4.17663, 1, 1, 1, False
352.5875, 2021-06-16T10:46:02.8431750+08:00, 0, -0.07588875, 4.17663, 1, 1, 1, False
352.5914, 2021-06-16T10:46:02.8470060+08:00, 0, -0.07588875, 4.17663, 1, 1, 1, False
352.5953, 2021-06-16T10:46:02.8509900+08:00, 0, -0.07588875, 4.17663, 1, 1, 1, False
352.5996, 2021-06-16T10:46:02.8552280+08:00, 0, -0.07588875, 4.17663, 1, 1, 1, False
352.6398, 2021-06-16T10:46:02.8954980+08:00, 0, -0.07588875, 4.17663, 1, 1, 1, False
352.6434, 2021-06-16T10:46:02.8990170+08:00, 0, -0.07588875, 4.17663, 1, 1, 1, False
352.6477, 2021-06-16T10:46:02.9034110+08:00, 0, -0.07588875, 4.17663, 1, 1, 1, False
352.6512, 2021-06-16T10:46:02.9068810+08:00, 0, -0.07588875, 4.17663, 1, 1, 1, False
352.6553, 2021-06-16T10:46:02.9109920+08:00, 0, -0.07588875, 4.17663, 1, 1, 1, False
352.6594, 2021-06-16T10:46:02.9150040+08:00, 0, -0.07588875, 4.17663, 1, 1, 1, False
352.6635, 2021-06-16T10:46:02.9192360+08:00, 0, -0.07588875, 4.17663, 1, 1, 1, False
352.6673, 2021-06-16T10:46:02.9229590+08:00, 0, -0.07588875, 4.17663, 1, 1, 1, False
352.6714, 2021-06-16T10:46:02.9270270+08:00, 0, -0.07588875, 4.17663, 1, 1, 1, False
352.6754, 2021-06-16T10:46:02.9310520+08:00, 0, -0.07588875, 4.17663, 1, 1, 1, False
352.6796, 2021-06-16T10:46:02.9353070+08:00, 0, -0.07588875, 4.17663, 1, 1, 1, False
352.6836, 2021-06-16T10:46:02.9392580+08:00, 0, -0.07588875, 4.17663, 1, 1, 1, False
352.6874, 2021-06-16T10:46:02.9431020+08:00, 0, -0.07588875, 4.17663, 1, 1, 1, False
352.6913, 2021-06-16T10:46:02.9469660+08:00, 0, -0.07588875, 4.17663, 1, 1, 1, False
352.6955, 2021-06-16T10:46:02.9511380+08:00, 0, -0.07588875, 4.17663, 1, 1, 1, False
352.6999, 2021-06-16T10:46:02.9555910+08:00, 0, -0.07588875, 4.17663, 1, 1, 1, False
352.7034, 2021-06-16T10:46:02.9591530+08:00, 0, -0.07588875, 4.17663, 1, 1, 1, False
352.7076, 2021-06-16T10:46:02.9632350+08:00, 0, -0.07588875, 4.17663, 1, 1, 1, False
352.7115, 2021-06-16T10:46:02.9672220+08:00, 0, -0.07588875, 4.17663, 1, 1, 1, False
352.7154, 2021-06-16T10:46:02.9710390+08:00, 0, -0.07588875, 4.17663, 1, 1, 1, False
352.7194, 2021-06-16T10:46:02.9751300+08:00, 0, -0.07588875, 4.17663, 1, 1, 1, False
352.7237, 2021-06-16T10:46:02.9794560+08:00, 0, -0.07588875, 4.17663, 1, 1, 1, False
352.7273, 2021-06-16T10:46:02.9829980+08:00, 0, -0.07588875, 4.17663, 1, 1, 1, False
352.7314, 2021-06-16T10:46:02.9871130+08:00, 0, -0.07588875, 4.17663, 1, 1, 1, False
352.7354, 2021-06-16T10:46:02.9910960+08:00, 0, -0.07588875, 4.17663, 1, 1, 1, False
352.7398, 2021-06-16T10:46:02.9954720+08:00, 0, -0.07588875, 4.17663, 1, 1, 1, False
352.7435, 2021-06-16T10:46:02.9991940+08:00, 0, -0.07588875, 4.17663, 1, 1, 1, False
352.7474, 2021-06-16T10:46:03.0030710+08:00, 0, -0.07588875, 4.17663, 1, 1, 1, False
352.7513, 2021-06-16T10:46:03.0069150+08:00, 0, -0.07588875, 4.17663, 1, 1, 1, False
352.7552, 2021-06-16T10:46:03.0108540+08:00, 0, -0.07588875, 4.17663, 1, 1, 1, False
352.7597, 2021-06-16T10:46:03.0154290+08:00, 0, -0.07588875, 4.17663, 1, 1, 1, False
352.8002, 2021-06-16T10:46:03.0560050+08:00, 0, -0.07588875, 4.17663, 1, 1, 1, False
352.8033, 2021-06-16T10:46:03.0589420+08:00, 0, -0.07588875, 4.17663, 1, 1, 1, False
352.807, 2021-06-16T10:46:03.0627010+08:00, 0, -0.07588875, 4.17663, 1, 1, 1, False
352.8112, 2021-06-16T10:46:03.0668780+08:00, 0, -0.07588875, 4.17663, 1, 1, 1, False
352.8151, 2021-06-16T10:46:03.0707140+08:00, 0, -0.07588875, 4.17663, 1, 1, 1, False
352.8195, 2021-06-16T10:46:03.0751170+08:00, 0, -0.07588875, 4.17663, 1, 1, 1, False
352.8235, 2021-06-16T10:46:03.0792500+08:00, 0, -0.07588875, 4.17663, 1, 1, 1, False
352.8275, 2021-06-16T10:46:03.0831900+08:00, 0, -0.07588875, 4.17663, 1, 1, 1, False
352.8313, 2021-06-16T10:46:03.0869620+08:00, 0, -0.07588875, 4.17663, 1, 1, 1, False
352.8354, 2021-06-16T10:46:03.0910810+08:00, 0, -0.07588875, 4.17663, 1, 1, 1, False
352.8396, 2021-06-16T10:46:03.0952560+08:00, 0, -0.07588875, 4.17663, 1, 1, 1, False
352.8437, 2021-06-16T10:46:03.0994600+08:00, 0, -0.07588875, 4.17663, 1, 1, 1, False
352.8474, 2021-06-16T10:46:03.1030960+08:00, 0, -0.07588875, 4.17663, 1, 1, 1, False
352.8513, 2021-06-16T10:46:03.1069760+08:00, 0, -0.07588875, 4.17663, 1, 1, 1, False
352.8553, 2021-06-16T10:46:03.1110420+08:00, 0, -0.07588875, 4.17663, 1, 1, 1, False
352.8596, 2021-06-16T10:46:03.1152330+08:00, 0, -0.07588875, 4.17663, 1, 1, 1, False
352.8633, 2021-06-16T10:46:03.1190320+08:00, 0, -0.07588875, 4.17663, 1, 1, 1, False
352.8672, 2021-06-16T10:46:03.1229310+08:00, 0, -0.07588875, 4.17663, 1, 1, 1, False
352.8719, 2021-06-16T10:46:03.1277400+08:00, 0, -0.07588875, 4.17663, 1, 1, 1, False
352.8754, 2021-06-16T10:46:03.1311090+08:00, 0, -0.07588875, 4.17663, 1, 1, 1, False
352.8795, 2021-06-16T10:46:03.1351490+08:00, 0, -0.07588875, 4.17663, 1, 1, 1, False
352.8836, 2021-06-16T10:46:03.1393320+08:00, 0, -0.07588875, 4.17663, 1, 1, 1, False
352.8875, 2021-06-16T10:46:03.1431480+08:00, 0, -0.07588875, 4.17663, 1, 1, 1, False
352.8916, 2021-06-16T10:46:03.1473040+08:00, 0, -0.07588875, 4.17663, 1, 1, 1, False
352.8954, 2021-06-16T10:46:03.1510630+08:00, 0, -0.07588875, 4.17663, 1, 1, 1, False
352.8994, 2021-06-16T10:46:03.1551180+08:00, 0, -0.07588875, 4.17663, 1, 1, 1, False
352.9035, 2021-06-16T10:46:03.1591880+08:00, 0, -0.07588875, 4.17663, 1, 1, 1, False
352.9074, 2021-06-16T10:46:03.1630340+08:00, 0, -0.07588875, 4.17663, 1, 1, 1, False
352.9113, 2021-06-16T10:46:03.1669840+08:00, 0, -0.07588875, 4.17663, 1, 1, 1, False
352.9154, 2021-06-16T10:46:03.1710850+08:00, 0, -0.07588875, 4.17663, 1, 1, 1, False
352.9196, 2021-06-16T10:46:03.1752900+08:00, 0, -0.07588875, 4.17663, 1, 1, 1, False
352.9637, 2021-06-16T10:46:03.2194840+08:00, 0, -0.07588875, 4.17663, 1, 1, 1, False
352.9676, 2021-06-16T10:46:03.2233160+08:00, 0, -0.07588875, 4.17663, 1, 1, 1, False
352.9715, 2021-06-16T10:46:03.2271940+08:00, 0, -0.07588875, 4.17663, 1, 1, 1, False
352.9754, 2021-06-16T10:46:03.2311120+08:00, 0, -0.07588875, 4.17663, 1, 1, 1, False
352.9794, 2021-06-16T10:46:03.2350220+08:00, 0, -0.07588875, 4.17663, 1, 1, 1, False
352.9836, 2021-06-16T10:46:03.2395590+08:00, 0, -0.07588875, 4.17663, 1, 1, 1, False
352.9873, 2021-06-16T10:46:03.2429470+08:00, 0, -0.07588875, 4.17663, 1, 1, 1, False
352.9914, 2021-06-16T10:46:03.2470860+08:00, 0, -0.07588875, 4.17663, 1, 1, 1, False
352.9955, 2021-06-16T10:46:03.2511300+08:00, 0, -0.07588875, 4.17663, 1, 1, 1, False
352.9998, 2021-06-16T10:46:03.2555640+08:00, 0, -0.07588875, 4.17663, 1, 1, 1, False
353.0034, 2021-06-16T10:46:03.2591320+08:00, 0, -0.07588875, 4.17663, 1, 1, 1, False
353.0074, 2021-06-16T10:46:03.2630920+08:00, 0, -0.07588875, 4.17663, 1, 1, 1, False
353.011, 2021-06-16T10:46:03.2666880+08:00, 0, -0.07588875, 4.17663, 1, 1, 1, False
353.0153, 2021-06-16T10:46:03.2709610+08:00, 0, -0.07588875, 4.17663, 1, 1, 1, False
353.0197, 2021-06-16T10:46:03.2753910+08:00, 0, -0.07588875, 4.17663, 1, 1, 1, False
353.0235, 2021-06-16T10:46:03.2791860+08:00, 0, -0.07588875, 4.17663, 1, 1, 1, False
353.0274, 2021-06-16T10:46:03.2830710+08:00, 0, -0.07588875, 4.17663, 1, 1, 1, False
353.0313, 2021-06-16T10:46:03.2869830+08:00, 0, -0.07588875, 4.17663, 1, 1, 1, False
353.0356, 2021-06-16T10:46:03.2913140+08:00, 0, -0.07588875, 4.17663, 1, 1, 1, False
353.0395, 2021-06-16T10:46:03.2952060+08:00, 0, -0.07588875, 4.17663, 1, 1, 1, False
353.0433, 2021-06-16T10:46:03.2990760+08:00, 0, -0.07588875, 4.17663, 1, 1, 1, False
353.0476, 2021-06-16T10:46:03.3032290+08:00, 0, -0.07588875, 4.17663, 1, 1, 1, False
353.0518, 2021-06-16T10:46:03.3074460+08:00, 0, -0.07588875, 4.17663, 1, 1, 1, False
353.0555, 2021-06-16T10:46:03.3112210+08:00, 0, -0.07588875, 4.17663, 1, 1, 1, False
353.0594, 2021-06-16T10:46:03.3150380+08:00, 0, -0.07588875, 4.17663, 1, 1, 1, False
353.0633, 2021-06-16T10:46:03.3189660+08:00, 0, -0.07588875, 4.17663, 1, 1, 1, False
353.0674, 2021-06-16T10:46:03.3229990+08:00, 0, -0.07588875, 4.17663, 1, 1, 1, False
353.0714, 2021-06-16T10:46:03.3270070+08:00, 0, -0.07588875, 4.17663, 1, 1, 1, False
353.0754, 2021-06-16T10:46:03.3310250+08:00, 0, -0.07588875, 4.17663, 1, 1, 1, False
353.0793, 2021-06-16T10:46:03.3349670+08:00, 0, -0.07588875, 4.17663, 1, 1, 1, False
353.0838, 2021-06-16T10:46:03.3395870+08:00, 0, -0.07588875, 4.17663, 1, 1, 1, False
353.1254, 2021-06-16T10:46:03.3811540+08:00, 0, -0.07588875, 4.17663, 1, 1, 1, False
353.1274, 2021-06-16T10:46:03.3830910+08:00, 0, -0.07588875, 4.17663, 1, 1, 1, False
353.1314, 2021-06-16T10:46:03.3871190+08:00, 0, -0.07588875, 4.17663, 1, 1, 1, False
353.1356, 2021-06-16T10:46:03.3913050+08:00, 0, -0.07588875, 4.17663, 1, 1, 1, False
353.1396, 2021-06-16T10:46:03.3952840+08:00, 0, -0.07588875, 4.17663, 1, 1, 1, False
353.1435, 2021-06-16T10:46:03.3992180+08:00, 0, -0.07588875, 4.17663, 1, 1, 1, False
353.1476, 2021-06-16T10:46:03.4033010+08:00, 0, -0.07588875, 4.17663, 1, 1, 1, False
353.1514, 2021-06-16T10:46:03.4071040+08:00, 0, -0.07588875, 4.17663, 1, 1, 1, False
353.155, 2021-06-16T10:46:03.4106250+08:00, 0, -0.07588875, 4.17663, 1, 1, 1, False
353.1594, 2021-06-16T10:46:03.4150230+08:00, 0, -0.07588875, 4.17663, 1, 1, 1, False
353.1637, 2021-06-16T10:46:03.4194830+08:00, 0, -0.07588875, 4.17663, 1, 1, 1, False
353.1675, 2021-06-16T10:46:03.4231570+08:00, 0, -0.07588875, 4.17663, 1, 1, 1, False
353.1714, 2021-06-16T10:46:03.4270830+08:00, 0, -0.07588875, 4.17663, 1, 1, 1, False
353.1754, 2021-06-16T10:46:03.4310280+08:00, 0, -0.07588875, 4.17663, 1, 1, 1, False
353.1796, 2021-06-16T10:46:03.4352340+08:00, 0, -0.07588875, 4.17663, 1, 1, 1, False
353.1835, 2021-06-16T10:46:03.4391690+08:00, 0, -0.07588875, 4.17663, 1, 1, 1, False
353.1877, 2021-06-16T10:46:03.4433350+08:00, 0, -0.07588875, 4.17663, 1, 1, 1, False
353.1916, 2021-06-16T10:46:03.4473500+08:00, 0, -0.07588875, 4.17663, 1, 1, 1, False
353.1955, 2021-06-16T10:46:03.4511320+08:00, 0, -0.07588875, 4.17663, 1, 1, 1, False
353.1995, 2021-06-16T10:46:03.4551760+08:00, 0, -0.07588875, 4.17663, 1, 1, 1, False
353.2037, 2021-06-16T10:46:03.4594400+08:00, 0, -0.07588875, 4.17663, 1, 1, 1, False
353.2072, 2021-06-16T10:46:03.4629240+08:00, 0, -0.07588875, 4.17663, 1, 1, 1, False
353.2115, 2021-06-16T10:46:03.4671700+08:00, 0, -0.07588875, 4.17663, 1, 1, 1, False
353.2156, 2021-06-16T10:46:03.4712290+08:00, 0, -0.07588875, 4.17663, 1, 1, 1, False
353.2198, 2021-06-16T10:46:03.4754400+08:00, 0, -0.07588875, 4.17663, 1, 1, 1, False
353.2236, 2021-06-16T10:46:03.4792760+08:00, 0, -0.07588875, 4.17663, 1, 1, 1, False
353.2273, 2021-06-16T10:46:03.4829760+08:00, 0, -0.07588875, 4.17663, 1, 1, 1, False
353.2316, 2021-06-16T10:46:03.4873230+08:00, 0, -0.07588875, 4.17663, 1, 1, 1, False
353.2354, 2021-06-16T10:46:03.4910740+08:00, 0, -0.07588875, 4.17663, 1, 1, 1, False
353.2395, 2021-06-16T10:46:03.4951330+08:00, 0, -0.07588875, 4.17663, 1, 1, 1, False
353.2435, 2021-06-16T10:46:03.4991890+08:00, 0, -0.07588875, 4.17663, 1, 1, 1, False
353.2757, 2021-06-16T10:46:03.5313760+08:00, 0, -0.07588875, 4.17663, 1, 1, 1, False
353.2796, 2021-06-16T10:46:03.5352670+08:00, 0, -0.07588875, 4.17663, 1, 1, 1, False
353.2834, 2021-06-16T10:46:03.5390500+08:00, 0, -0.07588875, 4.17663, 1, 1, 1, False
353.2877, 2021-06-16T10:46:03.5433700+08:00, 0, -0.07588875, 4.17663, 1, 1, 1, False
353.2914, 2021-06-16T10:46:03.5470590+08:00, 0, -0.07588875, 4.17663, 1, 1, 1, False
353.2954, 2021-06-16T10:46:03.5511010+08:00, 0, -0.07588875, 4.17663, 1, 1, 1, False
353.2993, 2021-06-16T10:46:03.5548970+08:00, 0, -0.07588875, 4.17663, 1, 1, 1, False
353.3036, 2021-06-16T10:46:03.5593050+08:00, 0, -0.07588875, 4.17663, 1, 1, 1, False
353.3073, 2021-06-16T10:46:03.5629570+08:00, 0, -0.07588875, 4.17663, 1, 1, 1, False
353.3111, 2021-06-16T10:46:03.5667610+08:00, 0, -0.07588875, 4.17663, 1, 1, 1, False
353.3151, 2021-06-16T10:46:03.5708000+08:00, 0, -0.07588875, 4.17663, 1, 1, 1, False
353.3198, 2021-06-16T10:46:03.5754430+08:00, 0, -0.07588875, 4.17663, 1, 1, 1, False
353.3234, 2021-06-16T10:46:03.5791240+08:00, 0, -0.07588875, 4.17663, 1, 1, 1, False
353.3276, 2021-06-16T10:46:03.5832470+08:00, 0, -0.07588875, 4.17663, 1, 1, 1, False
353.3316, 2021-06-16T10:46:03.5873380+08:00, 0, -0.07588875, 4.17663, 1, 1, 1, False
353.3354, 2021-06-16T10:46:03.5910890+08:00, 0, -0.07588875, 4.17663, 1, 1, 1, False
353.3397, 2021-06-16T10:46:03.5954180+08:00, 0, -0.07588875, 4.17663, 1, 1, 1, False
353.3434, 2021-06-16T10:46:03.5990770+08:00, 0, -0.07588875, 4.17663, 1, 1, 1, False
353.3472, 2021-06-16T10:46:03.6028710+08:00, 0, -0.07588875, 4.17663, 1, 1, 1, False
353.3516, 2021-06-16T10:46:03.6072890+08:00, 0, -0.07588875, 4.17663, 1, 1, 1, False
353.3554, 2021-06-16T10:46:03.6112160+08:00, 0, -0.07588875, 4.17663, 1, 1, 1, False
353.3595, 2021-06-16T10:46:03.6152020+08:00, 0, -0.07588875, 4.17663, 1, 1, 1, False
353.3633, 2021-06-16T10:46:03.6189970+08:00, 0, -0.07588875, 4.17663, 1, 1, 1, False
353.3673, 2021-06-16T10:46:03.6229370+08:00, 0, -0.07588875, 4.17663, 1, 1, 1, False
353.3716, 2021-06-16T10:46:03.6272470+08:00, 0, -0.07588875, 4.17663, 1, 1, 1, False
353.3754, 2021-06-16T10:46:03.6310590+08:00, 0, -0.07588875, 4.17663, 1, 1, 1, False
353.3794, 2021-06-16T10:46:03.6350420+08:00, 0, -0.07588875, 4.17663, 1, 1, 1, False
353.3835, 2021-06-16T10:46:03.6391870+08:00, 0, -0.07588875, 4.17663, 1, 1, 1, False
353.3874, 2021-06-16T10:46:03.6430410+08:00, 0, -0.07588875, 4.17663, 1, 1, 1, False
353.3914, 2021-06-16T10:46:03.6470070+08:00, 0, -0.07588875, 4.17663, 1, 1, 1, False
353.3963, 2021-06-16T10:46:03.6520110+08:00, 0, -0.07588875, 4.17663, 1, 1, 1, False
353.4373, 2021-06-16T10:46:03.6932520+08:00, 0, -0.07588875, 4.17663, 1, 1, 1, False
353.4395, 2021-06-16T10:46:03.6952100+08:00, 0, -0.07588875, 4.17663, 1, 1, 1, False
353.4435, 2021-06-16T10:46:03.6993110+08:00, 0, -0.07588875, 4.17663, 1, 1, 1, False
353.4477, 2021-06-16T10:46:03.7034410+08:00, 0, -0.07588875, 4.17663, 1, 1, 1, False
353.4514, 2021-06-16T10:46:03.7070760+08:00, 0, -0.07588875, 4.17663, 1, 1, 1, False
353.4554, 2021-06-16T10:46:03.7110050+08:00, 0, -0.07588875, 4.17663, 1, 1, 1, False
353.46, 2021-06-16T10:46:03.7157090+08:00, 0, -0.07588875, 4.17663, 1, 1, 1, False
353.4634, 2021-06-16T10:46:03.7191480+08:00, 0, -0.07588875, 4.17663, 1, 1, 1, False
353.4673, 2021-06-16T10:46:03.7229770+08:00, 0, -0.07588875, 4.17663, 1, 1, 1, False
353.4714, 2021-06-16T10:46:03.7270980+08:00, 0, -0.07588875, 4.17663, 1, 1, 1, False
353.4757, 2021-06-16T10:46:03.7313680+08:00, 0, -0.07588875, 4.17663, 1, 1, 1, False
353.4796, 2021-06-16T10:46:03.7352810+08:00, 0, -0.07588875, 4.17663, 1, 1, 1, False
353.4834, 2021-06-16T10:46:03.7391240+08:00, 0, -0.07588875, 4.17663, 1, 1, 1, False
353.4875, 2021-06-16T10:46:03.7431960+08:00, 0, -0.07588875, 4.17663, 1, 1, 1, False
353.4925, 2021-06-16T10:46:03.7482150+08:00, 0, -0.07588875, 4.17663, 1, 1, 1, False
353.4957, 2021-06-16T10:46:03.7513810+08:00, 0, -0.07588875, 4.17663, 1, 1, 1, False
353.4995, 2021-06-16T10:46:03.7551240+08:00, 0, -0.07588875, 4.17663, 1, 1, 1, False
353.503, 2021-06-16T10:46:03.7587930+08:00, 0, -0.07588875, 4.17663, 1, 1, 1, False
353.5075, 2021-06-16T10:46:03.7631710+08:00, 0, -0.07588875, 4.17663, 1, 1, 1, False
353.5119, 2021-06-16T10:46:03.7675930+08:00, 0, -0.07588875, 4.17663, 1, 1, 1, False
353.5154, 2021-06-16T10:46:03.7710320+08:00, 0, -0.07588875, 4.17663, 1, 1, 1, False
353.5196, 2021-06-16T10:46:03.7752320+08:00, 0, -0.07588875, 4.17663, 1, 1, 1, False
353.5233, 2021-06-16T10:46:03.7789440+08:00, 0, -0.07588875, 4.17663, 1, 1, 1, False
353.5276, 2021-06-16T10:46:03.7832360+08:00, 0, -0.07588875, 4.17663, 1, 1, 1, False
353.5315, 2021-06-16T10:46:03.7871130+08:00, 0, -0.07588875, 4.17663, 1, 1, 1, False
353.5353, 2021-06-16T10:46:03.7909800+08:00, 0, -0.07588875, 4.17663, 1, 1, 1, False
353.5391, 2021-06-16T10:46:03.7946820+08:00, 0, -0.07588875, 4.17663, 1, 1, 1, False
353.5437, 2021-06-16T10:46:03.7993860+08:00, 0, -0.07588875, 4.17663, 1, 1, 1, False
353.5471, 2021-06-16T10:46:03.8028190+08:00, 0, -0.07588875, 4.17663, 1, 1, 1, False
353.5514, 2021-06-16T10:46:03.8070350+08:00, 0, -0.07588875, 4.17663, 1, 1, 1, False
353.5561, 2021-06-16T10:46:03.8117760+08:00, 0, -0.07588875, 4.17663, 1, 1, 1, False
353.5872, 2021-06-16T10:46:03.8429360+08:00, 0, -0.07588875, 4.17663, 1, 1, 1, False
353.5916, 2021-06-16T10:46:03.8473190+08:00, 0, -0.07588875, 4.17663, 1, 1, 1, False
353.5955, 2021-06-16T10:46:03.8511190+08:00, 0, -0.07588875, 4.17663, 1, 1, 1, False
353.5995, 2021-06-16T10:46:03.8551110+08:00, 0, -0.07588875, 4.17663, 1, 1, 1, False
353.6034, 2021-06-16T10:46:03.8590930+08:00, 0, -0.07588875, 4.17663, 1, 1, 1, False
353.6073, 2021-06-16T10:46:03.8629380+08:00, 0, -0.07588875, 4.17663, 1, 1, 1, False
353.6115, 2021-06-16T10:46:03.8672140+08:00, 0, -0.07588875, 4.17663, 1, 1, 1, False
353.6154, 2021-06-16T10:46:03.8711060+08:00, 0, -0.07588875, 4.17663, 1, 1, 1, False
353.6195, 2021-06-16T10:46:03.8751740+08:00, 0, -0.07588875, 4.17663, 1, 1, 1, False
353.6234, 2021-06-16T10:46:03.8790560+08:00, 0, -0.07588875, 4.17663, 1, 1, 1, False
353.6276, 2021-06-16T10:46:03.8832320+08:00, 0, -0.07588875, 4.17663, 1, 1, 1, False
353.6314, 2021-06-16T10:46:03.8871030+08:00, 0, -0.07588875, 4.17663, 1, 1, 1, False
353.6355, 2021-06-16T10:46:03.8911220+08:00, 0, -0.07588875, 4.17663, 1, 1, 1, False
353.6395, 2021-06-16T10:46:03.8951240+08:00, 0, -0.07588875, 4.17663, 1, 1, 1, False
353.6434, 2021-06-16T10:46:03.8991320+08:00, 0, -0.07588875, 4.17663, 1, 1, 1, False
353.6475, 2021-06-16T10:46:03.9032070+08:00, 0, -0.07588875, 4.17663, 1, 1, 1, False
353.6514, 2021-06-16T10:46:03.9071310+08:00, 0, -0.07588875, 4.17663, 1, 1, 1, False
353.6552, 2021-06-16T10:46:03.9108140+08:00, 0, -0.07588875, 4.17663, 1, 1, 1, False
353.6593, 2021-06-16T10:46:03.9150430+08:00, 0, -0.07588875, 4.17663, 1, 1, 1, False
353.6646, 2021-06-16T10:46:03.9203790+08:00, 0, -0.07588875, 4.17663, 1, 1, 1, False
353.6672, 2021-06-16T10:46:03.9229250+08:00, 0, -0.07588875, 4.17663, 1, 1, 1, False
353.6713, 2021-06-16T10:46:03.9269990+08:00, 0, -0.07588875, 4.17663, 1, 1, 1, False
353.6754, 2021-06-16T10:46:03.9310430+08:00, 0, -0.07588875, 4.17663, 1, 1, 1, False
353.6796, 2021-06-16T10:46:03.9352930+08:00, 0, -0.07588875, 4.17663, 1, 1, 1, False
353.6834, 2021-06-16T10:46:03.9390770+08:00, 0, -0.07588875, 4.17663, 1, 1, 1, False
353.6874, 2021-06-16T10:46:03.9430340+08:00, 0, -0.07588875, 4.17663, 1, 1, 1, False
353.6913, 2021-06-16T10:46:03.9469490+08:00, 0, -0.07588875, 4.17663, 1, 1, 1, False
353.6953, 2021-06-16T10:46:03.9509280+08:00, 0, -0.07588875, 4.17663, 1, 1, 1, False
353.6995, 2021-06-16T10:46:03.9551040+08:00, 0, -0.07588875, 4.17663, 1, 1, 1, False
353.703, 2021-06-16T10:46:03.9586800+08:00, 0, -0.07588875, 4.17663, 1, 1, 1, False
353.7077, 2021-06-16T10:46:03.9634120+08:00, 0, -0.07588875, 4.17663, 1, 1, 1, False
353.748, 2021-06-16T10:46:04.0040590+08:00, 0, -0.07588875, 4.17663, 1, 1, 1, False
353.7514, 2021-06-16T10:46:04.0071650+08:00, 0, -0.07588875, 4.17663, 1, 1, 1, False
353.7553, 2021-06-16T10:46:04.0110800+08:00, 0, -0.07588875, 4.17663, 1, 1, 1, False
353.7596, 2021-06-16T10:46:04.0152920+08:00, 0, -0.07588875, 4.17663, 1, 1, 1, False
353.7635, 2021-06-16T10:46:04.0191860+08:00, 0, -0.07588875, 4.17663, 1, 1, 1, False
353.7673, 2021-06-16T10:46:04.0229460+08:00, 0, -0.07588875, 4.17663, 1, 1, 1, False
353.7711, 2021-06-16T10:46:04.0268200+08:00, 0, -0.07588875, 4.17663, 1, 1, 1, False
353.7758, 2021-06-16T10:46:04.0314990+08:00, 0, -0.07588875, 4.17663, 1, 1, 1, False
353.7792, 2021-06-16T10:46:04.0349190+08:00, 0, -0.07588875, 4.17663, 1, 1, 1, False
353.7836, 2021-06-16T10:46:04.0393580+08:00, 0, -0.07588875, 4.17663, 1, 1, 1, False
353.7875, 2021-06-16T10:46:04.0431630+08:00, 0, -0.07588875, 4.17663, 1, 1, 1, False
353.7915, 2021-06-16T10:46:04.0471390+08:00, 0, -0.07588875, 4.17663, 1, 1, 1, False
353.7956, 2021-06-16T10:46:04.0512460+08:00, 0, -0.07588875, 4.17663, 1, 1, 1, False
353.7994, 2021-06-16T10:46:04.0550740+08:00, 0, -0.07588875, 4.17663, 1, 1, 1, False
353.8034, 2021-06-16T10:46:04.0590660+08:00, 0, -0.07588875, 4.17663, 1, 1, 1, False
353.8079, 2021-06-16T10:46:04.0636520+08:00, 0, -0.07588875, 4.17663, 1, 1, 1, False
353.8112, 2021-06-16T10:46:04.0668550+08:00, 0, -0.07588875, 4.17663, 1, 1, 1, False
353.8155, 2021-06-16T10:46:04.0711350+08:00, 0, -0.07588875, 4.17663, 1, 1, 1, False
353.8197, 2021-06-16T10:46:04.0753270+08:00, 0, -0.07588875, 4.17663, 1, 1, 1, False
353.8233, 2021-06-16T10:46:04.0790150+08:00, 0, -0.07588875, 4.17663, 1, 1, 1, False
353.8272, 2021-06-16T10:46:04.0828850+08:00, 0, -0.07588875, 4.17663, 1, 1, 1, False
353.8318, 2021-06-16T10:46:04.0874250+08:00, 0, -0.07588875, 4.17663, 1, 1, 1, False
353.8354, 2021-06-16T10:46:04.0910750+08:00, 0, -0.07588875, 4.17663, 1, 1, 1, False
353.8392, 2021-06-16T10:46:04.0949080+08:00, 0, -0.07588875, 4.17663, 1, 1, 1, False
353.8438, 2021-06-16T10:46:04.0995280+08:00, 0, -0.07588875, 4.17663, 1, 1, 1, False
353.8477, 2021-06-16T10:46:04.1033390+08:00, 0, -0.07588875, 4.17663, 1, 1, 1, False
353.8515, 2021-06-16T10:46:04.1071880+08:00, 0, -0.07588875, 4.17663, 1, 1, 1, False
353.8554, 2021-06-16T10:46:04.1110550+08:00, 0, -0.07588875, 4.17663, 1, 1, 1, False
353.8595, 2021-06-16T10:46:04.1151660+08:00, 0, -0.07588875, 4.17663, 1, 1, 1, False
353.8636, 2021-06-16T10:46:04.1193040+08:00, 0, -0.07588875, 4.17663, 1, 1, 1, False
353.8676, 2021-06-16T10:46:04.1232260+08:00, 0, -0.07588875, 4.17663, 1, 1, 1, False
353.9126, 2021-06-16T10:46:04.1685260+08:00, 0, -0.07588875, 4.17663, 1, 1, 1, False
353.9154, 2021-06-16T10:46:04.1711040+08:00, 0, -0.07588875, 4.17663, 1, 1, 1, False
353.9192, 2021-06-16T10:46:04.1749140+08:00, 0, -0.07588875, 4.17663, 1, 1, 1, False
353.9233, 2021-06-16T10:46:04.1790610+08:00, 0, -0.07588875, 4.17663, 1, 1, 1, False
353.9275, 2021-06-16T10:46:04.1831050+08:00, 0, -0.07588875, 4.17663, 1, 1, 1, False
353.9313, 2021-06-16T10:46:04.1870380+08:00, 0, -0.07588875, 4.17663, 1, 1, 1, False
353.9355, 2021-06-16T10:46:04.1911670+08:00, 0, -0.07588875, 4.17663, 1, 1, 1, False
353.9395, 2021-06-16T10:46:04.1951050+08:00, 0, -0.07588875, 4.17663, 1, 1, 1, False
353.9435, 2021-06-16T10:46:04.1991780+08:00, 0, -0.07588875, 4.17663, 1, 1, 1, False
353.9475, 2021-06-16T10:46:04.2033250+08:00, 0, -0.07588875, 4.17663, 1, 1, 1, False
353.9514, 2021-06-16T10:46:04.2070840+08:00, 0, -0.07588875, 4.17663, 1, 1, 1, False
353.9554, 2021-06-16T10:46:04.2110480+08:00, 0, -0.07588875, 4.17663, 1, 1, 1, False
353.9594, 2021-06-16T10:46:04.2151120+08:00, 0, -0.07588875, 4.17663, 1, 1, 1, False
353.9637, 2021-06-16T10:46:04.2193660+08:00, 0, -0.07588875, 4.17663, 1, 1, 1, False
353.9673, 2021-06-16T10:46:04.2229510+08:00, 0, -0.07588875, 4.17663, 1, 1, 1, False
353.9714, 2021-06-16T10:46:04.2271340+08:00, 0, -0.07588875, 4.17663, 1, 1, 1, False
353.9755, 2021-06-16T10:46:04.2311650+08:00, 0, -0.07588875, 4.17663, 1, 1, 1, False
353.9796, 2021-06-16T10:46:04.2352890+08:00, 0, -0.07588875, 4.17663, 1, 1, 1, False
353.9832, 2021-06-16T10:46:04.2388440+08:00, 0, -0.07588875, 4.17663, 1, 1, 1, False
353.9875, 2021-06-16T10:46:04.2432950+08:00, 0, -0.07588875, 4.17663, 1, 1, 1, False
353.9914, 2021-06-16T10:46:04.2470660+08:00, 0, -0.07588875, 4.17663, 1, 1, 1, False
353.9956, 2021-06-16T10:46:04.2513030+08:00, 0, -0.07588875, 4.17663, 1, 1, 1, False
353.9996, 2021-06-16T10:46:04.2553170+08:00, 0, -0.07588875, 4.17663, 1, 1, 1, False
354.0036, 2021-06-16T10:46:04.2593110+08:00, 0, -0.07588875, 4.17663, 1, 1, 1, False
354.0074, 2021-06-16T10:46:04.2630140+08:00, 0, -0.07588875, 4.17663, 1, 1, 1, False
354.0114, 2021-06-16T10:46:04.2670310+08:00, 0, -0.07588875, 4.17663, 1, 1, 1, False
354.0155, 2021-06-16T10:46:04.2711130+08:00, 0, -0.07588875, 4.17663, 1, 1, 1, False
354.0202, 2021-06-16T10:46:04.2763700+08:00, 0, -0.07588875, 4.17663, 1, 1, 1, False
354.0237, 2021-06-16T10:46:04.2794810+08:00, 0, -0.07588875, 4.17663, 1, 1, 1, False
354.0279, 2021-06-16T10:46:04.2836510+08:00, 0, -0.07588875, 4.17663, 1, 1, 1, False
354.0319, 2021-06-16T10:46:04.2875790+08:00, 0, -0.07588875, 4.17663, 1, 1, 1, False
354.0718, 2021-06-16T10:46:04.3275250+08:00, 0, -0.07588875, 4.17663, 1, 1, 1, False
354.0754, 2021-06-16T10:46:04.3310480+08:00, 0, -0.07588875, 4.17663, 1, 1, 1, False
354.0796, 2021-06-16T10:46:04.3353220+08:00, 0, -0.07588875, 4.17663, 1, 1, 1, False
354.0835, 2021-06-16T10:46:04.3391520+08:00, 0, -0.07588875, 4.17663, 1, 1, 1, False
354.0873, 2021-06-16T10:46:04.3429910+08:00, 0, -0.07588875, 4.17663, 1, 1, 1, False
354.0914, 2021-06-16T10:46:04.3470360+08:00, 0, -0.07588875, 4.17663, 1, 1, 1, False
354.0952, 2021-06-16T10:46:04.3508970+08:00, 0, -0.07588875, 4.17663, 1, 1, 1, False
354.0995, 2021-06-16T10:46:04.3551440+08:00, 0, -0.07588875, 4.17663, 1, 1, 1, False
354.1031, 2021-06-16T10:46:04.3587370+08:00, 0, -0.07588875, 4.17663, 1, 1, 1, False
354.1071, 2021-06-16T10:46:04.3627830+08:00, 0, -0.07588875, 4.17663, 1, 1, 1, False
354.1117, 2021-06-16T10:46:04.3704960+08:00, 0, -0.07588875, 4.17663, 1, 1, 1, False
354.1193, 2021-06-16T10:46:04.3780550+08:00, 0, -0.07588875, 4.17663, 1, 1, 1, False
354.128, 2021-06-16T10:46:04.3867130+08:00, 0, -0.07588875, 4.17663, 1, 1, 1, False
354.1356, 2021-06-16T10:46:04.4009580+08:00, 0, -0.07588875, 4.17663, 1, 1, 1, False
354.1473, 2021-06-16T10:46:04.4030520+08:00, 0, -0.07588875, 4.17663, 1, 1, 1, False
354.1514, 2021-06-16T10:46:04.4070970+08:00, 0, -0.07588875, 4.17663, 1, 1, 1, False
354.1554, 2021-06-16T10:46:04.4110740+08:00, 0, -0.07588875, 4.17663, 1, 1, 1, False
354.1595, 2021-06-16T10:46:04.4151120+08:00, 0, -0.07588875, 4.17663, 1, 1, 1, False
354.1646, 2021-06-16T10:46:04.4206360+08:00, 0, -0.07588875, 4.17663, 1, 1, 1, False
354.1678, 2021-06-16T10:46:04.4238220+08:00, 0, -0.07588875, 4.17663, 1, 1, 1, False
354.1714, 2021-06-16T10:46:04.4271380+08:00, 0, -0.07588875, 4.17663, 1, 1, 1, False
354.1756, 2021-06-16T10:46:04.4312560+08:00, 0, -0.07588875, 4.17663, 1, 1, 1, False
354.1796, 2021-06-16T10:46:04.4352140+08:00, 0, -0.07588875, 4.17663, 1, 1, 1, False
354.1837, 2021-06-16T10:46:04.4394390+08:00, 0, -0.07588875, 4.17663, 1, 1, 1, False
354.188, 2021-06-16T10:46:04.4437860+08:00, 0, -0.07588875, 4.17663, 1, 1, 1, False
354.1917, 2021-06-16T10:46:04.4473590+08:00, 0, -0.07588875, 4.17663, 1, 1, 1, False
354.1954, 2021-06-16T10:46:04.4510640+08:00, 0, -0.07588875, 4.17663, 1, 1, 1, False
354.1993, 2021-06-16T10:46:04.4549620+08:00, 0, -0.07588875, 4.17663, 1, 1, 1, False
354.2036, 2021-06-16T10:46:04.4592840+08:00, 0, -0.07588875, 4.17663, 1, 1, 1, False
354.2075, 2021-06-16T10:46:04.4631210+08:00, 0, -0.07588875, 4.17663, 1, 1, 1, False
354.2115, 2021-06-16T10:46:04.4671110+08:00, 0, -0.07588875, 4.17663, 1, 1, 1, False
354.2484, 2021-06-16T10:46:04.5040600+08:00, 0, -0.07588875, 4.17663, 1, 1, 1, False
354.2514, 2021-06-16T10:46:04.5071420+08:00, 0, -0.07588875, 4.17663, 1, 1, 1, False
354.2565, 2021-06-16T10:46:04.5125180+08:00, 0, -0.07588875, 4.17663, 1, 1, 1, False
354.2599, 2021-06-16T10:46:04.5156910+08:00, 0, -0.07588875, 4.17663, 1, 1, 1, False
354.2641, 2021-06-16T10:46:04.5198520+08:00, 0, -0.07588875, 4.17663, 1, 1, 1, False
354.2674, 2021-06-16T10:46:04.5230320+08:00, 0, -0.07588875, 4.17663, 1, 1, 1, False
354.2715, 2021-06-16T10:46:04.5271330+08:00, 0, -0.07588875, 4.17663, 1, 1, 1, False
354.2761, 2021-06-16T10:46:04.5319170+08:00, 0, -0.07588875, 4.17663, 1, 1, 1, False
354.2804, 2021-06-16T10:46:04.5362770+08:00, 0, -0.07588875, 4.17663, 1, 1, 1, False
354.2845, 2021-06-16T10:46:04.5402440+08:00, 0, -0.07588875, 4.17663, 1, 1, 1, False
354.2918, 2021-06-16T10:46:04.5474840+08:00, 0, -0.07588875, 4.17663, 1, 1, 1, False
354.3092, 2021-06-16T10:46:04.5652080+08:00, 0, -0.07588875, 4.17663, 1, 1, 1, False
354.3138, 2021-06-16T10:46:04.5697190+08:00, 0, -0.07588875, 4.17663, 1, 1, 1, False
354.3388, 2021-06-16T10:46:04.5951730+08:00, 0, -0.07588875, 4.17663, 1, 1, 1, False
354.3661, 2021-06-16T10:46:04.6222500+08:00, 0, -0.07588875, 4.17663, 1, 1, 1, False
354.3936, 2021-06-16T10:46:04.6496960+08:00, 0, -0.07588875, 4.17663, 1, 1, 1, False
354.4188, 2021-06-16T10:46:04.6747840+08:00, 0, -0.07588875, 4.17663, 1, 1, 1, False
354.4437, 2021-06-16T10:46:04.6996890+08:00, 0, -0.07588875, 4.17663, 1, 1, 1, False
354.4693, 2021-06-16T10:46:04.7253500+08:00, 0, -0.07588875, 4.17663, 1, 1, 1, False
354.4927, 2021-06-16T10:46:04.7484910+08:00, 0, -0.07588875, 4.17663, 1, 1, 1, False
354.4952, 2021-06-16T10:46:04.7508500+08:00, 0, -0.07588875, 4.17663, 1, 1, 1, False
354.5112, 2021-06-16T10:46:04.7669010+08:00, 0, -0.07588875, 4.17663, 1, 1, 1, False
354.5157, 2021-06-16T10:46:04.7714010+08:00, 0, -0.07588875, 4.17663, 1, 1, 1, False
354.5293, 2021-06-16T10:46:04.7851590+08:00, 0, -0.07588875, 4.17663, 1, 1, 1, False
354.5317, 2021-06-16T10:46:04.7874520+08:00, 0, -0.07588875, 4.17663, 1, 1, 1, False
354.5483, 2021-06-16T10:46:04.8040480+08:00, 0, -0.07588875, 4.17663, 1, 1, 1, False
354.5519, 2021-06-16T10:46:04.8075660+08:00, 0, -0.07588875, 4.17663, 1, 1, 1, False
354.565, 2021-06-16T10:46:04.8210080+08:00, 0, -0.07588875, 4.17663, 1, 1, 1, False
354.5675, 2021-06-16T10:46:04.8231880+08:00, 0, -0.07588875, 4.17663, 1, 1, 1, False
354.5823, 2021-06-16T10:46:04.8382550+08:00, 0, -0.07588875, 4.17663, 1, 1, 1, False
354.599, 2021-06-16T10:46:04.8547720+08:00, 0, -0.07588875, 4.17663, 1, 1, 1, False
354.6396, 2021-06-16T10:46:04.8953170+08:00, 0, -0.07588875, 4.17663, 1, 1, 1, False
354.6432, 2021-06-16T10:46:04.8988740+08:00, 0, -0.07588875, 4.17663, 1, 1, 1, False
354.6471, 2021-06-16T10:46:04.9027800+08:00, 0, -0.07588875, 4.17663, 1, 1, 1, False
354.6516, 2021-06-16T10:46:04.9072360+08:00, 0, -0.07588875, 4.17663, 1, 1, 1, False
354.6554, 2021-06-16T10:46:04.9110060+08:00, 0, -0.07588875, 4.17663, 1, 1, 1, False
354.6594, 2021-06-16T10:46:04.9150710+08:00, 0, -0.07588875, 4.17663, 1, 1, 1, False
354.6637, 2021-06-16T10:46:04.9193290+08:00, 0, -0.07588875, 4.17663, 1, 1, 1, False
354.6673, 2021-06-16T10:46:04.9229590+08:00, 0, -0.07588875, 4.17663, 1, 1, 1, False
354.6715, 2021-06-16T10:46:04.9271630+08:00, 0, -0.07588875, 4.17663, 1, 1, 1, False
354.6752, 2021-06-16T10:46:04.9308240+08:00, 0, -0.07588875, 4.17663, 1, 1, 1, False
354.6833, 2021-06-16T10:46:04.9390100+08:00, 0, -0.07588875, 4.17663, 1, 1, 1, False
354.6879, 2021-06-16T10:46:04.9435540+08:00, 0, -0.07588875, 4.17663, 1, 1, 1, False
354.6989, 2021-06-16T10:46:04.9546760+08:00, 0, -0.07588875, 4.17663, 1, 1, 1, False
354.7039, 2021-06-16T10:46:04.9596280+08:00, 0, -0.07588875, 4.17663, 1, 1, 1, False
354.7133, 2021-06-16T10:46:04.9690960+08:00, 0, -0.07588875, 4.17663, 1, 1, 1, False
354.7279, 2021-06-16T10:46:04.9838020+08:00, 0, -0.07588875, 4.17663, 1, 1, 1, False
354.7434, 2021-06-16T10:46:04.9993050+08:00, 0, -0.07588875, 4.17663, 1, 1, 1, False
354.7573, 2021-06-16T10:46:05.0131340+08:00, 0, -0.07588875, 4.17663, 1, 1, 1, False
354.7722, 2021-06-16T10:46:05.0281690+08:00, 0, -0.07588875, 4.17663, 1, 1, 1, False
354.7866, 2021-06-16T10:46:05.0425690+08:00, 0, -0.07588875, 4.17663, 1, 1, 1, False
354.8008, 2021-06-16T10:46:05.0566050+08:00, 0, -0.07588875, 4.17663, 1, 1, 1, False
354.8149, 2021-06-16T10:46:05.0708270+08:00, 0, -0.07588875, 4.17663, 1, 1, 1, False
354.8301, 2021-06-16T10:46:05.0859500+08:00, 0, -0.07588875, 4.17663, 1, 1, 1, False
354.8431, 2021-06-16T10:46:05.0990730+08:00, 0, -0.07588875, 4.17663, 1, 1, 1, False
354.8572, 2021-06-16T10:46:05.1130260+08:00, 0, -0.07588875, 4.17663, 1, 1, 1, False
354.8718, 2021-06-16T10:46:05.1277080+08:00, 0, -0.07588875, 4.17663, 1, 1, 1, False
354.8851, 2021-06-16T10:46:05.1410530+08:00, 0, -0.07588875, 4.17663, 1, 1, 1, False
354.8993, 2021-06-16T10:46:05.1551490+08:00, 0, -0.07588875, 4.17663, 1, 1, 1, False
354.9131, 2021-06-16T10:46:05.1690720+08:00, 0, -0.07588875, 4.17663, 1, 1, 1, False
354.9271, 2021-06-16T10:46:05.1828510+08:00, 0, -0.07588875, 4.17663, 1, 1, 1, False
354.9412, 2021-06-16T10:46:05.1969690+08:00, 0, -0.07588875, 4.17663, 1, 1, 1, False
354.9794, 2021-06-16T10:46:05.2350800+08:00, 0, -0.07588875, 4.17663, 1, 1, 1, False
354.9833, 2021-06-16T10:46:05.2390100+08:00, 0, -0.07588875, 4.17663, 1, 1, 1, False
354.9875, 2021-06-16T10:46:05.2431980+08:00, 0, -0.07588875, 4.17663, 1, 1, 1, False
354.9912, 2021-06-16T10:46:05.2468360+08:00, 0, -0.07588875, 4.17663, 1, 1, 1, False
354.9955, 2021-06-16T10:46:05.2511690+08:00, 0, -0.07588875, 4.17663, 1, 1, 1, False
354.9992, 2021-06-16T10:46:05.2549040+08:00, 0, -0.07588875, 4.17663, 1, 1, 1, False
355.0035, 2021-06-16T10:46:05.2593570+08:00, 0, -0.07588875, 4.17663, 1, 1, 1, False
355.0071, 2021-06-16T10:46:05.2627300+08:00, 0, -0.07588875, 4.17663, 1, 1, 1, False
355.0116, 2021-06-16T10:46:05.2672060+08:00, 0, -0.07588875, 4.17663, 1, 1, 1, False
355.0166, 2021-06-16T10:46:05.2724210+08:00, 0, -0.07588875, 4.17663, 1, 1, 1, False
355.0192, 2021-06-16T10:46:05.2748810+08:00, 0, -0.07588875, 4.17663, 1, 1, 1, False
355.0236, 2021-06-16T10:46:05.2792330+08:00, 0, -0.07588875, 4.17663, 1, 1, 1, False
355.0311, 2021-06-16T10:46:05.2868280+08:00, 0, -0.07588875, 4.17663, 1, 1, 1, False
355.0357, 2021-06-16T10:46:05.2913210+08:00, 0, -0.07588875, 4.17663, 1, 1, 1, False
355.0445, 2021-06-16T10:46:05.3003850+08:00, 0, -0.07588875, 4.17663, 1, 1, 1, False
355.0476, 2021-06-16T10:46:05.3032540+08:00, 0, -0.07588875, 4.17663, 1, 1, 1, False
355.0591, 2021-06-16T10:46:05.3151120+08:00, 0, -0.07588875, 4.17663, 1, 1, 1, False
355.0637, 2021-06-16T10:46:05.3193550+08:00, 0, -0.07588875, 4.17663, 1, 1, 1, False
355.0738, 2021-06-16T10:46:05.3296310+08:00, 0, -0.07588875, 4.17663, 1, 1, 1, False
355.0876, 2021-06-16T10:46:05.3435860+08:00, 0, -0.07588875, 4.17663, 1, 1, 1, False
355.1012, 2021-06-16T10:46:05.3570330+08:00, 0, -0.07588875, 4.17663, 1, 1, 1, False
355.1166, 2021-06-16T10:46:05.3723980+08:00, 0, -0.07588875, 4.17663, 1, 1, 1, False
355.1297, 2021-06-16T10:46:05.3854420+08:00, 0, -0.07588875, 4.17663, 1, 1, 1, False
355.1449, 2021-06-16T10:46:05.4007590+08:00, 0, -0.07588875, 4.17663, 1, 1, 1, False
355.1583, 2021-06-16T10:46:05.4141700+08:00, 0, -0.07588875, 4.17663, 1, 1, 1, False
355.1721, 2021-06-16T10:46:05.4279710+08:00, 0, -0.07588875, 4.17663, 1, 1, 1, False
355.1862, 2021-06-16T10:46:05.4420010+08:00, 0, -0.07588875, 4.17663, 1, 1, 1, False
355.1998, 2021-06-16T10:46:05.4555380+08:00, 0, -0.07588875, 4.17663, 1, 1, 1, False
355.214, 2021-06-16T10:46:05.4699190+08:00, 0, -0.07588875, 4.17663, 1, 1, 1, False
355.2276, 2021-06-16T10:46:05.4836470+08:00, 0, -0.07588875, 4.17663, 1, 1, 1, False
355.2411, 2021-06-16T10:46:05.4969160+08:00, 0, -0.07588875, 4.17663, 1, 1, 1, False
355.28, 2021-06-16T10:46:05.5358060+08:00, 0, -0.07588875, 4.17663, 1, 1, 1, False
355.2857, 2021-06-16T10:46:05.5413440+08:00, 0, -0.07588875, 4.17663, 1, 1, 1, False
355.287, 2021-06-16T10:46:05.5426340+08:00, 0, -0.07588875, 4.17663, 1, 1, 1, False
355.2917, 2021-06-16T10:46:05.5473010+08:00, 0, -0.07588875, 4.17663, 1, 1, 1, False
355.2954, 2021-06-16T10:46:05.5510540+08:00, 0, -0.07588875, 4.17663, 1, 1, 1, False
355.299, 2021-06-16T10:46:05.5547290+08:00, 0, -0.07588875, 4.17663, 1, 1, 1, False
355.3037, 2021-06-16T10:46:05.5593520+08:00, 0, -0.07588875, 4.17663, 1, 1, 1, False
355.3072, 2021-06-16T10:46:05.5628500+08:00, 0, -0.07588875, 4.17663, 1, 1, 1, False
355.3112, 2021-06-16T10:46:05.5668150+08:00, 0, -0.07588875, 4.17663, 1, 1, 1, False
355.3157, 2021-06-16T10:46:05.5713300+08:00, 0, -0.07588875, 4.17663, 1, 1, 1, False
355.3195, 2021-06-16T10:46:05.5751180+08:00, 0, -0.07588875, 4.17663, 1, 1, 1, False
355.3232, 2021-06-16T10:46:05.5789270+08:00, 0, -0.07588875, 4.17663, 1, 1, 1, False
355.3277, 2021-06-16T10:46:05.5834020+08:00, 0, -0.07588875, 4.17663, 1, 1, 1, False
355.3313, 2021-06-16T10:46:05.5869070+08:00, 0, -0.07588875, 4.17663, 1, 1, 1, False
355.3353, 2021-06-16T10:46:05.5909240+08:00, 0, -0.07588875, 4.17663, 1, 1, 1, False
355.3392, 2021-06-16T10:46:05.5949150+08:00, 0, -0.07588875, 4.17663, 1, 1, 1, False
355.3432, 2021-06-16T10:46:05.5988920+08:00, 0, -0.07588875, 4.17663, 1, 1, 1, False
355.3471, 2021-06-16T10:46:05.6028050+08:00, 0, -0.07588875, 4.17663, 1, 1, 1, False
355.3515, 2021-06-16T10:46:05.6071840+08:00, 0, -0.07588875, 4.17663, 1, 1, 1, False
355.3559, 2021-06-16T10:46:05.6117800+08:00, 0, -0.07588875, 4.17663, 1, 1, 1, False
355.3595, 2021-06-16T10:46:05.6151430+08:00, 0, -0.07588875, 4.17663, 1, 1, 1, False
355.3686, 2021-06-16T10:46:05.6246800+08:00, 0, -0.07588875, 4.17663, 1, 1, 1, False
355.3714, 2021-06-16T10:46:05.6270510+08:00, 0, -0.07588875, 4.17663, 1, 1, 1, False
355.3826, 2021-06-16T10:46:05.6384690+08:00, 0, -0.07588875, 4.17663, 1, 1, 1, False
355.3873, 2021-06-16T10:46:05.6429690+08:00, 0, -0.07588875, 4.17663, 1, 1, 1, False
355.3956, 2021-06-16T10:46:05.6513490+08:00, 0, -0.07588875, 4.17663, 1, 1, 1, False
355.3996, 2021-06-16T10:46:05.6552570+08:00, 0, -0.07588875, 4.17663, 1, 1, 1, False
355.4096, 2021-06-16T10:46:05.6654040+08:00, 0, -0.07588875, 4.17663, 1, 1, 1, False
355.4113, 2021-06-16T10:46:05.6669760+08:00, 0, -0.07588875, 4.17663, 1, 1, 1, False
355.4227, 2021-06-16T10:46:05.6784340+08:00, 0, -0.07588875, 4.17663, 1, 1, 1, False
355.4358, 2021-06-16T10:46:05.6915430+08:00, 0, -0.07588875, 4.17663, 1, 1, 1, False
355.4797, 2021-06-16T10:46:05.7354550+08:00, 0, -0.07588875, 4.17663, 1, 1, 1, False
355.4834, 2021-06-16T10:46:05.7390280+08:00, 0, -0.07588875, 4.17663, 1, 1, 1, False
355.4872, 2021-06-16T10:46:05.7428890+08:00, 0, -0.07588875, 4.17663, 1, 1, 1, False
355.4912, 2021-06-16T10:46:05.7469160+08:00, 0, -0.07588875, 4.17663, 1, 1, 1, False
355.4959, 2021-06-16T10:46:05.7515990+08:00, 0, -0.07588875, 4.17663, 1, 1, 1, False
355.4991, 2021-06-16T10:46:05.7547610+08:00, 0, -0.07588875, 4.17663, 1, 1, 1, False
355.5035, 2021-06-16T10:46:05.7591770+08:00, 0, -0.07588875, 4.17663, 1, 1, 1, False
355.5078, 2021-06-16T10:46:05.7634620+08:00, 0, -0.07588875, 4.17663, 1, 1, 1, False
355.5114, 2021-06-16T10:46:05.7669980+08:00, 0, -0.07588875, 4.17663, 1, 1, 1, False
355.5154, 2021-06-16T10:46:05.7710760+08:00, 0, -0.07588875, 4.17663, 1, 1, 1, False
355.5197, 2021-06-16T10:46:05.7753200+08:00, 0, -0.07588875, 4.17663, 1, 1, 1, False
355.5232, 2021-06-16T10:46:05.7788340+08:00, 0, -0.07588875, 4.17663, 1, 1, 1, False
355.5274, 2021-06-16T10:46:05.7830660+08:00, 0, -0.07588875, 4.17663, 1, 1, 1, False
355.5338, 2021-06-16T10:46:05.7895340+08:00, 0, -0.07588875, 4.17663, 1, 1, 1, False
355.5352, 2021-06-16T10:46:05.7908110+08:00, 0, -0.07588875, 4.17663, 1, 1, 1, False
355.5396, 2021-06-16T10:46:05.7953090+08:00, 0, -0.07588875, 4.17663, 1, 1, 1, False
355.5474, 2021-06-16T10:46:05.8032050+08:00, 0, -0.07588875, 4.17663, 1, 1, 1, False
355.5517, 2021-06-16T10:46:05.8073840+08:00, 0, -0.07588875, 4.17663, 1, 1, 1, False
355.5617, 2021-06-16T10:46:05.8174870+08:00, 0, -0.07588875, 4.17663, 1, 1, 1, False
355.5633, 2021-06-16T10:46:05.8189740+08:00, 0, -0.07588875, 4.17663, 1, 1, 1, False
355.5739, 2021-06-16T10:46:05.8297440+08:00, 0, -0.07588875, 4.17663, 1, 1, 1, False
355.5753, 2021-06-16T10:46:05.8309780+08:00, 0, -0.07588875, 4.17663, 1, 1, 1, False
355.5869, 2021-06-16T10:46:05.8427540+08:00, 0, -0.07588875, 4.17663, 1, 1, 1, False
355.5931, 2021-06-16T10:46:05.8487870+08:00, 0, -0.07588875, 4.17663, 1, 1, 1, False
355.5956, 2021-06-16T10:46:05.8513210+08:00, 0, -0.07588875, 4.17663, 1, 1, 1, False
355.6006, 2021-06-16T10:46:05.8563650+08:00, 0, -0.07588875, 4.17663, 1, 1, 1, False
355.6034, 2021-06-16T10:46:05.8590820+08:00, 0, -0.07588875, 4.17663, 1, 1, 1, False
355.6074, 2021-06-16T10:46:05.8630280+08:00, 0, -0.07588875, 4.17663, 1, 1, 1, False
355.6115, 2021-06-16T10:46:05.8671850+08:00, 0, -0.07588875, 4.17663, 1, 1, 1, False
355.6154, 2021-06-16T10:46:05.8710360+08:00, 0, -0.07588875, 4.17663, 1, 1, 1, False
355.6194, 2021-06-16T10:46:05.8750280+08:00, 0, -0.07588875, 4.17663, 1, 1, 1, False
355.6638, 2021-06-16T10:46:05.9194700+08:00, 0, -0.07588875, 4.17663, 1, 1, 1, False
355.6677, 2021-06-16T10:46:05.9234220+08:00, 0, -0.07588875, 4.17663, 1, 1, 1, False
355.6714, 2021-06-16T10:46:05.9270580+08:00, 0, -0.07588875, 4.17663, 1, 1, 1, False
355.6755, 2021-06-16T10:46:05.9311720+08:00, 0, -0.07588875, 4.17663, 1, 1, 1, False
355.6798, 2021-06-16T10:46:05.9357830+08:00, 0, -0.07588875, 4.17663, 1, 1, 1, False
355.6834, 2021-06-16T10:46:05.9391250+08:00, 0, -0.07588875, 4.17663, 1, 1, 1, False
355.6873, 2021-06-16T10:46:05.9429340+08:00, 0, -0.07588875, 4.17663, 1, 1, 1, False
355.6913, 2021-06-16T10:46:05.9469410+08:00, 0, -0.07588875, 4.17663, 1, 1, 1, False
355.6951, 2021-06-16T10:46:05.9507770+08:00, 0, -0.07588875, 4.17663, 1, 1, 1, False
355.6993, 2021-06-16T10:46:05.9550130+08:00, 0, -0.07588875, 4.17663, 1, 1, 1, False
355.7034, 2021-06-16T10:46:05.9591660+08:00, 0, -0.07588875, 4.17663, 1, 1, 1, False
355.7074, 2021-06-16T10:46:05.9630310+08:00, 0, -0.07588875, 4.17663, 1, 1, 1, False
355.7117, 2021-06-16T10:46:05.9674030+08:00, 0, -0.07588875, 4.17663, 1, 1, 1, False
355.7154, 2021-06-16T10:46:05.9710330+08:00, 0, -0.07588875, 4.17663, 1, 1, 1, False
355.7191, 2021-06-16T10:46:05.9747110+08:00, 0, -0.07588875, 4.17663, 1, 1, 1, False
355.7231, 2021-06-16T10:46:05.9787690+08:00, 0, -0.07588875, 4.17663, 1, 1, 1, False
355.7271, 2021-06-16T10:46:05.9827650+08:00, 0, -0.07588875, 4.17663, 1, 1, 1, False
355.7314, 2021-06-16T10:46:05.9870080+08:00, 0, -0.07588875, 4.17663, 1, 1, 1, False
355.7352, 2021-06-16T10:46:05.9909790+08:00, 0, -0.07588875, 4.17663, 1, 1, 1, False
355.7392, 2021-06-16T10:46:05.9949990+08:00, 0, -0.07588875, 4.17663, 1, 1, 1, False
355.743, 2021-06-16T10:46:05.9987460+08:00, 0, -0.07588875, 4.17663, 1, 1, 1, False
355.7475, 2021-06-16T10:46:06.0031370+08:00, 0, -0.07588875, 4.17663, 1, 1, 1, False
355.7514, 2021-06-16T10:46:06.0070640+08:00, 0, -0.07588875, 4.17663, 1, 1, 1, False
355.7554, 2021-06-16T10:46:06.0110460+08:00, 0, -0.07588875, 4.17663, 1, 1, 1, False
355.7593, 2021-06-16T10:46:06.0149860+08:00, 0, -0.07588875, 4.17663, 1, 1, 1, False
355.763, 2021-06-16T10:46:06.0186680+08:00, 0, -0.07588875, 4.17663, 1, 1, 1, False
355.7673, 2021-06-16T10:46:06.0229730+08:00, 0, -0.07588875, 4.17663, 1, 1, 1, False
355.7714, 2021-06-16T10:46:06.0270790+08:00, 0, -0.07588875, 4.17663, 1, 1, 1, False
355.7754, 2021-06-16T10:46:06.0310400+08:00, 0, -0.07588875, 4.17663, 1, 1, 1, False
355.7794, 2021-06-16T10:46:06.0350160+08:00, 0, -0.07588875, 4.17663, 1, 1, 1, False
355.7836, 2021-06-16T10:46:06.0392940+08:00, 0, -0.07588875, 4.17663, 1, 1, 1, False
355.8195, 2021-06-16T10:46:06.0753150+08:00, 0, -0.07588875, 4.17663, 1, 1, 1, False
355.8234, 2021-06-16T10:46:06.0790390+08:00, 0, -0.07588875, 4.17663, 1, 1, 1, False
355.8274, 2021-06-16T10:46:06.0830370+08:00, 0, -0.07588875, 4.17663, 1, 1, 1, False
355.8314, 2021-06-16T10:46:06.0870740+08:00, 0, -0.07588875, 4.17663, 1, 1, 1, False
355.8353, 2021-06-16T10:46:06.0909700+08:00, 0, -0.07588875, 4.17663, 1, 1, 1, False
355.8391, 2021-06-16T10:46:06.0947140+08:00, 0, -0.07588875, 4.17663, 1, 1, 1, False
355.8435, 2021-06-16T10:46:06.0991790+08:00, 0, -0.07588875, 4.17663, 1, 1, 1, False
355.8473, 2021-06-16T10:46:06.1028990+08:00, 0, -0.07588875, 4.17663, 1, 1, 1, False
355.851, 2021-06-16T10:46:06.1066490+08:00, 0, -0.07588875, 4.17663, 1, 1, 1, False
355.8555, 2021-06-16T10:46:06.1111800+08:00, 0, -0.07588875, 4.17663, 1, 1, 1, False
355.8594, 2021-06-16T10:46:06.1150390+08:00, 0, -0.07588875, 4.17663, 1, 1, 1, False
355.8633, 2021-06-16T10:46:06.1189460+08:00, 0, -0.07588875, 4.17663, 1, 1, 1, False
355.8672, 2021-06-16T10:46:06.1228980+08:00, 0, -0.07588875, 4.17663, 1, 1, 1, False
355.8715, 2021-06-16T10:46:06.1271270+08:00, 0, -0.07588875, 4.17663, 1, 1, 1, False
355.8751, 2021-06-16T10:46:06.1307350+08:00, 0, -0.07588875, 4.17663, 1, 1, 1, False
355.8794, 2021-06-16T10:46:06.1350350+08:00, 0, -0.07588875, 4.17663, 1, 1, 1, False
355.8833, 2021-06-16T10:46:06.1391600+08:00, 0, -0.07588875, 4.17663, 1, 1, 1, False
355.8871, 2021-06-16T10:46:06.1427360+08:00, 0, -0.07588875, 4.17663, 1, 1, 1, False
355.8914, 2021-06-16T10:46:06.1470460+08:00, 0, -0.07588875, 4.17663, 1, 1, 1, False
355.8953, 2021-06-16T10:46:06.1509350+08:00, 0, -0.07588875, 4.17663, 1, 1, 1, False
355.8991, 2021-06-16T10:46:06.1547740+08:00, 0, -0.07588875, 4.17663, 1, 1, 1, False
355.9035, 2021-06-16T10:46:06.1591930+08:00, 0, -0.07588875, 4.17663, 1, 1, 1, False
355.9074, 2021-06-16T10:46:06.1630930+08:00, 0, -0.07588875, 4.17663, 1, 1, 1, False
355.911, 2021-06-16T10:46:06.1666690+08:00, 0, -0.07588875, 4.17663, 1, 1, 1, False
355.9154, 2021-06-16T10:46:06.1710490+08:00, 0, -0.07588875, 4.17663, 1, 1, 1, False
355.9193, 2021-06-16T10:46:06.1749900+08:00, 0, -0.07588875, 4.17663, 1, 1, 1, False
355.9234, 2021-06-16T10:46:06.1791030+08:00, 0, -0.07588875, 4.17663, 1, 1, 1, False
355.9275, 2021-06-16T10:46:06.1830890+08:00, 0, -0.07588875, 4.17663, 1, 1, 1, False
355.9313, 2021-06-16T10:46:06.1869290+08:00, 0, -0.07588875, 4.17663, 1, 1, 1, False
355.9353, 2021-06-16T10:46:06.1909560+08:00, 0, -0.07588875, 4.17663, 1, 1, 1, False
355.9396, 2021-06-16T10:46:06.1952850+08:00, 0, -0.07588875, 4.17663, 1, 1, 1, False
355.9715, 2021-06-16T10:46:06.2272050+08:00, 0, -0.07588875, 4.17663, 1, 1, 1, False
355.9754, 2021-06-16T10:46:06.2310110+08:00, 0, -0.07588875, 4.17663, 1, 1, 1, False
355.9791, 2021-06-16T10:46:06.2347140+08:00, 0, -0.07588875, 4.17663, 1, 1, 1, False
355.9835, 2021-06-16T10:46:06.2392090+08:00, 0, -0.07588875, 4.17663, 1, 1, 1, False
355.9874, 2021-06-16T10:46:06.2430480+08:00, 0, -0.07588875, 4.17663, 1, 1, 1, False
355.9914, 2021-06-16T10:46:06.2470450+08:00, 0, -0.07588875, 4.17663, 1, 1, 1, False
355.9955, 2021-06-16T10:46:06.2510840+08:00, 0, -0.07588875, 4.17663, 1, 1, 1, False
355.9994, 2021-06-16T10:46:06.2549840+08:00, 0, -0.07588875, 4.17663, 1, 1, 1, False
356.0033, 2021-06-16T10:46:06.2589790+08:00, 0, -0.07588875, 4.17663, 1, 1, 1, False
356.0073, 2021-06-16T10:46:06.2629610+08:00, 0, -0.07588875, 4.17663, 1, 1, 1, False
356.0114, 2021-06-16T10:46:06.2670890+08:00, 0, -0.07588875, 4.17663, 1, 1, 1, False
356.0154, 2021-06-16T10:46:06.2710230+08:00, 0, -0.07588875, 4.17663, 1, 1, 1, False
356.0193, 2021-06-16T10:46:06.2749880+08:00, 0, -0.07588875, 4.17663, 1, 1, 1, False
356.0234, 2021-06-16T10:46:06.2790400+08:00, 0, -0.07588875, 4.17663, 1, 1, 1, False
356.0275, 2021-06-16T10:46:06.2831090+08:00, 0, -0.07588875, 4.17663, 1, 1, 1, False
356.0315, 2021-06-16T10:46:06.2871550+08:00, 0, -0.07588875, 4.17663, 1, 1, 1, False
356.0352, 2021-06-16T10:46:06.2908510+08:00, 0, -0.07588875, 4.17663, 1, 1, 1, False
356.0394, 2021-06-16T10:46:06.2949990+08:00, 0, -0.07588875, 4.17663, 1, 1, 1, False
356.0434, 2021-06-16T10:46:06.2990420+08:00, 0, -0.07588875, 4.17663, 1, 1, 1, False
356.0473, 2021-06-16T10:46:06.3029860+08:00, 0, -0.07588875, 4.17663, 1, 1, 1, False
356.0514, 2021-06-16T10:46:06.3070540+08:00, 0, -0.07588875, 4.17663, 1, 1, 1, False
356.0554, 2021-06-16T10:46:06.3110060+08:00, 0, -0.07588875, 4.17663, 1, 1, 1, False
356.0592, 2021-06-16T10:46:06.3148340+08:00, 0, -0.07588875, 4.17663, 1, 1, 1, False
356.0635, 2021-06-16T10:46:06.3191810+08:00, 0, -0.07588875, 4.17663, 1, 1, 1, False
356.0673, 2021-06-16T10:46:06.3229630+08:00, 0, -0.07588875, 4.17663, 1, 1, 1, False
356.0714, 2021-06-16T10:46:06.3270320+08:00, 0, -0.07588875, 4.17663, 1, 1, 1, False
356.0754, 2021-06-16T10:46:06.3310060+08:00, 0, -0.07588875, 4.17663, 1, 1, 1, False
356.0795, 2021-06-16T10:46:06.3351670+08:00, 0, -0.07588875, 4.17663, 1, 1, 1, False
356.0834, 2021-06-16T10:46:06.3390960+08:00, 0, -0.07588875, 4.17663, 1, 1, 1, False
356.0872, 2021-06-16T10:46:06.3428530+08:00, 0, -0.07588875, 4.17663, 1, 1, 1, False
356.0913, 2021-06-16T10:46:06.3469850+08:00, 0, -0.07588875, 4.17663, 1, 1, 1, False
356.1315, 2021-06-16T10:46:06.3871940+08:00, 0, -0.07588875, 4.17663, 1, 1, 1, False
356.1351, 2021-06-16T10:46:06.3907200+08:00, 0, -0.07588875, 4.17663, 1, 1, 1, False
356.1394, 2021-06-16T10:46:06.3950530+08:00, 0, -0.07588875, 4.17663, 1, 1, 1, False
356.1434, 2021-06-16T10:46:06.3990250+08:00, 0, -0.07588875, 4.17663, 1, 1, 1, False
356.1474, 2021-06-16T10:46:06.4030420+08:00, 0, -0.07588875, 4.17663, 1, 1, 1, False
356.1514, 2021-06-16T10:46:06.4070770+08:00, 0, -0.07588875, 4.17663, 1, 1, 1, False
356.1553, 2021-06-16T10:46:06.4109490+08:00, 0, -0.07588875, 4.17663, 1, 1, 1, False
356.1591, 2021-06-16T10:46:06.4147320+08:00, 0, -0.07588875, 4.17663, 1, 1, 1, False
356.1634, 2021-06-16T10:46:06.4190320+08:00, 0, -0.07588875, 4.17663, 1, 1, 1, False
356.1674, 2021-06-16T10:46:06.4230100+08:00, 0, -0.07588875, 4.17663, 1, 1, 1, False
356.1714, 2021-06-16T10:46:06.4270490+08:00, 0, -0.07588875, 4.17663, 1, 1, 1, False
356.1754, 2021-06-16T10:46:06.4309840+08:00, 0, -0.07588875, 4.17663, 1, 1, 1, False
356.1794, 2021-06-16T10:46:06.4349630+08:00, 0, -0.07588875, 4.17663, 1, 1, 1, False
356.1835, 2021-06-16T10:46:06.4391690+08:00, 0, -0.07588875, 4.17663, 1, 1, 1, False
356.1875, 2021-06-16T10:46:06.4431290+08:00, 0, -0.07588875, 4.17663, 1, 1, 1, False
356.1915, 2021-06-16T10:46:06.4471540+08:00, 0, -0.07588875, 4.17663, 1, 1, 1, False
356.1953, 2021-06-16T10:46:06.4509010+08:00, 0, -0.07588875, 4.17663, 1, 1, 1, False
356.1994, 2021-06-16T10:46:06.4550820+08:00, 0, -0.07588875, 4.17663, 1, 1, 1, False
356.2034, 2021-06-16T10:46:06.4591000+08:00, 0, -0.07588875, 4.17663, 1, 1, 1, False
356.2073, 2021-06-16T10:46:06.4629650+08:00, 0, -0.07588875, 4.17663, 1, 1, 1, False
356.2113, 2021-06-16T10:46:06.4669670+08:00, 0, -0.07588875, 4.17663, 1, 1, 1, False
356.2154, 2021-06-16T10:46:06.4709880+08:00, 0, -0.07588875, 4.17663, 1, 1, 1, False
356.2194, 2021-06-16T10:46:06.4750670+08:00, 0, -0.07588875, 4.17663, 1, 1, 1, False
356.223, 2021-06-16T10:46:06.4786640+08:00, 0, -0.07588875, 4.17663, 1, 1, 1, False
356.2275, 2021-06-16T10:46:06.4831400+08:00, 0, -0.07588875, 4.17663, 1, 1, 1, False
356.2314, 2021-06-16T10:46:06.4869890+08:00, 0, -0.07588875, 4.17663, 1, 1, 1, False
356.2354, 2021-06-16T10:46:06.4910860+08:00, 0, -0.07588875, 4.17663, 1, 1, 1, False
356.2394, 2021-06-16T10:46:06.4950690+08:00, 0, -0.07588875, 4.17663, 1, 1, 1, False
356.2433, 2021-06-16T10:46:06.4989980+08:00, 0, -0.07588875, 4.17663, 1, 1, 1, False
356.2474, 2021-06-16T10:46:06.5030170+08:00, 0, -0.07588875, 4.17663, 1, 1, 1, False
356.2515, 2021-06-16T10:46:06.5071130+08:00, 0, -0.07588875, 4.17663, 1, 1, 1, False
356.2833, 2021-06-16T10:46:06.5390210+08:00, 0, -0.07588875, 4.17663, 1, 1, 1, False
356.287, 2021-06-16T10:46:06.5427010+08:00, 0, -0.07588875, 4.17663, 1, 1, 1, False
356.2914, 2021-06-16T10:46:06.5470660+08:00, 0, -0.07588875, 4.17663, 1, 1, 1, False
356.2952, 2021-06-16T10:46:06.5508700+08:00, 0, -0.07588875, 4.17663, 1, 1, 1, False
356.2996, 2021-06-16T10:46:06.5552620+08:00, 0, -0.07588875, 4.17663, 1, 1, 1, False
356.3033, 2021-06-16T10:46:06.5589780+08:00, 0, -0.07588875, 4.17663, 1, 1, 1, False
356.307, 2021-06-16T10:46:06.5626290+08:00, 0, -0.07588875, 4.17663, 1, 1, 1, False
356.3116, 2021-06-16T10:46:06.5672120+08:00, 0, -0.07588875, 4.17663, 1, 1, 1, False
356.3153, 2021-06-16T10:46:06.5709920+08:00, 0, -0.07588875, 4.17663, 1, 1, 1, False
356.3194, 2021-06-16T10:46:06.5749900+08:00, 0, -0.07588875, 4.17663, 1, 1, 1, False
356.3233, 2021-06-16T10:46:06.5789620+08:00, 0, -0.07588875, 4.17663, 1, 1, 1, False
356.3273, 2021-06-16T10:46:06.5829650+08:00, 0, -0.07588875, 4.17663, 1, 1, 1, False
356.3315, 2021-06-16T10:46:06.5871660+08:00, 0, -0.07588875, 4.17663, 1, 1, 1, False
356.3354, 2021-06-16T10:46:06.5909990+08:00, 0, -0.07588875, 4.17663, 1, 1, 1, False
356.3394, 2021-06-16T10:46:06.5950480+08:00, 0, -0.07588875, 4.17663, 1, 1, 1, False
356.3433, 2021-06-16T10:46:06.5989220+08:00, 0, -0.07588875, 4.17663, 1, 1, 1, False
356.3473, 2021-06-16T10:46:06.6029190+08:00, 0, -0.07588875, 4.17663, 1, 1, 1, False
356.3514, 2021-06-16T10:46:06.6070380+08:00, 0, -0.07588875, 4.17663, 1, 1, 1, False
356.3554, 2021-06-16T10:46:06.6111430+08:00, 0, -0.07588875, 4.17663, 1, 1, 1, False
356.3593, 2021-06-16T10:46:06.6149290+08:00, 0, -0.07588875, 4.17663, 1, 1, 1, False
356.3635, 2021-06-16T10:46:06.6191640+08:00, 0, -0.07588875, 4.17663, 1, 1, 1, False
356.3672, 2021-06-16T10:46:06.6228430+08:00, 0, -0.07588875, 4.17663, 1, 1, 1, False
356.3714, 2021-06-16T10:46:06.6270220+08:00, 0, -0.07588875, 4.17663, 1, 1, 1, False
356.3753, 2021-06-16T10:46:06.6309130+08:00, 0, -0.07588875, 4.17663, 1, 1, 1, False
356.3795, 2021-06-16T10:46:06.6351530+08:00, 0, -0.07588875, 4.17663, 1, 1, 1, False
356.3835, 2021-06-16T10:46:06.6391800+08:00, 0, -0.07588875, 4.17663, 1, 1, 1, False
356.3875, 2021-06-16T10:46:06.6432040+08:00, 0, -0.07588875, 4.17663, 1, 1, 1, False
356.3915, 2021-06-16T10:46:06.6471190+08:00, 0, -0.07588875, 4.17663, 1, 1, 1, False
356.3953, 2021-06-16T10:46:06.6509410+08:00, 0, -0.07588875, 4.17663, 1, 1, 1, False
356.3994, 2021-06-16T10:46:06.6550020+08:00, 0, -0.07588875, 4.17663, 1, 1, 1, False
356.4037, 2021-06-16T10:46:06.6593090+08:00, 0, -0.07588875, 4.17663, 1, 1, 1, False
356.4394, 2021-06-16T10:46:06.6951230+08:00, 0, -0.07588875, 4.17663, 1, 1, 1, False
356.4435, 2021-06-16T10:46:06.6991350+08:00, 0, -0.07588875, 4.17663, 1, 1, 1, False
356.4474, 2021-06-16T10:46:06.7029640+08:00, 0, -0.07588875, 4.17663, 1, 1, 1, False
356.4515, 2021-06-16T10:46:06.7071720+08:00, 0, -0.07588875, 4.17663, 1, 1, 1, False
356.4554, 2021-06-16T10:46:06.7110940+08:00, 0, -0.07588875, 4.17663, 1, 1, 1, False
356.4594, 2021-06-16T10:46:06.7150870+08:00, 0, -0.07588875, 4.17663, 1, 1, 1, False
356.4633, 2021-06-16T10:46:06.7190030+08:00, 0, -0.07588875, 4.17663, 1, 1, 1, False
356.4672, 2021-06-16T10:46:06.7228590+08:00, 0, -0.07588875, 4.17663, 1, 1, 1, False
356.4714, 2021-06-16T10:46:06.7270730+08:00, 0, -0.07588875, 4.17663, 1, 1, 1, False
356.4754, 2021-06-16T10:46:06.7310020+08:00, 0, -0.07588875, 4.17663, 1, 1, 1, False
356.4793, 2021-06-16T10:46:06.7349150+08:00, 0, -0.07588875, 4.17663, 1, 1, 1, False
356.4834, 2021-06-16T10:46:06.7390390+08:00, 0, -0.07588875, 4.17663, 1, 1, 1, False
356.4874, 2021-06-16T10:46:06.7429990+08:00, 0, -0.07588875, 4.17663, 1, 1, 1, False
356.4914, 2021-06-16T10:46:06.7470390+08:00, 0, -0.07588875, 4.17663, 1, 1, 1, False
356.4954, 2021-06-16T10:46:06.7510590+08:00, 0, -0.07588875, 4.17663, 1, 1, 1, False
356.4993, 2021-06-16T10:46:06.7549540+08:00, 0, -0.07588875, 4.17663, 1, 1, 1, False
356.5033, 2021-06-16T10:46:06.7590250+08:00, 0, -0.07588875, 4.17663, 1, 1, 1, False
356.5073, 2021-06-16T10:46:06.7629720+08:00, 0, -0.07588875, 4.17663, 1, 1, 1, False
356.5114, 2021-06-16T10:46:06.7670340+08:00, 0, -0.07588875, 4.17663, 1, 1, 1, False
356.5153, 2021-06-16T10:46:06.7709380+08:00, 0, -0.07588875, 4.17663, 1, 1, 1, False
356.5193, 2021-06-16T10:46:06.7749910+08:00, 0, -0.07588875, 4.17663, 1, 1, 1, False
356.5232, 2021-06-16T10:46:06.7788620+08:00, 0, -0.07588875, 4.17663, 1, 1, 1, False
356.5274, 2021-06-16T10:46:06.7830790+08:00, 0, -0.07588875, 4.17663, 1, 1, 1, False
356.5314, 2021-06-16T10:46:06.7870770+08:00, 0, -0.07588875, 4.17663, 1, 1, 1, False
356.5354, 2021-06-16T10:46:06.7910660+08:00, 0, -0.07588875, 4.17663, 1, 1, 1, False
356.5394, 2021-06-16T10:46:06.7950500+08:00, 0, -0.07588875, 4.17663, 1, 1, 1, False
356.5435, 2021-06-16T10:46:06.7992540+08:00, 0, -0.07588875, 4.17663, 1, 1, 1, False
356.5476, 2021-06-16T10:46:06.8032420+08:00, 0, -0.07588875, 4.17663, 1, 1, 1, False
356.5514, 2021-06-16T10:46:06.8070460+08:00, 0, -0.07588875, 4.17663, 1, 1, 1, False
356.5554, 2021-06-16T10:46:06.8110380+08:00, 0, -0.07588875, 4.17663, 1, 1, 1, False
356.5598, 2021-06-16T10:46:06.8154390+08:00, 0, -0.07588875, 4.17663, 1, 1, 1, False
356.597, 2021-06-16T10:46:06.8528950+08:00, 0, -0.07588875, 4.17663, 1, 1, 1, False
356.6042, 2021-06-16T10:46:06.8601390+08:00, 0, -0.07588875, 4.17663, 1, 1, 1, False
356.6117, 2021-06-16T10:46:06.8673730+08:00, 0, -0.07588875, 4.17663, 1, 1, 1, False
356.6159, 2021-06-16T10:46:06.8717170+08:00, 0, -0.07588875, 4.17663, 1, 1, 1, False
356.6198, 2021-06-16T10:46:06.8756340+08:00, 0, -0.07588875, 4.17663, 1, 1, 1, False
356.6253, 2021-06-16T10:46:06.8815600+08:00, 0, -0.07588875, 4.17663, 1, 1, 1, False
356.636, 2021-06-16T10:46:06.8916640+08:00, 0, -0.07588875, 4.17663, 1, 1, 1, False
356.6453, 2021-06-16T10:46:06.9014970+08:00, 0, -0.07588875, 4.17663, 1, 1, 1, False
356.6528, 2021-06-16T10:46:06.9089800+08:00, 0, -0.07588875, 4.17663, 1, 1, 1, False
356.6696, 2021-06-16T10:46:06.9256990+08:00, 0, -0.07588875, 4.17663, 1, 1, 1, False
356.694, 2021-06-16T10:46:06.9505300+08:00, 0, -0.07588875, 4.17663, 1, 1, 1, False
356.7154, 2021-06-16T10:46:06.9715570+08:00, 0, -0.07588875, 4.17663, 1, 1, 1, False
356.7382, 2021-06-16T10:46:06.9942980+08:00, 0, -0.07588875, 4.17663, 1, 1, 1, False
356.7635, 2021-06-16T10:46:07.0197650+08:00, 0, -0.07588875, 4.17663, 1, 1, 1, False
356.7855, 2021-06-16T10:46:07.0417610+08:00, 0, -0.07588875, 4.17663, 1, 1, 1, False
356.7926, 2021-06-16T10:46:07.0483770+08:00, 0, -0.07588875, 4.17663, 1, 1, 1, False
356.7958, 2021-06-16T10:46:07.0515920+08:00, 0, -0.07588875, 4.17663, 1, 1, 1, False
356.7996, 2021-06-16T10:46:07.0552520+08:00, 0, -0.07588875, 4.17663, 1, 1, 1, False
356.8039, 2021-06-16T10:46:07.0599750+08:00, 0, -0.07588875, 4.17663, 1, 1, 1, False
356.8088, 2021-06-16T10:46:07.0645300+08:00, 0, -0.07588875, 4.17663, 1, 1, 1, False
356.8123, 2021-06-16T10:46:07.0680690+08:00, 0, -0.07588875, 4.17663, 1, 1, 1, False
356.8164, 2021-06-16T10:46:07.0722420+08:00, 0, -0.07588875, 4.17663, 1, 1, 1, False
356.8197, 2021-06-16T10:46:07.0754270+08:00, 0, -0.07588875, 4.17663, 1, 1, 1, False
356.8235, 2021-06-16T10:46:07.0793820+08:00, 0, -0.07588875, 4.17663, 1, 1, 1, False
356.8283, 2021-06-16T10:46:07.0840510+08:00, 0, -0.07588875, 4.17663, 1, 1, 1, False
356.8324, 2021-06-16T10:46:07.0882900+08:00, 0, -0.07588875, 4.17663, 1, 1, 1, False
356.837, 2021-06-16T10:46:07.0929150+08:00, 0, -0.07588875, 4.17663, 1, 1, 1, False
356.8402, 2021-06-16T10:46:07.0959910+08:00, 0, -0.07588875, 4.17663, 1, 1, 1, False
356.8435, 2021-06-16T10:46:07.0992380+08:00, 0, -0.07588875, 4.17663, 1, 1, 1, False
356.8475, 2021-06-16T10:46:07.1031480+08:00, 0, -0.07588875, 4.17663, 1, 1, 1, False
356.8519, 2021-06-16T10:46:07.1075260+08:00, 0, -0.07588875, 4.17663, 1, 1, 1, False
356.8917, 2021-06-16T10:46:07.1474110+08:00, 0, -0.07588875, 4.17663, 1, 1, 1, False
356.8953, 2021-06-16T10:46:07.1509660+08:00, 0, -0.07588875, 4.17663, 1, 1, 1, False
356.8992, 2021-06-16T10:46:07.1548370+08:00, 0, -0.07588875, 4.17663, 1, 1, 1, False
356.9036, 2021-06-16T10:46:07.1593660+08:00, 0, -0.07588875, 4.17663, 1, 1, 1, False
356.9075, 2021-06-16T10:46:07.1631820+08:00, 0, -0.07588875, 4.17663, 1, 1, 1, False
356.9116, 2021-06-16T10:46:07.1672950+08:00, 0, -0.07588875, 4.17663, 1, 1, 1, False
356.9154, 2021-06-16T10:46:07.1710310+08:00, 0, -0.07588875, 4.17663, 1, 1, 1, False
356.9194, 2021-06-16T10:46:07.1750350+08:00, 0, -0.07588875, 4.17663, 1, 1, 1, False
356.9232, 2021-06-16T10:46:07.1789180+08:00, 0, -0.07588875, 4.17663, 1, 1, 1, False
356.9274, 2021-06-16T10:46:07.1829830+08:00, 0, -0.07588875, 4.17663, 1, 1, 1, False
356.9314, 2021-06-16T10:46:07.1870490+08:00, 0, -0.07588875, 4.17663, 1, 1, 1, False
356.9355, 2021-06-16T10:46:07.1911510+08:00, 0, -0.07588875, 4.17663, 1, 1, 1, False
356.9393, 2021-06-16T10:46:07.1949680+08:00, 0, -0.07588875, 4.17663, 1, 1, 1, False
356.943, 2021-06-16T10:46:07.1986730+08:00, 0, -0.07588875, 4.17663, 1, 1, 1, False
356.9487, 2021-06-16T10:46:07.2044220+08:00, 0, -0.07588875, 4.17663, 1, 1, 1, False
356.9514, 2021-06-16T10:46:07.2070230+08:00, 0, -0.07588875, 4.17663, 1, 1, 1, False
356.9552, 2021-06-16T10:46:07.2109930+08:00, 0, -0.07588875, 4.17663, 1, 1, 1, False
356.9604, 2021-06-16T10:46:07.2160940+08:00, 0, -0.07588875, 4.17663, 1, 1, 1, False
356.9632, 2021-06-16T10:46:07.2188630+08:00, 0, -0.07588875, 4.17663, 1, 1, 1, False
356.9673, 2021-06-16T10:46:07.2230130+08:00, 0, -0.07588875, 4.17663, 1, 1, 1, False
356.9716, 2021-06-16T10:46:07.2272680+08:00, 0, -0.07588875, 4.17663, 1, 1, 1, False
356.9754, 2021-06-16T10:46:07.2310360+08:00, 0, -0.07588875, 4.17663, 1, 1, 1, False
356.9795, 2021-06-16T10:46:07.2351350+08:00, 0, -0.07588875, 4.17663, 1, 1, 1, False
356.9833, 2021-06-16T10:46:07.2389900+08:00, 0, -0.07588875, 4.17663, 1, 1, 1, False
356.9876, 2021-06-16T10:46:07.2432700+08:00, 0, -0.07588875, 4.17663, 1, 1, 1, False
356.9914, 2021-06-16T10:46:07.2470540+08:00, 0, -0.07588875, 4.17663, 1, 1, 1, False
356.9954, 2021-06-16T10:46:07.2509990+08:00, 0, -0.07588875, 4.17663, 1, 1, 1, False
356.9994, 2021-06-16T10:46:07.2550690+08:00, 0, -0.07588875, 4.17663, 1, 1, 1, False
357.0038, 2021-06-16T10:46:07.2594230+08:00, 0, -0.07588875, 4.17663, 1, 1, 1, False
357.0074, 2021-06-16T10:46:07.2629860+08:00, 0, -0.07588875, 4.17663, 1, 1, 1, False
357.0113, 2021-06-16T10:46:07.2669890+08:00, 0, -0.07588875, 4.17663, 1, 1, 1, False
357.0518, 2021-06-16T10:46:07.3075400+08:00, 0, -0.07588875, 4.17663, 1, 1, 1, False
357.0553, 2021-06-16T10:46:07.3109640+08:00, 0, -0.07588875, 4.17663, 1, 1, 1, False
357.0591, 2021-06-16T10:46:07.3147810+08:00, 0, -0.07588875, 4.17663, 1, 1, 1, False
357.0635, 2021-06-16T10:46:07.3191580+08:00, 0, -0.07588875, 4.17663, 1, 1, 1, False
357.0673, 2021-06-16T10:46:07.3229380+08:00, 0, -0.07588875, 4.17663, 1, 1, 1, False
357.0716, 2021-06-16T10:46:07.3272470+08:00, 0, -0.07588875, 4.17663, 1, 1, 1, False
357.0753, 2021-06-16T10:46:07.3309490+08:00, 0, -0.07588875, 4.17663, 1, 1, 1, False
357.0791, 2021-06-16T10:46:07.3347640+08:00, 0, -0.07588875, 4.17663, 1, 1, 1, False
357.083, 2021-06-16T10:46:07.3387220+08:00, 0, -0.07588875, 4.17663, 1, 1, 1, False
357.0872, 2021-06-16T10:46:07.3427920+08:00, 0, -0.07588875, 4.17663, 1, 1, 1, False
357.0914, 2021-06-16T10:46:07.3470270+08:00, 0, -0.07588875, 4.17663, 1, 1, 1, False
357.0955, 2021-06-16T10:46:07.3510910+08:00, 0, -0.07588875, 4.17663, 1, 1, 1, False
357.0994, 2021-06-16T10:46:07.3550320+08:00, 0, -0.07588875, 4.17663, 1, 1, 1, False
357.1034, 2021-06-16T10:46:07.3591220+08:00, 0, -0.07588875, 4.17663, 1, 1, 1, False
357.1074, 2021-06-16T10:46:07.3629830+08:00, 0, -0.07588875, 4.17663, 1, 1, 1, False
357.1115, 2021-06-16T10:46:07.3670900+08:00, 0, -0.07588875, 4.17663, 1, 1, 1, False
357.1153, 2021-06-16T10:46:07.3709790+08:00, 0, -0.07588875, 4.17663, 1, 1, 1, False
357.1195, 2021-06-16T10:46:07.3752430+08:00, 0, -0.07588875, 4.17663, 1, 1, 1, False
357.1232, 2021-06-16T10:46:07.3788440+08:00, 0, -0.07588875, 4.17663, 1, 1, 1, False
357.1274, 2021-06-16T10:46:07.3830330+08:00, 0, -0.07588875, 4.17663, 1, 1, 1, False
357.1314, 2021-06-16T10:46:07.3870720+08:00, 0, -0.07588875, 4.17663, 1, 1, 1, False
357.1354, 2021-06-16T10:46:07.3911090+08:00, 0, -0.07588875, 4.17663, 1, 1, 1, False
357.1393, 2021-06-16T10:46:07.3949780+08:00, 0, -0.07588875, 4.17663, 1, 1, 1, False
357.1433, 2021-06-16T10:46:07.3989440+08:00, 0, -0.07588875, 4.17663, 1, 1, 1, False
357.1472, 2021-06-16T10:46:07.4028480+08:00, 0, -0.07588875, 4.17663, 1, 1, 1, False
357.1515, 2021-06-16T10:46:07.4071270+08:00, 0, -0.07588875, 4.17663, 1, 1, 1, False
357.1554, 2021-06-16T10:46:07.4110620+08:00, 0, -0.07588875, 4.17663, 1, 1, 1, False
357.1591, 2021-06-16T10:46:07.4148020+08:00, 0, -0.07588875, 4.17663, 1, 1, 1, False
357.1634, 2021-06-16T10:46:07.4190920+08:00, 0, -0.07588875, 4.17663, 1, 1, 1, False
357.1673, 2021-06-16T10:46:07.4229430+08:00, 0, -0.07588875, 4.17663, 1, 1, 1, False
357.1716, 2021-06-16T10:46:07.4272670+08:00, 0, -0.07588875, 4.17663, 1, 1, 1, False
357.212, 2021-06-16T10:46:07.4676860+08:00, 0, -0.07588875, 4.17663, 1, 1, 1, False
357.2157, 2021-06-16T10:46:07.4713720+08:00, 0, -0.07588875, 4.17663, 1, 1, 1, False
357.219, 2021-06-16T10:46:07.4746220+08:00, 0, -0.07588875, 4.17663, 1, 1, 1, False
357.2236, 2021-06-16T10:46:07.4792550+08:00, 0, -0.07588875, 4.17663, 1, 1, 1, False
357.2275, 2021-06-16T10:46:07.4831570+08:00, 0, -0.07588875, 4.17663, 1, 1, 1, False
357.2313, 2021-06-16T10:46:07.4868840+08:00, 0, -0.07588875, 4.17663, 1, 1, 1, False
357.2351, 2021-06-16T10:46:07.4907190+08:00, 0, -0.07588875, 4.17663, 1, 1, 1, False
357.2395, 2021-06-16T10:46:07.4951800+08:00, 0, -0.07588875, 4.17663, 1, 1, 1, False
357.2431, 2021-06-16T10:46:07.4988060+08:00, 0, -0.07588875, 4.17663, 1, 1, 1, False
357.2489, 2021-06-16T10:46:07.5045350+08:00, 0, -0.07588875, 4.17663, 1, 1, 1, False
357.2513, 2021-06-16T10:46:07.5069110+08:00, 0, -0.07588875, 4.17663, 1, 1, 1, False
357.2555, 2021-06-16T10:46:07.5111480+08:00, 0, -0.07588875, 4.17663, 1, 1, 1, False
357.2592, 2021-06-16T10:46:07.5148530+08:00, 0, -0.07588875, 4.17663, 1, 1, 1, False
357.2637, 2021-06-16T10:46:07.5193640+08:00, 0, -0.07588875, 4.17663, 1, 1, 1, False
357.2672, 2021-06-16T10:46:07.5230060+08:00, 0, -0.07588875, 4.17663, 1, 1, 1, False
357.2756, 2021-06-16T10:46:07.5312480+08:00, 0, -0.07588875, 4.17663, 1, 1, 1, False
357.2796, 2021-06-16T10:46:07.5352700+08:00, 0, -0.07588875, 4.17663, 1, 1, 1, False
357.2849, 2021-06-16T10:46:07.5405530+08:00, 0, -0.07588875, 4.17663, 1, 1, 1, False
357.2924, 2021-06-16T10:46:07.5481790+08:00, 0, -0.07588875, 4.17663, 1, 1, 1, False
357.3007, 2021-06-16T10:46:07.5564100+08:00, 0, -0.07588875, 4.17663, 1, 1, 1, False
357.3101, 2021-06-16T10:46:07.5657230+08:00, 0, -0.07588875, 4.17663, 1, 1, 1, False
357.3159, 2021-06-16T10:46:07.5715470+08:00, 0, -0.07588875, 4.17663, 1, 1, 1, False
357.3228, 2021-06-16T10:46:07.5785100+08:00, 0, -0.07588875, 4.17663, 1, 1, 1, False
357.3275, 2021-06-16T10:46:07.5832060+08:00, 0, -0.07588875, 4.17663, 1, 1, 1, False
357.3315, 2021-06-16T10:46:07.5871390+08:00, 0, -0.07588875, 4.17663, 1, 1, 1, False
357.3358, 2021-06-16T10:46:07.5914710+08:00, 0, -0.07588875, 4.17663, 1, 1, 1, False
357.3396, 2021-06-16T10:46:07.5952140+08:00, 0, -0.07588875, 4.17663, 1, 1, 1, False
357.3434, 2021-06-16T10:46:07.5990920+08:00, 0, -0.07588875, 4.17663, 1, 1, 1, False
357.3472, 2021-06-16T10:46:07.6028620+08:00, 0, -0.07588875, 4.17663, 1, 1, 1, False
357.3516, 2021-06-16T10:46:07.6072500+08:00, 0, -0.07588875, 4.17663, 1, 1, 1, False
357.3555, 2021-06-16T10:46:07.6111650+08:00, 0, -0.07588875, 4.17663, 1, 1, 1, False
357.3917, 2021-06-16T10:46:07.6476210+08:00, 0, -0.07588875, 4.17663, 1, 1, 1, False
357.3954, 2021-06-16T10:46:07.6509810+08:00, 0, -0.07588875, 4.17663, 1, 1, 1, False
357.3993, 2021-06-16T10:46:07.6550090+08:00, 0, -0.07588875, 4.17663, 1, 1, 1, False
357.4035, 2021-06-16T10:46:07.6591290+08:00, 0, -0.07588875, 4.17663, 1, 1, 1, False
357.4074, 2021-06-16T10:46:07.6630790+08:00, 0, -0.07588875, 4.17663, 1, 1, 1, False
357.4113, 2021-06-16T10:46:07.6669760+08:00, 0, -0.07588875, 4.17663, 1, 1, 1, False
357.4151, 2021-06-16T10:46:07.6707590+08:00, 0, -0.07588875, 4.17663, 1, 1, 1, False
357.4194, 2021-06-16T10:46:07.6750740+08:00, 0, -0.07588875, 4.17663, 1, 1, 1, False
357.4231, 2021-06-16T10:46:07.6787950+08:00, 0, -0.07588875, 4.17663, 1, 1, 1, False
357.4272, 2021-06-16T10:46:07.6828620+08:00, 0, -0.07588875, 4.17663, 1, 1, 1, False
357.4315, 2021-06-16T10:46:07.6872280+08:00, 0, -0.07588875, 4.17663, 1, 1, 1, False
357.4353, 2021-06-16T10:46:07.6909190+08:00, 0, -0.07588875, 4.17663, 1, 1, 1, False
357.4393, 2021-06-16T10:46:07.6949540+08:00, 0, -0.07588875, 4.17663, 1, 1, 1, False
357.4436, 2021-06-16T10:46:07.6992380+08:00, 0, -0.07588875, 4.17663, 1, 1, 1, False
357.4473, 2021-06-16T10:46:07.7029100+08:00, 0, -0.07588875, 4.17663, 1, 1, 1, False
357.4525, 2021-06-16T10:46:07.7081210+08:00, 0, -0.07588875, 4.17663, 1, 1, 1, False
357.455, 2021-06-16T10:46:07.7106900+08:00, 0, -0.07588875, 4.17663, 1, 1, 1, False
357.4594, 2021-06-16T10:46:07.7150650+08:00, 0, -0.07588875, 4.17663, 1, 1, 1, False
357.4645, 2021-06-16T10:46:07.7201650+08:00, 0, -0.07588875, 4.17663, 1, 1, 1, False
357.4686, 2021-06-16T10:46:07.7242510+08:00, 0, -0.07588875, 4.17663, 1, 1, 1, False
357.4712, 2021-06-16T10:46:07.7269140+08:00, 0, -0.07588875, 4.17663, 1, 1, 1, False
357.4756, 2021-06-16T10:46:07.7311910+08:00, 0, -0.07588875, 4.17663, 1, 1, 1, False
357.4794, 2021-06-16T10:46:07.7349890+08:00, 0, -0.07588875, 4.17663, 1, 1, 1, False
357.4832, 2021-06-16T10:46:07.7389400+08:00, 0, -0.07588875, 4.17663, 1, 1, 1, False
357.4877, 2021-06-16T10:46:07.7433400+08:00, 0, -0.07588875, 4.17663, 1, 1, 1, False
357.4914, 2021-06-16T10:46:07.7470260+08:00, 0, -0.07588875, 4.17663, 1, 1, 1, False
357.4955, 2021-06-16T10:46:07.7511180+08:00, 0, -0.07588875, 4.17663, 1, 1, 1, False
357.4995, 2021-06-16T10:46:07.7551280+08:00, 0, -0.07588875, 4.17663, 1, 1, 1, False
357.5034, 2021-06-16T10:46:07.7590530+08:00, 0, -0.07588875, 4.17663, 1, 1, 1, False
357.5074, 2021-06-16T10:46:07.7630150+08:00, 0, -0.07588875, 4.17663, 1, 1, 1, False
357.5116, 2021-06-16T10:46:07.7672400+08:00, 0, -0.07588875, 4.17663, 1, 1, 1, False
357.5517, 2021-06-16T10:46:07.8075240+08:00, 0, -0.07588875, 4.17663, 1, 1, 1, False
357.5554, 2021-06-16T10:46:07.8111180+08:00, 0, -0.07588875, 4.17663, 1, 1, 1, False
357.5593, 2021-06-16T10:46:07.8149100+08:00, 0, -0.07588875, 4.17663, 1, 1, 1, False
357.5633, 2021-06-16T10:46:07.8190120+08:00, 0, -0.07588875, 4.17663, 1, 1, 1, False
357.5675, 2021-06-16T10:46:07.8231210+08:00, 0, -0.07588875, 4.17663, 1, 1, 1, False
357.5713, 2021-06-16T10:46:07.8269430+08:00, 0, -0.07588875, 4.17663, 1, 1, 1, False
357.5754, 2021-06-16T10:46:07.8310550+08:00, 0, -0.07588875, 4.17663, 1, 1, 1, False
357.5792, 2021-06-16T10:46:07.8348060+08:00, 0, -0.07588875, 4.17663, 1, 1, 1, False
357.5833, 2021-06-16T10:46:07.8389690+08:00, 0, -0.07588875, 4.17663, 1, 1, 1, False
357.5875, 2021-06-16T10:46:07.8431770+08:00, 0, -0.07588875, 4.17663, 1, 1, 1, False
357.5911, 2021-06-16T10:46:07.8467900+08:00, 0, -0.07588875, 4.17663, 1, 1, 1, False
357.5955, 2021-06-16T10:46:07.8511560+08:00, 0, -0.07588875, 4.17663, 1, 1, 1, False
357.5996, 2021-06-16T10:46:07.8552690+08:00, 0, -0.07588875, 4.17663, 1, 1, 1, False
357.6033, 2021-06-16T10:46:07.8590140+08:00, 0, -0.07588875, 4.17663, 1, 1, 1, False
357.6072, 2021-06-16T10:46:07.8628330+08:00, 0, -0.07588875, 4.17663, 1, 1, 1, False
357.6115, 2021-06-16T10:46:07.8671920+08:00, 0, -0.07588875, 4.17663, 1, 1, 1, False
357.6152, 2021-06-16T10:46:07.8708100+08:00, 0, -0.07588875, 4.17663, 1, 1, 1, False
357.6197, 2021-06-16T10:46:07.8754340+08:00, 0, -0.07588875, 4.17663, 1, 1, 1, False
357.6235, 2021-06-16T10:46:07.8791660+08:00, 0, -0.07588875, 4.17663, 1, 1, 1, False
357.6274, 2021-06-16T10:46:07.8830350+08:00, 0, -0.07588875, 4.17663, 1, 1, 1, False
357.6315, 2021-06-16T10:46:07.8871370+08:00, 0, -0.07588875, 4.17663, 1, 1, 1, False
357.6354, 2021-06-16T10:46:07.8910300+08:00, 0, -0.07588875, 4.17663, 1, 1, 1, False
357.6395, 2021-06-16T10:46:07.8951000+08:00, 0, -0.07588875, 4.17663, 1, 1, 1, False
357.6435, 2021-06-16T10:46:07.8991800+08:00, 0, -0.07588875, 4.17663, 1, 1, 1, False
357.6472, 2021-06-16T10:46:07.9028450+08:00, 0, -0.07588875, 4.17663, 1, 1, 1, False
357.6513, 2021-06-16T10:46:07.9069750+08:00, 0, -0.07588875, 4.17663, 1, 1, 1, False
357.6555, 2021-06-16T10:46:07.9111500+08:00, 0, -0.07588875, 4.17663, 1, 1, 1, False
357.6624, 2021-06-16T10:46:07.9180520+08:00, 0, -0.07588875, 4.17663, 1, 1, 1, False
357.6672, 2021-06-16T10:46:07.9258750+08:00, 0, -0.07588875, 4.17663, 1, 1, 1, False
357.6711, 2021-06-16T10:46:07.9297680+08:00, 0, -0.07588875, 4.17663, 1, 1, 1, False
357.6752, 2021-06-16T10:46:07.9381200+08:00, 0, -0.07588875, 4.17663, 1, 1, 1, False
357.7238, 2021-06-16T10:46:07.9794340+08:00, 0, -0.07588875, 4.17663, 1, 1, 1, False
357.7272, 2021-06-16T10:46:07.9828630+08:00, 0, -0.07588875, 4.17663, 1, 1, 1, False
357.7312, 2021-06-16T10:46:07.9868490+08:00, 0, -0.07588875, 4.17663, 1, 1, 1, False
357.7357, 2021-06-16T10:46:07.9913500+08:00, 0, -0.07588875, 4.17663, 1, 1, 1, False
357.7392, 2021-06-16T10:46:07.9947950+08:00, 0, -0.07588875, 4.17663, 1, 1, 1, False
357.7436, 2021-06-16T10:46:07.9992540+08:00, 0, -0.07588875, 4.17663, 1, 1, 1, False
357.7475, 2021-06-16T10:46:08.0031150+08:00, 0, -0.07588875, 4.17663, 1, 1, 1, False
357.7514, 2021-06-16T10:46:08.0070200+08:00, 0, -0.07588875, 4.17663, 1, 1, 1, False
357.7555, 2021-06-16T10:46:08.0111590+08:00, 0, -0.07588875, 4.17663, 1, 1, 1, False
357.7594, 2021-06-16T10:46:08.0150650+08:00, 0, -0.07588875, 4.17663, 1, 1, 1, False
357.7633, 2021-06-16T10:46:08.0189280+08:00, 0, -0.07588875, 4.17663, 1, 1, 1, False
357.7673, 2021-06-16T10:46:08.0230440+08:00, 0, -0.07588875, 4.17663, 1, 1, 1, False
357.7714, 2021-06-16T10:46:08.0270470+08:00, 0, -0.07588875, 4.17663, 1, 1, 1, False
357.7755, 2021-06-16T10:46:08.0311230+08:00, 0, -0.07588875, 4.17663, 1, 1, 1, False
357.7795, 2021-06-16T10:46:08.0351490+08:00, 0, -0.07588875, 4.17663, 1, 1, 1, False
357.7835, 2021-06-16T10:46:08.0391620+08:00, 0, -0.07588875, 4.17663, 1, 1, 1, False
357.7874, 2021-06-16T10:46:08.0429910+08:00, 0, -0.07588875, 4.17663, 1, 1, 1, False
357.7914, 2021-06-16T10:46:08.0471870+08:00, 0, -0.07588875, 4.17663, 1, 1, 1, False
357.7954, 2021-06-16T10:46:08.0510290+08:00, 0, -0.07588875, 4.17663, 1, 1, 1, False
357.7991, 2021-06-16T10:46:08.0547800+08:00, 0, -0.07588875, 4.17663, 1, 1, 1, False
357.8036, 2021-06-16T10:46:08.0592760+08:00, 0, -0.07588875, 4.17663, 1, 1, 1, False
357.8071, 2021-06-16T10:46:08.0627280+08:00, 0, -0.07588875, 4.17663, 1, 1, 1, False
357.8114, 2021-06-16T10:46:08.0670150+08:00, 0, -0.07588875, 4.17663, 1, 1, 1, False
357.8151, 2021-06-16T10:46:08.0707340+08:00, 0, -0.07588875, 4.17663, 1, 1, 1, False
357.8193, 2021-06-16T10:46:08.0749640+08:00, 0, -0.07588875, 4.17663, 1, 1, 1, False
357.8235, 2021-06-16T10:46:08.0791260+08:00, 0, -0.07588875, 4.17663, 1, 1, 1, False
357.8272, 2021-06-16T10:46:08.0828460+08:00, 0, -0.07588875, 4.17663, 1, 1, 1, False
357.8314, 2021-06-16T10:46:08.0870180+08:00, 0, -0.07588875, 4.17663, 1, 1, 1, False
357.8359, 2021-06-16T10:46:08.0915090+08:00, 0, -0.07588875, 4.17663, 1, 1, 1, False
357.8393, 2021-06-16T10:46:08.0949270+08:00, 0, -0.07588875, 4.17663, 1, 1, 1, False
357.8436, 2021-06-16T10:46:08.0993270+08:00, 0, -0.07588875, 4.17663, 1, 1, 1, False
357.8801, 2021-06-16T10:46:08.1357970+08:00, 0, -0.07588875, 4.17663, 1, 1, 1, False
357.8832, 2021-06-16T10:46:08.1388360+08:00, 0, -0.07588875, 4.17663, 1, 1, 1, False
357.8872, 2021-06-16T10:46:08.1428690+08:00, 0, -0.07588875, 4.17663, 1, 1, 1, False
357.8912, 2021-06-16T10:46:08.1468230+08:00, 0, -0.07588875, 4.17663, 1, 1, 1, False
357.8954, 2021-06-16T10:46:08.1510270+08:00, 0, -0.07588875, 4.17663, 1, 1, 1, False
357.8993, 2021-06-16T10:46:08.1549400+08:00, 0, -0.07588875, 4.17663, 1, 1, 1, False
357.9033, 2021-06-16T10:46:08.1590300+08:00, 0, -0.07588875, 4.17663, 1, 1, 1, False
357.9074, 2021-06-16T10:46:08.1630370+08:00, 0, -0.07588875, 4.17663, 1, 1, 1, False
357.9114, 2021-06-16T10:46:08.1672420+08:00, 0, -0.07588875, 4.17663, 1, 1, 1, False
358.0114, 2021-06-16T10:46:08.3356430+08:00, 0, -0.07588875, 4.17663, 1, 1, 1, False
358.1114, 2021-06-16T10:46:08.5497530+08:00, 0, -0.07588875, 4.17663, 1, 1, 1, False
358.1173, 2021-06-16T10:46:08.5551950+08:00, 0, -0.07588875, 4.17663, 1, 1, 1, False
358.1211, 2021-06-16T10:46:08.5590120+08:00, 0, -0.07588875, 4.17663, 1, 1, 1, False
358.1314, 2021-06-16T10:46:08.5693880+08:00, 0, -0.07588875, 4.17663, 1, 1, 1, False
358.2314, 2021-06-16T10:46:08.7916040+08:00, 0, -0.07588875, 4.17663, 1, 1, 1, False
358.2389, 2021-06-16T10:46:08.7989730+08:00, 0, -0.07588875, 4.17663, 1, 1, 1, False
358.2429, 2021-06-16T10:46:08.8029100+08:00, 0, -0.07588875, 4.17663, 1, 1, 1, False
358.2512, 2021-06-16T10:46:08.8112140+08:00, 0, -0.07588875, 4.17663, 1, 1, 1, False
358.2591, 2021-06-16T10:46:08.8191480+08:00, 0, -0.07588875, 4.17663, 1, 1, 1, False
358.2672, 2021-06-16T10:46:08.8272790+08:00, 0, -0.07588875, 4.17663, 1, 1, 1, False
358.2816, 2021-06-16T10:46:08.8417380+08:00, 0, -0.07588875, 4.17663, 1, 1, 1, False
358.2971, 2021-06-16T10:46:08.8572250+08:00, 0, -0.07588875, 4.17663, 1, 1, 1, False
358.3107, 2021-06-16T10:46:08.8708560+08:00, 0, -0.07588875, 4.17663, 1, 1, 1, False
358.3261, 2021-06-16T10:46:08.8863040+08:00, 0, -0.07588875, 4.17663, 1, 1, 1, False
358.3395, 2021-06-16T10:46:08.8995630+08:00, 0, -0.07588875, 4.17663, 1, 1, 1, False
358.3529, 2021-06-16T10:46:08.9129860+08:00, 0, -0.07588875, 4.17663, 1, 1, 1, False
358.3651, 2021-06-16T10:46:08.9252500+08:00, 0, -0.07588875, 4.17663, 1, 1, 1, False
358.3774, 2021-06-16T10:46:08.9374510+08:00, 0, -0.07588875, 4.17663, 1, 1, 1, False
358.3896, 2021-06-16T10:46:08.9496460+08:00, 0, -0.07588875, 4.17663, 1, 1, 1, False
358.402, 2021-06-16T10:46:08.9620790+08:00, 0, -0.07588875, 4.17663, 1, 1, 1, False
358.4136, 2021-06-16T10:46:08.9736500+08:00, 0, -0.07588875, 4.17663, 1, 1, 1, False
358.4598, 2021-06-16T10:46:09.0198360+08:00, 0, -0.07588875, 4.17663, 1, 1, 1, False
358.4679, 2021-06-16T10:46:09.0279880+08:00, 0, -0.07588875, 4.17663, 1, 1, 1, False
358.4796, 2021-06-16T10:46:09.0396110+08:00, 0, -0.07588875, 4.17663, 1, 1, 1, False
358.4879, 2021-06-16T10:46:09.0479930+08:00, 0, -0.07588875, 4.17663, 1, 1, 1, False
358.4946, 2021-06-16T10:46:09.0546970+08:00, 0, -0.07588875, 4.17663, 1, 1, 1, False
358.5039, 2021-06-16T10:46:09.0640370+08:00, 0, -0.07588875, 4.17663, 1, 1, 1, False
358.5129, 2021-06-16T10:46:09.0729290+08:00, 0, -0.07588875, 4.17663, 1, 1, 1, False
358.519, 2021-06-16T10:46:09.0791580+08:00, 0, -0.07588875, 4.17663, 1, 1, 1, False
358.5277, 2021-06-16T10:46:09.0878440+08:00, 0, -0.07588875, 4.17663, 1, 1, 1, False
358.5362, 2021-06-16T10:46:09.0963000+08:00, 0, -0.07588875, 4.17663, 1, 1, 1, False
358.544, 2021-06-16T10:46:09.1040760+08:00, 0, -0.07588875, 4.17663, 1, 1, 1, False
358.5509, 2021-06-16T10:46:09.1109970+08:00, 0, -0.07588875, 4.17663, 1, 1, 1, False
358.5598, 2021-06-16T10:46:09.1198240+08:00, 0, -0.07588875, 4.17663, 1, 1, 1, False
358.5678, 2021-06-16T10:46:09.1279340+08:00, 0, -0.07588875, 4.17663, 1, 1, 1, False
358.5769, 2021-06-16T10:46:09.1369770+08:00, 0, -0.07588875, 4.17663, 1, 1, 1, False
358.5863, 2021-06-16T10:46:09.1464200+08:00, 0, -0.07588875, 4.17663, 1, 1, 1, False
358.5946, 2021-06-16T10:46:09.1546800+08:00, 0, -0.07588875, 4.17663, 1, 1, 1, False
358.6035, 2021-06-16T10:46:09.1636090+08:00, 0, -0.07588875, 4.17663, 1, 1, 1, False
358.6124, 2021-06-16T10:46:09.1724890+08:00, 0, -0.07588875, 4.17663, 1, 1, 1, False
358.6223, 2021-06-16T10:46:09.1823930+08:00, 0, -0.07588875, 4.17663, 1, 1, 1, False
358.6319, 2021-06-16T10:46:09.1950270+08:00, 0, -0.07588875, 4.17663, 1, 1, 1, False
358.6443, 2021-06-16T10:46:09.2075110+08:00, 0, -0.07588875, 4.17663, 1, 1, 1, False
358.6555, 2021-06-16T10:46:09.2186010+08:00, 0, -0.07588875, 4.17663, 1, 1, 1, False
358.6869, 2021-06-16T10:46:09.2470060+08:00, 0, -0.07588875, 4.17663, 1, 1, 1, False
358.6958, 2021-06-16T10:46:09.2558830+08:00, 0, -0.07588875, 4.17663, 1, 1, 1, False
358.7035, 2021-06-16T10:46:09.2635520+08:00, 0, -0.07588875, 4.17663, 1, 1, 1, False
358.7119, 2021-06-16T10:46:09.2719300+08:00, 0, -0.07588875, 4.17663, 1, 1, 1, False
358.7187, 2021-06-16T10:46:09.2787650+08:00, 0, -0.07588875, 4.17663, 1, 1, 1, False
358.7279, 2021-06-16T10:46:09.2879660+08:00, 0, -0.07588875, 4.17663, 1, 1, 1, False
358.7364, 2021-06-16T10:46:09.2965010+08:00, 0, -0.07588875, 4.17663, 1, 1, 1, False
358.743, 2021-06-16T10:46:09.3031210+08:00, 0, -0.07588875, 4.17663, 1, 1, 1, False
358.788, 2021-06-16T10:46:09.3481190+08:00, 0, -0.07588875, 4.17663, 1, 1, 1, False
358.7959, 2021-06-16T10:46:09.3559760+08:00, 0, -0.07588875, 4.17663, 1, 1, 1, False
358.8041, 2021-06-16T10:46:09.3643560+08:00, 0, -0.07588875, 4.17663, 1, 1, 1, False
358.8113, 2021-06-16T10:46:09.3714050+08:00, 0, -0.07588875, 4.17663, 1, 1, 1, False
358.8207, 2021-06-16T10:46:09.3808040+08:00, 0, -0.07588875, 4.17663, 1, 1, 1, False
358.8278, 2021-06-16T10:46:09.3878660+08:00, 0, -0.07588875, 4.17663, 1, 1, 1, False
358.836, 2021-06-16T10:46:09.3961540+08:00, 0, -0.07588875, 4.17663, 1, 1, 1, False
358.843, 2021-06-16T10:46:09.4030400+08:00, 0, -0.07588875, 4.17663, 1, 1, 1, False
358.8517, 2021-06-16T10:46:09.4118770+08:00, 0, -0.07588875, 4.17663, 1, 1, 1, False
358.8596, 2021-06-16T10:46:09.4196830+08:00, 0, -0.07588875, 4.17663, 1, 1, 1, False
358.8671, 2021-06-16T10:46:09.4272790+08:00, 0, -0.07588875, 4.17663, 1, 1, 1, False
358.8762, 2021-06-16T10:46:09.4362340+08:00, 0, -0.07588875, 4.17663, 1, 1, 1, False
358.884, 2021-06-16T10:46:09.4441000+08:00, 0, -0.07588875, 4.17663, 1, 1, 1, False
358.8909, 2021-06-16T10:46:09.4509360+08:00, 0, -0.07588875, 4.17663, 1, 1, 1, False
358.899, 2021-06-16T10:46:09.4590980+08:00, 0, -0.07588875, 4.17663, 1, 1, 1, False
358.9081, 2021-06-16T10:46:09.4681630+08:00, 0, -0.07588875, 4.17663, 1, 1, 1, False
358.916, 2021-06-16T10:46:09.4760240+08:00, 0, -0.07588875, 4.17663, 1, 1, 1, False
358.9228, 2021-06-16T10:46:09.4828520+08:00, 0, -0.07588875, 4.17663, 1, 1, 1, False
358.9322, 2021-06-16T10:46:09.4922000+08:00, 0, -0.07588875, 4.17663, 1, 1, 1, False
358.9397, 2021-06-16T10:46:09.4997820+08:00, 0, -0.07588875, 4.17663, 1, 1, 1, False
358.948, 2021-06-16T10:46:09.5080220+08:00, 0, -0.07588875, 4.17663, 1, 1, 1, False
358.955, 2021-06-16T10:46:09.5150520+08:00, 0, -0.07588875, 4.17663, 1, 1, 1, False
358.964, 2021-06-16T10:46:09.5240630+08:00, 0, -0.07588875, 4.17663, 1, 1, 1, False
358.9722, 2021-06-16T10:46:09.5322680+08:00, 0, -0.07588875, 4.17663, 1, 1, 1, False
358.9789, 2021-06-16T10:46:09.5389550+08:00, 0, -0.07588875, 4.17663, 1, 1, 1, False
358.9882, 2021-06-16T10:46:09.5483030+08:00, 0, -0.07588875, 4.17663, 1, 1, 1, False
358.9963, 2021-06-16T10:46:09.5563970+08:00, 0, -0.07588875, 4.17663, 1, 1, 1, False
359.0031, 2021-06-16T10:46:09.5631340+08:00, 0, -0.07588875, 4.17663, 1, 1, 1, False
359.0129, 2021-06-16T10:46:09.5729970+08:00, 0, -0.07588875, 4.17663, 1, 1, 1, False
359.0198, 2021-06-16T10:46:09.5798630+08:00, 0, -0.07588875, 4.17663, 1, 1, 1, False
359.0286, 2021-06-16T10:46:09.5886820+08:00, 0, -0.07588875, 4.17663, 1, 1, 1, False
359.0766, 2021-06-16T10:46:09.6366560+08:00, 0, -0.07588875, 4.17663, 1, 1, 1, False
359.0838, 2021-06-16T10:46:09.6438420+08:00, 0, -0.07588875, 4.17663, 1, 1, 1, False
359.0911, 2021-06-16T10:46:09.6511610+08:00, 0, -0.07588875, 4.17663, 1, 1, 1, False
359.0995, 2021-06-16T10:46:09.6595420+08:00, 0, -0.07588875, 4.17663, 1, 1, 1, False
359.1082, 2021-06-16T10:46:09.6683030+08:00, 0, -0.07588875, 4.17663, 1, 1, 1, False
359.1148, 2021-06-16T10:46:09.6749810+08:00, 0, -0.07588875, 4.17663, 1, 1, 1, False
359.1242, 2021-06-16T10:46:09.6843330+08:00, 0, -0.07588875, 4.17663, 1, 1, 1, False
359.1315, 2021-06-16T10:46:09.6915780+08:00, 0, -0.07588875, 4.17663, 1, 1, 1, False
359.1387, 2021-06-16T10:46:09.6988890+08:00, 0, -0.07588875, 4.17663, 1, 1, 1, False
359.1481, 2021-06-16T10:46:09.7082400+08:00, 0, -0.07588875, 4.17663, 1, 1, 1, False
359.1563, 2021-06-16T10:46:09.7164770+08:00, 0, -0.07588875, 4.17663, 1, 1, 1, False
359.1626, 2021-06-16T10:46:09.7226840+08:00, 0, -0.07588875, 4.17663, 1, 1, 1, False
359.1711, 2021-06-16T10:46:09.7312280+08:00, 0, -0.07588875, 4.17663, 1, 1, 1, False
359.1799, 2021-06-16T10:46:09.7399200+08:00, 0, -0.07588875, 4.17663, 1, 1, 1, False
359.1879, 2021-06-16T10:46:09.7479650+08:00, 0, -0.07588875, 4.17663, 1, 1, 1, False
359.1956, 2021-06-16T10:46:09.7556650+08:00, 0, -0.07588875, 4.17663, 1, 1, 1, False
359.2027, 2021-06-16T10:46:09.7627300+08:00, 0, -0.07588875, 4.17663, 1, 1, 1, False
359.2124, 2021-06-16T10:46:09.7724770+08:00, 0, -0.07588875, 4.17663, 1, 1, 1, False
359.2239, 2021-06-16T10:46:09.7840020+08:00, 0, -0.07588875, 4.17663, 1, 1, 1, False
359.2316, 2021-06-16T10:46:09.7916690+08:00, 0, -0.07588875, 4.17663, 1, 1, 1, False
359.2388, 2021-06-16T10:46:09.7988230+08:00, 0, -0.07588875, 4.17663, 1, 1, 1, False
359.2477, 2021-06-16T10:46:09.8078610+08:00, 0, -0.07588875, 4.17663, 1, 1, 1, False
359.2562, 2021-06-16T10:46:09.8162430+08:00, 0, -0.07588875, 4.17663, 1, 1, 1, False
359.2637, 2021-06-16T10:46:09.8237520+08:00, 0, -0.07588875, 4.17663, 1, 1, 1, False
359.2709, 2021-06-16T10:46:09.8309920+08:00, 0, -0.07588875, 4.17663, 1, 1, 1, False
359.2798, 2021-06-16T10:46:09.8398230+08:00, 0, -0.07588875, 4.17663, 1, 1, 1, False
359.2879, 2021-06-16T10:46:09.8479810+08:00, 0, -0.07588875, 4.17663, 1, 1, 1, False
359.2948, 2021-06-16T10:46:09.8548540+08:00, 0, -0.07588875, 4.17663, 1, 1, 1, False
359.304, 2021-06-16T10:46:09.8640740+08:00, 0, -0.07588875, 4.17663, 1, 1, 1, False
359.3121, 2021-06-16T10:46:09.8721540+08:00, 0, -0.07588875, 4.17663, 1, 1, 1, False
359.3206, 2021-06-16T10:46:09.8807150+08:00, 0, -0.07588875, 4.17663, 1, 1, 1, False
359.3756, 2021-06-16T10:46:09.9356840+08:00, 0, -0.07588875, 4.17663, 1, 1, 1, False
359.3828, 2021-06-16T10:46:09.9428620+08:00, 0, -0.07588875, 4.17663, 1, 1, 1, False
359.3921, 2021-06-16T10:46:09.9521710+08:00, 0, -0.07588875, 4.17663, 1, 1, 1, False
359.4002, 2021-06-16T10:46:09.9602640+08:00, 0, -0.07588875, 4.17663, 1, 1, 1, False
359.4066, 2021-06-16T10:46:09.9667180+08:00, 0, -0.07588875, 4.17663, 1, 1, 1, False
359.416, 2021-06-16T10:46:09.9760660+08:00, 0, -0.07588875, 4.17663, 1, 1, 1, False
359.424, 2021-06-16T10:46:09.9841300+08:00, 0, -0.07588875, 4.17663, 1, 1, 1, False
359.4323, 2021-06-16T10:46:09.9924060+08:00, 0, -0.07588875, 4.17663, 1, 1, 1, False
359.4392, 2021-06-16T10:46:09.9992320+08:00, 0, -0.07588875, 4.17663, 1, 1, 1, False
359.4467, 2021-06-16T10:46:10.0069000+08:00, 0, -0.07588875, 4.17663, 1, 1, 1, False
359.4552, 2021-06-16T10:46:10.0152170+08:00, 0, -0.07588875, 4.17663, 1, 1, 1, False
359.4629, 2021-06-16T10:46:10.0230180+08:00, 0, -0.07588875, 4.17663, 1, 1, 1, False
359.4722, 2021-06-16T10:46:10.0322500+08:00, 0, -0.07588875, 4.17663, 1, 1, 1, False
359.5722, 2021-06-16T10:46:10.2911510+08:00, 0, -0.07588875, 4.17663, 1, 1, 1, False
359.5801, 2021-06-16T10:46:10.2989550+08:00, 0, -0.07588875, 4.17663, 1, 1, 1, False
359.584, 2021-06-16T10:46:10.3028520+08:00, 0, -0.07588875, 4.17663, 1, 1, 1, False
359.5898, 2021-06-16T10:46:10.3088100+08:00, 0, -0.07588875, 4.17663, 1, 1, 1, False
359.5965, 2021-06-16T10:46:10.3154010+08:00, 0, -0.07588875, 4.17663, 1, 1, 1, False
359.6042, 2021-06-16T10:46:10.3231350+08:00, 0, -0.07588875, 4.17663, 1, 1, 1, False
359.608, 2021-06-16T10:46:10.3268510+08:00, 0, -0.07588875, 4.17663, 1, 1, 1, False
359.6176, 2021-06-16T10:46:10.3364440+08:00, 0, -0.07588875, 4.17663, 1, 1, 1, False
359.6269, 2021-06-16T10:46:10.3458210+08:00, 0, -0.07588875, 4.17663, 1, 1, 1, False
359.6374, 2021-06-16T10:46:10.3562290+08:00, 0, -0.07588875, 4.17663, 1, 1, 1, False
359.6478, 2021-06-16T10:46:10.3667750+08:00, 0, -0.07588875, 4.17663, 1, 1, 1, False
359.6568, 2021-06-16T10:46:10.3758160+08:00, 0, -0.07588875, 4.17663, 1, 1, 1, False
359.667, 2021-06-16T10:46:10.3859650+08:00, 0, -0.07588875, 4.17663, 1, 1, 1, False
359.6766, 2021-06-16T10:46:10.3954490+08:00, 0, -0.07588875, 4.17663, 1, 1, 1, False
359.6868, 2021-06-16T10:46:10.4057570+08:00, 0, -0.07588875, 4.17663, 1, 1, 1, False
359.6969, 2021-06-16T10:46:10.4157830+08:00, 0, -0.07588875, 4.17663, 1, 1, 1, False
359.7063, 2021-06-16T10:46:10.4252020+08:00, 0, -0.07588875, 4.17663, 1, 1, 1, False
359.7162, 2021-06-16T10:46:10.4351060+08:00, 0, -0.07588875, 4.17663, 1, 1, 1, False
359.7686, 2021-06-16T10:46:10.4876830+08:00, 0, -0.07588875, 4.17663, 1, 1, 1, False
359.7762, 2021-06-16T10:46:10.4951330+08:00, 0, -0.07588875, 4.17663, 1, 1, 1, False
359.7802, 2021-06-16T10:46:10.4991760+08:00, 0, -0.07588875, 4.17663, 1, 1, 1, False
359.784, 2021-06-16T10:46:10.5028540+08:00, 0, -0.07588875, 4.17663, 1, 1, 1, False
359.7878, 2021-06-16T10:46:10.5067290+08:00, 0, -0.07588875, 4.17663, 1, 1, 1, False
359.7921, 2021-06-16T10:46:10.5109340+08:00, 0, -0.07588875, 4.17663, 1, 1, 1, False
359.8008, 2021-06-16T10:46:10.5197510+08:00, 0, -0.07588875, 4.17663, 1, 1, 1, False
359.8104, 2021-06-16T10:46:10.5293520+08:00, 0, -0.07588875, 4.17663, 1, 1, 1, False
359.8194, 2021-06-16T10:46:10.5382590+08:00, 0, -0.07588875, 4.17663, 1, 1, 1, False
359.8304, 2021-06-16T10:46:10.5494230+08:00, 0, -0.07588875, 4.17663, 1, 1, 1, False
359.8399, 2021-06-16T10:46:10.5588200+08:00, 0, -0.07588875, 4.17663, 1, 1, 1, False
359.8502, 2021-06-16T10:46:10.5691240+08:00, 0, -0.07588875, 4.17663, 1, 1, 1, False
359.8599, 2021-06-16T10:46:10.5788050+08:00, 0, -0.07588875, 4.17663, 1, 1, 1, False
359.8698, 2021-06-16T10:46:10.5887620+08:00, 0, -0.07588875, 4.17663, 1, 1, 1, False
359.8795, 2021-06-16T10:46:10.5984130+08:00, 0, -0.07588875, 4.17663, 1, 1, 1, False
359.8889, 2021-06-16T10:46:10.6078780+08:00, 0, -0.07588875, 4.17663, 1, 1, 1, False
359.899, 2021-06-16T10:46:10.6178650+08:00, 0, -0.07588875, 4.17663, 1, 1, 1, False
359.908, 2021-06-16T10:46:10.6268380+08:00, 0, -0.07588875, 4.17663, 1, 1, 1, False
359.9176, 2021-06-16T10:46:10.6365080+08:00, 0, -0.07588875, 4.17